HIERARCHY
ROOT Hips
{
 OFFSET 0.000000 0.000000 0.000000
 CHANNELS 6 Xposition Yposition Zposition Yrotation Xrotation Zrotation
 JOINT Chest
 {
  OFFSET 0.000000 0.108577 -0.012064
  CHANNELS 3 Yrotation Xrotation Zrotation
  JOINT Chest2
  {
   OFFSET 0.000000 0.114566 0.000000
   CHANNELS 3 Yrotation Xrotation Zrotation
   JOINT Chest3
   {
    OFFSET 0.000000 0.104586 0.000080
    CHANNELS 3 Yrotation Xrotation Zrotation
    JOINT Chest4
    {
     OFFSET 0.000000 0.104469 0.000080
     CHANNELS 3 Yrotation Xrotation Zrotation
     JOINT Neck
     {
      OFFSET 0.000000 0.145826 0.000000
      CHANNELS 3 Yrotation Xrotation Zrotation
      JOINT Head
      {
       OFFSET 0.000000 0.094497 0.000047
       CHANNELS 3 Yrotation Xrotation Zrotation
       End Site
       {
        OFFSET 0.000000 0.173326 0.000036
       }
      }
     }
     JOINT RightCollar
     {
      OFFSET -0.031213 0.081695 0.000000
      CHANNELS 3 Yrotation Xrotation Zrotation
      JOINT RightShoulder
      {
       OFFSET -0.143577 0.000000 0.000000
       CHANNELS 3 Yrotation Xrotation Zrotation
       JOINT RightElbow
       {
        OFFSET -0.272032 0.000000 0.000000
        CHANNELS 3 Yrotation Xrotation Zrotation
        JOINT RightWrist
        {
         OFFSET -0.263092 0.000000 0.000091
         CHANNELS 3 Yrotation Xrotation Zrotation
         End Site
         {
          OFFSET -0.190430 0.000000 0.000000
         }
        }
       }
      }
     }
     JOINT LeftCollar
     {
      OFFSET 0.031213 0.081695 0.000000
      CHANNELS 3 Yrotation Xrotation Zrotation
      JOINT LeftShoulder
      {
       OFFSET 0.143577 0.000000 0.000000
       CHANNELS 3 Yrotation Xrotation Zrotation
       JOINT LeftElbow
       {
        OFFSET 0.272032 0.000000 0.000000
        CHANNELS 3 Yrotation Xrotation Zrotation
        JOINT LeftWrist
        {
         OFFSET 0.263092 0.000000 0.000091
         CHANNELS 3 Yrotation Xrotation Zrotation
         End Site
         {
          OFFSET 0.190430 0.000000 0.000000
         }
        }
       }
      }
     }
    }
   }
  }
 }
 JOINT RightHip
 {
  OFFSET -0.088949 -0.000184 0.000020
  CHANNELS 3 Yrotation Xrotation Zrotation
  JOINT RightKnee
  {
   OFFSET 0.000000 -0.415103 -0.000022
   CHANNELS 3 Yrotation Xrotation Zrotation
   JOINT RightAnkle
   {
    OFFSET 0.000000 -0.448133 -0.000277
    CHANNELS 3 Yrotation Xrotation Zrotation
    JOINT RightToe
    {
     OFFSET 0.000000 -0.076810 0.182379
     CHANNELS 3 Yrotation Xrotation Zrotation
     End Site
     {
      OFFSET 0.000000 -0.017923 0.081176
     }
    }
   }
  }
 }
 JOINT LeftHip
 {
  OFFSET 0.088949 -0.000208 0.000023
  CHANNELS 3 Yrotation Xrotation Zrotation
  JOINT LeftKnee
  {
   OFFSET 0.000000 -0.415103 -0.000022
   CHANNELS 3 Yrotation Xrotation Zrotation
   JOINT LeftAnkle
   {
    OFFSET 0.000000 -0.448133 -0.000277
    CHANNELS 3 Yrotation Xrotation Zrotation
    JOINT LeftToe
    {
     OFFSET 0.000000 -0.076810 0.182379
     CHANNELS 3 Yrotation Xrotation Zrotation
     End Site
     {
      OFFSET 0.000000 -0.017923 0.081176
     }
    }
   }
  }
 }
}
MOTION
Frames: 513
Frame Time: 0.016667
0.537748 0.957149 0.585514 4.308597 3.497109 -0.045470 0.895467 -0.294998 0.769485 0.363509 -5.955862 0.344419 0.361509 -0.135547 0.381321 0.300431 5.735177 0.287534 -0.721742 14.665342 0.198264 -1.430067 -8.787649 0.647687 -0.404922 9.276191 8.948798 -13.723961 -21.076724 74.685123 20.389658 59.667017 15.581106 0.936619 13.629716 -5.298280 0.183037 7.090744 -8.281811 9.571997 -17.963131 -76.477797 -28.739938 65.066877 -22.257819 -5.835452 13.190308 4.616824 -6.395639 0.518317 -0.304262 0.735871 0.732951 -0.372073 -2.313872 -4.456936 -0.148105 0.000000 -0.000000 0.000000 4.157973 -0.900284 0.730890 -1.628756 1.342726 0.507986 0.533708 -3.589819 -0.914821 0.001538 -0.357427 -0.493058
0.537702 0.957155 0.585787 4.329757 3.528683 -0.039740 0.870900 -0.388888 0.760745 0.353116 -5.997651 0.340700 0.351146 -0.177329 0.376546 0.292318 5.703833 0.283940 -0.730080 14.743807 0.216000 -1.451532 -8.641579 0.683049 -0.377703 9.336480 8.894192 -13.577814 -21.033315 74.723952 20.401717 59.563451 15.563968 0.934134 13.627119 -5.308110 0.179799 7.120127 -8.227555 9.591197 -17.902625 -76.473656 -28.900842 65.123186 -22.433742 -5.842123 13.184307 4.605905 -6.386161 0.505997 -0.300155 0.707232 0.732316 -0.376056 -2.316326 -4.464691 -0.152361 0.000000 -0.000000 -0.000000 4.122779 -0.938635 0.735436 -1.614696 1.385025 0.497756 0.547633 -3.625212 -0.919093 0.001530 -0.356924 -0.491068
0.537690 0.957200 0.586090 4.351288 3.564460 -0.030505 0.847142 -0.489957 0.750169 0.343170 -6.042631 0.336165 0.341228 -0.222303 0.371001 0.284481 5.670095 0.279766 -0.732188 14.830205 0.234238 -1.461356 -8.480842 0.716823 -0.346836 9.387848 8.838550 -13.472896 -20.978189 74.755888 20.492677 59.486797 15.618954 0.932773 13.625666 -5.315577 0.158373 7.144663 -8.171989 9.602896 -17.826360 -76.465088 -29.053547 65.185217 -22.600614 -5.848732 13.180196 4.591361 -6.384019 0.493133 -0.302646 0.686130 0.726647 -0.377647 -2.319300 -4.467102 -0.155621 0.000000 -0.000000 -0.000000 4.109749 -0.970198 0.730786 -1.616675 1.410477 0.494707 0.549271 -3.654827 -0.924619 0.001521 -0.356414 -0.488988
0.537733 0.957314 0.586439 4.371658 3.604667 -0.014128 0.825634 -0.599817 0.736268 0.334379 -6.091521 0.330153 0.332457 -0.271188 0.364098 0.277401 5.633425 0.274567 -0.728118 14.926560 0.252720 -1.459522 -8.301689 0.748536 -0.308762 9.432031 8.782233 -13.439850 -20.911227 74.781031 20.707786 59.458079 15.789332 0.932924 13.626818 -5.319634 0.109550 7.166391 -8.116330 9.604590 -17.729800 -76.453115 -29.182705 65.256933 -22.741038 -5.854094 13.179937 4.574942 -6.395721 0.481333 -0.318411 0.680727 0.712606 -0.374079 -2.323004 -4.461508 -0.157633 0.000000 -0.000000 -0.000000 4.134423 -0.986978 0.708206 -1.643768 1.406510 0.506163 0.529069 -3.676335 -0.933133 0.001503 -0.353786 -0.486938
0.537809 0.957467 0.586818 4.392411 3.649071 0.005758 0.804975 -0.716860 0.720527 0.326050 -6.143604 0.323323 0.324146 -0.323266 0.356422 0.270607 5.594360 0.268787 -0.717790 15.030837 0.271802 -1.446057 -8.107899 0.778882 -0.266960 9.467310 8.724981 -13.447827 -20.832348 74.798813 21.002022 59.455321 16.032277 0.934215 13.629091 -5.321315 0.042445 7.183347 -8.059623 9.598834 -17.617457 -76.436993 -29.303783 65.334486 -22.872556 -5.859454 13.181560 4.554882 -6.414770 0.468988 -0.340747 0.682861 0.693532 -0.368132 -2.327228 -4.450569 -0.158648 -0.000000 -0.000000 -0.000000 4.181243 -0.996912 0.676354 -1.686884 1.385693 0.524815 0.496580 -3.692073 -0.942875 0.001486 -0.351150 -0.484800
0.537892 0.957602 0.587192 4.412868 3.693552 0.024238 0.786193 -0.832352 0.705302 0.318523 -6.194992 0.316712 0.316634 -0.374650 0.349047 0.264434 5.555816 0.263234 -0.697597 15.133027 0.291632 -1.414419 -7.918107 0.806956 -0.227003 9.485529 8.670092 -13.465039 -20.742661 74.805654 21.322785 59.452219 16.293011 0.937253 13.630220 -5.320922 -0.028137 7.193025 -8.002864 9.587099 -17.507018 -76.416699 -29.417562 65.404811 -22.995779 -5.865407 13.183879 4.529670 -6.438723 0.455812 -0.362166 0.688177 0.675379 -0.362402 -2.328961 -4.439606 -0.158526 0.000000 0.000000 -0.000000 4.232936 -1.005446 0.646409 -1.735922 1.360357 0.540889 0.466417 -3.699633 -0.949745 0.001493 -0.353755 -0.483608
0.537972 0.957696 0.587547 4.434569 3.737490 0.038871 0.769447 -0.943686 0.691815 0.311814 -6.244525 0.310863 0.309936 -0.424179 0.342518 0.258935 5.518665 0.258317 -0.665944 15.228265 0.312885 -1.361966 -7.741362 0.833537 -0.191394 9.474246 8.617037 -13.483345 -20.632084 74.797696 21.667145 59.440019 16.565618 0.943634 13.628900 -5.314492 -0.099469 7.189713 -7.943886 9.567412 -17.399232 -76.394129 -29.519190 65.465146 -23.107713 -5.873098 13.187132 4.493251 -6.475273 0.441393 -0.379984 0.700225 0.659276 -0.356710 -2.325135 -4.429098 -0.156798 -0.000000 -0.000000 0.000000 4.288303 -1.015449 0.622944 -1.793326 1.334177 0.550678 0.443174 -3.696964 -0.951757 0.001543 -0.364724 -0.483986
0.538060 0.957771 0.587898 4.455969 3.781506 0.052097 0.754558 -1.053465 0.678828 0.305899 -6.293362 0.305230 0.304031 -0.473013 0.336284 0.254052 5.482035 0.253623 -0.624383 15.321392 0.335072 -1.291376 -7.568659 0.858259 -0.157636 9.445906 8.566282 -13.510790 -20.510671 74.778688 22.037786 59.427054 16.855764 0.951759 13.626386 -5.306011 -0.174304 7.179124 -7.884824 9.541748 -17.293326 -76.367471 -29.613122 65.518305 -23.210941 -5.881460 13.191054 4.451668 -6.516725 0.426134 -0.396863 0.715455 0.644092 -0.351240 -2.318815 -4.418565 -0.153933 -0.000000 0.000000 0.000000 4.348547 -1.024059 0.601375 -1.856656 1.303482 0.557903 0.422255 -3.686111 -0.950904 0.001619 -0.380933 -0.485309
0.538151 0.957835 0.588250 4.471756 3.823346 0.066312 0.742024 -1.160775 0.665018 0.301058 -6.341099 0.299222 0.299194 -0.520747 0.329785 0.249947 5.446231 0.248730 -0.574007 15.416953 0.356605 -1.204089 -7.391555 0.878544 -0.123896 9.429668 8.522574 -13.539991 -20.409788 74.756714 22.389839 59.413547 17.125264 0.957412 13.624332 -5.307709 -0.245947 7.175835 -7.832991 9.517433 -17.204700 -76.330876 -29.713829 65.559558 -23.314122 -5.887662 13.193731 4.421569 -6.537547 0.410992 -0.413387 0.718868 0.632400 -0.349112 -2.316191 -4.411886 -0.151198 -0.000000 0.000000 0.000000 4.400023 -1.028180 0.579192 -1.908473 1.269584 0.563904 0.404488 -3.670807 -0.949057 0.001692 -0.398266 -0.486744
0.538246 0.957886 0.588601 4.480060 3.859738 0.083068 0.731328 -1.261813 0.649650 0.297086 -6.386048 0.292505 0.295224 -0.565694 0.322665 0.246442 5.412518 0.243368 -0.510991 15.511009 0.377260 -1.092954 -7.217411 0.892651 -0.084844 9.444693 8.488599 -13.558065 -20.350388 74.733238 22.710296 59.391884 17.355658 0.959130 13.624523 -5.323245 -0.312447 7.189871 -7.792379 9.493346 -17.148015 -76.278385 -29.838591 65.585440 -23.430391 -5.891256 13.194921 4.409271 -6.518363 0.397886 -0.429533 0.698846 0.626473 -0.353224 -2.323618 -4.412087 -0.149307 -0.000000 -0.000000 -0.000000 4.434179 -1.025995 0.555082 -1.938570 1.235550 0.569079 0.389897 -3.652150 -0.946853 0.001754 -0.416207 -0.488017
0.538345 0.957927 0.588953 4.482750 3.893959 0.100798 0.722999 -1.360384 0.633476 0.294190 -6.429898 0.285423 0.292323 -0.609542 0.315290 0.243718 5.379629 0.237816 -0.439107 15.607482 0.397401 -0.965136 -7.038879 0.902655 -0.045916 9.471807 8.461683 -13.577908 -20.311520 74.706803 23.012068 59.370121 17.565325 0.958359 13.625287 -5.348944 -0.375623 7.211164 -7.758966 9.470495 -17.108537 -76.215721 -29.969616 65.599365 -23.546035 -5.892541 13.194916 4.408471 -6.478546 0.384927 -0.445397 0.667006 0.624041 -0.360659 -2.334743 -4.416139 -0.147540 -0.000000 0.000000 0.000000 4.459557 -1.019346 0.530404 -1.957156 1.198309 0.573008 0.378460 -3.629041 -0.943655 0.001813 -0.435271 -0.489401
0.538452 0.957971 0.589321 4.480123 3.933575 0.117202 0.719107 -1.466991 0.617411 0.293263 -6.477312 0.278414 0.291378 -0.656956 0.308187 0.242483 5.344066 0.232473 -0.370839 15.722723 0.416287 -0.843512 -6.825440 0.911622 -0.021438 9.482663 8.438481 -13.630792 -20.261727 74.680971 23.290029 59.372279 17.772372 0.955240 13.623159 -5.386028 -0.434427 7.224134 -7.728029 9.459406 -17.057617 -76.154475 -30.068775 65.607025 -23.629497 -5.889723 13.192643 4.416885 -6.450687 0.367345 -0.461736 0.643200 0.620854 -0.365824 -2.336691 -4.418841 -0.145010 0.000000 0.000000 0.000000 4.488138 -1.010616 0.506674 -1.977422 1.149967 0.575815 0.370934 -3.601919 -0.939423 0.001858 -0.452887 -0.490878
0.538578 0.958025 0.589724 4.469387 3.983720 0.130659 0.722025 -1.591199 0.602044 0.295343 -6.532539 0.271768 0.293416 -0.712184 0.301752 0.243541 5.302646 0.227638 -0.306911 15.876781 0.435042 -0.729666 -6.539843 0.921754 -0.022831 9.460293 8.420780 -13.744872 -20.183820 74.651539 23.561493 59.418802 18.007172 0.948287 13.615152 -5.443726 -0.486013 7.222333 -7.700019 9.460929 -16.979537 -76.097115 -30.102402 65.608643 -23.651190 -5.879676 13.186692 4.439946 -6.446527 0.339899 -0.478816 0.633314 0.618254 -0.366029 -2.320937 -4.419586 -0.141241 0.000000 -0.000000 0.000000 4.522799 -0.997902 0.483617 -2.002688 1.080020 0.579307 0.370642 -3.568593 -0.934241 0.001885 -0.467758 -0.492678
0.538712 0.958082 0.590143 4.453334 4.039265 0.142774 0.729385 -1.723438 0.586784 0.299389 -6.591329 0.265201 0.297406 -0.770976 0.295596 0.246085 5.258552 0.223017 -0.246523 16.049610 0.452661 -0.621948 -6.219341 0.931129 -0.038736 9.421669 8.406594 -13.891695 -20.095155 74.621780 23.811044 59.489192 18.241525 0.939016 13.604306 -5.512824 -0.533249 7.212180 -7.674441 9.474202 -16.890096 -76.041063 -30.103935 65.604224 -23.640539 -5.865478 13.178517 4.472217 -6.454326 0.307800 -0.496317 0.631466 0.614896 -0.363973 -2.296003 -4.418986 -0.136722 -0.000000 0.000000 -0.000000 4.560652 -0.983109 0.461489 -2.029640 0.998974 0.581709 0.374265 -3.531254 -0.928024 0.001899 -0.481180 -0.494571
0.538829 0.958145 0.590545 4.440642 4.092376 0.156107 0.736143 -1.845507 0.570764 0.303180 -6.645602 0.258276 0.301143 -0.825251 0.289056 0.248405 5.217846 0.218107 -0.199958 16.197451 0.464932 -0.538365 -5.945145 0.935971 -0.049222 9.389351 8.386968 -14.017828 -20.015928 74.607016 23.983670 59.546562 18.404773 0.932042 13.596093 -5.566878 -0.583721 7.197426 -7.645151 9.507207 -16.807990 -75.990297 -30.136089 65.599129 -23.654712 -5.854689 13.171314 4.495109 -6.471448 0.281931 -0.514096 0.639862 0.602499 -0.362151 -2.274585 -4.413666 -0.132003 -0.000000 0.000000 -0.000000 4.605049 -0.974306 0.442579 -2.061509 0.930441 0.577764 0.372600 -3.496916 -0.920478 0.001904 -0.494478 -0.495855
0.538910 0.958217 0.590919 4.436534 4.140767 0.172788 0.739615 -1.950482 0.552865 0.305564 -6.692285 0.250468 0.303487 -0.871936 0.281490 0.249596 5.182832 0.212422 -0.171747 16.303199 0.468459 -0.486240 -5.749006 0.931610 -0.045947 9.371066 8.356851 -14.109058 -19.953550 74.623612 24.039893 59.577795 18.452071 0.929146 13.592474 -5.597754 -0.643263 7.177466 -7.608299 9.583965 -16.741441 -75.950360 -30.236785 65.599803 -23.728638 -5.850816 13.166110 4.498788 -6.508012 0.268143 -0.533523 0.669368 0.573428 -0.360093 -2.261814 -4.400108 -0.127604 -0.000000 -0.000000 -0.000000 4.658295 -0.976844 0.429333 -2.100238 0.885808 0.561405 0.359558 -3.467871 -0.910555 0.001892 -0.507875 -0.495846
0.538972 0.958294 0.591275 4.435789 4.186721 0.190702 0.742479 -2.045285 0.534186 0.307692 -6.734450 0.242291 0.305579 -0.914101 0.273530 0.250565 5.151207 0.206441 -0.157470 16.383994 0.466255 -0.458237 -5.599114 0.921827 -0.037189 9.359088 8.321380 -14.179948 -19.900420 74.655945 24.017825 59.596948 18.426638 0.928537 13.591373 -5.613571 -0.706068 7.152933 -7.567706 9.680378 -16.682289 -75.915348 -30.368153 65.599575 -23.827459 -5.850390 13.161838 4.493094 -6.553909 0.260568 -0.553206 0.709113 0.535313 -0.358295 -2.252558 -4.381826 -0.122996 0.000000 -0.000000 -0.000000 4.718113 -0.985361 0.419281 -2.143869 0.853682 0.538678 0.341234 -3.441822 -0.899301 0.001870 -0.521147 -0.495228
0.539045 0.958361 0.591614 4.431423 4.229263 0.206052 0.747721 -2.132487 0.517192 0.310793 -6.773231 0.234866 0.308638 -0.952884 0.266420 0.252322 5.122120 0.201100 -0.154068 16.447449 0.463537 -0.450413 -5.481322 0.915109 -0.027915 9.352786 8.286975 -14.220425 -19.854087 74.672148 23.977801 59.608156 18.388768 0.929417 13.592172 -5.612264 -0.762236 7.129429 -7.528715 9.732325 -16.624593 -75.872440 -30.478908 65.584212 -23.903306 -5.850525 13.158535 4.488948 -6.576152 0.252541 -0.568925 0.728697 0.502766 -0.360669 -2.244123 -4.365989 -0.117148 0.000000 0.000000 -0.000000 4.780985 -0.991854 0.407357 -2.189782 0.823496 0.522473 0.326699 -3.418902 -0.889565 0.001868 -0.534944 -0.495349
0.539134 0.958414 0.591936 4.419764 4.267969 0.217330 0.758123 -2.213129 0.502356 0.316084 -6.809087 0.228420 0.313874 -0.988743 0.260512 0.255804 5.095226 0.196669 -0.161359 16.497119 0.462934 -0.463302 -5.389021 0.916211 -0.020020 9.351729 8.255221 -14.215126 -19.810770 74.656540 23.932334 59.606261 18.353566 0.932664 13.595395 -5.583741 -0.810069 7.107019 -7.492340 9.698182 -16.561063 -75.811168 -30.544654 65.541819 -23.931533 -5.850443 13.156329 4.490648 -6.550692 0.241411 -0.577002 0.707374 0.482042 -0.372039 -2.237280 -4.355653 -0.109078 -0.000000 -0.000000 -0.000000 4.850671 -0.992674 0.390680 -2.240470 0.790648 0.519556 0.319223 -3.399189 -0.882929 0.001896 -0.549341 -0.497191
0.539232 0.958458 0.592241 4.404473 4.303265 0.226035 0.770878 -2.286170 0.489205 0.322339 -6.841560 0.222729 0.320068 -1.021220 0.255456 0.260070 5.070870 0.192882 -0.179581 16.529461 0.461699 -0.496397 -5.328800 0.920124 -0.011647 9.356351 8.224523 -14.179423 -19.774259 74.625164 23.868870 59.596421 18.305920 0.937449 13.600517 -5.538088 -0.851208 7.085603 -7.457484 9.619742 -16.498823 -75.742679 -30.589297 65.484515 -23.936204 -5.850923 13.155096 4.493894 -6.501567 0.229863 -0.581198 0.665892 0.466888 -0.387536 -2.231257 -4.347762 -0.099770 0.000000 -0.000000 -0.000000 4.923400 -0.991469 0.372144 -2.293447 0.759748 0.523174 0.315528 -3.382611 -0.877810 0.001943 -0.564263 -0.499773
0.539344 0.958495 0.592522 4.389556 4.335464 0.232877 0.780569 -2.351064 0.478797 0.327113 -6.870411 0.218238 0.324792 -1.050073 0.251451 0.263313 5.049231 0.189882 -0.206292 16.541443 0.457040 -0.544206 -5.306328 0.920826 -0.002169 9.367308 8.196499 -14.149232 -19.753512 74.593510 23.810285 59.598155 18.260968 0.940364 13.605353 -5.503528 -0.880714 7.070501 -7.426299 9.558002 -16.453646 -75.686520 -30.633973 65.434205 -23.942488 -5.851423 13.154517 4.496711 -6.467918 0.219264 -0.588445 0.636096 0.453165 -0.396513 -2.221049 -4.340329 -0.091142 -0.000000 -0.000000 0.000000 4.984349 -0.991210 0.355374 -2.338619 0.734049 0.525932 0.314855 -3.369072 -0.872303 0.002003 -0.580139 -0.501499
0.539474 0.958529 0.592774 4.375481 4.365120 0.237949 0.785588 -2.406897 0.471963 0.329659 -6.895233 0.215309 0.327306 -1.074897 0.248780 0.265001 5.030613 0.187883 -0.243984 16.527316 0.446739 -0.610629 -5.332281 0.915150 0.009271 9.382631 8.170789 -14.138300 -19.752459 74.565609 23.769553 59.627877 18.230733 0.939469 13.609484 -5.492153 -0.894731 7.062412 -7.398482 9.537072 -16.433615 -75.652197 -30.689199 65.404622 -23.963395 -5.851703 13.155150 4.497541 -6.466362 0.209397 -0.603288 0.630918 0.439086 -0.391885 -2.202154 -4.331947 -0.084397 -0.000000 -0.000000 -0.000000 5.022173 -0.994909 0.342540 -2.366792 0.717329 0.523266 0.317961 -3.359233 -0.865011 0.002075 -0.597624 -0.501359
0.539618 0.958557 0.593003 4.361776 4.391677 0.241161 0.787526 -2.454585 0.467886 0.330719 -6.916433 0.213582 0.328346 -1.096098 0.247161 0.265664 5.014713 0.186672 -0.290149 16.492816 0.433034 -0.691764 -5.396013 0.906347 0.021774 9.404281 8.147746 -14.132866 -19.767190 74.537302 23.733724 59.669170 18.203184 0.936658 13.613329 -5.491876 -0.897042 7.060612 -7.374249 9.532811 -16.430783 -75.629882 -30.744763 65.381987 -23.986286 -5.852012 13.156436 4.497936 -6.480287 0.200463 -0.621134 0.637424 0.426444 -0.380754 -2.179076 -4.324022 -0.078334 0.000000 0.000000 0.000000 5.048223 -0.999584 0.331501 -2.387159 0.705805 0.519720 0.324090 -3.352435 -0.857333 0.002160 -0.616064 -0.500362
0.539758 0.958574 0.593219 4.351049 4.413774 0.242954 0.785773 -2.496329 0.465147 0.330082 -6.934993 0.212424 0.327703 -1.114657 0.245938 0.265093 5.000793 0.185755 -0.334840 16.452142 0.419836 -0.770427 -5.471212 0.898057 0.033333 9.438808 8.130047 -14.127589 -19.794938 74.511666 23.686649 59.692314 18.157211 0.934220 13.615956 -5.494660 -0.894155 7.068291 -7.356530 9.533761 -16.437000 -75.609817 -30.790698 65.346894 -23.997889 -5.852533 13.156387 4.500588 -6.498987 0.194460 -0.635182 0.648660 0.416479 -0.373759 -2.160318 -4.318790 -0.071263 -0.000000 -0.000000 0.000000 5.081718 -0.999212 0.319400 -2.417199 0.691388 0.521571 0.330218 -3.346603 -0.851561 0.002256 -0.633924 -0.499949
0.539899 0.958574 0.593418 4.344065 4.431125 0.243415 0.779494 -2.530688 0.464327 0.327353 -6.950272 0.212085 0.324985 -1.129934 0.245323 0.263012 4.989334 0.185291 -0.377000 16.401609 0.406816 -0.844583 -5.564735 0.889344 0.046117 9.493708 8.119449 -14.117970 -19.841674 74.487383 23.622311 59.678762 18.078794 0.933719 13.617568 -5.494995 -0.886929 7.089578 -7.348375 9.534981 -16.454539 -75.589526 -30.819964 65.281098 -23.985459 -5.854261 13.154322 4.504688 -6.524884 0.190281 -0.642605 0.668785 0.411922 -0.376022 -2.149679 -4.318419 -0.062116 0.000000 -0.000000 0.000000 5.131940 -0.991160 0.302652 -2.465333 0.669573 0.534712 0.335560 -3.340687 -0.849142 0.002371 -0.650933 -0.501063
0.540037 0.958564 0.593604 4.340057 4.444015 0.242463 0.769517 -2.559103 0.464845 0.322927 -6.962909 0.212313 0.320583 -1.142569 0.245101 0.259698 4.979855 0.185119 -0.417670 16.344897 0.394365 -0.916261 -5.669735 0.881269 0.057927 9.561484 8.114168 -14.108535 -19.901438 74.465780 23.546803 59.647011 17.982046 0.933589 13.617955 -5.498392 -0.874469 7.120339 -7.346724 9.541425 -16.481133 -75.571475 -30.839624 65.202877 -23.961766 -5.856200 13.150920 4.511045 -6.555553 0.189042 -0.646233 0.693641 0.410037 -0.382429 -2.143362 -4.320738 -0.051960 0.000000 -0.000000 0.000000 5.189602 -0.978050 0.284854 -2.523146 0.644883 0.553269 0.340897 -3.335736 -0.848627 0.002498 -0.667363 -0.502761
0.540150 0.958553 0.593797 4.339333 4.451946 0.240286 0.757724 -2.588089 0.463539 0.317767 -6.975806 0.211715 0.315453 -1.155463 0.243979 0.255767 4.970182 0.184268 -0.450120 16.307284 0.387376 -0.974433 -5.739295 0.880253 0.060222 9.626193 8.111555 -14.107488 -19.953567 74.453935 23.461979 59.622928 17.887887 0.931440 13.615566 -5.513345 -0.860665 7.151365 -7.345363 9.556469 -16.501798 -75.553362 -30.860689 65.147621 -23.951641 -5.855539 13.146247 4.524779 -6.573014 0.196086 -0.647780 0.703793 0.403863 -0.388261 -2.138472 -4.321478 -0.042299 -0.000000 0.000000 0.000000 5.246074 -0.961748 0.273919 -2.582855 0.622762 0.565877 0.345561 -3.332825 -0.847959 0.002614 -0.682491 -0.503657
0.540222 0.958542 0.594016 4.344945 4.454041 0.236046 0.743186 -2.622008 0.459286 0.311510 -6.990903 0.209789 0.309233 -1.170557 0.241418 0.250907 4.958859 0.182332 -0.472111 16.304760 0.388992 -1.015885 -5.743706 0.891128 0.044680 9.682174 8.113011 -14.118388 -19.992576 74.454985 23.357092 59.616049 17.797179 0.924029 13.607611 -5.554713 -0.844877 7.179283 -7.342365 9.584538 -16.509341 -75.532039 -30.896538 65.132009 -23.975326 -5.849411 13.138503 4.556279 -6.568582 0.217290 -0.647161 0.687282 0.387309 -0.390715 -2.133966 -4.318424 -0.033803 0.000000 -0.000000 0.000000 5.303972 -0.942274 0.275668 -2.649210 0.605870 0.565996 0.347797 -3.333799 -0.846184 0.002721 -0.697316 -0.502895
0.540267 0.958530 0.594242 4.353841 4.451179 0.230580 0.726832 -2.656498 0.453204 0.304521 -7.006259 0.207032 0.302287 -1.185909 0.237952 0.245430 4.947342 0.179713 -0.485925 16.321357 0.395999 -1.043864 -5.712627 0.908882 0.019628 9.735104 8.117059 -14.137708 -20.023935 74.465825 23.242742 59.616847 17.708841 0.914676 13.596829 -5.607619 -0.827733 7.207460 -7.339641 9.621195 -16.510983 -75.510629 -30.933969 65.139339 -24.012768 -5.840689 13.129495 4.595157 -6.550937 0.246775 -0.644454 0.656067 0.366471 -0.392573 -2.130886 -4.313789 -0.025801 0.000000 -0.000000 -0.000000 5.360695 -0.919643 0.284309 -2.717454 0.591523 0.560165 0.349360 -3.336814 -0.844257 0.002816 -0.710840 -0.501330
0.540308 0.958529 0.594431 4.357173 4.445493 0.226596 0.713343 -2.684995 0.445494 0.298862 -7.018951 0.203551 0.296662 -1.198598 0.233897 0.240898 4.937822 0.176652 -0.491627 16.334425 0.403735 -1.057071 -5.688192 0.925132 0.001526 9.786031 8.116792 -14.163010 -20.043406 74.484166 23.152663 59.622645 17.640777 0.910741 13.590010 -5.635981 -0.815033 7.236804 -7.336753 9.656534 -16.513347 -75.496253 -30.943986 65.154950 -24.028209 -5.835171 13.124695 4.615373 -6.528160 0.272258 -0.641636 0.626599 0.352668 -0.397505 -2.129469 -4.309943 -0.017795 -0.000000 0.000000 0.000000 5.399780 -0.895701 0.290307 -2.765533 0.577140 0.556617 0.354837 -3.337407 -0.842983 0.002866 -0.719349 -0.500142
0.540348 0.958549 0.594570 4.351102 4.436894 0.225123 0.705073 -2.704542 0.435844 0.295589 -7.027662 0.199216 0.293409 -1.207308 0.229229 0.238094 4.931287 0.173135 -0.486416 16.337446 0.411691 -1.050191 -5.682546 0.938018 -0.002111 9.837444 8.106426 -14.198237 -20.046992 74.517638 23.095202 59.631211 17.593227 0.915705 13.589659 -5.620555 -0.812288 7.268826 -7.331203 9.691128 -16.519154 -75.496770 -30.906254 65.177082 -24.000039 -5.835658 13.127632 4.601300 -6.497461 0.288922 -0.637871 0.602278 0.352549 -0.409538 -2.132719 -4.308103 -0.009034 -0.000000 0.000000 0.000000 5.413457 -0.869747 0.289264 -2.784678 0.561308 0.560368 0.368049 -3.333188 -0.843437 0.002844 -0.719693 -0.500097
0.540382 0.958578 0.594672 4.339467 4.425470 0.225133 0.699672 -2.718101 0.424566 0.293648 -7.033712 0.194159 0.291480 -1.213357 0.223975 0.236237 4.926748 0.169177 -0.473086 16.336923 0.420418 -1.028548 -5.683573 0.949486 0.001217 9.886834 8.091814 -14.239412 -20.038641 74.558563 23.062014 59.644795 17.565998 0.925983 13.593350 -5.580604 -0.813985 7.302023 -7.325525 9.724430 -16.525665 -75.504356 -30.840931 65.207493 -23.949679 -5.839346 13.134774 4.568564 -6.461634 0.301587 -0.633997 0.579702 0.359462 -0.424661 -2.137631 -4.307050 -0.000267 0.000000 -0.000000 -0.000000 5.409491 -0.842467 0.285542 -2.783661 0.545443 0.566380 0.385174 -3.326548 -0.844545 0.002779 -0.715022 -0.500430
0.540418 0.958600 0.594732 4.324938 4.413624 0.226251 0.694760 -2.727992 0.412804 0.291941 -7.038132 0.188881 0.289784 -1.217776 0.218524 0.234539 4.923432 0.165073 -0.460106 16.329727 0.426858 -1.006815 -5.697015 0.956906 0.005443 9.927740 8.083545 -14.272222 -20.026094 74.581693 23.061876 59.667476 17.576490 0.938278 13.600514 -5.537812 -0.809380 7.332777 -7.326831 9.744863 -16.531299 -75.502640 -30.779746 65.236849 -23.905905 -5.843620 13.140984 4.538013 -6.437138 0.312427 -0.634533 0.565119 0.364772 -0.434504 -2.135432 -4.305505 0.006753 -0.000000 -0.000000 -0.000000 5.394725 -0.817770 0.282740 -2.766740 0.531213 0.567800 0.399340 -3.320199 -0.843888 0.002723 -0.711078 -0.500021
0.540458 0.958607 0.594740 4.306596 4.401709 0.229307 0.691289 -2.732634 0.399605 0.290926 -7.040220 0.182960 0.288775 -1.219863 0.212500 0.233310 4.921865 0.160537 -0.451435 16.309089 0.430291 -0.992167 -5.735406 0.960427 0.010330 9.954305 8.086575 -14.283611 -20.007590 74.569107 23.119133 59.699439 17.651994 0.953981 13.613283 -5.493533 -0.798563 7.359478 -7.338407 9.732599 -16.535439 -75.477180 -30.736761 65.255848 -23.880479 -5.849120 13.144584 4.513203 -6.434083 0.322138 -0.643679 0.563241 0.364555 -0.433657 -2.118849 -4.301945 0.010980 0.000000 0.000000 0.000000 5.369050 -0.797943 0.282036 -2.730049 0.521172 0.560325 0.407090 -3.315090 -0.840056 0.002693 -0.709901 -0.498123
0.540500 0.958606 0.594707 4.285360 4.389373 0.233473 0.688306 -2.733612 0.385920 0.290144 -7.040679 0.176819 0.288000 -1.220322 0.206279 0.232240 4.921519 0.155853 -0.443121 16.281778 0.431440 -0.977437 -5.786212 0.959903 0.016106 9.972394 8.095958 -14.286649 -19.984963 74.538731 23.209755 59.740446 17.765500 0.971758 13.629512 -5.446416 -0.781448 7.383719 -7.356951 9.707471 -16.538659 -75.442409 -30.698018 65.273801 -23.861756 -5.855213 13.147248 4.490577 -6.442359 0.330017 -0.657255 0.569357 0.362739 -0.427530 -2.095156 -4.297896 0.013461 0.000000 -0.000000 0.000000 5.332574 -0.780700 0.282233 -2.677452 0.512767 0.548250 0.411881 -3.310273 -0.834458 0.002672 -0.709452 -0.495485
0.540544 0.958594 0.594661 4.266656 4.377954 0.235879 0.680577 -2.737991 0.375751 0.287120 -7.042649 0.172228 0.284997 -1.222289 0.201382 0.229604 4.920041 0.152161 -0.431750 16.264985 0.429403 -0.955766 -5.817561 0.952245 0.017407 9.993145 8.107407 -14.306226 -19.971391 74.519092 23.269776 59.794066 17.852805 0.984175 13.642212 -5.414093 -0.747036 7.406674 -7.379659 9.717383 -16.541261 -75.425282 -30.653251 65.309337 -23.843421 -5.857352 13.148868 4.480301 -6.448095 0.336145 -0.667206 0.575592 0.362467 -0.423981 -2.077399 -4.296648 0.015581 0.000000 -0.000000 -0.000000 5.292465 -0.763081 0.283381 -2.624801 0.499994 0.537622 0.417212 -3.305610 -0.828904 0.002669 -0.709357 -0.493235
0.540588 0.958563 0.594613 4.252319 4.368901 0.235554 0.665030 -2.750247 0.370612 0.280432 -7.048116 0.169855 0.278355 -1.227754 0.198329 0.224384 4.915939 0.149852 -0.415441 16.266108 0.424087 -0.923549 -5.815736 0.936527 0.010129 10.020262 8.120044 -14.355809 -19.973664 74.521036 23.280736 59.872174 17.898713 0.987552 13.648902 -5.406038 -0.684810 7.428120 -7.406551 9.791027 -16.545024 -75.438540 -30.601973 65.378976 -23.829125 -5.851600 13.149044 4.494174 -6.447690 0.340686 -0.669568 0.581179 0.363376 -0.427370 -2.071069 -4.300423 0.017453 -0.000000 0.000000 0.000000 5.248013 -0.743884 0.286043 -2.575965 0.479112 0.529657 0.425783 -3.301551 -0.823510 0.002701 -0.710310 -0.491968
0.540634 0.958520 0.594551 4.240515 4.360763 0.233466 0.644734 -2.765899 0.368996 0.271499 -7.055092 0.169034 0.269485 -1.234725 0.196602 0.217597 4.910708 0.148534 -0.396056 16.277743 0.415583 -0.884368 -5.794453 0.913676 -0.001640 10.050057 8.134707 -14.421934 -19.984978 74.533733 23.260745 59.962999 17.918001 0.985537 13.652045 -5.412775 -0.605269 7.448291 -7.437536 9.899709 -16.548218 -75.469425 -30.544262 65.466235 -23.814688 -5.841918 13.148153 4.520402 -6.444744 0.343484 -0.668300 0.586885 0.365827 -0.433338 -2.070676 -4.307001 0.018961 0.000000 0.000000 -0.000000 5.199929 -0.724303 0.289655 -2.527075 0.453858 0.523138 0.434894 -3.297647 -0.818158 0.002750 -0.711617 -0.491089
0.540687 0.958486 0.594467 4.231180 4.350536 0.229644 0.623666 -2.778579 0.370368 0.262104 -7.060742 0.169540 0.260157 -1.240371 0.196153 0.210565 4.906470 0.148179 -0.375787 16.294877 0.403256 -0.842133 -5.762997 0.883362 -0.010963 10.082567 8.149682 -14.489078 -19.998101 74.553189 23.200210 60.034717 17.891026 0.981633 13.652079 -5.423502 -0.528949 7.469057 -7.469667 10.005236 -16.545937 -75.506669 -30.470617 65.540194 -23.782008 -5.835545 13.147280 4.533761 -6.436180 0.344151 -0.667229 0.587138 0.374040 -0.436670 -2.072795 -4.313015 0.021146 0.000000 -0.000000 -0.000000 5.157510 -0.704962 0.292579 -2.482379 0.429444 0.520462 0.439938 -3.292410 -0.814304 0.002780 -0.710819 -0.489940
0.540756 0.958470 0.594359 4.224227 4.336233 0.223728 0.602131 -2.787124 0.375578 0.252349 -7.064549 0.171754 0.250471 -1.244174 0.197377 0.203397 4.903615 0.149080 -0.353105 16.326699 0.386052 -0.793545 -5.704327 0.843005 -0.015384 10.121385 8.163447 -14.557891 -20.013653 74.585456 23.076275 60.072984 17.790072 0.975593 13.647054 -5.437619 -0.459503 7.490947 -7.503932 10.097018 -16.533931 -75.550462 -30.355621 65.584446 -23.703789 -5.835691 13.146220 4.519919 -6.416316 0.342451 -0.668408 0.575958 0.391892 -0.434655 -2.076714 -4.317567 0.025138 -0.000000 0.000000 -0.000000 5.128620 -0.682821 0.293079 -2.446025 0.403746 0.524902 0.437530 -3.283184 -0.813607 0.002770 -0.706723 -0.487893
0.540832 0.958462 0.594228 4.219744 4.319841 0.216079 0.579819 -2.792689 0.383767 0.242130 -7.067030 0.175292 0.240326 -1.246650 0.199877 0.195983 4.901755 0.150941 -0.329557 16.364022 0.365009 -0.741966 -5.635465 0.795193 -0.017362 10.162911 8.177528 -14.627734 -20.030966 74.624532 22.911677 60.091869 17.642667 0.967706 13.638899 -5.455718 -0.393296 7.513449 -7.539375 10.185631 -16.516388 -75.600598 -30.224716 65.615265 -23.607354 -5.839063 13.145213 4.493208 -6.390835 0.338618 -0.669778 0.559328 0.415507 -0.430008 -2.083146 -4.321556 0.029807 -0.000000 0.000000 0.000000 5.105395 -0.660924 0.292903 -2.413874 0.378882 0.533186 0.431058 -3.272625 -0.814413 0.002741 -0.700521 -0.485577
0.540893 0.958451 0.594061 4.217921 4.304306 0.207801 0.559789 -2.792395 0.391824 0.232925 -7.066905 0.178776 0.231189 -1.246521 0.202427 0.189329 4.901850 0.152841 -0.311932 16.374271 0.342649 -0.701193 -5.616810 0.747307 -0.017318 10.196376 8.194835 -14.681127 -20.040949 74.648271 22.765272 60.102316 17.512281 0.962222 13.633913 -5.468782 -0.339960 7.536835 -7.570210 10.264637 -16.501109 -75.645303 -30.144909 65.650873 -23.556919 -5.843155 13.146029 4.471387 -6.373708 0.332968 -0.669002 0.549611 0.437470 -0.425645 -2.090802 -4.324311 0.032794 -0.000000 -0.000000 0.000000 5.073542 -0.649013 0.295638 -2.377735 0.366436 0.537900 0.426076 -3.267208 -0.813201 0.002715 -0.693331 -0.484212
0.540932 0.958429 0.593856 4.220444 4.290828 0.199333 0.541694 -2.783519 0.399704 0.224580 -7.062965 0.182183 0.222906 -1.242577 0.204986 0.183315 4.904805 0.154748 -0.304839 16.335677 0.317709 -0.679461 -5.688770 0.698775 -0.015576 10.225163 8.216926 -14.699790 -20.050394 74.644137 22.649557 60.087091 17.420663 0.957765 13.638893 -5.476963 -0.302739 7.567084 -7.592120 10.337238 -16.495997 -75.685722 -30.161593 65.702753 -23.595557 -5.846873 13.150191 4.464281 -6.370251 0.325448 -0.665066 0.551478 0.455624 -0.422734 -2.100928 -4.326599 0.033255 -0.000000 0.000000 -0.000000 5.024193 -0.651568 0.303194 -2.331892 0.371825 0.535219 0.424036 -3.270058 -0.808062 0.002717 -0.686987 -0.484274
0.540957 0.958404 0.593615 4.225626 4.278208 0.190235 0.525887 -2.768785 0.407451 0.217250 -7.056420 0.185536 0.215633 -1.236030 0.207595 0.178061 4.909713 0.156696 -0.303622 16.270005 0.291500 -0.668363 -5.810965 0.650165 -0.011788 10.245887 8.242276 -14.702005 -20.052576 74.624619 22.552365 60.063573 17.346584 0.955659 13.647065 -5.480127 -0.278416 7.598202 -7.609476 10.400226 -16.493154 -75.720797 -30.229970 65.759539 -23.680902 -5.851353 13.156170 4.462060 -6.375153 0.316114 -0.658991 0.560255 0.472122 -0.420096 -2.112279 -4.327654 0.032034 -0.000000 0.000000 0.000000 4.966203 -0.664093 0.313680 -2.282053 0.389637 0.528994 0.423484 -3.278051 -0.800903 0.002722 -0.679656 -0.485288
0.540968 0.958388 0.593341 4.228596 4.265809 0.180297 0.516473 -2.753492 0.412091 0.212879 -7.049626 0.187537 0.211296 -1.229234 0.209153 0.174928 4.914809 0.157858 -0.301201 16.209988 0.270377 -0.656749 -5.922616 0.610496 -0.005363 10.237632 8.269192 -14.725135 -20.018192 74.605057 22.494783 60.094875 17.288300 0.964168 13.644427 -5.468802 -0.266926 7.612495 -7.629525 10.437573 -16.476766 -75.735400 -30.281373 65.805339 -23.748657 -5.857497 13.161145 4.452986 -6.386456 0.305457 -0.651497 0.574287 0.486016 -0.417121 -2.119828 -4.324506 0.029310 0.000000 -0.000000 -0.000000 4.911865 -0.682879 0.324983 -2.237161 0.415208 0.523331 0.425612 -3.288296 -0.793932 0.002689 -0.666948 -0.487050
0.540961 0.958389 0.593030 4.227929 4.254656 0.169030 0.515128 -2.739331 0.411654 0.212290 -7.043334 0.187316 0.210714 -1.222942 0.208872 0.174466 4.919528 0.157645 -0.294273 16.163568 0.257658 -0.639641 -6.008979 0.584705 0.007385 10.180976 8.298981 -14.785509 -19.922365 74.586480 22.449857 60.142210 17.209805 0.988973 13.610426 -5.426792 -0.278773 7.606194 -7.653003 10.430513 -16.431356 -75.718581 -30.294479 65.816430 -23.768587 -5.868462 13.162804 4.426694 -6.407849 0.292262 -0.641845 0.596212 0.496420 -0.413782 -2.120865 -4.315134 0.024654 -0.000000 0.000000 -0.000000 4.867759 -0.708132 0.336410 -2.205062 0.446440 0.520624 0.432757 -3.299488 -0.788316 0.002587 -0.645475 -0.489803
0.540940 0.958399 0.592686 4.225051 4.243721 0.156926 0.520177 -2.724614 0.408118 0.214659 -7.036793 0.185745 0.213068 -1.216402 0.207541 0.176126 4.924434 0.156648 -0.286194 16.122815 0.249969 -0.622139 -6.084783 0.567794 0.022683 10.095313 8.330294 -14.866791 -19.790008 74.567650 22.443968 60.244378 17.146465 1.024414 13.565674 -5.370269 -0.303438 7.583068 -7.679144 10.397934 -16.372390 -75.681305 -30.290456 65.816529 -23.770771 -5.881115 13.163455 4.393551 -6.435647 0.277754 -0.630770 0.623390 0.504221 -0.410101 -2.118101 -4.301559 0.018498 0.000000 0.000000 -0.000000 4.827294 -0.739648 0.348672 -2.177911 0.485430 0.518466 0.442584 -3.312932 -0.782886 0.002444 -0.618627 -0.493308
0.540920 0.958411 0.592330 4.219367 4.229275 0.145247 0.530699 -2.709570 0.404436 0.219463 -7.030102 0.184141 0.217840 -1.209713 0.206425 0.179616 4.929452 0.155816 -0.279884 16.096669 0.243592 -0.608289 -6.133434 0.553848 0.029971 10.017961 8.357494 -14.957308 -19.666486 74.560567 22.578411 60.581030 17.203619 1.061999 13.557880 -5.338473 -0.309314 7.536732 -7.712961 10.380196 -16.330570 -75.641159 -30.263774 65.860932 -23.780813 -5.886906 13.167219 4.372912 -6.456830 0.266067 -0.621208 0.646247 0.511122 -0.405551 -2.114644 -4.286875 0.012321 -0.000000 0.000000 -0.000000 4.783007 -0.773102 0.361763 -2.141108 0.533801 0.513773 0.449288 -3.329652 -0.776359 0.002298 -0.592179 -0.496635
0.540904 0.958425 0.591954 4.209554 4.209803 0.134826 0.547796 -2.694249 0.400486 0.227196 -7.023283 0.182454 0.225519 -1.202897 0.205523 0.185303 4.934566 0.155152 -0.274320 16.091396 0.238384 -0.596102 -6.143305 0.542195 0.019787 9.956811 8.377848 -15.065930 -19.564650 74.576080 22.972416 61.339371 17.484976 1.101370 13.623323 -5.351525 -0.276985 7.447767 -7.762751 10.407163 -16.316868 -75.591280 -30.256151 65.998606 -23.862605 -5.881399 13.178026 4.372462 -6.465151 0.258084 -0.615058 0.660671 0.517386 -0.399031 -2.111245 -4.271341 0.006496 0.000000 -0.000000 -0.000000 4.730600 -0.809739 0.375594 -2.085315 0.596538 0.504669 0.449555 -3.351011 -0.767864 0.002158 -0.567577 -0.499501
0.540888 0.958440 0.591566 4.196937 4.186818 0.124835 0.570367 -2.678603 0.396401 0.237363 -7.016315 0.180736 0.235615 -1.195933 0.204837 0.192821 4.939792 0.154655 -0.270507 16.100733 0.234511 -0.587554 -6.126020 0.533554 0.001634 9.903988 8.394122 -15.183678 -19.471568 74.603288 23.537821 62.330538 17.918037 1.141952 13.725650 -5.390258 -0.225815 7.335666 -7.820406 10.448750 -16.320562 -75.538380 -30.226260 66.180701 -23.952422 -5.868996 13.191923 4.384529 -6.466851 0.252912 -0.610422 0.670772 0.522749 -0.391650 -2.107153 -4.254696 0.000650 -0.000000 -0.000000 0.000000 4.674364 -0.848305 0.390263 -2.019878 0.668662 0.493087 0.446696 -3.375646 -0.758269 0.002017 -0.543376 -0.502190
0.540878 0.958449 0.591200 4.184891 4.161125 0.114051 0.594182 -2.662712 0.395513 0.247955 -7.009234 0.180455 0.246133 -1.188856 0.205631 0.200771 4.945104 0.155273 -0.274401 16.114834 0.228727 -0.592623 -6.099847 0.524104 -0.006505 9.873169 8.408985 -15.272186 -19.393957 74.621932 24.039309 63.171749 18.318156 1.175610 13.803632 -5.434420 -0.182411 7.252366 -7.866216 10.455438 -16.339578 -75.520487 -30.040507 66.315740 -23.881093 -5.854388 13.201214 4.405422 -6.467641 0.252014 -0.604543 0.679317 0.528129 -0.386192 -2.103212 -4.239258 -0.004856 -0.000000 0.000000 -0.000000 4.619714 -0.880724 0.406024 -1.958215 0.736842 0.481632 0.444843 -3.400490 -0.748897 0.001892 -0.521015 -0.504618
0.540875 0.958447 0.590863 4.170894 4.131444 0.101951 0.620821 -2.645758 0.399545 0.259604 -7.001670 0.182389 0.257701 -1.181297 0.208748 0.209691 4.950777 0.157641 -0.292481 16.130695 0.220187 -0.623076 -6.070327 0.514616 0.006409 9.875180 8.423803 -15.314692 -19.337076 74.621438 24.401129 63.758410 18.624508 1.200456 13.829679 -5.491325 -0.154713 7.220423 -7.890383 10.409116 -16.381594 -75.567776 -29.578608 66.365274 -23.520059 -5.835701 13.201470 4.445352 -6.467007 0.257289 -0.596247 0.686806 0.533008 -0.384572 -2.098082 -4.225108 -0.010153 -0.000000 -0.000000 0.000000 4.563010 -0.898137 0.424356 -1.894800 0.788019 0.468969 0.444355 -3.419944 -0.739306 0.001812 -0.503829 -0.506561
0.540878 0.958438 0.590549 4.157473 4.099054 0.089060 0.648703 -2.628564 0.406782 0.271678 -6.993993 0.185762 0.269690 -1.173626 0.213347 0.219043 4.956536 0.161125 -0.318274 16.151320 0.209743 -0.667152 -6.031916 0.504317 0.029374 9.899180 8.437256 -15.328084 -19.295686 74.612689 24.672099 64.196693 18.870988 1.218700 13.831425 -5.553031 -0.134828 7.217226 -7.902535 10.328088 -16.438717 -75.650180 -28.960275 66.365399 -22.997295 -5.814921 13.197029 4.494098 -6.465462 0.266839 -0.586710 0.692742 0.537904 -0.384879 -2.093102 -4.212165 -0.015110 0.000000 0.000000 0.000000 4.507900 -0.909394 0.443740 -1.835157 0.835250 0.456405 0.444873 -3.439607 -0.729938 0.001749 -0.488483 -0.508244
0.540885 0.958427 0.590265 4.155568 4.068601 0.075717 0.668860 -2.613677 0.415381 0.280270 -6.987345 0.189702 0.278223 -1.166982 0.218160 0.225819 4.961523 0.164763 -0.338311 16.175886 0.196681 -0.699557 -5.986249 0.487048 0.047306 9.926340 8.447954 -15.324517 -19.260835 74.607714 24.761900 64.422551 18.972947 1.230171 13.830491 -5.575393 -0.125657 7.226901 -7.911927 10.217525 -16.485273 -75.715430 -28.410204 66.337948 -22.527221 -5.802399 13.193507 4.517305 -6.470256 0.276437 -0.576704 0.698396 0.545288 -0.384165 -2.093132 -4.202496 -0.018975 -0.000000 0.000000 -0.000000 4.470728 -0.933008 0.459963 -1.809272 0.904371 0.450435 0.449448 -3.473221 -0.723441 0.001638 -0.466419 -0.510266
0.540899 0.958420 0.590028 4.170103 4.040735 0.063135 0.676611 -2.602615 0.424378 0.283344 -6.982407 0.193755 0.281277 -1.162046 0.222525 0.228450 4.965227 0.168053 -0.344230 16.210449 0.179133 -0.704046 -5.922152 0.456303 0.057375 9.949836 8.454548 -15.297527 -19.225934 74.608847 24.584990 64.364383 18.858384 1.234911 13.834529 -5.527960 -0.132030 7.247079 -7.919933 10.060434 -16.507191 -75.741895 -27.976086 66.272988 -22.156549 -5.803257 13.191617 4.493934 -6.484846 0.285628 -0.567611 0.705758 0.557531 -0.382060 -2.101826 -4.197678 -0.020615 0.000000 -0.000000 0.000000 4.459701 -0.966980 0.469511 -1.836042 0.992197 0.455419 0.463630 -3.522623 -0.721514 0.001397 -0.427335 -0.512949
0.540918 0.958411 0.589821 4.196152 4.014815 0.050080 0.676637 -2.593857 0.434721 0.282937 -6.978498 0.198371 0.280874 -1.158137 0.227099 0.228505 4.968160 0.171495 -0.344402 16.248961 0.158974 -0.696909 -5.850782 0.418626 0.062401 9.976504 8.458372 -15.253551 -19.197586 74.613713 24.226706 64.093234 18.599031 1.233117 13.835885 -5.440977 -0.149124 7.280112 -7.925169 9.873700 -16.518606 -75.751067 -27.613028 66.181791 -21.841719 -5.812293 13.190778 4.445015 -6.505773 0.294868 -0.558058 0.712839 0.572261 -0.378931 -2.115530 -4.196134 -0.021166 0.000000 0.000000 0.000000 4.466608 -1.013352 0.475892 -1.896545 1.101922 0.466834 0.481880 -3.585975 -0.722463 0.001104 -0.381533 -0.515976
0.540926 0.958390 0.589603 4.229888 3.993562 0.033206 0.674010 -2.585392 0.447427 0.281259 -6.974717 0.204029 0.279209 -1.154355 0.232587 0.227685 4.970997 0.175621 -0.350442 16.272435 0.141091 -0.701597 -5.807281 0.387393 0.055761 10.008010 8.462006 -15.224055 -19.186652 74.627203 23.849460 63.759574 18.322239 1.225352 13.833183 -5.361274 -0.165349 7.317222 -7.932777 9.713237 -16.536068 -75.755393 -27.401588 66.120953 -21.656555 -5.824243 13.194750 4.399311 -6.529920 0.301298 -0.544690 0.714936 0.584845 -0.372934 -2.128139 -4.195203 -0.023283 -0.000000 0.000000 -0.000000 4.483127 -1.096712 0.485424 -1.964032 1.268934 0.477834 0.490621 -3.671506 -0.723836 0.000934 -0.351362 -0.518983
0.540910 0.958351 0.589346 4.278033 3.981715 0.010367 0.668221 -2.578308 0.463725 0.278035 -6.971549 0.211280 0.276009 -1.151185 0.239510 0.225826 4.973375 0.180826 -0.365820 16.272091 0.125704 -0.724673 -5.807933 0.364297 0.027524 10.044341 8.465072 -15.228957 -19.200769 74.655656 23.485632 63.389830 18.056392 1.211511 13.825705 -5.295589 -0.179970 7.358400 -7.944079 9.596870 -16.567364 -75.756668 -27.413576 66.132508 -21.668536 -5.840960 13.209678 4.358774 -6.559610 0.300470 -0.524574 0.706914 0.593810 -0.361868 -2.138410 -4.194780 -0.029401 0.000000 0.000000 0.000000 4.508108 -1.244987 0.502185 -2.034746 1.531528 0.484488 0.480820 -3.791520 -0.725060 0.000995 -0.350140 -0.521429
0.540884 0.958299 0.589077 4.333863 3.974555 -0.016287 0.659785 -2.571523 0.482388 0.273541 -6.968512 0.219574 0.271549 -1.148146 0.247348 0.223092 4.975654 0.186717 -0.387048 16.256699 0.112578 -0.759518 -5.836478 0.347599 -0.012384 10.085499 8.467938 -15.248333 -19.232279 74.692748 23.106904 62.957500 17.777132 1.191522 13.814134 -5.237380 -0.193737 7.403660 -7.957736 9.506780 -16.604660 -75.753096 -27.574936 66.175176 -21.807793 -5.860662 13.229354 4.321446 -6.592525 0.296836 -0.500641 0.693906 0.600629 -0.347942 -2.147585 -4.194970 -0.037085 -0.000000 0.000000 0.000000 4.542564 -1.430294 0.521834 -2.112441 1.851397 0.490679 0.461510 -3.933716 -0.726649 0.001184 -0.364548 -0.523844
0.540878 0.958245 0.588832 4.373388 3.960593 -0.043654 0.655317 -2.559764 0.500753 0.270815 -6.963261 0.227750 0.268845 -1.142894 0.255247 0.221680 4.979593 0.192656 -0.415298 16.233578 0.105918 -0.809779 -5.879275 0.345495 -0.040798 10.133178 8.474314 -15.253852 -19.269132 74.724312 22.770960 62.535005 17.519002 1.167141 13.799179 -5.213233 -0.197290 7.444289 -7.974893 9.445428 -16.641055 -75.751810 -27.744196 66.180926 -21.938865 -5.872466 13.239060 4.310227 -6.618579 0.300893 -0.478334 0.686615 0.605081 -0.335931 -2.153285 -4.193429 -0.041695 0.000000 0.000000 -0.000000 4.581473 -1.593480 0.538267 -2.181597 2.149019 0.501388 0.446207 -4.069411 -0.727819 0.001363 -0.376974 -0.527470
0.540905 0.958184 0.588613 4.388917 3.934447 -0.073888 0.656977 -2.538054 0.519709 0.270776 -6.953580 0.236209 0.268809 -1.133213 0.263702 0.222312 4.986855 0.199019 -0.455182 16.197251 0.109123 -0.885295 -5.946425 0.366018 -0.046920 10.192686 8.488469 -15.232167 -19.311577 74.740043 22.493952 62.118936 17.282700 1.135412 13.778473 -5.248335 -0.185595 7.479846 -7.998738 9.407949 -16.677964 -75.753014 -27.865978 66.101698 -21.999890 -5.869916 13.229653 4.344773 -6.635697 0.318782 -0.457177 0.690248 0.604587 -0.326325 -2.155311 -4.187652 -0.041490 0.000000 -0.000000 -0.000000 4.628967 -1.720570 0.549610 -2.240114 2.410586 0.523241 0.437071 -4.195771 -0.729301 0.001504 -0.382634 -0.533777
0.540951 0.958120 0.588417 4.388157 3.901474 -0.104826 0.662614 -2.511364 0.538368 0.272506 -6.941682 0.244548 0.270532 -1.121315 0.272217 0.224266 4.995781 0.205430 -0.502074 16.153193 0.118844 -0.976269 -6.027796 0.401284 -0.041519 10.258719 8.506154 -15.196588 -19.359387 74.750113 22.256523 61.713086 17.064230 1.100301 13.754369 -5.317316 -0.163696 7.510789 -8.026098 9.399232 -16.713961 -75.756638 -27.994512 65.985643 -22.051628 -5.859505 13.210392 4.405447 -6.645938 0.344362 -0.437649 0.699596 0.601727 -0.318630 -2.153865 -4.180143 -0.038208 0.000000 -0.000000 -0.000000 4.680994 -1.825527 0.557957 -2.289994 2.649918 0.549684 0.431951 -4.315628 -0.730407 0.001636 -0.386314 -0.541295
0.541016 0.958069 0.588272 4.370210 3.866269 -0.126896 0.672361 -2.489330 0.551398 0.276289 -6.931856 0.250397 0.274292 -1.111491 0.278450 0.227571 5.003152 0.210127 -0.543324 16.125160 0.129120 -1.056876 -6.079410 0.435466 -0.033798 10.317064 8.518284 -15.158768 -19.399831 74.771062 22.055936 61.401052 16.883884 1.073808 13.734687 -5.370699 -0.137314 7.529738 -8.048579 9.436390 -16.737878 -75.769459 -28.151527 65.909320 -22.141429 -5.849553 13.194155 4.456210 -6.645413 0.369704 -0.426619 0.709734 0.604025 -0.316138 -2.147168 -4.176068 -0.032425 -0.000000 -0.000000 -0.000000 4.720409 -1.891040 0.563465 -2.321962 2.828927 0.565954 0.437880 -4.408796 -0.728312 0.001702 -0.384755 -0.546862
0.541092 0.958036 0.588200 4.329192 3.827683 -0.135642 0.688536 -2.475404 0.555764 0.283279 -6.925639 0.252416 0.281235 -1.105278 0.281178 0.232990 5.007815 0.212193 -0.577234 16.122847 0.137812 -1.123082 -6.083306 0.463844 -0.024149 10.364215 8.520482 -15.126138 -19.427484 74.815168 21.888481 61.231159 16.746858 1.060136 13.719916 -5.394954 -0.105271 7.529654 -8.063145 9.548932 -16.745333 -75.798422 -28.365657 65.911545 -22.307628 -5.841186 13.184876 4.487424 -6.626988 0.395077 -0.427228 0.718296 0.613677 -0.321583 -2.134004 -4.177731 -0.023866 0.000000 0.000000 0.000000 4.742601 -1.902349 0.567620 -2.332434 2.925604 0.563054 0.460828 -4.465558 -0.720612 0.001674 -0.376179 -0.549354
0.541186 0.958015 0.588178 4.270972 3.786865 -0.135480 0.708810 -2.466128 0.554503 0.292318 -6.921495 0.251945 0.290212 -1.101138 0.281625 0.239757 5.010924 0.212545 -0.605527 16.136571 0.146990 -1.178880 -6.057446 0.490936 -0.012200 10.403682 8.517104 -15.091308 -19.447803 74.870236 21.751466 61.155438 16.641597 1.054639 13.709596 -5.403506 -0.068706 7.517556 -8.072829 9.707342 -16.740653 -75.836463 -28.609827 65.953144 -22.513643 -5.833189 13.178571 4.508725 -6.597808 0.420204 -0.436317 0.727649 0.628484 -0.332235 -2.115592 -4.182832 -0.012805 0.000000 -0.000000 -0.000000 4.752260 -1.874174 0.568983 -2.325120 2.961936 0.550056 0.494800 -4.495635 -0.709736 0.001577 -0.362365 -0.549896
0.541306 0.958012 0.588170 4.212276 3.751869 -0.130167 0.726332 -2.460772 0.551386 0.300214 -6.919099 0.250634 0.298053 -1.098746 0.281116 0.245598 5.012722 0.212177 -0.620696 16.161011 0.156959 -1.210449 -6.011793 0.514656 -0.006034 10.431777 8.512139 -15.043718 -19.464367 74.916182 21.642893 61.113071 16.562478 1.055541 13.710122 -5.387342 -0.036798 7.507134 -8.078328 9.840193 -16.725774 -75.869402 -28.821540 65.993935 -22.693635 -5.830148 13.176154 4.512965 -6.575409 0.436321 -0.451316 0.739972 0.649380 -0.343194 -2.093805 -4.189639 -0.000636 0.000000 -0.000000 -0.000000 4.746203 -1.833422 0.563316 -2.301749 2.965825 0.539308 0.528869 -4.507992 -0.700109 0.001431 -0.345396 -0.548691
0.541465 0.958037 0.588167 4.154105 3.726368 -0.118698 0.739863 -2.460004 0.546071 0.306432 -6.918751 0.248327 0.304227 -1.098402 0.279440 0.250098 5.012983 0.210926 -0.616571 16.200567 0.169314 -1.206849 -5.938233 0.535707 -0.009199 10.442092 8.505981 -14.967529 -19.475753 74.943968 21.553222 61.100453 16.505720 1.066226 13.730659 -5.324398 -0.011573 7.500900 -8.078155 9.913895 -16.696452 -75.890389 -28.970826 66.018538 -22.818068 -5.836433 13.179763 4.488290 -6.567069 0.437459 -0.473832 0.757834 0.679331 -0.353662 -2.065684 -4.197496 0.012952 0.000000 0.000000 -0.000000 4.712536 -1.781411 0.546247 -2.250085 2.932072 0.535990 0.562514 -4.498079 -0.694075 0.001288 -0.332677 -0.564521
0.541651 0.958078 0.588178 4.095451 3.706705 -0.102099 0.750646 -2.463159 0.538898 0.311508 -6.920153 0.245180 0.309267 -1.099807 0.276808 0.253674 5.011930 0.208955 -0.599312 16.250836 0.182475 -1.179018 -5.844902 0.553438 -0.018145 10.441031 8.498230 -14.878609 -19.483348 74.962706 21.491280 61.121314 16.474487 1.083414 13.761972 -5.236692 0.008988 7.496340 -8.073796 9.962031 -16.656981 -75.906329 -29.086955 66.042672 -22.915583 -5.847662 13.187205 4.446535 -6.565494 0.429560 -0.502257 0.778667 0.715365 -0.364447 -2.034189 -4.207065 0.027642 0.000000 -0.000000 -0.000000 4.663118 -1.716887 0.522024 -2.182369 2.865873 0.534943 0.596265 -4.470448 -0.689267 0.001094 -0.316805 -0.578603
0.541838 0.958109 0.588190 4.050034 3.689919 -0.087205 0.755554 -2.467503 0.534646 0.313861 -6.922086 0.243311 0.311602 -1.101741 0.275178 0.255299 5.010480 0.207733 -0.579906 16.293293 0.192022 -1.145980 -5.766144 0.563784 -0.030324 10.444124 8.491668 -14.813912 -19.494921 74.979444 21.483950 61.125842 16.474753 1.095139 13.782901 -5.181393 0.021765 7.499614 -8.070416 10.013953 -16.622150 -75.923828 -29.195102 66.073046 -23.006316 -5.855273 13.192929 4.416090 -6.566364 0.421751 -0.529220 0.796941 0.749512 -0.373045 -2.010076 -4.218582 0.041105 -0.000000 0.000000 0.000000 4.630428 -1.662836 0.499515 -2.137027 2.810753 0.532988 0.620777 -4.447712 -0.683062 0.000734 -0.277635 -0.534797
0.542022 0.958118 0.588203 4.024388 3.674668 -0.074388 0.752382 -2.472973 0.533642 0.312498 -6.924523 0.242854 0.310248 -1.104177 0.274584 0.254237 5.008653 0.207283 -0.560009 16.322413 0.195703 -1.110068 -5.712225 0.563218 -0.047052 10.455705 8.486805 -14.790176 -19.510004 74.999278 21.548629 61.093464 16.512304 1.095851 13.783367 -5.185620 0.021148 7.515065 -8.069607 10.089744 -16.596319 -75.944751 -29.321500 66.120282 -23.113479 -5.855267 13.194525 4.411531 -6.569746 0.417597 -0.554558 0.812801 0.779336 -0.377930 -1.999063 -4.233098 0.052040 -0.000000 0.000000 -0.000000 4.627440 -1.626770 0.480485 -2.131463 2.781869 0.527812 0.633345 -4.437300 -0.673874 0.000152 -0.179672 -0.355917
0.542207 0.958116 0.588218 4.011980 3.662280 -0.063292 0.743331 -2.479632 0.535554 0.308411 -6.927489 0.243673 0.306188 -1.107141 0.274987 0.251225 5.006428 0.207580 -0.537970 16.343723 0.195783 -1.068972 -5.672868 0.555292 -0.067023 10.471439 8.483110 -14.790643 -19.529049 75.017078 21.667707 61.044709 16.581155 1.091029 13.773571 -5.222304 0.012740 7.538347 -8.069809 10.169319 -16.575099 -75.967260 -29.440158 66.173757 -23.214083 -5.851625 13.194434 4.418289 -6.575583 0.413550 -0.578442 0.826106 0.807280 -0.380613 -1.995434 -4.249555 0.061752 -0.000000 0.000000 0.000000 4.641205 -1.601113 0.463313 -2.148262 2.764076 0.521738 0.636670 -4.431777 -0.663299 -0.000085 -0.058358 -0.119174
0.542392 0.958105 0.588222 4.006935 3.653781 -0.059658 0.731878 -2.484927 0.544160 0.302988 -6.929841 0.247472 0.300802 -1.109490 0.278236 0.247440 5.004665 0.210016 -0.519829 16.355272 0.194588 -1.034753 -5.651608 0.546498 -0.083761 10.493864 8.481797 -14.801988 -19.561242 75.024495 21.815683 60.991420 16.669677 1.085004 13.762805 -5.267365 0.010247 7.562579 -8.071455 10.221777 -16.560156 -75.992396 -29.497492 66.208342 -23.258573 -5.847729 13.194402 4.421041 -6.579386 0.408103 -0.594016 0.830894 0.832699 -0.383135 -1.992796 -4.265026 0.071829 0.000000 0.000000 0.000000 4.665360 -1.586165 0.451889 -2.173611 2.755463 0.518542 0.629508 -4.431461 -0.653502 0.000000 -0.000000 0.000000
0.542580 0.958085 0.588207 4.009942 3.650385 -0.066908 0.717585 -2.487639 0.563132 0.295887 -6.931030 0.255890 0.293750 -1.110675 0.285933 0.242753 5.003774 0.215797 -0.508205 16.353447 0.189943 -1.011526 -5.655155 0.533751 -0.094161 10.525531 8.483569 -14.830388 -19.613811 75.015761 22.011053 60.938992 16.793520 1.078887 13.753489 -5.318603 0.020623 7.586322 -8.077245 10.223524 -16.553648 -76.021414 -29.443448 66.207986 -23.200618 -5.844447 13.194693 4.412515 -6.578404 0.400539 -0.597656 0.820456 0.854489 -0.386125 -1.988192 -4.278623 0.083001 -0.000000 0.000000 -0.000000 4.704791 -1.586743 0.447805 -2.207301 2.761363 0.520418 0.606590 -4.439036 -0.645056 -0.000039 -0.063708 -0.115374
0.542767 0.958058 0.588181 4.020314 3.650878 -0.081622 0.700889 -2.488980 0.588799 0.287451 -6.931602 0.267289 0.285372 -1.111243 0.296475 0.237294 5.003346 0.223717 -0.500464 16.341862 0.184021 -0.995134 -5.676802 0.520106 -0.101350 10.563893 8.487725 -14.869642 -19.679599 74.996737 22.234978 60.881775 16.936793 1.071615 13.743249 -5.378215 0.036902 7.611029 -8.084462 10.198162 -16.553492 -76.053069 -29.327811 66.188713 -23.086303 -5.840914 13.195049 4.399985 -6.575399 0.391581 -0.592989 0.801501 0.873761 -0.388959 -1.984577 -4.291234 0.094538 0.000000 -0.000000 -0.000000 4.754617 -1.598047 0.449453 -2.249536 2.776450 0.525161 0.573181 -4.451814 -0.637379 0.000277 -0.190481 -0.348257
0.542933 0.958027 0.588162 4.030115 3.652647 -0.099267 0.686580 -2.490052 0.613930 0.280095 -6.932054 0.278460 0.278067 -1.111691 0.306899 0.232631 5.003008 0.231550 -0.494778 16.329407 0.185667 -0.985260 -5.699965 0.521254 -0.108185 10.603835 8.493388 -14.887847 -19.746162 74.976412 22.406276 60.815431 17.040701 1.064132 13.734064 -5.428702 0.051927 7.634154 -8.085384 10.185592 -16.554968 -76.084660 -29.246091 66.173703 -23.004012 -5.837922 13.196427 4.389954 -6.574152 0.381878 -0.584030 0.788190 0.893195 -0.391809 -1.984427 -4.302607 0.105834 0.000000 0.000000 -0.000000 4.793827 -1.605964 0.455925 -2.287130 2.782812 0.529957 0.543834 -4.462056 -0.630908 0.000918 -0.289459 -0.523056
0.543081 0.958002 0.588157 4.038369 3.654780 -0.118046 0.675486 -2.491309 0.636415 0.274272 -6.932589 0.288465 0.272284 -1.112224 0.316313 0.229030 5.002607 0.238625 -0.491694 16.317306 0.199275 -0.984482 -5.722325 0.545548 -0.117160 10.645395 8.501644 -14.869696 -19.811547 74.954094 22.493715 60.730796 17.080578 1.056155 13.726319 -5.464926 0.064851 7.655712 -8.075628 10.205361 -16.558290 -76.121441 -29.228727 66.173415 -22.982524 -5.836210 13.200561 4.383985 -6.578920 0.373516 -0.572898 0.788824 0.910626 -0.394664 -1.990983 -4.311246 0.117200 -0.000000 0.000000 -0.000000 4.820986 -1.608147 0.465479 -2.315939 2.778753 0.535857 0.510462 -4.469188 -0.626012 0.001254 -0.323464 -0.561708
0.543209 0.957975 0.588158 4.046052 3.658189 -0.139756 0.666780 -2.492299 0.658365 0.269530 -6.933005 0.298243 0.267575 -1.112637 0.325609 0.226225 5.002295 0.245614 -0.490673 16.304332 0.220447 -0.990247 -5.746211 0.584639 -0.125768 10.688537 8.511416 -14.830453 -19.877632 74.930300 22.528979 60.637374 17.081368 1.047899 13.719555 -5.492028 0.076537 7.675682 -8.059574 10.237935 -16.563164 -76.158178 -29.245102 66.177489 -22.992862 -5.835037 13.205712 4.380516 -6.585449 0.364414 -0.557473 0.795102 0.928217 -0.397526 -2.001001 -4.318643 0.128327 -0.000000 0.000000 -0.000000 4.837532 -1.606941 0.479869 -2.340113 2.765965 0.541815 0.481154 -4.473788 -0.622329 0.001368 -0.329604 -0.542301
0.543292 0.957930 0.588160 4.048148 3.662989 -0.165256 0.662767 -2.492770 0.678871 0.266928 -6.933186 0.307399 0.264991 -1.112817 0.334501 0.224983 5.002160 0.252303 -0.488279 16.295697 0.244826 -0.994574 -5.762014 0.629161 -0.129356 10.728038 8.518591 -14.784090 -19.937671 74.915740 22.525581 60.559090 17.058909 1.040979 13.714430 -5.507934 0.082416 7.691445 -8.042649 10.264583 -16.564097 -76.176443 -29.298711 66.178053 -23.036320 -5.832980 13.207614 4.381359 -6.584764 0.348971 -0.535410 0.796282 0.955135 -0.400579 -2.007232 -4.329033 0.137680 -0.000000 -0.000000 0.000000 4.826779 -1.595230 0.503473 -2.358907 2.731619 0.541886 0.494740 -4.469856 -0.619209 0.001418 -0.328422 -0.523497
0.543314 0.957845 0.588164 4.040177 3.671018 -0.197344 0.664857 -2.494787 0.697610 0.267107 -6.934048 0.315799 0.265167 -1.113679 0.342920 0.225775 5.001515 0.258641 -0.482506 16.295591 0.273744 -0.994172 -5.761953 0.680826 -0.125632 10.762824 8.519912 -14.735783 -19.987093 74.924874 22.456760 60.507311 16.990091 1.034691 13.710375 -5.511021 0.081015 7.697699 -8.026587 10.283671 -16.549875 -76.161840 -29.427219 66.169130 -23.145759 -5.829467 13.202655 4.389806 -6.572115 0.323760 -0.502771 0.786048 0.994628 -0.404305 -2.003421 -4.344907 0.144424 0.000000 -0.000000 -0.000000 4.780661 -1.568367 0.540993 -2.374226 2.664650 0.532747 0.577482 -4.453324 -0.616225 0.001455 -0.324833 -0.525218
0.543291 0.957743 0.588169 4.026616 3.680427 -0.233225 0.671641 -2.496291 0.714903 0.269427 -6.934676 0.323578 0.267469 -1.114308 0.350934 0.228130 5.001044 0.264678 -0.475356 16.299817 0.305870 -0.992314 -5.753822 0.737917 -0.116874 10.793971 8.518655 -14.680395 -20.030520 74.943215 22.349669 60.470574 16.898457 1.029708 13.707933 -5.502902 0.073812 7.699742 -8.009654 10.296837 -16.531750 -76.128757 -29.592785 66.156526 -23.288121 -5.825067 13.194447 4.402562 -6.552284 0.292190 -0.463499 0.770711 1.043448 -0.408242 -1.995822 -4.363776 0.149389 0.000000 -0.000000 -0.000000 4.707304 -1.530874 0.587685 -2.384133 2.576093 0.517878 0.703110 -4.428270 -0.613702 0.001433 -0.313929 -0.527539
0.543243 0.957670 0.588163 4.015895 3.685810 -0.265363 0.681201 -2.490843 0.730812 0.273025 -6.932213 0.330740 0.271042 -1.111847 0.358461 0.231399 5.002893 0.270351 -0.469401 16.300996 0.332854 -0.990866 -5.751391 0.785910 -0.105285 10.819479 8.520505 -14.616426 -20.074970 74.938072 22.298249 60.438699 16.869406 1.029723 13.709435 -5.486348 0.060663 7.710862 -7.992073 10.290245 -16.537961 -76.101943 -29.685881 66.150300 -23.366072 -5.820072 13.189549 4.411551 -6.530588 0.258910 -0.427074 0.758475 1.101022 -0.411143 -1.995951 -4.382394 0.153549 0.000000 -0.000000 0.000000 4.614291 -1.489405 0.633750 -2.382133 2.486270 0.501475 0.831661 -4.400906 -0.612153 0.001393 -0.301557 -0.529334
0.543196 0.957651 0.588146 4.009554 3.685415 -0.289923 0.693773 -2.477856 0.743784 0.278067 -6.926398 0.336591 0.276050 -1.106035 0.364824 0.235650 5.007256 0.275150 -0.466665 16.297875 0.353306 -0.993114 -5.756983 0.822964 -0.089823 10.837948 8.528704 -14.529014 -20.123198 74.890062 22.320618 60.403242 16.930438 1.038225 13.717491 -5.454627 0.039228 7.735566 -7.974716 10.260027 -16.578616 -76.089308 -29.662550 66.164770 -23.343295 -5.815381 13.191429 4.412365 -6.509549 0.226467 -0.400470 0.756458 1.164897 -0.410462 -2.010255 -4.397748 0.158460 -0.000000 0.000000 -0.000000 4.503976 -1.444102 0.671923 -2.366289 2.399959 0.486731 0.947913 -4.375725 -0.608683 0.001337 -0.286547 -0.532242
0.543125 0.957661 0.588118 4.006061 3.681000 -0.310737 0.709130 -2.457924 0.755378 0.284389 -6.917494 0.341827 0.282332 -1.097133 0.370702 0.240817 5.013936 0.279586 -0.465121 16.291704 0.368611 -0.995773 -5.768280 0.850915 -0.071518 10.850769 8.540003 -14.432983 -20.172267 74.818428 22.398450 60.372619 17.053708 1.051802 13.729460 -5.414466 0.011867 7.769342 -7.956687 10.210058 -16.643638 -76.082838 -29.566772 66.185739 -23.256186 -5.810101 13.196623 4.409414 -6.486635 0.192316 -0.376716 0.757544 1.237526 -0.408704 -2.032286 -4.412852 0.162581 -0.000000 -0.000000 -0.000000 4.373992 -1.394803 0.709391 -2.338532 2.312385 0.470436 1.067088 -4.348231 -0.606192 0.001263 -0.270070 -0.534626
0.542970 0.957676 0.588065 4.009243 3.672435 -0.331769 0.724667 -2.426380 0.770327 0.290640 -6.903422 0.348544 0.288545 -1.083064 0.378053 0.246045 5.024492 0.285130 -0.461265 16.278874 0.374564 -0.990869 -5.792078 0.860738 -0.055687 10.860136 8.550352 -14.371405 -20.220712 74.748512 22.570722 60.362021 17.241225 1.063715 13.739810 -5.388829 -0.014504 7.811932 -7.935547 10.138122 -16.731018 -76.083336 -29.421413 66.180666 -23.117017 -5.801836 13.201283 4.407846 -6.459589 0.153461 -0.344373 0.748569 1.325701 -0.412200 -2.054220 -4.433506 0.162251 -0.000000 -0.000000 -0.000000 4.224807 -1.347726 0.758063 -2.298174 2.229558 0.447059 1.194889 -4.311138 -0.613958 0.001210 -0.261488 -0.530445
0.542712 0.957690 0.587967 4.015484 3.658123 -0.354796 0.742951 -2.379189 0.790354 0.297881 -6.882380 0.357516 0.295745 -1.062026 0.387761 0.252193 5.040276 0.292449 -0.455069 16.256784 0.368150 -0.977294 -5.833248 0.846847 -0.043597 10.867068 8.557063 -14.367743 -20.268300 74.691906 22.881186 60.386096 17.517149 1.071897 13.747065 -5.387354 -0.035037 7.868551 -7.910105 10.035485 -16.853301 -76.094492 -29.198202 66.135679 -22.898501 -5.788991 13.204803 4.409964 -6.423160 0.107977 -0.298490 0.723709 1.433585 -0.425033 -2.071728 -4.460941 0.157049 -0.000173 0.010517 -0.054566 4.069939 -1.303750 0.821867 -2.253500 2.152500 0.413587 1.330502 -4.258359 -0.628793 0.001215 -0.266390 -0.522463
0.542370 0.957710 0.587843 4.028405 3.639667 -0.378043 0.761444 -2.320399 0.813770 0.305056 -6.856174 0.367979 0.302883 -1.035825 0.398952 0.258406 5.059933 0.300885 -0.446594 16.228067 0.352330 -0.956181 -5.886857 0.814720 -0.033982 10.870551 8.562809 -14.398702 -20.315398 74.637332 23.287022 60.429271 17.858158 1.078300 13.752760 -5.400420 -0.054538 7.933960 -7.881488 9.910924 -16.998126 -76.112188 -28.927050 66.064195 -22.629720 -5.773158 13.207785 4.413473 -6.382656 0.057740 -0.244040 0.688706 1.557001 -0.443152 -2.089138 -4.493927 0.147398 -0.000375 0.021035 -0.109132 3.895874 -1.261843 0.896830 -2.196163 2.080186 0.373001 1.474723 -4.195943 -0.653810 0.001238 -0.279198 -0.507931
0.541948 0.957730 0.587736 4.062695 3.621745 -0.400149 0.769883 -2.257475 0.840190 0.307636 -6.828142 0.379724 0.305459 -1.007793 0.410959 0.261258 5.080960 0.309927 -0.432473 16.196966 0.331842 -0.922903 -5.944995 0.771901 -0.028355 10.869727 8.571586 -14.437238 -20.361582 74.575876 23.696383 60.461852 18.194201 1.082154 13.755894 -5.422088 -0.080578 7.992235 -7.850752 9.788487 -17.126087 -76.125719 -28.717767 65.975063 -22.407092 -5.756711 13.208189 4.416599 -6.351665 0.005447 -0.184492 0.647725 1.690232 -0.460686 -2.111619 -4.534573 0.130901 0.000000 -0.000000 0.000000 3.662531 -1.225219 0.983027 -2.100522 2.015603 0.328716 1.635656 -4.134743 -0.707718 0.001206 -0.292550 -0.472535
0.541461 0.957752 0.587648 4.119678 3.606272 -0.419064 0.765801 -2.192281 0.869414 0.304534 -6.799117 0.392657 0.302392 -0.978767 0.423576 0.259923 5.102728 0.319420 -0.409699 16.166386 0.306989 -0.871937 -6.002278 0.717829 -0.028195 10.862738 8.585247 -14.473904 -20.405015 74.499830 24.094864 60.467457 18.511544 1.082728 13.755386 -5.454073 -0.117289 8.036698 -7.818906 9.681608 -17.222045 -76.132513 -28.604160 65.869294 -22.257933 -5.737516 13.203212 4.424296 -6.344545 -0.053749 -0.126616 0.614965 1.838879 -0.469577 -2.139897 -4.585965 0.103424 0.001257 -0.083508 0.436700 3.339907 -1.191315 1.080613 -1.947223 1.950561 0.276843 1.831944 -4.062852 -0.789754 0.001168 -0.317806 -0.403808
0.540892 0.957776 0.587577 4.198026 3.591351 -0.436853 0.751681 -2.122964 0.901678 0.296836 -6.768274 0.406895 0.294762 -0.947920 0.437033 0.255228 5.125859 0.329538 -0.381316 16.133468 0.277393 -0.808819 -6.063973 0.652903 -0.031981 10.851426 8.601961 -14.518225 -20.447608 74.417002 24.495784 60.462595 18.822966 1.080754 13.752347 -5.494659 -0.160517 8.074010 -7.784907 9.576833 -17.301144 -76.135266 -28.551594 65.746289 -22.154031 -5.717709 13.195651 4.431587 -6.346959 -0.115017 -0.063691 0.576188 1.997332 -0.477829 -2.173234 -4.645027 0.069128 0.002117 -0.198616 1.037090 2.957996 -1.162246 1.189358 -1.755587 1.893433 0.221239 2.044872 -3.991922 -0.900542 0.001037 -0.343754 -0.314254
0.540204 0.957795 0.587559 4.308439 3.575962 -0.458339 0.724680 -2.051408 0.937261 0.283269 -6.736457 0.422560 0.281303 -0.916095 0.451320 0.246224 5.149718 0.340273 -0.353004 16.093782 0.246794 -0.745472 -6.138200 0.586144 -0.036719 10.840479 8.620202 -14.571517 -20.494519 74.341604 24.848335 60.467927 19.097679 1.077703 13.748997 -5.532747 -0.205409 8.108251 -7.746766 9.457826 -17.369327 -76.131374 -28.565541 65.612963 -22.106687 -5.706079 13.191900 4.421807 -6.329438 -0.161249 0.021024 0.492865 2.143014 -0.503706 -2.214603 -4.704631 0.038065 0.002140 -0.284146 1.473252 2.566675 -1.148291 1.308900 -1.558110 1.872116 0.176871 2.226615 -3.968047 -1.061179 0.000652 -0.329110 -0.226897
0.539385 0.957805 0.587598 4.455836 3.562395 -0.488510 0.682027 -1.980175 0.978521 0.262510 -6.704809 0.440704 0.260697 -0.884437 0.467356 0.231994 5.173446 0.352317 -0.323145 16.045515 0.214298 -0.678558 -6.228333 0.515297 -0.041072 10.831773 8.639398 -14.642837 -20.549355 74.280088 25.139696 60.494027 19.327800 1.073415 13.745493 -5.566438 -0.254985 8.142056 -7.700968 9.321590 -17.420971 -76.119269 -28.671171 65.466044 -22.139367 -5.709177 13.195930 4.380025 -6.294812 -0.181971 0.143678 0.367400 2.254122 -0.566424 -2.269484 -4.756150 0.018556 0.002232 -0.306986 1.582904 2.155375 -1.162380 1.441574 -1.350140 1.909164 0.152834 2.375994 -4.012201 -1.291686 0.000079 -0.234278 -0.141606
0.538445 0.957811 0.587691 4.635301 3.548441 -0.522402 0.626537 -1.906726 1.023169 0.235891 -6.672206 0.460319 0.234269 -0.851823 0.484269 0.213462 5.197884 0.365016 -0.293344 15.990499 0.180750 -0.611336 -6.330956 0.442480 -0.046365 10.823422 8.660130 -14.723116 -20.608549 74.226144 25.383275 60.530960 19.521859 1.068071 13.741624 -5.597620 -0.306164 8.172772 -7.650991 9.171070 -17.461795 -76.100415 -28.840890 65.308810 -22.225895 -5.720516 13.203762 4.321177 -6.240211 -0.188205 0.288201 0.197238 2.352274 -0.646786 -2.332407 -4.808212 0.002313 0.002464 -0.300207 1.528332 1.734488 -1.191375 1.585324 -1.136573 1.982212 0.140101 2.494771 -4.103089 -1.572572 -0.000163 -0.098821 -0.058259
0.537378 0.957814 0.587865 4.842789 3.526311 -0.549947 0.563726 -1.825303 1.064539 0.206126 -6.636092 0.478442 0.204714 -0.815697 0.499369 0.192440 5.224953 0.376351 -0.274071 15.929704 0.152572 -0.565602 -6.444168 0.383422 -0.053605 10.814479 8.682589 -14.786424 -20.666387 74.174660 25.567878 60.568970 19.673865 1.063643 13.739020 -5.620872 -0.344976 8.196555 -7.605381 8.998856 -17.514764 -76.076581 -29.002043 65.158038 -22.304219 -5.729268 13.209904 4.273405 -6.127667 -0.195264 0.422989 -0.063656 2.479835 -0.705578 -2.389906 -4.879579 -0.025518 0.002489 -0.301892 1.468480 1.385401 -1.207141 1.733031 -0.964239 2.051655 0.126371 2.539678 -4.223750 -1.865771 0.000000 -0.000000 0.000000
0.536152 0.957821 0.588130 5.081030 3.487105 -0.572422 0.493202 -1.729782 1.102502 0.173031 -6.593744 0.495012 0.171849 -0.773339 0.512579 0.168781 5.256692 0.386263 -0.268798 15.860463 0.132584 -0.548883 -6.572911 0.344680 -0.063509 10.804041 8.710536 -14.819660 -20.726062 74.120424 25.684406 60.603875 19.779541 1.061406 13.738048 -5.633463 -0.363344 8.212589 -7.566138 8.785199 -17.591173 -76.044425 -29.138162 65.027199 -22.364141 -5.731147 13.211286 4.248808 -5.908929 -0.206659 0.546199 -0.497865 2.659097 -0.735786 -2.411970 -4.975049 -0.071320 0.002168 -0.330659 1.458036 1.146271 -1.197813 1.891686 -0.850815 2.109363 0.102639 2.480377 -4.377375 -2.162817 0.000111 0.024335 0.016870
0.534799 0.957825 0.588476 5.347288 3.439691 -0.588728 0.415342 -1.626302 1.137315 0.136771 -6.547894 0.510164 0.135836 -0.727479 0.524050 0.142621 5.291054 0.394868 -0.273993 15.785374 0.118045 -0.553638 -6.712414 0.319896 -0.075317 10.792982 8.740235 -14.835870 -20.784264 74.068380 25.741559 60.640167 19.842745 1.060091 13.738330 -5.638123 -0.369376 8.221694 -7.531373 8.549800 -17.679743 -76.006896 -29.266265 64.902862 -22.416437 -5.730391 13.210993 4.235288 -5.632311 -0.219453 0.659825 -1.022900 2.867164 -0.744931 -2.428507 -5.089828 -0.128753 0.001675 -0.367893 1.442310 0.979007 -1.176378 2.054173 -0.778632 2.163363 0.077959 2.347904 -4.561432 -2.472095 0.000065 0.012165 0.008438
0.533401 0.957801 0.588910 5.629307 3.402767 -0.585136 0.336740 -1.527505 1.162875 0.100563 -6.504148 0.521213 0.099868 -0.683725 0.531423 0.116177 5.323835 0.400392 -0.289613 15.713285 0.107107 -0.579110 -6.846276 0.305612 -0.087879 10.783028 8.760617 -14.848349 -20.825489 74.028569 25.754622 60.681038 19.869430 1.057830 13.740383 -5.637623 -0.373433 8.222478 -7.503827 8.344499 -17.769461 -75.975522 -29.365568 64.761566 -22.432499 -5.728877 13.212813 4.224704 -5.404654 -0.238290 0.737676 -1.436912 3.079175 -0.714856 -2.515864 -5.228452 -0.193317 0.001254 -0.395841 1.416166 0.850779 -1.152303 2.192097 -0.741330 2.198080 0.066896 2.190698 -4.750550 -2.780683 0.000000 -0.000000 -0.000000
0.532061 0.957745 0.589408 5.932956 3.376803 -0.553485 0.254757 -1.433749 1.177658 0.063307 -6.462670 0.527468 0.062854 -0.642242 0.533895 0.088570 5.354915 0.402229 -0.320223 15.645596 0.100341 -0.634049 -6.971858 0.304602 -0.100128 10.772885 8.763194 -14.854586 -20.843744 74.002998 25.714458 60.728779 19.846319 1.052840 13.745459 -5.630947 -0.378630 8.206676 -7.484751 8.190929 -17.851134 -75.962381 -29.424609 64.595052 -22.395026 -5.727207 13.220585 4.211124 -5.260768 -0.265716 0.753898 -1.651703 3.299922 -0.622897 -2.729747 -5.396069 -0.257932 0.000889 -0.420855 1.416063 0.750006 -1.122155 2.284388 -0.747671 2.206186 0.083081 2.025865 -4.953441 -3.095457 -0.000000 -0.000000 0.000000
0.530676 0.957661 0.589993 6.252346 3.360964 -0.501806 0.171894 -1.344674 1.183258 0.026052 -6.423288 0.529649 0.025835 -0.602856 0.532295 0.060646 5.384423 0.401002 -0.361206 15.580853 0.097316 -0.709738 -7.091872 0.314421 -0.113246 10.763904 8.756436 -14.857022 -20.845021 73.989621 25.629675 60.780903 19.786308 1.046921 13.752310 -5.619104 -0.381918 8.182583 -7.472980 8.067547 -17.933783 -75.956038 -29.456310 64.411499 -22.323093 -5.724750 13.230481 4.200499 -5.165668 -0.297777 0.734010 -1.754679 3.524679 -0.490069 -3.014214 -5.588104 -0.328881 0.000604 -0.436580 1.405537 0.688329 -1.089523 2.352347 -0.788735 2.194580 0.112669 1.836677 -5.161680 -3.409558 0.000000 -0.000000 0.000000
0.529025 0.957536 0.590742 6.557614 3.371991 -0.440354 0.102433 -1.271784 1.178149 -0.004760 -6.391073 0.527120 -0.004785 -0.570641 0.526637 0.037212 5.408560 0.396725 -0.398827 15.523661 0.094596 -0.779271 -7.197867 0.323588 -0.129459 10.761763 8.754737 -14.876387 -20.831839 73.992601 25.542454 60.833517 19.734796 1.043562 13.757688 -5.607906 -0.384450 8.173649 -7.467516 7.961512 -18.033646 -75.933056 -29.476406 64.212085 -22.242752 -5.721558 13.234788 4.202501 -5.121501 -0.329259 0.728691 -1.807637 3.715061 -0.363708 -3.278071 -5.794428 -0.421925 0.000658 -0.406151 1.270079 0.667803 -1.074197 2.430996 -0.831583 2.169147 0.128892 1.619794 -5.324019 -3.689431 0.000000 -0.000000 0.000000
0.527021 0.957358 0.591687 6.834311 3.423716 -0.368385 0.053800 -1.226035 1.157840 -0.025606 -6.370875 0.517882 -0.025502 -0.550444 0.515283 0.020777 5.423697 0.388163 -0.429737 15.480430 0.092615 -0.836510 -7.277961 0.331613 -0.149203 10.769276 8.766743 -14.931011 -20.800944 74.016844 25.468826 60.890351 19.714209 1.044710 13.759253 -5.601307 -0.384880 8.191910 -7.468315 7.876169 -18.154750 -75.878941 -29.508108 63.986546 -22.178088 -5.718803 13.228310 4.223616 -5.143614 -0.362731 0.750470 -1.814930 3.852295 -0.256741 -3.486643 -6.017885 -0.545015 0.001021 -0.286732 0.882882 0.702337 -1.081721 2.534674 -0.858744 2.115356 0.111827 1.358007 -5.418715 -3.922955 -0.000000 0.000000 0.000000
0.524750 0.957140 0.592796 7.097039 3.502218 -0.286186 0.018525 -1.196318 1.126649 -0.040010 -6.357769 0.503829 -0.039818 -0.537339 0.499768 0.008827 5.433523 0.376468 -0.457355 15.444785 0.090880 -0.887669 -7.343979 0.338862 -0.171966 10.783580 8.783896 -15.002401 -20.755596 74.057645 25.392895 60.947734 19.702202 1.048421 13.759370 -5.595366 -0.384617 8.225380 -7.475285 7.808212 -18.293071 -75.808590 -29.528462 63.745023 -22.105680 -5.715489 13.216203 4.257312 -5.216630 -0.396021 0.787018 -1.772502 3.955572 -0.157018 -3.674101 -6.255519 -0.690702 0.000766 -0.120884 0.370854 0.778163 -1.106795 2.648667 -0.887510 2.047998 0.081097 1.067265 -5.467901 -4.122117 0.000000 -0.000000 0.000000
0.522248 0.956904 0.594041 7.359485 3.582797 -0.205589 -0.011423 -1.161041 1.096296 -0.052094 -6.342174 0.490168 -0.051828 -0.521745 0.484880 -0.001345 5.445217 0.365250 -0.478158 15.402194 0.084421 -0.924407 -7.422974 0.334846 -0.198521 10.801830 8.794829 -15.056069 -20.708118 74.104726 25.309401 60.990785 19.677410 1.052329 13.761846 -5.584059 -0.388957 8.261468 -7.487295 7.734793 -18.452755 -75.742382 -29.484635 63.519356 -21.980759 -5.708383 13.206283 4.293764 -5.296684 -0.417384 0.851760 -1.730088 4.043967 -0.074954 -3.852702 -6.488197 -0.852050 -0.000000 -0.000000 0.000000 0.855791 -1.153035 2.764270 -0.937343 2.016827 0.069707 0.793312 -5.486068 -4.289319 0.000000 -0.000000 0.000000
0.519487 0.956673 0.595408 7.629262 3.661057 -0.129688 -0.037927 -1.116248 1.067930 -0.062751 -6.322338 0.477407 -0.062421 -0.501909 0.471037 -0.010376 5.460093 0.354822 -0.493260 15.345587 0.073375 -0.948902 -7.528088 0.320284 -0.233727 10.824391 8.800001 -15.077793 -20.660651 74.155931 25.201985 61.012565 19.624530 1.055594 13.768577 -5.562959 -0.401024 8.299555 -7.502445 7.636770 -18.642588 -75.688838 -29.315346 63.328600 -21.750861 -5.693167 13.200848 4.335507 -5.371023 -0.431329 0.954936 -1.735690 4.130925 -0.022862 -3.997809 -6.707312 -1.028093 -0.000244 0.030183 -0.094048 0.882075 -1.201868 2.885941 -0.983755 1.993162 0.079697 0.559121 -5.450018 -4.418577 0.000000 0.000000 0.000000
0.516494 0.956425 0.596911 7.898751 3.741423 -0.055370 -0.059126 -1.065880 1.040484 -0.071099 -6.300007 0.465073 -0.070719 -0.479580 0.457856 -0.017637 5.476842 0.344897 -0.501631 15.282086 0.057409 -0.959040 -7.646101 0.294095 -0.272757 10.850946 8.799063 -15.081573 -20.611223 74.213224 25.087507 61.019812 19.559494 1.059075 13.777689 -5.536501 -0.417743 8.340305 -7.522548 7.533192 -18.853711 -75.639356 -29.084732 63.153305 -21.470946 -5.674207 13.197541 4.380078 -5.452275 -0.433651 1.086423 -1.741548 4.203211 0.011420 -4.134098 -6.921338 -1.219920 -0.000101 0.015105 -0.047020 0.910124 -1.271894 3.009074 -1.051458 2.005265 0.109434 0.340977 -5.383045 -4.515657 -0.000000 0.000000 0.000000
0.513390 0.956119 0.598571 8.158669 3.812519 0.014594 -0.077408 -1.000326 1.022523 -0.078590 -6.270917 0.456991 -0.078168 -0.450491 0.449013 -0.023928 5.498658 0.338246 -0.496550 15.218496 0.030775 -0.940024 -7.764446 0.242930 -0.302019 10.877713 8.779339 -15.075314 -20.566026 74.272415 25.010457 61.018304 19.507670 1.062955 13.787307 -5.511950 -0.435189 8.373060 -7.552176 7.458672 -19.063800 -75.588691 -28.927253 62.968038 -21.256553 -5.661085 13.197278 4.410186 -5.534663 -0.399454 1.229059 -1.653569 4.239997 0.054241 -4.347975 -7.137227 -1.423196 -0.000000 0.000000 -0.000000 1.059607 -1.422403 3.110522 -1.234452 2.187359 0.187524 0.115110 -5.369443 -4.600085 0.000000 -0.000000 -0.000000
0.510239 0.955759 0.600424 8.404195 3.874788 0.085353 -0.089427 -0.919897 1.014117 -0.083740 -6.235199 0.453196 -0.083292 -0.414773 0.444696 -0.028129 5.525445 0.335010 -0.475452 15.160582 -0.008729 -0.886135 -7.872436 0.161603 -0.318763 10.903924 8.730978 -15.075907 -20.516901 74.336545 25.007790 61.018996 19.496964 1.067261 13.797189 -5.491587 -0.454057 8.385873 -7.600501 7.429950 -19.265216 -75.526062 -28.877962 62.766498 -21.148642 -5.659228 13.203450 4.407103 -5.617176 -0.320993 1.371162 -1.419762 4.230713 0.111114 -4.676079 -7.359442 -1.632984 0.000000 0.000000 0.000000 1.386218 -1.624794 3.158210 -1.572773 2.487333 0.352886 -0.133590 -5.394296 -4.670330 0.000294 0.030739 -0.002237
0.506975 0.955340 0.602434 8.640098 3.927865 0.151596 -0.098501 -0.824391 1.015333 -0.088031 -6.192771 0.453711 -0.087565 -0.372346 0.444774 -0.031355 5.557262 0.335091 -0.441061 15.102774 -0.059161 -0.803177 -7.980328 0.054751 -0.326137 10.930580 8.663671 -15.066296 -20.472113 74.402477 25.042218 61.011309 19.498920 1.071958 13.807563 -5.473136 -0.473868 8.390799 -7.658470 7.430679 -19.465759 -75.463059 -28.898894 62.555346 -21.103949 -5.662907 13.212786 4.389537 -5.700645 -0.205983 1.524692 -1.091807 4.186626 0.174879 -5.081581 -7.584476 -1.853658 0.000000 -0.000000 0.000000 1.834427 -1.906951 3.180844 -2.026128 2.955934 0.567033 -0.389487 -5.473113 -4.726802 0.000448 0.061477 -0.004487
0.503523 0.954806 0.604512 8.871393 3.959306 0.194689 -0.116918 -0.703554 1.034824 -0.097332 -6.139104 0.462381 -0.096822 -0.318681 0.452500 -0.037740 5.597500 0.340940 -0.394615 15.034894 -0.120104 -0.693583 -8.106910 -0.076395 -0.319429 10.956511 8.593900 -15.003636 -20.462543 74.456325 25.046973 60.968710 19.454516 1.077126 13.817249 -5.457024 -0.488896 8.413060 -7.703298 7.446137 -19.666133 -75.428083 -29.013432 62.328847 -21.110367 -5.665184 13.216180 4.396270 -5.781967 -0.052676 1.708000 -0.730905 4.119567 0.252881 -5.540577 -7.807969 -2.094468 -0.000000 -0.000000 -0.000000 2.356639 -2.414108 3.242886 -2.569503 3.881249 0.742475 -0.628961 -5.735590 -4.790774 0.000000 0.000000 0.000000
0.499831 0.954125 0.606631 9.105067 3.962623 0.216230 -0.150998 -0.554068 1.073138 -0.114498 -6.072740 0.479450 -0.113905 -0.252319 0.467827 -0.049418 5.647248 0.352524 -0.330504 14.961137 -0.188489 -0.547903 -8.244272 -0.228321 -0.290871 10.984817 8.521185 -14.887197 -20.494645 74.502569 25.014546 60.886112 19.354986 1.083757 13.827604 -5.441284 -0.490147 8.446187 -7.721632 7.518281 -19.857248 -75.443327 -29.315485 62.135983 -21.251512 -5.635956 13.193276 4.424748 -5.855319 0.142011 1.924325 -0.322929 4.031256 0.346364 -6.099711 -8.027867 -2.360279 0.000000 -0.000000 0.000000 3.032525 -3.183586 3.356681 -3.329657 5.360765 0.856265 -0.886706 -6.361455 -4.871485 -0.000373 -0.087142 0.025314
0.495949 0.953329 0.608819 9.334054 3.944584 0.214326 -0.194132 -0.379406 1.129891 -0.136596 -5.995214 0.504770 -0.135900 -0.174798 0.490903 -0.064195 5.705357 0.369960 -0.254560 14.877501 -0.267841 -0.375620 -8.399742 -0.405538 -0.248502 11.012485 8.445635 -14.717543 -20.562216 74.535054 24.953682 60.768362 19.210393 1.090847 13.837268 -5.427889 -0.486463 8.496497 -7.726817 7.605635 -20.047590 -75.487303 -29.707752 61.926878 -21.440581 -5.605654 13.164363 4.477560 -5.925913 0.374812 2.170662 0.118246 3.920012 0.452633 -6.712098 -8.248183 -2.645460 -0.000000 0.000000 0.000000 3.780097 -4.181004 3.497002 -4.187675 7.294906 0.922958 -1.125064 -7.170876 -4.955997 -0.000625 -0.266463 0.057591
0.491959 0.952447 0.611070 9.542292 3.912868 0.165098 -0.238957 -0.179527 1.212327 -0.160712 -5.906497 0.541594 -0.159913 -0.086088 0.525279 -0.079633 5.771843 0.395933 -0.185142 14.761423 -0.367600 -0.207348 -8.615116 -0.618943 -0.210974 11.028906 8.384703 -14.453867 -20.676978 74.522745 24.823498 60.603328 18.991750 1.095485 13.840981 -5.423160 -0.499017 8.608292 -7.735763 7.567805 -20.264855 -75.520613 -29.929946 61.548755 -21.412641 -5.659089 13.181080 4.600534 -6.006857 0.638091 2.455791 0.489441 3.791803 0.574732 -7.213383 -8.472495 -2.944224 -0.000000 0.000000 0.000000 4.306572 -5.445024 3.675808 -4.752335 9.678652 0.922502 -1.215019 -7.752047 -5.040248 -0.000437 -0.829981 0.060288
0.487737 0.951424 0.613345 9.726624 3.873389 0.035102 -0.289755 0.052652 1.337340 -0.189583 -5.803463 0.597470 -0.188672 0.016936 0.578226 -0.097228 5.849039 0.435933 -0.127245 14.588403 -0.504296 -0.045654 -8.935726 -0.898036 -0.186707 11.006194 8.339843 -14.054380 -20.833696 74.453353 24.596471 60.379178 18.672326 1.100398 13.835429 -5.425379 -0.542304 8.821428 -7.745797 7.310605 -20.525144 -75.512381 -29.916144 60.889931 -21.065836 -5.875464 13.290666 4.751831 -6.090022 0.927127 2.809248 0.763458 3.646569 0.734892 -7.564159 -8.713156 -3.280719 0.000000 0.000000 0.000000 4.475402 -7.050824 3.962738 -4.935037 12.619829 0.832583 -1.109367 -7.994246 -5.165328 -0.000420 -1.903960 0.022797
0.483405 0.950316 0.615683 9.890367 3.820729 -0.142285 -0.341070 0.310100 1.487936 -0.220066 -5.689226 0.664804 -0.219049 0.131162 0.642465 -0.115201 5.934617 0.484478 -0.075977 14.382934 -0.661486 0.112783 -9.315959 -1.214206 -0.166859 10.972006 8.309644 -13.559943 -21.036352 74.334620 24.305642 60.106571 18.284697 1.102848 13.823900 -5.436245 -0.602509 9.095883 -7.759300 6.926276 -20.814123 -75.484943 -29.760609 60.061274 -20.529261 -6.177117 13.446566 4.970125 -6.181813 1.247138 3.201173 0.967810 3.483617 0.912102 -7.802959 -8.956249 -3.632002 0.000000 -0.000000 -0.000000 4.407287 -8.921284 4.302768 -4.833173 16.016290 0.709039 -0.860862 -8.005146 -5.301456 0.000869 -3.361131 -0.064264
0.479408 0.949319 0.618195 10.027173 3.745285 -0.290664 -0.371618 0.571612 1.620505 -0.240660 -5.573129 0.724089 -0.239597 0.247252 0.699658 -0.126362 6.021604 0.527733 -0.034721 14.195808 -0.798833 0.245694 -9.661836 -1.490084 -0.143997 10.998922 8.307518 -13.053886 -21.310222 74.165333 24.000200 59.807240 17.888273 1.091656 13.810971 -5.467143 -0.658734 9.356239 -7.800572 6.553980 -21.113742 -75.480814 -29.446280 59.243928 -19.887898 -6.415523 13.560194 5.422929 -6.317913 1.606230 3.550546 1.081300 3.308229 1.046252 -7.883449 -9.163522 -3.922377 -0.000000 0.000000 -0.000000 4.206198 -10.864878 4.527961 -4.307085 19.551159 0.694223 -0.489519 -7.701136 -5.341409 0.011128 -5.111425 -0.249317
0.475892 0.948465 0.620887 10.138786 3.617850 -0.399306 -0.378772 0.851921 1.728919 -0.249937 -5.448597 0.772556 -0.248892 0.371780 0.747185 -0.129848 6.114936 0.563723 0.001258 14.028661 -0.907040 0.357958 -9.970585 -1.709642 -0.111398 11.139282 8.358623 -12.492410 -21.727814 73.882092 23.699233 59.458175 17.517059 1.063085 13.802506 -5.516714 -0.724079 9.602738 -7.892805 6.215981 -21.460083 -75.522110 -28.869182 58.422322 -19.073534 -6.531994 13.566771 6.231110 -6.519177 2.036519 3.841972 1.063969 3.117171 1.116145 -7.752183 -9.318443 -4.129408 0.000107 0.008403 -0.018218 3.742424 -12.873970 4.610409 -2.978063 23.334485 0.961389 0.078335 -6.899207 -5.262321 0.042555 -7.384114 -0.600174
0.472710 0.947722 0.623753 10.223504 3.467241 -0.479010 -0.365909 1.136254 1.819357 -0.249598 -5.322194 0.812932 -0.248615 0.498182 0.787595 -0.126715 6.209689 0.594355 0.027431 13.879684 -0.995076 0.444217 -10.245714 -1.887722 -0.074955 11.340526 8.438389 -11.917339 -22.214067 73.541730 23.385211 59.082418 17.139255 1.020693 13.792428 -5.586191 -0.786508 9.835270 -8.012793 5.889002 -21.816297 -75.588008 -28.159394 57.605400 -18.179743 -6.597476 13.528879 7.272890 -6.765644 2.507082 4.088526 0.955824 2.913535 1.146197 -7.464165 -9.434887 -4.276465 0.000199 0.016796 -0.036441 3.156607 -14.954995 4.596041 -1.111702 27.240708 1.510978 0.783787 -5.794189 -5.062823 0.102817 -9.931693 -1.136813
0.469869 0.947189 0.626887 10.269403 3.370481 -0.485471 -0.322190 1.359126 1.866601 -0.233305 -5.222971 0.833901 -0.232433 0.597413 0.810215 -0.112982 6.284107 0.611523 0.026712 13.794361 -1.049447 0.465775 -10.403409 -1.991185 -0.047168 11.518048 8.485486 -11.544699 -22.577665 73.335880 23.048550 58.770745 16.711557 0.964322 13.767225 -5.690813 -0.785949 9.978386 -8.115469 5.646452 -22.053612 -75.666845 -27.599167 57.017653 -17.484582 -6.650856 13.548971 8.355694 -7.033912 2.931083 4.252291 0.855371 2.712628 1.143916 -7.136758 -9.520616 -4.356196 0.000000 0.000000 -0.000000 2.988173 -16.942086 4.393465 0.422392 30.608054 2.117147 1.415462 -4.873901 -4.681045 0.184362 -11.956910 -1.760315
0.467413 0.946920 0.630355 10.263088 3.356534 -0.390528 -0.236773 1.489618 1.855301 -0.195291 -5.164633 0.828575 -0.194593 0.655767 0.808746 -0.084786 6.327926 0.610444 -0.017598 13.807631 -1.053514 0.383540 -10.379460 -1.981168 -0.031486 11.654112 8.474412 -11.488040 -22.741481 73.380407 22.635407 58.556717 16.140846 0.883500 13.709377 -5.873200 -0.670313 9.985922 -8.188035 5.449966 -22.110867 -75.752927 -27.192544 56.784494 -17.018662 -6.696306 13.693317 9.469230 -7.303159 3.266804 4.306584 0.796801 2.533348 1.109875 -6.826559 -9.581067 -4.358151 -0.000460 -0.046568 0.168312 3.632792 -18.812885 3.880760 1.099888 33.327926 2.561078 1.962881 -4.390574 -3.945440 0.292439 -13.202936 -2.532603
0.465297 0.946861 0.634092 10.217872 3.396451 -0.222155 -0.121450 1.559233 1.800290 -0.141603 -5.133253 0.803625 -0.141127 0.687162 0.789248 -0.046204 6.351563 0.595710 -0.088216 13.884164 -1.022762 0.236948 -10.238872 -1.894312 -0.025320 11.766757 8.430701 -11.636910 -22.786145 73.572878 22.197630 58.404262 15.517451 0.789741 13.635430 -6.090469 -0.490129 9.904566 -8.244926 5.339704 -22.048010 -75.857085 -26.889553 56.786806 -16.705463 -6.718383 13.892923 10.627914 -7.597071 3.553972 4.278656 0.745506 2.356391 1.043428 -6.477184 -9.611191 -4.293103 -0.000808 -0.118091 0.391366 4.742731 -20.575301 3.120092 1.365550 35.524693 2.909815 2.440664 -4.108734 -3.043914 0.404898 -13.930633 -3.304369
0.463387 0.946952 0.637996 10.161815 3.480338 -0.020172 0.000532 1.596081 1.721494 -0.083654 -5.116453 0.768032 -0.083405 0.703973 0.759538 -0.005183 6.364272 0.573245 -0.151413 13.964128 -0.991969 0.104489 -10.091665 -1.810489 -0.032917 11.825164 8.368987 -11.874466 -22.759962 73.784989 21.879432 58.302333 15.068375 0.715085 13.583947 -6.230008 -0.338236 9.797959 -8.281381 5.507776 -21.917845 -75.994703 -26.867352 56.889345 -16.640111 -6.722403 14.050160 11.676383 -7.959146 3.827417 4.212475 0.696904 2.140050 0.949386 -6.036343 -9.603648 -4.185364 -0.000971 -0.225954 0.492331 5.731924 -22.120226 2.302204 1.707464 36.904084 3.224164 2.655717 -3.753748 -2.463049 0.443565 -14.159262 -3.570363
0.461646 0.947270 0.642021 10.111280 3.618721 0.220712 0.119909 1.596306 1.612273 -0.025239 -5.116003 0.718891 -0.025213 0.704429 0.716328 0.035192 6.364721 0.540575 -0.197509 14.043416 -0.968426 0.007297 -9.945290 -1.747272 -0.065909 11.802085 8.283467 -12.217694 -22.650503 74.008029 21.723008 58.245840 14.875660 0.665508 13.570790 -6.246935 -0.254737 9.676588 -8.285431 6.132001 -21.714338 -76.197392 -27.293133 57.097355 -16.946885 -6.705331 14.129276 12.571855 -8.478277 4.099825 4.108415 0.667640 1.842890 0.812571 -5.433123 -9.529403 -4.026210 -0.000985 -0.389652 0.367854 6.505695 -23.415174 1.428188 2.247480 37.273070 3.550679 2.450157 -3.165882 -2.467884 0.370773 -14.019206 -3.023678
0.460111 0.947737 0.646214 10.050653 3.801233 0.495090 0.246059 1.564129 1.478820 0.037469 -5.130008 0.658953 0.037254 0.690423 0.662756 0.078003 6.354323 0.500073 -0.236189 14.126207 -0.944953 -0.075786 -9.792243 -1.687225 -0.112560 11.724923 8.179428 -12.648423 -22.468188 74.249126 21.680360 58.243525 14.851250 0.633948 13.581340 -6.186692 -0.199464 9.529350 -8.268650 7.031725 -21.440715 -76.426823 -28.010985 57.403299 -17.515484 -6.675420 14.166897 13.355794 -9.066836 4.355420 3.966757 0.641472 1.504918 0.650872 -4.737914 -9.418080 -3.824592 -0.000440 -0.589822 0.121136 7.142482 -24.499692 0.522129 2.797092 36.826252 3.764328 1.978897 -2.469931 -2.803392 0.227413 -13.402467 -1.951191
0.458751 0.948059 0.650617 9.959518 3.986561 0.747049 0.383612 1.539250 1.360612 0.104467 -5.140785 0.605782 0.103990 0.679638 0.616386 0.124554 6.346328 0.465007 -0.263275 14.165265 -0.935221 -0.131032 -9.720110 -1.658030 -0.142031 11.644595 8.088053 -12.999334 -22.298300 74.404427 21.759225 58.307576 14.966395 0.632141 13.609374 -6.072216 -0.144819 9.387525 -8.260474 7.862881 -21.166485 -76.598165 -28.710273 57.655356 -18.085762 -6.658627 14.176133 13.997180 -9.502025 4.589934 3.830741 0.564180 1.207727 0.517459 -4.110741 -9.349950 -3.631630 0.000781 -0.779907 -0.114794 7.277410 -25.405017 -0.141365 3.409476 35.847379 3.710579 1.514127 -1.807939 -3.164872 0.076437 -11.976786 -0.753307
0.457579 0.948137 0.655236 9.824852 4.163910 0.966305 0.538122 1.534395 1.266377 0.177776 -5.142643 0.563229 0.177013 0.677761 0.581276 0.176661 6.345005 0.438436 -0.276412 14.137673 -0.949462 -0.149880 -9.771390 -1.679922 -0.143583 11.572711 8.017772 -13.225636 -22.160543 74.431045 22.036971 58.465145 15.289812 0.680282 13.662981 -5.874595 -0.079135 9.258579 -8.271211 8.520787 -20.905407 -76.671667 -29.336470 57.775417 -18.600150 -6.668511 14.152336 14.474539 -9.690005 4.796871 3.701953 0.435494 0.981488 0.436285 -3.636129 -9.352870 -3.466501 0.002431 -0.943210 -0.295376 6.651432 -26.125981 -0.401416 4.161289 34.337375 3.291129 1.133322 -1.368132 -3.487306 -0.025795 -9.091972 0.688462
0.456584 0.948069 0.660066 9.659397 4.344355 1.162798 0.703976 1.536670 1.187315 0.255375 -5.141333 0.527399 0.254308 0.679042 0.553324 0.232511 6.346043 0.417263 -0.278247 14.066501 -0.978086 -0.141303 -9.903354 -1.733659 -0.127953 11.497564 7.959948 -13.374128 -22.036950 74.373505 22.441971 58.688293 15.757198 0.760087 13.734039 -5.622622 -0.013943 9.135271 -8.290510 9.111913 -20.647064 -76.690486 -29.934282 57.843129 -19.106534 -6.687151 14.101782 14.809641 -9.723782 4.986324 3.578860 0.254972 0.797397 0.381609 -3.229727 -9.399022 -3.310410 0.004451 -1.096458 -0.465154 5.490052 -26.682057 -0.380318 5.019167 32.288733 2.651791 0.764025 -0.969324 -3.848736 -0.016066 -5.373658 2.182602
0.455700 0.947861 0.665128 9.480684 4.519181 1.310987 0.869002 1.546892 1.136892 0.331197 -5.136483 0.504329 0.329835 0.683852 0.537952 0.287982 6.349719 0.405584 -0.272182 13.973451 -1.005129 -0.118113 -10.075846 -1.787746 -0.096568 11.434926 7.920386 -13.416626 -21.958260 74.261386 22.754487 58.907286 16.137059 0.824910 13.792086 -5.425616 0.043753 9.027043 -8.316643 9.611720 -20.426504 -76.702012 -30.329020 57.950744 -19.485487 -6.690273 14.053561 15.037192 -9.659489 5.181888 3.499333 -0.032311 0.649258 0.331260 -2.798545 -9.484683 -3.158253 0.006778 -1.243421 -0.624621 4.153777 -27.145804 -0.227633 5.882100 29.976151 2.016902 0.440930 -0.204172 -4.147135 0.055123 -2.425636 2.917519
0.454876 0.947504 0.670358 9.288058 4.685152 1.392976 1.034725 1.572983 1.125668 0.405390 -5.124513 0.498696 0.403745 0.695773 0.539851 0.343538 6.358725 0.406937 -0.258534 13.849093 -1.029460 -0.081163 -10.306385 -1.840075 -0.042657 11.393455 7.906746 -13.317496 -21.946285 74.079612 22.918860 59.107787 16.372656 0.855917 13.824186 -5.338095 0.087284 8.945408 -8.351818 9.993573 -20.273945 -76.719998 -30.443865 58.122001 -19.669721 -6.669433 14.023602 15.194635 -9.466386 5.382441 3.492958 -0.516684 0.541965 0.275479 -2.281963 -9.612979 -3.012400 0.009294 -1.379977 -0.771722 2.553432 -27.543622 0.118780 6.798310 27.433305 1.394977 0.235798 1.251389 -4.240287 0.063583 -0.978202 2.315637
0.454164 0.947005 0.675819 9.081640 4.845062 1.426566 1.199904 1.606575 1.143128 0.477928 -5.109132 0.505820 0.476009 0.711098 0.554339 0.398808 6.370286 0.417789 -0.236834 13.702869 -1.052502 -0.029077 -10.577410 -1.893522 0.027135 11.364357 7.911333 -13.112638 -21.977985 73.841886 22.986733 59.304933 16.517767 0.870510 13.843325 -5.305592 0.123332 8.878929 -8.393419 10.285142 -20.158783 -76.734167 -30.351778 58.336627 -19.718697 -6.629637 13.996757 15.245699 -9.173617 5.589682 3.530268 -1.108060 0.470211 0.226056 -1.740479 -9.780939 -2.871913 0.011974 -1.510266 -0.908499 0.775552 -27.832407 0.596035 7.728602 24.621704 0.803027 0.076782 3.074909 -4.291601 0.023990 -0.345618 0.998416
0.453659 0.946394 0.681727 8.880115 4.999127 1.439962 1.348243 1.623988 1.171296 0.542488 -5.100934 0.517812 0.540324 0.719238 0.572884 0.448429 6.376456 0.431710 -0.209266 13.584623 -1.061603 0.028312 -10.796507 -1.922879 0.091252 11.337214 7.917204 -12.880486 -22.017654 73.621250 22.890262 59.474730 16.499558 0.875164 13.858268 -5.273760 0.165044 8.802549 -8.432469 10.542629 -20.023753 -76.754951 -30.104164 58.622436 -19.702444 -6.566801 13.956254 15.114718 -8.927398 5.830903 3.560583 -1.590644 0.412733 0.192522 -1.262692 -9.975760 -2.726644 0.015004 -1.650449 -1.041606 -0.543055 -28.002413 0.848486 8.383487 21.725613 0.414898 -0.219896 4.700330 -4.655686 -0.000000 0.000000 0.000000
0.453415 0.945649 0.688144 8.691414 5.158782 1.444618 1.476389 1.608507 1.205280 0.597858 -5.107370 0.532579 0.595470 0.712747 0.593272 0.491328 6.371647 0.447036 -0.175673 13.518095 -1.050828 0.088484 -10.919672 -1.916643 0.144349 11.313622 7.916284 -12.614275 -22.041285 73.440398 22.533359 59.596201 16.218730 0.868680 13.870776 -5.226637 0.222657 8.703455 -8.467668 10.764251 -19.848511 -76.786901 -29.649395 58.989597 -19.596927 -6.476542 13.898435 14.785792 -8.776581 6.115352 3.564794 -1.858554 0.343066 0.179383 -0.907312 -10.198263 -2.579505 0.018297 -1.793616 -1.167943 -1.080968 -28.061418 0.679548 8.623821 18.742042 0.330637 -0.790002 5.963744 -5.680337 0.005648 0.170780 -0.223523
0.453378 0.944791 0.695006 8.507477 5.312424 1.429152 1.587772 1.576747 1.250195 0.645282 -5.121025 0.552353 0.642691 0.699040 0.617861 0.528609 6.361424 0.465545 -0.136223 13.479454 -1.025675 0.153592 -10.991122 -1.885305 0.191808 11.291979 7.916940 -12.320134 -22.073100 73.276765 22.007311 59.688042 15.771783 0.852329 13.879136 -5.179925 0.286180 8.594455 -8.500248 10.951374 -19.653401 -76.824510 -29.027936 59.427386 -19.413386 -6.363123 13.832572 14.274111 -8.672391 6.433663 3.561777 -2.017548 0.288674 0.179141 -0.615786 -10.447795 -2.426853 0.021958 -1.946657 -1.290652 -1.152501 -28.016773 0.269453 8.533727 15.691187 0.406544 -1.476374 7.005325 -7.028379 0.005570 0.084051 -0.112719
0.453478 0.943907 0.702342 8.323140 5.425818 1.387750 1.676137 1.555118 1.303245 0.682053 -5.130184 0.575810 0.679305 0.689837 0.645050 0.558129 6.354573 0.486028 -0.093644 13.447145 -0.990391 0.220461 -11.050889 -1.836008 0.228159 11.257051 7.926995 -12.095539 -22.151706 73.136593 21.525774 59.787865 15.378546 0.836941 13.887013 -5.126839 0.338464 8.488779 -8.524988 11.164437 -19.442087 -76.861954 -28.434420 59.933536 -19.280154 -6.236388 13.762677 13.550197 -8.615152 6.785511 3.557620 -2.169220 0.309564 0.182250 -0.300456 -10.709357 -2.248955 0.026711 -2.146455 -1.425755 -1.071703 -27.874490 -0.175674 8.160641 12.798454 0.441841 -2.045637 7.727970 -7.998380 -0.000000 0.000000 -0.000000
0.453677 0.943005 0.710104 8.141769 5.493632 1.317345 1.735887 1.549568 1.365309 0.705622 -5.132222 0.603322 0.702775 0.687771 0.674956 0.577991 6.353062 0.508570 -0.046730 13.417422 -0.946132 0.291886 -11.105903 -1.771461 0.244340 11.195319 7.952556 -12.006116 -22.309093 73.031725 21.157805 59.949389 15.127484 0.823991 13.897413 -5.056388 0.375318 8.389495 -8.537558 11.454473 -19.224074 -76.904608 -27.948807 60.534704 -19.274230 -6.082800 13.688886 12.559969 -8.639910 7.156440 3.556235 -2.330898 0.442397 0.185718 0.076190 -10.999473 -2.052095 0.032634 -2.390282 -1.569578 -0.933686 -27.644329 -0.588639 7.489772 10.114848 0.358566 -2.497960 8.093509 -8.185620 0.000000 -0.000000 0.000000
0.454013 0.942077 0.718340 7.960032 5.520946 1.221412 1.772573 1.554211 1.435725 0.718500 -5.129749 0.634595 0.715602 0.690228 0.707535 0.590067 6.354935 0.533140 0.003290 13.394114 -0.891627 0.364970 -11.149092 -1.688709 0.249501 11.120269 7.987743 -11.985570 -22.514741 72.951055 20.835001 60.121084 14.928646 0.811682 13.907378 -4.979737 0.400921 8.293371 -8.541851 11.770212 -18.989594 -76.946965 -27.493334 61.205689 -19.320043 -5.922462 13.617866 11.354923 -8.711296 7.561040 3.552657 -2.484942 0.650643 0.190471 0.477638 -11.301676 -1.832040 0.040083 -2.680971 -1.725666 -0.644704 -27.314259 -1.035338 6.555182 7.592792 0.260078 -2.883681 8.171256 -7.964478 -0.000000 0.000000 0.000000
0.454541 0.941182 0.727213 7.762865 5.489089 1.104181 1.796627 1.577726 1.509349 0.725549 -5.118901 0.667255 0.722634 0.701067 0.740911 0.597848 6.363087 0.558313 0.050058 13.367050 -0.827540 0.428078 -11.199436 -1.586560 0.265446 11.057184 8.022283 -11.933520 -22.713538 72.865908 20.567871 60.184985 14.736633 0.805888 13.911460 -4.923428 0.410558 8.204088 -8.544902 12.018919 -18.713774 -76.967616 -27.031435 61.866145 -19.324679 -5.816371 13.559353 10.064687 -8.723899 8.042369 3.540104 -2.680499 0.884594 0.194739 0.881578 -11.551684 -1.554234 0.050807 -3.063701 -1.920992 -0.235120 -26.859137 -1.507402 5.495905 5.306637 0.226418 -3.051159 8.030845 -7.775425 0.000000 -0.000000 0.000000
0.455316 0.940326 0.736777 7.544974 5.390623 0.960222 1.809737 1.625879 1.590790 0.727267 -5.097096 0.703325 0.724370 0.722870 0.777155 0.601859 6.379458 0.585652 0.088697 13.327423 -0.753983 0.472125 -11.273343 -1.463344 0.306264 11.017458 8.050360 -11.808859 -22.892046 72.765401 20.334377 60.070124 14.506549 0.810334 13.905551 -4.899392 0.393447 8.121183 -8.549027 12.152886 -18.370605 -76.959545 -26.540688 62.468375 -19.242813 -5.801677 13.518322 8.675082 -8.627104 8.627538 3.520483 -2.963193 1.110666 0.204067 1.298756 -11.739273 -1.200712 0.065841 -3.530261 -2.171178 0.334412 -26.233418 -2.034768 4.235009 3.219317 0.299362 -2.844908 7.602365 -7.762437 -0.000000 -0.000000 -0.000000
0.456282 0.939502 0.746978 7.312224 5.232622 0.795744 1.810205 1.693117 1.675194 0.723138 -5.066835 0.740668 0.720292 0.753136 0.814080 0.601546 6.402166 0.613509 0.124025 13.284223 -0.670699 0.505967 -11.354035 -1.320385 0.357777 10.989765 8.077769 -11.652753 -23.063366 72.660317 20.160576 59.847662 14.287420 0.821231 13.893530 -4.895632 0.360323 8.045042 -8.551686 12.220848 -17.986497 -76.932645 -26.041120 63.057041 -19.121739 -5.850965 13.486598 7.199892 -8.470761 9.288994 3.493283 -3.286870 1.363183 0.214137 1.721835 -11.875263 -0.791310 0.086097 -4.088684 -2.461080 1.019094 -25.480438 -2.577816 2.845573 1.374347 0.437691 -2.411284 6.947641 -7.748965 -0.000000 -0.000000 -0.000000
0.457326 0.938754 0.757813 7.066344 5.018287 0.632562 1.803362 1.770991 1.743187 0.716500 -5.031946 0.770664 0.713720 0.788034 0.843403 0.598781 6.428341 0.635634 0.164154 13.253938 -0.577867 0.544810 -11.410779 -1.161102 0.399311 10.965274 8.111554 -11.488499 -23.211818 72.554032 20.127274 59.612602 14.173812 0.833332 13.881855 -4.902754 0.338668 7.980675 -8.552800 12.275165 -17.615534 -76.890675 -25.557578 63.689705 -19.006053 -5.923388 13.449320 5.812202 -8.300710 9.987685 3.448362 -3.563244 1.693804 0.208264 2.102572 -11.926980 -0.347331 0.114219 -4.808374 -2.771963 1.666829 -24.711157 -3.029220 1.693731 -0.040599 0.564194 -2.029140 6.319783 -7.704471 -0.000000 0.000000 0.000000
0.458383 0.938103 0.769327 6.809930 4.724796 0.481494 1.789688 1.868925 1.784217 0.708061 -4.988288 0.788566 0.705365 0.831701 0.860448 0.593737 6.461085 0.648493 0.211932 13.241657 -0.470408 0.591964 -11.434134 -0.976996 0.428512 10.946217 8.159621 -11.289004 -23.336029 72.442768 20.233008 59.366929 14.165551 0.844090 13.871829 -4.920151 0.338729 7.930395 -8.549889 12.293577 -17.276866 -76.819694 -25.093706 64.391876 -18.909631 -6.019928 13.390361 4.520197 -8.120900 10.738009 3.385146 -3.767858 2.116724 0.172418 2.414856 -11.885452 0.120454 0.152772 -5.722322 -3.092887 2.228219 -23.931581 -3.330548 0.956178 -0.966851 0.589510 -1.754154 5.748171 -7.723816 0.000000 0.000000 -0.000000
0.459519 0.937527 0.781475 6.540924 4.374934 0.332762 1.768806 1.977330 1.808436 0.697193 -4.940083 0.798956 0.694596 0.879920 0.869735 0.586291 6.497237 0.655502 0.264300 13.242477 -0.353487 0.643829 -11.433187 -0.776687 0.447581 10.930494 8.214060 -11.081719 -23.437532 72.330896 20.473074 59.107879 14.257285 0.856241 13.862188 -4.948396 0.350111 7.891938 -8.545553 12.299456 -16.951089 -76.734290 -24.644385 65.137856 -18.818623 -6.140792 13.321631 3.316449 -7.927960 11.525553 3.304711 -3.925427 2.616983 0.118694 2.690386 -11.759855 0.622756 0.203236 -6.797180 -3.436552 2.757706 -23.138554 -3.543288 0.470848 -1.474622 0.564671 -1.531792 5.203837 -7.727361 -0.000000 -0.000000 -0.000000
0.460817 0.937009 0.794115 6.253727 4.040361 0.176832 1.744630 2.059138 1.827912 0.685179 -4.903733 0.807375 0.682669 0.916285 0.876936 0.577835 6.524495 0.660944 0.320486 13.257756 -0.242741 0.705314 -11.405288 -0.589500 0.442677 10.902732 8.258285 -10.971901 -23.505596 72.234139 20.921147 58.921903 14.534689 0.872412 13.855545 -4.979894 0.369352 7.863421 -8.547414 12.412665 -16.635120 -76.678141 -24.221101 65.909798 -18.733517 -6.232713 13.270350 2.350977 -7.757575 12.268077 3.197111 -4.020982 3.201951 0.067733 2.968763 -11.544794 1.170476 0.267328 -8.002715 -3.820254 3.263247 -22.430776 -3.748248 0.099195 -1.573939 0.610367 -1.478790 4.855179 -7.430150 -0.000000 -0.000000 0.000000
0.462275 0.936504 0.807122 5.934566 3.756598 0.001655 1.721007 2.098504 1.849126 0.673472 -4.886238 0.816764 0.671023 0.933794 0.885137 0.569693 6.537613 0.667147 0.381072 13.289915 -0.144297 0.780013 -11.345913 -0.427270 0.403988 10.850258 8.274746 -10.994467 -23.536346 72.175915 21.618494 58.853796 15.042069 0.893198 13.853352 -5.011406 0.399515 7.839514 -8.558234 12.708058 -16.331973 -76.672908 -23.863938 66.753149 -18.688414 -6.259182 13.246063 1.695732 -7.588155 12.939200 3.077700 -4.060456 3.846064 0.018329 3.264026 -11.242587 1.783972 0.347738 -9.306912 -4.266865 3.696489 -21.919911 -3.969435 -0.047840 -1.087074 0.803391 -1.726035 4.726890 -6.633164 0.000000 0.000000 0.000000
0.463895 0.936056 0.820621 5.597146 3.487738 -0.180793 1.693905 2.111292 1.866062 0.660526 -4.880589 0.824381 0.658129 0.939458 0.891439 0.560490 6.541843 0.671922 0.445456 13.336484 -0.052133 0.864389 -11.259715 -0.278369 0.341338 10.785658 8.281126 -11.114212 -23.534255 72.131216 22.529607 58.850199 15.744372 0.918184 13.854111 -5.046004 0.437657 7.825353 -8.575205 13.109814 -16.039913 -76.693547 -23.532654 67.623395 -18.648003 -6.244034 13.236479 1.279652 -7.441651 13.564818 2.929415 -4.036365 4.574398 -0.029883 3.571086 -10.852217 2.440955 0.447594 -10.740862 -4.757482 4.108133 -21.494810 -4.188098 -0.068726 -0.194102 1.063738 -2.117800 4.801933 -5.526294 -0.000000 0.000000 -0.000000
0.465768 0.935775 0.834852 5.276827 3.198587 -0.344458 1.655326 2.108026 1.872268 0.643067 -4.882170 0.827340 0.640729 0.937898 0.892626 0.547535 6.540647 0.672844 0.511083 13.391374 0.036402 0.952591 -11.158053 -0.136785 0.270110 10.731708 8.313463 -11.330354 -23.502195 72.042009 23.612268 58.848661 16.608555 0.948513 13.855940 -5.085479 0.471401 7.834743 -8.597772 13.511471 -15.749105 -76.713429 -23.113154 68.367330 -18.503124 -6.219284 13.236477 1.038612 -7.420417 14.140705 2.690614 -3.911434 5.470116 -0.056404 3.900814 -10.363198 3.087099 0.568986 -12.369167 -5.247133 4.651764 -20.918816 -4.416644 -0.426540 0.566165 1.279048 -2.346769 5.185109 -4.413785 -0.000000 0.000000 0.000000
0.467915 0.935669 0.850025 4.964561 2.881144 -0.495161 1.605971 2.083748 1.871479 0.621242 -4.893159 0.827319 0.618967 0.926933 0.890390 0.531065 6.532392 0.671190 0.581446 13.454253 0.119891 1.051802 -11.041521 -0.006595 0.194028 10.701199 8.392093 -11.635747 -23.443178 71.850813 24.942189 58.835252 17.716770 0.993328 13.863835 -5.114630 0.505558 7.875329 -8.632064 13.924832 -15.436426 -76.729549 -22.567666 68.928779 -18.213757 -6.184680 13.250481 1.022504 -7.587280 14.700394 2.338946 -3.615971 6.524822 -0.056817 4.253702 -9.824517 3.729016 0.713827 -14.161499 -5.742773 5.605173 -20.019705 -4.714442 -1.569250 0.873981 1.419381 -2.313958 6.133231 -3.361349 -0.000000 -0.000000 0.000000
0.470313 0.935731 0.865929 4.669314 2.543793 -0.626940 1.545162 2.043291 1.860073 0.594911 -4.911428 0.822674 0.592711 0.908694 0.883072 0.510854 6.518674 0.665706 0.652971 13.525361 0.199822 1.154649 -10.909707 0.116475 0.108490 10.682302 8.495794 -12.034459 -23.358347 71.610080 26.441812 58.808891 18.990378 1.043762 13.872564 -5.148228 0.535625 7.939295 -8.672388 14.338439 -15.125541 -76.744457 -21.931752 69.362203 -17.817913 -6.134278 13.272059 1.182848 -7.882044 15.207019 1.890758 -3.213833 7.744719 -0.037701 4.636231 -9.187820 4.357331 0.886236 -16.147777 -6.243282 6.682111 -18.967642 -5.001802 -3.056948 1.055661 1.527715 -2.101994 7.391673 -2.320903 -0.000000 0.000000 0.000000
0.472984 0.936052 0.882179 4.453032 2.176811 -0.696539 1.463212 2.011616 1.819996 0.560564 -4.925989 0.805288 0.558474 0.894166 0.862198 0.483632 6.507727 0.650000 0.712437 13.599518 0.283134 1.233399 -10.772351 0.250788 0.016435 10.660803 8.598272 -12.543208 -23.246305 71.426687 27.830339 58.739030 20.144424 1.074459 13.865511 -5.233318 0.535013 8.017589 -8.700951 14.611521 -14.875556 -76.743481 -21.202358 69.679242 -17.325997 -6.095067 13.281468 1.307791 -8.221442 15.550953 1.345658 -2.865173 9.236062 0.005263 5.065995 -8.295845 4.893928 1.090347 -18.483533 -6.693630 7.200295 -18.042679 -5.105709 -4.030160 1.539873 1.574388 -1.712962 8.286561 -1.428047 0.000000 -0.000000 0.000000
0.476072 0.936652 0.898822 4.364398 1.763042 -0.669117 1.341286 2.000112 1.735052 0.510584 -4.931882 0.767980 0.508670 0.888317 0.819815 0.443106 6.503269 0.618080 0.754870 13.666027 0.374690 1.276810 -10.649348 0.407374 -0.091246 10.641891 8.703690 -13.189888 -23.120826 71.325166 29.059451 58.644771 21.125964 1.077036 13.833299 -5.408238 0.486861 8.129761 -8.719678 14.680896 -14.715978 -76.719814 -20.295332 69.842613 -16.681017 -6.078148 13.265015 1.349492 -8.599682 15.733651 0.692954 -2.608642 11.008671 0.068990 5.525962 -7.144916 5.261658 1.323905 -21.241850 -7.027307 6.866350 -17.402502 -4.973097 -4.131930 2.592254 1.519612 -1.114809 8.534319 -0.787124 -0.000000 -0.000000 0.000000
0.479432 0.937510 0.915809 4.353203 1.320331 -0.581225 1.199095 1.996826 1.620463 0.453028 -4.934234 0.717505 0.451324 0.886015 0.763497 0.395871 6.501468 0.575652 0.785097 13.735658 0.469380 1.296053 -10.520600 0.574676 -0.205568 10.620382 8.807613 -13.946143 -22.966034 71.275847 30.174886 58.516869 21.985848 1.062722 13.785934 -5.634802 0.407853 8.256804 -8.727979 14.609724 -14.615339 -76.683325 -19.318865 69.886884 -15.965037 -6.073410 13.237043 1.355756 -9.015528 15.751965 -0.050956 -2.395101 13.054048 0.157431 6.027952 -5.737890 5.538728 1.591197 -24.350204 -7.324645 5.986195 -16.886495 -4.695418 -3.726889 3.939712 1.376471 -0.369682 8.407491 -0.303758 0.000000 -0.000000 0.000000
0.482644 0.938651 0.932616 4.333390 0.891745 -0.496398 1.084651 1.991870 1.505663 0.407830 -4.937160 0.666817 0.406292 0.883125 0.708220 0.357949 6.499249 0.533991 0.804861 13.835373 0.558930 1.297710 -10.335937 0.736499 -0.295562 10.565343 8.872055 -14.745788 -22.730874 71.304527 31.032502 58.299442 22.585758 1.034797 13.736131 -5.845890 0.321108 8.332252 -8.703482 14.446779 -14.540695 -76.645867 -18.549959 69.935611 -15.389275 -6.078074 13.220582 1.257716 -9.386477 15.491908 -0.838373 -2.249573 15.453235 0.282458 6.642907 -3.927984 5.878246 1.918290 -27.744669 -7.756390 4.787597 -16.298178 -4.341217 -3.034610 5.198480 1.174481 0.368628 8.062380 0.199065 -0.000000 -0.000000 0.000000
0.485477 0.940107 0.948961 4.292075 0.489892 -0.436435 1.017750 1.987680 1.398465 0.383398 -4.939527 0.619308 0.381952 0.880776 0.658230 0.335939 6.497462 0.496293 0.808787 13.973332 0.642002 1.272292 -10.080168 0.892367 -0.343306 10.433785 8.876222 -15.643635 -22.353081 71.475144 31.529586 57.954058 22.788211 0.980212 13.682907 -6.042657 0.217886 8.317141 -8.617972 14.157712 -14.470292 -76.623872 -18.003620 70.041286 -14.947895 -6.098097 13.225375 0.967664 -9.621158 14.933697 -1.636668 -2.210558 18.248158 0.448548 7.434645 -1.656301 6.330164 2.407052 -31.752409 -8.461908 2.935180 -15.647605 -3.822722 -1.818425 6.357952 0.868127 1.130178 7.495310 0.845456 -0.000000 -0.000000 -0.000000
0.488161 0.941845 0.965126 4.242435 0.102194 -0.379278 0.978457 1.982125 1.291879 0.371217 -4.942389 0.571957 0.369818 0.877921 0.609643 0.323187 6.495309 0.459637 0.802854 14.141212 0.719680 1.230820 -9.768721 1.041772 -0.365758 10.267534 8.842189 -16.582039 -21.887494 71.714994 31.778046 57.530559 22.735079 0.911966 13.626955 -6.225004 0.105419 8.251161 -8.498841 13.777104 -14.425245 -76.603004 -17.663678 70.156616 -14.645637 -6.132387 13.239617 0.572488 -9.794953 14.099798 -2.469665 -2.221876 21.400138 0.640859 8.364545 1.016067 6.843463 3.027416 -36.040218 -9.366379 0.775004 -14.907518 -3.257631 -0.322208 7.425946 0.489490 1.879455 6.708855 1.509019 -0.000000 -0.000000 -0.000000
0.490973 0.943790 0.981425 4.138303 -0.265865 -0.321260 0.954752 1.958617 1.193778 0.365589 -4.953147 0.528370 0.364207 0.867167 0.565485 0.315666 6.487238 0.426316 0.805986 14.341124 0.787284 1.210862 -9.397692 1.168453 -0.383734 10.162534 8.796517 -17.330149 -21.463075 71.855549 31.944143 57.107822 22.694497 0.867810 13.583628 -6.323711 0.031374 8.185200 -8.405990 13.456253 -14.437297 -76.546484 -17.751132 70.258946 -14.698567 -6.164166 13.254663 0.265654 -10.069622 12.935509 -3.368411 -2.170331 24.868532 0.831678 9.360802 4.057763 7.412304 3.535973 -39.563155 -10.218885 -0.448361 -13.857802 -2.997285 0.529386 8.048839 0.203686 2.372367 5.873518 2.015981 -0.000000 -0.000000 -0.000000
0.494131 0.946075 0.998198 3.951348 -0.623474 -0.270521 0.954248 1.902539 1.116785 0.369300 -4.978260 0.494176 0.367893 0.842052 0.531669 0.315907 6.468403 0.400790 0.822615 14.595794 0.840014 1.222554 -8.924925 1.261870 -0.398678 10.179849 8.735152 -17.797883 -21.119621 71.828907 32.027941 56.654953 22.732670 0.859737 13.549469 -6.309072 0.024801 8.136983 -8.378421 13.252157 -14.519552 -76.429500 -18.407635 70.399361 -15.256442 -6.184195 13.270844 0.097621 -10.553923 11.383088 -4.410051 -1.943266 28.724789 1.070378 10.508977 7.751103 8.078547 3.839843 -42.232857 -11.014039 0.036114 -12.316707 -3.224009 0.163238 7.982292 0.145118 2.440590 5.016165 2.291623 -0.000000 -0.000000 -0.000000
0.497416 0.948567 1.015106 3.709966 -0.961274 -0.217831 0.969159 1.828452 1.048904 0.379439 -5.011319 0.464026 0.377976 0.808985 0.502548 0.321302 6.443608 0.378802 0.848388 14.882339 0.882516 1.255698 -8.392964 1.332570 -0.408370 10.258189 8.661559 -18.080095 -20.822145 71.717538 32.023497 56.206295 22.775976 0.870904 13.528067 -6.210532 0.057878 8.087831 -8.376024 13.104811 -14.658600 -76.273396 -19.508496 70.517979 -16.184521 -6.197826 13.289084 0.018406 -11.107821 9.487087 -5.491134 -1.646225 32.896284 1.278392 11.736836 11.820786 8.792427 3.888001 -44.159767 -11.581450 1.419211 -10.474232 -3.660774 -0.830309 7.477007 0.228805 2.248668 4.114336 2.435103 0.000000 -0.000000 0.000000
0.500441 0.950789 1.031439 3.452842 -1.245752 -0.133635 0.964547 1.763203 0.960581 0.381857 -5.040543 0.424810 0.380368 0.779760 0.463577 0.320182 6.421686 0.349392 0.888858 15.134501 0.924252 1.316726 -7.924933 1.396204 -0.428819 10.310272 8.613275 -18.226982 -20.591817 71.586779 32.076238 55.937199 22.870648 0.894675 13.545491 -6.047038 0.093170 8.033866 -8.340251 12.989734 -14.846452 -76.108040 -20.835859 70.426906 -17.229666 -6.204749 13.304394 0.071745 -11.533964 7.351753 -6.379530 -1.549314 37.124201 1.207513 12.701304 15.403275 9.389772 3.414187 -44.596918 -11.322711 2.587213 -8.701421 -3.997505 -1.626676 6.921215 0.283399 2.054356 3.266217 2.537273 -0.000000 -0.000000 -0.000000
0.503091 0.952579 1.046879 3.172640 -1.441783 0.007010 0.929396 1.703253 0.831289 0.372662 -5.067559 0.367413 0.371194 0.752750 0.405245 0.308921 6.401412 0.305386 0.951425 15.337288 0.973650 1.416135 -7.548715 1.465873 -0.473216 10.285357 8.602130 -18.205242 -20.429618 71.439818 32.254900 55.989737 23.068807 0.941773 13.635270 -5.754759 0.133873 7.949588 -8.237614 12.991157 -15.058049 -75.961363 -22.399717 70.106118 -18.353046 -6.205577 13.324951 0.281402 -11.681638 4.918090 -7.014745 -2.061439 41.472908 0.610192 13.263204 18.433281 9.922322 2.305177 -42.967140 -9.968998 3.205687 -7.152104 -4.176811 -1.949312 6.431597 0.220670 1.930914 2.508012 2.610708 -0.000000 0.000000 -0.000000
0.505480 0.954099 1.061744 2.876592 -1.583834 0.178479 0.874831 1.651338 0.681346 0.355802 -5.091052 0.300837 0.354390 0.729267 0.336958 0.291182 6.383773 0.253878 1.028677 15.505699 1.022291 1.543089 -7.236378 1.528748 -0.529191 10.234710 8.616685 -18.049688 -20.334268 71.278819 32.501143 56.220253 23.324535 1.004491 13.763815 -5.397146 0.175852 7.861338 -8.101382 13.024740 -15.318870 -75.803086 -24.078782 69.568953 -19.477858 -6.198515 13.347482 0.623680 -11.718454 2.257109 -7.469103 -2.978504 45.861026 -0.461003 13.511657 20.980692 10.303769 1.024959 -39.763187 -8.164310 3.622266 -5.680015 -4.298672 -2.078965 5.888648 0.107560 1.804998 1.803426 2.641812 0.000000 0.000000 0.000000
0.507571 0.955358 1.076285 2.625051 -1.743232 0.334161 0.798964 1.643961 0.541549 0.328900 -5.094711 0.238756 0.327599 0.725625 0.272146 0.266203 6.381013 0.205001 1.103871 15.618422 1.054668 1.671845 -7.027395 1.561996 -0.574732 10.224267 8.659237 -17.912172 -20.323210 71.163852 32.762535 56.374680 23.530573 1.046371 13.856390 -5.184473 0.170788 7.843304 -7.974645 12.813411 -15.694617 -75.575040 -25.404386 68.695806 -20.233606 -6.179017 13.350328 1.071742 -11.952450 -0.326107 -7.714800 -3.576540 49.822781 -1.652305 13.404255 22.371529 10.186097 0.063104 -35.873577 -6.570528 3.774213 -4.223843 -4.360048 -2.031965 5.321861 -0.025758 1.714576 1.141279 2.674501 -0.000000 -0.000000 -0.000000
0.509338 0.956296 1.090578 2.427162 -1.955861 0.474741 0.699329 1.708107 0.409330 0.290998 -5.066537 0.180016 0.289867 0.753821 0.209559 0.233175 6.402129 0.157806 1.177603 15.651835 1.065547 1.805435 -6.965599 1.555405 -0.595467 10.291179 8.743762 -17.836515 -20.434227 71.124186 33.047971 56.380822 23.655419 1.048128 13.887199 -5.217116 0.079771 7.944133 -7.872617 12.200045 -16.208725 -75.218006 -26.183230 67.313999 -20.415353 -6.146703 13.326108 1.638406 -12.633150 -2.752292 -7.717191 -3.276845 53.302524 -2.648066 12.802819 22.044387 9.297188 -0.547065 -30.930204 -5.139630 3.532947 -2.748349 -4.362317 -1.727083 4.718296 -0.198405 1.703146 0.522483 2.735185 -0.000050 0.017800 -0.056477
0.510806 0.956973 1.104548 2.273705 -2.186394 0.599424 0.577736 1.817023 0.286051 0.242897 -5.018405 0.125322 0.241976 0.801976 0.149982 0.192754 6.438215 0.112890 1.249056 15.629269 1.060940 1.940360 -7.007601 1.520452 -0.605250 10.398918 8.855384 -17.779793 -20.628868 71.131603 33.343544 56.310718 23.727053 1.028578 13.881980 -5.394774 -0.056839 8.115608 -7.782346 11.336485 -16.829702 -74.773196 -26.608771 65.616041 -20.210818 -6.102786 13.286852 2.311532 -13.546489 -5.096938 -7.485674 -2.469466 56.387576 -3.480357 11.886732 20.535026 7.998512 -0.822328 -25.342696 -3.847314 3.033376 -1.290501 -4.327209 -1.246446 4.091176 -0.403461 1.727402 -0.054117 2.795199 -0.000172 0.035552 -0.112970
0.512003 0.957577 1.118221 2.197787 -2.400172 0.659264 0.438698 1.927683 0.208494 0.184827 -4.969390 0.091161 0.184142 0.851012 0.109925 0.146356 6.474971 0.082721 1.299379 15.599882 1.042121 2.041124 -7.062054 1.466652 -0.624534 10.502283 8.952904 -17.763317 -20.810568 71.157549 33.551890 56.128268 23.718235 1.004947 13.843312 -5.627069 -0.168272 8.285653 -7.704394 10.408958 -17.543693 -74.336333 -26.829624 64.034831 -19.881967 -6.042495 13.237272 3.027570 -14.310603 -7.288770 -7.071991 -1.744530 58.840669 -4.166638 11.062236 18.826092 6.872380 -0.826121 -21.230628 -2.963490 2.609968 0.103948 -4.264556 -0.850034 3.509199 -0.563100 1.695612 -0.602674 2.816403 -0.000000 0.000000 0.000000
0.512960 0.958170 1.131596 2.220278 -2.594181 0.630468 0.278858 2.031902 0.197112 0.114253 -4.923149 0.086679 0.113836 0.897272 0.098279 0.092753 6.509652 0.074020 1.319680 15.574776 1.000871 2.094134 -7.108329 1.382021 -0.666547 10.595320 9.025486 -17.799620 -20.963468 71.188187 33.629847 55.753280 23.605867 0.978955 13.748948 -5.938050 -0.229256 8.455937 -7.649649 9.373113 -18.390919 -73.898013 -26.830073 62.654003 -19.491628 -5.961735 13.157887 3.823792 -14.933772 -9.303563 -6.466234 -1.328945 60.557349 -4.879283 10.522538 17.212096 6.094395 -0.736154 -19.629071 -2.548899 2.340476 1.433069 -4.168000 -0.597637 2.978923 -0.639780 1.580611 -1.116690 2.788346 0.000875 -0.125801 0.446764
0.513647 0.958689 1.144673 2.321144 -2.771606 0.535866 0.101660 2.139021 0.231769 0.033661 -4.875604 0.102879 0.033533 0.944828 0.106297 0.033134 6.545307 0.080188 1.318887 15.542770 0.945441 2.113064 -7.167293 1.278586 -0.718324 10.683450 9.084285 -17.876062 -21.103268 71.237285 33.624447 55.266494 23.417714 0.953644 13.621138 -6.302798 -0.265478 8.623833 -7.606514 8.268773 -19.333268 -73.457087 -26.676063 61.388122 -19.035801 -5.860861 13.067831 4.663757 -15.430315 -11.162409 -5.704771 -0.931636 61.645337 -5.394432 10.065917 15.416933 5.449392 -0.621199 -19.515460 -2.396741 2.153680 2.699971 -4.027644 -0.427596 2.493475 -0.665758 1.410440 -1.602731 2.723113 0.001381 -0.304791 1.063025
0.514000 0.959133 1.157487 2.472291 -2.907094 0.396403 -0.077964 2.232538 0.289116 -0.049161 -4.834137 0.129287 -0.049007 0.986293 0.124295 -0.027413 6.576386 0.093905 1.304923 15.519891 0.901334 2.103293 -7.209398 1.201196 -0.761552 10.738004 9.121809 -17.975618 -21.180889 71.315813 33.571891 54.873881 23.199640 0.942047 13.528832 -6.558342 -0.282850 8.710675 -7.539924 7.417996 -20.251481 -73.148902 -26.605147 60.410533 -18.656472 -5.742200 13.025495 5.372374 -15.409889 -12.875271 -4.948669 -0.431846 62.166722 -5.225321 9.446958 13.581197 4.872711 -0.501069 -19.913941 -2.356891 2.161202 3.865958 -3.828384 -0.416779 2.100915 -0.658266 1.176532 -2.094542 2.618126 0.000741 -0.479142 1.525349
0.513939 0.959541 1.170009 2.680209 -2.988471 0.199284 -0.258444 2.303288 0.372925 -0.133704 -4.802845 0.167555 -0.133272 1.017569 0.153980 -0.088375 6.599815 0.116456 1.276031 15.519686 0.874678 2.059211 -7.209582 1.162097 -0.792230 10.737704 9.123170 -18.104947 -21.151102 71.444231 33.462392 54.636687 22.923955 0.945052 13.502470 -6.627365 -0.277765 8.663213 -7.429049 7.014496 -21.114869 -73.082990 -26.708768 59.897879 -18.421151 -5.596221 13.071516 5.869905 -14.633788 -14.460356 -4.259535 0.286936 62.120169 -4.028918 8.559659 11.677231 4.268424 -0.366736 -20.797761 -2.453848 2.475629 4.910303 -3.543318 -0.663898 1.820489 -0.593458 0.864127 -2.592663 2.455520 -0.000830 -0.631724 1.677469
0.513544 0.959873 1.182266 2.938275 -3.026991 -0.042552 -0.441192 2.360715 0.480062 -0.220444 -4.777553 0.216274 -0.219735 1.042835 0.193892 -0.150217 6.618723 0.146739 1.233926 15.528819 0.859204 1.986319 -7.192571 1.148819 -0.814406 10.703413 9.103862 -18.256611 -21.058572 71.600124 33.305386 54.493220 22.615985 0.955603 13.511673 -6.588269 -0.253884 8.534781 -7.293531 6.880524 -21.963416 -73.177672 -26.906433 59.669918 -18.285118 -5.435957 13.161456 6.234254 -13.322817 -15.927813 -3.627557 0.934995 61.453846 -2.327666 7.512114 9.739330 3.675495 -0.208926 -22.188049 -2.693242 2.990194 5.846581 -3.183742 -1.068507 1.631691 -0.485681 0.488580 -3.097419 2.255524 -0.002943 -0.779738 1.675606
0.512991 0.960009 1.194372 3.198401 -3.033073 -0.269201 -0.615828 2.415814 0.576881 -0.303080 -4.753353 0.260389 -0.302114 1.066997 0.229617 -0.209313 6.636793 0.173863 1.191772 15.523210 0.861828 1.906665 -7.203082 1.169205 -0.821797 10.669897 9.101931 -18.392837 -20.989445 71.730455 33.158192 54.466264 22.392901 0.970392 13.533940 -6.512413 -0.227614 8.406853 -7.158855 6.782490 -22.786736 -73.289866 -27.152486 59.365220 -18.193712 -5.299564 13.225018 6.526861 -11.762521 -17.274292 -3.107614 1.032569 60.174930 -0.934851 6.361938 7.994525 3.243104 -0.047193 -23.187724 -2.854309 3.483554 6.690366 -2.797578 -1.409965 1.523607 -0.412165 0.086423 -3.641902 2.072612 -0.004982 -0.916793 1.665064
0.512300 0.959920 1.206395 3.458230 -3.023282 -0.470802 -0.782833 2.477827 0.655965 -0.381461 -4.726117 0.296605 -0.380261 1.094185 0.257874 -0.265799 6.657129 0.195352 1.157646 15.498269 0.888188 1.833243 -7.249635 1.230790 -0.807990 10.652892 9.135229 -18.517172 -20.980867 71.810987 33.080112 54.592836 22.341512 0.990579 13.568672 -6.408338 -0.204523 8.306070 -7.029233 6.695641 -23.601401 -73.400684 -27.442776 58.885928 -18.134495 -5.201458 13.236287 6.733248 -9.879678 -18.485016 -2.722164 0.559568 58.284577 0.018193 5.055315 6.506538 3.082065 0.102064 -23.750878 -2.846552 3.938647 7.446090 -2.373774 -1.638560 1.528647 -0.415317 -0.377480 -4.255457 1.929579 -0.006530 -1.035219 1.692956
0.511450 0.959635 1.218266 3.719804 -2.981292 -0.656838 -0.941683 2.537273 0.724996 -0.455722 -4.700045 0.328330 -0.454307 1.120203 0.282060 -0.319515 6.676587 0.213767 1.123636 15.458769 0.932855 1.753219 -7.323286 1.326454 -0.779299 10.636788 9.185723 -18.626574 -20.996317 71.866892 33.006918 54.837497 22.369568 1.015306 13.616938 -6.267671 -0.178893 8.205643 -6.900626 6.645080 -24.390445 -73.531436 -27.772027 58.328563 -18.108864 -5.126869 13.218934 6.869195 -7.729104 -19.571435 -2.460098 -0.488480 55.789888 0.585363 3.593283 5.212334 3.044118 0.225731 -23.928015 -2.722193 4.370184 8.109856 -1.928518 -1.806310 1.615356 -0.454745 -0.868045 -4.908660 1.805670 -0.007906 -1.142698 1.712139
0.510554 0.959123 1.229899 3.941535 -2.869265 -0.796233 -1.080649 2.576801 0.772943 -0.520047 -4.682791 0.350542 -0.518445 1.137402 0.297740 -0.366438 6.689439 0.225739 1.078974 15.394687 0.986352 1.649861 -7.442507 1.442522 -0.748575 10.609465 9.237532 -18.673800 -21.011794 71.919830 32.807688 55.114619 22.323421 1.039204 13.658388 -6.136088 -0.149949 8.106946 -6.786238 6.461040 -25.093635 -73.586414 -28.075697 57.626163 -18.059458 -5.069277 13.178369 7.042181 -5.793691 -20.551347 -2.299004 -2.291232 52.761339 0.508313 2.130540 4.133496 2.936411 0.279148 -22.970837 -2.434752 4.599048 8.695169 -1.560795 -1.845444 1.677892 -0.490394 -1.243366 -5.545624 1.686144 -0.009539 -1.255907 1.726544
0.509647 0.958357 1.241151 4.113878 -2.657090 -0.882588 -1.199129 2.584670 0.797883 -0.574039 -4.679548 0.362335 -0.572272 1.140593 0.304051 -0.406325 6.691798 0.230605 1.025021 15.300167 1.049245 1.525353 -7.618121 1.579649 -0.720172 10.564364 9.291391 -18.614703 -21.025924 71.961938 32.410246 55.395606 22.137486 1.061989 13.684277 -6.031623 -0.107348 8.007247 -6.690131 6.032773 -25.690177 -73.512771 -28.289527 56.680833 -17.925397 -5.033079 13.106128 7.300966 -4.070591 -21.470798 -2.284750 -5.168286 49.201416 -0.325624 0.548819 3.225020 2.708179 0.216324 -20.314015 -1.982423 4.506179 9.190970 -1.309044 -1.724184 1.667684 -0.517173 -1.418819 -6.142274 1.560644 -0.011702 -1.379597 1.739915
0.508694 0.957364 1.252165 4.246300 -2.375634 -0.921842 -1.298000 2.572322 0.801998 -0.618213 -4.685218 0.364692 -0.616301 1.134876 0.301923 -0.439495 6.687491 0.229071 0.960544 15.181181 1.121417 1.377266 -7.838937 1.738306 -0.689714 10.508031 9.346567 -18.493178 -21.040362 72.000322 31.880129 55.706747 21.871420 1.084176 13.703495 -5.936203 -0.061416 7.909146 -6.608421 5.464540 -26.199545 -73.356509 -28.478778 55.592345 -17.762101 -5.014901 13.011705 7.597173 -2.559531 -22.267334 -2.355945 -8.376645 45.088944 -1.364965 -1.002617 2.501423 2.407043 0.117014 -16.502082 -1.542093 4.204147 9.615372 -1.142754 -1.473948 1.634181 -0.546179 -1.478453 -6.721954 1.433516 -0.014115 -1.509013 1.748486
0.507702 0.956197 1.263276 4.326000 -2.078844 -0.901727 -1.367898 2.557086 0.780207 -0.648176 -4.692051 0.355329 -0.646160 1.128010 0.289518 -0.462810 6.682345 0.219750 0.870851 15.045418 1.192560 1.181779 -8.090424 1.904979 -0.657130 10.447960 9.385006 -18.393738 -21.035530 72.079017 31.291147 56.044187 21.557810 1.101182 13.721900 -5.841275 -0.042383 7.822110 -6.542124 4.907713 -26.622596 -73.168909 -28.769137 54.590242 -17.684556 -4.996643 12.928301 7.891889 -1.764457 -22.800175 -2.292538 -10.575196 40.505324 -1.907068 -1.939180 2.076377 2.060103 0.078706 -12.465325 -1.201521 3.859629 10.027637 -1.058936 -1.120435 1.618232 -0.563558 -1.533343 -7.299891 1.310669 -0.016371 -1.646570 1.744852
0.506688 0.954848 1.274509 4.336252 -1.775054 -0.816846 -1.400158 2.546191 0.728295 -0.659874 -4.696802 0.332338 -0.657813 1.123246 0.265340 -0.473357 6.678800 0.201509 0.748855 14.885034 1.262698 0.925294 -8.386921 2.082687 -0.624517 10.383989 9.394097 -18.340612 -21.004110 72.234430 30.625293 56.412016 21.163617 1.108274 13.741127 -5.752093 -0.057461 7.737499 -6.494557 4.379230 -26.944452 -72.946577 -29.212096 53.714197 -17.722976 -4.967385 12.863506 8.186512 -1.948350 -23.003845 -1.999677 -11.511097 35.374252 -1.754940 -1.800849 2.142097 1.717770 0.092342 -7.990413 -0.795362 3.453911 10.442141 -1.077158 -0.569089 1.616711 -0.563992 -1.636522 -7.894422 1.189582 -0.017487 -1.752737 1.732051
0.505635 0.953324 1.285839 4.294806 -1.455916 -0.673513 -1.403866 2.532287 0.650013 -0.657531 -4.702770 0.297427 -0.655467 1.117281 0.230666 -0.474193 6.674372 0.175318 0.601745 14.707976 1.332561 0.620787 -8.713530 2.270432 -0.590033 10.316200 9.386315 -18.308793 -20.953472 72.430157 29.892719 56.803524 20.714128 1.110201 13.759553 -5.663354 -0.099468 7.663990 -6.461970 3.863827 -27.178789 -72.696079 -29.751310 52.922799 -17.844510 -4.937036 12.809518 8.479387 -2.859386 -22.939607 -1.535943 -11.641436 29.820916 -1.207870 -1.070470 2.554618 1.484474 0.068258 -3.302343 -0.330351 3.000893 10.841891 -1.179684 0.085755 1.633515 -0.557798 -1.734878 -8.487162 1.072550 -0.018387 -1.866995 1.706905
0.504504 0.951700 1.297526 4.240633 -1.150312 -0.477017 -1.396192 2.510874 0.552147 -0.649123 -4.712005 0.253703 -0.647071 1.108054 0.187796 -0.471106 6.667509 0.142924 0.436161 14.545478 1.392559 0.284624 -9.012218 2.447735 -0.547653 10.252449 9.381202 -18.309386 -20.885803 72.601657 29.215670 57.202153 20.334749 1.116665 13.778360 -5.550671 -0.176924 7.637121 -6.434559 3.466891 -27.371991 -72.487209 -30.348741 52.321590 -18.074319 -4.917353 12.774710 8.726588 -4.232958 -22.661148 -0.905099 -10.883182 24.254010 -0.565699 -0.588967 2.915155 1.419271 -0.000000 -0.000000 -0.000000 2.717543 11.239797 -1.306769 0.535031 1.718826 -0.547668 -1.780646 -9.038458 0.973963 -0.021330 -2.110219 1.652341
0.503339 0.949944 1.309524 4.181805 -0.846478 -0.215966 -1.375757 2.475660 0.429922 -0.633799 -4.727292 0.199012 -0.631772 1.092785 0.134663 -0.463614 6.656126 0.102763 0.244426 14.401094 1.438494 -0.095876 -9.276203 2.609567 -0.493747 10.191644 9.380925 -18.349527 -20.790291 72.734559 28.630726 57.582521 20.063372 1.130686 13.795739 -5.412373 -0.315952 7.684629 -6.410262 3.247545 -27.561028 -72.340364 -31.053095 51.958252 -18.473038 -4.912901 12.762482 8.925365 -6.217810 -22.116973 -0.037113 -8.612655 18.585156 0.113031 -0.732171 3.099805 1.486527 -0.039645 0.923248 0.083517 2.716752 11.624638 -1.457565 0.605722 1.872026 -0.521099 -1.720441 -9.541302 0.913609 -0.026568 -2.520663 1.548711
0.502095 0.948088 1.321880 4.111044 -0.555890 0.098110 -1.343962 2.433102 0.287935 -0.612437 -4.745783 0.135430 -0.610453 1.074318 0.073250 -0.452230 6.642348 0.056340 0.034170 14.271094 1.474388 -0.507880 -9.512438 2.760481 -0.431891 10.134885 9.383180 -18.422490 -20.677521 72.843646 28.106940 57.973173 19.867246 1.149702 13.813920 -5.250066 -0.490360 7.778793 -6.391097 3.148758 -27.710812 -72.239022 -31.825807 51.780752 -18.995604 -4.918025 12.767545 9.078097 -8.641547 -21.332848 0.965558 -5.541475 12.895967 0.647366 -1.148733 3.210882 1.625125 -0.024513 0.461334 0.042872 2.883931 12.011169 -1.632275 0.471246 2.091726 -0.480705 -1.607239 -10.002332 0.868654 -0.032360 -3.059845 1.414683
0.500595 0.946307 1.334994 4.043277 -0.342578 0.426132 -1.321761 2.397660 0.147398 -0.595446 -4.761133 0.072563 -0.593495 1.058985 0.012108 -0.444100 6.630913 0.010136 -0.165148 14.175578 1.502087 -0.896001 -9.684277 2.891931 -0.366633 10.093328 9.400989 -18.519648 -20.581674 72.908331 27.669600 58.441719 19.769294 1.175454 13.840489 -5.044330 -0.630252 7.871869 -6.373820 3.101305 -27.761000 -72.197731 -32.503640 51.746719 -19.516296 -4.929548 12.783841 9.148439 -10.772333 -20.502914 1.852950 -3.424490 7.853377 0.757790 -1.566041 3.163277 1.777231 0.000000 0.000000 -0.000000 3.097220 12.452586 -1.771502 0.341241 2.426528 -0.449011 -1.553849 -10.402525 0.791735 -0.038250 -3.733655 1.290542
0.498771 0.944650 1.349082 4.021530 -0.230245 0.779717 -1.325634 2.370144 0.002464 -0.589854 -4.772956 0.007892 -0.587902 1.047167 -0.051995 -0.444716 6.622109 -0.038280 -0.354148 14.123456 1.521407 -1.260715 -9.775330 3.003172 -0.300717 10.071822 9.447680 -18.668536 -20.509787 72.913390 27.385665 59.054034 19.849259 1.213891 13.881939 -4.770059 -0.712123 7.954113 -6.349507 3.032475 -27.674569 -72.215124 -32.998963 51.837324 -19.952566 -4.943713 12.804560 9.121780 -12.543678 -19.564900 2.622047 -2.766421 3.330443 0.401584 -1.852613 2.862974 2.026271 0.000000 -0.000000 -0.000000 3.329180 12.984727 -1.863365 0.279247 2.874159 -0.443116 -1.638733 -10.741211 0.686036 -0.043713 -4.528547 1.177960
0.496692 0.943067 1.363928 4.001403 -0.195442 1.147605 -1.338611 2.349510 -0.140838 -0.588411 -4.781711 -0.055988 -0.586449 1.038414 -0.115729 -0.448409 6.615600 -0.086405 -0.532498 14.105515 1.531360 -1.600926 -9.802930 3.091985 -0.231332 10.065541 9.510221 -18.842405 -20.455305 72.874111 27.196344 59.746880 20.033810 1.260825 13.932270 -4.452295 -0.759713 8.035143 -6.327567 3.014535 -27.489024 -72.293720 -33.408807 52.073794 -20.398168 -4.965440 12.835070 9.012544 -14.031999 -18.602518 3.277341 -2.952104 -0.572206 -0.116486 -2.144185 2.419632 2.323315 0.000000 -0.000000 -0.000000 3.607794 13.572448 -1.916626 0.219199 3.436993 -0.444137 -1.786319 -11.019671 0.554036 -0.049063 -5.458171 1.074716
0.494376 0.941581 1.379286 3.865789 -0.230655 1.456497 -1.331489 2.347207 -0.243334 -0.580086 -4.782435 -0.101726 -0.578146 1.037700 -0.160621 -0.445550 6.615099 -0.120310 -0.669345 14.114580 1.532367 -1.858670 -9.781626 3.146993 -0.154635 10.071296 9.562203 -18.951284 -20.431902 72.815627 26.927514 60.393057 20.106469 1.301640 13.980045 -4.146875 -0.774116 8.096184 -6.332393 3.194750 -27.255127 -72.452557 -33.848111 52.475026 -20.992188 -5.005036 12.887605 8.827981 -14.755646 -18.058602 3.634742 -4.059859 -2.836520 -0.438613 -2.533190 2.047016 2.438444 -0.000000 -0.000000 0.000000 3.896959 14.159170 -1.904711 0.175489 4.171166 -0.425235 -1.880512 -11.221633 0.347763 -0.056811 -6.569566 1.016510
0.491875 0.940171 1.394959 3.516667 -0.332242 1.676369 -1.269649 2.374139 -0.283022 -0.550566 -4.770391 -0.119656 -0.548733 1.049770 -0.175554 -0.424612 6.624153 -0.131622 -0.751799 14.143512 1.518517 -2.007539 -9.725563 3.152178 -0.053537 10.088472 9.582196 -18.943758 -20.453338 72.747126 26.487363 60.978638 19.963667 1.333249 14.022577 -3.850273 -0.718799 8.095096 -6.385471 3.674582 -26.989711 -72.722589 -34.417447 53.099403 -21.868542 -5.041797 12.976694 8.534458 -14.240743 -18.349862 3.560357 -6.727775 -2.527937 -0.564212 -3.151479 1.731239 2.414491 -0.000000 -0.000000 0.000000 4.167953 14.765902 -1.835197 0.151527 5.032097 -0.381194 -1.829874 -11.387186 0.033150 -0.069840 -7.818596 1.035177
0.489137 0.938859 1.411144 3.051344 -0.502662 1.838650 -1.187920 2.419772 -0.281965 -0.514241 -4.750165 -0.119482 -0.512547 1.070027 -0.171691 -0.397181 6.639331 -0.128752 -0.793058 14.199333 1.495291 -2.074293 -9.621243 3.122808 0.054773 10.118074 9.591696 -18.870811 -20.505335 72.659381 25.955178 61.515327 19.697927 1.357678 14.062179 -3.565951 -0.630021 8.074145 -6.465030 4.348852 -26.671704 -73.067773 -35.039458 53.887138 -22.913356 -5.097852 13.088495 8.165578 -12.965324 -19.059023 3.206458 -10.371828 -0.584125 -0.764889 -3.853237 1.465758 2.239286 -0.000000 0.000000 -0.000000 4.452443 15.370573 -1.703679 0.141703 6.064695 -0.322859 -1.732830 -11.475800 -0.359094 -0.088860 -9.249489 1.103016
0.486038 0.937737 1.428183 2.645942 -0.743611 1.961967 -1.161374 2.463083 -0.267165 -0.503161 -4.730961 -0.112911 -0.501522 1.089247 -0.163997 -0.388332 6.653742 -0.122950 -0.801446 14.296316 1.480235 -2.080946 -9.441396 3.094696 0.122690 10.159246 9.628581 -18.795990 -20.559513 72.550139 25.409981 61.914296 19.383390 1.364810 14.094030 -3.360504 -0.618782 8.140491 -6.531163 5.055568 -26.296626 -73.408905 -35.549228 54.681477 -23.881623 -5.246522 13.193946 7.830524 -11.898310 -19.387718 2.853042 -13.268416 1.242650 -0.980876 -4.306172 1.426085 1.542602 0.000000 -0.000000 -0.000000 4.807343 15.850830 -1.463881 0.146123 7.459070 -0.244987 -1.762605 -11.350733 -0.776644 -0.112717 -11.042023 1.166092
0.482629 0.936762 1.446270 2.408066 -1.081673 2.081973 -1.240756 2.513173 -0.262235 -0.538701 -4.708656 -0.110152 -0.536963 1.111525 -0.164848 -0.414958 6.670465 -0.123516 -0.777965 14.427633 1.477216 -2.031319 -9.198509 3.075957 0.119178 10.209194 9.712956 -18.679870 -20.616576 72.407613 24.833755 62.122419 18.990285 1.347399 14.120632 -3.241588 -0.780538 8.367129 -6.559421 5.881238 -25.890225 -73.744047 -36.039735 55.460866 -24.840753 -5.546038 13.294709 7.585480 -11.245873 -19.064807 2.489778 -15.011361 2.483396 -1.027581 -4.204847 1.663609 -0.119411 -0.000000 0.000000 0.000000 5.183916 16.238658 -1.162875 0.161840 9.240280 -0.093222 -1.974396 -11.094485 -1.197396 -0.138519 -13.133525 1.198653
0.478857 0.935978 1.465211 2.230007 -1.491340 2.162915 -1.375427 2.560595 -0.244744 -0.599481 -4.687559 -0.101477 -0.597569 1.132560 -0.162344 -0.460202 6.686254 -0.121501 -0.722113 14.600559 1.481785 -1.922645 -8.879177 3.058020 0.074577 10.271078 9.823798 -18.561203 -20.676257 72.244065 24.257296 62.192918 18.559557 1.310904 14.138386 -3.202064 -1.021769 8.680012 -6.579550 6.737754 -25.426373 -74.077917 -36.407356 56.250393 -25.712227 -5.936072 13.395221 7.378280 -10.818258 -18.367857 2.143314 -15.989553 3.640448 -0.953961 -3.924425 2.116020 -2.347737 0.000000 0.000000 -0.000000 5.631658 16.499316 -0.748481 0.190706 11.382282 0.093177 -2.329463 -10.627626 -1.626886 -0.168725 -15.586745 1.226745
0.474439 0.935614 1.484776 1.966088 -1.896754 2.116315 -1.488460 2.556952 -0.171656 -0.653489 -4.689368 -0.068284 -0.651416 1.130686 -0.134633 -0.498508 6.684835 -0.100483 -0.640287 14.850677 1.498594 -1.767615 -8.417003 3.051182 0.033197 10.352733 9.937244 -18.621099 -20.711693 72.092627 23.837722 62.199673 18.275688 1.264616 14.132729 -3.286213 -1.169775 8.965443 -6.630450 7.204687 -24.831934 -74.345621 -36.138812 56.965307 -25.986547 -6.312934 13.468880 7.155080 -11.001941 -17.343432 2.154516 -15.659230 4.433808 -0.807020 -4.116529 2.776472 -4.265123 -0.000000 0.000000 -0.000000 6.351573 16.405983 -0.023615 0.226614 13.999092 0.190451 -2.870361 -9.571380 -2.043512 -0.210074 -18.769767 1.270982
0.469094 0.935804 1.505490 1.591425 -2.326097 1.878218 -1.560368 2.480921 -0.011742 -0.693594 -4.723675 0.003137 -0.691366 1.096335 -0.067283 -0.523434 6.659013 -0.049596 -0.528363 15.225062 1.532178 -1.559294 -7.724506 3.061812 -0.002275 10.462462 10.077545 -19.043779 -20.714864 71.928541 23.767836 62.226362 18.366799 1.212069 14.090918 -3.578423 -1.121666 9.206926 -6.738079 6.879493 -24.025136 -74.458865 -34.781770 57.508878 -25.233192 -6.670541 13.486410 6.829392 -12.393735 -15.765321 2.754075 -13.071485 4.524372 -0.605218 -5.187306 3.948307 -5.492050 0.000000 0.000000 -0.000000 7.496505 15.923783 1.183600 0.184933 17.222201 0.133189 -3.685052 -7.961250 -2.392140 -0.269916 -22.785878 1.324297
0.463102 0.936413 1.526827 1.134102 -2.754362 1.514597 -1.613381 2.356214 0.205582 -0.728091 -4.779839 0.099877 -0.725686 1.040130 0.025956 -0.542185 6.616756 0.020790 -0.391877 15.677197 1.577107 -1.308015 -6.887984 3.084131 -0.036006 10.592521 10.219218 -19.642539 -20.703449 71.769480 23.850141 62.191466 18.604393 1.159761 14.025635 -3.992738 -0.978077 9.421536 -6.870972 6.179894 -23.094210 -74.535083 -32.722167 57.932677 -23.838705 -7.019164 13.478009 6.487523 -14.330801 -13.817379 3.595497 -9.185162 4.218528 -0.412543 -6.686004 5.358282 -6.371659 -0.000000 -0.000000 0.000000 8.871961 15.057772 2.682706 0.110979 20.922764 0.022674 -4.704598 -5.763443 -2.697610 -0.347802 -27.531801 1.392192
0.457017 0.937265 1.546979 0.526411 -3.026277 1.131826 -1.631900 2.202319 0.434344 -0.747664 -4.849029 0.201442 -0.745109 0.970909 0.125534 -0.549274 6.564706 0.095903 -0.251336 16.102128 1.622468 -1.050993 -6.102049 3.108121 -0.031520 10.725164 10.265594 -20.046192 -20.679242 71.717766 23.659041 61.922551 18.486889 1.115390 13.960293 -4.318838 -0.871073 9.545699 -6.979769 5.902980 -22.228048 -74.789779 -30.684137 58.401649 -22.488723 -7.275747 13.499575 6.331062 -15.357397 -12.211905 4.261346 -6.311911 4.226847 -0.243842 -7.926256 6.099542 -7.107791 0.000000 -0.000000 -0.000000 10.154084 13.659700 4.119584 0.200109 24.827139 -0.018323 -5.757176 -2.494425 -3.071476 -0.447511 -33.065866 1.507511
0.450997 0.938365 1.565025 -0.314609 -3.025498 0.732222 -1.590105 1.995104 0.684205 -0.741224 -4.941908 0.311991 -0.738586 0.878031 0.236737 -0.536015 6.494890 0.179702 -0.099037 16.482657 1.662253 -0.772053 -5.398987 3.119866 0.050644 10.865469 10.146612 -20.123029 -20.616671 71.870270 22.868632 61.269567 17.656146 1.069618 13.893676 -4.502190 -0.820559 9.496389 -7.054764 6.470007 -21.473464 -75.354231 -28.830994 59.103414 -21.400415 -7.391442 13.570666 6.464012 -14.497221 -11.475378 4.656586 -5.700365 5.093192 0.019902 -8.675102 5.591561 -7.778012 0.000000 0.000000 -0.000000 11.410628 11.538848 5.507762 0.558239 28.907989 0.017125 -7.015827 2.556035 -3.676090 -0.684600 -40.648902 1.871482
0.444883 0.939707 1.581886 -1.309562 -2.872829 0.307521 -1.513199 1.760019 0.948545 -0.719594 -5.047060 0.428875 -0.716913 0.772909 0.355818 -0.510761 6.415883 0.269391 0.057475 16.836163 1.701206 -0.486710 -4.745992 3.130682 0.173775 11.004976 9.933836 -20.009833 -20.528235 72.136819 21.884170 60.372718 16.539696 1.024348 13.827061 -4.599303 -0.805853 9.356422 -7.103854 7.442115 -20.776786 -76.059170 -26.957608 59.869266 -20.295302 -7.408218 13.661137 6.780356 -12.775893 -11.140215 4.985771 -6.084088 6.291832 0.367200 -9.142964 4.405409 -8.312264 0.000000 -0.000000 -0.000000 12.536713 8.905610 6.823591 1.109122 33.198478 0.177695 -8.390314 8.675880 -4.370730 -1.055178 -49.020210 2.327237
0.438753 0.941095 1.598515 -2.283138 -2.764150 -0.049295 -1.458723 1.588684 1.154827 -0.705024 -5.123654 0.520238 -0.702306 0.696339 0.448664 -0.492758 6.358323 0.339320 0.176366 17.109074 1.744831 -0.275458 -4.241324 3.166006 0.261340 11.105481 9.743789 -19.740711 -20.465274 72.346263 21.319274 59.507887 15.759300 0.992177 13.787344 -4.568290 -0.901550 9.310495 -7.111308 8.317405 -20.185622 -76.656489 -25.294238 60.373362 -19.168601 -7.374979 13.751778 7.165608 -11.783402 -10.448645 5.387817 -5.996642 6.948524 0.685606 -9.327885 3.348613 -8.719972 0.000000 -0.000000 0.000000 13.015927 6.258628 7.712109 1.811409 37.509561 0.587000 -9.258496 14.216881 -4.837328 -1.093169 -54.456392 2.157434
0.432568 0.942559 1.615380 -3.154097 -2.779770 -0.266354 -1.461428 1.526499 1.245186 -0.710452 -5.151534 0.560405 -0.707680 0.668457 0.488284 -0.493776 6.337344 0.369178 0.239347 17.256383 1.804210 -0.176104 -3.968228 3.252073 0.272420 11.147653 9.619034 -19.228685 -20.430951 72.462839 21.232959 58.731689 15.373037 0.972106 13.791766 -4.303273 -1.213284 9.456726 -7.046989 9.100501 -19.706033 -77.113502 -24.091709 60.495192 -18.115230 -7.292243 13.850907 7.589028 -12.406559 -8.958191 5.912049 -4.641756 6.583947 0.907423 -9.182347 2.720965 -9.005858 0.000133 0.010704 -0.017489 12.474622 3.760686 8.015489 2.876378 41.928242 1.298766 -9.272813 18.857516 -5.013136 -0.432209 -54.982504 0.861783
0.426367 0.944068 1.632013 -4.002603 -2.834153 -0.412207 -1.484281 1.524873 1.273938 -0.722014 -5.152397 0.573305 -0.719200 0.667580 0.500011 -0.501531 6.336659 0.378038 0.266501 17.323191 1.870441 -0.146907 -3.843723 3.364078 0.247592 11.151317 9.517537 -18.560455 -20.423710 72.524983 21.497198 57.995899 15.260819 0.956671 13.820941 -3.911039 -1.637244 9.700401 -6.949711 9.792039 -19.336548 -77.480295 -23.192446 60.371438 -17.138654 -7.157769 13.949468 8.080568 -13.728035 -7.067061 6.428976 -2.832485 5.678266 1.046459 -8.751040 2.223400 -9.184576 0.000236 0.021392 -0.034987 11.363061 1.259427 7.994899 4.174112 46.364786 2.218517 -8.713941 22.932025 -4.975892 0.292239 -52.547288 -0.836803
0.420339 0.945338 1.647971 -4.893589 -2.873090 -0.600386 -1.476787 1.534622 1.335635 -0.721700 -5.148223 0.600825 -0.718893 0.671750 0.527558 -0.499221 6.339737 0.398830 0.273661 17.390401 1.918616 -0.148335 -3.718243 3.449525 0.232141 11.138640 9.428587 -18.028537 -20.489885 72.470378 22.349980 57.425722 15.694468 0.954939 13.847724 -3.666641 -1.935446 9.933000 -6.906725 9.894066 -19.127405 -77.647076 -22.269384 60.057855 -16.164965 -7.015278 14.008746 8.615921 -14.633696 -5.264949 6.866388 -1.519731 4.795439 1.129483 -8.180184 1.765803 -9.281596 0.000000 -0.000000 -0.000000 10.419651 -1.210060 7.913237 5.075123 50.366107 3.111015 -7.797967 25.777718 -4.605633 0.662400 -49.338989 -2.340019
0.414488 0.946160 1.662913 -5.851292 -2.872480 -0.916477 -1.415581 1.548365 1.488278 -0.701924 -5.142336 0.668756 -0.699200 0.677657 0.597496 -0.479167 6.344063 0.451592 0.257351 17.476483 1.935487 -0.182079 -3.557575 3.484953 0.247246 11.094713 9.349785 -17.791695 -20.674631 72.224563 24.101872 57.116016 17.017900 0.985412 13.871988 -3.680259 -2.000381 10.125751 -6.966149 8.925339 -19.120250 -77.458655 -21.118659 59.406450 -15.084209 -6.871456 13.995149 9.228655 -14.695531 -3.737751 7.285869 -1.159709 4.113929 1.208119 -7.447689 1.330352 -9.293244 -0.000543 -0.063387 0.144811 9.878036 -3.670607 7.842290 5.056176 53.863003 3.673426 -6.311340 27.034303 -3.684839 0.715309 -45.571592 -3.775348
0.408810 0.946743 1.677180 -6.851659 -2.860539 -1.275968 -1.323673 1.575281 1.673431 -0.670152 -5.130501 0.751120 -0.667576 0.689533 0.683087 -0.448996 6.352854 0.516167 0.220845 17.561971 1.934027 -0.246776 -3.397892 3.493292 0.271813 11.035199 9.284415 -17.687703 -20.938046 71.861461 26.422799 56.918577 18.881381 1.037428 13.897444 -3.838975 -1.939933 10.303457 -7.075813 7.367526 -19.260791 -77.050619 -19.997310 58.565375 -14.060225 -6.712557 13.946015 9.884300 -14.350947 -2.318981 7.685235 -1.291953 3.456590 1.285930 -6.575246 0.934928 -9.227167 -0.000943 -0.158677 0.342197 9.499083 -6.105743 7.683421 4.428936 56.944653 3.930935 -4.414270 27.076145 -2.435726 0.414894 -41.076388 -5.113621
0.403479 0.947421 1.691352 -7.887057 -2.860770 -1.537778 -1.221010 1.591609 1.812729 -0.631361 -5.123151 0.812951 -0.628963 0.696930 0.748854 -0.415087 6.358330 0.565766 0.189423 17.670503 1.926430 -0.299238 -3.195740 3.488100 0.287448 11.027826 9.228505 -17.528571 -21.195296 71.539576 28.576292 56.626216 20.500357 1.080172 13.904529 -4.083067 -1.838941 10.434953 -7.167253 6.170059 -19.474276 -76.756443 -19.194746 58.036134 -13.356345 -6.555699 13.929851 10.456479 -13.805804 -0.984773 7.965677 -1.487960 2.852525 1.338929 -5.776335 0.541441 -9.122503 -0.001188 -0.288050 0.472784 9.300370 -8.413742 7.394837 3.853541 59.397187 4.241422 -2.883866 26.332611 -1.381933 0.019331 -37.464170 -6.101808
0.398611 0.948362 1.705727 -8.954585 -2.888374 -1.628673 -1.106608 1.583229 1.869362 -0.583217 -5.126530 0.837805 -0.581013 0.693600 0.778593 -0.376884 6.355840 0.588147 0.162050 17.821212 1.918197 -0.342878 -2.915245 3.479674 0.284945 11.129910 9.185650 -17.240932 -21.418194 71.295208 30.369801 56.197293 21.629099 1.110742 13.884344 -4.429969 -1.694301 10.505966 -7.213806 5.731323 -19.794649 -76.740319 -18.772087 58.160227 -13.058813 -6.406024 13.998394 10.912790 -13.041124 0.286933 8.070902 -1.646112 2.277285 1.338722 -5.170192 0.135406 -8.989518 -0.001633 -0.451566 0.483540 9.465883 -10.570406 6.868659 3.786224 61.117464 5.134487 -2.077948 24.630853 -0.680704 -0.139600 -35.301363 -6.701516
0.394091 0.949397 1.720007 -10.057134 -2.921740 -1.621092 -0.981813 1.562047 1.880984 -0.528187 -5.135459 0.842534 -0.526189 0.684725 0.788909 -0.334981 6.349236 0.595858 0.139289 17.994815 1.902407 -0.375052 -2.592518 3.455403 0.272691 11.284472 9.149095 -16.899452 -21.631781 71.091319 31.992084 55.704178 22.503770 1.134522 13.848709 -4.862618 -1.508092 10.531974 -7.239582 5.656044 -20.202109 -76.846381 -18.615189 58.606186 -13.028077 -6.263360 14.101540 11.284815 -12.094791 1.471530 8.070100 -1.869659 1.753758 1.309424 -4.638155 -0.270148 -8.814962 -0.002252 -0.649324 0.427419 9.848506 -12.608629 6.174989 3.883211 62.213219 6.260794 -1.621756 22.131395 -0.140231 -0.081638 -33.982183 -7.087443
0.389744 0.950367 1.733880 -11.195518 -2.927357 -1.592870 -0.870540 1.542706 1.881122 -0.478620 -5.143602 0.842202 -0.476809 0.676628 0.793611 -0.297585 6.343221 0.599343 0.148961 18.157504 1.872750 -0.343433 -2.291487 3.395047 0.258886 11.387134 9.100127 -16.540614 -21.826373 70.976148 33.273905 55.165026 23.052841 1.132784 13.805115 -5.270246 -1.372453 10.526933 -7.252862 5.706375 -20.560715 -76.943712 -18.704990 58.870044 -13.139467 -6.145269 14.154100 11.542478 -11.259835 2.527950 8.033790 -2.037994 1.380579 1.284141 -4.036850 -0.672604 -8.602967 -0.002653 -0.883707 0.344044 9.957367 -14.514685 5.563454 3.691521 62.778399 6.772761 -1.189373 19.763149 0.273070 0.087739 -33.333469 -7.360843
0.385491 0.951226 1.747163 -12.380379 -2.882616 -1.570353 -0.778999 1.523872 1.877953 -0.437682 -5.151598 0.840464 -0.436029 0.668665 0.796028 -0.266816 6.337298 0.601111 0.206642 18.305799 1.825577 -0.218220 -2.018694 3.287147 0.248566 11.394057 9.029982 -16.160395 -21.979408 70.997086 34.091914 54.591683 23.160575 1.088715 13.746955 -5.630928 -1.329663 10.482733 -7.251920 5.933048 -20.811624 -77.023186 -19.109204 58.771072 -13.389887 -6.066697 14.117149 11.656129 -10.682408 3.421118 7.976624 -2.112989 1.211798 1.274082 -3.260596 -1.059914 -8.343045 -0.002333 -1.170397 0.228364 9.538271 -16.313148 5.173429 2.990964 62.857224 6.257029 -0.671197 17.860013 0.590009 0.387495 -33.623364 -7.509817
0.381413 0.952019 1.760038 -13.600908 -2.809390 -1.529392 -0.700992 1.506457 1.863133 -0.402199 -5.159013 0.833577 -0.400681 0.661275 0.792743 -0.240549 6.331805 0.598584 0.296811 18.442507 1.764843 -0.029537 -1.768014 3.144348 0.237520 11.348179 8.950603 -15.764901 -22.110178 71.108022 34.605970 53.990979 22.974741 1.020420 13.678749 -5.967738 -1.337237 10.407893 -7.237181 6.285585 -21.011845 -77.096578 -19.743271 58.489311 -13.755754 -6.018950 14.028534 11.657249 -10.218769 4.185317 7.875987 -2.132267 1.193084 1.259174 -2.413859 -1.444909 -8.050419 -0.001114 -1.493734 0.085468 8.819506 -17.980625 4.902499 2.097833 62.363827 5.236581 -0.163966 16.090108 0.819417 0.817816 -34.567877 -7.491278
0.377579 0.952715 1.772740 -14.825699 -2.743196 -1.471929 -0.641850 1.509318 1.844491 -0.374998 -5.157488 0.825073 -0.373586 0.662820 0.787002 -0.220664 6.333008 0.594229 0.401043 18.543270 1.696967 0.185800 -1.584273 2.984759 0.220465 11.275219 8.876062 -15.405398 -22.272885 71.217918 35.062342 53.369502 22.814808 0.959772 13.622374 -6.237169 -1.360475 10.340752 -7.221806 6.370314 -21.198622 -77.059418 -20.349080 58.064871 -14.065757 -5.984269 13.918126 11.607527 -9.722034 4.882550 7.741714 -2.088601 1.260275 1.223150 -1.668862 -1.861964 -7.767117 0.000470 -1.809083 -0.029759 8.019687 -19.435565 4.646946 1.367334 61.206722 4.268382 0.336898 14.389042 0.956612 1.211685 -35.185410 -7.401102
0.374042 0.953324 1.785281 -16.054613 -2.705491 -1.398374 -0.599021 1.547245 1.824519 -0.355126 -5.140449 0.816042 -0.353800 0.679872 0.779989 -0.206374 6.345832 0.588940 0.517141 18.597041 1.621425 0.424216 -1.487799 2.808021 0.189571 11.172967 8.809683 -15.109503 -22.506836 71.307555 35.501133 52.709240 22.770289 0.912117 13.585733 -6.414662 -1.395911 10.300025 -7.211800 5.917416 -21.365586 -76.824309 -20.787877 57.371261 -14.182692 -5.964321 13.770676 11.534734 -9.154278 5.524484 7.575923 -1.994008 1.419583 1.152270 -1.053611 -2.319931 -7.483380 0.002090 -2.109894 -0.113518 7.161461 -20.664480 4.342294 0.921094 59.351853 3.572433 0.910027 12.663871 1.008727 1.562431 -35.452297 -7.390786
0.370749 0.953836 1.797648 -17.287837 -2.673710 -1.307408 -0.575152 1.605265 1.799266 -0.343509 -5.114558 0.804719 -0.342244 0.705767 0.769842 -0.198503 6.365280 0.581303 0.647825 18.614563 1.540496 0.690593 -1.458252 2.617119 0.153092 11.043766 8.750114 -14.849785 -22.772644 71.398644 35.874054 52.027150 22.748219 0.868891 13.559383 -6.525221 -1.447064 10.266883 -7.201722 5.194727 -21.511857 -76.473073 -21.186351 56.540377 -14.219277 -5.959187 13.599638 11.412308 -8.554603 6.099308 7.380251 -1.837115 1.663726 1.055858 -0.541208 -2.809889 -7.205456 0.003556 -2.402702 -0.169617 6.225963 -21.685446 4.034017 0.750425 56.837894 3.105704 1.494951 11.001204 0.987556 1.858281 -35.398354 -7.319867
0.367614 0.954194 1.810036 -18.494448 -2.617453 -1.198145 -0.583352 1.657742 1.767212 -0.345800 -5.091241 0.790481 -0.344542 0.729085 0.755374 -0.201347 6.382787 0.570420 0.782311 18.604637 1.465382 0.961444 -1.479132 2.435839 0.129408 10.920804 8.702559 -14.593262 -23.008744 71.459872 36.276531 51.377646 22.780338 0.840347 13.539025 -6.598491 -1.489768 10.223076 -7.188215 4.614283 -21.688523 -76.153736 -21.697355 55.998114 -14.401338 -5.950918 13.478443 11.216773 -7.891153 6.635042 7.166229 -1.575874 1.908548 0.955316 -0.223105 -3.338449 -6.993815 0.003593 -2.662482 -0.154602 5.381040 -22.464764 3.756967 0.904734 53.712025 2.925441 1.880189 9.598096 0.861122 1.908636 -34.128861 -6.929345
0.364604 0.954391 1.822547 -19.658212 -2.537680 -1.058133 -0.630283 1.701647 1.722101 -0.364636 -5.071868 0.770557 -0.363316 0.748449 0.733540 -0.217093 6.397318 0.553992 0.920951 18.568204 1.405088 1.234847 -1.548737 2.280336 0.125489 10.832609 8.670026 -14.318805 -23.206361 71.472626 36.758053 50.731850 22.893154 0.834318 13.525205 -6.630334 -1.520759 10.170154 -7.165069 4.331921 -21.934751 -75.915882 -22.436001 55.951749 -14.881096 -5.939259 13.446268 10.930025 -7.162717 7.165638 6.926898 -1.114891 2.104753 0.852731 -0.203485 -3.910839 -6.882061 0.000822 -2.869867 -0.032771 4.658203 -22.963971 3.504132 1.490719 49.901173 3.135496 1.959603 8.502554 0.538686 1.676176 -31.188383 -6.264602
0.361751 0.954433 1.835080 -20.795069 -2.432246 -0.901191 -0.709397 1.739317 1.670792 -0.397447 -5.055376 0.747986 -0.396009 0.764916 0.707634 -0.243579 6.409662 0.534500 1.064125 18.504783 1.352252 1.514266 -1.667900 2.136769 0.134114 10.751402 8.648473 -14.046372 -23.375867 71.453493 37.264679 50.117063 23.058739 0.840449 13.516413 -6.624236 -1.543103 10.106961 -7.137760 4.191948 -22.215068 -75.709399 -23.318510 56.183867 -15.547585 -5.935030 13.460847 10.565057 -6.371483 7.658900 6.671291 -0.549801 2.301922 0.744629 -0.380657 -4.519336 -6.827301 -0.004254 -3.044256 0.160158 4.033217 -23.219442 3.251067 2.247589 45.485286 3.512090 1.860921 7.649551 0.048271 1.302161 -27.019791 -5.469218
0.359066 0.954285 1.847530 -21.922151 -2.267319 -0.767807 -0.813786 1.753770 1.632928 -0.442072 -5.049283 0.731505 -0.440468 0.770976 0.686624 -0.278508 6.414186 0.518707 1.201070 18.420899 1.293345 1.784146 -1.824496 1.983716 0.152561 10.625957 8.633084 -13.804103 -23.484852 71.421468 37.745567 49.671740 23.232606 0.843809 13.505704 -6.620867 -1.541883 10.010907 -7.119260 4.139623 -22.475725 -75.536632 -24.195674 56.482147 -16.236917 -5.936494 13.473824 10.143836 -5.489174 8.043827 6.434703 -0.124243 2.564663 0.648172 -0.536827 -5.151675 -6.777354 -0.010130 -3.218710 0.360556 3.589967 -23.304970 3.005437 2.739949 40.741888 3.657679 1.699418 7.065039 -0.480890 0.873745 -22.063877 -4.479493
0.356672 0.953917 1.859719 -23.042789 -2.014338 -0.658937 -0.941361 1.737327 1.611047 -0.497687 -5.057004 0.722207 -0.495868 0.763212 0.671680 -0.321173 6.408324 0.507484 1.324674 18.310482 1.226060 2.032372 -2.029741 1.819073 0.188796 10.423644 8.622405 -13.591811 -23.507073 71.367939 38.207362 49.436268 23.410409 0.843938 13.484850 -6.650931 -1.494502 9.848822 -7.108109 4.196207 -22.699854 -75.413615 -25.085429 56.833764 -16.959715 -5.949758 13.473425 9.626029 -4.419272 8.230437 6.231154 0.022367 2.967038 0.569446 -0.633640 -5.836843 -6.723429 -0.016438 -3.387550 0.555891 3.303608 -23.260624 2.737062 3.037502 35.672970 3.577386 1.503630 6.852893 -1.066267 0.408294 -15.578066 -3.138398
0.354448 0.953359 1.871825 -24.153365 -1.703319 -0.577522 -1.093931 1.698645 1.604935 -0.565110 -5.074717 0.719982 -0.563016 0.745432 0.662607 -0.372194 6.394928 0.500686 1.442834 18.179065 1.154560 2.272638 -2.273461 1.647689 0.235990 10.177548 8.622052 -13.409321 -23.470148 71.297830 38.656509 49.370716 23.603884 0.841932 13.462043 -6.683646 -1.422790 9.653470 -7.102720 4.341489 -22.906093 -75.327960 -25.983237 57.249917 -17.722511 -5.974667 13.469021 9.051174 -3.256256 8.309519 6.045100 0.031193 3.435906 0.507722 -0.709848 -6.546284 -6.675084 -0.023556 -3.556331 0.758804 3.200467 -23.043372 2.462985 3.150280 30.270620 3.337470 1.244781 6.905322 -1.725626 0.086793 -8.273384 -1.761991
0.352037 0.952657 1.884283 -25.261158 -1.390674 -0.566444 -1.270218 1.646704 1.630312 -0.644561 -5.098467 0.731849 -0.642131 0.721598 0.666413 -0.431210 6.376961 0.503612 1.566956 18.049992 1.074191 2.527421 -2.512335 1.457389 0.269265 9.935044 8.638303 -13.285113 -23.421395 71.251045 39.049814 49.494494 23.796330 0.825176 13.455760 -6.668364 -1.378903 9.500116 -7.117334 4.458140 -23.093501 -75.239633 -26.665237 57.565456 -18.313086 -5.989263 13.447919 8.563747 -2.257542 8.477912 5.869389 0.079713 3.814282 0.469211 -0.661234 -7.183481 -6.614510 -0.031093 -3.774921 0.943491 3.441828 -22.597240 2.264228 2.724581 24.795012 2.776571 0.913334 6.936024 -2.309406 -0.014971 -2.787005 -0.814117
0.349301 0.951783 1.897183 -26.379859 -1.083610 -0.655295 -1.465851 1.582353 1.700709 -0.734756 -5.127937 0.763792 -0.731938 0.692018 0.689200 -0.496805 6.354635 0.520852 1.691573 17.923920 0.983030 2.787105 -2.744758 1.246548 0.276888 9.705548 8.678687 -13.238297 -23.370692 71.238605 39.433204 49.910908 24.019547 0.788367 13.478120 -6.585332 -1.383268 9.430777 -7.161912 4.515950 -23.284117 -75.131829 -27.053854 57.707884 -18.660074 -5.974236 13.400300 8.220808 -1.539272 8.817867 5.707229 0.228835 3.994572 0.469140 -0.404555 -7.704610 -6.553226 -0.038924 -4.044974 1.102232 4.125456 -21.817517 2.238859 1.495999 19.136817 1.641144 0.567453 6.782426 -2.636597 -0.014697 -0.526883 -0.370896
0.346378 0.950765 1.910435 -27.497104 -0.779483 -0.814368 -1.684994 1.508046 1.803858 -0.836941 -5.162080 0.810338 -0.833676 0.657730 0.725366 -0.570334 6.328727 0.548175 1.822431 17.799321 0.883406 3.061814 -2.973559 1.017404 0.270469 9.480966 8.736120 -13.249629 -23.307816 71.247789 39.776193 50.518386 24.244165 0.734592 13.519177 -6.456125 -1.416407 9.401121 -7.230205 4.544814 -23.455549 -75.020767 -27.206790 57.756300 -18.817504 -5.938568 13.340568 7.966165 -0.984642 9.243087 5.554613 0.417659 4.083756 0.489254 -0.020499 -8.155084 -6.486213 -0.047363 -4.364823 1.242927 5.161850 -20.806089 2.283610 -0.099207 13.370860 0.330121 0.107718 6.618553 -2.902329 -0.002225 -0.110568 -0.140994
0.343335 0.949741 1.924195 -28.581061 -0.519604 -0.994536 -1.939294 1.434901 1.915708 -0.955147 -5.195966 0.860835 -0.951358 0.623661 0.763872 -0.655638 6.302949 0.577277 1.987086 17.696241 0.775355 3.402404 -3.161385 0.761004 0.259471 9.281863 8.792442 -13.290342 -23.248316 71.285030 39.903914 51.032893 24.348244 0.661821 13.564969 -6.293246 -1.470606 9.356487 -7.312326 4.517597 -23.540220 -74.917643 -27.087159 57.777033 -18.747486 -5.897315 13.294983 7.774973 -0.501990 9.696585 5.397424 0.640167 4.245424 0.481942 0.349895 -8.572332 -6.371079 -0.056897 -4.779401 1.363305 6.423259 -19.815410 2.184194 -1.489190 8.077336 -0.468760 -0.681702 6.646957 -3.542111 -0.000000 0.000000 -0.000000
0.340128 0.948740 1.938545 -29.622625 -0.315401 -1.189208 -2.234786 1.363078 2.034135 -1.091946 -5.229593 0.914317 -1.087539 0.589790 0.803475 -0.754728 6.277277 0.607205 2.196469 17.620556 0.657105 3.829152 -3.296285 0.470744 0.255918 9.137893 8.840697 -13.357428 -23.203784 71.362141 39.742992 51.391864 24.271612 0.564244 13.623474 -6.099077 -1.539182 9.276708 -7.400501 4.421289 -23.498578 -74.831007 -26.671618 57.776718 -18.436149 -5.852104 13.275805 7.680562 -0.086417 10.186360 5.255523 0.928673 4.494599 0.405877 0.651713 -8.969536 -6.196966 -0.068126 -5.289798 1.474565 8.080737 -18.804687 1.823718 -2.860278 3.152308 -0.573710 -2.151936 7.073904 -4.936060 0.003090 0.210831 0.043730
0.336799 0.947733 1.953402 -30.630705 -0.156003 -1.401917 -2.565707 1.293493 2.161041 -1.244880 -5.262584 0.971588 -1.239776 0.556480 0.845215 -0.865697 6.251972 0.638734 2.439327 17.565864 0.529169 4.320970 -3.389478 0.151468 0.247120 9.018995 8.885112 -13.454278 -23.160305 71.467376 39.345705 51.664773 24.049927 0.442848 13.689643 -5.875329 -1.627958 9.180540 -7.500467 4.271108 -23.371931 -74.761956 -25.985999 57.742661 -17.909606 -5.795353 13.272765 7.649641 0.257964 10.704749 5.109150 1.249519 4.814811 0.299199 0.941533 -9.333326 -5.974539 -0.080635 -5.894927 1.565987 9.946432 -17.810680 1.339394 -4.199185 -1.258380 -0.327488 -3.899772 7.626368 -6.791430 0.002528 0.105887 0.019586
0.333545 0.946771 1.968683 -31.599719 -0.046697 -1.597240 -2.926047 1.236290 2.277299 -1.410412 -5.290324 1.024174 -1.404554 0.528354 0.881005 -0.986527 6.230537 0.665789 2.709438 17.533976 0.393937 4.865699 -3.437620 -0.190123 0.205973 8.855278 8.926427 -13.561697 -23.095480 71.571705 38.710135 51.768476 23.698194 0.303960 13.729261 -5.633323 -1.747313 9.071749 -7.620447 4.082353 -23.214704 -74.711118 -25.066147 57.710282 -17.192258 -5.734964 13.276541 7.556442 0.607521 11.170980 4.888455 1.500524 5.322905 0.233503 1.246290 -9.660843 -5.692654 -0.092911 -6.636551 1.602364 11.358273 -17.204447 0.877933 -4.718204 -4.178217 -0.014998 -5.006210 7.851492 -8.412333 0.000000 0.000000 -0.000000
0.330568 0.945879 1.984309 -32.469640 0.017125 -1.749229 -3.340267 1.197825 2.370335 -1.598862 -5.310040 1.066580 -1.592160 0.508144 0.904302 -1.125429 6.215033 0.683457 3.009888 17.521635 0.249219 5.469309 -3.445948 -0.558888 0.102074 8.599755 8.971148 -13.668674 -23.003410 71.666622 37.754535 51.608389 23.181255 0.129320 13.722927 -5.368827 -1.918911 8.938138 -7.775258 3.833595 -23.047345 -74.659759 -23.854074 57.665186 -16.240159 -5.685994 13.281375 7.341841 0.998278 11.564428 4.563498 1.598348 6.034979 0.231620 1.572669 -9.978571 -5.310413 -0.100884 -7.493495 1.541194 11.960479 -17.287821 0.440386 -3.689093 -4.954183 0.235828 -5.079876 7.552779 -9.772752 -0.000000 0.000000 -0.000000
0.327665 0.945032 2.000359 -33.299952 0.032713 -1.881300 -3.783977 1.170268 2.451059 -1.799873 -5.325149 1.103557 -1.792269 0.492431 0.920880 -1.274221 6.202887 0.696058 3.337123 17.531558 0.095933 6.124407 -3.408638 -0.951354 -0.033078 8.299195 9.019028 -13.785986 -22.890370 71.757400 36.558447 51.283105 22.535273 -0.071419 13.692667 -5.091063 -2.120145 8.788711 -7.948398 3.547629 -22.850787 -74.630726 -22.412055 57.605597 -15.114405 -5.640998 13.291842 7.063214 1.392941 11.904817 4.168249 1.634270 6.937166 0.269665 1.920309 -10.260070 -4.872756 -0.105607 -8.487104 1.424466 12.119295 -17.765140 0.018941 -1.779200 -4.283015 0.514626 -4.586732 7.030120 -10.811955 0.000000 0.000000 0.000000
0.324417 0.944211 2.016983 -34.264184 -0.016850 -2.031758 -4.177915 1.142306 2.535290 -1.978897 -5.340344 1.141910 -1.970471 0.476635 0.941056 -1.406310 6.190684 0.711335 3.674851 17.574674 -0.059182 6.798321 -3.306077 -1.348558 -0.133753 8.024026 9.060070 -13.926519 -22.754173 71.834250 35.360898 50.998584 21.881654 -0.245396 13.664010 -4.825718 -2.295744 8.660882 -8.103484 3.304784 -22.623164 -74.683434 -20.943686 57.593182 -13.981065 -5.577708 13.313050 6.768216 1.757746 12.169082 3.729384 1.771861 8.101025 0.346162 2.306111 -10.422840 -4.499252 -0.114368 -9.722976 1.344608 12.263246 -18.114365 -0.274666 -0.259046 -3.198649 0.798934 -3.917605 6.578926 -10.683717 -0.000000 0.000000 -0.000000
0.320627 0.943304 2.034188 -35.461792 -0.144140 -2.238182 -4.468250 1.113407 2.644316 -2.112994 -5.355735 1.191020 -2.103919 0.460751 0.976544 -1.503667 6.178402 0.738118 4.013147 17.663235 -0.226921 7.475066 -3.115129 -1.765623 -0.145748 7.804472 9.067545 -14.133643 -22.563834 71.939984 34.168490 50.760368 21.149910 -0.371424 13.637054 -4.570277 -2.433779 8.568558 -8.218049 3.112004 -22.367227 -74.853439 -19.485120 57.652014 -12.865583 -5.474228 13.344573 6.434810 2.160262 12.366897 3.289925 2.048896 9.535508 0.456736 2.742122 -10.522421 -4.221492 -0.128505 -11.157589 1.318170 12.559599 -18.217795 -0.397322 0.399608 -1.737688 1.044793 -3.171010 6.045430 -8.446960 0.000000 0.000000 0.000000
0.316492 0.942424 2.051967 -36.792547 -0.339831 -2.458296 -4.709257 1.085243 2.756169 -2.225294 -5.370664 1.241265 -2.215669 0.445387 1.015394 -1.584501 6.166517 0.767428 4.361672 17.784527 -0.397946 8.168742 -2.859301 -2.188495 -0.123481 7.608701 9.064825 -14.362948 -22.351322 72.026472 32.976243 50.559713 20.407260 -0.467890 13.610165 -4.321338 -2.546997 8.500469 -8.317918 2.962262 -22.089795 -75.108064 -17.984198 57.756563 -11.730759 -5.355618 13.385968 6.081522 2.535802 12.482823 2.809189 2.437206 11.230085 0.595756 3.217789 -10.502836 -4.014357 -0.149183 -12.834388 1.331555 12.840831 -18.189621 -0.396976 0.687704 0.167182 1.245056 -2.177697 5.531315 -5.050179 -0.000000 -0.000000 -0.000000
0.312193 0.941881 2.070449 -38.130823 -0.586183 -2.610814 -4.983689 1.048485 2.822355 -2.350260 -5.389260 1.271124 -2.340038 0.426302 1.032599 -1.676456 6.151924 0.780415 4.733850 17.913036 -0.534434 8.892620 -2.587995 -2.553175 -0.165643 7.416263 9.114052 -14.494913 -22.215423 71.953908 31.978977 50.593596 19.953142 -0.533220 13.603687 -4.097532 -2.617465 8.456652 -8.440955 2.914454 -21.794575 -75.402535 -16.502390 57.904397 -10.632629 -5.261677 13.442963 5.819613 2.653673 12.451820 2.188634 3.001965 13.224382 0.755591 3.714423 -10.113910 -3.913606 -0.189015 -14.989187 1.436682 13.035996 -17.851714 -0.316179 0.737746 1.670515 1.358594 -0.930188 5.681753 -2.435592 -0.000000 0.000000 -0.000000
0.307598 0.941752 2.090028 -39.456145 -0.900168 -2.679734 -5.322772 0.987289 2.829381 -2.500971 -5.418566 1.274425 -2.489972 0.396372 1.020635 -1.789782 6.129300 0.771347 5.143405 18.059083 -0.613976 9.664303 -2.283209 -2.821995 -0.335330 7.211598 9.263881 -14.392606 -22.205777 71.547618 31.285347 50.983547 20.002558 -0.544634 13.629797 -3.851249 -2.590336 8.431850 -8.627925 3.031681 -21.461169 -75.748590 -15.058669 58.213389 -9.595271 -5.194621 13.541200 5.698548 2.390088 12.341973 1.414069 3.858953 15.488931 0.902740 4.201904 -9.362232 -4.009622 -0.269191 -17.639523 1.741753 13.279670 -16.992116 -0.179529 0.201919 2.253778 1.381221 0.715708 7.243420 -1.502706 0.000000 -0.000000 0.000000
0.302839 0.941961 2.110309 -40.789836 -1.259795 -2.677284 -5.694561 0.912320 2.791000 -2.663924 -5.453723 1.257239 -2.652018 0.360472 0.986920 -1.913822 6.102283 0.745815 5.576715 18.214543 -0.657979 10.465812 -1.959524 -3.030136 -0.572930 7.018023 9.464215 -14.183754 -22.290792 70.995246 30.776690 51.628693 20.323831 -0.518843 13.673991 -3.625058 -2.519085 8.427599 -8.838597 3.251660 -21.111022 -76.134240 -13.612471 58.566771 -8.574543 -5.139914 13.656913 5.672810 1.878601 12.066287 0.508591 4.902605 18.047361 1.063224 4.695808 -8.242377 -4.221389 -0.393086 -20.765745 2.160441 13.449458 -15.817864 0.012174 -0.596729 2.438202 1.343961 2.557827 9.490739 -1.359364 0.000000 0.000000 0.000000
0.298487 0.942592 2.130234 -42.069982 -1.584167 -2.569131 -6.086537 0.850939 2.699141 -2.833429 -5.482276 1.216221 -2.820603 0.331079 0.928700 -2.044650 6.080276 0.701819 6.006600 18.326303 -0.692984 11.259101 -1.715424 -3.222129 -0.791677 6.870890 9.628849 -14.156019 -22.438007 70.703000 30.292072 52.392639 20.530013 -0.507153 13.713053 -3.573514 -2.550392 8.455801 -8.992385 3.443942 -20.805442 -76.478195 -12.181565 58.612476 -7.559368 -5.107967 13.722722 5.715251 1.287322 11.325017 -0.551167 5.876674 21.021988 1.316200 5.258742 -6.483890 -4.337532 -0.534695 -24.549159 2.457213 13.087540 -14.776367 0.244446 -0.532099 2.926681 1.236384 4.041246 10.856765 -1.232149 0.000000 0.000000 -0.000000
0.294818 0.943735 2.149448 -43.255078 -1.843532 -2.311973 -6.515495 0.811019 2.528907 -3.015878 -5.500284 1.140475 -3.002129 0.312129 0.834467 -2.187955 6.066335 0.630736 6.435252 18.367631 -0.718927 12.051106 -1.600563 -3.402068 -0.958079 6.794259 9.742380 -14.526132 -22.681864 70.887521 29.795142 53.366347 20.507528 -0.521680 13.732636 -3.824353 -2.769257 8.570256 -9.051498 3.654626 -20.614017 -76.779597 -10.801504 58.155349 -6.593563 -5.098203 13.696343 5.908543 0.638673 9.937202 -1.829024 6.790835 24.543695 1.771615 5.917380 -3.817350 -4.381171 -0.701192 -29.775529 2.584354 11.600847 -14.158469 0.636764 1.289992 4.236526 0.959002 4.878732 10.525371 -0.846381 0.000840 0.014905 -0.094746
0.291556 0.945301 2.168306 -44.387918 -2.060752 -1.953078 -6.964080 0.777034 2.304604 -3.204561 -5.514647 1.040644 -3.189850 0.296744 0.715518 -2.337781 6.055261 0.541019 6.860831 18.365347 -0.733708 12.836940 -1.565390 -3.564130 -1.103854 6.759076 9.816000 -15.096378 -22.954410 71.339208 29.331833 54.445979 20.363266 -0.531526 13.735444 -4.245808 -3.094494 8.724384 -9.063952 3.834691 -20.464171 -77.035141 -9.528760 57.393439 -5.707837 -5.106263 13.622986 6.174488 -0.029594 8.065002 -3.203166 7.684750 28.487719 2.309383 6.647003 -0.506538 -4.367329 -0.869881 -35.661973 2.625025 9.579647 -13.662295 1.057610 3.963223 5.842480 0.580936 5.347605 9.315677 -0.454505 0.000552 0.029720 -0.189509
0.288450 0.947105 2.186808 -45.532364 -2.235687 -1.596868 -7.369122 0.745113 2.091837 -3.374446 -5.527649 0.945828 -3.358841 0.282746 0.603467 -2.473029 6.045246 0.456478 7.250227 18.345345 -0.761568 13.561765 -1.562285 -3.740132 -1.236936 6.712295 9.806097 -15.535142 -23.067651 71.806850 28.843173 55.192853 20.041389 -0.529434 13.728204 -4.605601 -3.424036 8.780603 -9.070967 3.712676 -20.199991 -77.168635 -8.417031 56.568648 -4.875549 -5.145544 13.563854 6.243715 -0.542128 5.945073 -4.422180 8.306694 32.598700 2.621579 7.487709 2.925218 -4.082369 -0.906566 -40.040435 2.487698 8.336425 -12.873765 1.116327 5.927878 6.874477 0.286438 5.803021 8.110881 -0.058554 -0.000000 0.000000 -0.000000
0.285467 0.949258 2.205015 -46.756649 -2.354089 -1.273051 -7.698718 0.716485 1.913802 -3.512465 -5.539055 0.866396 -3.496130 0.270485 0.510037 -2.583099 6.036489 0.385980 7.598363 18.306065 -0.812573 14.219695 -1.594285 -3.947368 -1.355177 6.613127 9.647842 -15.662067 -22.888050 72.269197 28.124838 55.310001 19.307314 -0.547716 13.710306 -4.875044 -3.743747 8.633250 -9.066084 3.055468 -19.647619 -77.158288 -7.364435 55.615199 -3.930177 -5.253194 13.532368 5.930311 -0.826271 3.574110 -5.454594 8.390058 36.962221 2.517028 8.658159 6.535967 -3.383449 -0.689934 -42.085784 1.908066 8.512198 -11.577389 0.588255 6.535256 6.881272 0.187511 6.346250 7.181134 0.348513 0.002479 -0.103399 0.762119
0.282640 0.951649 2.222866 -47.991554 -2.430503 -0.954458 -7.985467 0.693004 1.747751 -3.632057 -5.547915 0.792318 -3.615105 0.260881 0.423852 -2.678896 6.029744 0.320972 7.910335 18.248251 -0.876929 14.817501 -1.660781 -4.169808 -1.458639 6.491183 9.409633 -15.647709 -22.551500 72.727541 27.404087 55.077905 18.448884 -0.559694 13.687362 -5.084322 -4.065645 8.389441 -9.038625 2.107389 -18.970991 -77.061308 -6.455159 54.606554 -3.024602 -5.414002 13.509925 5.419767 -0.964352 0.976354 -6.330123 8.054043 41.487549 1.994216 10.023720 10.285677 -2.442385 -0.373921 -42.629065 1.099147 9.429608 -10.001690 -0.267263 6.443795 6.320621 0.204066 6.873237 6.254966 0.763940 0.005236 -0.250888 1.808561
0.279817 0.953771 2.240175 -49.094591 -2.512272 -0.658704 -8.263000 0.676212 1.589927 -3.747973 -5.553697 0.721972 -3.730429 0.254354 0.341766 -2.771639 6.025306 0.259066 8.167910 18.200976 -0.951167 15.318201 -1.710083 -4.392123 -1.559817 6.405183 9.247130 -15.680000 -22.302309 72.961616 27.224586 54.941585 18.170870 -0.489175 13.685130 -5.090783 -4.326555 8.226066 -9.024641 1.305897 -18.516328 -76.889384 -5.931571 54.004310 -2.520158 -5.555735 13.509366 4.997896 -1.065625 -1.549344 -6.925460 7.596674 45.647863 1.087635 11.101069 13.496685 -1.474920 -0.168816 -41.983003 0.625648 10.437339 -8.418223 -1.125651 6.066065 5.678510 0.210673 7.441966 5.400683 1.155766 0.005286 -0.398913 2.558673
0.276911 0.955434 2.256923 -50.029266 -2.624835 -0.365597 -8.550531 0.666884 1.422265 -3.867913 -5.555828 0.647349 -3.849778 0.251419 0.254990 -2.867760 6.023611 0.193641 8.361172 18.171951 -1.038937 15.703684 -1.729713 -4.616744 -1.666334 6.400017 9.234047 -15.787626 -22.284255 72.819211 27.924647 55.041455 18.904740 -0.284104 13.731317 -4.710117 -4.508846 8.219363 -9.055425 0.835044 -18.423762 -76.551287 -5.974235 54.152453 -2.639119 -5.645045 13.551237 4.717063 -1.198465 -3.910259 -7.192679 7.064062 49.337444 -0.256815 11.641247 16.096890 -0.394967 -0.095517 -39.844920 0.703462 11.557095 -6.859037 -1.934310 5.281362 5.044967 0.159932 8.128385 4.664426 1.513929 0.003190 -0.536457 2.714262
0.274010 0.956827 2.273130 -50.832257 -2.745859 -0.095170 -8.828882 0.665777 1.261789 -3.984161 -5.554193 0.576078 -3.965487 0.252253 0.171950 -2.960869 6.024749 0.131063 8.499485 18.153093 -1.138470 15.991161 -1.734709 -4.844306 -1.772380 6.440417 9.291182 -15.941449 -22.378233 72.464622 29.153095 55.227242 20.225330 -0.012615 13.799627 -4.125699 -4.631237 8.290435 -9.110263 0.499612 -18.538366 -76.092289 -6.377218 54.713236 -3.116461 -5.706137 13.616373 4.522659 -1.338856 -6.179914 -7.204387 6.332654 52.644324 -1.969994 11.900153 18.159831 0.770474 -0.057940 -36.499225 0.977111 12.768050 -5.280663 -2.724489 4.211376 4.336112 0.126937 8.858032 3.998539 1.847365 -0.000895 -0.674817 2.573391
0.271220 0.958013 2.288661 -51.470802 -2.854335 0.075156 -9.074056 0.676708 1.157036 -4.088313 -5.548008 0.529877 -4.069184 0.257692 0.115201 -3.042957 6.029182 0.088334 8.593141 18.150690 -1.239305 16.195602 -1.713409 -5.058179 -1.871200 6.469069 9.344102 -16.247711 -22.431622 72.154369 30.393702 55.532627 21.515163 0.225217 13.838239 -3.746205 -4.685789 8.382841 -9.154264 0.158995 -18.772651 -75.697530 -6.753449 55.132303 -3.534584 -5.727202 13.663391 4.540762 -1.472396 -8.308109 -7.034310 5.625296 55.356805 -3.593375 12.071714 19.202248 1.672054 -0.012423 -33.142642 1.199943 13.395744 -3.872174 -3.351375 3.633433 3.761532 0.110385 9.466070 3.332222 2.151900 -0.004459 -0.804321 2.449823
0.268629 0.958985 2.303353 -51.935012 -2.950622 0.097859 -9.273393 0.711007 1.135272 -4.176057 -5.532844 0.521128 -4.156620 0.272212 0.097566 -3.109862 6.040174 0.075161 8.644345 18.174778 -1.343487 16.320698 -1.647251 -5.261318 -1.962911 6.464124 9.379439 -16.799238 -22.401190 71.971460 31.625279 56.036997 22.688523 0.409445 13.817013 -3.782481 -4.653682 8.504031 -9.179106 -0.272382 -19.169326 -75.420482 -6.900831 55.251259 -3.696070 -5.684440 13.692368 4.844674 -1.746640 -10.299740 -6.671650 5.151387 57.424355 -4.943704 12.214201 18.787609 2.194231 0.070326 -29.917485 1.394937 12.991066 -2.769562 -3.747090 4.024105 3.453439 0.066684 9.921591 2.622347 2.436220 -0.006992 -0.928426 2.443036
0.266149 0.959749 2.317370 -52.234035 -3.038569 0.019215 -9.439768 0.762075 1.168851 -4.251821 -5.511221 0.537395 -4.232195 0.293276 0.106164 -3.165875 6.055903 0.081827 8.650207 18.216482 -1.450352 16.361563 -1.553801 -5.452674 -2.047183 6.446228 9.412125 -17.504078 -22.325230 71.827937 32.909711 56.663310 23.858863 0.570619 13.765998 -4.024543 -4.553842 8.647867 -9.192339 -0.712275 -19.696616 -75.200645 -6.996504 55.231792 -3.778281 -5.586255 13.707567 5.361370 -2.043165 -12.143985 -6.142616 4.908817 58.932427 -5.957769 12.206378 17.334955 2.485511 0.166563 -26.686795 1.614489 12.028385 -1.849971 -4.016950 4.906868 3.265539 -0.009189 10.255994 1.914435 2.697372 -0.009159 -1.043759 2.453674
0.263627 0.960380 2.331075 -52.363507 -3.102423 -0.098040 -9.587586 0.807375 1.224542 -4.320359 -5.492592 0.563416 -4.300564 0.311388 0.125244 -3.215688 6.069340 0.096378 8.613578 18.254496 -1.544871 16.320721 -1.474071 -5.608746 -2.116289 6.418271 9.412266 -18.192412 -22.161444 71.716564 33.817861 57.247372 24.660744 0.687463 13.727618 -4.250925 -4.434340 8.738904 -9.179087 -1.044026 -20.163395 -75.067211 -7.174822 55.005666 -3.885002 -5.469451 13.675044 5.998942 -1.929803 -13.779016 -5.601833 4.910602 59.897753 -6.251627 11.951082 15.632599 2.575595 0.217868 -24.242115 1.763924 11.223362 -0.926478 -4.287114 5.628840 2.987646 -0.076813 10.398287 1.272851 2.918162 -0.010411 -1.130700 2.497332
0.260944 0.960943 2.344608 -52.308892 -3.145727 -0.248147 -9.709704 0.845789 1.301340 -4.378444 -5.477419 0.598700 -4.358503 0.326113 0.154646 -3.256894 6.080158 0.118686 8.521185 18.281400 -1.622616 16.173417 -1.424133 -5.718469 -2.165956 6.390613 9.341828 -18.851187 -21.852058 71.686332 34.114754 57.729178 24.834700 0.730031 13.716408 -4.460636 -4.300019 8.733725 -9.119827 -1.202110 -20.509836 -75.085544 -7.402373 54.424213 -3.981515 -5.331556 13.566687 6.824665 -1.138503 -15.155725 -5.135618 5.277779 60.306039 -5.450221 11.367932 13.851621 2.328664 0.199557 -23.110767 1.796408 10.779226 0.082563 -4.584975 5.973343 2.526411 -0.093745 10.337348 0.736492 3.071397 -0.010125 -1.172966 2.597008
0.258219 0.961372 2.357829 -52.084758 -3.163790 -0.437394 -9.813228 0.878042 1.400944 -4.429323 -5.465430 0.644023 -4.409247 0.337710 0.194820 -3.291887 6.088548 0.149100 8.386432 18.305513 -1.687569 15.944785 -1.386650 -5.792116 -2.200385 6.352403 9.238687 -19.492247 -21.448645 71.686045 33.980124 58.183235 24.582110 0.726643 13.716746 -4.656364 -4.145770 8.675749 -9.032871 -1.246272 -20.798761 -75.202800 -7.697933 53.635674 -4.087456 -5.197900 13.411393 7.769831 0.083085 -16.343969 -4.708970 5.876407 60.146630 -3.921426 10.560432 11.824864 1.838161 0.146703 -22.766344 1.775664 10.492608 1.100386 -4.862971 6.156638 1.979927 -0.093896 10.085427 0.269213 3.192186 -0.008712 -1.186694 2.729674
0.255655 0.961546 2.370686 -51.730816 -3.127933 -0.620724 -9.934060 0.883665 1.494355 -4.487483 -5.465255 0.686068 -4.467147 0.337428 0.230980 -3.332557 6.088046 0.176403 8.252467 18.329135 -1.736996 15.712715 -1.352321 -5.837756 -2.224521 6.274616 9.186706 -19.985754 -21.076029 71.561014 33.580309 58.658105 24.203916 0.740552 13.731526 -4.622429 -4.004560 8.619755 -8.959682 -1.247918 -21.022063 -75.273785 -8.271457 53.013676 -4.385662 -5.134273 13.262154 8.540173 1.406095 -17.463641 -4.302404 6.296492 59.456820 -2.450911 9.682440 9.832872 1.468312 0.090316 -22.420941 1.766576 10.462321 2.073801 -5.119508 6.175402 1.431521 -0.136904 9.606589 -0.176284 3.358427 -0.007379 -1.200993 2.841887
0.253396 0.961396 2.383101 -51.228073 -3.017039 -0.780786 -10.090665 0.849090 1.573195 -4.560653 -5.482807 0.720823 -4.539843 0.319290 0.258329 -3.385002 6.074203 0.196926 8.129782 18.360526 -1.773333 15.496367 -1.304084 -5.862015 -2.231517 6.130356 9.224994 -20.239420 -20.762103 71.207725 32.894669 59.125708 23.759075 0.805979 13.776239 -4.213532 -3.885799 8.582417 -8.922505 -1.244323 -21.174725 -75.234334 -9.246120 52.645290 -4.977384 -5.164680 13.118505 9.027829 2.878592 -18.583692 -3.971710 6.276662 58.279614 -1.291599 8.679478 7.843612 1.380144 0.036416 -21.847485 1.793850 10.862321 2.986293 -5.338539 5.994746 0.904486 -0.257725 8.748445 -0.603570 3.615337 -0.006912 -1.229730 2.913488
0.251299 0.960990 2.395151 -50.596121 -2.851276 -0.933012 -10.264711 0.787643 1.645776 -4.641123 -5.512267 0.752216 -4.619705 0.289180 0.281580 -3.443137 6.051405 0.214263 8.007973 18.391750 -1.794012 15.276730 -1.258168 -5.858041 -2.228706 5.946245 9.313582 -20.349986 -20.478584 70.736427 31.930721 59.612463 23.180335 0.893376 13.847304 -3.575428 -3.780089 8.546993 -8.899111 -1.199924 -21.262355 -75.148195 -10.502719 52.430203 -5.771392 -5.252057 12.980168 9.342317 4.464521 -19.635955 -3.678415 5.974507 56.569771 -0.331446 7.557721 5.892597 1.374847 -0.024522 -21.273849 1.833982 11.519360 3.857000 -5.517530 5.649532 0.380955 -0.419853 7.663014 -1.003387 3.924098 -0.006707 -1.259138 2.964656
0.249137 0.960411 2.407019 -49.932547 -2.664727 -1.081753 -10.436933 0.719707 1.708063 -4.720237 -5.544431 0.778826 -4.698184 0.256366 0.300189 -3.500587 6.026608 0.228069 7.898831 18.400718 -1.788965 15.074353 -1.255425 -5.813896 -2.242175 5.773369 9.418288 -20.471215 -20.270629 70.312262 30.905064 60.254517 22.582909 0.969323 13.919557 -2.928520 -3.692091 8.518354 -8.863697 -1.078958 -21.293571 -75.059190 -11.904931 52.460802 -6.678756 -5.350874 12.900192 9.517363 5.693246 -20.533160 -3.227468 5.725106 54.282296 0.293541 6.548621 4.353298 1.306704 -0.083911 -20.597210 1.898231 12.009514 4.684630 -5.685331 5.241931 -0.120112 -0.572308 6.770700 -1.407970 4.232190 -0.006135 -1.277000 3.002490
0.246800 0.959673 2.418695 -49.264849 -2.456110 -1.230822 -10.605527 0.642769 1.758552 -4.797104 -5.580374 0.799913 -4.774384 0.219779 0.313503 -3.556732 5.999021 0.237841 7.818277 18.383153 -1.749948 14.916046 -1.302913 -5.719877 -2.286483 5.631741 9.540710 -20.644438 -20.175983 69.974154 29.919132 61.203703 22.057228 1.028600 13.981295 -2.279678 -3.623970 8.497546 -8.805931 -0.815167 -21.249094 -74.987054 -13.520680 52.839706 -7.757227 -5.449437 12.914328 9.559826 6.358764 -21.263143 -2.484206 5.614444 51.365589 0.450055 5.696878 3.392621 1.124794 -0.150174 -20.056276 2.085333 12.231217 5.478600 -5.846055 4.722200 -0.631344 -0.699010 6.248331 -1.818671 4.523977 -0.004727 -1.271673 3.021981
0.244399 0.958762 2.430188 -48.565698 -2.226591 -1.375448 -10.772380 0.559550 1.798607 -4.872656 -5.618897 0.816142 -4.849244 0.180615 0.322090 -3.612233 5.969537 0.244014 7.750227 18.343142 -1.685450 14.774560 -1.393702 -5.585888 -2.347269 5.501206 9.679429 -20.825783 -20.157413 69.681750 28.841780 62.309506 21.479381 1.082311 14.045592 -1.620569 -3.573567 8.483157 -8.736021 -0.475121 -21.149006 -74.909862 -15.345556 53.451973 -9.015065 -5.558228 12.982461 9.461851 6.654543 -21.841431 -1.546015 5.699227 47.904201 0.348690 4.985114 2.843504 0.894488 -0.225599 -19.415557 2.305394 12.285685 6.228731 -6.003560 4.140762 -1.121763 -0.805340 5.919315 -2.239397 4.808772 -0.002958 -1.254843 3.028095
0.242039 0.957716 2.441710 -47.850050 -2.014430 -1.508832 -10.923600 0.498332 1.828796 -4.940920 -5.647376 0.828394 -4.916932 0.151547 0.327436 -3.662601 5.947653 0.247816 7.658398 18.271164 -1.610628 14.589080 -1.547523 -5.429368 -2.406655 5.373080 9.796357 -21.040086 -20.150410 69.479051 27.534573 63.252815 20.636248 1.108508 14.114488 -1.150023 -3.538974 8.476222 -8.658908 -0.221501 -21.060258 -74.810764 -17.115280 54.078237 -10.264742 -5.666314 13.044341 9.235193 6.701752 -22.222663 -0.545768 6.236117 44.066079 0.348003 4.568200 2.572612 0.682451 -0.258388 -17.856471 2.316481 12.051286 6.903878 -6.197842 3.750843 -1.481344 -0.876453 5.673820 -2.710238 5.069099 -0.001564 -1.249242 3.042902
0.239747 0.956547 2.453317 -47.131521 -1.836501 -1.637171 -11.050147 0.475937 1.851848 -4.998113 -5.658360 0.838303 -4.973751 0.140063 0.331562 -3.704904 5.938972 0.250840 7.526943 18.151178 -1.526765 14.332114 -1.795363 -5.249293 -2.454769 5.257418 9.867780 -21.304772 -20.147742 69.431218 25.860551 63.963991 19.367606 1.079673 14.189935 -0.975499 -3.520943 8.482378 -8.570628 -0.137677 -21.000306 -74.679641 -18.728176 54.631976 -11.415986 -5.770127 13.082153 8.866675 6.333631 -22.334516 0.572651 7.522499 39.760431 0.525729 4.572731 2.565465 0.448244 -0.214597 -14.620099 2.113226 11.390737 7.483311 -6.448842 3.704706 -1.671972 -0.912502 5.515813 -3.255621 5.297780 -0.000254 -1.249019 3.073574
0.237497 0.955244 2.464953 -46.396205 -1.676150 -1.755041 -11.160880 0.475553 1.865487 -5.047966 -5.659296 0.844499 -5.023351 0.138687 0.332716 -3.742015 5.937904 0.251708 7.371387 17.999202 -1.432912 14.029856 -2.105653 -5.046336 -2.501213 5.144418 9.917286 -21.602838 -20.156214 69.473557 23.947416 64.494649 17.830283 1.011783 14.258982 -0.991045 -3.518389 8.495736 -8.474901 -0.139577 -20.951560 -74.528014 -20.275691 55.209506 -12.543970 -5.875710 13.111047 8.369726 5.724616 -22.235449 1.762854 9.187518 35.097820 0.670146 4.873194 2.831140 0.323580 -0.125867 -10.448292 1.895118 10.439248 7.985799 -6.745826 3.852655 -1.735393 -0.922291 5.441032 -3.852580 5.500277 0.000701 -1.260004 3.112961
0.235317 0.953811 2.476657 -45.617519 -1.521908 -1.838692 -11.268731 0.475013 1.862750 -5.095776 -5.659907 0.843369 -5.070917 0.137648 0.326751 -3.778145 5.937151 0.247208 7.202720 17.853971 -1.340679 13.702645 -2.404005 -4.840379 -2.557402 4.995462 9.977211 -21.908068 -20.132213 69.455500 22.114753 64.713299 16.350255 0.942458 14.299170 -1.075866 -3.526811 8.500233 -8.388398 -0.138507 -20.928238 -74.373422 -21.754594 55.875863 -13.679171 -5.985050 13.121984 7.797170 5.505947 -22.092178 2.732140 10.432292 30.519661 0.701111 5.197509 3.248865 0.613375 -0.038902 -6.766826 1.640324 9.483365 8.440175 -7.081138 3.995538 -1.680873 -0.907708 5.327196 -4.468328 5.681738 -0.000319 -1.322419 3.161732
0.233241 0.952234 2.488390 -44.783667 -1.361255 -1.881189 -11.378489 0.463108 1.841410 -5.143505 -5.665131 0.833663 -5.118363 0.131994 0.312218 -3.814840 5.933011 0.236207 7.021329 17.731221 -1.254132 13.351233 -2.660645 -4.637199 -2.632636 4.778678 10.061683 -22.206659 -20.047023 69.305209 20.505044 64.509888 15.083386 0.881771 14.294591 -1.209491 -3.550190 8.476667 -8.321302 -0.092315 -20.917078 -74.222542 -23.185359 56.662541 -14.849351 -6.095144 13.108985 7.142394 6.075850 -21.975231 3.327806 11.192601 26.086168 0.687240 5.229870 3.891150 1.383611 0.002361 -3.956199 1.106647 8.587542 8.828234 -7.464269 4.067298 -1.491774 -0.852465 5.165100 -5.103456 5.848927 -0.004127 -1.449367 3.211966
0.231235 0.950528 2.500190 -43.906136 -1.208069 -1.889199 -11.485472 0.451502 1.803541 -5.189240 -5.669803 0.816579 -5.163828 0.126906 0.290511 -3.850598 5.929361 0.219801 6.826965 17.615216 -1.169101 12.975193 -2.905051 -4.430880 -2.718338 4.525526 10.155070 -22.512437 -19.928644 69.094590 19.093387 64.006220 13.994192 0.821684 14.259303 -1.411174 -3.584847 8.444529 -8.263818 -0.043419 -20.931964 -74.069169 -24.570492 57.541055 -16.047482 -6.211069 13.078855 6.412147 7.031881 -21.822463 3.705215 11.558283 21.712896 0.570811 5.211038 4.634988 2.560110 0.009575 -1.609933 0.436666 7.686734 9.167622 -7.884645 4.137408 -1.184596 -0.771031 4.964120 -5.757008 5.997207 -0.010144 -1.627697 3.271802
0.229222 0.948744 2.512217 -42.993199 -1.091050 -1.859759 -11.588466 0.452480 1.748527 -5.232483 -5.668427 0.792133 -5.206867 0.127885 0.261693 -3.885079 5.930329 0.198084 6.629812 17.497380 -1.084838 12.593748 -3.152150 -4.224262 -2.798880 4.292117 10.245266 -22.840615 -19.818586 68.888671 17.945473 63.431760 13.116616 0.773643 14.220600 -1.619479 -3.614681 8.445710 -8.202279 -0.030199 -21.027917 -73.912665 -25.885088 58.485672 -17.257201 -6.345428 13.043418 5.679676 7.797083 -21.613267 4.036885 11.050711 17.592060 0.297591 5.653788 5.057732 4.210925 0.000000 0.000000 0.000000 6.873314 9.543431 -8.301764 4.208357 -0.816843 -0.707274 4.629704 -6.392509 6.118872 -0.018106 -1.858175 3.366122
0.227208 0.946861 2.524486 -42.053296 -1.036586 -1.794350 -11.687743 0.482881 1.673954 -5.273348 -5.653457 0.759675 -5.247670 0.142478 0.225103 -3.918471 5.941579 0.170627 6.431271 17.369393 -1.002071 12.210280 -3.417030 -4.020000 -2.863494 4.099792 10.327259 -23.218033 -19.746482 68.724629 17.100893 62.833027 12.470071 0.745582 14.186692 -1.808876 -3.636949 8.499913 -8.130788 -0.044452 -21.248613 -73.739514 -27.210344 59.551109 -18.573475 -6.518202 13.005390 4.944385 8.248782 -21.343568 4.318431 9.244514 13.698252 0.021857 6.879617 4.969785 6.602176 -0.015049 0.509045 -0.085166 6.106634 9.984851 -8.718265 4.336969 -0.404861 -0.671810 4.147678 -7.013024 6.230421 -0.027685 -2.125331 3.492366
0.225187 0.944899 2.536983 -41.077895 -1.020107 -1.693544 -11.783126 0.526538 1.582838 -5.311784 -5.632141 0.720176 -5.286116 0.163434 0.181719 -3.950607 5.957667 0.138104 6.229901 17.239363 -0.920335 11.821268 -3.684872 -3.815835 -2.922463 3.927021 10.406374 -23.618230 -19.682269 68.565947 16.498582 62.171599 12.012195 0.729482 14.150697 -2.004881 -3.653659 8.587005 -8.053748 -0.094406 -21.550485 -73.566615 -28.492802 60.685274 -19.923587 -6.711409 12.964461 4.207447 8.506695 -21.010749 4.559451 6.620229 9.997179 -0.125954 8.449141 4.605965 9.531512 -0.013580 0.254622 -0.041013 5.426728 10.464137 -9.131143 4.466313 0.067433 -0.650809 3.531172 -7.613732 6.322594 -0.039938 -2.444378 3.653557
0.223066 0.942973 2.549821 -40.049772 -0.994188 -1.552573 -11.872627 0.546166 1.482208 -5.346998 -5.621205 0.675837 -5.321252 0.174039 0.133820 -3.980603 5.966037 0.102082 6.031558 17.123108 -0.837333 11.435617 -3.926236 -3.607918 -2.991309 3.765619 10.486615 -23.976685 -19.577963 68.367481 16.018496 61.547089 11.647726 0.710237 14.117884 -2.223353 -3.655697 8.688724 -7.972529 -0.243017 -21.856159 -73.438149 -29.446003 61.712676 -20.982066 -6.875819 12.929847 3.544261 8.361298 -20.604012 4.949897 4.082386 6.670397 -0.200348 9.805019 4.198825 12.336595 -0.000000 -0.000000 0.000000 5.047433 10.984563 -9.487046 4.426000 0.592875 -0.647874 2.726272 -8.145617 6.352417 -0.057406 -2.861914 3.883196
0.220741 0.941086 2.563069 -38.974792 -0.943490 -1.357848 -11.952570 0.521308 1.366588 -5.377018 -5.629585 0.623673 -5.351034 0.165379 0.078622 -4.007157 5.960026 0.060385 5.839981 17.032000 -0.751145 11.058843 -4.119830 -3.393103 -3.081658 3.618034 10.570586 -24.254318 -19.405317 68.098482 15.654569 60.973950 11.370371 0.682348 14.091304 -2.469992 -3.642928 8.814184 -7.886260 -0.557549 -22.147542 -73.360706 -29.835135 62.616567 -21.522299 -6.994217 12.902272 2.960096 7.508396 -20.032496 5.662358 1.865499 3.624037 -0.259946 11.006031 3.865328 14.957853 -0.000000 -0.000000 0.000000 5.144715 11.583030 -9.755906 4.093323 1.150828 -0.655792 1.682839 -8.600131 6.294802 -0.081498 -3.374983 4.205069
0.218315 0.939235 2.576658 -37.846889 -0.886262 -1.122055 -12.026338 0.473241 1.239961 -5.403693 -5.647937 0.565986 -5.377401 0.146774 0.018241 -4.031560 5.946602 0.014690 5.651419 16.954142 -0.663930 10.685789 -4.287696 -3.175449 -3.181779 3.481470 10.655654 -24.491820 -19.190764 67.791958 15.398072 60.439070 11.169985 0.649436 14.068099 -2.739511 -3.615323 8.953633 -7.794556 -0.970570 -22.440115 -73.326815 -29.793670 63.431646 -21.669113 -7.078007 12.885546 2.448942 6.262120 -19.385429 6.511976 -0.284797 0.949589 -0.223596 12.082978 3.551369 17.425090 0.000000 -0.000000 0.000000 5.544766 12.229127 -9.952426 3.590447 1.765339 -0.669362 0.448107 -8.983303 6.186647 -0.114037 -3.985798 4.596631
0.216006 0.937517 2.590503 -36.630868 -0.825025 -0.878607 -12.102576 0.426766 1.123361 -5.431965 -5.665802 0.512796 -5.405360 0.128638 -0.037807 -4.056829 5.933492 -0.027734 5.460507 16.870286 -0.579689 10.309354 -4.465678 -2.962272 -3.272218 3.339752 10.737417 -24.744268 -18.968628 67.498409 15.133187 59.998436 10.954419 0.609057 14.043988 -3.031443 -3.564517 9.060452 -7.700937 -1.342165 -22.706078 -73.359134 -29.550834 64.063695 -21.590247 -7.115094 12.892928 2.069054 5.330963 -18.934221 7.164040 -2.220794 -0.871848 -0.128778 12.577005 3.151353 19.130753 0.000000 -0.000000 -0.000000 5.937550 12.823754 -10.093782 3.114013 2.496542 -0.694375 -0.885148 -9.268039 6.077278 -0.159344 -4.748588 5.022613
0.213947 0.935944 2.604473 -35.319380 -0.742486 -0.626744 -12.184687 0.379225 1.018112 -5.463368 -5.684405 0.464634 -5.436416 0.109734 -0.089142 -4.084059 5.919767 -0.066608 5.266213 16.780090 -0.494390 9.926013 -4.654787 -2.745762 -3.344954 3.161137 10.820463 -25.051977 -18.727419 67.233052 14.845290 59.703581 10.706791 0.554779 14.015925 -3.368773 -3.462518 9.086948 -7.597506 -1.638682 -22.913768 -73.487756 -29.054954 64.487436 -21.229830 -7.084818 12.940205 1.843308 5.034125 -18.877392 7.485759 -4.064333 -1.453341 -0.074890 11.986180 2.386516 19.756517 -0.000000 0.000000 -0.000000 6.246206 13.332215 -10.201106 2.728528 3.334432 -0.735816 -2.310725 -9.458733 6.018351 -0.217068 -5.640783 5.446373
0.212004 0.934506 2.618699 -33.919612 -0.657625 -0.366158 -12.269309 0.333048 0.922757 -5.496370 -5.702621 0.420912 -5.469070 0.091201 -0.136197 -4.112165 5.906288 -0.102251 5.069590 16.683333 -0.412531 9.539279 -4.854872 -2.534558 -3.407899 2.976900 10.898634 -25.375530 -18.478380 66.982572 14.544630 59.502390 10.439909 0.489766 13.986579 -3.728676 -3.338064 9.080038 -7.494960 -1.891827 -23.091538 -73.684232 -28.338289 64.725385 -20.623229 -7.004910 13.009902 1.751363 5.046306 -19.016420 7.611014 -5.745793 -1.172240 -0.096542 10.933746 1.445303 19.609864 -0.000000 -0.000000 -0.000000 6.549294 13.785733 -10.257020 2.369715 4.289275 -0.779533 -3.835189 -9.547382 5.965778 -0.292135 -6.684161 5.907725
0.209995 0.933272 2.633484 -32.418654 -0.625424 -0.132899 -12.355262 0.319567 0.855747 -5.531450 -5.707015 0.390691 -5.503938 0.086467 -0.169965 -4.140910 5.903042 -0.127757 4.868303 16.561218 -0.351631 9.152232 -5.099677 -2.361591 -3.464986 2.865913 10.953333 -25.649545 -18.290244 66.753438 14.161901 59.294082 10.116986 0.426960 13.960275 -4.041847 -3.267446 9.136362 -7.422620 -2.059724 -23.303042 -73.884906 -27.797438 64.755801 -20.121167 -6.921581 13.062785 1.785522 5.095574 -19.034670 7.626151 -6.828615 -0.676271 -0.180394 10.642219 0.911624 18.952838 -0.000000 -0.000000 0.000000 6.770066 14.178555 -10.230312 2.042012 5.449729 -0.802971 -5.385964 -9.490047 5.823473 -0.401689 -7.998517 6.489099
0.207838 0.932217 2.648900 -30.772949 -0.675699 0.070443 -12.462261 0.362095 0.812344 -5.577198 -5.687165 0.372498 -5.549646 0.105862 -0.192794 -4.176910 5.917800 -0.144804 4.660507 16.392217 -0.316893 8.764243 -5.428944 -2.237298 -3.524215 2.875198 10.981737 -25.835927 -18.208523 66.579010 13.651495 59.040299 9.709460 0.370692 13.937042 -4.297255 -3.304035 9.327260 -7.382800 -2.050806 -23.623559 -74.067064 -27.651504 64.542329 -19.923362 -6.848411 13.082719 1.982678 5.145787 -18.872258 7.529665 -7.374201 0.006282 -0.348111 12.100492 1.124408 17.785909 -0.000000 -0.000000 0.000000 6.848664 14.544167 -10.151238 1.671628 6.810961 -0.763765 -6.858152 -9.331496 5.594023 -0.555056 -9.585753 7.176304
0.205614 0.931367 2.664874 -29.026667 -0.777503 0.241446 -12.570907 0.435477 0.800131 -5.625226 -5.654424 0.369096 -5.597746 0.138126 -0.201055 -4.213565 5.942088 -0.150742 4.447877 16.198385 -0.305500 8.375796 -5.802074 -2.155126 -3.577274 2.958887 10.992595 -25.971942 -18.187595 66.423119 13.067167 58.776638 9.257469 0.316869 13.917223 -4.505723 -3.393924 9.583240 -7.366021 -1.954704 -23.977243 -74.260297 -27.696313 64.121183 -19.859598 -6.782759 13.081625 2.303464 5.226636 -18.580404 7.336798 -7.330591 0.935442 -0.553795 14.236149 1.901404 16.076579 0.000000 0.000000 -0.000000 6.846291 14.841470 -9.993614 1.337186 8.375360 -0.691393 -8.364093 -9.027083 5.282548 -0.764302 -11.439617 7.997286
0.203391 0.930873 2.681497 -27.298554 -0.891008 0.344029 -12.621145 0.496396 0.855408 -5.650404 -5.628925 0.395501 -5.623076 0.163383 -0.177175 -4.230719 5.960833 -0.132488 4.233630 16.026715 -0.322446 7.992372 -6.131760 -2.122141 -3.603632 3.057174 10.985216 -26.106717 -18.156300 66.189239 12.491741 58.513755 8.829868 0.268520 13.906316 -4.630537 -3.452871 9.791360 -7.384257 -2.004801 -24.202547 -74.470922 -27.703952 63.583073 -19.736193 -6.742401 13.063595 2.623595 5.156718 -18.019624 7.177156 -6.063347 1.611219 -0.683125 15.167648 3.028615 14.034779 -0.000000 0.000000 -0.000000 6.867127 14.946192 -9.648186 1.268311 10.242724 -0.657480 -10.165785 -8.396806 4.807524 -1.067585 -13.662320 9.110234
0.201180 0.930729 2.699094 -25.606188 -1.008509 0.355358 -12.593494 0.524413 1.007396 -5.645324 -5.620499 0.464100 -5.618138 0.171861 -0.108059 -4.221748 5.966568 -0.080286 4.011502 15.887163 -0.379117 7.606658 -6.399367 -2.157078 -3.594139 3.116443 10.956289 -26.286224 -18.045010 65.775646 12.015957 58.265224 8.498039 0.237556 13.911433 -4.615427 -3.444022 9.903205 -7.464463 -2.391529 -24.208981 -74.691362 -27.487548 62.867593 -19.378588 -6.742549 13.015942 2.909922 4.770927 -16.980604 7.171127 -2.486517 1.678937 -0.787510 13.827165 4.631446 11.652382 -0.000000 -0.000000 0.000000 6.910357 14.872689 -9.129054 1.537875 12.440833 -0.598799 -12.353688 -7.556228 4.239743 -1.474559 -16.158036 10.496721
0.198970 0.930942 2.717338 -23.931542 -1.130919 0.297841 -12.507565 0.533349 1.225424 -5.617281 -5.622139 0.561571 -5.590213 0.170495 -0.007772 -4.193142 5.964622 -0.004685 3.788451 15.771240 -0.463704 7.227904 -6.621044 -2.241502 -3.558530 3.192638 10.909259 -26.470722 -17.913702 65.289496 11.549198 58.018171 8.190569 0.218123 13.926257 -4.515733 -3.405409 9.972323 -7.584291 -2.929424 -24.086869 -74.916023 -27.255049 62.033148 -18.985995 -6.768512 12.951351 3.192450 4.232994 -15.678635 7.213883 2.321093 1.522091 -0.972099 11.222513 6.587727 9.072580 0.000000 0.000000 0.000000 6.967742 14.591314 -8.441144 2.076465 14.944047 -0.515928 -14.859135 -6.377291 3.544858 -2.040017 -18.999666 12.233023
0.196796 0.931685 2.735341 -22.339850 -1.230931 0.206816 -12.361522 0.532618 1.454486 -5.562976 -5.628070 0.663672 -5.536111 0.165100 0.099829 -4.144344 5.959597 0.076413 3.587387 15.697739 -0.543820 6.885888 -6.762885 -2.322449 -3.505500 3.389962 10.856405 -26.575724 -17.889930 64.942675 10.905956 57.742151 7.767682 0.183550 13.935965 -4.462190 -3.365350 10.036402 -7.684640 -3.290396 -23.944553 -75.146871 -27.342945 61.351189 -18.891705 -6.783793 12.913791 3.445120 3.850709 -14.612123 7.091877 5.760751 1.690055 -1.047898 8.687187 8.106773 6.620785 -0.000000 0.000000 -0.000000 7.121173 13.902128 -7.478268 2.881858 17.786434 -0.551042 -17.726567 -4.309774 2.482590 -2.937124 -22.519233 14.675450
0.194669 0.933200 2.752951 -20.881493 -1.294334 0.090315 -12.134044 0.520836 1.687759 -5.472628 -5.638561 0.767306 -5.446130 0.155489 0.212625 -4.068267 5.951383 0.161398 3.416529 15.677266 -0.610138 6.592478 -6.805688 -2.385158 -3.421790 3.834288 10.828723 -26.565249 -18.120140 64.768157 9.999535 57.420836 7.211508 0.131569 13.928120 -4.546237 -3.327291 10.122998 -7.768934 -3.345087 -23.840417 -75.394230 -27.875254 60.948095 -19.237211 -6.763667 12.932175 3.676328 3.859742 -14.027530 6.601273 6.499665 2.386533 -0.701835 6.675786 8.769312 4.182382 -0.000000 0.000000 -0.000000 7.506851 12.702902 -6.120273 4.107650 21.049804 -0.740687 -21.379873 -0.933983 1.044211 -4.594927 -27.480696 18.205905
0.192578 0.935246 2.770321 -19.506158 -1.333544 -0.057124 -11.846417 0.498493 1.931495 -5.355937 -5.653513 0.875261 -5.329883 0.141647 0.332367 -3.971949 5.939960 0.251543 3.267508 15.699304 -0.667830 6.334919 -6.769114 -2.437222 -3.322898 4.399578 10.813437 -26.464255 -18.469680 64.709641 8.940188 57.061757 6.572747 0.058445 13.914649 -4.676243 -3.287569 10.202876 -7.833285 -3.224084 -23.712157 -75.644439 -28.698428 60.691866 -19.856555 -6.729868 12.978314 3.881733 4.023699 -13.660038 5.931550 5.900425 3.345884 -0.103324 4.798350 8.816853 1.764391 -0.000000 0.000000 -0.000000 7.933824 11.065195 -4.540149 5.600754 24.696150 -0.896053 -25.472938 3.352809 -0.792400 -7.090593 -32.933502 22.930660
0.190525 0.937275 2.787019 -18.128206 -1.363290 -0.219799 -11.560199 0.482245 2.151331 -5.238763 -5.664857 0.972708 -5.213168 0.131398 0.441634 -3.876056 5.931363 0.333809 3.138092 15.749645 -0.705477 6.105219 -6.680046 -2.457588 -3.259465 4.813697 10.746370 -26.274270 -18.658450 64.851337 7.831954 56.668502 5.809516 -0.063057 13.917014 -4.705663 -3.263308 10.220587 -7.808970 -2.990481 -23.487909 -75.860658 -29.710602 60.465546 -20.600040 -6.711148 13.011465 4.017472 3.937393 -13.252836 5.458631 5.395603 4.348653 0.377151 3.184169 8.453806 -0.215347 0.000000 0.000000 -0.000000 8.000391 9.072910 -3.061970 6.878633 28.562887 -0.918044 -28.971377 7.833790 -3.310792 -9.570814 -36.782510 28.295398
0.188526 0.939144 2.802723 -16.710570 -1.361755 -0.385954 -11.304514 0.471594 2.330926 -5.133331 -5.672623 1.052387 -5.108177 0.124600 0.531960 -3.790402 5.925542 0.401835 3.036351 15.826966 -0.711658 5.914442 -6.541151 -2.428088 -3.271887 4.926311 10.553274 -25.964525 -18.538294 65.360255 6.398285 56.197745 4.599675 -0.269232 13.948156 -4.539365 -3.274182 10.126277 -7.617272 -2.551654 -23.095907 -76.090146 -30.987061 60.248041 -21.495727 -6.709683 13.015350 4.062162 3.422446 -12.794648 5.361851 5.499652 5.413685 0.564298 1.916224 7.683969 -1.563415 -0.000000 0.000000 -0.000000 7.382244 6.638304 -1.769915 7.897524 32.702419 -0.905802 -31.813290 12.596658 -7.028427 -11.159678 -38.491639 34.083374
0.186566 0.940996 2.817756 -15.290469 -1.349835 -0.566203 -11.049889 0.469426 2.487212 -5.027370 -5.675891 1.121880 -5.002724 0.122280 0.612167 -3.705190 5.923189 0.462280 2.954997 15.931013 -0.694822 5.752460 -6.353006 -2.361909 -3.317907 4.895788 10.286496 -25.561487 -18.291851 66.090901 4.918238 55.681573 3.275586 -0.510134 13.994136 -4.264011 -3.300915 9.957810 -7.345395 -2.009449 -22.608411 -76.265715 -32.458093 60.044008 -22.526868 -6.715374 13.008519 4.037176 2.663796 -12.313181 5.456067 5.674971 6.527358 0.626238 0.966553 6.549934 -2.483274 -0.000000 -0.000000 -0.000000 6.394792 3.889171 -0.547772 8.673510 37.046994 -0.888279 -34.391294 17.441572 -11.591163 -11.528266 -39.111995 39.504884
0.184592 0.942713 2.832652 -13.893197 -1.405914 -0.781953 -10.769997 0.498233 2.638035 -4.910160 -5.664966 1.189614 -4.886207 0.134225 0.691767 -3.611734 5.931577 0.522404 2.868652 16.049360 -0.674650 5.579536 -6.138698 -2.287276 -3.323614 4.911217 10.065409 -25.158192 -18.117124 66.664946 4.272789 55.273558 2.695586 -0.682226 14.034998 -4.007720 -3.301531 9.796463 -7.172903 -1.710355 -22.187215 -76.192132 -33.794133 59.786599 -23.462232 -6.737538 13.002504 3.960719 1.799331 -11.621972 5.579985 5.760439 7.396781 0.700876 0.278992 5.391612 -3.169076 0.000000 -0.000000 0.000000 5.628856 1.239458 0.577915 8.773160 41.216933 -0.841253 -36.109423 21.278159 -15.806827 -10.351351 -39.124740 42.697331
0.182480 0.944230 2.847651 -12.507817 -1.583043 -1.082504 -10.454220 0.584255 2.806198 -4.778276 -5.628583 1.266230 -4.755302 0.171728 0.781726 -3.506714 5.959089 0.590545 2.763271 16.174542 -0.653920 5.371138 -5.912390 -2.204887 -3.254224 5.018843 9.945904 -24.842258 -18.062960 66.916622 4.854387 55.063338 3.198435 -0.747699 14.083196 -3.718341 -3.265023 9.676849 -7.188786 -1.895295 -21.906306 -75.721296 -34.920192 59.438633 -24.247278 -6.801719 12.996809 3.753445 0.768199 -10.587279 5.716291 5.688161 7.876769 0.844114 -0.053732 4.296967 -3.639824 0.000000 -0.000000 0.000000 5.210735 -1.166958 1.651632 7.754218 45.160716 -1.059491 -36.453574 23.856301 -19.639363 -7.007524 -37.946981 43.047979
0.180355 0.945612 2.862514 -11.143597 -1.824561 -1.424793 -10.113090 0.700082 2.974353 -4.635421 -5.578529 1.343296 -4.613568 0.222965 0.873236 -3.393468 5.996932 0.659951 2.653429 16.313880 -0.628248 5.152661 -5.659909 -2.111575 -3.144063 5.166411 9.878301 -24.530951 -18.053766 67.003726 6.227536 54.965585 4.345701 -0.742987 14.121434 -3.453662 -3.202312 9.577883 -7.302190 -2.313038 -21.717420 -75.022441 -35.897468 59.045966 -24.918563 -6.876595 12.993775 3.494177 -0.360097 -9.338371 5.875784 5.528865 8.112983 0.989125 -0.120250 3.182283 -3.903556 -0.000000 -0.000000 0.000000 5.024729 -3.487993 2.603558 5.851690 48.911868 -1.587814 -35.637491 25.537746 -22.962920 -2.544892 -36.012008 41.612882
0.178544 0.946934 2.877057 -9.856976 -2.048234 -1.691124 -9.752341 0.789820 3.098166 -4.481578 -5.538785 1.399854 -4.460759 0.263947 0.945366 -3.273374 6.027297 0.714640 2.556374 16.478471 -0.606886 4.958716 -5.359432 -2.030134 -3.023333 5.391003 9.835017 -24.063007 -18.083017 67.018987 8.002037 54.891998 5.786774 -0.703485 14.096408 -3.518237 -3.103251 9.500961 -7.418537 -2.565979 -21.604153 -74.387905 -36.607614 58.681870 -25.383927 -6.896736 13.006061 3.438426 -1.263016 -8.085910 5.952771 5.337682 8.243999 1.089850 -0.261057 2.123173 -4.124336 -0.000000 -0.000000 -0.000000 5.332367 -5.780042 3.190890 3.799346 52.226976 -1.852075 -33.724464 26.273488 -24.194856 0.335316 -34.735653 39.201337
0.177202 0.948198 2.891220 -8.672084 -2.236573 -1.828519 -9.360333 0.834842 3.154253 -4.310299 -5.517223 1.425131 -4.290439 0.286836 0.988002 -3.142397 6.044389 0.746930 2.473066 16.688898 -0.589400 4.790335 -4.973138 -1.959265 -2.878801 5.781917 9.827130 -23.339415 -18.176235 66.953487 10.187902 54.791871 7.511535 -0.676508 13.995267 -4.127164 -2.956866 9.460638 -7.524076 -2.586243 -21.596485 -73.857108 -37.054333 58.403787 -25.672089 -6.867157 13.032759 3.692332 -1.793938 -6.897342 5.909583 5.142764 8.308312 1.124517 -0.643964 1.128847 -4.354467 0.000002 0.021043 -0.023166 6.556083 -8.067250 3.218440 1.729821 55.113546 -1.443060 -30.238029 25.556134 -22.060338 0.538675 -34.514803 35.348143
0.176175 0.949403 2.905064 -7.566089 -2.414178 -1.887700 -8.948643 0.860261 3.162962 -4.127896 -5.503284 1.428743 -4.109000 0.302129 1.010084 -3.004667 6.055981 0.763630 2.403671 16.925355 -0.573072 4.648150 -4.537834 -1.895012 -2.721634 6.246396 9.855664 -22.457916 -18.302766 66.801017 12.762520 54.679438 9.477937 -0.678836 13.870548 -5.087473 -2.773797 9.441875 -7.629680 -2.443153 -21.665587 -73.395684 -37.253135 58.165644 -25.765194 -6.806206 13.063537 4.149614 -2.112498 -5.708695 5.799959 4.912749 8.267305 1.115469 -1.103898 0.190608 -4.535656 0.000039 0.042075 -0.046341 8.353966 -10.291674 2.817464 -0.335349 57.574435 -0.612149 -25.716738 23.541154 -18.019455 -0.397524 -34.747327 30.116489
0.175320 0.950618 2.918580 -6.526286 -2.565123 -1.902961 -8.558001 0.877763 3.142151 -3.953371 -5.492470 1.418999 -3.935358 0.314186 1.017986 -2.873854 6.065251 0.769584 2.363382 17.139260 -0.566462 4.564680 -4.142420 -1.860260 -2.620740 6.552646 9.864910 -21.551358 -18.385114 66.669279 15.292203 54.599227 11.333779 -0.694286 13.764968 -6.087876 -2.576449 9.392719 -7.680402 -1.945121 -21.694155 -73.173257 -37.119985 57.885104 -25.517677 -6.678151 13.094348 4.750227 -2.362987 -4.537794 5.662019 4.612854 8.142753 1.083869 -1.483851 -0.644470 -4.658829 -0.000000 0.000000 0.000000 9.836450 -12.397878 2.274431 -1.613642 59.371700 0.498995 -21.525538 21.405350 -14.332985 -1.267015 -35.267838 24.932492
0.174660 0.951927 2.931735 -5.543038 -2.686317 -1.869097 -8.212060 0.893696 3.088287 -3.797130 -5.482143 1.394553 -3.779892 0.325582 1.009352 -2.757922 6.074120 0.763070 2.365698 17.309741 -0.582467 4.569089 -3.824920 -1.883770 -2.631706 6.565399 9.810495 -20.624175 -18.357766 66.583089 17.708932 54.671697 13.047680 -0.702522 13.682821 -7.110021 -2.360827 9.272813 -7.639350 -0.915088 -21.608655 -73.317216 -36.631629 57.585820 -24.852139 -6.482522 13.126441 5.525065 -2.546952 -3.396163 5.489759 4.198758 7.940376 1.030929 -1.745806 -1.349219 -4.716073 -0.000396 -0.149667 0.186231 10.726503 -14.398517 1.642170 -1.546712 60.397732 2.183692 -17.907452 19.781925 -11.500518 -1.966505 -36.330330 20.297047
0.174174 0.953245 2.944562 -4.626378 -2.783312 -1.789421 -7.887024 0.904470 3.003520 -3.648703 -5.473843 1.356267 -3.632201 0.334854 0.986112 -2.648940 6.081479 0.745543 2.395969 17.459170 -0.612271 4.630184 -3.545187 -1.942998 -2.701837 6.423988 9.715358 -19.675107 -18.291363 66.538014 20.108931 54.784536 14.707750 -0.724550 13.623498 -8.172965 -2.131970 9.115108 -7.548067 0.468038 -21.450137 -73.681647 -35.851288 57.232329 -23.870161 -6.252698 13.142759 6.448168 -2.666825 -2.271099 5.289570 3.714610 7.654513 0.959526 -1.927982 -1.950702 -4.721610 -0.001351 -0.362554 0.441889 11.304785 -16.284609 0.924110 -0.661961 60.729528 4.218646 -14.538096 18.162088 -8.826162 -2.387151 -37.693744 15.536996
0.173650 0.954394 2.957152 -3.792784 -2.850736 -1.710571 -7.552573 0.904334 2.914309 -3.495794 -5.470374 1.315785 -3.480015 0.339285 0.961125 -2.536717 6.085214 0.726653 2.426612 17.603323 -0.633746 4.689205 -3.275675 -1.987036 -2.739073 6.310218 9.619078 -18.826885 -18.322307 66.597985 22.275137 54.670450 16.136430 -0.748265 13.588898 -9.007284 -1.925513 8.977909 -7.469090 1.863988 -21.281280 -74.026578 -34.828234 56.654262 -22.712256 -5.990801 13.121660 7.379023 -2.862807 -1.146538 5.108082 3.259277 7.289545 0.892990 -1.986668 -2.483983 -4.703857 -0.002547 -0.568325 0.625336 11.466285 -18.014143 0.394250 0.164833 60.441832 5.648572 -11.589870 16.401914 -6.430569 -2.195190 -38.280929 10.980619
0.172956 0.955337 2.969519 -3.058650 -2.882597 -1.646985 -7.196936 0.886865 2.827216 -3.333426 -5.474635 1.275950 -3.318358 0.336002 0.937740 -2.417257 6.083154 0.708909 2.453176 17.750560 -0.640624 4.735604 -3.000991 -2.002512 -2.698087 6.304525 9.533521 -18.158755 -18.527934 66.826298 24.076986 54.256787 17.192869 -0.729140 13.558708 -9.485521 -1.763356 8.892449 -7.421658 3.242938 -21.134111 -74.302441 -33.569360 55.752786 -21.417192 -5.669388 13.058943 8.327384 -3.239370 -0.002078 4.949214 2.865153 6.814053 0.845422 -1.832635 -2.934577 -4.666333 -0.003432 -0.745779 0.658129 11.040585 -19.607737 0.239468 0.637926 59.600981 5.995715 -9.052406 14.413178 -4.170479 -1.585952 -37.744395 6.945764
0.172224 0.956110 2.981648 -2.407524 -2.884357 -1.582682 -6.831904 0.858143 2.734324 -3.166537 -5.483900 1.233396 -3.152176 0.327691 0.912105 -2.294572 6.077331 0.689445 2.480168 17.891777 -0.639838 4.780320 -2.737807 -2.004170 -2.623631 6.325712 9.451025 -17.590404 -18.842551 67.144791 25.596813 53.646937 17.974459 -0.666241 13.524312 -9.728434 -1.622790 8.829249 -7.382809 4.635824 -20.983897 -74.563244 -32.124637 54.620177 -20.016580 -5.327383 12.957009 9.291378 -3.690490 1.139297 4.797549 2.500224 6.259314 0.804543 -1.554002 -3.317404 -4.610837 -0.004051 -0.915977 0.618731 10.151202 -21.065326 0.337272 1.133832 58.178914 5.789612 -6.948000 12.370086 -2.125689 -0.871091 -36.490928 3.540992
0.171642 0.956633 2.993584 -1.806502 -2.866720 -1.518888 -6.462569 0.829910 2.640723 -2.997722 -5.493053 1.190556 -2.984083 0.319456 0.886378 -2.170462 6.071556 0.669911 2.493641 18.015693 -0.628500 4.797407 -2.507925 -1.982666 -2.558264 6.310992 9.386260 -17.002248 -19.182851 67.396014 26.902006 52.842085 18.614701 -0.597095 13.495892 -9.834020 -1.472008 8.758341 -7.350373 5.797364 -20.832283 -74.737499 -30.581755 53.385704 -18.623453 -5.030009 12.821904 10.112103 -4.037099 2.227923 4.672102 2.166165 5.723703 0.748445 -1.373638 -3.711685 -4.560098 -0.004729 -1.071847 0.601020 9.130733 -22.317993 0.486406 1.771121 56.139944 5.557520 -5.400747 10.596085 -0.741603 -0.265885 -34.599411 1.054979
0.171297 0.956881 3.005295 -1.253815 -2.828533 -1.449549 -6.084882 0.802028 2.543628 -2.825042 -5.502104 1.146188 -2.812146 0.311295 0.859517 -2.043554 6.065832 0.649524 2.485755 18.119228 -0.602312 4.770968 -2.317392 -1.927660 -2.531868 6.200615 9.345668 -16.352765 -19.500146 67.503240 28.000204 51.754796 19.172489 -0.526502 13.473298 -9.783342 -1.296560 8.669857 -7.321770 6.574366 -20.690294 -74.790549 -28.829902 51.960885 -17.153717 -4.764945 12.645516 10.745084 -4.228821 3.251411 4.582446 1.897504 5.219219 0.651908 -1.384061 -4.135909 -4.520642 -0.005687 -1.199448 0.646769 7.962299 -23.362392 0.646281 2.743248 53.420485 5.509591 -4.385924 9.286996 -0.261628 0.063581 -32.351483 -0.250614
0.171101 0.956880 3.016814 -0.751185 -2.770826 -1.380188 -5.703002 0.774458 2.445449 -2.650464 -5.511143 1.101386 -2.638325 0.303097 0.832421 -1.915250 6.060068 0.628970 2.463834 18.204950 -0.567225 4.716310 -2.160658 -1.852459 -2.515387 6.052902 9.318722 -15.682630 -19.833031 67.544236 28.882706 50.472384 19.577722 -0.440088 13.441899 -9.592522 -1.111147 8.573917 -7.300522 7.122146 -20.555232 -74.763340 -27.009347 50.430795 -15.721948 -4.509358 12.450995 11.236665 -4.313465 4.222749 4.522400 1.658513 4.734053 0.533768 -1.493712 -4.571233 -4.481871 -0.006875 -1.312749 0.714274 6.658266 -24.200305 0.865297 3.830018 50.082101 5.411035 -3.732828 8.336563 -0.385602 0.139277 -29.570321 -0.576391
0.170980 0.956624 3.028281 -0.270993 -2.707408 -1.329801 -5.334369 0.758514 2.359920 -2.482460 -5.515377 1.062408 -2.471079 0.299622 0.810478 -1.791493 6.057795 0.612328 2.436347 18.270413 -0.536199 4.653665 -2.041488 -1.783871 -2.462531 5.982050 9.296160 -14.993786 -20.226756 67.592213 29.608462 49.255340 19.791078 -0.355726 13.403734 -9.412148 -0.927983 8.470784 -7.295061 7.657992 -20.410495 -74.696556 -25.479485 49.206273 -14.624117 -4.286006 12.301234 11.562178 -4.257679 5.131526 4.494239 1.345433 4.330797 0.437712 -1.649767 -5.040926 -4.438476 -0.008354 -1.446605 0.772198 5.618002 -24.773044 1.040933 4.478504 46.276011 5.068760 -3.309672 7.617122 -0.741985 0.079960 -25.628674 -0.366552
0.170878 0.956086 3.039678 0.193767 -2.642556 -1.299958 -4.978681 0.759178 2.288940 -2.320997 -5.512566 1.030137 -2.310374 0.303119 0.794583 -1.672186 6.060706 0.600285 2.400294 18.312523 -0.513926 4.578974 -1.965684 -1.729576 -2.340332 6.054551 9.282192 -14.253931 -20.710884 67.670624 30.156996 48.117024 19.764720 -0.277882 13.355251 -9.302850 -0.746274 8.358953 -7.308498 8.217419 -20.264331 -74.584362 -24.280178 48.414756 -13.880256 -4.060383 12.228165 11.694998 -4.017671 5.971731 4.498269 0.917737 4.022259 0.387521 -1.857621 -5.553978 -4.396916 -0.010280 -1.614599 0.813690 4.952606 -25.052620 1.149013 4.540951 41.954516 4.417953 -3.102735 7.111257 -1.333014 -0.043564 -19.441536 0.543698
0.170851 0.955294 3.051023 0.636030 -2.571465 -1.289041 -4.636305 0.770294 2.231149 -2.166124 -5.505402 1.003883 -2.156241 0.310898 0.784044 -1.557399 6.066787 0.592306 2.357942 18.334875 -0.497242 4.494983 -1.926453 -1.684245 -2.180273 6.202980 9.279225 -13.492153 -21.258765 67.742573 30.581511 47.054096 19.590731 -0.203130 13.303725 -9.204480 -0.566903 8.241202 -7.338196 8.765427 -20.112175 -74.432994 -23.273840 47.951489 -13.360005 -3.834514 12.214449 11.668687 -3.633948 6.748776 4.537979 0.416646 3.795777 0.362842 -2.112009 -6.101259 -4.348859 -0.012524 -1.803146 0.845583 4.558528 -25.068112 1.198948 4.287899 37.163683 3.616572 -3.063807 6.838323 -2.177333 -0.080002 -12.104559 1.877883
0.170991 0.954323 3.062507 1.062226 -2.493985 -1.311403 -4.325622 0.785692 2.195736 -2.026416 -5.496766 0.987681 -2.017208 0.320046 0.782011 -1.453294 6.073831 0.590745 2.325623 18.345368 -0.487210 4.432019 -1.908437 -1.654887 -2.032606 6.341365 9.275945 -12.803833 -21.832888 67.793552 31.048666 46.301061 19.456253 -0.137874 13.274012 -9.085406 -0.404424 8.124650 -7.383334 9.412387 -19.916479 -74.296370 -22.495381 47.890809 -13.066120 -3.690971 12.246326 11.541966 -3.199035 7.468835 4.619668 -0.138582 3.675568 0.344716 -2.343764 -6.679158 -4.268556 -0.014589 -2.006357 0.857021 4.517328 -24.848131 1.130949 3.792826 32.198413 2.799221 -3.105924 6.708702 -2.934741 -0.015452 -6.232798 2.604167
0.171310 0.953166 3.074120 1.491608 -2.405496 -1.366280 -4.061918 0.803876 2.182614 -1.908657 -5.487333 0.981513 -1.900022 0.329885 0.787785 -1.364980 6.081337 0.595080 2.312700 18.349466 -0.484414 4.407266 -1.901317 -1.645395 -1.923345 6.425126 9.273246 -12.212049 -22.423626 67.816723 31.621551 45.980033 19.445183 -0.082333 13.283636 -8.907467 -0.261093 8.002649 -7.441181 10.238435 -19.663974 -74.183848 -22.023525 48.326647 -13.054095 -3.675296 12.340621 11.323229 -2.700747 8.110707 4.748089 -0.800325 3.692643 0.328604 -2.529260 -7.313764 -4.148089 -0.015984 -2.203230 0.841980 4.880329 -24.356683 0.934887 3.020795 27.023926 1.891721 -3.295178 6.820176 -3.559050 -0.016394 -2.946701 2.071037
0.171797 0.951829 3.085873 1.904757 -2.309894 -1.454291 -3.829779 0.824974 2.192008 -1.806001 -5.476930 0.985468 -1.797868 0.340627 0.802160 -1.287284 6.089473 0.605916 2.309442 18.341988 -0.489016 4.402943 -1.915158 -1.653046 -1.826971 6.499161 9.268178 -11.695061 -23.036232 67.825847 32.242404 45.961032 19.510525 -0.031699 13.313668 -8.705600 -0.134490 7.882630 -7.513732 11.162655 -19.367514 -74.080937 -21.764648 49.172751 -13.232793 -3.738969 12.485996 10.997938 -2.148868 8.692636 4.916940 -1.515770 3.816474 0.321793 -2.692284 -7.979052 -3.996037 -0.016920 -2.414746 0.806415 5.586355 -23.624657 0.636963 2.014203 21.674479 0.959658 -3.597018 7.072808 -4.131547 -0.032440 -1.123893 0.894528
0.172506 0.950407 3.097989 2.250043 -2.219626 -1.592105 -3.601449 0.844748 2.233434 -1.706539 -5.467354 1.003693 -1.698891 0.350511 0.830478 -1.210913 6.096914 0.627263 2.303585 18.314844 -0.501369 4.397027 -1.965278 -1.674847 -1.717063 6.612771 9.242003 -11.283817 -23.654269 67.846203 32.887814 46.095870 19.636935 0.012764 13.335635 -8.558280 -0.031845 7.792914 -7.605835 12.053482 -19.024859 -74.004464 -21.498472 50.227820 -13.389759 -3.830475 12.622834 10.585121 -1.668692 9.280605 5.113581 -2.108404 3.978865 0.319660 -2.834361 -8.593273 -3.812601 -0.017836 -2.697998 0.757398 6.547783 -22.779832 0.232214 0.856083 16.552397 0.286924 -3.840173 7.080540 -4.479617 -0.000000 0.000000 0.000000
0.173458 0.948865 3.110524 2.496901 -2.138489 -1.799686 -3.364971 0.865150 2.319585 -1.605571 -5.457706 1.041849 -1.598416 0.360452 0.878877 -1.131893 6.104337 0.663750 2.289269 18.251455 -0.527154 4.381104 -2.082365 -1.719943 -1.572104 6.794387 9.184316 -11.018416 -24.297808 67.902433 33.581072 46.368997 19.836399 0.041385 13.341923 -8.510516 0.040112 7.746725 -7.719668 12.904847 -18.620918 -73.970327 -21.188728 51.460001 -13.468990 -3.941585 12.734439 10.099147 -1.263917 9.897921 5.360381 -2.522069 4.147545 0.307294 -2.976104 -9.132213 -3.599154 -0.018747 -3.061064 0.700593 7.924688 -21.793198 -0.354337 -0.737273 11.638163 -0.005147 -4.106701 6.625891 -4.423987 0.031287 0.458662 -0.198400
0.174631 0.947239 3.123423 2.675722 -2.062513 -2.057520 -3.132112 0.882763 2.437771 -1.507714 -5.449410 1.094284 -1.501030 0.369019 0.941244 -1.054126 6.110693 0.710771 2.272060 18.168702 -0.561554 4.363175 -2.235149 -1.780620 -1.413898 7.016746 9.107364 -10.861992 -24.946276 67.977882 34.312532 46.789053 20.118717 0.058462 13.344687 -8.518225 0.088422 7.731361 -7.850793 13.722265 -18.165497 -73.961151 -20.856227 52.897506 -13.503106 -4.085135 12.842911 9.524301 -0.928061 10.521231 5.631418 -2.813266 4.354498 0.294041 -3.095624 -9.620029 -3.354858 -0.019250 -3.495853 0.630237 9.542744 -20.683801 -1.023789 -2.583542 6.959629 -0.028693 -4.381259 5.927299 -4.140537 0.018801 0.228746 -0.100074
0.176019 0.945728 3.136739 2.826420 -1.992654 -2.323217 -2.910899 0.885699 2.559267 -1.415110 -5.447598 1.148120 -1.408852 0.371069 1.004478 -0.980192 6.112165 0.758423 2.257077 18.108451 -0.588497 4.346141 -2.346407 -1.827450 -1.280716 7.245527 9.026945 -10.729798 -25.522826 68.036468 35.003152 47.245738 20.449747 0.081433 13.345791 -8.527823 0.126670 7.736232 -7.993748 14.392763 -17.692987 -73.946960 -20.343018 54.425537 -13.398426 -4.241373 12.947045 8.834524 -0.773298 11.150674 5.839547 -2.973947 4.627661 0.308198 -3.129483 -10.047814 -3.078314 -0.018887 -4.035195 0.536141 10.833466 -19.665276 -1.553585 -3.937030 2.985528 0.081440 -4.325208 5.246936 -3.945455 0.000000 0.000000 -0.000000
0.177634 0.944427 3.150509 2.955255 -1.911587 -2.597621 -2.706001 0.859472 2.685572 -1.329806 -5.458746 1.203985 -1.323912 0.360126 1.068998 -0.911572 6.103889 0.807006 2.249075 18.091016 -0.602201 4.336384 -2.378471 -1.850643 -1.191633 7.476107 8.942388 -10.587145 -26.009621 68.067846 35.618955 47.696952 20.823730 0.118382 13.341662 -8.544758 0.158041 7.768456 -8.162127 14.827509 -17.203845 -73.906939 -19.503917 56.007037 -13.047086 -4.416001 13.047416 8.012013 -0.895506 11.803077 5.949632 -2.959016 4.933462 0.366620 -3.025872 -10.407798 -2.770454 -0.016629 -4.677422 0.407110 11.677094 -18.761047 -1.907158 -4.600308 -0.280365 0.261765 -3.616125 4.611012 -4.039056 0.000000 0.000000 -0.000000
0.179464 0.943242 3.164697 3.055948 -1.836944 -2.879997 -2.513136 0.818839 2.814896 -1.249893 -5.476263 1.261186 -1.244328 0.342792 1.134311 -0.846897 6.090824 0.856173 2.243665 18.095742 -0.607426 4.328051 -2.369663 -1.858303 -1.127554 7.712971 8.853904 -10.469760 -26.423326 68.089209 36.199281 48.180818 21.250776 0.160869 13.336030 -8.564234 0.179582 7.820966 -8.341522 15.117449 -16.695751 -73.866170 -18.414549 57.668830 -12.494540 -4.614810 13.150540 7.073787 -1.202522 12.467023 5.988900 -2.811362 5.304627 0.445552 -2.832544 -10.708810 -2.436481 -0.012035 -5.424108 0.253793 12.212378 -17.960421 -2.150658 -4.776052 -2.852782 0.508337 -2.546892 3.996133 -4.191724 0.000000 -0.000000 -0.000000
0.181463 0.942094 3.179249 3.150157 -1.822041 -3.125621 -2.326898 0.796719 2.914012 -1.171609 -5.485361 1.305023 -1.166386 0.333861 1.186094 -0.784490 6.084112 0.895164 2.232302 18.102819 -0.603605 4.305725 -2.357117 -1.847283 -1.068985 7.934807 8.777866 -10.397576 -26.738745 68.105199 36.768969 48.709732 21.711737 0.205681 13.339346 -8.516643 0.195810 7.861275 -8.485239 15.418908 -16.200198 -73.863657 -17.258687 59.395977 -11.889767 -4.815099 13.261805 6.045690 -1.527516 13.100125 5.965019 -2.653810 5.868916 0.514361 -2.634870 -10.966856 -2.081201 -0.005438 -6.312946 0.098607 12.275773 -17.435725 -2.245608 -4.278320 -4.303132 0.730055 -1.693552 3.571733 -4.082698 -0.000000 -0.000000 -0.000000
0.183576 0.940960 3.194106 3.280144 -1.897053 -3.309982 -2.155204 0.816559 2.963195 -1.097719 -5.475643 1.326759 -1.092854 0.343728 1.215330 -0.727136 6.091567 0.917208 2.207880 18.099103 -0.588226 4.255868 -2.365557 -1.811114 -1.009031 8.128407 8.723933 -10.376324 -26.944234 68.120893 37.320320 49.273503 22.182135 0.249741 13.352624 -8.370470 0.204643 7.877412 -8.563086 15.776187 -15.749343 -73.930284 -16.061426 61.280085 -11.273434 -5.013084 13.396048 4.890656 -1.832615 13.717493 5.883174 -2.519640 6.644704 0.552075 -2.480404 -11.213316 -1.682716 0.004507 -7.324577 -0.070160 11.637803 -17.397680 -2.162373 -2.617074 -4.081544 0.939757 -1.356340 3.325498 -3.570351 -0.000000 0.000000 -0.000000
0.185859 0.939862 3.209328 3.404378 -2.031981 -3.458040 -1.989896 0.856027 2.983198 -1.025428 -5.457110 1.335523 -1.020928 0.362398 1.231432 -0.672003 6.105667 0.929372 2.177474 18.097576 -0.563869 4.191969 -2.370440 -1.756376 -0.954145 8.306395 8.681738 -10.401263 -27.050772 68.136264 37.864164 49.882314 22.688260 0.301193 13.373612 -8.156038 0.208282 7.880006 -8.605721 16.143462 -15.308861 -74.035451 -14.751266 63.229645 -10.562177 -5.222703 13.538656 3.644013 -2.159451 14.302547 5.736770 -2.373702 7.613390 0.579241 -2.317225 -11.417032 -1.264003 0.017931 -8.478287 -0.241790 10.528201 -17.629248 -1.937510 -0.254353 -2.751675 1.192342 -1.228942 3.245410 -2.814372 0.000000 -0.000000 0.000000
0.188436 0.938786 3.225041 3.419058 -2.190159 -3.598910 -1.801395 0.879287 3.001555 -0.942639 -5.445615 1.343426 -0.938533 0.374035 1.247737 -0.608992 6.114514 0.941659 2.153815 18.117692 -0.537684 4.139211 -2.334921 -1.699695 -0.904768 8.486226 8.637724 -10.476482 -27.067040 68.147862 38.457272 50.578906 23.291193 0.375128 13.407328 -7.896455 0.217723 7.870530 -8.658101 16.541258 -14.812429 -74.122309 -13.441847 64.963352 -9.794042 -5.432932 13.643390 2.440027 -2.459999 14.763349 5.519030 -2.233909 8.847977 0.628539 -2.081632 -11.499946 -0.897168 0.031068 -9.869939 -0.359807 9.477023 -17.662438 -1.639473 1.568773 -1.539200 1.393225 -0.993775 3.500080 -1.945771 0.000000 -0.000000 -0.000000
0.191303 0.937643 3.241320 3.219957 -2.363611 -3.778282 -1.549086 0.872886 3.048830 -0.832644 -5.446937 1.364023 -0.829033 0.372884 1.279496 -0.524458 6.113792 0.965551 2.141089 18.172022 -0.516369 4.107243 -2.235315 -1.654383 -0.843955 8.672075 8.573497 -10.597616 -26.963272 68.151449 39.147597 51.367989 24.009530 0.478047 13.460719 -7.591468 0.237411 7.834953 -8.745737 16.989761 -14.207941 -74.164962 -12.288603 66.436073 -9.095696 -5.637439 13.681471 1.254027 -2.624890 15.084323 5.278084 -2.144331 10.358151 0.697623 -1.721994 -11.504068 -0.604671 0.041197 -11.464825 -0.410469 8.569610 -17.320693 -1.210662 2.375761 -0.853330 1.428909 -0.522097 4.222591 -0.885851 -0.000000 0.000000 0.000000
0.194464 0.936522 3.258089 2.911490 -2.561558 -3.949121 -1.273869 0.849955 3.094731 -0.712288 -5.455395 1.383957 -0.709213 0.364593 1.311648 -0.432139 6.107747 0.989717 2.135305 18.248012 -0.492817 4.086823 -2.095368 -1.606546 -0.788611 8.859830 8.507181 -10.768599 -26.768632 68.152789 39.905497 52.242132 24.840112 0.606364 13.527448 -7.242111 0.263251 7.787477 -8.843266 17.470149 -13.549737 -74.185196 -11.220542 67.698552 -8.435255 -5.830199 13.671725 0.109363 -2.762974 15.278653 4.967084 -2.053681 12.134970 0.779937 -1.287436 -11.388161 -0.373134 0.047377 -13.297866 -0.406515 7.732842 -16.775289 -0.725740 2.634511 -0.269284 1.356729 0.088431 5.303774 0.279832 0.000000 0.000000 0.000000
0.198061 0.935673 3.275253 2.702169 -2.771774 -4.001922 -1.068183 0.815153 3.074749 -0.619663 -5.469469 1.374627 -0.616988 0.350626 1.311722 -0.362943 6.097468 0.989691 2.136916 18.327368 -0.453469 4.074823 -1.949533 -1.532045 -0.790030 9.054319 8.479590 -11.005823 -26.580296 68.161573 40.681989 53.224061 25.820725 0.757786 13.593431 -6.874295 0.293337 7.772103 -8.918892 17.944898 -12.931969 -74.199383 -10.070373 68.611975 -7.673428 -5.984290 13.635326 -0.786370 -3.152742 15.295277 4.437210 -1.831044 14.222721 0.903365 -0.865601 -10.948853 -0.219715 0.045150 -15.569495 -0.330255 7.260038 -16.101404 -0.452957 2.512026 0.252274 1.257257 0.777993 6.550934 1.179828 -0.000000 0.000000 0.000000
0.202288 0.935124 3.293237 2.675891 -3.012135 -3.883550 -0.978216 0.760973 2.956415 -0.573746 -5.492835 1.321589 -0.571251 0.327303 1.263347 -0.332278 6.080177 0.953129 2.151825 18.417910 -0.391361 4.079587 -1.783338 -1.419722 -0.896204 9.270951 8.519650 -11.291215 -26.437453 68.114624 41.592780 54.356735 27.137546 0.952769 13.658321 -6.475364 0.342708 7.821397 -8.971086 18.432230 -12.368510 -74.205254 -8.761945 69.047347 -6.775806 -6.076130 13.557468 -1.309378 -3.957091 15.184000 3.608785 -1.293553 16.601541 1.097826 -0.538152 -10.197265 -0.214020 0.020276 -18.329114 -0.116356 7.534606 -15.259358 -0.543911 1.723209 0.653057 1.180968 1.583253 8.146811 1.565897 -0.000000 -0.000000 -0.000000
0.206951 0.934847 3.311616 2.747198 -3.264143 -3.648446 -0.956255 0.696094 2.771335 -0.554902 -5.521335 1.238851 -0.552459 0.298821 1.182522 -0.324286 6.059027 0.892101 2.173983 18.511711 -0.313527 4.092629 -1.611430 -1.280869 -1.059432 9.494492 8.595777 -11.642112 -26.301448 68.072269 42.574922 55.592191 28.647116 1.170795 13.725103 -6.059478 0.396434 7.902210 -9.000593 18.914302 -11.845705 -74.208343 -7.498994 69.132414 -5.909171 -6.119834 13.445161 -1.583406 -5.001465 14.876281 2.567026 -0.601496 19.286541 1.346395 -0.231092 -9.121680 -0.283213 -0.031027 -21.527330 0.176228 8.152871 -14.295387 -0.816216 0.552002 0.989362 1.097500 2.428176 9.906491 1.690751 -0.000000 -0.000000 0.000000
0.211602 0.935009 3.329013 2.870625 -3.459954 -3.349332 -0.954189 0.650196 2.550784 -0.543398 -5.541467 1.140314 -0.540977 0.278705 1.085151 -0.323056 6.044163 0.818618 2.185712 18.566856 -0.227851 4.085136 -1.511861 -1.125674 -1.187094 9.683163 8.659552 -12.128312 -26.150420 68.229368 43.255407 56.830991 29.842477 1.343714 13.785349 -5.691158 0.406783 7.959860 -8.979743 19.298089 -11.413457 -74.243038 -6.500589 69.113605 -5.202566 -6.144485 13.354274 -1.771174 -6.047608 14.147429 1.420366 -0.139835 22.378725 1.593187 0.218432 -7.484735 -0.239925 -0.085542 -25.215839 0.382444 8.230632 -13.432995 -1.055043 0.020174 1.477567 0.953682 3.081925 11.067089 1.949510 -0.000000 -0.000000 0.000000
0.216108 0.935728 3.344723 3.059270 -3.556138 -2.974027 -0.970974 0.634014 2.285132 -0.538359 -5.548419 1.021695 -0.535940 0.271760 0.967042 -0.328263 6.039190 0.729526 2.189409 18.553501 -0.127761 4.059861 -1.540142 -0.943705 -1.238884 9.804012 8.703461 -12.860513 -25.981984 68.719852 43.473943 58.146932 30.521223 1.435301 13.836200 -5.404756 0.343310 7.964081 -8.876779 19.589124 -11.082432 -74.359868 -5.739016 69.012296 -4.599673 -6.145159 13.308052 -1.879461 -7.087423 12.848070 0.126107 0.049479 26.049488 1.887143 0.882350 -5.103940 -0.078221 -0.120135 -29.955974 0.440187 7.079397 -12.859826 -1.152723 0.877892 2.350004 0.659845 3.448076 11.220616 2.564236 0.000000 -0.000000 -0.000000
0.220601 0.936886 3.359453 3.300751 -3.597684 -2.534613 -1.008752 0.637241 1.983966 -0.541109 -5.546743 0.887274 -0.538665 0.273432 0.832342 -0.340570 6.040678 0.627943 2.182277 18.501577 -0.020336 4.013016 -1.640439 -0.745893 -1.254915 9.889485 8.736458 -13.724472 -25.788074 69.408392 43.282894 59.482126 30.778704 1.476252 13.881470 -5.163843 0.235802 7.945545 -8.724196 19.780103 -10.838964 -74.514901 -5.271739 68.815182 -4.189729 -6.128678 13.281486 -1.900904 -8.079707 11.124137 -1.243448 0.014922 30.137814 2.122505 1.719377 -2.160717 0.159707 -0.138063 -35.186642 0.430540 5.397186 -12.408486 -1.247531 2.366723 3.377952 0.284913 3.630530 10.772372 3.315271 0.000000 0.000000 -0.000000
0.225039 0.938305 3.373950 3.511797 -3.647842 -2.119867 -1.025065 0.658122 1.707813 -0.535554 -5.537102 0.764023 -0.533135 0.283077 0.709657 -0.345779 6.048121 0.535429 2.139170 18.459056 0.066083 3.906592 -1.723286 -0.574552 -1.262671 9.995390 8.736860 -14.452725 -25.543026 70.087682 42.552109 60.544696 30.490759 1.496996 13.922266 -4.925592 0.126723 7.940793 -8.591291 19.759166 -10.696004 -74.603046 -5.373771 68.721880 -4.249748 -6.139358 13.260207 -1.976651 -8.755925 9.220136 -2.421081 -0.567210 34.249866 1.940373 2.760393 1.034894 0.576056 -0.138183 -39.275791 0.397974 4.387395 -11.770405 -1.514780 3.252222 4.087079 -0.001070 3.720695 10.177039 3.935658 -0.000000 -0.000000 -0.000000
0.229507 0.940044 3.388582 3.645662 -3.733611 -1.753731 -0.991302 0.699164 1.476737 -0.509882 -5.518372 0.660862 -0.507589 0.301831 0.609103 -0.334295 6.062367 0.459610 2.037688 18.443983 0.120096 3.702934 -1.755286 -0.442855 -1.261459 10.153520 8.675698 -14.972315 -25.209939 70.748323 41.036387 61.182226 29.394405 1.494213 13.962310 -4.678068 0.033192 7.953980 -8.506983 19.445058 -10.641716 -74.573764 -6.210945 68.837419 -4.935402 -6.209476 13.236501 -2.232738 -8.970837 7.156160 -3.341440 -2.256146 38.365424 0.927898 4.309248 4.698530 1.288056 -0.093041 -41.754176 0.247366 4.713490 -10.743975 -2.084241 2.873984 4.226344 -0.087863 3.739978 9.525107 4.314227 0.000192 0.017973 -0.021084
0.233918 0.942043 3.402981 3.748863 -3.826760 -1.412235 -0.936501 0.757984 1.270933 -0.476047 -5.491741 0.568979 -0.473924 0.328492 0.520654 -0.315800 6.082514 0.392921 1.900667 18.438670 0.153440 3.440542 -1.769010 -0.337227 -1.252264 10.332414 8.582393 -15.351902 -24.833387 71.400396 38.944536 61.504794 27.725348 1.467952 13.997720 -4.433716 -0.061566 7.980665 -8.442119 18.919326 -10.687249 -74.477608 -7.629942 69.048510 -6.101727 -6.309984 13.214765 -2.542662 -8.886054 4.937644 -4.102984 -4.776857 42.459731 -0.824870 6.139653 8.611312 2.156797 -0.033319 -43.092668 0.061035 5.686723 -9.496670 -2.783245 1.904384 4.047921 -0.056850 3.657174 8.728625 4.567466 0.000271 0.035935 -0.042177
0.237966 0.943953 3.416792 3.877703 -3.906741 -1.112584 -0.904146 0.825035 1.090991 -0.453380 -5.461575 0.488687 -0.451376 0.358675 0.442662 -0.304843 6.105266 0.334122 1.771065 18.437487 0.172622 3.196311 -1.774186 -0.259874 -1.264755 10.492864 8.522516 -15.544505 -24.519658 71.869137 36.871284 61.636544 26.156786 1.455769 14.018606 -4.185665 -0.165703 8.044096 -8.378923 18.314646 -10.881114 -74.359062 -9.400147 69.226177 -7.548168 -6.388468 13.202463 -2.668965 -8.731008 2.792452 -4.696243 -7.095682 46.160193 -2.716336 7.442898 11.814344 2.943981 -0.036702 -43.065532 0.127005 6.492573 -8.278702 -3.352169 1.112222 3.827297 -0.039924 3.490262 7.974493 4.768430 0.000000 -0.000000 -0.000000
0.241513 0.945638 3.429834 4.048580 -3.969173 -0.850418 -0.908141 0.902806 0.930065 -0.447745 -5.426761 0.416974 -0.445788 0.393494 0.371520 -0.306080 6.131465 0.280497 1.665511 18.430855 0.172867 3.002466 -1.788353 -0.225221 -1.318287 10.622710 8.532490 -15.454641 -24.326672 72.041280 34.962481 61.543903 24.915972 1.473595 14.011279 -3.928073 -0.296804 8.169372 -8.313354 17.668915 -11.280685 -74.212598 -11.544912 69.380593 -9.303156 -6.423356 13.208119 -2.530296 -8.554178 0.783988 -5.102423 -8.746181 49.418254 -4.377412 7.740084 14.098888 3.725857 -0.103314 -41.236741 0.619595 6.887984 -7.186566 -3.717740 0.783418 3.651527 -0.116196 3.194541 7.323902 4.938053 -0.000591 -0.132992 0.171753
0.244697 0.947234 3.442287 4.245465 -4.018579 -0.630121 -0.934767 0.988202 0.794981 -0.453356 -5.388630 0.356868 -0.451398 0.431621 0.310845 -0.314913 6.160123 0.234773 1.567356 18.428237 0.159061 2.826725 -1.794529 -0.218670 -1.393213 10.733847 8.575573 -15.186482 -24.199582 72.032623 33.153287 61.279190 23.861959 1.506297 13.989116 -3.665581 -0.436843 8.331532 -8.249206 16.942381 -11.828604 -74.034062 -14.035640 69.476012 -11.327255 -6.427702 13.230721 -2.207594 -8.334455 -1.152381 -5.348576 -10.016462 52.327167 -5.889627 7.466335 15.687905 4.482789 -0.125879 -38.029107 1.224280 7.131699 -6.138412 -3.972196 0.629436 3.431721 -0.223511 2.814988 6.715976 5.059207 -0.001512 -0.319570 0.407027
0.247632 0.948789 3.454331 4.476273 -4.048019 -0.482058 -0.985715 1.062957 0.706641 -0.471945 -5.355329 0.317682 -0.469928 0.464906 0.269772 -0.331939 6.185120 0.203836 1.469655 18.452440 0.152065 2.649311 -1.750945 -0.199237 -1.460713 10.822768 8.607143 -14.996299 -24.074365 72.013489 31.655162 61.137007 23.043836 1.546730 13.982948 -3.406516 -0.540734 8.478588 -8.180594 16.151913 -12.403156 -73.872954 -16.464576 69.334193 -13.222110 -6.397076 13.268606 -1.707867 -8.202878 -2.988729 -5.476819 -10.734369 54.791856 -6.998551 7.092193 16.259104 4.854249 -0.083502 -34.518297 1.603971 7.181244 -5.141438 -4.140255 0.554684 3.175157 -0.303880 2.505463 6.153843 5.143370 -0.002409 -0.483911 0.570436
0.250359 0.950333 3.466020 4.757957 -4.058983 -0.431290 -1.069822 1.121374 0.683816 -0.508354 -5.329448 0.307807 -0.506202 0.490756 0.256200 -0.360180 6.204506 0.193651 1.371673 18.524241 0.152192 2.468610 -1.619037 -0.165848 -1.511529 10.884976 8.611854 -14.966695 -23.942151 72.022186 30.547151 61.273960 22.494905 1.602619 14.009458 -3.126190 -0.578924 8.597884 -8.108470 15.232316 -12.969284 -73.757053 -18.503471 68.879898 -14.658017 -6.326253 13.339789 -0.977782 -8.252180 -4.726734 -5.477915 -10.579374 56.868279 -7.406665 6.685983 15.363766 4.531716 0.002171 -30.551435 1.773848 6.924555 -4.204116 -4.219743 0.582348 2.881758 -0.326369 2.349301 5.642157 5.182734 -0.002812 -0.596574 0.589951
0.252836 0.951836 3.477301 5.073736 -4.049109 -0.452544 -1.177789 1.168765 0.707695 -0.557584 -5.308598 0.318834 -0.555243 0.511559 0.262230 -0.396505 6.220081 0.198261 1.274096 18.622659 0.159044 2.286333 -1.437715 -0.119997 -1.555353 10.924877 8.604802 -15.015482 -23.811331 72.021013 29.701629 61.551153 22.128384 1.667415 14.051872 -2.849734 -0.581343 8.701782 -8.032117 14.249189 -13.564543 -73.656878 -20.338770 68.206926 -15.819126 -6.219331 13.434630 -0.071929 -8.409944 -6.367880 -5.350919 -9.607340 58.523795 -7.109384 6.147559 13.446241 3.820446 0.135239 -26.294471 1.868729 6.483042 -3.320719 -4.223534 0.690302 2.551085 -0.325107 2.263206 5.175702 5.180823 -0.003068 -0.687339 0.537428
0.255052 0.953261 3.488198 5.380884 -4.005752 -0.500500 -1.284004 1.203496 0.742772 -0.606555 -5.293413 0.334845 -0.604022 0.526695 0.273269 -0.432253 6.231398 0.206646 1.172425 18.707924 0.192491 2.088289 -1.281090 -0.024523 -1.592067 10.952324 8.586948 -15.149513 -23.644421 72.066752 28.982133 61.817758 21.772712 1.711809 14.089645 -2.660466 -0.592220 8.775699 -7.943217 13.416982 -14.175640 -73.545040 -22.286677 67.396165 -17.034241 -6.093506 13.507590 0.840351 -8.553626 -7.884176 -5.147882 -8.277590 59.520077 -6.388892 5.665462 11.507824 3.262455 0.227676 -23.305811 1.811887 6.161683 -2.476054 -4.192772 0.715681 2.189459 -0.333155 2.151127 4.742520 5.164827 -0.003311 -0.769447 0.493111
0.256998 0.954623 3.498734 5.667771 -3.932657 -0.570700 -1.378455 1.226377 0.783999 -0.650574 -5.283506 0.353552 -0.647869 0.536552 0.287508 -0.464058 6.238753 0.217437 1.066570 18.773508 0.262757 1.871145 -1.161327 0.139215 -1.618079 10.974069 8.548537 -15.406645 -23.415176 72.210549 28.348591 62.050947 21.344107 1.721131 14.115520 -2.597545 -0.630544 8.809492 -7.835922 12.827931 -14.802628 -73.422949 -24.433594 66.461603 -18.385851 -5.950370 13.548106 1.725898 -8.681204 -9.256176 -4.873834 -6.603912 59.741947 -5.250588 5.343893 9.851741 3.060705 0.173172 -22.486731 1.389450 6.106298 -1.639239 -4.125754 0.570761 1.770335 -0.360666 1.966865 4.349064 5.143776 -0.003581 -0.844976 0.485621
0.258683 0.955906 3.508885 5.945818 -3.825727 -0.667127 -1.471057 1.236646 0.836440 -0.694289 -5.279249 0.377231 -0.691407 0.540758 0.306750 -0.495252 6.241859 0.231995 0.956990 18.826018 0.359764 1.638902 -1.065782 0.352763 -1.637068 10.983424 8.499242 -15.746963 -23.148568 72.399890 27.843652 62.274103 20.928251 1.709813 14.133901 -2.621611 -0.677271 8.813340 -7.716111 12.391167 -15.444740 -73.296229 -26.613093 65.373419 -19.715001 -5.798630 13.570272 2.617905 -8.800288 -10.503893 -4.521942 -4.692507 59.282323 -3.823707 5.057029 8.170736 2.982733 0.062421 -22.917996 0.731771 6.173526 -0.841848 -4.017669 0.343613 1.320137 -0.393472 1.756646 3.988777 5.109217 -0.003870 -0.911809 0.486300
0.260122 0.957028 3.518609 6.206843 -3.661215 -0.756906 -1.566247 1.230450 0.879811 -0.738685 -5.282308 0.396823 -0.735614 0.537642 0.321834 -0.527259 6.239477 0.243408 0.840250 18.845598 0.473109 1.388550 -1.030878 0.598106 -1.659670 10.970048 8.469253 -16.061404 -22.884795 72.536560 27.470293 62.403272 20.625240 1.691538 14.141226 -2.697895 -0.719396 8.803231 -7.592996 12.045961 -16.085591 -73.146149 -28.766810 64.135299 -20.994929 -5.667287 13.561826 3.447483 -8.794394 -11.659821 -4.134418 -3.235528 58.236002 -2.696393 4.622364 6.544926 2.933096 0.006457 -23.434251 0.260108 6.230556 -0.162396 -3.902708 0.134730 0.924739 -0.426950 1.563081 3.630224 5.063287 -0.004173 -0.976808 0.489512
0.261306 0.957957 3.527866 6.452500 -3.421728 -0.829825 -1.671272 1.198190 0.905875 -0.786565 -5.296932 0.408629 -0.783272 0.522954 0.328781 -0.562466 6.228424 0.248663 0.718595 18.831245 0.605120 1.123299 -1.058333 0.878937 -1.694096 10.921968 8.477270 -16.317548 -22.631649 72.566195 27.278402 62.393344 20.521578 1.669468 14.132210 -2.828830 -0.745854 8.781513 -7.469610 11.810923 -16.723246 -72.960750 -30.927764 62.717061 -22.259976 -5.568104 13.511157 4.186408 -8.597376 -12.740983 -3.711972 -2.423504 56.613249 -2.071158 3.970187 4.964152 2.923121 -0.004492 -23.954149 0.160707 6.248026 0.364881 -3.789832 -0.031701 0.607641 -0.465747 1.388640 3.272123 5.004576 -0.004527 -1.045897 0.495962
0.262244 0.958725 3.536696 6.680935 -3.124861 -0.895423 -1.778977 1.149582 0.923114 -0.835175 -5.318806 0.416433 -0.831644 0.501010 0.331650 -0.598516 6.211936 0.250829 0.589947 18.784420 0.753835 0.839647 -1.145290 1.192627 -1.731978 10.851177 8.504766 -16.549487 -22.382600 72.543480 27.229516 62.292941 20.543961 1.641771 14.111380 -3.011566 -0.767682 8.746020 -7.342924 11.667142 -17.358948 -72.754861 -33.012625 61.142134 -23.428350 -5.492505 13.428490 4.864657 -8.271611 -13.734575 -3.262299 -2.081061 54.422450 -1.798117 3.160993 3.440837 2.935298 -0.023611 -24.573003 0.280448 6.254283 0.774487 -3.673067 -0.179970 0.345314 -0.506098 1.230944 2.915697 4.934058 -0.004905 -1.113150 0.504938
0.262985 0.959341 3.545173 6.878863 -2.799642 -0.950660 -1.872191 1.109712 0.936272 -0.877162 -5.336759 0.422391 -0.873426 0.482994 0.333347 -0.629714 6.198398 0.252109 0.444393 18.688925 0.902741 0.524117 -1.321404 1.512576 -1.759026 10.783176 8.526036 -16.749003 -22.156977 72.535350 27.197792 62.158686 20.556674 1.614004 14.090820 -3.203522 -0.804833 8.706016 -7.212926 11.496926 -17.980935 -72.546249 -34.848992 59.508008 -24.354108 -5.434246 13.331743 5.500876 -7.889813 -14.627748 -2.839204 -2.250875 51.772393 -1.836297 2.236697 2.088950 2.849145 -0.069047 -24.402645 0.603018 6.201109 1.092242 -3.567233 -0.282489 0.153234 -0.532591 1.125453 2.533356 4.856878 -0.005183 -1.167663 0.508673
0.263500 0.959799 3.553238 7.043608 -2.437189 -1.001138 -1.949461 1.082359 0.949325 -0.912079 -5.349124 0.428298 -0.908172 0.470573 0.335710 -0.655587 6.189059 0.253894 0.273776 18.528664 1.049237 0.161914 -1.616218 1.837276 -1.774246 10.725952 8.531005 -16.917936 -21.966116 72.569837 27.162314 62.004886 20.526720 1.587173 14.074842 -3.398184 -0.855629 8.657813 -7.074105 11.269701 -18.581124 -72.338916 -36.442955 57.803131 -25.037138 -5.391321 13.211439 6.107120 -7.385295 -15.451499 -2.444051 -3.220578 48.673077 -2.312118 1.058245 0.865107 2.578986 -0.167282 -23.096666 1.310574 6.049812 1.292871 -3.475731 -0.327980 0.050736 -0.533513 1.104971 2.113555 4.771449 -0.005277 -1.203999 0.502273
0.263818 0.960105 3.560951 7.177928 -2.046547 -1.041529 -2.012223 1.063707 0.958255 -0.940366 -5.357579 0.432355 -0.936323 0.462071 0.336896 -0.676604 6.182664 0.254793 0.086554 18.319947 1.197324 -0.233117 -1.999411 2.171916 -1.778725 10.671466 8.529589 -17.054030 -21.798251 72.619729 27.145716 61.816691 20.489041 1.560111 14.059210 -3.602122 -0.921314 8.605262 -6.931531 11.016247 -19.167473 -72.126808 -37.853596 56.054195 -25.537255 -5.363569 13.074069 6.672686 -6.820031 -16.175345 -2.077740 -4.522504 45.102650 -2.929751 -0.193374 -0.203262 2.194046 -0.293457 -20.982022 2.172757 5.838177 1.402218 -3.395531 -0.327708 0.018637 -0.521717 1.137106 1.668082 4.677852 -0.005256 -1.227599 0.490609
0.264081 0.960286 3.568573 7.277063 -1.683724 -1.053001 -2.047659 1.067371 0.955449 -0.956000 -5.356010 0.431200 -0.951892 0.463616 0.334154 -0.688490 6.183820 0.252738 -0.102329 18.094800 1.340055 -0.631306 -2.411710 2.499137 -1.761341 10.621077 8.525708 -17.142451 -21.637680 72.669461 27.088685 61.606043 20.410076 1.533855 14.043530 -3.792630 -1.026129 8.568914 -6.800766 10.710505 -19.752217 -71.909594 -39.053596 54.426384 -25.860580 -5.344369 12.959753 7.180667 -6.461063 -16.687992 -1.779767 -5.202475 41.138047 -3.126294 -0.997122 -0.887689 1.832490 -0.340449 -18.210269 2.581488 5.632532 1.522771 -3.332117 -0.288032 0.014672 -0.518854 1.159481 1.204264 4.584169 -0.005217 -1.243882 0.480554
0.264378 0.960343 3.576136 7.328870 -1.371154 -1.027723 -2.046526 1.109692 0.937218 -0.954731 -5.337121 0.423233 -0.950662 0.482508 0.326316 -0.688170 6.198006 0.246861 -0.285796 17.844179 1.477240 -1.020079 -2.869963 2.816716 -1.713288 10.575357 8.516461 -17.174328 -21.481171 72.717917 26.965152 61.346285 20.259913 1.505049 14.025724 -3.978052 -1.192408 8.555682 -6.687972 10.338628 -20.338617 -71.685328 -40.082503 52.942541 -26.025551 -5.326080 12.878698 7.626488 -6.490818 -16.932755 -1.560872 -4.989450 36.680137 -2.760746 -1.092326 -1.153485 1.519497 -0.256739 -14.414025 2.278920 5.480542 1.689387 -3.291370 -0.214380 0.028456 -0.533017 1.137778 0.721327 4.498527 -0.005161 -1.251344 0.472560
0.264620 0.960274 3.583607 7.346059 -1.086512 -0.974374 -2.018353 1.174336 0.906764 -0.940899 -5.308213 0.409832 -0.936936 0.511439 0.314318 -0.678795 6.219733 0.237853 -0.470938 17.576874 1.609148 -1.412496 -3.357745 3.127524 -1.643561 10.533690 8.504052 -17.158369 -21.332583 72.766332 26.805623 61.063292 20.072931 1.476382 14.008038 -4.150131 -1.397564 8.558815 -6.585893 9.913312 -20.922954 -71.451747 -40.967111 51.589578 -26.078230 -5.312117 12.815594 8.013941 -6.726880 -16.960601 -1.396572 -4.359198 31.835508 -2.145712 -0.764031 -1.015615 1.313008 -0.127156 -9.970511 1.650561 5.333756 1.866968 -3.268398 -0.101754 0.070580 -0.557029 1.106347 0.219921 4.413411 -0.005091 -1.251490 0.466174
0.264688 0.960109 3.591153 7.361299 -0.818714 -0.898807 -1.978488 1.225910 0.866762 -0.921368 -5.285056 0.392079 -0.917522 0.534627 0.298547 -0.665437 6.237162 0.225982 -0.664321 17.351433 1.728403 -1.816418 -3.766514 3.418748 -1.567540 10.495634 8.500218 -17.106636 -21.186962 72.802751 26.632072 60.848201 19.907873 1.457233 13.997057 -4.261383 -1.598818 8.578164 -6.490637 9.447762 -21.506984 -71.208736 -41.672493 50.476288 -26.083535 -5.311206 12.770443 8.337505 -6.890030 -16.820343 -1.269671 -3.580838 27.003470 -1.518215 -0.363467 -0.312021 1.405034 -0.033346 -6.177691 1.083328 5.114424 2.052768 -3.253049 0.058981 0.130254 -0.589683 1.105684 -0.290575 4.313676 -0.005111 -1.254258 0.466919
0.264483 0.959844 3.598744 7.375058 -0.557798 -0.802280 -1.924899 1.255252 0.815485 -0.895139 -5.271716 0.369164 -0.891422 0.548010 0.278295 -0.647403 6.247249 0.210705 -0.865801 17.185380 1.830686 -2.229036 -4.063968 3.681352 -1.478805 10.468213 8.515602 -16.996948 -21.048186 72.818520 26.421012 60.717150 19.757661 1.451776 13.994505 -4.293254 -1.795699 8.618688 -6.401489 8.913182 -22.108544 -70.935987 -42.184910 49.626817 -26.070243 -5.334045 12.740866 8.603135 -6.795556 -16.497299 -1.181119 -2.589558 22.195340 -0.911777 -0.095086 1.230682 1.932029 0.012866 -3.460554 0.636591 4.802492 2.244056 -3.233797 0.257058 0.184834 -0.643434 1.166708 -0.797676 4.197980 -0.005224 -1.258274 0.475709
0.264103 0.959481 3.606411 7.387110 -0.313733 -0.683572 -1.859697 1.271690 0.754481 -0.863248 -5.264068 0.341823 -0.859675 0.555708 0.254190 -0.625424 6.253077 0.192505 -1.075785 17.061030 1.919494 -2.652323 -4.282794 3.921855 -1.383546 10.444259 8.539641 -16.852100 -20.912598 72.822471 26.191633 60.653953 19.624840 1.455575 13.999470 -4.264418 -1.989014 8.675224 -6.319811 8.336504 -22.709051 -70.652327 -42.547940 49.016472 -26.048792 -5.367512 12.724569 8.804649 -6.628890 -16.006547 -1.130433 -1.467498 17.392055 -0.376174 0.195705 3.313269 2.806824 0.019309 -1.389790 0.243040 4.417681 2.442859 -3.222217 0.502750 0.257364 -0.706990 1.258734 -1.313612 4.066430 -0.005427 -1.264912 0.491630
0.263723 0.959062 3.614406 7.428938 -0.105465 -0.544372 -1.804188 1.267511 0.691577 -0.835533 -5.265608 0.313583 -0.832071 0.554208 0.228764 -0.606648 6.252003 0.173296 -1.301773 16.984085 1.998671 -3.100662 -4.412017 4.149132 -1.316012 10.402235 8.552832 -16.752044 -20.763384 72.829540 26.023512 60.702495 19.575533 1.465116 14.014793 -4.183263 -2.138372 8.732084 -6.246063 7.816679 -23.257259 -70.422839 -42.808202 48.676920 -26.057734 -5.385474 12.721189 8.918046 -6.665668 -15.442672 -1.100929 -0.597728 12.959387 -0.036654 0.698503 5.240258 3.823292 -0.000000 0.000000 0.000000 3.941797 2.653070 -3.242595 0.837007 0.405804 -0.744111 1.330096 -1.866078 3.906019 -0.005818 -1.288224 0.517461
0.263480 0.958606 3.622857 7.512517 0.061167 -0.373873 -1.763871 1.232220 0.625294 -0.814361 -5.280998 0.283766 -0.810961 0.538848 0.201097 -0.592910 6.240533 0.152381 -1.547318 16.973066 2.068004 -3.579189 -4.417172 4.362594 -1.296913 10.327769 8.545402 -16.721896 -20.587139 72.840762 25.942736 60.922272 19.649681 1.484331 14.047212 -4.023077 -2.223629 8.789322 -6.179010 7.369963 -23.754075 -70.280258 -42.950904 48.672666 -26.117494 -5.377900 12.729659 8.916179 -7.072524 -14.771833 -1.112719 -0.036175 8.860829 0.164650 1.660440 6.953303 5.052819 -0.014436 0.460994 -0.057647 3.309237 2.882944 -3.329689 1.339792 0.634177 -0.729445 1.354292 -2.456825 3.709299 -0.006480 -1.336023 0.555796
0.263235 0.958092 3.631635 7.625805 0.191651 -0.182673 -1.732843 1.176376 0.557160 -0.797213 -5.305535 0.253079 -0.793847 0.514336 0.172150 -0.582267 6.222198 0.130492 -1.809335 17.009130 2.126463 -4.082138 -4.333335 4.559368 -1.305513 10.235465 8.527412 -16.737014 -20.396897 72.855560 25.921533 61.254471 19.805420 1.510835 14.090004 -3.810362 -2.265541 8.846477 -6.120731 6.983603 -24.200735 -70.200165 -43.004840 48.936942 -26.228710 -5.356590 12.749177 8.825325 -7.684076 -14.030183 -1.151178 0.324978 5.140248 0.308277 2.849422 8.510251 6.437762 -0.009463 0.230724 -0.026510 2.584341 3.121315 -3.450134 1.931786 0.939050 -0.690247 1.358461 -3.084208 3.484283 -0.007383 -1.400509 0.604024
0.262755 0.957502 3.640618 7.764001 0.284014 -0.004489 -1.715300 1.123663 0.499738 -0.786594 -5.328740 0.227221 -0.783239 0.491146 0.147370 -0.576190 6.204845 0.111756 -2.085295 17.041939 2.176893 -4.607960 -4.253764 4.745827 -1.314006 10.147392 8.509239 -16.802492 -20.215400 72.886352 25.957478 61.566148 19.984495 1.530115 14.125511 -3.633440 -2.285139 8.887061 -6.076855 6.715236 -24.547473 -70.166276 -43.076890 49.304210 -26.393402 -5.328288 12.780439 8.701559 -8.275100 -13.415836 -1.145432 0.385786 2.290170 0.387266 3.739981 9.435429 7.468095 -0.000000 0.000000 -0.000000 1.944749 3.345558 -3.525498 2.414259 1.367130 -0.667014 1.371680 -3.770850 3.241268 -0.008443 -1.472321 0.657112
0.261927 0.956821 3.649754 7.919233 0.344054 0.142666 -1.713175 1.076793 0.460550 -0.783719 -5.349431 0.209559 -0.780346 0.470459 0.130001 -0.575337 6.189354 0.098621 -2.376643 17.057773 2.220816 -5.160616 -4.203750 4.926056 -1.314328 10.067390 8.490206 -16.938831 -20.048726 72.947201 26.066751 61.837246 20.183905 1.534505 14.148786 -3.515294 -2.273316 8.896231 -6.048823 6.601710 -24.775136 -70.190874 -43.207347 49.768054 -26.622521 -5.289010 12.832742 8.538285 -8.791984 -13.041861 -1.040608 0.022929 0.604627 0.377308 4.103594 9.281604 7.944634 0.000000 -0.000000 -0.000000 1.435929 3.534520 -3.517019 2.713063 1.950753 -0.680623 1.424094 -4.531404 2.983605 -0.009675 -1.549792 0.715249
0.260862 0.956062 3.659094 8.098991 0.365931 0.276616 -1.724508 1.032833 0.432167 -0.787353 -5.368879 0.196761 -0.783935 0.451006 0.116834 -0.579026 6.174783 0.088664 -2.682151 17.070123 2.256255 -5.736555 -4.158484 5.095347 -1.314458 9.991620 8.471072 -17.125333 -19.890893 73.023073 26.234605 62.087830 20.408162 1.530333 14.164516 -3.433014 -2.239266 8.888991 -6.035359 6.607843 -24.902548 -70.264909 -43.361510 50.334816 -26.908592 -5.243502 12.897552 8.342032 -9.286181 -12.793183 -0.888005 -0.630332 -0.214395 0.316773 4.191218 8.522149 7.996728 -0.000000 -0.000000 -0.000000 1.013770 3.712351 -3.463029 2.899545 2.657019 -0.707342 1.486590 -5.350946 2.706721 -0.011103 -1.634602 0.778228
0.259655 0.955251 3.668660 8.321379 0.330209 0.417208 -1.747870 1.006953 0.404854 -0.796411 -5.380304 0.184527 -0.792937 0.439568 0.103681 -0.586775 6.166221 0.078731 -2.995019 17.069527 2.281409 -6.323251 -4.135976 5.248702 -1.310807 9.930561 8.464408 -17.305307 -19.746673 73.083205 26.408167 62.245413 20.605914 1.522456 14.169592 -3.406327 -2.231368 8.893681 -6.037950 6.682048 -24.936709 -70.338432 -43.525991 50.858616 -27.217365 -5.209043 12.948350 8.189365 -9.689427 -12.524364 -0.771836 -1.287142 -0.560719 0.263153 4.193782 8.071985 7.551277 0.000000 0.000000 -0.000000 0.722069 3.926687 -3.399967 2.993180 3.434513 -0.717663 1.499480 -6.207744 2.409359 -0.012633 -1.722449 0.840373
0.258326 0.954344 3.678434 8.601972 0.219697 0.597474 -1.785275 1.014087 0.358155 -0.810832 -5.376994 0.163789 -0.807296 0.442857 0.081478 -0.599229 6.168716 0.061996 -3.326229 17.040374 2.300883 -6.943748 -4.163894 5.399713 -1.300281 9.892878 8.475475 -17.461725 -19.612663 73.138049 26.576125 62.254563 20.740246 1.510220 14.159929 -3.456641 -2.304172 8.926858 -6.047563 6.844464 -24.872226 -70.387724 -43.734203 51.259155 -27.543087 -5.190014 12.973547 8.116781 -9.958591 -12.251682 -0.734996 -2.053457 -0.333357 0.208027 4.283942 8.424598 6.345703 -0.000000 0.000000 -0.000000 0.581367 4.227189 -3.365083 3.011484 4.224160 -0.698647 1.410510 -7.103417 2.092005 -0.014301 -1.800629 0.901150
0.256853 0.953384 3.688434 8.924594 0.050955 0.783364 -1.834793 1.039298 0.312635 -0.830713 -5.365653 0.143675 -0.827104 0.454168 0.059347 -0.615762 6.177228 0.045331 -3.664734 16.998039 2.309989 -7.575196 -4.215059 5.535104 -1.286094 9.869767 8.499137 -17.611847 -19.492412 73.177619 26.746956 62.171120 20.844500 1.493983 14.140187 -3.562745 -2.403178 8.971883 -6.073298 7.073591 -24.714314 -70.434483 -43.948101 51.617726 -27.886162 -5.180325 12.984146 8.088285 -10.138416 -11.959311 -0.733060 -2.830492 0.365948 0.136379 4.237671 9.065467 4.615621 0.000000 0.000000 -0.000000 0.570580 4.564665 -3.318699 2.937835 5.083901 -0.657917 1.273007 -8.036646 1.755831 -0.016082 -1.881940 0.960965
0.255268 0.952518 3.698732 9.260125 -0.144206 0.894228 -1.889113 1.052737 0.319954 -0.855230 -5.359745 0.147118 -0.851525 0.460042 0.060301 -0.634005 6.181631 0.046076 -3.970685 16.979282 2.292816 -8.135912 -4.226331 5.609021 -1.274184 9.845476 8.532305 -17.750764 -19.401190 73.140932 26.896080 62.089225 20.971447 1.480120 14.120298 -3.680433 -2.413079 9.007611 -6.143558 7.255052 -24.486323 -70.496319 -44.042766 52.032065 -28.217509 -5.180700 12.987039 8.071872 -10.293132 -11.454247 -0.719791 -3.017059 0.849639 0.119962 3.693423 9.411963 3.040172 0.000000 -0.000000 -0.000000 0.671925 4.837413 -3.182279 2.741345 6.137712 -0.596440 1.185050 -8.980732 1.399191 -0.017727 -2.000362 1.015374
0.253612 0.951650 3.709573 9.600817 -0.373095 0.893058 -1.947724 1.042104 0.407268 -0.885435 -5.364864 0.186183 -0.881595 0.454878 0.096300 -0.653824 6.177701 0.073245 -4.233663 17.001871 2.231074 -8.598921 -4.167865 5.582506 -1.269252 9.812251 8.577055 -17.881995 -19.339864 72.973530 27.074856 62.047066 21.214438 1.473701 14.102063 -3.807516 -2.251268 9.022573 -6.292118 7.256371 -24.182464 -70.516526 -43.950101 52.492566 -28.529981 -5.198518 12.978900 8.068315 -10.537633 -10.564000 -0.685607 -2.001814 0.762990 0.216166 2.323760 9.207341 1.862738 0.000000 -0.000000 0.000000 0.923496 5.102107 -2.931973 2.324927 7.340514 -0.492778 1.228660 -10.033277 0.992962 -0.017257 -1.993947 1.072973
0.251843 0.950876 3.720712 9.955314 -0.626890 0.816241 -2.011861 1.018999 0.547028 -0.920564 -5.375772 0.248616 -0.916559 0.443913 0.155167 -0.675575 6.169375 0.117658 -4.464186 17.047587 2.142464 -8.991031 -4.071488 5.493239 -1.266747 9.777688 8.631216 -18.001258 -19.307705 72.729266 27.231387 62.005431 21.479856 1.469629 14.083946 -3.946202 -1.999179 9.031166 -6.483676 7.209954 -23.808615 -70.550429 -43.733137 53.012477 -28.822806 -5.226525 12.963084 8.076655 -10.754995 -9.460402 -0.638796 -0.391161 0.460818 0.340550 0.508325 8.724622 0.872231 0.000000 -0.000000 -0.000000 1.288331 5.297643 -2.589399 1.786209 8.735623 -0.368871 1.323548 -11.094470 0.558979 -0.016389 -2.024740 1.125192
0.249862 0.950634 3.731493 10.319423 -0.848995 0.694143 -2.076610 0.989337 0.708824 -0.956985 -5.389721 0.320855 -0.952804 0.429903 0.223709 -0.697549 6.158739 0.169362 -4.653916 17.099437 2.065334 -9.311211 -3.966228 5.410578 -1.258624 9.749172 8.685336 -18.092149 -19.317176 72.509731 27.187557 61.943216 21.541613 1.458906 14.070064 -4.058761 -1.788340 9.049426 -6.643752 7.396587 -23.403563 -70.780057 -43.461673 53.724220 -29.071229 -5.243469 12.956933 8.062464 -10.662513 -8.467862 -0.551281 0.595473 0.331075 0.409704 -0.993787 8.189233 0.084005 0.000000 -0.000000 -0.000000 1.632941 5.145209 -2.153156 1.381154 10.580382 -0.289563 1.315114 -11.842672 0.178329 -0.021280 -2.612452 1.138659
0.247541 0.951183 3.741583 10.695586 -1.007628 0.498930 -2.146261 0.951281 0.907140 -0.997276 -5.407601 0.409367 -0.992898 0.411954 0.308131 -0.721203 6.145104 0.233035 -4.788182 17.155681 2.010182 -9.536017 -3.855643 5.349101 -1.244985 9.716988 8.742004 -18.152241 -19.391738 72.332696 26.852513 61.878481 21.314184 1.440545 14.063391 -4.127492 -1.672742 9.085694 -6.742695 8.023422 -22.981105 -71.353740 -43.140049 54.750976 -29.248896 -5.228418 12.970000 8.056259 -9.979218 -7.754920 -0.379658 0.277216 0.607829 0.422019 -1.856272 7.647949 -0.439685 0.000005 0.011631 -0.016784 1.828372 4.493705 -1.605117 1.270881 13.053898 -0.263475 1.172075 -12.264475 -0.085579 -0.033054 -3.941565 1.065612
0.245007 0.952264 3.751315 11.081545 -1.133441 0.259147 -2.216685 0.906382 1.127490 -1.038900 -5.428667 0.507681 -1.034309 0.390815 0.402220 -0.745103 6.129036 0.303989 -4.881728 17.218740 1.967417 -9.689285 -3.734749 5.296002 -1.225679 9.690888 8.798725 -18.183077 -19.507232 72.180017 26.320578 61.792340 20.886033 1.415570 14.060378 -4.170032 -1.599405 9.129559 -6.811112 8.874316 -22.512105 -72.110599 -42.739810 55.970963 -29.344480 -5.201738 12.992754 8.028192 -8.985502 -7.161960 -0.151862 -0.667560 1.055939 0.422756 -2.406981 7.056867 -0.769579 -0.000048 0.023239 -0.033582 1.986075 3.492457 -0.977699 1.284861 15.979538 -0.258114 0.912936 -12.375709 -0.279784 -0.046566 -5.826889 0.945667
0.242554 0.953541 3.761041 11.465461 -1.264969 0.089971 -2.269441 0.866062 1.296282 -1.070206 -5.447469 0.582960 -1.065444 0.371953 0.474323 -0.762960 6.114710 0.358353 -4.970292 17.277907 1.945367 -9.840664 -3.619421 5.279659 -1.192241 9.707675 8.838849 -18.176170 -19.604285 72.100276 25.696585 61.609102 20.296749 1.377998 14.055075 -4.201649 -1.540248 9.166662 -6.866111 9.596412 -21.980251 -72.770566 -42.286658 57.146706 -29.367019 -5.203680 13.017465 7.853248 -8.243141 -6.512733 0.052368 -1.417663 1.368480 0.440028 -2.878834 6.500969 -1.094832 0.000000 0.000000 0.000000 2.334892 2.312120 -0.353547 1.175039 19.080503 -0.278388 0.444807 -11.901120 -0.472158 -0.063220 -8.234169 0.878275
0.240370 0.955127 3.771048 11.861783 -1.428886 0.066660 -2.304004 0.835982 1.369736 -1.088937 -5.461266 0.615682 -1.084065 0.358119 0.505144 -0.774571 6.104249 0.381580 -5.070486 17.337175 1.955074 -10.024133 -3.499621 5.325515 -1.138280 9.804966 8.857340 -18.115241 -19.661507 72.145186 24.895380 61.278814 19.418994 1.319832 14.046085 -4.210558 -1.500893 9.197223 -6.899965 10.069001 -21.361928 -73.275227 -41.663546 58.183791 -29.211423 -5.239600 13.052690 7.514482 -7.947090 -5.708370 0.168362 -1.672424 1.417023 0.466131 -3.383874 6.024277 -1.487518 0.000334 -0.079185 0.126125 3.058482 0.972264 0.239034 0.708466 22.355020 -0.422959 -0.315857 -10.719399 -0.569732 -0.085651 -11.208208 0.861885
0.238266 0.956908 3.781049 12.255408 -1.600464 0.113634 -2.320081 0.811233 1.391847 -1.097043 -5.472412 0.625471 -1.092115 0.346958 0.514110 -0.779920 6.095851 0.388320 -5.165659 17.392470 1.985571 -10.205441 -3.385360 5.408139 -1.070116 9.945463 8.860648 -18.017906 -19.701577 72.263485 24.026423 60.847142 18.403069 1.248964 14.034907 -4.208650 -1.475741 9.220469 -6.920692 10.415396 -20.691016 -73.686579 -40.970920 59.171546 -28.972962 -5.303574 13.096911 7.028993 -7.905132 -4.838855 0.250630 -1.730655 1.332868 0.498369 -3.810745 5.583166 -1.879807 0.000668 -0.193078 0.302723 3.973583 -0.553039 0.805786 0.095931 25.801763 -0.594756 -1.291739 -8.953083 -0.645162 -0.119067 -14.704672 0.912985
0.235969 0.958209 3.790522 12.590451 -1.741195 0.120073 -2.299520 0.787338 1.420867 -1.089186 -5.483099 0.638286 -1.084276 0.336287 0.527723 -0.773001 6.087824 0.398560 -5.241467 17.420940 2.011849 -10.351608 -3.322834 5.479002 -0.998325 10.053724 8.848763 -17.927557 -19.730312 72.349959 23.468064 60.390677 17.686686 1.183371 14.020033 -4.246578 -1.419389 9.221545 -6.968780 10.657352 -20.052278 -73.913689 -40.610699 60.154557 -29.020620 -5.420888 13.130587 6.321727 -8.094765 -4.002746 0.389833 -1.668062 1.202703 0.566392 -4.057365 5.130296 -2.249443 0.000537 -0.313032 0.453842 4.767227 -2.159848 1.326554 -0.209982 29.143687 -0.488634 -2.371443 -6.696153 -1.011015 -0.189434 -18.555944 1.159560
0.233273 0.958656 3.799213 12.852984 -1.825018 0.034720 -2.233227 0.759519 1.480012 -1.062394 -5.495514 0.664463 -1.057585 0.323923 0.556620 -0.750778 6.078508 0.420314 -5.294901 17.410463 2.028945 -10.456613 -3.335389 5.529207 -0.920692 10.098670 8.812839 -17.881923 -19.732200 72.389613 23.354681 59.917851 17.411939 1.120121 13.998413 -4.362412 -1.303195 9.182761 -7.061633 10.729204 -19.464771 -73.860655 -40.855247 61.135453 -29.603667 -5.627255 13.150220 5.232192 -8.632749 -3.229640 0.630428 -1.471367 1.029022 0.699062 -4.001349 4.644328 -2.597580 -0.000467 -0.443680 0.549247 5.314097 -3.886518 1.808359 0.147651 32.329435 0.185138 -3.710484 -3.590269 -1.909703 -0.355822 -23.084996 1.745096
0.230384 0.958623 3.807376 13.057161 -1.877229 -0.090182 -2.130401 0.732155 1.546234 -1.019686 -5.507616 0.693750 -1.015055 0.311899 0.590242 -0.716315 6.069454 0.445625 -5.328867 17.373428 2.041554 -10.526468 -3.399375 5.567229 -0.839260 10.111780 8.760664 -17.843454 -19.721920 72.398032 23.520687 59.426807 17.403694 1.061929 13.973947 -4.518069 -1.155551 9.122896 -7.182424 10.705565 -18.916423 -73.630349 -41.524400 62.113155 -30.566967 -5.897966 13.160383 3.919854 -9.396347 -2.485127 0.912886 -1.152717 0.811145 0.864564 -3.763125 4.149293 -2.930085 -0.002130 -0.580514 0.619079 5.737111 -5.688965 2.257341 0.911427 35.394882 1.245189 -5.277058 -0.007716 -3.093330 -0.637670 -27.967282 2.560593
0.227652 0.958547 3.815259 13.189667 -1.935663 -0.209898 -2.000609 0.714183 1.608537 -0.964834 -5.515406 0.721295 -0.960446 0.304205 0.623354 -0.672834 6.063664 0.470557 -5.337766 17.324022 2.039195 -10.546117 -3.490191 5.570624 -0.771115 10.111123 8.716246 -17.742491 -19.748117 72.315310 23.872729 58.983351 17.603102 1.035153 13.955073 -4.649835 -1.016486 9.082111 -7.319720 10.816543 -18.444589 -73.427222 -42.355997 63.133721 -31.685540 -6.160869 13.152404 2.789609 -10.002438 -1.776203 1.178727 -0.826741 0.629185 1.004904 -3.605163 3.664423 -3.229429 -0.003653 -0.681217 0.677958 6.098780 -7.336502 2.671027 1.596067 38.210967 2.238494 -6.611083 2.871726 -4.147137 -0.951898 -32.066290 3.311584
0.225113 0.958517 3.822934 13.236167 -2.016302 -0.324451 -1.834834 0.714186 1.668677 -0.893950 -5.515033 0.747890 -0.889893 0.304695 0.657145 -0.617350 6.064033 0.496015 -5.321014 17.254344 2.016335 -10.513206 -3.623202 5.529713 -0.721459 10.090735 8.688525 -17.561785 -19.819620 72.094089 24.490089 58.608025 18.108990 1.062705 13.943797 -4.732016 -0.910379 9.083409 -7.479789 11.156737 -18.085043 -73.294470 -43.513352 64.278852 -33.107403 -6.409044 13.105376 1.928106 -10.348335 -1.100343 1.427218 -0.463772 0.504710 1.111266 -3.646792 3.186683 -3.500520 -0.004461 -0.712053 0.734746 6.374057 -8.763120 3.101058 2.024832 40.820133 2.898323 -7.516999 4.603836 -4.975934 -1.255794 -35.136903 3.958701
0.222730 0.958445 3.830327 13.211042 -2.103657 -0.433595 -1.641997 0.723619 1.725278 -0.810906 -5.510313 0.772892 -0.807243 0.309540 0.690576 -0.552826 6.067689 0.521203 -5.279156 17.172699 1.978244 -10.429813 -3.782381 5.453427 -0.685209 10.056241 8.668053 -17.317426 -19.924077 71.780137 25.280734 58.272295 18.807693 1.121297 13.937431 -4.790895 -0.813017 9.104051 -7.655777 11.629589 -17.803659 -73.188415 -44.904340 65.458393 -34.752700 -6.643021 13.037174 1.249029 -10.538477 -0.462979 1.664630 -0.094425 0.415404 1.191655 -3.769361 2.717586 -3.735673 -0.004783 -0.706764 0.780600 6.592452 -10.031119 3.511024 2.313450 43.199648 3.390857 -8.093143 5.648049 -5.689278 -1.529679 -37.427141 4.496923
0.220745 0.958496 3.837464 13.143976 -2.188494 -0.492400 -1.458570 0.726389 1.762579 -0.731116 -5.508495 0.789266 -0.727824 0.311466 0.715048 -0.491405 6.069176 0.539627 -5.208057 17.117596 1.931377 -10.287251 -3.895936 5.348477 -0.663993 10.042798 8.651965 -16.989396 -20.078891 71.452137 25.910219 57.974825 19.341140 1.168278 13.936643 -4.840151 -0.691419 9.114799 -7.816192 12.174014 -17.528759 -73.178633 -45.734008 66.484898 -35.906805 -6.787289 12.999016 0.897197 -10.504321 0.110689 1.852419 0.075201 0.373663 1.217214 -3.880193 2.281550 -3.896322 -0.005079 -0.724206 0.803608 6.910561 -11.103715 3.760037 2.352654 45.139594 3.820090 -8.217781 6.197533 -6.178890 -1.609543 -38.545228 4.601013
0.219291 0.958733 3.844386 13.031603 -2.279101 -0.480904 -1.291863 0.719760 1.775107 -0.657559 -5.510836 0.794582 -0.654605 0.309214 0.727831 -0.435518 6.067549 0.549231 -5.096644 17.109136 1.878855 -10.064485 -3.927176 5.215009 -0.660783 10.078880 8.644385 -16.507423 -20.312855 71.092477 26.277325 57.730554 19.620198 1.197008 13.945133 -4.865688 -0.515229 9.106945 -7.959813 12.794513 -17.252264 -73.315028 -45.476184 67.313107 -36.110623 -6.786368 13.013021 1.062383 -10.150050 0.608648 1.977387 -0.083061 0.404979 1.169205 -3.955812 1.884902 -3.951604 -0.005508 -0.791340 0.791586 7.475636 -11.969846 3.752141 1.947211 46.655393 4.171876 -7.657025 6.214577 -6.394952 -1.364485 -38.007582 4.046401
0.218234 0.959094 3.851051 12.877019 -2.366977 -0.418859 -1.134480 0.707154 1.768241 -0.587216 -5.515825 0.791249 -0.584581 0.304303 0.731638 -0.382708 6.063943 0.552064 -4.955737 17.127405 1.818556 -9.782484 -3.912020 5.054731 -0.672615 10.135847 8.641591 -15.939375 -20.595772 70.715538 26.495368 57.530677 19.749728 1.214713 13.958784 -4.881017 -0.314606 9.088701 -8.087874 13.484686 -16.976067 -73.545531 -44.460519 68.000918 -35.625131 -6.698259 13.044032 1.554994 -9.574712 1.041845 2.059423 -0.442787 0.482321 1.072369 -4.021202 1.521624 -3.932584 -0.005852 -0.881202 0.756745 8.155989 -12.636659 3.579935 1.251765 47.736768 4.393075 -6.615708 5.743474 -6.409776 -0.957669 -36.280666 3.110658
0.217408 0.959552 3.857359 12.719588 -2.417555 -0.321204 -1.000833 0.681928 1.742147 -0.526478 -5.526486 0.779355 -0.524113 0.293702 0.725910 -0.337786 6.056074 0.547701 -4.813992 17.150666 1.749262 -9.495568 -3.888039 4.877123 -0.692102 10.163303 8.629051 -15.475003 -20.862076 70.451310 26.558635 57.346833 19.673187 1.199080 13.967406 -4.940442 -0.147357 9.055252 -8.173042 14.166455 -16.642612 -73.784565 -43.107428 68.527738 -34.753779 -6.610156 13.065906 1.950119 -9.002620 1.419502 2.107669 -0.827755 0.539431 0.963858 -4.056606 1.197984 -3.894927 -0.006137 -0.971736 0.723734 8.690669 -13.097566 3.383506 0.706850 48.129410 4.564037 -5.639537 5.096688 -6.279860 -0.600731 -34.409699 2.152894
0.216790 0.960171 3.863277 12.576439 -2.419168 -0.181217 -0.902369 0.638151 1.689703 -0.480085 -5.545502 0.755735 -0.477916 0.274726 0.707000 -0.304561 6.041925 0.533390 -4.678671 17.183135 1.669643 -9.216440 -3.846761 4.681925 -0.719646 10.139487 8.599319 -15.187689 -21.094025 70.377057 26.396486 57.224469 19.289890 1.137024 13.971759 -5.050261 -0.039365 9.001332 -8.192192 14.856178 -16.205975 -74.042897 -41.350523 68.833205 -33.394727 -6.529348 13.081971 2.124383 -8.465658 1.740988 2.119526 -1.234173 0.554112 0.838672 -4.049072 0.926827 -3.844762 -0.006444 -1.065499 0.697664 9.078077 -13.331504 3.181053 0.493350 47.662797 4.797683 -4.929945 4.316896 -5.939994 -0.301301 -32.720126 1.151779
0.216405 0.960888 3.868837 12.430662 -2.383206 -0.005955 -0.827480 0.581731 1.617816 -0.443231 -5.570220 0.723466 -0.441213 0.250039 0.678472 -0.279184 6.023493 0.511827 -4.542535 17.220399 1.580971 -8.932491 -3.796816 4.469487 -0.754734 10.086148 8.559640 -15.007691 -21.314322 70.419897 26.086909 57.119573 18.709399 1.041814 13.971962 -5.204118 0.034869 8.931122 -8.168761 15.535415 -15.710963 -74.307764 -39.295419 68.952405 -31.695579 -6.443231 13.094977 2.202570 -7.932873 2.008536 2.094875 -1.665692 0.548373 0.701995 -4.011750 0.695310 -3.776778 -0.006710 -1.159927 0.673413 9.316003 -13.360681 2.959926 0.434094 46.506698 4.992705 -4.299930 3.353143 -5.441653 -0.026950 -30.893314 0.100755
0.216159 0.961491 3.874034 12.270724 -2.309894 0.168732 -0.756133 0.523669 1.547563 -0.408041 -5.595701 0.691943 -0.406167 0.224585 0.650521 -0.255008 6.004479 0.490702 -4.412603 17.227681 1.485314 -8.659723 -3.801884 4.248716 -0.788587 10.018233 8.517450 -14.911587 -21.520410 70.486948 25.847189 56.869717 18.189217 0.930625 13.957346 -5.437546 0.094605 8.853847 -8.145485 16.076528 -15.241628 -74.462916 -37.664304 69.036472 -30.385975 -6.397178 13.091482 2.129969 -7.533602 2.234121 2.043158 -1.956067 0.523760 0.603230 -3.963808 0.471062 -3.729650 -0.006862 -1.225257 0.660230 9.138617 -13.249877 2.815611 0.466230 44.915140 4.950273 -3.705332 2.382042 -4.990407 0.170817 -29.032500 -0.730586
0.216001 0.961915 3.878846 12.089554 -2.201634 0.339022 -0.681641 0.471429 1.480526 -0.371640 -5.618606 0.661873 -0.369922 0.201704 0.624146 -0.229816 5.987390 0.470773 -4.290749 17.191510 1.380720 -8.401559 -3.886923 4.017432 -0.818806 9.933705 8.471310 -14.935620 -21.715348 70.585355 25.737572 56.415968 17.790650 0.793537 13.922415 -5.795432 0.144103 8.770679 -8.128153 16.424035 -14.824887 -74.451631 -36.733628 69.123484 -29.754365 -6.420932 13.059340 1.819250 -7.345116 2.422969 1.954039 -2.014211 0.479129 0.565452 -3.907578 0.244378 -3.722726 -0.006795 -1.241267 0.662014 8.355693 -12.992374 2.797265 0.711029 42.901656 4.652982 -3.129569 1.455254 -4.648232 0.290112 -27.318690 -1.283081
0.215983 0.962225 3.883295 11.894558 -2.055891 0.508323 -0.610833 0.417470 1.415040 -0.336960 -5.642310 0.632513 -0.335391 0.178022 0.598307 -0.205869 5.969694 0.451251 -4.175203 17.125246 1.268678 -8.154079 -4.027192 3.776513 -0.847775 9.834549 8.422830 -15.044168 -21.895652 70.708795 25.701389 55.816703 17.455017 0.645837 13.873394 -6.233511 0.179161 8.680484 -8.110963 16.637241 -14.437154 -74.338391 -36.250079 69.200406 -29.542508 -6.482183 13.015347 1.356157 -7.290307 2.568041 1.836055 -1.930441 0.416637 0.562606 -3.840676 0.024972 -3.736808 -0.006637 -1.228173 0.674848 7.158170 -12.598251 2.848407 1.112842 40.445013 4.195606 -2.586164 0.527577 -4.331932 0.362861 -25.581655 -1.660550
0.216175 0.962398 3.887437 11.695827 -1.865752 0.651589 -0.544014 0.350368 1.367293 -0.304847 -5.671897 0.611083 -0.303415 0.148453 0.580137 -0.183250 5.947568 0.437510 -4.067477 17.034468 1.156330 -7.921975 -4.211772 3.539021 -0.873966 9.741802 8.383926 -15.103638 -22.049109 70.742503 25.772732 55.086428 17.252770 0.540629 13.817088 -6.652903 0.206605 8.589156 -8.119277 16.762582 -14.088460 -74.191369 -36.099203 69.362454 -29.617536 -6.535477 12.988171 0.944284 -7.266205 2.662225 1.727228 -1.810487 0.343238 0.569870 -3.775246 -0.190401 -3.752483 -0.006690 -1.216866 0.696244 5.852612 -12.158283 2.908548 1.370906 37.743808 3.578657 -2.061281 -0.364059 -4.022923 0.383842 -23.400212 -1.853333
0.216641 0.962397 3.891202 11.500084 -1.598459 0.765414 -0.482267 0.252250 1.342673 -0.275975 -5.715309 0.599984 -0.274662 0.105056 0.571968 -0.162274 5.915056 0.431300 -3.973714 16.910837 1.041384 -7.716139 -4.455947 3.303221 -0.899959 9.660692 8.360022 -15.051167 -22.161068 70.620289 25.979725 54.139159 17.227398 0.504379 13.749286 -7.042117 0.222568 8.501095 -8.177420 16.783112 -13.773697 -73.994269 -36.392654 69.663877 -30.066987 -6.573428 12.989495 0.630893 -7.254253 2.676950 1.633258 -1.661952 0.244817 0.585634 -3.729727 -0.399025 -3.770814 -0.007219 -1.220480 0.731208 4.394111 -11.729410 2.956556 1.461206 34.813142 2.772746 -1.476903 -1.277914 -3.662170 0.348964 -20.395350 -1.897092
0.217317 0.962260 3.894660 11.300663 -1.287037 0.852618 -0.424423 0.140996 1.335827 -0.249625 -5.764584 0.596846 -0.248421 0.055793 0.571505 -0.142588 5.878133 0.430900 -3.887526 16.762650 0.926194 -7.524893 -4.744615 3.070564 -0.923174 9.586006 8.345714 -14.948363 -22.246430 70.407595 26.272737 53.059547 17.316502 0.511540 13.674768 -7.410882 0.231077 8.411810 -8.260943 16.716934 -13.497117 -73.765853 -37.046549 70.048612 -30.829716 -6.607608 13.005410 0.368563 -7.272362 2.640595 1.549208 -1.477246 0.135354 0.611091 -3.685750 -0.603637 -3.790562 -0.008011 -1.225876 0.774734 2.828116 -11.253134 3.014012 1.469736 31.617816 1.896732 -0.920208 -2.152969 -3.289730 0.277361 -16.941586 -1.830000
0.218085 0.962077 3.898073 11.087077 -1.023482 0.897905 -0.367456 0.058837 1.346835 -0.224566 -5.800940 0.601721 -0.223476 0.019448 0.578925 -0.123280 5.850891 0.436459 -3.791778 16.620504 0.824855 -7.319703 -5.021175 2.859125 -0.934401 9.523171 8.336536 -14.847673 -22.338093 70.186573 26.573934 52.118663 17.436071 0.529781 13.612295 -7.692708 0.250780 8.313951 -8.322116 16.660815 -13.283396 -73.624345 -37.626789 70.445975 -31.523917 -6.618612 13.025018 0.219135 -7.271898 2.632609 1.496518 -1.339454 0.063961 0.627176 -3.600397 -0.815724 -3.788992 -0.008615 -1.224526 0.809319 1.596593 -10.645407 3.085320 1.229703 28.292662 1.134560 -0.606532 -2.776550 -3.060202 0.196320 -13.743622 -1.628916
0.218823 0.961853 3.901535 10.851471 -0.838369 0.883141 -0.308810 0.023643 1.384458 -0.200105 -5.816419 0.618515 -0.199136 0.003978 0.598202 -0.103535 5.839293 0.450979 -3.681806 16.484518 0.738237 -7.092349 -5.285676 2.668894 -0.930000 9.469826 8.327915 -14.781541 -22.444180 69.980131 26.913616 51.397630 17.603867 0.546865 13.563009 -7.850377 0.306225 8.196773 -8.336605 16.673815 -13.147889 -73.628124 -38.026399 70.879256 -32.070394 -6.585489 13.047188 0.257554 -7.257136 2.685071 1.494211 -1.278988 0.040380 0.636131 -3.429769 -1.036203 -3.761910 -0.008729 -1.209487 0.823685 0.913839 -9.821673 3.207985 0.522004 24.710240 0.481025 -0.686322 -3.085479 -3.132389 0.112677 -10.918079 -1.171294
0.219652 0.961584 3.904952 10.601079 -0.701667 0.826958 -0.251055 0.017608 1.439851 -0.176932 -5.818931 0.643258 -0.176084 0.001473 0.625297 -0.084169 5.837413 0.471406 -3.562496 16.354561 0.665312 -6.851607 -5.538136 2.499695 -0.913675 9.428392 8.324313 -14.717745 -22.556829 69.765461 27.266156 50.814707 17.807239 0.569160 13.523827 -7.922187 0.372839 8.071184 -8.328845 16.695434 -13.075806 -73.717903 -38.343809 71.326356 -32.541673 -6.525280 13.071779 0.408973 -7.223236 2.766303 1.522661 -1.265422 0.054965 0.636412 -3.217914 -1.264333 -3.714140 -0.008613 -1.187705 0.829108 0.569570 -8.863748 3.341363 -0.438336 21.004863 -0.044051 -0.970870 -3.157904 -3.399212 0.045201 -8.327368 -0.594552
0.220816 0.961341 3.908313 10.348016 -0.614297 0.769729 -0.199016 0.029380 1.486694 -0.155967 -5.813533 0.664182 -0.155232 0.006878 0.648349 -0.066769 5.841467 0.488791 -3.431364 16.260832 0.617259 -6.595501 -5.721990 2.369714 -0.887290 9.411489 8.334742 -14.611641 -22.684944 69.556041 27.488495 50.398818 17.933291 0.589985 13.506264 -7.955990 0.395495 7.962302 -8.324016 16.642327 -13.047845 -73.834746 -38.404490 71.653359 -32.737176 -6.475372 13.090497 0.510499 -7.108127 2.860004 1.544566 -1.290682 0.127743 0.603649 -3.054079 -1.509175 -3.636276 -0.008607 -1.171486 0.841916 0.364750 -7.938902 3.371615 -1.245468 17.726632 -0.328207 -1.168481 -2.985490 -3.620624 0.009637 -6.312319 -0.174777
0.222481 0.961151 3.911590 10.086987 -0.591523 0.729192 -0.150507 0.065898 1.515891 -0.135852 -5.797141 0.677214 -0.135226 0.023275 0.663423 -0.050626 5.853773 0.500172 -3.281162 16.214789 0.601045 -6.312813 -5.816028 2.288941 -0.840103 9.425394 8.369671 -14.415552 -22.837754 69.319188 27.550777 50.175736 17.960613 0.608371 13.524295 -7.956823 0.341585 7.873224 -8.332310 16.483194 -13.061045 -73.984129 -37.973283 71.807403 -32.427750 -6.450509 13.101093 0.494377 -6.849693 2.956913 1.543395 -1.364784 0.294325 0.520062 -2.990665 -1.787011 -3.517422 -0.008836 -1.162844 0.870442 0.230401 -7.071866 3.230335 -1.841575 14.982401 -0.374397 -1.160109 -2.325783 -3.717651 -0.004275 -5.162982 0.052479
0.224480 0.960987 3.914811 9.823433 -0.618021 0.688324 -0.107780 0.120142 1.536466 -0.117975 -5.772887 0.686382 -0.117446 0.047533 0.674405 -0.036475 5.871976 0.508473 -3.119276 16.204850 0.609689 -6.015578 -5.841914 2.247986 -0.782828 9.463918 8.418439 -14.176737 -23.005326 69.086676 27.492561 50.121201 17.919137 0.624842 13.563785 -7.919884 0.243647 7.800715 -8.343066 16.249451 -13.119998 -74.159911 -37.265309 71.839352 -31.823441 -6.437706 13.106271 0.428293 -6.510156 3.065999 1.536410 -1.478129 0.519128 0.403518 -2.976021 -2.081355 -3.367648 -0.009175 -1.159752 0.906352 0.228392 -6.240610 2.992116 -2.356080 12.680815 -0.274442 -1.077530 -1.412956 -3.768621 -0.009232 -4.604895 0.207277
0.226561 0.960844 3.918049 9.585686 -0.648593 0.635091 -0.082417 0.159734 1.549466 -0.107426 -5.755202 0.692168 -0.106955 0.065220 0.681263 -0.028100 5.885248 0.513658 -2.965143 16.226568 0.633680 -5.736870 -5.807618 2.236585 -0.749566 9.520944 8.458412 -13.993338 -23.168540 68.969560 27.277289 50.190018 17.774972 0.635836 13.594451 -7.878030 0.144182 7.760384 -8.350318 15.951835 -13.215968 -74.285793 -36.776880 71.775155 -31.376955 -6.434442 13.105905 0.352471 -6.214194 3.198020 1.536683 -1.593175 0.715184 0.282934 -2.943073 -2.352269 -3.208981 -0.009595 -1.168464 0.940974 0.354184 -5.541880 2.757973 -2.685893 11.075779 -0.118031 -1.023392 -0.939373 -3.733888 -0.009903 -4.149777 0.273338
0.228661 0.960727 3.921344 9.390110 -0.667164 0.561864 -0.083168 0.172791 1.555223 -0.108066 -5.749399 0.694735 -0.107593 0.071023 0.683765 -0.028393 5.889597 0.515550 -2.822577 16.285098 0.677837 -5.485402 -5.703218 2.264990 -0.758065 9.608486 8.481324 -13.896687 -23.350859 69.031050 26.821341 50.395388 17.464997 0.639270 13.602695 -7.846770 0.050259 7.777346 -8.350963 15.546310 -13.359450 -74.332671 -36.617461 71.604220 -31.188684 -6.445260 13.094519 0.253241 -5.986263 3.358197 1.555812 -1.722628 0.850383 0.159922 -2.869312 -2.582732 -3.040959 -0.010183 -1.199662 0.968742 0.574372 -5.091007 2.544973 -2.635727 10.565765 0.076517 -1.026573 -1.342974 -3.532943 -0.006256 -3.652940 0.189950
0.230842 0.960631 3.924657 9.220356 -0.689875 0.476216 -0.101334 0.171172 1.553590 -0.116060 -5.750180 0.694013 -0.115547 0.070240 0.682231 -0.034475 5.889002 0.514393 -2.687525 16.375180 0.737572 -5.252264 -5.539026 2.323634 -0.790550 9.714545 8.495110 -13.857107 -23.528795 69.209841 26.200909 50.721855 17.042695 0.637084 13.602341 -7.810547 -0.045227 7.826701 -8.348915 15.076143 -13.537983 -74.327265 -36.674760 71.341065 -31.151349 -6.466019 13.076837 0.144583 -5.801644 3.541259 1.582009 -1.853825 0.956682 0.032989 -2.776887 -2.790029 -2.864404 -0.010876 -1.242669 0.995241 0.924004 -4.771440 2.340818 -2.390050 10.744794 0.287747 -1.063338 -2.186607 -3.240179 -0.000925 -3.260405 0.028266
0.233034 0.960536 3.927942 9.055645 -0.719875 0.388612 -0.122343 0.158100 1.545027 -0.124964 -5.756063 0.690199 -0.124404 0.064356 0.677514 -0.041473 5.884583 0.510832 -2.567678 16.476743 0.789338 -5.044169 -5.353245 2.372577 -0.827958 9.796916 8.501762 -13.881014 -23.613452 69.430466 25.621927 51.082595 16.652509 0.631493 13.604240 -7.755572 -0.121113 7.848996 -8.348570 14.683365 -13.706846 -74.279597 -37.097984 71.053090 -31.391828 -6.479802 13.069105 0.108082 -5.711363 3.742436 1.592108 -1.910784 1.043000 -0.074038 -2.665279 -2.986025 -2.703832 -0.011415 -1.271708 1.028508 1.503131 -4.331527 2.204039 -2.413566 10.661442 0.420847 -1.153632 -2.847319 -3.035640 0.001212 -2.920799 -0.047547
0.235169 0.960437 3.931216 8.873510 -0.765553 0.292672 -0.135152 0.134251 1.531424 -0.129958 -5.766709 0.684134 -0.129369 0.053709 0.670941 -0.045689 5.876598 0.505867 -2.466033 16.598691 0.827055 -4.864215 -5.129510 2.401207 -0.857212 9.840347 8.492992 -13.974666 -23.545448 69.697171 25.117039 51.425620 16.286658 0.613750 13.609609 -7.684070 -0.164890 7.806857 -8.345625 14.419462 -13.825425 -74.181145 -38.058689 70.779459 -32.046253 -6.479989 13.084933 0.164243 -5.769037 3.976716 1.580247 -1.835124 1.100128 -0.142445 -2.511591 -3.167627 -2.575642 -0.011532 -1.271269 1.070866 2.509953 -3.639472 2.204896 -2.981831 9.908806 0.403020 -1.370774 -3.062906 -3.010254 -0.001305 -2.628661 0.057611
0.237315 0.960338 3.934462 8.696473 -0.818569 0.194871 -0.150831 0.098885 1.510998 -0.135880 -5.782483 0.675021 -0.135257 0.037933 0.661227 -0.050832 5.864769 0.498529 -2.379479 16.732099 0.856746 -4.709169 -4.884194 2.420012 -0.891434 9.859993 8.477397 -14.130085 -23.382744 70.003050 24.653312 51.803443 15.952191 0.592504 13.617563 -7.593911 -0.189251 7.737567 -8.343834 14.232758 -13.933188 -74.042906 -39.347751 70.473500 -32.940444 -6.471735 13.113085 0.292215 -5.921189 4.229471 1.550498 -1.684908 1.136967 -0.191633 -2.338493 -3.338148 -2.463740 -0.011416 -1.256868 1.119971 3.748359 -2.830807 2.287940 -3.820198 8.896698 0.315162 -1.637123 -3.093533 -3.069738 -0.005124 -2.390046 0.246131
0.239607 0.960230 3.937579 8.571155 -0.856731 0.124821 -0.187936 0.053096 1.478644 -0.150753 -5.802958 0.660582 -0.150047 0.017454 0.645278 -0.063125 5.849408 0.486486 -2.306855 16.830152 0.873094 -4.576761 -4.704498 2.420734 -0.951046 9.859459 8.482561 -14.331946 -23.213547 70.255519 24.347380 52.291053 15.826044 0.596228 13.635934 -7.464843 -0.210678 7.693468 -8.359469 14.110676 -14.106674 -73.905065 -40.545239 70.077357 -33.739598 -6.454893 13.134188 0.511628 -6.058607 4.451309 1.495684 -1.558788 1.189780 -0.254898 -2.214092 -3.518834 -2.343542 -0.011511 -1.249253 1.176855 4.724107 -2.049858 2.313556 -4.582929 7.905107 0.283143 -1.743489 -3.096869 -3.104711 -0.007397 -2.173390 0.389948
0.242165 0.960093 3.940576 8.533535 -0.882706 0.104954 -0.265071 -0.001853 1.425027 -0.182429 -5.827622 0.636635 -0.181551 -0.007220 0.618117 -0.088811 5.830894 0.465985 -2.251787 16.873816 0.870232 -4.472240 -4.625875 2.394465 -1.059677 9.832018 8.528814 -14.582483 -23.075170 70.394702 24.322227 52.946130 16.070392 0.645818 13.674040 -7.268381 -0.235810 7.702631 -8.409153 14.103452 -14.398274 -73.769020 -41.660979 69.589837 -34.475726 -6.429855 13.143659 0.850933 -6.192605 4.642631 1.398784 -1.459562 1.266470 -0.352145 -2.167318 -3.725591 -2.203154 -0.012146 -1.256094 1.247725 5.289803 -1.321407 2.192968 -5.272818 7.019493 0.368431 -1.537246 -3.128024 -3.074605 -0.007430 -1.964411 0.433289
0.244868 0.959946 3.943445 8.547545 -0.893528 0.112674 -0.363506 -0.067294 1.359456 -0.223011 -5.856990 0.607321 -0.221908 -0.036602 0.584683 -0.121615 5.808849 0.440748 -2.210850 16.882107 0.854195 -4.390585 -4.612881 2.350253 -1.194136 9.785108 8.595831 -14.879344 -22.931689 70.479156 24.473866 53.713884 16.539994 0.721217 13.722949 -7.033118 -0.257647 7.736691 -8.476655 14.159329 -14.756939 -73.632362 -42.668579 69.012861 -35.101620 -6.397626 13.149752 1.281745 -6.312431 4.802727 1.278108 -1.384598 1.359368 -0.463135 -2.169697 -3.941984 -2.053752 -0.013067 -1.269699 1.326382 5.588465 -0.615653 2.002991 -5.890995 6.157390 0.513563 -1.171513 -3.132755 -3.017853 -0.006708 -1.777644 0.432297
0.247489 0.959844 3.946063 8.551676 -0.858413 0.109964 -0.445899 -0.145920 1.304870 -0.256936 -5.892149 0.582881 -0.255636 -0.071775 0.556798 -0.149020 5.782465 0.419687 -2.172495 16.865333 0.837631 -4.314423 -4.646284 2.306984 -1.304401 9.743228 8.650177 -15.201467 -22.761298 70.595720 24.567992 54.502812 16.940619 0.789249 13.763192 -6.824354 -0.272167 7.763514 -8.529072 14.113639 -15.103372 -73.528319 -43.137515 68.309092 -35.204541 -6.359639 13.150936 1.738748 -6.275414 4.880875 1.181502 -1.424282 1.481897 -0.560171 -2.203072 -4.140587 -1.905146 -0.013856 -1.287778 1.395257 5.560778 0.008311 1.836187 -6.093468 5.344339 0.647698 -0.896861 -3.104817 -2.942764 -0.006059 -1.625287 0.427195
0.249949 0.959812 3.948341 8.530252 -0.754840 0.078264 -0.500707 -0.244951 1.272955 -0.279577 -5.936297 0.568539 -0.278133 -0.115934 0.540159 -0.167136 5.749342 0.407095 -2.132358 16.820228 0.824019 -4.236953 -4.732175 2.269661 -1.372228 9.705019 8.680536 -15.585883 -22.546923 70.780870 24.553532 55.322495 17.194481 0.837566 13.784586 -6.677171 -0.271219 7.768165 -8.555896 13.872761 -15.403429 -73.474151 -42.803400 67.423371 -34.526800 -6.320266 13.144594 2.225426 -5.949744 4.832833 1.140967 -1.676587 1.660362 -0.636998 -2.282608 -4.314609 -1.757229 -0.014321 -1.311319 1.447288 4.992122 0.520569 1.722482 -5.526877 4.579897 0.738818 -0.845072 -3.030888 -2.845311 -0.005623 -1.515801 0.425049
0.252326 0.959824 3.950367 8.498842 -0.605352 0.036058 -0.539670 -0.357051 1.252186 -0.295649 -5.986212 0.559156 -0.294093 -0.165857 0.529144 -0.179913 5.711897 0.398737 -2.094908 16.750121 0.809950 -4.165062 -4.864359 2.233345 -1.415573 9.671236 8.698396 -15.994681 -22.304232 70.997184 24.467379 56.163672 17.364882 0.878310 13.797242 -6.556412 -0.263144 7.765768 -8.567438 13.531651 -15.690629 -73.452089 -42.052826 66.414630 -33.441852 -6.279279 13.132965 2.737922 -5.467187 4.702729 1.122600 -2.043069 1.869476 -0.699214 -2.392695 -4.470500 -1.609755 -0.014630 -1.339350 1.489541 4.098720 0.948870 1.623476 -4.544834 3.857915 0.796700 -0.884050 -2.923833 -2.730822 -0.005265 -1.440725 0.418771
0.254629 0.959855 3.952286 8.442876 -0.446759 0.000856 -0.560436 -0.463036 1.230700 -0.303629 -6.033355 0.549454 -0.302002 -0.213004 0.518632 -0.186618 5.676540 0.390762 -2.061863 16.675251 0.797620 -4.102018 -5.005107 2.201886 -1.438322 9.669036 8.704464 -16.295104 -22.059879 71.223361 24.180958 56.906935 17.345569 0.914608 13.812401 -6.421945 -0.268833 7.769515 -8.561924 13.209391 -15.986567 -73.442411 -41.403803 65.424932 -32.456142 -6.228152 13.119531 3.200565 -5.079884 4.573342 1.077456 -2.319322 2.044837 -0.737005 -2.468627 -4.601200 -1.472947 -0.014862 -1.366662 1.525627 3.469706 1.320393 1.532566 -3.861723 3.194972 0.815950 -0.868463 -2.816840 -2.622157 -0.005171 -1.386865 0.427271
0.256876 0.959921 3.954199 8.360431 -0.302278 -0.016318 -0.560258 -0.550339 1.201213 -0.302008 -6.072133 0.536205 -0.300369 -0.251781 0.505547 -0.186371 5.647472 0.380862 -2.031172 16.599833 0.790096 -4.044987 -5.146563 2.180094 -1.435042 9.722074 8.692725 -16.429442 -21.815912 71.470328 23.578977 57.479813 17.031731 0.943002 13.832445 -6.288847 -0.298020 7.783026 -8.531580 12.943052 -16.303610 -73.451880 -40.935916 64.490599 -31.648839 -6.152227 13.101173 3.584767 -4.862950 4.485654 0.982378 -2.444058 2.165899 -0.742583 -2.493304 -4.701302 -1.349220 -0.015067 -1.396853 1.554446 3.377804 1.661122 1.448869 -3.820191 2.589275 0.801044 -0.723702 -2.707578 -2.535478 -0.005540 -1.360846 0.466466
0.259049 0.960005 3.956005 8.253513 -0.148688 -0.026694 -0.541839 -0.631581 1.170846 -0.292271 -6.108170 0.522592 -0.290666 -0.287814 0.492922 -0.180040 5.620468 0.371317 -2.004955 16.519691 0.784202 -3.996935 -5.296546 2.163007 -1.410981 9.806518 8.669135 -16.455296 -21.571936 71.730273 22.757203 57.947535 16.513065 0.967008 13.855369 -6.142035 -0.340981 7.802878 -8.484266 12.696206 -16.630259 -73.473651 -40.538773 63.576798 -30.912184 -6.063837 13.079559 3.920130 -4.741153 4.398985 0.862417 -2.478477 2.252500 -0.724131 -2.483488 -4.776634 -1.236674 -0.015199 -1.426336 1.577093 3.550612 1.946291 1.377669 -4.075463 2.045715 0.761148 -0.524202 -2.598930 -2.454101 -0.006159 -1.356045 0.520448
0.261108 0.960027 3.957544 8.113482 0.046814 -0.046311 -0.510971 -0.725390 1.149363 -0.277369 -6.149770 0.512962 -0.275828 -0.329406 0.484806 -0.169506 5.589293 0.365169 -1.991113 16.442470 0.772798 -3.969758 -5.440858 2.139900 -1.386117 9.878409 8.652255 -16.414394 -21.351515 71.955245 21.905285 58.399869 15.977010 1.001174 13.886986 -5.896147 -0.389369 7.831650 -8.441740 12.477061 -16.951985 -73.467667 -40.355683 62.725511 -30.386922 -5.991674 13.064871 4.218325 -4.740763 4.274084 0.744118 -2.402157 2.300046 -0.696051 -2.425384 -4.837342 -1.139455 -0.015182 -1.439114 1.600477 3.759526 2.127055 1.322340 -4.310360 1.592779 0.704468 -0.348550 -2.532083 -2.351265 -0.006550 -1.339400 0.560386
0.263018 0.959943 3.958702 7.924029 0.316137 -0.092617 -0.464001 -0.846274 1.146116 -0.256050 -6.203378 0.511507 -0.254606 -0.383003 0.485514 -0.153496 5.549112 0.365666 -1.993219 16.369814 0.752655 -3.968903 -5.576465 2.106013 -1.365036 9.917498 8.645448 -16.289278 -21.156056 72.123220 21.033681 58.863652 15.449300 1.056521 13.932043 -5.488761 -0.448453 7.870293 -8.409592 12.303934 -17.257850 -73.414763 -40.484076 61.940805 -30.155253 -5.945501 13.063297 4.472500 -4.908442 4.078674 0.645115 -2.178099 2.296395 -0.657138 -2.291307 -4.880729 -1.064781 -0.014887 -1.424667 1.627394 3.956199 2.152156 1.301739 -4.421620 1.258956 0.614704 -0.233191 -2.535103 -2.205275 -0.006448 -1.292838 0.571504
0.264815 0.959796 3.959593 7.701179 0.627174 -0.149088 -0.404641 -0.979718 1.151733 -0.229586 -6.262542 0.514060 -0.228272 -0.442157 0.490753 -0.133297 5.504763 0.369581 -2.007614 16.300084 0.727070 -3.988803 -5.706423 2.066254 -1.343225 9.944072 8.645367 -16.098779 -20.984803 72.257222 20.133227 59.311994 14.906896 1.125240 13.987874 -4.982023 -0.512922 7.917832 -8.382287 12.158336 -17.558383 -73.334362 -40.785031 61.218340 -30.096149 -5.913701 13.067433 4.689140 -5.197521 3.844608 0.551762 -1.843674 2.252922 -0.608816 -2.108946 -4.909758 -1.005469 -0.014423 -1.393518 1.655047 4.189407 2.072642 1.295867 -4.511913 1.015341 0.505039 -0.142211 -2.579743 -2.038189 -0.006125 -1.234430 0.568589
0.266562 0.959637 3.960396 7.485043 0.916880 -0.180377 -0.349686 -1.100801 1.147998 -0.204708 -6.316219 0.512459 -0.203523 -0.495824 0.491679 -0.114623 5.464531 0.370253 -2.031295 16.236004 0.698729 -4.024763 -5.825663 2.024474 -1.327028 9.975060 8.660443 -15.939703 -20.856884 72.375958 19.370788 59.762600 14.467683 1.192890 14.048367 -4.477450 -0.558587 7.973813 -8.364898 11.992720 -17.870863 -73.243986 -41.050109 60.588431 -30.048871 -5.893011 13.067132 4.899530 -5.494139 3.628447 0.441696 -1.489990 2.200487 -0.569424 -1.947709 -4.942961 -0.944033 -0.014078 -1.361238 1.681954 4.376019 1.992876 1.249853 -4.573449 0.803699 0.423641 -0.045579 -2.622440 -1.889014 -0.005867 -1.185331 0.567154
0.268302 0.959467 3.961150 7.294660 1.165642 -0.162409 -0.306775 -1.202241 1.123234 -0.184333 -6.361191 0.501458 -0.183256 -0.540789 0.482745 -0.100080 5.430831 0.363505 -2.068995 16.176589 0.666285 -4.085156 -5.935901 1.979919 -1.320002 10.018194 8.701461 -15.851276 -20.794677 72.479228 18.827184 60.273528 14.206879 1.258139 14.117851 -3.962565 -0.575085 8.044055 -8.365781 11.763236 -18.208713 -73.129778 -41.230006 60.048772 -29.977900 -5.889104 13.055049 5.115906 -5.806407 3.450075 0.289929 -1.108312 2.142271 -0.544069 -1.829428 -4.990511 -0.874803 -0.014037 -1.331460 1.708610 4.505631 1.946804 1.125286 -4.617417 0.602674 0.403367 0.056167 -2.643977 -1.778130 -0.005773 -1.154418 0.573000
0.269994 0.959284 3.961816 7.111473 1.393435 -0.118769 -0.268165 -1.291332 1.089132 -0.165512 -6.400687 0.486288 -0.164537 -0.580279 0.469485 -0.087038 5.401238 0.353503 -2.115957 16.122799 0.631111 -4.161602 -6.035492 1.933413 -1.318520 10.065862 8.757600 -15.794581 -20.775277 72.566949 18.432922 60.792350 14.059133 1.322282 14.190232 -3.449601 -0.572820 8.122584 -8.376603 11.513125 -18.558164 -73.004660 -41.380532 59.601194 -29.926935 -5.895372 13.037752 5.326274 -6.125987 3.288391 0.120514 -0.707424 2.074971 -0.527771 -1.732373 -5.042123 -0.803385 -0.014135 -1.300548 1.734519 4.588303 1.900425 0.961612 -4.632738 0.433741 0.411015 0.163796 -2.663457 -1.685174 -0.005737 -1.132814 0.580314
0.271568 0.959131 3.962456 6.919306 1.596676 -0.085011 -0.227544 -1.365007 1.062541 -0.146168 -6.433333 0.474498 -0.145303 -0.612920 0.459660 -0.073349 5.376779 0.346098 -2.154979 16.080306 0.599885 -4.224325 -6.114257 1.890997 -1.318161 10.111929 8.804863 -15.748780 -20.749647 72.657473 18.134430 61.172721 13.935701 1.369773 14.241950 -3.077656 -0.558740 8.191267 -8.377345 11.326257 -18.896548 -72.927337 -41.467092 59.283153 -29.871053 -5.890653 13.025983 5.525537 -6.314365 3.139487 -0.019654 -0.404466 2.020384 -0.523547 -1.660569 -5.085521 -0.729336 -0.014147 -1.273159 1.756707 4.571731 1.855934 0.822169 -4.578243 0.302703 0.396031 0.309556 -2.694991 -1.587988 -0.005714 -1.115042 0.587177
0.272977 0.959026 3.963098 6.705560 1.771268 -0.074432 -0.177329 -1.420743 1.049755 -0.123197 -6.457989 0.468925 -0.122470 -0.637570 0.456419 -0.056457 5.358311 0.343665 -2.182078 16.058077 0.574249 -4.266217 -6.155605 1.853923 -1.319002 10.155857 8.836106 -15.708815 -20.698988 72.762750 17.901760 61.346616 13.790371 1.387593 14.259663 -2.918372 -0.520503 8.238152 -8.359036 11.244615 -19.234431 -72.929379 -41.481472 59.143674 -29.828419 -5.871042 13.022605 5.721656 -6.285700 3.002163 -0.108648 -0.259701 1.992967 -0.538156 -1.627186 -5.117376 -0.650564 -0.014007 -1.252497 1.773574 4.385966 1.814553 0.737756 -4.406242 0.217430 0.326287 0.529715 -2.747240 -1.474807 -0.005697 -1.099612 0.593675
0.274269 0.958951 3.963714 6.482664 1.921173 -0.073595 -0.125095 -1.461017 1.044391 -0.099683 -6.475771 0.466689 -0.099100 -0.655347 0.456569 -0.038903 5.344996 0.343793 -2.201275 16.047164 0.552431 -4.294431 -6.176071 1.820674 -1.321020 10.198128 8.858472 -15.679576 -20.642036 72.870719 17.776316 61.382754 13.681059 1.385041 14.255142 -2.900406 -0.470419 8.275232 -8.330587 11.228007 -19.562068 -72.981777 -41.437104 59.133071 -29.788390 -5.840309 13.023759 5.906569 -6.125914 2.879121 -0.171391 -0.212738 1.978989 -0.564505 -1.618955 -5.140861 -0.569174 -0.013778 -1.235355 1.786719 4.101353 1.774624 0.678919 -4.164222 0.169441 0.233317 0.787925 -2.811916 -1.357633 -0.005694 -1.088015 0.599724
0.275527 0.958896 3.964273 6.271807 2.054759 -0.077982 -0.087292 -1.490243 1.044321 -0.082827 -6.488676 0.466781 -0.082349 -0.668250 0.458373 -0.026189 5.335330 0.345163 -2.207377 16.026386 0.536010 -4.300552 -6.215105 1.793143 -1.319723 10.234053 8.869395 -15.655083 -20.586160 72.963641 17.809335 61.339200 13.673402 1.378384 14.242666 -2.948654 -0.452371 8.320384 -8.298806 11.237375 -19.826891 -73.052750 -41.332301 59.140984 -29.683172 -5.789202 13.030131 6.050942 -5.954206 2.773227 -0.231479 -0.199701 1.958137 -0.584685 -1.600155 -5.153524 -0.491049 -0.013412 -1.216771 1.797973 3.876138 1.734085 0.618065 -3.953684 0.140165 0.162247 1.007487 -2.877536 -1.249855 -0.005681 -1.079245 0.603148
0.276796 0.958870 3.964757 6.080439 2.171307 -0.087563 -0.070562 -1.506213 1.050873 -0.075638 -6.495735 0.469768 -0.075205 -0.675308 0.462090 -0.020537 5.330039 0.347967 -2.196056 15.984189 0.525801 -4.277171 -6.294264 1.771723 -1.308436 10.265997 8.861547 -15.630313 -20.529009 73.037303 18.031928 61.198946 13.789942 1.369241 14.222155 -3.068491 -0.493811 8.388005 -8.263139 11.278207 -20.011351 -73.152287 -41.126609 59.129322 -29.439249 -5.699960 13.043954 6.143532 -5.790281 2.690795 -0.297175 -0.222791 1.918727 -0.589973 -1.555410 -5.148635 -0.416677 -0.012830 -1.194869 1.806386 3.764999 1.690972 0.540731 -3.802716 0.132083 0.137280 1.155716 -2.941176 -1.157780 -0.005650 -1.074986 0.602300
0.278030 0.958866 3.965184 5.901093 2.271487 -0.102099 -0.068239 -1.511090 1.062746 -0.075096 -6.497894 0.475087 -0.074667 -0.677467 0.467463 -0.019714 5.328417 0.352013 -2.171600 15.932161 0.521055 -4.231604 -6.391899 1.756087 -1.293925 10.291499 8.842231 -15.610392 -20.472969 73.095921 18.410590 60.978818 14.006176 1.357019 14.194108 -3.254415 -0.567263 8.463839 -8.224272 11.344775 -20.133163 -73.270561 -40.860098 59.135386 -29.130092 -5.590439 13.062581 6.195447 -5.614444 2.625543 -0.360234 -0.279847 1.872588 -0.588991 -1.500017 -5.132985 -0.345564 -0.012111 -1.171525 1.812907 3.713248 1.647535 0.460549 -3.683106 0.143109 0.134288 1.265364 -3.005366 -1.074988 -0.005610 -1.073554 0.598827
0.279178 0.958845 3.965581 5.732615 2.365802 -0.116800 -0.076819 -1.515876 1.073959 -0.079368 -6.500038 0.480074 -0.078911 -0.679612 0.472018 -0.022543 5.326803 0.355437 -2.141728 15.883828 0.521057 -4.177522 -6.482663 1.747144 -1.291780 10.298700 8.830920 -15.604810 -20.432546 73.134549 18.898163 60.787277 14.315921 1.353856 14.173705 -3.415084 -0.634259 8.522756 -8.190784 11.380389 -20.192674 -73.344908 -40.651112 59.162772 -28.907310 -5.504890 13.079712 6.210783 -5.486770 2.561191 -0.418465 -0.300448 1.834364 -0.589980 -1.444332 -5.124471 -0.282132 -0.011436 -1.147398 1.822213 3.714988 1.608086 0.391419 -3.611954 0.148176 0.126228 1.357913 -3.066569 -0.995594 -0.005555 -1.068892 0.595495
0.280208 0.958791 3.965953 5.574590 2.457983 -0.131866 -0.098044 -1.524584 1.083311 -0.089167 -6.503956 0.484189 -0.088648 -0.683532 0.475137 -0.029601 5.323853 0.357773 -2.101178 15.845283 0.526731 -4.105280 -6.555404 1.744485 -1.312477 10.275021 8.835932 -15.625743 -20.413421 73.143508 19.538913 60.681870 14.773763 1.368637 14.170177 -3.501606 -0.682922 8.551273 -8.165931 11.346541 -20.171639 -73.336172 -40.534064 59.184946 -28.816832 -5.460301 13.092475 6.196515 -5.439573 2.491887 -0.467047 -0.253180 1.808961 -0.598813 -1.387899 -5.129983 -0.228876 -0.010838 -1.121073 1.837270 3.787074 1.575494 0.342537 -3.611199 0.134850 0.101410 1.437540 -3.122998 -0.916844 -0.005472 -1.057386 0.593033
0.281151 0.958721 3.966295 5.427439 2.544306 -0.147004 -0.130183 -1.533205 1.092068 -0.103787 -6.507862 0.487999 -0.103174 -0.687439 0.477463 -0.040315 5.320910 0.359505 -2.055224 15.810471 0.537108 -4.024542 -6.621197 1.748439 -1.345441 10.233152 8.849275 -15.661236 -20.410146 73.132701 20.288940 60.601679 15.326706 1.391771 14.174110 -3.562810 -0.725171 8.562807 -8.146251 11.281832 -20.087850 -73.284117 -40.475052 59.228950 -28.813150 -5.440040 13.103820 6.145626 -5.440492 2.423429 -0.510321 -0.169411 1.791301 -0.609707 -1.331221 -5.142617 -0.183309 -0.010277 -1.093965 1.855110 3.912678 1.547190 0.304261 -3.658948 0.115735 0.071719 1.500067 -3.176361 -0.841408 -0.005375 -1.042650 0.590710
0.282044 0.958649 3.966619 5.291296 2.624124 -0.156734 -0.164546 -1.540746 1.097962 -0.119277 -6.511294 0.490521 -0.118565 -0.690874 0.478412 -0.051783 5.318321 0.360199 -2.027396 15.774684 0.548652 -3.978013 -6.688114 1.761156 -1.374636 10.199179 8.865855 -15.684651 -20.420357 73.126664 20.969891 60.480053 15.807502 1.407012 14.172567 -3.654106 -0.758255 8.572503 -8.130203 11.245121 -19.995911 -73.243866 -40.489801 59.379773 -28.910517 -5.438205 13.116368 6.041211 -5.452564 2.356964 -0.559791 -0.072867 1.780929 -0.613495 -1.286125 -5.159541 -0.142398 -0.009843 -1.070976 1.871510 4.035373 1.519280 0.262472 -3.706617 0.103253 0.045417 1.554433 -3.228451 -0.771576 -0.005293 -1.029468 0.589113
0.282912 0.958574 3.966929 5.169335 2.696211 -0.156200 -0.201995 -1.546365 1.099976 -0.135978 -6.513880 0.491296 -0.135159 -0.693465 0.477492 -0.064300 5.316366 0.359484 -2.029064 15.734661 0.558893 -3.986101 -6.761942 1.782324 -1.394071 10.184402 8.885571 -15.688621 -20.449660 73.134044 21.526684 60.293962 16.156259 1.409244 14.162103 -3.799120 -0.776806 8.586039 -8.118113 11.262766 -19.915999 -73.230233 -40.615944 59.679721 -29.156036 -5.461608 13.129565 5.867376 -5.477360 2.292991 -0.626419 0.041659 1.779603 -0.601828 -1.258186 -5.182435 -0.106718 -0.009650 -1.055554 1.885084 4.145458 1.490921 0.209827 -3.748914 0.102735 0.024218 1.602070 -3.280569 -0.707354 -0.005238 -1.019205 0.588896
0.283731 0.958496 3.967222 5.058416 2.761843 -0.150163 -0.241679 -1.550948 1.099110 -0.153552 -6.516011 0.490775 -0.152621 -0.695600 0.475187 -0.077576 5.314752 0.357725 -2.048829 15.693679 0.570421 -4.028434 -6.836888 1.812539 -1.409755 10.177545 8.908344 -15.680539 -20.492304 73.146380 22.012506 60.068843 16.430228 1.404371 14.146556 -3.974242 -0.786212 8.597676 -8.109683 11.308252 -19.828090 -73.228290 -40.821736 60.086206 -29.508298 -5.505197 13.144340 5.640107 -5.513276 2.230933 -0.699220 0.168988 1.785526 -0.583066 -1.241833 -5.209571 -0.075698 -0.009594 -1.044252 1.897219 4.252650 1.463004 0.153731 -3.791107 0.108866 0.006359 1.641572 -3.331376 -0.648724 -0.005198 -1.010497 0.589404
0.284463 0.958433 3.967493 4.949178 2.824118 -0.147591 -0.272340 -1.556094 1.096075 -0.167028 -6.518370 0.489313 -0.166009 -0.697963 0.472356 -0.087837 5.312972 0.355575 -2.076080 15.656835 0.587277 -4.086566 -6.903653 1.855295 -1.423693 10.170747 8.928932 -15.655890 -20.528654 73.162400 22.409910 59.813811 16.635299 1.392857 14.124083 -4.164174 -0.799855 8.605453 -8.102492 11.360709 -19.726956 -73.247897 -41.015013 60.557229 -29.845613 -5.545039 13.165514 5.390068 -5.518604 2.170454 -0.757070 0.269798 1.793034 -0.573087 -1.232152 -5.232999 -0.044588 -0.009435 -1.031625 1.907853 4.329643 1.434107 0.102430 -3.800438 0.118026 -0.005224 1.677645 -3.378727 -0.597960 -0.005163 -1.004023 0.589258
0.285081 0.958394 3.967741 4.837509 2.884903 -0.153558 -0.289420 -1.562310 1.091161 -0.174391 -6.521172 0.487055 -0.173324 -0.700767 0.469352 -0.093555 5.310866 0.353301 -2.112098 15.624877 0.613855 -4.164495 -6.960592 1.919241 -1.437156 10.160743 8.946078 -15.609696 -20.551430 73.183588 22.690211 59.507403 16.751542 1.370495 14.087973 -4.383524 -0.825598 8.608179 -8.094955 11.417395 -19.606957 -73.297717 -41.178805 61.111143 -30.133516 -5.572272 13.199349 5.109478 -5.470070 2.109374 -0.787707 0.324840 1.802943 -0.581042 -1.230341 -5.249501 -0.010270 -0.009048 -1.015358 1.916527 4.358405 1.402221 0.059880 -3.756069 0.129699 -0.007086 1.712208 -3.421373 -0.557557 -0.005133 -1.000693 0.587775
0.285612 0.958370 3.967968 4.727506 2.942301 -0.162975 -0.297483 -1.569094 1.084043 -0.177656 -6.524204 0.483842 -0.176566 -0.703800 0.465807 -0.096261 5.308591 0.350625 -2.155628 15.597133 0.645694 -4.258275 -7.009159 1.995633 -1.448890 10.150754 8.961030 -15.546923 -20.567920 73.208314 22.884398 59.172359 16.800373 1.341956 14.044859 -4.617765 -0.855575 8.607046 -8.088600 11.480837 -19.473879 -73.368977 -41.328222 61.729893 -30.405436 -5.596873 13.239948 4.805762 -5.390966 2.050041 -0.803641 0.353355 1.814555 -0.597764 -1.235184 -5.262278 0.024142 -0.008555 -0.997767 1.923699 4.356987 1.369255 0.022311 -3.678820 0.144338 -0.002732 1.743381 -3.460542 -0.525017 -0.005109 -0.999598 0.585638
0.286092 0.958346 3.968176 4.622131 2.993756 -0.169580 -0.298962 -1.576521 1.074500 -0.177894 -6.527506 0.479567 -0.176802 -0.707102 0.461507 -0.096769 5.306117 0.347384 -2.192278 15.576520 0.673444 -4.337518 -7.044857 2.061634 -1.457112 10.142607 8.972340 -15.477966 -20.580386 73.230538 23.064064 58.883707 16.849362 1.319709 14.012626 -4.808001 -0.879569 8.603662 -8.085683 11.538129 -19.339639 -73.445357 -41.410640 62.317392 -30.633022 -5.621061 13.273587 4.532463 -5.309442 1.999001 -0.820928 0.373733 1.819988 -0.611662 -1.238155 -5.273022 0.054051 -0.008088 -0.980350 1.930685 4.352212 1.339625 -0.013632 -3.598437 0.159768 0.000350 1.770166 -3.497812 -0.495125 -0.005086 -0.998697 0.583515
0.286530 0.958319 3.968370 4.520838 3.037097 -0.171304 -0.292761 -1.584946 1.062053 -0.174598 -6.531233 0.474018 -0.173525 -0.710828 0.456293 -0.094714 5.303330 0.343458 -2.217843 15.566005 0.693569 -4.392956 -7.062517 2.108964 -1.459615 10.138537 8.977854 -15.402042 -20.586971 73.250246 23.247542 58.663564 16.913884 1.306933 13.999759 -4.926903 -0.893775 8.597504 -8.086974 11.579873 -19.205915 -73.520275 -41.405581 62.848885 -30.809792 -5.642171 13.294125 4.318274 -5.231653 1.959674 -0.845388 0.387665 1.816776 -0.617653 -1.233509 -5.282021 0.076876 -0.007692 -0.963793 1.938043 4.349453 1.317472 -0.048137 -3.520009 0.173273 -0.001434 1.792458 -3.532980 -0.466282 -0.005066 -0.997432 0.581953
0.286916 0.958292 3.968545 4.424185 3.074514 -0.170170 -0.279976 -1.594022 1.047164 -0.168275 -6.535234 0.467400 -0.167240 -0.714827 0.450317 -0.090461 5.300339 0.338961 -2.236547 15.562539 0.709498 -4.433816 -7.067510 2.145671 -1.458615 10.136268 8.979694 -15.319934 -20.589607 73.267442 23.417358 58.489867 16.979255 1.299040 13.997375 -5.001898 -0.902009 8.589060 -8.091712 11.615509 -19.070994 -73.600154 -41.326185 63.349137 -30.934479 -5.660908 13.307510 4.134758 -5.151436 1.928658 -0.871200 0.393455 1.807395 -0.620819 -1.226985 -5.288995 0.095197 -0.007323 -0.947410 1.945214 4.343345 1.298667 -0.081043 -3.438456 0.187582 -0.004482 1.810368 -3.566241 -0.440077 -0.005047 -0.996359 0.580405
0.287265 0.958261 3.968692 4.336801 3.110010 -0.166046 -0.266317 -1.602769 1.031033 -0.161513 -6.539088 0.460230 -0.160520 -0.718679 0.443833 -0.085921 5.297460 0.334084 -2.246637 15.559966 0.722321 -4.457438 -7.071313 2.173391 -1.458967 10.130873 8.982832 -15.244390 -20.596208 73.276130 23.589957 58.370978 17.066877 1.296168 13.997284 -5.056254 -0.905490 8.581442 -8.099876 11.660440 -18.941660 -73.688156 -41.167396 63.796310 -30.983147 -5.683406 13.318008 3.950009 -5.078447 1.902254 -0.896875 0.404407 1.791340 -0.624825 -1.227275 -5.294792 0.112152 -0.006981 -0.930647 1.951841 4.344614 1.275259 -0.115261 -3.368276 0.208715 -0.005458 1.823207 -3.599778 -0.416080 -0.005019 -0.995111 0.577892
0.287580 0.958220 3.968807 4.258657 3.144020 -0.158139 -0.252858 -1.610568 1.013384 -0.154778 -6.542520 0.452381 -0.153827 -0.722110 0.436668 -0.081455 5.294897 0.328693 -2.245164 15.556874 0.732817 -4.458655 -7.076643 2.192556 -1.463542 10.117884 8.990128 -15.181834 -20.611340 73.270684 23.789672 58.330084 17.206790 1.300889 13.998260 -5.089888 -0.901924 8.573923 -8.112423 11.722610 -18.818352 -73.787616 -40.915628 64.179870 -30.935084 -5.712913 13.327673 3.746918 -5.008762 1.881230 -0.921772 0.423452 1.766384 -0.632265 -1.241480 -5.299651 0.129355 -0.006684 -0.913286 1.957845 4.355432 1.245596 -0.153139 -3.309009 0.239063 -0.002166 1.828397 -3.634972 -0.394043 -0.004971 -0.993270 0.573473
0.287858 0.958176 3.968894 4.189789 3.176120 -0.147217 -0.238525 -1.618033 0.994489 -0.147605 -6.545804 0.443977 -0.146699 -0.725391 0.428993 -0.076703 5.292446 0.322919 -2.235080 15.554637 0.740194 -4.442635 -7.080865 2.202714 -1.469475 10.101776 8.998731 -15.125837 -20.630415 73.256731 23.993607 58.343708 17.370507 1.310456 14.001383 -5.102909 -0.893607 8.567218 -8.128407 11.794003 -18.700527 -73.895005 -40.578677 64.509779 -30.804631 -5.745356 13.334556 3.542702 -4.946307 1.864831 -0.946523 0.447657 1.734754 -0.640564 -1.262500 -5.303323 0.145186 -0.006416 -0.895544 1.963305 4.373645 1.211361 -0.192346 -3.261102 0.276252 0.003228 1.828520 -3.670434 -0.374204 -0.004914 -0.991252 0.568089
0.288101 0.958136 3.968950 4.134925 3.209018 -0.135498 -0.225814 -1.626038 0.976378 -0.141185 -6.549332 0.435920 -0.140318 -0.728918 0.421587 -0.072490 5.289810 0.317347 -2.223486 15.551292 0.743213 -4.422238 -7.087398 2.204236 -1.473015 10.091046 9.005042 -15.069873 -20.647576 73.245142 24.146342 58.350470 17.490695 1.317228 14.002056 -5.118859 -0.888648 8.566603 -8.144951 11.866056 -18.593517 -74.003265 -40.185322 64.794976 -30.622233 -5.776197 13.336950 3.356926 -4.912515 1.847048 -0.971517 0.481538 1.702610 -0.645631 -1.277728 -5.305923 0.157948 -0.006130 -0.877528 1.968096 4.403494 1.169622 -0.228778 -3.240411 0.319168 0.007516 1.830638 -3.704198 -0.356862 -0.004869 -0.989938 0.563588
0.288307 0.958104 3.968980 4.096903 3.243637 -0.123092 -0.216123 -1.634893 0.959269 -0.136146 -6.553245 0.428300 -0.135310 -0.732829 0.414479 -0.069283 5.286884 0.311997 -2.211225 15.544372 0.740355 -4.398569 -7.100855 2.194701 -1.470646 10.091618 9.008045 -15.004743 -20.661593 73.239830 24.217881 58.322889 17.532849 1.317771 13.997376 -5.150256 -0.892910 8.579949 -8.159636 11.942609 -18.503433 -74.114631 -39.730268 65.027494 -30.387755 -5.803441 13.332783 3.194991 -4.928381 1.826761 -0.998176 0.535449 1.670425 -0.645208 -1.279051 -5.307407 0.166689 -0.005824 -0.859625 1.971910 4.450513 1.117989 -0.260991 -3.263223 0.370420 0.008870 1.842866 -3.736830 -0.342412 -0.004846 -0.989916 0.560892
0.288478 0.958076 3.968979 4.072890 3.279046 -0.109865 -0.208053 -1.644276 0.942943 -0.131860 -6.557397 0.421025 -0.131050 -0.736980 0.407639 -0.066616 5.283779 0.306848 -2.197460 15.536338 0.733134 -4.370527 -7.116629 2.176522 -1.465874 10.097556 9.008739 -14.939641 -20.673713 73.236845 24.237997 58.288832 17.531245 1.315512 13.990244 -5.184580 -0.900526 8.599397 -8.174886 12.019810 -18.424110 -74.226900 -39.220000 65.214520 -30.102270 -5.828616 13.323975 3.051486 -4.972905 1.805037 -1.024990 0.599032 1.637715 -0.641551 -1.274577 -5.307828 0.172366 -0.005501 -0.841446 1.975055 4.509184 1.058917 -0.290520 -3.313257 0.427427 0.009078 1.857092 -3.767767 -0.330467 -0.004833 -0.990598 0.559079
0.288625 0.958057 3.968937 4.059102 3.315171 -0.097667 -0.199910 -1.654109 0.928776 -0.127631 -6.561749 0.414715 -0.126847 -0.741332 0.401759 -0.063918 5.280521 0.302422 -2.186763 15.532636 0.724868 -4.347668 -7.124283 2.157335 -1.465477 10.099561 9.006541 -14.895648 -20.681797 73.235287 24.239861 58.270177 17.520673 1.313107 13.984820 -5.207806 -0.902016 8.606634 -8.195082 12.077652 -18.342558 -74.326404 -38.702145 65.388265 -29.799482 -5.852835 13.314709 2.929743 -5.004527 1.779173 -1.047978 0.645731 1.609214 -0.637319 -1.276033 -5.307455 0.176140 -0.005113 -0.821934 1.978328 4.567154 0.996733 -0.317715 -3.357515 0.481288 0.010387 1.856036 -3.793342 -0.320140 -0.004820 -0.991095 0.557225
0.288749 0.958052 3.968842 4.056712 3.351316 -0.087646 -0.192185 -1.663926 0.917738 -0.123719 -6.566096 0.409804 -0.122959 -0.745677 0.397245 -0.061350 5.277267 0.299025 -2.181306 15.536842 0.716207 -4.334153 -7.117067 2.139004 -1.473925 10.091507 9.000217 -14.883902 -20.684655 73.235509 24.236449 58.278494 17.515679 1.311683 13.982966 -5.210711 -0.894158 8.589395 -8.224438 12.091576 -18.247280 -74.404818 -38.155274 65.555307 -29.456404 -5.878309 13.304453 2.830128 -5.004645 1.747876 -1.064193 0.660700 1.588419 -0.634573 -1.288671 -5.306132 0.178328 -0.004620 -0.800387 1.982489 4.622709 0.932749 -0.342171 -3.381186 0.529027 0.014239 1.825281 -3.811180 -0.311250 -0.004801 -0.991467 0.554845
0.288848 0.958055 3.968706 4.064546 3.388169 -0.078634 -0.184385 -1.674187 0.908853 -0.119864 -6.570640 0.405857 -0.119127 -0.750221 0.393689 -0.058749 5.273864 0.296348 -2.178913 15.545389 0.706508 -4.325823 -7.101719 2.119682 -1.486753 10.079527 8.991003 -14.893268 -20.683448 73.237184 24.214829 58.302205 17.501778 1.310135 13.982814 -5.202511 -0.880173 8.559965 -8.258757 12.086333 -18.149817 -74.470496 -37.601759 65.708800 -29.097057 -5.902915 13.293578 2.752249 -4.991857 1.712484 -1.076657 0.658791 1.571846 -0.631241 -1.307236 -5.304011 0.178606 -0.004062 -0.777506 1.986778 4.677557 0.865653 -0.364330 -3.399083 0.573610 0.019255 1.779246 -3.823650 -0.303960 -0.004781 -0.991656 0.552424
0.288928 0.958055 3.968549 4.075308 3.427729 -0.069023 -0.173338 -1.686207 0.900576 -0.114589 -6.575960 0.402193 -0.113886 -0.755540 0.390560 -0.055058 5.269880 0.293996 -2.177642 15.553005 0.697150 -4.319745 -7.088039 2.101447 -1.497337 10.072720 8.982016 -14.911420 -20.679536 73.238412 24.169205 58.328424 17.470108 1.307772 13.982927 -5.196838 -0.860255 8.536860 -8.289795 12.115831 -18.071748 -74.534637 -37.155365 65.862616 -28.825993 -5.921380 13.287559 2.698339 -4.980393 1.674269 -1.090387 0.657988 1.553758 -0.623777 -1.327693 -5.301821 0.177174 -0.003514 -0.754329 1.989711 4.724475 0.795804 -0.385746 -3.422659 0.615051 0.023463 1.743906 -3.834196 -0.297904 -0.004759 -0.990596 0.550498
0.288991 0.958047 3.968377 4.086602 3.473247 -0.058711 -0.156883 -1.702372 0.893043 -0.106937 -6.583112 0.398883 -0.106281 -0.762691 0.388027 -0.049546 5.264523 0.292094 -2.178571 15.559337 0.687874 -4.317851 -7.076652 2.084228 -1.503352 10.076304 8.974349 -14.940360 -20.673065 73.237922 24.103901 58.352999 17.422113 1.303990 13.982650 -5.200705 -0.831054 8.527296 -8.315676 12.216364 -18.026473 -74.604345 -36.895518 66.039176 -28.720868 -5.930726 13.291286 2.668270 -4.972781 1.632113 -1.107519 0.663378 1.530113 -0.608825 -1.349748 -5.298628 0.173590 -0.003002 -0.731153 1.990300 4.758799 0.720959 -0.406421 -3.458240 0.652562 0.025737 1.732518 -3.843669 -0.293406 -0.004739 -0.987720 0.549815
0.289034 0.958037 3.968183 4.100828 3.521470 -0.047793 -0.137179 -1.720291 0.886099 -0.097864 -6.591039 0.395849 -0.097265 -0.770615 0.385914 -0.042943 5.258587 0.290510 -2.180621 15.564743 0.678941 -4.318206 -7.066925 2.068098 -1.507120 10.085065 8.966917 -14.978089 -20.663876 73.237002 24.014478 58.380020 17.356254 1.299384 13.982624 -5.207099 -0.795925 8.524071 -8.338266 12.351621 -18.000470 -74.672486 -36.747253 66.218271 -28.708164 -5.933932 13.299612 2.662228 -4.966492 1.587135 -1.125917 0.669866 1.504944 -0.589747 -1.373692 -5.295370 0.168291 -0.002503 -0.707680 1.989535 4.785197 0.643348 -0.426321 -3.499505 0.686935 0.027154 1.731826 -3.851223 -0.290153 -0.004718 -0.983595 0.549627
0.289058 0.958022 3.967976 4.117879 3.564642 -0.034965 -0.117544 -1.734115 0.877769 -0.088772 -6.597146 0.392196 -0.088232 -0.776721 0.383184 -0.036375 5.254015 0.288463 -2.178605 15.565010 0.672497 -4.312070 -7.066784 2.055331 -1.508991 10.092449 8.959565 -15.006277 -20.652897 73.237584 23.881947 58.408892 17.259193 1.295057 13.983359 -5.208606 -0.765126 8.524044 -8.354915 12.466501 -17.975004 -74.728809 -36.592443 66.350222 -28.665468 -5.934699 13.302938 2.682890 -4.968165 1.543953 -1.144133 0.680165 1.484622 -0.573070 -1.396376 -5.295587 0.162796 -0.002028 -0.684051 1.988897 4.810450 0.570044 -0.446922 -3.538933 0.720567 0.029039 1.728037 -3.857755 -0.286822 -0.004683 -0.978855 0.548229
0.289060 0.958002 3.967753 4.137123 3.599639 -0.018641 -0.098098 -1.740649 0.866335 -0.079649 -6.600014 0.387155 -0.079167 -0.779587 0.379069 -0.029895 5.251873 0.285375 -2.171128 15.554979 0.670478 -4.297728 -7.085774 2.049232 -1.508289 10.096229 8.951969 -15.016957 -20.639477 73.240868 23.695220 58.439655 17.121962 1.291621 13.985167 -5.202738 -0.741666 8.526211 -8.362937 12.545512 -17.942813 -74.769502 -36.397503 66.406291 -28.552088 -5.933853 13.295187 2.741238 -4.981980 1.503688 -1.162445 0.698063 1.472350 -0.561542 -1.416914 -5.301777 0.157866 -0.001587 -0.660071 1.988693 4.843239 0.503916 -0.469386 -3.575931 0.754182 0.031371 1.712537 -3.863729 -0.282154 -0.004624 -0.973327 0.544343
0.289043 0.957978 3.967516 4.159193 3.629580 -0.000407 -0.078726 -1.743079 0.853530 -0.070510 -6.601059 0.381500 -0.070088 -0.780632 0.374342 -0.023451 5.251097 0.281827 -2.159593 15.539797 0.670917 -4.276899 -7.114373 2.046438 -1.505693 10.098634 8.944444 -15.018086 -20.624289 73.245652 23.465155 58.471907 16.953428 1.288477 13.987766 -5.191985 -0.722533 8.531542 -8.365008 12.604157 -17.911283 -74.798426 -36.198192 66.414808 -28.411317 -5.930913 13.282265 2.826188 -5.003748 1.465207 -1.180541 0.719784 1.464931 -0.552403 -1.436189 -5.311440 0.152744 -0.001170 -0.635934 1.988617 4.874889 0.442106 -0.492547 -3.611093 0.787054 0.034181 1.693939 -3.868682 -0.277410 -0.004552 -0.967184 0.539247
0.289019 0.957957 3.967278 4.185890 3.656075 0.016280 -0.062396 -1.745136 0.842566 -0.062799 -6.601945 0.376658 -0.062426 -0.781517 0.370283 -0.018019 5.250440 0.278779 -2.143009 15.530712 0.670126 -4.245984 -7.131893 2.039244 -1.503572 10.099792 8.937783 -15.015220 -20.610250 73.250248 23.205706 58.504387 16.767023 1.284920 13.990800 -5.176409 -0.708956 8.539846 -8.366523 12.633806 -17.883765 -74.816785 -35.978144 66.411159 -28.244565 -5.927453 13.272638 2.907331 -5.027552 1.429743 -1.196086 0.736701 1.459145 -0.543910 -1.453706 -5.320615 0.146671 -0.000747 -0.612372 1.989238 4.886131 0.383081 -0.514353 -3.638675 0.819402 0.038882 1.684291 -3.872122 -0.275043 -0.004490 -0.961577 0.535069
0.288988 0.957943 3.967043 4.217640 3.679012 0.029108 -0.049588 -1.748110 0.834740 -0.056780 -6.603245 0.373206 -0.056447 -0.782816 0.367442 -0.013754 5.249471 0.276647 -2.118507 15.533448 0.667005 -4.199032 -7.127861 2.024320 -1.503628 10.098906 8.933411 -15.005745 -20.598729 73.251766 22.907562 58.535867 16.559091 1.281008 13.994434 -5.153194 -0.703960 8.552043 -8.369537 12.621174 -17.859194 -74.820862 -35.719137 66.399359 -28.037231 -5.923550 13.269769 2.978561 -5.054274 1.399060 -1.206618 0.742957 1.452566 -0.536360 -1.463537 -5.326634 0.138634 -0.000316 -0.590202 1.991555 4.864491 0.327387 -0.533424 -3.656080 0.850394 0.047212 1.693574 -3.873577 -0.277176 -0.004451 -0.956817 0.532993
0.288950 0.957931 3.966806 4.254010 3.698502 0.040389 -0.039816 -1.750719 0.828761 -0.052188 -6.604388 0.370569 -0.051884 -0.783959 0.365271 -0.010500 5.248617 0.275018 -2.088947 15.542288 0.662684 -4.141993 -7.112726 2.005061 -1.504158 10.096769 8.929899 -14.992281 -20.588359 73.253089 22.579947 58.567230 16.333238 1.276693 13.998548 -5.125157 -0.704518 8.567216 -8.371978 12.579582 -17.838686 -74.814417 -35.440265 66.375069 -27.804936 -5.918928 13.270221 3.046052 -5.083038 1.371397 -1.214603 0.744411 1.447624 -0.529456 -1.471610 -5.332164 0.129650 0.000123 -0.568607 1.994567 4.822431 0.274436 -0.551048 -3.665904 0.880867 0.057427 1.711807 -3.873516 -0.281684 -0.004421 -0.952591 0.531834
0.288912 0.957921 3.966565 4.295507 3.716483 0.053606 -0.034600 -1.752834 0.823957 -0.049669 -6.605320 0.368440 -0.049381 -0.784891 0.363398 -0.008767 5.247921 0.273610 -2.061914 15.551327 0.656837 -4.089108 -7.097180 1.983881 -1.502423 10.095901 8.923761 -14.988239 -20.577952 73.261187 22.264648 58.600704 16.113686 1.271088 14.002313 -5.100803 -0.702791 8.582420 -8.373061 12.540303 -17.828857 -74.809877 -35.179273 66.361419 -27.592387 -5.914363 13.272198 3.097884 -5.105299 1.342719 -1.225117 0.750012 1.448372 -0.520572 -1.495219 -5.341243 0.122000 0.000593 -0.545859 1.995840 4.778092 0.220982 -0.569179 -3.670190 0.913547 0.065718 1.721092 -3.872865 -0.284661 -0.004391 -0.949112 0.530170
0.288882 0.957913 3.966311 4.345485 3.733687 0.071279 -0.035854 -1.753324 0.820105 -0.050064 -6.605541 0.366712 -0.049773 -0.785111 0.361630 -0.009199 5.247756 0.272278 -2.041739 15.556970 0.649051 -4.048422 -7.087754 1.961740 -1.497117 10.097495 8.912112 -15.000552 -20.569065 73.282526 21.967462 58.639165 15.899612 1.263044 14.005439 -5.082816 -0.695708 8.596387 -8.372192 12.514887 -17.836064 -74.812617 -34.949672 66.371937 -27.417471 -5.910236 13.276014 3.123571 -5.117622 1.311873 -1.242537 0.766515 1.455543 -0.506664 -1.547316 -5.355966 0.117317 0.001143 -0.519555 1.993290 4.729389 0.164535 -0.590230 -3.660503 0.950525 0.071034 1.711072 -3.871688 -0.284005 -0.004354 -0.946501 0.527106
0.288853 0.957905 3.966052 4.400591 3.749371 0.090891 -0.041662 -1.753325 0.817434 -0.052531 -6.605552 0.365496 -0.052225 -0.785123 0.360163 -0.011152 5.247746 0.271170 -2.024097 15.562821 0.639732 -4.011897 -7.077902 1.937664 -1.489551 10.100369 8.897838 -15.022272 -20.560142 73.310641 21.682380 58.679862 15.691516 1.253694 14.008171 -5.068511 -0.686342 8.610384 -8.369970 12.491788 -17.853956 -74.817287 -34.737042 66.393407 -27.261357 -5.906056 13.281458 3.133629 -5.123433 1.280031 -1.262519 0.787167 1.468382 -0.490753 -1.614947 -5.374245 0.113967 0.001721 -0.492097 1.989000 4.678420 0.107580 -0.611799 -3.645278 0.989704 0.074465 1.692104 -3.869923 -0.281820 -0.004316 -0.944636 0.523536
0.288807 0.957898 3.965810 4.451281 3.763259 0.108366 -0.047799 -1.756114 0.815943 -0.055189 -6.606803 0.364806 -0.054865 -0.786374 0.359203 -0.013207 5.246807 0.270443 -2.003596 15.573772 0.629774 -3.969645 -7.058695 1.911159 -1.480901 10.103474 8.886112 -15.045987 -20.545326 73.333109 21.433722 58.717015 15.515793 1.245566 14.010443 -5.058325 -0.676067 8.625273 -8.367390 12.467602 -17.870088 -74.820213 -34.536753 66.409042 -27.113148 -5.901333 13.285924 3.147620 -5.124471 1.246632 -1.277057 0.800666 1.488733 -0.479310 -1.676550 -5.393848 0.109331 0.002195 -0.468964 1.986786 4.649597 0.054365 -0.628679 -3.651865 1.027526 0.075380 1.677368 -3.868304 -0.280500 -0.004287 -0.943357 0.520723
0.288728 0.957890 3.965597 4.493806 3.776626 0.121796 -0.052245 -1.765219 0.815191 -0.057116 -6.610858 0.364454 -0.056779 -0.790429 0.358655 -0.014683 5.243765 0.270026 -1.976740 15.595904 0.619332 -3.915017 -7.018959 1.881018 -1.470560 10.110208 8.880088 -15.068925 -20.521834 73.344336 21.230447 58.745490 15.383507 1.239596 14.011495 -5.055320 -0.666046 8.643404 -8.364753 12.442210 -17.881048 -74.818316 -34.348235 66.414548 -26.971270 -5.895944 13.288728 3.172423 -5.118104 1.207859 -1.280499 0.798051 1.522263 -0.477068 -1.722835 -5.416035 0.101603 0.002481 -0.453576 1.989223 4.665133 0.005888 -0.636778 -3.703967 1.061646 0.071324 1.672355 -3.866803 -0.280961 -0.004273 -0.942672 0.519466
0.288632 0.957882 3.965401 4.531911 3.788209 0.133081 -0.057017 -1.777112 0.815612 -0.059232 -6.616152 0.364625 -0.058880 -0.795723 0.358612 -0.016259 5.239793 0.269988 -1.947020 15.623142 0.608286 -3.854684 -6.969847 1.848537 -1.459130 10.117164 8.876620 -15.093874 -20.492443 73.349918 21.064016 58.770866 15.283965 1.234843 14.012059 -5.056433 -0.655118 8.662427 -8.361753 12.415730 -17.890250 -74.814676 -34.172403 66.414291 -26.837670 -5.890030 13.290535 3.201149 -5.106973 1.167513 -1.278509 0.788276 1.563326 -0.479292 -1.763092 -5.439540 0.092603 0.002666 -0.442512 1.993733 4.702791 -0.038823 -0.640263 -3.777888 1.094400 0.064684 1.671573 -3.865448 -0.282286 -0.004269 -0.942572 0.518965
0.288553 0.957878 3.965206 4.567283 3.793932 0.143855 -0.063945 -1.784478 0.818510 -0.062415 -6.619437 0.365895 -0.062042 -0.799009 0.359559 -0.018556 5.237326 0.270695 -1.919528 15.642146 0.597088 -3.798728 -6.935930 1.816914 -1.449600 10.113083 8.871420 -15.121773 -20.459638 73.354212 20.932558 58.803567 15.210983 1.231027 14.014336 -5.052922 -0.641167 8.676156 -8.358485 12.385112 -17.895491 -74.814840 -34.007273 66.404381 -26.707187 -5.883532 13.290732 3.232701 -5.100728 1.136462 -1.280016 0.786909 1.596809 -0.478254 -1.803633 -5.458337 0.085145 0.002879 -0.430990 1.996394 4.720297 -0.078467 -0.646264 -3.829881 1.129260 0.062097 1.671727 -3.865061 -0.284123 -0.004263 -0.942879 0.518092
0.288516 0.957881 3.965005 4.601434 3.790138 0.155525 -0.075118 -1.782887 0.825094 -0.067653 -6.618749 0.368797 -0.067246 -0.798321 0.361929 -0.022275 5.237838 0.272473 -1.896062 15.646271 0.584816 -3.750353 -6.929518 1.785306 -1.444716 10.089864 8.861587 -15.154453 -20.425675 73.358827 20.837768 58.855010 15.166659 1.228487 14.020410 -5.036659 -0.621540 8.680769 -8.355922 12.342943 -17.895382 -74.821676 -33.830984 66.377469 -26.556960 -5.875276 13.288389 3.269734 -5.104209 1.121548 -1.291261 0.805078 1.615713 -0.469015 -1.851562 -5.469906 0.081220 0.003179 -0.416634 1.994818 4.697195 -0.110284 -0.659729 -3.837876 1.167288 0.067861 1.669700 -3.865784 -0.286153 -0.004251 -0.943461 0.516268
0.288496 0.957888 3.964804 4.632847 3.780486 0.166671 -0.088450 -1.776772 0.834162 -0.073960 -6.616054 0.372802 -0.073512 -0.795627 0.365293 -0.026715 5.239853 0.275000 -1.874825 15.642163 0.572353 -3.706316 -6.938304 1.754452 -1.441709 10.055606 8.850014 -15.190085 -20.388309 73.362118 20.777945 58.913957 15.148851 1.226885 14.028214 -5.015776 -0.598890 8.680097 -8.353109 12.296635 -17.891335 -74.832320 -33.665864 66.340878 -26.410345 -5.866445 13.284438 3.309585 -5.112574 1.115933 -1.305970 0.831663 1.627024 -0.456521 -1.899777 -5.476769 0.078824 0.003506 -0.401819 1.991393 4.653946 -0.137053 -0.675645 -3.823934 1.207433 0.077730 1.668608 -3.867477 -0.288695 -0.004237 -0.944449 0.514072
0.288451 0.957899 3.964611 4.658670 3.771882 0.174688 -0.099509 -1.772115 0.843407 -0.079263 -6.614003 0.376894 -0.078781 -0.793577 0.368848 -0.030392 5.241386 0.277670 -1.855528 15.636409 0.562845 -3.667023 -6.949959 1.729867 -1.435314 10.023359 8.841087 -15.224116 -20.343275 73.363576 20.746103 58.956763 15.145017 1.224915 14.033725 -5.005921 -0.579062 8.679428 -8.347252 12.265373 -17.885328 -74.843716 -33.575667 66.312895 -26.330947 -5.860494 13.281075 3.343185 -5.120950 1.109965 -1.314279 0.848876 1.636618 -0.447879 -1.933282 -5.480464 0.074778 0.003805 -0.388895 1.989362 4.609648 -0.165764 -0.686155 -3.810511 1.250014 0.085529 1.674509 -3.870535 -0.292354 -0.004228 -0.946059 0.512113
0.288359 0.957912 3.964428 4.678414 3.766457 0.177388 -0.107143 -1.770633 0.852914 -0.083051 -6.613358 0.381118 -0.082545 -0.792932 0.372687 -0.032917 5.241865 0.280556 -1.838019 15.631119 0.556164 -3.632081 -6.960584 1.711186 -1.422028 9.996156 8.836898 -15.255665 -20.283863 73.360672 20.747975 58.967715 15.153060 1.221559 14.034727 -5.018454 -0.563201 8.679837 -8.336085 12.265065 -17.878058 -74.857814 -33.604840 66.306509 -26.362007 -5.859037 13.279518 3.367583 -5.128303 1.100787 -1.309958 0.842847 1.646259 -0.447515 -1.939249 -5.480497 0.067179 0.004059 -0.379176 1.990874 4.562582 -0.199876 -0.686398 -3.801748 1.297006 0.088358 1.693601 -3.875731 -0.297674 -0.004228 -0.948516 0.510726
0.288243 0.957929 3.964253 4.692569 3.762085 0.176964 -0.112504 -1.770605 0.862597 -0.085834 -6.613355 0.385429 -0.085309 -0.792930 0.376715 -0.034677 5.241863 0.283587 -1.822448 15.624174 0.552441 -3.601882 -6.974105 1.698781 -1.405367 9.970966 8.835350 -15.285631 -20.216781 73.355951 20.778047 58.962551 15.175317 1.217839 14.033428 -5.042013 -0.550163 8.680238 -8.321872 12.279795 -17.868786 -74.872649 -33.708488 66.308816 -26.459806 -5.860432 13.278591 3.385736 -5.135673 1.091250 -1.299235 0.827444 1.654194 -0.451026 -1.930508 -5.477358 0.057934 0.004286 -0.371347 1.993779 4.514449 -0.235916 -0.681215 -3.793514 1.346436 0.089090 1.719686 -3.882289 -0.304116 -0.004232 -0.951595 0.509576
0.288125 0.957944 3.964085 4.699752 3.759290 0.177395 -0.114601 -1.772853 0.869901 -0.087065 -6.614357 0.388688 -0.086533 -0.793932 0.379850 -0.035351 5.241109 0.285945 -1.808984 15.615814 0.555212 -3.578030 -6.989951 1.699303 -1.390621 9.951740 8.834550 -15.312115 -20.157881 73.356543 20.812452 58.964769 15.205907 1.215497 14.032436 -5.058163 -0.542366 8.682664 -8.308602 12.281020 -17.857351 -74.879298 -33.815762 66.299441 -26.556897 -5.863242 13.276920 3.397437 -5.141292 1.080268 -1.290940 0.826496 1.661051 -0.452261 -1.930540 -5.474059 0.049577 0.004490 -0.363813 1.994869 4.489483 -0.270473 -0.677311 -3.795854 1.392715 0.090187 1.740224 -3.888283 -0.310667 -0.004235 -0.954825 0.508260
0.288013 0.957957 3.963924 4.697762 3.759935 0.179897 -0.111742 -1.778781 0.873629 -0.085939 -6.616986 0.390367 -0.085414 -0.796561 0.381642 -0.034370 5.239137 0.287295 -1.798047 15.604739 0.568868 -3.562961 -7.010368 1.721137 -1.378698 9.941061 8.834211 -15.338967 -20.112491 73.365802 20.848989 58.987111 15.249955 1.215451 14.032073 -5.059782 -0.541792 8.689101 -8.296729 12.247720 -17.840742 -74.870179 -33.902999 66.262215 -26.628573 -5.868276 13.273490 3.397763 -5.143792 1.065915 -1.288837 0.855386 1.666765 -0.447508 -1.953216 -5.471638 0.043340 0.004678 -0.355628 1.992120 4.509975 -0.304302 -0.676808 -3.820981 1.435210 0.091959 1.747234 -3.893988 -0.316833 -0.004237 -0.958049 0.506730
0.287899 0.957968 3.963770 4.688799 3.762158 0.183254 -0.105618 -1.786982 0.874977 -0.083261 -6.620620 0.390993 -0.082753 -0.800194 0.382541 -0.032302 5.236414 0.287974 -1.789229 15.592238 0.589017 -3.554268 -7.033135 1.755905 -1.368698 9.936340 8.834629 -15.362309 -20.075273 73.380376 20.889911 59.016818 15.302399 1.216781 14.032012 -5.053992 -0.546460 8.697562 -8.285802 12.200926 -17.821981 -74.852908 -33.993490 66.213342 -26.699119 -5.874727 13.269306 3.391643 -5.144537 1.050118 -1.289158 0.898731 1.671403 -0.440463 -1.984666 -5.469064 0.037985 0.004841 -0.347738 1.987556 4.553643 -0.336650 -0.677623 -3.856681 1.474549 0.094094 1.748697 -3.899131 -0.323104 -0.004237 -0.961425 0.505034
0.287782 0.957978 3.963616 4.678088 3.760892 0.187798 -0.100330 -1.794064 0.874981 -0.080900 -6.623757 0.391016 -0.080407 -0.803331 0.382803 -0.030520 5.234062 0.288173 -1.781450 15.582439 0.606030 -3.546288 -7.050965 1.785115 -1.363193 9.933775 8.834784 -15.368636 -20.046077 73.397335 20.917963 59.039135 15.342002 1.218453 14.033883 -5.043728 -0.552846 8.704131 -8.278451 12.175163 -17.809985 -74.841341 -34.086878 66.181128 -26.774670 -5.878739 13.266039 3.393641 -5.145850 1.037557 -1.289433 0.934200 1.675798 -0.436084 -2.006758 -5.466244 0.032337 0.004952 -0.341384 1.984040 4.577870 -0.361856 -0.680135 -3.876347 1.507026 0.098144 1.756012 -3.900962 -0.329942 -0.004235 -0.964958 0.502920
0.287659 0.957987 3.963460 4.666574 3.752251 0.193371 -0.097089 -1.797463 0.873734 -0.079402 -6.625262 0.390471 -0.078919 -0.804835 0.382410 -0.029434 5.232935 0.287878 -1.772982 15.576414 0.616970 -3.534686 -7.062029 1.802619 -1.365073 9.929956 8.834264 -15.347135 -20.025302 73.416709 20.916683 59.050748 15.354484 1.220263 14.039916 -5.025126 -0.560714 8.708298 -8.275370 12.193953 -17.811314 -74.842140 -34.208421 66.185133 -26.881869 -5.877907 13.264513 3.414020 -5.151416 1.032084 -1.288073 0.950736 1.679741 -0.437330 -2.006641 -5.462608 0.026126 0.004968 -0.338083 1.982716 4.564341 -0.375392 -0.684389 -3.867031 1.530649 0.105584 1.773965 -3.898446 -0.338009 -0.004228 -0.968485 0.500242
0.287533 0.957994 3.963304 4.653309 3.740122 0.200134 -0.094683 -1.799743 0.871144 -0.078222 -6.626271 0.389322 -0.077747 -0.805844 0.381381 -0.028634 5.232180 0.287104 -1.765548 15.573096 0.624779 -3.523783 -7.068147 1.814570 -1.371449 9.928291 8.833478 -15.308635 -20.012549 73.438502 20.902479 59.054971 15.354065 1.222420 14.047867 -5.002042 -0.570299 8.710574 -8.275868 12.233770 -17.819407 -74.848611 -34.333432 66.205721 -26.994705 -5.874626 13.263925 3.442513 -5.157552 1.029847 -1.286671 0.959398 1.683444 -0.441255 -1.997167 -5.458719 0.019628 0.004932 -0.336319 1.982440 4.531370 -0.381799 -0.690321 -3.841678 1.547419 0.114962 1.797767 -3.892613 -0.346642 -0.004218 -0.972169 0.497145
0.287411 0.958004 3.963146 4.640674 3.731103 0.208903 -0.093570 -1.805205 0.867966 -0.077586 -6.628697 0.387905 -0.077114 -0.808270 0.380028 -0.028263 5.230361 0.286085 -1.763231 15.573407 0.628648 -3.520872 -7.067504 1.820925 -1.376221 9.935198 8.832627 -15.272096 -20.006469 73.459739 20.907344 59.047026 15.362199 1.224497 14.052667 -4.988988 -0.578779 8.708566 -8.280495 12.258552 -17.823525 -74.854536 -34.386375 66.212576 -27.040088 -5.872247 13.263500 3.462886 -5.155530 1.023976 -1.287532 0.971023 1.688379 -0.443964 -1.998752 -5.456190 0.012484 0.004945 -0.332787 1.982645 4.491287 -0.389033 -0.698113 -3.812530 1.559628 0.123443 1.824466 -3.883805 -0.354313 -0.004208 -0.976499 0.493817
0.287297 0.958016 3.962993 4.628747 3.727210 0.221110 -0.093811 -1.815074 0.863821 -0.077502 -6.633084 0.386050 -0.077030 -0.812657 0.378182 -0.028342 5.227072 0.284692 -1.770630 15.574040 0.626828 -3.533988 -7.066156 1.820225 -1.375223 9.956866 8.833519 -15.236915 -20.008107 73.478521 20.936092 59.014514 15.377462 1.226584 14.051244 -4.995267 -0.587609 8.698832 -8.291875 12.244168 -17.815674 -74.856352 -34.295147 66.184564 -26.947563 -5.872004 13.262539 3.468343 -5.135683 1.012753 -1.292849 0.991525 1.695239 -0.443747 -2.026289 -5.456756 0.004458 0.005049 -0.325870 1.983381 4.438673 -0.397818 -0.709296 -3.778518 1.565778 0.130407 1.858490 -3.871727 -0.360346 -0.004199 -0.981526 0.490153
0.287186 0.958031 3.962840 4.617452 3.726428 0.235321 -0.095342 -1.828126 0.859090 -0.077962 -6.638888 0.383928 -0.077485 -0.818462 0.376014 -0.028849 5.222720 0.283056 -1.783146 15.578299 0.621059 -3.555090 -7.058054 1.813909 -1.372623 9.987106 8.834341 -15.203684 -20.016417 73.496723 20.983823 58.969850 15.401150 1.228588 14.046703 -5.011587 -0.595322 8.684807 -8.307377 12.214762 -17.803842 -74.857661 -34.132156 66.142778 -26.787849 -5.872673 13.261724 3.465677 -5.107673 0.997905 -1.300432 1.014990 1.703332 -0.442304 -2.064883 -5.458687 -0.004220 0.005202 -0.317187 1.984598 4.378948 -0.407453 -0.722328 -3.740711 1.567368 0.136478 1.895409 -3.856673 -0.365411 -0.004189 -0.987199 0.486258
0.287070 0.958052 3.962665 4.608936 3.729313 0.248040 -0.098440 -1.844989 0.855672 -0.079164 -6.646389 0.382387 -0.078679 -0.825962 0.374351 -0.029869 5.217094 0.281798 -1.791071 15.597032 0.615756 -3.567372 -7.023215 1.806283 -1.374829 10.013763 8.829864 -15.193165 -20.026900 73.517028 21.067942 58.945440 15.458840 1.229787 14.043241 -5.024565 -0.594724 8.674427 -8.319665 12.206666 -17.801278 -74.862931 -34.037232 66.120661 -26.698209 -5.873931 13.262341 3.459044 -5.091761 0.977711 -1.306005 1.034511 1.712062 -0.440861 -2.090266 -5.458397 -0.013215 0.005386 -0.308285 1.985573 4.340710 -0.423719 -0.732760 -3.714554 1.571189 0.140680 1.918976 -3.839882 -0.370006 -0.004186 -0.993859 0.482631
0.286939 0.958082 3.962462 4.603967 3.737156 0.257972 -0.103990 -1.868104 0.853998 -0.081517 -6.656673 0.381617 -0.081014 -0.836247 0.373342 -0.031693 5.209380 0.281029 -1.790904 15.638948 0.612544 -3.564644 -6.945523 1.798797 -1.386272 10.029727 8.817714 -15.221154 -20.037227 73.542285 21.205062 58.961887 15.572062 1.229952 14.042578 -5.027051 -0.578733 8.668821 -8.325928 12.244614 -17.815795 -74.875487 -34.075657 66.144319 -26.749365 -5.876095 13.266384 3.444842 -5.099067 0.949441 -1.307354 1.044105 1.722624 -0.440306 -2.086491 -5.454832 -0.023196 0.005667 -0.309069 2.059583 4.339480 -0.451790 -0.738357 -3.706611 1.583061 0.141912 1.918778 -3.822390 -0.374098 -0.004192 -1.002388 0.479217
0.286802 0.958119 3.962238 4.601780 3.748664 0.266412 -0.111108 -1.895029 0.853640 -0.084612 -6.668652 0.381428 -0.084087 -0.848227 0.372839 -0.034031 5.200393 0.280640 -1.786158 15.695341 0.609797 -3.553133 -6.841085 1.790020 -1.402511 10.042096 8.800249 -15.271873 -20.049697 73.569637 21.379076 58.998293 15.719953 1.229306 14.042972 -5.026191 -0.554439 8.666869 -8.328960 12.303868 -17.839579 -74.891947 -34.182089 66.187665 -26.870595 -5.878856 13.271848 3.426668 -5.118473 0.915813 -1.306670 1.049755 1.733823 -0.439765 -2.069507 -5.449038 -0.033486 0.005972 -0.309636 2.133350 4.359738 -0.486457 -0.741380 -3.710319 1.597158 0.141270 1.905229 -3.803167 -0.377730 -0.004204 -1.011904 0.476072
0.286678 0.958155 3.962000 4.602218 3.760511 0.273752 -0.117417 -1.919056 0.855205 -0.087434 -6.679342 0.382102 -0.086888 -0.858917 0.373226 -0.036096 5.192374 0.280922 -1.777653 15.750941 0.607077 -3.534666 -6.738235 1.779966 -1.416650 10.060036 8.779338 -15.318719 -20.066775 73.593248 21.557980 59.024900 15.864140 1.227793 14.043421 -5.030048 -0.535927 8.673135 -8.329857 12.346531 -17.862467 -74.906694 -34.298818 66.206243 -26.985398 -5.880948 13.274028 3.419478 -5.136886 0.883279 -1.306289 1.062503 1.741475 -0.437811 -2.062896 -5.440574 -0.041739 0.006100 -0.281827 1.986329 4.383517 -0.517900 -0.744119 -3.721434 1.602800 0.141064 1.893322 -3.780359 -0.381517 -0.004218 -1.020097 0.473857
0.286579 0.958189 3.961752 4.605862 3.771247 0.279449 -0.122289 -1.937407 0.859789 -0.089752 -6.687507 0.384132 -0.089190 -0.867083 0.375021 -0.037678 5.186247 0.282265 -1.765324 15.804593 0.604449 -3.509189 -6.639118 1.768783 -1.427135 10.089526 8.752843 -15.356575 -20.091343 73.613022 21.743904 59.030545 15.999659 1.225323 14.044001 -5.042251 -0.529278 8.692338 -8.328450 12.356635 -17.880856 -74.920279 -34.400414 66.175217 -27.056738 -5.881104 13.269513 3.433156 -5.149615 0.854763 -1.307477 1.091985 1.743532 -0.432825 -2.081051 -5.428619 -0.045939 0.005339 -0.196355 1.397842 4.407933 -0.541560 -0.747369 -3.741760 1.594651 0.142715 1.887793 -3.752634 -0.386118 -0.004239 -1.026044 0.473414
0.286492 0.958222 3.961491 4.612132 3.782321 0.284047 -0.126356 -1.952861 0.866290 -0.091796 -6.694383 0.387023 -0.091220 -0.873958 0.377704 -0.038988 5.181088 0.284279 -1.749238 15.857458 0.601876 -3.476778 -6.541574 1.756392 -1.435545 10.124592 8.722909 -15.390562 -20.120530 73.629097 21.934298 59.026413 16.130986 1.221990 14.044660 -5.059169 -0.528426 8.719756 -8.324931 12.350148 -17.898363 -74.932173 -34.511376 66.119497 -27.120669 -5.880584 13.261749 3.457830 -5.161354 0.827342 -1.308980 1.128565 1.742039 -0.426418 -2.109580 -5.413999 -0.048113 0.002825 -0.082512 0.588570 4.435866 -0.561996 -0.750338 -3.769490 1.578045 0.144792 1.883907 -3.721322 -0.390872 -0.004263 -1.030668 0.473901
0.286395 0.958253 3.961218 4.619129 3.794760 0.289566 -0.129130 -1.967036 0.872012 -0.093237 -6.700688 0.389571 -0.092650 -0.880264 0.380105 -0.039870 5.176356 0.286082 -1.730398 15.897740 0.598760 -3.439422 -6.467489 1.742437 -1.439681 10.156480 8.697848 -15.409417 -20.148213 73.636005 22.089600 59.016617 16.233231 1.218014 14.044196 -5.077977 -0.529236 8.745795 -8.320958 12.337066 -17.915659 -74.935151 -34.648125 66.069374 -27.209547 -5.881899 13.256304 3.478824 -5.173080 0.798691 -1.309375 1.154387 1.738964 -0.422002 -2.128888 -5.398748 -0.051976 0.000000 -0.000000 0.000000 4.457995 -0.583072 -0.752912 -3.794960 1.558319 0.145334 1.882455 -3.688556 -0.394413 -0.004274 -1.034432 0.473445
0.286277 0.958280 3.960931 4.625455 3.808976 0.297068 -0.129965 -1.979889 0.875878 -0.093742 -6.706402 0.391296 -0.093151 -0.885978 0.381780 -0.040112 5.172070 0.287339 -1.707690 15.918483 0.595193 -3.395271 -6.429805 1.726904 -1.437549 10.181627 8.681803 -15.404122 -20.170832 73.627313 22.200546 58.998661 16.299302 1.212976 14.041346 -5.101151 -0.530705 8.765977 -8.316825 12.319170 -17.931686 -74.922184 -34.843593 66.036594 -27.358970 -5.887388 13.256054 3.489447 -5.185392 0.768280 -1.307536 1.157399 1.733663 -0.422204 -2.125793 -5.382922 -0.059680 -0.000825 0.020868 -0.147136 4.470519 -0.605590 -0.755216 -3.813816 1.535862 0.143494 1.883948 -3.654439 -0.395503 -0.004260 -1.037264 0.470637
0.286150 0.958304 3.960633 4.632509 3.824557 0.305492 -0.129506 -1.991464 0.878963 -0.093644 -6.711545 0.392678 -0.093053 -0.891121 0.383171 -0.039927 5.168211 0.288384 -1.682213 15.926646 0.591072 -3.346127 -6.415569 1.709759 -1.431130 10.203609 8.670648 -15.383664 -20.191954 73.609403 22.276288 58.975282 16.336101 1.207281 14.037367 -5.126218 -0.533832 8.784779 -8.312236 12.294668 -17.947498 -74.900295 -35.064798 66.009155 -27.533257 -5.894707 13.258103 3.496389 -5.197692 0.736639 -1.304588 1.149656 1.726781 -0.424407 -2.113479 -5.366459 -0.069061 -0.000402 0.010433 -0.073568 4.477240 -0.628752 -0.757116 -3.830404 1.510283 0.140124 1.887876 -3.618868 -0.395375 -0.004234 -1.039237 0.466886
0.286023 0.958327 3.960334 4.642595 3.841294 0.313667 -0.129209 -2.003521 0.881795 -0.093605 -6.716903 0.393946 -0.093014 -0.896479 0.384443 -0.039795 5.164192 0.289339 -1.658288 15.931304 0.585507 -3.299451 -6.407829 1.690601 -1.424171 10.224377 8.660292 -15.363783 -20.216164 73.596008 22.305111 58.958550 16.339975 1.202382 14.034808 -5.142934 -0.537485 8.806034 -8.307960 12.268208 -17.966926 -74.883347 -35.229738 65.981968 -27.658374 -5.899340 13.259349 3.505033 -5.209161 0.703023 -1.302474 1.149446 1.722221 -0.424162 -2.111898 -5.351215 -0.077362 0.000000 0.000000 0.000000 4.480253 -0.654025 -0.758103 -3.848115 1.485744 0.135809 1.893502 -3.583670 -0.396372 -0.004220 -1.041024 0.464551
0.285904 0.958347 3.960039 4.656581 3.859557 0.321456 -0.129617 -2.017060 0.884646 -0.093878 -6.722921 0.395220 -0.093283 -0.902497 0.385689 -0.039897 5.159678 0.290273 -1.635898 15.935533 0.577780 -3.254863 -6.400902 1.667992 -1.418346 10.244445 8.649151 -15.353557 -20.247713 73.593571 22.275166 58.957102 16.305288 1.199300 14.035079 -5.145522 -0.540395 8.831813 -8.304265 12.246551 -17.993075 -74.877863 -35.312090 65.954717 -27.710855 -5.898685 13.258532 3.517973 -5.217403 0.665905 -1.302930 1.167258 1.723150 -0.418728 -2.134121 -5.338806 -0.083105 -0.000000 0.000000 -0.000000 4.477147 -0.682030 -0.757925 -3.866815 1.463089 0.129874 1.902119 -3.549191 -0.399567 -0.004235 -1.042936 0.465255
0.285785 0.958367 3.959744 4.673600 3.878974 0.329001 -0.130186 -2.031081 0.887243 -0.094210 -6.729154 0.396378 -0.093613 -0.908730 0.386814 -0.040052 5.155003 0.291116 -1.615058 15.936258 0.568603 -3.212731 -6.400468 1.643356 -1.411977 10.263302 8.638812 -15.343910 -20.282360 73.595646 22.198398 58.962294 16.237811 1.197029 14.036758 -5.139754 -0.543832 8.860047 -8.300879 12.222943 -18.022848 -74.877320 -35.338623 65.928027 -27.714658 -5.895347 13.256914 3.532611 -5.224815 0.626814 -1.304232 1.192601 1.726400 -0.410833 -2.167078 -5.327622 -0.087781 0.000000 0.000000 0.000000 4.470333 -0.712150 -0.756830 -3.886635 1.441473 0.122996 1.912435 -3.515084 -0.403883 -0.004261 -1.044663 0.467373
0.285655 0.958386 3.959445 4.693355 3.898230 0.335555 -0.130748 -2.044340 0.889294 -0.094518 -6.735048 0.397293 -0.093917 -0.914624 0.387698 -0.040209 5.150581 0.291778 -1.600142 15.933327 0.559232 -3.181650 -6.406646 1.620610 -1.403781 10.281355 8.629942 -15.323350 -20.311964 73.596644 22.098906 58.960236 16.151141 1.194001 14.038141 -5.132711 -0.550473 8.888362 -8.297763 12.181755 -18.050776 -74.875997 -35.307130 65.898476 -27.667074 -5.892615 13.255188 3.546544 -5.237771 0.589595 -1.303126 1.212286 1.726377 -0.404244 -2.191513 -5.314680 -0.093100 -0.000000 0.000000 -0.000000 4.469138 -0.743998 -0.755079 -3.911358 1.422520 0.117780 1.919835 -3.482131 -0.408438 -0.004275 -1.045954 0.468392
0.285507 0.958407 3.959141 4.716329 3.918165 0.340496 -0.130937 -2.057135 0.890649 -0.094633 -6.740735 0.397898 -0.094031 -0.920311 0.388291 -0.040244 5.146316 0.292221 -1.595093 15.925200 0.549763 -3.169036 -6.422186 1.601404 -1.392788 10.298459 8.623522 -15.280092 -20.332666 73.594222 21.963277 58.941229 16.031175 1.188909 14.038260 -5.126321 -0.563041 8.917320 -8.294571 12.105466 -18.074725 -74.871892 -35.184687 65.859413 -27.536210 -5.891349 13.252974 3.561110 -5.261335 0.554689 -1.297675 1.219613 1.720314 -0.400576 -2.196383 -5.298378 -0.099879 -0.000000 0.000000 0.000000 4.475859 -0.778933 -0.752273 -3.943000 1.406944 0.114927 1.924047 -3.450885 -0.412679 -0.004266 -1.046442 0.467131
0.285347 0.958428 3.958834 4.742038 3.937938 0.344449 -0.131120 -2.069167 0.891456 -0.094724 -6.746083 0.398258 -0.094120 -0.925659 0.388641 -0.040281 5.142305 0.292482 -1.595968 15.913409 0.540089 -3.167467 -6.444360 1.584070 -1.379964 10.314759 8.618574 -15.225914 -20.348326 73.590704 21.805183 58.914809 15.892339 1.183062 14.038087 -5.118651 -0.578809 8.946360 -8.291650 12.011575 -18.096834 -74.866952 -35.004865 65.817277 -27.354644 -5.890688 13.250642 3.574970 -5.290449 0.521656 -1.289800 1.221286 1.710982 -0.398223 -2.192734 -5.280310 -0.107289 -0.000000 0.000000 0.000000 4.488197 -0.815597 -0.748836 -3.979550 1.394031 0.113726 1.925341 -3.420794 -0.417163 -0.004245 -1.046494 0.464771
0.285185 0.958450 3.958524 4.768737 3.953710 0.348542 -0.132218 -2.078300 0.891874 -0.095211 -6.750144 0.398439 -0.094603 -0.929720 0.388774 -0.040630 5.139258 0.292578 -1.595309 15.902416 0.531163 -3.163288 -6.465074 1.567543 -1.366927 10.331104 8.612829 -15.184667 -20.362377 73.587502 21.689130 58.896173 15.790743 1.178811 14.038822 -5.110989 -0.592271 8.971428 -8.290013 11.936976 -18.118043 -74.861408 -34.864492 65.788509 -27.215617 -5.891326 13.250020 3.581701 -5.316308 0.493015 -1.282044 1.224221 1.701096 -0.396129 -2.194444 -5.262281 -0.114566 0.000000 -0.000000 -0.000000 4.508579 -0.849529 -0.746272 -4.018751 1.383262 0.114647 1.919912 -3.390979 -0.422677 -0.004224 -1.046960 0.462334
0.285027 0.958474 3.958214 4.796908 3.963461 0.353523 -0.134707 -2.083080 0.891837 -0.096305 -6.752273 0.398412 -0.095690 -0.931849 0.388635 -0.041455 5.137661 0.292471 -1.589789 15.894168 0.523725 -3.150527 -6.480778 1.551944 -1.353605 10.347904 8.604787 -15.167947 -20.376474 73.585464 21.644210 58.895134 15.752347 1.177614 14.041708 -5.102266 -0.601305 8.989407 -8.290386 11.899362 -18.140706 -74.855288 -34.806304 65.786154 -27.162923 -5.894143 13.253193 3.574399 -5.335388 0.470771 -1.275779 1.232214 1.691001 -0.393930 -2.209076 -5.244884 -0.121052 0.000000 -0.000000 0.000000 4.544831 -0.878924 -0.746018 -4.063478 1.375280 0.118794 1.901915 -3.360978 -0.429820 -0.004211 -1.048525 0.460181
0.284867 0.958498 3.957902 4.826068 3.969210 0.358636 -0.138112 -2.084960 0.891416 -0.097796 -6.753115 0.398208 -0.097170 -0.932692 0.388280 -0.042593 5.137028 0.292201 -1.582738 15.886717 0.517034 -3.135162 -6.495021 1.537155 -1.340073 10.364750 8.595945 -15.164169 -20.388958 73.583772 21.641092 58.902077 15.750875 1.178014 14.045497 -5.093555 -0.608033 9.003417 -8.292040 11.881057 -18.162457 -74.848626 -34.786980 65.797383 -27.152146 -5.898265 13.258086 3.559970 -5.351212 0.452918 -1.269647 1.241471 1.680353 -0.391994 -2.229066 -5.227531 -0.127413 -0.000000 0.000000 -0.000000 4.589128 -0.905580 -0.746648 -4.110862 1.369441 0.125056 1.877193 -3.331260 -0.438007 -0.004198 -1.050504 0.457951
0.284700 0.958522 3.957587 4.853018 3.973181 0.362753 -0.141933 -2.086162 0.890973 -0.099471 -6.753657 0.397992 -0.098834 -0.933234 0.387894 -0.043871 5.136621 0.291907 -1.576678 15.878672 0.509818 -3.121464 -6.510353 1.521761 -1.328167 10.381262 8.588515 -15.162414 -20.398291 73.581355 21.656389 58.903233 15.763774 1.177990 14.047642 -5.089363 -0.613315 9.018763 -8.293802 11.865917 -18.177146 -74.841695 -34.773694 65.800080 -27.143611 -5.901754 13.260287 3.552714 -5.365550 0.435957 -1.262094 1.247518 1.670833 -0.390361 -2.245607 -5.210255 -0.134874 0.000000 -0.000000 -0.000000 4.620424 -0.930451 -0.745352 -4.150027 1.363301 0.130596 1.859479 -3.302337 -0.446252 -0.004181 -1.051693 0.455591
0.284521 0.958543 3.957271 4.876631 3.976465 0.364631 -0.145936 -2.087399 0.891182 -0.101255 -6.754214 0.398068 -0.100605 -0.933791 0.387788 -0.045207 5.136202 0.291825 -1.573573 15.866083 0.500632 -3.112665 -6.534099 1.503901 -1.318614 10.397463 8.583316 -15.157633 -20.402992 73.575560 21.689409 58.888981 15.788819 1.176680 14.046308 -5.093513 -0.617583 9.037878 -8.295240 11.846425 -18.181417 -74.834667 -34.751067 65.779588 -27.117413 -5.903435 13.256704 3.561474 -5.380477 0.418426 -1.251563 1.247729 1.662878 -0.388927 -2.253319 -5.192738 -0.144463 0.000000 0.000000 -0.000000 4.628113 -0.953506 -0.739761 -4.177247 1.354438 0.133863 1.856781 -3.274071 -0.454148 -0.004157 -1.051234 0.453107
0.284335 0.958563 3.956952 4.898033 3.977973 0.365509 -0.150355 -2.087956 0.891370 -0.103223 -6.754471 0.398132 -0.102560 -0.934048 0.387653 -0.046684 5.136008 0.291719 -1.571458 15.852899 0.490921 -3.105528 -6.558936 1.485437 -1.310686 10.413325 8.579526 -15.154876 -20.404540 73.569048 21.740788 58.868926 15.828166 1.174935 14.043332 -5.102184 -0.620405 9.058329 -8.296785 11.830102 -18.178625 -74.827370 -34.734551 65.750559 -27.093534 -5.904488 13.250426 3.577402 -5.393919 0.401788 -1.239611 1.244731 1.656050 -0.387794 -2.257584 -5.175296 -0.155147 0.000000 0.000000 -0.000000 4.622796 -0.974781 -0.732212 -4.196245 1.345278 0.136424 1.861090 -3.246595 -0.462089 -0.004128 -1.049985 0.450493
0.284150 0.958584 3.956633 4.917401 3.976656 0.367980 -0.155385 -2.087911 0.889875 -0.105394 -6.754460 0.397440 -0.104717 -0.934038 0.386740 -0.048373 5.136015 0.291029 -1.566956 15.849582 0.483757 -3.094625 -6.565438 1.470559 -1.304040 10.428392 8.576900 -15.158363 -20.405843 73.568696 21.789195 58.858141 15.865918 1.173300 14.041676 -5.108419 -0.621341 9.078114 -8.298557 11.823364 -18.172686 -74.819551 -34.737442 65.734839 -27.092023 -5.906487 13.246313 3.588268 -5.401423 0.386942 -1.229355 1.241930 1.650720 -0.387310 -2.265734 -5.158909 -0.165048 0.000000 0.000000 0.000000 4.615235 -0.995327 -0.726946 -4.207318 1.340653 0.140122 1.862116 -3.220832 -0.470284 -0.004099 -1.049317 0.447669
0.283968 0.958606 3.956318 4.934612 3.972186 0.374085 -0.161114 -2.088738 0.884892 -0.107732 -6.754838 0.395184 -0.107038 -0.934417 0.384247 -0.050309 5.135730 0.289148 -1.556666 15.866422 0.481957 -3.074394 -6.534509 1.462986 -1.300346 10.442018 8.575951 -15.173774 -20.406988 73.579616 21.828528 58.868782 15.898616 1.172072 14.043101 -5.109060 -0.620494 9.097063 -8.300187 11.832164 -18.163442 -74.808801 -34.780526 65.744832 -27.135604 -5.910501 13.247000 3.588277 -5.398396 0.374215 -1.222710 1.240454 1.647363 -0.388091 -2.283110 -5.144437 -0.173096 0.000000 0.000000 0.000000 4.606352 -1.015329 -0.726567 -4.206008 1.342443 0.145665 1.855063 -3.197120 -0.478671 -0.004073 -1.050052 0.444444
0.283788 0.958628 3.956002 4.949789 3.964890 0.381780 -0.167453 -2.088961 0.878224 -0.110273 -6.754949 0.392172 -0.109561 -0.934528 0.380977 -0.052457 5.135647 0.286682 -1.543985 15.893124 0.482713 -3.050401 -6.485251 1.459030 -1.297932 10.454847 8.576162 -15.195429 -20.407883 73.596698 21.864983 58.888699 15.929829 1.170955 14.045844 -5.107263 -0.617758 9.115345 -8.302045 11.850555 -18.151059 -74.797533 -34.843051 65.768124 -27.201575 -5.915451 13.249855 3.583228 -5.389427 0.363280 -1.217764 1.239174 1.645506 -0.389519 -2.304369 -5.131023 -0.180368 0.000000 0.000000 0.000000 4.595231 -1.034602 -0.728469 -4.196776 1.348769 0.152357 1.844727 -3.175123 -0.487319 -0.004046 -1.051367 0.441010
0.283609 0.958647 3.955674 4.963472 3.954702 0.387525 -0.174338 -2.084234 0.873618 -0.113150 -6.752861 0.390081 -0.112418 -0.932441 0.378594 -0.054787 5.137212 0.284884 -1.535752 15.909284 0.480648 -3.033929 -6.455533 1.451740 -1.291439 10.468356 8.575750 -15.210503 -20.411174 73.611493 21.895685 58.896525 15.954215 1.169601 14.047577 -5.105537 -0.612384 9.131473 -8.305360 11.867090 -18.139923 -74.792729 -34.875768 65.789383 -27.241612 -5.919681 13.251839 3.578280 -5.383830 0.354043 -1.211889 1.238110 1.644089 -0.390091 -2.320828 -5.117076 -0.188209 -0.000000 -0.000000 0.000000 4.589885 -1.053646 -0.729085 -4.193289 1.358830 0.159925 1.835212 -3.154756 -0.496633 -0.004020 -1.052161 0.437861
0.283432 0.958660 3.955323 4.976206 3.939695 0.389416 -0.182539 -2.070549 0.873688 -0.116819 -6.746795 0.390077 -0.116064 -0.926375 0.378218 -0.057555 5.141760 0.284598 -1.535277 15.905543 0.471344 -3.029765 -6.462772 1.434353 -1.277046 10.484308 8.572560 -15.211615 -20.419903 73.621703 21.918153 58.877379 15.965971 1.167616 14.046843 -5.104786 -0.602218 9.143979 -8.311644 11.881682 -18.133696 -74.800045 -34.856516 65.803769 -27.234866 -5.921677 13.251080 3.578013 -5.386605 0.348026 -1.204094 1.235984 1.643004 -0.388574 -2.326645 -5.102126 -0.197578 0.000000 -0.000000 -0.000000 4.594846 -1.071048 -0.726455 -4.202634 1.372282 0.168543 1.827624 -3.135754 -0.507226 -0.003998 -1.051924 0.435472
0.283257 0.958670 3.954960 4.987447 3.921797 0.389356 -0.191286 -2.051914 0.875819 -0.120825 -6.738529 0.390995 -0.120045 -0.918110 0.378728 -0.060506 5.147956 0.284981 -1.539257 15.891259 0.459214 -3.033121 -6.489553 1.413616 -1.258581 10.500941 8.568741 -15.206143 -20.431039 73.629617 21.934826 58.846154 15.970850 1.165394 14.045098 -5.104107 -0.589423 9.154332 -8.319392 11.894404 -18.128705 -74.813827 -34.807289 65.816117 -27.202020 -5.922953 13.249450 3.577845 -5.392755 0.343707 -1.195369 1.234070 1.642359 -0.386201 -2.327663 -5.086640 -0.207508 0.000000 -0.000000 -0.000000 4.605576 -1.088222 -0.722539 -4.217726 1.389465 0.178024 1.820858 -3.118381 -0.518485 -0.003975 -1.051166 0.433367
0.283082 0.958682 3.954597 4.996107 3.906735 0.389511 -0.198204 -2.035998 0.875915 -0.123930 -6.731468 0.391010 -0.123131 -0.911050 0.378428 -0.062848 5.153249 0.284754 -1.544614 15.874100 0.452106 -3.040931 -6.521482 1.402812 -1.242156 10.514446 8.568970 -15.203408 -20.438126 73.633681 21.950140 58.826145 15.980782 1.163765 14.044394 -5.103306 -0.579722 9.165444 -8.325300 11.894052 -18.118342 -74.824082 -34.744917 65.825642 -27.156902 -5.926393 13.249531 3.569193 -5.396606 0.336425 -1.186067 1.236222 1.641417 -0.385163 -2.332714 -5.070432 -0.216462 0.000000 0.000000 -0.000000 4.616486 -1.109904 -0.719658 -4.230982 1.410609 0.187553 1.815703 -3.103344 -0.528982 -0.003947 -1.050311 0.430615
0.282907 0.958697 3.954240 5.001486 3.896987 0.390905 -0.201915 -2.025519 0.872076 -0.125440 -6.726817 0.389278 -0.124631 -0.906399 0.376543 -0.064123 5.156737 0.283335 -1.550652 15.854298 0.453398 -3.053120 -6.558050 1.407970 -1.230631 10.522931 8.576766 -15.206253 -20.437681 73.629816 21.973573 58.827876 16.007972 1.163230 14.045142 -5.104207 -0.576635 9.179412 -8.327203 11.865898 -18.097734 -74.826303 -34.658266 65.826968 -27.086637 -5.933712 13.252799 3.549423 -5.393435 0.324304 -1.176194 1.245002 1.639851 -0.386567 -2.348739 -5.053672 -0.223552 0.000000 0.000000 0.000000 4.625233 -1.138945 -0.719183 -4.238193 1.437690 0.197207 1.812056 -3.092385 -0.537876 -0.003904 -1.049154 0.426340
0.282732 0.958713 3.953884 5.004283 3.890074 0.392518 -0.203797 -2.017758 0.866204 -0.126049 -6.723371 0.386644 -0.125236 -0.902953 0.373847 -0.064789 5.159323 0.281306 -1.558073 15.831626 0.459712 -3.069784 -6.599753 1.423072 -1.221137 10.528283 8.588616 -15.211841 -20.433182 73.622111 21.995673 58.840823 16.040237 1.163286 14.046930 -5.104984 -0.576633 9.194139 -8.327262 11.824683 -18.071755 -74.824995 -34.558562 65.825392 -27.004219 -5.943194 13.257790 3.521173 -5.387965 0.309220 -1.165743 1.257850 1.637992 -0.389300 -2.368798 -5.036193 -0.229672 -0.000000 -0.000000 0.000000 4.634164 -1.172493 -0.719744 -4.243567 1.468732 0.206916 1.810023 -3.083759 -0.546006 -0.003854 -1.047900 0.421418
0.282563 0.958732 3.953519 5.005508 3.884278 0.393449 -0.205610 -2.012239 0.859902 -0.126606 -6.720921 0.383817 -0.125790 -0.900503 0.370964 -0.065431 5.161162 0.279136 -1.565903 15.813080 0.468761 -3.088112 -6.633700 1.443306 -1.211196 10.532354 8.598657 -15.220974 -20.428608 73.621275 21.992422 58.856723 16.052878 1.163261 14.050572 -5.099965 -0.574869 9.206242 -8.328660 11.803408 -18.048423 -74.823672 -34.496022 65.836284 -26.962118 -5.952559 13.262684 3.483763 -5.388686 0.292146 -1.155034 1.270926 1.636083 -0.392221 -2.380904 -5.017301 -0.235950 -0.000000 -0.000000 0.000000 4.644728 -1.206730 -0.719554 -4.252142 1.498029 0.215643 1.810705 -3.072940 -0.554455 -0.003817 -1.047583 0.417541
0.282396 0.958755 3.953142 5.005424 3.878916 0.392536 -0.207873 -2.008099 0.853772 -0.127366 -6.719084 0.381066 -0.126545 -0.898666 0.368136 -0.066219 5.162541 0.277006 -1.574392 15.799070 0.480655 -3.108601 -6.659114 1.468956 -1.199900 10.534136 8.604104 -15.236716 -20.424721 73.635732 21.946708 58.874749 16.030261 1.163307 14.057534 -5.083120 -0.569558 9.213013 -8.332423 11.823621 -18.032148 -74.824359 -34.510371 65.872268 -27.002523 -5.961450 13.266806 3.428102 -5.401583 0.273109 -1.142716 1.280799 1.634600 -0.395603 -2.375609 -4.996260 -0.243352 -0.000000 -0.000000 -0.000000 4.658968 -1.241315 -0.717080 -4.268911 1.525147 0.223327 1.816278 -3.058324 -0.564560 -0.003806 -1.049108 0.415719
0.282235 0.958779 3.952758 5.003769 3.874671 0.390942 -0.210067 -2.006200 0.847213 -0.128074 -6.718243 0.378122 -0.127248 -0.897826 0.365120 -0.066982 5.163172 0.274735 -1.583291 15.789189 0.495281 -3.130751 -6.676758 1.499730 -1.188161 10.534637 8.607743 -15.255998 -20.420751 73.657053 21.875541 58.895700 15.987913 1.163272 14.066363 -5.060483 -0.562488 9.217159 -8.337524 11.863774 -18.018540 -74.825029 -34.562023 65.920815 -27.083357 -5.970228 13.270813 3.363278 -5.420674 0.252088 -1.130134 1.290901 1.633064 -0.399172 -2.362364 -4.973801 -0.250896 -0.000000 -0.000000 0.000000 4.674836 -1.276591 -0.713856 -4.288881 1.550521 0.230014 1.824564 -3.041512 -0.574983 -0.003808 -1.051571 0.414942
0.282093 0.958802 3.952371 5.000761 3.871879 0.391247 -0.212396 -2.008651 0.840023 -0.128808 -6.719335 0.374895 -0.127976 -0.898918 0.361818 -0.067785 5.162354 0.272247 -1.590860 15.789196 0.510013 -3.150217 -6.676073 1.529929 -1.176221 10.538741 8.612072 -15.270421 -20.418386 73.670674 21.806116 58.913788 15.947919 1.162026 14.073485 -5.044463 -0.554168 9.223417 -8.344063 11.892227 -18.002415 -74.823109 -34.581752 65.959692 -27.130183 -5.977673 13.274881 3.315883 -5.436496 0.229980 -1.121651 1.307689 1.630286 -0.400966 -2.357533 -4.951432 -0.256795 -0.000000 0.000000 -0.000000 4.687654 -1.309763 -0.712690 -4.302104 1.569748 0.234834 1.830141 -3.022793 -0.582789 -0.003804 -1.053300 0.413879
0.281982 0.958820 3.951990 4.995789 3.870732 0.395355 -0.214667 -2.017001 0.831467 -0.129450 -6.723049 0.371055 -0.128612 -0.902632 0.357913 -0.068564 5.159571 0.269304 -1.596588 15.803740 0.525336 -3.166092 -6.648423 1.560120 -1.162943 10.550433 8.618645 -15.270564 -20.418444 73.667831 21.743742 58.924079 15.915965 1.158996 14.077187 -5.041259 -0.545528 9.233954 -8.352938 11.890140 -17.978967 -74.815955 -34.529024 65.976488 -27.100007 -5.982625 13.279820 3.299966 -5.441625 0.207830 -1.120470 1.338371 1.624889 -0.399722 -2.375257 -4.930231 -0.259606 0.000000 0.000000 -0.000000 4.694084 -1.338936 -0.715660 -4.300761 1.580400 0.237215 1.828977 -3.002935 -0.586256 -0.003785 -1.053100 0.411889
0.281891 0.958837 3.951607 4.989464 3.871038 0.401363 -0.217071 -2.029702 0.822282 -0.130116 -6.728696 0.366933 -0.129273 -0.908280 0.353723 -0.069384 5.155337 0.266144 -1.600980 15.828170 0.540754 -3.179248 -6.602448 1.589696 -1.149460 10.565729 8.625915 -15.265846 -20.420115 73.657290 21.683181 58.931530 15.886446 1.154757 14.079164 -5.044667 -0.535633 9.246602 -8.363247 11.876368 -17.952981 -74.806228 -34.444154 65.983563 -27.035612 -5.986235 13.284827 3.301481 -5.443475 0.184588 -1.123392 1.375737 1.618249 -0.396697 -2.401393 -4.909125 -0.260790 0.000000 0.000000 0.000000 4.697472 -1.366004 -0.720678 -4.292667 1.584907 0.237750 1.825106 -2.981170 -0.587112 -0.003761 -1.052166 0.409613
0.281802 0.958859 3.951208 4.983843 3.872557 0.406139 -0.220392 -2.044216 0.814483 -0.131245 -6.735152 0.363425 -0.130391 -0.914735 0.350101 -0.070502 5.150497 0.263411 -1.603825 15.854282 0.552171 -3.188015 -6.553521 1.611200 -1.139426 10.577562 8.631730 -15.276129 -20.422656 73.650779 21.635847 58.945229 15.864545 1.149911 14.080949 -5.048491 -0.522194 9.259602 -8.372383 11.875793 -17.933657 -74.799288 -34.378748 65.995955 -26.990782 -5.990745 13.287670 3.304874 -5.454834 0.157998 -1.125182 1.404622 1.613301 -0.393699 -2.409884 -4.886396 -0.262912 -0.000000 0.000000 -0.000000 4.703161 -1.393852 -0.724299 -4.291336 1.586149 0.237322 1.825203 -2.955487 -0.587595 -0.003744 -1.052407 0.407639
0.281702 0.958891 3.950784 4.978654 3.877580 0.407717 -0.224572 -2.061364 0.809256 -0.132855 -6.742780 0.361063 -0.131989 -0.922363 0.347576 -0.071894 5.144776 0.261503 -1.605030 15.881196 0.557506 -3.191489 -6.503347 1.620751 -1.135803 10.582648 8.634878 -15.313342 -20.426138 73.655315 21.604235 58.974218 15.850626 1.144068 14.083386 -5.051743 -0.503266 9.272328 -8.380185 11.905097 -17.926527 -74.798747 -34.356357 66.025153 -26.992950 -5.996922 13.286911 3.304938 -5.486792 0.124047 -1.123081 1.414185 1.611405 -0.390744 -2.378427 -4.860443 -0.268220 0.000000 -0.000000 -0.000000 4.710592 -1.426208 -0.724008 -4.301517 1.584876 0.235471 1.835035 -2.924355 -0.588441 -0.003739 -1.054850 0.406172
0.281604 0.958930 3.950345 4.974168 3.883816 0.408064 -0.229672 -2.080326 0.805415 -0.134928 -6.751215 0.359317 -0.134046 -0.930799 0.345619 -0.073585 5.138449 0.260021 -1.604688 15.909785 0.558843 -3.190588 -6.450235 1.622246 -1.135633 10.584276 8.636563 -15.365553 -20.430488 73.663852 21.585857 59.009469 15.844304 1.137620 14.085634 -5.055416 -0.480793 9.285407 -8.386803 11.947575 -17.926080 -74.800965 -34.353479 66.059732 -27.014717 -6.004005 13.283987 3.306877 -5.528264 0.086752 -1.119817 1.415266 1.611203 -0.387828 -2.329331 -4.832858 -0.274426 -0.000000 -0.000000 -0.000000 4.720318 -1.459346 -0.722326 -4.318457 1.580336 0.232646 1.848834 -2.889305 -0.588904 -0.003741 -1.058469 0.405007
0.281522 0.958966 3.949908 4.973257 3.884149 0.409949 -0.236658 -2.096103 0.801416 -0.137838 -6.758238 0.357492 -0.136933 -0.937823 0.343498 -0.075913 5.133181 0.258416 -1.602877 15.934475 0.558341 -3.186389 -6.404465 1.619905 -1.133686 10.585243 8.638248 -15.416824 -20.434765 73.667027 21.584641 59.032965 15.849634 1.132332 14.086693 -5.056283 -0.458328 9.298953 -8.390107 11.978021 -17.924976 -74.800409 -34.351018 66.080436 -27.027497 -6.011944 13.280984 3.310756 -5.558775 0.055895 -1.118422 1.425222 1.611550 -0.386726 -2.303452 -4.806722 -0.277295 0.000000 0.000000 -0.000000 4.739347 -1.484973 -0.723362 -4.341415 1.573152 0.231095 1.855974 -2.852913 -0.589014 -0.003746 -1.062096 0.404107
0.281465 0.958998 3.949486 4.978320 3.875884 0.415102 -0.246849 -2.107133 0.796673 -0.142148 -6.763157 0.355320 -0.141213 -0.942743 0.340888 -0.079324 5.129490 0.256441 -1.598906 15.953043 0.555896 -3.177629 -6.370185 1.613357 -1.127893 10.585868 8.639773 -15.466119 -20.437096 73.661516 21.610498 59.035159 15.874751 1.129316 14.085654 -5.051767 -0.435798 9.312838 -8.388129 11.986546 -17.917712 -74.796778 -34.338358 66.078033 -27.014942 -6.020823 13.278717 3.316515 -5.570508 0.035268 -1.120465 1.463980 1.612989 -0.388236 -2.330861 -4.784835 -0.275553 -0.000000 -0.000000 -0.000000 4.777516 -1.497894 -0.729169 -4.376809 1.560326 0.231271 1.850688 -2.814779 -0.588824 -0.003754 -1.065365 0.403805
0.281426 0.959029 3.949066 4.986955 3.861717 0.421792 -0.258924 -2.114979 0.791764 -0.147294 -6.766663 0.353065 -0.146322 -0.946251 0.338112 -0.083372 5.126858 0.254340 -1.593464 15.967710 0.551621 -3.165574 -6.343248 1.602992 -1.120322 10.585832 8.641304 -15.514462 -20.439372 73.650642 21.653484 59.025562 15.911538 1.127448 14.083427 -5.044446 -0.413281 9.327190 -8.382841 11.983042 -17.909775 -74.790391 -34.326131 66.061745 -26.993428 -6.030558 13.276367 3.324215 -5.571275 0.021076 -1.124413 1.511616 1.614980 -0.391536 -2.381481 -4.764404 -0.270523 0.000000 -0.000000 -0.000000 4.824992 -1.503293 -0.737685 -4.418225 1.544859 0.232707 1.838745 -2.775305 -0.588294 -0.003766 -1.068641 0.403769
0.281395 0.959057 3.948629 4.994835 3.842620 0.427601 -0.269892 -2.119335 0.786892 -0.151956 -6.768616 0.350834 -0.150952 -0.948205 0.335407 -0.087055 5.125391 0.252295 -1.588696 15.979565 0.547999 -3.155087 -6.321491 1.594175 -1.111957 10.586973 8.644793 -15.549012 -20.446309 73.635049 21.687770 59.014765 15.939674 1.125147 14.081737 -5.038826 -0.394561 9.342507 -8.378034 11.971966 -17.910296 -74.776648 -34.326988 66.039988 -26.983343 -6.040851 13.273567 3.334109 -5.564041 0.011718 -1.128674 1.525707 1.614751 -0.395988 -2.405943 -4.740131 -0.261867 0.000000 0.000000 -0.000000 4.859286 -1.508457 -0.746859 -4.445672 1.536383 0.236279 1.826831 -2.738271 -0.587320 -0.003769 -1.071854 0.402974
0.281365 0.959084 3.948167 5.001552 3.818825 0.431593 -0.278939 -2.119720 0.782065 -0.155774 -6.768801 0.348632 -0.154743 -0.948391 0.332818 -0.090101 5.125251 0.250339 -1.585156 15.987375 0.545294 -3.147322 -6.307178 1.587631 -1.102615 10.591022 8.651716 -15.560435 -20.460280 73.612973 21.704400 59.006476 15.951416 1.121688 14.081496 -5.038037 -0.382299 9.359796 -8.375570 11.953388 -17.924214 -74.750645 -34.355139 66.015351 -27.001310 -6.051766 13.269777 3.348153 -5.546030 0.006925 -1.131543 1.479719 1.611104 -0.402245 -2.380677 -4.710060 -0.251188 -0.000000 -0.000000 0.000000 4.866898 -1.516459 -0.755740 -4.446855 1.538838 0.242935 1.816668 -2.705539 -0.585974 -0.003756 -1.074451 0.400563
0.281343 0.959109 3.947688 5.007514 3.790101 0.434703 -0.286880 -2.116613 0.777274 -0.159108 -6.767433 0.346453 -0.158055 -0.947023 0.330300 -0.092783 5.126277 0.248439 -1.582292 15.992373 0.543243 -3.141123 -6.298044 1.582632 -1.092479 10.596249 8.660596 -15.558062 -20.478893 73.586201 21.712351 58.997014 15.954504 1.117805 14.081794 -5.038946 -0.373834 9.378052 -8.373598 11.927216 -17.946571 -74.717271 -34.396221 65.985229 -27.030546 -6.063231 13.265538 3.364400 -5.520020 0.006969 -1.134710 1.400187 1.605222 -0.409714 -2.329256 -4.676151 -0.236826 0.000000 0.000000 -0.000000 4.861331 -1.524238 -0.765288 -4.434072 1.548282 0.251756 1.806532 -2.675248 -0.584180 -0.003735 -1.076984 0.397394
0.281350 0.959134 3.947200 5.009618 3.756729 0.437326 -0.293163 -2.111145 0.772695 -0.161720 -6.765011 0.344378 -0.160649 -0.944602 0.327959 -0.094912 5.128092 0.246674 -1.580590 15.999349 0.543537 -3.137884 -6.285131 1.582358 -1.083078 10.599305 8.668965 -15.557052 -20.499715 73.560713 21.712753 58.985919 15.951897 1.114107 14.081618 -5.036660 -0.364954 9.394754 -8.370343 11.897673 -17.971666 -74.686611 -34.420072 65.950277 -27.041382 -6.074753 13.262100 3.377250 -5.497297 0.011062 -1.141672 1.324283 1.597906 -0.415898 -2.273037 -4.638987 -0.213535 -0.000000 -0.000000 -0.000000 4.860600 -1.529895 -0.776332 -4.424228 1.562524 0.260814 1.797941 -2.645597 -0.581606 -0.003727 -1.081035 0.395010
0.281389 0.959158 3.946708 5.010886 3.719740 0.440339 -0.298491 -2.104962 0.768260 -0.163914 -6.762271 0.342372 -0.162829 -0.941862 0.325731 -0.096723 5.130148 0.244994 -1.576361 16.012612 0.545931 -3.130539 -6.260553 1.584893 -1.076577 10.599343 8.675200 -15.565757 -20.522641 73.540466 21.702706 58.975235 15.942933 1.111400 14.080365 -5.026008 -0.352567 9.409545 -8.364500 11.863735 -17.997390 -74.664652 -34.404563 65.911564 -27.012669 -6.085487 13.260516 3.388655 -5.481211 0.020348 -1.152529 1.274636 1.586888 -0.421258 -2.233262 -4.601925 -0.184684 -0.000040 0.018834 -0.052276 4.871506 -1.533556 -0.789219 -4.428872 1.580110 0.268897 1.792241 -2.615868 -0.578777 -0.003741 -1.086657 0.394529
0.281456 0.959182 3.946207 5.008296 3.678103 0.442869 -0.302161 -2.096418 0.764038 -0.165385 -6.758478 0.340470 -0.164291 -0.938070 0.323679 -0.097981 5.132992 0.243449 -1.573294 16.027854 0.550669 -3.126153 -6.232193 1.592149 -1.070812 10.597212 8.680921 -15.575824 -20.547782 73.521503 21.685117 58.962927 15.928279 1.108869 14.078643 -5.012163 -0.339768 9.422782 -8.357369 11.826428 -18.025856 -74.645407 -34.372009 65.868043 -26.965744 -6.096285 13.259725 3.396656 -5.468407 0.033684 -1.167183 1.228614 1.574448 -0.425311 -2.188683 -4.561617 -0.146898 -0.000107 0.037676 -0.104550 4.887252 -1.535091 -0.803589 -4.436451 1.602498 0.277204 1.788089 -2.586778 -0.575166 -0.003769 -1.093799 0.394834
0.281560 0.959214 3.945690 4.989682 3.629012 0.442706 -0.301513 -2.081704 0.760411 -0.164974 -6.751935 0.338857 -0.163885 -0.931528 0.322108 -0.097802 5.137900 0.242271 -1.582952 16.036945 0.560163 -3.147309 -6.214734 1.613016 -1.060819 10.592110 8.688520 -15.577353 -20.573035 73.497934 21.669825 58.942413 15.912872 1.104692 14.077252 -5.005754 -0.331630 9.433023 -8.351089 11.793058 -18.057700 -74.621011 -34.358873 65.817223 -26.934634 -6.109203 13.257791 3.389782 -5.460111 0.046838 -1.188857 1.155490 1.568247 -0.424156 -2.096905 -4.508604 -0.084789 -0.000000 0.000000 0.000000 4.905454 -1.532221 -0.819189 -4.429212 1.631864 0.287424 1.782978 -2.558674 -0.568860 -0.003797 -1.103882 0.394114
0.281675 0.959248 3.945170 4.956961 3.568712 0.438292 -0.296436 -2.059483 0.757624 -0.162644 -6.742050 0.337642 -0.161573 -0.921642 0.321130 -0.096149 5.145317 0.241544 -1.603141 16.037797 0.573192 -3.189538 -6.212171 1.644493 -1.044262 10.588175 8.699123 -15.571648 -20.599103 73.472998 21.658537 58.915819 15.896004 1.096879 14.076136 -5.015245 -0.332963 9.443760 -8.345499 11.765766 -18.097079 -74.591685 -34.339857 65.747040 -26.901286 -6.125847 13.253781 3.366792 -5.454000 0.071027 -1.213859 1.019583 1.556132 -0.420483 -1.928267 -4.437103 0.005327 0.000555 -0.128164 0.437933 4.928234 -1.521975 -0.832878 -4.407924 1.670725 0.300129 1.773955 -2.535989 -0.559801 -0.003798 -1.114397 0.390501
0.281828 0.959290 3.944635 4.908229 3.500951 0.431240 -0.287039 -2.031093 0.755427 -0.158430 -6.729416 0.336713 -0.157391 -0.909007 0.320629 -0.093057 5.154795 0.241181 -1.636060 16.032521 0.590978 -3.257323 -6.220436 1.689590 -1.023477 10.581265 8.711605 -15.557400 -20.625274 73.443452 21.649532 58.881015 15.878374 1.087439 14.075351 -5.032170 -0.338957 9.451506 -8.340771 11.742392 -18.139817 -74.557171 -34.340091 65.669561 -26.883568 -6.144595 13.248587 3.328932 -5.452378 0.095004 -1.245910 0.856559 1.550369 -0.411688 -1.712354 -4.352948 0.119909 0.000097 -0.312908 1.032672 4.953474 -1.507338 -0.847786 -4.371802 1.716547 0.314797 1.763976 -2.514291 -0.548046 -0.003798 -1.127854 0.385863
0.282106 0.959365 3.944040 4.825591 3.434175 0.424134 -0.270995 -1.996740 0.753458 -0.151285 -6.714122 0.335915 -0.150299 -0.893710 0.320556 -0.087750 5.166272 0.241146 -1.699848 16.019332 0.619614 -3.386686 -6.241979 1.766250 -1.000515 10.558162 8.724983 -15.520768 -20.647315 73.393693 21.647443 58.825031 15.866989 1.080562 14.075869 -5.041765 -0.340255 9.444348 -8.339528 11.723789 -18.174019 -74.508879 -34.470667 65.618434 -26.968331 -6.162700 13.242981 3.268489 -5.463351 0.080790 -1.299339 0.742725 1.595320 -0.386237 -1.495566 -4.264127 0.263421 -0.002121 -0.508939 1.411319 4.972443 -1.494984 -0.873092 -4.300763 1.763905 0.331521 1.759417 -2.480627 -0.531850 -0.003864 -1.153211 0.383990
