HIERARCHY
ROOT Hips
{
 OFFSET 0.000000 0.000000 0.000000
 CHANNELS 6 Xposition Yposition Zposition Yrotation Xrotation Zrotation
 JOINT Chest
 {
  OFFSET 0.000000 0.108577 -0.012064
  CHANNELS 3 Yrotation Xrotation Zrotation
  JOINT Chest2
  {
   OFFSET 0.000000 0.114566 0.000000
   CHANNELS 3 Yrotation Xrotation Zrotation
   JOINT Chest3
   {
    OFFSET 0.000000 0.104586 0.000080
    CHANNELS 3 Yrotation Xrotation Zrotation
    JOINT Chest4
    {
     OFFSET 0.000000 0.104469 0.000080
     CHANNELS 3 Yrotation Xrotation Zrotation
     JOINT Neck
     {
      OFFSET 0.000000 0.145826 0.000000
      CHANNELS 3 Yrotation Xrotation Zrotation
      JOINT Head
      {
       OFFSET 0.000000 0.094497 0.000047
       CHANNELS 3 Yrotation Xrotation Zrotation
       End Site
       {
        OFFSET 0.000000 0.173326 0.000036
       }
      }
     }
     JOINT RightCollar
     {
      OFFSET -0.031213 0.081695 0.000000
      CHANNELS 3 Yrotation Xrotation Zrotation
      JOINT RightShoulder
      {
       OFFSET -0.143577 0.000000 0.000000
       CHANNELS 3 Yrotation Xrotation Zrotation
       JOINT RightElbow
       {
        OFFSET -0.272032 0.000000 0.000000
        CHANNELS 3 Yrotation Xrotation Zrotation
        JOINT RightWrist
        {
         OFFSET -0.263092 0.000000 0.000091
         CHANNELS 3 Yrotation Xrotation Zrotation
         End Site
         {
          OFFSET -0.190430 0.000000 0.000000
         }
        }
       }
      }
     }
     JOINT LeftCollar
     {
      OFFSET 0.031213 0.081695 0.000000
      CHANNELS 3 Yrotation Xrotation Zrotation
      JOINT LeftShoulder
      {
       OFFSET 0.143577 0.000000 0.000000
       CHANNELS 3 Yrotation Xrotation Zrotation
       JOINT LeftElbow
       {
        OFFSET 0.272032 0.000000 0.000000
        CHANNELS 3 Yrotation Xrotation Zrotation
        JOINT LeftWrist
        {
         OFFSET 0.263092 0.000000 0.000091
         CHANNELS 3 Yrotation Xrotation Zrotation
         End Site
         {
          OFFSET 0.190430 0.000000 0.000000
         }
        }
       }
      }
     }
    }
   }
  }
 }
 JOINT RightHip
 {
  OFFSET -0.088949 -0.000184 0.000020
  CHANNELS 3 Yrotation Xrotation Zrotation
  JOINT RightKnee
  {
   OFFSET 0.000000 -0.415103 -0.000022
   CHANNELS 3 Yrotation Xrotation Zrotation
   JOINT RightAnkle
   {
    OFFSET 0.000000 -0.448133 -0.000277
    CHANNELS 3 Yrotation Xrotation Zrotation
    JOINT RightToe
    {
     OFFSET 0.000000 -0.076810 0.182379
     CHANNELS 3 Yrotation Xrotation Zrotation
     End Site
     {
      OFFSET 0.000000 -0.017923 0.081176
     }
    }
   }
  }
 }
 JOINT LeftHip
 {
  OFFSET 0.088949 -0.000208 0.000023
  CHANNELS 3 Yrotation Xrotation Zrotation
  JOINT LeftKnee
  {
   OFFSET 0.000000 -0.415103 -0.000022
   CHANNELS 3 Yrotation Xrotation Zrotation
   JOINT LeftAnkle
   {
    OFFSET 0.000000 -0.448133 -0.000277
    CHANNELS 3 Yrotation Xrotation Zrotation
    JOINT LeftToe
    {
     OFFSET 0.000000 -0.076810 0.182379
     CHANNELS 3 Yrotation Xrotation Zrotation
     End Site
     {
      OFFSET 0.000000 -0.017923 0.081176
     }
    }
   }
  }
 }
}
MOTION
Frames: 519
Frame Time: 0.016667
0.059957 0.957496 0.111455 5.015077 3.064157 0.395557 -0.100824 -2.010244 0.693188 -0.073242 -6.719849 0.309688 -0.072778 -0.899422 0.302253 -0.031023 5.162036 0.227480 -0.382942 16.427980 1.068212 -1.090000 -5.505698 2.119006 -0.386402 10.042719 9.179547 -13.292176 -19.392321 75.112675 14.992593 60.729828 10.897576 0.374613 13.287982 -3.957653 0.480338 7.652351 -8.044895 9.957124 -16.055160 -76.630112 -31.288944 67.361879 -24.458296 -6.232081 12.828020 2.688313 -6.219160 1.978364 0.496259 0.091175 0.028906 -0.404978 -4.011465 -4.776924 -1.264283 -0.000000 0.000000 0.000000 3.014933 -0.527636 0.566880 -1.481502 1.233551 0.646523 0.610379 -3.265017 -1.840262 -0.000422 -0.491143 0.098417
0.060074 0.957502 0.111742 4.928571 3.106244 0.390268 -0.092470 -2.038892 0.686537 -0.069217 -6.732569 0.306749 -0.068779 -0.912142 0.299722 -0.028215 5.152499 0.225575 -0.341322 16.462660 1.073950 -1.014099 -5.442080 2.114319 -0.385982 10.067562 9.192899 -13.182060 -19.363608 75.226483 14.845391 60.713210 10.772047 0.372568 13.288758 -3.945599 0.485003 7.660060 -8.038903 9.934310 -16.111237 -76.571075 -30.820651 67.115235 -23.994387 -6.189657 12.836374 2.779525 -6.298212 1.951684 0.491389 0.174295 0.020911 -0.409170 -3.931156 -4.772866 -1.257549 0.000000 -0.000000 -0.000000 3.151766 -0.511548 0.552025 -1.536400 1.178498 0.658776 0.627843 -3.265210 -1.835874 -0.000410 -0.493177 0.095180
0.060202 0.957503 0.111998 4.837937 3.147357 0.384289 -0.082745 -2.064444 0.680615 -0.064620 -6.743912 0.304143 -0.064212 -0.923483 0.297582 -0.024951 5.143996 0.223967 -0.304872 16.491986 1.080223 -0.948109 -5.388272 2.112577 -0.385178 10.085954 9.210071 -13.040590 -19.343661 75.325310 14.742163 60.672956 10.683863 0.371223 13.292437 -3.917669 0.486832 7.662214 -8.031309 9.912605 -16.164163 -76.513760 -30.443014 66.903684 -23.617296 -6.153822 12.844598 2.861866 -6.340393 1.918685 0.486553 0.251744 0.022033 -0.411985 -3.877684 -4.772609 -1.249693 -0.000000 0.000000 0.000000 3.263068 -0.499637 0.541714 -1.571200 1.130663 0.662454 0.652100 -3.268331 -1.828500 -0.000403 -0.494167 0.093481
0.060336 0.957498 0.112228 4.744463 3.182054 0.379421 -0.071338 -2.083101 0.673957 -0.059256 -6.752187 0.301215 -0.058883 -0.931759 0.295200 -0.021136 5.137793 0.222178 -0.279338 16.507481 1.086248 -0.902563 -5.359919 2.114480 -0.389672 10.091888 9.233469 -12.871795 -19.332438 75.398212 14.717245 60.613140 10.669297 0.372721 13.302316 -3.859256 0.486871 7.652605 -8.021957 9.891876 -16.212106 -76.455885 -30.170859 66.739739 -23.341005 -6.127712 12.851513 2.930818 -6.315978 1.880717 0.479377 0.319399 0.040655 -0.411230 -3.877655 -4.781264 -1.240697 -0.000000 0.000000 -0.000000 3.330886 -0.489365 0.539094 -1.577289 1.096245 0.649912 0.690406 -3.276021 -1.816277 -0.000409 -0.495642 0.094447
0.060482 0.957488 0.112426 4.646861 3.215776 0.373869 -0.058559 -2.098660 0.668011 -0.053318 -6.759085 0.298614 -0.052985 -0.938655 0.293201 -0.016864 5.132624 0.220680 -0.258987 16.517633 1.092798 -0.866925 -5.341368 2.119280 -0.393787 10.091392 9.260716 -12.671696 -19.329948 75.456157 14.736120 60.529934 10.691691 0.374956 13.314906 -3.784922 0.484068 7.637453 -8.010977 9.872279 -16.256898 -76.399750 -29.982052 66.611933 -23.144155 -6.107939 12.858379 2.990813 -6.254696 1.836428 0.472094 0.381388 0.068393 -0.409067 -3.904468 -4.793703 -1.230564 -0.000000 -0.000000 0.000000 3.373189 -0.483284 0.541073 -1.563271 1.069016 0.628746 0.735502 -3.286653 -1.801077 -0.000420 -0.496074 0.096952
0.060652 0.957476 0.112584 4.550340 3.253854 0.365326 -0.047690 -2.113979 0.666270 -0.048400 -6.765878 0.297886 -0.048099 -0.945448 0.292972 -0.013214 5.127532 0.220512 -0.240303 16.525629 1.097142 -0.833646 -5.326823 2.120615 -0.386352 10.095219 9.287376 -12.466127 -19.332133 75.505859 14.850660 60.433452 10.777234 0.379852 13.322347 -3.738309 0.479396 7.625570 -8.000250 9.846065 -16.300302 -76.355332 -29.808450 66.492449 -22.962247 -6.088481 12.865401 3.051186 -6.198672 1.789607 0.466967 0.432921 0.088478 -0.407785 -3.916555 -4.800807 -1.218868 -0.000000 0.000000 -0.000000 3.401600 -0.484998 0.540681 -1.538955 1.044211 0.613491 0.782508 -3.299392 -1.785169 -0.000422 -0.493321 0.097939
0.060853 0.957459 0.112688 4.454808 3.298156 0.352343 -0.041309 -2.127940 0.671266 -0.045751 -6.772073 0.300152 -0.045469 -0.951643 0.295507 -0.011040 5.122886 0.222423 -0.220627 16.532099 1.097650 -0.797201 -5.315195 2.114506 -0.355245 10.110408 9.312223 -12.249715 -19.340303 75.550914 15.070612 60.314660 10.920912 0.389444 13.320728 -3.740223 0.476872 7.619357 -7.991305 9.813738 -16.345781 -76.327550 -29.630610 66.371795 -22.776872 -6.065816 12.873557 3.121775 -6.156644 1.741249 0.466299 0.465453 0.094008 -0.409754 -3.896872 -4.798689 -1.204908 0.000000 0.000000 0.000000 3.401805 -0.496888 0.534561 -1.493314 1.021834 0.611580 0.835710 -3.315473 -1.769071 -0.000403 -0.485377 0.095196
0.061078 0.957438 0.112753 4.360345 3.346797 0.336345 -0.036833 -2.141638 0.680469 -0.044120 -6.778153 0.304292 -0.043849 -0.957723 0.299813 -0.009486 5.118326 0.225665 -0.202625 16.536414 1.095948 -0.763123 -5.307570 2.104925 -0.312577 10.129901 9.336461 -12.027725 -19.353112 75.587488 15.383984 60.182387 11.124999 0.401629 13.314323 -3.769951 0.472489 7.616412 -7.982625 9.774851 -16.389946 -76.311459 -29.467667 66.259484 -22.606089 -6.043411 12.881878 3.192736 -6.119888 1.690359 0.467816 0.487522 0.091888 -0.412627 -3.862459 -4.791248 -1.189390 0.000000 0.000000 -0.000000 3.388110 -0.516591 0.526149 -1.437379 1.001882 0.615562 0.890817 -3.333658 -1.752265 -0.000376 -0.474249 0.090937
0.061324 0.957423 0.112815 4.272414 3.399486 0.319343 -0.029804 -2.161253 0.689784 -0.041352 -6.786858 0.308495 -0.041099 -0.966428 0.304297 -0.007069 5.111796 0.229042 -0.190765 16.539866 1.094199 -0.740441 -5.301420 2.097443 -0.283529 10.143297 9.359304 -11.842012 -19.362500 75.611332 15.809978 60.072998 11.426912 0.412088 13.307647 -3.808860 0.455188 7.618350 -7.971535 9.720233 -16.424292 -76.302258 -29.311214 66.155940 -22.441998 -6.025785 12.887656 3.243895 -6.104331 1.637740 0.467015 0.519952 0.086061 -0.411663 -3.822871 -4.781054 -1.174020 0.000000 0.000000 0.000000 3.415071 -0.540599 0.518558 -1.414053 0.979604 0.617683 0.930082 -3.349388 -1.735460 -0.000359 -0.463816 0.088740
0.061601 0.957417 0.112891 4.195355 3.459239 0.301859 -0.018237 -2.191753 0.698334 -0.036520 -6.800395 0.312379 -0.036301 -0.979965 0.308672 -0.003121 5.101645 0.232339 -0.190548 16.539923 1.091387 -0.739045 -5.301363 2.092149 -0.279691 10.146289 9.382028 -11.717138 -19.364466 75.613431 16.388873 60.003307 11.871701 0.416951 13.302528 -3.856201 0.413777 7.630141 -7.955566 9.631576 -16.442487 -76.300117 -29.132304 66.052159 -22.255232 -6.014872 12.888363 3.264399 -6.125623 1.583055 0.459987 0.573803 0.073885 -0.401529 -3.776931 -4.766671 -1.160380 -0.000000 -0.000000 -0.000000 3.520239 -0.570618 0.512053 -1.454204 0.952683 0.615441 0.941957 -3.360477 -1.718887 -0.000360 -0.455806 0.090414
0.061899 0.957415 0.112964 4.124821 3.523044 0.283372 -0.004126 -2.228179 0.706999 -0.030555 -6.816561 0.316330 -0.030375 -0.996130 0.313228 0.001687 5.089522 0.235774 -0.196469 16.539116 1.088538 -0.749039 -5.302793 2.088967 -0.289490 10.143181 9.403379 -11.628632 -19.362957 75.603025 17.080631 59.953451 12.415139 0.420062 13.297351 -3.912722 0.359439 7.646830 -7.937239 9.527201 -16.450957 -76.304942 -28.959814 65.957107 -22.075069 -6.008742 12.886544 3.265090 -6.168120 1.526646 0.450778 0.638004 0.057991 -0.387552 -3.725814 -4.749538 -1.146882 0.000000 -0.000000 -0.000000 3.666064 -0.604946 0.506111 -1.526965 0.923471 0.611384 0.937991 -3.369096 -1.702308 -0.000368 -0.448491 0.094150
0.062184 0.957410 0.113022 4.053247 3.581575 0.264337 0.011020 -2.261829 0.714324 -0.024079 -6.831491 0.319688 -0.023944 -1.011060 0.317244 0.006832 5.078326 0.238803 -0.196494 16.546344 1.090881 -0.749778 -5.289333 2.093217 -0.303363 10.136482 9.418802 -11.544884 -19.361844 75.603423 17.784713 59.905580 12.961695 0.428730 13.291135 -3.962000 0.314677 7.655141 -7.921315 9.452877 -16.460230 -76.311559 -28.870793 65.898400 -21.980266 -6.006124 12.887102 3.258332 -6.200798 1.470347 0.446751 0.700202 0.050225 -0.380990 -3.682604 -4.736525 -1.130501 0.000000 0.000000 -0.000000 3.794458 -0.634966 0.502728 -1.582637 0.894204 0.605328 0.935094 -3.377237 -1.685738 -0.000377 -0.440573 0.098105
0.062435 0.957403 0.113059 3.976315 3.630928 0.244986 0.027749 -2.289864 0.719109 -0.016805 -6.843924 0.321919 -0.016721 -1.023493 0.320213 0.012489 5.069005 0.241046 -0.183886 16.569825 1.101798 -0.729813 -5.245797 2.108679 -0.320713 10.126551 9.425093 -11.456994 -19.360966 75.630015 18.474955 59.855871 13.483260 0.447206 13.282617 -3.997291 0.290669 7.646989 -7.908925 9.434742 -16.475287 -76.316521 -28.926291 65.904441 -22.035747 -6.008787 12.893852 3.241025 -6.213015 1.414654 0.452892 0.759774 0.056068 -0.389865 -3.654157 -4.730118 -1.108517 0.000000 -0.000000 -0.000000 3.888687 -0.656456 0.503410 -1.604021 0.864721 0.596959 0.937902 -3.385261 -1.670154 -0.000384 -0.431590 0.102017
0.062673 0.957393 0.113079 3.898350 3.675003 0.225106 0.045512 -2.315129 0.722547 -0.009022 -6.855124 0.323553 -0.008992 -1.034692 0.322637 0.018482 5.060608 0.242881 -0.165371 16.601345 1.117903 -0.700574 -5.187365 2.131573 -0.342130 10.113016 9.425466 -11.373896 -19.360553 75.667438 19.177773 59.808190 14.008268 0.471237 13.272855 -4.025396 0.276237 7.630443 -7.898882 9.446665 -16.491075 -76.323297 -29.064577 65.946819 -22.175933 -6.015010 12.902946 3.216264 -6.215417 1.359089 0.464138 0.817355 0.070043 -0.406156 -3.633619 -4.727828 -1.083659 0.000000 -0.000000 0.000000 3.965490 -0.673635 0.506798 -1.608312 0.835163 0.586558 0.941778 -3.392808 -1.654579 -0.000391 -0.422004 0.106148
0.062926 0.957359 0.113084 3.824763 3.716182 0.204488 0.061155 -2.337440 0.726779 -0.002216 -6.865014 0.325533 -0.002234 -1.044582 0.325308 0.023766 5.053193 0.244900 -0.149122 16.625163 1.134270 -0.675767 -5.143188 2.155866 -0.359816 10.097279 9.424995 -11.290709 -19.365048 75.692844 19.870746 59.758125 14.524924 0.495394 13.264185 -4.050175 0.260372 7.616454 -7.892433 9.456020 -16.503006 -76.337061 -29.176816 65.968326 -22.282066 -6.018188 12.907841 3.205717 -6.208915 1.304008 0.472687 0.862484 0.087567 -0.417065 -3.613506 -4.729067 -1.061080 -0.000000 0.000000 0.000000 4.016988 -0.690527 0.510779 -1.597398 0.808197 0.574804 0.949721 -3.400803 -1.636099 -0.000393 -0.411898 0.109442
0.063209 0.957281 0.113070 3.756734 3.753933 0.182249 0.073680 -2.355973 0.732786 0.003129 -6.873229 0.328291 0.003073 -1.052797 0.328609 0.028009 5.047034 0.247391 -0.138081 16.635410 1.149723 -0.660541 -5.124126 2.180489 -0.370740 10.079535 9.424410 -11.206409 -19.376036 75.696051 20.566039 59.703076 15.045372 0.518517 13.258047 -4.068189 0.235697 7.611324 -7.890115 9.455634 -16.509067 -76.362592 -29.220089 65.941550 -22.302793 -6.014497 12.904484 3.224099 -6.189781 1.250003 0.474857 0.887317 0.108675 -0.415792 -3.590156 -4.735514 -1.043369 -0.000000 0.000000 0.000000 4.035377 -0.706464 0.514955 -1.565835 0.783610 0.562138 0.961657 -3.409701 -1.612797 -0.000389 -0.400744 0.111131
0.063507 0.957179 0.113041 3.693086 3.788789 0.159292 0.084088 -2.371547 0.739581 0.007498 -6.880131 0.331391 0.007411 -1.059700 0.332153 0.031544 5.041858 0.250065 -0.129314 16.637960 1.165442 -0.649766 -5.119309 2.206514 -0.377933 10.059585 9.422988 -11.121980 -19.391913 75.687205 21.251160 59.645560 15.557027 0.541785 13.252882 -4.082843 0.209596 7.608741 -7.891399 9.452677 -16.511304 -76.395123 -29.236761 65.894124 -22.288833 -6.007704 12.897004 3.256716 -6.161744 1.196455 0.474266 0.899707 0.133343 -0.409151 -3.567236 -4.745489 -1.027937 0.000000 -0.000000 0.000000 4.028459 -0.722090 0.519805 -1.519067 0.761599 0.548109 0.977655 -3.419050 -1.586589 -0.000380 -0.389070 0.111982
0.063800 0.957099 0.112999 3.635698 3.824732 0.138082 0.092224 -2.386447 0.746364 0.010859 -6.886737 0.334474 0.010748 -1.066306 0.335577 0.034318 5.036904 0.252646 -0.122190 16.634687 1.180028 -0.641748 -5.125290 2.231102 -0.382696 10.038245 9.423619 -11.035521 -19.412310 75.673923 21.867030 59.589974 16.011251 0.563255 13.246707 -4.108243 0.193201 7.600738 -7.895936 9.436049 -16.511214 -76.425518 -29.244597 65.851705 -22.273192 -6.002524 12.891148 3.281126 -6.136894 1.141899 0.474078 0.912737 0.156880 -0.404772 -3.548249 -4.753367 -1.012168 0.000000 0.000000 0.000000 4.011756 -0.743402 0.524523 -1.475315 0.745458 0.532071 1.000933 -3.428412 -1.560307 -0.000374 -0.378537 0.113243
0.064079 0.957062 0.112939 3.583701 3.863200 0.119668 0.098140 -2.400347 0.752895 0.013243 -6.892903 0.337433 0.013115 -1.072471 0.338778 0.036348 5.032281 0.255059 -0.116844 16.622736 1.193646 -0.636852 -5.147365 2.254644 -0.385465 10.015404 9.428839 -10.940988 -19.440086 75.654121 22.407656 59.540982 16.403096 0.582925 13.238688 -4.154129 0.196211 7.582950 -7.905196 9.390381 -16.511649 -76.447908 -29.239794 65.820185 -22.259589 -6.000466 12.889248 3.288043 -6.114010 1.084797 0.476331 0.928799 0.178452 -0.407234 -3.536274 -4.757140 -0.994698 -0.000000 0.000000 0.000000 3.980924 -0.772690 0.529676 -1.436094 0.736342 0.511945 1.039181 -3.437008 -1.534591 -0.000374 -0.370059 0.115783
0.064353 0.957046 0.112866 3.537967 3.902768 0.103007 0.101787 -2.413571 0.759412 0.014620 -6.898771 0.340374 0.014482 -1.078339 0.341859 0.037617 5.027880 0.257378 -0.113142 16.604962 1.206144 -0.634722 -5.180238 2.276770 -0.385807 9.991179 9.436112 -10.844391 -19.472347 75.629841 22.880123 59.495641 16.738612 0.600742 13.229842 -4.210777 0.208931 7.559733 -7.917703 9.331051 -16.509733 -76.468179 -29.226197 65.793630 -22.244381 -6.000031 12.888928 3.286743 -6.094312 1.026695 0.478982 0.945495 0.198891 -0.411949 -3.528229 -4.758814 -0.976890 -0.000000 0.000000 0.000000 3.940303 -0.807657 0.534754 -1.399885 0.733087 0.489818 1.084710 -3.445634 -1.508805 -0.000376 -0.362723 0.118733
0.064624 0.957039 0.112799 3.502984 3.943129 0.087427 0.102857 -2.429377 0.765824 0.014862 -6.905791 0.343256 0.014721 -1.085359 0.344765 0.038028 5.022614 0.259564 -0.110043 16.591802 1.215641 -0.632570 -5.204582 2.293480 -0.383721 9.966733 9.440714 -10.761949 -19.500135 75.614925 23.245442 59.448129 16.986250 0.614732 13.220955 -4.263067 0.213401 7.536203 -7.928669 9.293093 -16.498385 -76.494835 -29.232779 65.779929 -22.249358 -6.001411 12.888841 3.282619 -6.093548 0.970771 0.479128 0.968719 0.215997 -0.412780 -3.518366 -4.758784 -0.960219 0.000000 0.000000 -0.000000 3.918440 -0.847448 0.537258 -1.380362 0.735538 0.471304 1.117674 -3.456197 -1.483872 -0.000375 -0.355458 0.120735
0.064897 0.957040 0.112746 3.483609 3.985872 0.073051 0.100013 -2.451331 0.772215 0.013378 -6.915549 0.346110 0.013248 -1.095118 0.347469 0.037140 5.015293 0.261594 -0.107684 16.589414 1.220405 -0.629919 -5.208986 2.301520 -0.379151 9.941222 9.439915 -10.708525 -19.516712 75.618449 23.486918 59.398477 17.130252 0.623850 13.211434 -4.308249 0.198684 7.514394 -7.935891 9.301199 -16.471312 -76.536448 -29.273137 65.786377 -22.285159 -6.004797 12.888194 3.278455 -6.126247 0.917796 0.474277 1.005393 0.227178 -0.405380 -3.503735 -4.756416 -0.945576 0.000000 -0.000000 -0.000000 3.928884 -0.894793 0.535915 -1.385651 0.745589 0.457906 1.127572 -3.469865 -1.459579 -0.000368 -0.348080 0.121240
0.065167 0.957049 0.112697 3.474990 4.029419 0.059781 0.094589 -2.475868 0.778504 0.010758 -6.926461 0.348906 0.010646 -1.106029 0.349999 0.035392 5.007107 0.263489 -0.105930 16.591632 1.222160 -0.627240 -5.204872 2.304123 -0.372151 9.915484 9.436436 -10.669307 -19.528866 75.631372 23.622207 59.348111 17.187460 0.629231 13.201715 -4.349008 0.175719 7.492275 -7.941568 9.330663 -16.434808 -76.584428 -29.333699 65.805664 -22.341235 -6.010000 12.887774 3.271470 -6.177874 0.867012 0.466999 1.048593 0.235017 -0.394095 -3.487283 -4.752345 -0.932071 -0.000000 0.000000 -0.000000 3.958087 -0.946981 0.531876 -1.407624 0.761373 0.448118 1.124902 -3.485446 -1.436138 -0.000359 -0.340774 0.120797
0.065423 0.957058 0.112649 3.467048 4.068712 0.046606 0.090275 -2.495550 0.784349 0.008642 -6.935213 0.351507 0.008544 -1.114781 0.352385 0.034006 5.000541 0.265278 -0.103337 16.590408 1.224198 -0.623174 -5.207165 2.307008 -0.362883 9.893197 9.433731 -10.616015 -19.547958 75.640379 23.663672 59.293282 17.175028 0.632209 13.194009 -4.378345 0.159368 7.468865 -7.947516 9.342434 -16.400701 -76.621564 -29.402585 65.823781 -22.407471 -6.016636 12.888604 3.258701 -6.220577 0.819302 0.461953 1.083433 0.245084 -0.385832 -3.472117 -4.748881 -0.918504 -0.000000 -0.000000 -0.000000 3.993949 -0.995012 0.526262 -1.435568 0.777105 0.443043 1.121318 -3.501300 -1.415110 -0.000348 -0.333021 0.119696
0.065665 0.957062 0.112595 3.455734 4.102353 0.032805 0.088462 -2.507109 0.790191 0.007622 -6.940350 0.354116 0.007531 -1.119919 0.354890 0.033446 4.996687 0.267161 -0.099038 16.581295 1.227463 -0.616527 -5.224120 2.311680 -0.352070 9.875314 9.432918 -10.532317 -19.582047 75.640211 23.595355 59.225966 17.083001 0.632788 13.189279 -4.390071 0.157532 7.441141 -7.954129 9.314160 -16.371763 -76.639264 -29.479767 65.836057 -22.486004 -6.026142 12.892097 3.232290 -6.242040 0.774099 0.461398 1.103758 0.259765 -0.383672 -3.460403 -4.746870 -0.904033 0.000000 -0.000000 -0.000000 4.043579 -1.035811 0.518372 -1.473748 0.789775 0.445114 1.118072 -3.517034 -1.397299 -0.000332 -0.323877 0.117528
0.065893 0.957064 0.112541 3.445101 4.131738 0.019099 0.087765 -2.513814 0.795580 0.007108 -6.943329 0.356527 0.007021 -1.122897 0.357249 0.033249 4.994451 0.268934 -0.093901 16.568739 1.231013 -0.608492 -5.247482 2.316634 -0.338995 9.860882 9.432868 -10.434502 -19.623069 75.636027 23.434196 59.154072 16.922384 0.630969 13.186490 -4.390353 0.162306 7.412130 -7.961022 9.268212 -16.345203 -76.646162 -29.565286 65.847126 -22.574676 -6.037112 12.896810 3.200091 -6.254578 0.731966 0.463006 1.115726 0.276685 -0.384539 -3.449975 -4.745465 -0.889501 -0.000000 -0.000000 0.000000 4.099871 -1.072452 0.508889 -1.517897 0.802403 0.451896 1.113916 -3.533043 -1.381901 -0.000315 -0.314286 0.114704
0.066105 0.957067 0.112499 3.437231 4.155995 0.006637 0.087713 -2.518034 0.798841 0.006962 -6.945203 0.357987 0.006875 -1.124772 0.358695 0.033254 4.993045 0.270022 -0.089090 16.558028 1.235318 -0.601294 -5.267399 2.323076 -0.321673 9.850720 9.433658 -10.343211 -19.658192 75.630174 23.241251 59.097618 16.741119 0.628059 13.184861 -4.390737 0.164843 7.389930 -7.968832 9.232630 -16.324530 -76.650902 -29.647234 65.856973 -22.656787 -6.044856 12.899513 3.182713 -6.267288 0.695487 0.464509 1.122929 0.294283 -0.386104 -3.437445 -4.744430 -0.876240 0.000000 -0.000000 -0.000000 4.129409 -1.105155 0.501129 -1.544507 0.818222 0.457183 1.116750 -3.548879 -1.368065 -0.000302 -0.306564 0.112739
0.066301 0.957069 0.112473 3.433746 4.175035 -0.003500 0.087751 -2.520535 0.798736 0.006987 -6.946315 0.357942 0.006900 -1.125883 0.358652 0.033270 4.992212 0.269989 -0.084523 16.550124 1.240943 -0.594959 -5.282077 2.332012 -0.295999 9.846783 9.436387 -10.261931 -19.683185 75.622443 23.027152 59.063146 16.545410 0.623929 13.184263 -4.397727 0.159765 7.380541 -7.978388 9.220584 -16.313266 -76.656252 -29.730937 65.865417 -22.733651 -6.046743 12.898392 3.194094 -6.284854 0.665490 0.464506 1.126516 0.311493 -0.387707 -3.420778 -4.743196 -0.865022 -0.000000 0.000000 -0.000000 4.105036 -1.135736 0.496188 -1.535789 0.841188 0.458075 1.134559 -3.565216 -1.355443 -0.000296 -0.301805 0.112462
0.066480 0.957071 0.112459 3.433030 4.188948 -0.012389 0.088434 -2.520552 0.796501 0.007379 -6.946322 0.356945 0.007290 -1.125890 0.357695 0.033488 4.992207 0.269269 -0.080283 16.544063 1.247322 -0.589462 -5.293312 2.342435 -0.266079 9.847109 9.439952 -10.187188 -19.702290 75.613061 22.780907 59.043807 16.328868 0.618704 13.184813 -4.404816 0.152446 7.377966 -7.988862 9.218893 -16.307890 -76.659408 -29.811024 65.872664 -22.803926 -6.045363 12.895319 3.220300 -6.302582 0.641144 0.464388 1.125337 0.329385 -0.390015 -3.402009 -4.742334 -0.855076 -0.000000 -0.000000 0.000000 4.053909 -1.162373 0.493066 -1.509531 0.867326 0.457470 1.159362 -3.581387 -1.344391 -0.000295 -0.298915 0.113045
0.066639 0.957076 0.112462 3.432304 4.197127 -0.022122 0.090951 -2.518166 0.794168 0.008586 -6.945259 0.355914 0.008488 -1.124827 0.356786 0.034315 4.993005 0.268588 -0.077784 16.542245 1.253228 -0.586945 -5.296641 2.352536 -0.242247 9.846646 9.441136 -10.129225 -19.715395 75.605122 22.530363 59.039875 16.119664 0.614077 13.186118 -4.404028 0.150169 7.372302 -7.998398 9.216067 -16.301353 -76.660634 -29.859499 65.879328 -22.846888 -6.043826 12.892600 3.240134 -6.315506 0.622545 0.466079 1.119539 0.349598 -0.392697 -3.383850 -4.743317 -0.845422 -0.000000 0.000000 0.000000 4.024084 -1.179826 0.491916 -1.495591 0.887969 0.457870 1.175112 -3.594934 -1.335106 -0.000294 -0.296929 0.113526
0.066773 0.957087 0.112488 3.428905 4.197942 -0.034761 0.097457 -2.513136 0.792740 0.011522 -6.943013 0.355308 0.011403 -1.122581 0.356479 0.036476 4.994691 0.268363 -0.077104 16.548258 1.259254 -0.587694 -5.285390 2.363389 -0.229455 9.841799 9.437723 -10.090745 -19.720138 75.599325 22.278529 59.052942 15.923709 0.610898 13.188356 -4.389573 0.154976 7.358364 -8.005497 9.201839 -16.289153 -76.660485 -29.849577 65.881788 -22.838985 -6.043133 12.890691 3.244329 -6.320519 0.610185 0.471533 1.105920 0.374707 -0.395869 -3.363812 -4.746903 -0.835311 0.000000 -0.000000 0.000000 4.038977 -1.183538 0.494223 -1.507436 0.897968 0.460065 1.174134 -3.604265 -1.327854 -0.000293 -0.295585 0.113685
0.066886 0.957102 0.112531 3.425501 4.193022 -0.048242 0.105800 -2.505705 0.791216 0.015273 -6.939696 0.354668 0.015127 -1.119265 0.356220 0.039248 4.997181 0.268176 -0.078158 16.558514 1.264813 -0.591409 -5.266231 2.373924 -0.222755 9.836172 9.431931 -10.069057 -19.718880 75.595029 22.021786 59.081455 15.734402 0.608334 13.191413 -4.367245 0.164822 7.341337 -8.011669 9.186482 -16.275786 -76.658405 -29.807997 65.883672 -22.803711 -6.042286 12.889114 3.242148 -6.320726 0.603568 0.478786 1.087679 0.402138 -0.399422 -3.344384 -4.752332 -0.825494 -0.000000 0.000000 0.000000 4.075177 -1.178083 0.498470 -1.531604 0.902481 0.463272 1.164107 -3.610967 -1.322361 -0.000293 -0.295144 0.113741
0.066985 0.957111 0.112582 3.427309 4.186645 -0.058472 0.110711 -2.496682 0.788620 0.017542 -6.935679 0.353529 0.017380 -1.115247 0.355311 0.040864 5.000195 0.267498 -0.082111 16.564653 1.266907 -0.599360 -5.254714 2.379115 -0.217639 9.835519 9.427195 -10.066312 -19.718585 75.593321 21.778081 59.121236 15.561054 0.605547 13.194445 -4.346452 0.180856 7.326876 -8.019573 9.189307 -16.267708 -76.652995 -29.786989 65.896510 -22.790869 -6.041403 12.888764 3.240190 -6.320476 0.601302 0.483886 1.074567 0.425812 -0.402672 -3.335746 -4.758797 -0.817231 -0.000000 0.000000 0.000000 4.110491 -1.171912 0.500264 -1.557562 0.908311 0.467631 1.152013 -3.617350 -1.318011 -0.000292 -0.295428 0.113385
0.067072 0.957111 0.112639 3.437943 4.179307 -0.063131 0.109200 -2.485894 0.784317 0.017026 -6.930889 0.351591 0.016868 -1.110458 0.353320 0.040322 5.003788 0.266000 -0.089914 16.564683 1.263613 -0.612671 -5.254549 2.375757 -0.211631 9.842721 9.425984 -10.090810 -19.723569 75.594765 21.558017 59.174315 15.411070 0.602188 13.197503 -4.328261 0.206641 7.317516 -8.031405 9.227123 -16.269867 -76.642953 -29.825891 65.930050 -22.838258 -6.040883 12.891004 3.239104 -6.319566 0.604355 0.484692 1.073279 0.443314 -0.405638 -3.348321 -4.766480 -0.810800 -0.000000 -0.000000 0.000000 4.141134 -1.167342 0.496800 -1.585413 0.918477 0.473918 1.138498 -3.624109 -1.314714 -0.000291 -0.296750 0.112374
0.067144 0.957106 0.112705 3.453787 4.170514 -0.064541 0.104256 -2.473512 0.778943 0.015027 -6.925397 0.349153 0.014884 -1.104966 0.350680 0.038624 5.007907 0.264010 -0.100625 16.560599 1.256855 -0.630234 -5.262023 2.367060 -0.207201 9.854895 9.425832 -10.134262 -19.729493 75.598824 21.350609 59.238869 15.276468 0.598589 13.200525 -4.311610 0.238613 7.310721 -8.044974 9.283119 -16.277374 -76.629606 -29.885558 65.974547 -22.908264 -6.040325 12.894470 3.238242 -6.318195 0.611758 0.483348 1.077117 0.457059 -0.408280 -3.371688 -4.775192 -0.805912 -0.000000 0.000000 -0.000000 4.170891 -1.162043 0.490885 -1.615053 0.929959 0.481357 1.122917 -3.630550 -1.312559 -0.000289 -0.298796 0.110952
0.067197 0.957099 0.112770 3.469210 4.163053 -0.065568 0.099576 -2.460849 0.773419 0.013151 -6.919780 0.346651 0.013022 -1.099348 0.347987 0.037013 5.012120 0.261982 -0.112575 16.550019 1.249406 -0.649981 -5.281545 2.357617 -0.207264 9.869146 9.422776 -10.173929 -19.730351 75.604909 21.141664 59.304925 15.143765 0.594920 13.202443 -4.302710 0.267230 7.304540 -8.056345 9.326182 -16.281907 -76.615459 -29.900127 66.012387 -22.937183 -6.038653 12.895956 3.242251 -6.321313 0.619220 0.482330 1.075742 0.468217 -0.409824 -3.384754 -4.783570 -0.802974 -0.000000 0.000000 0.000000 4.188914 -1.157489 0.486524 -1.635637 0.940490 0.487754 1.110322 -3.636901 -1.311195 -0.000287 -0.300441 0.109535
0.067228 0.957092 0.112830 3.482129 4.157805 -0.067021 0.096776 -2.447323 0.767701 0.012117 -6.913776 0.344071 0.011995 -1.093344 0.345302 0.036029 5.016623 0.259961 -0.126625 16.529714 1.242167 -0.673892 -5.319078 2.349452 -0.215435 9.885768 9.415928 -10.197041 -19.725181 75.612015 20.924345 59.364783 15.005660 0.590663 13.201706 -4.310513 0.288728 7.299448 -8.064854 9.336475 -16.281064 -76.598944 -29.832387 66.028585 -22.886296 -6.034983 12.892593 3.257464 -6.332259 0.624967 0.482168 1.061850 0.477494 -0.409536 -3.374809 -4.791505 -0.802625 -0.000000 0.000000 -0.000000 4.192376 -1.154123 0.485105 -1.643129 0.948958 0.492158 1.101384 -3.643017 -1.310555 -0.000285 -0.301183 0.108328
0.067239 0.957084 0.112890 3.494627 4.153890 -0.068090 0.094239 -2.433517 0.761835 0.011205 -6.907647 0.341427 0.011090 -1.087215 0.342565 0.035133 5.021220 0.257901 -0.141917 16.502914 1.234246 -0.699995 -5.368658 2.340566 -0.228105 9.904470 9.406178 -10.216347 -19.714951 75.621123 20.705474 59.426098 14.869462 0.586337 13.199775 -4.326051 0.306872 7.294966 -8.071159 9.333839 -16.277201 -76.581603 -29.719269 66.038051 -22.794039 -6.030221 12.887225 3.277540 -6.347695 0.630772 0.482328 1.042746 0.484184 -0.408157 -3.354560 -4.799108 -0.804234 -0.000000 -0.000000 0.000000 4.184104 -1.151504 0.485230 -1.641568 0.956472 0.495519 1.095432 -3.649043 -1.310708 -0.000282 -0.301523 0.107127
0.067236 0.957078 0.112960 3.507321 4.151456 -0.069203 0.090815 -2.422500 0.756877 0.009867 -6.902758 0.339186 0.009762 -1.082326 0.340188 0.033948 5.024887 0.256110 -0.154199 16.476924 1.225722 -0.720286 -5.416809 2.329493 -0.237355 9.921479 9.392220 -10.247376 -19.696551 75.634591 20.491261 59.501894 14.743554 0.583668 13.200162 -4.328668 0.323424 7.287712 -8.073313 9.346667 -16.269106 -76.570574 -29.605518 66.068138 -22.711802 -6.025959 12.885236 3.288123 -6.362552 0.637666 0.483695 1.030007 0.487334 -0.407127 -3.341047 -4.805350 -0.806302 0.000000 0.000000 -0.000000 4.161736 -1.149784 0.486716 -1.632223 0.964102 0.498501 1.095501 -3.655639 -1.311513 -0.000279 -0.301840 0.105734
0.067219 0.957072 0.113043 3.520016 4.150001 -0.070876 0.085134 -2.414748 0.754061 0.007446 -6.899324 0.337893 0.007359 -1.078892 0.338649 0.032023 5.027462 0.254949 -0.161579 16.452755 1.214541 -0.730502 -5.461726 2.311725 -0.238411 9.934642 9.371798 -10.300509 -19.668368 75.655529 20.284247 59.601257 14.631468 0.583338 13.204942 -4.307615 0.343883 7.272702 -8.071588 9.396556 -16.256622 -76.570755 -29.512381 66.139916 -22.666586 -6.022102 12.890451 3.282138 -6.373208 0.646703 0.487487 1.030367 0.486142 -0.407836 -3.344347 -4.809292 -0.808332 0.000000 0.000000 0.000000 4.114505 -1.148627 0.490485 -1.609304 0.972508 0.500689 1.106642 -3.662934 -1.312885 -0.000275 -0.302403 0.104217
0.067188 0.957067 0.113135 3.532908 4.150028 -0.072593 0.078565 -2.409785 0.752152 0.004600 -6.897129 0.337002 0.004533 -1.076698 0.337470 0.029810 5.029107 0.254057 -0.165944 16.429394 1.202750 -0.734886 -5.505220 2.291744 -0.236053 9.946110 9.347163 -10.365320 -19.631967 75.680787 20.081349 59.715217 14.528990 0.584675 13.212185 -4.273666 0.362750 7.254917 -8.065709 9.461890 -16.239894 -76.577214 -29.418074 66.232424 -22.630737 -6.018714 12.899087 3.266685 -6.383283 0.656827 0.492487 1.037091 0.481410 -0.408895 -3.354382 -4.811874 -0.810818 0.000000 0.000000 -0.000000 4.053177 -1.148363 0.495615 -1.578602 0.981032 0.502494 1.123805 -3.670798 -1.314914 -0.000271 -0.302943 0.102509
0.067148 0.957063 0.113242 3.547203 4.153197 -0.073233 0.074065 -2.409247 0.748506 0.002749 -6.896899 0.335347 0.002695 -1.076467 0.335627 0.028286 5.029279 0.252666 -0.168721 16.411105 1.196571 -0.738208 -5.539231 2.281540 -0.236689 9.958566 9.323775 -10.426142 -19.589019 75.703339 19.880428 59.829751 14.432991 0.587373 13.219425 -4.238450 0.365297 7.245921 -8.052895 9.506246 -16.218181 -76.582386 -29.302663 66.310011 -22.573614 -6.017615 12.905126 3.248665 -6.398568 0.665899 0.495925 1.041556 0.474592 -0.407571 -3.357954 -4.814881 -0.813742 0.000000 -0.000000 0.000000 4.007692 -1.150145 0.499157 -1.558761 0.988758 0.505828 1.134873 -3.679504 -1.317715 -0.000265 -0.303025 0.100211
0.067100 0.957061 0.113367 3.563299 4.161580 -0.072576 0.072898 -2.415486 0.741901 0.002506 -6.899676 0.332387 0.002454 -1.079245 0.332642 0.027874 5.027197 0.250418 -0.170040 16.400505 1.199357 -0.741854 -5.558838 2.287344 -0.243040 9.973852 9.304793 -10.479899 -19.537722 75.719071 19.685345 59.941179 14.349925 0.592301 13.225539 -4.206572 0.340437 7.253936 -8.030322 9.512646 -16.189588 -76.585501 -29.140702 66.353519 -22.467607 -6.020504 12.904686 3.229568 -6.422391 0.672343 0.496003 1.038728 0.465338 -0.401010 -3.346905 -4.818661 -0.816985 -0.000000 0.000000 -0.000000 3.992619 -1.154960 0.499748 -1.557817 0.994011 0.512030 1.133093 -3.689050 -1.321342 -0.000256 -0.302209 0.096918
0.067043 0.957059 0.113506 3.580800 4.173104 -0.070838 0.073799 -2.426147 0.733554 0.003258 -6.904417 0.328660 0.003201 -1.083985 0.328992 0.028151 5.023643 0.247669 -0.169776 16.394977 1.207750 -0.744453 -5.568962 2.302917 -0.252374 9.990132 9.287061 -10.529657 -19.479904 75.732081 19.492452 60.053254 14.273592 0.598603 13.231651 -4.173426 0.299264 7.270766 -8.000819 9.498070 -16.156020 -76.587384 -28.957950 66.381875 -22.340824 -6.025712 12.901660 3.207884 -6.451425 0.677735 0.494523 1.033641 0.454001 -0.392059 -3.329393 -4.822864 -0.820670 0.000000 0.000000 -0.000000 3.993388 -1.161829 0.498750 -1.567731 0.998464 0.519766 1.125219 -3.699441 -1.325738 -0.000244 -0.300936 0.093035
0.066975 0.957055 0.113649 3.599719 4.183208 -0.067558 0.075932 -2.435800 0.724480 0.004584 -6.908708 0.324614 0.004518 -1.088276 0.325080 0.028835 5.020427 0.244726 -0.168971 16.390935 1.217903 -0.746645 -5.576304 2.321546 -0.262913 10.004577 9.266554 -10.568984 -19.422714 75.747708 19.288479 60.162971 14.182133 0.603387 13.238617 -4.136811 0.260319 7.283328 -7.970054 9.477056 -16.122447 -76.582886 -28.811300 66.416681 -22.246251 -6.030009 12.901660 3.186012 -6.481482 0.684659 0.494108 1.032771 0.443081 -0.386545 -3.316696 -4.828239 -0.825143 -0.000000 0.000000 0.000000 3.996233 -1.168966 0.497301 -1.583034 1.006229 0.526931 1.119390 -3.710959 -1.330863 -0.000234 -0.300092 0.089377
0.066896 0.957048 0.113793 3.620996 4.190523 -0.061509 0.078470 -2.442487 0.714046 0.006140 -6.911680 0.319961 0.006064 -1.091248 0.320585 0.029644 5.018200 0.241344 -0.167602 16.385608 1.229570 -0.748353 -5.586018 2.342804 -0.274739 10.014742 9.240404 -10.592022 -19.366554 75.770663 19.055555 60.270870 14.057283 0.605237 13.247501 -4.092334 0.231721 7.283912 -7.939631 9.450397 -16.088498 -76.565342 -28.733797 66.473017 -22.217569 -6.032792 12.908745 3.160459 -6.515868 0.694122 0.495490 1.043350 0.433231 -0.387689 -3.313957 -4.835769 -0.830887 0.000000 -0.000000 -0.000000 4.001492 -1.176207 0.494656 -1.608888 1.019308 0.533045 1.119399 -3.724069 -1.336884 -0.000225 -0.299919 0.086138
0.066806 0.957038 0.113940 3.643693 4.196415 -0.053919 0.082242 -2.448163 0.702886 0.008271 -6.914202 0.314989 0.008179 -1.093770 0.315829 0.030860 5.016311 0.237767 -0.165690 16.381764 1.242997 -0.749652 -5.592957 2.367118 -0.287773 10.023077 9.211480 -10.604625 -19.311059 75.796279 18.811303 60.376169 13.917199 0.605612 13.257268 -4.044382 0.205337 7.280211 -7.907935 9.417313 -16.054532 -76.541427 -28.692688 66.536019 -22.221326 -6.034678 12.918849 3.134726 -6.551277 0.705115 0.497933 1.058146 0.423798 -0.392278 -3.316032 -4.844474 -0.837417 0.000000 -0.000000 0.000000 4.008827 -1.183712 0.491559 -1.640130 1.035697 0.538587 1.121454 -3.738304 -1.343635 -0.000218 -0.300175 0.083126
0.066712 0.957030 0.114086 3.665007 4.200424 -0.048006 0.088887 -2.453277 0.693915 0.011588 -6.916468 0.311011 0.011473 -1.096037 0.312188 0.033047 5.014614 0.235031 -0.164342 16.384133 1.255091 -0.751399 -5.588369 2.389059 -0.300004 10.034099 9.184374 -10.617956 -19.262208 75.815839 18.596023 60.473974 13.794977 0.605907 13.265571 -4.003916 0.175328 7.282220 -7.875780 9.389966 -16.026615 -76.525947 -28.645686 66.582516 -22.209279 -6.034221 12.925378 3.121701 -6.573595 0.717206 0.501848 1.061950 0.415316 -0.396480 -3.318767 -4.852164 -0.843627 -0.000000 -0.000000 0.000000 4.003452 -1.190190 0.491397 -1.655799 1.053509 0.542889 1.122311 -3.752552 -1.350584 -0.000212 -0.301024 0.080573
0.066616 0.957025 0.114233 3.683965 4.201054 -0.045574 0.099728 -2.458039 0.688180 0.016636 -6.918571 0.308505 0.016485 -1.098140 0.310194 0.036652 5.013040 0.233539 -0.164895 16.395792 1.265254 -0.755796 -5.566525 2.407940 -0.310900 10.051934 9.161628 -10.636974 -19.223512 75.825855 18.424814 60.564488 13.704984 0.606673 13.271286 -3.975694 0.136516 7.297840 -7.843254 9.376595 -16.009717 -76.527441 -28.565195 66.600076 -22.150309 -6.029391 12.924599 3.132164 -6.572794 0.733088 0.507844 1.044381 0.405751 -0.398666 -3.320667 -4.857150 -0.848928 -0.000000 -0.000000 0.000000 3.972555 -1.195116 0.496586 -1.640735 1.074987 0.545470 1.120824 -3.767365 -1.357930 -0.000209 -0.303209 0.078825
0.066516 0.957022 0.114379 3.701540 4.199803 -0.044823 0.113442 -2.462242 0.684636 0.022870 -6.920421 0.306993 0.022676 -1.099989 0.309316 0.041228 5.011656 0.232889 -0.165999 16.413664 1.274102 -0.760617 -5.533153 2.424472 -0.320996 10.072459 9.140709 -10.656774 -19.191454 75.829833 18.283361 60.647752 13.633647 0.607323 13.275447 -3.954949 0.094092 7.319165 -7.810271 9.368944 -15.998882 -76.537339 -28.478843 66.601076 -22.075591 -6.022191 12.920195 3.155325 -6.558899 0.750065 0.515320 1.015820 0.397132 -0.400453 -3.323228 -4.861121 -0.853910 -0.000000 0.000000 -0.000000 3.928947 -1.199011 0.504716 -1.610100 1.097893 0.546817 1.118140 -3.782192 -1.365472 -0.000207 -0.305987 0.077537
0.066418 0.957022 0.114508 3.717853 4.200711 -0.043565 0.127711 -2.465709 0.683053 0.029271 -6.921941 0.306363 0.029031 -1.101510 0.309335 0.045998 5.010518 0.232915 -0.164734 16.433261 1.280359 -0.760079 -5.496677 2.435323 -0.329875 10.087804 9.118593 -10.673738 -19.161459 75.829531 18.168229 60.718787 13.572501 0.607515 13.278901 -3.938358 0.057776 7.332476 -7.777380 9.354416 -15.985304 -76.544772 -28.426829 66.599597 -22.030004 -6.017178 12.916717 3.171721 -6.547885 0.759624 0.522862 0.992196 0.396092 -0.402881 -3.326778 -4.866952 -0.859240 0.000000 0.000000 -0.000000 3.896271 -1.202157 0.511944 -1.588420 1.113611 0.547718 1.114455 -3.794263 -1.372071 -0.000204 -0.307300 0.075909
0.066324 0.957027 0.114616 3.731963 4.204794 -0.040735 0.142909 -2.468444 0.683402 0.036006 -6.923134 0.306602 0.035718 -1.102704 0.310258 0.051086 5.009626 0.233622 -0.159547 16.454344 1.282783 -0.750874 -5.457597 2.437646 -0.338450 10.092944 9.092555 -10.688381 -19.128607 75.825638 18.081604 60.778695 13.520936 0.607140 13.282099 -3.923814 0.032289 7.329199 -7.743308 9.325656 -15.963010 -76.545991 -28.425105 66.601876 -22.032274 -6.016311 12.916001 3.172385 -6.544324 0.756876 0.529987 0.978947 0.409169 -0.407070 -3.331466 -4.877413 -0.865306 -0.000000 0.000000 0.000000 3.887876 -1.202984 0.516161 -1.587774 1.117062 0.548931 1.109177 -3.802176 -1.377049 -0.000196 -0.306083 0.073296
0.066233 0.957036 0.114708 3.744812 4.211035 -0.037396 0.158661 -2.470446 0.685713 0.042906 -6.923999 0.307721 0.042569 -1.103569 0.312078 0.056369 5.008980 0.235005 -0.151995 16.477160 1.282624 -0.736329 -5.415400 2.434310 -0.345811 10.092908 9.065308 -10.700204 -19.097818 75.817473 18.021705 60.826440 13.479989 0.606293 13.284563 -3.913420 0.012899 7.317886 -7.709331 9.290017 -15.937993 -76.544763 -28.457723 66.601715 -22.063659 -6.017630 12.916237 3.166289 -6.543645 0.746712 0.537167 0.970629 0.429828 -0.411907 -3.337144 -4.889733 -0.871718 -0.000000 0.000000 0.000000 3.890416 -1.203066 0.519476 -1.596080 1.113321 0.549694 1.102897 -3.807333 -1.381084 -0.000186 -0.303400 0.070343
0.066139 0.957047 0.114780 3.759347 4.220421 -0.034548 0.171525 -2.471525 0.689843 0.048451 -6.924457 0.309639 0.048074 -1.104028 0.314559 0.060693 5.008639 0.236883 -0.143820 16.497943 1.282326 -0.720624 -5.376995 2.430534 -0.348816 10.094907 9.041984 -10.704071 -19.079280 75.804731 17.979085 60.853784 13.443628 0.604938 13.285749 -3.910165 -0.004852 7.310517 -7.679808 9.256973 -15.919399 -76.541480 -28.516874 66.594594 -22.112670 -6.019782 12.916520 3.160891 -6.548112 0.735286 0.544406 0.966855 0.445086 -0.415091 -3.343697 -4.898477 -0.877975 -0.000000 0.000000 0.000000 3.887491 -1.207410 0.524373 -1.601626 1.109002 0.548501 1.097592 -3.811169 -1.385075 -0.000179 -0.300383 0.068178
0.066041 0.957059 0.114837 3.776628 4.232984 -0.033015 0.180448 -2.472010 0.695970 0.052166 -6.924656 0.312430 0.051762 -1.104226 0.317727 0.063708 5.008491 0.239274 -0.135055 16.516181 1.283389 -0.704364 -5.343302 2.429122 -0.345193 10.103263 9.024528 -10.697366 -19.076237 75.785825 17.954420 60.855149 13.411668 0.603230 13.285061 -3.917150 -0.023906 7.312536 -7.656155 9.231680 -15.909813 -76.535629 -28.613479 66.578891 -22.186874 -6.023572 12.916815 3.156422 -6.560461 0.726007 0.551922 0.969320 0.449082 -0.415431 -3.350865 -4.901117 -0.883624 0.000000 0.000000 -0.000000 3.873355 -1.217320 0.532936 -1.599576 1.106336 0.543777 1.093047 -3.814066 -1.389257 -0.000175 -0.297666 0.067480
0.065939 0.957073 0.114875 3.795594 4.248693 -0.031969 0.186485 -2.471576 0.703919 0.054526 -6.924448 0.316019 0.054105 -1.104019 0.321556 0.065765 5.008646 0.242160 -0.125672 16.532386 1.284301 -0.686948 -5.313398 2.427246 -0.337223 10.113647 9.010997 -10.682712 -19.085436 75.762310 17.947196 60.836137 13.384454 0.600992 13.283081 -3.931275 -0.041309 7.318509 -7.636943 9.208993 -15.906641 -76.527703 -28.736375 66.556144 -22.278452 -6.028194 12.917152 3.152651 -6.577954 0.715468 0.559505 0.976334 0.447679 -0.414122 -3.358908 -4.900181 -0.889119 -0.000000 0.000000 -0.000000 3.853756 -1.231491 0.543088 -1.594766 1.103095 0.537096 1.089478 -3.815641 -1.393395 -0.000174 -0.294613 0.067570
0.065840 0.957088 0.114886 3.816016 4.268444 -0.029925 0.189356 -2.469047 0.713023 0.055431 -6.923314 0.320107 0.055004 -1.102885 0.325735 0.066766 5.009497 0.245309 -0.117318 16.544324 1.282971 -0.670738 -5.291437 2.421645 -0.328597 10.120282 9.000693 -10.662828 -19.107324 75.738583 17.946140 60.805270 13.356717 0.597702 13.281033 -3.946226 -0.052666 7.324105 -7.622258 9.182940 -15.911252 -76.519582 -28.844661 66.526636 -22.352883 -6.029874 12.916724 3.156343 -6.594643 0.699592 0.566510 0.982438 0.445487 -0.412441 -3.368501 -4.897811 -0.895315 -0.000000 -0.000000 -0.000000 3.829540 -1.251021 0.551076 -1.589990 1.099204 0.531679 1.089506 -3.816182 -1.397681 -0.000171 -0.290457 0.067542
0.065752 0.957104 0.114861 3.838437 4.294273 -0.025249 0.188489 -2.465271 0.722516 0.054660 -6.921631 0.324348 0.054238 -1.101202 0.329898 0.066516 5.010758 0.248442 -0.110119 16.552165 1.278970 -0.655813 -5.277102 2.411560 -0.322701 10.118544 8.992197 -10.641068 -19.142167 75.717743 17.944521 60.771613 13.325939 0.592886 13.279712 -3.959003 -0.055349 7.327359 -7.611499 9.152922 -15.923704 -76.511803 -28.928504 66.491896 -22.401688 -6.026024 12.914980 3.173007 -6.606744 0.675608 0.571828 0.984989 0.442746 -0.411361 -3.381589 -4.894416 -0.902458 -0.000000 -0.000000 0.000000 3.800286 -1.278174 0.553334 -1.583032 1.094412 0.529896 1.091195 -3.815012 -1.401982 -0.000166 -0.285236 0.066766
0.065665 0.957122 0.114809 3.862316 4.324141 -0.019568 0.184460 -2.459401 0.733169 0.052436 -6.919021 0.329091 0.052029 -1.098592 0.334415 0.065212 5.012713 0.251838 -0.103955 16.555741 1.272713 -0.642101 -5.270701 2.397724 -0.316143 10.113049 8.986916 -10.614041 -19.189698 75.696643 17.949079 60.726116 13.294621 0.587026 13.278333 -3.972607 -0.051989 7.330247 -7.605275 9.119549 -15.943945 -76.503810 -28.997747 66.450454 -22.433375 -6.019229 12.912468 3.197133 -6.618041 0.646286 0.576563 0.986630 0.439215 -0.409911 -3.396227 -4.889587 -0.910304 -0.000000 0.000000 0.000000 3.766417 -1.310688 0.553446 -1.576108 1.088969 0.529377 1.096483 -3.812807 -1.406431 -0.000160 -0.278911 0.065871
0.065563 0.957139 0.114745 3.885796 4.352840 -0.016289 0.178712 -2.447720 0.746622 0.049327 -6.913830 0.335074 0.048942 -1.093401 0.340083 0.063337 5.016603 0.256100 -0.100108 16.552307 1.263381 -0.631741 -5.277321 2.379105 -0.302450 10.111874 8.988382 -10.574322 -19.249569 75.670286 17.968738 60.650136 13.264991 0.581042 13.275751 -3.989729 -0.046085 7.334354 -7.605487 9.078664 -15.973187 -76.495832 -29.041196 66.398179 -22.439110 -6.013487 12.910036 3.218953 -6.633942 0.615859 0.583407 0.989841 0.438785 -0.406448 -3.407245 -4.884248 -0.918969 0.000000 -0.000000 0.000000 3.730053 -1.342869 0.558383 -1.578667 1.083554 0.526233 1.113810 -3.811882 -1.411617 -0.000155 -0.270590 0.065843
0.065448 0.957156 0.114674 3.906430 4.379009 -0.016139 0.172886 -2.428939 0.763613 0.046030 -6.905482 0.342635 0.045668 -1.085052 0.347310 0.061442 5.022861 0.261537 -0.100947 16.538539 1.250378 -0.628981 -5.303091 2.355484 -0.281240 10.121320 8.997496 -10.512586 -19.326191 75.638169 17.991690 60.529588 13.222026 0.575119 13.271224 -4.011662 -0.039297 7.342133 -7.614502 9.028809 -16.014869 -76.488135 -29.050667 66.332201 -22.411712 -6.010398 12.907945 3.234545 -6.656179 0.584763 0.591828 0.995372 0.443446 -0.399811 -3.411189 -4.878386 -0.928116 0.000000 0.000000 -0.000000 3.703388 -1.370509 0.568897 -1.609003 1.074357 0.519206 1.149561 -3.813865 -1.416529 -0.000150 -0.257811 0.066662
0.065316 0.957173 0.114591 3.926659 4.404012 -0.018395 0.165354 -2.404347 0.783408 0.041851 -6.894552 0.351440 0.041519 -1.074122 0.355690 0.058980 5.031054 0.267841 -0.104097 16.517754 1.234306 -0.629553 -5.341892 2.327084 -0.252884 10.135090 9.013335 -10.438051 -19.415078 75.600558 18.029716 60.378619 13.180558 0.569095 13.265520 -4.037118 -0.029999 7.351142 -7.629965 8.971438 -16.065562 -76.480365 -29.034753 66.255404 -22.358792 -6.008368 12.905932 3.247831 -6.683026 0.552568 0.602372 1.002472 0.451210 -0.391159 -3.411515 -4.872011 -0.938082 -0.000000 -0.000000 -0.000000 3.674221 -1.397809 0.584229 -1.648819 1.065169 0.509560 1.197352 -3.817125 -1.422170 -0.000145 -0.243037 0.068346
0.065141 0.957189 0.114490 3.951950 4.426726 -0.024294 0.152661 -2.374101 0.805442 0.035281 -6.881117 0.361217 0.034995 -1.060686 0.364800 0.054791 5.041124 0.274692 -0.103724 16.497171 1.216130 -0.622835 -5.380423 2.293525 -0.212031 10.142377 9.036665 -10.371157 -19.502527 75.553695 18.126422 60.220907 13.186909 0.563365 13.259767 -4.064920 -0.016752 7.355617 -7.646695 8.906762 -16.116186 -76.471815 -29.007416 66.172300 -22.293690 -6.006586 12.904060 3.260817 -6.714706 0.522205 0.619352 1.011358 0.460000 -0.382333 -3.413422 -4.866080 -0.949985 -0.000000 0.000000 0.000000 3.608072 -1.431664 0.609118 -1.652671 1.068085 0.497156 1.246475 -3.819083 -1.432151 -0.000146 -0.232757 0.071935
0.064911 0.957209 0.114356 3.983682 4.445715 -0.035836 0.131769 -2.335753 0.830467 0.024934 -6.864095 0.372289 0.024720 -1.043664 0.374821 0.047857 5.053881 0.282223 -0.095165 16.477836 1.196338 -0.600317 -5.416825 2.254042 -0.148023 10.138938 9.071188 -10.314969 -19.587024 75.486740 18.308292 60.053260 13.266077 0.557832 13.254581 -4.094637 0.001581 7.353443 -7.665128 8.827261 -16.165332 -76.459071 -28.964956 66.078168 -22.210542 -6.004284 12.901986 3.276230 -6.754206 0.495721 0.645301 1.023557 0.467480 -0.373274 -3.416712 -4.858425 -0.963469 -0.000000 0.000000 0.000000 3.484369 -1.474560 0.649420 -1.593731 1.087504 0.476212 1.286476 -3.817705 -1.439876 -0.000148 -0.229602 0.073690
0.064637 0.957228 0.114204 4.020472 4.462424 -0.051020 0.105739 -2.291743 0.857739 0.012200 -6.844568 0.384340 0.012075 -1.024136 0.385580 0.039201 5.068515 0.290308 -0.083113 16.458711 1.174410 -0.570541 -5.452928 2.209341 -0.071474 10.129018 9.113079 -10.266457 -19.670043 75.410602 18.546833 59.878616 13.390960 0.552605 13.249392 -4.126703 0.023859 7.346743 -7.684862 8.740434 -16.214417 -76.445439 -28.911492 65.977696 -22.115632 -6.002229 12.900053 3.291343 -6.798550 0.471084 0.677685 1.037540 0.475988 -0.364037 -3.421585 -4.851216 -0.978891 0.000000 0.000000 0.000000 3.323639 -1.523859 0.699420 -1.498848 1.119083 0.452541 1.327808 -3.815021 -1.451949 -0.000156 -0.230943 0.077350
0.064326 0.957234 0.114080 4.063638 4.480061 -0.065080 0.080257 -2.249563 0.884452 -0.000270 -6.825855 0.396149 -0.000309 -1.005424 0.396122 0.030724 5.082538 0.298231 -0.075789 16.443894 1.149806 -0.548497 -5.480967 2.161276 -0.008958 10.114538 9.151892 -10.237019 -19.742512 75.354421 18.803682 59.729879 13.530403 0.548375 13.243556 -4.161233 0.048153 7.336110 -7.699448 8.669032 -16.258603 -76.440449 -28.872125 65.889558 -22.039921 -6.001928 12.899354 3.299982 -6.839012 0.445102 0.713203 1.048942 0.490454 -0.356632 -3.433835 -4.851918 -0.998440 -0.000000 0.000000 0.000000 3.153046 -1.578820 0.746519 -1.403094 1.161803 0.443364 1.391115 -3.814512 -1.491794 -0.000195 -0.235392 0.095163
0.063982 0.957222 0.113986 4.114353 4.502259 -0.073209 0.056050 -2.214359 0.908367 -0.012052 -6.810245 0.406719 -0.012011 -0.989813 0.405496 0.022668 5.094234 0.305275 -0.077854 16.439439 1.121869 -0.542508 -5.489625 2.110210 0.029246 10.092935 9.183127 -10.236742 -19.797086 75.337906 19.060436 59.620774 13.662973 0.545134 13.236474 -4.200020 0.079935 7.316773 -7.704754 8.622855 -16.293630 -76.450339 -28.853412 65.830825 -21.997701 -6.004743 12.901252 3.297178 -6.875308 0.411464 0.749445 1.059535 0.515938 -0.353875 -3.457089 -4.865651 -1.024149 0.000000 0.000000 0.000000 2.985222 -1.635249 0.778504 -1.328416 1.200481 0.465364 1.501136 -3.803076 -1.578157 -0.000292 -0.247703 0.135208
0.063601 0.957196 0.113920 4.171447 4.525381 -0.080201 0.032377 -2.180996 0.931736 -0.023576 -6.795454 0.417050 -0.023456 -0.975023 0.414658 0.014789 5.105315 0.312160 -0.084669 16.439281 1.091284 -0.544316 -5.490248 2.055855 0.053407 10.066760 9.211388 -10.255609 -19.841259 75.341607 19.336630 59.537564 13.811452 0.542898 13.228786 -4.241277 0.113780 7.293510 -7.704936 8.592127 -16.323743 -76.469061 -28.848282 65.784460 -21.974171 -6.009300 12.904392 3.287899 -6.907726 0.376451 0.788803 1.067537 0.547381 -0.352933 -3.487706 -4.887306 -1.053975 -0.000000 0.000000 0.000000 2.807544 -1.697403 0.807635 -1.252859 1.250310 0.501834 1.633090 -3.793533 -1.692294 -0.000435 -0.263200 0.189385
0.063187 0.957159 0.113918 4.232715 4.541734 -0.095700 0.012718 -2.141559 0.958496 -0.033472 -6.777956 0.428919 -0.033286 -0.957525 0.425522 0.008252 5.118426 0.320332 -0.090475 16.429346 1.059538 -0.544001 -5.509057 1.999109 0.067757 10.045591 9.239971 -10.274874 -19.888270 75.335949 19.651539 59.471906 14.011797 0.542366 13.221665 -4.279744 0.131413 7.281223 -7.705905 8.570257 -16.356871 -76.487790 -28.861124 65.717990 -21.956400 -6.012998 12.905790 3.280878 -6.928399 0.355734 0.835164 1.063256 0.574522 -0.347351 -3.520574 -4.909010 -1.083988 -0.000000 -0.000000 0.000000 2.609253 -1.777188 0.858013 -1.145669 1.355804 0.519918 1.733471 -3.828446 -1.801579 -0.000571 -0.266311 0.245717
0.062736 0.957102 0.113977 4.300715 4.544947 -0.127326 -0.002474 -2.089612 0.992332 -0.041705 -6.754888 0.443974 -0.041466 -0.934458 0.439740 0.003210 5.135714 0.331037 -0.094969 16.399845 1.024468 -0.540379 -5.564264 1.935962 0.065507 10.028976 9.271474 -10.294640 -19.947197 75.308517 20.035807 59.421782 14.300135 0.543168 13.215178 -4.314102 0.118056 7.290941 -7.710704 8.561981 -16.400973 -76.504053 -28.903852 65.608834 -21.943330 -6.014902 12.904189 3.279532 -6.930396 0.359952 0.892019 1.040888 0.590655 -0.331108 -3.558008 -4.926659 -1.113439 -0.000000 0.000000 0.000000 2.361384 -1.893479 0.945656 -0.977337 1.566679 0.502911 1.781094 -3.942221 -1.889718 -0.000644 -0.247802 0.297779
0.062251 0.957033 0.114100 4.372894 4.541434 -0.167485 -0.013600 -2.031612 1.029591 -0.048296 -6.729122 0.460578 -0.048016 -0.908693 0.455676 -0.000477 5.155025 0.343039 -0.098440 16.360597 0.988202 -0.534562 -5.637593 1.870332 0.053477 10.017334 9.303378 -10.314853 -20.008971 75.271764 20.458925 59.388335 14.640521 0.545625 13.209245 -4.345677 0.088460 7.311590 -7.716147 8.562585 -16.448060 -76.520380 -28.964522 65.479534 -21.936069 -6.015953 12.900842 3.280440 -6.920605 0.378377 0.955908 1.006255 0.602454 -0.310229 -3.597696 -4.944368 -1.143070 -0.000000 0.000000 0.000000 2.092558 -2.026909 1.054801 -0.777703 1.833379 0.468015 1.797316 -4.100705 -1.973106 -0.000666 -0.216847 0.352030
0.061747 0.956975 0.114328 4.439368 4.542668 -0.202993 -0.018484 -1.978973 1.063182 -0.051962 -6.705727 0.475572 -0.051661 -0.885298 0.470297 -0.002088 5.172560 0.354056 -0.096010 16.326954 0.958641 -0.520050 -5.700509 1.814964 0.056283 10.021561 9.331215 -10.316515 -20.059515 75.233227 20.848232 59.368426 14.960292 0.551421 13.204774 -4.373188 0.068640 7.324932 -7.718839 8.551262 -16.482182 -76.535330 -29.012012 65.365305 -21.925196 -6.016370 12.896525 3.282077 -6.911890 0.394673 1.020257 0.967107 0.619737 -0.296346 -3.627591 -4.966572 -1.171193 -0.000000 0.000000 0.000000 1.878622 -2.132316 1.161552 -0.604860 2.051429 0.432963 1.792514 -4.243845 -2.068215 -0.000673 -0.185444 0.415859
0.061238 0.956938 0.114676 4.489396 4.550612 -0.229002 -0.014446 -1.934129 1.091266 -0.051429 -6.685777 0.488141 -0.051135 -0.865348 0.482920 -0.000724 5.187516 0.363574 -0.083565 16.303371 0.938175 -0.489992 -5.744769 1.772781 0.094505 10.054230 9.353836 -10.280521 -20.094528 75.189280 21.188887 59.350906 15.237607 0.563130 13.201048 -4.401112 0.073440 7.321828 -7.718355 8.506990 -16.493665 -76.549905 -29.018508 65.273875 -21.890826 -6.014564 12.889091 3.290255 -6.899412 0.402468 1.083400 0.919550 0.649131 -0.296911 -3.639657 -4.995357 -1.197186 -0.000000 -0.000000 0.000000 1.757515 -2.190539 1.257406 -0.477488 2.182669 0.402621 1.767592 -4.352539 -2.186968 -0.000696 -0.158029 0.529315
0.060711 0.956911 0.115129 4.533713 4.563268 -0.250345 -0.004208 -1.894642 1.115657 -0.047983 -6.668194 0.499083 -0.047715 -0.847764 0.494213 0.002708 5.200700 0.372093 -0.065211 16.285394 0.924384 -0.451237 -5.778613 1.740808 0.147506 10.102791 9.372371 -10.226005 -20.118174 75.143289 21.496395 59.347621 15.494550 0.578095 13.198771 -4.425025 0.088043 7.311441 -7.715229 8.450721 -16.492224 -76.562991 -29.012093 65.197528 -21.853067 -6.012140 12.880682 3.299158 -6.888015 0.408168 1.146980 0.867444 0.684005 -0.304473 -3.641929 -5.028614 -1.221684 0.000000 -0.000000 -0.000000 1.691637 -2.221266 1.350436 -0.376701 2.265214 0.371758 1.721643 -4.445882 -2.317349 -0.000692 -0.130218 0.652355
0.060142 0.956890 0.115690 4.594639 4.586155 -0.268327 0.006261 -1.864607 1.134729 -0.044196 -6.654812 0.507648 -0.043955 -0.834382 0.503162 0.006215 5.210735 0.378845 -0.048393 16.274982 0.917992 -0.417861 -5.798285 1.723038 0.178049 10.140457 9.385708 -10.191292 -20.129149 75.113403 21.744429 59.390578 15.725351 0.590237 13.200878 -4.430225 0.094007 7.302991 -7.707533 8.424625 -16.490966 -76.569987 -29.045092 65.148374 -21.862064 -6.014051 12.878532 3.289826 -6.905106 0.414706 1.209356 0.830186 0.714321 -0.308299 -3.646465 -5.064490 -1.244868 0.000000 -0.000000 -0.000000 1.643820 -2.237985 1.441373 -0.303949 2.308839 0.342495 1.662267 -4.521095 -2.439961 -0.000591 -0.100693 0.672224
0.059529 0.956879 0.116373 4.678319 4.623806 -0.287238 0.016102 -1.849959 1.148744 -0.040443 -6.648272 0.513952 -0.040228 -0.827841 0.509847 0.009527 5.215639 0.383889 -0.033088 16.280245 0.922612 -0.391009 -5.788684 1.726103 0.165004 10.153512 9.392031 -10.192022 -20.122821 75.105741 21.922594 59.509785 15.939191 0.596528 13.209419 -4.405441 0.080721 7.300243 -7.691842 8.462983 -16.493400 -76.573082 -29.160835 65.149355 -21.967002 -6.025081 12.889603 3.241037 -6.975900 0.424035 1.271872 0.826721 0.731929 -0.302302 -3.652121 -5.097111 -1.264984 0.000000 -0.000000 -0.000000 1.606255 -2.244798 1.533052 -0.276132 2.312212 0.316858 1.605002 -4.576137 -2.551659 -0.000350 -0.064621 0.492039
0.058876 0.956874 0.117164 4.778605 4.671697 -0.302713 0.026146 -1.844755 1.157406 -0.036355 -6.645930 0.517865 -0.036168 -0.825500 0.514175 0.012907 5.217396 0.387155 -0.019271 16.293014 0.934719 -0.369481 -5.765033 1.743532 0.129487 10.155675 9.393187 -10.212504 -20.103936 75.114423 22.042775 59.675490 16.128688 0.600242 13.222239 -4.361843 0.058816 7.299392 -7.671513 8.531579 -16.495970 -76.570237 -29.315960 65.177446 -22.118639 -6.040328 12.906989 3.174026 -7.075138 0.434319 1.333258 0.838137 0.745019 -0.292593 -3.660036 -5.132354 -1.283780 -0.000000 -0.000000 -0.000000 1.586881 -2.237785 1.622634 -0.276191 2.276536 0.292625 1.534241 -4.613136 -2.655560 -0.000118 -0.026726 0.208672
0.058166 0.956855 0.118031 4.899400 4.721735 -0.303062 0.032955 -1.835264 1.158297 -0.033392 -6.641694 0.518287 -0.033224 -0.821263 0.514898 0.015168 5.220576 0.387706 -0.014413 16.290848 0.944280 -0.363887 -5.769018 1.759580 0.097645 10.161292 9.393544 -10.244035 -20.085357 75.139754 22.111238 59.830055 16.262694 0.604727 13.235931 -4.318365 0.041709 7.298304 -7.654736 8.569884 -16.501235 -76.550551 -29.431749 65.175959 -22.218550 -6.050232 12.917113 3.133524 -7.154522 0.442694 1.387928 0.827041 0.768058 -0.286682 -3.685687 -5.186008 -1.306652 0.000000 0.000000 -0.000000 1.572069 -2.218295 1.702420 -0.254672 2.215485 0.265507 1.410833 -4.635654 -2.741640 0.000000 0.000000 0.000000
0.057408 0.956822 0.118973 5.043835 4.772409 -0.280206 0.034352 -1.820102 1.148128 -0.032387 -6.634957 0.513737 -0.032226 -0.814526 0.510450 0.015566 5.225632 0.384362 -0.021758 16.270214 0.950025 -0.379884 -5.807158 1.773095 0.081556 10.178961 9.394615 -10.299721 -20.070249 75.191984 22.124619 59.965618 16.326161 0.612815 13.251668 -4.276821 0.034185 7.296661 -7.645659 8.549743 -16.502564 -76.506497 -29.474687 65.118716 -22.223134 -6.050346 12.911163 3.143548 -7.195396 0.445789 1.430356 0.777915 0.808501 -0.288810 -3.735976 -5.266058 -1.334392 -0.000181 0.010286 -0.050119 1.554657 -2.179909 1.766523 -0.172073 2.118841 0.229954 1.196124 -4.635225 -2.794831 0.000031 0.007465 -0.049793
0.056593 0.956775 0.119990 5.208833 4.825094 -0.242153 0.032473 -1.800582 1.130243 -0.032526 -6.626295 0.505722 -0.032364 -0.805864 0.502420 0.014830 5.232133 0.378319 -0.038098 16.234667 0.953146 -0.411890 -5.872879 1.785125 0.069147 10.200089 9.394920 -10.366317 -20.055465 75.260938 22.084213 60.090093 16.332257 0.621604 13.268336 -4.235439 0.031443 7.294803 -7.640159 8.499356 -16.506713 -76.445491 -29.478387 65.031887 -22.176246 -6.045329 12.897839 3.180038 -7.216446 0.446829 1.466014 0.706219 0.858831 -0.294591 -3.803963 -5.364559 -1.366090 -0.000384 0.020573 -0.100237 1.541789 -2.129075 1.820949 -0.067763 1.997113 0.190836 0.928708 -4.620458 -2.830290 0.000016 0.003729 -0.024897
0.055683 0.956705 0.121053 5.388980 4.876033 -0.201376 0.030355 -1.767018 1.112270 -0.032799 -6.611391 0.497660 -0.032635 -0.790960 0.494331 0.013987 5.243315 0.372236 -0.061289 16.172454 0.947181 -0.453768 -5.988119 1.783026 0.050344 10.213222 9.394333 -10.395654 -20.044474 75.316161 22.002953 60.169446 16.291876 0.625668 13.279064 -4.207799 0.032523 7.291577 -7.634038 8.442730 -16.536374 -76.379078 -29.463981 64.937441 -22.109870 -6.039254 12.889841 3.215629 -7.225411 0.452717 1.505779 0.621026 0.911022 -0.298545 -3.884345 -5.473428 -1.404565 0.000000 -0.000000 0.000000 1.541256 -2.086407 1.875781 -0.010721 1.894920 0.160028 0.685333 -4.620568 -2.883189 0.000000 0.000000 -0.000000
0.054667 0.956608 0.122149 5.588500 4.925597 -0.159510 0.027045 -1.714903 1.095047 -0.033672 -6.588244 0.489924 -0.033502 -0.767813 0.486506 0.012710 5.260679 0.366355 -0.093167 16.071515 0.928308 -0.507761 -6.175306 1.760527 0.015924 10.212615 9.393127 -10.356322 -20.037926 75.344406 21.863878 60.177118 16.190125 0.621527 13.278955 -4.202750 0.039777 7.283310 -7.625253 8.394937 -16.603414 -76.312091 -29.441710 64.853012 -22.038082 -6.032700 12.895225 3.240974 -7.218045 0.464409 1.550661 0.509417 0.961118 -0.297582 -3.972336 -5.589127 -1.451196 0.001352 -0.092597 0.451063 1.552030 -2.052395 1.931459 -0.045091 1.810715 0.143379 0.513236 -4.640206 -2.970905 -0.000000 0.000000 -0.000000
0.053556 0.956487 0.123290 5.803173 4.973358 -0.114894 0.023457 -1.648733 1.077923 -0.034702 -6.558851 0.482226 -0.034527 -0.738420 0.478704 0.011313 5.282727 0.360493 -0.131979 15.943991 0.900171 -0.571750 -6.411874 1.723685 -0.024891 10.204017 9.391074 -10.279719 -20.035296 75.358497 21.685317 60.139194 16.043504 0.612581 13.272817 -4.211393 0.050866 7.273656 -7.615919 8.340987 -16.696074 -76.239903 -29.401660 64.760857 -21.947230 -6.025066 12.905930 3.265496 -7.198576 0.480853 1.599677 0.384315 1.012981 -0.294672 -4.072659 -5.715251 -1.504522 0.002054 -0.216092 1.052476 1.575125 -2.026620 1.987486 -0.126795 1.745603 0.135713 0.365265 -4.674743 -3.075959 0.000000 0.000000 -0.000000
0.052340 0.956341 0.124491 6.014874 5.014478 -0.075144 0.025477 -1.572395 1.066290 -0.033490 -6.524924 0.477002 -0.033325 -0.704493 0.473602 0.011793 5.308176 0.356671 -0.170190 15.814446 0.867496 -0.633003 -6.652269 1.678278 -0.054536 10.193224 9.387206 -10.211999 -20.038287 75.367135 21.532971 60.100967 15.909683 0.603705 13.268332 -4.220679 0.057816 7.272456 -7.607982 8.259765 -16.801584 -76.159766 -29.334757 64.629904 -21.827834 -6.018530 12.910543 3.289978 -7.187416 0.505895 1.660789 0.293562 1.070399 -0.293519 -4.194268 -5.854433 -1.563095 0.001887 -0.277874 1.353177 1.621413 -2.028403 2.052302 -0.192695 1.748064 0.132974 0.176617 -4.739586 -3.180949 0.000000 -0.000000 0.000000
0.051002 0.956168 0.125737 6.227473 5.050887 -0.044846 0.032726 -1.486864 1.063459 -0.030344 -6.486895 0.475727 -0.030200 -0.666464 0.472647 0.014035 5.336701 0.355976 -0.206107 15.685005 0.829383 -0.687962 -6.892592 1.621947 -0.065179 10.180425 9.383296 -10.183623 -20.048387 75.372423 21.441485 60.083762 15.818804 0.596448 13.268886 -4.228176 0.052922 7.290149 -7.601337 8.125122 -16.923912 -76.069237 -29.199658 64.423073 -21.639369 -6.014402 12.901309 3.314787 -7.191152 0.543439 1.742556 0.256700 1.123430 -0.298275 -4.353389 -6.004783 -1.625824 0.001937 -0.216163 1.052461 1.676106 -2.077165 2.136690 -0.188906 1.847257 0.126474 -0.100273 -4.839523 -3.275360 -0.000000 -0.000000 0.000000
0.049560 0.955970 0.127043 6.437070 5.080730 -0.019485 0.045640 -1.391233 1.066235 -0.024942 -6.444361 0.476969 -0.024834 -0.623930 0.474438 0.018168 5.368605 0.357354 -0.241442 15.553596 0.786642 -0.740133 -7.136652 1.556838 -0.064696 10.165450 9.377381 -10.164251 -20.063991 75.372409 21.375508 60.066605 15.739867 0.589222 13.271104 -4.236334 0.043897 7.316304 -7.595873 7.963202 -17.059115 -75.970165 -29.040888 64.177120 -21.426090 -6.011406 12.885973 3.339451 -7.203124 0.589452 1.836535 0.254126 1.182186 -0.304844 -4.533717 -6.168316 -1.693587 0.001252 -0.092659 0.451051 1.753886 -2.153718 2.229362 -0.169711 2.014176 0.125866 -0.417760 -4.970140 -3.368987 0.000000 -0.000000 0.000000
0.048062 0.955752 0.128464 6.613848 5.093532 0.006846 0.071332 -1.286573 1.070137 -0.013933 -6.397785 0.478741 -0.013896 -0.577353 0.477327 0.026563 5.403544 0.359566 -0.273708 15.438427 0.746718 -0.787339 -7.350574 1.495683 -0.059132 10.153593 9.362866 -10.108768 -20.082214 75.369659 21.294798 60.031572 15.637802 0.582245 13.272587 -4.239454 0.045856 7.329491 -7.593647 7.831383 -17.182566 -75.866579 -28.974141 63.972210 -21.301455 -6.007813 12.876385 3.363497 -7.223941 0.636041 1.925130 0.274903 1.280582 -0.304511 -4.695387 -6.353470 -1.767933 -0.000000 -0.000000 -0.000000 1.909893 -2.219369 2.305715 -0.234117 2.209765 0.154107 -0.697747 -5.133070 -3.474993 0.000000 -0.000000 -0.000000
0.046548 0.955530 0.130008 6.745011 5.085303 0.039325 0.116043 -1.172655 1.073168 0.005540 -6.347050 0.480155 0.005457 -0.526618 0.480718 0.041305 5.441609 0.362165 -0.302605 15.350236 0.713853 -0.830426 -7.514360 1.446137 -0.048834 10.145388 9.336309 -10.004553 -20.100778 75.361046 21.181872 59.972986 15.500620 0.576413 13.271867 -4.236607 0.069254 7.314732 -7.596357 7.734886 -17.283413 -75.761617 -29.023090 63.844596 -21.291218 -6.003018 12.879527 3.385145 -7.265249 0.672875 1.996368 0.314798 1.443264 -0.292705 -4.811270 -6.565915 -1.849299 -0.000358 0.020600 -0.100232 2.185145 -2.241352 2.348578 -0.433796 2.382814 0.225272 -0.914972 -5.314805 -3.600005 0.000000 -0.000000 -0.000000
0.044978 0.955289 0.131668 6.843314 5.060069 0.072618 0.173495 -1.049685 1.077321 0.030604 -6.292260 0.482070 0.030371 -0.471830 0.485178 0.060297 5.482718 0.365573 -0.328398 15.278239 0.683972 -0.868552 -7.648086 1.400813 -0.033594 10.140433 9.301101 -9.864054 -20.122074 75.349020 21.054881 59.896323 15.341134 0.570912 13.270433 -4.228701 0.103563 7.287082 -7.602729 7.668633 -17.372675 -75.652751 -29.159785 63.758259 -21.364969 -5.997571 12.888434 3.406271 -7.315526 0.710530 2.062069 0.377907 1.645633 -0.273824 -4.908342 -6.799899 -1.937349 -0.000171 0.010303 -0.050115 2.538658 -2.252048 2.375621 -0.716686 2.583861 0.324897 -1.094260 -5.528829 -3.737533 0.000000 0.000000 0.000000
0.043284 0.954990 0.133476 6.917263 5.019384 0.096838 0.232026 -0.919373 1.084013 0.056023 -6.234202 0.485084 0.055643 -0.413773 0.490771 0.079641 5.526279 0.369832 -0.349450 15.208323 0.652092 -0.897018 -7.778045 1.349962 -0.018628 10.142599 9.261028 -9.679525 -20.150431 75.344063 20.927309 59.800300 15.161782 0.563457 13.270325 -4.212754 0.132410 7.270151 -7.610311 7.674772 -17.458604 -75.536359 -29.418549 63.685068 -21.547880 -5.991483 12.894032 3.431905 -7.340653 0.772541 2.140338 0.465789 1.847675 -0.252461 -5.027886 -7.046744 -2.032397 -0.000000 0.000000 0.000000 2.902631 -2.310655 2.414172 -1.026141 2.926256 0.432442 -1.232422 -5.817024 -3.881263 -0.000000 -0.000000 -0.000000
0.041451 0.954634 0.135466 6.973325 4.963768 0.112106 0.287072 -0.781361 1.092194 0.079811 -6.172727 0.488716 0.079299 -0.352300 0.496818 0.097804 5.572400 0.374430 -0.365635 15.131720 0.615762 -0.914774 -7.920559 1.289048 -0.006906 10.156516 9.215945 -9.431382 -20.187939 75.350759 20.770145 59.678071 14.930982 0.551683 13.273237 -4.184383 0.148131 7.273690 -7.618054 7.794796 -17.548074 -75.410600 -29.861932 63.621337 -21.894616 -5.985498 12.892586 3.463856 -7.325928 0.869487 2.236372 0.577190 2.033277 -0.234748 -5.189987 -7.303651 -2.130501 -0.000000 0.000000 -0.000000 3.259302 -2.420896 2.466010 -1.353592 3.419261 0.548062 -1.325309 -6.186768 -4.033427 0.000000 -0.000000 0.000000
0.039494 0.954220 0.137604 7.005041 4.892754 0.118305 0.343252 -0.636034 1.102848 0.103977 -6.107993 0.493413 0.103336 -0.287571 0.503969 0.116334 5.620964 0.379855 -0.377118 15.057203 0.577421 -0.922891 -8.059295 1.222556 0.004455 10.177546 9.166078 -9.138766 -20.232970 75.363424 20.613073 59.536445 14.680948 0.538093 13.277464 -4.147903 0.158382 7.287922 -7.626738 7.987813 -17.634514 -75.278722 -30.426295 63.568831 -22.349878 -5.978954 12.887804 3.500265 -7.285979 0.990742 2.345164 0.713321 2.218701 -0.214383 -5.374422 -7.573615 -2.235241 0.000000 0.000000 0.000000 3.626224 -2.579420 2.528642 -1.707776 4.053604 0.670434 -1.376165 -6.630358 -4.192046 0.000000 -0.000000 0.000000
0.037397 0.953717 0.139825 7.001561 4.806434 0.105236 0.402765 -0.486263 1.120363 0.129307 -6.041265 0.501136 0.128536 -0.220848 0.514263 0.135974 5.671024 0.387648 -0.382717 14.996982 0.539408 -0.919869 -8.171552 1.154251 0.019100 10.195590 9.115774 -8.852153 -20.284171 75.377625 20.555900 59.395448 14.507519 0.527629 13.279926 -4.113424 0.169784 7.307125 -7.636460 8.172275 -17.705823 -75.144164 -30.956433 63.508784 -22.773548 -5.969769 12.881747 3.540629 -7.230607 1.128000 2.469543 0.879564 2.412448 -0.177264 -5.561939 -7.856733 -2.358174 -0.000000 0.000000 -0.000000 3.988221 -2.835445 2.621918 -2.058859 4.914890 0.776337 -1.392863 -7.166967 -4.344394 0.000000 -0.000000 0.000000
0.035129 0.953096 0.142079 6.952116 4.700017 0.063129 0.469775 -0.328713 1.149458 0.157425 -5.971040 0.513987 0.156517 -0.150629 0.529968 0.158110 5.723707 0.399516 -0.380922 14.957515 0.501432 -0.902695 -8.245347 1.082936 0.042868 10.210065 9.062773 -8.599453 -20.346295 75.400159 20.630833 59.260807 14.438923 0.524279 13.278928 -4.083871 0.179605 7.334808 -7.647879 8.306510 -17.759700 -75.006436 -31.381713 63.417399 -23.091232 -5.956037 12.873436 3.590581 -7.164979 1.271704 2.616654 1.083369 2.636475 -0.117609 -5.743549 -8.157266 -2.503070 0.000000 -0.000000 0.000000 4.356362 -3.184255 2.759877 -2.387857 6.002189 0.864975 -1.406220 -7.829477 -4.497058 0.000257 0.040606 -0.010263
0.032720 0.952386 0.144416 6.867633 4.578208 0.001985 0.540295 -0.166764 1.185231 0.186778 -5.898832 0.529768 0.185733 -0.078431 0.548728 0.181401 5.777877 0.413684 -0.373271 14.932310 0.463843 -0.874473 -8.292709 1.009929 0.069915 10.221508 9.009231 -8.352873 -20.414516 75.424592 20.802899 59.127698 14.443193 0.523973 13.276120 -4.056406 0.190554 7.367453 -7.660334 8.432130 -17.798191 -74.865355 -31.772447 63.319712 -23.376650 -5.939684 12.863778 3.644490 -7.083801 1.431496 2.779325 1.317451 2.868810 -0.040921 -5.927808 -8.471071 -2.666214 0.000000 -0.000000 0.000000 4.717727 -3.631356 2.927783 -2.716370 7.316273 0.934322 -1.384323 -8.584773 -4.644131 0.000469 0.081208 -0.020541
0.030245 0.951635 0.146922 6.769762 4.455367 -0.058773 0.604241 -0.013341 1.217600 0.213365 -5.830425 0.543987 0.212203 -0.010033 0.565646 0.202491 5.829196 0.426458 -0.363096 14.914117 0.429987 -0.842824 -8.327011 0.942859 0.086525 10.221417 8.966164 -8.079647 -20.472668 75.427344 21.069578 59.000643 14.523951 0.519488 13.273428 -4.032503 0.217429 7.388815 -7.672119 8.592155 -17.815649 -74.724106 -32.185962 63.271521 -23.712382 -5.924235 12.857720 3.685006 -6.981068 1.627831 2.938917 1.565302 3.051908 0.049483 -6.121726 -8.785609 -2.848141 -0.000000 -0.000000 -0.000000 5.020804 -4.240882 3.101855 -3.077646 8.945220 0.955576 -1.241951 -9.352514 -4.756579 -0.000000 -0.000000 0.000000
0.027667 0.950798 0.149669 6.659592 4.331870 -0.119580 0.659046 0.126546 1.245372 0.236115 -5.768058 0.556133 0.234859 0.052325 0.580102 0.220533 5.875982 0.437370 -0.351782 14.904353 0.399556 -0.810229 -8.345607 0.881672 0.086206 10.203555 8.937179 -7.745794 -20.503010 75.400926 21.410718 58.863655 14.655038 0.508311 13.273251 -4.008125 0.275193 7.384035 -7.679617 8.809772 -17.800561 -74.576105 -32.691705 63.311887 -24.179879 -5.910273 12.860210 3.703367 -6.838308 1.879756 3.096106 1.835357 3.157010 0.158059 -6.338302 -9.102709 -3.057054 -0.000000 0.000000 -0.000000 5.288046 -5.012365 3.306029 -3.604181 10.916783 0.863354 -0.882334 -10.267015 -4.844389 -0.000225 -0.074468 0.123825
0.025023 0.949921 0.152586 6.536043 4.207301 -0.179913 0.707219 0.257955 1.269558 0.256089 -5.709478 0.566663 0.254758 0.110896 0.592659 0.236362 5.919928 0.446848 -0.337881 14.901543 0.372899 -0.774130 -8.351250 0.826499 0.075677 10.174046 8.918847 -7.385583 -20.522727 75.353472 21.844171 58.732122 14.859669 0.492953 13.273182 -3.987243 0.348912 7.367958 -7.686669 9.061587 -17.764741 -74.427590 -33.225376 63.401175 -24.701930 -5.897025 12.866420 3.708389 -6.673570 2.168057 3.250632 2.119599 3.212606 0.279075 -6.564060 -9.420648 -3.284991 -0.000000 -0.000000 -0.000000 5.494236 -5.945614 3.517075 -4.177939 13.200903 0.698737 -0.400962 -11.192851 -4.909301 -0.000480 -0.271008 0.278149
0.022496 0.949185 0.155544 6.417334 4.094996 -0.219123 0.746137 0.383098 1.283407 0.272432 -5.653724 0.572566 0.271046 0.166642 0.600221 0.249102 5.961752 0.452557 -0.320423 14.894109 0.354350 -0.734475 -8.365415 0.785209 0.061118 10.142919 8.911694 -7.068620 -20.567857 75.284669 22.425694 58.656320 15.217166 0.473646 13.268053 -3.983343 0.408526 7.368909 -7.702692 9.320771 -17.737367 -74.301517 -33.640962 63.478238 -25.120675 -5.885963 12.866672 3.709070 -6.535901 2.455963 3.382096 2.376786 3.247163 0.393748 -6.766768 -9.721523 -3.508103 0.000000 0.000000 0.000000 5.519083 -7.103577 3.642843 -4.445315 15.803546 0.611277 -0.004102 -11.645289 -4.905482 -0.001764 -1.097212 0.273749
0.020144 0.948751 0.158484 6.308016 3.993971 -0.222555 0.771559 0.507513 1.280548 0.283546 -5.598365 0.571001 0.282134 0.221996 0.599785 0.257331 6.003279 0.452233 -0.296756 14.875781 0.346240 -0.687224 -8.399756 0.761218 0.041520 10.107034 8.922287 -6.827526 -20.659265 75.187401 23.211747 58.660193 15.797274 0.446569 13.252326 -4.008667 0.437605 7.400687 -7.737224 9.597550 -17.738870 -74.200563 -33.901843 63.528954 -25.398443 -5.876579 12.854138 3.712734 -6.435648 2.732703 3.478343 2.585428 3.273498 0.492982 -6.943542 -10.000341 -3.722446 0.000000 0.000000 -0.000000 5.278414 -8.541703 3.633506 -4.210252 18.816402 0.709386 0.182092 -11.453228 -4.779512 0.000344 -2.812969 -0.006827
0.017909 0.948459 0.161466 6.203371 3.905371 -0.204984 0.787546 0.625662 1.267262 0.290972 -5.545839 0.564794 0.289552 0.274518 0.594331 0.262428 6.042678 0.448124 -0.269461 14.852830 0.346233 -0.636270 -8.442628 0.751062 0.018001 10.069578 8.944163 -6.629659 -20.775947 75.069108 24.152302 58.713256 16.537314 0.415224 13.231920 -4.051088 0.452450 7.449438 -7.780610 9.881776 -17.748411 -74.122784 -34.041664 63.569249 -25.570141 -5.869464 12.835664 3.711960 -6.363025 3.009343 3.550894 2.766977 3.278997 0.585765 -7.097757 -10.262186 -3.931715 0.000000 -0.000000 -0.000000 4.862222 -10.204907 3.553617 -3.632441 22.150553 0.944927 0.285883 -10.789438 -4.574169 0.019406 -5.155190 -0.462109
0.015804 0.948005 0.164538 6.107697 3.845746 -0.190057 0.803967 0.723153 1.255902 0.298558 -5.502490 0.559483 0.297126 0.317864 0.589791 0.267721 6.075195 0.444701 -0.245420 14.832505 0.351682 -0.593447 -8.480540 0.752327 -0.000177 10.050038 8.958125 -6.446691 -20.891261 74.950863 25.143625 58.785206 17.318178 0.390878 13.218722 -4.087509 0.472188 7.502070 -7.813371 10.115800 -17.732736 -74.083806 -34.015549 63.583973 -25.583084 -5.867682 12.822138 3.693657 -6.336980 3.282021 3.614227 2.944518 3.254146 0.680794 -7.206978 -10.503974 -4.123664 0.000000 0.000000 -0.000000 4.411421 -11.989218 3.480782 -2.881574 25.544638 1.254389 0.477512 -9.685515 -4.380371 0.066254 -7.845086 -0.966229
0.013790 0.947169 0.167657 6.038645 3.821098 -0.188232 0.818003 0.796334 1.251299 0.304832 -5.469937 0.557242 0.303389 0.350413 0.588187 0.272265 6.099613 0.443491 -0.227802 14.816550 0.364463 -0.565404 -8.510217 0.769729 -0.010291 10.061114 8.958670 -6.264461 -21.003527 74.838663 26.186781 58.875447 18.124156 0.380636 13.219446 -4.109618 0.500755 7.560674 -7.822679 10.241602 -17.682407 -74.094091 -33.722481 63.538991 -25.333225 -5.873963 12.818628 3.645134 -6.386863 3.553667 3.675919 3.163206 3.185919 0.790213 -7.298717 -10.731715 -4.306097 0.000000 -0.000000 -0.000000 3.852384 -13.930459 3.481101 -1.877911 29.046874 1.662007 0.811620 -7.870084 -4.311894 0.145619 -11.111680 -1.457576
0.011907 0.946171 0.170865 5.978578 3.825391 -0.189216 0.832525 0.848870 1.248737 0.311278 -5.446555 0.555954 0.309819 0.373792 0.587553 0.277016 6.117154 0.443012 -0.213391 14.803228 0.382746 -0.545442 -8.534932 0.798639 -0.015159 10.090062 8.951144 -6.097246 -21.114484 74.726490 27.284619 58.982623 18.974353 0.377524 13.227187 -4.125643 0.534387 7.623205 -7.821315 10.316282 -17.606423 -74.141885 -33.266290 63.465942 -24.927670 -5.885235 12.820370 3.579162 -6.483206 3.821407 3.727720 3.378012 3.087410 0.901409 -7.345692 -10.939012 -4.471655 -0.000000 0.000000 -0.000000 3.252633 -15.992007 3.498611 -0.655161 32.603601 2.214445 1.223783 -5.614342 -4.228076 0.270653 -14.716738 -2.068921
0.010278 0.945376 0.174339 5.878917 3.857069 -0.185560 0.866000 0.877383 1.246290 0.326207 -5.433798 0.554732 0.324688 0.386540 0.587847 0.288177 6.126729 0.443226 -0.199529 14.794564 0.398323 -0.525443 -8.551016 0.822647 -0.013915 10.118142 8.932517 -5.959512 -21.202583 74.617453 28.330151 59.080607 19.795784 0.371873 13.233164 -4.137230 0.580692 7.670439 -7.828214 10.454760 -17.498991 -74.209005 -32.903976 63.450600 -24.624692 -5.895896 12.823401 3.520891 -6.556616 4.072568 3.760510 3.476713 2.988314 0.986916 -7.243542 -11.103354 -4.586196 -0.000000 0.000000 0.000000 2.973401 -17.961675 3.399635 0.408287 35.803219 2.815088 1.733048 -3.770286 -3.861033 0.455504 -17.677883 -2.928587
0.008950 0.944946 0.178133 5.705668 3.920398 -0.190757 0.932963 0.877009 1.252726 0.355678 -5.433770 0.557478 0.354026 0.386550 0.593583 0.310615 6.126765 0.447536 -0.186352 14.790955 0.407286 -0.504172 -8.557762 0.834474 -0.001321 10.141752 8.896105 -5.856130 -21.258387 74.501750 29.301874 59.157552 20.577100 0.359641 13.232334 -4.147067 0.649339 7.696427 -7.853188 10.697838 -17.357072 -74.302683 -32.702543 63.533026 -24.496776 -5.898441 12.825764 3.489836 -6.521901 4.289850 3.789098 3.341100 2.906583 1.037298 -6.910435 -11.208861 -4.638482 0.000326 0.031624 -0.030878 3.223124 -19.814502 3.085429 1.081394 38.655705 3.403498 2.454409 -2.718005 -2.974644 0.735785 -19.677004 -4.234425
0.007877 0.944718 0.182191 5.492799 4.011110 -0.191647 1.018899 0.852650 1.259236 0.393640 -5.444347 0.560286 0.391811 0.375948 0.600246 0.339469 6.118850 0.452541 -0.173749 14.792006 0.413555 -0.482916 -8.555871 0.841431 0.017343 10.164510 8.848583 -5.782389 -21.291384 74.389726 30.219163 59.227529 21.327832 0.344937 13.229666 -4.152457 0.730627 7.707201 -7.886397 11.004227 -17.183124 -74.414534 -32.589479 63.675532 -24.465068 -5.900532 12.829216 3.466487 -6.464447 4.490449 3.798749 3.089238 2.824069 1.064866 -6.428435 -11.270622 -4.641669 0.000522 0.063277 -0.061727 3.820703 -21.572728 2.611407 1.577237 41.152426 3.993552 3.307288 -2.105900 -1.830845 1.068740 -21.009264 -5.742546
0.007051 0.944565 0.186529 5.293796 4.115115 -0.140681 1.098670 0.815576 1.237528 0.430220 -5.460668 0.550554 0.428215 0.359601 0.594227 0.366328 6.106625 0.447983 -0.158719 14.798547 0.420649 -0.457374 -8.543799 0.848972 0.027225 10.178474 8.806993 -5.738363 -21.308530 74.314897 31.034371 59.306595 22.005153 0.330367 13.231368 -4.146947 0.803060 7.701451 -7.917332 11.366185 -16.979885 -74.503157 -32.608948 63.850316 -24.557202 -5.919338 12.835436 3.417368 -6.571591 4.713076 3.735689 2.963203 2.716431 1.074251 -5.939134 -11.312659 -4.598002 0.000000 0.000000 -0.000000 4.548286 -23.096236 2.065800 2.128988 42.856442 4.537725 4.009813 -1.676582 -0.916999 1.309000 -21.639913 -6.841217
0.006521 0.944483 0.191183 5.115026 4.235824 -0.003669 1.166235 0.760636 1.167503 0.463679 -5.485112 0.519334 0.461505 0.335131 0.566404 0.389200 6.088300 0.426984 -0.134367 14.820587 0.434695 -0.416867 -8.502972 0.865898 0.021161 10.183086 8.780525 -5.721850 -21.306743 74.290928 31.722038 59.411711 22.592349 0.316523 13.242109 -4.125214 0.863221 7.670132 -7.945035 11.823811 -16.729554 -74.551737 -32.838539 64.064593 -24.844781 -5.963537 12.848869 3.327893 -7.004635 4.972353 3.548456 3.145233 2.564226 1.068614 -5.484608 -11.337009 -4.503086 -0.001151 -0.218560 0.263285 5.519092 -24.312642 1.389220 2.731496 43.561357 5.032851 4.403307 -1.411934 -0.436313 1.368299 -21.478116 -7.223875
0.006239 0.944476 0.196117 4.950562 4.370371 0.185184 1.227756 0.692990 1.069324 0.495779 -5.515320 0.475606 0.493436 0.304895 0.525934 0.410095 6.065642 0.396453 -0.107578 14.848104 0.449588 -0.372072 -8.451988 0.883456 0.006386 10.178879 8.760008 -5.735029 -21.289202 74.304231 32.308468 59.529528 23.107995 0.302978 13.257074 -4.092517 0.914586 7.622205 -7.970422 12.336944 -16.450891 -74.574878 -33.207654 64.310997 -25.263296 -6.024131 12.865411 3.212516 -7.605327 5.248329 3.286902 3.452746 2.386706 1.042280 -5.022359 -11.342326 -4.361316 -0.002918 -0.532160 0.619055 6.623009 -25.283730 0.635895 3.308940 43.474917 5.400786 4.612434 -1.308452 -0.179283 1.299364 -20.655021 -7.131465
0.006050 0.944426 0.201232 4.835335 4.495054 0.371254 1.276231 0.639381 0.975069 0.521842 -5.539326 0.433617 0.519361 0.280865 0.486591 0.426563 6.047629 0.366778 -0.096030 14.851898 0.450457 -0.350726 -8.445033 0.880681 -0.010337 10.159511 8.734956 -5.784518 -21.272279 74.347375 32.822813 59.631197 23.561532 0.290762 13.268256 -4.058322 0.945946 7.583297 -7.985854 12.778120 -16.201498 -74.580995 -33.535446 64.540117 -25.633652 -6.091801 12.874102 3.081323 -8.080801 5.532065 3.049787 3.580642 2.217554 0.987406 -4.567172 -11.347711 -4.187458 -0.004868 -0.854874 0.832716 7.282714 -26.090324 0.098508 3.989940 42.784741 5.491103 4.775666 -1.113504 0.008135 1.165862 -19.488266 -6.781386
0.005867 0.944302 0.206508 4.791576 4.594441 0.540984 1.304162 0.612037 0.891204 0.538222 -5.551683 0.396218 0.535657 0.268493 0.450855 0.436072 6.038348 0.339825 -0.105492 14.820726 0.427863 -0.360144 -8.503006 0.842127 -0.028240 10.119679 8.696537 -5.896399 -21.261394 74.449876 33.253198 59.715999 23.937020 0.279272 13.271467 -4.020570 0.944489 7.567094 -7.984195 13.110973 -15.995151 -74.564661 -33.792732 64.726449 -25.919324 -6.170889 12.868639 2.926543 -8.339441 5.839269 2.868385 3.390837 2.054357 0.898707 -4.091735 -11.348280 -3.975482 -0.006212 -1.167734 0.771747 7.238281 -26.761201 -0.073448 4.891266 41.484076 5.226287 4.969320 -0.728687 0.179697 0.988390 -18.042565 -6.225762
0.005778 0.944137 0.211966 4.796901 4.683408 0.708313 1.318852 0.598755 0.811256 0.548501 -5.557809 0.360542 0.545885 0.262357 0.416222 0.441109 6.033738 0.313705 -0.130208 14.765846 0.391244 -0.393002 -8.604986 0.783227 -0.048108 10.064713 8.653586 -6.044561 -21.250764 74.582200 33.608741 59.786585 24.247855 0.268984 13.270903 -3.981438 0.923016 7.559909 -7.972566 13.372498 -15.817855 -74.533939 -34.005733 64.895666 -26.153878 -6.257358 12.855490 2.755972 -8.471894 6.158914 2.713015 3.021205 1.898460 0.786212 -3.622649 -11.349384 -3.732006 -0.006590 -1.489653 0.568743 6.723131 -27.282965 0.002176 5.920063 39.589714 4.689878 5.124793 -0.248556 0.288634 0.773779 -16.258606 -5.419435
0.005887 0.943905 0.217567 4.819089 4.783467 0.859942 1.335355 0.589662 0.747830 0.558807 -5.562022 0.332227 0.556141 0.258135 0.388953 0.446725 6.030564 0.293138 -0.170558 14.691806 0.354033 -0.455078 -8.742436 0.729309 -0.065506 10.004214 8.622113 -6.157341 -21.240525 74.648463 33.948529 59.818246 24.545472 0.262523 13.271212 -3.956747 0.908708 7.546319 -7.964781 13.545378 -15.684763 -74.519556 -34.069665 65.076161 -26.256120 -6.329535 12.842771 2.603125 -8.456335 6.447619 2.592322 2.580586 1.789671 0.665622 -3.256105 -11.385162 -3.490289 -0.006048 -1.791517 0.386792 5.894141 -27.685371 0.225939 6.920189 37.322893 4.010559 5.167538 0.286311 0.337210 0.557494 -14.254653 -4.456276
0.006216 0.943574 0.223249 4.851354 4.902596 0.994399 1.360697 0.584652 0.704138 0.572115 -5.564347 0.312701 0.569387 0.255797 0.370778 0.455276 6.028809 0.279427 -0.234897 14.592318 0.318417 -0.562982 -8.926953 0.687785 -0.082582 9.936854 8.612473 -6.196978 -21.230972 74.593310 34.321703 59.777478 24.875253 0.262525 13.274812 -3.957443 0.910332 7.523513 -7.965195 13.584678 -15.610313 -74.532711 -33.896573 65.278951 -26.148888 -6.378428 12.830853 2.478424 -8.223131 6.683801 2.523421 2.079679 1.746867 0.531167 -3.068034 -11.483705 -3.270351 -0.005262 -2.041524 0.293327 4.594260 -27.976808 0.677814 7.981687 34.695395 3.184221 5.041999 0.833498 0.294712 0.348152 -11.969696 -3.255063
0.006743 0.943178 0.229074 4.900502 5.032731 1.113262 1.387854 0.583852 0.676932 0.585457 -5.564749 0.300521 0.582666 0.255380 0.359952 0.464410 6.028498 0.271259 -0.314718 14.473604 0.282323 -0.699993 -9.147046 0.651597 -0.097121 9.863930 8.614224 -6.201472 -21.222049 74.472225 34.676136 59.697895 25.188219 0.266303 13.279420 -3.972589 0.919123 7.494320 -7.969553 13.535329 -15.579997 -74.562759 -33.567265 65.492237 -25.902455 -6.413308 12.819295 2.371482 -7.840320 6.890589 2.490333 1.507241 1.751724 0.388177 -2.983345 -11.616401 -3.050378 -0.004395 -2.271491 0.221015 2.977978 -28.136474 1.280803 9.069345 31.686667 2.269191 4.813875 1.443159 0.163227 0.169639 -9.444541 -1.944685
0.007505 0.942797 0.235197 4.954708 5.171527 1.207701 1.410922 0.577689 0.669097 0.596084 -5.567480 0.297014 0.593241 0.252638 0.357524 0.472157 6.026446 0.269425 -0.385115 14.358984 0.252698 -0.821850 -9.359554 0.624093 -0.098147 9.799006 8.612160 -6.212738 -21.213968 74.355626 34.921466 59.655647 25.396855 0.268584 13.282592 -3.985149 0.935957 7.451800 -7.978836 13.514620 -15.565315 -74.607319 -33.231876 65.711003 -25.658073 -6.439679 12.814823 2.284626 -7.492702 7.090823 2.451490 0.939434 1.789059 0.266438 -2.871358 -11.732397 -2.801483 -0.002908 -2.547702 0.130767 1.677847 -28.165423 1.688473 9.794953 28.467337 1.460308 4.586572 2.212500 -0.006153 0.052481 -6.953402 -0.924544
0.008499 0.942447 0.241591 5.005254 5.334243 1.276716 1.432598 0.556581 0.680580 0.605210 -5.576792 0.302185 0.602313 0.243317 0.363621 0.479432 6.019464 0.274026 -0.441284 14.256292 0.232912 -0.920745 -9.549937 0.609631 -0.074767 9.754002 8.598945 -6.243055 -21.208021 74.272948 35.026123 59.687056 25.460650 0.266580 13.282332 -3.992128 0.966892 7.388669 -7.996295 13.579151 -15.564835 -74.669156 -32.959732 65.962005 -25.487774 -6.456577 12.825029 2.227757 -7.220261 7.264238 2.394249 0.374726 1.865651 0.178534 -2.675116 -11.824254 -2.517823 -0.000222 -2.883728 0.008844 0.947891 -28.079178 1.758015 9.891337 25.023645 0.796180 4.410250 3.183204 -0.221300 -0.007918 -4.351301 -0.375004
0.009729 0.942114 0.248283 5.060725 5.505680 1.321350 1.450342 0.529996 0.711412 0.611696 -5.588478 0.316022 0.608754 0.231624 0.378116 0.485375 6.010707 0.284963 -0.487977 14.157673 0.219490 -1.004328 -9.732769 0.603547 -0.037912 9.717134 8.581841 -6.280141 -21.203011 74.194804 35.022773 59.756606 25.421607 0.263101 13.280588 -3.996514 1.005967 7.312327 -8.018850 13.672497 -15.579568 -74.745690 -32.682410 66.219166 -25.319715 -6.464792 12.841982 2.191097 -6.982954 7.430603 2.330751 -0.184845 1.975737 0.111111 -2.449998 -11.899824 -2.206829 0.003739 -3.265997 -0.131066 0.537123 -27.875194 1.623710 9.604384 21.368852 0.251486 4.240576 4.309296 -0.484438 -0.018792 -1.789944 -0.125422
0.011233 0.941827 0.255500 5.135106 5.637857 1.335782 1.450395 0.516875 0.764718 0.609260 -5.594129 0.339871 0.606321 0.225976 0.401718 0.485354 6.006484 0.302766 -0.514703 14.062991 0.208981 -1.051474 -9.908448 0.595213 -0.009305 9.666387 8.567611 -6.328881 -21.195774 74.103349 34.919446 59.832860 25.318269 0.261335 13.280767 -3.990234 1.036044 7.237765 -8.037811 13.742275 -15.584678 -74.826428 -32.347637 66.398752 -25.083859 -6.472336 12.849218 2.147380 -6.845995 7.672484 2.257413 -0.657519 2.085241 0.054488 -2.232435 -11.931519 -1.860723 0.009318 -3.720094 -0.286914 0.320844 -27.540974 1.352675 9.261534 17.721512 -0.133561 4.030611 5.557921 -0.723476 -0.000000 0.000000 -0.000000
0.013020 0.941647 0.263260 5.241326 5.727102 1.313909 1.426109 0.518817 0.845758 0.594696 -5.593034 0.376081 0.591825 0.227086 0.436450 0.477130 6.007327 0.328963 -0.516014 13.973478 0.199533 -1.051112 -10.074770 0.578896 -0.003955 9.586999 8.557732 -6.386861 -21.181780 73.988674 34.697725 59.902740 25.148942 0.261910 13.285096 -3.965872 1.047417 7.167811 -8.051077 13.766547 -15.569057 -74.915267 -31.875517 66.444336 -24.699581 -6.479540 12.836680 2.091536 -6.870257 8.010897 2.172161 -0.993391 2.170175 0.010142 -2.024050 -11.902954 -1.468056 0.017425 -4.253326 -0.469287 0.185396 -27.079471 0.994641 9.004034 14.079005 -0.375632 3.716880 7.164532 -0.873559 0.012318 0.516671 0.054418
0.015081 0.941514 0.271545 5.366270 5.777245 1.261758 1.384178 0.534148 0.949421 0.571214 -5.585955 0.422368 0.568457 0.234189 0.480354 0.462947 6.012658 0.362076 -0.497332 13.888042 0.192878 -1.014082 -10.233685 0.559903 -0.006609 9.493613 8.550849 -6.456441 -21.165952 73.860601 34.374940 59.978602 24.913932 0.264150 13.291464 -3.930881 1.049876 7.099518 -8.060540 13.767122 -15.544201 -75.008224 -31.352175 66.410872 -24.254984 -6.485974 12.814495 2.028475 -6.994693 8.424565 2.076990 -1.242115 2.254614 -0.024740 -1.820173 -11.830532 -1.041050 0.028324 -4.858406 -0.667624 0.239051 -26.485079 0.504336 8.643653 10.450488 -0.496215 3.357107 8.898226 -1.013787 0.007304 0.258478 0.025594
0.017434 0.941280 0.280524 5.484911 5.751526 1.191491 1.330744 0.576968 1.063306 0.542081 -5.566666 0.473145 0.539475 0.253507 0.528173 0.444839 6.027141 0.398141 -0.464482 13.803086 0.190978 -0.952143 -10.391785 0.544213 0.006368 9.408319 8.549472 -6.549594 -21.159440 73.730859 34.013345 60.067377 24.655159 0.269317 13.296746 -3.899487 1.055439 7.039158 -8.063373 13.757129 -15.519458 -75.082875 -30.971379 66.382870 -23.930606 -6.498625 12.796671 1.945850 -7.101588 8.932647 1.975377 -1.471540 2.376318 -0.065937 -1.647784 -11.735616 -0.606725 0.041028 -5.539025 -0.848112 0.686204 -25.728368 -0.187512 8.003553 7.074969 -0.490463 3.078486 10.026055 -1.254293 0.000000 -0.000000 0.000000
0.020140 0.940892 0.290316 5.586738 5.623794 1.101042 1.267207 0.658897 1.191952 0.507656 -5.529997 0.530408 0.505240 0.290208 0.581942 0.423226 6.054652 0.438694 -0.416309 13.714482 0.190680 -0.861861 -10.556762 0.525408 0.053189 9.343595 8.549351 -6.697234 -21.174260 73.606299 33.653820 60.186005 24.405208 0.279203 13.299734 -3.874640 1.068936 6.991937 -8.057698 13.739125 -15.487057 -75.137802 -30.832801 66.384657 -23.812423 -6.521483 12.790548 1.831553 -7.176577 9.567042 1.868213 -1.668251 2.537236 -0.125917 -1.525197 -11.629312 -0.163466 0.055051 -6.291431 -1.001675 1.776894 -24.687903 -1.209327 6.836003 3.891094 -0.301436 2.929891 10.150562 -1.644027 -0.000000 0.000000 0.000000
0.023137 0.940402 0.300801 5.682652 5.420269 0.992067 1.192039 0.768520 1.330541 0.467476 -5.481052 0.592059 0.465281 0.339188 0.639514 0.397591 6.091358 0.482125 -0.353924 13.626488 0.195196 -0.746531 -10.720647 0.509891 0.115547 9.287160 8.554731 -6.868239 -21.199057 73.480109 33.253816 60.317531 24.129177 0.292013 13.301628 -3.853348 1.085472 6.952693 -8.045329 13.710536 -15.454954 -75.174504 -30.835400 66.393396 -23.812937 -6.551006 12.788712 1.697762 -7.233585 10.295860 1.754784 -1.845666 2.735320 -0.192804 -1.431757 -11.500263 0.287452 0.070764 -7.119346 -1.137472 3.228965 -23.458810 -2.385334 5.367136 0.971907 0.019690 2.862330 9.666875 -2.095897 0.000000 -0.000000 -0.000000
0.026259 0.939827 0.311791 5.779695 5.182654 0.882268 1.106950 0.885417 1.452604 0.423576 -5.428992 0.646353 0.421614 0.391282 0.689351 0.368576 6.130384 0.519736 -0.286707 13.547936 0.216116 -0.628434 -10.866868 0.523210 0.162165 9.223868 8.580876 -6.981524 -21.209318 73.343331 32.751471 60.417820 23.769155 0.303704 13.302779 -3.840902 1.102418 6.912177 -8.029009 13.677045 -15.455830 -75.174886 -30.867085 66.424106 -23.847407 -6.582923 12.783013 1.568610 -7.197157 11.042579 1.639115 -2.111309 3.003181 -0.244296 -1.336866 -11.336201 0.714729 0.087756 -8.037646 -1.249025 4.474176 -22.355811 -3.361297 4.160215 -1.251922 0.297574 2.846807 9.029508 -2.500328 -0.000000 0.000000 -0.000000
0.029443 0.939144 0.323227 5.892454 4.911439 0.786587 1.004341 1.009059 1.543087 0.373298 -5.374119 0.686599 0.371594 0.446190 0.724494 0.333669 6.171505 0.546278 -0.209584 13.485683 0.266744 -0.503322 -10.982667 0.588511 0.179930 9.139926 8.642311 -6.954080 -21.185982 73.172157 32.063467 60.439789 23.249045 0.312868 13.302783 -3.840431 1.122045 6.863724 -8.004117 13.643829 -15.503798 -75.124521 -30.949552 66.505801 -23.949327 -6.623295 12.766144 1.435050 -6.983324 11.804284 1.534451 -2.570629 3.337441 -0.270392 -1.237955 -11.146899 1.084722 0.103767 -9.035003 -1.313811 5.336604 -21.485293 -4.028936 3.516873 -2.638582 0.404649 2.949473 8.204343 -2.983364 0.000000 -0.000000 0.000000
0.032752 0.938375 0.335167 6.006450 4.606142 0.689823 0.891820 1.140084 1.616676 0.319344 -5.316079 0.719359 0.317905 0.504263 0.751777 0.295407 6.214991 0.566908 -0.127916 13.432788 0.333865 -0.376147 -11.081031 0.683059 0.181743 9.049099 8.724734 -6.868943 -21.147093 72.990372 31.276618 60.427763 22.648951 0.321015 13.301892 -3.848772 1.141976 6.814009 -7.975201 13.605628 -15.584381 -75.037544 -31.063287 66.609195 -24.087229 -6.666284 12.745189 1.306219 -6.674611 12.584107 1.434868 -3.116183 3.743606 -0.278730 -1.136950 -10.922627 1.430713 0.119870 -10.122741 -1.354135 6.021036 -20.761395 -4.531018 3.170683 -3.342930 0.438567 3.092264 7.229946 -3.429488 -0.000000 -0.000000 -0.000000
0.036210 0.937595 0.347589 6.085069 4.306954 0.564928 0.793943 1.259770 1.691841 0.271820 -5.263053 0.752864 0.270606 0.557314 0.780458 0.262046 6.254711 0.588598 -0.066782 13.377271 0.389314 -0.283163 -11.184219 0.763752 0.175403 8.977371 8.800110 -6.893897 -21.124359 72.859758 30.579785 60.477071 22.140179 0.328484 13.301426 -3.861812 1.152638 6.773711 -7.958781 13.552572 -15.687305 -74.938622 -31.030681 66.662577 -24.075778 -6.689019 12.733769 1.233390 -6.446290 13.314467 1.311132 -3.535192 4.266973 -0.275783 -1.007569 -10.622494 1.820390 0.142281 -11.349691 -1.431754 6.558384 -20.232118 -4.932476 2.848433 -3.388020 0.553314 3.007961 6.660537 -3.358688 -0.000000 -0.000000 -0.000000
0.039754 0.936741 0.360411 6.101775 4.050515 0.372803 0.722552 1.354482 1.788491 0.235086 -5.221009 0.795979 0.234040 0.599375 0.819845 0.237554 6.286194 0.618363 -0.032919 13.312697 0.420913 -0.232270 -11.304195 0.810316 0.161223 8.928564 8.848719 -7.122445 -21.139073 72.830725 30.054103 60.664552 21.791515 0.334242 13.303640 -3.874024 1.154294 6.734265 -7.962316 13.484581 -15.798352 -74.835352 -30.777962 66.639435 -23.829351 -6.680115 12.741247 1.237632 -6.320139 13.974385 1.190025 -3.755919 4.887465 -0.266812 -0.849319 -10.273137 2.297897 0.177144 -12.680663 -1.594654 6.967284 -20.035925 -5.266641 2.497945 -2.539116 0.873986 2.391913 6.797690 -2.325740 -0.000000 -0.000000 0.000000
0.043448 0.935876 0.373715 6.083604 3.799921 0.153264 0.665813 1.437996 1.886943 0.204782 -5.183906 0.839896 0.203869 0.636491 0.860686 0.217969 6.313970 0.649225 -0.019580 13.245432 0.440956 -0.215610 -11.429091 0.843297 0.138867 8.898802 8.890148 -7.460988 -21.170256 72.852374 29.611879 60.917068 21.525092 0.339378 13.306208 -3.890950 1.146694 6.704123 -7.978369 13.401304 -15.931447 -74.719771 -30.378239 66.566147 -23.433401 -6.650364 12.758306 1.297777 -6.274997 14.584349 1.037539 -3.847334 5.623132 -0.250840 -0.654107 -9.849502 2.816647 0.223036 -14.150546 -1.798293 7.237175 -20.039339 -5.515387 2.194988 -1.030436 1.276963 1.595484 7.357611 -0.750697 -0.000000 0.000000 0.000000
0.047503 0.935270 0.387731 6.074146 3.485218 -0.002273 0.612716 1.532474 1.946396 0.177910 -5.142015 0.866387 0.177116 0.678389 0.884447 0.199645 6.345342 0.667204 -0.031594 13.182702 0.457921 -0.245737 -11.545382 0.880714 0.115190 8.902486 8.955079 -7.796183 -21.187783 72.833851 29.186744 61.107169 21.290897 0.347525 13.303490 -3.924981 1.119504 6.719462 -8.001353 13.292394 -16.118630 -74.593011 -29.872121 66.450786 -22.957268 -6.609796 12.770661 1.401623 -6.425841 15.139010 0.724713 -3.806291 6.574723 -0.228938 -0.380087 -9.233983 3.306210 0.274942 -15.913371 -1.966915 7.351228 -19.879717 -5.660482 1.836124 0.414894 1.544192 1.289854 7.984839 0.543338 0.000000 -0.000000 0.000000
0.052049 0.935016 0.402754 6.093374 3.050904 -0.056338 0.555043 1.661233 1.946529 0.151735 -5.085032 0.866376 0.151058 0.735379 0.881777 0.179825 6.388048 0.665251 -0.077711 13.110664 0.477967 -0.341925 -11.678630 0.937981 0.088786 8.957880 9.075476 -8.062222 -21.191825 72.701174 28.808626 61.160395 21.128092 0.361588 13.290257 -3.998253 1.062066 6.812723 -8.042336 13.150048 -16.396638 -74.436973 -29.249608 66.276750 -22.408972 -6.556964 12.770143 1.574604 -6.873150 15.706652 0.187848 -3.551079 7.727828 -0.215795 -0.024148 -8.435998 3.734360 0.327343 -17.967459 -2.067155 7.406941 -19.359671 -5.703955 1.190277 1.511017 1.558101 1.810853 8.720592 1.162560 -0.000000 -0.000000 -0.000000
0.056957 0.935021 0.418488 6.120252 2.552544 -0.046781 0.501199 1.800578 1.907494 0.129143 -5.023394 0.848895 0.128570 0.797023 0.862003 0.161386 6.434262 0.650393 -0.149364 13.043268 0.494684 -0.485289 -11.802972 0.999461 0.060952 9.046927 9.219031 -8.324538 -21.183433 72.528026 28.452446 61.152327 21.004830 0.379310 13.271308 -4.088257 0.985182 6.951487 -8.090944 12.980393 -16.728033 -74.268052 -28.528573 66.059274 -21.788029 -6.493521 12.764817 1.791297 -7.521581 16.211326 -0.521223 -3.157245 9.093144 -0.200167 0.418903 -7.448724 4.129473 0.383562 -20.314635 -2.137240 7.307655 -18.676667 -5.646431 0.466215 2.540341 1.426248 2.779899 9.500374 1.468470 0.000000 -0.000000 0.000000
0.062047 0.935275 0.434276 6.136565 2.087022 0.004781 0.465060 1.902010 1.849408 0.115535 -4.978558 0.822951 0.115026 0.841862 0.834680 0.149113 6.467890 0.629818 -0.225277 13.029354 0.497417 -0.630568 -11.827983 1.035767 0.042465 9.129302 9.320171 -8.666317 -21.133546 72.443948 27.969373 61.178759 20.764681 0.396041 13.256373 -4.140565 0.910608 7.074801 -8.109217 12.795071 -17.034231 -74.140288 -27.786572 65.855076 -21.145969 -6.433991 12.765060 1.963218 -8.187724 16.432670 -1.349775 -2.852558 10.811699 -0.147477 0.997973 -6.130117 4.508627 0.451331 -23.114412 -2.206817 6.747810 -18.058258 -5.475548 0.204359 3.634198 1.268693 3.735672 9.783387 1.757337 0.000000 -0.000000 -0.000000
0.067284 0.935699 0.449868 6.146196 1.691209 0.116567 0.453141 1.946469 1.764351 0.114271 -4.958986 0.784989 0.113774 0.861433 0.796590 0.145281 6.482590 0.601083 -0.309044 13.078732 0.480713 -0.782070 -11.735495 1.037703 0.044246 9.195552 9.353611 -9.156825 -21.022060 72.526452 27.269715 61.275557 20.313248 0.402402 13.244124 -4.151905 0.837954 7.172659 -8.073819 12.561262 -17.306913 -74.081556 -26.915271 65.671259 -20.386959 -6.379606 12.775633 2.064126 -8.810840 16.320790 -2.300895 -2.719921 12.901662 -0.041627 1.759316 -4.433843 4.807024 0.537183 -26.648412 -2.242092 5.284118 -17.715862 -5.096780 0.851296 5.009761 1.105651 4.588530 9.223120 2.130714 0.000000 -0.000000 0.000000
0.072702 0.936373 0.465513 6.144378 1.328243 0.270576 0.459336 1.953072 1.660831 0.122125 -4.956192 0.738780 0.121605 0.864225 0.751177 0.147731 6.484720 0.566798 -0.396738 13.181533 0.449513 -0.934368 -11.543880 1.012973 0.055695 9.254793 9.345065 -9.725982 -20.865713 72.694373 26.437045 61.403121 19.736171 0.406838 13.236654 -4.125908 0.767194 7.255241 -8.007974 12.313528 -17.555215 -74.065908 -26.022340 65.499882 -19.605663 -6.329123 12.792168 2.120290 -9.432101 15.921284 -3.355358 -2.660539 15.349127 0.083839 2.663946 -2.407446 5.078767 0.635900 -30.635177 -2.277712 3.364088 -17.426482 -4.625761 1.956451 6.449208 0.907134 5.419213 8.167924 2.481057 -0.000000 0.000000 -0.000000
0.078226 0.937522 0.481301 6.101011 0.984552 0.391451 0.478143 1.930564 1.583785 0.134377 -4.966248 0.704377 0.133813 0.854168 0.718019 0.154401 6.477210 0.541750 -0.455615 13.356832 0.408986 -1.027273 -11.218112 0.957796 0.055217 9.294411 9.305384 -10.248232 -20.691419 72.839287 25.581911 61.544508 19.145733 0.430221 13.249810 -4.018901 0.720397 7.291789 -7.942970 12.166051 -17.727494 -74.068630 -25.494304 65.380362 -19.124306 -6.293047 12.811562 2.121934 -10.011351 15.163665 -4.414485 -2.628069 18.249080 0.182257 3.654425 -0.049722 5.515173 0.753872 -34.389214 -2.435847 2.023769 -16.781209 -4.371589 2.726956 7.436302 0.729571 6.037065 7.120498 2.812939 -0.000000 0.000000 0.000000
0.083928 0.939403 0.497438 5.997750 0.644812 0.444907 0.516133 1.874445 1.557413 0.152759 -4.991101 0.692558 0.152124 0.829312 0.708067 0.167410 6.458595 0.534205 -0.473277 13.638596 0.352306 -1.034521 -10.695357 0.854155 0.033366 9.300388 9.220295 -10.698842 -20.480784 72.932826 24.693352 61.726231 18.560900 0.488870 13.297955 -3.791900 0.714915 7.255980 -7.894351 12.177828 -17.782919 -74.100101 -25.436492 65.365173 -19.037101 -6.275544 12.838275 2.037208 -10.538103 14.006424 -5.493768 -2.602785 21.739483 0.283701 4.818225 2.736146 6.245360 0.963868 -38.014207 -2.894062 1.757004 -15.544749 -4.487781 2.838321 7.703683 0.624227 6.303026 6.239534 3.158915 -0.000000 0.000000 -0.000000
0.089736 0.941759 0.513717 5.853808 0.324394 0.466041 0.566145 1.789196 1.557869 0.175256 -5.028822 0.692717 0.174526 0.791584 0.710510 0.184435 6.430324 0.536004 -0.462183 13.992790 0.287106 -0.983862 -10.038487 0.722615 0.000480 9.286678 9.103815 -11.102395 -20.253599 73.002360 23.779134 61.922338 17.959466 0.565397 13.368429 -3.484276 0.733163 7.173971 -7.845983 12.290593 -17.762790 -74.149252 -25.737275 65.403088 -19.244603 -6.272653 12.866973 1.897729 -10.997811 12.491462 -6.559674 -2.595556 25.683160 0.322441 6.130808 5.851337 7.129686 1.222547 -41.408725 -3.470661 2.055263 -13.962115 -4.789386 2.622146 7.521977 0.565806 6.355250 5.365818 3.507277 0.000000 0.000000 -0.000000
0.095355 0.944047 0.529604 5.695832 0.055847 0.483468 0.601885 1.696881 1.557694 0.191456 -5.069732 0.692679 0.190651 0.750668 0.712115 0.196693 6.399654 0.537178 -0.426929 14.336348 0.240196 -0.895839 -9.401327 0.616978 -0.036386 9.282570 9.008896 -11.408632 -20.096454 73.027460 22.989646 62.040599 17.405971 0.629960 13.435815 -3.169738 0.744811 7.093744 -7.781677 12.441432 -17.738568 -74.159214 -26.447787 65.378311 -19.768574 -6.282432 12.879961 1.789006 -11.355948 10.679781 -7.445153 -2.641132 29.756240 0.110337 7.355050 9.006545 7.963237 1.304505 -43.579941 -3.690556 2.459485 -12.359426 -5.087965 2.273889 7.181669 0.502376 6.422172 4.523966 3.799589 -0.000000 -0.000000 -0.000000
0.100698 0.946156 0.544911 5.515962 -0.129762 0.497831 0.619469 1.590250 1.552835 0.199854 -5.117074 0.690658 0.198999 0.703323 0.710947 0.202918 6.364156 0.536270 -0.363198 14.652169 0.221802 -0.766362 -8.815552 0.555040 -0.075720 9.294594 8.949451 -11.600054 -20.032399 72.990762 22.393413 62.075538 16.945675 0.673509 13.497236 -2.816370 0.744209 7.020590 -7.690765 12.669020 -17.712007 -74.126974 -27.691269 65.269984 -20.708355 -6.310689 12.865733 1.735649 -11.611146 8.502703 -8.105963 -2.890397 33.965707 -0.518692 8.471093 12.384105 8.858304 1.096656 -44.120514 -3.380803 2.938202 -10.830700 -5.343818 1.741891 6.733931 0.422345 6.596476 3.718671 4.004628 0.000000 0.000000 -0.000000
0.105853 0.948197 0.559827 5.322148 -0.263519 0.508135 0.622796 1.476517 1.547312 0.201964 -5.167620 0.688407 0.201083 0.652776 0.708911 0.204384 6.326248 0.534713 -0.275370 14.957341 0.221692 -0.599442 -8.249483 0.519153 -0.119892 9.316152 8.911326 -11.694822 -20.039164 72.914107 21.933454 62.034805 16.546998 0.704527 13.554687 -2.456138 0.736613 6.949550 -7.583933 12.933267 -17.681185 -74.054212 -29.319314 65.080264 -21.939647 -6.350843 12.835665 1.713732 -11.777995 6.036437 -8.588040 -3.302127 38.289935 -1.482199 9.501449 15.807446 9.707990 0.734921 -43.424202 -2.738175 3.522627 -9.280974 -5.590802 1.078416 6.128180 0.350214 6.784688 2.945179 4.152322 0.000000 0.000000 -0.000000
0.110793 0.949961 0.574373 5.164407 -0.405921 0.540252 0.597714 1.399337 1.525196 0.192124 -5.202046 0.678766 0.191272 0.618353 0.698269 0.196260 6.300424 0.526680 -0.180919 15.219991 0.235278 -0.426145 -7.762244 0.507500 -0.168761 9.357006 8.905304 -11.697053 -20.135011 72.838351 21.580521 61.846143 16.168898 0.719988 13.588116 -2.258189 0.708271 6.913298 -7.477561 13.053018 -17.711773 -73.895078 -30.951841 64.736357 -23.121026 -6.382374 12.807809 1.735870 -11.863979 3.563075 -8.874110 -3.599122 42.369447 -2.500976 10.143603 18.451926 9.986043 0.356030 -41.698595 -1.840489 3.864236 -7.758263 -5.789264 0.632663 5.499006 0.267247 6.937210 2.213476 4.270523 0.000000 -0.000000 -0.000000
0.115524 0.951350 0.588521 5.041601 -0.573746 0.623102 0.540383 1.377564 1.467851 0.169463 -5.212008 0.653389 0.168703 0.608398 0.670592 0.177252 6.292944 0.505814 -0.077596 15.420117 0.268701 -0.244398 -7.391005 0.530565 -0.220992 9.431256 8.940846 -11.580999 -20.348519 72.782901 21.321700 61.468403 15.772566 0.716471 13.592365 -2.283238 0.645779 6.922905 -7.372286 12.946010 -17.803541 -73.608744 -32.511309 64.166492 -24.136487 -6.403981 12.793912 1.790310 -11.848317 1.133880 -8.949670 -3.642206 46.179040 -3.408602 10.042117 20.157380 9.302404 0.058055 -38.633758 -0.470081 3.760878 -6.277891 -5.942066 0.580512 4.860862 0.140917 7.078225 1.534919 4.370474 0.000000 0.000000 0.000000
0.120040 0.952462 0.602300 4.954569 -0.750093 0.727583 0.454774 1.391989 1.393222 0.134953 -5.205977 0.620322 0.134338 0.614439 0.634022 0.148708 6.297452 0.478256 0.032440 15.577742 0.315493 -0.055515 -7.098627 0.576727 -0.278216 9.525379 9.008136 -11.372691 -20.650428 72.730033 21.174318 60.943144 15.401259 0.701362 13.571866 -2.469854 0.563182 6.967697 -7.268048 12.693959 -17.953197 -73.236656 -34.014166 63.448831 -25.030941 -6.416667 12.783976 1.888680 -11.775357 -1.299296 -8.845547 -3.517663 49.764387 -4.234395 9.426442 21.079101 8.048238 0.025538 -34.546770 0.984867 3.418942 -4.827630 -6.070971 0.743959 4.197166 -0.016069 7.183675 0.898349 4.442957 0.000000 0.000000 -0.000000
0.124297 0.953379 0.615819 4.956418 -0.945139 0.792382 0.338442 1.429443 1.339925 0.085689 -5.189745 0.596842 0.085280 0.630681 0.605540 0.109750 6.309596 0.456820 0.125072 15.720989 0.351987 0.104459 -6.832881 0.610457 -0.344760 9.607630 9.089308 -11.154048 -20.972126 72.664309 21.150277 60.321667 15.132955 0.689488 13.520782 -2.803423 0.488210 7.047241 -7.180312 12.361295 -18.222909 -72.856471 -35.258607 62.750851 -25.743757 -6.403083 12.765066 2.078361 -11.752946 -3.604480 -8.615525 -3.179903 52.885540 -4.872327 8.873913 20.879735 6.892115 0.167644 -30.604551 1.805047 3.106871 -3.413705 -6.164219 0.940880 3.595804 -0.165426 7.132180 0.280498 4.487689 0.000000 -0.000000 -0.000000
0.128289 0.954079 0.629115 5.073417 -1.185434 0.799702 0.179657 1.498718 1.318958 0.015897 -5.159431 0.587913 0.015773 0.661002 0.589526 0.056390 6.332278 0.444821 0.192505 15.855160 0.367426 0.224992 -6.583929 0.614425 -0.426883 9.671115 9.199189 -10.929135 -21.322159 72.554127 21.260627 59.574833 15.006667 0.688515 13.427965 -3.356516 0.430337 7.189584 -7.122782 11.924620 -18.679469 -72.454561 -36.202303 62.097390 -26.302368 -6.348560 12.724897 2.425471 -11.955357 -5.738983 -8.258042 -2.471401 55.523461 -5.294532 8.734245 19.050068 6.026189 0.222124 -26.828104 1.740683 2.896566 -2.018755 -6.205583 1.179201 3.093008 -0.304627 6.824801 -0.329887 4.507435 0.000000 0.000000 -0.000000
0.132021 0.954585 0.642152 5.279790 -1.444468 0.766131 -0.010007 1.591490 1.318812 -0.068705 -5.118736 0.588417 -0.068495 0.701694 0.581441 -0.007449 6.362722 0.438835 0.242397 15.974917 0.372396 0.316481 -6.361680 0.605484 -0.518269 9.722981 9.323298 -10.692664 -21.691780 72.430442 21.476904 58.731260 14.965968 0.700683 13.308349 -4.054705 0.380371 7.366171 -7.082062 11.403577 -19.255053 -72.035819 -36.925610 61.470879 -26.719494 -6.265109 12.679149 2.864104 -12.227832 -7.745353 -7.772830 -1.410851 57.707844 -5.372293 8.711064 16.117427 5.239744 0.203749 -23.175967 1.269244 2.721557 -0.658436 -6.199515 1.451557 2.654046 -0.442563 6.360907 -0.920643 4.505995 -0.000000 -0.000000 0.000000
0.135470 0.955052 0.654924 5.550889 -1.652778 0.682101 -0.198050 1.669302 1.344973 -0.153837 -5.084688 0.600727 -0.153304 0.735724 0.585108 -0.070799 6.388159 0.441721 0.273790 16.092407 0.375396 0.374127 -6.143564 0.599711 -0.604530 9.751611 9.400250 -10.514481 -21.987027 72.372041 21.755726 57.928851 14.950010 0.724253 13.192960 -4.664339 0.337862 7.491397 -7.032063 10.929869 -19.815535 -71.711948 -37.458600 60.976388 -26.968909 -6.177225 12.654881 3.243176 -12.178750 -9.624225 -7.229544 -0.215034 59.256193 -4.874967 8.438361 13.311109 4.620599 0.176364 -20.721887 0.832255 2.644216 0.613233 -6.150101 1.554375 2.260306 -0.545783 5.917222 -1.480330 4.483076 0.000000 -0.000000 -0.000000
0.138628 0.955552 0.667410 5.893196 -1.784770 0.531607 -0.378155 1.715873 1.409139 -0.237220 -5.064534 0.630013 -0.236378 0.755847 0.605928 -0.131541 6.403152 0.457547 0.281434 16.222876 0.375598 0.388599 -5.901275 0.597353 -0.686744 9.745574 9.392422 -10.447661 -22.158406 72.437040 22.073453 57.173153 14.911797 0.747947 13.075144 -5.139263 0.301591 7.526500 -6.960327 10.547151 -20.319448 -71.553666 -37.750840 60.699703 -26.996748 -6.088510 12.666315 3.515406 -11.657682 -11.373937 -6.653563 1.165356 60.052491 -3.585970 7.704009 11.000042 4.235045 0.113670 -20.241999 0.469359 2.723523 1.776365 -6.050737 1.360305 1.905623 -0.580644 5.565713 -1.999758 4.435826 0.000009 0.028439 -0.067736
0.141504 0.956012 0.679632 6.300352 -1.864738 0.331009 -0.556639 1.747615 1.500309 -0.321173 -5.051029 0.671366 -0.320021 0.769312 0.638758 -0.191798 6.413130 0.482437 0.270578 16.351084 0.374102 0.369306 -5.663151 0.598461 -0.763745 9.715537 9.337846 -10.441321 -22.255727 72.567413 22.457287 56.459078 14.900741 0.775702 12.960178 -5.527483 0.272700 7.510070 -6.878471 10.216665 -20.813248 -71.497582 -37.888551 60.559507 -26.899129 -5.997987 12.696399 3.727223 -10.813379 -13.012750 -6.054512 2.572951 60.163267 -1.841767 6.697823 8.813361 3.992123 0.021846 -20.962420 0.038398 2.905938 2.848626 -5.896802 0.998819 1.595324 -0.568058 5.235371 -2.489022 4.364982 -0.000153 0.056861 -0.135479
0.144097 0.956369 0.691650 6.728157 -1.898418 0.120112 -0.719893 1.774973 1.590405 -0.398298 -5.039488 0.712199 -0.396865 0.780804 0.671762 -0.246943 6.421626 0.507451 0.256193 16.443476 0.382474 0.339885 -5.491531 0.619107 -0.817930 9.682782 9.288598 -10.410306 -22.334585 72.667856 22.944962 55.908257 15.006262 0.816429 12.892491 -5.738513 0.254330 7.472634 -6.796082 9.948836 -21.296303 -71.460953 -38.101983 60.408042 -26.870372 -5.925655 12.723517 3.868122 -9.693275 -14.574149 -5.490919 3.412195 59.693960 -0.334977 5.658730 6.865776 3.793469 -0.021585 -21.657280 -0.305097 3.083200 3.832805 -5.699390 0.651663 1.327081 -0.554275 4.888584 -2.966124 4.273176 0.000000 -0.000000 -0.000000
0.146356 0.956623 0.703463 7.167631 -1.889933 -0.092597 -0.864779 1.802650 1.671331 -0.466817 -5.027789 0.748887 -0.465139 0.792449 0.701493 -0.295908 6.430240 0.529989 0.243570 16.492049 0.407250 0.307809 -5.401263 0.669550 -0.835901 9.660025 9.263539 -10.336673 -22.402667 72.706312 23.612037 55.578613 15.300555 0.877227 12.893707 -5.694066 0.252449 7.419575 -6.714931 9.766785 -21.784229 -71.434024 -38.426538 60.203412 -26.946760 -5.884294 12.744883 3.903775 -8.182801 -16.090145 -4.979358 3.552273 58.712222 0.763888 4.617365 5.184061 3.615787 -0.009033 -22.153210 -0.471313 3.272328 4.731758 -5.453078 0.379277 1.104699 -0.547354 4.454035 -3.425973 4.143832 0.000758 -0.213835 0.541238
0.148333 0.956773 0.715073 7.627234 -1.834806 -0.314590 -0.994266 1.825733 1.751553 -0.528444 -5.018119 0.785209 -0.526547 0.802066 0.731559 -0.339699 6.437335 0.552771 0.227557 16.504749 0.442002 0.265827 -5.377558 0.739703 -0.831165 9.634677 9.243682 -10.237865 -22.452620 72.714195 24.383357 55.409221 15.711957 0.947483 12.937236 -5.472565 0.261079 7.345252 -6.633472 9.648514 -22.261301 -71.430152 -38.824193 59.984786 -27.090327 -5.861984 12.761750 3.868819 -6.382209 -17.538830 -4.528701 2.993510 57.161769 1.440041 3.535151 3.742712 3.467875 0.016731 -22.631829 -0.525948 3.457323 5.541163 -5.165502 0.121384 0.923989 -0.541165 4.003055 -3.874173 3.994818 0.000011 -0.512713 1.285802
0.150190 0.956752 0.726542 8.088818 -1.726797 -0.529850 -1.103892 1.840205 1.827779 -0.581013 -5.012232 0.819667 -0.578928 0.807902 0.760681 -0.376789 6.441601 0.574824 0.207445 16.471960 0.478701 0.215393 -5.438283 0.814976 -0.826593 9.590175 9.224243 -10.081515 -22.517696 72.691047 25.070630 55.344245 16.115075 1.008487 12.996093 -5.218618 0.265566 7.263763 -6.556295 9.534215 -22.678827 -71.398977 -39.402826 59.723129 -27.370147 -5.841105 12.759481 3.856548 -4.661158 -18.859801 -4.164803 1.503674 55.007786 1.384762 2.566592 2.570558 3.342840 0.034658 -22.403516 -0.484331 3.477039 6.257292 -4.875542 -0.122544 0.770948 -0.564418 3.711971 -4.343993 3.878417 -0.002423 -0.766615 1.829414
0.151947 0.956530 0.737842 8.544805 -1.559283 -0.741101 -1.194433 1.844696 1.903053 -0.625010 -5.010740 0.853611 -0.622767 0.809346 0.790158 -0.407443 6.442575 0.597129 0.184221 16.383396 0.514920 0.158960 -5.602518 0.890670 -0.826882 9.518506 9.207187 -9.832469 -22.610468 72.614509 25.627116 55.377726 16.489121 1.062426 13.074601 -4.961543 0.264251 7.186183 -6.480769 9.409306 -23.034053 -71.325178 -40.207525 59.389762 -27.824540 -5.812949 12.720515 3.912771 -2.985302 -20.062279 -3.935351 -1.429613 52.227696 0.305458 1.706534 1.643735 3.310304 0.029087 -21.315225 -0.226167 3.266280 6.878474 -4.579855 -0.370308 0.629436 -0.644156 3.665964 -4.847077 3.817570 -0.004513 -0.913346 1.973720
0.153584 0.956137 0.749002 9.002175 -1.339034 -0.944300 -1.265058 1.840326 1.974320 -0.659916 -5.013119 0.885673 -0.657543 0.806926 0.818675 -0.431369 6.440661 0.618690 0.156553 16.249288 0.552521 0.093295 -5.851239 0.970834 -0.827491 9.427713 9.190190 -9.525564 -22.717923 72.505424 26.109504 55.516423 16.865277 1.110407 13.168940 -4.671430 0.258853 7.101346 -6.409663 9.287966 -23.329929 -71.224232 -41.178256 59.007211 -28.401167 -5.785734 12.663053 3.992263 -1.381682 -21.125934 -3.780085 -4.882660 48.811663 -1.134410 0.956194 0.976955 3.327877 -0.000820 -19.515291 0.110462 2.887823 7.411148 -4.288478 -0.605304 0.515158 -0.752306 3.780390 -5.371132 3.783056 -0.006318 -1.015354 1.916968
0.155199 0.955597 0.760174 9.464867 -1.080485 -1.113386 -1.309026 1.826848 2.028951 -0.682100 -5.019408 0.910191 -0.679638 0.800614 0.840942 -0.446251 6.435856 0.635511 0.120191 16.090815 0.589828 0.011205 -6.145105 1.053891 -0.837487 9.325457 9.162067 -9.233545 -22.835710 72.428246 26.482318 55.726271 17.195030 1.128669 13.243008 -4.404740 0.239685 6.990162 -6.355652 9.152495 -23.526426 -71.090234 -42.266751 58.623349 -29.034023 -5.767579 12.626462 4.051359 -0.326932 -21.941333 -3.520412 -7.069386 44.810375 -1.914978 0.502086 0.649361 3.245097 -0.015305 -16.777666 0.149897 2.369620 7.865875 -4.062212 -0.776362 0.462607 -0.835786 3.977072 -5.912998 3.747137 -0.008309 -1.129758 1.849677
0.156828 0.954908 0.771332 9.903222 -0.778880 -1.243829 -1.317559 1.804157 2.063924 -0.687513 -5.029601 0.925780 -0.685021 0.790416 0.855982 -0.449142 6.428171 0.646849 0.079045 15.907015 0.624983 -0.079530 -6.485870 1.135131 -0.869579 9.203191 9.111710 -8.974873 -22.969743 72.416700 26.708785 56.024329 17.456008 1.094166 13.277197 -4.177541 0.203276 6.824598 -6.329056 8.989251 -23.572673 -70.900616 -43.509636 58.246364 -29.718355 -5.761332 12.634164 4.069821 -0.103388 -22.477087 -3.017842 -7.738345 40.161469 -1.916238 0.485624 0.795320 2.976755 0.002390 -12.296655 -0.292363 1.658784 8.228299 -3.933972 -0.845946 0.481723 -0.875801 4.303196 -6.474675 3.701555 -0.010629 -1.274039 1.834216
0.158436 0.954071 0.782501 10.347112 -0.439837 -1.339308 -1.299655 1.772417 2.081668 -0.680279 -5.043668 0.933562 -0.677800 0.776356 0.864498 -0.443070 6.417618 0.653239 0.028778 15.698825 0.659049 -0.187536 -6.871745 1.218261 -0.911372 9.069885 9.049869 -8.731140 -23.115700 72.436469 26.828150 56.394292 17.675880 1.029465 13.292364 -3.972596 0.152627 6.633025 -6.320315 8.812524 -23.519926 -70.677218 -44.867753 57.864016 -30.456564 -5.764716 12.661942 4.067110 -0.440497 -22.755531 -2.362709 -7.413776 34.977804 -1.513586 0.784635 1.289889 2.685122 -0.007439 -6.870734 -0.890821 0.803835 8.513559 -3.870546 -0.850915 0.563048 -0.894935 4.712448 -7.053704 3.650213 -0.013044 -1.430699 1.808135
0.160018 0.953113 0.793903 10.890297 -0.093591 -1.385770 -1.275379 1.732002 2.077691 -0.669096 -5.061514 0.931619 -0.666635 0.758524 0.863691 -0.434736 6.404262 0.652582 -0.047085 15.490264 0.694910 -0.344419 -7.257970 1.314666 -0.934142 8.959436 8.998065 -8.519856 -23.254023 72.450525 26.914537 56.752560 17.876441 0.976599 13.313239 -3.797457 0.087879 6.480916 -6.312035 8.645856 -23.481474 -70.480686 -46.190678 57.496399 -31.206251 -5.778015 12.677302 4.059037 -0.988390 -22.754010 -1.712769 -5.841314 29.622585 -0.838475 1.188256 1.817881 2.585830 -0.031296 -2.689493 -1.182853 -0.015477 8.774136 -3.832837 -0.851168 0.712714 -0.902331 4.985963 -7.640568 3.588800 -0.015451 -1.604357 1.774735
0.161551 0.952002 0.805534 11.548944 0.267924 -1.368691 -1.246947 1.679774 2.043635 -0.654539 -5.084527 0.916224 -0.652103 0.735531 0.849775 -0.424859 6.387066 0.642020 -0.155232 15.276396 0.737235 -0.564672 -7.653329 1.435895 -0.924260 8.887277 8.971613 -8.359627 -23.392551 72.444460 27.008492 57.076767 18.087579 0.951979 13.354491 -3.660286 -0.001298 6.406097 -6.291010 8.506063 -23.512163 -70.332111 -47.452544 57.132745 -31.978842 -5.800391 12.661237 4.061565 -1.935832 -22.404993 -0.976141 -2.292479 23.980112 -0.023286 1.635128 2.313820 2.853239 -0.012836 -0.818444 -0.920638 -0.763373 9.011088 -3.826981 -0.822422 0.919657 -0.895882 5.037390 -8.249507 3.520819 -0.016897 -1.754217 1.735935
0.163058 0.950771 0.817399 12.307910 0.635040 -1.300357 -1.212424 1.619861 1.987152 -0.636162 -5.110896 0.890793 -0.633766 0.709182 0.826209 -0.412859 6.367374 0.624166 -0.289280 15.062103 0.780646 -0.834698 -8.048649 1.569870 -0.895141 8.837630 8.955093 -8.231783 -23.522674 72.432256 27.068384 57.389095 18.278771 0.937462 13.401545 -3.553947 -0.104108 6.370681 -6.269263 8.376084 -23.557447 -70.210829 -48.683853 56.783098 -32.771469 -5.832283 12.632629 4.058946 -3.081820 -21.771172 -0.248068 2.266843 18.153547 0.534276 2.141243 2.793437 3.360647 0.005762 -0.244997 -0.400745 -1.476898 9.220909 -3.845308 -0.788487 1.195036 -0.876904 4.952606 -8.866951 3.449081 -0.018308 -1.921063 1.689801
0.164599 0.949537 0.829733 13.213872 0.951065 -1.207127 -1.185478 1.563397 1.928192 -0.621062 -5.135770 0.864292 -0.618697 0.684322 0.801241 -0.403417 6.348793 0.605263 -0.445636 14.886200 0.813584 -1.142919 -8.372075 1.693163 -0.858567 8.797852 8.923853 -8.097771 -23.599744 72.420501 27.041274 57.673077 18.377408 0.923253 13.434943 -3.463833 -0.188808 6.326575 -6.267788 8.227642 -23.566306 -70.114598 -49.829506 56.501596 -33.532196 -5.875370 12.615774 4.019581 -3.508156 -21.049225 0.037351 5.695225 12.834363 0.584027 2.630003 3.091126 3.787413 -0.000000 0.000000 0.000000 -2.084065 9.449302 -3.829613 -0.881857 1.578128 -0.855598 4.770347 -9.442064 3.371884 -0.022182 -2.231876 1.633736
0.166232 0.948311 0.842588 14.322477 1.205426 -1.092055 -1.181794 1.510725 1.872153 -0.616473 -5.159065 0.839177 -0.614094 0.661028 0.776589 -0.401802 6.331371 0.586612 -0.631295 14.759004 0.833521 -1.500921 -8.604209 1.803233 -0.819908 8.762961 8.859616 -7.947463 -23.597171 72.419372 26.897875 57.921868 18.350766 0.906522 13.438716 -3.391724 -0.246221 6.248737 -6.298827 8.015125 -23.515273 -70.034272 -50.878024 56.313514 -34.248545 -5.937712 12.625408 3.904493 -2.742455 -20.198731 -0.373020 7.416043 7.989227 0.253237 3.170633 3.164431 3.804509 -0.005892 0.184183 0.117361 -2.528532 9.717556 -3.757153 -1.200234 2.054625 -0.832404 4.486691 -9.952660 3.287883 -0.029515 -2.737519 1.574258
0.167899 0.947083 0.855913 15.578151 1.406623 -0.952497 -1.185494 1.461938 1.813613 -0.615079 -5.180653 0.812977 -0.612678 0.639441 0.750529 -0.402687 6.315227 0.566908 -0.838709 14.670531 0.843903 -1.895795 -8.763471 1.903590 -0.773809 8.739405 8.780840 -7.791222 -23.542240 72.422304 26.661039 58.141490 18.229003 0.889521 13.428882 -3.335959 -0.285947 6.163388 -6.351917 7.783828 -23.426708 -69.977312 -51.855802 56.195880 -34.948377 -6.010046 12.646537 3.752211 -1.303078 -19.225057 -1.174912 8.142324 3.649134 -0.314108 3.735236 3.105814 3.692856 -0.003672 0.090089 0.061816 -2.865696 10.002726 -3.649356 -1.645723 2.638280 -0.798812 4.104074 -10.421513 3.203424 -0.038470 -3.387072 1.504126
0.169477 0.945940 0.869794 16.860027 1.527871 -0.809062 -1.162720 1.427192 1.756928 -0.602074 -5.195893 0.787558 -0.599711 0.624220 0.726436 -0.394772 6.303872 0.548693 -1.042034 14.629272 0.843022 -2.278056 -8.834873 1.980613 -0.715939 8.731344 8.718100 -7.621288 -23.470928 72.410804 26.354257 58.334941 18.032723 0.871303 13.433717 -3.276073 -0.304607 6.099350 -6.414367 7.641543 -23.318352 -69.965503 -52.768138 56.131405 -35.643412 -6.068605 12.659229 3.647397 0.250060 -18.421193 -1.983740 7.744236 0.559602 -0.849774 4.086409 2.962243 3.986750 0.000000 0.000000 -0.000000 -3.190782 10.284813 -3.516197 -2.057890 3.410354 -0.751036 3.670926 -10.865210 3.127176 -0.046617 -4.154808 1.400057
0.170850 0.944921 0.884219 18.124404 1.562345 -0.675936 -1.097830 1.412506 1.705530 -0.570679 -5.202080 0.764404 -0.568437 0.618067 0.706472 -0.372825 6.299329 0.533593 -1.233199 14.637021 0.832807 -2.632659 -8.815429 2.034207 -0.634881 8.741198 8.684040 -7.404328 -23.391634 72.362810 25.977274 58.508736 17.754798 0.852313 13.473078 -3.188745 -0.295007 6.071920 -6.481186 7.627691 -23.215627 -70.017058 -53.632641 56.125131 -36.356870 -6.104682 12.653567 3.634361 2.067480 -17.985954 -2.817250 5.397739 -0.852033 -1.011317 4.110953 2.582875 5.180731 -0.000000 -0.000000 0.000000 -3.547077 10.586537 -3.364688 -2.387211 4.344039 -0.666444 3.210705 -11.317664 3.045886 -0.051971 -4.977353 1.261088
0.172134 0.943987 0.899201 19.414255 1.517004 -0.544314 -1.006340 1.411898 1.657096 -0.527646 -5.201941 0.742506 -0.525576 0.618246 0.688940 -0.342009 6.299539 0.520321 -1.419454 14.692499 0.813777 -2.973097 -8.707393 2.067749 -0.541608 8.765211 8.667301 -7.174467 -23.294365 72.302119 25.527620 58.654991 17.402966 0.833172 13.526815 -3.096532 -0.264008 6.066532 -6.555875 7.702112 -23.091059 -70.111418 -54.438277 56.174918 -37.070844 -6.129053 12.639489 3.668574 4.023058 -17.706700 -3.689270 1.877011 -1.069909 -0.879407 3.900197 2.136487 6.755560 -0.000000 -0.000000 -0.000000 -3.891608 10.884098 -3.188885 -2.682321 5.465176 -0.561867 2.699046 -11.746016 2.977909 -0.054440 -5.917986 1.087781
0.173558 0.943109 0.914860 20.738429 1.386422 -0.402130 -0.901098 1.417484 1.607541 -0.478465 -5.199016 0.720078 -0.476595 0.621214 0.671504 -0.306599 6.301846 0.507123 -1.597807 14.799696 0.782610 -3.292531 -8.503727 2.073542 -0.465296 8.797346 8.662549 -7.024841 -23.188014 72.277643 25.029629 58.755383 17.021647 0.811350 13.563404 -3.048234 -0.229131 6.066773 -6.637865 7.852424 -22.884492 -70.209215 -55.143521 56.253829 -37.731279 -6.147306 12.627195 3.701724 5.166069 -17.343314 -4.239146 -0.561837 -0.730253 -0.775939 3.522381 2.076316 7.706276 -0.000000 -0.000000 0.000000 -4.191407 11.087966 -2.983199 -2.932578 6.934735 -0.489902 2.112831 -12.066516 2.980644 -0.052465 -7.140770 0.858151
0.175245 0.942100 0.931362 22.141711 1.142152 -0.215713 -0.802293 1.433620 1.536513 -0.431138 -5.191427 0.688092 -0.429458 0.628835 0.644318 -0.273312 6.307646 0.486572 -1.768314 14.968485 0.742197 -3.591391 -8.186149 2.056287 -0.430539 8.826412 8.657531 -7.013468 -23.055849 72.343703 24.542746 58.823645 16.650927 0.781636 13.576189 -3.040936 -0.219735 6.067935 -6.714830 8.076756 -22.542484 -70.276574 -55.760097 56.321570 -38.301125 -6.166541 12.619099 3.699129 5.009099 -16.876406 -4.277985 -0.784035 0.204528 -0.839578 2.827961 2.695297 7.465317 0.000000 -0.000000 -0.000000 -4.573484 11.218222 -2.809495 -3.049448 8.801063 -0.438153 1.430251 -12.390989 3.099560 -0.040300 -8.587476 0.536438
0.177071 0.941148 0.948542 23.578173 0.810728 -0.025954 -0.689434 1.456899 1.465532 -0.377583 -5.180647 0.656082 -0.376119 0.639647 0.617739 -0.235331 6.315840 0.466475 -1.929655 15.189818 0.693818 -3.867705 -7.771529 2.017908 -0.412648 8.863071 8.665056 -7.082214 -22.917412 72.447884 24.012402 58.845253 16.253418 0.745635 13.572494 -3.078348 -0.206105 6.075284 -6.798697 8.373836 -22.120360 -70.333701 -56.276963 56.423531 -38.814403 -6.178934 12.613150 3.695793 4.050051 -16.378644 -4.018171 0.059254 1.718437 -0.903757 1.935598 3.682093 6.626408 -0.000000 -0.000000 -0.000000 -4.913311 11.253358 -2.612092 -3.124099 11.016881 -0.393582 0.675602 -12.608222 3.301407 -0.014715 -10.315446 0.153023
0.178898 0.940780 0.966022 24.921781 0.472928 0.070955 -0.514732 1.465395 1.452394 -0.299291 -5.176296 0.649688 -0.298154 0.644057 0.619303 -0.176756 6.319233 0.467591 -2.077199 15.439497 0.631137 -4.111901 -7.305261 1.945909 -0.366873 8.932760 8.718502 -7.149946 -22.833540 72.476149 23.302620 58.756350 15.766404 0.706609 13.542815 -3.220738 -0.117017 6.089020 -6.925532 8.732483 -21.720455 -70.424051 -56.618396 56.667585 -39.317921 -6.168420 12.612240 3.748521 2.808542 -15.774974 -3.685572 0.819225 3.078196 -0.852978 1.354372 4.524846 5.878382 0.000000 0.000000 -0.000000 -4.802928 11.036565 -2.212611 -3.422739 13.600674 -0.403601 -0.105522 -12.298763 3.527881 0.024450 -12.661791 -0.220380
0.180754 0.941271 0.983982 26.106210 0.131083 0.021496 -0.248602 1.444486 1.533819 -0.184824 -5.184742 0.685186 -0.184156 0.635672 0.666429 -0.087704 6.313024 0.503034 -2.205098 15.729199 0.538569 -4.307234 -6.766600 1.808851 -0.278123 9.045207 8.881595 -7.205148 -22.846036 72.302409 22.400867 58.524399 15.261683 0.669428 13.473436 -3.549404 0.120177 6.119951 -7.158075 9.106272 -21.398642 -70.509397 -56.781328 57.119935 -39.898029 -6.139063 12.614775 3.903407 1.243515 -15.003083 -3.321423 1.170545 4.009716 -0.654096 1.485427 5.140927 5.459689 -0.000000 0.000000 -0.000000 -4.010082 10.566527 -1.545609 -4.184991 16.589052 -0.453684 -0.884501 -11.488353 3.852981 0.082840 -15.624098 -0.646733
0.182611 0.942346 1.002244 27.199788 -0.209868 -0.118960 0.078035 1.402342 1.672700 -0.046129 -5.202300 0.746159 -0.046023 0.618136 0.741475 0.021579 6.299960 0.559505 -2.318906 16.048864 0.435295 -4.471304 -6.173452 1.645115 -0.161735 9.183978 9.094925 -7.258338 -22.902644 72.046624 21.351722 58.172658 14.698126 0.622527 13.380490 -3.985253 0.434248 6.165503 -7.430405 9.541842 -21.096936 -70.627326 -56.770397 57.738197 -40.444812 -6.093216 12.617085 4.114964 -0.591421 -14.111211 -2.906910 1.457676 4.780511 -0.379342 1.955173 5.619676 5.090758 0.000000 0.000000 0.000000 -2.787836 9.813105 -0.700756 -5.186069 19.942564 -0.544507 -1.675243 -10.150723 4.219626 0.171137 -19.203584 -1.084303
0.184241 0.943716 1.019892 28.278793 -0.463623 -0.277276 0.422523 1.351041 1.814664 0.100410 -5.223654 0.808543 0.099914 0.596770 0.818735 0.136892 6.284060 0.617647 -2.431959 16.340027 0.363536 -4.646246 -5.632163 1.540455 -0.017304 9.341130 9.208000 -7.263234 -22.930035 71.965368 20.109708 57.716580 13.852686 0.546825 13.297146 -4.346420 0.678824 6.197743 -7.588745 10.166678 -20.733569 -70.934876 -56.513481 58.463230 -40.698122 -6.010902 12.620094 4.304695 -2.046558 -13.196854 -2.539079 1.550115 5.447388 -0.099281 2.180380 5.698753 4.664311 -0.000000 0.000000 -0.000000 -1.466208 8.575628 0.246182 -6.003302 23.570349 -0.725865 -2.512006 -7.784191 4.393643 0.280388 -23.742640 -1.333787
0.185509 0.945421 1.036447 29.362380 -0.586057 -0.424487 0.773915 1.299844 1.942847 0.250698 -5.244736 0.864842 0.249567 0.575642 0.890294 0.254560 6.268384 0.671494 -2.547108 16.573700 0.341675 -4.844690 -5.195283 1.530968 0.169193 9.545417 9.133766 -7.193501 -22.931227 72.234910 18.462441 57.091270 12.449281 0.419471 13.216717 -4.594087 0.761274 6.199994 -7.547976 11.165067 -20.244466 -71.624411 -55.838906 59.350514 -40.394425 -5.846053 12.619240 4.516729 -2.704036 -12.354540 -2.279553 1.258746 6.127870 0.214788 1.899082 5.117479 4.144096 -0.000000 -0.000000 -0.000000 0.005525 6.679744 1.323317 -6.647686 27.539734 -1.083029 -3.479182 -3.745930 4.409435 0.373021 -30.170365 -1.329011
0.186551 0.947422 1.052388 30.430626 -0.621075 -0.583753 1.143779 1.239519 2.072095 0.409211 -5.269591 0.921666 0.407399 0.550694 0.963203 0.378478 6.249884 0.726353 -2.661936 16.775940 0.348404 -5.053358 -4.815246 1.575073 0.384490 9.781826 8.962806 -7.071634 -22.929175 72.678560 16.670356 56.338269 10.822145 0.268774 13.142486 -4.763328 0.772292 6.173403 -7.397953 12.339011 -19.651763 -72.480829 -54.861872 60.327531 -39.710307 -5.644315 12.617588 4.713713 -2.990339 -11.501496 -2.031666 0.774346 6.697709 0.552242 1.398773 4.125481 3.591288 0.000000 -0.000000 -0.000000 1.531324 4.279034 2.415319 -7.113070 31.799294 -1.430573 -4.477650 1.338764 4.353051 0.441894 -37.564355 -1.258076
0.187550 0.949311 1.068244 31.500363 -0.616120 -0.759745 1.523946 1.157229 2.194829 0.572742 -5.303977 0.975762 0.570207 0.516167 1.033904 0.505986 6.224240 0.779558 -2.781955 16.969971 0.364350 -5.274673 -4.449768 1.637768 0.589297 9.978285 8.806819 -6.929791 -22.877195 73.031469 15.330238 55.662597 9.592633 0.156299 13.122109 -4.782594 0.838964 6.112394 -7.251247 13.250485 -19.032138 -73.057434 -53.977893 61.143373 -39.116816 -5.507483 12.643305 4.694205 -3.524519 -10.478752 -1.641988 0.527040 6.851947 0.783698 0.910412 3.224329 3.052276 0.000000 -0.000000 -0.000000 2.590625 1.710256 3.273406 -6.876594 36.078086 -1.343460 -5.348316 6.076300 4.053903 0.524069 -43.488876 -1.313912
0.188459 0.950999 1.084382 32.591705 -0.580904 -0.973331 1.912970 1.040719 2.312904 0.740615 -5.353338 1.028080 0.737294 0.466613 1.103271 0.636636 6.187370 0.831773 -2.908697 17.171174 0.384854 -5.509350 -4.070325 1.710146 0.777904 10.096755 8.687782 -6.791711 -22.686694 73.225503 14.660794 55.160505 8.929920 0.118368 13.205662 -4.522442 1.025970 6.011600 -7.124818 13.687702 -18.433779 -73.199814 -53.283031 61.702597 -38.782046 -5.458307 12.748420 4.283531 -4.676998 -9.144928 -0.989938 0.792905 6.346060 0.804375 0.519912 2.609832 2.545219 0.000000 -0.000000 -0.000000 2.799788 -0.952634 3.896551 -5.153318 40.397727 -0.381675 -6.396095 10.166960 3.170322 0.523643 -47.194125 -1.160757
0.189326 0.952575 1.100434 33.684128 -0.504323 -1.201595 2.311992 0.902037 2.421769 0.913512 -5.412351 1.076586 0.909337 0.407351 1.169323 0.770783 6.143258 0.881499 -3.040278 17.363854 0.414451 -5.755760 -3.705641 1.800500 0.955877 10.173004 8.577796 -6.638201 -22.434170 73.341338 14.367666 54.769271 8.574838 0.134663 13.340117 -4.110533 1.267850 5.876467 -7.005614 13.874742 -17.854350 -73.078551 -52.724560 62.114143 -38.617948 -5.447462 12.906378 3.659136 -6.052562 -7.629748 -0.217358 1.294780 5.434388 0.690211 0.135750 2.089203 2.043161 0.000000 -0.000000 -0.000000 2.569062 -3.740181 4.354835 -2.378293 44.675019 1.405780 -7.430234 13.951762 2.031452 0.516782 -49.435878 -1.066858
0.190473 0.953900 1.115826 34.733899 -0.404314 -1.385458 2.716848 0.766373 2.505459 1.090222 -5.469977 1.114064 1.085152 0.349408 1.224731 0.906964 6.100165 0.923220 -3.177399 17.525759 0.447104 -6.013585 -3.397411 1.898991 1.101422 10.237415 8.511302 -6.441600 -22.301004 73.331415 14.236323 54.475845 8.458751 0.166990 13.423469 -3.866080 1.497106 5.727287 -6.960153 14.039671 -17.330780 -72.749790 -52.534504 62.450461 -38.795942 -5.473233 13.023371 3.138419 -7.132989 -6.189114 0.440738 1.627087 4.559212 0.587747 -0.292170 1.585633 1.514491 0.000000 -0.000000 0.000000 2.614648 -6.455413 4.523820 0.003661 48.501210 3.430339 -7.512937 16.958025 1.386459 0.826219 -49.977530 -2.060551
0.192018 0.954890 1.130226 35.701472 -0.281256 -1.515831 3.144899 0.642234 2.567353 1.278220 -5.522368 1.141958 1.272169 0.296622 1.271718 1.050905 6.060988 0.958621 -3.329322 17.639627 0.477430 -6.299262 -3.177603 1.999926 1.205352 10.300247 8.509897 -6.179068 -22.370768 73.084221 14.326150 54.286252 8.727230 0.197651 13.408783 -3.950541 1.701091 5.563344 -7.052970 14.210164 -16.909124 -72.131192 -53.035609 62.704214 -39.635192 -5.588119 13.035588 2.777629 -7.708023 -4.927669 0.913253 1.617537 3.848439 0.579623 -0.775742 1.088644 0.926446 -0.000000 0.000000 0.000000 3.322721 -9.046026 4.275222 1.007106 51.882523 5.089205 -5.766938 18.983208 1.571417 1.492941 -47.978891 -4.732190
0.193843 0.955629 1.143966 36.626493 -0.137712 -1.600999 3.579327 0.523893 2.604465 1.470182 -5.572235 1.158957 1.463101 0.246294 1.308204 1.196984 6.023682 0.986122 -3.487933 17.722900 0.507227 -6.598325 -3.013724 2.103283 1.276577 10.346000 8.550331 -5.871973 -22.540848 72.693068 14.589028 54.189338 9.235954 0.220878 13.350442 -4.210227 1.893238 5.395898 -7.220736 14.363165 -16.569817 -71.316526 -53.929225 62.876332 -40.857560 -5.753350 12.993542 2.506710 -8.006433 -3.752832 1.293198 1.437339 3.167316 0.600346 -1.304259 0.607745 0.313306 0.000000 -0.000000 0.000000 4.369419 -11.541511 3.684570 1.343930 54.880831 6.545117 -3.003160 20.111363 2.150751 1.806853 -44.082856 -7.659227
0.195914 0.956225 1.157465 37.584482 0.002703 -1.608931 3.965135 0.417757 2.593214 1.642729 -5.617345 1.154470 1.634712 0.200709 1.321208 1.326791 5.989877 0.995921 -3.627904 17.805542 0.541327 -6.864233 -2.851026 2.207997 1.320431 10.366220 8.600780 -5.558074 -22.725151 72.411947 14.655173 54.146559 9.504362 0.206833 13.300419 -4.490699 2.045432 5.260004 -7.334272 14.648045 -16.233069 -70.617717 -54.508034 63.058178 -41.718125 -5.846631 12.960237 2.452219 -8.187947 -2.636002 1.608330 1.191225 2.557930 0.591617 -1.893358 0.095407 -0.252183 0.000000 0.000000 0.000000 5.411174 -13.879211 2.912495 1.887704 57.212306 8.089909 -0.785607 20.321035 2.689207 1.638648 -40.390910 -9.549441
0.198279 0.956701 1.170847 38.618242 0.125529 -1.499996 4.269037 0.330725 2.508154 1.782164 -5.655185 1.117064 1.773377 0.162446 1.297935 1.429110 5.961439 0.978388 -3.730826 17.901642 0.586237 -7.064532 -2.664293 2.319135 1.324986 10.348646 8.656197 -5.205054 -22.908340 72.342709 14.302289 54.183173 9.285765 0.138070 13.276218 -4.753190 2.137283 5.171608 -7.325560 15.160748 -15.836006 -70.154955 -54.570675 63.295546 -41.957879 -5.825229 12.940642 2.759884 -8.200802 -1.570682 1.846264 0.891273 2.040330 0.521355 -2.658561 -0.478986 -0.769578 -0.000014 0.032390 -0.000182 6.554204 -16.044264 1.907481 3.002654 58.743016 10.055564 0.252672 19.381482 3.074168 1.357653 -37.579610 -10.535389
0.200890 0.957035 1.183988 39.685568 0.240427 -1.313980 4.524722 0.261167 2.376510 1.902161 -5.686109 1.058839 1.892687 0.131136 1.251893 1.515143 5.938128 0.943711 -3.814842 17.996904 0.635570 -7.231265 -2.479854 2.431827 1.301544 10.305270 8.718895 -4.844075 -23.122511 72.382552 13.734468 54.276542 8.830063 0.033160 13.258540 -5.031826 2.189106 5.106576 -7.258510 15.804171 -15.424599 -69.802654 -54.304071 63.540296 -41.814196 -5.755889 12.909586 3.285330 -8.106689 -0.562719 2.026619 0.522799 1.594559 0.424346 -3.484597 -1.084696 -1.234449 0.000107 0.064779 -0.000402 7.719663 -18.027481 0.724573 4.137204 59.593715 11.925592 0.628490 17.581841 3.316080 1.139696 -35.102798 -11.019985
0.203577 0.957275 1.196943 40.734392 0.361784 -1.138082 4.777472 0.201278 2.253785 2.020351 -5.712794 1.004560 2.010191 0.104041 1.209612 1.600090 5.917960 0.911873 -3.909278 18.079038 0.675645 -7.414292 -2.319703 2.531370 1.290513 10.266299 8.769023 -4.609897 -23.363292 72.485453 13.215277 54.324299 8.397932 -0.071867 13.240731 -5.278426 2.233466 5.035894 -7.201433 16.437770 -15.068582 -69.502751 -53.574379 63.756561 -41.270779 -5.670141 12.894283 3.727814 -8.230289 0.398432 2.213738 0.150314 1.203781 0.340697 -4.040560 -1.674691 -1.574073 -0.000000 -0.000000 -0.000000 8.232475 -19.830009 -0.243612 4.849673 59.877395 12.806877 0.559821 15.765289 3.260026 1.073566 -33.366210 -10.729369
0.206216 0.957480 1.209710 41.751980 0.502089 -1.001097 5.039395 0.147993 2.157362 2.141371 -5.736328 0.961993 2.130522 0.080061 1.179318 1.688072 5.900142 0.889073 -4.026152 18.141108 0.698276 -7.633564 -2.196335 2.607190 1.305989 10.239586 8.800886 -4.607172 -23.649371 72.675870 12.822362 54.322205 8.051434 -0.173279 13.219823 -5.480264 2.278708 4.943958 -7.170593 17.029083 -14.783505 -69.269001 -52.158937 63.919106 -40.149194 -5.550231 12.927652 4.000857 -8.768054 1.312410 2.421531 -0.218796 0.856011 0.286392 -4.108736 -2.216732 -1.748106 -0.000568 -0.231648 0.021892 7.649942 -21.504880 -0.727231 4.917408 59.661091 12.117878 0.013336 14.148725 2.876365 1.156222 -32.873924 -9.339444
0.208930 0.957592 1.222290 42.751039 0.650142 -0.873738 5.298171 0.102944 2.070189 2.260521 -5.756203 0.923523 2.249000 0.059726 1.152937 1.774959 5.885053 0.869229 -4.154031 18.191038 0.710469 -7.870223 -2.095277 2.667994 1.334072 10.218350 8.820764 -4.732369 -23.964296 72.931125 12.479291 54.276791 7.722492 -0.269881 13.198459 -5.650365 2.316486 4.847766 -7.150502 17.610750 -14.545091 -69.095300 -50.265210 64.034211 -38.608327 -5.402372 12.985300 4.200808 -9.521919 2.181041 2.621636 -0.592668 0.562429 0.251514 -3.906327 -2.738623 -1.811074 -0.000773 -0.560475 0.044263 6.343437 -23.052233 -0.889681 4.603433 58.913316 10.440989 -0.907802 12.532899 2.256803 1.157694 -33.145901 -7.117169
0.211917 0.957480 1.234734 43.717399 0.787478 -0.756361 5.562358 0.062974 1.995575 2.381463 -5.773733 0.890643 2.369259 0.041702 1.132325 1.863614 5.871706 0.853737 -4.287200 18.238935 0.721298 -8.116118 -1.997567 2.727918 1.373593 10.211404 8.828306 -4.807377 -24.245032 73.135213 12.231306 54.104440 7.477296 -0.327664 13.178815 -5.781621 2.354264 4.770938 -7.162337 18.141433 -14.370932 -68.900182 -48.406669 64.134204 -37.144653 -5.276490 13.024084 4.299663 -10.220680 3.016298 2.811854 -0.929566 0.341303 0.234213 -3.754921 -3.283643 -1.833293 -0.000040 -0.874510 0.005183 4.844087 -24.420725 -0.978240 4.227050 57.631968 8.663618 -1.710856 11.117341 1.464252 0.926499 -33.113220 -4.730112
0.215262 0.957069 1.247048 44.645543 0.912641 -0.649509 5.841054 0.022029 1.933385 2.508274 -5.791558 0.863368 2.495346 0.023330 1.117913 1.957114 5.858117 0.842928 -4.430669 18.293256 0.737512 -8.382248 -1.886802 2.800390 1.426149 10.228194 8.823847 -4.786362 -24.461821 73.251127 12.120136 53.725061 7.354759 -0.323250 13.158644 -5.877957 2.395504 4.732629 -7.218075 18.593462 -14.297049 -68.649863 -46.695684 64.227546 -35.894579 -5.181977 13.027276 4.240282 -10.804408 3.822097 2.983757 -1.158447 0.193693 0.238579 -3.785589 -3.863244 -1.817679 0.001678 -1.129432 -0.144114 3.120034 -25.618246 -1.012012 3.874152 55.805166 6.977611 -2.226239 9.957738 0.345886 0.515772 -32.609615 -2.315918
0.218881 0.956434 1.259227 45.540850 1.027844 -0.553392 6.125192 -0.014896 1.884005 2.636902 -5.807468 0.841808 2.623244 0.006837 1.109401 2.052424 5.845954 0.836572 -4.579475 18.345417 0.752360 -8.657661 -1.779415 2.871956 1.490344 10.260258 8.808485 -4.714755 -24.641271 73.317604 12.107350 53.219988 7.308370 -0.278029 13.139934 -5.937972 2.436874 4.716554 -7.303500 18.995593 -14.289185 -68.387535 -45.017077 64.320629 -34.721630 -5.095707 13.022743 4.078054 -11.333348 4.595072 3.146134 -1.350983 0.119804 0.255861 -3.867301 -4.466931 -1.757605 0.004409 -1.369389 -0.354876 1.190368 -26.635222 -0.957743 3.578249 53.427821 5.324420 -2.544080 8.971287 -0.934624 -0.040413 -31.777105 0.182076
0.222711 0.955668 1.271302 46.405385 1.120164 -0.468678 6.396124 -0.034684 1.852090 2.758811 -5.815619 0.827838 2.744486 -0.001893 1.107788 2.143252 5.839620 0.835390 -4.713042 18.379952 0.754370 -8.901513 -1.706183 2.916061 1.560420 10.289536 8.782592 -4.550093 -24.803141 73.330340 12.119617 52.747198 7.280589 -0.225349 13.130671 -5.946310 2.475647 4.693169 -7.400739 19.391309 -14.262322 -68.143676 -43.538670 64.463148 -33.711538 -5.025903 13.029923 3.946839 -11.715887 5.334920 3.328618 -1.680046 0.136228 0.266246 -3.929261 -5.106388 -1.703825 0.007646 -1.615164 -0.542453 -0.298698 -27.393785 -1.043859 3.375730 50.555349 4.021127 -2.629936 8.174806 -1.861591 -0.543845 -30.070964 2.188241
0.226698 0.954803 1.283260 47.237659 1.181138 -0.400683 6.652372 -0.029374 1.843793 2.873057 -5.812360 0.824064 2.858158 0.000798 1.115596 2.229098 5.841871 0.841276 -4.825097 18.389656 0.735086 -9.100301 -1.682128 2.915940 1.635884 10.307990 8.740268 -4.237129 -24.932079 73.278015 12.126325 52.309234 7.234571 -0.171858 13.130939 -5.889491 2.510659 4.652795 -7.509202 19.779095 -14.195001 -67.916696 -42.358962 64.692175 -32.932898 -4.985935 13.055593 3.896522 -11.908326 6.035975 3.551161 -2.238533 0.261883 0.263125 -3.926709 -5.800642 -1.691634 0.010752 -1.863296 -0.661223 -1.165235 -27.871401 -1.330665 3.252008 47.163615 3.092589 -2.386888 7.603532 -2.121216 -0.781212 -27.367671 3.268241
0.230897 0.953806 1.295115 48.038983 1.219975 -0.345334 6.895401 -0.008425 1.854446 2.980537 -5.801921 0.828511 2.965137 0.010682 1.130943 2.310488 5.849536 0.852823 -4.922529 18.382641 0.701428 -9.268702 -1.691418 2.886047 1.716978 10.324687 8.686793 -3.831018 -25.039965 73.171751 12.156647 51.903798 7.206544 -0.107453 13.138644 -5.780471 2.543018 4.605710 -7.630242 20.160407 -14.105504 -67.705453 -41.374322 64.977375 -32.312218 -4.968277 13.088972 3.873926 -11.953075 6.702322 3.796713 -2.934761 0.476503 0.259495 -3.904821 -6.530409 -1.687195 0.013982 -2.117356 -0.756757 -1.578024 -28.086629 -1.785099 3.078469 43.302288 2.361395 -2.007609 7.236446 -2.019932 -0.824294 -23.837831 3.857826
0.235418 0.952681 1.306948 48.815650 1.249950 -0.289175 7.110950 0.015397 1.872553 3.075459 -5.790182 0.836210 3.059635 0.021917 1.148263 2.382664 5.858206 0.865842 -5.004602 18.366424 0.664644 -9.408356 -1.718896 2.846195 1.799036 10.346493 8.638842 -3.454145 -25.187904 73.038398 12.226898 51.680310 7.256423 -0.040397 13.158359 -5.642327 2.573484 4.550869 -7.750035 20.582704 -13.966203 -67.535044 -40.450701 65.262998 -31.723805 -4.956304 13.118324 3.857371 -11.887617 7.348066 4.040616 -3.664526 0.737777 0.267356 -3.927788 -7.249812 -1.637560 0.018528 -2.408731 -0.881276 -1.407209 -28.020863 -2.511093 2.621118 39.156659 1.732688 -1.915017 7.035583 -2.018873 -0.791670 -19.403083 4.628266
0.240248 0.951392 1.318711 49.569016 1.280290 -0.212392 7.292206 0.045447 1.887440 3.155273 -5.775852 0.842347 3.139121 0.035808 1.162486 2.443337 5.868830 0.876511 -5.071328 18.328862 0.627895 -9.520813 -1.786951 2.803108 1.884874 10.378072 8.606252 -3.125274 -25.424859 72.862987 12.349913 51.710720 7.433799 0.030594 13.196318 -5.470843 2.599053 4.482304 -7.863026 21.080188 -13.763437 -67.417631 -39.568941 65.523655 -31.137207 -4.939855 13.140867 3.856650 -11.613279 7.957962 4.275935 -4.452178 1.032219 0.298059 -4.069270 -7.966373 -1.537049 0.024828 -2.722217 -1.045128 -0.443181 -27.628796 -3.598716 1.680555 34.706790 1.105477 -2.159677 7.042658 -2.275811 -0.537986 -13.071543 6.258532
0.245399 0.949974 1.330452 50.297710 1.301565 -0.135061 7.445971 0.078212 1.909997 3.222512 -5.760292 0.851856 3.206105 0.050988 1.178813 2.494791 5.880407 0.888764 -5.122870 18.282112 0.587163 -9.604769 -1.873600 2.748618 1.971751 10.414068 8.579492 -2.824158 -25.699359 72.657345 12.518452 51.920418 7.700103 0.107162 13.245337 -5.269540 2.622917 4.405209 -7.975132 21.617646 -13.506412 -67.335757 -38.752989 65.783123 -30.590751 -4.929973 13.158802 3.861089 -11.228999 8.546502 4.512056 -5.272429 1.373917 0.342547 -4.255867 -8.672828 -1.387767 0.033201 -3.072879 -1.238214 1.068452 -26.910398 -4.916751 0.413183 29.982274 0.519036 -2.653078 7.230927 -2.688949 0.027548 -5.856956 8.088211
0.251020 0.948541 1.342397 51.003910 1.299644 -0.103534 7.578463 0.090396 1.960144 3.279080 -5.753476 0.874022 3.262421 0.057483 1.206714 2.539146 5.885505 0.909775 -5.158340 18.269786 0.544342 -9.656906 -1.897635 2.682515 2.046806 10.445971 8.546369 -2.616053 -25.925316 72.492547 12.716396 52.239250 7.983087 0.179188 13.290926 -5.073030 2.655283 4.334924 -8.089262 22.138279 -13.202187 -67.268837 -37.929726 66.057422 -30.058079 -4.938981 13.170171 3.818836 -11.068853 9.174418 4.745398 -5.946651 1.763182 0.376582 -4.330102 -9.301099 -1.151243 0.045779 -3.537347 -1.482437 2.577671 -25.931709 -6.238579 -0.884833 25.238550 0.117405 -3.555979 7.470245 -3.380995 0.476140 -0.632308 8.592285
0.257187 0.947118 1.354585 51.691218 1.272310 -0.144917 7.685908 0.068556 2.054189 3.322605 -5.761100 0.916379 3.305674 0.049608 1.253479 2.575183 5.879881 0.945067 -5.172809 18.309933 0.494256 -9.665102 -1.826411 2.592234 2.098217 10.460382 8.495389 -2.542392 -26.073376 72.411803 12.933307 52.701724 8.258617 0.239135 13.328025 -4.887907 2.698582 4.276451 -8.208027 22.641244 -12.834732 -67.211630 -37.081825 66.344971 -29.541689 -4.964775 13.174060 3.722703 -11.330406 9.895004 4.967688 -6.367574 2.160924 0.384737 -4.195636 -9.831941 -0.800177 0.064852 -4.120211 -1.802765 3.998175 -24.622985 -7.554931 -2.300120 20.353224 0.002630 -5.097426 7.765876 -4.517106 0.363935 1.020987 6.356139
0.263824 0.945680 1.366979 52.356059 1.223784 -0.232937 7.771850 0.024570 2.174839 3.355442 -5.778157 0.971024 3.338238 0.032356 1.311452 2.604089 5.867248 0.988852 -5.170835 18.384664 0.444004 -9.641006 -1.692367 2.493689 2.137953 10.470996 8.437756 -2.564328 -26.176630 72.379478 13.182443 53.273634 8.557630 0.293724 13.362101 -4.707178 2.750797 4.224636 -8.328058 23.126964 -12.418912 -67.165133 -36.220094 66.648387 -29.033496 -5.006696 13.173934 3.579014 -11.815753 10.659465 5.177716 -6.643539 2.607310 0.372840 -3.944027 -10.285308 -0.371126 0.091482 -4.816376 -2.175454 5.389222 -23.057737 -8.836635 -3.814895 15.452832 0.076475 -7.006601 8.076970 -6.026446 0.082832 0.586724 2.692872
0.270847 0.944256 1.379687 52.989839 1.149798 -0.334167 7.853547 -0.026732 2.291467 3.386622 -5.798504 1.024024 3.369133 0.011824 1.367614 2.631615 5.852149 1.031286 -5.165534 18.483130 0.414719 -9.616553 -1.512795 2.430778 2.188815 10.509781 8.396007 -2.628207 -26.243860 72.351612 13.475649 53.783287 8.879744 0.351470 13.395263 -4.545571 2.815385 4.179687 -8.442963 23.541590 -12.009586 -67.121671 -35.305986 66.989254 -28.481854 -5.076707 13.176469 3.356220 -12.266007 11.374876 5.382899 -6.920039 3.221687 0.346731 -3.698549 -10.651604 0.077445 0.126689 -5.688048 -2.549763 6.468761 -21.563108 -9.887573 -4.964016 11.153501 0.168712 -8.711013 8.224941 -7.607431 -0.000000 0.000000 0.000000
0.278269 0.942825 1.392728 53.605358 1.049893 -0.436486 7.931972 -0.084866 2.397448 3.416869 -5.822049 1.072409 3.399077 -0.011900 1.419064 2.658080 5.834637 1.070177 -5.159009 18.614045 0.414944 -9.597968 -1.270573 2.419146 2.264473 10.594020 8.378142 -2.745846 -26.286278 72.326395 13.817582 54.205154 9.223977 0.415822 13.432526 -4.405699 2.891859 4.141144 -8.558410 23.837763 -11.614724 -67.077966 -34.292321 67.386154 -27.845982 -5.191021 13.188467 3.016048 -12.618549 12.051294 5.595063 -7.247612 3.974077 0.292081 -3.488834 -10.928970 0.549896 0.171728 -6.727434 -2.921592 7.225059 -20.212011 -10.699267 -5.586095 7.543486 0.194452 -10.088148 8.138382 -9.228613 0.033010 0.013694 -0.639629
0.286076 0.941409 1.406085 54.189984 0.924684 -0.552738 8.005936 -0.149935 2.499346 3.445364 -5.848736 1.119118 3.427257 -0.038761 1.468659 2.683091 5.814761 1.107683 -5.148820 18.767671 0.437171 -9.578403 -0.984650 2.444939 2.351433 10.705511 8.377885 -2.906138 -26.292667 72.307468 14.201071 54.564962 9.585791 0.481174 13.469588 -4.285254 2.980791 4.109114 -8.668187 24.064337 -11.225480 -67.041130 -33.209598 67.817290 -27.150017 -5.330297 13.205929 2.596353 -12.936938 12.678172 5.802473 -7.577178 4.894380 0.221697 -3.279733 -11.119603 1.041248 0.228867 -7.942177 -3.297134 7.708151 -18.959727 -11.325763 -5.813926 4.519198 0.204905 -11.277947 7.918530 -10.840447 0.023224 0.004697 -0.319525
0.294151 0.940098 1.419813 54.696997 0.770798 -0.686838 8.089749 -0.207194 2.587001 3.478874 -5.872118 1.159356 3.460443 -0.062346 1.512295 2.711395 5.797332 1.140686 -5.141376 18.905082 0.477186 -9.570135 -0.727156 2.505363 2.431672 10.822473 8.396373 -3.020921 -26.236664 72.258636 14.613304 54.768277 9.948399 0.541388 13.494931 -4.191948 3.086833 4.083921 -8.748177 24.311911 -10.871875 -67.021629 -32.141392 68.243618 -26.445016 -5.453718 13.218083 2.180184 -13.153216 13.129112 5.981640 -7.902617 6.192073 0.184400 -3.098891 -11.219101 1.483563 0.300092 -9.417905 -3.641898 7.763533 -17.973426 -11.714138 -5.582909 2.397722 0.232634 -12.161859 7.687878 -12.037892 0.000000 0.000000 -0.000000
0.302442 0.938988 1.433904 55.137605 0.587397 -0.837342 8.187786 -0.249598 2.658934 3.519369 -5.889077 1.192322 3.500614 -0.079554 1.549365 2.744417 5.784680 1.168714 -5.146833 19.009629 0.526630 -9.590233 -0.528909 2.589515 2.493134 10.924514 8.435738 -3.051441 -26.073172 72.138577 15.086396 54.728643 10.320305 0.589286 13.500866 -4.138562 3.218070 4.066479 -8.783927 24.589217 -10.577656 -67.046949 -31.089864 68.681535 -25.736524 -5.545968 13.218282 1.779426 -13.200162 13.369161 6.154279 -8.223417 7.925155 0.184904 -3.028481 -11.296030 1.850885 0.382785 -11.118428 -3.932778 7.263685 -17.387390 -11.861740 -4.583149 1.424691 0.340378 -12.632144 7.460744 -12.902433 0.000000 0.000000 0.000000
0.311001 0.937985 1.448366 55.500975 0.375188 -1.005768 8.295801 -0.283697 2.717321 3.564881 -5.902513 1.219100 3.545795 -0.093276 1.580752 2.780754 5.774634 1.192442 -5.155217 19.097635 0.592568 -9.621783 -0.359614 2.705875 2.548019 11.031211 8.493325 -3.037671 -25.846105 71.991760 15.576030 54.532897 10.676732 0.630210 13.495909 -4.112341 3.366004 4.053946 -8.789449 24.887514 -10.317906 -67.092023 -30.053405 69.114631 -25.020742 -5.622822 13.211412 1.382712 -13.148432 13.432591 6.296773 -8.535383 10.035965 0.220227 -2.985864 -11.281238 2.173354 0.481012 -13.080016 -4.197296 6.357316 -17.073732 -11.807329 -3.095382 1.340947 0.508756 -12.859901 7.231989 -13.320502 -0.000000 0.000000 -0.000000
0.319855 0.936896 1.463280 55.707450 0.132658 -1.199758 8.415317 -0.314880 2.757827 3.616305 -5.914890 1.237863 3.596867 -0.105975 1.604727 2.820940 5.765345 1.210585 -5.142908 19.179608 0.693160 -9.626377 -0.199877 2.879440 2.614985 11.180876 8.562951 -3.008021 -25.663953 71.908090 15.958455 54.347117 10.956705 0.677271 13.492650 -4.082704 3.510265 4.040742 -8.783491 25.271074 -10.052662 -67.086893 -29.138549 69.456979 -24.365804 -5.691890 13.201809 1.038163 -13.137886 13.298665 6.315720 -8.821640 12.561161 0.317427 -2.748663 -10.964152 2.457634 0.610024 -15.496706 -4.481096 5.304396 -16.803621 -11.561671 -1.944055 1.718570 0.661257 -13.160157 7.068933 -12.593703 -0.000000 -0.000000 0.000000
0.329034 0.935522 1.478827 55.684359 -0.132660 -1.480005 8.563794 -0.362855 2.807529 3.680260 -5.934336 1.261117 3.660344 -0.125820 1.634473 2.870889 5.750765 1.233121 -5.098473 19.262450 0.834819 -9.584789 -0.037147 3.117892 2.726296 11.410366 8.629583 -2.972133 -25.559619 71.914277 16.214401 54.216455 11.159728 0.744250 13.495196 -4.024392 3.674799 4.004409 -8.768626 25.785693 -9.725904 -66.999014 -28.471299 69.683286 -23.862884 -5.755103 13.196736 0.749883 -13.143157 13.002527 6.265963 -9.070236 15.507793 0.468048 -2.224050 -10.442259 2.636261 0.770371 -18.304488 -4.769158 4.156474 -16.530037 -11.059534 -1.519584 2.573282 0.768014 -13.846148 7.077621 -9.888628 -0.000000 -0.000000 0.000000
0.338508 0.934062 1.494824 55.505331 -0.430326 -1.783547 8.723688 -0.408005 2.839976 3.750048 -5.952779 1.276635 3.729626 -0.144715 1.657063 2.924640 5.736880 1.250257 -5.033743 19.339078 1.010710 -9.516964 0.115642 3.412982 2.851320 11.682514 8.708974 -2.918807 -25.502633 71.980637 16.366955 54.096566 11.293290 0.817472 13.499396 -3.962612 3.835327 3.966515 -8.742113 26.387206 -9.399929 -66.859909 -27.967467 69.821825 -23.468513 -5.812755 13.186435 0.513442 -13.188380 12.509413 6.094431 -9.283348 18.870914 0.652203 -1.504150 -9.617572 2.751858 0.973548 -21.566442 -5.095749 2.863531 -16.280056 -10.372391 -1.429195 3.901993 0.836997 -14.490096 7.281450 -6.008006 0.000000 0.000000 -0.000000
0.348221 0.932920 1.510808 55.309064 -0.786361 -1.932720 8.845289 -0.395794 2.770325 3.807124 -5.948032 1.245348 3.786440 -0.140364 1.631543 2.965292 5.740171 1.231011 -4.959939 19.399075 1.219164 -9.443159 0.239766 3.765895 2.914018 11.925240 8.839710 -2.844277 -25.507630 72.109880 16.363156 54.019708 11.318391 0.868925 13.505413 -3.942268 3.899869 3.988909 -8.714993 27.004487 -9.212549 -66.701256 -27.428963 69.866512 -23.060787 -5.872390 13.149428 0.363386 -13.476683 11.692529 5.549240 -9.460842 22.670611 0.861480 -0.627272 -7.987423 2.967359 1.274685 -25.666024 -5.591411 1.535088 -15.950171 -9.718757 -1.334175 5.255235 0.843679 -14.378799 7.460153 -2.737716 -0.000000 -0.000000 -0.000000
0.358497 0.932103 1.526832 55.132746 -1.247904 -1.812963 8.906464 -0.294367 2.528095 3.844738 -5.907504 1.135113 3.824153 -0.100107 1.525108 2.985304 5.769959 1.150594 -4.866823 19.438954 1.478981 -9.350723 0.329768 4.208056 2.854142 12.105533 9.077480 -2.713213 -25.597445 72.303001 16.129835 54.050071 11.222083 0.888209 13.516019 -3.973856 3.806168 4.128081 -8.700317 27.755621 -9.268198 -66.482312 -26.911469 69.790794 -22.741700 -5.938340 13.063508 0.396253 -14.129920 10.490871 4.434911 -9.538823 26.983372 1.125422 0.513232 -5.158586 3.229793 1.871820 -31.822653 -6.406227 0.135038 -15.511036 -9.191281 -1.219075 6.523426 0.787401 -12.972583 7.456935 -0.817450 -0.000000 0.000000 0.000000
0.369011 0.931605 1.542841 54.935099 -1.765931 -1.537920 8.931611 -0.135693 2.182763 3.870950 -5.843790 0.977676 3.850675 -0.036569 1.370329 2.993135 5.816934 1.033607 -4.765198 19.463101 1.770915 -9.253528 0.393204 4.707406 2.731564 12.260845 9.363450 -2.563430 -25.748904 72.560049 15.740010 54.123827 11.017420 0.885549 13.528267 -4.046584 3.619042 4.330901 -8.687004 28.521032 -9.463779 -66.257561 -26.377619 69.621411 -22.429915 -6.012681 12.950820 0.514245 -14.961090 8.934823 2.976823 -9.569986 31.736023 1.363055 1.831487 -1.520979 3.572925 2.757113 -38.806215 -7.556783 -1.300457 -15.007391 -8.712115 -1.113730 7.812870 0.661883 -10.911462 7.288677 0.415821 0.000000 -0.000000 -0.000000
0.378728 0.931812 1.558212 54.738174 -2.221259 -1.274068 8.940264 0.040132 1.859281 3.889047 -5.772065 0.829677 3.869174 0.035042 1.224168 2.995605 5.869959 0.923050 -4.697147 19.473390 2.036046 -9.210161 0.431635 5.169237 2.650024 12.421745 9.564432 -2.499765 -25.906554 72.881533 15.362364 54.080276 10.707416 0.863966 13.533650 -4.173260 3.435902 4.494171 -8.648648 28.871929 -9.612188 -66.195834 -25.492118 69.424835 -21.728146 -6.093845 12.856195 0.462131 -15.719093 7.048520 1.550853 -9.762663 36.721945 1.379379 3.067758 2.249825 4.285944 3.445856 -43.346495 -8.676113 -2.552487 -14.459299 -8.235953 -0.742661 9.000132 0.484267 -9.384207 6.843511 1.297308 0.000000 0.000000 -0.000000
0.387120 0.933002 1.572593 54.549213 -2.568739 -1.080751 8.941023 0.238593 1.600979 3.900832 -5.689006 0.710354 3.881487 0.118022 1.106041 2.995603 5.931614 0.833546 -4.688336 19.450123 2.256889 -9.263482 0.409050 5.571072 2.668990 12.615574 9.594563 -2.639839 -26.078760 73.364055 15.011743 53.831630 10.202503 0.805425 13.514549 -4.361150 3.287978 4.560114 -8.560020 28.509182 -9.588420 -66.409588 -23.742571 69.133124 -20.118211 -6.183907 12.792453 0.128979 -16.210342 4.734175 0.216845 -10.606779 42.101769 0.914528 4.375211 6.486749 5.783514 3.490737 -44.522249 -9.543278 -3.681765 -13.931523 -7.672973 0.307786 10.145451 0.251559 -8.989860 5.961718 1.918823 -0.000000 -0.000000 0.000000
0.394717 0.934897 1.586335 54.362580 -2.853891 -0.899530 8.923341 0.454349 1.363917 3.903618 -5.597876 0.600221 3.884905 0.209130 0.996194 2.989575 5.999371 0.750222 -4.712212 19.414380 2.451267 -9.369204 0.364088 5.935692 2.728078 12.811015 9.539762 -2.864897 -26.252179 73.912302 14.687190 53.461642 9.606308 0.730553 13.487307 -4.602961 3.142475 4.586123 -8.444406 27.728118 -9.515275 -66.774958 -21.703074 68.786605 -18.185683 -6.282414 12.744325 -0.372837 -16.614484 2.102717 -1.082150 -11.829960 47.699025 -0.029720 5.784838 10.866617 7.637614 2.847221 -43.322489 -9.969608 -4.627241 -13.357247 -7.101859 1.622683 11.204475 -0.004769 -9.150435 4.811777 2.245577 -0.000000 -0.000000 -0.000000
0.402064 0.937050 1.599866 54.183776 -3.094516 -0.721148 8.877454 0.631958 1.142944 3.893341 -5.523415 0.498116 3.875194 0.283657 0.893047 2.974262 6.054695 0.672023 -4.731863 19.428547 2.612590 -9.453287 0.408351 6.234546 2.752005 12.947791 9.525955 -2.922061 -26.345075 74.233503 14.524303 53.070657 9.205289 0.699756 13.494831 -4.889170 2.998962 4.639366 -8.347228 26.994650 -9.566062 -67.097734 -20.554621 68.652076 -17.070069 -6.380410 12.711478 -0.962457 -17.300459 -0.496535 -2.146286 -12.337997 52.808671 -0.963443 6.671243 13.718028 8.906062 1.539597 -39.311989 -9.548907 -4.987908 -12.562801 -6.715627 2.250138 11.885200 -0.205502 -9.264447 3.781762 2.456069 -0.000000 0.000000 0.000000
0.409491 0.939369 1.613336 53.988065 -3.302358 -0.506691 8.803677 0.752300 0.917683 3.871031 -5.474479 0.395324 3.853330 0.332742 0.787997 2.949767 6.090904 0.592523 -4.725354 19.534912 2.733325 -9.470005 0.616969 6.443374 2.709038 12.995181 9.611173 -2.559242 -26.299929 74.132929 14.541890 52.593959 9.096665 0.753900 13.570639 -5.192861 2.843152 4.749165 -8.294915 26.501121 -9.819221 -67.287395 -20.803965 68.973977 -17.266464 -6.486022 12.694976 -1.747861 -18.638344 -2.943164 -2.894502 -11.061636 57.229113 -1.226314 6.388480 14.188981 9.257959 -0.380446 -30.587077 -8.393098 -4.297262 -11.377484 -6.686211 1.536010 11.951385 -0.291041 -9.096572 3.009690 2.565285 -0.000000 -0.000000 -0.000000
0.416669 0.941947 1.626595 53.800499 -3.465577 -0.295479 8.701939 0.834041 0.708636 3.835625 -5.442336 0.300615 3.818320 0.365124 0.689704 2.915979 6.114605 0.518218 -4.714251 19.690376 2.819548 -9.463927 0.912586 6.583455 2.630097 12.986190 9.738396 -2.028040 -26.179203 73.803846 14.702557 52.099276 9.167713 0.851886 13.681767 -5.539938 2.689316 4.885505 -8.262755 26.056640 -10.192100 -67.429799 -21.930779 69.528820 -18.264653 -6.609959 12.682095 -2.623302 -20.306252 -5.367261 -3.359357 -8.523222 61.187861 -0.765957 5.404502 13.116598 9.098581 -2.149208 -18.946190 -7.321710 -3.040605 -9.973253 -6.794028 0.159702 11.618601 -0.284459 -8.880997 2.359042 2.552774 -0.000000 0.000000 -0.000000
0.423162 0.944608 1.639623 53.701652 -3.567472 -0.195979 8.562430 0.879349 0.572493 3.780034 -5.424948 0.239239 3.763101 0.382887 0.622697 2.869440 6.127498 0.467604 -4.727484 19.828914 2.884887 -9.497090 1.177237 6.694124 2.535228 12.956750 9.861569 -1.829609 -26.087944 73.529905 15.048901 51.888014 9.381035 0.930842 13.771442 -5.999971 2.579870 5.026036 -8.219983 25.556213 -10.608704 -67.597010 -23.441693 69.913825 -19.551108 -6.722713 12.659836 -3.184108 -21.664701 -7.782355 -3.539303 -5.904406 64.640613 0.155100 4.595453 11.360920 8.545888 -2.937578 -9.493847 -6.309716 -2.224097 -8.710211 -6.680726 -0.834125 11.263341 -0.266350 -8.715369 1.803185 2.522001 -0.000000 -0.000000 0.000000
0.428724 0.947374 1.652406 53.748543 -3.591555 -0.275485 8.363011 0.875400 0.547342 3.692555 -5.427401 0.228454 3.675994 0.381010 0.603046 2.802619 6.125894 0.452838 -4.779322 19.940223 2.927182 -9.595388 1.392873 6.776602 2.423619 12.912462 9.988562 -2.202690 -26.082254 73.380638 15.695137 52.188557 9.830828 0.968911 13.818193 -6.602022 2.552962 5.183035 -8.157576 24.948816 -11.078179 -67.832566 -25.118625 70.032312 -20.920926 -6.793147 12.631221 -3.231593 -22.516149 -10.194303 -3.390513 -3.537475 67.571519 1.506057 4.382224 8.829172 7.312445 -2.337229 -4.365190 -4.459322 -2.351413 -7.768677 -6.192631 -0.890043 11.043376 -0.297851 -8.692462 1.359026 2.526573 -0.000000 -0.000000 -0.000000
0.433601 0.950224 1.664958 53.884658 -3.554551 -0.467178 8.125583 0.837192 0.596165 3.584672 -5.443798 0.251382 3.568492 0.365304 0.615043 2.722937 6.114069 0.462029 -4.856280 20.034201 2.948844 -9.734393 1.576674 6.830379 2.296027 12.847346 10.111994 -2.906980 -26.109994 73.283818 16.561347 52.763906 10.455891 0.991046 13.842253 -7.316699 2.570020 5.343579 -8.084274 24.288222 -11.596085 -68.090982 -27.099057 69.968861 -22.487740 -6.823552 12.611670 -2.960921 -23.106892 -12.571867 -3.010382 -1.015191 69.984092 3.399722 4.425683 5.645239 5.610674 -1.007244 -1.602723 -1.934645 -2.893381 -6.968232 -5.520460 -0.571171 10.810518 -0.351919 -8.720412 1.008643 2.516630 -0.000000 -0.000000 0.000000
0.438090 0.952912 1.677306 54.020526 -3.490407 -0.678536 7.906445 0.808773 0.662794 3.484097 -5.455557 0.282026 3.468298 0.354173 0.635500 2.649374 6.105725 0.477570 -4.945524 20.075620 2.971909 -9.900409 1.664715 6.894885 2.175641 12.777777 10.162531 -3.724482 -26.110609 73.307667 17.381772 53.222639 10.968435 1.008319 13.847911 -8.125458 2.558401 5.447881 -7.994648 23.626424 -12.066255 -68.314945 -29.259324 69.610052 -24.045341 -6.819129 12.614732 -2.557656 -23.441532 -14.869698 -2.651001 1.084935 71.878421 5.219534 4.370835 2.965957 4.299739 -0.000000 -0.000000 -0.000000 -3.290112 -6.148715 -4.855959 -0.519180 10.481431 -0.400723 -8.620076 0.673361 2.437894 0.000000 0.000000 -0.000000
0.442204 0.955416 1.689409 54.119699 -3.402957 -0.892614 7.731273 0.808747 0.738342 3.402655 -5.454536 0.316060 3.387229 0.355692 0.661284 2.590536 6.106907 0.497054 -5.049131 20.037450 3.000284 -10.100477 1.607725 6.980433 2.069846 12.708869 10.083121 -4.689527 -26.054725 73.565449 18.065389 53.449129 11.219984 1.028456 13.826186 -9.081657 2.486067 5.455427 -7.874254 22.971931 -12.409395 -68.514799 -31.446627 68.872713 -25.334851 -6.773827 12.667546 -2.065185 -23.396196 -17.112877 -2.390702 2.161967 73.313595 6.431996 3.894940 1.251844 3.841073 0.239029 0.665875 0.527586 -3.355775 -5.264483 -4.251388 -1.010943 10.000078 -0.416710 -8.256294 0.339100 2.250656 0.000000 -0.000000 0.000000
0.445929 0.957760 1.701307 54.218275 -3.288418 -1.126229 7.574769 0.818362 0.831757 3.328672 -5.448963 0.357874 3.313610 0.361703 0.695599 2.537926 6.111498 0.522946 -5.164441 19.946640 3.031919 -10.326991 1.455083 7.080369 1.971292 12.633297 9.930982 -5.767023 -25.958140 73.943154 18.687365 53.562845 11.344718 1.057117 13.782441 -10.128321 2.385190 5.407050 -7.735848 22.316392 -12.704773 -68.685373 -33.625914 67.849172 -26.411447 -6.695345 12.752502 -1.443588 -23.078912 -19.284291 -2.188800 2.235950 74.256728 6.949800 3.225775 0.011971 3.813722 0.113163 0.333693 0.265336 -3.275248 -4.369625 -3.646276 -1.762790 9.415155 -0.404073 -7.764290 0.023751 1.990377 -0.000000 -0.000000 -0.000000
0.449522 0.959768 1.713141 54.336067 -3.170016 -1.337714 7.416761 0.824626 0.913115 3.254587 -5.445139 0.394370 3.239879 0.365954 0.724586 2.484829 6.114734 0.544828 -5.271412 19.849443 3.079784 -10.543939 1.291905 7.208255 1.881423 12.549022 9.807990 -6.636373 -25.834473 74.168168 19.187640 53.534279 11.435278 1.095026 13.743599 -11.083256 2.279430 5.364945 -7.615124 21.684457 -13.088163 -68.744682 -35.842441 66.683770 -27.535184 -6.615847 12.808824 -0.752597 -22.819462 -21.273668 -2.097737 1.573799 74.584680 6.719318 2.750780 -1.066004 3.812116 -0.000000 0.000000 0.000000 -3.050808 -3.466422 -3.054383 -2.573463 8.794537 -0.374883 -7.369783 -0.304544 1.715226 -0.000000 0.000000 0.000000
0.453090 0.961372 1.724927 54.482179 -3.062602 -1.514129 7.246156 0.826351 0.972590 3.175933 -5.443759 0.421198 3.161585 0.367780 0.743442 2.427544 6.116094 0.559084 -5.362092 19.757205 3.152432 -10.738639 1.139453 7.376254 1.802435 12.459307 9.753626 -7.136554 -25.693587 74.111850 19.529478 53.271519 11.508884 1.133037 13.716763 -11.878751 2.169353 5.362008 -7.530953 21.091014 -13.621531 -68.632611 -38.188294 65.362079 -28.861419 -6.546960 12.811606 0.016290 -22.777932 -23.062999 -2.133005 -0.140448 74.278755 5.324548 2.720007 -2.086059 3.714264 0.000000 0.000000 0.000000 -2.625315 -2.531566 -2.484147 -3.415410 8.132553 -0.326991 -7.172906 -0.654493 1.434417 -0.000387 0.011551 -0.067805
0.456525 0.962640 1.736649 54.647669 -2.951279 -1.668302 7.073858 0.824452 1.020002 3.097095 -5.444224 0.442702 3.083099 0.367752 0.756953 2.369711 6.116036 0.569317 -5.444573 19.658881 3.241056 -10.924022 0.977128 7.571786 1.732310 12.361717 9.728344 -7.430452 -25.536927 73.903783 19.734168 52.870811 11.534188 1.171638 13.695843 -12.584894 2.054172 5.364934 -7.464846 20.517633 -14.235035 -68.403797 -40.472374 63.875590 -30.132899 -6.477930 12.793335 0.857458 -22.781265 -24.666781 -2.271621 -2.364109 73.339447 3.392660 2.883119 -2.944732 3.661163 0.000000 0.000000 0.000000 -2.057707 -1.594505 -1.918543 -4.315448 7.433427 -0.262643 -7.072520 -1.020295 1.142268 -0.000841 0.023132 -0.135605
0.459757 0.963604 1.748398 54.825466 -2.814720 -1.797152 6.912392 0.808925 1.054912 3.023673 -5.450945 0.458815 3.009970 0.361426 0.765624 2.315538 6.111237 0.575922 -5.523225 19.567165 3.331685 -11.102744 0.827210 7.769451 1.666507 12.246394 9.715512 -7.684540 -25.374929 73.658830 19.826765 52.586230 11.525606 1.214026 13.689428 -13.229612 1.955282 5.336498 -7.397055 19.939106 -14.865778 -68.147212 -42.423558 62.378175 -31.108765 -6.405825 12.772390 1.691718 -22.659653 -26.019746 -2.496074 -3.540308 71.702691 2.461185 2.904058 -3.645440 3.625293 -0.000000 0.000000 0.000000 -1.526580 -0.733172 -1.338337 -5.157151 6.781764 -0.213717 -6.992304 -1.414164 0.875719 -0.000000 -0.000000 0.000000
0.462743 0.964262 1.760190 55.031304 -2.645543 -1.901869 6.758188 0.774847 1.077077 2.954103 -5.466106 0.469495 2.940634 0.346632 0.769250 2.263840 6.100068 0.578753 -5.598167 19.491056 3.424510 -11.274250 0.706454 7.968669 1.598570 12.105127 9.713884 -7.917012 -25.205525 73.384216 19.812128 52.523377 11.490075 1.262404 13.709360 -13.849501 1.880266 5.255623 -7.318088 19.360423 -15.503088 -67.880336 -44.084003 60.924538 -31.851366 -6.330884 12.744313 2.529634 -22.388841 -27.120373 -2.801045 -3.363726 69.345972 2.871289 2.642156 -4.167540 3.557701 0.000000 0.000000 -0.000000 -1.054064 0.028928 -0.731898 -5.929996 6.198055 -0.201324 -6.941429 -1.835585 0.659254 0.003399 -0.087787 0.560084
0.465525 0.964615 1.772010 55.249464 -2.451273 -1.980849 6.614704 0.726845 1.086784 2.889903 -5.487627 0.474776 2.876617 0.325444 0.768021 2.215773 6.084092 0.577942 -5.669419 19.421370 3.518933 -11.439193 0.597803 8.169269 1.534924 11.946285 9.724607 -8.109852 -25.030582 73.073048 19.687518 52.578741 11.417489 1.305784 13.743224 -14.410960 1.821371 5.143226 -7.237281 18.774897 -16.156966 -67.587886 -45.499687 59.469790 -32.393379 -6.255142 12.711276 3.361120 -21.985932 -27.967484 -3.198939 -2.710160 66.300300 3.734683 2.242241 -4.527099 3.466597 -0.000000 -0.000000 -0.000000 -0.620187 0.716692 -0.115138 -6.646347 5.661815 -0.210125 -6.910103 -2.285693 0.468878 0.006763 -0.210527 1.323535
0.468168 0.964703 1.783906 55.425722 -2.233156 -2.027010 6.505021 0.669189 1.084318 2.841312 -5.513544 0.474685 2.828118 0.299771 0.763004 2.179062 6.064755 0.574280 -5.741184 19.343300 3.599805 -11.602011 0.472334 8.346476 1.490358 11.784651 9.734490 -8.373866 -24.865136 72.817674 19.469214 52.691790 11.296933 1.328872 13.764105 -14.836005 1.777072 5.025107 -7.163089 18.142522 -16.798716 -67.312138 -46.516430 58.039981 -32.563399 -6.178737 12.692014 4.074448 -21.344900 -28.495454 -3.702215 -2.049270 62.610809 4.493297 1.793690 -4.780144 3.391603 -0.000000 -0.000000 -0.000000 -0.341609 1.331337 0.481812 -7.225745 5.198366 -0.221158 -6.793501 -2.777186 0.266415 0.007564 -0.313585 1.830446
0.470692 0.964527 1.795900 55.534408 -1.988508 -2.042831 6.444774 0.600066 1.070880 2.815224 -5.544598 0.469767 2.801996 0.268846 0.755440 2.158947 6.041498 0.568705 -5.815780 19.252103 3.661407 -11.765671 0.320778 8.491107 1.472170 11.616278 9.738792 -8.802187 -24.711518 72.680278 19.147884 52.888558 11.112633 1.319635 13.758267 -15.103660 1.746792 4.905278 -7.096729 17.407284 -17.417755 -67.055119 -47.101206 56.642362 -32.312033 -6.103534 12.689546 4.603572 -20.358568 -28.667369 -4.346362 -1.452124 58.195258 5.071993 1.271434 -4.938439 3.382005 -0.000000 -0.000000 0.000000 -0.266060 1.878081 1.057284 -7.643389 4.808519 -0.240941 -6.539441 -3.316346 0.044350 0.006231 -0.361781 1.834261
0.473077 0.964085 1.807971 55.601556 -1.720331 -2.026272 6.418322 0.521183 1.044903 2.804751 -5.580081 0.459330 2.791398 0.233416 0.743940 2.150181 6.014868 0.560172 -5.890948 19.152269 3.709336 -11.927355 0.151874 8.612243 1.472998 11.445080 9.741644 -9.300918 -24.566271 72.597883 18.728501 53.142651 10.873402 1.288915 13.743046 -15.234971 1.731099 4.779497 -7.037362 16.625659 -18.025281 -66.815649 -47.389979 55.285444 -31.793727 -6.029232 12.689340 5.014028 -19.147863 -28.510183 -5.080985 -0.966816 53.131692 5.398402 0.696159 -4.981300 3.368586 0.000000 0.000000 -0.000000 -0.349127 2.359483 1.606886 -7.926620 4.494454 -0.269274 -6.198863 -3.894617 -0.193339 0.004060 -0.389910 1.581536
0.475320 0.963410 1.820104 55.650697 -1.438485 -1.963694 6.401860 0.442100 1.002579 2.799463 -5.615861 0.441575 2.785959 0.197664 0.725648 2.144764 5.987977 0.546516 -5.963948 19.042846 3.745597 -12.082779 -0.036348 8.712847 1.485727 11.297573 9.743218 -9.700767 -24.436311 72.476074 18.251853 53.314422 10.611714 1.257961 13.740256 -15.214248 1.730338 4.661216 -6.990355 15.928853 -18.627306 -66.632171 -47.495360 53.998858 -31.158020 -5.953261 12.681985 5.391082 -17.952611 -28.058409 -5.785083 -0.686603 47.721857 5.248202 0.230692 -4.918908 3.244781 0.000000 -0.000000 0.000000 -0.570745 2.774837 2.095582 -8.073853 4.285249 -0.278630 -5.821516 -4.501686 -0.468619 0.001755 -0.448501 1.351967
0.477394 0.962504 1.832259 55.663568 -1.143385 -1.851049 6.398431 0.368783 0.943266 2.800735 -5.649292 0.416131 2.787061 0.164225 0.700332 2.143710 5.962800 0.527553 -6.030981 18.917274 3.772386 -12.226361 -0.256252 8.796541 1.510881 11.192197 9.741869 -9.916803 -24.339163 72.274296 17.688410 53.311285 10.320241 1.238262 13.765726 -15.030045 1.756766 4.548314 -6.958514 15.367782 -19.241465 -66.527933 -47.461994 52.793660 -30.459331 -5.880162 12.663305 5.736929 -16.889525 -27.289857 -6.351062 -0.457027 41.937138 4.559702 0.032209 -4.756075 2.983722 0.000000 0.000000 -0.000000 -0.962131 3.109565 2.509896 -8.036877 4.214175 -0.266009 -5.414414 -5.146978 -0.797551 -0.000492 -0.553517 1.248318
0.479327 0.961365 1.844475 55.659217 -0.834584 -1.692740 6.404967 0.295304 0.867503 2.807176 -5.683004 0.383333 2.793308 0.130481 0.668186 2.145992 5.937374 0.503443 -6.095748 18.782036 3.787536 -12.363521 -0.495704 8.859763 1.547947 11.110550 9.739137 -10.035262 -24.256769 72.035364 17.074502 53.225042 10.017235 1.216925 13.808488 -14.694713 1.798216 4.442934 -6.939242 14.895062 -19.852809 -66.483909 -47.277211 51.654137 -29.683508 -5.806257 12.633836 6.050031 -15.859184 -26.230757 -6.866160 -0.220908 35.826239 3.530401 -0.028817 -4.490160 2.656693 0.000000 0.000000 0.000000 -1.496228 3.380028 2.863275 -7.866810 4.251827 -0.242201 -4.969414 -5.819877 -1.166696 -0.002864 -0.689111 1.167705
0.481200 0.960016 1.856866 55.717232 -0.520944 -1.487037 6.388559 0.213294 0.773565 2.804222 -5.720796 0.342552 2.790184 0.092706 0.627107 2.140565 5.908878 0.472618 -6.166747 18.655767 3.786547 -12.506377 -0.719891 8.894696 1.588319 11.023877 9.740198 -10.144036 -24.143582 71.790503 16.549469 53.193911 9.773936 1.179434 13.849878 -14.228054 1.818408 4.364961 -6.929460 14.495118 -20.418954 -66.476028 -46.952526 50.565791 -28.863854 -5.718320 12.594999 6.410039 -14.779494 -24.987715 -7.501523 -0.149576 29.804189 2.435425 -0.215230 -4.118087 2.294701 0.000000 -0.000000 0.000000 -2.065793 3.628796 3.162182 -7.710011 4.331935 -0.197744 -4.514222 -6.480626 -1.552499 -0.005210 -0.858395 1.081240
0.483076 0.958391 1.869315 55.878551 -0.188461 -1.212759 6.332804 0.114003 0.653069 2.784951 -5.766684 0.290151 2.770784 0.046915 0.572753 2.121919 5.874301 0.431818 -6.249018 18.542332 3.762495 -12.661493 -0.922037 8.889751 1.627660 10.908405 9.748018 -10.232439 -23.974523 71.532914 16.109727 53.269134 9.572327 1.106400 13.879023 -13.603842 1.791824 4.327364 -6.923053 14.182169 -20.923856 -66.519966 -46.463037 49.498132 -27.983567 -5.620408 12.542361 6.886077 -13.537137 -23.507686 -8.376858 -0.279788 23.795769 1.332002 -0.649435 -3.546766 1.814236 -0.000000 -0.000000 -0.000000 -2.695290 3.852588 3.373396 -7.575019 4.426197 -0.121433 -4.050787 -7.113746 -1.944072 -0.007516 -1.069856 0.981383
0.484893 0.956558 1.881939 56.103273 0.147591 -0.889746 6.254368 0.006023 0.514563 2.756375 -5.816678 0.229785 2.742115 -0.002939 0.509489 2.095636 5.836633 0.384317 -6.337476 18.437789 3.722186 -12.822019 -1.109173 8.856199 1.670349 10.787900 9.759549 -10.311530 -23.774371 71.269521 15.755412 53.400241 9.425852 1.020585 13.909534 -12.846981 1.743909 4.317096 -6.925930 13.943973 -21.383990 -66.603058 -45.851437 48.475052 -27.080955 -5.513062 12.479219 7.408885 -12.285089 -21.825138 -9.339142 -0.570940 17.878531 0.173695 -1.188805 -2.854831 1.263546 0.000000 -0.000000 -0.000000 -3.362576 4.050449 3.532144 -7.453021 4.562826 -0.024297 -3.577406 -7.733726 -2.353601 -0.009460 -1.314872 0.875303
0.486546 0.954745 1.895188 56.348776 0.434553 -0.577801 6.169933 -0.093018 0.381757 2.724828 -5.862578 0.171795 2.710520 -0.048688 0.448299 2.067306 5.802051 0.338365 -6.425557 18.349105 3.681639 -12.980133 -1.267085 8.820343 1.720800 10.704896 9.771077 -10.500905 -23.573745 71.050822 15.627555 53.574829 9.446468 0.969977 13.955960 -12.054258 1.714803 4.315054 -6.952924 13.723103 -21.804703 -66.657522 -45.216435 47.565326 -26.258069 -5.374979 12.419322 7.851287 -11.316352 -20.188255 -10.173979 -1.112708 12.670740 -0.828755 -1.740048 -2.308157 0.847020 -0.000000 0.000000 0.000000 -3.888857 4.270017 3.745162 -7.463630 4.757203 0.074454 -3.116826 -8.346116 -2.791081 -0.010367 -1.570808 0.756210
0.488092 0.952981 1.909143 56.642209 0.637960 -0.270820 6.072152 -0.168151 0.253555 2.687100 -5.897742 0.115500 2.672829 -0.083672 0.388181 2.034463 5.775546 0.293178 -6.516090 18.278300 3.644104 -13.141802 -1.391216 8.788708 1.786914 10.686852 9.775544 -10.901523 -23.393082 70.911930 15.860065 53.836382 9.738670 0.977924 14.032239 -11.204532 1.723378 4.309911 -7.021591 13.456212 -22.199686 -66.630750 -44.540980 46.769766 -25.524914 -5.182518 12.358067 8.156355 -10.758519 -18.604401 -10.902909 -1.956800 8.195879 -1.464920 -2.356220 -2.078676 0.604468 0.000000 0.000000 -0.000000 -4.225899 4.550161 4.019568 -7.689905 5.002032 0.164461 -2.661437 -8.984844 -3.269229 -0.010043 -1.785602 0.638686
0.489473 0.951237 1.923723 56.955332 0.791943 0.024621 5.968384 -0.234335 0.130918 2.646427 -5.928796 0.061531 2.632231 -0.114535 0.330088 1.999584 5.752144 0.249499 -6.606368 18.223398 3.606154 -13.301195 -1.486058 8.754385 1.860707 10.706312 9.780357 -11.411340 -23.212541 70.816330 16.326871 54.140199 10.205083 1.021324 14.119325 -10.318983 1.750820 4.313251 -7.114360 13.204910 -22.554195 -66.576074 -43.830271 46.085738 -24.864603 -4.954065 12.297914 8.383119 -10.458460 -17.084840 -11.532508 -3.077386 4.407528 -1.788122 -3.035033 -2.013378 0.498206 0.000000 0.000000 -0.000000 -4.421260 4.852634 4.346988 -8.049950 5.300270 0.260335 -2.218518 -9.615180 -3.776276 -0.008891 -2.011202 0.508081
0.490413 0.949658 1.939145 57.161571 0.948992 0.228804 5.897257 -0.318661 0.040607 2.618765 -5.967445 0.022217 2.604544 -0.153054 0.287967 1.975618 5.723073 0.217894 -6.681629 18.185432 3.573818 -13.433008 -1.550814 8.723577 1.922713 10.723339 9.803455 -11.845142 -23.003199 70.706286 16.772976 54.343605 10.649201 1.073177 14.181224 -9.559508 1.780706 4.340223 -7.193355 13.099677 -22.831294 -66.584941 -43.201678 45.580160 -24.324634 -4.728327 12.263030 8.578289 -10.238281 -15.900426 -11.861172 -4.426642 1.804921 -1.943078 -3.631469 -1.900353 0.638527 0.000000 -0.000000 0.000000 -4.436782 5.112664 4.808772 -8.416774 5.682589 0.380072 -1.835782 -10.140634 -4.283150 -0.006389 -2.380829 0.313401
0.490772 0.948315 1.955493 57.193060 1.153134 0.289086 5.883051 -0.446406 0.005142 2.613864 -6.024671 0.007986 2.599407 -0.210258 0.273239 1.970682 5.680109 0.207019 -6.733480 18.171176 3.546909 -13.521031 -1.574138 8.692391 1.965754 10.733908 9.847033 -12.113522 -22.749013 70.529547 17.141380 54.361397 11.034697 1.132271 14.203303 -8.986405 1.806949 4.410269 -7.246608 13.214140 -23.024568 -66.730370 -42.667403 45.298291 -23.890297 -4.494332 12.265086 8.769015 -9.893434 -15.257635 -11.812598 -6.278294 0.922229 -1.966723 -4.084074 -1.727026 1.165158 -0.000000 -0.000000 -0.000000 -4.225556 5.309510 5.453928 -8.752764 6.128793 0.551523 -1.520211 -10.567694 -4.817980 -0.001491 -2.877197 0.061067
0.490689 0.947137 1.972682 57.116741 1.361918 0.256981 5.901225 -0.592193 0.002108 2.621866 -6.089499 0.008515 2.607063 -0.275122 0.274581 1.976581 5.631469 0.208294 -6.770388 18.173895 3.525587 -13.581584 -1.567301 8.664602 1.996901 10.742011 9.908820 -12.306504 -22.466246 70.338360 17.480901 54.279600 11.391414 1.195785 14.199403 -8.540027 1.835604 4.503735 -7.286077 13.476424 -23.140190 -66.941005 -42.201304 45.195718 -23.563487 -4.261864 12.290411 8.927971 -9.594216 -14.958284 -11.485056 -8.355311 1.214539 -1.865128 -4.446334 -1.481890 1.962591 -0.000000 0.000000 0.000000 -3.830895 5.461161 6.231881 -9.096674 6.658209 0.747134 -1.271767 -10.891465 -5.348177 0.007467 -3.517125 -0.256542
0.490312 0.946058 1.990673 57.008720 1.499045 0.209371 5.917242 -0.707122 -0.009039 2.629309 -6.140716 0.005030 2.614225 -0.326373 0.271852 1.981784 5.593022 0.206447 -6.802882 18.174390 3.516474 -13.638170 -1.563363 8.658052 2.017951 10.719723 9.999813 -12.507419 -22.174647 70.230910 17.689815 54.215790 11.616332 1.232597 14.178999 -8.202941 1.868447 4.576882 -7.309827 13.799078 -23.161523 -67.091298 -41.861608 45.207079 -23.415380 -4.101505 12.325487 9.017971 -9.717060 -14.660259 -10.938644 -9.762018 1.561996 -1.744284 -4.751082 -0.969846 2.745358 0.000000 0.000000 0.000000 -3.351323 5.561954 7.074467 -9.440206 7.362181 0.899149 -1.133192 -11.001156 -5.749451 0.026692 -4.484616 -0.712767
0.489655 0.944915 2.009553 56.894059 1.526697 0.191252 5.916699 -0.770259 -0.054442 2.630966 -6.169355 -0.014456 2.615744 -0.355019 0.252535 1.981458 5.571459 0.192006 -6.826472 18.165492 3.519331 -13.683300 -1.576254 8.671778 2.026608 10.643952 10.122204 -12.751031 -21.858433 70.274692 17.730493 54.227643 11.640989 1.228069 14.142627 -7.982468 1.891236 4.592441 -7.303916 14.174668 -23.033086 -67.109568 -41.714999 45.257838 -23.498767 -4.024659 12.372111 9.043697 -10.542909 -14.261817 -10.150666 -10.143866 1.608066 -1.644541 -4.974896 -0.097806 3.553460 -0.000000 -0.000000 -0.000000 -2.816523 5.679444 7.961792 -9.775152 8.190043 1.003522 -1.164338 -10.925653 -6.027667 0.063469 -5.784475 -1.300811
0.488705 0.943872 2.029234 56.747848 1.482651 0.158023 5.914075 -0.802669 -0.107960 2.632085 -6.184440 -0.037969 2.616789 -0.370109 0.229136 1.980449 5.560047 0.174436 -6.845736 18.154504 3.534446 -13.724630 -1.591775 8.706832 2.024468 10.538272 10.273944 -13.000862 -21.531912 70.399715 17.642121 54.257669 11.534316 1.197442 14.089877 -7.871330 1.918127 4.587666 -7.282278 14.610172 -22.812449 -67.065256 -41.692814 45.425678 -23.759579 -4.018446 12.429410 8.998768 -11.784602 -13.839097 -9.156183 -9.855404 1.719705 -1.539641 -5.139091 1.027776 4.332362 -0.000000 -0.000000 -0.000000 -2.201223 5.742640 8.914970 -10.120818 9.190992 1.065218 -1.313096 -10.642721 -6.167975 0.129316 -7.411380 -2.030759
0.487560 0.943343 2.049416 56.571786 1.403917 0.052729 5.918243 -0.818342 -0.131767 2.634942 -6.191708 -0.048402 2.619593 -0.377390 0.218994 1.981772 5.554547 0.166825 -6.884851 18.144103 3.569178 -13.808434 -1.600521 8.783937 2.019389 10.444746 10.459569 -13.233467 -21.260778 70.498722 17.440451 54.251334 11.401192 1.154920 14.029287 -7.830187 1.993870 4.630290 -7.284826 15.039373 -22.652956 -67.045755 -41.652683 45.874319 -24.109636 -4.117315 12.481744 8.828387 -12.965224 -13.320745 -8.099620 -9.057925 1.869659 -1.378135 -5.390312 2.259644 4.660320 0.000000 -0.000000 0.000000 -1.529410 5.539293 9.924795 -10.521490 10.606011 1.027631 -1.450954 -9.962502 -6.017786 0.251066 -9.530626 -3.011044
0.486257 0.943544 2.070462 56.342244 1.280772 -0.168221 5.944337 -0.824169 -0.110322 2.645584 -6.194029 -0.038689 2.630157 -0.379759 0.229787 1.990528 5.552818 0.174976 -6.954030 18.145603 3.627384 -13.953336 -1.579655 8.911807 2.013638 10.372796 10.739470 -13.465560 -21.080651 70.491252 17.163744 54.184010 11.351645 1.101368 13.958702 -7.906556 2.180542 4.761695 -7.350604 15.385069 -22.665741 -66.993852 -41.541914 46.625851 -24.579686 -4.389140 12.534095 8.485203 -14.146529 -12.644506 -6.963876 -7.414211 1.987674 -1.125110 -5.779615 3.823756 4.304575 0.000000 -0.000000 -0.000000 -0.718241 5.031512 11.061392 -11.196854 12.515846 0.815857 -1.480094 -8.965905 -5.457169 0.455200 -12.086764 -4.349678
0.484759 0.944259 2.092009 56.083648 1.121701 -0.460613 5.977129 -0.813097 -0.059215 2.657943 -6.188459 -0.015928 2.642468 -0.374248 0.253802 2.001612 5.557053 0.193058 -7.043165 18.148316 3.705021 -14.140836 -1.550726 9.081162 2.004887 10.313754 11.053140 -13.681424 -20.957365 70.459840 16.772180 54.081043 11.273988 1.038679 13.878916 -8.052433 2.416618 4.939728 -7.440200 15.724719 -22.740006 -66.970034 -41.418679 47.661259 -25.135696 -4.769034 12.587413 8.018384 -15.256687 -11.864370 -5.778370 -5.259300 2.155922 -0.836445 -6.327270 5.481292 3.536251 -0.000000 -0.000000 -0.000000 0.125256 4.249157 12.246256 -11.966176 14.833537 0.490565 -1.458700 -7.570822 -4.613177 0.782551 -15.119885 -5.984039
0.483060 0.945264 2.112671 55.869208 0.991655 -0.750474 5.980002 -0.777806 0.012538 2.656144 -6.171852 0.015687 2.640758 -0.357633 0.285232 2.002744 5.569641 0.216673 -7.145867 18.121865 3.797980 -14.361529 -1.570895 9.286582 1.995859 10.281354 11.223738 -13.809623 -20.850675 70.543807 16.169023 53.960358 10.944747 0.979025 13.804332 -8.085651 2.561277 5.107329 -7.477087 16.223352 -22.691335 -67.238461 -41.295497 49.079562 -25.581174 -5.094498 12.620159 7.518123 -15.629599 -11.132159 -4.725857 -3.764169 2.561148 -0.559297 -7.109608 6.369910 2.681119 0.000000 0.000000 -0.000000 0.690303 3.095040 13.244812 -12.260212 17.566025 0.226652 -1.493856 -5.346880 -3.688732 1.305629 -18.919791 -7.823979
0.481105 0.946607 2.131757 55.753950 0.924881 -1.032491 5.922359 -0.706109 0.124117 2.625743 -6.138561 0.064534 2.610685 -0.324199 0.330993 1.983690 5.594887 0.251005 -7.273773 18.037607 3.907632 -14.640734 -1.690710 9.538380 1.985792 10.279049 11.138813 -13.814100 -20.741827 70.832386 15.244310 53.789206 10.195510 0.928086 13.735886 -7.929362 2.536201 5.239215 -7.414670 17.112244 -22.406675 -68.064964 -41.108105 51.034617 -25.742743 -5.273118 12.603735 7.125733 -14.684907 -10.615703 -3.898987 -3.587644 3.472118 -0.252184 -8.269998 5.898931 1.786720 -0.000000 -0.000000 0.000000 0.803288 1.476808 14.021462 -11.736319 20.819451 0.096680 -1.705227 -1.820778 -2.654710 2.181468 -24.170300 -9.991596
0.478949 0.948239 2.149957 55.682199 0.888095 -1.312662 5.835525 -0.609430 0.256031 2.581463 -6.093950 0.122132 2.566856 -0.279385 0.384099 1.954865 5.628679 0.290827 -7.414395 17.924318 4.034313 -14.952487 -1.858654 9.829726 1.975285 10.301092 10.910505 -13.728694 -20.647975 71.236518 14.122488 53.584916 9.208681 0.876133 13.676552 -7.660879 2.419798 5.362157 -7.300255 18.142382 -21.981460 -69.176669 -40.846272 53.367078 -25.723178 -5.404808 12.569200 6.697791 -13.019726 -10.205982 -3.164636 -4.077738 4.589003 0.093813 -9.593612 4.640539 0.825073 -0.000000 0.000000 -0.000000 0.631323 -0.494439 14.626139 -10.684940 24.513528 0.169330 -1.894990 2.510234 -1.441327 3.502951 -30.098177 -12.737291
0.476754 0.949791 2.167948 55.560530 0.845427 -1.534407 5.775297 -0.516336 0.341148 2.551018 -6.051544 0.158923 2.536771 -0.236844 0.417804 1.934850 5.660691 0.316054 -7.525717 17.837591 4.171488 -15.210902 -1.979478 10.127763 1.970590 10.347395 10.698997 -13.588047 -20.581660 71.628479 13.049527 53.446241 8.278198 0.810196 13.644593 -7.329994 2.305769 5.497397 -7.199342 18.771953 -21.563206 -70.034053 -40.639757 55.706139 -25.791075 -5.626977 12.588209 5.898988 -11.735894 -9.638508 -2.355081 -4.437025 5.252123 0.376628 -10.596932 3.475625 -0.041369 0.000000 -0.000000 -0.000000 0.397957 -2.604405 14.954599 -9.441021 28.371813 0.621548 -1.759878 6.618788 -0.195071 5.038383 -34.816855 -15.975275
0.474472 0.951194 2.186076 55.388281 0.780857 -1.667122 5.756151 -0.428666 0.341733 2.542546 -6.012590 0.158061 2.528523 -0.197855 0.416083 1.928492 5.689920 0.314607 -7.591421 17.798115 4.329816 -15.386655 -2.015864 10.443597 1.989787 10.439376 10.559445 -13.381982 -20.545992 71.991135 12.055002 53.403429 7.438810 0.713743 13.654880 -6.917637 2.203774 5.679079 -7.115070 18.699402 -21.228523 -70.423879 -40.590627 58.011266 -26.092111 -6.070997 12.753600 4.490093 -11.326482 -8.741210 -1.390255 -4.363491 5.138385 0.514832 -11.062089 2.715934 -0.783072 0.000000 0.000000 -0.000000 0.059995 -4.866858 14.968911 -7.817166 32.467844 1.621575 -1.161801 10.451683 1.046086 6.579677 -37.919457 -19.649381
0.472152 0.952517 2.203995 55.166027 0.710466 -1.741185 5.763018 -0.345546 0.295493 2.547710 -5.976226 0.136356 2.533825 -0.161514 0.394900 1.930803 5.717101 0.298506 -7.628186 17.785307 4.497385 -15.508918 -2.005307 10.763398 2.015500 10.556142 10.436377 -13.121677 -20.540581 72.341761 11.093840 53.431568 6.642670 0.606244 13.694756 -6.442714 2.104486 5.873074 -7.044745 18.242193 -20.918544 -70.565189 -40.667942 60.321640 -26.580294 -6.673137 12.973128 2.716851 -11.281815 -7.654446 -0.369956 -4.146923 4.587856 0.560246 -11.214415 2.066396 -1.464911 0.000000 -0.000000 -0.000000 -0.302249 -7.273856 14.721477 -5.818014 36.677835 3.166662 -0.242695 14.043332 2.360952 7.866847 -39.793461 -23.417034
0.470095 0.953585 2.221350 54.802408 0.645818 -1.791180 5.806806 -0.291948 0.248459 2.569307 -5.952969 0.114692 2.555411 -0.138352 0.375426 1.945472 5.734414 0.283746 -7.644494 17.792665 4.632409 -15.580591 -1.966015 11.014202 2.002356 10.635205 10.324557 -12.877597 -20.569790 72.606495 10.285406 53.562938 6.042102 0.528426 13.736843 -6.012306 2.071394 5.996694 -7.045466 17.805873 -20.592770 -70.576089 -40.900250 62.390391 -27.322220 -7.247306 13.041356 0.969252 -11.198020 -6.564028 0.601806 -3.878103 3.953357 0.587866 -11.270813 1.505829 -2.091230 -0.000000 -0.000000 0.000000 -0.265437 -9.583334 14.213495 -4.170222 40.437805 4.944348 0.740116 16.534221 3.605266 8.191086 -39.945054 -26.187353
0.468479 0.954290 2.238001 54.260172 0.587285 -1.842861 5.908883 -0.291569 0.223267 2.615797 -5.953064 0.103498 2.601650 -0.138657 0.368948 1.979656 5.734190 0.278880 -7.645075 17.844863 4.720313 -15.602067 -1.854635 11.167126 1.919279 10.622630 10.221491 -12.694968 -20.597577 72.726478 9.683490 53.879095 5.748468 0.505261 13.769071 -5.664987 2.152108 5.992376 -7.173503 17.423288 -20.244918 -70.394414 -41.610921 64.193949 -28.678835 -7.722905 12.795635 -0.823093 -10.926606 -5.503944 1.504777 -3.566930 3.301633 0.627030 -11.339141 1.046010 -2.669867 0.000000 -0.000000 -0.000000 0.557516 -11.749212 13.313682 -3.353973 43.655674 6.865490 1.827000 17.444033 4.682909 6.815046 -37.366518 -27.445711
0.467127 0.954740 2.254087 53.576508 0.534453 -1.870119 6.047801 -0.320825 0.197936 2.678636 -5.966331 0.092653 2.664088 -0.152217 0.364476 2.026156 5.724040 0.275582 -7.625580 17.916566 4.775001 -15.573594 -1.716276 11.250173 1.797837 10.572283 10.130520 -12.530533 -20.657874 72.762854 9.230494 54.308811 5.642537 0.511318 13.799931 -5.362143 2.298583 5.915924 -7.371253 17.068676 -19.874702 -70.087140 -42.634013 65.744688 -30.427527 -8.147165 12.383381 -2.595046 -10.619310 -4.437358 2.356309 -3.202495 2.567360 0.647110 -11.316480 0.677506 -3.195226 0.000000 0.000000 -0.000000 1.823260 -13.804620 12.101395 -2.992749 46.465669 8.791518 2.836407 17.298544 5.506810 4.487310 -33.253289 -27.657011
0.465808 0.955089 2.269672 52.771696 0.498343 -1.829941 6.170394 -0.333683 0.151082 2.735188 -5.972623 0.071971 2.720303 -0.158781 0.349527 2.067177 5.719086 0.264358 -7.581006 17.926208 4.798097 -15.498315 -1.701905 11.277126 1.686093 10.583069 10.054539 -12.323656 -20.857313 72.823615 8.880713 54.655820 5.531727 0.507823 13.830776 -5.095901 2.429239 5.854113 -7.525331 17.053584 -19.458813 -69.964156 -43.051740 66.874835 -31.533489 -8.424941 12.085468 -3.764965 -10.334418 -3.452611 3.119849 -2.854383 1.900691 0.639729 -11.104839 0.344342 -3.647158 -0.000000 0.000000 -0.000000 2.829456 -15.640871 10.914991 -2.745499 48.688013 10.099454 3.136311 16.783895 5.906506 2.892121 -30.436415 -27.177863
0.464429 0.955377 2.284756 51.855127 0.486293 -1.684578 6.255236 -0.311392 0.062293 2.776877 -5.963890 0.032053 2.761810 -0.150252 0.313834 2.095557 5.725357 0.237430 -7.504995 17.830241 4.790462 -15.370150 -1.892261 11.254051 1.600459 10.721010 10.000023 -12.066228 -21.286800 72.967973 8.584706 54.910001 5.321621 0.477085 13.870193 -4.839823 2.522441 5.844135 -7.579452 17.598237 -18.999413 -70.194207 -42.327433 67.485071 -31.405536 -8.435134 12.033341 -4.003716 -10.080201 -2.583053 3.770961 -2.582295 1.338731 0.585930 -10.659792 0.042855 -4.002149 0.000154 0.017636 0.006849 3.374003 -17.231614 9.882993 -2.590762 50.200590 10.455838 2.159638 16.041339 5.790407 2.749312 -30.252656 -25.763415
0.463084 0.955564 2.299338 50.817404 0.495128 -1.472536 6.323496 -0.274016 -0.049027 2.812244 -5.948787 -0.018154 2.797066 -0.135322 0.267214 2.118405 5.736373 0.202236 -7.403238 17.671328 4.753834 -15.193587 -2.207304 11.179100 1.523607 10.920029 9.956859 -11.768636 -21.853026 73.142620 8.397895 55.080782 5.113488 0.434165 13.908855 -4.621324 2.599302 5.849673 -7.590684 18.471748 -18.496732 -70.603738 -40.794369 67.674762 -30.425796 -8.247404 12.095199 -3.645960 -9.858406 -1.791725 4.330080 -2.330172 0.841823 0.512842 -10.027483 -0.217444 -4.288397 0.000245 0.035269 0.013705 3.632335 -18.628336 8.922286 -2.730287 51.136802 10.017574 0.484105 14.931811 5.301769 3.202452 -31.268195 -23.466762
0.461830 0.955678 2.313486 49.650618 0.519602 -1.265444 6.386012 -0.233343 -0.145098 2.844402 -5.932037 -0.061602 2.829140 -0.118733 0.227027 2.139362 5.748654 0.171880 -7.288661 17.497221 4.691424 -14.987302 -2.556736 11.054564 1.452798 11.080295 9.903925 -11.397044 -22.386430 73.284764 8.432238 54.999120 5.011716 0.388752 13.921288 -4.513458 2.641311 5.846796 -7.616175 19.308534 -17.933255 -70.990234 -38.712611 67.587573 -28.900170 -8.038878 12.175118 -3.111676 -9.718322 -1.060970 4.827393 -1.997354 0.446011 0.481135 -9.244400 -0.471777 -4.564597 0.000000 -0.000000 -0.000000 3.434088 -19.866065 8.099643 -3.168468 51.675348 8.911073 -0.779745 13.711269 4.653288 3.529241 -32.157791 -20.932298
0.460673 0.955732 2.327145 48.325418 0.568120 -1.084473 6.448389 -0.194460 -0.215080 2.875336 -5.915746 -0.093379 2.859994 -0.102598 0.198385 2.160292 5.760638 0.150225 -7.157053 17.311154 4.595861 -14.740516 -2.936271 10.864873 1.392481 11.161554 9.831164 -10.892926 -22.827639 73.369273 8.685860 54.524775 5.005774 0.339357 13.894737 -4.563356 2.635085 5.820183 -7.675150 20.057363 -17.277033 -71.303158 -36.048862 67.113371 -26.805120 -7.852882 12.268518 -2.423256 -9.747891 -0.409600 5.254690 -1.512209 0.191885 0.533045 -8.262474 -0.724129 -4.864720 -0.000379 -0.126127 -0.024177 2.508539 -20.961261 7.535039 -3.995952 51.889171 6.928130 -1.063286 12.356005 3.853366 3.629155 -32.645049 -18.411283
0.459607 0.955713 2.340369 46.871293 0.632891 -0.909843 6.505004 -0.151792 -0.270300 2.903063 -5.897579 -0.118625 2.887668 -0.084573 0.175951 2.179312 5.774064 0.133237 -7.011753 17.108237 4.476307 -14.461612 -3.352077 10.628293 1.338453 11.202830 9.751023 -10.312413 -23.235112 73.420077 9.152746 53.796366 5.102488 0.293398 13.842210 -4.723410 2.594048 5.783570 -7.747240 20.769954 -16.562221 -71.602077 -33.088031 66.306843 -24.421333 -7.651405 12.373921 -1.557496 -9.862091 0.182236 5.616165 -0.950048 0.043217 0.621839 -7.130234 -0.965908 -5.159920 -0.000286 -0.305094 -0.069161 1.094058 -21.909744 7.146455 -5.029615 51.589259 4.369164 -0.885222 10.850152 2.951358 3.551749 -32.996032 -15.648001
0.458673 0.955623 2.353385 45.368392 0.681706 -0.750398 6.550119 -0.099837 -0.306032 2.924832 -5.875015 -0.135306 2.909441 -0.062120 0.161477 2.194516 5.790844 0.122227 -6.877694 16.924764 4.358693 -14.200104 -3.729194 10.394973 1.275506 11.223269 9.678544 -9.792293 -23.617824 73.445464 9.931209 53.060324 5.429972 0.273650 13.776613 -4.923515 2.539763 5.755458 -7.830265 21.243087 -15.877418 -71.854533 -30.378916 65.596690 -22.329532 -7.477351 12.419281 -0.872388 -9.847364 0.790235 5.961270 -0.430471 -0.079944 0.672988 -6.028096 -1.217262 -5.412344 0.000444 -0.475728 -0.186082 -0.203979 -22.719899 6.675475 -5.838533 50.636672 2.171395 -0.802281 9.487813 2.157935 3.189652 -32.721539 -12.853125
0.457890 0.955468 2.366241 43.839838 0.694962 -0.607391 6.575657 -0.030709 -0.322084 2.937055 -5.844535 -0.143448 2.921759 -0.031703 0.154575 2.203203 5.813630 0.116885 -6.763077 16.772360 4.253082 -13.973739 -4.043821 10.184645 1.191653 11.223512 9.623426 -9.376373 -23.988315 73.444406 11.086147 52.331735 6.064612 0.290219 13.696748 -5.159895 2.469070 5.753616 -7.928966 21.364736 -15.254831 -72.041936 -27.764095 65.026682 -20.421593 -7.336006 12.353725 -0.469398 -9.653457 1.457402 6.310010 0.035357 -0.218056 0.648116 -5.017092 -1.488957 -5.597687 0.001499 -0.613367 -0.415162 -1.253836 -23.404034 6.016664 -6.227149 48.983620 0.705152 -1.036505 8.357610 1.491573 2.635963 -31.646006 -10.238932
0.457238 0.955240 2.378890 42.262313 0.691419 -0.477724 6.589743 0.048999 -0.319729 2.943376 -5.809088 -0.143524 2.928230 0.003711 0.155140 2.208074 5.840196 0.117147 -6.660044 16.639298 4.148518 -13.766022 -4.320525 9.976619 1.099486 11.203343 9.577680 -9.020563 -24.335415 73.420321 12.522870 51.578631 6.917931 0.338485 13.605830 -5.433343 2.384771 5.758678 -8.039585 21.250877 -14.666733 -72.190268 -25.300200 64.564274 -18.718666 -7.216865 12.236187 -0.251605 -9.331059 2.139679 6.643461 0.457230 -0.334551 0.586147 -4.035485 -1.774226 -5.739019 0.002777 -0.742317 -0.716120 -2.177290 -23.962291 5.246379 -6.363214 46.747742 -0.281764 -1.375270 7.381025 0.880479 2.009887 -29.913600 -7.829112
0.456702 0.954917 2.391410 40.646262 0.695584 -0.363297 6.611037 0.123602 -0.295878 2.951911 -5.775611 -0.133933 2.936897 0.037142 0.165595 2.215350 5.865319 0.124874 -6.570044 16.527534 4.037835 -13.576774 -4.556464 9.758109 1.020335 11.180896 9.528375 -8.730305 -24.633606 73.387480 14.122570 50.976586 7.893277 0.411230 13.521629 -5.681396 2.317722 5.734597 -8.146698 21.041474 -14.112223 -72.330316 -23.520452 64.587423 -17.655380 -7.128296 12.168587 -0.279906 -8.816937 2.781582 6.956697 0.747451 -0.397432 0.531617 -3.079119 -2.069561 -5.867313 0.004417 -0.874938 -1.019160 -2.734922 -24.387448 4.354153 -6.462755 44.138973 -0.881536 -1.762237 6.625105 0.334507 1.386060 -27.523518 -5.655008
0.456270 0.954482 2.403780 38.992193 0.718049 -0.261666 6.648105 0.187092 -0.249698 2.966405 -5.746763 -0.114224 2.951465 0.065914 0.186773 2.227875 5.887001 0.140707 -6.503227 16.442244 3.918377 -13.423433 -4.741067 9.527087 0.959580 11.164258 9.471870 -8.533670 -24.874554 73.350902 15.942520 50.581140 9.041241 0.502530 13.441965 -5.900233 2.287235 5.666379 -8.244012 20.732884 -13.600720 -72.461687 -22.529590 65.375069 -17.338024 -7.106032 12.208866 -0.647121 -8.031025 3.351937 7.250511 0.837154 -0.399836 0.501170 -2.165512 -2.375791 -5.998485 0.006417 -1.008874 -1.295769 -2.724683 -24.675312 3.263355 -6.731277 41.201740 -1.094291 -2.228386 6.129295 -0.200182 0.846178 -24.413997 -3.814259
0.455953 0.953951 2.416022 37.299632 0.747190 -0.176147 6.692568 0.247474 -0.181571 2.983157 -5.718974 -0.084684 2.968274 0.093615 0.218013 2.242846 5.907928 0.164132 -6.450099 16.377518 3.791192 -13.289978 -4.886719 9.283228 0.911816 11.144977 9.411576 -8.402161 -25.069028 73.302564 17.952761 50.319071 10.349237 0.614314 13.368413 -6.093673 2.275011 5.569773 -8.335228 20.329388 -13.124397 -72.583896 -22.113276 66.688639 -17.552185 -7.145958 12.303655 -1.263420 -7.053687 3.879250 7.531930 0.794091 -0.352098 0.480207 -1.276876 -2.693359 -6.116678 0.008801 -1.146574 -1.574445 -2.345726 -24.822662 2.028300 -7.094183 37.944176 -0.992613 -2.755523 5.859009 -0.728665 0.442319 -20.686989 -2.351285
0.455771 0.953350 2.428280 35.577590 0.773496 -0.117886 6.737739 0.310378 -0.089770 2.999129 -5.689708 -0.044622 2.984321 0.122797 0.259694 2.258044 5.930015 0.195424 -6.382501 16.318714 3.654841 -13.125528 -5.024483 9.016364 0.881982 11.115961 9.344493 -8.256257 -25.219301 73.235092 19.933665 50.188174 11.643064 0.744244 13.320921 -6.212175 2.255901 5.455707 -8.418824 19.981112 -12.655036 -72.725452 -22.291457 68.147850 -18.204042 -7.183854 12.385223 -1.915731 -6.062129 4.397487 7.805079 0.735530 -0.246837 0.465304 -0.356138 -3.016801 -6.206624 0.012082 -1.307701 -1.870991 -1.964045 -24.820905 0.838056 -7.328208 34.499821 -0.793462 -3.230428 5.782987 -1.157623 0.168130 -16.594947 -1.152806
0.455755 0.952696 2.440523 33.815656 0.797119 -0.092601 6.784937 0.377804 0.031642 3.014618 -5.657980 0.008577 2.999900 0.154442 0.314462 2.273885 5.954008 0.236573 -6.291041 16.262472 3.501340 -12.910266 -5.162498 8.709014 0.875553 11.068717 9.262660 -8.061633 -25.307763 73.131610 21.884386 50.198878 12.909009 0.897619 13.311736 -6.238023 2.221528 5.315758 -8.491943 19.766241 -12.164997 -72.913137 -23.400137 69.815754 -19.548679 -7.188491 12.423915 -2.626754 -5.053440 4.898055 8.077259 0.657757 -0.074516 0.447849 0.609048 -3.346829 -6.257744 0.016422 -1.489013 -2.191905 -1.655658 -24.639866 -0.300388 -7.449906 30.821149 -0.534055 -3.529980 5.935615 -1.289548 0.036813 -11.706817 -0.060006
0.455875 0.951972 2.452783 32.024201 0.815352 -0.094247 6.833050 0.450190 0.176362 3.029397 -5.623672 0.072091 3.014782 0.188670 0.379475 2.289971 5.979986 0.285438 -6.185438 16.211633 3.338007 -12.664344 -5.292845 8.377564 0.887512 11.011265 9.174975 -7.852238 -25.353085 73.005001 23.842281 50.343282 14.190711 1.063815 13.324408 -6.188951 2.181096 5.158654 -8.555408 19.604854 -11.682474 -73.120176 -25.407691 71.617964 -21.621868 -7.209467 12.444245 -3.381077 -4.030275 5.388341 8.341643 0.563459 0.155170 0.433714 1.606846 -3.682846 -6.283235 0.022150 -1.693605 -2.530830 -1.349836 -24.309747 -1.403270 -7.490985 26.949128 -0.187241 -3.811635 6.309029 -1.341565 0.016090 -6.482724 0.776499
0.456060 0.951148 2.465301 30.243408 0.814175 -0.115202 6.871663 0.530039 0.327479 3.039621 -5.585919 0.138339 3.025152 0.226369 0.446761 2.302837 6.008573 0.336009 -6.065780 16.161833 3.187034 -12.395981 -5.420479 8.063521 0.906842 10.962035 9.103265 -7.650996 -25.410031 72.894481 25.644741 50.610852 15.389486 1.215007 13.334847 -6.069729 2.134982 5.020670 -8.615194 19.410533 -11.260990 -73.292859 -27.495095 72.981071 -23.707449 -7.243902 12.461310 -3.901174 -3.178419 5.927459 8.575890 0.579921 0.423595 0.438392 2.658094 -4.016167 -6.305100 0.030639 -1.950573 -2.884439 -1.189406 -23.914648 -2.314026 -7.194841 23.107964 0.121887 -4.346706 6.787228 -1.843347 0.016686 -2.519705 1.129683
0.456297 0.950220 2.478134 28.472670 0.779648 -0.157698 6.898337 0.626873 0.484956 3.044201 -5.540504 0.207161 3.029954 0.271759 0.516049 2.311668 6.042931 0.388059 -5.928279 16.104592 3.057279 -12.102360 -5.560335 7.783001 0.934602 10.932585 9.060770 -7.458750 -25.510783 72.804236 27.266580 51.024282 16.486082 1.336473 13.331218 -5.863330 2.076508 4.919734 -8.675498 19.147767 -10.908568 -73.413774 -29.151408 73.694595 -25.301225 -7.244071 12.484246 -4.048848 -2.604933 6.547630 8.762034 0.795259 0.731004 0.469817 3.792210 -4.339127 -6.325141 0.043643 -2.279458 -3.259642 -1.387652 -23.471985 -2.880537 -6.367664 19.286082 0.265436 -5.216799 7.398119 -3.100687 0.001736 -0.707999 0.897699
0.456599 0.949193 2.491224 26.712684 0.723917 -0.217248 6.915536 0.731777 0.648012 3.044234 -5.491406 0.278340 3.030246 0.320855 0.587231 2.317240 6.080068 0.441528 -5.776594 16.049761 2.939861 -11.786061 -5.694845 7.519579 0.969299 10.913098 9.033054 -7.274661 -25.622039 72.731801 28.757730 51.574787 17.512783 1.439857 13.324908 -5.589256 2.011527 4.837715 -8.734331 18.853882 -10.614103 -73.495174 -30.491960 73.991073 -26.499249 -7.203047 12.508629 -3.955213 -2.203963 7.216194 8.909479 1.121781 1.080547 0.514115 4.980382 -4.657602 -6.345769 0.061167 -2.660455 -3.650038 -1.722343 -22.950515 -3.268738 -5.183745 15.450829 0.311157 -6.261992 8.062649 -4.855712 -0.008890 -0.207418 0.387439
0.456939 0.948045 2.504638 25.005554 0.673341 -0.276747 6.920012 0.817800 0.799863 3.039063 -5.450868 0.344812 3.025302 0.361421 0.653181 2.318484 6.110775 0.491099 -5.622243 16.020924 2.829756 -11.464040 -5.779748 7.265197 0.995963 10.889727 9.000305 -7.119492 -25.698548 72.706941 30.054124 52.213934 18.430693 1.538075 13.328446 -5.307168 1.958776 4.756958 -8.789528 18.553801 -10.399445 -73.524476 -31.297341 73.987028 -27.151028 -7.155380 12.532156 -3.740779 -1.841971 7.895383 9.037581 1.423225 1.457964 0.554978 6.155897 -4.983094 -6.389111 0.081659 -3.063994 -4.032042 -1.686745 -22.366535 -3.788207 -3.933498 11.792085 0.377803 -7.371311 8.506448 -6.768662 0.000000 -0.000000 -0.000000
0.457354 0.946768 2.518339 23.364315 0.632929 -0.322994 6.908944 0.879296 0.935632 3.027708 -5.421495 0.404500 3.014149 0.390856 0.711721 2.314523 6.133090 0.535137 -5.468075 16.024435 2.722749 -11.139993 -5.803539 7.012693 1.013806 10.854288 8.953424 -6.997443 -25.720549 72.749649 31.103982 52.947738 19.182893 1.641028 13.353560 -5.043821 1.922247 4.669276 -8.841486 18.237618 -10.261065 -73.486159 -31.379294 73.645029 -27.086715 -7.115982 12.549137 -3.410305 -1.473307 8.578284 9.146180 1.650828 1.851109 0.588215 7.290383 -5.328546 -6.486482 0.103914 -3.477238 -4.372116 -1.066994 -21.702557 -4.558828 -2.597229 8.276801 0.451550 -8.689497 8.689371 -8.869702 0.019221 0.179906 -0.096596
0.457807 0.945370 2.532363 21.775890 0.598158 -0.369984 6.884988 0.920609 1.062326 3.011039 -5.401261 0.460464 2.997661 0.411178 0.765995 2.306251 6.148538 0.576001 -5.312169 16.054325 2.621078 -10.812134 -5.777164 6.766547 1.023913 10.814152 8.902156 -6.904974 -25.704763 72.836971 31.956285 53.785194 19.809202 1.740085 13.390793 -4.772481 1.897946 4.583483 -8.890057 17.916875 -10.195459 -73.388267 -30.907704 73.010113 -26.458203 -7.062757 12.566346 -2.956661 -1.144353 9.270704 9.235859 1.852968 2.271369 0.617130 8.412289 -5.680891 -6.607149 0.128981 -3.913655 -4.703260 -0.090335 -20.972045 -5.444890 -1.194231 4.933048 0.431760 -10.058554 8.699040 -11.110320 0.013088 0.089210 -0.049009
0.458159 0.943865 2.546884 20.243138 0.580873 -0.443158 6.853055 0.929017 1.182803 2.991126 -5.395774 0.514174 2.977857 0.416770 0.817686 2.295315 6.152918 0.614983 -5.159331 16.115379 2.528498 -10.490132 -5.690826 6.535062 1.014206 10.778117 8.855231 -6.851270 -25.661558 72.932798 32.688304 54.681542 20.406955 1.820662 13.421552 -4.472230 1.892727 4.508051 -8.932017 17.648630 -10.223610 -73.251256 -30.258376 72.317904 -25.662028 -6.988025 12.598816 -2.483475 -0.858186 9.954698 9.331950 2.038551 2.738380 0.638130 9.540476 -6.012914 -6.679817 0.158591 -4.383197 -5.101622 1.082644 -20.246170 -6.361879 -0.072086 2.065534 0.349502 -10.979537 8.483360 -12.967835 0.000000 0.000000 -0.000000
0.458413 0.942229 2.561950 18.777590 0.598665 -0.552195 6.808888 0.887327 1.299350 2.966025 -5.412651 0.566923 2.952769 0.400025 0.867892 2.280344 6.140526 0.652940 -5.008763 16.222354 2.445788 -10.171861 -5.517350 6.318264 0.969445 10.745643 8.811135 -6.842980 -25.587310 73.032420 33.321972 55.663305 21.011076 1.871987 13.434784 -4.136291 1.915373 4.442182 -8.972009 17.481376 -10.359609 -73.068307 -29.562999 71.661829 -24.840995 -6.902223 12.651601 -2.046728 -0.620272 10.629474 9.447138 2.205440 3.231789 0.641112 10.680375 -6.344436 -6.681459 0.190105 -4.834175 -5.585981 2.588672 -19.491932 -7.364153 0.564492 -0.285416 0.220285 -11.199705 7.948568 -14.240691 -0.000000 0.000000 0.000000
0.458566 0.940485 2.577512 17.367583 0.631870 -0.689258 6.756541 0.812150 1.412914 2.937519 -5.444498 0.618855 2.924221 0.368327 0.916933 2.262725 6.116902 0.690075 -4.862065 16.360918 2.370015 -9.861276 -5.283482 6.113245 0.904724 10.717298 8.770779 -6.873039 -25.486265 73.137594 33.831409 56.710738 21.571496 1.904224 13.444811 -3.772235 1.956787 4.387376 -9.006345 17.365080 -10.584477 -72.837520 -28.714181 70.946513 -23.880333 -6.799485 12.719111 -1.591404 -0.423616 11.296531 9.569676 2.354706 3.771168 0.633836 11.828639 -6.654495 -6.638500 0.227012 -5.318148 -6.137804 4.284762 -18.730957 -8.386026 0.960539 -2.138777 0.064684 -11.057510 7.205624 -15.087618 -0.000000 -0.000000 0.000000
0.458478 0.938720 2.593603 15.981321 0.635447 -0.852254 6.713442 0.741613 1.523259 2.913302 -5.474325 0.669250 2.899957 0.338625 0.964869 2.248233 6.094770 0.726356 -4.727027 16.492096 2.300536 -9.575891 -5.060683 5.925412 0.853047 10.704507 8.745768 -6.929662 -25.383082 73.223215 34.214643 57.707175 22.055262 1.933153 13.470930 -3.380882 1.996634 4.356149 -9.020205 17.209008 -10.871890 -72.586742 -27.693618 70.124803 -22.754890 -6.647989 12.800552 -1.055890 -0.252047 11.941756 9.689156 2.499808 4.436695 0.636650 12.990859 -6.853590 -6.555768 0.284415 -5.998934 -6.778765 5.609072 -18.132789 -9.180627 1.454022 -3.282076 -0.008944 -10.980329 6.488206 -15.507067 -0.000000 0.000000 0.000000
0.458062 0.936948 2.610210 14.620382 0.591752 -1.049472 6.685522 0.691474 1.637299 2.895648 -5.494993 0.720959 2.882272 0.318046 1.014786 2.238812 6.079493 0.764092 -4.613474 16.598116 2.231701 -9.333135 -4.881739 5.749135 0.821977 10.718850 8.732828 -7.029234 -25.301084 73.291576 34.483164 58.650411 22.454168 1.965885 13.533035 -2.924787 2.019669 4.366764 -9.008661 16.934947 -11.238016 -72.324747 -26.410371 69.138883 -21.376992 -6.435739 12.904821 -0.418012 -0.076143 12.591145 9.831733 2.654193 5.200858 0.641066 14.141813 -6.920854 -6.458974 0.369240 -6.898137 -7.490481 6.376098 -17.814455 -9.668032 2.503646 -3.485578 0.068513 -11.196841 5.729498 -15.761580 -0.000000 -0.000000 -0.000000
0.457404 0.935155 2.627346 13.283571 0.516643 -1.270152 6.666697 0.645610 1.747292 2.882240 -5.513795 0.770785 2.868827 0.299313 1.063253 2.232460 6.065598 0.800724 -4.510880 16.696821 2.170247 -9.114192 -4.714241 5.591343 0.803408 10.750027 8.733768 -7.154737 -25.219025 73.340345 34.600039 59.548176 22.747090 1.994232 13.614544 -2.442567 2.040529 4.402413 -8.978989 16.619293 -11.665566 -72.035927 -25.026927 68.041391 -19.906840 -6.175879 13.022830 0.299807 0.075562 13.219225 9.972712 2.803128 6.091703 0.649292 15.306622 -6.874741 -6.326569 0.486249 -7.991440 -8.296704 6.786507 -17.666178 -9.937428 3.688900 -2.991386 0.256440 -11.503865 4.989290 -15.581112 0.000000 -0.000000 -0.000000
0.456620 0.933389 2.645076 11.935059 0.416284 -1.482170 6.656473 0.593542 1.829936 2.873963 -5.535735 0.808481 2.860470 0.277416 1.100110 2.229045 6.049293 0.828606 -4.396091 16.803141 2.134957 -8.881333 -4.530882 5.477391 0.806777 10.777920 8.768369 -7.243959 -25.096217 73.337522 34.472692 60.299028 22.869544 2.010424 13.677314 -2.048653 2.083710 4.423328 -8.933671 16.404089 -12.078987 -71.717160 -23.856570 66.955395 -18.639460 -5.872352 13.127819 1.091852 0.129552 13.732510 10.026410 2.918092 7.274018 0.688490 16.567888 -6.681643 -6.097759 0.657138 -9.372335 -9.285631 6.867329 -17.525405 -10.008056 4.020531 -2.279722 0.489924 -11.652116 4.699103 -14.149675 -0.000000 -0.000000 0.000000
0.455743 0.931477 2.663567 10.529785 0.308117 -1.720582 6.663780 0.509064 1.901621 2.874111 -5.572167 0.841752 2.860433 0.240987 1.133394 2.231637 6.022089 0.853840 -4.251559 16.930412 2.124578 -8.600904 -4.308671 5.397952 0.841548 10.793468 8.831504 -7.250547 -24.882048 73.249874 34.067700 60.863304 22.790196 2.025992 13.699274 -1.744578 2.194958 4.368483 -8.876845 16.351963 -12.378970 -71.341837 -23.035633 65.945158 -17.675167 -5.507550 13.225942 1.971631 0.106661 14.125059 10.033333 2.998833 8.776078 0.758571 17.918784 -6.407265 -5.897230 0.896507 -11.070345 -10.369070 6.775743 -17.268525 -9.906500 2.670581 -1.516236 0.730684 -11.826711 5.367330 -10.476648 0.000000 -0.000000 -0.000000
0.454740 0.929591 2.682653 9.113040 0.174140 -1.948901 6.679498 0.416715 1.947204 2.879252 -5.612451 0.863489 2.865347 0.200679 1.155653 2.237112 5.991946 0.870769 -4.094677 17.066534 2.140218 -8.306501 -4.068270 5.362261 0.897908 10.807842 8.929067 -7.219605 -24.630384 73.107707 33.385109 61.284405 22.510683 2.029642 13.699897 -1.527725 2.328165 4.299473 -8.801325 16.398620 -12.664149 -70.942239 -22.363127 64.951818 -16.845743 -5.102049 13.312317 2.925940 -0.015680 14.399083 9.958026 3.044007 10.571621 0.831011 19.369160 -5.975518 -5.616513 1.223670 -13.050454 -11.651280 6.358796 -17.003293 -9.613606 0.474266 -0.483798 0.971618 -11.600639 6.803107 -5.619054 0.000000 -0.000000 0.000000
0.453626 0.928299 2.701905 7.784130 -0.026048 -2.026634 6.677026 0.378888 1.894046 2.880683 -5.630079 0.840331 2.866674 0.183039 1.132639 2.236387 5.978635 0.853476 -3.954844 17.189403 2.203982 -8.061157 -3.846239 5.422818 0.956221 10.833116 9.097452 -7.226430 -24.456491 72.976109 32.376857 61.585664 22.011542 1.982176 13.697819 -1.506186 2.370481 4.361208 -8.696884 16.495848 -13.158124 -70.600561 -21.622836 63.915818 -16.018030 -4.717277 13.344485 3.908507 -0.378303 14.462967 9.605483 3.024457 12.743446 0.876108 21.047625 -5.136434 -4.855933 1.691282 -15.300059 -13.523976 5.173726 -16.903662 -9.078460 -1.078618 0.901301 1.157274 -9.995651 8.025526 -1.781356 0.000000 -0.000000 0.000000
0.452366 0.927765 2.721439 6.586473 -0.328817 -1.832091 6.636145 0.430215 1.660487 2.873132 -5.610937 0.735307 2.859255 0.202213 1.026848 2.222708 5.992618 0.773626 -3.833895 17.285256 2.351509 -7.880846 -3.665541 5.646537 0.997417 10.867603 9.420924 -7.289472 -24.443034 72.837558 31.048713 61.817580 21.392341 1.879618 13.685636 -1.781850 2.247598 4.691085 -8.559969 16.715578 -14.056780 -70.314978 -20.780770 62.810119 -15.214815 -4.378564 13.290263 5.015451 -1.093325 14.305883 8.875719 2.946924 15.359557 0.784426 23.104012 -3.813514 -3.587569 2.461221 -18.198466 -16.101444 2.513191 -17.143651 -8.124293 -1.396152 2.818351 1.248009 -6.049274 8.355582 -0.002647 0.000000 -0.000000 -0.000000
0.450995 0.927825 2.741140 5.473894 -0.685494 -1.483350 6.578529 0.527770 1.323481 2.862974 -5.572743 0.583440 2.849359 0.240459 0.873953 2.203553 6.020720 0.658179 -3.729866 17.371202 2.547723 -7.748794 -3.497820 5.966454 1.040299 10.919187 9.814294 -7.391357 -24.507498 72.715984 29.384065 61.930401 20.542475 1.740433 13.654901 -2.252151 2.037964 5.156206 -8.408690 16.982725 -15.168478 -70.073463 -19.891183 61.658880 -14.430833 -4.068284 13.183044 6.150612 -2.030391 13.901363 7.888613 2.792193 18.346974 0.605270 25.464728 -2.078766 -1.867507 3.513263 -21.299523 -19.383936 -0.937181 -17.484435 -6.903040 -1.099955 5.057361 1.170239 -0.981408 8.182367 0.644637 -0.000000 -0.000000 -0.000000
0.449636 0.928547 2.760236 4.412974 -1.010398 -1.201223 6.540290 0.621030 1.048151 2.858729 -5.535387 0.459188 2.845345 0.277841 0.749272 2.190972 6.048275 0.564002 -3.666321 17.469930 2.708114 -7.678251 -3.305966 6.232969 1.123279 11.006987 10.058946 -7.554885 -24.511342 72.736938 27.333871 61.776926 19.162172 1.556116 13.625927 -2.722090 1.854461 5.493924 -8.259345 17.031730 -16.137294 -69.938864 -18.905611 60.476936 -13.524603 -3.776370 13.080134 6.979657 -2.960430 13.139071 6.792186 2.515311 21.587746 0.550320 27.973062 0.094201 0.585151 4.437754 -23.405417 -23.453511 -3.509808 -17.537647 -5.891417 -0.514031 7.089758 0.945040 2.703197 7.775778 1.133442 0.000000 0.000000 -0.000000
0.448261 0.930126 2.778353 3.384603 -1.284853 -1.103040 6.557382 0.707573 0.914619 2.872522 -5.498813 0.398282 2.859270 0.314347 0.689764 2.196825 6.075438 0.518969 -3.675454 17.582540 2.805646 -7.719176 -3.087453 6.406800 1.308593 11.165775 10.028371 -7.832123 -24.388451 73.046309 24.661103 61.184880 16.892574 1.279095 13.606167 -3.209500 1.734447 5.568344 -8.099118 16.659223 -16.820979 -69.987154 -17.496214 59.149904 -12.170378 -3.477498 12.980520 7.347757 -3.807413 11.936299 5.644336 1.975785 25.109962 0.677560 31.062666 3.035077 4.029304 4.977027 -24.732390 -30.538896 -4.595582 -17.272880 -5.220035 0.660682 8.883772 0.646005 3.752857 7.125940 2.002006 -0.000000 -0.000000 -0.000000
0.446898 0.932367 2.795865 2.409932 -1.533924 -1.074120 6.592976 0.795895 0.843723 2.891617 -5.460523 0.365285 2.878477 0.352539 0.658703 2.208807 6.103979 0.495376 -3.725070 17.705789 2.866717 -7.821281 -2.849185 6.525665 1.534435 11.349638 9.848186 -8.167866 -24.193834 73.493020 21.809042 60.250935 14.306424 0.961012 13.584720 -3.704313 1.636710 5.513203 -7.927498 16.075470 -17.372090 -70.148205 -16.053320 57.783490 -10.749846 -3.190396 12.885389 7.410972 -4.615987 10.375376 4.428191 1.339214 28.914399 0.861101 34.501090 6.387501 8.257560 4.686277 -25.409619 -38.019737 -4.784743 -16.786839 -4.779486 2.139904 10.486995 0.365692 3.443004 6.219647 2.909527 0.000000 -0.000000 -0.000000
0.445755 0.934749 2.813118 1.517713 -1.740316 -0.989915 6.573472 0.855249 0.763810 2.886670 -5.435341 0.328792 2.873681 0.377744 0.621712 2.202359 6.122727 0.467373 -3.742307 17.853180 2.885929 -7.847946 -2.573202 6.554559 1.654138 11.452689 9.679197 -8.427275 -23.974849 73.753382 19.631137 59.285044 12.389585 0.720387 13.577108 -3.969748 1.552584 5.467144 -7.772297 15.636513 -17.870981 -70.269870 -15.469467 56.747110 -10.047738 -2.965866 12.854815 7.299627 -5.345862 8.613296 3.173161 1.068562 32.841994 1.141642 37.056515 9.188567 12.818522 2.998914 -24.109041 -38.724965 -4.188752 -15.945203 -4.716226 2.754494 11.483414 0.214464 3.122859 5.280416 3.616059 -0.000000 -0.000000 -0.000000
0.445057 0.937204 2.830283 0.713839 -1.875258 -0.782168 6.472203 0.859079 0.637793 2.847580 -5.435593 0.272680 2.834768 0.377688 0.561638 2.168608 6.122401 0.422079 -3.693590 18.052574 2.848769 -7.730991 -2.211720 6.454351 1.581308 11.413870 9.561632 -8.483361 -23.723117 73.674497 18.287325 58.396215 11.389669 0.582843 13.618418 -3.821082 1.481641 5.462623 -7.646206 15.541392 -18.328010 -70.309788 -16.061194 56.262547 -10.329136 -2.812426 12.938958 6.927996 -5.929015 6.651037 1.800011 1.507479 36.941226 1.758685 38.246241 11.183791 18.443207 0.277211 -17.781875 -27.492238 -2.305016 -14.538498 -5.279249 1.649268 11.498047 0.323962 3.166160 4.370909 3.952608 0.000000 0.000000 -0.000000
0.444578 0.939799 2.847189 -0.007785 -1.964784 -0.522213 6.316053 0.832476 0.504158 2.784453 -5.449472 0.213682 2.771863 0.364123 0.496237 2.116478 6.111906 0.372834 -3.613241 18.273597 2.768240 -7.540959 -1.816263 6.263387 1.403453 11.295108 9.459435 -8.464371 -23.459993 73.407875 17.460196 57.542287 10.916308 0.493004 13.695841 -3.444167 1.424297 5.466048 -7.537637 15.591932 -18.727728 -70.318172 -17.405628 56.101719 -11.224031 -2.735372 13.073726 6.373540 -6.410561 4.491507 0.387456 2.480017 41.146055 2.713247 38.556023 12.689866 24.412063 -0.761406 -7.735174 -11.376491 0.307775 -12.745688 -6.136213 -0.293739 10.905366 0.616960 3.185781 3.429040 4.077226 -0.000000 0.000000 -0.000000
0.443854 0.942227 2.863666 -0.637193 -2.072674 -0.294085 6.111516 0.821522 0.403696 2.698250 -5.455900 0.169348 2.686026 0.358113 0.443162 2.048076 6.107122 0.332871 -3.529879 18.443110 2.681471 -7.348322 -1.516626 6.064804 1.235060 11.178889 9.418400 -8.622620 -23.283797 73.086972 17.117036 56.858906 10.825808 0.449939 13.755670 -3.149904 1.373979 5.517060 -7.442824 15.544583 -19.104060 -70.276139 -19.190015 55.971790 -12.464487 -2.771712 13.155450 6.016083 -6.946870 2.299834 -0.812592 3.607224 45.118866 3.694075 37.852029 13.692377 27.983790 -0.000000 -0.000000 0.000000 1.999744 -11.066874 -6.650027 -1.655469 10.394076 0.791818 3.383245 2.486335 4.163233 0.000000 0.000000 -0.000000
0.442727 0.944369 2.879682 -1.152698 -2.233730 -0.109253 5.839139 0.847346 0.343652 2.579987 -5.445428 0.142706 2.568348 0.369133 0.404532 1.956873 6.115156 0.303754 -3.444554 18.528767 2.600122 -7.160154 -1.371887 5.882146 1.120627 11.092167 9.481588 -9.099835 -23.264240 72.704273 17.444314 56.493058 11.266027 0.502402 13.776003 -2.959486 1.328693 5.647782 -7.368821 15.339266 -19.464434 -70.151129 -21.464875 55.784805 -14.078622 -2.961516 13.155067 6.049253 -7.641537 0.131876 -1.727725 4.870537 48.853203 4.707333 35.490417 13.947006 27.464218 0.691899 2.398467 3.468280 1.958165 -9.749741 -6.610735 -1.837387 10.231787 0.619254 3.961671 1.526891 4.252706 0.000191 0.012046 -0.037488
0.441354 0.946343 2.895269 -1.576087 -2.415303 0.043994 5.517909 0.890455 0.314984 2.438527 -5.426850 0.129981 2.427606 0.388335 0.377460 1.849246 6.129366 0.283338 -3.355290 18.563038 2.515777 -6.967143 -1.322384 5.696642 1.014774 11.012413 9.605277 -9.752479 -23.345942 72.270347 18.221671 56.287597 12.063605 0.611956 13.771722 -2.841090 1.290317 5.825051 -7.311952 15.035460 -19.798566 -69.973829 -24.163138 55.586779 -16.000135 -3.242812 13.119250 6.297374 -8.421913 -2.056264 -2.434435 6.270544 52.354608 5.778938 31.853552 13.401491 24.576136 0.886492 1.840239 2.941463 1.050541 -8.577833 -6.329757 -1.458738 10.140731 0.267459 4.715165 0.566982 4.290763 0.000309 0.024057 -0.074988
0.439747 0.948192 2.910358 -1.962428 -2.581736 0.117266 5.211589 0.938244 0.333687 2.301460 -5.405598 0.138367 2.291241 0.410163 0.371941 1.746541 6.145635 0.279177 -3.285864 18.571237 2.436397 -6.813916 -1.318662 5.528539 0.896687 10.946555 9.702352 -10.408365 -23.425489 71.944746 18.832007 55.923849 12.607535 0.672278 13.736999 -3.023791 1.258359 5.991143 -7.251354 14.568429 -20.117339 -69.816973 -26.766294 55.325907 -17.790517 -3.490590 13.065354 6.587499 -9.209444 -4.243480 -2.904788 7.188287 55.331696 6.337854 28.231341 12.520143 21.611312 0.000000 -0.000000 -0.000000 0.199391 -7.413339 -6.020380 -0.933184 9.985938 -0.024600 5.231917 -0.313014 4.310767 -0.000000 0.000000 -0.000000
0.437859 0.949939 2.924870 -2.322723 -2.730982 0.070324 4.942008 0.996400 0.421643 2.177435 -5.378993 0.177539 2.167869 0.437260 0.398530 1.656016 6.165970 0.299223 -3.250757 18.547516 2.362527 -6.727604 -1.370926 5.383664 0.749377 10.895908 9.742152 -11.029144 -23.466049 71.799372 19.082404 55.283129 12.659512 0.671823 13.662421 -3.670311 1.235362 6.135879 -7.177133 13.822700 -20.430236 -69.700221 -29.055452 54.968965 -19.257017 -3.664877 12.972927 6.915278 -10.073518 -6.439820 -3.085011 7.041721 57.741422 5.778915 24.934623 11.562939 19.185555 -2.750676 -3.542915 -6.664244 -0.399548 -6.223850 -5.703508 -0.194342 9.737580 -0.163730 5.279501 -1.083979 4.345865 -0.000726 -0.085143 0.306638
0.435738 0.951562 2.938884 -2.645161 -2.866944 -0.057203 4.687390 1.062346 0.557405 2.057754 -5.348524 0.238008 2.048817 0.468175 0.446860 1.570372 6.189219 0.335667 -3.234996 18.498159 2.294827 -6.680059 -1.468883 5.257798 0.590156 10.856401 9.754676 -11.657089 -23.490425 71.763628 19.197363 54.486820 12.482523 0.665777 13.550616 -4.611315 1.218878 6.269564 -7.097549 12.913507 -20.734289 -69.601132 -31.235219 54.577597 -20.574842 -3.801525 12.866956 7.285467 -10.988510 -8.616208 -3.026536 6.092058 59.608499 4.371737 21.713414 10.316296 16.662166 -5.417342 -9.357652 -15.392024 -0.936737 -5.039084 -5.347078 0.695153 9.431522 -0.254577 5.090804 -1.775945 4.378605 -0.001570 -0.206141 0.725830
0.433532 0.953040 2.952560 -2.950630 -2.962444 -0.194178 4.446109 1.110543 0.693357 1.943961 -5.326061 0.298772 1.935586 0.491038 0.496080 1.489164 6.206414 0.372815 -3.219076 18.467029 2.239555 -6.634823 -1.532013 5.153328 0.449910 10.824441 9.743536 -12.242570 -23.472527 71.778267 19.178490 53.592098 12.201838 0.641799 13.415220 -5.584588 1.201407 6.365658 -7.016426 12.123326 -21.022739 -69.533816 -33.442591 54.262998 -21.896192 -3.908756 12.813569 7.523518 -11.724812 -10.696429 -2.873290 5.034518 60.773229 2.914712 18.921608 8.951200 14.295233 -5.920893 -14.467743 -20.799234 -1.081823 -3.829603 -5.045404 1.140141 9.033082 -0.322100 4.953341 -2.396530 4.370765 -0.002250 -0.323720 1.012690
0.431318 0.954401 2.965960 -3.260443 -3.015902 -0.319897 4.228465 1.132781 0.818858 1.841174 -5.315327 0.355098 1.833271 0.502114 0.541977 1.415905 6.214751 0.407487 -3.198209 18.477889 2.199009 -6.582728 -1.516397 5.071539 0.345479 10.802614 9.697021 -12.788813 -23.376218 71.840565 18.999152 52.499443 11.812911 0.558398 13.235812 -6.635209 1.182110 6.406220 -6.931040 11.547247 -21.292765 -69.526732 -35.739838 54.088187 -23.294253 -3.997041 12.845111 7.522254 -12.247206 -12.675472 -2.657417 4.212092 61.206023 1.769932 16.758445 7.591433 11.963051 -4.423529 -16.866597 -20.057639 -0.612830 -2.564169 -4.837014 0.799727 8.510480 -0.335767 5.012922 -2.938597 4.295198 -0.002644 -0.420497 1.038743
0.429020 0.955618 2.979022 -3.553525 -3.028877 -0.455752 4.024151 1.136869 0.945748 1.744259 -5.312733 0.412196 1.736773 0.505013 0.589241 1.347121 6.216947 0.443211 -3.177845 18.507570 2.169679 -6.534214 -1.465020 5.009322 0.259882 10.787371 9.626290 -13.291942 -23.231987 71.949369 18.710735 51.307732 11.341448 0.466019 13.029379 -7.720463 1.162237 6.409137 -6.842040 11.092483 -21.547676 -69.558680 -38.100668 53.978284 -24.748304 -4.074500 12.911939 7.377170 -12.595376 -14.558238 -2.369307 3.486172 60.958412 0.815360 15.050230 6.230974 9.701596 -2.429136 -17.896183 -16.031425 0.244087 -1.284440 -4.651194 0.022307 7.892068 -0.289491 5.123924 -3.408641 4.174983 -0.003061 -0.514034 0.932413
0.426561 0.956593 2.991724 -3.787608 -2.978136 -0.594015 3.800532 1.120006 1.060714 1.639354 -5.319697 0.464203 1.632290 0.498365 0.630603 1.271910 6.211946 0.474508 -3.154068 18.529600 2.148658 -6.482651 -1.427413 4.961783 0.173285 10.767063 9.569540 -13.691722 -23.117702 72.049279 18.393544 50.376132 10.917867 0.434117 12.874294 -8.456240 1.137470 6.401467 -6.758494 10.759992 -21.784921 -69.572566 -40.528886 53.824188 -26.272128 -4.147721 12.954176 7.217592 -12.627956 -16.294658 -2.114356 2.941653 60.038118 0.260745 13.505126 4.942587 7.954271 -1.027100 -18.577200 -12.316481 1.143902 -0.073850 -4.420151 -0.753336 7.230771 -0.241536 5.136806 -3.834747 4.043863 -0.003663 -0.617566 0.834170
0.423897 0.957288 3.003985 -3.946382 -2.844473 -0.738875 3.541720 1.074117 1.160256 1.519599 -5.339879 0.509630 1.512986 0.478518 0.663877 1.184989 6.197000 0.499737 -3.120880 18.543808 2.139873 -6.418092 -1.404041 4.934126 0.081689 10.745651 9.541111 -13.915691 -23.064406 72.120006 18.008893 49.786757 10.524670 0.447834 12.807002 -8.679738 1.105610 6.389317 -6.684760 10.602174 -22.008961 -69.549358 -43.081985 53.585061 -27.922694 -4.213274 12.951060 7.075915 -12.197369 -17.885445 -1.951244 2.673617 58.394043 0.274725 11.980330 3.798068 6.931046 -0.278111 -19.356902 -10.403167 2.074334 1.043013 -4.112481 -1.436390 6.519771 -0.218327 4.949184 -4.210372 3.913136 -0.004575 -0.745134 0.792721
0.421072 0.957741 3.015885 -4.046678 -2.646657 -0.886530 3.263659 1.006892 1.249377 1.391850 -5.369787 0.550564 1.385712 0.448938 0.691847 1.091706 6.174720 0.520975 -3.084105 18.550694 2.139682 -6.350148 -1.393849 4.921546 -0.010911 10.720041 9.526866 -14.037416 -23.040526 72.185812 17.572672 49.459653 10.146709 0.470014 12.801104 -8.564004 1.068976 6.366308 -6.616091 10.566811 -22.211643 -69.510882 -45.688028 53.285499 -29.630362 -4.272545 12.923524 6.922109 -11.431456 -19.337611 -1.865102 2.468647 56.086521 0.580600 10.513235 2.818781 6.341041 0.195679 -19.694767 -8.959206 3.050781 2.087202 -3.759657 -2.117918 5.764603 -0.200620 4.662798 -4.543301 3.774892 -0.005614 -0.882706 0.759392
0.418151 0.957975 3.027640 -4.095816 -2.418178 -1.017116 2.981536 0.938863 1.327159 1.262867 -5.400247 0.586374 1.257221 0.418779 0.714565 0.997111 6.151984 0.538239 -3.057089 18.524480 2.134803 -6.300669 -1.444633 4.905625 -0.112136 10.668540 9.523090 -14.216369 -23.032330 72.260151 17.217283 49.514786 9.886404 0.515138 12.845363 -8.230721 1.029941 6.340680 -6.548600 10.496985 -22.370882 -69.459867 -48.142296 52.932060 -31.198129 -4.330741 12.882639 6.796415 -10.597422 -20.610287 -1.846092 1.981875 53.293320 0.747705 9.056024 1.989180 5.881701 0.378999 -18.894200 -7.557112 3.768576 3.051085 -3.407009 -2.635183 5.037161 -0.197541 4.434484 -4.883158 3.634562 -0.006367 -1.001411 0.728581
0.415131 0.958006 3.039301 -4.083663 -2.164453 -1.130235 2.689552 0.873188 1.393627 1.130054 -5.429850 0.617057 1.124933 0.389457 0.731768 0.899248 6.129858 0.551331 -3.041335 18.454154 2.121781 -6.271740 -1.577046 4.881097 -0.237153 10.573861 9.536316 -14.522225 -23.049214 72.353779 16.993986 50.110860 9.792710 0.598365 12.960311 -7.641468 0.991536 6.316163 -6.479077 10.341270 -22.472292 -69.391504 -50.370078 52.508249 -32.548266 -4.386970 12.825511 6.732370 -9.682592 -21.705695 -1.902835 1.051531 50.063294 0.672038 7.433666 1.282925 5.485673 0.277582 -16.273315 -6.165211 4.137245 3.942030 -3.059092 -2.965635 4.335854 -0.221757 4.320852 -5.230864 3.489668 -0.006687 -1.086393 0.699821
0.412015 0.957818 3.050816 -4.020345 -1.879700 -1.225627 2.393567 0.806061 1.449065 0.996011 -5.460256 0.642752 0.991434 0.359303 0.743859 0.800091 6.107094 0.560555 -3.034833 18.350519 2.105298 -6.260409 -1.770870 4.855188 -0.370438 10.453769 9.561419 -14.885511 -23.081954 72.456789 16.840101 51.092362 9.797093 0.707705 13.130335 -6.835469 0.950827 6.288890 -6.410653 10.151256 -22.530297 -69.312362 -52.446337 52.053555 -33.758454 -4.439287 12.759026 6.697602 -8.692062 -22.618480 -2.030505 -0.079353 46.346604 0.528355 5.801173 0.729608 5.179293 0.096153 -12.475397 -4.998620 4.244090 4.759498 -2.721766 -3.132811 3.663558 -0.268590 4.265545 -5.584795 3.340910 -0.006799 -1.152501 0.673549
0.408878 0.957379 3.062245 -3.943114 -1.580776 -1.283783 2.126317 0.747200 1.491984 0.875332 -5.487034 0.662686 0.871259 0.332723 0.751542 0.710585 6.087016 0.566429 -3.045542 18.220299 2.084532 -6.280802 -2.013072 4.828656 -0.473610 10.338608 9.576725 -15.256497 -23.089571 72.550007 16.716809 52.108197 9.830217 0.822302 13.285778 -6.048445 0.901259 6.255555 -6.349081 9.924315 -22.567523 -69.241239 -54.408335 51.670986 -34.884107 -4.492721 12.708367 6.631928 -7.930839 -23.294605 -2.170017 -1.048433 42.179363 0.415609 4.652662 0.370800 4.866244 0.001560 -8.804347 -3.878577 4.046492 5.489701 -2.448336 -3.044761 3.100501 -0.325813 4.256464 -5.990074 3.197166 -0.006847 -1.215422 0.645486
0.405776 0.956663 3.073487 -3.872545 -1.261610 -1.301773 1.902226 0.701185 1.523469 0.774356 -5.508059 0.677323 0.770714 0.311843 0.755928 0.635542 6.071234 0.569795 -3.080061 18.054428 2.060700 -6.346147 -2.319952 4.806601 -0.530394 10.232435 9.570660 -15.646465 -23.064019 72.631530 16.658581 53.106661 9.910477 0.941646 13.405370 -5.326524 0.833763 6.206135 -6.292180 9.652907 -22.579544 -69.192790 -56.257435 51.374904 -35.924922 -4.542501 12.690419 6.526750 -7.565883 -23.727151 -2.299176 -1.829178 37.448893 0.380605 4.335505 0.292998 4.552660 -0.003483 -5.437279 -2.490990 3.431345 6.106747 -2.258906 -2.586523 2.671568 -0.410789 4.304557 -6.460392 3.067372 -0.006847 -1.273519 0.616047
0.402653 0.955697 3.084642 -3.787478 -0.928406 -1.282363 1.706850 0.662714 1.541881 0.686744 -5.525718 0.686007 0.683484 0.294299 0.755720 0.570130 6.057968 0.569684 -3.131496 17.861865 2.033126 -6.442967 -2.675493 4.785073 -0.557279 10.130875 9.553758 -16.043899 -23.013547 72.702884 16.633323 54.139580 10.023328 1.070123 13.509548 -4.622962 0.757548 6.150193 -6.241779 9.344490 -22.571863 -69.152732 -58.015962 51.158305 -36.912191 -4.596159 12.686322 6.388318 -7.438506 -23.922837 -2.417657 -2.444270 32.271351 0.421343 4.494652 0.407017 4.354025 0.006204 -2.227129 -1.035446 2.505207 6.638782 -2.138158 -1.875513 2.354869 -0.519485 4.399435 -6.981618 2.941078 -0.006780 -1.328423 0.584807
0.399416 0.954519 3.096071 -3.662259 -0.616628 -1.214741 1.529563 0.626520 1.541132 0.608068 -5.542396 0.686069 0.605155 0.277710 0.747795 0.510804 6.045427 0.563743 -3.187866 17.676377 1.997295 -6.545731 -3.018198 4.749748 -0.565253 10.051386 9.536438 -16.364504 -22.922072 72.748645 16.490153 55.010034 10.044790 1.184558 13.588233 -4.034546 0.693265 6.113551 -6.210144 9.018843 -22.581718 -69.095371 -59.765009 51.080774 -37.965639 -4.680012 12.664145 6.179312 -7.368926 -23.849481 -2.492151 -2.652328 27.026167 0.480822 4.565909 0.488421 4.329677 -0.000000 0.000000 -0.000000 1.553521 7.150867 -2.085739 -1.168639 2.159438 -0.604216 4.497337 -7.557287 2.798536 -0.006677 -1.400712 0.546216
0.396078 0.953087 3.107823 -3.489159 -0.322457 -1.081784 1.370245 0.587768 1.513230 0.538655 -5.560246 0.673964 0.536051 0.259930 0.728643 0.457541 6.032005 0.549327 -3.248251 17.500224 1.949289 -6.651419 -3.344175 4.693002 -0.555251 10.005170 9.520385 -16.552253 -22.774990 72.753049 16.167245 55.620663 9.920973 1.278196 13.628757 -3.608063 0.656225 6.098253 -6.203709 8.657103 -22.629009 -68.998200 -61.553488 51.154180 -39.158588 -4.801666 12.606493 5.884107 -7.284386 -23.442475 -2.501999 -2.136857 21.656718 0.490651 4.288111 0.444738 4.523850 -0.016039 0.648659 0.295319 0.570469 7.635487 -2.130842 -0.484840 2.098148 -0.651128 4.613262 -8.209586 2.630157 -0.006559 -1.480174 0.507493
0.392627 0.951443 3.119848 -3.275158 -0.050359 -0.900099 1.228820 0.550964 1.465569 0.478108 -5.577213 0.652981 0.475776 0.243018 0.701515 0.410290 6.019248 0.528892 -3.313877 17.331156 1.892116 -6.763397 -3.657326 4.620900 -0.526617 9.981196 9.503055 -16.663394 -22.587211 72.731615 15.717631 56.066422 9.702988 1.354594 13.641643 -3.296527 0.630756 6.101939 -6.216716 8.278054 -22.692981 -68.882891 -63.362534 51.354184 -40.454925 -4.958240 12.527756 5.520892 -7.260166 -22.766857 -2.463630 -1.245677 16.223862 0.351789 3.877854 0.369135 4.845841 -0.013349 0.322921 0.150482 -0.442485 8.094258 -2.243934 0.194466 2.157517 -0.672335 4.733564 -8.915999 2.444120 -0.006355 -1.576990 0.461352
0.388933 0.949765 3.132357 -3.017169 0.151788 -0.709640 1.094760 0.524978 1.415006 0.420935 -5.589331 0.630638 0.418867 0.230945 0.673368 0.365478 6.010128 0.507684 -3.376328 17.196242 1.830937 -6.866045 -3.907706 4.538199 -0.487854 9.963625 9.488712 -16.781822 -22.387102 72.715374 15.155182 56.438454 9.417724 1.402775 13.651150 -3.056253 0.590832 6.143803 -6.243506 7.958179 -22.749625 -68.790454 -65.176623 51.681561 -41.816604 -5.160537 12.443498 5.104734 -7.336360 -21.984744 -2.403830 -0.694820 11.277540 0.042066 3.510467 0.319305 5.103618 0.000000 -0.000000 0.000000 -1.187182 8.609843 -2.337647 0.670155 2.304586 -0.649937 4.771249 -9.613538 2.249622 -0.005784 -1.742272 0.380386
0.385028 0.948059 3.145398 -2.686702 0.264306 -0.517103 0.959019 0.517162 1.364973 0.362938 -5.593348 0.608470 0.361146 0.226967 0.645312 0.320055 6.007082 0.486542 -3.440668 17.103945 1.765706 -6.968163 -4.079277 4.445872 -0.433109 9.944918 9.480972 -16.930815 -22.184120 72.700480 14.452853 56.736423 9.064106 1.411180 13.660878 -2.904990 0.506935 6.250119 -6.287453 7.720461 -22.819779 -68.727398 -67.049661 52.155006 -43.282661 -5.438676 12.354011 4.624726 -7.640527 -21.057394 -2.299700 -0.654724 6.751407 -0.399411 3.256885 0.295967 5.226496 -0.000000 0.000000 0.000000 -1.525114 9.231281 -2.405430 0.846325 2.504474 -0.541167 4.674011 -10.303750 2.064167 -0.004075 -1.962199 0.238224
0.380880 0.946317 3.158922 -2.312960 0.306247 -0.316531 0.830657 0.520348 1.311531 0.308347 -5.592429 0.584741 0.306819 0.227919 0.616042 0.277078 6.007743 0.464486 -3.502182 17.046009 1.695764 -7.061412 -4.187700 4.341628 -0.368216 9.932690 9.476195 -17.087194 -21.968730 72.691322 13.641355 56.957602 8.649007 1.390225 13.664945 -2.824763 0.408235 6.394546 -6.345208 7.542073 -22.882846 -68.688182 -68.965360 52.748284 -44.855424 -5.766075 12.259295 4.094722 -8.043870 -20.024638 -2.177794 -0.912106 2.700215 -0.859880 3.066642 0.299916 5.309323 -0.000000 -0.000000 0.000000 -1.593999 9.914265 -2.448391 0.822130 2.788941 -0.377643 4.494189 -10.986427 1.874175 -0.001189 -2.250328 0.060795
0.376271 0.944697 3.172992 -1.979911 0.288647 -0.129389 0.726441 0.521718 1.260422 0.264388 -5.592216 0.562035 0.263071 0.228154 0.588874 0.242196 6.007880 0.444011 -3.537824 17.024472 1.625366 -7.104480 -4.230457 4.225244 -0.319114 9.933742 9.468050 -17.264346 -21.740875 72.730341 12.814683 57.190975 8.202064 1.362484 13.674938 -2.718574 0.357078 6.517520 -6.400943 7.431070 -22.853080 -68.697226 -70.791712 53.404037 -46.430451 -6.065311 12.177024 3.563212 -8.204898 -19.165477 -2.133439 -1.623013 -0.154720 -1.137730 2.952427 0.391106 5.433612 0.000000 -0.000000 -0.000000 -1.506632 10.604493 -2.392162 0.688886 3.225480 -0.250980 4.299637 -11.596089 1.644032 0.002368 -2.699059 -0.100926
0.371078 0.943260 3.187682 -1.739105 0.210214 0.033160 0.664314 0.518687 1.216553 0.238814 -5.593813 0.542522 0.237620 0.226568 0.566765 0.221424 6.006670 0.427345 -3.534770 17.049645 1.554743 -7.073149 -4.189233 4.092045 -0.298492 9.960743 9.440680 -17.466010 -21.504844 72.862132 11.934299 57.473754 7.668820 1.335818 13.697577 -2.540111 0.389643 6.596035 -6.441409 7.365857 -22.693864 -68.780776 -72.490189 54.143404 -47.971346 -6.310029 12.113358 3.026557 -7.880802 -18.644527 -2.243911 -3.351734 -1.279316 -1.108766 3.032498 0.477245 5.765244 -0.000000 0.000000 -0.000000 -1.221775 11.335915 -2.189702 0.399620 3.769445 -0.202441 4.122027 -12.121090 1.370247 0.006590 -3.299717 -0.231467
0.365423 0.941945 3.202917 -1.539495 0.073030 0.181529 0.626495 0.514080 1.174819 0.223951 -5.596034 0.523936 0.222828 0.224355 0.546670 0.208801 6.005000 0.412195 -3.505820 17.111469 1.483907 -6.991836 -4.081714 3.947226 -0.293620 10.000998 9.410150 -17.687494 -21.256131 73.040999 11.032260 57.766443 7.097099 1.302595 13.726766 -2.335759 0.470194 6.653440 -6.479478 7.367593 -22.441334 -68.912272 -74.114637 54.952794 -49.528917 -6.524754 12.066848 2.483446 -7.317221 -18.292239 -2.424621 -5.576915 -1.207154 -0.916583 3.194577 0.659081 6.143121 0.000000 -0.000000 -0.000000 -0.775233 12.072254 -1.881530 -0.004301 4.464146 -0.185376 3.924930 -12.573675 1.059558 0.012059 -4.061266 -0.345944
0.359449 0.940728 3.218530 -1.311026 -0.106549 0.326661 0.576272 0.503120 1.125862 0.203923 -5.601113 0.502147 0.202897 0.219282 0.522848 0.192040 6.001183 0.394235 -3.466231 17.181313 1.416815 -6.891856 -3.959598 3.805315 -0.292357 10.023094 9.417963 -17.929821 -20.981811 73.173256 10.309669 58.049020 6.669810 1.262298 13.755534 -2.147680 0.553525 6.699803 -6.538636 7.508509 -22.118934 -69.036199 -75.645780 55.730397 -51.101335 -6.703644 12.045234 1.982593 -6.907965 -17.889626 -2.523302 -6.839418 -0.820130 -0.777680 3.094307 1.264280 6.150610 -0.000000 -0.000000 0.000000 -0.397210 12.653077 -1.534469 -0.303340 5.511703 -0.163832 3.670206 -12.924000 0.693025 0.019269 -5.102748 -0.439406
0.353149 0.939409 3.234570 -1.003378 -0.337647 0.518423 0.490326 0.481721 1.035658 0.169949 -5.610965 0.461989 0.169088 0.209439 0.479241 0.163367 5.993780 0.361358 -3.420283 17.252984 1.358485 -6.783221 -3.833702 3.677479 -0.295545 9.986376 9.494672 -18.205738 -20.635227 73.227344 9.855143 58.342726 6.463642 1.209740 13.787410 -1.951151 0.618248 6.716664 -6.622375 7.822255 -21.684926 -69.078259 -77.175564 56.408608 -52.725045 -6.847071 12.060816 1.467045 -6.812563 -17.364372 -2.474912 -6.276687 -0.336017 -0.810733 2.488126 2.578144 5.521253 -0.000000 0.000000 -0.000000 -0.301849 13.074733 -1.236880 -0.337024 6.955591 -0.115953 3.323423 -13.279708 0.201782 0.024769 -6.367024 -0.454190
0.346529 0.938189 3.250987 -0.667404 -0.611731 0.705826 0.392457 0.454038 0.937756 0.131035 -5.623604 0.418404 0.130362 0.196809 0.431705 0.130707 5.984288 0.325518 -3.363352 17.332597 1.304313 -6.655501 -3.693290 3.553290 -0.303220 9.931183 9.609309 -18.503392 -20.264033 73.233090 9.590602 58.632908 6.412541 1.149924 13.817737 -1.770779 0.686339 6.722593 -6.727143 8.274413 -21.182821 -69.105344 -78.598978 57.062967 -54.344312 -6.949007 12.104295 0.991808 -6.870026 -16.793144 -2.348423 -4.759194 0.477978 -0.889090 1.560220 4.314407 4.568243 -0.000000 0.000000 -0.000000 -0.278934 13.341158 -0.908841 -0.273083 8.754787 -0.056205 2.905684 -13.535778 -0.333928 0.030374 -7.911246 -0.447449
0.339747 0.937641 3.267464 -0.383620 -0.884762 0.749198 0.315754 0.427408 0.924372 0.097605 -5.635604 0.412530 0.097090 0.184819 0.422438 0.105054 5.975277 0.318535 -3.297495 17.410029 1.243465 -6.509378 -3.557704 3.414130 -0.301260 9.947573 9.711547 -18.787365 -19.996891 73.190899 9.474675 58.849129 6.492693 1.096944 13.826595 -1.722850 0.777560 6.783413 -6.865671 8.834343 -20.761291 -69.276123 -79.587231 57.819362 -55.803036 -6.988836 12.150547 0.774541 -6.992110 -16.184323 -2.193626 -3.417466 1.389826 -0.829584 0.631190 5.912845 3.712016 -0.000000 -0.000000 0.000000 0.075262 13.301726 -0.368894 -0.385044 10.983831 -0.000478 2.458539 -13.341697 -0.709380 0.051831 -10.025779 -0.590892
0.332835 0.938183 3.284185 -0.195845 -1.162039 0.549320 0.273182 0.405040 1.064623 0.072240 -5.645494 0.475228 0.071839 0.174937 0.482561 0.090712 5.967829 0.363876 -3.218628 17.483877 1.155910 -6.330649 -3.430992 3.221803 -0.286450 10.095011 9.799284 -19.073438 -19.927962 73.043610 9.558495 58.982305 6.802138 1.059510 13.797351 -1.918451 0.928000 6.949787 -7.092704 9.560614 -20.520630 -69.650453 -80.077940 58.736886 -57.182935 -6.942906 12.175018 1.012587 -7.193420 -15.534670 -2.044132 -2.611511 2.393542 -0.517597 -0.181356 7.312223 3.124152 0.000000 -0.000000 0.000000 0.982882 12.930784 0.489134 -0.872345 13.706152 0.080688 2.006314 -12.709232 -0.833403 0.105964 -12.729649 -0.975956
0.325761 0.939399 3.300966 -0.057726 -1.436349 0.206319 0.249894 0.383313 1.289809 0.051542 -5.654990 0.575839 0.051230 0.165442 0.581071 0.082784 5.960648 0.438160 -3.130881 17.556036 1.061837 -6.133735 -3.307883 3.014853 -0.261789 10.314137 9.875526 -19.345416 -19.963859 72.851011 9.795831 59.041340 7.248396 1.029744 13.747113 -2.246498 1.101026 7.172502 -7.351902 10.393993 -20.351468 -70.171640 -80.104575 59.794167 -58.356845 -6.837083 12.190252 1.508953 -7.451513 -14.845256 -1.872073 -1.959755 3.475991 -0.075147 -0.969119 8.561773 2.606686 0.000000 0.000000 0.000000 2.197479 12.225566 1.542168 -1.541775 16.852587 0.166605 1.528389 -11.626115 -0.791292 0.209139 -16.001848 -1.530983
0.318580 0.940610 3.316937 0.084987 -1.644098 -0.119635 0.237593 0.359185 1.485771 0.037104 -5.665556 0.663393 0.036854 0.154875 0.667160 0.078585 5.952658 0.503074 -3.049107 17.620924 1.010180 -5.962719 -3.194951 2.888724 -0.220828 10.517002 9.898135 -19.520578 -19.948836 72.790084 9.996905 58.983065 7.518554 0.995085 13.706187 -2.490377 1.207134 7.365710 -7.490844 11.124255 -20.084819 -70.824720 -79.431079 60.993727 -58.808395 -6.718732 12.232729 1.891717 -7.623849 -14.132027 -1.629502 -1.483748 4.379077 0.301137 -1.679768 9.248825 1.975137 0.000000 -0.000000 0.000000 3.415437 11.077043 2.620366 -2.083314 20.299737 0.179895 0.998710 -9.703544 -0.639174 0.391226 -20.069714 -2.210619
0.311210 0.941520 3.331676 0.254354 -1.752422 -0.373358 0.229586 0.333892 1.611507 0.027832 -5.676694 0.719583 0.027621 0.143736 0.722407 0.075891 5.944257 0.544728 -2.975301 17.673720 1.026026 -5.829702 -3.099866 2.890430 -0.144787 10.682251 9.831916 -19.550659 -19.800692 72.986634 10.004858 58.724578 7.362781 0.942006 13.682914 -2.558613 1.184294 7.491223 -7.409933 11.712547 -19.609318 -71.732643 -77.595023 62.429069 -57.970823 -6.572745 12.342556 2.083558 -7.486253 -13.458523 -1.308883 -1.309735 5.107485 0.531831 -2.359394 9.030226 1.066193 -0.000000 -0.000000 0.000000 4.635271 9.354368 3.733314 -2.510033 24.117019 0.005141 0.409859 -6.504857 -0.289556 0.711895 -25.476433 -3.107011
0.303734 0.942426 3.345606 0.426835 -1.794308 -0.609461 0.233622 0.306192 1.708103 0.025276 -5.688885 0.762753 0.025072 0.131546 0.765318 0.077271 5.935081 0.577076 -2.907814 17.718349 1.083731 -5.722709 -3.017173 2.971847 -0.051736 10.831905 9.712337 -19.482372 -19.602394 73.315466 9.980396 58.350472 7.032606 0.882912 13.668498 -2.542800 1.094485 7.585193 -7.210844 12.185763 -19.033724 -72.768013 -74.740562 63.942606 -56.086902 -6.406005 12.484209 2.169052 -7.262513 -12.766508 -0.910409 -1.325184 5.661964 0.692586 -2.936093 8.248690 0.042873 -0.000000 -0.000000 0.000000 5.823077 7.187183 4.827556 -2.825651 28.243048 -0.188604 -0.179115 -2.469394 0.218854 1.232769 -31.660339 -4.304712
0.296451 0.943549 3.359124 0.586962 -1.805202 -0.832673 0.263992 0.269334 1.784420 0.035403 -5.705064 0.796866 0.035145 0.115368 0.800459 0.087531 5.922935 0.603562 -2.856161 17.761948 1.155959 -5.649768 -2.934800 3.085365 0.010257 10.942794 9.602770 -19.378300 -19.442687 73.576210 10.197381 58.070872 6.954398 0.842548 13.666616 -2.500997 1.034735 7.671568 -7.043981 12.441889 -18.529593 -73.542781 -71.703299 65.178371 -54.038408 -6.287726 12.600538 2.015834 -7.479403 -11.883941 -0.403663 -1.205924 5.785036 0.808508 -3.192411 7.525238 -0.798649 0.000000 -0.000000 -0.000000 6.660997 4.894689 5.671767 -2.649206 32.358059 -0.006421 -0.751308 1.480201 0.636570 1.918265 -37.193878 -5.696852
0.289323 0.945068 3.372385 0.735775 -1.789484 -1.048960 0.326254 0.215246 1.835999 0.060917 -5.728794 0.819942 0.060528 0.091635 0.826126 0.108560 5.905150 0.622895 -2.821516 17.813811 1.246473 -5.613856 -2.835140 3.237775 0.013141 10.995437 9.529163 -19.248241 -19.334763 73.697318 10.776992 57.975990 7.310715 0.835268 13.685587 -2.420957 1.045028 7.758822 -6.955835 12.387513 -18.175240 -73.873972 -68.788292 65.998300 -52.201716 -6.228429 12.698712 1.465838 -8.553790 -10.651661 0.271967 -0.784173 5.236881 0.868742 -2.883092 7.088370 -1.340720 0.000000 -0.000000 -0.000000 6.883851 2.543488 6.224714 -1.412431 36.456414 0.888061 -1.529858 5.247846 0.809543 2.743149 -42.083306 -7.160896
0.282390 0.946803 3.385235 0.871892 -1.743002 -1.252110 0.414851 0.151879 1.867064 0.099120 -5.756558 0.833874 0.098533 0.063865 0.843936 0.138461 5.884363 0.636301 -2.802597 17.864308 1.351546 -5.611664 -2.736247 3.422221 -0.015018 11.009163 9.464751 -19.084179 -19.264137 73.750560 11.592894 57.969522 7.912205 0.847950 13.716161 -2.314491 1.085607 7.838323 -6.899347 12.130049 -17.901406 -73.953665 -65.903831 66.558438 -50.435455 -6.207190 12.788322 0.674123 -10.043677 -9.202205 1.013414 -0.224122 4.261621 0.878233 -2.251425 6.717716 -1.718701 0.000000 -0.000000 -0.000000 6.790195 0.095756 6.580588 0.544597 40.507713 2.396485 -2.347569 8.933426 0.907618 3.705070 -46.314499 -8.824732
0.276074 0.948436 3.397613 0.976614 -1.688603 -1.428866 0.527304 0.096375 1.899615 0.147832 -5.780716 0.848478 0.146991 0.039697 0.863485 0.176333 5.866291 0.651024 -2.805417 17.892762 1.432484 -5.642325 -2.678453 3.570546 -0.037986 11.018633 9.393943 -18.924427 -19.274428 73.749140 12.536494 57.981744 8.617535 0.862687 13.736833 -2.276155 1.133636 7.908576 -6.884329 11.878144 -17.660426 -73.958627 -63.537662 67.031036 -49.098741 -6.255467 12.813406 -0.031229 -11.201494 -7.813913 1.626731 0.299688 3.327874 0.872398 -1.831355 6.357882 -2.018177 0.000000 0.000000 -0.000000 6.937828 -2.281150 6.713359 2.180603 44.165637 4.102368 -2.638419 11.912297 1.104015 4.493797 -48.446014 -10.599833
0.270581 0.949813 3.409482 1.041018 -1.631473 -1.593663 0.672836 0.052460 1.953806 0.210222 -5.799523 0.872751 0.209052 0.020870 0.894093 0.225247 5.852242 0.674091 -2.842215 17.888289 1.471093 -5.723024 -2.682374 3.653977 -0.043460 11.029947 9.302421 -18.841431 -19.384991 73.686469 13.678658 58.058940 9.483075 0.875675 13.741325 -2.341060 1.180736 7.977213 -6.933921 11.651435 -17.461042 -73.903613 -62.061639 67.484611 -48.535318 -6.438202 12.708273 -0.584410 -11.768174 -6.596108 2.078329 0.811755 2.591674 0.861979 -1.910769 5.976641 -2.243070 0.000072 0.022072 -0.020464 7.635664 -4.552105 6.541875 2.859319 47.411382 5.717467 -1.929535 13.981749 1.446458 4.622978 -47.307769 -12.258296
0.265705 0.951088 3.420878 1.074039 -1.566828 -1.732140 0.842398 0.016232 2.009481 0.283201 -5.814770 0.897694 0.281646 0.005591 0.926445 0.282191 5.840874 0.698478 -2.900972 17.862297 1.485072 -5.837086 -2.726370 3.700575 -0.043868 11.037313 9.204496 -18.762459 -19.574550 73.566453 14.955941 58.145208 10.458172 0.887773 13.738138 -2.475113 1.234982 8.037768 -7.025095 11.430879 -17.295293 -73.773655 -61.204287 67.895141 -48.504252 -6.702749 12.533329 -1.057929 -12.021441 -5.459014 2.433972 1.284139 1.895703 0.825379 -2.201751 5.601923 -2.381931 0.000097 0.044127 -0.040946 8.611382 -6.747238 6.107324 3.091944 50.299440 7.292530 -0.692630 15.340528 1.816085 4.044384 -44.099459 -13.444277
0.261257 0.952405 3.431845 1.084045 -1.502656 -1.787968 1.006217 -0.006063 2.028484 0.355240 -5.823914 0.906238 0.353309 -0.003593 0.942300 0.337168 5.834089 0.710431 -2.951431 17.827801 1.489497 -5.933149 -2.787122 3.727370 -0.039977 11.057146 9.128009 -18.507625 -19.826495 73.416452 16.027157 58.031992 11.210827 0.886743 13.729264 -2.669133 1.298174 8.067140 -7.098953 11.364052 -17.090577 -73.698182 -60.408307 68.297668 -48.400796 -6.909297 12.414878 -1.332834 -12.039948 -4.402280 2.682070 1.459824 1.235968 0.753426 -2.376438 5.264663 -2.497381 0.000000 -0.000000 -0.000000 9.547755 -8.804464 5.554751 3.390182 52.621543 8.733123 0.232273 15.969575 2.107900 3.269317 -40.945205 -13.990592
0.257159 0.953860 3.442399 1.061439 -1.449694 -1.722549 1.158810 -0.007936 1.986560 0.424967 -5.824214 0.887513 0.422679 -0.003941 0.930652 0.388306 5.833938 0.701655 -2.981952 17.787965 1.489905 -5.991452 -2.859191 3.740503 -0.028657 11.103089 9.094350 -17.940158 -20.139433 73.214655 16.723381 57.619288 11.571871 0.874865 13.718982 -2.924846 1.380124 8.046544 -7.129459 11.529750 -16.803559 -73.731824 -59.571206 68.733686 -48.072452 -7.006197 12.404768 -1.318520 -11.755254 -3.400468 2.812413 1.103319 0.556790 0.624501 -2.257808 5.007383 -2.599622 -0.000286 -0.159368 0.156314 10.497332 -10.709558 4.873958 3.946841 54.298579 10.143657 0.454386 15.673203 2.313163 2.600022 -38.346281 -13.992423
0.253489 0.955358 3.452523 1.016113 -1.397166 -1.574567 1.305597 0.005245 1.908181 0.493709 -5.818002 0.852454 0.491073 0.002216 0.902572 0.437442 5.838663 0.680491 -3.004205 17.739740 1.480729 -6.031800 -2.947940 3.733763 -0.012974 11.160870 9.082347 -17.193968 -20.513419 72.975230 17.185445 57.022013 11.679934 0.849228 13.704510 -3.240481 1.470952 7.994103 -7.143614 11.847282 -16.477014 -73.816597 -58.784318 69.159284 -47.657902 -7.048052 12.443510 -1.104125 -11.248372 -2.479947 2.846706 0.449872 -0.091104 0.486983 -2.024011 4.788611 -2.682742 -0.001022 -0.384881 0.374098 11.424477 -12.469218 4.085790 4.442699 55.416994 11.304569 0.333967 14.656721 2.409352 2.018683 -35.804376 -13.609301
0.250279 0.956761 3.462221 0.985780 -1.320873 -1.403571 1.433172 0.022085 1.828291 0.553971 -5.810292 0.816699 0.551035 0.009870 0.872934 0.480132 5.844492 0.658151 -3.022841 17.686713 1.460551 -6.062058 -3.046502 3.705861 -0.003116 11.204924 9.055921 -16.496344 -20.936997 72.781978 17.524686 56.362726 11.654747 0.791728 13.676891 -3.600924 1.543110 7.941500 -7.161988 12.224786 -16.167371 -73.913935 -57.738389 69.469198 -46.947205 -7.051150 12.491021 -0.840147 -10.820061 -1.716313 2.810947 -0.051694 -0.549182 0.431689 -1.879928 4.513874 -2.787389 -0.002091 -0.595443 0.553075 11.851870 -14.074204 3.425545 4.609620 56.015405 11.647848 0.172376 13.505827 2.298741 1.679192 -33.938983 -12.892536
0.247611 0.958039 3.471469 0.978361 -1.201400 -1.220981 1.534110 0.032488 1.756645 0.602050 -5.805553 0.784645 0.598874 0.014560 0.845759 0.513923 5.848074 0.637664 -3.038544 17.632109 1.423929 -6.081485 -3.149203 3.646795 -0.009754 11.228265 8.997152 -15.914713 -21.427112 72.680081 17.714531 55.691545 11.477645 0.686534 13.630299 -4.007298 1.585476 7.900878 -7.191277 12.705498 -15.880901 -74.032905 -56.299555 69.598112 -45.831892 -6.990260 12.557639 -0.524043 -10.618369 -1.168650 2.677154 -0.163668 -0.726320 0.519655 -1.927170 4.146775 -2.939905 -0.003198 -0.768297 0.642402 11.529885 -15.548425 3.042148 4.209288 56.125761 10.726935 0.075748 12.362462 1.932022 1.639737 -33.272627 -11.707590
0.245404 0.959223 3.480291 0.986313 -1.058306 -1.015324 1.615713 0.046446 1.683420 0.641599 -5.799340 0.751869 0.638230 0.020730 0.816998 0.541230 5.852750 0.615981 -3.050642 17.572790 1.376318 -6.090782 -3.261582 3.566537 -0.022497 11.238041 8.923713 -15.382413 -21.969573 72.625019 17.796585 54.960859 11.183489 0.552441 13.571615 -4.458460 1.609204 7.860185 -7.224525 13.245586 -15.609950 -74.165546 -54.633625 69.596566 -44.455739 -6.894565 12.629480 -0.156243 -10.496767 -0.777895 2.467193 -0.123531 -0.711226 0.675020 -2.063632 3.723282 -3.111092 -0.004438 -0.926235 0.692851 10.676569 -16.889053 2.841410 3.506495 55.698416 8.994221 -0.031174 11.075636 1.389718 1.688036 -33.286137 -10.087482
0.243454 0.960261 3.488758 1.023914 -0.926138 -0.811707 1.686707 0.082353 1.614231 0.676188 -5.783416 0.720802 0.672665 0.036613 0.789443 0.564926 5.864701 0.595204 -3.061725 17.502753 1.332621 -6.099959 -3.393652 3.493731 -0.020067 11.230166 8.852673 -14.927653 -22.507781 72.571384 17.977054 54.142617 10.965325 0.424225 13.511088 -4.935817 1.620181 7.815041 -7.261492 13.624730 -15.392486 -74.251875 -52.876452 69.532918 -42.985380 -6.856843 12.637629 0.104261 -10.309816 -0.443593 2.277759 -0.197017 -0.611378 0.772873 -2.188521 3.257599 -3.257721 -0.005744 -1.056462 0.756651 9.505296 -18.057131 2.700664 3.012996 54.669534 7.262248 -0.102823 9.789599 0.769016 1.609377 -33.034838 -8.344330
0.241692 0.961138 3.496799 1.101978 -0.815794 -0.618088 1.747411 0.152451 1.550569 0.705864 -5.752326 0.692049 0.702232 0.067667 0.763703 0.585092 5.888020 0.575786 -3.075122 17.413635 1.300675 -6.118250 -3.560237 3.444437 0.006095 11.194318 8.790567 -14.589766 -23.037588 72.516959 18.323949 53.213054 10.881019 0.308545 13.455949 -5.456811 1.616229 7.761068 -7.301061 13.732837 -15.244013 -74.261725 -50.953875 69.378969 -41.363539 -6.914532 12.537933 0.188525 -9.949465 -0.162081 2.154651 -0.546602 -0.420712 0.753665 -2.265971 2.740368 -3.366513 -0.007065 -1.150614 0.859154 7.868628 -19.047690 2.608193 3.011174 52.966800 5.795528 -0.089281 8.479533 0.014377 1.404261 -32.336416 -6.557928
0.240187 0.961870 3.504486 1.209508 -0.716706 -0.426338 1.797247 0.244417 1.491289 0.730467 -5.711547 0.665145 0.726766 0.108414 0.739296 0.601574 5.918601 0.557364 -3.087499 17.313749 1.272501 -6.136465 -3.746608 3.402379 0.047376 11.140926 8.730327 -14.330494 -23.562928 72.466791 18.755474 52.193940 10.856622 0.202942 13.400729 -6.003905 1.599475 7.702625 -7.344251 13.681679 -15.151022 -74.227839 -48.981813 69.154862 -39.693454 -7.025275 12.380575 0.161262 -9.521792 0.064396 2.052663 -1.012622 -0.145359 0.680672 -2.332587 2.181172 -3.451188 -0.008357 -1.217011 0.975068 5.904278 -19.867626 2.585063 3.331173 50.655813 4.472329 0.000980 7.163119 -0.806312 1.093566 -31.359624 -4.685571
0.238934 0.962458 3.512111 1.327782 -0.631192 -0.237478 1.843692 0.339825 1.438050 0.753299 -5.669234 0.640910 0.749543 0.150697 0.717378 0.616929 5.950330 0.540813 -3.091468 17.222126 1.239222 -6.136986 -3.918425 3.347572 0.099374 11.097091 8.668721 -14.060805 -24.038196 72.385882 19.242779 51.124520 10.876106 0.125757 13.335861 -6.506032 1.582226 7.648513 -7.394183 13.584483 -15.109304 -74.185424 -47.312743 69.019463 -38.311719 -7.157793 12.241468 0.062782 -9.202818 0.327429 1.933834 -1.378345 0.090310 0.614959 -2.396408 1.622937 -3.510708 -0.009553 -1.267915 1.080682 4.269200 -20.494601 2.523933 3.682400 47.929326 3.405594 0.081096 6.064972 -1.447558 0.718884 -29.690824 -2.995805
0.237919 0.962887 3.519744 1.455074 -0.567737 -0.043927 1.891312 0.440412 1.387166 0.776555 -5.624615 0.617685 0.772749 0.195285 0.696514 0.632686 5.983786 0.525051 -3.085562 17.142483 1.200386 -6.116681 -4.068933 3.278403 0.163063 11.076592 8.604810 -13.738073 -24.445176 72.262259 19.786428 49.942481 10.925606 0.087023 13.248284 -6.945446 1.561877 7.602679 -7.452417 13.449281 -15.133069 -74.136073 -46.060794 69.063590 -37.331403 -7.321064 12.144957 -0.130763 -9.106019 0.667467 1.783401 -1.519019 0.238398 0.562838 -2.459915 1.075078 -3.540259 -0.010551 -1.298780 1.168645 3.165663 -20.928664 2.396736 4.019299 44.812839 2.594463 0.084008 5.250687 -1.811649 0.383301 -27.079184 -1.675968
0.237155 0.963171 3.527314 1.592946 -0.517953 0.146672 1.935583 0.544401 1.342445 0.798050 -5.578475 0.597184 0.794208 0.241396 0.678195 0.647328 6.018383 0.511202 -3.071336 17.071231 1.156320 -6.078713 -4.204661 3.196175 0.237385 11.065813 8.539551 -13.404587 -24.801061 72.107982 20.378421 48.709363 11.008101 0.075497 13.150188 -7.340122 1.540952 7.561259 -7.517347 13.268139 -15.208197 -74.078111 -45.055948 69.214050 -36.581814 -7.504527 12.068003 -0.393415 -9.119107 1.042153 1.615784 -1.558734 0.347331 0.515114 -2.520899 0.528248 -3.545075 -0.011392 -1.314193 1.246288 2.399340 -21.167423 2.203393 4.299564 41.304742 1.941166 0.030859 4.667933 -2.030450 0.125988 -23.788830 -0.616761
0.236675 0.963360 3.534911 1.727681 -0.458610 0.310468 1.970707 0.627972 1.316496 0.814671 -5.541353 0.585157 0.810805 0.278494 0.667856 0.658943 6.046218 0.503374 -3.045976 17.016549 1.099406 -6.014884 -4.310974 3.085380 0.315011 11.050719 8.472864 -13.098152 -25.112960 71.924153 20.984990 47.649681 11.144866 0.073174 13.067835 -7.672797 1.539497 7.521427 -7.587573 13.130080 -15.287617 -74.042541 -44.190042 69.391861 -35.937066 -7.648507 12.013328 -0.609103 -9.079938 1.419232 1.437928 -1.651916 0.437762 0.509930 -2.579805 -0.002822 -3.539198 -0.012325 -1.340147 1.311915 2.037666 -21.184639 1.866428 4.193663 37.568273 1.362818 -0.057244 4.370004 -2.219279 -0.058893 -20.181422 0.330977
0.236541 0.963481 3.542537 1.865936 -0.371254 0.446863 1.994415 0.676895 1.313091 0.825253 -5.519559 0.583369 0.821369 0.300272 0.667141 0.666785 6.062563 0.502815 -3.009939 16.986018 1.021705 -5.922903 -4.374185 2.931055 0.394557 11.028381 8.403779 -12.822862 -25.376701 71.697039 21.615332 46.817116 11.364033 0.072091 13.004025 -7.941718 1.565897 7.491379 -7.667258 13.048754 -15.370159 -74.045268 -43.438122 69.605142 -35.369588 -7.728876 11.984857 -0.744386 -8.948142 1.789141 1.232881 -1.852363 0.492070 0.581512 -2.630003 -0.499520 -3.530810 -0.013496 -1.388404 1.362131 2.233798 -20.944033 1.300457 3.494615 33.557150 0.836955 -0.147352 4.483884 -2.427169 -0.166703 -16.106491 1.342553
0.236691 0.963507 3.550189 2.001075 -0.274138 0.556566 2.009417 0.705100 1.328210 0.831147 -5.506909 0.589961 0.827254 0.312914 0.674331 0.671732 6.072055 0.508228 -2.962858 16.972337 0.931322 -5.805233 -4.407290 2.748480 0.477622 11.001790 8.333368 -12.575271 -25.595555 71.443480 22.267084 46.154596 11.650377 0.076764 12.953405 -8.148739 1.611824 7.463169 -7.752412 13.010614 -15.456719 -74.071170 -42.824645 69.849320 -34.905272 -7.770140 11.977095 -0.832051 -8.763978 2.162633 1.018444 -2.104649 0.528349 0.697382 -2.677897 -0.980491 -3.511868 -0.014791 -1.447196 1.400327 2.823938 -20.467987 0.595750 2.397727 29.324749 0.399246 -0.270217 4.882365 -2.618779 -0.171415 -11.713344 2.224762
0.236975 0.963395 3.557945 2.099362 -0.198771 0.617566 2.017518 0.730910 1.362673 0.833070 -5.495249 0.605210 0.829184 0.324571 0.689776 0.674341 6.080811 0.519868 -2.900582 16.961214 0.844747 -5.660599 -4.435933 2.567520 0.561484 10.965580 8.264632 -12.382123 -25.788894 71.211652 22.898887 45.719979 11.975615 0.086885 12.928847 -8.281628 1.672492 7.409619 -7.829589 13.063820 -15.503173 -74.105121 -42.331734 70.023311 -34.515087 -7.785186 11.977431 -0.856118 -8.484560 2.538769 0.854804 -2.399326 0.620706 0.797303 -2.743538 -1.486866 -3.471596 -0.016093 -1.507201 1.434987 3.402389 -19.826362 -0.061147 1.193494 25.178657 0.090091 -0.492915 5.234490 -2.779203 -0.118854 -7.809780 2.574294
0.237381 0.963119 3.565791 2.156013 -0.161343 0.608979 2.015232 0.763561 1.429316 0.828842 -5.480423 0.634808 0.824994 0.339404 0.718945 0.673401 6.091949 0.541860 -2.818701 16.947396 0.760280 -5.480480 -4.470035 2.383776 0.648611 10.901272 8.186645 -12.279291 -25.957296 71.014701 23.548908 45.595165 12.383373 0.102703 12.942595 -8.316603 1.757810 7.302747 -7.895887 13.258170 -15.476098 -74.161018 -41.983498 70.096129 -34.206323 -7.767679 11.984894 -0.788179 -8.053201 2.912625 0.771159 -2.765656 0.810499 0.867987 -2.847651 -2.037550 -3.403193 -0.017312 -1.565250 1.465740 3.841927 -19.006370 -0.635703 -0.103636 21.161175 -0.032102 -0.946863 5.364233 -2.946529 -0.068778 -4.555358 2.002371
0.237922 0.962707 3.573741 2.175611 -0.145386 0.551467 2.006170 0.793823 1.515264 0.820691 -5.466586 0.673046 0.816896 0.353252 0.756356 0.670156 6.102349 0.570073 -2.721488 16.936040 0.679674 -5.273148 -4.499658 2.201677 0.736820 10.827149 8.110473 -12.231689 -26.101762 70.841878 24.196945 45.695410 12.853849 0.124049 12.979792 -8.276711 1.858345 7.170431 -7.954313 13.543423 -15.408310 -74.223809 -41.769112 70.099732 -33.985840 -7.724875 11.999305 -0.656375 -7.523868 3.287394 0.740180 -3.174331 1.056699 0.923836 -2.970182 -2.613436 -3.312501 -0.018521 -1.624510 1.492960 4.268724 -18.026032 -1.159311 -1.533218 17.238657 0.007097 -1.509812 5.445239 -3.102524 -0.028591 -1.832642 0.880021
0.238487 0.962195 3.581912 2.138409 -0.133443 0.485217 2.002631 0.812426 1.582802 0.815885 -5.458001 0.703113 0.812122 0.361844 0.785935 0.668813 6.108803 0.592381 -2.617656 16.928063 0.624611 -5.062239 -4.521659 2.064302 0.816134 10.792606 8.072262 -12.159559 -26.242844 70.704897 24.710223 45.832562 13.259538 0.150017 13.013300 -8.220119 1.940041 7.068804 -8.000001 13.817891 -15.355995 -74.235727 -41.621822 70.026786 -33.828421 -7.689438 12.009768 -0.530028 -7.019352 3.674178 0.736132 -3.529242 1.309174 0.944845 -3.070312 -3.198664 -3.207988 -0.019860 -1.685166 1.526260 4.669282 -17.013589 -1.556359 -2.878420 13.594359 0.091147 -1.879522 5.677599 -3.129371 -0.000000 0.000000 -0.000000
0.238981 0.961597 3.590394 2.018854 -0.124266 0.426565 2.014058 0.817333 1.613828 0.819491 -5.455630 0.716919 0.815713 0.364210 0.800107 0.672580 6.110590 0.603068 -2.503506 16.926339 0.610074 -4.846022 -4.530230 1.998011 0.887880 10.838069 8.099152 -12.009305 -26.414180 70.594485 25.028664 45.939208 13.555438 0.182694 13.035408 -8.162058 1.984470 7.031077 -8.028893 14.066310 -15.349240 -74.163476 -41.556995 69.835158 -33.763236 -7.675487 12.009710 -0.423928 -6.549351 4.081875 0.755225 -3.827951 1.552327 0.916397 -3.119432 -3.791769 -3.098356 -0.021469 -1.747666 1.572731 5.082064 -15.959807 -1.773199 -4.244610 10.209757 0.112299 -1.940686 6.201411 -2.849568 0.010189 0.568272 -0.219317
0.239500 0.960900 3.599097 1.842508 -0.119330 0.359153 2.030897 0.810602 1.626453 0.826404 -5.458500 0.722559 0.822590 0.361330 0.806449 0.678224 6.108442 0.607849 -2.382586 16.927523 0.621329 -4.626098 -4.532258 1.976960 0.950723 10.922812 8.164160 -11.834735 -26.582355 70.519984 25.211432 46.086683 13.786282 0.219908 13.053943 -8.087567 2.009737 7.023632 -8.044668 14.304217 -15.359013 -74.041283 -41.558710 69.567328 -33.761652 -7.668671 12.006241 -0.323534 -6.103602 4.501130 0.799771 -4.074600 1.801195 0.851618 -3.146721 -4.394355 -2.975703 -0.023243 -1.811547 1.625302 5.477734 -14.877524 -1.869422 -5.514762 7.094476 0.163934 -1.826267 6.888425 -2.417948 0.005072 0.283257 -0.111966
0.240221 0.960109 3.607872 1.666264 -0.105291 0.274091 2.036878 0.789113 1.637332 0.828617 -5.467976 0.727513 0.824779 0.351851 0.811627 0.680273 6.101339 0.611760 -2.274483 16.923127 0.635501 -4.431094 -4.543920 1.965949 0.990301 10.974413 8.222305 -11.717763 -26.667192 70.521500 25.295987 46.297787 13.949665 0.253457 13.065991 -8.009912 2.036307 7.002228 -8.053850 14.476419 -15.353183 -73.913578 -41.514657 69.342877 -33.712089 -7.657661 12.009302 -0.254267 -5.775841 4.916962 0.850896 -4.183170 2.051247 0.770359 -3.198043 -4.995095 -2.823533 -0.024945 -1.875635 1.672348 5.742867 -13.927866 -1.945222 -6.148857 4.467047 0.335764 -1.595436 7.529545 -2.191062 -0.000000 0.000000 0.000000
0.241230 0.959237 3.616649 1.506631 -0.065664 0.167305 2.023732 0.743667 1.652512 0.822199 -5.488145 0.734541 0.818359 0.331692 0.818003 0.675972 6.086214 0.616583 -2.183449 16.914028 0.643616 -4.265710 -4.563871 1.949796 0.993520 10.956267 8.251806 -11.666110 -26.622876 70.634776 25.230014 46.556427 13.984020 0.275747 13.064509 -7.950346 2.082519 6.943251 -8.060892 14.538544 -15.305515 -73.784965 -41.367236 69.206828 -33.558606 -7.638451 12.020642 -0.236673 -5.594805 5.324484 0.905089 -4.103463 2.274981 0.675016 -3.310689 -5.576187 -2.628956 -0.026389 -1.938941 1.705468 5.791156 -13.174970 -2.050790 -5.788350 2.364855 0.638161 -1.193089 8.106777 -2.427020 0.000000 -0.000000 -0.000000
0.242442 0.958271 3.625498 1.347000 -0.017073 0.042748 1.999607 0.683542 1.666144 0.811023 -5.514885 0.740964 0.807195 0.304967 0.823292 0.668039 6.066158 0.620591 -2.105234 16.899331 0.654772 -4.125265 -4.593525 1.943900 0.973258 10.905054 8.274699 -11.672456 -26.494697 70.824109 25.062157 46.879458 13.946538 0.294143 13.056939 -7.887596 2.129951 6.870286 -8.061080 14.535038 -15.241431 -73.651014 -41.175896 69.114034 -33.358107 -7.614526 12.038536 -0.250160 -5.531447 5.729292 0.963143 -3.886313 2.499422 0.560080 -3.448049 -6.154879 -2.403506 -0.027722 -2.002459 1.733067 5.711339 -12.554773 -2.142936 -4.803375 0.734078 0.947339 -0.655993 8.640895 -2.837335 0.000000 0.000000 -0.000000
0.243782 0.957170 3.634477 1.194661 0.004276 -0.096321 1.972926 0.633379 1.676884 0.798817 -5.537223 0.746045 0.795014 0.282646 0.827134 0.659228 6.049403 0.623504 -2.046745 16.868021 0.673128 -4.024362 -4.652964 1.958754 0.953871 10.858282 8.311691 -11.796023 -26.339144 71.022287 24.984293 47.339351 14.015610 0.323033 13.062242 -7.771169 2.143914 6.810024 -8.047253 14.543674 -15.206415 -73.541951 -41.006530 69.048956 -33.170391 -7.585564 12.067587 -0.258331 -5.593258 6.132572 1.012116 -3.596546 2.801783 0.433576 -3.545283 -6.772623 -2.167537 -0.029204 -2.067984 1.768723 5.650362 -12.035163 -2.180273 -3.749239 -0.333756 1.142295 -0.179842 8.958063 -2.975796 0.000000 0.000000 0.000000
0.245181 0.955848 3.643616 1.046725 -0.010200 -0.262218 1.947293 0.600821 1.688992 0.786960 -5.551728 0.751644 0.783192 0.268159 0.831530 0.650717 6.038523 0.626831 -2.014805 16.810319 0.700100 -3.976430 -4.760115 1.999719 0.941945 10.830866 8.360762 -12.103411 -26.168673 71.234110 25.123049 47.990091 14.292478 0.364508 13.091933 -7.574948 2.094889 6.781801 -8.004140 14.624774 -15.212575 -73.490861 -40.930977 69.030264 -33.045197 -7.549399 12.118289 -0.256432 -5.830766 6.551335 1.060750 -3.229719 3.179073 0.292412 -3.553864 -7.453563 -1.933394 -0.030831 -2.120801 1.819826 5.662498 -11.663448 -2.134590 -2.657770 -0.600740 1.192326 0.161455 8.858446 -2.604051 0.000000 -0.000000 0.000000
0.246709 0.954392 3.652884 0.906317 -0.052013 -0.442390 1.919152 0.578244 1.698043 0.774100 -5.561821 0.755831 0.770377 0.258083 0.834410 0.641340 6.030951 0.629013 -2.002823 16.736192 0.734357 -3.968520 -4.896772 2.061730 0.930820 10.808056 8.423809 -12.526158 -25.969178 71.451471 25.363635 48.778017 14.684130 0.417642 13.135374 -7.325185 2.012328 6.766891 -7.947356 14.717813 -15.248244 -73.464237 -40.875794 69.039636 -32.931325 -7.508269 12.180198 -0.249411 -6.193674 6.970063 1.096928 -2.790793 3.633431 0.137521 -3.523342 -8.174297 -1.690417 -0.032627 -2.175610 1.878989 5.694190 -11.392121 -2.032390 -1.482377 -0.297015 1.163123 0.435514 8.517826 -1.993350 0.000000 0.000000 0.000000
0.248494 0.953020 3.662247 0.789903 -0.131498 -0.596116 1.886317 0.567266 1.689470 0.759937 -5.566860 0.752096 0.756275 0.253063 0.829238 0.630377 6.027164 0.625119 -1.997604 16.664247 0.775814 -3.975644 -5.028828 2.139406 0.924874 10.783007 8.527205 -12.921847 -25.759806 71.589451 25.534340 49.615865 15.075971 0.492569 13.178539 -7.050134 1.950008 6.734476 -7.916009 14.718760 -15.323286 -73.391732 -40.689689 69.005814 -32.737599 -7.468206 12.226584 -0.215237 -6.539314 7.339503 1.078639 -2.357740 4.250026 -0.014258 -3.535783 -8.904848 -1.423982 -0.034951 -2.278337 1.937642 5.731122 -11.046874 -1.912948 -0.659819 -0.021238 1.092129 0.657369 8.322493 -1.461606 0.000000 0.000000 -0.000000
0.250603 0.951651 3.671749 0.693684 -0.263001 -0.716763 1.852625 0.568359 1.661192 0.746272 -5.566627 0.739505 0.742675 0.253314 0.815260 0.619112 6.027328 0.614582 -1.996671 16.600147 0.824937 -3.993262 -5.145812 2.232561 0.929977 10.743702 8.699199 -13.237240 -25.533164 71.559872 25.657428 50.484206 15.508004 0.608721 13.220514 -6.737651 1.937971 6.653388 -7.938831 14.559019 -15.434452 -73.214974 -40.351567 68.904366 -32.485314 -7.444126 12.236908 -0.163532 -6.833211 7.683556 1.000334 -1.906286 5.023051 -0.159951 -3.641165 -9.706290 -1.144100 -0.036064 -2.341970 2.011725 5.866359 -10.513054 -1.772592 -0.494780 -0.074592 0.951569 0.785145 8.576181 -1.107569 0.000000 -0.000000 0.000000
0.252969 0.950367 3.681345 0.621604 -0.431854 -0.810855 1.814463 0.580910 1.615108 0.731413 -5.561391 0.718918 0.727896 0.258570 0.793165 0.606336 6.031241 0.597921 -2.002653 16.538351 0.881117 -4.026216 -5.257941 2.341210 0.939636 10.702490 8.911501 -13.526605 -25.300159 71.451749 25.711810 51.404736 15.937251 0.748337 13.263774 -6.400570 1.946184 6.554091 -7.986735 14.305270 -15.582297 -72.991658 -39.886836 68.758498 -32.156777 -7.420854 12.231945 -0.084440 -7.111084 7.976447 0.868906 -1.458925 5.958229 -0.298657 -3.790753 -10.516510 -0.837694 -0.037675 -2.453542 2.085284 6.007663 -9.905843 -1.613526 -0.683938 -0.154768 0.770017 0.865425 8.989961 -0.821662 0.000000 -0.000000 -0.000000
0.255525 0.949633 3.690862 0.601492 -0.604586 -0.857637 1.758531 0.604845 1.542588 0.709856 -5.551263 0.686502 0.706456 0.268725 0.758560 0.587608 6.038817 0.571827 -2.009869 16.480537 0.942573 -4.063280 -5.362352 2.460010 0.940245 10.689013 9.105642 -13.809626 -25.106968 71.448464 25.431554 52.354000 16.097449 0.863946 13.299556 -6.104232 1.938250 6.498003 -8.012139 14.056844 -15.783722 -72.824883 -39.218728 68.567565 -31.606691 -7.359246 12.247205 0.073249 -7.335673 8.092853 0.665476 -1.161584 7.158590 -0.414395 -3.913301 -11.120667 -0.456182 -0.045873 -2.920034 2.102105 5.862351 -9.393708 -1.489400 -0.752998 0.044142 0.644689 1.042090 9.072407 -0.594705 0.000000 0.000000 0.000000
0.258304 0.949663 3.700267 0.678361 -0.778729 -0.806464 1.662757 0.647246 1.413553 0.673182 -5.533269 0.628835 0.669983 0.286763 0.697170 0.555556 6.052278 0.525533 -2.013624 16.422901 1.018301 -4.099083 -5.465878 2.604149 0.922148 10.727372 9.279406 -14.084496 -25.005880 71.636130 24.600280 53.362136 15.813366 0.941871 13.319003 -5.916726 1.904605 6.521686 -7.991194 13.862005 -16.090624 -72.759217 -38.242012 68.349170 -30.735624 -7.235390 12.300273 0.367637 -7.464157 8.005363 0.366259 -1.117994 8.660201 -0.538047 -4.006487 -11.491173 0.054772 -0.061845 -3.838241 2.027858 5.155371 -9.108412 -1.442070 -0.492523 0.812057 0.623452 1.446570 8.516297 -0.461724 -0.000000 -0.000000 -0.000000
0.261273 0.950243 3.709593 0.806625 -0.956854 -0.708587 1.549327 0.700905 1.257869 0.629901 -5.510358 0.559275 0.626937 0.309723 0.623217 0.517617 6.069422 0.469766 -2.018619 16.369313 1.099270 -4.139041 -5.561507 2.758390 0.896065 10.793473 9.434809 -14.353365 -24.941071 71.930788 23.370116 54.389787 15.194162 0.993802 13.331019 -5.769413 1.855232 6.589119 -7.948290 13.672578 -16.453138 -72.748127 -37.082586 68.080045 -29.662542 -7.074234 12.373514 0.741000 -7.535807 7.742153 -0.002302 -1.219628 10.428393 -0.641231 -4.057504 -11.655978 0.636469 -0.081208 -5.111547 1.898285 4.160227 -8.918997 -1.436821 -0.109590 1.859464 0.647732 1.941813 7.629005 -0.396875 0.000000 -0.000000 -0.000000
0.264257 0.951197 3.718770 0.878679 -1.112543 -0.695730 1.471166 0.744569 1.157081 0.599777 -5.491523 0.514236 0.596975 0.328592 0.575122 0.491467 6.083525 0.433497 -2.032941 16.332793 1.156667 -4.187403 -5.626038 2.871557 0.879094 10.844029 9.519876 -14.640067 -24.795053 72.259005 22.030717 55.310363 14.407248 1.010101 13.355382 -5.521849 1.782721 6.653092 -7.908336 13.445289 -16.737455 -72.758878 -36.016890 67.701253 -28.575992 -6.909727 12.450485 1.070386 -7.635929 7.260033 -0.382096 -1.286532 12.459749 -0.621302 -3.972436 -11.485740 1.161486 -0.102389 -6.756690 1.762031 3.406790 -8.594667 -1.414999 0.244248 2.624463 0.658644 2.267330 6.837139 -0.289930 -0.000000 0.000000 0.000000
0.267192 0.952656 3.727840 0.853889 -1.247773 -0.845165 1.454540 0.777158 1.157451 0.592297 -5.477078 0.514313 0.589543 0.343045 0.574439 0.485826 6.094358 0.432980 -2.065512 16.320066 1.172717 -4.254077 -5.647479 2.913466 0.884707 10.859575 9.488676 -14.972593 -24.492301 72.652146 20.570302 56.070638 13.391162 0.954863 13.404030 -5.144945 1.659419 6.703784 -7.880599 13.123589 -16.876140 -72.802808 -34.984330 67.156882 -27.354709 -6.738297 12.537786 1.302374 -7.763867 6.540924 -0.733279 -1.259447 14.777233 -0.405500 -3.704540 -10.938940 1.568247 -0.123730 -8.783154 1.622334 3.083847 -8.013353 -1.335891 0.581629 2.872898 0.647687 2.264708 6.298837 -0.078963 -0.000000 0.000000 0.000000
0.270143 0.954489 3.736761 0.773644 -1.360678 -1.079080 1.472940 0.799892 1.213071 0.597811 -5.466729 0.539030 0.595042 0.353388 0.599717 0.491862 6.102129 0.452039 -2.107022 16.324179 1.165084 -4.328281 -5.638374 2.913844 0.899248 10.858818 9.387367 -15.318523 -24.107427 73.075166 19.001609 56.710580 12.213006 0.864568 13.470605 -4.667966 1.512758 6.751037 -7.855845 12.765712 -16.937520 -72.870542 -34.079488 66.504726 -26.150567 -6.563604 12.629968 1.490374 -7.919892 5.601538 -1.091264 -1.171704 17.358880 -0.070309 -3.291308 -10.059813 1.907244 -0.143835 -11.181320 1.474211 3.006368 -7.295100 -1.236372 0.888534 2.838298 0.628964 2.092701 5.856260 0.185075 -0.000000 0.000000 0.000000
0.273134 0.956127 3.745325 0.653404 -1.418556 -1.296215 1.500012 0.795169 1.267378 0.607305 -5.468559 0.563246 0.604488 0.351547 0.624895 0.500864 6.100768 0.471026 -2.138120 16.337553 1.158105 -4.383001 -5.612512 2.911319 0.898601 10.855482 9.302195 -15.613560 -23.750961 73.355468 17.705245 57.269003 11.288814 0.839966 13.550091 -4.037993 1.417506 6.776749 -7.830865 12.500965 -16.990068 -72.899444 -33.751675 65.869475 -25.503847 -6.429581 12.693320 1.670759 -8.189432 4.448156 -1.506749 -0.983129 20.132023 0.262864 -2.765379 -8.848631 2.217389 -0.165687 -13.939200 1.355294 3.141036 -6.569270 -1.171290 0.971433 2.660855 0.590099 1.966533 5.460640 0.448168 0.000000 -0.000000 -0.000000
0.276209 0.957404 3.753436 0.484826 -1.395486 -1.476999 1.535820 0.744270 1.311836 0.621261 -5.490917 0.583226 0.618354 0.329174 0.646292 0.512915 6.084010 0.487166 -2.153122 16.369040 1.157851 -4.409478 -5.553419 2.914765 0.864998 10.850626 9.263487 -15.826062 -23.459002 73.386483 16.887249 57.775348 10.866782 0.940296 13.651803 -3.147879 1.420031 6.768010 -7.806768 12.381485 -17.059376 -72.868674 -34.202969 65.321762 -25.661116 -6.359073 12.706607 1.850113 -8.650027 3.022718 -2.014787 -0.577312 23.146508 0.594425 -2.127800 -7.132599 2.514265 -0.194770 -17.318378 1.275143 3.573291 -5.871744 -1.159451 0.672198 2.345831 0.540825 1.960376 5.111848 0.688436 -0.000000 0.000000 -0.000000
0.279325 0.958487 3.761191 0.275577 -1.317663 -1.641431 1.580067 0.665922 1.355129 0.639102 -5.525446 0.602791 0.636073 0.294626 0.667668 0.527869 6.058126 0.503294 -2.157694 16.409727 1.158204 -4.416447 -5.477681 2.915234 0.816133 10.843302 9.240836 -15.991961 -23.199058 73.277374 16.389987 58.224393 10.747971 1.109199 13.766914 -2.104367 1.473827 6.737306 -7.782051 12.355155 -17.119502 -72.799831 -35.140202 64.789810 -26.288490 -6.328733 12.691499 2.021640 -9.216163 1.378423 -2.560763 -0.055700 26.349015 0.925345 -1.368886 -5.085887 2.775949 -0.229313 -21.057328 1.229388 4.214643 -5.168864 -1.175465 0.148368 1.889803 0.482563 1.999605 4.809553 0.925869 0.000000 0.000000 -0.000000
0.282363 0.959311 3.768672 0.064999 -1.229835 -1.747586 1.606092 0.598820 1.366420 0.650317 -5.555147 0.608063 0.647200 0.264912 0.674078 0.536736 6.035855 0.508136 -2.149580 16.425466 1.165340 -4.403302 -5.448497 2.924904 0.780993 10.844261 9.229360 -16.151129 -22.979167 73.181015 16.053820 58.614143 10.682344 1.271346 13.859633 -1.175119 1.514364 6.704702 -7.749578 12.394666 -17.160619 -72.693177 -36.235816 64.190696 -27.022571 -6.313393 12.678608 2.201138 -9.727370 -0.310216 -3.069207 0.256632 29.515674 1.107038 -0.512154 -3.228396 2.983186 -0.267860 -24.359467 1.240980 4.766777 -4.483442 -1.211994 -0.319249 1.419532 0.389620 2.075755 4.503636 1.166269 0.000000 -0.000000 -0.000000
0.285356 0.959794 3.775914 -0.150793 -1.133785 -1.762543 1.606675 0.549632 1.327011 0.652534 -5.577161 0.590661 0.649383 0.242896 0.656901 0.537088 6.019339 0.495189 -2.124024 16.403303 1.183688 -4.363269 -5.489903 2.950897 0.781178 10.860126 9.219635 -16.332418 -22.791350 73.153491 15.881910 58.978253 10.614208 1.413249 13.910224 -0.374401 1.519189 6.660487 -7.699539 12.567984 -17.141231 -72.555419 -37.561764 63.502239 -27.875069 -6.308086 12.684779 2.376216 -10.090554 -2.048039 -3.543288 0.088742 32.658769 1.001121 0.535873 -1.655516 3.103877 -0.322404 -27.220569 1.334320 5.154947 -3.805879 -1.284752 -0.666949 0.932059 0.234508 2.204866 4.180392 1.423745 -0.000000 -0.000000 0.000000
0.288273 0.960019 3.782881 -0.367609 -1.026965 -1.719351 1.589192 0.511394 1.255632 0.648172 -5.594482 0.558957 0.645024 0.225579 0.624754 0.531387 6.006333 0.470954 -2.085856 16.356219 1.209083 -4.303307 -5.577774 2.986601 0.795096 10.884263 9.221026 -16.506992 -22.643026 73.139331 15.880527 59.281719 10.610890 1.544047 13.932883 0.312332 1.510742 6.614701 -7.641640 12.807630 -17.102946 -72.380113 -39.011300 62.739575 -28.799373 -6.318162 12.693475 2.558808 -10.395957 -3.829012 -3.986321 -0.366922 35.766770 0.654503 1.663487 -0.270150 3.157558 -0.391038 -29.644178 1.496435 5.450576 -3.143668 -1.381834 -0.958569 0.428773 0.042620 2.370058 3.853003 1.683612 -0.000000 -0.000000 -0.000000
0.290896 0.960169 3.789550 -0.533880 -0.947588 -1.674396 1.549016 0.502484 1.177344 0.633968 -5.598845 0.524076 0.630888 0.221233 0.588431 0.518021 6.003043 0.443568 -2.047227 16.288968 1.234874 -4.243463 -5.703076 3.023726 0.787009 10.907756 9.256934 -16.627752 -22.564261 73.124366 15.879911 59.415241 10.593404 1.617947 13.941994 0.660083 1.492064 6.617025 -7.598500 12.883173 -17.159502 -72.147894 -40.039006 61.895795 -29.389837 -6.334435 12.685845 2.801182 -10.766869 -5.458993 -4.335368 -0.740247 38.583979 0.227482 2.535132 0.698266 3.214854 -0.441432 -30.845343 1.684171 5.576509 -2.544849 -1.458063 -1.104377 0.042200 -0.143098 2.513837 3.511996 1.908724 -0.000000 -0.000000 0.000000
0.293135 0.960243 3.795918 -0.611277 -0.929283 -1.632589 1.471055 0.544710 1.088677 0.603342 -5.580592 0.484415 0.600432 0.239520 0.545662 0.491902 6.016713 0.411316 -2.006749 16.189579 1.262489 -4.182170 -5.888045 3.064936 0.737368 10.929285 9.358096 -16.659108 -22.598433 73.093654 15.807415 59.313804 10.535048 1.606521 13.941221 0.511025 1.460087 6.702540 -7.584283 12.665573 -17.372876 -71.791909 -40.512445 60.888618 -29.562416 -6.369623 12.649145 3.138935 -11.255824 -6.868206 -4.580610 -0.905490 41.138502 -0.191593 2.997019 1.115499 3.338297 -0.437922 -30.210987 1.857599 5.464257 -2.020009 -1.497353 -1.045020 -0.156460 -0.333677 2.613061 3.141930 2.088045 0.000000 0.000000 0.000000
0.295080 0.960243 3.801987 -0.638224 -0.938563 -1.588608 1.370303 0.616275 0.992735 0.562882 -5.549340 0.441452 0.560200 0.270814 0.498592 0.458113 6.040129 0.375818 -1.965995 16.069995 1.290694 -4.121387 -6.110480 3.108002 0.666170 10.951226 9.494018 -16.637495 -22.702410 73.064045 15.737143 59.042386 10.467090 1.543166 13.921656 0.023694 1.418267 6.835982 -7.585626 12.281839 -17.676320 -71.372899 -40.624315 59.812213 -29.456398 -6.411936 12.597537 3.536756 -11.819456 -8.124541 -4.734984 -0.977538 43.401678 -0.641067 3.202107 1.118281 3.491501 -0.392463 -28.353279 2.015957 5.183801 -1.559265 -1.518769 -0.839768 -0.238335 -0.525224 2.691313 2.758513 2.232775 -0.000000 -0.000000 0.000000
0.296788 0.960355 3.807740 -0.678407 -0.913310 -1.583318 1.287394 0.670620 0.924579 0.529110 -5.525576 0.410959 0.526611 0.294609 0.464671 0.430319 6.057934 0.350238 -1.941337 15.970841 1.308619 -4.086002 -6.294745 3.136823 0.596643 10.969601 9.596236 -16.623828 -22.776420 73.068568 15.715942 58.686964 10.393681 1.473148 13.880713 -0.552533 1.379400 6.961342 -7.583760 11.885869 -17.993646 -71.065437 -40.364081 58.932948 -29.050484 -6.414801 12.550926 3.940877 -12.446081 -9.238669 -4.766402 -0.887323 45.037287 -1.066556 3.277731 0.882486 3.607743 -0.341602 -26.325903 2.181527 4.868000 -1.180066 -1.528342 -0.576194 -0.283855 -0.653899 2.762134 2.399349 2.339305 0.000000 -0.000000 -0.000000
0.298262 0.960660 3.813140 -0.752729 -0.837688 -1.636477 1.238356 0.694771 0.900425 0.508398 -5.515012 0.400173 0.506006 0.305191 0.451782 0.413876 6.065850 0.340521 -1.944838 15.910295 1.309130 -4.095177 -6.406917 3.141695 0.529812 10.978733 9.637870 -16.647452 -22.783508 73.134117 15.721423 58.233454 10.275102 1.397126 13.804466 -1.226631 1.347097 7.068922 -7.572473 11.469581 -18.323838 -70.937701 -39.588055 58.344131 -28.226873 -6.369023 12.493765 4.364141 -13.284379 -10.228512 -4.622633 -0.486540 45.946754 -1.459211 3.235945 0.378030 3.652487 -0.299047 -24.322203 2.416405 4.466162 -0.908075 -1.528620 -0.206120 -0.283072 -0.680716 2.851741 2.066475 2.400238 -0.000000 -0.000000 -0.000000
0.299498 0.961078 3.818223 -0.840453 -0.727694 -1.728498 1.207341 0.702049 0.904283 0.494417 -5.511826 0.401921 0.492092 0.308390 0.452111 0.403465 6.068239 0.340775 -1.964218 15.870167 1.299163 -4.129313 -6.480993 3.131906 0.464222 10.983383 9.645804 -16.678532 -22.760013 73.232993 15.779010 57.695557 10.153947 1.320394 13.707458 -1.988529 1.317605 7.168400 -7.557644 11.041135 -18.672778 -70.921636 -38.469624 57.941129 -27.139440 -6.283099 12.437298 4.793610 -14.196188 -11.067959 -4.351650 0.121339 46.232180 -1.765062 3.061023 -0.365942 3.669223 -0.251278 -22.148797 2.664514 4.029797 -0.716532 -1.515352 0.223812 -0.246188 -0.645655 2.934939 1.757996 2.422851 -0.000000 -0.000000 -0.000000
0.300553 0.961560 3.823083 -0.942835 -0.568934 -1.841368 1.187244 0.685448 0.923186 0.484624 -5.519189 0.410440 0.482337 0.301036 0.459636 0.396727 6.062718 0.346456 -1.979172 15.836553 1.288783 -4.154793 -6.543205 3.119472 0.418954 10.994403 9.631918 -16.689086 -22.716306 73.315669 15.999580 57.201009 10.149622 1.280980 13.633765 -2.562215 1.292502 7.232907 -7.538083 10.781624 -18.978989 -70.996629 -37.446895 57.700020 -26.149370 -6.135698 12.440838 5.137351 -14.735004 -11.706922 -4.082177 0.631091 45.860436 -1.863500 2.837143 -1.085717 3.694893 -0.211275 -20.281405 2.807617 3.845213 -0.544569 -1.482531 0.483742 -0.283516 -0.600468 2.948285 1.505618 2.426237 0.000000 0.000000 0.000000
0.301464 0.962131 3.827767 -1.078373 -0.345028 -1.977918 1.185455 0.633741 0.960495 0.482175 -5.542067 0.427252 0.479877 0.278159 0.476198 0.396162 6.045564 0.358956 -1.983432 15.816009 1.278907 -4.159985 -6.581608 3.103540 0.410774 11.025262 9.585250 -16.668548 -22.637490 73.371795 16.427423 56.765460 10.289265 1.287576 13.601608 -2.828667 1.276491 7.241912 -7.511928 10.816136 -19.219997 -71.217088 -36.608190 57.699377 -25.320760 -5.881749 12.560211 5.342913 -14.678583 -12.119664 -3.882147 0.888806 44.744422 -1.704721 2.617863 -1.699773 3.755568 -0.196979 -19.055105 2.779741 4.126123 -0.362221 -1.427814 0.418103 -0.466308 -0.550990 2.847143 1.335867 2.415406 0.000000 0.000000 -0.000000
0.302192 0.962767 3.832227 -1.229139 -0.072628 -2.135861 1.194550 0.558196 1.012935 0.483914 -5.575471 0.450878 0.481578 0.244754 0.500002 0.399279 6.020518 0.376917 -1.983260 15.801962 1.268474 -4.156460 -6.608177 3.084674 0.422684 11.062223 9.516492 -16.627297 -22.538947 73.411552 17.006580 56.372189 10.533342 1.320990 13.594360 -2.908546 1.264762 7.215941 -7.480691 11.022344 -19.417879 -71.535290 -35.832489 57.865120 -24.555956 -5.564905 12.739811 5.465421 -14.240808 -12.341259 -3.703585 1.011097 42.971088 -1.379339 2.347864 -2.289714 3.811352 -0.199389 -18.135794 2.664161 4.659430 -0.202013 -1.354287 0.182120 -0.722721 -0.487838 2.676290 1.222211 2.386452 0.000000 0.000000 0.000000
0.302673 0.963344 3.836416 -1.341497 0.213433 -2.289101 1.185149 0.485512 1.057675 0.477799 -5.607663 0.471083 0.475462 0.212568 0.519586 0.396214 5.996379 0.391698 -1.977161 15.760847 1.264722 -4.145444 -6.684935 3.077281 0.423367 11.075557 9.470082 -16.569410 -22.476762 73.416531 17.694204 56.099615 10.898630 1.370610 13.604333 -2.886492 1.244667 7.189741 -7.448254 11.209494 -19.578058 -71.778466 -35.251323 57.957679 -23.980481 -5.297060 12.873107 5.572391 -13.624988 -12.418985 -3.507071 1.089194 40.767611 -0.993574 1.951893 -2.836027 3.792355 -0.199155 -16.996423 2.576243 5.090966 -0.096216 -1.263920 0.011586 -0.948194 -0.440565 2.506176 1.116746 2.345365 -0.000000 -0.000000 0.000000
0.302846 0.963851 3.840285 -1.401561 0.515936 -2.440519 1.142658 0.417801 1.092192 0.457449 -5.637755 0.486737 0.455184 0.182493 0.533173 0.382068 5.973809 0.401956 -1.957856 15.677578 1.271515 -4.115395 -6.840021 3.086577 0.394369 11.048942 9.469208 -16.485038 -22.481624 73.351649 18.539835 56.023378 11.463777 1.448373 13.641141 -2.719333 1.219322 7.174686 -7.415316 11.352152 -19.701218 -71.889101 -34.959167 57.886860 -23.694316 -5.111736 12.912423 5.698333 -12.878926 -12.363535 -3.244367 1.203888 38.120504 -0.572500 1.315581 -3.372343 3.620581 -0.196921 -15.448991 2.616467 5.326675 -0.069840 -1.138586 -0.025910 -1.112334 -0.428255 2.352509 1.014044 2.290089 0.000000 -0.000000 -0.000000
0.302772 0.964299 3.843884 -1.423273 0.832463 -2.586642 1.081647 0.353034 1.119298 0.429213 -5.666610 0.499076 0.427061 0.153659 0.542646 0.361726 5.952160 0.409110 -1.932693 15.567267 1.285146 -4.078030 -7.045233 3.107652 0.354368 10.998977 9.491122 -16.384541 -22.523037 73.252281 19.503739 56.061910 12.159821 1.542734 13.692975 -2.450113 1.185661 7.159475 -7.381104 11.474883 -19.787126 -71.924179 -34.869680 57.748057 -23.606747 -4.975862 12.905588 5.806447 -11.951198 -12.169571 -2.962568 1.243302 35.037403 -0.151467 0.571861 -3.864104 3.344948 -0.191667 -13.682452 2.696079 5.460365 -0.096698 -0.995632 0.002180 -1.245566 -0.433399 2.199553 0.919498 2.222565 -0.000000 -0.000000 0.000000
0.302567 0.964605 3.847314 -1.393961 1.120743 -2.691173 1.016498 0.311566 1.124012 0.400127 -5.685185 0.501340 0.398104 0.135106 0.541958 0.339974 5.938220 0.408600 -1.922125 15.441674 1.301586 -4.069572 -7.278019 3.139985 0.327840 10.945246 9.511285 -16.302517 -22.564997 73.205671 20.404841 56.062215 12.778379 1.607799 13.722639 -2.293101 1.121808 7.144898 -7.347263 11.460610 -19.841683 -71.880309 -34.857603 57.580915 -23.573042 -4.901522 12.888931 5.854640 -10.899473 -11.854452 -2.759869 1.047337 31.780503 0.194981 0.008002 -4.189607 3.106870 -0.167401 -11.734144 2.654058 5.419016 -0.129440 -0.887347 0.129275 -1.334753 -0.432687 2.070669 0.801502 2.154567 -0.000000 -0.000000 -0.000000
0.302304 0.964725 3.850557 -1.300370 1.362654 -2.744922 0.943136 0.310818 1.103677 0.368455 -5.685744 0.492310 0.366589 0.134569 0.529714 0.315403 5.937789 0.399372 -1.930468 15.286838 1.319199 -4.098196 -7.564159 3.182845 0.325025 10.886762 9.518168 -16.263148 -22.601324 73.256318 21.191063 55.981318 13.235865 1.618853 13.716024 -2.341730 1.004923 7.126193 -7.313745 11.234470 -19.836708 -71.738321 -34.878885 57.340475 -23.520374 -4.906852 12.863112 5.835555 -9.649010 -11.395883 -2.706573 0.402450 28.321236 0.483763 -0.229236 -4.322951 3.050673 -0.111602 -9.392309 2.338047 5.144052 -0.153041 -0.832377 0.388182 -1.373435 -0.411250 1.977282 0.648039 2.090658 -0.000259 0.015998 -0.064209
0.301910 0.964702 3.853632 -1.154975 1.576404 -2.756402 0.865504 0.333261 1.060841 0.335871 -5.676050 0.473179 0.334173 0.144283 0.507275 0.289368 5.945046 0.382456 -1.953550 15.116794 1.339708 -4.156290 -7.877691 3.237469 0.335539 10.824367 9.522968 -16.242022 -22.638035 73.359636 21.909186 55.867186 13.610059 1.599643 13.690039 -2.503093 0.857950 7.108325 -7.280016 10.871992 -19.798575 -71.516052 -34.976665 57.072317 -23.519250 -4.973917 12.827806 5.756732 -8.279851 -10.808854 -2.719257 -0.452266 24.687587 0.729998 -0.306203 -4.291348 3.065964 -0.054069 -6.861516 1.928453 4.693414 -0.181856 -0.809468 0.746148 -1.367969 -0.384573 1.908173 0.471126 2.026082 -0.000544 0.031992 -0.128420
0.301292 0.964579 3.856698 -0.983301 1.774064 -2.715949 0.809934 0.346738 0.987957 0.314500 -5.670341 0.440639 0.312913 0.150004 0.472565 0.270769 5.949317 0.356286 -1.998996 14.985335 1.363935 -4.256168 -8.118362 3.305911 0.352908 10.780204 9.534896 -16.200768 -22.657579 73.468975 22.515349 55.708618 13.923029 1.575197 13.656038 -2.712348 0.727624 7.106537 -7.247462 10.480618 -19.815729 -71.264505 -35.155499 56.950733 -23.640145 -5.060664 12.817558 5.598226 -7.081514 -10.165366 -2.669571 -0.979740 21.230919 0.869686 -0.404730 -4.050047 2.925571 -0.020950 -4.807769 1.749111 4.168783 -0.212866 -0.811032 1.138156 -1.324344 -0.374612 1.852789 0.275205 1.958652 0.000000 -0.000000 -0.000000
0.300353 0.964351 3.859755 -0.782313 1.962531 -2.615881 0.783834 0.342048 0.876826 0.308028 -5.672705 0.391034 0.306478 0.147643 0.422303 0.262106 5.947539 0.318387 -2.074642 14.913207 1.396922 -4.413431 -8.246939 3.399524 0.377464 10.764811 9.560556 -16.127311 -22.650790 73.580956 22.979219 55.464057 14.156801 1.546986 13.609863 -2.992086 0.622801 7.127128 -7.210801 10.051044 -19.926810 -70.977375 -35.424004 57.043813 -23.930198 -5.163891 12.853303 5.328344 -6.114253 -9.449092 -2.473201 -0.930837 17.889731 0.830101 -0.526025 -3.389195 2.437022 -0.009637 -3.575532 1.994193 3.504689 -0.259830 -0.837486 1.612518 -1.232575 -0.382873 1.823327 0.056349 1.885012 0.001650 -0.118974 0.512199
0.299189 0.964022 3.862803 -0.554538 2.134277 -2.463722 0.779633 0.328879 0.735294 0.312700 -5.678843 0.327851 0.311130 0.141503 0.359594 0.260809 5.942930 0.271101 -2.172416 14.879839 1.433529 -4.611865 -8.302081 3.506494 0.409053 10.767449 9.593320 -16.033439 -22.627842 73.698870 23.330512 55.177520 14.327146 1.513183 13.556351 -3.319861 0.534672 7.163624 -7.175745 9.590671 -20.092606 -70.659413 -35.779934 57.281321 -24.349378 -5.289973 12.913172 4.978606 -5.315479 -8.678137 -2.214508 -0.533705 14.739416 0.637321 -0.653601 -2.502390 1.812047 -0.007108 -2.837968 2.448381 2.766565 -0.311530 -0.887784 2.120497 -1.101873 -0.407646 1.807773 -0.181475 1.808394 0.002077 -0.285822 1.217058
0.297991 0.963646 3.866004 -0.333960 2.279792 -2.272965 0.801365 0.303407 0.579662 0.329553 -5.690435 0.258375 0.327900 0.129901 0.291829 0.268216 5.934224 0.220003 -2.276018 14.876984 1.459096 -4.815658 -8.300652 3.593501 0.440487 10.778442 9.622669 -15.916965 -22.600069 73.786129 23.616635 54.964862 14.508271 1.493073 13.519045 -3.563239 0.483277 7.211841 -7.160783 9.231189 -20.288026 -70.379691 -36.212308 57.629547 -24.839928 -5.409521 12.967800 4.623180 -4.789214 -7.976678 -2.030928 0.018707 12.332881 0.403367 -0.938719 -1.963919 1.384181 -0.002637 -2.246537 2.801499 2.252360 -0.326135 -0.954854 2.451299 -0.967385 -0.465474 1.759065 -0.422056 1.736782 0.000464 -0.431497 1.733780
0.296852 0.963203 3.869487 -0.123665 2.393088 -2.027091 0.855061 0.259629 0.402877 0.361582 -5.710181 0.179468 0.359766 0.110135 0.216174 0.286343 5.919390 0.162959 -2.382773 14.913840 1.469799 -5.017736 -8.226012 3.651705 0.474238 10.802121 9.646942 -15.769379 -22.560996 73.825559 23.842648 54.855745 14.729928 1.498109 13.504946 -3.676819 0.486650 7.276733 -7.178858 8.988880 -20.530406 -70.136046 -36.785866 58.143491 -25.458851 -5.524300 13.009647 4.227170 -4.627133 -7.414961 -1.992738 0.847873 11.112573 0.204283 -1.654377 -2.151258 1.320233 0.010672 -1.643571 2.919997 2.092848 -0.281818 -1.043297 2.513875 -0.834559 -0.592709 1.640143 -0.665395 1.681047 -0.001813 -0.530494 1.878005
0.295678 0.962712 3.873123 0.079397 2.479756 -1.742992 0.935223 0.204331 0.211651 0.406005 -5.735094 0.094126 0.403960 0.085192 0.135341 0.313317 5.900659 0.102018 -2.495126 14.981254 1.469518 -5.224434 -8.094831 3.689571 0.507889 10.834143 9.668114 -15.599637 -22.516745 73.835024 24.008823 54.819569 14.968393 1.516950 13.505790 -3.705986 0.526759 7.353320 -7.216743 8.846913 -20.805427 -69.934124 -37.459214 58.764484 -26.172193 -5.632034 13.046493 3.825234 -4.741426 -6.920390 -2.039520 1.813738 10.633025 0.031033 -2.544095 -2.700839 1.436174 0.023542 -1.174454 2.919992 2.156515 -0.197207 -1.150645 2.398396 -0.698800 -0.751415 1.487797 -0.911529 1.630929 -0.004046 -0.608450 1.834049
0.294383 0.962284 3.876683 0.250164 2.548401 -1.484498 1.028497 0.152096 0.043110 0.455175 -5.758648 0.018918 0.452871 0.061601 0.065124 0.344634 5.882932 0.049087 -2.604744 15.043307 1.454914 -5.420765 -7.974451 3.699686 0.526675 10.852117 9.680776 -15.431963 -22.496862 73.829990 24.155502 54.881076 15.218949 1.535057 13.521336 -3.654151 0.569313 7.422451 -7.254015 8.889884 -21.041965 -69.856420 -38.035004 59.293546 -26.759468 -5.690917 13.073588 3.595846 -4.968140 -6.400586 -2.114917 2.323263 10.097476 -0.093133 -2.964599 -3.092753 1.505374 0.027078 -0.932014 2.873982 2.347892 -0.089578 -1.260456 2.166895 -0.581093 -0.846721 1.365847 -1.144453 1.562404 -0.005785 -0.673170 1.774070
0.292872 0.961942 3.880080 0.379601 2.602305 -1.266504 1.134867 0.107246 -0.095746 0.508775 -5.778909 -0.043035 0.506188 0.041294 0.008612 0.380300 5.867662 0.006493 -2.712337 15.088863 1.419691 -5.606406 -7.885973 3.671293 0.517470 10.840090 9.684515 -15.275582 -22.514112 73.815974 24.301376 55.091449 15.507404 1.553158 13.559517 -3.476307 0.604789 7.479845 -7.284297 9.213680 -21.233155 -69.953731 -38.466527 59.692267 -27.148768 -5.675102 13.097119 3.634971 -5.203855 -5.787382 -2.240099 1.791736 9.143440 -0.120964 -2.411239 -3.079900 1.418250 0.014407 -1.049170 2.783383 2.683648 0.031323 -1.377082 1.789646 -0.480265 -0.834111 1.302746 -1.364252 1.462879 -0.006881 -0.724884 1.750268
0.291241 0.961664 3.883402 0.476429 2.638870 -1.074373 1.254321 0.064946 -0.211763 0.567126 -5.798041 -0.094777 0.564228 0.022107 -0.037207 0.420324 5.853229 -0.028034 -2.817343 15.129090 1.369976 -5.782045 -7.808413 3.615061 0.493213 10.814307 9.679299 -15.121223 -22.555083 73.786805 24.433435 55.398725 15.815350 1.574559 13.611151 -3.216378 0.642574 7.529781 -7.314170 9.725222 -21.383295 -70.176751 -38.776717 60.003464 -27.388213 -5.609278 13.111056 3.846883 -5.552760 -5.150287 -2.397234 0.811177 8.126584 -0.046684 -1.387308 -2.906402 1.289318 -0.005633 -1.393569 2.646165 3.146988 0.177129 -1.495287 1.297768 -0.398290 -0.757336 1.270465 -1.570774 1.344210 -0.007457 -0.763338 1.710416
0.289685 0.961486 3.886684 0.542166 2.658370 -0.927603 1.373180 0.025125 -0.288384 0.623404 -5.816014 -0.128908 0.620201 0.004076 -0.065625 0.460128 5.839672 -0.049438 -2.909741 15.161292 1.320869 -5.934738 -7.746427 3.555665 0.478254 10.800790 9.660235 -14.965182 -22.610003 73.739817 24.538445 55.674086 16.065574 1.585434 13.651225 -3.011576 0.676533 7.565818 -7.343232 10.225665 -21.437707 -70.454284 -38.841192 60.155565 -27.406849 -5.525273 13.092894 4.122382 -6.157964 -4.602407 -2.471853 0.554227 7.322821 0.030944 -0.754543 -2.798190 1.205898 -0.019344 -1.660202 2.531178 3.592742 0.359429 -1.584408 0.845265 -0.360458 -0.654849 1.248121 -1.747752 1.218702 -0.007700 -0.795629 1.670026
0.288345 0.961453 3.890026 0.565695 2.647760 -0.841262 1.492869 -0.009907 -0.309222 0.677512 -5.831722 -0.138115 0.674013 -0.011695 -0.069340 0.500203 5.827834 -0.052217 -2.988647 15.186131 1.271887 -6.062643 -7.698884 3.491890 0.486051 10.817454 9.617825 -14.802980 -22.681421 73.660600 24.607941 55.885724 16.232936 1.577880 13.671765 -2.907712 0.702169 7.588782 -7.376095 10.673093 -21.360506 -70.797261 -38.494341 60.050795 -27.056254 -5.411917 13.017053 4.504127 -7.280226 -4.206644 -2.405048 1.874051 6.902182 0.045386 -1.015975 -2.868822 1.221866 -0.022742 -1.727103 2.455665 4.044100 0.616771 -1.638081 0.447457 -0.404029 -0.521911 1.205467 -1.878801 1.086006 -0.007460 -0.817848 1.634188
0.287080 0.961521 3.893328 0.557988 2.620413 -0.800347 1.611807 -0.043246 -0.290448 0.729489 -5.846556 -0.129612 0.725701 -0.026593 -0.055561 0.540025 5.816673 -0.041806 -3.055002 15.202695 1.223404 -6.167740 -7.667411 3.424894 0.503274 10.846625 9.561937 -14.638702 -22.766037 73.563049 24.645212 56.066636 16.337632 1.556666 13.681672 -2.859392 0.723912 7.597884 -7.408451 11.106806 -21.185201 -71.188850 -37.905824 59.784488 -26.488353 -5.287175 12.907285 4.948947 -8.653970 -3.895741 -2.261467 3.911539 6.696817 0.014646 -1.667842 -3.009317 1.279873 -0.021829 -1.715654 2.401194 4.478419 0.908409 -1.661517 0.089274 -0.491297 -0.363255 1.172409 -1.980309 0.946515 -0.006937 -0.833906 1.597825
0.285662 0.961598 3.896322 0.553774 2.616123 -0.779226 1.711833 -0.083076 -0.264487 0.772732 -5.864228 -0.117859 0.768692 -0.044322 -0.039419 0.573508 5.803392 -0.029608 -3.101554 15.205794 1.191820 -6.242840 -7.660983 3.382956 0.514153 10.860680 9.516719 -14.481744 -22.845864 73.487416 24.648714 56.186195 16.363855 1.523412 13.682048 -2.867772 0.749003 7.584124 -7.426661 11.449482 -20.966064 -71.516300 -37.436598 59.579713 -26.066789 -5.214970 12.818513 5.218933 -9.631212 -3.589449 -2.107126 5.269178 6.467965 -0.067523 -2.059219 -3.119556 1.291402 -0.020486 -1.685007 2.380499 4.682092 1.125183 -1.644818 -0.121301 -0.534840 -0.233015 1.218212 -2.084976 0.813555 -0.006814 -0.862655 1.561193
0.283894 0.961685 3.898839 0.554078 2.655785 -0.783037 1.788656 -0.135995 -0.237231 0.805594 -5.887689 -0.105467 0.801347 -0.067829 -0.023691 0.599208 5.785781 -0.017715 -3.118823 15.194830 1.187712 -6.274179 -7.680571 3.382357 0.513703 10.841182 9.493575 -14.328014 -22.910590 73.451328 24.589497 56.238655 16.268490 1.475334 13.671459 -2.940820 0.787117 7.527876 -7.416332 11.668203 -20.699528 -71.741218 -37.167604 59.480301 -25.884961 -5.210114 12.769321 5.213960 -9.898907 -3.267882 -1.927090 5.231959 6.127310 -0.231959 -1.822224 -3.149780 1.206816 -0.019863 -1.654571 2.415694 4.496329 1.208048 -1.565536 -0.086127 -0.494355 -0.156378 1.404999 -2.199829 0.687776 -0.007454 -0.918797 1.523557
0.281974 0.961781 3.901047 0.557868 2.718498 -0.806643 1.846545 -0.195513 -0.202911 0.829724 -5.914036 -0.089882 0.825309 -0.094211 -0.005657 0.618566 5.766018 -0.004080 -3.116332 15.170298 1.200486 -6.275603 -7.725395 3.406810 0.506879 10.806293 9.480829 -14.181911 -22.971044 73.437715 24.494196 56.230605 16.091902 1.414245 13.651834 -3.070861 0.828510 7.448539 -7.392150 11.796171 -20.392744 -71.903318 -37.005701 59.446176 -25.838745 -5.248089 12.743821 5.034574 -9.769664 -2.953761 -1.727681 4.518533 5.754246 -0.425215 -1.324611 -3.149318 1.074410 -0.018693 -1.604910 2.484618 4.080341 1.216567 -1.448106 0.096186 -0.409342 -0.110196 1.670729 -2.317046 0.567669 -0.008419 -0.987635 1.485627
0.280260 0.961795 3.903182 0.596856 2.781328 -0.808964 1.880329 -0.249932 -0.176559 0.843510 -5.938132 -0.077875 0.838984 -0.118327 0.007750 0.629855 5.747949 0.006062 -3.115320 15.128687 1.214758 -6.281303 -7.801708 3.435687 0.492812 10.783110 9.467884 -14.065749 -23.041433 73.434906 24.445427 56.149785 15.943706 1.349187 13.629228 -3.235648 0.851355 7.395690 -7.383883 11.857194 -20.118203 -72.010158 -37.029602 59.580103 -25.975076 -5.326892 12.747222 4.744320 -9.535806 -2.634491 -1.604406 3.881785 5.363513 -0.528686 -1.018388 -3.168065 0.949051 -0.017059 -1.537075 2.533583 3.697238 1.218473 -1.355283 0.238534 -0.312603 -0.076141 1.898625 -2.447371 0.463520 -0.009190 -1.043940 1.449830
0.278959 0.961675 3.905352 0.688602 2.836203 -0.768161 1.882888 -0.293639 -0.165738 0.844128 -5.957515 -0.072863 0.839570 -0.137711 0.012825 0.630687 5.733418 0.009915 -3.121707 15.061721 1.226514 -6.301332 -7.924770 3.464226 0.466857 10.784209 9.447939 -13.991729 -23.135022 73.447853 24.466613 55.980829 15.844921 1.278456 13.606923 -3.434066 0.840911 7.392888 -7.406595 11.846718 -19.899856 -72.044917 -37.349132 59.947076 -26.388279 -5.470666 12.799416 4.319055 -9.261230 -2.295324 -1.626038 3.611683 4.951038 -0.467873 -1.125975 -3.231636 0.848014 -0.014739 -1.439292 2.536555 3.399491 1.233226 -1.319651 0.299482 -0.206815 -0.051868 2.053687 -2.602340 0.384802 -0.009637 -1.079001 1.418358
0.277865 0.961474 3.907448 0.815638 2.891055 -0.705951 1.861403 -0.332216 -0.162808 0.834419 -5.974641 -0.071414 0.829888 -0.154823 0.013289 0.623464 5.720585 0.010284 -3.129520 14.977676 1.239711 -6.325559 -8.079323 3.497100 0.433609 10.796974 9.427867 -13.947677 -23.238705 73.471567 24.534455 55.739107 15.773690 1.204843 13.582067 -3.667419 0.811916 7.416617 -7.445020 11.770541 -19.714542 -72.026741 -37.872103 60.480100 -27.001007 -5.661940 12.879702 3.783371 -8.884567 -1.949297 -1.721677 3.415843 4.524416 -0.326442 -1.424618 -3.315448 0.753671 -0.012086 -1.323382 2.519647 3.134474 1.240135 -1.308817 0.320377 -0.089773 -0.039371 2.170945 -2.771024 0.322516 -0.009927 -1.101550 1.389057
0.276719 0.961259 3.909382 0.957167 2.947014 -0.646570 1.832175 -0.370715 -0.160001 0.821277 -5.991731 -0.070029 0.816792 -0.171893 0.013339 0.613648 5.707782 0.010341 -3.142147 14.897907 1.250928 -6.357880 -8.225780 3.527857 0.406077 10.810776 9.417639 -13.919171 -23.327033 73.479234 24.660404 55.458117 15.774397 1.144062 13.551429 -3.916994 0.786861 7.445961 -7.483283 11.667831 -19.563570 -72.016681 -38.366524 61.085286 -27.595301 -5.834633 12.933067 3.273674 -8.509997 -1.624699 -1.780234 3.172755 4.123772 -0.231122 -1.698625 -3.394249 0.668320 -0.010128 -1.225891 2.507368 3.007691 1.245374 -1.289369 0.238595 0.012345 -0.025882 2.238676 -2.930936 0.259833 -0.010028 -1.112518 1.357860
0.275398 0.961031 3.911102 1.114871 3.002177 -0.594465 1.796526 -0.408122 -0.157375 0.805291 -6.008333 -0.068741 0.800869 -0.188473 0.013005 0.601682 5.695346 0.010105 -3.162664 14.824763 1.260719 -6.404140 -8.359548 3.558560 0.392402 10.824248 9.426132 -13.902603 -23.392588 73.454477 24.872347 55.106805 15.881010 1.100624 13.509660 -4.197423 0.770709 7.479288 -7.517482 11.520737 -19.458197 -72.020599 -38.771858 61.772602 -28.116981 -5.969707 12.927451 2.809064 -8.137366 -1.326386 -1.758683 2.804834 3.759335 -0.235871 -1.885058 -3.460887 0.593715 -0.009504 -1.164759 2.510291 3.108817 1.251611 -1.251304 -0.015035 0.094194 -0.004645 2.238414 -3.080688 0.191453 -0.009845 -1.106320 1.320366
0.274026 0.960789 3.912660 1.287061 3.058437 -0.545142 1.753124 -0.445461 -0.154863 0.785865 -6.024904 -0.067517 0.781528 -0.205017 0.012258 0.587120 5.682937 0.009555 -3.188009 14.755891 1.268572 -6.458542 -8.485212 3.587256 0.384433 10.838746 9.444492 -13.901570 -23.442746 73.413766 25.137675 54.715383 16.054949 1.071024 13.462733 -4.493942 0.758482 7.518254 -7.551487 11.347097 -19.387193 -72.032654 -39.151681 62.532650 -28.624605 -6.086575 12.895929 2.370215 -7.765653 -1.050968 -1.700497 2.390687 3.420909 -0.284249 -2.047056 -3.522151 0.528253 -0.009540 -1.122049 2.517793 3.348205 1.256271 -1.205024 -0.371279 0.160545 0.018204 2.188641 -3.221945 0.123117 -0.009496 -1.088539 1.280976
0.272718 0.960598 3.914117 1.447848 3.122816 -0.509451 1.714282 -0.490834 -0.144555 0.768116 -6.045020 -0.062781 0.763849 -0.225108 0.015191 0.574089 5.667872 0.011784 -3.212391 14.705595 1.269493 -6.507491 -8.576941 3.601453 0.370765 10.847768 9.456067 -13.912433 -23.474238 73.379518 25.380156 54.409432 16.235320 1.057186 13.423584 -4.743721 0.757851 7.546933 -7.581079 11.239119 -19.318218 -72.095773 -39.432306 63.246136 -29.041473 -6.168129 12.882272 2.035154 -7.496391 -0.816101 -1.626737 2.043932 3.119430 -0.334311 -2.158271 -3.572982 0.469512 -0.009214 -1.080505 2.522525 3.562439 1.257870 -1.147741 -0.685063 0.200638 0.036060 2.132973 -3.336631 0.054436 -0.009248 -1.076854 1.248821
0.271509 0.960493 3.915480 1.590066 3.201062 -0.496708 1.682888 -0.551597 -0.119767 0.753029 -6.071927 -0.051517 0.748808 -0.251995 0.024924 0.563561 5.647718 0.019145 -3.231099 14.688505 1.259592 -6.539792 -8.608163 3.591084 0.342514 10.847152 9.454184 -13.936262 -23.481899 73.353574 25.593938 54.229379 16.425140 1.064585 13.393579 -4.928800 0.775580 7.557211 -7.606065 11.251121 -19.244300 -72.244977 -39.571837 63.919579 -29.333053 -6.192766 12.912320 1.848318 -7.377291 -0.636924 -1.535368 1.797606 2.868633 -0.379318 -2.192879 -3.609680 0.418620 -0.008014 -1.033005 2.522513 3.704847 1.254129 -1.071409 -0.910651 0.204698 0.044779 2.079683 -3.411257 -0.016084 -0.009270 -1.082078 1.228962
0.270365 0.960438 3.916743 1.720833 3.287576 -0.497573 1.656030 -0.620413 -0.087224 0.739617 -6.102390 -0.036760 0.735430 -0.282440 0.038321 0.554563 5.624899 0.029271 -3.248860 14.690019 1.242823 -6.566643 -8.605402 3.566279 0.308590 10.841058 9.445462 -13.972083 -23.470974 73.334145 25.788559 54.134777 16.625783 1.086309 13.370477 -5.067175 0.804967 7.557246 -7.626636 11.328677 -19.171787 -72.444758 -39.591938 64.548115 -29.512650 -6.176504 12.959941 1.764887 -7.360340 -0.498222 -1.430317 1.618274 2.655180 -0.426685 -2.176829 -3.635747 0.374503 -0.006455 -0.986675 2.519739 3.822177 1.247094 -0.984092 -1.093700 0.182768 0.048353 2.020265 -3.459303 -0.086975 -0.009386 -1.093399 1.216336
0.269291 0.960390 3.917946 1.835704 3.372367 -0.494969 1.637337 -0.683322 -0.059131 0.730042 -6.130247 -0.024006 0.725872 -0.310285 0.050102 0.548307 5.604028 0.038176 -3.274011 14.680579 1.225915 -6.607936 -8.622509 3.544729 0.284274 10.835522 9.433204 -14.013206 -23.453789 73.338209 25.915488 54.130741 16.778518 1.104456 13.360878 -5.150071 0.833476 7.555473 -7.639185 11.400695 -19.088726 -72.632372 -39.502120 64.995940 -29.562585 -6.156554 12.990816 1.729069 -7.403851 -0.371567 -1.342042 1.519470 2.450011 -0.456782 -2.161387 -3.656994 0.331437 -0.005061 -0.945636 2.512804 3.891116 1.242044 -0.906867 -1.226248 0.154199 0.052155 1.973137 -3.502978 -0.154331 -0.009328 -1.096059 1.204891
0.268304 0.960344 3.919117 1.932137 3.454243 -0.481066 1.629269 -0.737132 -0.040640 0.725619 -6.154097 -0.015563 0.721443 -0.334129 0.058096 0.545606 5.586154 0.044225 -3.313602 14.650277 1.210632 -6.678135 -8.677304 3.533068 0.275762 10.831164 9.414522 -14.075196 -23.429517 73.387001 25.961977 54.253970 16.862090 1.110651 13.371171 -5.163612 0.857361 7.553875 -7.638886 11.445002 -18.984279 -72.791900 -39.250839 65.179041 -29.422084 -6.142720 12.987901 1.735561 -7.544028 -0.245223 -1.288546 1.553469 2.233173 -0.454893 -2.159283 -3.669132 0.287347 -0.003982 -0.911745 2.498376 3.893529 1.243318 -0.849640 -1.293857 0.118321 0.057942 1.943405 -3.545247 -0.217525 -0.008918 -1.080907 1.193853
0.267387 0.960304 3.920229 2.012695 3.534371 -0.463779 1.629383 -0.784999 -0.026581 0.725033 -6.175322 -0.009110 0.720832 -0.355353 0.064490 0.545645 5.570243 0.049067 -3.360551 14.608994 1.195182 -6.762732 -8.752017 3.524644 0.276862 10.827433 9.392346 -14.142486 -23.398985 73.459312 25.941534 54.468145 16.898797 1.113136 13.394398 -5.121640 0.880337 7.550400 -7.630600 11.483513 -18.869523 -72.939212 -38.886237 65.180507 -29.148571 -6.125091 12.967915 1.789666 -7.744997 -0.130579 -1.252114 1.667752 2.025015 -0.436891 -2.157806 -3.676457 0.244306 -0.003076 -0.883145 2.479789 3.847504 1.246918 -0.802232 -1.310948 0.076036 0.063752 1.925945 -3.583086 -0.277219 -0.008347 -1.057096 1.183996
0.266504 0.960239 3.921242 2.080609 3.606255 -0.449695 1.633979 -0.822474 -0.013636 0.726493 -6.191932 -0.003183 0.722262 -0.371966 0.070566 0.547190 5.557791 0.053664 -3.401966 14.556852 1.180926 -6.838082 -8.847120 3.517144 0.284237 10.828606 9.378758 -14.161728 -23.377005 73.508559 25.844527 54.668981 16.894461 1.118978 13.417200 -5.056985 0.901041 7.547425 -7.625266 11.511315 -18.766097 -73.059663 -38.569778 65.115789 -28.904756 -6.112093 12.947676 1.851444 -7.857002 -0.034074 -1.209265 1.718776 1.856846 -0.428499 -2.169992 -3.697745 0.202814 -0.002412 -0.858384 2.465631 3.784012 1.245761 -0.755571 -1.312919 0.049004 0.069462 1.923936 -3.629680 -0.331441 -0.007908 -1.037325 1.171590
0.265624 0.960127 3.922125 2.133797 3.665141 -0.442442 1.644102 -0.843833 -0.000873 0.730425 -6.201380 0.002617 0.726158 -0.381418 0.076764 0.550593 5.550708 0.058348 -3.435340 14.486875 1.168258 -6.900061 -8.975680 3.510839 0.298402 10.835961 9.380496 -14.099119 -23.372631 73.507474 25.665251 54.814176 16.856806 1.132732 13.435733 -4.969662 0.917405 7.544587 -7.626777 11.526717 -18.681792 -73.139436 -38.375162 64.992166 -28.756469 -6.109041 12.931982 1.905874 -7.798639 0.036536 -1.146600 1.633497 1.753414 -0.443447 -2.203989 -3.746052 0.162883 -0.002082 -0.838075 2.460493 3.700501 1.236147 -0.705205 -1.303281 0.049792 0.075241 1.946672 -3.693717 -0.378245 -0.007726 -1.026782 1.153295
0.264777 0.959990 3.922911 2.174315 3.715805 -0.438472 1.658694 -0.854790 0.010820 0.736393 -6.206208 0.007910 0.732085 -0.386254 0.082664 0.555495 5.547089 0.062803 -3.463181 14.406062 1.156777 -6.952804 -9.124589 3.505455 0.318829 10.848179 9.390837 -13.988447 -23.376672 73.483211 25.408818 54.945432 16.777688 1.150156 13.454001 -4.859673 0.931496 7.542261 -7.631256 11.531606 -18.609075 -73.192586 -38.231520 64.803072 -28.641165 -6.110705 12.916185 1.967926 -7.651303 0.088694 -1.077518 1.484885 1.689731 -0.467414 -2.251610 -3.808360 0.124532 -0.001981 -0.821605 2.459783 3.599489 1.221865 -0.655547 -1.278583 0.065882 0.080884 1.984911 -3.766445 -0.419626 -0.007665 -1.020279 1.132450
0.264009 0.959860 3.923659 2.211602 3.766053 -0.433586 1.670898 -0.868073 0.022036 0.741321 -6.212071 0.012995 0.736976 -0.392123 0.088249 0.559596 5.542694 0.067022 -3.480137 14.335518 1.146652 -6.985036 -9.255049 3.497802 0.340593 10.865617 9.401682 -13.877808 -23.376719 73.470975 25.081639 55.084289 16.638762 1.164650 13.470430 -4.759920 0.948151 7.543971 -7.637968 11.526551 -18.546596 -73.246400 -38.077044 64.644189 -28.522362 -6.109178 12.903009 2.042741 -7.509328 0.138880 -1.018599 1.348555 1.622511 -0.483561 -2.301387 -3.864342 0.088252 -0.001874 -0.805682 2.458307 3.519569 1.206964 -0.610944 -1.263784 0.081207 0.085827 2.014018 -3.834939 -0.459493 -0.007629 -1.014954 1.115343
0.263352 0.959744 3.924402 2.247980 3.815918 -0.423914 1.678946 -0.887295 0.032144 0.744450 -6.220577 0.017599 0.740075 -0.400633 0.093171 0.562302 5.536317 0.070742 -3.483174 14.281101 1.138251 -6.990817 -9.356361 3.486958 0.365257 10.893722 9.411955 -13.771995 -23.370873 73.478906 24.668872 55.238852 16.419766 1.173887 13.484766 -4.681933 0.971219 7.553404 -7.647634 11.504646 -18.497184 -73.309604 -37.878771 64.544764 -28.377627 -6.099706 12.892206 2.145181 -7.389775 0.195384 -0.980278 1.246393 1.538024 -0.484038 -2.359629 -3.908845 0.053869 -0.001726 -0.789746 2.454754 3.470574 1.196687 -0.576282 -1.262708 0.089532 0.090140 2.024830 -3.894559 -0.499759 -0.007599 -1.010322 1.105458
0.262773 0.959635 3.925108 2.281131 3.865363 -0.413333 1.684605 -0.908837 0.041780 0.746538 -6.230115 0.021997 0.742137 -0.410174 0.097780 0.564208 5.529167 0.074228 -3.475346 14.236968 1.131214 -6.976079 -9.439192 3.473789 0.391253 10.927056 9.422762 -13.666196 -23.361150 73.498910 24.182764 55.399562 16.138626 1.179970 13.497325 -4.614203 0.996844 7.566889 -7.659507 11.472874 -18.458057 -73.373579 -37.668241 64.475419 -28.227763 -6.087033 12.883935 2.260422 -7.275661 0.250087 -0.952121 1.156499 1.450095 -0.476834 -2.420051 -3.947025 0.021539 -0.001572 -0.774358 2.450436 3.442658 1.185739 -0.546756 -1.271523 0.097061 0.093786 2.026465 -3.949986 -0.538470 -0.007596 -1.006866 1.099311
0.262224 0.959540 3.925747 2.313529 3.922083 -0.409243 1.686313 -0.934581 0.053424 0.746783 -6.241514 0.027300 0.742365 -0.421574 0.103109 0.564793 5.520623 0.078256 -3.460441 14.206661 1.124646 -6.947364 -9.496792 3.457805 0.408952 10.949673 9.429241 -13.594161 -23.341235 73.542118 23.669947 55.561966 15.833365 1.182626 13.507275 -4.555077 1.018318 7.576902 -7.670657 11.452565 -18.419369 -73.439542 -37.478833 64.443876 -28.099336 -6.077185 12.881503 2.349148 -7.210216 0.295040 -0.919404 1.088890 1.356917 -0.468961 -2.452308 -3.973983 -0.007801 -0.001291 -0.757913 2.444100 3.444914 1.162295 -0.512249 -1.303683 0.106330 0.096096 2.021691 -4.002314 -0.573700 -0.007587 -1.003181 1.092732
0.261679 0.959466 3.926303 2.347833 3.989810 -0.417071 1.682209 -0.966514 0.069074 0.744272 -6.255650 0.034406 0.739850 -0.435706 0.109960 0.563440 5.510031 0.083431 -3.435156 14.197351 1.118201 -6.897894 -9.516092 3.436593 0.411635 10.950288 9.427556 -13.571116 -23.306684 73.625221 23.108369 55.732202 15.486216 1.179373 13.512366 -4.512319 1.033744 7.576463 -7.680638 11.456836 -18.374062 -73.512936 -37.317203 64.467576 -27.995089 -6.073027 12.889899 2.390801 -7.222444 0.332978 -0.873947 1.047544 1.244987 -0.462762 -2.433838 -3.980911 -0.033379 -0.000718 -0.737293 2.434051 3.491235 1.117938 -0.466304 -1.373763 0.122802 0.097729 2.009028 -4.053090 -0.605196 -0.007579 -1.000042 1.083842
0.261164 0.959406 3.926793 2.381358 4.064825 -0.431376 1.674150 -1.002650 0.086746 0.739918 -6.271648 0.042422 0.735500 -0.451698 0.117534 0.560767 5.498045 0.089152 -3.402815 14.201876 1.112271 -6.834522 -9.510126 3.412680 0.406034 10.940185 9.421496 -13.581826 -23.261921 73.731583 22.518310 55.903407 15.112371 1.172515 13.514752 -4.478154 1.045030 7.572532 -7.689914 11.472575 -18.329175 -73.588312 -37.174928 64.529248 -27.910515 -6.071333 12.904194 2.406001 -7.283290 0.361284 -0.823907 1.028484 1.127861 -0.455838 -2.387240 -3.976549 -0.055970 -0.000023 -0.715616 2.421985 3.567706 1.060979 -0.415610 -1.467196 0.140963 0.098055 1.989942 -4.100779 -0.633196 -0.007564 -0.996674 1.074522
0.260703 0.959347 3.927240 2.408569 4.143639 -0.443262 1.666154 -1.038914 0.102952 0.735658 -6.287707 0.049782 0.731243 -0.467752 0.124462 0.558115 5.486010 0.094386 -3.377140 14.202267 1.107051 -6.784207 -9.511349 3.392949 0.402688 10.937285 9.417613 -13.614350 -23.213937 73.822388 22.013083 56.053852 14.802274 1.168984 13.520316 -4.427654 1.051165 7.578478 -7.696921 11.481753 -18.296021 -73.650548 -37.063475 64.584705 -27.862069 -6.068944 12.912853 2.417184 -7.348914 0.363890 -0.779113 1.029790 1.044318 -0.448193 -2.349891 -3.982330 -0.076989 0.000423 -0.700626 2.411734 3.641726 1.004758 -0.369670 -1.553714 0.146908 0.094476 1.971615 -4.141829 -0.656521 -0.007489 -0.989338 1.066244
0.260306 0.959283 3.927642 2.428734 4.226706 -0.449389 1.659445 -1.074106 0.116946 0.732068 -6.303299 0.056152 0.727654 -0.483340 0.130467 0.555891 5.474326 0.098924 -3.367586 14.192620 1.101945 -6.764840 -9.530179 3.380320 0.408240 10.950444 9.418883 -13.673857 -23.165177 73.882125 21.649061 56.171511 14.602776 1.169573 13.532379 -4.346134 1.052010 7.602679 -7.699843 11.469982 -18.286839 -73.699596 -36.951169 64.614002 -27.829924 -6.063297 12.908841 2.432909 -7.412922 0.328223 -0.743225 1.061765 1.016517 -0.439448 -2.338087 -4.008930 -0.097522 0.000416 -0.697058 2.405260 3.705160 0.951705 -0.330834 -1.624048 0.135708 0.083632 1.952784 -4.175551 -0.673220 -0.007312 -0.974795 1.059423
0.259963 0.959220 3.928000 2.442597 4.313565 -0.453118 1.652807 -1.109422 0.129485 0.728574 -6.318952 0.061871 0.724160 -0.498987 0.135832 0.553691 5.462595 0.102979 -3.364691 14.178819 1.097542 -6.758509 -9.556250 3.371855 0.416035 10.970810 9.422333 -13.755174 -23.113166 73.926284 21.373521 56.270795 14.470524 1.173401 13.547779 -4.248335 1.047682 7.636744 -7.700497 11.451688 -18.289472 -73.735541 -36.870400 64.637193 -27.834677 -6.056994 12.899189 2.444593 -7.481812 0.266852 -0.712484 1.114055 1.022316 -0.430128 -2.335515 -4.045699 -0.116498 0.000168 -0.700178 2.400602 3.766162 0.899460 -0.296703 -1.687444 0.112320 0.068879 1.934688 -4.202627 -0.685252 -0.007078 -0.956285 1.053643
0.259662 0.959164 3.928347 2.446859 4.399344 -0.455628 1.646602 -1.144373 0.139324 0.725390 -6.334451 0.066382 0.720975 -0.514483 0.140020 0.551631 5.450977 0.106148 -3.353800 14.160585 1.095776 -6.738421 -9.590854 3.365558 0.416660 10.989736 9.425581 -13.830854 -23.057572 73.962559 21.137580 56.370568 14.362417 1.184957 13.562743 -4.153466 1.037549 7.668886 -7.702777 11.452072 -18.278609 -73.743522 -36.929639 64.670228 -27.954298 -6.054656 12.893451 2.448961 -7.531118 0.201297 -0.685742 1.153740 1.034020 -0.421682 -2.330620 -4.082111 -0.132127 -0.000066 -0.703532 2.395701 3.816590 0.854284 -0.269435 -1.741393 0.077698 0.057697 1.928260 -4.221541 -0.697309 -0.006865 -0.939782 1.049142
0.259404 0.959118 3.928696 2.438552 4.481482 -0.457117 1.640911 -1.177224 0.145527 0.722592 -6.349031 0.069260 0.718175 -0.529059 0.142614 0.549736 5.440046 0.108115 -3.325825 14.133934 1.097101 -6.687886 -9.641895 3.359025 0.407107 11.005527 9.428327 -13.880178 -22.996270 73.986787 20.938334 56.473666 14.276181 1.210032 13.575235 -4.066764 1.017693 7.697312 -7.709357 11.492428 -18.245736 -73.713156 -37.232128 64.726198 -28.272058 -6.059893 12.897543 2.436458 -7.542671 0.137327 -0.663375 1.163560 1.046551 -0.414481 -2.321496 -4.116202 -0.143342 -0.000209 -0.705259 2.389666 3.850680 0.820398 -0.251352 -1.785036 0.030229 0.054587 1.942510 -4.230268 -0.711866 -0.006710 -0.928330 1.046220
0.259190 0.959079 3.929034 2.420645 4.562539 -0.457433 1.635646 -1.209707 0.149046 0.720099 -6.363458 0.070936 0.715679 -0.543482 0.144038 0.547978 5.429230 0.109200 -3.289859 14.102853 1.101053 -6.623577 -9.701450 3.354610 0.390388 11.019874 9.430860 -13.923884 -22.931402 74.003074 20.779277 56.577678 14.214688 1.242879 13.587257 -3.982964 0.992035 7.723805 -7.717581 11.551571 -18.199326 -73.654908 -37.676821 64.790833 -28.706579 -6.069113 12.905560 2.416655 -7.534644 0.069125 -0.645166 1.160772 1.064974 -0.408134 -2.310056 -4.149934 -0.151215 -0.000338 -0.707220 2.383390 3.874190 0.793625 -0.240008 -1.819224 -0.028450 0.055074 1.968417 -4.230819 -0.726452 -0.006575 -0.918885 1.044580
0.259006 0.959045 3.929359 2.398744 4.645337 -0.457226 1.630915 -1.246537 0.151474 0.717890 -6.379819 0.072141 0.713463 -0.559841 0.145019 0.546397 5.416961 0.109954 -3.258514 14.079022 1.108204 -6.568765 -9.747056 3.357495 0.366133 11.029209 9.431681 -13.996660 -22.868990 74.031447 20.619818 56.692969 14.141154 1.270696 13.601041 -3.905511 0.971716 7.741950 -7.723336 11.590936 -18.139502 -73.585179 -38.063961 64.840131 -29.087167 -6.076010 12.909374 2.414994 -7.537057 0.000832 -0.629101 1.164243 1.076807 -0.402950 -2.290480 -4.178651 -0.157178 -0.000433 -0.708549 2.377485 3.896266 0.767629 -0.230401 -1.844017 -0.092502 0.053156 1.989884 -4.227754 -0.738348 -0.006415 -0.908287 1.043556
0.258855 0.959017 3.929666 2.373299 4.734019 -0.455685 1.626636 -1.290829 0.152336 0.715948 -6.399503 0.072674 0.711507 -0.579522 0.145355 0.544963 5.402200 0.110225 -3.235513 14.065206 1.121736 -6.531545 -9.773157 3.374944 0.330419 11.031402 9.430596 -14.121336 -22.811806 74.086031 20.450050 56.839689 14.043090 1.289108 13.620885 -3.831166 0.960412 7.748952 -7.723867 11.589530 -18.058073 -73.499363 -38.351716 64.855248 -29.375784 -6.078410 12.903034 2.451621 -7.562592 -0.069825 -0.615023 1.181675 1.077211 -0.399751 -2.258305 -4.199716 -0.161141 -0.000495 -0.709205 2.372119 3.917225 0.739210 -0.222188 -1.855092 -0.164556 0.046164 2.001263 -4.219724 -0.746161 -0.006193 -0.894374 1.043134
0.258736 0.958995 3.929960 2.343862 4.824442 -0.453643 1.622890 -1.339468 0.152120 0.714288 -6.421122 0.072741 0.709830 -0.601139 0.145253 0.543704 5.385987 0.110168 -3.217141 14.058641 1.138484 -6.503864 -9.785320 3.399759 0.287172 11.028576 9.427798 -14.274991 -22.756905 74.152473 20.279261 56.997628 13.931999 1.302400 13.642452 -3.763203 0.954459 7.747619 -7.721906 11.568421 -17.963136 -73.402171 -38.579917 64.855949 -29.608545 -6.078350 12.892506 2.506407 -7.598566 -0.140557 -0.602951 1.205366 1.071028 -0.397717 -2.218000 -4.215763 -0.163199 -0.000523 -0.709228 2.367125 3.936748 0.711569 -0.215703 -1.856764 -0.241977 0.036723 2.008199 -4.208084 -0.751286 -0.005947 -0.879309 1.043328
0.258634 0.958969 3.930262 2.314673 4.906996 -0.454188 1.620031 -1.387823 0.153843 0.712940 -6.442608 0.073675 0.708464 -0.622624 0.146051 0.542748 5.369874 0.110790 -3.204846 14.062709 1.149510 -6.484774 -9.777779 3.415465 0.247788 11.023535 9.422371 -14.423681 -22.701835 74.208134 20.095766 57.116413 13.807321 1.310741 13.654952 -3.714800 0.954001 7.739952 -7.721547 11.551922 -17.879320 -73.323812 -38.670062 64.877857 -29.725148 -6.075850 12.887506 2.544351 -7.636953 -0.200369 -0.591095 1.231071 1.060301 -0.394692 -2.177140 -4.230048 -0.165059 -0.000494 -0.707873 2.362615 3.963030 0.687959 -0.207026 -1.862049 -0.311042 0.026758 2.011530 -4.201448 -0.755187 -0.005743 -0.866418 1.043529
0.258546 0.958939 3.930578 2.287779 4.979954 -0.459436 1.618992 -1.436357 0.158865 0.712261 -6.464161 0.076091 0.707761 -0.644176 0.148398 0.542410 5.353712 0.112579 -3.202364 14.083158 1.151174 -6.479556 -9.739891 3.416291 0.215494 11.015508 9.413208 -14.564551 -22.641207 74.246606 19.891657 57.165067 13.666147 1.313229 13.650109 -3.696913 0.960017 7.723145 -7.724235 11.545412 -17.811045 -73.275185 -38.584895 64.942758 -29.695195 -6.071274 12.893505 2.544897 -7.685180 -0.244281 -0.578398 1.261165 1.040478 -0.388561 -2.132211 -4.241461 -0.168002 -0.000344 -0.703394 2.358532 4.005417 0.668395 -0.193003 -1.880809 -0.368213 0.015785 2.009388 -4.202590 -0.758195 -0.005604 -0.856505 1.043838
0.258476 0.958907 3.930902 2.261124 5.045040 -0.467256 1.618833 -1.484602 0.165815 0.711892 -6.485578 0.079371 0.707367 -0.665593 0.151641 0.542373 5.337653 0.115042 -3.205967 14.114230 1.147090 -6.482939 -9.682318 3.407970 0.187074 11.005258 9.401415 -14.700477 -22.580566 74.274278 19.676272 57.174476 13.513102 1.310896 13.636001 -3.698485 0.971538 7.700003 -7.728508 11.543362 -17.753986 -73.245255 -38.360394 65.028941 -29.548035 -6.064357 12.905053 2.528597 -7.735816 -0.277263 -0.565953 1.293274 1.016113 -0.381434 -2.086727 -4.251111 -0.170742 -0.000136 -0.697537 2.354934 4.054564 0.652849 -0.176824 -1.903194 -0.417031 0.004292 2.003641 -4.208737 -0.759979 -0.005507 -0.848766 1.044153
0.258426 0.958871 3.931237 2.232799 5.097813 -0.474350 1.617101 -1.526530 0.173603 0.710791 -6.504186 0.082998 0.706249 -0.684199 0.155156 0.541814 5.323701 0.117708 -3.205897 14.142051 1.139212 -6.478138 -9.631249 3.391309 0.164255 10.997896 9.389398 -14.806211 -22.534030 74.288009 19.463829 57.187101 13.359176 1.306757 13.626384 -3.699675 0.985778 7.680932 -7.734118 11.553598 -17.719747 -73.231159 -38.028661 65.106716 -29.313805 -6.054221 12.915411 2.522086 -7.758541 -0.303271 -0.555344 1.316034 1.002908 -0.377503 -2.058797 -4.265583 -0.171139 -0.000043 -0.694792 2.352098 4.090636 0.644511 -0.164052 -1.912663 -0.454394 -0.004333 2.000738 -4.220180 -0.761007 -0.005453 -0.844116 1.043557
0.258397 0.958829 3.931586 2.200585 5.134604 -0.479475 1.613639 -1.559178 0.182088 0.708895 -6.518667 0.086897 0.704346 -0.698678 0.158863 0.540679 5.312845 0.120512 -3.200293 14.161665 1.126181 -6.461412 -9.596073 3.363365 0.148520 10.994916 9.377885 -14.865728 -22.508079 74.281991 19.250888 57.220895 13.203612 1.302034 13.627941 -3.691203 1.005009 7.669249 -7.742598 11.588367 -17.721945 -73.236639 -37.579198 65.175188 -28.990971 -6.040075 12.922458 2.536114 -7.732953 -0.322433 -0.546973 1.325873 1.008366 -0.379427 -2.063489 -4.288551 -0.167934 -0.000153 -0.697308 2.350253 4.103749 0.646019 -0.157466 -1.900642 -0.477227 -0.007612 2.004845 -4.238510 -0.761334 -0.005452 -0.843637 1.040993
0.258387 0.958785 3.931946 2.166711 5.159085 -0.483857 1.608604 -1.585506 0.191409 0.706266 -6.530338 0.091143 0.701719 -0.710345 0.162842 0.539022 5.304098 0.123517 -3.191007 14.178024 1.109371 -6.436498 -9.567393 3.327115 0.138382 10.994826 9.366152 -14.895146 -22.496300 74.262341 19.040716 57.257942 13.047124 1.295469 13.634018 -3.682414 1.026961 7.661640 -7.752411 11.635431 -17.746966 -73.257909 -37.021378 65.234020 -28.579756 -6.022730 12.928190 2.559956 -7.679452 -0.334656 -0.540565 1.326360 1.024981 -0.384543 -2.085739 -4.316344 -0.162368 -0.000375 -0.702937 2.349172 4.103775 0.654744 -0.154229 -1.875715 -0.488599 -0.008055 2.011795 -4.262134 -0.760907 -0.005494 -0.846247 1.037517
0.258399 0.958745 3.932304 2.135946 5.177832 -0.487900 1.600011 -1.608369 0.200903 0.702051 -6.540469 0.095440 0.697519 -0.720471 0.166712 0.536175 5.296506 0.126436 -3.173849 14.192132 1.094860 -6.397811 -9.543191 3.292306 0.131099 10.998251 9.354413 -14.917469 -22.493448 74.243900 18.857153 57.287014 12.902401 1.286264 13.638422 -3.681451 1.042019 7.658552 -7.758719 11.665872 -17.765568 -73.280812 -36.420289 65.254489 -28.116353 -6.003679 12.931982 2.587996 -7.628926 -0.343583 -0.536700 1.316853 1.045927 -0.389075 -2.098460 -4.344533 -0.156065 -0.000612 -0.709721 2.348453 4.100501 0.665984 -0.151446 -1.847081 -0.494619 -0.009761 2.015536 -4.286564 -0.760025 -0.005543 -0.849610 1.035380
0.258441 0.958712 3.932656 2.111171 5.191544 -0.492100 1.585675 -1.626537 0.211033 0.695260 -6.548514 0.099985 0.690761 -0.728508 0.170568 0.531409 5.290480 0.129340 -3.144129 14.200530 1.084422 -6.337410 -9.530033 3.260682 0.127847 11.007444 9.342831 -14.935859 -22.503499 74.230109 18.702429 57.306995 12.766748 1.272356 13.638730 -3.692192 1.044552 7.660920 -7.758849 11.663941 -17.766588 -73.307498 -35.740351 65.207480 -27.556259 -5.980778 12.933191 2.625423 -7.588050 -0.349299 -0.536601 1.289067 1.069792 -0.390599 -2.089588 -4.371664 -0.148994 -0.000855 -0.717785 2.347474 4.089767 0.679079 -0.147980 -1.809019 -0.496330 -0.014588 2.011195 -4.311337 -0.758320 -0.005579 -0.851933 1.035663
0.258504 0.958685 3.933006 2.089508 5.199523 -0.495949 1.567780 -1.641238 0.221330 0.686883 -6.555021 0.104578 0.682430 -0.735005 0.174311 0.525453 5.285609 0.132154 -3.106532 14.206692 1.076301 -6.263224 -9.521301 3.230522 0.127439 11.020155 9.331235 -14.947164 -22.522457 74.217584 18.574679 57.319125 12.643304 1.255840 13.637321 -3.710747 1.040176 7.667809 -7.755500 11.645375 -17.761250 -73.335850 -35.023952 65.120339 -26.951127 -5.956240 12.932403 2.667042 -7.550150 -0.351713 -0.539023 1.251291 1.097988 -0.391551 -2.071185 -4.399195 -0.141208 -0.001112 -0.727004 2.346859 4.075734 0.694690 -0.144969 -1.767253 -0.492688 -0.020682 2.003641 -4.336916 -0.756155 -0.005623 -0.855009 1.037285
0.258560 0.958663 3.933357 2.067090 5.206265 -0.498357 1.550899 -1.659028 0.229735 0.679037 -6.562907 0.108339 0.674624 -0.742881 0.177275 0.519831 5.279703 0.134384 -3.070942 14.222026 1.071277 -6.193511 -9.495219 3.206392 0.123607 11.030257 9.319338 -14.964917 -22.533116 74.210844 18.491850 57.315802 12.553747 1.242166 13.635194 -3.733588 1.036151 7.676865 -7.751891 11.628451 -17.753841 -73.345289 -34.449735 65.051924 -26.478171 -5.937955 12.931017 2.691624 -7.526086 -0.354192 -0.540830 1.227738 1.127921 -0.395467 -2.052355 -4.427069 -0.134472 -0.001314 -0.735048 2.348075 4.080676 0.710086 -0.142924 -1.748149 -0.486667 -0.026557 2.001424 -4.360198 -0.754922 -0.005710 -0.861884 1.039249
0.258597 0.958649 3.933713 2.042424 5.213222 -0.498298 1.536353 -1.683346 0.234879 0.672364 -6.573704 0.110670 0.667982 -0.753671 0.178929 0.514981 5.271610 0.135631 -3.039030 14.252706 1.070579 -6.131564 -9.440164 3.190884 0.112764 11.033252 9.307165 -14.994366 -22.526203 74.210263 18.465832 57.293811 12.511032 1.232964 13.632543 -3.764709 1.034958 7.687643 -7.749041 11.607231 -17.745765 -73.324490 -34.057735 65.024132 -26.185047 -5.929791 12.927934 2.685331 -7.527079 -0.359087 -0.540197 1.232462 1.161430 -0.405610 -2.034316 -4.456958 -0.129775 -0.001415 -0.740506 2.352729 4.126341 0.726367 -0.141569 -1.775180 -0.482702 -0.032861 2.008069 -4.377412 -0.755011 -0.005879 -0.875574 1.041463
0.258627 0.958640 3.934069 2.017005 5.218943 -0.496796 1.522822 -1.710758 0.238140 0.666222 -6.585883 0.112172 0.661865 -0.765842 0.179807 0.510465 5.262480 0.136296 -3.009133 14.292554 1.072975 -6.074131 -9.367783 3.181438 0.098510 11.033634 9.294693 -15.030255 -22.510978 74.215384 18.484799 57.256465 12.502384 1.226662 13.629196 -3.800098 1.034116 7.700589 -7.745933 11.587633 -17.735515 -73.284785 -33.803505 65.017992 -26.019628 -5.927800 12.924440 2.661960 -7.541909 -0.364045 -0.538937 1.251395 1.196668 -0.418724 -2.015852 -4.487192 -0.126129 -0.001462 -0.744789 2.359214 4.190978 0.742436 -0.141167 -1.824873 -0.476362 -0.038911 2.020054 -4.392329 -0.756044 -0.006091 -0.893063 1.044019
0.258661 0.958635 3.934414 1.991441 5.223564 -0.495844 1.510920 -1.737506 0.241589 0.660796 -6.597766 0.113760 0.656460 -0.777719 0.180845 0.506496 5.253572 0.137081 -2.986147 14.334430 1.075531 -6.029664 -9.291233 3.174859 0.085351 11.038755 9.281568 -15.070368 -22.498028 74.229475 18.531109 57.205960 12.510856 1.223858 13.625617 -3.824222 1.033443 7.714683 -7.742713 11.605713 -17.722991 -73.239514 -33.733657 65.033211 -26.003935 -5.928054 12.925562 2.641735 -7.547768 -0.365380 -0.539393 1.266567 1.225512 -0.428539 -2.002413 -4.512694 -0.122314 -0.001522 -0.749804 2.364181 4.231618 0.752264 -0.143046 -1.853176 -0.457315 -0.041248 2.035361 -4.413170 -0.758266 -0.006267 -0.908341 1.046191
0.258705 0.958634 3.934741 1.969373 5.227031 -0.494838 1.499315 -1.762232 0.245234 0.655494 -6.608749 0.115429 0.651180 -0.788696 0.181976 0.502627 5.245339 0.137935 -2.973679 14.377987 1.077367 -6.004613 -9.211017 3.170894 0.074394 11.052275 9.266163 -15.121855 -22.491290 74.259520 18.603732 57.136576 12.532409 1.226204 13.621774 -3.826161 1.030665 7.732081 -7.739950 11.693744 -17.712592 -73.191173 -33.935058 65.091892 -26.210221 -5.930958 12.937198 2.626450 -7.536351 -0.361295 -0.544670 1.271268 1.244584 -0.430973 -1.999158 -4.531032 -0.118063 -0.001648 -0.757208 2.366061 4.221278 0.749637 -0.150616 -1.837911 -0.414476 -0.035977 2.055489 -4.445333 -0.763012 -0.006360 -0.918568 1.047835
0.258753 0.958637 3.935057 1.947161 5.229398 -0.494380 1.489338 -1.786293 0.249062 0.650907 -6.619436 0.117183 0.646611 -0.799377 0.183264 0.499304 5.237328 0.138908 -2.968130 14.423567 1.079326 -5.992513 -9.126652 3.169702 0.064525 11.070536 9.250092 -15.177588 -22.486766 74.298561 18.703453 57.053983 12.570889 1.231937 13.617678 -3.816835 1.028056 7.750626 -7.737079 11.819422 -17.700013 -73.137154 -34.323040 65.171087 -26.568203 -5.936127 12.953410 2.614316 -7.515965 -0.353585 -0.551668 1.272221 1.257266 -0.430096 -2.000925 -4.544635 -0.113631 -0.001787 -0.765344 2.366423 4.186942 0.740752 -0.160461 -1.801238 -0.358925 -0.027026 2.078943 -4.483417 -0.768963 -0.006416 -0.926585 1.049095
0.258793 0.958635 3.935363 1.914500 5.230959 -0.498272 1.485582 -1.810000 0.255111 0.648991 -6.629954 0.119953 0.644695 -0.809893 0.185840 0.498071 5.229442 0.140854 -2.963587 14.465065 1.081056 -5.982438 -9.049817 3.168722 0.056915 11.089927 9.237870 -15.213941 -22.483191 74.329027 18.815471 56.977482 12.621205 1.236540 13.613874 -3.813483 1.032266 7.762835 -7.732518 11.921953 -17.672103 -73.083114 -34.683502 65.203750 -26.882798 -5.938346 12.961446 2.620212 -7.488728 -0.343955 -0.553431 1.271603 1.265566 -0.431865 -1.997682 -4.555716 -0.108588 -0.001852 -0.771144 2.366630 4.166583 0.738209 -0.163708 -1.765629 -0.313569 -0.022687 2.099223 -4.519440 -0.772374 -0.006492 -0.934908 1.049674
0.258813 0.958623 3.935665 1.863315 5.231977 -0.510966 1.491806 -1.833691 0.265451 0.651329 -6.640446 0.124681 0.647005 -0.820387 0.190806 0.500194 5.221576 0.144606 -2.960524 14.498209 1.082176 -5.975358 -8.988435 3.167669 0.051187 11.109541 9.231373 -15.220501 -22.480622 74.343272 18.938613 56.912016 12.684631 1.238462 13.610190 -3.823796 1.047134 7.764601 -7.725165 11.971868 -17.615205 -73.026274 -34.948679 65.149028 -27.081905 -5.934852 12.953108 2.657787 -7.449556 -0.331692 -0.543702 1.266608 1.267898 -0.439576 -1.983791 -4.563926 -0.102384 -0.001749 -0.771995 2.366741 4.179424 0.747546 -0.152376 -1.739557 -0.287900 -0.028802 2.113002 -4.551430 -0.770779 -0.006636 -0.945649 1.049142
0.258825 0.958606 3.935958 1.801680 5.232171 -0.528010 1.504242 -1.857022 0.278019 0.656333 -6.650766 0.130431 0.651963 -0.830713 0.197064 0.504405 5.213839 0.149335 -2.958462 14.527270 1.083081 -5.970297 -8.934585 3.166843 0.047710 11.130298 9.228734 -15.207680 -22.479049 74.348991 19.073941 56.852611 12.759708 1.239303 13.606841 -3.840087 1.068823 7.760034 -7.716085 11.998670 -17.542932 -72.969466 -35.182209 65.048570 -27.233634 -5.928398 12.936648 2.713405 -7.403524 -0.317514 -0.528740 1.260040 1.265846 -0.449929 -1.964890 -4.569616 -0.095575 -0.001571 -0.770510 2.366695 4.206248 0.763240 -0.134465 -1.714571 -0.272424 -0.039523 2.123602 -4.581362 -0.766628 -0.006801 -0.956696 1.047928
0.258856 0.958590 3.936227 1.743516 5.231033 -0.539844 1.516192 -1.879280 0.288662 0.661201 -6.660615 0.135315 0.656787 -0.840568 0.202442 0.508446 5.206454 0.153401 -2.950052 14.558959 1.084614 -5.953429 -8.876172 3.164628 0.048771 11.151332 9.228855 -15.183078 -22.477146 74.351628 19.210244 56.803746 12.837448 1.239329 13.604980 -3.856527 1.092459 7.753977 -7.706939 12.029984 -17.482993 -72.926740 -35.364681 64.960718 -27.350901 -5.921985 12.923969 2.761017 -7.367991 -0.305265 -0.520372 1.262483 1.266178 -0.458996 -1.947855 -4.576048 -0.089391 -0.001513 -0.771460 2.367681 4.227346 0.781319 -0.125086 -1.687767 -0.261556 -0.045610 2.134495 -4.607182 -0.763541 -0.006902 -0.964229 1.047020
0.258925 0.958577 3.936466 1.692590 5.227322 -0.540266 1.526018 -1.899621 0.294835 0.665312 -6.669628 0.138186 0.660860 -0.849586 0.205731 0.511761 5.199695 0.155891 -2.930086 14.597003 1.087286 -5.914992 -8.806535 3.159790 0.057323 11.172703 9.233020 -15.144276 -22.475322 74.348832 19.344518 56.769142 12.915348 1.237946 13.605751 -3.872575 1.119581 7.746285 -7.698245 12.080144 -17.446646 -72.904737 -35.490064 64.905455 -27.440072 -5.916507 12.920337 2.792487 -7.351568 -0.295476 -0.526161 1.281314 1.270501 -0.465813 -1.935275 -4.584103 -0.084225 -0.001711 -0.777933 2.370848 4.234379 0.803264 -0.134604 -1.655007 -0.256176 -0.040975 2.146415 -4.626395 -0.763478 -0.006879 -0.965292 1.046852
0.259012 0.958565 3.936680 1.645134 5.222300 -0.535473 1.535369 -1.918893 0.299077 0.669292 -6.678173 0.140188 0.664802 -0.858136 0.208137 0.514910 5.193286 0.157716 -2.903767 14.637683 1.090624 -5.864773 -8.732313 3.153657 0.070411 11.194358 9.239967 -15.093696 -22.473146 74.342968 19.479945 56.745104 12.996047 1.235729 13.608014 -3.888768 1.148653 7.737102 -7.689481 12.134793 -17.422628 -72.896768 -35.565751 64.863071 -27.496176 -5.911073 12.920448 2.815939 -7.345652 -0.287620 -0.538547 1.309157 1.277211 -0.471349 -1.924563 -4.592899 -0.079682 -0.002029 -0.786841 2.375047 4.235667 0.827573 -0.152664 -1.620417 -0.255409 -0.031706 2.158629 -4.641495 -0.764477 -0.006793 -0.962842 1.046990
0.259085 0.958552 3.936874 1.603767 5.219229 -0.534511 1.542472 -1.938924 0.304853 0.672211 -6.687051 0.142871 0.667691 -0.867017 0.211116 0.517313 5.186628 0.159972 -2.879359 14.676534 1.093989 -5.818268 -8.661368 3.148439 0.081464 11.215266 9.244778 -15.046210 -22.468050 74.346548 19.614673 56.725012 13.078390 1.234701 13.609458 -3.900895 1.170190 7.731698 -7.680760 12.178507 -17.404881 -72.896869 -35.593709 64.832336 -27.516326 -5.905943 12.920299 2.829708 -7.341780 -0.283940 -0.546667 1.334471 1.288268 -0.474577 -1.914829 -4.603047 -0.075817 -0.002259 -0.793690 2.378017 4.236484 0.845809 -0.163284 -1.593484 -0.251045 -0.026820 2.172405 -4.657906 -0.764279 -0.006749 -0.961933 1.047121
0.259123 0.958539 3.937054 1.568341 5.220135 -0.542532 1.546904 -1.961713 0.314058 0.673804 -6.697145 0.147086 0.669261 -0.877113 0.215493 0.518836 5.179061 0.163279 -2.859009 14.713216 1.097546 -5.779578 -8.594210 3.145271 0.088622 11.236365 9.244984 -15.006644 -22.458660 74.367265 19.742726 56.703929 13.156507 1.236116 13.609014 -3.905585 1.178858 7.733610 -7.671246 12.210193 -17.392923 -72.906760 -35.560910 64.815658 -27.489720 -5.900879 12.917667 2.829795 -7.338891 -0.286422 -0.544943 1.355057 1.305622 -0.474138 -1.904378 -4.614974 -0.072706 -0.002297 -0.796558 2.378239 4.236980 0.853325 -0.157367 -1.578160 -0.238369 -0.031827 2.191434 -4.678945 -0.761647 -0.006802 -0.965322 1.047291
0.259146 0.958525 3.937213 1.539002 5.222982 -0.554390 1.549080 -1.985262 0.324795 0.674333 -6.707573 0.151980 0.669774 -0.887541 0.220441 0.519611 5.171244 0.167015 -2.840570 14.748067 1.101121 -5.744587 -8.530339 3.142987 0.093748 11.256712 9.243046 -14.970189 -22.446375 74.397432 19.870152 56.686815 13.236366 1.238721 13.607718 -3.906219 1.179986 7.739298 -7.661801 12.230985 -17.387236 -72.924794 -35.480682 64.810675 -27.427407 -5.896091 12.914774 2.820198 -7.338044 -0.293069 -0.538945 1.373117 1.327326 -0.471389 -1.894903 -4.628252 -0.070273 -0.002245 -0.797367 2.377232 4.237016 0.854788 -0.143992 -1.570503 -0.222096 -0.041214 2.212023 -4.701297 -0.757821 -0.006898 -0.970253 1.047455
0.259175 0.958510 3.937340 1.518809 5.224926 -0.563684 1.548492 -2.005397 0.334836 0.673665 -6.716487 0.156540 0.669099 -0.896455 0.224933 0.519458 5.164563 0.170404 -2.825865 14.777644 1.103546 -5.716440 -8.476117 3.140280 0.095855 11.272448 9.241434 -14.937264 -22.432804 74.426474 20.013144 56.681824 13.334616 1.240790 13.606422 -3.908717 1.180087 7.743402 -7.655085 12.228801 -17.383234 -72.940009 -35.394385 64.808973 -27.359145 -5.892507 12.914278 2.811245 -7.333955 -0.300138 -0.534534 1.383705 1.349502 -0.469379 -1.890604 -4.642203 -0.068340 -0.002194 -0.797385 2.377288 4.241458 0.855744 -0.134427 -1.568149 -0.208147 -0.047451 2.224359 -4.720446 -0.754253 -0.006967 -0.973509 1.047160
0.259218 0.958495 3.937428 1.509744 5.224225 -0.567422 1.544689 -2.020386 0.342790 0.671654 -6.723124 0.160133 0.667093 -0.903090 0.228323 0.518221 5.159589 0.172959 -2.816920 14.801071 1.104348 -5.698792 -8.433088 3.137068 0.091689 11.279233 9.241316 -14.908786 -22.418334 74.451808 20.177152 56.694930 13.459261 1.241331 13.605013 -3.915726 1.180690 7.743159 -7.653217 12.187881 -17.379186 -72.944312 -35.307024 64.810177 -27.288519 -5.891207 12.918566 2.805136 -7.321537 -0.306811 -0.533868 1.382171 1.373135 -0.470270 -1.894359 -4.657889 -0.067091 -0.002177 -0.796991 2.379991 4.253248 0.858614 -0.133817 -1.570530 -0.198361 -0.046917 2.223290 -4.734405 -0.751817 -0.006989 -0.974204 1.046228
0.259267 0.958479 3.937485 1.509824 5.222628 -0.568595 1.538129 -2.031965 0.350038 0.668447 -6.728251 0.163387 0.663901 -0.908212 0.231251 0.516057 5.155748 0.175163 -2.811706 14.819220 1.103987 -5.687969 -8.399720 3.133391 0.084505 11.281405 9.241521 -14.883833 -22.402573 74.476005 20.357031 56.720000 13.602675 1.241331 13.603624 -3.924601 1.180276 7.741329 -7.654075 12.123989 -17.376836 -72.945847 -35.213566 64.814634 -27.211954 -5.891123 12.925245 2.799666 -7.305874 -0.313907 -0.534792 1.373163 1.397241 -0.471896 -1.903291 -4.674248 -0.066338 -0.002161 -0.795807 2.383757 4.269441 0.860971 -0.137016 -1.578208 -0.190895 -0.043226 2.213968 -4.745159 -0.749630 -0.006986 -0.973225 1.044836
0.259319 0.958463 3.937514 1.516166 5.222532 -0.569785 1.529673 -2.041165 0.358518 0.664348 -6.732317 0.167176 0.659825 -0.912273 0.234623 0.513264 5.152704 0.177699 -2.805970 14.831268 1.102699 -5.676129 -8.377751 3.128133 0.083077 11.288129 9.241016 -14.860046 -22.385962 74.496204 20.553028 56.747006 13.757977 1.242024 13.603498 -3.933319 1.180789 7.740844 -7.653947 12.072324 -17.376824 -72.957973 -35.140372 64.815100 -27.148491 -5.889951 12.929803 2.798558 -7.296936 -0.320148 -0.536703 1.365688 1.414985 -0.470810 -1.912959 -4.687408 -0.065340 -0.002135 -0.793961 2.386136 4.286067 0.861078 -0.139856 -1.590523 -0.186156 -0.039702 2.202042 -4.754154 -0.746511 -0.006955 -0.970015 1.043067
0.259378 0.958443 3.937512 1.531136 5.224322 -0.571706 1.517426 -2.046882 0.369721 0.658453 -6.734829 0.172153 0.653967 -0.914779 0.239002 0.509213 5.150826 0.180990 -2.798268 14.835487 1.099094 -5.660129 -8.370547 3.118244 0.093879 11.305354 9.238458 -14.833271 -22.369872 74.509110 20.780192 56.772722 13.932277 1.243478 13.606085 -3.940923 1.184023 7.742630 -7.651514 12.048157 -17.381757 -72.991056 -35.086442 64.810759 -27.094591 -5.885956 12.929328 2.805563 -7.300884 -0.323299 -0.540735 1.363716 1.421504 -0.464015 -1.923110 -4.695599 -0.063810 -0.002086 -0.790960 2.385800 4.301362 0.857744 -0.141530 -1.608927 -0.183387 -0.036814 2.188112 -4.762424 -0.741440 -0.006894 -0.964068 1.040472
0.259440 0.958423 3.937484 1.552367 5.227612 -0.573643 1.503285 -2.050221 0.382155 0.651667 -6.736282 0.177664 0.647225 -0.916224 0.243825 0.504532 5.149743 0.184611 -2.790036 14.833608 1.094563 -5.643096 -8.374738 3.106767 0.110429 11.327139 9.235198 -14.807646 -22.352939 74.518001 21.023538 56.800272 14.118451 1.245620 13.609934 -3.948361 1.188182 7.745762 -7.648095 12.036220 -17.389041 -73.034694 -35.052808 64.802473 -27.053787 -5.880865 12.926734 2.816931 -7.311557 -0.325592 -0.545751 1.363277 1.421660 -0.454509 -1.933996 -4.700592 -0.062040 -0.002028 -0.787299 2.384077 4.317089 0.852161 -0.142850 -1.631969 -0.183342 -0.034096 2.171577 -4.768934 -0.735440 -0.006806 -0.955890 1.037498
0.259487 0.958408 3.937445 1.569870 5.233650 -0.576025 1.493802 -2.055516 0.393282 0.647003 -6.738606 0.182618 0.642590 -0.918543 0.248305 0.501405 5.148006 0.187979 -2.781343 14.829999 1.093518 -5.626598 -8.381955 3.101741 0.122069 11.344814 9.234238 -14.793251 -22.331505 74.529886 21.238063 56.829331 14.288084 1.249480 13.611931 -3.956484 1.189814 7.750394 -7.643932 12.025877 -17.391529 -73.071081 -35.068894 64.785565 -27.055703 -5.877560 12.926254 2.825132 -7.320439 -0.332444 -0.547738 1.361469 1.423207 -0.447836 -1.941925 -4.703841 -0.060162 -0.001982 -0.784586 2.382496 4.334574 0.846156 -0.142082 -1.654635 -0.188690 -0.033474 2.156281 -4.772018 -0.730395 -0.006699 -0.946453 1.035566
0.259509 0.958403 3.937401 1.579480 5.244748 -0.579352 1.492052 -2.065426 0.401933 0.645876 -6.742983 0.186514 0.641465 -0.922918 0.252087 0.500858 5.144727 0.190829 -2.772300 14.824927 1.098905 -5.611946 -8.391530 3.108708 0.124169 11.354602 9.238250 -14.799540 -22.302696 74.546390 21.420117 56.862221 14.443020 1.256243 13.610356 -3.965121 1.187211 7.757611 -7.638399 12.012498 -17.385215 -73.091290 -35.154098 64.748210 -27.117802 -5.876507 12.921186 2.821568 -7.322857 -0.348375 -0.543783 1.355512 1.430068 -0.447055 -1.945134 -4.705590 -0.058147 -0.001962 -0.783836 2.381686 4.356094 0.839565 -0.137183 -1.676532 -0.202599 -0.037123 2.143396 -4.769888 -0.727255 -0.006568 -0.935589 1.035801
0.259518 0.958404 3.937347 1.585362 5.258592 -0.583125 1.494960 -2.077294 0.409274 0.646871 -6.748230 0.189852 0.642447 -0.928167 0.255525 0.501866 5.140794 0.193423 -2.762797 14.818119 1.107775 -5.597835 -8.404145 3.122123 0.121367 11.360269 9.244560 -14.817059 -22.269390 74.565885 21.573303 56.896794 14.581427 1.264729 13.606934 -3.974459 1.182081 7.766322 -7.632122 12.000697 -17.374088 -73.104248 -35.288571 64.702133 -27.222158 -5.877238 12.918218 2.814840 -7.323487 -0.368868 -0.536801 1.348187 1.438321 -0.449107 -1.945387 -4.705594 -0.056026 -0.001955 -0.784035 2.381018 4.379372 0.832549 -0.130200 -1.698051 -0.221903 -0.042867 2.131752 -4.764333 -0.725073 -0.006416 -0.923464 1.037076
0.259528 0.958404 3.937287 1.590013 5.269484 -0.586283 1.499848 -2.087473 0.416270 0.648760 -6.752727 0.193038 0.644316 -0.932665 0.258904 0.503534 5.137423 0.195974 -2.752570 14.813144 1.115707 -5.581919 -8.413454 3.133403 0.116905 11.364449 9.248148 -14.827532 -22.236553 74.590514 21.663253 56.926276 14.669157 1.272428 13.603718 -3.985888 1.176102 7.773411 -7.627219 11.993704 -17.363001 -73.118931 -35.443240 64.678003 -27.345713 -5.881269 12.941690 2.823165 -7.327840 -0.385783 -0.531514 1.344932 1.443959 -0.450353 -1.944285 -4.704571 -0.054020 -0.001944 -0.783748 2.380145 4.398901 0.827426 -0.125521 -1.715356 -0.239763 -0.046098 2.121685 -4.759054 -0.722887 -0.006262 -0.911548 1.037438
0.259546 0.958403 3.937218 1.593464 5.274386 -0.588417 1.506902 -2.093931 0.422882 0.651623 -6.755568 0.196050 0.647157 -0.935509 0.262207 0.505924 5.135294 0.198467 -2.740856 14.811187 1.121356 -5.562206 -8.417377 3.139678 0.109785 11.365923 9.245733 -14.823186 -22.204359 74.626218 21.660411 56.946624 14.679843 1.278713 13.601164 -4.002975 1.168710 7.776375 -7.624654 11.995772 -17.353216 -73.136920 -35.631614 64.692564 -27.500617 -5.892408 13.011769 2.860941 -7.340770 -0.395058 -0.530027 1.350383 1.444587 -0.449319 -1.941153 -4.701773 -0.051969 -0.001919 -0.782573 2.378663 4.413140 0.826307 -0.125631 -1.725757 -0.254385 -0.043795 2.112848 -4.754880 -0.720480 -0.006097 -0.899683 1.035799
0.259567 0.958401 3.937142 1.595685 5.276336 -0.589936 1.515936 -2.098700 0.429150 0.655379 -6.757657 0.198912 0.650885 -0.937604 0.265450 0.508975 5.133728 0.200917 -2.728416 14.811063 1.126069 -5.540687 -8.417991 3.143822 0.101009 11.365912 9.240595 -14.811785 -22.172648 74.667075 21.594024 56.961946 14.639524 1.284212 13.598804 -4.022142 1.160469 7.777717 -7.623465 12.002650 -17.343458 -73.156626 -35.841165 64.728899 -27.675740 -5.906745 13.108360 2.913680 -7.357421 -0.400754 -0.530233 1.359904 1.442599 -0.447477 -1.936668 -4.697949 -0.050034 -0.001890 -0.780913 2.376975 4.423629 0.827086 -0.128037 -1.731948 -0.267563 -0.038981 2.105587 -4.750984 -0.718068 -0.005932 -0.888027 1.033247
0.259586 0.958394 3.937065 1.599088 5.278747 -0.591011 1.523722 -2.104239 0.436157 0.658551 -6.760088 0.202102 0.654032 -0.940038 0.268961 0.511611 5.131906 0.203568 -2.717261 14.812790 1.129460 -5.520985 -8.415179 3.145873 0.096820 11.370714 9.237562 -14.798363 -22.145878 74.697450 21.517877 56.977786 14.592595 1.288287 13.597295 -4.034060 1.154749 7.781826 -7.622884 12.004820 -17.334781 -73.182280 -36.003784 64.767498 -27.813121 -5.914320 13.195378 2.956301 -7.368735 -0.406916 -0.530533 1.365030 1.441167 -0.445612 -1.934460 -4.696055 -0.048913 -0.001862 -0.778549 2.375941 4.429472 0.825767 -0.129652 -1.738170 -0.277846 -0.036113 2.101288 -4.748580 -0.715339 -0.005810 -0.878520 1.031083
0.259600 0.958377 3.936991 1.604071 5.283139 -0.591762 1.529562 -2.111745 0.444482 0.660807 -6.763389 0.205879 0.656268 -0.943342 0.272968 0.513603 5.129432 0.206591 -2.708510 14.816688 1.131418 -5.505137 -8.408295 3.146024 0.101503 11.385469 9.239682 -14.782246 -22.127244 74.708854 21.448871 56.994634 14.553274 1.290350 13.596748 -4.033972 1.153353 7.791439 -7.621879 12.000363 -17.327853 -73.218708 -36.096294 64.806908 -27.892343 -5.908285 13.263703 2.980650 -7.367095 -0.414977 -0.529933 1.360045 1.441106 -0.444362 -1.937191 -4.697825 -0.049234 -0.001844 -0.775198 2.376243 4.425461 0.819892 -0.128731 -1.743100 -0.283111 -0.037832 2.102783 -4.749444 -0.712096 -0.005764 -0.872555 1.029987
0.259612 0.958355 3.936916 1.610236 5.287991 -0.592068 1.534154 -2.120021 0.453544 0.662479 -6.767032 0.209983 0.657924 -0.946986 0.277242 0.515180 5.126703 0.209815 -2.701047 14.822440 1.132057 -5.491109 -8.397980 3.144088 0.110769 11.405039 9.243920 -14.764124 -22.113531 74.709773 21.370107 57.011994 14.507355 1.290999 13.597039 -4.026630 1.154474 7.803823 -7.621477 11.991200 -17.322012 -73.261091 -36.141452 64.848848 -27.933397 -5.895560 13.322388 2.994959 -7.360118 -0.423505 -0.529431 1.350665 1.441602 -0.443090 -1.942200 -4.701526 -0.050370 -0.001827 -0.771142 2.377199 4.416804 0.811918 -0.127019 -1.748059 -0.285481 -0.041497 2.107238 -4.751800 -0.708535 -0.005761 -0.868740 1.029279
0.259628 0.958338 3.936837 1.618794 5.292161 -0.591730 1.536357 -2.127935 0.462689 0.663088 -6.770515 0.214112 0.658524 -0.950470 0.281433 0.515959 5.124094 0.212974 -2.693532 14.829110 1.131333 -5.476429 -8.386042 3.139532 0.117999 11.420313 9.245968 -14.751085 -22.099568 74.710028 21.284669 57.034043 14.456585 1.291376 13.598472 -4.016964 1.156057 7.815157 -7.623997 11.973582 -17.316323 -73.299203 -36.139285 64.878762 -27.938140 -5.886981 13.362554 2.998764 -7.361603 -0.432253 -0.530422 1.345576 1.443383 -0.440671 -1.945138 -4.704916 -0.051140 -0.001789 -0.767008 2.377632 4.418240 0.805222 -0.126670 -1.761247 -0.289874 -0.043632 2.107538 -4.751533 -0.704935 -0.005745 -0.864834 1.028219
0.259656 0.958329 3.936753 1.630299 5.294911 -0.590555 1.535833 -2.135065 0.472030 0.662478 -6.773652 0.218314 0.657914 -0.953607 0.285573 0.515827 5.121744 0.216092 -2.685783 14.836958 1.128553 -5.460475 -8.372048 3.130972 0.120968 11.427403 9.243773 -14.742078 -22.083178 74.711982 21.187445 57.062555 14.397156 1.292134 13.601500 -4.006425 1.158139 7.823344 -7.631571 11.935087 -17.311277 -73.328535 -36.058867 64.884378 -27.882781 -5.887537 13.378259 2.987955 -7.380809 -0.441124 -0.534522 1.351024 1.446993 -0.435456 -1.943085 -4.707245 -0.051069 -0.001722 -0.763026 2.376777 4.439347 0.801423 -0.128732 -1.789947 -0.298265 -0.042987 2.100765 -4.746930 -0.700933 -0.005694 -0.860054 1.026354
0.259688 0.958326 3.936665 1.644197 5.296978 -0.588736 1.532922 -2.141833 0.481453 0.660804 -6.776630 0.222540 0.656248 -0.956583 0.289629 0.514895 5.119515 0.219146 -2.677984 14.845726 1.124411 -5.443872 -8.356426 3.119795 0.121904 11.430197 9.239378 -14.738154 -22.066542 74.713271 21.083431 57.095737 14.332742 1.292617 13.605676 -3.993566 1.160686 7.830485 -7.642070 11.888141 -17.306405 -73.353608 -35.931059 64.877870 -27.791033 -5.892269 13.375446 2.966651 -7.408475 -0.450216 -0.540107 1.360763 1.451887 -0.429092 -1.938960 -4.709263 -0.050631 -0.001634 -0.758966 2.375398 4.470547 0.798906 -0.132161 -1.826877 -0.308676 -0.040815 2.089837 -4.739704 -0.696895 -0.005631 -0.855185 1.024136
0.259712 0.958326 3.936578 1.660040 5.299432 -0.586654 1.527501 -2.148374 0.489968 0.658055 -6.779513 0.226347 0.653513 -0.959463 0.293157 0.513121 5.117356 0.221800 -2.669352 14.853700 1.120947 -5.426006 -8.342278 3.109622 0.120876 11.431251 9.234608 -14.749538 -22.051040 74.716631 20.990871 57.132477 14.276282 1.291990 13.609957 -3.978969 1.161538 7.839055 -7.651419 11.866259 -17.299321 -73.377730 -35.848393 64.881499 -27.735823 -5.897090 13.363070 2.946722 -7.430617 -0.459573 -0.543708 1.364730 1.457165 -0.425397 -1.937179 -4.710985 -0.050075 -0.001528 -0.754760 2.374610 4.497842 0.796187 -0.135980 -1.858387 -0.320097 -0.037406 2.076402 -4.730876 -0.694192 -0.005563 -0.850341 1.022185
0.259724 0.958330 3.936492 1.679459 5.303042 -0.584278 1.518103 -2.155304 0.497111 0.653596 -6.782579 0.229523 0.649081 -0.962523 0.295880 0.510010 5.115061 0.223846 -2.659458 14.860863 1.118931 -5.406365 -8.329618 3.101732 0.116489 11.429706 9.229729 -14.786948 -22.036600 74.724874 20.919454 57.176230 14.235888 1.289357 13.614583 -3.959770 1.158844 7.850264 -7.657414 11.894247 -17.288059 -73.404802 -35.867549 64.914248 -27.763371 -5.900782 13.345220 2.930953 -7.441432 -0.469499 -0.543242 1.356961 1.462807 -0.427164 -1.939968 -4.712486 -0.049193 -0.001383 -0.750002 2.375176 4.516930 0.792743 -0.140467 -1.879264 -0.333277 -0.031847 2.058794 -4.719754 -0.693726 -0.005489 -0.845424 1.020718
0.259728 0.958338 3.936405 1.700823 5.307038 -0.581638 1.506197 -2.162005 0.503345 0.648060 -6.785549 0.232280 0.643580 -0.965486 0.298075 0.506057 5.112837 0.225491 -2.648730 14.867230 1.117592 -5.385457 -8.318435 3.094841 0.110139 11.426416 9.224474 -14.839652 -22.023298 74.735154 20.859511 57.223620 14.203405 1.285602 13.619323 -3.938839 1.154453 7.862896 -7.662265 11.947282 -17.274533 -73.430898 -35.931963 64.957222 -27.827565 -5.904571 13.317806 2.916559 -7.446723 -0.479690 -0.540796 1.343418 1.468834 -0.431601 -1.945099 -4.713690 -0.048193 -0.001221 -0.745098 2.376333 4.532113 0.789098 -0.145345 -1.894723 -0.347470 -0.025055 2.038678 -4.707031 -0.694598 -0.005411 -0.840533 1.019519
0.259725 0.958345 3.936318 1.718800 5.310187 -0.579206 1.496066 -2.166763 0.509070 0.643333 -6.787655 0.234810 0.638883 -0.967587 0.300125 0.502694 5.111261 0.227029 -2.637666 14.871142 1.116659 -5.364196 -8.311801 3.088720 0.106075 11.426512 9.219868 -14.885703 -22.012746 74.741743 20.800326 57.263294 14.167470 1.282570 13.622405 -3.925350 1.151752 7.875786 -7.668514 11.984435 -17.262192 -73.447583 -35.963642 64.976070 -27.862183 -5.908036 13.277509 2.907052 -7.449917 -0.489271 -0.539161 1.331930 1.474403 -0.434148 -1.950302 -4.714376 -0.047944 -0.001100 -0.741208 2.376898 4.542310 0.785342 -0.148800 -1.906754 -0.359433 -0.020056 2.022697 -4.695804 -0.695477 -0.005343 -0.836071 1.018562
0.259714 0.958349 3.936230 1.731115 5.311734 -0.577181 1.489307 -2.168629 0.514542 0.640111 -6.788473 0.237233 0.635682 -0.968402 0.302222 0.500457 5.110650 0.228602 -2.625699 14.871844 1.116125 -5.341548 -8.311143 3.083181 0.106344 11.433695 9.216090 -14.916899 -22.006250 74.742864 20.739476 57.289069 14.123440 1.280988 13.622102 -3.925941 1.152375 7.889427 -7.677432 11.984350 -17.251129 -73.448238 -35.923969 64.943571 -27.833292 -5.911302 13.212487 2.906652 -7.449137 -0.497781 -0.539861 1.323953 1.479454 -0.432406 -1.955854 -4.714282 -0.048966 -0.001067 -0.739425 2.376365 4.545265 0.782145 -0.149743 -1.915273 -0.368493 -0.018608 2.014222 -4.687053 -0.695899 -0.005290 -0.832092 1.018155
0.259697 0.958351 3.936140 1.740043 5.312435 -0.575365 1.484324 -2.168551 0.519505 0.637697 -6.788427 0.239430 0.633284 -0.968353 0.304173 0.498811 5.110687 0.230068 -2.613395 14.870091 1.115994 -5.318541 -8.315035 3.078401 0.108895 11.444265 9.212960 -14.941453 -22.002504 74.740325 20.679485 57.307107 14.076093 1.280142 13.620118 -3.933964 1.154687 7.903329 -7.687746 11.968397 -17.241278 -73.439495 -35.851713 64.886927 -27.774994 -5.914281 13.134582 2.911116 -7.446260 -0.505681 -0.541371 1.318030 1.484048 -0.428772 -1.961476 -4.713671 -0.050741 -0.001076 -0.738654 2.375240 4.543234 0.778833 -0.149260 -1.920362 -0.375320 -0.018948 2.009883 -4.679798 -0.696324 -0.005247 -0.828543 1.017991
0.259670 0.958352 3.936049 1.747078 5.313324 -0.573631 1.480612 -2.167654 0.523584 0.635882 -6.788019 0.241235 0.631482 -0.967943 0.305794 0.497586 5.110995 0.231284 -2.602959 14.866477 1.116008 -5.299177 -8.322272 3.074696 0.111826 11.452247 9.210967 -14.962044 -21.999200 74.733794 20.617032 57.324547 14.028198 1.279720 13.619825 -3.938667 1.157170 7.914850 -7.698179 11.959738 -17.235883 -73.432816 -35.784121 64.853517 -27.722268 -5.916187 13.076006 2.911266 -7.450341 -0.513483 -0.541898 1.317617 1.487526 -0.425881 -1.964066 -4.713114 -0.052578 -0.001055 -0.736772 2.373860 4.541906 0.773480 -0.148802 -1.924250 -0.378681 -0.018815 2.006211 -4.674198 -0.696802 -0.005213 -0.825668 1.017120
0.259632 0.958352 3.935953 1.752277 5.315050 -0.572206 1.478619 -2.166151 0.526678 0.634871 -6.787343 0.242604 0.630478 -0.967266 0.307061 0.496931 5.111503 0.232236 -2.595119 14.860961 1.116560 -5.284967 -8.332875 3.073075 0.115071 11.455856 9.210412 -14.980725 -21.995745 74.721444 20.555711 57.345255 13.985021 1.279022 13.624342 -3.932175 1.159350 7.922812 -7.708022 11.971383 -17.238013 -73.433388 -35.745930 64.870856 -27.698777 -5.917116 13.054281 2.899859 -7.468171 -0.521928 -0.540445 1.326329 1.489942 -0.424620 -1.960946 -4.713116 -0.054061 -0.000958 -0.732419 2.372042 4.544664 0.764614 -0.148487 -1.927368 -0.377329 -0.017662 2.000843 -4.670829 -0.697235 -0.005189 -0.823590 1.015117
0.259586 0.958351 3.935856 1.755585 5.316965 -0.570863 1.477897 -2.163830 0.528887 0.634459 -6.786304 0.243582 0.630070 -0.966227 0.307996 0.496697 5.112283 0.232939 -2.589146 14.853584 1.117256 -5.274398 -8.346830 3.072527 0.118700 11.456875 9.210993 -14.995446 -21.992734 74.705101 20.491928 57.365372 13.941302 1.278744 13.630568 -3.922370 1.161704 7.928393 -7.717985 11.990321 -17.244599 -73.436031 -35.711970 64.911468 -27.680392 -5.916932 13.051895 2.884156 -7.492960 -0.530276 -0.538004 1.340551 1.491243 -0.424100 -1.954793 -4.713171 -0.055606 -0.000832 -0.726955 2.369968 4.548126 0.753707 -0.148197 -1.929287 -0.372510 -0.016034 1.996142 -4.669115 -0.697721 -0.005174 -0.822186 1.012408
0.259535 0.958350 3.935761 1.758327 5.318162 -0.568787 1.476604 -2.161176 0.530142 0.633832 -6.785122 0.244128 0.629449 -0.965044 0.308479 0.496268 5.113170 0.233301 -2.585069 14.845066 1.116665 -5.266948 -8.362874 3.070341 0.121023 11.454675 9.212301 -15.002726 -21.989638 74.689903 20.411547 57.380434 13.883981 1.280653 13.632540 -3.922138 1.164144 7.932487 -7.728919 12.000680 -17.249675 -73.436640 -35.644056 64.940267 -27.629845 -5.914469 13.048498 2.876733 -7.513398 -0.536822 -0.535763 1.352894 1.490608 -0.424294 -1.950532 -4.712338 -0.057776 -0.000738 -0.722328 2.368526 4.547830 0.743247 -0.149029 -1.930946 -0.366729 -0.013316 1.995724 -4.667487 -0.698611 -0.005162 -0.821332 1.009324
0.259481 0.958349 3.935671 1.759839 5.317788 -0.565540 1.474403 -2.158381 0.530259 0.632848 -6.783882 0.244161 0.628473 -0.963802 0.308412 0.495530 5.114100 0.233248 -2.581507 14.836576 1.113111 -5.259343 -8.379006 3.062799 0.121613 11.447302 9.213790 -14.998108 -21.985298 74.676679 20.302123 57.388808 13.804383 1.287139 13.628301 -3.931279 1.166258 7.934859 -7.741398 11.993075 -17.249877 -73.432746 -35.512476 64.939408 -27.518947 -5.907955 13.035581 2.886273 -7.524016 -0.540194 -0.534148 1.360577 1.487029 -0.425652 -1.950054 -4.709875 -0.061091 -0.000718 -0.719642 2.368464 4.541335 0.734827 -0.152155 -1.932982 -0.360905 -0.008264 2.003381 -4.665609 -0.700239 -0.005146 -0.820706 1.005712
0.259423 0.958348 3.935584 1.760786 5.316697 -0.561560 1.471629 -2.155253 0.529420 0.631648 -6.782498 0.243762 0.627283 -0.962417 0.307891 0.494596 5.115139 0.232853 -2.579839 14.826945 1.108272 -5.254854 -8.397228 3.053623 0.120898 11.436710 9.216007 -14.986046 -21.980867 74.664597 20.176147 57.392041 13.711244 1.295823 13.619782 -3.949974 1.168458 7.935743 -7.754848 11.976888 -17.248567 -73.426808 -35.347204 64.926546 -27.376175 -5.899180 13.021626 2.904081 -7.530283 -0.541766 -0.532738 1.366381 1.481513 -0.427724 -1.951468 -4.706525 -0.065031 -0.000732 -0.717793 2.369032 4.531084 0.726854 -0.156400 -1.934758 -0.354117 -0.002123 2.015321 -4.663815 -0.702270 -0.005133 -0.820629 1.001725
0.259362 0.958348 3.935499 1.764490 5.316542 -0.557342 1.467448 -2.151704 0.528101 0.629844 -6.780930 0.243140 0.625493 -0.960847 0.307086 0.493190 5.116315 0.232243 -2.584232 14.813392 1.105743 -5.262778 -8.422292 3.051268 0.118466 11.428125 9.220175 -14.976415 -21.979291 74.656299 20.056904 57.390451 13.617622 1.301326 13.606815 -3.991663 1.171888 7.936728 -7.768408 11.964399 -17.249873 -73.422107 -35.199342 64.919945 -27.249013 -5.892302 13.011771 2.916665 -7.537291 -0.543950 -0.531462 1.371265 1.476265 -0.429129 -1.954030 -4.703569 -0.068610 -0.000720 -0.715431 2.368872 4.519945 0.717031 -0.159341 -1.935301 -0.346111 0.001985 2.023787 -4.661544 -0.704051 -0.005139 -0.821944 0.998161
0.259297 0.958352 3.935414 1.772845 5.318832 -0.552590 1.460924 -2.147717 0.525981 0.627032 -6.779172 0.242148 0.622702 -0.959086 0.305808 0.490995 5.117633 0.231275 -2.598975 14.792751 1.108174 -5.292313 -8.459704 3.062491 0.113761 11.423692 9.227550 -14.970664 -21.983053 74.654981 19.940519 57.382675 13.516122 1.300829 13.586617 -4.072362 1.177578 7.937979 -7.782148 11.962764 -17.256350 -73.418611 -35.093496 64.930209 -27.160111 -5.889545 13.009656 2.916480 -7.548823 -0.548269 -0.530897 1.376936 1.471478 -0.428650 -1.957550 -4.701300 -0.071457 -0.000655 -0.711805 2.367070 4.506619 0.703301 -0.159645 -1.932175 -0.336578 0.001446 2.025214 -4.657986 -0.705226 -0.005179 -0.825607 0.995733
0.259228 0.958357 3.935331 1.783957 5.322056 -0.547600 1.452992 -2.143310 0.523380 0.623614 -6.777231 0.240933 0.619311 -0.957142 0.304246 0.488328 5.119088 0.230092 -2.619776 14.768190 1.112932 -5.334280 -8.503943 3.080585 0.107342 11.421268 9.236876 -14.967344 -21.989671 74.657445 19.830972 57.370071 13.414224 1.297265 13.561884 -4.176017 1.184496 7.939333 -7.795999 11.964825 -17.265447 -73.416356 -35.004781 64.946869 -27.086526 -5.888662 13.011662 2.911085 -7.561096 -0.553202 -0.530466 1.381687 1.466959 -0.427504 -1.962217 -4.699427 -0.073942 -0.000565 -0.707665 2.364540 4.492405 0.687722 -0.158644 -1.927817 -0.325828 -0.001123 2.023168 -4.653953 -0.706152 -0.005238 -0.830660 0.993726
0.259162 0.958360 3.935253 1.795467 5.323341 -0.543760 1.445630 -2.138451 0.521734 0.620410 -6.775086 0.240146 0.616131 -0.954993 0.303134 0.485855 5.120698 0.229248 -2.637927 14.746427 1.115680 -5.370399 -8.543234 3.093778 0.100475 11.419647 9.245609 -14.971990 -21.994650 74.656739 19.763239 57.357184 13.347207 1.293810 13.540738 -4.267994 1.190691 7.941883 -7.808884 11.961376 -17.273643 -73.418718 -34.909806 64.956694 -27.007096 -5.887088 13.012059 2.909641 -7.567858 -0.556602 -0.528364 1.381359 1.464329 -0.427970 -1.967854 -4.698354 -0.076186 -0.000483 -0.703908 2.362661 4.484069 0.674178 -0.157918 -1.928570 -0.314537 -0.001001 2.020593 -4.651315 -0.707237 -0.005288 -0.835075 0.990797
0.259101 0.958361 3.935179 1.808093 5.321306 -0.541695 1.439255 -2.132322 0.521956 0.617567 -6.772368 0.240196 0.613310 -0.952272 0.302895 0.483719 5.122737 0.229061 -2.652452 14.728621 1.113538 -5.397684 -8.575642 3.096231 0.092687 11.417769 9.252560 -14.990246 -21.996159 74.649735 19.758990 57.343970 13.334266 1.290738 13.525151 -4.341469 1.195804 7.945235 -7.820641 11.944866 -17.279916 -73.428489 -34.783678 64.951248 -26.899094 -5.883088 13.007814 2.918359 -7.563727 -0.557810 -0.523334 1.370544 1.465049 -0.431831 -1.975267 -4.698448 -0.078120 -0.000422 -0.700970 2.362396 4.487090 0.663829 -0.158837 -1.940235 -0.302388 0.005135 2.017725 -4.651196 -0.708719 -0.005303 -0.837143 0.986025
0.259041 0.958361 3.935110 1.821115 5.317332 -0.540783 1.433450 -2.125740 0.523132 0.614938 -6.769446 0.240674 0.610702 -0.949346 0.303106 0.481777 5.124930 0.229214 -2.664327 14.713607 1.109376 -5.419105 -8.603119 3.093751 0.084450 11.416692 9.258916 -15.016473 -21.996040 74.639565 19.796456 57.330574 13.356133 1.287708 13.513245 -4.403307 1.200195 7.949785 -7.831431 11.922842 -17.285287 -73.442867 -34.651534 64.938889 -26.785489 -5.878410 13.001949 2.931025 -7.554087 -0.557488 -0.516633 1.354650 1.467656 -0.437304 -1.983648 -4.699342 -0.079812 -0.000368 -0.698414 2.362781 4.495990 0.655516 -0.160035 -1.957009 -0.289699 0.013958 2.014329 -4.652473 -0.710361 -0.005308 -0.838572 0.980330
0.258976 0.958360 3.935058 1.830018 5.312686 -0.540546 1.428933 -2.121129 0.523958 0.612896 -6.767399 0.241008 0.608676 -0.947297 0.303233 0.480266 5.126466 0.229304 -2.667779 14.704620 1.107471 -5.425296 -8.619721 3.091981 0.078442 11.418383 9.265696 -15.039283 -21.995298 74.628663 19.845392 57.321889 13.390344 1.286839 13.507431 -4.439451 1.202991 7.957815 -7.840660 11.908761 -17.289294 -73.456845 -34.564910 64.931664 -26.713559 -5.875700 12.997816 2.938165 -7.548824 -0.555473 -0.510232 1.345738 1.469387 -0.441311 -1.990399 -4.700342 -0.081582 -0.000309 -0.695830 2.362307 4.501098 0.649635 -0.158989 -1.967827 -0.278098 0.020210 2.012641 -4.653644 -0.711856 -0.005349 -0.842455 0.975128
0.258900 0.958358 3.935032 1.832645 5.308874 -0.541365 1.426052 -2.121177 0.523847 0.611621 -6.767423 0.240945 0.607410 -0.947321 0.303040 0.479302 5.126448 0.229157 -2.658633 14.705262 1.110552 -5.409288 -8.618829 3.094258 0.075673 11.425308 9.274316 -15.056171 -21.993830 74.615947 19.906231 57.322308 13.439478 1.290323 13.510566 -4.437752 1.201310 7.974099 -7.847050 11.911358 -17.291947 -73.469204 -34.552849 64.936037 -26.710191 -5.876281 12.997211 2.934352 -7.554319 -0.551674 -0.504533 1.351243 1.467956 -0.441919 -1.994270 -4.700861 -0.083658 -0.000240 -0.693106 2.360032 4.497990 0.646157 -0.153517 -1.968236 -0.269138 0.020929 2.014409 -4.654207 -0.713237 -0.005451 -0.850277 0.971318
0.258818 0.958355 3.935022 1.831153 5.304391 -0.542859 1.424459 -2.123194 0.523384 0.610934 -6.768323 0.240737 0.606727 -0.948220 0.302763 0.478768 5.125773 0.228948 -2.641065 14.711930 1.115889 -5.378051 -8.607064 3.097243 0.075132 11.435003 9.283356 -15.069639 -21.991735 74.602492 19.978577 57.327408 13.500985 1.295919 13.519788 -4.410368 1.198038 7.993862 -7.851881 11.921901 -17.293233 -73.481173 -34.586198 64.945667 -26.748396 -5.878822 12.998340 2.925015 -7.564192 -0.546179 -0.499138 1.363731 1.465651 -0.441061 -1.996511 -4.701486 -0.085812 -0.000166 -0.690354 2.356896 4.491089 0.645113 -0.145798 -1.962691 -0.261266 0.019080 2.017884 -4.654663 -0.714471 -0.005589 -0.860554 0.968001
0.258739 0.958353 3.935008 1.827491 5.295978 -0.543414 1.423835 -2.121541 0.523025 0.610671 -6.767591 0.240568 0.606466 -0.947487 0.302567 0.478557 5.126322 0.228800 -2.621828 14.717053 1.119558 -5.343130 -8.598345 3.096557 0.076475 11.442042 9.289580 -15.075802 -21.990310 74.593968 20.030938 57.328933 13.544673 1.299077 13.528925 -4.379706 1.200952 8.005058 -7.858387 11.927649 -17.292652 -73.491415 -34.628991 64.953481 -26.794440 -5.881976 12.999183 2.916962 -7.569195 -0.539091 -0.494822 1.372953 1.466569 -0.441458 -1.998272 -4.703293 -0.087676 -0.000092 -0.687495 2.354215 4.484003 0.646985 -0.139850 -1.953486 -0.251443 0.018307 2.020057 -4.655018 -0.715158 -0.005731 -0.871934 0.963904
0.258669 0.958355 3.934983 1.821434 5.280687 -0.541830 1.423541 -2.112494 0.523290 0.610523 -6.763569 0.240656 0.606324 -0.943465 0.302640 0.478454 5.129338 0.228851 -2.603875 14.715798 1.119777 -5.309618 -8.601585 3.090238 0.082067 11.442887 9.290056 -15.072306 -21.990264 74.594471 20.044818 57.324205 13.553030 1.297308 13.535332 -4.352508 1.217942 7.998966 -7.870328 11.920977 -17.288750 -73.495288 -34.677316 64.957420 -26.845773 -5.886132 12.999112 2.911393 -7.564960 -0.529627 -0.492494 1.374600 1.473543 -0.444803 -1.999543 -4.707035 -0.088992 -0.000021 -0.684667 2.352783 4.479485 0.654231 -0.137934 -1.940818 -0.239207 0.020204 2.018584 -4.655096 -0.715229 -0.005843 -0.882525 0.958647
0.258602 0.958357 3.934955 1.813206 5.261467 -0.539305 1.424216 -2.099776 0.523656 0.610799 -6.757915 0.240781 0.606604 -0.937811 0.302793 0.478672 5.133579 0.228964 -2.584254 14.713000 1.118320 -5.272421 -8.607862 3.080229 0.089541 11.441075 9.287715 -15.061502 -21.990883 74.599902 20.038700 57.315946 13.543547 1.293101 13.541664 -4.322035 1.241120 7.984313 -7.883948 11.909513 -17.282978 -73.497433 -34.735072 64.959526 -26.904935 -5.890901 12.998755 2.907108 -7.555856 -0.518571 -0.491241 1.372980 1.483738 -0.449403 -2.000333 -4.711959 -0.090017 0.000051 -0.681732 2.351805 4.474782 0.664393 -0.137793 -1.924491 -0.225021 0.023180 2.015808 -4.655074 -0.714751 -0.005960 -0.894219 0.952610
0.258532 0.958357 3.934925 1.805435 5.243909 -0.537819 1.427452 -2.088918 0.523018 0.612254 -6.753087 0.240475 0.608055 -0.932985 0.302635 0.479745 5.137199 0.228843 -2.560871 14.715592 1.116597 -5.227808 -8.604337 3.068007 0.091453 11.441794 9.288114 -15.046572 -21.991325 74.603642 20.036505 57.304048 13.538481 1.289361 13.549715 -4.290485 1.254598 7.975215 -7.891179 11.903388 -17.279195 -73.510429 -34.777941 64.958918 -26.945744 -5.893759 12.997976 2.907320 -7.545736 -0.508377 -0.489103 1.370775 1.492749 -0.452900 -2.001821 -4.716883 -0.091160 0.000136 -0.678201 2.350211 4.465246 0.670585 -0.136655 -1.906209 -0.207241 0.026099 2.015742 -4.655481 -0.713531 -0.006150 -0.911336 0.945651
0.258457 0.958353 3.934890 1.800727 5.230709 -0.537578 1.433759 -2.082512 0.520443 0.615155 -6.750241 0.239331 0.610939 -0.930142 0.301785 0.481841 5.139332 0.228206 -2.529643 14.730201 1.115127 -5.168014 -8.578883 3.052654 0.081974 11.447598 9.295407 -15.025019 -21.993433 74.602084 20.042366 57.286879 13.542461 1.287160 13.561751 -4.256416 1.249964 7.978654 -7.887469 11.913655 -17.280225 -73.546931 -34.784526 64.956772 -26.944881 -5.892248 12.996672 2.917316 -7.535694 -0.500191 -0.486290 1.368547 1.498104 -0.453655 -2.005981 -4.721020 -0.092694 0.000243 -0.673762 2.347598 4.442279 0.667709 -0.134724 -1.882579 -0.182101 0.029147 2.021475 -4.657952 -0.711096 -0.006433 -0.935207 0.937313
0.258378 0.958347 3.934854 1.796476 5.219170 -0.538380 1.442630 -2.077965 0.516867 0.619236 -6.748222 0.237756 0.614995 -0.928128 0.300625 0.484792 5.140844 0.227338 -2.494644 14.750196 1.113414 -5.100814 -8.543627 3.035150 0.066935 11.455934 9.305442 -14.999339 -21.995362 74.598831 20.052139 57.266071 13.550841 1.285431 13.575496 -4.221264 1.235632 7.987646 -7.877363 11.929256 -17.283234 -73.594285 -34.776245 64.951939 -26.925673 -5.888834 12.994955 2.931810 -7.524635 -0.492869 -0.482594 1.365734 1.502273 -0.453306 -2.010838 -4.725156 -0.094344 0.000364 -0.668727 2.344368 4.414478 0.660866 -0.131796 -1.856995 -0.153367 0.032140 2.029920 -4.660851 -0.707921 -0.006783 -0.964502 0.928053
0.258285 0.958336 3.934825 1.787484 5.206793 -0.541591 1.454126 -2.073026 0.513978 0.624455 -6.746024 0.236499 0.620180 -0.925935 0.299897 0.488624 5.142491 0.226797 -2.466019 14.762614 1.111331 -5.045791 -8.522118 3.019773 0.056392 11.464325 9.311327 -14.980205 -21.990736 74.598088 20.077308 57.246418 13.571940 1.283873 13.585932 -4.191549 1.220951 7.995347 -7.866428 11.927145 -17.283628 -73.627106 -34.792962 64.940088 -26.931875 -5.888367 12.993007 2.938150 -7.513130 -0.485430 -0.475434 1.363333 1.508270 -0.454409 -2.011645 -4.730474 -0.095695 0.000485 -0.663545 2.340655 4.402984 0.658471 -0.124484 -1.841338 -0.130687 0.033379 2.035823 -4.659805 -0.705227 -0.007206 -0.999551 0.919104
0.258170 0.958327 3.934813 1.770277 5.192293 -0.547829 1.469670 -2.067367 0.512104 0.631428 -6.743498 0.235712 0.627109 -0.923417 0.299818 0.493814 5.144383 0.226746 -2.448231 14.762262 1.108134 -5.011260 -8.523821 3.007076 0.054410 11.472273 9.309461 -14.978476 -21.974521 74.604587 20.127761 57.230077 13.613340 1.282282 13.589326 -4.172080 1.208935 7.999014 -7.855731 11.893201 -17.277093 -73.632280 -34.858535 64.915864 -26.990015 -5.894040 12.990397 2.927126 -7.498515 -0.477306 -0.463221 1.359214 1.518080 -0.458815 -2.005517 -4.737438 -0.096261 0.000720 -0.655828 2.336360 4.424095 0.665532 -0.110128 -1.845925 -0.119103 0.030809 2.035048 -4.654633 -0.703283 -0.007774 -1.044261 0.911002
0.258042 0.958314 3.934807 1.748331 5.176953 -0.556472 1.487839 -2.061319 0.510919 0.639538 -6.740794 0.235243 0.635167 -0.920722 0.300172 0.499885 5.146408 0.227023 -2.436827 14.754337 1.104544 -4.988895 -8.539275 2.996443 0.056921 11.480275 9.303449 -14.983283 -21.951755 74.613604 20.193572 57.214871 13.667410 1.280857 13.589414 -4.158052 1.196568 8.001388 -7.844206 11.841550 -17.267950 -73.622926 -34.948882 64.884571 -27.073305 -5.902662 12.987528 2.907953 -7.483456 -0.469065 -0.447544 1.355504 1.529715 -0.464675 -1.995338 -4.745582 -0.096527 0.000955 -0.647965 2.331583 4.461515 0.677028 -0.091374 -1.860440 -0.113579 0.026478 2.031731 -4.645516 -0.701819 -0.008412 -1.094727 0.903215
0.257913 0.958275 3.934784 1.726878 5.162128 -0.567024 1.504438 -2.053621 0.511130 0.646893 -6.737353 0.235385 0.642476 -0.917290 0.301061 0.505435 5.148987 0.227702 -2.428585 14.741475 1.102598 -4.973306 -8.563646 2.990338 0.061775 11.487336 9.297210 -14.972724 -21.931181 74.615163 20.256505 57.199094 13.719655 1.279898 13.592378 -4.141554 1.184160 8.003849 -7.834216 11.791509 -17.264594 -73.612984 -35.032075 64.857918 -27.145673 -5.909494 12.985847 2.895615 -7.476511 -0.461428 -0.430604 1.359586 1.540230 -0.469001 -1.985019 -4.754685 -0.097532 0.000839 -0.647570 2.326756 4.487489 0.686342 -0.072827 -1.865811 -0.108645 0.024839 2.033019 -4.628622 -0.701239 -0.008905 -1.139567 0.895374
