HIERARCHY
ROOT Hips
{
 OFFSET 0.000000 0.000000 0.000000
 CHANNELS 6 Xposition Yposition Zposition Yrotation Xrotation Zrotation
 JOINT Chest
 {
  OFFSET 0.000000 0.108577 -0.012064
  CHANNELS 3 Yrotation Xrotation Zrotation
  JOINT Chest2
  {
   OFFSET 0.000000 0.114566 0.000000
   CHANNELS 3 Yrotation Xrotation Zrotation
   JOINT Chest3
   {
    OFFSET 0.000000 0.104586 0.000080
    CHANNELS 3 Yrotation Xrotation Zrotation
    JOINT Chest4
    {
     OFFSET 0.000000 0.104469 0.000080
     CHANNELS 3 Yrotation Xrotation Zrotation
     JOINT Neck
     {
      OFFSET 0.000000 0.145826 0.000000
      CHANNELS 3 Yrotation Xrotation Zrotation
      JOINT Head
      {
       OFFSET 0.000000 0.094497 0.000047
       CHANNELS 3 Yrotation Xrotation Zrotation
       End Site
       {
        OFFSET 0.000000 0.173326 0.000036
       }
      }
     }
     JOINT RightCollar
     {
      OFFSET -0.031213 0.081695 0.000000
      CHANNELS 3 Yrotation Xrotation Zrotation
      JOINT RightShoulder
      {
       OFFSET -0.143577 0.000000 0.000000
       CHANNELS 3 Yrotation Xrotation Zrotation
       JOINT RightElbow
       {
        OFFSET -0.272032 0.000000 0.000000
        CHANNELS 3 Yrotation Xrotation Zrotation
        JOINT RightWrist
        {
         OFFSET -0.263092 0.000000 0.000091
         CHANNELS 3 Yrotation Xrotation Zrotation
         End Site
         {
          OFFSET -0.190430 0.000000 0.000000
         }
        }
       }
      }
     }
     JOINT LeftCollar
     {
      OFFSET 0.031213 0.081695 0.000000
      CHANNELS 3 Yrotation Xrotation Zrotation
      JOINT LeftShoulder
      {
       OFFSET 0.143577 0.000000 0.000000
       CHANNELS 3 Yrotation Xrotation Zrotation
       JOINT LeftElbow
       {
        OFFSET 0.272032 0.000000 0.000000
        CHANNELS 3 Yrotation Xrotation Zrotation
        JOINT LeftWrist
        {
         OFFSET 0.263092 0.000000 0.000091
         CHANNELS 3 Yrotation Xrotation Zrotation
         End Site
         {
          OFFSET 0.190430 0.000000 0.000000
         }
        }
       }
      }
     }
    }
   }
  }
 }
 JOINT RightHip
 {
  OFFSET -0.088949 -0.000184 0.000020
  CHANNELS 3 Yrotation Xrotation Zrotation
  JOINT RightKnee
  {
   OFFSET 0.000000 -0.415103 -0.000022
   CHANNELS 3 Yrotation Xrotation Zrotation
   JOINT RightAnkle
   {
    OFFSET 0.000000 -0.448133 -0.000277
    CHANNELS 3 Yrotation Xrotation Zrotation
    JOINT RightToe
    {
     OFFSET 0.000000 -0.076810 0.182379
     CHANNELS 3 Yrotation Xrotation Zrotation
     End Site
     {
      OFFSET 0.000000 -0.017923 0.081176
     }
    }
   }
  }
 }
 JOINT LeftHip
 {
  OFFSET 0.088949 -0.000208 0.000023
  CHANNELS 3 Yrotation Xrotation Zrotation
  JOINT LeftKnee
  {
   OFFSET 0.000000 -0.415103 -0.000022
   CHANNELS 3 Yrotation Xrotation Zrotation
   JOINT LeftAnkle
   {
    OFFSET 0.000000 -0.448133 -0.000277
    CHANNELS 3 Yrotation Xrotation Zrotation
    JOINT LeftToe
    {
     OFFSET 0.000000 -0.076810 0.182379
     CHANNELS 3 Yrotation Xrotation Zrotation
     End Site
     {
      OFFSET 0.000000 -0.017923 0.081176
     }
    }
   }
  }
 }
}
MOTION
Frames: 352
Frame Time: 0.016667
0.236978 0.957801 -1.350427 7.605969 6.007392 -0.101910 0.188508 -1.893930 1.039775 0.040711 -6.667474 0.465928 0.040391 -0.847043 0.470062 0.066918 5.201322 0.354035 -0.103356 15.037567 0.491105 -0.378216 -8.099853 0.958266 -1.708969 9.489222 9.073226 -10.964914 -19.611819 73.594250 21.436163 56.870099 14.991516 1.097988 14.129620 -4.356185 1.841781 7.445022 -7.527928 5.950518 -15.930021 -75.730294 -29.548295 64.258753 -22.145152 -6.043614 12.902038 3.758232 -7.745699 -2.151610 -0.613315 1.045593 1.227496 -0.255751 -0.722540 -4.437437 0.187923 0.000000 -0.000000 -0.000000 6.460392 -3.066833 -0.841207 -4.328855 0.371073 0.206501 1.193854 -2.998595 -0.108989 -0.000735 -0.263061 0.320167
0.236915 0.957817 -1.350692 7.620270 6.003609 -0.097487 0.194168 -1.875508 1.038328 0.043243 -6.659275 0.465291 0.042908 -0.838844 0.469682 0.068770 5.207473 0.353756 -0.077439 15.073384 0.514007 -0.337994 -8.033395 0.991133 -1.730202 9.495366 9.068325 -10.959239 -19.650175 73.623691 21.546422 56.925333 15.106387 1.109192 14.143433 -4.317462 1.862244 7.450681 -7.532356 5.869686 -15.954858 -75.707267 -29.518408 64.296451 -22.147423 -6.050742 12.922071 3.702525 -7.776919 -2.157735 -0.613824 1.081430 1.215761 -0.253487 -0.739597 -4.422668 0.184045 0.000000 -0.000000 -0.000000 6.491730 -3.095104 -0.854292 -4.369889 0.398232 0.219774 1.193469 -2.993752 -0.113807 -0.000724 -0.261355 0.317321
0.236845 0.957830 -1.350954 7.633062 6.000889 -0.093226 0.204303 -1.858233 1.035814 0.047810 -6.651576 0.464194 0.047445 -0.831146 0.469049 0.072118 5.213251 0.353289 -0.059810 15.097146 0.531047 -0.311183 -7.989299 1.016234 -1.752569 9.504707 9.057540 -10.949397 -19.681426 73.664727 21.615402 56.961172 15.181023 1.116388 14.152352 -4.294376 1.877565 7.453178 -7.531199 5.825263 -15.983481 -75.694035 -29.538072 64.333490 -22.184697 -6.053442 12.934897 3.673262 -7.801675 -2.165722 -0.614116 1.107228 1.205613 -0.250742 -0.751295 -4.408775 0.178817 -0.000000 -0.000000 -0.000000 6.517951 -3.117046 -0.874022 -4.404926 0.412155 0.248511 1.193914 -2.981637 -0.127247 -0.000716 -0.260439 0.315158
0.236757 0.957838 -1.351225 7.641765 5.999886 -0.090440 0.221799 -1.841385 1.032403 0.055684 -6.644052 0.462726 0.055267 -0.823623 0.468380 0.077928 5.218899 0.352799 -0.055755 15.103109 0.539351 -0.306653 -7.978201 1.030209 -1.774436 9.517297 9.039582 -10.936130 -19.697542 73.724377 21.627154 56.949641 15.189371 1.115601 14.150942 -4.307690 1.884228 7.449363 -7.520633 5.855394 -16.016877 -75.703379 -29.640205 64.379848 -22.284101 -6.047301 12.933159 3.694599 -7.817132 -2.178678 -0.612805 1.114068 1.200223 -0.246843 -0.748987 -4.396341 0.170811 -0.000000 -0.000000 0.000000 6.536861 -3.127635 -0.903445 -4.434144 0.401208 0.302792 1.200139 -2.956293 -0.155027 -0.000713 -0.260015 0.314139
0.236662 0.957844 -1.351493 7.648961 5.999947 -0.087815 0.243771 -1.825683 1.027925 0.065591 -6.637028 0.460797 0.065110 -0.816600 0.467457 0.085235 5.224174 0.352121 -0.060020 15.097034 0.541766 -0.315598 -7.989423 1.036374 -1.797453 9.533099 9.015746 -10.918640 -19.706626 73.795590 21.597380 56.918809 15.157206 1.110752 14.144691 -4.336660 1.885761 7.442365 -7.504480 5.921990 -16.054026 -75.722697 -29.792447 64.425368 -22.419109 -6.036714 12.924190 3.742377 -7.826124 -2.193494 -0.611277 1.110868 1.196419 -0.242467 -0.741321 -4.384780 0.161464 -0.000000 -0.000000 -0.000000 6.550648 -3.131893 -0.939495 -4.457419 0.377039 0.372556 1.207173 -2.923670 -0.191422 -0.000713 -0.260380 0.313803
0.236579 0.957853 -1.351730 7.661247 6.001297 -0.083972 0.263782 -1.814179 1.023700 0.074627 -6.631875 0.458977 0.074087 -0.811448 0.466554 0.091894 5.228046 0.351456 -0.070516 15.083415 0.540427 -0.334863 -8.014626 1.037907 -1.813877 9.552417 8.986942 -10.886809 -19.709503 73.854903 21.564241 56.898233 15.130423 1.108927 14.139976 -4.351352 1.879621 7.436806 -7.487273 5.964115 -16.081001 -75.737728 -29.911640 64.438001 -22.513505 -6.026424 12.914871 3.788509 -7.830111 -2.207857 -0.610113 1.105307 1.194237 -0.240390 -0.741711 -4.376026 0.153372 0.000000 0.000000 0.000000 6.556448 -3.138368 -0.975902 -4.469610 0.357678 0.440773 1.206145 -2.894056 -0.226473 -0.000715 -0.261655 0.313251
0.236503 0.957865 -1.351921 7.680436 6.003879 -0.077783 0.279918 -1.808357 1.019628 0.081948 -6.629256 0.457213 0.081360 -0.808830 0.465533 0.097269 5.230015 0.350698 -0.087903 15.061904 0.535910 -0.365907 -8.054443 1.036144 -1.819349 9.576975 8.952590 -10.828466 -19.703764 73.893564 21.535414 56.894388 15.121582 1.112946 14.137483 -4.339697 1.864555 7.432153 -7.471251 5.954848 -16.088268 -75.741269 -29.947344 64.390711 -22.516091 -6.016880 12.906214 3.827554 -7.822316 -2.219984 -0.608477 1.097854 1.192691 -0.243770 -0.759550 -4.371083 0.147192 0.000000 0.000000 0.000000 6.562493 -3.145498 -1.012628 -4.478002 0.341781 0.505927 1.194887 -2.866569 -0.260748 -0.000724 -0.264768 0.313131
0.236440 0.957879 -1.352081 7.704716 6.007749 -0.070374 0.294095 -1.806732 1.015801 0.088398 -6.628506 0.455555 0.087768 -0.808081 0.464530 0.101997 5.230582 0.349952 -0.111520 15.032855 0.527629 -0.407277 -8.108228 1.029748 -1.818232 9.605072 8.913275 -10.755793 -19.691873 73.920336 21.503203 56.900784 15.118151 1.120049 14.136516 -4.313765 1.841811 7.428945 -7.454167 5.921069 -16.085417 -75.740409 -29.949545 64.310713 -22.477568 -6.007629 12.897217 3.864956 -7.809514 -2.231658 -0.607213 1.088043 1.192768 -0.249451 -0.785443 -4.368949 0.142261 -0.000000 0.000000 0.000000 6.560553 -3.154845 -1.049715 -4.475286 0.330647 0.569530 1.175571 -2.842104 -0.293690 -0.000734 -0.268791 0.312795
0.236422 0.957893 -1.352226 7.735250 6.013294 -0.063743 0.305621 -1.807915 1.013830 0.093600 -6.629009 0.454720 0.092935 -0.808585 0.464223 0.105850 5.230208 0.349728 -0.137287 15.001806 0.515981 -0.451434 -8.165733 1.017889 -1.815863 9.631855 8.871645 -10.695259 -19.681872 73.938042 21.482433 56.927606 15.128124 1.128919 14.141381 -4.279841 1.812597 7.433419 -7.433822 5.882510 -16.087275 -75.742208 -29.984593 64.247574 -22.473369 -6.001952 12.891753 3.888966 -7.813481 -2.245913 -0.609423 1.082143 1.197462 -0.250733 -0.804624 -4.368558 0.139191 0.000000 0.000000 0.000000 6.523099 -3.179662 -1.081012 -4.434341 0.346239 0.619110 1.145877 -2.833621 -0.313655 -0.000732 -0.271055 0.309391
0.236482 0.957908 -1.352364 7.774422 6.020511 -0.058119 0.313954 -1.810280 1.014949 0.097258 -6.630040 0.455255 0.096569 -0.809617 0.465130 0.108647 5.229437 0.350415 -0.166124 14.966612 0.498162 -0.499060 -8.230961 0.995683 -1.814640 9.655739 8.826067 -10.656879 -19.677985 73.945293 21.490423 56.989345 15.167808 1.140783 14.157861 -4.231611 1.773656 7.451630 -7.407358 5.848914 -16.103177 -75.753353 -30.089114 64.225340 -22.542377 -6.001642 12.892597 3.893415 -7.850019 -2.264595 -0.618581 1.084342 1.209158 -0.243352 -0.808167 -4.369493 0.138911 -0.000000 0.000000 -0.000000 6.436427 -3.231329 -1.105175 -4.336389 0.408909 0.647614 1.097540 -2.851036 -0.312457 -0.000712 -0.271174 0.300739
0.236588 0.957923 -1.352487 7.819848 6.029404 -0.053268 0.319638 -1.815457 1.017918 0.099669 -6.632326 0.456611 0.098963 -0.811903 0.466730 0.110569 5.227723 0.351623 -0.197094 14.929418 0.476973 -0.549433 -8.299913 0.968005 -1.812163 9.678324 8.778173 -10.630677 -19.675875 73.943500 21.510061 57.071528 15.221045 1.154533 14.180183 -4.175384 1.728252 7.477519 -7.377629 5.810549 -16.123816 -75.767135 -30.226309 64.219855 -22.645497 -6.004882 12.896959 3.884466 -7.903325 -2.285858 -0.631192 1.090457 1.225468 -0.231569 -0.805000 -4.372171 0.140494 -0.000000 0.000000 0.000000 6.314249 -3.298508 -1.123436 -4.200143 0.498276 0.662328 1.038838 -2.884420 -0.298243 -0.000680 -0.269535 0.289021
0.236675 0.957936 -1.352582 7.865546 6.040383 -0.050494 0.323608 -1.826946 1.020629 0.101343 -6.637420 0.457851 0.100625 -0.816997 0.468140 0.111929 5.223903 0.352686 -0.223350 14.902197 0.461214 -0.592935 -8.350345 0.948647 -1.806547 9.699505 8.735499 -10.613132 -19.670713 73.939686 21.504134 57.140934 15.246785 1.165155 14.195320 -4.136386 1.687366 7.499147 -7.351012 5.757925 -16.136033 -75.770535 -30.351733 64.208456 -22.740572 -6.009500 12.900353 3.868868 -7.947777 -2.307192 -0.639904 1.094202 1.242223 -0.221470 -0.807131 -4.376775 0.141780 0.000000 0.000000 0.000000 6.170149 -3.360382 -1.133524 -4.054725 0.575220 0.672156 0.992277 -2.916961 -0.283899 -0.000642 -0.264628 0.277926
0.236715 0.957944 -1.352647 7.911627 6.055042 -0.051731 0.325867 -1.847785 1.023325 0.102277 -6.646674 0.459087 0.101552 -0.826252 0.469471 0.112735 5.216963 0.353686 -0.242848 14.890492 0.454068 -0.626881 -8.371950 0.942739 -1.794714 9.719239 8.700832 -10.605980 -19.656459 73.935130 21.461657 57.182066 15.230866 1.170560 14.195837 -4.129939 1.654056 7.510047 -7.330635 5.669045 -16.129408 -75.753476 -30.441228 64.177793 -22.805592 -6.016512 12.900960 3.841444 -7.976369 -2.327823 -0.640150 1.096708 1.256124 -0.214744 -0.822007 -4.382740 0.141601 0.000000 0.000000 0.000000 5.989826 -3.416808 -1.131783 -3.895124 0.635422 0.679489 0.967282 -2.948051 -0.273288 -0.000596 -0.254806 0.267916
0.236737 0.957949 -1.352685 7.957979 6.071794 -0.055039 0.326409 -1.874934 1.025746 0.102474 -6.658737 0.460199 0.101745 -0.838314 0.470604 0.112977 5.207916 0.354536 -0.257651 14.888756 0.452355 -0.653986 -8.375036 0.945146 -1.779707 9.737551 8.671399 -10.607484 -19.639121 73.928581 21.393278 57.210417 15.187187 1.172645 14.189151 -4.140724 1.625242 7.516697 -7.313398 5.565911 -16.114302 -75.726148 -30.518770 64.141292 -22.862354 -6.024931 12.900569 3.807374 -7.996112 -2.348521 -0.636513 1.096842 1.270470 -0.209695 -0.842183 -4.390631 0.141127 0.000000 0.000000 0.000000 5.787544 -3.467852 -1.121775 -3.726383 0.683244 0.681808 0.954428 -2.978301 -0.262575 -0.000545 -0.241715 0.258530
0.236764 0.957955 -1.352689 7.998280 6.086268 -0.055919 0.326158 -1.902762 1.025042 0.102450 -6.671106 0.459911 0.101719 -0.850683 0.470313 0.112944 5.198639 0.354313 -0.267091 14.892326 0.455333 -0.672766 -8.368274 0.954263 -1.768820 9.754421 8.646386 -10.608909 -19.631979 73.923243 21.293862 57.239256 15.116494 1.172284 14.184517 -4.148007 1.602703 7.526587 -7.296333 5.505000 -16.108758 -75.705831 -30.611978 64.116499 -22.934334 -6.029515 12.900163 3.788948 -8.002407 -2.369088 -0.635381 1.084910 1.290990 -0.207321 -0.857332 -4.402323 0.141697 0.000000 0.000000 -0.000000 5.619767 -3.493056 -1.112315 -3.592723 0.692593 0.680342 0.947963 -2.992745 -0.253133 -0.000503 -0.228787 0.252083
0.236803 0.957963 -1.352652 8.028709 6.095966 -0.052990 0.325715 -1.929735 1.019636 0.102532 -6.683101 0.457518 0.101798 -0.862678 0.467928 0.112826 5.189644 0.352513 -0.269625 14.899734 0.464328 -0.680839 -8.354399 0.972005 -1.766747 9.769095 8.626745 -10.608574 -19.642528 73.920563 21.150629 57.280612 15.012787 1.168976 14.186703 -4.142647 1.589403 7.542326 -7.277583 5.526669 -16.122620 -75.702119 -30.754823 64.120196 -23.054253 -6.027519 12.901242 3.798682 -7.985902 -2.388765 -0.638229 1.048899 1.320815 -0.209739 -0.861842 -4.418548 0.144267 0.000000 0.000000 0.000000 5.518253 -3.476968 -1.106569 -3.523518 0.641660 0.675654 0.949236 -2.980523 -0.246414 -0.000500 -0.223146 0.259707
0.236847 0.957971 -1.352583 8.053087 6.103382 -0.047643 0.324486 -1.957381 1.011115 0.102395 -6.695399 0.453728 0.101660 -0.874977 0.464125 0.112436 5.180421 0.349645 -0.266799 14.912441 0.478031 -0.680592 -8.330690 0.996487 -1.768796 9.782300 8.611496 -10.608168 -19.663280 73.919064 20.976128 57.322362 14.881813 1.163248 14.190967 -4.133782 1.582385 7.561307 -7.258987 5.590550 -16.146066 -75.705315 -30.913823 64.135400 -23.190013 -6.021660 12.902366 3.824057 -7.955941 -2.408307 -0.643600 1.000819 1.356819 -0.214845 -0.861327 -4.438575 0.147876 0.000000 -0.000000 0.000000 5.451270 -3.435091 -1.101595 -3.489389 0.552266 0.667063 0.956902 -2.952497 -0.240966 -0.000504 -0.217668 0.270271
0.236900 0.957979 -1.352502 8.076561 6.111630 -0.039546 0.321612 -1.984663 1.001381 0.101576 -6.707541 0.449388 0.100845 -0.887118 0.459702 0.111488 5.171315 0.346309 -0.262582 14.930191 0.491745 -0.677684 -8.297632 1.020410 -1.768202 9.796233 8.596925 -10.604015 -19.685051 73.917561 20.803475 57.341584 14.742201 1.157547 14.192302 -4.128094 1.574554 7.583198 -7.243121 5.632002 -16.167695 -75.703655 -31.014869 64.129255 -23.267279 -6.014842 12.900129 3.849804 -7.935964 -2.429773 -0.653481 0.967019 1.395356 -0.217298 -0.862306 -4.462086 0.150996 0.000000 -0.000000 0.000000 5.380056 -3.393461 -1.097158 -3.446427 0.463748 0.653850 0.961167 -2.926289 -0.233815 -0.000429 -0.194410 0.252690
0.236967 0.957985 -1.352411 8.101533 6.122619 -0.027521 0.316037 -2.013213 0.990121 0.099621 -6.720254 0.444354 0.098902 -0.899831 0.454469 0.109631 5.161781 0.342362 -0.257786 14.955182 0.505474 -0.673614 -8.251131 1.044067 -1.761760 9.813236 8.580545 -10.593626 -19.703306 73.920680 20.626184 57.322559 14.582500 1.152278 14.187318 -4.128342 1.562531 7.609360 -7.230317 5.624174 -16.179435 -75.693417 -31.010756 64.078899 -23.236529 -6.006947 12.889972 3.875439 -7.936627 -2.454265 -0.671844 0.963548 1.434903 -0.210980 -0.871333 -4.490527 0.151575 0.000000 0.000000 -0.000000 5.277941 -3.358110 -1.091556 -3.364149 0.382629 0.632262 0.955808 -2.905959 -0.222596 -0.000226 -0.134262 0.177862
0.237044 0.957990 -1.352309 8.125604 6.134437 -0.012744 0.308821 -2.041401 0.977652 0.096986 -6.732810 0.438771 0.096283 -0.912386 0.448618 0.107219 5.152364 0.337949 -0.251589 14.985217 0.519219 -0.666860 -8.195279 1.067171 -1.752672 9.830965 8.564853 -10.579496 -19.722590 73.923802 20.451355 57.280949 14.414781 1.147019 14.179388 -4.131760 1.549703 7.638438 -7.220252 5.593910 -16.189347 -75.678333 -30.948777 64.007422 -23.147282 -5.998088 12.876443 3.901450 -7.947267 -2.480683 -0.694698 0.974371 1.476975 -0.201982 -0.881854 -4.522451 0.151665 -0.000000 0.000000 0.000000 5.171590 -3.323023 -1.086498 -3.273018 0.302407 0.605982 0.947047 -2.887444 -0.209684 -0.000054 -0.056331 0.074892
0.237119 0.957996 -1.352210 8.146713 6.144467 0.001596 0.302274 -2.063295 0.966826 0.094566 -6.742565 0.433919 0.093879 -0.922141 0.443520 0.105025 5.145048 0.334103 -0.245500 15.013448 0.528263 -0.658553 -8.142825 1.081530 -1.743789 9.844597 8.553619 -10.565397 -19.747313 73.911858 20.332336 57.241154 14.292830 1.142971 14.173624 -4.136748 1.539124 7.666027 -7.214524 5.557098 -16.210242 -75.657796 -30.895557 63.951140 -23.072711 -5.991472 12.869768 3.914030 -7.959344 -2.507791 -0.712082 0.977704 1.522496 -0.203283 -0.880724 -4.553206 0.155886 0.000000 0.000000 0.000000 5.102247 -3.296169 -1.086815 -3.220576 0.242859 0.585497 0.943748 -2.876181 -0.199226 -0.000000 0.000000 0.000000
0.237194 0.958004 -1.352118 8.163761 6.152937 0.013962 0.297473 -2.077156 0.959013 0.092782 -6.748743 0.430415 0.092106 -0.928319 0.439835 0.103412 5.140414 0.331324 -0.239620 15.039343 0.530710 -0.648179 -8.094779 1.083639 -1.737472 9.850758 8.548511 -10.552054 -19.779701 73.873846 20.299115 57.217631 14.247753 1.141030 14.173138 -4.142098 1.533268 7.690153 -7.215878 5.514193 -16.250410 -75.628321 -30.868394 63.930319 -23.038846 -5.989832 12.877217 3.902982 -7.974331 -2.536513 -0.721127 0.965756 1.571888 -0.217349 -0.858817 -4.580287 0.164921 0.000000 0.000000 -0.000000 5.102039 -3.281610 -1.097176 -3.244047 0.212157 0.578076 0.952092 -2.874716 -0.193398 0.000006 0.014402 -0.018717
0.237268 0.958013 -1.352028 8.177846 6.159622 0.025886 0.293331 -2.084724 0.952850 0.091211 -6.752121 0.427645 0.090545 -0.931697 0.436906 0.102015 5.137880 0.329115 -0.233854 15.063438 0.528448 -0.636269 -8.050124 1.077000 -1.731375 9.852819 8.547847 -10.538684 -19.817500 73.820740 20.321298 57.196081 14.248009 1.140310 14.174814 -4.149023 1.529658 7.712786 -7.221554 5.464701 -16.301541 -75.593329 -30.849679 63.924708 -23.019373 -5.990461 12.891513 3.878493 -7.990761 -2.565932 -0.724694 0.946284 1.624724 -0.241762 -0.825262 -4.606215 0.178066 -0.000000 -0.000000 -0.000000 5.138838 -3.275244 -1.112879 -3.306237 0.202110 0.576553 0.965895 -2.880508 -0.190019 0.000004 0.007201 -0.009358
0.237326 0.958023 -1.351937 8.190203 6.161225 0.038784 0.288903 -2.085290 0.947081 0.089483 -6.752387 0.425044 0.088829 -0.931963 0.434130 0.100511 5.137681 0.327022 -0.229419 15.080491 0.522432 -0.625526 -8.018568 1.063908 -1.721292 9.856076 8.550363 -10.526805 -19.858393 73.770435 20.361250 57.157902 14.253024 1.139337 14.174428 -4.159550 1.523913 7.735429 -7.224884 5.423108 -16.351584 -75.562592 -30.852994 63.909906 -23.008274 -5.988364 12.901065 3.857337 -7.995688 -2.592041 -0.721444 0.920792 1.680664 -0.282177 -0.794303 -4.633878 0.197859 0.000000 -0.000000 0.000000 5.157504 -3.272817 -1.124676 -3.343082 0.207918 0.569803 0.975464 -2.891370 -0.186696 -0.000000 0.000000 -0.000000
0.237360 0.958032 -1.351850 8.202471 6.156623 0.053179 0.284255 -2.077652 0.941190 0.087646 -6.749008 0.422381 0.087005 -0.928583 0.431280 0.098918 5.140215 0.324874 -0.229051 15.085474 0.511325 -0.620614 -8.009431 1.042934 -1.707562 9.864385 8.555630 -10.519327 -19.902877 73.729371 20.417464 57.091140 14.254136 1.137675 14.169864 -4.175250 1.510789 7.762333 -7.220501 5.395600 -16.398893 -75.546270 -30.862713 63.872547 -22.978633 -5.969524 12.894287 3.834202 -7.995711 -2.608201 -0.706467 0.903998 1.729003 -0.347881 -0.775292 -4.658878 0.228716 0.000000 -0.000000 0.000000 5.136899 -3.278553 -1.127172 -3.325172 0.237876 0.549171 0.968041 -2.912901 -0.178397 0.000000 -0.000000 0.000000
0.237379 0.958042 -1.351763 8.213007 6.146940 0.068543 0.279315 -2.063013 0.935695 0.085650 -6.742517 0.419888 0.085024 -0.922092 0.428584 0.097217 5.145083 0.322843 -0.230023 15.083415 0.496456 -0.616873 -8.013394 1.015492 -1.689844 9.873888 8.564071 -10.513371 -19.950468 73.691118 20.491225 57.007728 14.259773 1.135769 14.163248 -4.194554 1.495535 7.789248 -7.213772 5.376041 -16.445145 -75.534223 -30.894371 63.825998 -22.957258 -5.947911 12.882789 3.814404 -7.984242 -2.621052 -0.684679 0.881125 1.780440 -0.429570 -0.758889 -4.685625 0.266230 -0.000000 -0.000000 0.000000 5.098167 -3.288257 -1.125767 -3.281940 0.283702 0.523323 0.956380 -2.939500 -0.170148 -0.000000 -0.000000 -0.000000
0.237394 0.958056 -1.351662 8.218125 6.132252 0.084714 0.272930 -2.044263 0.930884 0.082977 -6.734201 0.417690 0.082371 -0.913775 0.426115 0.095029 5.151319 0.320983 -0.225365 15.084149 0.482777 -0.603015 -8.012216 0.988136 -1.662911 9.878306 8.575699 -10.501788 -19.997382 73.654254 20.549321 56.924989 14.255242 1.133459 14.156713 -4.214782 1.489503 7.804932 -7.214140 5.360448 -16.483267 -75.505821 -31.007922 63.785917 -23.018330 -5.960515 12.889699 3.830669 -7.928554 -2.646498 -0.669505 0.809396 1.866688 -0.505054 -0.731308 -4.730226 0.299686 0.000000 0.000000 -0.000000 5.049592 -3.285079 -1.127408 -3.237562 0.315691 0.507065 0.969070 -2.952187 -0.174671 -0.000000 -0.000000 -0.000000
0.237365 0.958079 -1.351531 8.211559 6.111881 0.097319 0.265615 -2.021131 0.928754 0.079773 -6.723937 0.416686 0.079191 -0.903510 0.424785 0.092533 5.159016 0.319979 -0.210732 15.090588 0.472419 -0.571678 -8.000510 0.963203 -1.621083 9.878301 8.593144 -10.476296 -20.046147 73.616991 20.572251 56.839028 14.225810 1.130310 14.150787 -4.240337 1.503315 7.805146 -7.224824 5.340289 -16.515681 -75.450507 -31.228140 63.765159 -23.195823 -5.978612 12.939079 3.805845 -7.827324 -2.690212 -0.647568 0.667835 2.001332 -0.585577 -0.670551 -4.796273 0.325529 0.000000 0.000000 -0.000000 5.017852 -3.255650 -1.130314 -3.219625 0.310117 0.505653 1.012299 -2.929753 -0.181969 -0.000000 -0.000000 -0.000000
0.237332 0.958104 -1.351386 8.199572 6.086511 0.110738 0.256854 -1.993890 0.927293 0.075892 -6.711848 0.415971 0.075338 -0.891422 0.423677 0.089548 5.168080 0.319142 -0.190476 15.099823 0.463236 -0.530238 -7.983647 0.938338 -1.570039 9.873214 8.613748 -10.445148 -20.094213 73.581075 20.579818 56.753793 14.186482 1.126766 14.144946 -4.266815 1.526339 7.794127 -7.242616 5.324087 -16.539940 -75.378864 -31.530006 63.750194 -23.455430 -6.030962 13.006841 3.817004 -7.681871 -2.746506 -0.632312 0.477250 2.170599 -0.660333 -0.598637 -4.880199 0.347196 -0.000000 -0.000000 -0.000000 4.976258 -3.213346 -1.136321 -3.200518 0.290694 0.513811 1.079866 -2.893385 -0.202018 0.000000 0.000000 0.000000
0.237430 0.958116 -1.351267 8.197255 6.058265 0.137922 0.243940 -1.966257 0.920775 0.070375 -6.699599 0.412978 0.069860 -0.879171 0.420123 0.085154 5.177265 0.316462 -0.170679 15.112961 0.453760 -0.489518 -7.959522 0.913073 -1.521601 9.854788 8.629602 -10.426005 -20.130202 73.550445 20.597797 56.698391 14.167235 1.123957 14.139736 -4.278332 1.538039 7.773328 -7.267304 5.333474 -16.541679 -75.302015 -31.897928 63.716998 -23.768089 -6.239875 13.045029 4.128524 -7.463285 -2.813957 -0.677495 0.257855 2.365509 -0.673849 -0.567799 -4.987321 0.364521 0.000000 -0.000000 -0.000000 4.853039 -3.181517 -1.157902 -3.121599 0.298852 0.530453 1.181766 -2.887642 -0.277559 0.000000 0.000000 0.000000
0.237748 0.958119 -1.351240 8.210779 6.027557 0.183475 0.224839 -1.939064 0.908282 0.062359 -6.687561 0.407287 0.061899 -0.867133 0.413618 0.078668 5.186291 0.311556 -0.152703 15.132344 0.443843 -0.451997 -7.923773 0.887632 -1.478170 9.818454 8.636171 -10.421964 -20.150314 73.526222 20.614651 56.668471 14.161814 1.122712 14.133350 -4.271344 1.525644 7.741638 -7.300752 5.378527 -16.510257 -75.228850 -32.318901 63.675481 -24.119025 -6.717906 13.057843 4.914768 -7.136956 -2.907801 -0.818108 -0.023272 2.603718 -0.585456 -0.562744 -5.101767 0.363217 -0.000000 -0.000000 0.000000 4.615714 -3.155983 -1.203197 -2.954722 0.305273 0.558360 1.324808 -2.828564 -0.418977 -0.000000 0.000000 -0.000000
0.238199 0.958109 -1.351240 8.233942 5.993947 0.242771 0.201566 -1.911501 0.890733 0.052701 -6.675370 0.399318 0.052308 -0.854940 0.404670 0.070767 5.195432 0.304807 -0.135194 15.155632 0.433633 -0.415219 -7.880760 0.861803 -1.437342 9.768791 8.637992 -10.429962 -20.158385 73.507343 20.641909 56.668358 14.176506 1.122178 14.127577 -4.249398 1.501963 7.700122 -7.341030 5.449250 -16.456388 -75.150491 -32.804315 63.614905 -24.521447 -7.351954 13.055211 6.002032 -6.736896 -3.010917 -1.019698 -0.332087 2.868150 -0.435597 -0.598659 -5.239367 0.357622 0.000000 0.000000 0.000000 4.296797 -3.141528 -1.264296 -2.728010 0.339227 0.594775 1.502047 -2.799732 -0.615899 0.000000 -0.000000 -0.000000
0.238653 0.958042 -1.351107 8.263270 5.958264 0.314918 0.177488 -1.884826 0.865172 0.043019 -6.663578 0.387767 0.042693 -0.843148 0.392135 0.062571 5.204274 0.295358 -0.120144 15.176904 0.422121 -0.382588 -7.841469 0.834489 -1.403746 9.711252 8.640785 -10.458448 -20.154523 73.494510 20.740031 56.740084 14.260254 1.120989 14.128337 -4.207235 1.484824 7.653512 -7.382244 5.537163 -16.397818 -75.051381 -33.371244 63.480043 -24.984576 -7.928801 12.992332 7.132008 -6.337452 -3.073691 -1.231295 -0.548146 3.097287 -0.289144 -0.773572 -5.453064 0.391055 0.000000 -0.000000 -0.000000 3.922121 -3.175028 -1.329310 -2.467077 0.530081 0.630241 1.704172 -3.096895 -0.881351 -0.000000 0.000000 0.000000
0.239061 0.957886 -1.350796 8.301844 5.924958 0.406928 0.152174 -1.864318 0.825745 0.033376 -6.654535 0.370014 0.033116 -0.834104 0.373403 0.053923 5.211057 0.281240 -0.108081 15.198844 0.409800 -0.355252 -7.800909 0.806793 -1.378808 9.649852 8.648167 -10.519398 -20.134192 73.498839 20.931738 56.915263 14.426817 1.119821 14.141872 -4.131312 1.478617 7.606067 -7.423691 5.644351 -16.331370 -74.904972 -34.093980 63.235612 -25.570545 -8.408190 12.803620 8.263832 -5.973781 -3.056522 -1.441575 -0.595651 3.210517 -0.161731 -1.170781 -5.707026 0.466328 0.000000 0.000000 -0.000000 3.477149 -3.283068 -1.397463 -2.164903 0.958225 0.665858 1.944588 -3.938779 -1.271834 -0.000000 -0.000000 -0.000000
0.239473 0.957674 -1.350353 8.346551 5.889521 0.511771 0.126057 -1.844707 0.778311 0.023713 -6.645892 0.348678 0.023520 -0.825461 0.351086 0.044982 5.217540 0.264424 -0.098465 15.218761 0.396188 -0.332038 -7.764088 0.777621 -1.361126 9.580564 8.656544 -10.600815 -20.101932 73.509088 21.198054 57.161644 14.666278 1.118391 14.161829 -4.035043 1.478953 7.553559 -7.466108 5.768757 -16.260602 -74.737636 -34.883172 62.913972 -26.203062 -8.839644 12.553401 9.437639 -5.611574 -2.998724 -1.660703 -0.550896 3.287052 -0.036912 -1.707657 -6.036912 0.582231 -0.000000 0.000000 -0.000000 2.976851 -3.439871 -1.468377 -1.828370 1.543434 0.700277 2.217770 -5.105730 -1.735933 0.000000 -0.000000 -0.000000
0.239910 0.957468 -1.349758 8.384607 5.839411 0.607489 0.103771 -1.811412 0.737489 0.015459 -6.631152 0.330313 0.015323 -0.810721 0.331883 0.037330 5.228597 0.249956 -0.091688 15.222669 0.378804 -0.312849 -7.756992 0.742559 -1.351073 9.496782 8.660818 -10.675198 -20.071529 73.492496 21.537417 57.425113 14.992444 1.113725 14.175270 -3.953646 1.490468 7.488043 -7.505815 5.895501 -16.213149 -74.613259 -35.516818 62.564395 -26.690066 -9.143195 12.375375 10.514352 -5.220855 -2.970325 -1.869834 -0.521486 3.505217 0.070749 -2.234390 -6.602735 0.777452 -0.000000 -0.000000 -0.000000 2.491191 -3.602994 -1.531053 -1.503982 2.174111 0.720316 2.481338 -6.236887 -2.123209 -0.000000 -0.000000 0.000000
0.240342 0.957290 -1.349090 8.419787 5.776761 0.684391 0.085854 -1.761820 0.709787 0.008581 -6.609152 0.317831 0.008492 -0.788721 0.318703 0.031169 5.245097 0.240028 -0.090414 15.205887 0.354007 -0.301319 -7.788317 0.695808 -1.362753 9.378226 8.658640 -10.754231 -20.037629 73.431838 22.002881 57.695215 15.463943 1.102293 14.174187 -3.904966 1.517663 7.400344 -7.538975 6.039194 -16.201658 -74.561549 -35.954200 62.207330 -26.994762 -9.254201 12.325793 11.465964 -4.747614 -3.025559 -2.063824 -0.549160 3.987897 0.158557 -2.740725 -7.590620 1.128083 -0.000000 -0.000000 0.000000 2.006250 -3.800085 -1.570473 -1.171616 2.867423 0.708948 2.708429 -7.235764 -2.369185 -0.000000 0.000000 -0.000000
0.240799 0.957116 -1.348269 8.448288 5.699485 0.752155 0.071723 -1.698523 0.688706 0.003093 -6.581050 0.308324 0.003041 -0.760618 0.308639 0.026284 5.266174 0.232450 -0.091976 15.173098 0.325448 -0.293773 -7.849365 0.643152 -1.381985 9.245169 8.652445 -10.826172 -20.005749 73.344311 22.547553 57.980061 16.027893 1.087421 14.166632 -3.871182 1.556050 7.299682 -7.569543 6.185088 -16.213130 -74.552912 -36.246023 61.825833 -27.164046 -9.235153 12.337991 12.319629 -4.244974 -3.110054 -2.248596 -0.590710 4.612707 0.233761 -3.244201 -8.813894 1.561845 -0.000000 -0.000000 0.000000 1.535803 -4.002827 -1.601643 -0.851872 3.606068 0.683207 2.919947 -8.200015 -2.536072 -0.000000 0.000000 -0.000000
0.241396 0.956942 -1.347037 8.445907 5.588798 0.817918 0.064288 -1.614737 0.669318 0.000483 -6.543830 0.299597 0.000449 -0.723399 0.299646 0.023623 5.294091 0.225685 -0.088773 15.124362 0.301579 -0.279133 -7.940023 0.597549 -1.366749 9.151857 8.644135 -10.828526 -20.005765 73.249238 23.014048 58.255533 16.524630 1.076251 14.163823 -3.834058 1.596774 7.205691 -7.605467 6.274213 -16.236450 -74.562490 -36.322067 61.416508 -27.144734 -9.191414 12.357904 13.018081 -3.843584 -3.132046 -2.421020 -0.626664 5.190990 0.294410 -3.630418 -9.873733 1.892047 -0.000000 0.000000 0.000000 1.191176 -4.084400 -1.661216 -0.651581 4.226547 0.679788 3.138674 -9.060791 -2.659748 0.000000 -0.000000 -0.000000
0.242212 0.956773 -1.345263 8.391416 5.422525 0.887136 0.066811 -1.499780 0.649593 0.002273 -6.492742 0.290744 0.002228 -0.672311 0.290975 0.024260 5.332410 0.219172 -0.076240 15.052632 0.286049 -0.250249 -8.073387 0.564120 -1.286530 9.137660 8.633721 -10.735752 -20.068293 73.137719 23.368990 58.515794 16.939314 1.075689 14.165955 -3.828201 1.648872 7.131049 -7.655434 6.270271 -16.289323 -74.591140 -36.070348 60.960475 -26.847223 -9.149610 12.372390 13.544334 -3.578920 -3.054431 -2.581678 -0.672898 5.666119 0.332823 -3.826559 -10.574755 2.009140 0.000000 0.000000 0.000000 1.060230 -3.964186 -1.778661 -0.642630 4.641165 0.722621 3.368527 -9.770417 -2.743587 0.000000 0.000000 -0.000000
0.243168 0.956602 -1.343078 8.305932 5.222975 0.954677 0.075942 -1.364336 0.631425 0.006916 -6.432539 0.282599 0.006843 -0.612107 0.283302 0.027100 5.377567 0.213414 -0.058880 14.964959 0.275251 -0.214129 -8.236349 0.537747 -1.171972 9.163285 8.620926 -10.573337 -20.162198 73.018106 23.641284 58.768859 17.282014 1.078708 14.172909 -3.819104 1.703266 7.063072 -7.710743 6.209568 -16.353998 -74.637974 -35.624594 60.475662 -26.380932 -9.079981 12.392204 13.916546 -3.416220 -2.916188 -2.729072 -0.714921 6.095334 0.351702 -3.898019 -11.113073 2.017871 -0.000000 -0.000000 0.000000 1.054416 -3.722293 -1.925802 -0.752109 4.938038 0.787064 3.604159 -10.376730 -2.782661 -0.000000 -0.000000 0.000000
0.244130 0.956403 -1.340619 8.228837 5.038037 1.011632 0.084727 -1.233678 0.615827 0.011313 -6.374464 0.275601 0.011215 -0.554032 0.276750 0.029847 5.421127 0.208499 -0.042725 14.882549 0.266725 -0.181037 -8.389511 0.515996 -1.072784 9.164950 8.607124 -10.355476 -20.224738 72.936172 23.758231 59.014388 17.422657 1.073315 14.195246 -3.684298 1.723973 6.983268 -7.753031 6.142024 -16.366310 -74.675621 -35.272982 60.015567 -25.981226 -9.001699 12.401421 14.129342 -3.381299 -2.740555 -2.856684 -0.688420 6.460698 0.361924 -3.932041 -11.677245 2.050990 0.000000 -0.000000 -0.000000 1.020900 -3.473557 -2.054509 -0.869439 5.217103 0.835875 3.855656 -10.953927 -2.801075 0.000000 -0.000000 -0.000000
0.245016 0.956185 -1.337930 8.176672 4.876693 1.052288 0.088980 -1.112166 0.602116 0.013635 -6.320458 0.269435 0.013525 -0.500027 0.270819 0.031098 5.461634 0.204047 -0.027650 14.815395 0.261545 -0.151123 -8.514317 0.500818 -1.012921 9.105782 8.587104 -10.041185 -20.205697 72.929435 23.581751 59.250079 17.187922 1.057747 14.245126 -3.320360 1.676553 6.881168 -7.766080 6.082239 -16.290406 -74.708441 -35.032801 59.566973 -25.644572 -8.921459 12.388057 14.194645 -3.562427 -2.522114 -2.955720 -0.531487 6.746766 0.361253 -3.930850 -12.376394 2.171267 0.000000 -0.000000 -0.000000 0.898251 -3.252262 -2.144453 -0.975622 5.515602 0.853586 4.145842 -11.534326 -2.800557 -0.000000 -0.000000 -0.000000
0.245908 0.955938 -1.334966 8.133038 4.729882 1.082184 0.092978 -0.995434 0.591053 0.015744 -6.268577 0.264453 0.015622 -0.448145 0.266051 0.032281 5.500547 0.200469 -0.013834 14.753501 0.258585 -0.124360 -8.629333 0.490229 -0.968378 9.022593 8.566154 -9.671590 -20.155983 72.961241 23.236066 59.478139 16.740193 1.038848 14.311256 -2.829372 1.595511 6.767202 -7.765636 6.015633 -16.162217 -74.732564 -34.879774 59.144345 -25.367526 -8.829045 12.363787 14.101140 -3.871474 -2.267453 -3.038054 -0.306548 6.968714 0.350738 -3.893536 -13.101352 2.316131 0.000000 -0.000000 0.000000 0.748120 -3.024202 -2.216721 -1.090229 5.796023 0.855277 4.451539 -12.085678 -2.779560 -0.000000 -0.000000 -0.000000
0.246921 0.955618 -1.331724 8.087992 4.618372 1.109028 0.102518 -0.895660 0.585941 0.020081 -6.224223 0.262147 0.019936 -0.403791 0.264186 0.035354 5.533815 0.199078 -0.007780 14.688091 0.252071 -0.110792 -8.750857 0.475916 -0.916836 8.962101 8.561398 -9.383992 -20.164050 72.965789 23.048624 59.707424 16.458035 1.015615 14.367858 -2.397334 1.548320 6.654134 -7.781563 5.948555 -16.024953 -74.708236 -35.014711 58.846422 -25.361989 -8.718312 12.348588 13.808004 -4.069666 -2.017058 -3.125858 -0.135154 7.154583 0.348254 -3.902934 -13.712935 2.431647 -0.000000 -0.000000 0.000000 0.602837 -2.801999 -2.285983 -1.160766 6.045638 0.849302 4.714134 -12.585372 -2.757510 -0.000000 -0.000000 -0.000000
0.248107 0.955208 -1.328196 8.037953 4.549039 1.135486 0.118326 -0.816345 0.589295 0.026861 -6.188950 0.263642 0.026678 -0.368519 0.266369 0.040564 5.560271 0.200736 -0.011614 14.613156 0.240330 -0.113799 -8.890044 0.455582 -0.844299 8.951502 8.583135 -9.259708 -20.287863 72.913211 23.189333 59.969746 16.538311 0.981518 14.405856 -2.082737 1.565846 6.549073 -7.832684 5.828789 -15.896938 -74.598254 -35.506087 58.693974 -25.697217 -8.583297 12.351581 13.265650 -4.050756 -1.781478 -3.228259 -0.059775 7.303617 0.368304 -4.003405 -14.114458 2.487305 0.000000 0.000000 -0.000000 0.480446 -2.586180 -2.354882 -1.158780 6.253263 0.835995 4.899494 -13.015550 -2.741362 -0.000000 -0.000000 0.000000
0.249415 0.954725 -1.324390 7.986559 4.515005 1.158814 0.139711 -0.753968 0.598646 0.035876 -6.161195 0.267829 0.035642 -0.340764 0.271471 0.047670 5.581090 0.204593 -0.023144 14.534692 0.225084 -0.129908 -9.035766 0.431620 -0.764697 8.963603 8.621054 -9.217040 -20.468962 72.832738 23.501660 60.233580 16.795357 0.939859 14.433297 -1.827622 1.617232 6.445030 -7.900737 5.709042 -15.759527 -74.439724 -36.276659 58.662787 -26.295206 -8.433873 12.362414 12.521812 -3.921232 -1.549207 -3.333392 -0.037646 7.416731 0.397532 -4.149081 -14.402530 2.513454 -0.000000 -0.000000 0.000000 0.362803 -2.376138 -2.420312 -1.112884 6.429889 0.815824 5.041403 -13.394182 -2.723284 0.000000 0.000000 0.000000
0.250803 0.954171 -1.320328 7.934671 4.516415 1.178609 0.170324 -0.710167 0.609835 0.048932 -6.141682 0.272855 0.048623 -0.321252 0.277823 0.057889 5.595729 0.209391 -0.042396 14.461929 0.205666 -0.158881 -9.170886 0.402773 -0.697627 8.963550 8.661296 -9.148648 -20.620261 72.745972 23.825951 60.416012 17.034674 0.900609 14.448955 -1.644212 1.677368 6.333530 -7.960285 5.752744 -15.601114 -74.303307 -37.309883 58.782275 -27.149551 -8.287024 12.372398 11.681986 -3.761437 -1.327394 -3.429996 -0.062272 7.524785 0.412899 -4.286910 -14.727937 2.547408 -0.000000 -0.000000 -0.000000 0.227870 -2.182907 -2.488029 -1.055922 6.596116 0.797530 5.183249 -13.752417 -2.700497 0.000000 -0.000000 -0.000000
0.252240 0.953548 -1.316060 7.876325 4.558902 1.191442 0.215256 -0.688941 0.623876 0.068252 -6.132180 0.279186 0.067833 -0.311752 0.286115 0.072932 5.602861 0.215653 -0.071899 14.397873 0.177659 -0.203765 -9.289830 0.361724 -0.657362 8.931139 8.700701 -8.996547 -20.703453 72.651576 24.077085 60.469364 17.159147 0.868615 14.446703 -1.547612 1.742826 6.205679 -8.002738 6.078095 -15.432320 -74.225246 -38.744863 59.130809 -28.404758 -8.137477 12.379807 10.716684 -3.560101 -1.129438 -3.509336 -0.163098 7.654496 0.402028 -4.405108 -15.187523 2.615818 -0.000000 -0.000000 -0.000000 0.061735 -2.026359 -2.555988 -0.981925 6.773501 0.784417 5.334281 -14.105047 -2.672814 -0.000000 0.000000 -0.000000
0.253757 0.952855 -1.311537 7.817502 4.636821 1.200632 0.269463 -0.686291 0.639699 0.091637 -6.130916 0.286338 0.091084 -0.310492 0.295640 0.091105 5.603816 0.222845 -0.109149 14.339513 0.145466 -0.261567 -9.398186 0.315801 -0.629626 8.886520 8.742444 -8.818903 -20.756397 72.550909 24.333823 60.442268 17.259027 0.837187 14.432874 -1.523377 1.817072 6.070414 -8.036926 6.565814 -15.243366 -74.166290 -40.494398 59.610201 -29.969081 -7.993532 12.386669 9.654536 -3.328363 -0.941902 -3.580296 -0.310934 7.779392 0.377855 -4.516385 -15.684368 2.692517 0.000000 0.000000 -0.000000 -0.121703 -1.886713 -2.625892 -0.896797 6.940437 0.772917 5.485323 -14.437274 -2.640418 -0.000000 0.000000 0.000000
0.255413 0.952095 -1.306631 7.776999 4.733414 1.215956 0.321363 -0.691858 0.650038 0.114250 -6.133309 0.291041 0.113566 -0.312889 0.302639 0.108508 5.602028 0.228132 -0.146677 14.287067 0.121614 -0.323101 -9.495532 0.285677 -0.591236 8.855379 8.782129 -8.682729 -20.806427 72.469170 24.676226 60.397413 17.415105 0.799425 14.425043 -1.539287 1.885282 5.945837 -8.063287 7.023109 -14.992704 -74.083935 -42.165584 59.999569 -31.445267 -7.885245 12.391265 8.690889 -3.180267 -0.732112 -3.658760 -0.411486 7.850483 0.354614 -4.603916 -16.078797 2.734824 -0.000000 0.000000 0.000000 -0.302940 -1.715628 -2.709391 -0.851115 7.052894 0.761666 5.652283 -14.735873 -2.601609 0.000000 0.000000 -0.000000
0.257225 0.951282 -1.301294 7.755098 4.841626 1.235631 0.368504 -0.699962 0.656373 0.134926 -6.136839 0.293952 0.134123 -0.316423 0.307649 0.124315 5.599387 0.231919 -0.181849 14.238409 0.108903 -0.384525 -9.585808 0.275619 -0.527675 8.855793 8.816909 -8.616710 -20.868201 72.424245 25.120176 60.354540 17.631220 0.747132 14.432792 -1.609318 1.943298 5.848662 -8.084148 7.372016 -14.670181 -73.967630 -43.601028 60.233870 -32.655676 -7.824813 12.396992 7.861941 -3.172681 -0.487812 -3.743240 -0.410942 7.840830 0.337949 -4.655152 -16.285338 2.695065 0.000000 0.000000 0.000000 -0.476603 -1.485666 -2.806763 -0.886407 7.079427 0.749333 5.869655 -14.992212 -2.559593 0.000000 -0.000000 -0.000000
0.259176 0.950402 -1.295575 7.751566 4.968504 1.261516 0.413327 -0.716277 0.657186 0.154826 -6.144025 0.294401 0.153907 -0.323615 0.310119 0.139348 5.594003 0.233792 -0.217321 14.195666 0.104518 -0.449756 -9.665054 0.281360 -0.453470 8.869672 8.849663 -8.592298 -20.927586 72.398470 25.648552 60.293190 17.901985 0.688128 14.447088 -1.719438 1.995186 5.762087 -8.097064 7.691125 -14.286344 -73.827555 -44.919683 60.392306 -33.738897 -7.795008 12.401519 7.133296 -3.249098 -0.221667 -3.835684 -0.363413 7.777135 0.321151 -4.681622 -16.389721 2.619693 0.000000 -0.000000 -0.000000 -0.648633 -1.224344 -2.917803 -0.961206 7.051693 0.738661 6.103155 -15.215021 -2.511670 0.000000 0.000000 -0.000000
0.261266 0.949414 -1.289483 7.784513 5.118424 1.309010 0.451552 -0.747440 0.640739 0.172568 -6.157841 0.287146 0.171543 -0.337436 0.304664 0.152163 5.583647 0.229692 -0.253580 14.165443 0.112546 -0.521282 -9.720968 0.310754 -0.389026 8.868420 8.884537 -8.590639 -20.968986 72.363674 26.292685 60.214151 18.295266 0.640196 14.457106 -1.795225 2.038413 5.653847 -8.095276 8.023106 -13.831308 -73.652722 -46.096432 60.487776 -34.725364 -7.776753 12.395410 6.595881 -3.354035 0.061606 -3.956808 -0.336409 7.690840 0.299925 -4.701640 -16.509117 2.606722 -0.000000 0.000000 -0.000000 -0.816830 -0.965822 -3.053349 -1.001601 7.020278 0.733854 6.265424 -15.417076 -2.446735 -0.000000 -0.000000 -0.000000
0.263494 0.948326 -1.283042 7.876315 5.302865 1.383722 0.478372 -0.804596 0.603098 0.186196 -6.183254 0.270434 0.185086 -0.362852 0.289336 0.161151 5.564591 0.218149 -0.291986 14.156236 0.137693 -0.603446 -9.737702 0.373128 -0.348790 8.841523 8.919328 -8.602103 -20.990614 72.330899 26.987358 60.111874 18.778366 0.608021 14.456229 -1.810510 2.068136 5.511488 -8.074571 8.364929 -13.291694 -73.441372 -47.105944 60.551694 -35.613129 -7.759280 12.362847 6.298373 -3.519458 0.391049 -4.120527 -0.348986 7.515212 0.278722 -4.695753 -16.676119 2.724233 0.000000 0.000000 -0.000000 -0.985137 -0.741820 -3.218411 -0.968739 7.014013 0.741901 6.304706 -15.596869 -2.352075 -0.000000 0.000000 0.000000
0.265860 0.947131 -1.276230 8.004932 5.510131 1.480545 0.498563 -0.876455 0.548057 0.197643 -6.215235 0.245955 0.196458 -0.394838 0.266019 0.167895 5.540606 0.200588 -0.331151 14.159508 0.175290 -0.691826 -9.731100 0.459165 -0.318399 8.799413 8.956137 -8.636424 -20.994209 72.289365 27.794085 59.988400 19.379780 0.587257 14.450443 -1.791587 2.088976 5.347278 -8.039423 8.720462 -12.682183 -73.192292 -47.962910 60.560156 -36.394092 -7.751810 12.319991 6.192358 -3.714991 0.737298 -4.312429 -0.382376 7.317090 0.253955 -4.682841 -16.858157 2.903792 0.000000 0.000000 -0.000000 -1.150502 -0.520568 -3.407099 -0.901424 7.003841 0.754678 6.272710 -15.755746 -2.238754 0.000000 -0.000000 -0.000000
0.268370 0.945759 -1.268988 8.121839 5.709895 1.598569 0.522155 -0.935973 0.475570 0.211329 -6.241754 0.213671 0.210057 -0.421362 0.235125 0.175721 5.520716 0.177322 -0.367461 14.156352 0.215342 -0.775827 -9.736354 0.548754 -0.275035 8.744820 9.005451 -8.703950 -20.969105 72.178269 28.931547 59.850875 20.255880 0.582471 14.447293 -1.742702 2.112595 5.166026 -7.996184 9.142823 -12.035877 -72.894184 -48.701353 60.441489 -37.090356 -7.765127 12.305362 6.223177 -3.791021 1.008941 -4.510267 -0.446747 7.328463 0.209393 -4.739062 -17.074331 3.039633 0.000000 0.000000 -0.000000 -1.300598 -0.241118 -3.614097 -0.842484 6.953489 0.752922 6.237079 -15.910737 -2.131219 -0.000000 -0.000000 0.000000
0.270990 0.944217 -1.261211 8.215625 5.898369 1.732657 0.558794 -0.987762 0.386500 0.231503 -6.264855 0.173994 0.230106 -0.444471 0.197495 0.187860 5.503386 0.148988 -0.402783 14.151036 0.253998 -0.857452 -9.745559 0.635361 -0.195793 8.682162 9.080799 -8.839328 -20.901285 71.999016 30.431040 59.730572 21.427907 0.594982 14.447420 -1.655101 2.147093 4.969357 -7.944464 9.659345 -11.341429 -72.558787 -49.448420 60.313556 -37.810407 -7.829002 12.362025 6.387531 -3.648599 1.272291 -4.669083 -0.522230 7.448798 0.106020 -4.967988 -17.279761 3.070533 -0.000000 -0.000000 0.000000 -1.458574 0.136711 -3.832259 -0.795350 6.808497 0.736409 6.229112 -16.060287 -2.055479 0.000000 -0.000000 -0.000000
0.273753 0.942499 -1.253004 8.297823 6.079337 1.887756 0.598696 -1.027064 0.280033 0.253850 -6.282439 0.126534 0.252318 -0.462065 0.152304 0.201033 5.490187 0.114961 -0.435248 14.139317 0.295098 -0.934727 -9.766576 0.725533 -0.103687 8.606662 9.168338 -9.008601 -20.804464 71.750701 32.251478 59.576759 22.862673 0.624121 14.448965 -1.537539 2.184088 4.755519 -7.884909 10.244269 -10.613356 -72.169987 -50.069227 60.061705 -38.442226 -7.916680 12.445811 6.687558 -3.385910 1.463126 -4.833888 -0.629133 7.779222 -0.015671 -5.268320 -17.517995 3.061575 0.000000 -0.000000 0.000000 -1.603200 0.572489 -4.069242 -0.757228 6.623399 0.705379 6.217315 -16.205950 -1.985599 0.000000 -0.000000 -0.000000
0.276768 0.940520 -1.244623 8.354173 6.234002 2.077617 0.622448 -1.012961 0.153992 0.269840 -6.276336 0.070215 0.268221 -0.455968 0.097609 0.208732 5.494746 0.073762 -0.455697 14.089574 0.340095 -0.991343 -9.858216 0.818807 -0.044649 8.507677 9.237553 -9.119867 -20.709496 71.369272 34.478339 59.261921 24.608923 0.671171 14.455987 -1.420456 2.210788 4.524463 -7.825006 10.872463 -9.923958 -71.678982 -50.198773 59.267993 -38.682931 -7.958528 12.464023 7.075822 -3.146457 1.295063 -5.119972 -0.834537 8.853386 -0.052180 -5.409160 -17.942078 3.095438 -0.000000 0.000000 -0.000000 -1.655723 1.006755 -4.342040 -0.761709 6.525701 0.642244 6.175354 -16.369458 -1.868576 0.000000 -0.000000 -0.000000
0.280137 0.938272 -1.236100 8.398718 6.346725 2.298427 0.624029 -0.933582 0.017748 0.276438 -6.241241 0.009199 0.274802 -0.420876 0.037263 0.209000 5.521045 0.028287 -0.468755 13.998437 0.382303 -1.033533 -10.026787 0.904543 -0.037884 8.378143 9.268318 -9.108776 -20.642473 70.788541 37.169405 58.766346 26.753446 0.716511 14.474587 -1.257025 2.239557 4.252679 -7.769136 11.600947 -9.269034 -71.059881 -49.674521 57.724378 -38.468930 -7.959352 12.365986 7.528227 -3.001191 0.736346 -5.568225 -1.146746 10.772670 0.056630 -5.280148 -18.762395 3.163433 0.007969 0.382434 -0.094230 -1.595669 1.424481 -4.655996 -0.813205 6.565179 0.555822 6.083069 -16.519757 -1.680910 -0.000000 0.000000 0.000000
0.283758 0.935764 -1.227402 8.417285 6.433285 2.553756 0.608443 -0.801190 -0.137838 0.276320 -6.182601 -0.060558 0.274720 -0.362235 -0.032505 0.203548 5.564995 -0.024309 -0.469835 13.869344 0.428480 -1.055351 -10.265906 0.993687 -0.064176 8.225670 9.281565 -9.042246 -20.577759 70.075123 40.165662 58.060983 29.102095 0.780269 14.497238 -1.093787 2.258217 3.963910 -7.712197 12.377657 -8.656465 -70.343223 -48.779303 55.637963 -38.030204 -7.938102 12.200436 8.065177 -2.865515 -0.180835 -6.140419 -1.540391 13.438453 0.227939 -4.989253 -19.771048 3.261947 0.014924 0.764759 -0.188942 -1.444786 1.843075 -5.004790 -0.907592 6.692527 0.438723 5.961599 -16.687663 -1.445219 -0.000000 0.000000 -0.000000
0.287436 0.932934 -1.218696 8.353446 6.522486 2.868277 0.571958 -0.611643 -0.342856 0.269227 -6.098585 -0.152486 0.267720 -0.278217 -0.125155 0.191163 5.627959 -0.094180 -0.436023 13.680943 0.500254 -1.022469 -10.615274 1.118244 -0.111639 8.062111 9.309020 -9.026512 -20.471593 69.364511 43.183414 57.019424 31.247135 0.920203 14.511183 -1.101986 2.217562 3.729444 -7.645625 13.016373 -8.169877 -69.577683 -47.819692 53.208599 -37.499173 -7.846058 12.023735 8.711002 -2.638958 -1.646361 -6.836281 -2.033322 17.083633 0.332591 -4.626721 -20.494973 3.477962 -0.000000 0.000000 -0.000000 -1.187736 2.252690 -5.388004 -1.066446 6.886713 0.249624 5.845555 -16.987648 -1.177539 0.000000 -0.000000 -0.000000
0.291194 0.929758 -1.210138 8.171028 6.644250 3.251440 0.522210 -0.365495 -0.611199 0.259288 -5.989405 -0.272713 0.257894 -0.169033 -0.246388 0.174490 5.709775 -0.185620 -0.356470 13.418641 0.605404 -0.917864 -11.102069 1.288805 -0.155794 7.885601 9.349558 -9.074509 -20.295100 68.658786 46.333312 55.580604 33.129657 1.125389 14.565352 -1.119864 2.109089 3.561510 -7.562806 13.569019 -7.797976 -68.704894 -46.825892 50.202429 -36.933133 -7.654743 11.876983 9.447818 -2.092863 -3.814039 -7.754610 -2.932427 22.016225 0.273454 -4.037014 -20.814413 4.063487 -0.049263 -2.741206 0.571963 -0.738598 2.634902 -5.794831 -1.362303 7.143743 -0.059611 5.732936 -17.476241 -0.855190 -0.000000 -0.000000 0.000000
0.295009 0.926261 -1.201572 7.906719 6.770766 3.693252 0.447983 -0.064616 -0.930656 0.241159 -5.855802 -0.415717 0.239928 -0.035419 -0.391226 0.149952 5.809892 -0.294896 -0.242264 13.097318 0.736436 -0.759398 -11.698663 1.495291 -0.220825 7.698716 9.406561 -9.177754 -20.084021 67.956171 49.386076 53.802806 34.708202 1.409507 14.613214 -1.304337 1.942521 3.449477 -7.466723 13.992352 -7.540031 -67.797040 -45.862821 46.839498 -36.377509 -7.409198 11.719731 10.303387 -1.397027 -6.520290 -8.816993 -3.975231 27.929048 -0.001502 -3.320441 -20.850225 4.718878 -0.123225 -6.621146 1.469613 -0.185208 3.013402 -6.236358 -1.726632 7.467149 -0.439557 5.621808 -18.096464 -0.499194 -0.000000 -0.000000 0.000000
0.298616 0.922454 -1.192692 7.613014 6.844361 4.189569 0.316906 0.292252 -1.292685 0.200291 -5.697041 -0.577576 0.199360 0.123355 -0.557243 0.106939 5.928864 -0.420206 -0.103268 12.740099 0.892476 -0.565108 -12.362061 1.739476 -0.366694 7.521314 9.520310 -9.407376 -19.894370 67.386018 51.661177 51.796583 35.745120 1.882863 14.519133 -2.298280 1.696543 3.431039 -7.362390 13.949388 -7.482177 -67.095919 -45.174695 43.993406 -35.732533 -7.149853 11.487599 11.368394 -1.066625 -9.497588 -9.723765 -4.330206 34.119239 -0.430869 -3.020849 -20.485574 4.775047 -0.246875 -10.279844 2.744064 0.225902 3.436891 -6.745837 -1.968591 7.847025 -0.787427 5.546886 -18.793104 -0.192496 0.000000 -0.000000 -0.000000
0.302099 0.918051 -1.183500 7.264740 6.795849 4.834994 0.119460 0.751628 -1.755086 0.135542 -5.492214 -0.783824 0.135034 0.328186 -0.770080 0.042693 6.082343 -0.580898 0.071998 12.322918 1.094842 -0.322727 -13.136931 2.057517 -0.630894 7.369768 9.732882 -9.743804 -19.818770 66.999372 53.100179 49.575289 36.351870 2.855492 14.213246 -4.530930 1.315004 3.531263 -7.238978 13.236086 -7.623038 -66.658296 -44.725441 42.072373 -34.687297 -6.830684 11.088754 12.753286 -1.370278 -12.773083 -10.391614 -3.320752 40.783057 -0.793415 -3.703252 -19.456926 3.801015 -0.515634 -13.682903 4.747106 0.281355 3.914975 -7.466615 -1.955764 8.350022 -1.083707 5.620664 -19.610701 0.060591 0.000770 0.028351 -0.091486
0.305375 0.913338 -1.173996 6.884985 6.696999 5.535924 -0.140207 1.260850 -2.264603 0.046446 -5.264408 -1.010281 0.046391 0.556000 -1.005575 -0.041354 6.253084 -0.758715 0.272273 11.871176 1.323977 -0.045668 -13.976234 2.416733 -0.971427 7.235049 10.009514 -10.203692 -19.764734 66.748961 53.918422 47.170626 36.645445 4.199126 13.821786 -7.481707 0.857337 3.729195 -7.106619 12.040480 -7.959728 -66.376063 -44.456005 40.686793 -33.366993 -6.443728 10.616794 14.342162 -2.051377 -16.352106 -10.813915 -1.520461 47.732113 -1.004997 -5.001334 -18.043359 2.382611 -0.899471 -16.816305 7.188357 0.189268 4.424513 -8.260560 -1.820514 8.908493 -1.353920 5.731509 -20.505679 0.260905 0.001306 0.056671 -0.182984
0.307922 0.909187 -1.163869 6.600747 6.696269 6.005190 -0.465551 1.677758 -2.641847 -0.077865 -5.076808 -1.176859 -0.077444 0.743620 -1.184762 -0.147474 6.393848 -0.893988 0.454297 11.481834 1.517735 0.211864 -14.699968 2.715198 -1.330907 7.096312 10.273568 -10.906151 -19.508651 66.606505 53.986009 44.747369 36.545585 5.350092 13.453183 -10.390860 0.473047 3.989498 -7.006893 10.603198 -8.580940 -66.234009 -44.518693 39.525506 -32.210867 -6.069490 10.304726 15.888190 -2.928992 -19.932133 -10.785285 -0.074967 53.677450 -1.299663 -5.977841 -16.929476 1.323278 -1.106790 -18.408136 9.005447 0.339807 4.978078 -8.732153 -1.765159 9.313914 -1.557602 5.579428 -21.289746 0.339520 -0.000000 -0.000000 0.000000
0.309495 0.905772 -1.153112 6.412103 6.804971 6.150156 -0.847496 1.985677 -2.837964 -0.236370 -4.937206 -1.262056 -0.235393 0.883199 -1.286069 -0.273277 6.498765 -0.970389 0.603011 11.175023 1.666946 0.426228 -15.270585 2.941183 -1.734467 6.982791 10.551786 -11.911501 -19.049676 66.604520 53.178937 42.247037 36.052132 6.311496 13.048477 -13.327597 0.232861 4.329859 -6.981060 8.741569 -9.585640 -66.220473 -44.637028 38.567716 -31.019728 -5.646487 10.362407 17.436874 -4.362283 -23.487562 -10.031858 0.376382 58.260261 -2.395163 -6.067992 -16.381664 0.830418 -0.881751 -17.591927 9.725713 0.914949 5.604679 -8.750258 -1.829883 9.550476 -1.669287 5.014943 -21.946716 0.266086 -0.004007 -0.190989 0.714726
0.310339 0.902919 -1.141732 6.319742 7.007029 6.062587 -1.285197 2.210276 -2.896288 -0.426841 -4.834490 -1.285306 -0.425243 0.985797 -1.328665 -0.418611 6.576079 -1.002340 0.734262 10.930371 1.780977 0.623513 -15.726027 3.106109 -2.158152 6.864899 10.817054 -13.146819 -18.381437 66.679554 51.775747 39.738192 35.368071 7.195956 12.566720 -16.191462 0.061950 4.726887 -6.997890 6.620040 -10.894330 -66.268054 -45.031040 37.889782 -29.927668 -5.183520 10.617300 18.935070 -6.182839 -26.988761 -8.723190 0.080108 61.810441 -4.042642 -5.708271 -16.115126 0.595313 -0.410127 -15.291188 9.694587 1.750979 6.277289 -8.435081 -1.969919 9.635232 -1.707778 4.184016 -22.493734 0.085819 -0.010533 -0.464881 1.704543
0.310674 0.900983 -1.129450 6.452592 7.406978 5.731654 -1.787299 2.281117 -2.767620 -0.656200 -4.800548 -1.225111 -0.653870 1.019505 -1.291731 -0.587214 6.601864 -0.974100 0.850932 10.782202 1.823242 0.826391 -16.002872 3.137703 -2.478095 6.619915 10.908801 -14.526521 -17.282851 66.626796 50.230794 37.560312 34.642111 7.323283 12.061688 -18.165809 -0.110322 5.081594 -6.988694 5.016911 -12.329501 -66.363851 -46.630881 37.301589 -29.851755 -4.929609 10.751111 20.010874 -7.347515 -30.158050 -7.497660 -0.677826 64.101872 -4.995181 -5.331524 -15.972468 0.557621 -0.025598 -12.969797 9.013475 2.730430 6.930698 -7.763667 -2.258194 9.409755 -1.695500 3.230072 -22.791714 -0.156238 -0.016356 -0.757857 2.472630
0.310531 0.899981 -1.116282 6.956150 8.098869 5.120474 -2.396131 2.142843 -2.402940 -0.945977 -4.860627 -1.060295 -0.942600 0.959016 -1.156311 -0.793683 6.557076 -0.871429 0.940790 10.762258 1.765279 1.025135 -16.042050 2.985980 -2.641962 6.179584 10.740284 -16.020548 -15.616486 66.391533 48.377744 35.862010 33.642133 5.878864 11.468841 -18.936379 -0.339222 5.419832 -6.925602 4.369029 -13.967488 -66.613682 -49.841208 36.669362 -31.224416 -5.069241 10.572023 20.516091 -7.328258 -33.010100 -6.802598 -1.723063 64.987094 -4.412775 -5.040749 -15.933686 0.795962 0.124151 -11.168252 7.438661 3.971137 7.562923 -6.632679 -2.867979 8.672563 -1.653004 2.098037 -22.882408 -0.468909 -0.012840 -0.832915 2.811534
0.309878 0.899896 -1.102212 7.673474 8.999406 4.275822 -3.067629 1.863124 -1.839370 -1.273796 -4.985591 -0.807977 -1.269023 0.833411 -0.937275 -1.022189 6.463262 -0.705746 1.013706 10.835940 1.631665 1.226800 -15.907341 2.694871 -2.700729 5.598225 10.399279 -17.653544 -13.538784 65.950947 46.389252 34.453319 32.547824 3.372843 10.891388 -19.088644 -0.570416 5.716414 -6.834832 4.275983 -15.739051 -67.001462 -54.196269 35.893615 -33.537749 -5.465393 10.243009 20.659914 -6.502826 -35.603548 -6.461038 -3.045544 64.626374 -2.928907 -4.747048 -16.012698 1.253836 0.142533 -9.354068 5.236496 5.399195 8.110129 -5.150485 -3.621162 7.619410 -1.568460 0.842203 -22.726471 -0.849132 -0.007352 -0.929224 2.927990
0.308843 0.901029 -1.086901 8.281010 9.942690 3.306312 -3.681517 1.553188 -1.159626 -1.580923 -5.126629 -0.504989 -1.574645 0.691598 -0.665465 -1.231071 6.356881 -0.500478 1.105796 10.938284 1.465175 1.479817 -15.718969 2.332264 -2.686701 4.933439 9.986963 -19.439494 -11.294093 65.152165 45.133678 33.215013 32.011068 1.033681 10.602069 -19.192478 -0.707226 5.798272 -6.719486 4.265748 -17.246573 -67.390591 -59.310017 34.826133 -36.233518 -5.921773 9.972973 20.604357 -5.079862 -37.783625 -6.270071 -4.302123 63.290239 -1.184373 -4.597062 -16.123731 1.663446 0.128862 -7.361150 3.279650 6.585674 8.456597 -3.619726 -4.066772 6.690500 -1.417698 -0.236617 -22.062191 -1.233575 -0.020980 -1.699489 2.945345
0.307244 0.903561 -1.070330 8.712656 10.954513 2.164071 -4.209211 1.187633 -0.339630 -1.855359 -5.295469 -0.140738 -1.847459 0.521919 -0.329052 -1.410391 6.229072 -0.246792 1.232672 11.098674 1.272651 1.810504 -15.421850 1.905307 -2.588836 4.087608 9.481511 -21.520040 -8.785873 63.843807 44.827391 32.118491 32.231489 -0.802524 10.807397 -19.368665 -0.640756 5.490148 -6.561997 4.370871 -18.293601 -67.828665 -65.530750 33.522816 -39.467047 -6.416319 9.816915 20.315580 -2.640120 -39.581434 -6.360991 -5.441247 60.884517 0.881180 -4.722260 -16.301065 1.910163 0.116855 -4.780602 1.845436 7.349059 8.566813 -2.059424 -4.052019 5.928536 -1.173538 -1.029445 -20.843303 -1.610395 -0.057299 -3.273404 2.885188
0.305263 0.907310 -1.052519 9.023550 12.005824 0.889173 -4.681742 0.794732 0.595035 -2.109388 -5.479139 0.273734 -2.099762 0.337363 0.059651 -1.570183 6.089509 0.046009 1.376798 11.288667 1.046369 2.187485 -15.067940 1.407774 -2.403535 3.159862 8.905432 -23.806671 -6.181745 62.125208 45.167631 31.239450 32.907967 -2.482961 11.306135 -19.487898 -0.474315 4.970408 -6.369921 4.565355 -19.071172 -68.297388 -72.322101 31.648786 -42.844137 -7.006612 9.643018 19.829607 0.480454 -41.001264 -6.689247 -6.830533 57.431116 2.841837 -4.973318 -16.525807 2.071450 0.066703 -1.987973 0.721598 7.855262 8.521737 -0.454392 -3.730177 5.292167 -0.873854 -1.674148 -19.116359 -1.976735 -0.107067 -5.520824 2.721047
0.303578 0.912041 -1.033192 9.089891 12.832948 -0.290326 -5.062167 0.558511 1.477986 -2.319215 -5.593858 0.666109 -2.308227 0.221832 0.430738 -1.698252 6.001339 0.325523 1.528654 11.357541 0.810387 2.582332 -14.936631 0.888583 -2.194006 2.505868 8.420481 -25.962959 -4.099517 60.323731 46.218344 30.636383 33.909575 -3.696992 11.680220 -19.566371 -0.431022 4.594285 -6.183760 4.254372 -19.782483 -68.521305 -78.052378 29.011987 -44.936732 -7.598259 9.437972 19.361742 2.793516 -41.838324 -6.523968 -8.176509 53.466609 3.914365 -5.067790 -16.628039 2.189145 -0.000000 0.000000 0.000000 8.158006 8.444728 0.952203 -3.112924 5.101284 -0.579020 -2.247702 -16.757930 -2.275552 -0.170238 -8.704939 2.505231
0.302487 0.918127 -1.012220 8.849834 13.315279 -1.354533 -5.324112 0.581732 2.291694 -2.473667 -5.593145 1.030044 -2.461998 0.221879 0.779012 -1.787030 5.999630 0.588222 1.690292 11.181622 0.563194 3.003700 -15.257147 0.339156 -2.014464 2.244100 8.060659 -27.901651 -2.743725 58.504739 48.371090 30.371958 35.378760 -4.155283 11.747748 -19.469537 -0.620979 4.476912 -6.008389 2.940236 -20.559948 -68.349391 -82.220506 25.832637 -45.009381 -8.138293 9.156637 18.917009 3.652744 -41.925175 -5.407160 -9.110666 49.010900 4.131113 -4.913178 -16.527662 2.272556 -0.023623 0.553642 -0.223057 8.212431 8.454766 2.091395 -2.123522 5.426909 -0.249355 -2.767090 -13.701141 -2.478716 -0.242250 -13.025947 2.229405
0.301692 0.925195 -0.989732 8.383253 13.559251 -2.327037 -5.486575 0.757104 3.043171 -2.582146 -5.524220 1.367736 -2.570297 0.290310 1.105706 -1.843431 6.049132 0.834990 1.866808 10.885169 0.310831 3.461076 -15.798454 -0.232377 -1.832944 2.258908 7.779844 -29.700861 -1.887814 56.735873 51.256605 30.275184 37.120307 -4.131938 11.709538 -19.220984 -0.937325 4.498315 -5.842083 1.092323 -21.278470 -67.878376 -85.690094 22.514836 -43.886007 -8.670456 8.851972 18.480784 3.654870 -41.388204 -3.630610 -9.513202 44.118701 3.947277 -4.616948 -16.293975 2.361496 -0.010580 0.277620 -0.109638 8.040171 8.475458 3.041396 -0.838755 6.203148 0.092036 -3.228080 -10.012329 -2.615719 -0.302405 -18.284026 1.900060
0.300980 0.931883 -0.965838 7.791181 13.642265 -3.043454 -5.582461 0.946990 3.601836 -2.652680 -5.446509 1.619356 -2.640891 0.367719 1.350161 -1.877873 6.105727 1.019824 2.050747 10.688675 0.087206 3.921094 -16.152126 -0.752086 -1.598449 2.555894 7.615201 -31.223170 -1.421874 55.414509 53.794496 30.113867 38.519721 -4.146757 11.714966 -19.037099 -1.283765 4.658688 -5.721855 -0.432764 -21.748807 -67.236237 -88.933213 19.306575 -42.618826 -9.225956 8.734390 18.186146 3.106176 -40.446459 -1.484572 -9.196363 39.445086 3.504125 -4.222560 -15.979754 2.580463 0.000000 -0.000000 0.000000 7.780595 8.324600 3.779857 0.492451 7.549246 0.310517 -3.664771 -5.767589 -2.720953 -0.340615 -24.142521 1.592627
0.300235 0.938128 -0.940334 7.070452 13.572514 -3.398630 -5.623270 1.105172 3.884799 -2.685737 -5.379532 1.747430 -2.674138 0.434565 1.474873 -1.893439 6.155081 1.114302 2.241034 10.669391 -0.093844 4.370340 -16.175589 -1.187529 -1.209076 3.194850 7.648321 -32.418952 -1.291329 54.668236 55.581248 29.844666 39.346560 -4.401242 11.829641 -19.109478 -1.698883 5.022427 -5.669572 -1.421228 -21.810809 -66.372845 -92.045560 15.982161 -41.366508 -9.815265 9.037454 18.010776 1.822829 -39.023335 1.205122 -7.841870 35.023771 2.585831 -3.704057 -15.545669 2.947522 -0.000000 -0.000000 0.000000 7.432080 7.982854 4.246232 1.840209 9.422737 0.354781 -4.092774 -0.751558 -2.818011 -0.387725 -31.272308 1.361568
0.299572 0.943994 -0.913423 6.230081 13.348211 -3.491247 -5.605318 1.268655 3.974057 -2.683520 -5.307685 1.788973 -2.672273 0.506417 1.516644 -1.889005 6.208726 1.146236 2.433812 10.749750 -0.249425 4.808908 -16.012944 -1.570383 -0.767321 4.120418 7.793172 -33.296136 -1.469969 54.405573 57.022526 29.578017 39.851198 -4.692620 11.983393 -19.250328 -2.149506 5.523249 -5.675752 -2.061812 -21.592568 -65.403361 -94.969567 12.644347 -40.088381 -10.433355 9.565342 17.878044 0.128660 -37.081291 4.102095 -5.750016 30.878980 1.343780 -3.096752 -15.044849 3.460642 -0.000000 0.000000 -0.000000 6.987862 7.460065 4.509125 3.212631 11.876401 0.304230 -4.490901 4.822162 -2.901249 -0.414081 -39.002509 1.142364
0.299122 0.948315 -0.885824 5.385672 13.035844 -3.464391 -5.542049 1.424210 3.990513 -2.657610 -5.238217 1.797769 -2.646797 0.575987 1.528066 -1.869165 6.260890 1.155239 2.612306 10.917906 -0.394674 5.210273 -15.686776 -1.921267 -0.529346 5.162770 7.835981 -33.790221 -1.869042 54.658919 58.237056 29.390282 40.162320 -4.938421 12.127947 -19.114166 -2.430326 5.968374 -5.724272 -2.106464 -21.365639 -64.742036 -97.641905 9.726637 -39.523991 -11.079916 9.915667 17.869628 -1.056601 -35.010375 6.285319 -3.822396 27.602803 0.394090 -2.535040 -14.669447 4.180476 -0.000000 0.000000 0.000000 6.576697 6.608714 4.745892 4.409603 15.170173 0.224783 -4.824120 10.234664 -2.951121 -0.332370 -44.982583 0.807555
0.299007 0.950919 -0.857500 4.544282 12.641479 -3.337959 -5.435392 1.552500 3.951227 -2.609484 -5.179898 1.781202 -2.599141 0.634514 1.516368 -1.834421 6.304963 1.146703 2.781617 11.219032 -0.525965 5.579220 -15.113602 -2.231684 -0.629554 6.254703 7.677530 -33.878635 -2.424624 55.509313 59.227469 29.380728 40.311080 -5.136695 12.228849 -18.489762 -2.437605 6.316853 -5.814062 -1.196129 -21.336410 -64.605777 -99.996117 7.176295 -40.342286 -11.822435 9.919472 18.153066 -1.346202 -32.988977 7.413411 -2.486463 25.427723 -0.019790 -2.090301 -14.584883 5.791541 -0.000000 -0.000000 0.000000 6.226871 5.338114 5.023667 5.380992 19.579374 0.076099 -5.162753 15.520542 -2.991349 -0.198229 -48.617744 0.501656
0.299104 0.951977 -0.828489 3.697185 12.163892 -3.088729 -5.283495 1.671509 3.841001 -2.537647 -5.124594 1.732684 -2.527838 0.690147 1.475132 -1.784166 6.347098 1.115829 2.935151 11.608420 -0.647339 5.905954 -14.376761 -2.507992 -0.942721 7.454980 7.405895 -33.583108 -3.185875 56.857380 60.005183 29.465023 40.284030 -5.294731 12.310946 -17.586108 -2.272896 6.612988 -5.937358 0.295449 -21.315623 -64.776609 -101.862998 4.797778 -41.974197 -12.593631 9.787993 18.602369 -1.280363 -30.924537 7.962767 -1.425529 24.068540 -0.122090 -1.659748 -14.624950 7.565527 0.000000 -0.000000 0.000000 5.915527 3.736678 5.294833 6.137705 24.824867 -0.115405 -5.410849 20.646896 -3.000200 -0.014751 -50.501378 0.105474
0.299188 0.950844 -0.799625 2.936418 11.653740 -2.799251 -5.093568 1.827768 3.732492 -2.449222 -5.052513 1.685070 -2.440067 0.762627 1.436491 -1.721390 6.401890 1.086977 3.039498 11.939580 -0.783963 6.145438 -13.748708 -2.793130 -1.342268 8.782439 7.090771 -32.913936 -4.257215 58.449046 60.697654 29.437046 40.135514 -5.337835 12.414175 -16.682615 -2.036425 6.793432 -6.059635 1.491757 -21.005061 -64.986208 -103.037279 2.853630 -43.343595 -13.177286 9.663986 18.902547 -1.418338 -28.874841 8.346889 -0.461286 23.291924 0.046738 -1.117812 -14.448395 7.432263 -0.000000 -0.000000 -0.000000 5.686964 1.932475 5.558209 6.600164 30.326863 -0.196218 -5.260260 24.794039 -2.854969 0.280137 -50.057962 -0.852175
0.299182 0.946732 -0.771139 2.299524 11.130802 -2.415178 -4.869259 2.037099 3.609757 -2.345160 -4.956562 1.631330 -2.336783 0.859010 1.393308 -1.647345 6.474644 1.054773 3.079072 12.181777 -0.939007 6.272384 -13.287552 -3.089969 -1.911619 10.851848 6.634503 -31.803396 -6.181360 60.622489 61.434168 29.280980 39.952787 -5.156532 12.593663 -15.750207 -1.760055 6.798111 -6.125836 1.993517 -20.217084 -65.102732 -103.464154 1.430129 -44.027936 -13.444374 9.582934 18.786656 -2.108687 -26.751888 8.580675 0.418272 22.923663 0.656037 -0.310228 -13.513751 3.618222 -0.004289 0.040147 0.016536 5.430631 -0.075640 5.786261 6.778657 36.085118 -0.180228 -4.592203 27.908935 -2.582602 0.414457 -46.325647 -2.266274
0.299162 0.940429 -0.742800 1.746481 10.575612 -1.992942 -4.608380 2.285777 3.490089 -2.225189 -4.842974 1.578917 -2.217684 0.973073 1.353056 -1.561243 6.560658 1.024793 3.070344 12.365839 -1.107554 6.315200 -12.935780 -3.395143 -2.590791 13.045396 6.127021 -30.373436 -8.490775 62.963561 62.090786 29.032388 39.639473 -4.845335 12.767306 -14.808255 -1.409475 6.689325 -6.191380 2.188012 -19.145955 -65.240011 -103.281396 0.508798 -44.546772 -13.509165 9.481660 18.525290 -3.007617 -24.659108 8.620066 1.219877 23.142633 1.552411 0.310331 -12.380947 -2.060989 -0.004578 0.080613 0.032701 5.263044 -2.288915 6.003931 6.640749 42.093111 -0.133635 -3.500154 30.046003 -2.158829 0.015254 -40.255323 -3.701039
0.299120 0.933654 -0.714756 1.257364 9.974055 -1.782299 -4.309471 2.576177 3.495743 -2.094830 -4.711674 1.582202 -2.088281 1.104885 1.369552 -1.463213 6.659735 1.037675 3.029376 12.437726 -1.302363 6.313660 -12.791953 -3.743916 -2.973213 13.548025 5.978262 -28.805103 -9.723735 64.138179 62.419406 28.569731 38.956101 -4.639266 12.800934 -14.215732 -0.986755 6.588537 -6.389012 2.376879 -18.074627 -65.490134 -102.662654 0.265801 -45.222070 -13.529024 9.330597 18.600237 -3.583636 -22.911669 8.790221 2.107745 24.233382 2.193610 0.268130 -12.310841 -6.313676 0.000000 0.000000 0.000000 5.545338 -4.574595 6.261808 6.141009 47.761006 0.077875 -1.969908 30.537817 -1.384274 -0.904094 -34.135707 -5.226095
0.299171 0.926352 -0.687116 0.831324 9.258968 -1.981485 -3.973594 2.938397 3.751814 -1.961427 -4.549997 1.696932 -1.955904 1.267052 1.497787 -1.354691 6.781069 1.135008 2.966599 12.334486 -1.576045 6.314685 -12.968532 -4.246086 -2.771172 10.652456 6.502199 -27.171950 -8.400730 63.137983 62.315971 27.851509 37.634380 -4.611295 12.673072 -14.094615 -0.405926 6.514959 -6.825465 2.586000 -17.135583 -65.900009 -101.462669 0.793291 -46.236964 -13.670874 8.993811 19.274717 -3.434507 -21.864064 9.398221 3.209264 26.888849 2.301699 -0.698947 -14.098717 -7.598833 0.001378 -0.277431 -0.092048 6.584056 -6.829748 6.633080 5.218337 53.032451 0.591962 0.452699 28.608437 -0.041001 -2.494628 -27.761340 -7.428885
0.299201 0.918579 -0.659771 0.478753 8.490949 -2.391222 -3.597892 3.338480 4.137254 -1.817786 -4.371611 1.868624 -1.813269 1.445901 1.684028 -1.234232 6.914694 1.276171 2.875689 12.120398 -1.877162 6.282511 -13.350115 -4.797764 -2.272199 6.063666 7.318409 -25.492645 -5.750621 61.286815 61.941714 26.954684 35.924735 -4.700885 12.454176 -14.339644 0.245763 6.464738 -7.395728 2.786814 -16.186307 -66.409877 -99.873492 2.071207 -47.319439 -13.809256 8.556550 20.258300 -2.970628 -21.158581 10.212543 4.383930 30.416290 2.262569 -2.075825 -16.881176 -7.405390 0.002119 -0.675545 -0.233355 8.031881 -9.177485 6.993504 4.060030 57.968552 1.357890 3.132821 24.981174 1.328964 -4.482911 -21.338700 -9.921634
0.298854 0.912223 -0.632536 0.192330 7.848398 -2.666892 -3.174460 3.683207 4.404075 -1.646715 -4.216057 1.986110 -1.643093 1.601982 1.818898 -1.096960 7.031630 1.378361 2.744590 11.930943 -2.062277 6.124530 -13.697054 -5.110161 -1.841783 3.099731 7.923010 -23.525715 -4.490194 60.535465 61.432644 25.911876 34.351326 -4.951963 12.181973 -14.973629 0.703550 6.512514 -7.909619 3.199062 -15.095257 -66.944768 -98.564570 4.067047 -48.082723 -13.649202 8.320049 21.227180 -2.847464 -20.007303 10.747655 5.365767 32.983707 2.376017 -2.799109 -19.351170 -7.118897 0.004162 -1.087884 -0.438381 9.287951 -11.798052 7.094910 3.010254 62.159389 2.249451 4.667200 21.305643 2.161079 -5.663881 -17.796221 -11.644376
0.297851 0.907783 -0.605383 -0.034864 7.364859 -2.692859 -2.696916 3.984072 4.455031 -1.439879 -4.078040 2.006109 -1.437126 1.740569 1.859902 -0.939874 7.136021 1.409397 2.576277 11.799215 -2.063226 5.813163 -13.953031 -5.050528 -1.587337 3.541886 8.236081 -20.689336 -6.442189 61.547233 60.410892 24.679598 32.813173 -5.553271 11.866565 -16.296476 0.770119 6.798476 -8.323302 3.775090 -13.887993 -67.639563 -97.746051 7.502016 -48.145682 -12.805270 8.506868 22.267289 -3.471906 -17.995793 10.775597 6.048564 33.851494 2.691882 -2.188150 -21.173935 -7.366534 0.006492 -1.401084 -0.699852 10.376880 -14.821479 6.796813 2.087266 65.570523 3.391612 4.269531 18.089387 2.512688 -5.029363 -19.209131 -11.968003
0.296471 0.904759 -0.578341 -0.202646 7.009540 -2.589352 -2.171705 4.233183 4.387070 -1.204858 -3.962103 1.971915 -1.202866 1.857035 1.849536 -0.765345 7.224108 1.401324 2.365741 11.689334 -1.947178 5.368670 -14.178942 -4.746797 -1.361305 5.613057 8.464857 -17.465707 -10.123494 63.026379 59.280218 23.248017 31.391239 -6.324691 11.550066 -18.004661 0.641004 7.169806 -8.672146 4.554062 -12.534795 -68.346796 -97.192001 11.568690 -47.731608 -11.619312 8.849582 23.362652 -4.436581 -15.541280 10.461752 6.524485 33.752064 3.049754 -0.850251 -22.678127 -7.662013 0.014126 -1.728815 -1.024211 11.357656 -18.091466 6.214155 1.142253 68.246813 4.532208 2.904321 14.842671 2.697703 -3.249664 -23.432552 -11.497192
0.295203 0.903541 -0.551311 -0.314575 6.866732 -2.367757 -1.610966 4.312131 4.238541 -0.947887 -3.921405 1.900806 -0.946377 1.898235 1.804527 -0.576444 7.255942 1.366678 2.085450 11.632270 -1.772431 4.760940 -14.313070 -4.295984 -1.112273 7.305165 8.615582 -14.903403 -13.329274 64.061791 59.257593 21.738038 30.822862 -6.756902 11.302199 -19.221980 0.644733 7.248467 -8.889776 5.909056 -10.845816 -68.531584 -96.973881 13.941541 -47.607885 -10.890566 9.045363 24.033658 -5.171159 -13.081569 9.926039 6.800077 33.041065 3.286113 0.352510 -23.588942 -7.763971 0.029065 -2.306134 -1.443959 11.690971 -21.342925 5.548730 0.137672 69.895224 4.855648 1.935828 11.781496 2.783737 -1.564470 -27.122833 -11.032924
0.294172 0.904262 -0.524662 -0.381212 7.045967 -2.012604 -0.998796 4.132431 3.996614 -0.660668 -3.995469 1.787463 -0.659509 1.824621 1.720393 -0.367359 7.201848 1.302040 1.712994 11.652798 -1.533088 3.943764 -14.308006 -3.676359 -0.831035 7.870138 8.639440 -13.558944 -15.154342 64.747453 60.880405 20.118661 31.519928 -6.604313 11.053349 -19.629606 0.933223 6.822197 -8.950693 8.270244 -8.723314 -67.835305 -97.123265 13.370309 -48.432855 -11.070764 9.050235 23.929696 -5.509689 -10.740145 9.198476 6.939475 31.656793 3.414970 1.099645 -23.995050 -7.556648 0.051376 -2.972158 -1.989119 10.914405 -24.682638 4.938523 -0.850150 70.447754 3.989482 1.914422 8.888456 2.728898 -0.292161 -29.626893 -10.995417
0.293252 0.906789 -0.498025 -0.388230 7.437481 -1.539994 -0.349043 3.790154 3.660938 -0.350705 -4.142222 1.632606 -0.350068 1.678134 1.597008 -0.144175 7.093121 1.207579 1.270522 11.725827 -1.235114 2.964995 -14.204865 -2.912240 -0.543576 8.062369 8.548782 -12.884894 -16.406203 65.341745 63.478762 18.353764 32.915323 -6.097708 10.814833 -19.581692 1.348038 6.093036 -8.909251 11.249831 -6.427320 -66.406802 -97.479045 11.178144 -49.866870 -11.692626 8.994978 23.346995 -5.675181 -8.388441 8.306354 6.887028 29.657681 3.464595 1.685980 -23.818455 -7.115705 0.088832 -3.888982 -2.628442 9.456821 -28.042735 4.388918 -1.538751 69.937050 2.676051 2.285695 6.192385 2.569453 0.840932 -31.643434 -10.969261
0.292548 0.911106 -0.470195 -0.302963 7.795650 -1.007874 0.281834 3.441165 3.291935 -0.047865 -4.293070 1.463898 -0.047898 1.527362 1.459034 0.072442 6.981030 1.102279 0.796589 11.809248 -0.955525 1.934805 -14.074409 -2.170876 -0.277681 8.128652 8.384645 -12.198923 -17.276986 65.602543 66.450174 16.657363 34.274887 -5.436514 10.743921 -19.196016 1.755997 5.306514 -8.818197 14.010968 -4.270206 -64.545902 -98.017123 8.906556 -51.273477 -12.224510 8.918659 22.770472 -5.664196 -6.068479 7.412931 6.471131 27.571109 3.290757 2.155335 -22.557760 -6.457683 0.166734 -5.774030 -3.305283 8.096336 -30.892068 3.861382 -1.682403 68.237343 1.768557 2.692863 4.001351 2.395143 1.521771 -31.925626 -10.664245
0.292208 0.917662 -0.440628 -0.106063 8.040571 -0.395990 0.903012 3.125418 2.900535 0.251090 -4.430172 1.286038 0.250308 1.390224 1.311557 0.285367 6.879050 0.990050 0.272274 11.888068 -0.727401 0.832050 -13.943848 -1.508130 -0.058016 8.074505 8.125747 -11.250353 -17.645734 65.382497 69.814496 15.101405 35.411116 -4.613636 10.875635 -18.363975 2.182812 4.406271 -8.652918 16.245419 -2.196953 -62.266224 -98.946688 6.811649 -52.445720 -12.523269 8.821255 22.342042 -5.430159 -3.676156 6.555430 5.596309 25.331135 2.793673 2.546318 -19.876660 -5.578033 0.327041 -9.138728 -3.998598 7.024199 -33.099143 3.317014 -1.307163 65.258775 1.359792 3.196347 2.439942 2.291977 1.663123 -29.853317 -10.275941
0.292085 0.926009 -0.409868 0.182501 8.248768 0.276429 1.507575 2.806970 2.477111 0.543715 -4.569689 1.094729 0.542030 1.250516 1.149974 0.492316 6.774962 0.867347 -0.284130 11.979425 -0.519489 -0.321809 -13.781660 -0.872064 0.138905 7.903255 7.782207 -10.273620 -17.589972 64.890733 73.577405 13.674938 36.456767 -3.569956 11.069680 -17.179021 2.595904 3.441384 -8.448154 18.272144 -0.294430 -59.603642 -100.079596 4.537620 -53.494801 -12.747431 8.709433 21.939868 -5.024980 -1.295477 5.727135 4.389404 22.992171 2.142279 2.920362 -16.111729 -4.530192 0.580537 -13.465430 -4.769975 6.060941 -34.789585 2.719784 -0.508620 61.105033 1.278585 3.716624 1.379526 2.162456 1.458912 -26.049418 -9.723667
0.291842 0.934788 -0.378340 0.531849 8.409852 0.891425 2.012288 2.519460 2.061028 0.790769 -4.696935 0.907724 0.788164 1.122945 0.988009 0.664948 6.679683 0.744563 -0.777766 12.089271 -0.310940 -1.353858 -13.576912 -0.263966 0.362026 7.850435 7.463696 -9.297920 -17.616905 64.334971 77.178007 12.547542 37.299627 -2.458456 11.285302 -16.029953 2.794719 2.830521 -8.300475 20.178117 1.097384 -57.105143 -101.068379 2.677921 -54.179218 -12.864236 8.657641 21.690904 -4.546392 0.745254 5.009737 2.991162 21.265718 1.554836 3.357866 -11.770485 -3.423706 0.897042 -17.926722 -5.682688 5.467594 -35.787633 1.910927 0.386890 55.969503 1.526538 3.716189 0.754767 1.718376 1.013687 -21.128422 -8.367049
0.291381 0.944109 -0.346195 0.972085 8.534852 1.439630 2.376922 2.268312 1.645078 0.974861 -4.809349 0.721776 0.971491 1.010226 0.820721 0.790035 6.595310 0.618001 -1.172602 12.217687 -0.082767 -2.202967 -13.331428 0.336911 0.650348 8.001100 7.206612 -8.210079 -17.896348 63.696037 80.456569 11.810075 37.931663 -1.385356 11.591188 -15.097495 2.652551 2.801847 -8.220198 21.991349 1.914039 -55.025149 -101.897802 1.476711 -54.318825 -12.865007 8.691872 21.614493 -3.879336 2.378633 4.425053 1.273340 20.256378 1.023879 3.940205 -6.678052 -2.281043 1.330147 -22.886233 -6.811681 5.477301 -35.961533 0.632892 1.302212 49.574878 2.232250 3.093491 0.817090 0.653729 0.364801 -14.094276 -5.592087
0.290800 0.953861 -0.313281 1.471289 8.611892 1.929802 2.640331 2.041822 1.239989 1.112878 -4.911568 0.541303 1.108873 0.907771 0.654275 0.880695 6.518489 0.492268 -1.503537 12.364516 0.147732 -2.928273 -13.047367 0.912247 0.967674 8.262900 6.986949 -7.120410 -18.253128 62.966210 83.573843 11.370686 38.476305 -0.256183 11.962656 -14.192318 2.313999 3.140055 -8.161266 23.661553 2.350758 -53.263924 -102.671552 0.693189 -54.084293 -12.769622 8.786752 21.696931 -3.095176 3.675622 3.951428 -0.661430 19.864190 0.517353 4.663883 -1.013142 -1.075206 1.860727 -27.973492 -8.140650 5.804624 -35.409164 -0.851772 1.869725 42.192482 2.845324 2.115284 1.322723 -0.899983 -0.019322 -5.882281 -2.294800
0.290058 0.962361 -0.279572 1.904059 8.600564 2.269777 2.835892 1.840714 0.914560 1.216331 -5.002532 0.396632 1.211769 0.816595 0.520109 0.947846 6.450030 0.390992 -1.781875 12.534625 0.347860 -3.537459 -12.718133 1.404268 1.249968 8.598129 6.831877 -6.393007 -18.701089 62.329774 86.445732 11.036294 39.099016 1.042150 12.251998 -13.150590 1.991828 3.602990 -8.118312 25.144163 2.519204 -51.869160 -103.262911 0.236606 -53.804966 -12.589746 8.936193 22.014577 -2.547357 4.496398 3.571103 -2.359350 20.503231 0.130141 5.398767 4.194314 0.160354 2.173732 -31.284290 -9.402023 5.945189 -34.315285 -1.930602 1.773814 34.859388 2.776729 0.784185 1.445895 -2.626219 0.000000 0.000000 0.000000
0.289002 0.969543 -0.244999 2.237128 8.524164 2.386245 2.962531 1.631261 0.710211 1.282944 -5.096738 0.306376 1.277923 0.722230 0.436602 0.991239 6.379167 0.328033 -2.004933 12.757740 0.503602 -4.018754 -12.290977 1.784270 1.493570 9.055223 6.750027 -6.211085 -19.334724 61.857503 89.116390 10.777364 39.954683 2.646592 12.412995 -11.804798 1.755005 4.148333 -8.115039 26.446316 2.480392 -50.892313 -103.602269 0.181746 -53.558050 -12.282108 9.168836 22.686085 -2.401554 4.727860 3.309223 -3.761885 22.362800 -0.216478 6.176532 8.918492 1.522152 2.002320 -32.582828 -10.902183 5.650702 -32.560963 -2.256726 1.059661 27.418103 1.847237 -1.195009 0.797469 -4.507625 0.045765 1.590747 0.540108
0.287785 0.975472 -0.209631 2.503001 8.363784 2.351019 3.019154 1.440392 0.587836 1.314257 -5.182296 0.252878 1.308935 0.636608 0.386286 1.010778 6.314892 0.290185 -2.175005 13.004297 0.628588 -4.383567 -11.821749 2.080661 1.702872 9.582679 6.731648 -6.395699 -20.069417 61.488340 91.540662 10.502550 40.939576 4.426765 12.450185 -10.345570 1.535785 4.817394 -8.130257 27.539614 2.243842 -50.306135 -103.780979 0.469903 -53.266001 -11.885694 9.439435 23.597264 -2.472073 4.467962 3.113054 -4.962617 25.254546 -0.567744 6.947268 13.197899 2.900536 1.249796 -32.178597 -12.024218 5.209301 -30.277228 -2.208420 0.160654 20.013255 0.696927 -3.497016 -0.315317 -6.618214 0.025298 0.803742 0.245421
0.286816 0.978656 -0.173656 2.674601 8.016750 2.288719 3.039905 1.359675 0.496648 1.327924 -5.218758 0.212676 1.322457 0.600118 0.347474 1.018008 6.287467 0.260957 -2.312205 13.190312 0.730745 -4.677499 -11.466206 2.321306 1.821772 9.994727 6.768199 -6.767370 -20.658043 61.218850 93.489776 9.926785 41.805299 6.060708 12.311036 -9.135008 1.335215 5.488740 -8.094437 28.323554 1.826995 -50.008543 -103.902879 0.818357 -53.037695 -11.533170 9.640332 24.467759 -2.587424 3.888620 2.839769 -5.714133 29.032056 -0.763410 7.321015 16.104552 3.945130 0.085050 -28.914196 -11.273695 4.933172 -28.048430 -2.270099 -0.624988 14.164717 0.005884 -5.338193 -1.652852 -8.614713 0.000000 -0.000000 -0.000000
0.286286 0.978422 -0.136759 2.791739 7.409229 2.236015 3.040771 1.431042 0.428147 1.331556 -5.187506 0.181622 1.326128 0.631355 0.316786 1.018399 6.310835 0.237737 -2.443292 13.289590 0.803883 -4.950839 -11.272549 2.507693 1.806690 10.269116 6.874522 -7.397936 -21.082188 61.067947 94.884197 8.785119 42.539976 7.488360 11.936001 -8.139250 1.109915 6.288302 -7.943483 28.816706 1.074994 -50.023949 -104.029291 1.088650 -52.962839 -11.281196 9.742713 25.188119 -2.564774 2.969552 2.466006 -5.748095 34.031651 -0.567387 6.824100 17.084883 4.619507 -0.878558 -20.233992 -7.696408 5.124583 -25.919139 -2.730409 -1.364789 10.282501 0.010421 -6.856759 -3.299366 -10.630631 -0.000000 -0.000000 0.000000
0.286005 0.975444 -0.099255 2.815675 6.614920 2.156791 3.006109 1.612033 0.391345 1.317866 -5.107341 0.164105 1.312682 0.711551 0.297881 1.006828 6.370939 0.223336 -2.542612 13.328052 0.854212 -5.157209 -11.193913 2.640811 1.696090 10.430461 7.026909 -8.215882 -21.365287 61.024570 95.765210 7.368643 43.171184 8.708204 11.422728 -7.347753 0.902982 7.090372 -7.746038 29.007551 0.162340 -50.317930 -104.100212 1.424935 -52.958978 -11.067665 9.789790 25.860574 -2.573053 1.730567 2.015880 -5.172539 39.913006 -0.018933 5.832572 16.685427 5.052497 -0.752912 -8.516915 -3.156573 5.454028 -23.842424 -3.263872 -2.153943 7.979553 0.317953 -8.067250 -5.128038 -12.364068 -0.000000 -0.000000 0.000000
0.285812 0.970248 -0.062278 2.601247 5.751119 2.070159 2.923820 1.868445 0.360360 1.282728 -4.993644 0.148912 1.277964 0.825336 0.279129 0.979319 6.456234 0.209018 -2.552320 13.299789 0.909145 -5.199076 -11.243065 2.750118 1.554215 10.364245 7.158241 -8.819864 -21.323100 61.026235 96.111660 6.284700 43.526165 9.488291 11.029259 -7.122407 0.837968 7.394858 -7.627550 28.743166 -0.416520 -50.682762 -104.029782 1.969255 -52.883093 -10.850115 9.794747 26.517548 -2.962079 0.398673 1.429633 -4.396856 45.527948 0.505400 5.134981 15.626493 5.060148 0.000000 0.000000 -0.000000 5.284617 -22.277385 -3.471612 -2.844639 7.598339 0.537143 -8.190365 -6.470200 -12.760658 -0.000000 -0.000000 0.000000
0.285835 0.961969 -0.026084 2.041864 4.849883 1.945036 2.803479 2.171940 0.349216 1.229617 -4.858943 0.142551 1.225313 0.960133 0.267379 0.938841 6.557271 0.199977 -2.434287 13.195370 0.975958 -5.007788 -11.439141 2.834745 1.374517 9.859038 7.196814 -9.065329 -20.714260 60.945125 95.973335 5.743027 43.649453 9.773883 10.942640 -7.824108 1.079790 6.754710 -7.628525 27.972187 -0.247296 -50.922963 -103.754932 2.694230 -52.736086 -10.579341 9.737029 27.283440 -3.958186 -0.961774 0.647186 -3.728776 50.630101 0.632126 5.185442 14.106480 4.446023 0.249618 2.159857 0.741046 4.037641 -21.614932 -3.102503 -3.475906 9.803668 0.412910 -6.294456 -6.650352 -11.024412 -0.000000 0.000000 -0.000000
0.285947 0.951472 0.009583 1.246333 3.877384 1.826467 2.635203 2.550931 0.335215 1.155281 -4.690735 0.134891 1.151535 1.128471 0.252175 0.882237 6.683447 0.188329 -2.226166 13.024621 1.051579 -4.652251 -11.761970 2.902744 1.165020 9.126233 7.232389 -9.094086 -19.781330 60.885264 95.335308 5.566655 43.535066 9.649830 10.989582 -9.069518 1.460997 5.613787 -7.687651 26.748674 0.255638 -51.273488 -103.320926 3.624793 -52.526922 -10.304973 9.647248 28.033913 -5.311299 -2.449361 -0.240514 -3.092479 55.461043 0.410934 5.512500 11.912180 3.362389 0.122001 1.083501 0.359757 2.311877 -21.437371 -2.468601 -4.017294 13.906745 -0.046188 -3.182022 -6.338766 -8.168974 -0.000000 0.000000 -0.000000
0.285602 0.941887 0.044361 0.388522 2.854831 1.846798 2.377623 3.053861 0.233803 1.045813 -4.467878 0.088466 1.042907 1.351587 0.194654 0.796425 6.850692 0.144759 -1.983892 12.810947 1.147589 -4.241503 -12.164800 2.996502 1.007931 8.690157 7.427119 -8.936011 -19.054660 61.144759 94.113448 5.771921 42.920499 9.119994 10.913572 -10.104237 1.602226 4.806882 -7.779984 25.058737 0.301927 -52.124416 -102.782865 4.984974 -52.139208 -10.133618 9.607640 28.427925 -6.660326 -4.077207 -1.065375 -2.480930 59.625339 -0.051107 5.513910 9.137523 2.103684 0.000000 -0.000000 -0.000000 1.273664 -21.036679 -2.061710 -4.187230 18.226786 -0.617071 -0.917069 -6.813282 -5.705397 0.000000 -0.000000 -0.000000
0.284534 0.934019 0.078009 -0.500884 1.652832 2.136551 2.035624 3.817180 -0.046918 0.908604 -4.130110 -0.037689 0.906816 1.689549 0.054611 0.684005 7.103902 0.038825 -1.740202 12.503370 1.296585 -3.853533 -12.739628 3.193888 0.992915 8.905771 7.883927 -8.336318 -18.858798 61.932723 92.031598 6.683323 41.323052 7.986288 10.579335 -10.720356 1.312702 4.709037 -7.941976 22.790187 -0.766748 -53.599637 -101.872619 6.973945 -51.617686 -10.123686 9.636011 28.240739 -8.094874 -5.759712 -1.808655 -1.740670 63.084872 -0.777510 4.958336 5.298511 0.613807 -0.009982 0.636433 0.004342 1.365461 -20.258299 -2.092990 -3.473207 22.747488 -0.989490 -0.748857 -8.755355 -3.843476 -0.000000 0.000000 -0.000000
0.283010 0.927061 0.110767 -1.464048 0.409440 2.572166 1.598265 4.692750 -0.436418 0.735725 -3.742344 -0.210277 0.734863 2.077466 -0.135500 0.541058 7.394510 -0.104859 -1.461508 12.155422 1.469303 -3.410645 -13.390116 3.422825 1.040861 9.435243 8.468104 -7.525904 -18.835329 63.040274 89.366798 7.837436 39.071963 6.429147 10.185503 -11.155001 0.779209 4.939344 -8.157237 20.064884 -2.463168 -55.337631 -100.739266 9.365046 -50.954875 -10.236851 9.691711 27.696564 -9.511041 -7.594598 -2.478555 -0.991342 65.877747 -1.637864 4.234629 0.836359 -0.935668 -0.010516 1.272747 -0.010453 2.127312 -19.279543 -2.298225 -2.322856 27.516249 -1.169100 -1.605506 -11.439681 -2.109513 0.000000 -0.000000 -0.000000
0.281288 0.921724 0.142991 -2.428533 -0.456504 2.887748 1.006259 5.305722 -0.762097 0.491034 -3.469790 -0.350198 0.490579 2.350428 -0.300308 0.345766 7.599220 -0.228957 -1.104730 11.945035 1.578185 -2.785238 -13.791159 3.488758 0.962231 9.765790 8.981737 -7.286125 -18.471617 64.170222 86.915059 8.215108 37.269567 5.010859 10.023154 -11.342298 0.188230 5.201059 -8.332257 17.194820 -3.873444 -57.062440 -100.072122 11.825191 -50.023387 -10.430199 9.767536 27.127386 -10.289808 -9.812124 -2.942626 -0.423552 67.752945 -2.027246 3.533243 -2.735230 -1.995930 0.000000 0.000000 -0.000000 3.391514 -17.931425 -2.465303 -1.864284 30.970821 -1.285602 -2.350557 -13.965380 -0.827449 -0.000000 0.000000 0.000000
0.279571 0.918232 0.174712 -3.250736 -0.748917 2.949584 0.189304 5.484577 -0.927209 0.136988 -3.388793 -0.414236 0.136818 2.431799 -0.400369 0.073277 7.660505 -0.303365 -0.666320 11.964464 1.576304 -1.945976 -13.771702 3.297727 0.639753 9.678034 9.433512 -7.928961 -17.498912 65.305131 84.728547 7.640175 36.348202 3.795289 10.378040 -11.313321 -0.485232 5.432095 -8.460026 14.194210 -4.617676 -58.916448 -100.262317 14.700421 -48.774812 -10.707854 9.900329 26.624442 -10.101104 -12.613816 -3.170209 -0.071830 68.694211 -1.435681 2.701955 -4.668391 -2.373861 0.037659 -5.072718 0.215991 5.546321 -16.096316 -2.600260 -3.073475 32.394263 -1.502568 -2.654486 -16.160987 -0.316421 0.001143 0.087046 -0.037352
0.277657 0.916360 0.205899 -4.064841 -0.672554 2.869424 -0.776289 5.412669 -0.995357 -0.288970 -3.418845 -0.433221 -0.288665 2.401583 -0.462610 -0.250105 7.638050 -0.348740 -0.152975 12.116991 1.497694 -0.926795 -13.506741 2.925401 0.181402 9.394885 9.847292 -9.149849 -16.155972 66.359155 82.697160 6.537508 36.056887 2.718453 11.022307 -11.135930 -1.216524 5.692522 -8.561635 11.027568 -5.198865 -60.880725 -100.820719 17.881826 -47.477144 -11.074486 10.051007 26.103099 -9.327218 -15.756516 -3.232157 0.056682 68.738439 -0.378082 1.743176 -5.678957 -2.420212 0.088023 -12.044066 0.655784 8.194698 -13.897752 -2.639682 -4.954844 32.491103 -1.658610 -2.870548 -18.200002 -0.299683 0.002220 0.174086 -0.074714
0.275201 0.916146 0.236812 -5.205916 -0.415749 2.740947 -1.723715 5.252836 -1.023209 -0.709459 -3.487801 -0.435180 -0.708683 2.332185 -0.507255 -0.568221 7.586288 -0.380889 0.463071 12.295323 1.374705 0.304855 -13.191281 2.427269 -0.277074 9.045938 10.065543 -10.833432 -14.735360 66.963979 81.340499 4.972377 36.673909 2.118264 11.415690 -10.675520 -1.738376 5.883543 -8.562375 7.935498 -5.905743 -62.606151 -101.309812 20.339860 -46.361066 -11.468061 10.111642 25.633863 -8.451494 -18.777731 -3.101012 -0.077536 67.722892 0.305513 0.987699 -6.420464 -2.446470 0.080479 -17.141457 1.042494 10.039992 -11.543317 -2.380675 -5.810189 31.837204 -1.674207 -2.826196 -19.719166 -0.373389 -0.000000 0.000000 0.000000
0.272094 0.917714 0.267222 -6.832900 0.008586 2.601291 -2.602339 5.043968 -1.028602 -1.100792 -3.578542 -0.428941 -1.099521 2.240909 -0.540803 -0.863777 7.518263 -0.404926 1.211253 12.450594 1.200012 1.805630 -12.910726 1.779555 -0.749846 8.560001 9.977191 -13.260986 -13.400452 66.898068 80.786035 2.531309 38.856997 2.234840 11.164337 -9.610857 -1.835293 5.962913 -8.382309 4.695859 -6.750877 -63.973721 -101.708369 21.583529 -45.149905 -11.900655 10.008906 25.256435 -7.591323 -21.650714 -2.719670 -0.011537 65.524942 0.742301 0.697535 -7.048808 -2.533046 -0.003262 -19.163730 0.982565 10.419100 -9.016952 -1.753451 -4.784449 30.412235 -1.670732 -2.461174 -20.772883 -0.470615 -0.003547 -0.289456 0.360633
0.268445 0.920938 0.297359 -8.788837 0.607787 2.393831 -3.462007 4.753172 -0.974309 -1.486952 -3.706357 -0.397774 -1.484824 2.112189 -0.548851 -1.153274 7.422069 -0.409869 2.059993 12.629635 0.977633 3.513426 -12.571748 1.005236 -1.209409 7.961352 9.722932 -16.143785 -12.158576 66.293723 80.474308 -0.294721 42.067160 2.662007 10.577006 -8.110108 -1.719777 6.003309 -8.086463 1.541923 -7.672728 -65.099204 -102.284682 22.137080 -43.940415 -12.354532 9.823057 24.957827 -6.681898 -24.396105 -2.091755 -0.002018 62.265694 1.019655 0.597416 -7.393223 -2.576377 -0.056087 -19.334986 0.652796 10.076383 -6.298482 -1.013861 -2.832758 28.243712 -1.731427 -1.823461 -21.304409 -0.686851 -0.008967 -0.843533 0.829318
0.264229 0.925481 0.328173 -10.935164 1.222939 2.080899 -4.287955 4.431334 -0.853205 -1.861752 -3.848943 -0.338484 -1.858601 1.968423 -0.527555 -1.432045 7.314486 -0.392835 2.947018 12.872965 0.760569 5.284787 -12.097131 0.234333 -1.467840 7.529891 9.478266 -18.531964 -11.028686 65.464792 80.322071 -2.282446 44.680327 2.853917 10.195507 -6.724622 -1.765816 6.075047 -7.811059 -0.589238 -8.688731 -65.975214 -103.123384 22.292726 -43.359165 -12.712385 9.673743 24.702836 -5.930951 -26.615688 -1.218950 -0.670256 58.143752 0.715472 0.261766 -7.629474 -2.599178 -0.043787 -17.523553 0.505042 9.819088 -3.607244 -0.469159 -0.998509 25.980167 -1.741852 -0.906226 -20.783829 -0.863477 -0.019415 -2.360850 0.983845
0.259417 0.931737 0.359906 -13.257046 1.843518 1.587604 -5.092767 4.081552 -0.627708 -2.232714 -4.005428 -0.234373 -2.228410 1.810647 -0.461071 -1.704623 7.196312 -0.341924 3.869498 13.202601 0.545209 7.110533 -11.443580 -0.532861 -1.392109 7.404092 9.227251 -20.025456 -9.857452 64.518241 80.875405 -3.088521 45.854691 2.746633 10.320830 -5.635806 -2.173974 6.172376 -7.611181 -0.931855 -9.784091 -66.682345 -104.455103 21.846032 -43.933077 -12.898960 9.580905 24.499328 -5.391350 -28.213991 -0.071001 -2.270272 52.993974 -0.194148 -0.823451 -7.817041 -2.719154 -0.011515 -12.357834 0.630336 9.855881 -0.895990 -0.203895 0.362004 23.503528 -1.515878 0.381982 -18.966919 -0.943013 -0.022566 -5.006564 0.589131
0.254038 0.939310 0.392317 -15.774258 2.461506 0.981298 -5.865706 3.718187 -0.328567 -2.592926 -4.169657 -0.099119 -2.587169 1.644928 -0.362372 -1.966466 7.071954 -0.266965 4.825236 13.599587 0.325473 8.985861 -10.644591 -1.302548 -1.129878 7.449954 8.936304 -21.056208 -8.759512 63.439154 82.031676 -3.393780 46.272544 2.574703 10.687811 -4.679647 -2.746017 6.289085 -7.440045 -0.244488 -10.806426 -67.226474 -106.065650 20.835871 -44.995898 -12.980811 9.514852 24.309343 -4.993162 -29.259341 1.307481 -3.903184 46.938845 -0.975953 -2.113819 -7.944272 -2.959842 0.023921 -5.196045 0.443534 9.950005 1.765171 -0.136735 1.637754 20.927693 -1.146432 1.914713 -16.085579 -0.965062 0.009475 -8.609349 -0.132992
0.248152 0.946673 0.425628 -18.394216 2.933489 0.458724 -6.556896 3.394561 -0.068652 -2.914138 -4.316780 0.017540 -2.906835 1.496149 -0.278260 -2.199978 6.960109 -0.203226 5.754051 14.047505 0.151628 10.777149 -9.740023 -1.955124 -0.925104 7.569223 8.727031 -21.925155 -8.037028 62.457096 83.077934 -3.538191 46.529810 2.337327 11.049449 -3.920098 -3.260475 6.480341 -7.293075 0.107467 -11.558344 -67.492982 -107.337885 19.920496 -45.486588 -13.054274 9.502490 24.001991 -4.713769 -29.596445 2.765012 -4.664188 40.634294 -1.143747 -2.494128 -8.016026 -3.048593 0.000000 0.000000 0.000000 10.193413 3.947663 -0.215283 2.951475 19.237294 -0.857164 3.379351 -12.334106 -0.917100 0.108819 -13.356704 -0.942108
0.241797 0.953792 0.460097 -21.159514 3.222279 0.092644 -7.130796 3.120509 0.108786 -3.178549 -4.441294 0.096604 -3.169856 1.370143 -0.225952 -2.393384 6.865410 -0.163683 6.644363 14.546940 0.053892 12.450214 -8.736777 -2.428341 -0.854829 7.775648 8.662854 -22.606914 -7.774378 61.664562 83.788338 -3.576973 46.703716 1.950893 11.339575 -3.432357 -3.665598 6.798074 -7.183404 -0.631527 -11.917049 -67.371575 -108.036804 19.510629 -44.800926 -13.163768 9.572652 23.430249 -4.479314 -29.006147 4.207924 -4.541603 33.885101 -0.664479 -1.393136 -7.862359 -2.681504 -0.041533 1.288964 -0.170195 10.586207 5.542686 -0.440772 4.337445 18.639873 -0.804539 4.794903 -7.460945 -0.628083 0.345317 -20.180444 -1.884748
0.234936 0.960701 0.495466 -24.021071 3.379366 -0.171022 -7.621969 2.868340 0.236077 -3.403384 -4.555510 0.152496 -3.393412 1.254676 -0.192854 -2.558666 6.778758 -0.138838 7.505754 15.105233 -0.002320 14.036104 -7.620704 -2.789249 -0.848216 8.072903 8.661473 -23.106316 -7.827010 61.063552 84.427133 -3.424008 46.713119 1.496580 11.625248 -3.141781 -4.018127 7.185536 -7.116988 -1.721379 -11.975406 -67.022409 -108.443156 19.288025 -43.605721 -13.263999 9.663762 22.725991 -4.242350 -27.686904 5.593419 -3.906497 26.919945 0.111469 0.450747 -7.534817 -1.821864 -0.030973 0.643943 -0.086738 11.102764 6.647282 -0.745722 5.761591 18.924649 -0.850450 6.180955 -1.727537 -0.256944 0.803076 -28.135583 -3.083743
0.227516 0.965971 0.531185 -26.743829 3.412652 -0.313717 -8.084547 2.619173 0.306449 -3.612415 -4.667694 0.182373 -3.601122 1.141218 -0.184169 -2.713880 6.693696 -0.132535 8.312605 15.713626 -0.059190 15.506140 -6.408844 -3.109042 -0.920425 8.347088 8.646672 -23.751359 -8.148310 60.755671 84.957288 -3.094525 46.948269 1.159151 11.842581 -2.883452 -4.257018 7.541498 -7.068611 -2.294700 -11.918383 -66.709991 -108.748454 18.819749 -42.806597 -13.313961 9.693237 22.188547 -4.050277 -26.123030 6.878216 -2.657330 21.034632 0.678917 2.164235 -7.354434 -0.585270 0.000000 -0.000000 0.000000 11.806528 7.160197 -0.920636 7.244734 20.451374 -0.810373 7.133579 3.901783 -0.283161 1.345587 -34.600436 -4.318278
0.219401 0.969410 0.567204 -29.227446 3.333219 -0.261029 -8.539179 2.322691 0.278547 -3.812811 -4.799276 0.167063 -3.800040 1.008317 -0.219765 -2.865870 6.594292 -0.159849 9.053495 16.423389 -0.104036 16.831863 -5.012230 -3.355097 -1.090610 8.552874 8.611187 -24.875723 -8.741272 60.873335 85.362114 -2.453633 47.713758 1.043512 11.913973 -2.609505 -4.338980 7.850893 -7.006550 -1.929642 -11.805583 -66.522234 -109.047779 17.857316 -42.817383 -13.287815 9.672159 21.971381 -4.164058 -24.282538 8.203546 -0.237225 16.440169 0.553417 3.363384 -7.693999 1.196286 -0.000000 0.000000 -0.000000 12.901189 6.973123 -0.832863 8.832448 23.609450 -0.551855 7.172844 9.376603 -1.066176 1.711246 -39.050793 -5.206915
0.210728 0.971211 0.603572 -31.571273 3.150888 -0.072214 -8.962142 2.013247 0.191880 -3.996132 -4.935362 0.124588 -3.981806 0.871002 -0.280801 -3.006938 6.491775 -0.206510 9.739837 17.181360 -0.150348 18.042750 -3.528382 -3.562905 -1.336943 8.732085 8.568442 -26.148996 -9.540191 61.332907 85.708527 -1.608265 48.699134 1.023022 11.881941 -2.356262 -4.304383 8.133068 -6.946474 -1.051094 -11.566475 -66.395632 -109.238611 16.533617 -43.185254 -13.204930 9.629302 21.928042 -4.321969 -22.196864 9.396467 2.819239 12.934145 -0.059894 4.461045 -8.292846 3.197724 -0.000000 -0.000000 -0.000000 14.195737 6.219430 -0.548485 10.517482 28.019095 -0.067509 6.503276 14.740870 -2.233590 1.862978 -42.027178 -5.885256
0.201854 0.970518 0.639882 -33.840038 2.862267 0.070117 -9.344570 1.809365 0.153370 -4.163868 -5.025369 0.104996 -4.148192 0.779768 -0.317365 -3.134520 6.423640 -0.234480 10.383825 17.815054 -0.269590 19.202101 -2.262997 -3.892972 -1.609073 8.891822 8.486580 -26.902637 -10.407686 61.887233 86.029273 -0.937574 49.380955 0.935688 11.865764 -2.084567 -4.213054 8.338962 -6.919116 -0.063743 -11.216397 -66.351942 -109.237966 14.952050 -43.504954 -13.091403 9.525978 21.918245 -3.893389 -20.490636 10.092713 5.006285 11.131881 -0.504831 5.959200 -8.500770 4.424953 -0.000000 0.000000 -0.000000 15.163973 5.164146 -0.155971 12.237626 32.889588 0.578664 5.807803 19.183205 -3.208071 1.723241 -42.518948 -6.619646
0.192771 0.966568 0.676150 -36.057487 2.400354 0.138431 -9.674491 1.789113 0.176900 -4.311632 -5.035003 0.116338 -4.295249 0.768990 -0.320987 -3.245026 6.415624 -0.237109 10.981019 18.268776 -0.486051 20.319790 -1.314010 -4.401532 -1.924308 9.264256 8.310269 -26.959851 -11.451269 62.635236 86.375108 -0.538742 49.590757 0.694082 11.914679 -1.793278 -4.068164 8.529601 -6.864520 1.034615 -10.878547 -66.422610 -108.874629 12.835255 -43.736644 -12.918733 9.304447 21.863006 -2.587091 -19.425131 10.114838 5.417869 11.485217 -0.383690 8.678634 -7.728061 4.508594 0.000000 0.000000 -0.000000 15.526000 3.845158 0.358762 14.033934 38.279110 1.347628 5.346820 22.686949 -3.935149 0.933731 -39.177660 -7.294172
0.183487 0.960123 0.712360 -38.199028 1.825234 0.174511 -9.967852 1.881987 0.227630 -4.444852 -4.994915 0.142069 -4.428313 0.808069 -0.308758 -3.343855 6.444938 -0.227454 11.542271 18.592697 -0.759391 21.399474 -0.591896 -5.014277 -2.269562 9.607753 8.088047 -26.502106 -12.528210 63.475208 86.650601 -0.306813 49.504228 0.389997 11.989651 -1.486626 -3.863165 8.644555 -6.831194 2.237023 -10.432913 -66.579155 -108.344661 10.446460 -43.968135 -12.718660 9.021855 21.852932 -0.768298 -18.783702 9.770298 4.944010 13.513498 -0.019577 11.849840 -6.443638 3.729686 0.000000 0.000000 -0.000000 15.539533 2.236637 1.021330 15.909581 44.129961 2.267252 4.991323 25.270741 -4.502067 -0.438048 -33.394468 -7.825943
0.174390 0.952616 0.748050 -40.254858 1.308756 0.090068 -10.260650 1.995565 0.338597 -4.580864 -4.947027 0.195299 -4.564251 0.854893 -0.269283 -3.442784 6.479863 -0.197142 12.107191 18.772164 -1.055064 22.502849 -0.121017 -5.684105 -2.524724 9.231365 8.003753 -25.372226 -13.176824 63.802324 86.623195 -0.304744 49.108469 0.141124 12.081474 -1.133794 -3.634957 8.437331 -6.995747 3.122674 -9.556345 -66.766568 -108.123814 8.730594 -43.954444 -12.612629 8.811975 21.990161 1.188380 -18.495070 9.468060 4.745601 16.366217 0.323472 13.628955 -5.568257 2.142984 -0.000000 0.000000 -0.000000 15.485638 0.495472 1.747333 17.685961 49.476152 3.215578 5.133630 26.209463 -4.533376 -1.791636 -28.260246 -8.546981
0.165574 0.943615 0.783239 -42.311784 0.876546 -0.198486 -10.571327 2.103817 0.555223 -4.730040 -4.904002 0.295726 -4.713243 0.896727 -0.183951 -3.548033 6.510694 -0.132222 12.735913 18.793521 -1.356226 23.739086 0.079448 -6.405280 -2.608632 7.432921 8.232280 -23.265044 -12.838552 63.016236 86.177205 -0.707052 48.236998 0.017954 12.182708 -0.640782 -3.272298 7.554585 -7.492028 3.479059 -7.792328 -66.986510 -108.460767 8.137732 -43.486973 -12.651727 8.760238 22.334378 3.440106 -18.808993 9.360851 5.263034 20.249920 0.600297 12.773384 -5.367997 -0.600576 -0.001491 0.034550 -0.013619 15.345663 -1.282133 2.564322 19.561692 54.063830 4.152060 6.290201 24.886752 -3.715106 -2.969188 -24.434001 -9.838136
0.156945 0.933551 0.817909 -44.280179 0.486656 -0.615827 -10.881534 2.244776 0.831095 -4.882235 -4.848093 0.423381 -4.865385 0.951371 -0.071721 -3.653610 6.550867 -0.046868 13.379765 18.671001 -1.662199 25.023681 0.029527 -7.164523 -2.575310 4.950146 8.731767 -20.504761 -11.999871 61.778358 85.450032 -1.307957 47.026949 -0.053375 12.275564 -0.097053 -2.849716 6.325310 -8.130466 3.526912 -5.625921 -67.309990 -109.056105 8.264188 -42.770437 -12.783773 8.803137 22.809126 5.829715 -19.494232 9.290032 6.148856 24.935954 1.038280 10.356194 -5.719853 -3.919507 -0.001940 0.068881 -0.027831 15.113299 -3.184035 3.458967 21.337536 58.138274 5.078550 8.052464 21.929754 -2.461610 -4.043339 -21.267638 -11.431987
0.148595 0.925153 0.851549 -45.887197 0.215142 -1.027426 -11.169882 2.415862 1.070306 -5.023200 -4.778356 0.535466 -5.006504 1.019811 0.026107 -3.752004 6.601377 0.027780 13.912793 18.431197 -1.967266 26.124182 -0.242602 -7.913590 -2.512367 3.253324 9.295170 -17.807446 -11.874372 61.255507 84.570473 -1.601069 45.921686 -0.168468 12.343489 0.253010 -2.717359 5.525918 -8.638204 3.486364 -4.155853 -67.727120 -109.550016 8.758904 -42.126536 -12.978140 8.850786 23.304433 7.525267 -19.747052 9.172439 7.312512 28.901512 1.705553 8.289979 -6.948715 -6.452658 -0.000000 -0.000000 0.000000 15.108331 -5.366004 4.250578 22.057361 61.490873 5.738844 9.518755 18.507255 -1.329677 -4.528265 -19.852470 -12.691214
0.140346 0.919207 0.883736 -47.017920 0.082785 -1.427921 -11.449112 2.641633 1.241551 -5.157009 -4.682912 0.618781 -5.140746 1.113992 0.095918 -3.847334 6.671383 0.081544 14.289816 18.032030 -2.276980 26.968179 -0.824588 -8.663318 -2.474160 3.106825 9.806721 -15.346780 -13.398957 61.877981 83.326387 -1.310972 45.154783 -0.392588 12.374021 0.279073 -3.158245 5.608795 -8.971103 3.582819 -3.963505 -68.163366 -109.779123 9.535410 -41.746327 -13.252209 8.866033 23.830276 8.038366 -19.227171 9.036220 8.859343 31.706458 2.618997 7.493548 -9.541949 -7.824673 0.001618 -0.220516 0.089938 15.436634 -7.986382 4.910951 20.719465 64.223800 5.503206 10.517879 14.731988 -0.129686 -3.933497 -21.145955 -13.425259
0.132376 0.914926 0.914893 -47.790205 0.077389 -1.836287 -11.703610 2.889304 1.379789 -5.278341 -4.576919 0.687960 -5.262683 1.218890 0.152807 -3.934409 6.749565 0.125637 14.554363 17.513578 -2.585525 27.631299 -1.640758 -9.411668 -2.408392 3.731614 10.256678 -12.918973 -15.755718 63.028416 81.905746 -0.734507 44.476228 -0.654989 12.393368 0.109346 -3.927454 6.130603 -9.239456 3.588158 -4.468106 -68.591705 -109.863740 10.652707 -41.427899 -13.585917 8.886770 24.378970 7.872911 -18.259023 8.828874 10.629249 33.782752 3.611589 7.281604 -12.936607 -8.594460 0.000691 -0.543610 0.223433 16.001663 -10.927602 5.405730 17.722577 66.255346 4.341916 11.212189 10.517086 1.147566 -2.432066 -24.070724 -13.740645
0.125314 0.912687 0.945779 -48.282921 0.236305 -2.158239 -11.870263 3.061390 1.494380 -5.359178 -4.503777 0.744280 -5.343976 1.291302 0.200895 -3.991707 6.803455 0.162734 14.707416 17.026536 -2.881338 28.088582 -2.420314 -10.104544 -2.249798 4.258125 10.541902 -10.611120 -17.631832 64.212269 81.008368 -0.229940 43.653586 -0.844295 12.455474 -0.110628 -4.608044 6.537288 -9.413770 3.033000 -5.019150 -69.011539 -109.894370 11.955272 -40.889708 -13.894240 8.921317 24.819117 7.678665 -17.027285 8.366255 11.973993 34.946330 4.267121 7.272167 -15.770464 -9.006934 -0.003130 -0.924836 0.387790 16.867688 -13.950194 5.505972 14.506415 67.132800 3.242442 11.320958 6.722160 1.829686 -0.788459 -26.718965 -13.386314
0.119790 0.912835 0.976391 -48.470032 0.621096 -2.355548 -11.916022 3.124409 1.603043 -5.385512 -4.478671 0.794526 -5.370492 1.316149 0.248457 -4.008023 6.821652 0.198929 14.716372 16.602094 -3.190083 28.280961 -3.109562 -10.768549 -1.931981 4.343856 10.612313 -8.521990 -18.497280 65.557433 81.041836 0.303339 42.548977 -0.962406 12.651729 -0.449534 -5.066620 6.613633 -9.445473 1.392750 -5.388245 -69.467679 -109.786309 13.670210 -39.811546 -14.147309 8.976043 25.060589 7.688089 -15.540781 7.568372 12.638729 34.960576 4.400708 7.280387 -17.691784 -9.107623 -0.007777 -1.146343 0.660054 18.328677 -17.140676 4.911026 11.944483 66.699356 3.307096 10.512804 3.454853 1.343210 0.579689 -28.981298 -11.976116
0.115175 0.915023 1.006731 -48.378692 1.175879 -2.465676 -11.875193 3.107204 1.692440 -5.371912 -4.488416 0.833671 -5.356843 1.306529 0.288994 -3.994771 6.814072 0.229438 14.608896 16.214367 -3.494724 28.255542 -3.757601 -11.384006 -1.529294 4.320698 10.529101 -6.547706 -18.952682 66.970798 81.587327 0.823751 41.365725 -1.016214 12.899251 -0.829691 -5.430263 6.586370 -9.365291 -0.805305 -5.804493 -69.899857 -109.590681 15.584506 -38.524810 -14.371239 9.031323 25.198125 7.618158 -13.787629 6.544483 12.767968 34.087936 4.151277 7.462294 -19.050332 -8.862219 -0.012444 -1.425693 0.962952 20.234836 -20.372844 3.754243 9.357144 65.168108 3.729158 9.283986 0.536092 0.201671 1.434611 -31.060938 -9.620964
0.110206 0.918594 1.037563 -48.166639 1.760622 -2.507363 -11.787922 3.006590 1.725518 -5.334243 -4.533591 0.845351 -5.318842 1.261725 0.304494 -3.965152 6.780348 0.240656 14.476608 15.929255 -3.722517 28.141977 -4.245101 -11.828599 -1.198395 4.331142 10.386523 -4.465204 -19.304902 67.703212 82.147788 0.738523 40.366439 -0.892953 12.976615 -0.892915 -5.668035 6.562017 -9.239874 -2.447091 -6.287461 -70.200194 -109.701799 16.891435 -37.746053 -14.564353 9.053975 25.376669 7.339334 -11.931850 5.404186 12.325026 32.903506 3.644691 7.903541 -19.545739 -8.330007 -0.021886 -2.370840 1.057636 21.930099 -23.111467 2.571318 6.604242 62.628930 3.408230 8.508519 -1.580286 -0.696199 1.541074 -31.569093 -7.176522
0.104394 0.923683 1.069074 -47.877068 2.376613 -2.448356 -11.658708 2.785414 1.655780 -5.271979 -4.629626 0.808018 -5.255839 1.166303 0.273453 -3.920298 6.709095 0.216214 14.350685 15.781603 -3.828023 27.974063 -4.514033 -12.019381 -1.022758 4.431747 10.207226 -1.834957 -19.483021 67.240676 82.704776 -0.475880 39.465388 -0.485915 12.741178 -0.507613 -5.749375 6.569558 -9.057696 -2.988166 -6.876333 -70.323118 -110.466381 17.129699 -37.910717 -14.728007 9.019187 25.690340 6.753848 -9.908375 4.120917 11.043644 31.308794 2.849494 8.849789 -19.100643 -7.602681 -0.033129 -4.038572 0.927619 23.158355 -25.254668 1.641150 3.763619 58.960407 2.038949 8.561545 -2.523743 -0.911731 1.295269 -29.985376 -5.263540
0.098229 0.930154 1.101078 -47.464094 3.021464 -2.317061 -11.484830 2.482530 1.524869 -5.186489 -4.760446 0.741327 -5.169408 1.036274 0.215430 -3.859933 6.612106 0.171103 14.200072 15.737787 -3.857555 27.715594 -4.620119 -12.038232 -0.917053 4.569118 9.974118 0.893368 -19.453150 66.127763 83.398243 -2.289614 38.648546 0.120816 12.314824 0.162821 -5.705906 6.574947 -8.832989 -2.970633 -7.518486 -70.357002 -111.591011 16.708650 -38.555952 -14.858333 8.953258 26.046008 5.926923 -7.794726 2.716550 9.268689 29.388481 1.995760 10.126079 -17.777975 -6.654190 -0.034913 -6.377401 0.621197 24.110774 -26.927552 0.789059 1.471750 54.219017 0.608309 8.930072 -2.637732 -0.864755 0.921367 -26.832680 -3.676318
0.091917 0.936937 1.133772 -46.953935 3.549840 -2.227430 -11.295150 2.208465 1.430859 -5.096165 -4.879422 0.691906 -5.078328 0.918098 0.175183 -3.794750 6.523829 0.139576 14.024408 15.759052 -3.874576 27.393652 -4.617034 -12.010040 -0.783171 4.719363 9.725864 2.611896 -19.572718 65.166543 83.886416 -3.833838 38.308416 0.756827 11.855963 1.040865 -5.599820 6.591682 -8.672032 -2.908498 -8.086359 -70.401884 -112.584174 16.155159 -39.076752 -14.948177 8.897334 26.303877 5.028735 -5.966996 1.357641 7.817197 28.014267 1.426948 11.236582 -15.486915 -5.382207 0.000617 -9.834620 -0.007172 24.683961 -27.995399 0.018084 0.380094 48.761624 -0.084593 9.035825 -2.479593 -0.955302 0.460439 -22.248036 -2.341366
0.085559 0.944101 1.167145 -46.337988 3.945671 -2.231459 -11.084306 1.981124 1.420418 -5.000815 -4.979548 0.680938 -4.982435 0.818822 0.173878 -3.723018 6.449399 0.137626 13.813506 15.839959 -3.902771 26.998476 -4.510298 -11.977079 -0.562686 4.861239 9.469012 2.644311 -20.072230 64.697810 83.786762 -5.194616 38.937574 1.393000 11.316415 2.380337 -5.436262 6.612474 -8.635087 -2.998170 -8.515518 -70.479303 -113.275679 15.651846 -39.230419 -14.995939 8.855002 26.367207 4.023170 -4.478074 0.085791 7.033130 27.328672 1.130178 12.139799 -12.021242 -3.682659 0.154857 -15.184875 -1.120397 24.627850 -28.380808 -0.611526 0.424575 42.332814 -0.051281 8.820661 -1.975718 -1.309547 0.031497 -14.965198 -1.264896
0.079053 0.951577 1.201209 -45.626606 4.226594 -2.278416 -10.857212 1.780166 1.447847 -4.900186 -5.068758 0.687596 -4.881401 0.730502 0.190719 -3.646045 6.383049 0.149475 13.579052 15.985569 -3.916158 26.543017 -4.294084 -11.895051 -0.313933 5.019470 9.199578 1.665996 -20.743152 64.385400 83.360747 -6.363223 40.118926 2.033504 10.730584 3.939372 -5.209399 6.648098 -8.660240 -3.041155 -8.868625 -70.567706 -113.832233 15.036198 -39.263866 -15.008326 8.816391 26.329148 2.989290 -3.266379 -1.142545 6.522066 27.202175 0.951302 13.090056 -7.594711 -1.703246 0.529158 -21.644117 -2.658947 24.130790 -28.182873 -1.089205 1.146612 35.193615 0.234920 8.432545 -1.178178 -1.887687 -0.116291 -6.244919 -0.506112
0.072300 0.958086 1.236202 -44.876330 4.298778 -2.333214 -10.657220 1.657697 1.478960 -4.812168 -5.123273 0.697963 -4.793260 0.676737 0.209995 -3.578528 6.342593 0.163485 13.352623 16.172250 -3.904370 26.086967 -4.006874 -11.760473 -0.115451 5.235968 8.939852 0.617581 -21.347484 63.979198 83.168738 -6.376744 40.936959 2.595767 10.420128 4.926094 -4.963907 6.741491 -8.668932 -2.956535 -9.204190 -70.691035 -114.307951 14.366720 -39.351802 -14.993610 8.799407 26.332637 2.313541 -2.516481 -2.280874 5.946998 28.118087 0.850661 14.006767 -2.748528 0.310890 1.061615 -27.324748 -4.405438 23.751977 -27.524990 -1.496939 2.294522 28.491680 0.549328 7.663466 -0.799287 -2.951670 0.000000 -0.000000 -0.000000
0.065270 0.963585 1.272349 -44.128530 4.102406 -2.367281 -10.478863 1.646675 1.499105 -4.733795 -5.128095 0.706085 -4.715168 0.672552 0.226060 -3.518760 6.339342 0.175502 13.141849 16.401902 -3.868438 25.644870 -3.642987 -11.577845 0.026874 5.576783 8.679789 -0.130696 -21.843436 63.365173 83.605379 -4.596990 40.904720 3.066393 10.585439 5.045408 -4.675606 6.897724 -8.627692 -2.694819 -9.546030 -70.897198 -114.772934 13.794452 -39.609758 -14.941633 8.832588 26.508939 2.252892 -2.303834 -3.383654 5.244862 30.392514 0.903007 14.909058 2.685265 2.400686 1.702308 -32.290540 -6.480901 23.616154 -26.280850 -1.743214 4.148306 22.291385 0.747779 6.244893 -1.241397 -5.221536 0.120038 1.645017 0.183094
0.057992 0.968117 1.309425 -43.341930 3.697395 -2.418229 -10.327084 1.714596 1.529454 -4.668110 -5.098081 0.720560 -4.649996 0.703105 0.247180 -3.468277 6.362112 0.191616 12.939085 16.670654 -3.805685 25.203328 -3.211412 -11.341895 0.117647 5.975239 8.433159 -0.947890 -22.275614 62.661783 84.237881 -1.646652 40.547916 3.428742 11.035983 4.563663 -4.368539 7.110622 -8.565132 -2.302506 -9.865615 -71.138592 -115.157593 13.171599 -39.926374 -14.862692 8.887905 26.726357 2.591357 -2.528789 -4.398424 4.558186 33.718040 1.034435 15.896817 8.521572 4.621591 2.316091 -36.488449 -8.695852 23.597369 -24.575779 -1.898386 6.412859 16.526294 0.716721 4.593616 -2.005810 -8.093379 0.085987 0.820002 0.099038
0.050459 0.970538 1.346987 -42.448130 3.170356 -2.551829 -10.260728 1.815960 1.589643 -4.642022 -5.054052 0.749328 -4.624364 0.747373 0.278569 -3.446661 6.395093 0.215612 12.752300 16.945831 -3.702327 24.778929 -2.773274 -11.037327 0.094849 6.269170 8.251026 -1.990718 -22.545158 61.952669 84.497575 1.515594 40.404871 3.624658 11.510707 3.547611 -4.159966 7.403872 -8.495483 -1.844776 -10.149141 -71.293587 -115.294776 12.116405 -40.139005 -14.797581 8.900955 26.733737 3.001669 -3.119316 -5.120427 3.820924 37.644835 0.968255 16.808378 13.720575 6.716232 2.262197 -37.911024 -9.989638 23.872191 -22.899036 -2.278763 8.107628 12.135657 0.568752 3.247865 -2.532094 -9.733261 0.000000 0.000000 0.000000
0.042555 0.970434 1.385138 -41.370660 2.533841 -2.846805 -10.341630 1.924466 1.719085 -4.684938 -5.008837 0.809725 -4.667495 0.792278 0.334602 -3.474757 6.428336 0.258294 12.576611 17.265161 -3.543452 24.351644 -2.263576 -10.627505 -0.074324 6.443597 8.138572 -3.299790 -22.689657 61.222723 84.335625 4.816118 40.690672 3.594566 11.890991 1.833865 -4.152417 7.905879 -8.418736 -1.163967 -10.445894 -71.352272 -114.972674 10.214116 -40.252786 -14.758111 8.826747 26.365021 3.525428 -4.192947 -5.442728 2.604923 42.327068 0.429688 17.455130 18.357197 8.876988 1.060834 -35.122115 -9.747560 24.859553 -21.302491 -3.138157 9.149773 9.332383 0.649806 1.733122 -2.703179 -9.211780 0.000000 0.000000 0.000000
0.034395 0.968217 1.423775 -40.181693 1.782420 -3.234331 -10.509174 2.065141 1.875895 -4.768021 -4.950395 0.883452 -4.750774 0.850026 0.399918 -3.532265 6.471072 0.308172 12.415500 17.589631 -3.345565 23.941019 -1.748166 -10.152768 -0.356854 6.508052 8.079854 -4.823115 -22.694750 60.472492 83.935839 8.333608 41.129221 3.308232 12.167980 -0.412202 -4.244863 8.488149 -8.334935 -0.419551 -10.712574 -71.322319 -114.383947 7.901693 -40.312493 -14.716015 8.712151 25.789466 4.102081 -5.654678 -5.506445 1.204917 47.606058 -0.426234 17.932879 22.391837 10.903589 -0.694891 -29.544093 -8.774845 26.115224 -19.705894 -4.156277 9.669157 7.868360 0.893282 0.263184 -2.777496 -7.326792 0.000000 0.000000 0.000000
0.026313 0.963984 1.462148 -39.037748 0.971598 -3.554105 -10.636662 2.270386 1.958832 -4.829994 -4.861625 0.925547 -4.813276 0.938224 0.435744 -3.576405 6.536862 0.336049 12.290037 17.772001 -3.143677 23.620437 -1.484320 -9.712708 -0.714795 6.336157 8.088829 -6.578441 -22.381473 59.799701 83.094776 11.332794 41.450533 2.886336 12.302556 -2.581536 -4.246808 8.789935 -8.261051 -0.158950 -10.811017 -71.095939 -113.988999 6.061792 -40.163174 -14.672271 8.630607 25.255426 4.247183 -7.115770 -5.455253 0.718497 52.554528 -1.070911 18.109307 24.623575 11.825052 -2.195960 -23.467848 -7.813757 26.551303 -18.423899 -4.879268 9.044788 8.005902 1.123851 0.259546 -2.852542 -4.732996 0.000000 -0.000000 -0.000000
0.018347 0.956869 1.500303 -38.014120 0.089033 -3.774334 -10.703885 2.554259 1.949281 -4.860936 -4.735558 0.927911 -4.845134 1.063987 0.434954 -3.600264 6.631141 0.336561 12.203058 17.751100 -2.943543 23.402436 -1.583713 -9.328005 -1.188554 5.684668 8.160328 -8.531761 -21.484752 59.071251 81.683363 13.439632 41.622193 2.540225 12.291584 -4.514726 -4.045666 8.495602 -8.190936 -0.655143 -10.413427 -70.670902 -114.040565 4.979541 -39.612143 -14.650970 8.615166 24.889253 3.498331 -8.393858 -5.268900 2.365938 56.931412 -0.807484 17.834991 24.198709 11.014922 -3.377170 -16.493737 -7.114136 25.825096 -17.737726 -5.274582 6.167202 10.369981 1.294260 3.132368 -2.488968 -1.112044 0.004911 0.007346 -0.072186
0.010460 0.947738 1.538194 -37.037810 -0.858674 -3.927572 -10.728799 2.905762 1.871139 -4.869922 -4.577686 0.901059 -4.855415 1.221760 0.407160 -3.609957 6.749685 0.316918 12.149767 17.587851 -2.744388 23.266304 -1.936443 -8.982219 -1.742331 4.797067 8.294196 -10.703753 -20.282248 58.353990 79.765967 15.068754 41.641954 2.194539 12.143625 -6.342133 -3.756117 7.920875 -8.148368 -1.636287 -9.846936 -70.057555 -114.327993 4.364868 -38.800664 -14.648094 8.628023 24.560563 2.307900 -9.663194 -4.943873 5.499745 60.950138 0.358513 16.948012 21.997429 9.018901 -3.930881 -8.991758 -6.355334 24.319528 -17.378716 -5.492841 2.189963 14.425765 1.201141 7.789912 -2.083432 2.934939 0.004267 0.014772 -0.144470
0.002873 0.939280 1.574923 -36.048641 -1.795281 -3.944779 -10.640399 3.322264 1.694240 -4.823539 -4.388288 0.830970 -4.810876 1.411599 0.341737 -3.581436 6.892697 0.268996 12.140678 17.317789 -2.572552 23.235754 -2.469605 -8.720028 -2.223357 4.277643 8.513918 -13.214346 -19.367115 58.109714 77.332022 16.635126 41.241809 1.613339 11.933438 -7.895709 -3.523562 7.653797 -8.182475 -2.845481 -9.960160 -69.145021 -114.618701 4.220340 -38.028326 -14.647351 8.637231 24.128217 1.590209 -11.069403 -4.631296 8.281285 64.393896 1.764302 15.210244 19.381876 6.653660 -3.261530 -4.507051 -4.953975 22.062676 -16.859252 -5.433739 -0.136465 18.616747 0.760491 11.563031 -2.982751 5.582595 -0.000000 -0.000000 -0.000000
-0.004408 0.931947 1.610002 -35.089724 -2.815670 -3.711675 -10.360994 3.889945 1.324035 -4.681948 -4.126980 0.676457 -4.671970 1.674164 0.201498 -3.487711 7.090917 0.164825 12.196860 16.864989 -2.436877 23.365533 -3.317494 -8.580039 -2.578293 4.515965 8.914574 -16.287200 -19.096795 58.825079 74.186329 18.258977 40.137246 0.609638 11.643575 -9.082996 -3.435218 8.061474 -8.338919 -4.536171 -11.380189 -67.597186 -114.819376 4.668667 -37.267372 -14.666643 8.624058 23.470052 1.901631 -12.673965 -4.464380 9.463024 67.431025 2.679330 12.057542 16.670010 3.960596 -1.295581 -5.573975 -2.179743 18.414994 -16.116028 -4.877389 1.047026 22.903414 0.233385 13.074278 -6.382154 6.021098 0.003677 -0.028424 0.602026
-0.011389 0.925288 1.643919 -34.126697 -3.834058 -3.343155 -9.971746 4.536362 0.871299 -4.486115 -3.829071 0.485288 -4.478923 1.973638 0.030071 -3.355384 7.316867 0.037000 12.289098 16.304106 -2.345920 23.592990 -4.347692 -8.555223 -2.838525 5.112419 9.427416 -19.711883 -19.006871 60.153273 70.430705 19.672452 38.486122 -0.602467 11.338495 -10.036373 -3.394447 8.783870 -8.538636 -6.545624 -13.447019 -65.694449 -115.005042 5.593280 -36.569738 -14.716950 8.611281 22.705393 2.712761 -14.419310 -4.333027 9.705454 69.931789 3.212259 8.248805 13.429930 1.081611 0.714719 -9.780409 1.509356 14.039349 -15.183362 -4.164616 3.865869 27.268597 -0.345235 13.475968 -11.106703 5.351767 0.003558 -0.075686 1.420635
-0.017869 0.920643 1.677246 -32.975602 -4.499381 -3.109359 -9.636482 5.009632 0.602592 -4.322993 -3.612547 0.372154 -4.317560 2.191358 -0.066599 -3.241106 7.480761 -0.035033 12.362588 15.898582 -2.310414 23.780023 -5.084759 -8.595817 -2.998517 5.491589 9.811449 -22.952702 -18.496309 61.278905 66.515866 20.713049 36.729780 -1.692018 11.213206 -10.952692 -3.273709 9.312940 -8.646967 -7.911584 -15.156896 -64.317909 -115.222436 6.600441 -36.342811 -14.755088 8.638800 22.055465 3.298718 -16.297521 -4.036687 9.579080 71.274382 3.457282 5.405952 10.008006 -1.198673 1.677783 -13.228588 4.728265 10.903172 -13.788798 -3.921539 5.546621 30.150293 -0.930756 13.556780 -15.017567 4.900311 -0.003162 -0.185883 1.949001
-0.023587 0.918550 1.710072 -31.507294 -4.616745 -3.083858 -9.417541 5.168498 0.616832 -4.226632 -3.541854 0.379295 -4.221780 2.262776 -0.049711 -3.167909 7.534175 -0.022103 12.410371 15.782263 -2.339250 23.895993 -5.282412 -8.687834 -3.059584 5.343726 9.943395 -25.975743 -17.318965 61.819684 62.275471 21.236770 35.036097 -2.621634 11.463247 -12.079256 -2.997526 9.422059 -8.631486 -8.058031 -16.244645 -63.945814 -115.600331 7.721365 -36.941457 -14.761217 8.762958 21.600989 3.282098 -18.449858 -3.458582 9.069562 71.250553 3.105067 4.162179 6.271941 -2.863843 1.768084 -14.699502 6.769586 10.104968 -11.746225 -4.407416 4.609924 30.744678 -1.524667 13.552470 -17.367169 5.208635 -0.004476 -0.287394 1.877862
-0.028805 0.918471 1.742309 -29.846592 -4.372441 -3.169258 -9.249671 5.134313 0.792063 -4.161732 -3.560254 0.454641 -4.156876 2.244873 0.032216 -3.113330 7.520200 0.039482 12.449872 15.826603 -2.401816 23.983485 -5.179843 -8.806291 -3.039652 4.990139 9.914751 -28.805719 -15.787293 62.077290 57.931610 21.346196 33.412089 -3.451142 11.870092 -13.240367 -2.649639 9.329245 -8.551860 -7.456003 -17.006407 -64.184199 -116.131345 8.891474 -37.993010 -14.741352 8.938362 21.265092 3.016246 -20.754897 -2.728362 8.023697 70.073952 2.228057 3.809857 2.456985 -4.159876 1.400595 -15.371622 8.066765 10.455009 -9.241562 -5.116887 2.637285 29.871726 -1.957345 13.159853 -18.901829 5.775940 -0.005944 -0.455879 1.516787
-0.034105 0.920135 1.774259 -28.183782 -3.979972 -3.380005 -9.100987 5.037782 1.054702 -4.110018 -3.608003 0.567866 -4.104914 2.197489 0.150687 -3.065793 7.483855 0.128539 12.470640 15.899711 -2.438065 24.022766 -5.034135 -8.864298 -2.982976 4.811240 9.798196 -30.995866 -14.208236 62.212140 54.523328 21.388935 32.105168 -4.022706 12.082691 -13.899646 -2.348718 9.187464 -8.429724 -6.630810 -17.342710 -64.656052 -116.576531 9.580711 -38.783368 -14.661328 9.052600 21.026452 2.856599 -22.822989 -2.008462 6.916373 67.746977 1.612722 3.756587 -0.438518 -4.839394 0.946670 -14.981860 8.635172 10.523446 -6.634797 -5.504677 1.388469 28.388721 -2.109399 12.336468 -19.703286 6.245400 -0.010782 -0.958978 1.288345
-0.039760 0.923628 1.805743 -26.582164 -3.457719 -3.792471 -8.977676 4.912022 1.417424 -4.074914 -3.670529 0.725376 -4.069376 2.135171 0.311754 -3.027374 7.435981 0.249742 12.493865 15.968920 -2.424194 24.049405 -4.905991 -8.832092 -2.880074 4.996132 9.607701 -32.220418 -12.669114 62.290553 52.343895 21.520073 31.131596 -4.296867 11.996157 -13.637999 -2.143931 9.023374 -8.239784 -5.684936 -17.120539 -65.308771 -116.711364 9.531605 -39.001649 -14.471366 9.049122 20.915244 3.020952 -24.638924 -1.320954 5.871613 64.170028 1.536215 3.841551 -1.846533 -4.627086 0.693068 -13.086102 8.377124 9.675348 -3.992136 -5.339607 1.731166 26.294599 -2.071138 10.853631 -19.982619 6.541508 -0.017577 -1.545854 1.371265
-0.045498 0.928863 1.836942 -24.985003 -2.774738 -4.318152 -8.873707 4.715235 1.862688 -4.052629 -3.765891 0.918659 -4.046474 2.039970 0.507310 -2.995897 7.363209 0.396814 12.498954 16.063522 -2.382444 24.029115 -4.740949 -8.737748 -2.741061 5.363340 9.353606 -32.813646 -11.090958 62.308594 51.085549 21.691017 30.482334 -4.330776 11.868551 -12.800444 -1.986633 8.805936 -8.010251 -4.546124 -16.440471 -66.111465 -116.640064 9.027817 -38.976290 -14.201010 8.983270 20.896283 3.297758 -26.227053 -0.649831 4.615533 59.422223 1.507261 4.018189 -2.383646 -3.725000 0.584516 -10.126521 7.422510 8.631598 -1.268453 -4.908148 2.704637 23.583315 -2.004080 8.951049 -19.518697 6.740396 -0.031522 -2.466115 1.587660
-0.051075 0.935311 1.868697 -23.396632 -2.079391 -4.740824 -8.739401 4.474505 2.279557 -4.014695 -3.879760 1.098475 -4.007834 1.926424 0.691025 -2.953433 7.276787 0.534751 12.410529 16.141917 -2.331194 23.836165 -4.625959 -8.599182 -2.638253 5.729211 9.116197 -33.315847 -9.514454 62.338328 50.847536 22.015751 30.264742 -4.126215 11.923076 -11.959845 -1.846118 8.606207 -7.830174 -3.487946 -15.610446 -66.727598 -116.527895 8.370001 -38.945615 -13.936062 8.911243 20.844040 3.409665 -27.241370 -0.066849 3.092925 53.778110 1.249656 3.875923 -2.809773 -2.648805 0.439014 -7.202200 6.127370 8.020738 1.291185 -4.537274 3.309943 21.089430 -1.899459 7.302174 -17.762151 6.713127 -0.071056 -4.736846 1.827237
-0.056496 0.943459 1.901319 -21.807156 -1.399855 -5.042715 -8.561503 4.190609 2.662596 -3.954756 -4.011751 1.262263 -3.947114 1.794870 0.860911 -2.895377 7.176961 0.661999 12.183828 16.189406 -2.279993 23.393150 -4.592275 -8.423188 -2.603736 6.029398 8.917712 -33.856345 -7.837887 62.362500 52.034833 22.732274 30.563114 -3.577726 12.302726 -11.342234 -1.720074 8.476419 -7.724332 -2.682308 -14.698123 -67.069984 -116.393305 7.621119 -38.909463 -13.688887 8.842152 20.722715 3.409143 -27.502932 0.429413 1.414538 47.008835 0.955847 2.969391 -3.274984 -1.560030 0.216271 -4.456598 4.179151 8.216753 3.777651 -4.347235 2.979843 18.741065 -1.527174 6.196863 -14.227570 6.540828 -0.151571 -8.963514 1.915319
-0.061757 0.952819 1.934497 -20.222258 -0.716502 -5.242208 -8.354189 3.864557 3.012072 -3.879154 -4.161430 1.410459 -3.870669 1.645700 1.016766 -2.826483 7.064038 0.778437 11.862884 16.219276 -2.221650 22.776400 -4.607071 -8.207945 -2.604678 6.326586 8.734487 -34.310288 -6.165929 62.407506 54.242590 23.697728 31.230648 -2.787527 12.842679 -10.757037 -1.609911 8.369672 -7.664054 -1.954801 -13.668074 -67.213952 -116.209408 6.719891 -38.886024 -13.445391 8.770637 20.568781 3.243435 -27.178211 0.902521 -0.224200 39.334366 0.727103 1.709928 -3.599401 -0.429747 0.047242 -1.813768 1.767803 8.819533 6.092614 -4.172464 2.325587 16.588764 -0.998530 5.283799 -9.409900 6.212934 -0.267592 -14.540894 2.029218
-0.066605 0.961400 1.968142 -18.660494 -0.121331 -5.188096 -8.107695 3.534128 3.228232 -3.778477 -4.310203 1.499446 -3.769190 1.497619 1.116019 -2.742894 6.952424 0.852092 11.505151 16.232665 -2.150996 22.090230 -4.659502 -7.961022 -2.613814 6.623971 8.569965 -34.832567 -4.844066 62.576277 56.370489 24.412584 32.041858 -2.094744 13.266683 -10.140236 -1.490300 8.212553 -7.659656 -1.033978 -12.707385 -67.103679 -116.094209 5.789025 -39.106681 -13.258502 8.731534 20.363247 2.472368 -26.424072 1.398410 -1.547065 31.720333 0.416470 1.089879 -4.024006 0.603935 -0.000000 0.000000 0.000000 9.238880 7.703764 -3.947875 2.173003 15.649883 -0.674064 4.231504 -4.231360 5.498767 -0.470543 -20.670624 2.579770
-0.070781 0.968907 2.002164 -17.156478 0.376185 -4.774022 -7.807739 3.196003 3.252361 -3.643582 -4.458721 1.502823 -3.633611 1.350007 1.133146 -2.639791 6.841844 0.863687 11.136461 16.230479 -2.058625 21.378543 -4.744604 -7.672593 -2.638910 6.908110 8.439020 -35.607805 -4.026334 62.890577 58.061973 24.572387 33.011575 -1.584569 13.440106 -9.328311 -1.353845 7.940160 -7.751203 0.257208 -11.916509 -66.645292 -116.159705 4.857198 -39.762433 -13.165912 8.745267 20.043202 0.670980 -25.144612 1.966869 -2.633185 23.987728 -0.027959 1.892209 -4.666649 1.762167 0.019809 0.523785 -0.469487 9.161452 8.352913 -3.773399 3.083721 16.342135 -0.658183 2.836336 1.250840 4.311884 -0.942200 -28.004497 3.811968
-0.074543 0.975635 2.036652 -15.668508 0.763312 -4.115047 -7.464708 2.872307 3.142926 -3.482821 -4.598544 1.446905 -3.472439 1.211192 1.093517 -2.521788 6.738290 0.832453 10.730479 16.210622 -1.955701 20.596131 -4.866956 -7.354777 -2.671095 7.190674 8.327243 -36.455308 -3.562096 63.295589 59.696532 24.431961 34.132691 -1.161736 13.468593 -8.461926 -1.208006 7.625931 -7.908087 1.746788 -11.256918 -65.925146 -116.299616 3.907086 -40.646564 -13.138229 8.794200 19.672667 -1.729892 -23.441137 2.524295 -3.337715 16.320111 -0.291668 3.306457 -5.387656 3.130221 0.018817 0.262212 -0.234015 8.877852 8.301200 -3.635909 4.503920 18.283746 -0.714990 1.155593 7.129449 2.834780 -1.806447 -35.892853 5.592977
-0.078412 0.980473 2.071786 -14.102980 0.943061 -3.399154 -7.106415 2.639900 2.983018 -3.313590 -4.697180 1.370110 -3.303187 1.113559 1.033855 -2.399299 6.665748 0.786423 10.266711 16.171032 -1.867382 19.713974 -5.029081 -7.046688 -2.658133 7.515196 8.197653 -36.978973 -3.348974 63.768561 61.277332 24.317060 35.156758 -0.900363 13.450953 -7.909867 -1.050595 7.398835 -8.031202 3.186573 -10.685501 -65.171990 -116.301553 3.002034 -41.396192 -13.125601 8.847736 19.421977 -3.902162 -21.764134 2.932842 -3.248194 10.257705 -0.367255 4.053145 -6.083894 4.296612 0.000000 0.000000 0.000000 8.699035 7.793173 -3.340265 5.588877 21.288764 -0.703515 -0.748209 12.696904 1.154706 -2.811779 -41.589351 7.682057
-0.082605 0.983280 2.107745 -12.423748 0.864308 -2.644683 -6.742944 2.521244 2.772784 -3.140317 -4.744793 1.272782 -3.130153 1.066911 0.954113 -2.275464 6.631529 0.725629 9.734846 16.113071 -1.784109 18.709131 -5.230750 -6.726315 -2.580085 7.862639 8.064259 -37.158384 -3.370132 64.318515 62.794699 24.462131 36.089974 -0.892623 13.424853 -7.886346 -0.912450 7.329710 -8.063110 4.531967 -10.198259 -64.438868 -116.060953 2.128941 -41.920698 -13.117090 8.876854 19.344445 -5.736017 -20.137094 3.216320 -1.911964 6.268086 -0.568986 3.446885 -6.767520 5.002505 0.000000 -0.000000 0.000000 8.822567 6.812807 -2.816654 5.989082 25.567120 -0.572247 -3.046538 17.832040 -0.952262 -3.506205 -44.071353 9.992054
-0.086906 0.984198 2.144349 -10.675515 0.571093 -1.851844 -6.365185 2.501039 2.525400 -2.959540 -4.748348 1.160199 -2.949896 1.064323 0.859865 -2.147337 6.630401 0.654156 9.144777 16.036440 -1.717188 17.602937 -5.467012 -6.416752 -2.456167 8.255309 7.920494 -37.026142 -3.672352 64.906629 64.258225 24.640903 36.935071 -1.082651 13.375205 -8.165122 -0.762408 7.339837 -8.047449 5.831924 -9.795887 -63.694909 -115.674480 1.316051 -42.340699 -13.118438 8.891322 19.386171 -7.366065 -18.542311 3.367969 0.070687 3.936064 -0.971870 2.337265 -7.458755 5.327468 0.000000 -0.000000 -0.000000 9.039976 5.362080 -2.184915 6.062923 30.885943 -0.257857 -5.741146 22.610999 -3.397572 -3.547099 -44.426296 12.113806
-0.091187 0.982539 2.181236 -8.887736 0.122853 -1.182590 -5.975784 2.586076 2.348775 -2.777969 -4.706258 1.080323 -2.769201 1.107361 0.798376 -2.016545 6.663281 0.607650 8.506955 15.939555 -1.722277 16.434010 -5.730467 -6.223538 -2.294115 8.805773 7.709374 -36.263429 -4.265941 65.430115 65.692427 24.544381 37.405059 -1.317498 13.336592 -8.455963 -0.506240 7.330944 -8.035710 6.981678 -9.395462 -63.042599 -115.228473 0.684701 -42.612985 -13.099523 8.910585 19.556187 -8.344653 -17.343485 3.274111 1.457233 3.443807 -1.330382 1.836320 -8.082530 5.225596 -0.000000 -0.000000 0.000000 9.046969 3.711986 -1.509476 6.029327 36.372634 0.270348 -8.342527 26.615541 -5.660526 -2.680390 -43.071941 13.231082
-0.095329 0.977563 2.218542 -7.058912 -0.471373 -0.633458 -5.576761 2.782746 2.265061 -2.597307 -4.615891 1.042923 -2.589550 1.198588 0.779280 -1.883345 6.732036 0.593370 7.815766 15.830303 -1.837404 15.204576 -6.003268 -6.213912 -2.112120 9.966332 7.292931 -34.681008 -5.389992 66.117973 67.260805 24.221158 37.338682 -1.573071 13.339407 -8.641654 -0.136202 7.407096 -8.035415 7.976744 -9.055395 -62.527882 -114.789989 0.204226 -42.639237 -13.033513 8.909122 19.848974 -8.497302 -16.781414 2.780506 1.475876 5.271958 -1.319624 3.069770 -8.630219 4.612845 -0.000000 -0.000000 -0.000000 8.690849 1.910890 -0.789406 5.973317 41.925414 1.019726 -10.892169 29.968991 -7.884181 -0.651684 -38.904713 13.275723
-0.099451 0.970010 2.256130 -5.191455 -1.210410 -0.222423 -5.169298 3.073961 2.267240 -2.417603 -4.484514 1.044416 -2.410876 1.330740 0.799003 -1.747936 6.831270 0.608554 7.077513 15.706666 -2.023896 13.913386 -6.295504 -6.318740 -1.899718 11.303891 6.858170 -32.494327 -6.890291 66.586600 68.769734 23.762920 36.795596 -1.872364 13.352100 -8.824166 0.339860 7.467160 -8.037880 8.823208 -8.688087 -62.109155 -114.293948 -0.114151 -42.502892 -12.944236 8.892044 20.268849 -7.981402 -16.560784 2.060999 0.851232 8.880919 -1.054895 4.886406 -9.015263 3.480212 -0.000000 0.000000 0.000000 8.102325 -0.091952 -0.029827 5.814806 47.640215 1.910166 -13.225450 32.535182 -9.930254 1.909512 -32.989374 12.712597
-0.103787 0.961418 2.293227 -3.312529 -2.028797 -0.137350 -4.754387 3.417463 2.416718 -2.242741 -4.331191 1.111399 -2.237181 1.484797 0.883708 -1.611571 6.946667 0.672852 6.320701 15.552127 -2.223259 12.594336 -6.642971 -6.441009 -1.606423 11.577758 6.749111 -29.933177 -7.998359 65.931829 69.740056 22.906925 35.793915 -2.119833 13.318788 -9.069569 0.989908 7.114646 -8.112833 9.427416 -7.988658 -61.706019 -113.658317 -0.076397 -42.406107 -12.880650 8.918314 20.846872 -6.858174 -16.245268 1.529561 0.582235 12.889668 -0.814786 4.935778 -9.120536 2.109110 -0.000000 0.000000 -0.000000 7.398938 -2.164993 0.723487 5.524771 52.955622 2.745707 -14.153369 33.604988 -10.705665 3.452116 -28.875432 11.730361
-0.108634 0.951320 2.329814 -1.323859 -2.974403 -0.584262 -4.361956 3.814446 2.812045 -2.091622 -4.156077 1.287696 -2.087278 1.660461 1.075253 -1.485285 7.077765 0.817918 5.530591 15.347391 -2.450112 11.226435 -7.081805 -6.604097 -1.146290 9.678226 7.091396 -26.826500 -7.616070 63.423938 70.018847 21.337398 34.073636 -2.258761 13.222327 -9.471749 2.045888 5.882649 -8.381542 9.427036 -6.478643 -61.162448 -112.801375 0.448877 -42.225677 -12.926155 8.989756 21.727023 -4.603046 -15.756307 1.443950 1.410614 17.155351 -0.583538 1.142569 -8.557092 0.717285 0.006301 0.016254 -0.071718 6.494919 -4.191169 1.563638 5.068036 57.840907 3.373462 -12.811469 32.644661 -9.650039 3.273266 -28.210385 10.071596
-0.113694 0.940182 2.365910 0.696140 -3.959476 -1.368792 -3.960165 4.234304 3.363310 -1.945369 -3.971186 1.532662 -1.941998 1.845827 1.335016 -1.357419 7.215870 1.014596 4.721943 15.113087 -2.694118 9.830669 -7.572903 -6.790732 -0.644616 6.665670 7.504248 -23.324424 -6.262910 60.234678 69.882583 19.396765 31.848543 -2.368586 13.110436 -9.969278 3.281725 4.270591 -8.843885 9.201359 -4.634255 -60.552476 -111.862943 1.351028 -42.032298 -12.993359 9.052950 22.775803 -1.763143 -15.244156 1.633938 2.705079 21.813903 0.065223 -4.552768 -7.747952 -0.363085 0.006814 0.033032 -0.143558 5.430807 -6.269483 2.401398 4.383289 62.351963 3.737456 -10.065765 30.117816 -7.541983 2.214396 -29.296754 7.814947
-0.118311 0.930940 2.400806 2.444538 -4.732915 -2.052917 -3.455276 4.600608 3.838571 -1.749346 -3.807579 1.741645 -1.746726 2.010149 1.563974 -1.194349 7.338610 1.187823 3.966401 14.888182 -2.856853 8.500719 -8.046282 -6.838834 -0.314447 4.562421 7.671624 -19.986037 -5.884784 57.996987 69.488063 17.628544 29.931555 -2.543738 13.010832 -10.397350 4.063799 3.307845 -9.294124 9.739983 -3.593595 -60.153560 -111.143125 2.498786 -42.309469 -12.882566 9.125440 23.611193 -0.008828 -14.584087 1.824013 3.298645 25.920060 0.985115 -8.322299 -7.980153 -0.910432 0.000000 0.000000 0.000000 4.555447 -8.595562 2.926194 3.319956 66.060578 3.697119 -7.152615 26.898060 -5.118315 1.157457 -30.683682 5.459280
-0.122180 0.924499 2.433956 3.781563 -5.224184 -2.471196 -2.781808 4.939462 4.159112 -1.470341 -3.652753 1.878965 -1.468641 2.165884 1.729725 -0.974103 7.455540 1.312923 3.291691 14.655294 -2.904550 7.276822 -8.534686 -6.696931 -0.301123 4.395602 7.613756 -16.642758 -7.996145 56.807462 68.477447 16.068572 28.473277 -2.884296 12.921936 -10.638798 3.931675 3.634460 -9.529880 11.793241 -4.224573 -60.374117 -110.831434 4.092603 -43.520763 -12.381822 9.303887 24.083700 -0.063337 -13.784152 1.770422 1.931148 29.505101 1.595004 -7.925506 -10.366948 -1.261097 -0.000890 -0.050868 0.614355 4.014253 -11.355629 3.023286 1.112629 68.978279 2.501109 -4.180907 22.881564 -2.019677 0.354358 -32.236583 2.939394
-0.125606 0.919954 2.465906 4.833027 -5.526940 -2.759434 -2.002789 5.242563 4.394223 -1.139693 -3.511762 1.975766 -1.138825 2.307616 1.860075 -0.717768 7.562274 1.410807 2.670118 14.426318 -2.865277 6.115566 -9.015215 -6.406759 -0.435231 5.159481 7.526620 -13.393895 -11.496452 55.808285 67.200105 14.481363 27.416306 -3.261316 12.816968 -10.795753 3.334645 4.570655 -9.596202 14.607578 -5.564183 -61.099931 -110.923405 5.975781 -45.151820 -11.715931 9.568897 24.351606 -1.177702 -12.781618 1.612495 -0.366150 32.637193 1.786890 -5.417389 -13.864317 -1.690501 0.000308 -0.153223 1.443532 3.735344 -14.360355 2.809920 -1.986624 71.077274 0.333625 -1.326541 18.135961 1.363276 -0.000468 -34.162854 0.066561
-0.128838 0.917529 2.497584 5.679727 -5.661621 -2.915777 -1.219167 5.402529 4.520142 -0.799370 -3.433536 2.022737 -0.798831 2.386334 1.941513 -0.457086 7.622019 1.471282 2.090101 14.281346 -2.729288 4.985383 -9.338246 -5.940550 -0.426658 5.842298 7.471871 -11.113546 -14.781025 55.066483 66.788809 12.958536 27.219815 -3.420284 12.682659 -11.042120 2.985016 5.138610 -9.607415 16.858716 -6.106335 -61.585249 -111.244864 7.428667 -46.271264 -11.346248 9.787116 24.489486 -2.796821 -11.269004 1.595588 -1.363026 34.439805 1.925672 -3.456541 -16.675474 -2.042755 -0.003195 -0.457309 1.934202 3.788825 -17.251323 2.320559 -3.898741 71.912889 -0.750876 0.598249 13.978617 3.639172 0.190317 -35.437451 -2.429170
-0.132043 0.917467 2.529105 6.269490 -5.618516 -2.904041 -0.428270 5.376284 4.493435 -0.445392 -3.437544 2.001648 -0.445032 2.382755 1.956409 -0.190699 7.620461 1.481187 1.550876 14.258141 -2.461413 3.870823 -9.433171 -5.231068 -0.084910 6.103255 7.453804 -10.610603 -17.531338 55.109737 67.789129 11.579447 28.332072 -3.238640 12.557316 -11.609931 3.207706 4.866913 -9.660922 17.798375 -5.192791 -61.263530 -111.621524 8.237081 -46.378838 -11.556369 9.898325 24.438947 -5.174762 -8.964171 1.894017 0.600223 34.264589 2.350265 -3.356211 -18.326474 -2.084320 -0.007775 -0.873319 1.853242 4.490532 -20.030668 1.391466 -3.148897 71.330673 1.001876 1.508776 10.984194 4.230040 0.619964 -36.069049 -4.055020
-0.135054 0.919526 2.560355 6.652827 -5.413656 -2.753396 0.365125 5.222658 4.337354 -0.082094 -3.498482 1.923594 -0.082151 2.322031 1.915310 0.078395 7.576199 1.448627 1.055968 14.314426 -2.092799 2.795631 -9.373979 -4.344078 0.398824 6.276390 7.439613 -11.197893 -20.156892 55.779740 69.534337 10.108475 30.233291 -2.846914 12.476581 -12.297374 3.667036 4.223055 -9.730859 18.190393 -3.602960 -60.438332 -112.003344 8.530733 -46.029166 -12.060969 9.949956 24.243610 -8.030590 -6.144318 2.225153 3.791581 32.747350 2.623505 -3.892125 -19.326633 -1.847415 -0.015850 -1.489819 1.433473 5.601660 -22.669430 0.138401 -1.360252 69.460590 3.798700 1.914403 8.681455 3.906642 1.051618 -36.018081 -4.961989
-0.137625 0.923203 2.591922 7.066024 -5.103000 -2.563378 1.047946 4.983060 4.126985 0.235723 -3.599465 1.823387 0.235245 2.220921 1.847326 0.311566 7.501391 1.395841 0.598816 14.413348 -1.715037 1.786715 -9.223688 -3.454233 0.735340 6.366565 7.366211 -11.467478 -22.106846 56.427211 71.393485 8.338528 31.849111 -2.371852 12.373463 -12.644376 4.080909 3.644790 -9.770305 18.914621 -2.125821 -59.410218 -112.241578 8.112733 -45.926988 -12.461672 9.947832 24.122281 -10.046820 -3.361770 2.286838 5.626169 30.909239 2.448459 -4.055973 -19.428693 -1.330441 -0.019471 -2.726343 0.818240 6.277809 -24.795505 -0.910753 -0.093963 66.400304 5.387066 2.112282 6.850105 3.407584 1.179159 -34.174682 -5.089374
-0.139718 0.928738 2.623956 7.610036 -4.651090 -2.331780 1.573219 4.632969 3.852631 0.487787 -3.751756 1.697577 0.486966 2.068423 1.747069 0.493390 7.387844 1.318970 0.172942 14.565250 -1.329686 0.834321 -8.964191 -2.563191 0.726455 6.302415 7.184744 -10.780474 -23.050248 56.866526 73.217673 6.154892 32.792661 -1.833371 12.101281 -12.405417 4.360670 3.266584 -9.699925 20.389878 -1.083519 -58.204341 -112.183819 6.638958 -46.504221 -12.602341 9.878775 24.185622 -10.697563 -0.639802 2.008252 5.065699 28.652053 1.893611 -3.339418 -18.582023 -0.490621 0.000324 -4.538125 -0.025382 5.926778 -26.403401 -1.380880 0.902587 62.136635 5.443610 2.140041 5.453342 2.991355 0.887639 -29.583592 -4.066655
-0.141372 0.935891 2.656308 8.185698 -4.095097 -2.056739 1.989149 4.199323 3.518090 0.694536 -3.942833 1.547308 0.693184 1.877183 1.617839 0.638984 7.245116 1.220562 -0.215245 14.762625 -0.936065 -0.047658 -8.610356 -1.673584 0.567881 6.166479 6.933475 -9.747975 -23.344320 57.359396 75.247203 3.818887 33.414284 -1.194430 11.695052 -11.854981 4.596876 2.947620 -9.577669 22.182170 -0.210978 -56.804912 -111.898961 4.529694 -47.439288 -12.640881 9.762197 24.319624 -10.561604 2.046790 1.606694 3.325566 26.041404 1.267227 -2.195001 -16.841748 0.592419 0.064948 -6.966867 -1.075355 5.042320 -27.540454 -1.528919 2.043827 56.723007 4.883693 1.988806 4.534930 2.389690 0.438464 -23.251405 -2.276304
-0.142448 0.943438 2.689118 8.726450 -3.597810 -1.840549 2.324585 3.791705 3.227587 0.862197 -4.123251 1.417702 0.860189 1.696526 1.505258 0.756260 7.110075 1.134981 -0.556013 14.944877 -0.625178 -0.805441 -8.275509 -0.961117 0.563858 6.195919 6.690820 -8.746861 -23.460440 57.807605 77.529385 1.850855 33.781267 -0.492447 11.326719 -11.304680 4.787826 2.720789 -9.528236 23.853229 0.628142 -55.490803 -111.655510 2.722709 -48.241600 -12.649023 9.665520 24.415049 -9.978891 4.204905 1.303667 1.274658 24.329580 0.785241 -1.013967 -14.120042 1.694439 0.195704 -10.561169 -2.117188 4.360901 -27.937222 -1.748420 2.772137 50.415594 4.043200 1.765445 3.962798 1.563432 0.080434 -16.967793 -0.833022
-0.142815 0.951566 2.722308 9.204508 -3.171690 -1.705502 2.577420 3.426520 3.017827 0.988121 -4.285225 1.324775 0.985537 1.534307 1.425079 0.844658 6.988677 1.074081 -0.844086 15.086254 -0.454781 -1.409021 -8.011964 -0.534322 0.904267 6.509048 6.474418 -7.771223 -23.439398 58.139723 80.110384 0.422120 33.828183 0.207310 11.047021 -10.865617 4.977677 2.560601 -9.634763 25.175414 1.635917 -54.331299 -111.582880 1.546808 -48.593732 -12.633986 9.633910 24.459135 -8.699250 5.644845 1.231684 -1.137001 23.880874 0.356022 0.127750 -10.010670 2.689612 0.458046 -16.425848 -3.075966 4.019466 -27.380182 -2.199394 2.854824 42.820776 2.901396 1.851323 3.906552 0.583816 -0.148385 -10.675444 -0.266194
-0.142605 0.960088 2.755957 9.645671 -2.802043 -1.631885 2.749002 3.080830 2.858721 1.074870 -4.438817 1.255179 1.071818 1.380582 1.364304 0.905213 6.873581 1.028046 -1.086623 15.215535 -0.369435 -1.894070 -7.769769 -0.285143 1.403242 6.981601 6.284232 -6.814860 -23.224987 58.436137 82.943878 -0.550128 33.723406 0.973758 10.823718 -10.412879 5.128084 2.500695 -9.805145 26.386688 2.670532 -53.278019 -111.619899 0.618545 -48.744929 -12.586149 9.627698 24.470706 -6.940088 6.551969 1.250462 -3.910454 24.345015 -0.030835 1.407734 -4.932119 3.716057 0.882719 -23.448661 -4.138058 3.855157 -26.074588 -2.719643 2.690583 34.325651 1.643982 1.958032 4.188080 -0.585661 -0.167696 -4.392858 -0.099977
-0.142080 0.967211 2.790430 10.061175 -2.608643 -1.663256 2.871889 2.801753 2.759200 1.136254 -4.562784 1.212121 1.132790 1.256509 1.327483 0.948466 6.780654 1.000184 -1.293415 15.353079 -0.290474 -2.308778 -7.511204 -0.062594 1.802195 7.480710 6.172950 -6.251437 -23.114752 58.767222 85.864378 -1.048487 33.936766 1.969378 10.742953 -9.876642 5.115737 2.664947 -9.899645 27.734288 3.399302 -52.454972 -111.810772 -0.237442 -48.977546 -12.543581 9.588636 24.385442 -5.730119 6.992833 1.119417 -6.188554 25.914221 -0.271793 2.808057 -0.025009 4.905793 1.325170 -28.863237 -5.352963 4.177395 -24.365038 -3.246274 2.366479 26.358595 0.628311 1.194939 4.165805 -2.288537 0.000000 -0.000000 -0.000000
-0.141250 0.972795 2.826067 10.458060 -2.651614 -1.839620 2.951026 2.599968 2.740960 1.173480 -4.652132 1.205042 1.169705 1.167078 1.324174 0.976084 6.713652 0.997664 -1.469968 15.528957 -0.193757 -2.672095 -7.180304 0.180001 2.028793 7.996020 6.173432 -6.329013 -23.270096 59.156862 88.951558 -0.992737 34.770763 3.405994 10.921506 -9.127813 4.864468 3.172022 -9.855461 29.373286 3.708959 -52.015482 -112.242663 -1.002019 -49.401182 -12.514421 9.485666 24.167018 -5.499470 6.938214 0.695530 -7.763578 28.839810 -0.408119 4.494563 4.574536 6.413698 1.640733 -32.084081 -6.776033 5.306573 -22.101768 -3.678094 1.838322 18.978141 -0.250796 -1.343127 3.641364 -5.250383 0.127231 1.254192 0.052691
-0.140106 0.976980 2.862529 10.830091 -2.868411 -2.125260 2.980074 2.462239 2.786267 1.184877 -4.712828 1.226132 1.180951 1.106364 1.346426 0.986332 6.668159 1.014489 -1.610970 15.712660 -0.103610 -2.965422 -6.834815 0.395864 2.154766 8.535521 6.245268 -6.804980 -23.504301 59.578613 92.089978 -0.650107 36.001397 5.082775 11.226235 -8.291874 4.453768 3.903248 -9.737918 31.119151 3.762872 -51.857024 -112.830490 -1.703842 -49.881344 -12.484771 9.352310 23.850786 -5.814914 6.418489 0.096976 -8.865326 32.873675 -0.566091 6.364368 9.009526 8.032793 1.680665 -33.737470 -8.093924 6.900309 -19.430614 -4.019048 1.059769 12.139666 -1.068801 -4.577606 2.729560 -8.993495 0.086492 0.625490 0.013880
-0.138874 0.978394 2.899172 11.168629 -3.195266 -2.450415 2.975338 2.401023 2.844679 1.180158 -4.739630 1.252659 1.176192 1.079573 1.372472 0.984781 6.648071 1.034180 -1.710188 15.832904 -0.013689 -3.180983 -6.607312 0.596582 2.135625 8.995368 6.318982 -7.316394 -23.592582 60.014237 94.800562 -0.552265 37.249688 6.521535 11.386105 -7.670846 3.991858 4.624364 -9.598833 32.698964 3.625454 -51.723488 -113.340391 -2.570924 -50.349890 -12.458233 9.225173 23.478482 -6.416560 5.597683 -0.519512 -9.267533 37.448463 -0.706199 7.860904 12.572072 9.334044 1.146111 -32.877648 -8.655053 8.303721 -17.131764 -4.435742 -0.063710 7.102312 -1.391578 -6.643180 1.351999 -11.910846 0.000000 -0.000000 -0.000000
-0.137660 0.976342 2.935862 11.527094 -3.622695 -2.837379 2.931938 2.436142 2.915161 1.157069 -4.723782 1.284027 1.153192 1.095465 1.401488 0.969663 6.659950 1.056112 -1.769834 15.848516 0.083628 -3.327124 -6.574221 0.799036 1.873936 9.367303 6.360975 -7.706541 -23.502778 60.472769 97.014801 -0.866619 38.362670 7.564902 11.297990 -7.394802 3.376407 5.452966 -9.425588 34.211576 3.102819 -51.606997 -113.739296 -3.823227 -50.849507 -12.422875 9.108089 23.004202 -7.243475 4.436762 -1.073170 -8.574004 42.688016 -0.564046 8.570150 15.103215 10.301493 -0.165473 -28.049191 -8.333285 9.551169 -15.450756 -5.264473 -2.017627 4.459902 -0.567885 -6.891421 -1.097145 -13.635340 -0.000000 0.000000 0.000000
-0.136358 0.971518 2.972733 11.855124 -4.159621 -3.265720 2.855960 2.548488 2.999301 1.118351 -4.673723 1.321098 1.114698 1.145602 1.434634 0.943163 6.697479 1.081182 -1.788720 15.800514 0.180703 -3.398650 -6.659967 0.988090 1.464681 9.663157 6.395229 -8.125335 -23.261798 60.939682 98.787430 -1.393909 39.451960 8.352971 11.092363 -7.317394 2.711133 6.274928 -9.238330 35.560302 2.399981 -51.532093 -114.055127 -5.238894 -51.332612 -12.389663 8.989903 22.476015 -8.349700 2.971386 -1.633043 -6.959929 48.445007 -0.097595 8.770602 16.773992 10.987979 -1.739558 -20.663063 -7.618719 10.626666 -14.127780 -6.228780 -4.391104 3.669268 0.908061 -6.265356 -3.924969 -14.319873 -0.000000 0.000000 -0.000000
-0.134888 0.964633 3.009541 11.985482 -4.773541 -3.597906 2.780889 2.692643 3.049991 1.081521 -4.609781 1.343051 1.078115 1.209619 1.452856 0.916948 6.745415 1.094986 -1.755250 15.740930 0.261414 -3.367116 -6.769030 1.128042 1.150908 9.808226 6.440744 -8.662566 -22.740600 61.350369 99.808280 -2.017809 40.512190 8.838617 10.859858 -7.304128 2.404009 6.501612 -9.118883 36.173848 2.136072 -51.232700 -114.162000 -6.372467 -51.603348 -12.401526 8.884489 22.075744 -9.646632 1.472583 -2.264069 -5.214987 53.755255 0.269284 8.791830 17.381037 11.037559 -2.735219 -14.037504 -6.709974 10.835603 -13.204732 -6.706605 -5.952331 4.193184 1.811351 -5.620068 -5.147259 -13.011071 -0.000000 0.000000 0.000000
-0.133073 0.954745 3.046798 11.769782 -5.457859 -3.837027 2.731366 2.801734 3.087127 1.056932 -4.561345 1.359119 1.053687 1.258101 1.466424 0.899520 6.781714 1.105252 -1.636796 15.722891 0.310020 -3.164433 -6.804226 1.175955 1.040548 9.650328 6.427078 -9.411681 -21.685635 61.630506 99.855722 -2.858823 41.664547 8.984092 10.610231 -7.268499 2.808286 5.544378 -9.088388 35.844911 2.904575 -50.193752 -114.068175 -7.336891 -51.584933 -12.536645 8.782484 21.805182 -11.436430 0.059880 -3.025868 -3.713283 58.385112 -0.002826 8.756352 16.496409 10.202575 -2.869359 -8.550720 -5.409598 9.749656 -12.749076 -6.305270 -6.170116 5.798530 1.373425 -5.111419 -2.825843 -8.321222 0.000000 -0.000000 -0.000000
-0.131089 0.942794 3.083993 11.353455 -6.222634 -3.971190 2.682925 2.942565 3.089228 1.034398 -4.499050 1.359357 1.031322 1.320431 1.464370 0.882432 6.828399 1.103715 -1.465118 15.692951 0.344161 -2.857479 -6.863055 1.177740 1.024074 9.339447 6.430716 -10.265339 -20.353031 61.810890 99.139627 -3.715683 42.834435 8.827385 10.325534 -7.283338 3.561074 3.984045 -9.115512 34.798860 4.157697 -48.958642 -113.799651 -8.017941 -51.341882 -12.723172 8.695121 21.661592 -13.398022 -1.418753 -3.832447 -2.435505 62.555672 -0.771339 8.505491 14.516040 8.778937 -2.350603 -3.815511 -3.814757 7.807196 -12.664634 -5.487476 -5.617197 8.614239 0.238154 -3.830769 1.183812 -1.786428 -0.000000 -0.000000 -0.000000
-0.129381 0.932321 3.119347 11.004087 -7.059313 -3.841517 2.596331 3.268186 2.944964 1.001353 -4.355906 1.293329 0.998645 1.463642 1.395004 0.852445 6.935732 1.051375 -1.325726 15.543622 0.396761 -2.620125 -7.142048 1.228501 1.015351 9.256215 6.687844 -11.027966 -19.379510 62.025641 98.030577 -4.002439 43.699394 8.439808 10.046977 -7.450927 3.996015 2.983939 -9.185866 33.065927 4.749026 -48.791287 -113.249462 -7.631941 -50.904756 -12.783811 8.678965 21.817202 -14.500945 -3.083111 -4.552321 -1.735635 66.041104 -1.581487 7.898059 12.490058 7.148099 -1.411364 -2.044613 -2.213235 5.624033 -12.810558 -4.926142 -4.720638 12.592075 -0.689540 -1.999889 3.058941 3.304514 0.000000 -0.000000 -0.000000
-0.128247 0.924177 3.151948 10.810997 -8.096325 -3.250187 2.484482 3.970261 2.519093 0.970224 -4.047380 1.099716 0.968188 1.772210 1.198259 0.814409 7.167049 0.902738 -1.271125 15.134899 0.524037 -2.574555 -7.898799 1.456250 0.992717 9.679270 7.436684 -11.540515 -19.275336 62.323228 96.566272 -3.423892 43.973132 7.750923 9.679390 -7.913826 3.769399 3.196280 -9.316758 30.284910 3.798189 -50.393367 -112.027224 -5.534321 -50.242815 -12.580839 8.773299 22.575418 -14.123484 -4.940621 -5.246277 -2.001780 68.892389 -2.330171 6.650921 10.780713 5.078165 -0.216678 -5.352376 -0.416609 2.851208 -13.562175 -4.920351 -3.201367 18.801525 -1.036250 -0.197693 0.618445 5.488226 0.000778 0.010264 -0.023672
-0.127389 0.917510 3.182707 10.666703 -9.202286 -2.395419 2.323863 4.851820 1.940370 0.926374 -3.659815 0.838243 0.925099 2.159823 0.932346 0.761829 7.457534 0.701663 -1.251300 14.608368 0.672628 -2.606415 -8.872774 1.741287 1.007997 10.339674 8.434659 -11.973627 -19.527386 62.716325 94.746475 -2.308977 43.834128 6.845210 9.292089 -8.527845 3.229683 3.971884 -9.497559 26.825221 1.923933 -52.770891 -110.378234 -2.420664 -49.380675 -12.235512 8.935939 23.630289 -12.845685 -6.916380 -5.910610 -2.851491 71.091446 -3.052266 5.111935 9.025858 2.771405 0.633883 -11.700754 1.509081 -0.137214 -14.639277 -5.146971 -1.317119 26.202718 -1.231326 1.392741 -3.938109 6.126178 0.000973 0.020567 -0.047339
-0.126361 0.913298 3.212576 10.560093 -9.979246 -1.721626 2.032604 5.482365 1.493726 0.819661 -3.382867 0.639586 0.818902 2.436970 0.722863 0.666445 7.665127 0.543434 -1.195072 14.277089 0.707144 -2.522419 -9.488457 1.793787 1.046105 10.797077 9.187267 -12.631030 -19.228463 63.296789 92.911834 -1.019616 43.634712 6.016313 9.197159 -8.990382 2.748799 4.520918 -9.659785 23.744716 0.313520 -54.801496 -109.197382 0.545195 -48.525810 -11.965136 9.118451 24.235872 -11.485170 -9.018859 -6.332866 -2.982708 72.349962 -2.965231 3.976324 7.272669 1.144259 0.752250 -17.024165 2.840491 -1.656648 -14.903109 -5.385768 -0.195169 31.634504 -1.365697 2.112305 -7.840037 6.356076 -0.000000 0.000000 0.000000
-0.124785 0.912184 3.241784 10.577575 -10.231520 -1.444658 1.552259 5.670767 1.327156 0.614838 -3.301241 0.570561 0.614337 2.518895 0.633037 0.506467 7.726323 0.476266 -1.086329 14.281137 0.516406 -2.243861 -9.488552 1.392852 1.143800 10.879751 9.486163 -13.536674 -17.832389 64.218441 91.065805 0.751972 43.211891 5.289403 9.745986 -9.345504 2.452035 4.474777 -9.801116 21.386188 -0.389924 -56.383868 -109.012803 3.447841 -47.846428 -11.843465 9.366582 23.938794 -10.294790 -11.402096 -6.387776 -1.430579 72.605140 -1.237449 3.554092 5.529653 0.678818 0.463792 -20.176839 2.900474 -0.406740 -13.634914 -5.623043 -0.433550 33.592060 -1.150777 1.132777 -10.098399 6.663161 -0.000716 -0.003417 0.190131
-0.123039 0.913525 3.270102 10.650071 -10.157168 -1.354261 0.951771 5.612108 1.302590 0.349139 -3.329131 0.567131 0.348840 2.491201 0.602604 0.305329 7.705259 0.454338 -0.940971 14.474352 0.203486 -1.846420 -9.138957 0.744576 1.235474 10.751728 9.543732 -14.634404 -15.862273 65.221428 89.225649 2.694789 42.629136 4.642810 10.614229 -9.646398 2.216764 4.197960 -9.910486 19.394076 -0.739777 -57.861611 -109.331188 6.302836 -47.353080 -11.840126 9.618273 23.181129 -9.085817 -13.949909 -6.236887 0.719619 71.878177 1.189520 3.410336 3.817290 0.816236 0.153905 -22.257488 2.131803 2.252228 -11.482973 -5.770412 -1.314189 33.568484 -0.649509 -0.785042 -11.707869 6.798399 -0.000808 -0.037887 0.451236
-0.121815 0.916365 3.297790 10.548636 -9.949222 -1.258757 0.353265 5.455107 1.277620 0.084536 -3.400605 0.563500 0.084404 2.419821 0.572086 0.104973 7.651467 0.432305 -0.732361 14.741612 -0.048343 -1.355202 -8.649017 0.188173 1.114600 10.472933 9.495642 -16.132478 -14.033008 65.757394 87.778807 3.678001 42.822701 4.266683 11.162412 -9.529592 2.038518 4.002670 -9.903382 17.737238 -1.127354 -59.040010 -109.697830 7.890855 -46.953303 -11.994897 9.694825 22.575106 -8.048357 -16.311376 -6.040351 1.962668 70.070432 2.667007 3.116350 2.236058 0.924336 0.011498 -22.577223 1.517953 4.025614 -9.309835 -5.662140 -2.043746 32.948735 -0.441086 -1.893854 -12.908902 6.825669 -0.001554 -0.278826 0.638641
-0.121489 0.920523 3.324793 10.156868 -9.631005 -1.081177 -0.218880 5.217648 1.185490 -0.164375 -3.507621 0.529360 -0.164320 2.312843 0.512663 -0.085748 7.571087 0.388268 -0.429628 15.086117 -0.141697 -0.750424 -8.012011 -0.104026 0.593007 9.961833 9.375012 -18.348465 -12.700085 65.528699 86.810776 3.087574 44.758880 4.269193 11.086222 -8.597130 1.951278 4.018769 -9.722110 16.412794 -1.670061 -59.761240 -110.082314 7.375648 -46.409481 -12.376183 9.477809 22.416529 -7.224097 -18.461953 -5.834006 2.200019 67.102537 2.998099 2.518052 0.746000 0.746504 -0.018757 -20.431462 1.645877 3.915353 -7.375498 -5.311231 -2.584145 32.046219 -0.979198 -1.200875 -13.930523 6.698166 -0.002803 -0.611051 0.660806
-0.121686 0.926181 3.351165 9.593268 -9.177330 -0.903334 -0.787960 4.880619 1.102849 -0.412201 -3.658761 0.498662 -0.411753 2.161574 0.456790 -0.275187 7.457492 0.346778 -0.065105 15.509875 -0.178920 -0.055157 -7.225175 -0.310061 -0.131584 9.287011 9.171898 -20.976561 -11.629885 64.766676 86.065123 1.749699 47.720995 4.443924 10.732372 -7.151701 1.916864 4.128981 -9.434684 15.415912 -2.186587 -60.176996 -110.687108 5.613128 -45.747674 -12.890622 9.118772 22.448546 -6.589527 -20.425610 -5.528351 1.941291 63.091498 2.744119 1.819721 -0.612223 0.527080 0.003142 -16.543976 2.032653 2.969606 -5.418964 -4.853327 -2.985684 30.552246 -1.791933 0.326535 -14.541298 6.366322 -0.005725 -1.149471 0.608139
-0.121969 0.932920 3.377334 8.979640 -8.709048 -0.770603 -1.304997 4.535856 1.092250 -0.640860 -3.813263 0.498613 -0.639881 2.006806 0.433516 -0.447772 7.341242 0.329752 0.296316 15.897715 -0.268727 0.649355 -6.502593 -0.607992 -0.693690 8.740400 8.934644 -23.328750 -10.618973 63.816810 85.575729 0.639205 50.199076 4.548468 10.455449 -5.813975 1.818231 4.273140 -9.154881 14.710726 -2.616867 -60.504273 -111.370409 3.874939 -45.212615 -13.289885 8.848450 22.441081 -6.225933 -21.911127 -5.054947 1.181488 58.277023 1.954104 1.195840 -1.595755 0.417724 0.023017 -12.400285 2.156201 1.989022 -3.532911 -4.434822 -2.662105 29.007500 -2.165755 1.497731 -14.311512 5.871763 -0.012783 -2.414953 0.606469
-0.122212 0.941221 3.403386 8.294310 -8.254573 -0.738533 -1.740323 4.214089 1.209992 -0.840222 -3.957700 0.554239 -0.838709 1.862098 0.468904 -0.594134 7.232500 0.356883 0.646963 16.201624 -0.475301 1.372911 -5.931908 -1.115342 -0.963640 8.408968 8.619342 -25.172054 -9.509032 62.764792 85.557595 -0.117334 51.598355 4.595055 10.368803 -4.765106 1.633231 4.388588 -8.919273 14.408217 -2.892364 -60.846316 -112.085434 2.490054 -45.034590 -13.466221 8.747897 22.327023 -6.251227 -22.811087 -4.273789 -0.004230 52.540441 0.640015 0.499709 -2.000277 0.495216 0.020425 -7.955843 1.647504 1.140451 -1.661053 -4.073952 -1.163079 27.398171 -1.814741 1.792738 -12.885519 5.234144 -0.028647 -4.717642 0.684421
-0.122541 0.950604 3.429234 7.557599 -7.787337 -0.752892 -2.124435 3.891311 1.398067 -1.020385 -4.102904 0.640173 -1.018292 1.716621 0.536552 -0.723689 7.123125 0.408230 0.995039 16.467872 -0.729714 2.105371 -5.425578 -1.706812 -1.075104 8.204814 8.249483 -26.767643 -8.426728 61.594661 85.889946 -0.855146 52.462117 4.629779 10.340995 -3.826717 1.383455 4.534105 -8.693325 14.392000 -3.060742 -61.118994 -112.831142 1.092600 -45.007148 -13.524916 8.715823 22.148103 -6.547624 -23.217411 -3.308993 -1.098263 45.962123 -0.611253 -0.173601 -2.028040 0.669129 0.012897 -3.280183 0.743933 0.256577 0.142247 -3.750868 0.990519 25.754636 -1.208421 1.658254 -10.622428 4.501875 -0.055623 -7.747939 0.804477
-0.122897 0.959208 3.455048 6.953787 -7.344797 -0.688371 -2.498622 3.574060 1.539768 -1.193388 -4.245737 0.704912 -1.190625 1.573436 0.583728 -0.849299 7.015457 0.443986 1.300990 16.721055 -0.937046 2.739458 -4.940934 -2.192446 -1.069113 8.171064 7.949689 -28.186654 -7.482205 60.562533 86.316827 -1.392569 52.917533 4.540167 10.372062 -3.093770 1.017700 4.824126 -8.487446 14.288387 -3.257250 -61.253624 -113.454351 -0.106840 -44.823738 -13.537557 8.677652 21.817517 -6.828324 -23.151864 -2.509924 -1.816179 39.104524 -1.258801 -0.317469 -2.040446 0.958783 0.000000 0.000000 0.000000 -0.388020 1.597960 -3.486959 2.920715 24.729883 -0.777413 1.358173 -8.175383 3.774433 -0.096345 -11.097771 0.991687
-0.123303 0.966796 3.480640 6.547892 -6.904246 -0.504197 -2.879103 3.253985 1.597665 -1.364581 -4.389608 0.731880 -1.361060 1.429161 0.593324 -0.976271 6.907049 0.451259 1.556860 16.967655 -1.053490 3.246439 -4.470507 -2.489412 -0.893521 8.371928 7.800731 -29.412683 -6.663782 59.756208 86.721199 -1.729281 52.835097 4.262922 10.472514 -2.620679 0.410831 5.407348 -8.309354 13.910169 -3.558573 -61.232733 -113.887683 -0.980767 -44.276447 -13.506075 8.593823 21.278997 -6.902199 -22.540738 -2.047071 -2.481139 31.814044 -1.243005 0.386163 -2.105325 1.490586 -0.006383 0.912622 -0.191762 -0.808135 2.532256 -3.284784 4.475021 24.576076 -0.582919 1.009615 -5.639674 3.090341 -0.161435 -14.810233 1.256965
-0.123736 0.973606 3.506197 6.276423 -6.486906 -0.237336 -3.248489 2.933462 1.606122 -1.528198 -4.533370 0.736244 -1.523867 1.284998 0.581092 -1.099170 6.798820 0.441954 1.771857 17.203224 -1.121303 3.659714 -4.022791 -2.680458 -0.609232 8.754858 7.712155 -30.460404 -5.923249 59.137411 87.246406 -1.896336 52.326765 3.881092 10.629021 -2.358311 -0.315174 6.130766 -8.171624 13.444760 -3.879431 -61.063281 -114.195386 -1.654527 -43.603309 -13.428131 8.490760 20.589786 -6.949291 -21.471767 -1.768922 -3.105473 24.267178 -0.882985 1.544763 -2.136481 2.342386 -0.004987 0.456691 -0.094022 -1.003751 3.109469 -3.101699 5.836065 25.049067 -0.462365 0.492271 -2.919149 2.426101 -0.258960 -18.843495 1.583864
-0.124068 0.978491 3.532448 6.131234 -6.194576 0.124108 -3.597033 2.630106 1.553559 -1.679431 -4.669022 0.712883 -1.674253 1.148919 0.542386 -1.214746 6.696745 0.412582 1.932395 17.435986 -1.175369 3.966343 -3.581918 -2.825932 -0.426750 9.186570 7.552528 -31.430700 -5.307221 58.765064 88.036806 -1.713562 51.881328 3.496803 10.808015 -2.242727 -0.837746 6.657242 -8.074381 13.079626 -4.113135 -60.720700 -114.419852 -2.298281 -43.168066 -13.372696 8.398140 19.837132 -7.245371 -20.223387 -1.544075 -3.187920 17.541054 -0.553397 2.614449 -2.283616 3.450890 -0.000000 -0.000000 0.000000 -0.684489 3.552959 -2.874629 6.667271 26.066196 -0.400261 -0.250335 -0.379185 1.760339 -0.383037 -22.661957 1.965832
-0.124112 0.981281 3.559830 6.133569 -6.076019 0.635738 -3.933190 2.342838 1.408321 -1.820566 -4.796685 0.647782 -1.814520 1.020812 0.462963 -1.325816 6.600811 0.352426 2.023738 17.664618 -1.223892 4.142712 -3.151300 -2.936940 -0.436724 9.674138 7.233061 -32.358273 -4.802472 58.779831 89.271058 -0.983800 51.634666 3.109832 11.003032 -2.285951 -0.986980 6.816277 -8.008652 12.838662 -4.181363 -60.121322 -114.537245 -3.039054 -43.136311 -13.377240 8.338611 18.958061 -8.057546 -18.686625 -1.340906 -2.209060 11.678330 -0.482635 3.437716 -2.603775 4.777091 0.000000 -0.000000 0.000000 0.504779 4.002046 -2.625316 6.593263 27.530193 -0.383379 -1.276483 1.891275 1.217191 -0.517640 -26.147249 2.333038
-0.124054 0.982146 3.587905 6.259922 -6.085054 1.244147 -4.246184 2.069950 1.196841 -1.948316 -4.917078 0.552721 -1.941422 0.900004 0.354949 -1.429062 6.510503 0.270662 2.061521 17.889994 -1.257856 4.215322 -2.729899 -3.002848 -0.548598 10.205663 6.839312 -33.194084 -4.389748 59.047750 90.792863 0.089966 51.465473 2.719849 11.206965 -2.463751 -0.926944 6.779420 -7.956083 12.686898 -4.154715 -59.365833 -114.546325 -3.778659 -43.345981 -13.408655 8.297357 18.012489 -9.129862 -16.980797 -1.212008 -0.712433 6.643943 -0.657761 4.174912 -3.085996 6.278175 0.000000 -0.000000 0.000000 2.207128 4.325364 -2.318279 5.993354 29.519362 -0.357874 -2.511614 3.978269 0.684392 -0.678367 -29.417329 2.770520
-0.124330 0.980455 3.616086 6.434165 -6.180246 1.797334 -4.499216 1.830772 0.994041 -2.050132 -5.022141 0.461203 -2.042483 0.794582 0.253110 -1.512502 6.431748 0.193557 2.077744 18.122993 -1.286129 4.245640 -2.295520 -3.050504 -0.696839 10.618001 6.505490 -33.915440 -4.130826 59.208807 92.240915 1.101453 51.466307 2.426224 11.382345 -2.656120 -0.834186 6.724125 -7.889543 12.724600 -4.155831 -58.713228 -114.518131 -4.350563 -43.664958 -13.431225 8.258304 17.271502 -9.946062 -15.716856 -1.125449 0.267772 3.385400 -0.995854 4.828095 -3.766901 7.776651 -0.000000 0.000000 0.000000 3.648102 4.326085 -1.824226 5.656861 32.221599 -0.252356 -3.857264 5.779108 -0.220039 -0.911997 -32.292879 3.506739
-0.125142 0.975699 3.644340 6.710158 -6.350739 2.267257 -4.728573 1.612028 0.802065 -2.142161 -5.117943 0.374311 -2.133792 0.698443 0.156880 -1.588240 6.359961 0.120688 2.111075 18.425305 -1.297347 4.298825 -1.732278 -3.069317 -0.834503 10.984222 6.269933 -34.599141 -4.188326 59.186470 93.654915 2.026135 51.769996 2.294857 11.507988 -2.834133 -0.803971 6.835106 -7.778253 13.156263 -4.351122 -58.276539 -114.543811 -4.716991 -44.120904 -13.410183 8.228262 16.855928 -10.286867 -15.199792 -1.032695 -0.044452 2.595672 -1.575923 5.614353 -5.379142 9.794088 -0.000000 -0.000000 0.000000 4.607012 3.831234 -1.070736 5.758010 35.936653 -0.042535 -5.478037 7.206263 -1.747338 -1.295233 -34.703009 4.834965
-0.126288 0.968388 3.672701 7.032439 -6.608377 2.680720 -4.899151 1.430113 0.616550 -2.208597 -5.197165 0.290256 -2.199652 0.618973 0.066085 -1.644514 6.300681 0.051948 2.123507 18.735374 -1.301243 4.311186 -1.155978 -3.067568 -1.005471 11.234862 6.098809 -35.169087 -4.409402 59.068889 95.000111 2.883177 52.250759 2.253458 11.600525 -3.030472 -0.741871 6.927013 -7.653199 13.780268 -4.584861 -57.937769 -114.527561 -4.916467 -44.695639 -13.378293 8.213076 16.643995 -10.365985 -15.116075 -0.953334 -0.931696 3.551352 -2.245250 6.390969 -7.159360 11.763036 -0.000000 0.000000 0.000000 5.293121 2.993838 -0.154463 6.138787 40.372246 0.350423 -7.310824 8.343933 -3.617719 -1.739752 -36.728367 6.459858
-0.127595 0.959422 3.700686 7.162334 -6.940939 2.969321 -4.871176 1.351853 0.505090 -2.190611 -5.230792 0.239637 -2.181602 0.585407 0.017302 -1.634680 6.275682 0.015008 2.032016 18.879132 -1.339063 4.150659 -0.891718 -3.101892 -1.277145 10.995053 6.023010 -35.375407 -4.399384 58.735975 95.767351 3.376419 52.572657 2.202267 11.681463 -3.219415 -0.540201 6.621525 -7.584287 14.092030 -4.498248 -57.602889 -114.261976 -4.883652 -45.193887 -13.397989 8.196188 16.544637 -10.310777 -15.137975 -0.934629 -1.167697 5.101070 -2.437653 6.737973 -6.879636 11.884237 0.000000 0.000000 -0.000000 5.579365 2.103120 0.800208 7.135083 44.845071 1.078387 -8.916179 9.359424 -5.451453 -2.043591 -38.425791 7.691286
-0.129264 0.947682 3.728709 6.904683 -7.377917 3.174490 -4.513681 1.404484 0.452748 -2.029189 -5.206562 0.215755 -2.020910 0.610213 0.009806 -1.514714 6.294303 0.009299 1.744283 18.736018 -1.429313 3.657855 -1.166137 -3.181253 -1.791587 9.765997 6.006614 -35.258065 -3.601369 58.016123 95.923976 3.272911 52.668513 2.098723 11.843482 -3.366689 -0.072948 5.413383 -7.584225 13.739065 -3.529912 -56.917746 -113.742174 -4.953722 -45.316571 -13.529527 8.173050 16.558212 -10.247624 -15.104585 -1.048545 0.244332 6.765904 -1.670978 6.062466 -2.235676 8.701922 -0.002190 0.008996 0.009845 5.164433 1.294742 1.808699 9.652060 49.312556 2.503081 -10.367707 10.450887 -7.525564 -2.189302 -40.050850 8.464838
-0.131096 0.934287 3.756355 6.455087 -7.886869 3.260161 -3.960571 1.562186 0.481039 -1.784845 -5.136158 0.228012 -1.777775 0.681439 0.046850 -1.329552 6.347616 0.037232 1.353565 18.426696 -1.556917 2.993043 -1.751034 -3.300263 -2.406568 8.045493 6.079482 -34.796859 -2.546139 57.108756 95.485469 2.835060 52.580631 1.990339 11.994878 -3.505220 0.537480 3.811200 -7.679218 13.084155 -2.239167 -56.249009 -112.971039 -4.778766 -45.368739 -13.709270 8.143994 16.685582 -10.047842 -15.176293 -1.221622 2.383198 8.997047 -0.312767 4.134129 4.466601 3.792612 -0.002364 0.018214 0.019671 4.336337 0.467604 2.877874 13.111402 53.808568 4.580614 -11.608829 11.444179 -9.599976 -2.177784 -41.351095 8.788016
-0.132310 0.923492 3.781902 6.165282 -8.363880 3.038410 -3.470738 1.808376 0.710393 -1.578669 -5.027851 0.330450 -1.572763 0.790382 0.170198 -1.166526 6.429021 0.130388 1.055616 18.138556 -1.710942 2.505523 -2.291438 -3.494810 -2.766338 6.950917 6.371860 -33.609991 -2.454494 56.433267 94.005016 2.516654 52.123553 1.919094 11.880687 -3.711754 1.032085 2.961056 -7.915142 12.682541 -1.945220 -56.558652 -111.795932 -3.238966 -46.029761 -13.814785 8.100150 16.836547 -9.462757 -15.506844 -1.279703 3.639620 12.120266 0.948172 2.020261 8.525375 -0.161549 -0.000000 -0.000000 -0.000000 3.860879 -0.460505 3.875199 15.306554 57.778589 6.382962 -11.818809 11.944276 -10.611602 -1.844782 -41.582234 8.124297
-0.132369 0.916716 3.804644 6.204440 -8.831788 2.256978 -3.152988 2.213247 1.310996 -1.468188 -4.851305 0.599656 -1.463253 0.967229 0.450602 -1.063414 6.560940 0.342368 0.941173 17.908358 -1.953064 2.383115 -2.714333 -3.909497 -2.683810 7.126145 7.095679 -31.152399 -4.292448 55.840492 90.618633 1.983962 51.115528 1.966241 11.185459 -4.104851 1.306802 3.621361 -8.371799 12.990452 -3.709070 -58.536947 -110.305206 0.349694 -47.812854 -13.790823 7.968560 16.990876 -7.899408 -16.438081 -1.174689 2.969049 17.174052 1.864699 0.865573 7.349087 -1.936631 0.000505 -0.015733 -0.089209 3.988880 -1.544507 4.845472 14.290627 61.276977 6.478732 -10.096350 11.653537 -9.902269 -1.095327 -39.933666 6.053359
-0.131812 0.912541 3.825286 6.413377 -9.264568 1.161122 -2.889179 2.695263 2.113439 -1.393334 -4.640857 0.958762 -1.389221 1.177856 0.817295 -0.980566 6.717892 0.619709 0.918635 17.703059 -2.221365 2.439076 -3.085959 -4.403043 -2.330228 7.913827 8.061363 -27.898490 -7.051299 55.128157 86.233200 1.306253 49.739953 2.100988 10.227798 -4.557277 1.425667 5.039794 -8.912407 13.625391 -6.372049 -61.591394 -108.780647 5.447685 -49.994075 -13.692072 7.814321 17.156719 -5.972058 -17.669879 -0.981963 1.444366 23.169234 2.626511 0.382582 3.604166 -2.674975 0.000414 -0.058816 -0.207619 4.447852 -2.773665 5.722733 11.065525 64.289926 5.168723 -7.200701 10.832601 -8.272899 -0.397438 -37.146654 3.312187
-0.131474 0.910969 3.844221 6.642858 -9.489934 0.307776 -2.607659 3.014924 2.720390 -1.301002 -4.500350 1.229030 -1.297450 1.318588 1.096934 -0.890960 6.822697 0.831143 0.910664 17.599828 -2.313669 2.459679 -3.273972 -4.574322 -1.906817 8.488116 8.786620 -25.019346 -9.094240 54.912935 82.914977 1.762818 48.274929 2.128342 9.693581 -4.794944 1.428506 6.086116 -9.227693 13.774064 -8.025262 -64.577210 -107.138484 11.281395 -51.361153 -13.560173 7.841423 17.307684 -5.228898 -18.336685 -0.662360 0.506970 27.460773 3.082940 0.458195 0.574209 -3.158519 0.000567 -0.247019 -0.262949 5.251702 -4.153078 6.195579 8.059667 66.224009 4.341325 -4.736213 9.935532 -6.779559 -0.066739 -34.833633 0.885199
-0.131806 0.912589 3.861371 6.818074 -9.418593 -0.044601 -2.279416 3.057604 2.949847 -1.167091 -4.480327 1.329283 -1.163932 1.338911 1.210791 -0.782355 6.837832 0.916919 0.905712 17.688654 -2.097845 2.374289 -3.117641 -4.171912 -1.425653 8.473728 9.023300 -23.108611 -9.738445 55.995501 81.523507 4.699776 46.647251 1.807373 10.022484 -4.668089 1.311223 6.240567 -9.137638 12.778372 -7.723913 -67.252418 -105.013640 18.388560 -51.085015 -13.396385 8.206102 17.365743 -6.855766 -17.929719 -0.034742 0.831906 28.770296 2.966334 1.397532 -0.497336 -3.626615 -0.000133 -0.677006 -0.192507 6.940721 -5.771799 5.987602 6.627898 66.780937 5.737740 -3.347546 9.160007 -5.640906 0.087452 -33.724637 -1.244614
-0.132358 0.916812 3.876814 7.004542 -9.143532 -0.150503 -1.942591 2.948216 2.974918 -1.017816 -4.526903 1.337917 -1.015013 1.292618 1.234582 -0.668875 6.803338 0.934436 0.919030 17.869839 -1.699321 2.259095 -2.795413 -3.436439 -0.893037 8.261043 8.998960 -21.652546 -9.867799 57.897217 80.864692 9.053133 44.978003 1.340198 10.769191 -4.329004 1.111005 6.010275 -8.842808 11.176479 -6.558141 -69.767441 -102.046323 26.017741 -49.510398 -13.186620 8.752881 17.476138 -9.616946 -16.878811 0.707022 1.630833 28.366300 2.462974 2.877064 -0.846822 -3.893248 -0.000261 -1.252223 -0.058750 9.044946 -7.497785 5.304151 5.713234 66.278390 7.993707 -2.431008 8.311525 -4.546491 0.267725 -33.118238 -3.306832
-0.132619 0.921872 3.891170 7.255564 -8.771550 -0.218679 -1.636632 2.811627 2.928891 -0.878433 -4.585549 1.315144 -0.875953 1.234202 1.225951 -0.565177 6.759828 0.927467 0.911783 17.934144 -1.304248 2.112747 -2.689422 -2.704773 -0.522989 8.180734 8.931599 -20.233285 -10.225966 59.626647 80.013567 12.663358 43.672921 1.123192 11.280542 -3.982552 0.982546 5.804924 -8.616274 9.892286 -5.712232 -71.363028 -98.201304 31.450159 -47.529878 -12.955586 9.182207 17.928387 -11.443207 -15.725165 1.139482 2.141542 27.443351 2.139047 3.766920 -0.929776 -4.043663 -0.000676 -1.801344 0.042999 10.058468 -9.023497 4.646965 5.011973 65.116789 9.281732 -1.698989 7.298800 -3.675924 0.479111 -32.503069 -4.827714
-0.132460 0.927365 3.904613 7.632169 -8.312547 -0.341165 -1.386150 2.674461 2.843313 -0.761724 -4.644750 1.275236 -0.759489 1.175176 1.197886 -0.479843 6.715863 0.905895 0.872522 17.791882 -0.955751 1.928100 -2.964516 -2.053271 -0.450279 8.402740 8.921785 -18.693312 -11.138105 60.768673 78.788143 14.525965 42.936773 1.373513 11.231646 -3.689929 0.985456 5.803256 -8.573474 9.329627 -5.625804 -71.439324 -93.476936 32.969313 -45.852277 -12.769384 9.271985 19.020529 -11.490276 -14.621573 1.130177 2.209724 26.270228 2.304537 3.407792 -0.920703 -4.102828 -0.002034 -2.208469 0.105058 9.023264 -10.303580 4.303548 5.070651 63.428550 9.268709 -1.041591 5.971149 -3.101018 0.687704 -31.899570 -5.568053
-0.132010 0.933693 3.916969 8.072540 -7.756324 -0.422469 -1.167648 2.512472 2.685193 -0.655506 -4.715165 1.203285 -0.653515 1.104893 1.136723 -0.404849 6.663494 0.859365 0.806295 17.535448 -0.617738 1.697159 -3.449650 -1.412833 -0.535566 8.758849 8.880593 -17.198418 -12.232879 61.694789 77.603138 15.614760 42.532302 1.870554 10.953264 -3.410174 1.061604 5.829373 -8.596362 9.121988 -5.825092 -70.576212 -88.520833 32.391906 -44.687286 -12.667828 9.179234 20.392492 -10.643269 -13.447615 0.874771 1.991384 24.587481 2.634274 2.460623 -0.648786 -4.023523 -0.003072 -2.589547 0.134855 6.863207 -11.419742 4.123325 5.735480 61.055958 8.694080 -0.556455 4.492418 -2.728713 0.875782 -31.298364 -5.737646
-0.131145 0.940306 3.928345 8.446505 -7.179477 -0.392534 -0.947207 2.370130 2.495218 -0.547061 -4.776951 1.117274 -0.545362 1.043217 1.061729 -0.329289 6.617586 0.802441 0.696627 17.234856 -0.360880 1.411257 -4.013944 -0.905938 -0.582805 9.066323 8.748341 -15.800182 -13.139855 62.540292 76.573330 16.650948 42.077504 2.324424 10.765598 -3.195767 1.194102 5.762512 -8.602840 9.073711 -6.046133 -69.717867 -84.605528 32.521152 -44.250426 -12.527700 9.196832 21.339106 -9.465306 -12.372710 0.496971 1.210361 22.837300 2.770185 1.777544 -0.058683 -3.788393 -0.001621 -3.121063 0.059509 4.865701 -12.308518 3.982698 6.014342 57.994906 7.667834 -0.242709 3.255156 -2.484879 0.951517 -30.151615 -5.492486
-0.129737 0.947350 3.938466 8.705413 -6.579302 -0.176920 -0.697829 2.261478 2.264366 -0.423962 -4.823741 1.013024 -0.422622 0.996541 0.969982 -0.244070 6.582956 0.732901 0.515440 16.877608 -0.220548 1.031351 -4.681380 -0.588128 -0.514196 9.221481 8.454561 -14.539199 -13.614702 63.427180 75.743045 17.862311 41.368255 2.627766 10.780351 -3.042193 1.428193 5.494361 -8.568200 9.137940 -6.175252 -69.116942 -82.463998 34.563589 -44.635234 -12.227389 9.568432 21.712105 -7.934513 -11.484467 -0.070272 -0.498608 21.116368 2.610811 1.751161 1.015644 -3.339988 0.006461 -3.961102 -0.188454 3.344372 -13.041618 3.802801 5.786086 54.226426 6.219817 0.007423 2.355345 -2.299768 0.894845 -28.261865 -4.956272
-0.127914 0.954678 3.947606 8.902547 -5.960202 0.147244 -0.447198 2.174339 2.002131 -0.298940 -4.861183 0.894866 -0.297990 0.959183 0.864519 -0.158484 6.555287 0.653043 0.291406 16.480057 -0.159599 0.597506 -5.422046 -0.399614 -0.414221 9.331513 8.064497 -13.357647 -13.895927 64.267662 75.048617 19.037806 40.604031 2.879590 10.883632 -2.947556 1.715958 5.131238 -8.526085 9.360791 -6.330685 -68.522190 -81.389966 37.400358 -45.598917 -11.780887 10.121439 21.712076 -6.086771 -10.666429 -0.769429 -2.734178 19.333876 2.354659 2.005168 2.405515 -2.736249 0.022937 -4.951348 -0.542577 1.991591 -13.553946 3.632172 5.478903 49.750777 4.603948 0.104237 1.696050 -2.252198 0.724642 -25.817316 -4.051776
-0.125929 0.961295 3.956693 9.059112 -5.409210 0.419936 -0.241649 2.110545 1.779437 -0.196146 -4.888695 0.794607 -0.195538 0.931703 0.774692 -0.088386 6.534914 0.585048 0.097595 16.155043 -0.136865 0.230621 -6.026571 -0.289539 -0.331625 9.525270 7.721253 -12.159027 -14.330464 64.883003 74.394846 20.241048 40.008143 3.093502 11.052333 -2.957024 1.902527 4.874631 -8.475258 9.692594 -6.560888 -68.116730 -80.080897 40.268419 -46.226689 -11.169579 10.576079 21.185839 -4.549908 -9.815364 -1.306030 -4.613856 17.660231 2.104970 2.230059 3.661976 -2.133244 0.042316 -5.793972 -0.873700 1.176047 -13.565614 3.458430 4.802464 44.616976 3.143058 -0.216739 1.380445 -2.530689 0.456250 -22.833875 -2.701520
-0.123917 0.967039 3.966070 9.196573 -4.952552 0.580356 -0.101603 2.073598 1.623629 -0.125968 -4.904650 0.724502 -0.125602 0.915759 0.711709 -0.040667 6.523097 0.537388 -0.041841 15.935822 -0.146861 -0.024811 -6.433922 -0.258199 -0.288398 9.945762 7.462286 -10.847496 -15.079079 65.179476 73.808323 21.481641 39.653615 3.270311 11.318319 -3.154766 1.897183 4.844517 -8.394891 10.232835 -6.934814 -68.002881 -78.036270 42.965091 -46.189740 -10.363611 10.932388 19.903344 -3.493567 -8.921609 -1.562204 -5.886697 16.139219 1.838447 2.295703 4.700611 -1.546577 0.059852 -6.383014 -1.168975 1.125738 -12.822993 3.269399 3.439836 38.453273 1.869609 -1.247587 1.436684 -3.577542 0.091189 -18.939302 -0.558543
-0.121744 0.972072 3.975394 9.290839 -4.563056 0.688091 -0.005277 2.056968 1.510089 -0.077414 -4.911757 0.673449 -0.077211 0.908667 0.665588 -0.007840 6.517877 0.502501 -0.149131 15.788773 -0.193264 -0.207498 -6.707201 -0.305754 -0.260638 10.446267 7.252015 -9.519062 -15.947207 65.229434 73.287735 22.756292 39.479109 3.391450 11.646082 -3.459693 1.794235 4.922969 -8.295933 10.885489 -7.367998 -68.086529 -75.567346 45.655099 -45.659486 -9.401124 11.323150 18.091239 -2.729143 -8.024568 -1.659512 -6.817061 14.723523 1.533028 2.327641 5.607321 -0.962345 0.075081 -6.824891 -1.439825 1.604528 -11.564709 3.062597 1.745149 31.628836 0.823029 -2.566945 1.783541 -5.099330 -0.171496 -14.409700 1.801381
-0.119258 0.975884 3.984557 9.292054 -4.247050 0.763555 0.065492 2.045540 1.432613 -0.042045 -4.916654 0.638593 -0.041961 0.903777 0.634324 0.016247 6.514272 0.478850 -0.219975 15.725169 -0.249027 -0.319033 -6.825471 -0.383814 -0.224231 10.717588 7.124234 -8.374617 -16.733376 65.112897 72.715858 24.101887 39.511694 3.457231 11.911560 -3.665749 1.716703 4.955313 -8.219317 11.307018 -7.673522 -68.243939 -72.339376 48.092267 -44.310344 -8.364717 11.628259 16.258834 -2.336296 -7.123555 -1.661768 -7.313907 13.446538 1.242128 2.380671 6.190334 -0.496338 0.084461 -7.140556 -1.592279 2.287842 -10.243982 2.826408 0.187946 25.325133 0.104189 -3.482074 2.424662 -6.096863 -0.208643 -10.330327 3.258348
-0.116329 0.978304 3.993443 9.184191 -4.011662 0.825190 0.101249 2.034037 1.385882 -0.023788 -4.921691 0.617605 -0.023769 0.898739 0.615188 0.028453 6.510524 0.464377 -0.249429 15.777142 -0.302294 -0.354559 -6.728995 -0.472337 -0.152338 10.518566 7.113664 -7.521518 -17.293123 64.806094 72.112402 25.533265 39.894292 3.475795 12.050566 -3.668786 1.710636 4.842204 -8.171380 11.318893 -7.709725 -68.475257 -67.833708 50.052351 -41.677619 -7.194114 11.689727 14.489200 -2.447114 -6.235336 -1.591201 -7.290046 12.337137 0.946094 2.504267 6.409060 -0.168694 0.088630 -7.393116 -1.604563 3.146849 -8.970642 2.536430 -1.283091 19.797739 -0.416003 -3.909407 3.679079 -5.900804 -0.101596 -6.983145 3.361749
-0.113087 0.979504 4.002168 8.982714 -3.849486 0.853391 0.112162 2.027134 1.375941 -0.018421 -4.924730 0.613130 -0.018421 0.895702 0.611260 0.032170 6.508255 0.461403 -0.242363 15.911976 -0.365653 -0.318656 -6.478557 -0.592956 -0.070633 10.089556 7.184107 -6.848222 -17.751384 64.372892 71.509751 27.041396 40.495496 3.459775 12.127618 -3.564436 1.728979 4.683097 -8.146348 11.097602 -7.622061 -68.769296 -62.382884 51.532447 -38.111490 -5.919186 11.660301 12.682998 -2.921027 -5.344059 -1.443641 -6.841004 11.364835 0.636183 2.635499 6.303423 0.040119 0.085954 -7.519079 -1.498357 4.209226 -7.632558 2.225253 -2.790223 14.808064 -0.753047 -4.089595 5.299710 -5.098394 0.010470 -4.187530 2.753926
-0.109773 0.979488 4.010982 8.685240 -3.745385 0.811401 0.145710 2.025147 1.412996 -0.005328 -4.925486 0.629508 -0.005374 0.894946 0.628967 0.043288 6.507691 0.474749 -0.209151 16.043728 -0.448564 -0.227332 -6.233645 -0.759170 -0.032833 9.843918 7.261929 -6.232580 -18.318694 64.034927 70.782712 28.627424 40.909687 3.427294 12.213301 -3.444940 1.753784 4.620706 -8.169200 10.830635 -7.657356 -68.974169 -57.024860 52.727399 -34.614805 -4.781045 11.788963 11.065959 -3.431150 -4.396181 -1.241703 -6.151713 10.476143 0.383811 2.655398 5.802430 0.074437 0.071166 -7.349142 -1.245773 5.246623 -6.356920 1.942894 -4.081771 10.807628 -0.782409 -3.895499 6.486033 -4.428698 0.050117 -2.399290 2.146401
-0.106398 0.977934 4.020139 8.245802 -3.707099 0.662854 0.233036 2.027302 1.520357 0.028185 -4.924161 0.676999 0.028017 0.896268 0.679858 0.072154 6.508685 0.513114 -0.146419 16.160584 -0.573036 -0.066502 -6.015831 -1.012929 -0.080776 10.003172 7.288290 -5.600479 -19.136467 63.888720 69.871174 30.282568 40.931764 3.401462 12.335094 -3.247572 1.774314 4.735959 -8.251976 10.546565 -7.898437 -69.019308 -52.167391 53.764874 -31.566256 -3.844724 12.172953 9.673515 -3.839135 -3.337866 -0.955877 -5.241492 9.657923 0.200738 2.501363 4.736926 -0.149731 0.040750 -6.718130 -0.770585 6.297934 -5.155845 1.642440 -5.154367 8.067066 -0.340288 -3.044934 6.992685 -4.161844 0.031503 -2.188363 1.788394
-0.102950 0.975164 4.029384 7.710318 -3.729019 0.444882 0.343005 2.035083 1.674716 0.069410 -4.920143 0.745343 0.069087 0.900283 0.752387 0.108401 6.511698 0.567804 -0.057650 16.274308 -0.716967 0.149074 -5.802917 -1.311635 -0.173369 10.345676 7.319102 -5.027868 -20.067003 63.834995 68.800563 32.021214 40.722741 3.360598 12.469393 -3.036643 1.800325 4.947305 -8.384086 10.216707 -8.260079 -68.969877 -47.556583 54.632038 -28.759796 -3.074829 12.653738 8.466515 -4.274345 -2.216955 -0.625946 -4.094613 8.923856 0.055427 2.238912 3.276777 -0.544168 0.007029 -5.790383 -0.151909 7.333602 -4.024134 1.362996 -6.056696 6.327964 0.328482 -1.793680 7.052199 -3.970915 -0.001495 -2.970140 1.468535
-0.099629 0.972153 4.038204 7.214197 -3.774989 0.230803 0.429704 2.051896 1.816058 0.100889 -4.912136 0.807969 0.100447 0.908288 0.818210 0.136856 6.517700 0.617449 0.037427 16.334537 -0.822541 0.362641 -5.688938 -1.541203 -0.237730 10.620780 7.453808 -4.622087 -20.904967 63.797219 67.542452 33.878316 40.402770 3.242466 12.599566 -3.098741 1.844954 5.153663 -8.556718 9.942651 -8.732999 -68.875829 -43.236550 55.486713 -26.292164 -2.584519 13.057012 7.548674 -4.818074 -1.136454 -0.368773 -2.841854 8.260498 -0.036099 1.939250 1.860004 -0.907059 -0.016095 -4.891184 0.405855 8.030149 -3.065811 1.265613 -6.592770 5.231932 0.717060 -0.804881 6.555958 -3.702177 -0.018899 -3.455406 1.217986
-0.096578 0.968762 4.046519 6.799597 -3.863674 0.018245 0.474828 2.095933 1.934304 0.114911 -4.892188 0.860420 0.114420 0.928234 0.872087 0.151361 6.532644 0.658109 0.140224 16.289219 -0.865973 0.569642 -5.771118 -1.659006 -0.260687 10.676042 7.777963 -4.429594 -21.512098 63.635662 66.185256 35.749031 40.036000 2.995771 12.677930 -3.552959 1.917748 5.319472 -8.798745 9.766782 -9.361298 -68.669925 -39.407491 56.506728 -24.413373 -2.521427 13.278528 6.980738 -5.713508 -0.040692 -0.203235 -1.281846 7.579360 -0.033233 1.574237 0.563385 -1.223248 -0.028999 -4.044410 0.867100 8.161993 -2.335242 1.511852 -6.549104 4.854144 0.483651 -0.373694 5.125036 -3.235562 -0.019594 -3.040302 1.065675
-0.093653 0.965129 4.054409 6.424643 -3.975738 -0.189927 0.496795 2.148892 2.039260 0.119235 -4.868376 0.907020 0.118731 0.952044 0.919124 0.158096 6.550474 0.693625 0.250068 16.190683 -0.870160 0.776760 -5.952279 -1.707282 -0.254627 10.666307 8.208443 -4.404722 -22.029601 63.498601 64.615755 37.739983 39.503993 2.663908 12.719179 -4.279769 2.009253 5.479708 -9.080982 9.641578 -10.099392 -68.418979 -35.882962 57.611366 -22.869737 -2.744509 13.382558 6.676097 -6.723486 1.013756 -0.118782 0.384270 6.964774 0.018184 1.172321 -0.690261 -1.506449 -0.034712 -3.226087 1.267294 7.962027 -1.770975 1.923874 -6.124116 5.103188 -0.064328 -0.232018 3.137022 -2.709053 -0.016829 -2.332647 0.991834
-0.090627 0.962640 4.061596 6.097874 -4.015503 -0.314060 0.504732 2.158600 2.101045 0.119633 -4.863916 0.934513 0.119122 0.956504 0.946658 0.160448 6.553800 0.714411 0.344116 16.145174 -0.847723 0.944355 -6.035487 -1.699958 -0.181894 10.800893 8.593739 -4.522080 -22.667353 63.745748 62.455930 40.192091 38.591673 2.319841 12.785156 -5.212156 2.105383 5.640044 -9.306467 9.539624 -10.806365 -68.378542 -32.069474 58.511624 -20.938887 -2.926365 13.448622 6.512893 -7.219948 1.743243 -0.152802 1.427082 6.664969 0.039769 0.876328 -1.692944 -1.603179 -0.035526 -2.690993 1.512444 7.789771 -1.308978 2.155196 -5.731201 5.361472 -0.445668 -0.173771 1.611870 -2.347747 -0.015864 -1.865590 0.984809
-0.087264 0.961990 4.067922 5.821645 -3.939858 -0.279159 0.500714 2.094169 2.085876 0.118875 -4.892595 0.927897 0.118356 0.927825 0.939965 0.159410 6.532294 0.709340 0.414429 16.213071 -0.788560 1.052796 -5.909091 -1.614231 0.020943 11.292398 8.913462 -4.891697 -23.681691 64.621378 59.481807 43.480573 37.144546 2.063398 12.845803 -6.452390 2.217661 5.853529 -9.462811 9.447480 -11.561314 -68.689119 -27.448826 59.102109 -18.202449 -2.987456 13.459499 6.553768 -6.783020 1.928937 -0.361002 1.420000 6.945770 0.043529 0.716637 -2.392912 -1.418618 -0.034812 -2.569221 1.536091 7.833780 -0.960712 2.013903 -5.585996 5.468217 -0.444505 -0.104323 0.996888 -2.284534 -0.018799 -1.893511 1.072169
-0.083799 0.962484 4.073545 5.593592 -3.790089 -0.161548 0.482734 1.985642 2.028336 0.114202 -4.941011 0.902526 0.113693 0.879410 0.914120 0.154040 6.495995 0.689804 0.468701 16.334248 -0.703549 1.121340 -5.684519 -1.473880 0.293373 11.925747 9.189172 -5.425780 -24.803435 65.902849 55.560009 47.146351 34.889128 1.790192 12.869650 -7.903084 2.335220 6.068000 -9.561996 9.388495 -12.288365 -69.214188 -22.584316 59.400627 -15.116813 -3.010278 13.417380 6.730020 -5.837302 1.789275 -0.664211 0.797057 7.547575 0.048719 0.659902 -2.841905 -1.052204 -0.033717 -2.731641 1.406971 7.896808 -0.720356 1.697139 -5.463234 5.584686 -0.272557 -0.091885 0.845234 -2.384912 -0.023892 -2.161749 1.227846
-0.080714 0.963423 4.078673 5.414360 -3.597500 -0.108988 0.453350 1.872462 2.001236 0.102953 -4.991487 0.890771 0.102481 0.828936 0.901221 0.144735 6.458132 0.680047 0.507438 16.433940 -0.637081 1.168084 -5.499830 -1.362753 0.484040 12.268111 9.328323 -5.790338 -25.458032 67.223336 50.420516 50.204926 31.439135 1.275540 12.943415 -9.210347 2.410970 6.132125 -9.543403 9.393301 -12.615547 -69.795679 -18.594940 59.323834 -12.380088 -2.900637 13.440888 6.731280 -5.023971 1.684950 -0.873619 0.117374 7.930656 0.002487 0.750523 -2.986941 -0.645089 -0.032828 -3.044714 1.235197 7.759398 -0.508229 1.445888 -5.102143 5.572636 -0.084904 -0.147461 0.831855 -2.481313 -0.029024 -2.439770 1.362944
-0.078305 0.964851 4.083281 5.291768 -3.375523 -0.196337 0.404317 1.775149 2.039593 0.079668 -5.034888 0.908246 0.079275 0.785539 0.916333 0.128534 6.425538 0.691449 0.531478 16.499181 -0.614034 1.203575 -5.378661 -1.327556 0.507184 12.030691 9.245256 -5.740214 -25.285206 68.574316 43.468926 52.258266 26.249212 0.354194 13.181411 -10.431462 2.420485 5.916389 -9.324887 9.496788 -12.283193 -70.486148 -15.756488 58.776001 -10.048318 -2.489045 13.639707 6.408242 -4.528825 1.742774 -0.876786 -0.558060 7.864096 -0.145484 1.089854 -2.675406 -0.212317 -0.032085 -3.564702 1.029767 7.172657 -0.316482 1.362452 -4.207816 5.399193 0.082183 -0.305037 0.900156 -2.528109 -0.033588 -2.695079 1.445384
-0.076275 0.966725 4.087392 5.216968 -3.111388 -0.348421 0.343646 1.673788 2.108407 0.049750 -5.080102 0.939340 0.049462 0.740328 0.944390 0.108359 6.391562 0.712622 0.540002 16.542668 -0.609367 1.217111 -5.297846 -1.321294 0.448432 11.501315 9.027484 -5.500994 -24.660162 69.941832 35.348319 53.255919 19.954140 -0.801060 13.451826 -11.563296 2.386611 5.552053 -8.986826 9.650957 -11.551456 -71.234157 -13.964773 57.955590 -8.244547 -1.934155 13.914456 5.925557 -4.165220 1.829079 -0.782919 -1.292731 7.575844 -0.339588 1.585266 -2.062375 0.260373 -0.028948 -4.235224 0.781125 6.388273 -0.150746 1.346732 -3.078428 5.093301 0.256124 -0.530090 1.106947 -2.570483 -0.037821 -2.960350 1.506846
-0.074220 0.968209 4.091289 5.165245 -2.797656 -0.487769 0.297909 1.547343 2.175095 0.026723 -5.136414 0.969448 0.026517 0.684018 0.972160 0.093332 6.349268 0.733553 0.531144 16.528067 -0.591986 1.194733 -5.325365 -1.286116 0.407109 11.114274 8.835119 -5.427836 -24.113104 70.919757 28.245648 53.104171 14.598206 -1.902228 13.591174 -12.140672 2.335260 5.277641 -8.713831 9.765743 -10.826655 -71.725728 -13.645936 57.329083 -7.659114 -1.635102 14.069675 5.429450 -4.018901 1.905450 -0.725026 -1.718887 7.211718 -0.477018 1.981625 -1.554534 0.676203 -0.023750 -4.753979 0.572137 5.939432 0.045267 1.333293 -2.345896 4.611921 0.379405 -0.729753 1.297589 -2.577354 -0.039954 -3.102916 1.553855
-0.071957 0.969120 4.095140 5.148141 -2.420062 -0.600861 0.271027 1.380880 2.236493 0.012564 -5.210441 0.997176 0.012410 0.609991 0.998450 0.084853 6.293699 0.753334 0.502861 16.433955 -0.551024 1.129039 -5.501179 -1.201362 0.428726 11.070927 8.719046 -5.658247 -23.861856 71.270830 23.230081 51.791879 11.306701 -3.077607 13.641474 -11.931875 2.256863 5.204683 -8.574056 9.828350 -10.217534 -71.820550 -15.159916 57.060618 -8.675608 -1.752230 13.998522 4.925536 -4.221889 1.975614 -0.754483 -1.609347 6.774869 -0.509855 2.183763 -1.233417 1.037444 -0.017324 -5.042844 0.396668 6.161530 0.304008 1.308151 -2.395759 3.885834 0.444480 -0.878726 1.457934 -2.557369 -0.038833 -3.056913 1.604358
-0.069669 0.969642 4.098775 5.154049 -1.992661 -0.700829 0.259057 1.189027 2.295341 0.005325 -5.295686 1.023756 0.005197 0.524745 1.024295 0.081532 6.229727 0.772757 0.457251 16.281767 -0.497012 1.027091 -5.785206 -1.086776 0.464965 11.171000 8.625300 -6.056085 -23.685909 71.229416 19.760106 49.886209 9.564024 -4.254458 13.690214 -11.187031 2.162761 5.220241 -8.500846 9.861118 -9.613000 -71.660079 -18.033220 56.970911 -10.790960 -2.133781 13.789212 4.402344 -4.643235 2.037927 -0.816143 -1.193678 6.260996 -0.496153 2.280623 -1.015808 1.342323 -0.011597 -5.179931 0.261339 6.718874 0.591246 1.282559 -2.842609 2.989087 0.472596 -1.001962 1.602257 -2.502805 -0.035181 -2.888163 1.640446
-0.067493 0.969495 4.101965 5.124623 -1.550599 -0.750974 0.276819 0.994787 2.327710 0.012621 -5.381879 1.038451 0.012458 0.438554 1.039732 0.088285 6.165080 0.784310 0.398672 16.099609 -0.430847 0.896602 -6.125053 -0.944869 0.470351 11.247714 8.552011 -6.568027 -23.447219 71.086753 17.381723 48.496837 8.693423 -4.817855 13.710692 -10.065547 2.112531 5.224703 -8.477890 9.838698 -9.089248 -71.353499 -21.389054 57.020283 -13.319535 -2.716699 13.535825 3.966355 -4.975685 2.046669 -0.885143 -0.788912 5.808014 -0.495318 2.284452 -1.058931 1.485669 -0.011650 -5.097760 0.269133 7.136169 0.860691 1.227126 -3.160755 2.095117 0.448625 -1.082173 1.618646 -2.357797 -0.030496 -2.661515 1.615115
-0.065462 0.968357 4.104503 5.023726 -1.083033 -0.738319 0.345796 0.796004 2.327634 0.044261 -5.469880 1.038591 0.043953 0.350551 1.043082 0.112300 6.099128 0.786732 0.316746 15.885953 -0.346213 0.715630 -6.523572 -0.759778 0.435264 11.235456 8.484924 -7.262248 -23.059572 70.926436 16.052509 48.009635 8.475387 -4.320700 13.662177 -8.328646 2.130282 5.156716 -8.508451 9.724527 -8.621814 -70.871792 -25.294526 57.251094 -16.331933 -3.596733 13.241763 3.628582 -5.101976 1.942900 -0.949356 -0.494308 5.501481 -0.521167 2.182848 -1.510673 1.372037 -0.020108 -4.696180 0.507134 7.233245 1.097884 1.126989 -3.109424 1.222889 0.358650 -1.144022 1.412903 -2.065274 -0.025177 -2.362863 1.480979
-0.063543 0.966550 4.106596 4.888784 -0.600668 -0.677057 0.444662 0.594904 2.300250 0.090468 -5.558810 1.026561 0.089937 0.261615 1.035743 0.146370 6.032510 0.781094 0.221544 15.642318 -0.249547 0.504753 -6.977568 -0.546675 0.369557 11.199801 8.438350 -8.070051 -22.612080 70.659494 15.589141 48.108998 8.868339 -3.181060 13.584270 -6.149584 2.191942 5.077739 -8.589460 9.559077 -8.235002 -70.243738 -29.778346 57.523206 -19.847010 -4.671603 12.902434 3.408353 -5.139459 1.784788 -1.022755 -0.209008 5.257010 -0.558517 1.988232 -2.222390 1.097694 -0.030403 -4.075194 0.887583 7.188354 1.317025 0.998079 -2.927904 0.352427 0.210365 -1.167610 1.079266 -1.681906 -0.019689 -2.006472 1.285272
-0.061776 0.964754 4.108628 4.772191 -0.171074 -0.571070 0.523999 0.421090 2.239035 0.129398 -5.635784 0.999470 0.128669 0.184634 1.012606 0.173775 5.974860 0.763569 0.148119 15.401517 -0.160731 0.336222 -7.425682 -0.355107 0.257442 11.170510 8.453303 -8.730723 -22.227699 70.318291 15.311267 48.742861 9.390954 -2.023919 13.571867 -4.267072 2.284570 5.072443 -8.694485 9.425879 -8.079309 -69.663508 -33.843054 57.654146 -23.057255 -5.583821 12.620769 3.388725 -5.132822 1.701783 -1.122919 0.051659 4.959540 -0.618178 1.747614 -2.906131 0.843908 -0.036433 -3.467963 1.251838 7.063841 1.515377 0.858713 -2.810038 -0.402869 0.016435 -1.065921 0.787827 -1.321659 -0.015519 -1.699627 1.123199
-0.060213 0.963028 4.110788 4.681623 0.173049 -0.401153 0.571917 0.288834 2.128024 0.156412 -5.694552 0.950118 0.155540 0.125860 0.965997 0.190460 5.930858 0.728374 0.113022 15.158265 -0.086298 0.243728 -7.877844 -0.203765 0.061755 11.156601 8.580367 -9.089398 -21.956694 69.806219 15.179861 50.084343 10.070275 -0.888150 13.681398 -2.875147 2.428658 5.194338 -8.833992 9.336313 -8.260276 -69.116890 -37.313913 57.665564 -25.857112 -6.236614 12.455440 3.584154 -5.077932 1.772084 -1.256377 0.289642 4.539141 -0.728236 1.444332 -3.514282 0.645898 -0.038758 -2.907384 1.578262 6.874002 1.721411 0.728957 -2.868380 -1.033442 -0.268368 -0.742018 0.599322 -1.001830 -0.012702 -1.468260 1.028707
-0.058802 0.961312 4.112888 4.609976 0.464531 -0.185735 0.600166 0.183776 1.983845 0.176023 -5.741405 0.885914 0.175046 0.079000 0.903782 0.200402 5.895785 0.681430 0.099404 14.917912 -0.019682 0.193671 -8.324395 -0.074468 -0.180154 11.150364 8.769211 -9.304022 -21.751709 69.224914 15.289168 51.955232 10.901569 0.303693 13.850503 -1.807439 2.603312 5.389842 -8.996980 9.271634 -8.673930 -68.617627 -40.319049 57.608355 -28.321185 -6.727592 12.367023 3.950206 -4.980349 1.918134 -1.417868 0.503458 4.066634 -0.862239 1.093924 -4.093964 0.468045 -0.038258 -2.360531 1.888560 6.604670 1.905166 0.589184 -2.989056 -1.551530 -0.591607 -0.289989 0.450902 -0.704596 -0.010696 -1.286301 0.968051
-0.057427 0.960110 4.114749 4.586835 0.733674 0.015819 0.594725 0.092380 1.849583 0.180093 -5.782312 0.826121 0.179089 0.038091 0.844403 0.198948 5.865143 0.636636 0.092757 14.729302 0.039108 0.159090 -8.674755 0.038018 -0.372377 11.155269 8.909347 -9.581189 -21.584228 68.906827 15.073329 53.772424 11.294718 1.076214 14.038375 -1.239130 2.733616 5.582485 -9.124894 9.270312 -9.155839 -68.401431 -42.249411 57.489987 -29.858522 -6.999512 12.315302 4.448315 -4.898906 2.035417 -1.606594 0.671771 3.637054 -0.947993 0.786768 -4.498908 0.383400 -0.035817 -1.962624 2.090803 6.276826 1.976985 0.398877 -3.028462 -1.873221 -0.795446 0.095631 0.328445 -0.491907 -0.009653 -1.182885 0.935093
-0.055927 0.959719 4.116307 4.658154 0.982175 0.208979 0.529488 0.013420 1.727962 0.156917 -5.817880 0.771945 0.156028 0.002531 0.787874 0.177369 5.838473 0.593998 0.093083 14.613398 0.093020 0.139122 -8.890041 0.138981 -0.471030 11.192114 8.966756 -9.990862 -21.488177 69.006568 14.081968 55.443827 10.841122 1.143601 14.230777 -1.340664 2.795308 5.770569 -9.201972 9.448296 -9.735723 -68.608101 -42.767752 57.432397 -30.203099 -7.008820 12.279733 5.140016 -4.862660 2.103661 -1.871262 0.804593 3.263433 -0.936078 0.517776 -4.630945 0.458584 -0.034049 -1.813914 2.115092 5.831014 1.878424 0.089991 -2.901737 -1.903624 -0.788651 0.345481 0.238465 -0.413452 -0.009924 -1.197459 0.942796
-0.054464 0.959841 4.117625 4.777602 1.207697 0.389111 0.430521 -0.052156 1.616691 0.118199 -5.847561 0.722337 0.117508 -0.027140 0.734336 0.144412 5.816201 0.553616 0.100947 14.549233 0.139133 0.136165 -9.009212 0.222537 -0.520134 11.238867 8.975111 -10.459608 -21.419840 69.369922 12.589927 57.035749 9.793765 0.756841 14.417126 -1.919846 2.812981 5.955572 -9.244618 9.695685 -10.381303 -69.101438 -42.230981 57.388299 -29.637870 -6.811802 12.274086 5.955200 -4.842300 2.143521 -2.162711 0.890942 2.931547 -0.873904 0.291523 -4.588444 0.626082 -0.032994 -1.814460 2.032014 5.329433 1.665800 -0.266330 -2.694091 -1.735037 -0.667999 0.530607 0.176167 -0.420616 -0.011054 -1.290578 0.978192
-0.053397 0.960091 4.118718 4.835707 1.434958 0.481183 0.362156 -0.114288 1.551099 0.090981 -5.875502 0.693107 0.090431 -0.055078 0.702343 0.121683 5.795233 0.529478 0.103025 14.522748 0.168665 0.128700 -9.058390 0.277209 -0.555936 11.233246 8.925589 -10.975472 -21.232355 69.861408 11.104337 58.214724 8.563371 0.244982 14.579848 -2.584068 2.785330 6.065836 -9.242649 9.712600 -10.837546 -69.694428 -41.088060 57.124736 -28.409655 -6.498010 12.307454 6.661082 -4.806503 2.110404 -2.333534 0.878370 2.695640 -0.830931 0.212111 -4.520379 0.757896 -0.030795 -1.799437 1.960752 4.974707 1.426236 -0.502795 -2.518985 -1.561258 -0.560749 0.667039 0.111860 -0.427855 -0.011938 -1.373025 0.996256
-0.052991 0.960448 4.119540 4.783059 1.675820 0.418054 0.356124 -0.174403 1.563110 0.087954 -5.902227 0.698551 0.087415 -0.081802 0.707480 0.119844 5.775182 0.533334 0.090075 14.550568 0.170916 0.103568 -9.006702 0.286396 -0.590115 11.114747 8.775006 -11.595157 -20.806274 70.556659 9.706494 58.827726 7.143782 -0.402058 14.741674 -3.329117 2.681746 6.045125 -9.166925 9.282050 -10.951841 -70.421934 -39.054233 56.445395 -26.143064 -6.019503 12.412176 7.189013 -4.710657 1.966737 -2.277787 0.663018 2.602353 -0.840182 0.380393 -4.452306 0.803866 -0.026089 -1.702570 1.942378 4.851473 1.171468 -0.516664 -2.382200 -1.428540 -0.510462 0.724204 0.037249 -0.408536 -0.012107 -1.421187 0.976148
-0.052982 0.960934 4.120137 4.667688 1.918492 0.265873 0.380839 -0.230772 1.620417 0.096548 -5.927117 0.724244 0.095957 -0.106694 0.734045 0.128317 5.756509 0.553347 0.071334 14.615967 0.156399 0.074051 -8.885227 0.266276 -0.610833 10.943463 8.566969 -12.251463 -20.253959 71.369176 8.440161 59.023166 5.674385 -1.161439 14.874813 -4.165534 2.532956 5.950268 -9.045575 8.616320 -10.892686 -71.245405 -36.569366 55.479292 -23.353727 -5.420850 12.553418 7.616425 -4.598452 1.749010 -2.101806 0.349669 2.605296 -0.866774 0.695516 -4.358986 0.814253 -0.020302 -1.590152 1.935806 4.873565 0.893951 -0.413581 -2.278601 -1.290492 -0.473052 0.732758 -0.039286 -0.388791 -0.011950 -1.458654 0.938731
-0.052940 0.961227 4.120661 4.526737 2.152953 0.149226 0.405573 -0.288374 1.661943 0.105874 -5.952569 0.742895 0.105226 -0.132147 0.753643 0.136803 5.737419 0.568107 0.061201 14.654882 0.148277 0.058189 -8.812951 0.254876 -0.619547 10.838293 8.422820 -12.755665 -19.788892 71.927287 7.855442 58.969628 4.888095 -1.643692 14.936576 -4.718093 2.429640 5.878778 -8.954735 8.056941 -10.876167 -71.858879 -35.021216 54.575318 -21.494401 -4.920976 12.648488 7.919774 -4.569679 1.523908 -1.975820 0.199540 2.620247 -0.877251 0.958207 -4.313201 0.812023 -0.015992 -1.496265 1.937043 4.986481 0.654179 -0.340882 -2.306872 -1.201520 -0.444578 0.800585 -0.122725 -0.362266 -0.011543 -1.466997 0.901616
-0.052679 0.961186 4.121145 4.354981 2.378525 0.116596 0.428741 -0.349888 1.667139 0.116148 -5.979817 0.745323 0.115439 -0.159396 0.757113 0.144762 5.716993 0.570710 0.064789 14.644231 0.154935 0.062359 -8.832730 0.266008 -0.604585 10.873598 8.386742 -13.042573 -19.508795 72.062991 8.298239 58.635781 5.197003 -1.663113 14.918556 -4.793679 2.419176 5.854409 -8.931403 7.730498 -10.966844 -72.120935 -34.854337 53.888238 -21.046176 -4.560819 12.661963 8.034729 -4.659884 1.299633 -1.967739 0.317120 2.635132 -0.856556 1.107117 -4.350575 0.802475 -0.014382 -1.439924 1.947686 5.239913 0.484125 -0.357229 -2.583149 -1.201912 -0.423284 0.996630 -0.212312 -0.326050 -0.010916 -1.433636 0.872421
-0.052384 0.960953 4.121556 4.158286 2.596204 0.119265 0.451872 -0.412690 1.656672 0.127108 -6.007662 0.740759 0.126333 -0.187244 0.753662 0.152700 5.696122 0.568096 0.077047 14.607143 0.168147 0.080256 -8.901616 0.286149 -0.577779 10.975403 8.413948 -13.189488 -19.327414 71.955237 9.403630 58.070591 6.180370 -1.408402 14.851644 -4.576330 2.454085 5.852885 -8.939286 7.511559 -11.086086 -72.171811 -35.454348 53.324964 -21.371917 -4.295348 12.630789 8.017573 -4.832873 1.068037 -2.007071 0.597959 2.662091 -0.819829 1.203593 -4.435461 0.780374 -0.014204 -1.402118 1.966159 5.584811 0.352001 -0.405960 -2.991451 -1.251123 -0.410181 1.251844 -0.308859 -0.283160 -0.010094 -1.371164 0.843537
-0.052179 0.960634 4.121952 3.991138 2.798922 0.136655 0.448751 -0.473827 1.631581 0.127042 -6.034884 0.729637 0.126262 -0.214466 0.742534 0.151823 5.675712 0.559695 0.097227 14.548909 0.186304 0.111079 -9.009784 0.312548 -0.576267 11.040314 8.492344 -13.229638 -19.188888 71.760134 10.640795 57.581450 7.307612 -1.055759 14.766834 -4.250099 2.482867 5.899259 -8.945481 7.366220 -11.221377 -72.122971 -36.470932 52.935423 -22.108832 -4.215458 12.582710 8.015966 -5.079824 0.871960 -2.056365 0.989859 2.653817 -0.777951 1.232477 -4.533862 0.753177 -0.014312 -1.359887 1.983735 5.819628 0.222324 -0.459225 -3.282134 -1.282510 -0.406849 1.467102 -0.419633 -0.236402 -0.009179 -1.298923 0.809740
-0.052121 0.960189 4.122357 3.876927 2.983510 0.166673 0.401995 -0.532552 1.588106 0.108386 -6.061210 0.710244 0.107706 -0.240788 0.721248 0.136297 5.655959 0.543629 0.130180 14.459073 0.210731 0.163415 -9.176668 0.345819 -0.617368 11.036770 8.649828 -13.105997 -19.093862 71.450704 11.938416 57.243754 8.532081 -0.584023 14.650363 -3.785234 2.491683 6.024101 -8.945507 7.337480 -11.384092 -71.965228 -38.048039 52.755540 -23.377304 -4.412515 12.517454 8.109378 -5.464250 0.732914 -2.110544 1.563192 2.582791 -0.728951 1.162935 -4.649093 0.720394 -0.014603 -1.304972 1.997506 5.845710 0.080795 -0.504908 -3.343888 -1.267245 -0.424504 1.605372 -0.562893 -0.176695 -0.008070 -1.211626 0.763233
-0.052151 0.959657 4.122746 3.792409 3.153196 0.211917 0.328937 -0.589811 1.530278 0.078662 -6.086981 0.684385 0.078148 -0.266555 0.692371 0.111933 5.636616 0.521837 0.170934 14.348120 0.240411 0.228371 -9.382777 0.385915 -0.683864 10.997571 8.858998 -12.875544 -19.041402 71.054346 13.376132 56.970115 9.906764 -0.016357 14.506613 -3.214389 2.494552 6.196864 -8.944563 7.382673 -11.561811 -71.708483 -40.053339 52.714071 -25.067531 -4.793007 12.438385 8.224368 -5.922647 0.628727 -2.174468 2.247435 2.476264 -0.676110 1.025929 -4.777901 0.682505 -0.015192 -1.245632 2.010381 5.761862 -0.058849 -0.552838 -3.288031 -1.234417 -0.452819 1.703616 -0.720325 -0.113036 -0.006923 -1.114571 0.711796
-0.052225 0.959262 4.123104 3.721942 3.310364 0.259076 0.255432 -0.645097 1.470757 0.048798 -6.111860 0.657745 0.048453 -0.291430 0.662699 0.087401 5.617944 0.499445 0.204052 14.252747 0.269982 0.279044 -9.559941 0.428711 -0.761352 10.914982 9.025215 -12.740002 -18.972896 70.806658 14.720632 56.845797 11.118353 0.412135 14.405784 -2.815507 2.481840 6.351195 -8.923813 7.339098 -11.707764 -71.491238 -41.748253 52.738139 -26.497572 -5.173166 12.376533 8.275238 -6.255866 0.537968 -2.227772 2.779077 2.369622 -0.637298 0.898853 -4.876394 0.648509 -0.015217 -1.183685 2.022356 5.662712 -0.190495 -0.607347 -3.198725 -1.204346 -0.462175 1.773930 -0.844252 -0.075432 -0.006131 -1.042963 0.673596
-0.052328 0.959106 4.123440 3.664137 3.451958 0.312053 0.185227 -0.696981 1.407024 0.020562 -6.135200 0.629205 0.020379 -0.314768 0.631293 0.063947 5.600429 0.475748 0.223190 14.183768 0.304189 0.301623 -9.688068 0.485652 -0.854700 10.769055 9.114473 -12.794124 -18.876863 70.826455 15.866128 56.993339 12.042899 0.597831 14.399606 -2.715549 2.452158 6.468595 -8.869202 7.116550 -11.799327 -71.351938 -42.888254 52.844397 -27.438660 -5.534182 12.335267 8.237030 -6.379133 0.459303 -2.268634 3.052890 2.274710 -0.624531 0.799889 -4.928170 0.621419 -0.014263 -1.117302 2.036256 5.555580 -0.304202 -0.680234 -3.072525 -1.190571 -0.436366 1.810357 -0.907519 -0.082804 -0.005852 -1.016141 0.659861
-0.052474 0.959087 4.123744 3.620380 3.581009 0.367097 0.114598 -0.746872 1.341481 -0.007802 -6.157636 0.599837 -0.007819 -0.337204 0.599045 0.040332 5.583594 0.451416 0.234726 14.130414 0.338074 0.310000 -9.787164 0.544967 -0.959253 10.578873 9.161564 -12.942696 -18.763428 70.993448 16.961228 57.300733 12.849380 0.648617 14.447136 -2.785609 2.406991 6.567974 -8.794436 6.804947 -11.859079 -71.251048 -43.730329 53.047035 -28.135796 -5.897795 12.307555 8.133955 -6.377222 0.394894 -2.301213 3.174228 2.180098 -0.624728 0.710723 -4.949595 0.598250 -0.012716 -1.048310 2.049247 5.433106 -0.410055 -0.759781 -2.912812 -1.179543 -0.391561 1.819010 -0.937271 -0.116173 -0.005839 -1.014753 0.659384
-0.052652 0.959123 4.123977 3.579055 3.708999 0.399265 0.058222 -0.798274 1.294019 -0.030630 -6.180672 0.578557 -0.030512 -0.360241 0.575448 0.021511 5.566309 0.433605 0.242455 14.096870 0.351414 0.319260 -9.849471 0.567087 -1.046016 10.394000 9.174448 -13.102576 -18.608380 71.184391 18.149106 57.509849 13.658241 0.648990 14.488223 -2.917427 2.340785 6.639045 -8.721652 6.511212 -11.908666 -71.209376 -44.274774 53.304967 -28.608506 -6.145401 12.303122 7.942747 -6.305264 0.329240 -2.314632 3.195509 2.086458 -0.616821 0.653893 -4.945856 0.579085 -0.010927 -0.984022 2.052845 5.367829 -0.531292 -0.816057 -2.813931 -1.150893 -0.346522 1.830220 -0.967271 -0.148752 -0.005822 -1.015958 0.656703
-0.052877 0.959225 4.124090 3.537073 3.842921 0.388318 0.024424 -0.852059 1.277963 -0.044798 -6.204679 0.571347 -0.044595 -0.384249 0.566799 0.010302 5.548295 0.427062 0.242124 14.091991 0.330744 0.326712 -9.858540 0.528286 -1.103654 10.221753 9.138625 -13.276670 -18.380030 71.400231 19.444556 57.531461 14.435286 0.594498 14.506518 -3.100086 2.237266 6.667502 -8.652951 6.258022 -11.948788 -71.253740 -44.433911 53.620226 -28.789531 -6.205224 12.334699 7.619151 -6.156459 0.250747 -2.295146 3.090820 1.997173 -0.588990 0.656200 -4.904901 0.566351 -0.008844 -0.927978 2.038866 5.397983 -0.684215 -0.829024 -2.830774 -1.093854 -0.304540 1.863525 -1.005733 -0.173474 -0.005722 -1.014293 0.646471
-0.053133 0.959381 4.124132 3.497321 3.975717 0.354488 0.004893 -0.907138 1.279830 -0.053407 -6.229212 0.572169 -0.053151 -0.408782 0.566747 0.003901 5.529887 0.427001 0.238040 14.106750 0.289325 0.335239 -9.831130 0.451871 -1.143054 10.054242 9.067976 -13.460949 -18.109958 71.639262 20.813211 57.455209 15.193020 0.489979 14.520597 -3.345018 2.112460 6.667555 -8.585805 6.022751 -11.980638 -71.358311 -44.285290 53.995099 -28.741005 -6.153746 12.389189 7.199750 -5.937650 0.170739 -2.257281 2.886030 1.908862 -0.552582 0.690773 -4.838742 0.557697 -0.006588 -0.876634 2.015508 5.485177 -0.852176 -0.819634 -2.908435 -1.019134 -0.262359 1.899392 -1.044426 -0.197430 -0.005617 -1.015219 0.634035
-0.053370 0.959473 4.124205 3.457203 4.097814 0.333494 -0.010642 -0.964044 1.279318 -0.060131 -6.254546 0.571931 -0.059834 -0.434117 0.565828 -0.001161 5.510881 0.426286 0.246885 14.118447 0.247075 0.368418 -9.809401 0.368852 -1.168682 9.918409 9.012410 -13.562776 -17.871922 71.776760 22.300317 57.282978 16.095207 0.433352 14.520024 -3.577941 2.009194 6.671359 -8.535544 5.844389 -12.025909 -71.464936 -44.079497 54.385616 -28.676358 -6.092909 12.436827 6.781209 -5.724365 0.108249 -2.231700 2.711201 1.811925 -0.521573 0.699698 -4.788714 0.545987 -0.004732 -0.826682 1.998869 5.587141 -1.008637 -0.819406 -2.976585 -0.938549 -0.228801 1.909585 -1.092462 -0.215069 -0.005477 -1.012279 0.619968
-0.053569 0.959443 4.124342 3.414086 4.209229 0.339247 -0.023255 -1.026552 1.270580 -0.065187 -6.282366 0.568020 -0.064856 -0.461937 0.561403 -0.005246 5.490014 0.422929 0.274392 14.120902 0.206990 0.435880 -9.804798 0.282620 -1.175270 9.831105 8.988943 -13.524441 -17.680337 71.743998 23.967451 56.951190 17.232646 0.469237 14.493557 -3.773892 1.946554 6.685750 -8.513080 5.744891 -12.095534 -71.555677 -43.901982 54.796312 -28.676185 -6.048710 12.467723 6.354823 -5.520700 0.070786 -2.229989 2.602244 1.696928 -0.500789 0.652413 -4.771174 0.527019 -0.003430 -0.774374 1.996149 5.715832 -1.150073 -0.841501 -3.018401 -0.850277 -0.207673 1.866515 -1.157671 -0.222342 -0.005267 -1.001486 0.602670
-0.053749 0.959348 4.124510 3.370714 4.309982 0.357859 -0.031827 -1.090913 1.259434 -0.068341 -6.310998 0.563039 -0.067987 -0.490570 0.556102 -0.007980 5.468540 0.418913 0.314884 14.120341 0.166142 0.528092 -9.805713 0.189877 -1.168245 9.775605 8.980214 -13.405122 -17.521769 71.612374 25.715886 56.510218 18.472464 0.552327 14.452375 -3.958576 1.905434 6.703596 -8.507585 5.702473 -12.177741 -71.648690 -43.667562 55.222783 -28.658284 -5.993218 12.492888 5.929923 -5.322537 0.051196 -2.240229 2.523277 1.573241 -0.485655 0.579545 -4.769805 0.504892 -0.002475 -0.723461 2.000146 5.859446 -1.279841 -0.872888 -3.050741 -0.756190 -0.194991 1.797772 -1.232272 -0.223194 -0.005027 -0.986828 0.583741
-0.053911 0.959238 4.124717 3.332654 4.390535 0.383381 -0.043338 -1.146409 1.243133 -0.072606 -6.335700 0.555741 -0.072222 -0.515273 0.548370 -0.011734 5.450014 0.413068 0.367949 14.112686 0.135619 0.639966 -9.819713 0.111636 -1.168360 9.728591 8.984690 -13.288127 -17.429223 71.467793 27.373312 56.133407 19.668754 0.645160 14.417966 -4.133169 1.871420 6.736112 -8.501999 5.690350 -12.259303 -71.739605 -43.378011 55.608569 -28.597180 -5.943754 12.511862 5.632675 -5.193036 0.046910 -2.257071 2.496712 1.459396 -0.476196 0.515006 -4.776956 0.484885 -0.001852 -0.681892 2.005345 5.940179 -1.381735 -0.904876 -3.053808 -0.673655 -0.187871 1.757875 -1.301965 -0.224126 -0.004832 -0.973810 0.568546
-0.054055 0.959112 4.124982 3.304441 4.441851 0.416972 -0.064952 -1.186513 1.218366 -0.081039 -6.353589 0.544623 -0.080600 -0.533163 0.536396 -0.018931 5.436597 0.404027 0.440273 14.089847 0.122092 0.781541 -9.861831 0.057775 -1.187359 9.680897 9.014511 -13.202710 -17.438762 71.310688 28.976625 55.916438 20.887082 0.748915 14.397883 -4.289327 1.844982 6.796337 -8.490930 5.723939 -12.348707 -71.827366 -43.058507 55.940183 -28.510750 -5.905422 12.522932 5.538685 -5.180121 0.065993 -2.281026 2.549483 1.356591 -0.474184 0.473535 -4.792611 0.468410 -0.001723 -0.655303 2.010935 5.902175 -1.443762 -0.934163 -3.008664 -0.608856 -0.187908 1.779696 -1.363752 -0.227368 -0.004707 -0.963303 0.559902
-0.054182 0.958972 4.125287 3.281532 4.472969 0.457536 -0.089500 -1.217783 1.188410 -0.090580 -6.367558 0.531170 -0.090079 -0.547134 0.521975 -0.027146 5.426121 0.393144 0.525131 14.059896 0.118908 0.942764 -9.917068 0.018384 -1.213589 9.641790 9.057516 -13.118755 -17.514520 71.140118 30.515739 55.762776 22.091338 0.861907 14.383426 -4.435430 1.825687 6.871245 -8.479844 5.787757 -12.437263 -71.913229 -42.682021 56.230963 -28.378211 -5.869881 12.526665 5.573274 -5.235916 0.100228 -2.311193 2.654675 1.263681 -0.477961 0.440386 -4.816772 0.454105 -0.001933 -0.638056 2.017720 5.801218 -1.478195 -0.963460 -2.934268 -0.555581 -0.193638 1.830350 -1.420600 -0.230808 -0.004623 -0.954435 0.554993
-0.054292 0.958869 4.125580 3.255859 4.501452 0.495734 -0.102487 -1.249107 1.160406 -0.095072 -6.381519 0.518618 -0.094540 -0.561095 0.508967 -0.031489 5.415655 0.383330 0.601986 14.042999 0.117130 1.088344 -9.948016 -0.015195 -1.232621 9.615452 9.075756 -13.030709 -17.581944 71.039293 31.767623 55.575920 23.005174 0.942879 14.371736 -4.596705 1.797736 6.933035 -8.467947 5.808518 -12.486264 -71.995982 -42.170745 56.463476 -28.115769 -5.834121 12.525465 5.637304 -5.279825 0.122616 -2.340011 2.753907 1.195677 -0.482202 0.405212 -4.841803 0.443144 -0.001994 -0.621184 2.022608 5.726923 -1.505228 -0.992875 -2.867646 -0.512607 -0.197651 1.865723 -1.467139 -0.234465 -0.004566 -0.950092 0.550739
-0.054382 0.958831 4.125844 3.222188 4.532672 0.530421 -0.097397 -1.282743 1.135448 -0.091664 -6.396460 0.507476 -0.091149 -0.576035 0.498171 -0.029770 5.404459 0.375190 0.665265 14.047102 0.116157 1.207927 -9.939986 -0.041785 -1.235470 9.609783 9.047915 -12.936701 -17.614103 71.066684 32.616857 55.341687 23.474933 0.971410 14.364278 -4.792040 1.748968 6.970619 -8.454742 5.729870 -12.468418 -72.074261 -41.418532 56.592710 -27.614769 -5.794186 12.514482 5.731111 -5.290306 0.123299 -2.367760 2.839135 1.158482 -0.484516 0.361050 -4.864337 0.437033 -0.001686 -0.600492 2.023633 5.717821 -1.530349 -1.025855 -2.820718 -0.479892 -0.196070 1.865138 -1.499723 -0.238811 -0.004543 -0.952953 0.546261
-0.054455 0.958831 4.126096 3.185745 4.561262 0.562735 -0.080746 -1.316388 1.112407 -0.083206 -6.411378 0.497224 -0.082741 -0.590952 0.488778 -0.024180 5.393285 0.368113 0.720557 14.064284 0.116592 1.311809 -9.907687 -0.062449 -1.231008 9.616791 8.995279 -12.839316 -17.638236 71.163918 33.186906 55.094846 23.660993 0.968478 14.359533 -5.001945 1.691511 6.995088 -8.440658 5.608088 -12.411213 -72.149613 -40.533000 56.657926 -26.986046 -5.754327 12.497981 5.854305 -5.288843 0.112199 -2.394142 2.918386 1.146179 -0.487154 0.314848 -4.887739 0.434284 -0.001228 -0.580176 2.022761 5.735362 -1.547927 -1.059076 -2.781547 -0.457488 -0.192729 1.849264 -1.522007 -0.243326 -0.004546 -0.960340 0.542437
-0.054524 0.958841 4.126342 3.154157 4.588675 0.586748 -0.057597 -1.352062 1.095095 -0.072105 -6.427182 0.489556 -0.071705 -0.606755 0.482237 -0.016398 5.381445 0.363188 0.764097 14.090963 0.111308 1.395693 -9.857747 -0.089156 -1.231533 9.616722 8.943793 -12.740211 -17.660668 71.239044 33.602970 54.818163 23.747133 0.955310 14.350260 -5.193812 1.645977 7.011887 -8.426207 5.538809 -12.358027 -72.224750 -39.752070 56.772362 -26.469826 -5.723866 12.493462 5.906706 -5.259334 0.092184 -2.410714 2.957369 1.156020 -0.491622 0.277122 -4.914477 0.431565 -0.000796 -0.563853 2.022795 5.753561 -1.561337 -1.082485 -2.751367 -0.444308 -0.191743 1.836013 -1.539587 -0.246509 -0.004548 -0.967103 0.538827
-0.054604 0.958860 4.126586 3.123733 4.614999 0.597809 -0.024655 -1.392148 1.085525 -0.056976 -6.444923 0.485384 -0.056668 -0.624494 0.479601 -0.005310 5.368154 0.361208 0.792608 14.131193 0.095580 1.455207 -9.782620 -0.129464 -1.249210 9.595075 8.900334 -12.634023 -17.677248 71.260672 33.874696 54.488546 23.770030 0.934193 14.330496 -5.357659 1.621788 7.020244 -8.409658 5.564323 -12.326361 -72.300346 -39.170058 56.999905 -26.168458 -5.708092 12.514492 5.821039 -5.180402 0.059389 -2.410491 2.928840 1.197248 -0.500772 0.257846 -4.946675 0.427927 -0.000413 -0.553327 2.024928 5.765787 -1.566749 -1.088780 -2.732210 -0.447884 -0.195865 1.837137 -1.550428 -0.247901 -0.004544 -0.972434 0.535438
-0.054679 0.958888 4.126823 3.098150 4.640127 0.600574 0.014769 -1.434260 1.081653 -0.039207 -6.463549 0.483787 -0.039010 -0.643119 0.479808 0.007966 5.354199 0.361373 0.809378 14.180965 0.074161 1.494704 -9.689785 -0.175742 -1.271851 9.566380 8.857979 -12.525990 -17.691881 71.260250 33.996211 54.129998 23.696802 0.903156 14.305316 -5.503536 1.609507 7.020885 -8.392687 5.642381 -12.298324 -72.375378 -38.689348 57.282609 -25.974580 -5.701423 12.549096 5.664876 -5.073421 0.017684 -2.400571 2.860022 1.260597 -0.511724 0.247043 -4.982206 0.424319 -0.000054 -0.546794 2.027966 5.778667 -1.567990 -1.085266 -2.722044 -0.460683 -0.202348 1.840881 -1.556562 -0.247969 -0.004539 -0.977141 0.532262
-0.054724 0.958901 4.127039 3.096087 4.665213 0.603083 0.045705 -1.473280 1.081214 -0.025361 -6.480819 0.483704 -0.025250 -0.660388 0.481130 0.018402 5.341257 0.362374 0.820468 14.224598 0.054092 1.522994 -9.608402 -0.217298 -1.275272 9.554406 8.822008 -12.433451 -17.722540 71.239850 34.063963 53.791955 23.602031 0.876769 14.283859 -5.628905 1.601480 7.021508 -8.380906 5.741774 -12.264089 -72.449701 -38.255864 57.555246 -25.809430 -5.696392 12.576587 5.540351 -4.986421 -0.018434 -2.393587 2.798349 1.315577 -0.517352 0.225305 -5.017157 0.420269 0.000189 -0.542468 2.031127 5.786112 -1.579965 -1.083765 -2.716017 -0.459014 -0.207062 1.829890 -1.569680 -0.246616 -0.004516 -0.978499 0.528838
-0.054715 0.958881 4.127221 3.128221 4.689802 0.608477 0.060890 -1.505474 1.085382 -0.018720 -6.495090 0.485631 -0.018651 -0.674658 0.483731 0.023565 5.330558 0.364334 0.826980 14.254717 0.034550 1.542558 -9.552157 -0.256221 -1.241503 9.573879 8.794741 -12.367560 -17.782270 71.190803 34.130941 53.478835 23.524942 0.860128 14.269902 -5.724614 1.597533 7.023426 -8.378630 5.877676 -12.223535 -72.529333 -37.882263 57.807475 -25.675638 -5.690194 12.588236 5.488470 -4.939229 -0.042998 -2.396772 2.762934 1.351479 -0.511571 0.182519 -5.051334 0.414764 0.000266 -0.539652 2.034325 5.777660 -1.609136 -1.089518 -2.700977 -0.431979 -0.208116 1.790416 -1.595354 -0.242890 -0.004464 -0.974639 0.524832
-0.054675 0.958846 4.127382 3.183880 4.714343 0.613650 0.067584 -1.534587 1.092975 -0.016001 -6.508010 0.489063 -0.015949 -0.687578 0.487439 0.025889 5.320869 0.367123 0.827785 14.278693 0.016296 1.550923 -9.507385 -0.290566 -1.188574 9.610109 8.774007 -12.316987 -17.857783 71.121351 34.145440 53.185948 23.428294 0.847930 14.259151 -5.799730 1.597862 7.025343 -8.381526 6.034815 -12.176624 -72.608088 -37.558026 58.050386 -25.572565 -5.685662 12.592089 5.468068 -4.912018 -0.061959 -2.402826 2.734696 1.379016 -0.500426 0.128799 -5.084933 0.408838 0.000226 -0.539042 2.037646 5.763778 -1.649039 -1.097301 -2.690076 -0.390478 -0.207357 1.736204 -1.628011 -0.237717 -0.004395 -0.967430 0.520578
-0.054650 0.958810 4.127542 3.249731 4.741347 0.617280 0.072608 -1.566712 1.098191 -0.013915 -6.522273 0.491428 -0.013876 -0.701841 0.490016 0.027655 5.310172 0.369059 0.825592 14.302931 0.008727 1.549490 -9.462298 -0.303636 -1.146309 9.642707 8.758323 -12.265387 -17.927712 71.058918 34.046055 52.948798 23.271501 0.839043 14.248735 -5.878952 1.595377 7.031052 -8.382234 6.136301 -12.114031 -72.667747 -37.193887 58.248844 -25.417259 -5.683713 12.591974 5.457902 -4.893313 -0.078667 -2.402515 2.703783 1.399860 -0.494942 0.075071 -5.114630 0.405096 0.000124 -0.540943 2.040560 5.769763 -1.695183 -1.103277 -2.717925 -0.343510 -0.206300 1.691145 -1.662627 -0.233835 -0.004327 -0.959748 0.516608
-0.054659 0.958777 4.127712 3.323316 4.773479 0.619296 0.077342 -1.606123 1.098340 -0.011728 -6.539777 0.491530 -0.011704 -0.719345 0.490340 0.029323 5.297045 0.369297 0.820860 14.328779 0.018170 1.536675 -9.414470 -0.283711 -1.127053 9.665123 8.750115 -12.199340 -17.984437 71.006847 33.809827 52.777174 23.043465 0.837351 14.236322 -5.978436 1.586152 7.044857 -8.377784 6.125172 -12.024055 -72.698479 -36.715675 58.363109 -25.137330 -5.685389 12.585585 5.460896 -4.871874 -0.094710 -2.390146 2.661868 1.413658 -0.503005 0.019894 -5.139078 0.405656 -0.000094 -0.547552 2.043301 5.815174 -1.750429 -1.106191 -2.816248 -0.288835 -0.206674 1.670387 -1.700444 -0.232012 -0.004264 -0.952160 0.513134
-0.054684 0.958744 4.127881 3.407093 4.808080 0.619797 0.080403 -1.648533 1.096081 -0.010177 -6.558620 0.490552 -0.010161 -0.738188 0.489519 0.030430 5.282915 0.368671 0.813127 14.354838 0.038295 1.514095 -9.366413 -0.242547 -1.118456 9.683845 8.746886 -12.132307 -18.035660 70.961926 33.461612 52.660272 22.758011 0.838948 14.223901 -6.081972 1.574111 7.062442 -8.371136 6.058487 -11.918687 -72.710476 -36.199725 58.431040 -24.808433 -5.689762 12.575109 5.474029 -4.858936 -0.108543 -2.371402 2.617262 1.420774 -0.516736 -0.035294 -5.159617 0.408396 -0.000374 -0.556672 2.045636 5.880452 -1.811920 -1.107475 -2.953325 -0.228696 -0.206846 1.658786 -1.740221 -0.231499 -0.004201 -0.944099 0.509945
-0.054709 0.958720 4.128042 3.495099 4.839687 0.617692 0.084476 -1.687192 1.093636 -0.008177 -6.575793 0.489492 -0.008174 -0.755362 0.488663 0.031867 5.270037 0.368019 0.803748 14.383391 0.059552 1.487981 -9.313744 -0.198608 -1.113280 9.698031 8.739681 -12.088385 -18.083234 70.941934 33.011656 52.602381 22.411866 0.831050 14.215142 -6.165730 1.563934 7.074653 -8.363840 6.030351 -11.824337 -72.715385 -35.779908 58.534999 -24.566851 -5.694601 12.571443 5.467285 -4.876740 -0.118802 -2.354089 2.585071 1.423955 -0.523521 -0.075244 -5.176956 0.409543 -0.000500 -0.562011 2.046342 5.932213 -1.866603 -1.107216 -3.068605 -0.178810 -0.203262 1.634804 -1.773224 -0.232771 -0.004144 -0.936733 0.506947
-0.054726 0.958713 4.128191 3.587750 4.865796 0.611016 0.089731 -1.719368 1.091859 -0.005695 -6.590082 0.488733 -0.005709 -0.769651 0.488156 0.033688 5.259322 0.367633 0.794138 14.418551 0.080859 1.461384 -9.248792 -0.154434 -1.112579 9.702179 8.723333 -12.087452 -18.130276 70.961378 32.444938 52.626257 21.994163 0.805381 14.211670 -6.219697 1.556513 7.076501 -8.355044 6.092731 -11.752109 -72.716130 -35.541063 58.727894 -24.498727 -5.699279 12.581747 5.419488 -4.953329 -0.122675 -2.341593 2.580240 1.419638 -0.515381 -0.086087 -5.188664 0.407225 -0.000283 -0.558616 2.044064 5.957897 -1.910024 -1.105495 -3.131533 -0.144298 -0.191490 1.580123 -1.794860 -0.237481 -0.004101 -0.931676 0.504341
-0.054744 0.958715 4.128330 3.684625 4.888928 0.601723 0.095994 -1.747793 1.089909 -0.002769 -6.602702 0.487899 -0.002801 -0.782270 0.487619 0.035837 5.249860 0.367226 0.782907 14.456198 0.103330 1.431306 -9.179235 -0.107450 -1.115298 9.701824 8.702966 -12.109785 -18.173833 71.005835 31.772601 52.706734 21.511968 0.770144 14.211812 -6.253922 1.550949 7.072966 -8.345623 6.193601 -11.690985 -72.709439 -35.398851 58.959051 -24.517644 -5.704301 12.599145 5.351946 -5.060661 -0.122903 -2.330453 2.587833 1.411380 -0.500317 -0.081687 -5.197176 0.403289 0.000087 -0.551441 2.040157 5.970053 -1.946646 -1.102105 -3.172654 -0.120049 -0.175884 1.513061 -1.809731 -0.243971 -0.004062 -0.927315 0.501927
-0.054772 0.958708 4.128466 3.778513 4.911157 0.594587 0.105437 -1.773913 1.087485 0.001585 -6.614291 0.486865 0.001524 -0.793859 0.487027 0.039044 5.241172 0.366780 0.767188 14.486300 0.120688 1.394860 -9.123654 -0.068458 -1.111021 9.712695 8.685122 -12.120037 -18.206709 71.049648 31.045783 52.776353 20.990690 0.737283 14.214437 -6.274690 1.549238 7.069854 -8.339711 6.271016 -11.634160 -72.697495 -35.230034 59.156502 -24.497494 -5.709011 12.613460 5.298411 -5.136861 -0.126473 -2.318219 2.578142 1.412600 -0.489672 -0.088400 -5.210508 0.399538 0.000270 -0.549057 2.037453 5.972958 -1.976781 -1.096564 -3.223066 -0.106395 -0.166019 1.467032 -1.822878 -0.247747 -0.004006 -0.919978 0.498999
-0.054817 0.958683 4.128603 3.864036 4.932877 0.591874 0.121607 -1.797967 1.083896 0.008968 -6.624945 0.485336 0.008859 -0.804514 0.486247 0.044493 5.233187 0.366198 0.743614 14.504926 0.131382 1.346329 -9.089361 -0.039110 -1.093003 9.747693 8.671496 -12.099233 -18.226521 71.087991 30.258912 52.799653 20.413822 0.710425 14.221099 -6.282125 1.552701 7.068592 -8.339543 6.291707 -11.578898 -72.679701 -34.975813 59.289404 -24.381047 -5.714272 12.620449 5.272082 -5.142563 -0.136747 -2.303086 2.532684 1.431552 -0.490274 -0.122455 -5.233059 0.397368 0.000072 -0.556672 2.037448 5.969426 -1.994898 -1.087328 -3.302348 -0.112260 -0.168356 1.463711 -1.834185 -0.245577 -0.003918 -0.906844 0.495059
-0.054873 0.958649 4.128736 3.946574 4.953680 0.591309 0.140962 -1.819712 1.079842 0.017779 -6.634568 0.483611 0.017611 -0.814136 0.485417 0.051001 5.225978 0.365581 0.715529 14.516035 0.136910 1.291373 -9.068990 -0.017823 -1.067978 9.793904 8.660525 -12.066251 -18.235746 71.125697 29.419435 52.809321 19.800578 0.685911 14.230453 -6.276177 1.560027 7.067775 -8.342872 6.288990 -11.527918 -72.656850 -34.694821 59.387966 -24.225815 -5.719253 12.624160 5.259698 -5.117138 -0.150437 -2.286936 2.469933 1.459978 -0.495267 -0.167624 -5.260432 0.395409 -0.000312 -0.569078 2.038647 5.956653 -2.006530 -1.075876 -3.390922 -0.128722 -0.176432 1.481420 -1.843758 -0.240704 -0.003814 -0.890733 0.490606
-0.054933 0.958615 4.128850 4.035051 4.974427 0.590876 0.155052 -1.839879 1.077103 0.024193 -6.643500 0.482455 0.023983 -0.823068 0.484912 0.055748 5.219284 0.365205 0.690113 14.521450 0.135545 1.244126 -9.059093 -0.010571 -1.045760 9.828304 8.653821 -12.042478 -18.234366 71.151644 28.599266 52.842570 19.231066 0.664800 14.236982 -6.262793 1.569284 7.068954 -8.347089 6.300804 -11.482554 -72.633296 -34.438435 59.471540 -24.076594 -5.720746 12.626719 5.255291 -5.116821 -0.164571 -2.272827 2.415623 1.486524 -0.495481 -0.201572 -5.287455 0.391309 -0.000633 -0.579219 2.039400 5.930483 -2.028575 -1.066291 -3.461160 -0.129312 -0.180501 1.488543 -1.856965 -0.238352 -0.003721 -0.876439 0.486431
-0.054990 0.958583 4.128935 4.136011 4.997440 0.590665 0.157814 -1.860570 1.076567 0.025488 -6.652690 0.482239 0.025269 -0.832258 0.484828 0.056713 5.212393 0.365139 0.670751 14.522446 0.124502 1.211996 -9.057268 -0.023863 -1.032104 9.837659 8.653995 -12.026644 -18.221852 71.156124 27.801229 52.915112 18.724882 0.649643 14.235710 -6.244845 1.580637 7.073217 -8.353525 6.347602 -11.442182 -72.610311 -34.216188 59.543238 -23.939911 -5.715620 12.628242 5.260601 -5.171747 -0.179761 -2.264132 2.380309 1.505761 -0.484882 -0.210670 -5.312488 0.383521 -0.000817 -0.584597 2.038855 5.874971 -2.073575 -1.061488 -3.490622 -0.097587 -0.176257 1.472296 -1.877968 -0.240570 -0.003650 -0.866011 0.482936
-0.055052 0.958552 4.129002 4.242911 5.020396 0.590597 0.155310 -1.879689 1.077360 0.024386 -6.661192 0.482596 0.024174 -0.840760 0.485073 0.055917 5.206015 0.365318 0.654058 14.517779 0.106549 1.187570 -9.065882 -0.051212 -1.021281 9.835169 8.658299 -12.020058 -18.198570 71.148954 27.019749 53.012995 18.259142 0.637969 14.231756 -6.219338 1.593921 7.079485 -8.360834 6.408913 -11.407475 -72.586604 -34.019431 59.600083 -23.810196 -5.707064 12.628516 5.273894 -5.251782 -0.195348 -2.257419 2.353450 1.523124 -0.469526 -0.208541 -5.337170 0.373565 -0.000937 -0.587711 2.037865 5.806053 -2.128968 -1.058550 -3.501748 -0.049977 -0.168011 1.445469 -1.902610 -0.245305 -0.003589 -0.857400 0.479719
-0.055136 0.958529 4.129069 4.345041 5.037209 0.588386 0.157271 -1.891674 1.078637 0.025231 -6.666514 0.483184 0.025013 -0.846082 0.485746 0.056603 5.202024 0.365824 0.637064 14.505486 0.088289 1.162746 -9.088660 -0.079091 -1.005887 9.837480 8.660247 -12.047998 -18.165783 71.148326 26.312627 53.131560 17.848122 0.623286 14.234695 -6.183447 1.606704 7.086033 -8.362392 6.461275 -11.381709 -72.562672 -33.872215 59.652707 -23.713980 -5.701281 12.629264 5.284009 -5.322762 -0.206426 -2.245520 2.329138 1.543539 -0.458384 -0.213722 -5.361252 0.363687 -0.000968 -0.588996 2.037333 5.767401 -2.174005 -1.052898 -3.534249 -0.009299 -0.159032 1.414818 -1.923780 -0.251640 -0.003530 -0.849249 0.476368
-0.055256 0.958518 4.129139 4.438713 5.044781 0.581329 0.168596 -1.891966 1.080759 0.030172 -6.666615 0.484179 0.029921 -0.846184 0.487244 0.060402 5.201951 0.366959 0.617407 14.483401 0.070854 1.132667 -9.129650 -0.104481 -0.980986 9.849800 8.657389 -12.126898 -18.124497 71.161358 25.699353 53.280198 17.497081 0.600360 14.251495 -6.135528 1.617543 7.091762 -8.353060 6.492571 -11.368509 -72.541580 -33.785561 59.706564 -23.661610 -5.700857 12.631232 5.285890 -5.367771 -0.212112 -2.222673 2.306042 1.572240 -0.456326 -0.238598 -5.385205 0.354943 -0.000860 -0.587840 2.037803 5.789426 -2.200244 -1.041024 -3.618046 0.015435 -0.150837 1.383513 -1.938472 -0.259451 -0.003469 -0.840754 0.472756
-0.055398 0.958514 4.129209 4.527611 5.046224 0.572088 0.184391 -1.885134 1.083410 0.037060 -6.663540 0.485425 0.036763 -0.843109 0.489189 0.065683 5.204262 0.368435 0.597433 14.453697 0.053075 1.102175 -9.184791 -0.130457 -0.951509 9.866940 8.652211 -12.240276 -18.073641 71.181007 25.159325 53.451729 17.199073 0.574414 14.275332 -6.077365 1.627887 7.097721 -8.337983 6.514926 -11.364211 -72.520385 -33.749073 59.756353 -23.643552 -5.703174 12.633724 5.284579 -5.403722 -0.213317 -2.194666 2.285480 1.603988 -0.458468 -0.270789 -5.408564 0.346293 -0.000662 -0.584857 2.038732 5.841719 -2.216184 -1.026473 -3.723222 0.033227 -0.141938 1.348384 -1.949696 -0.268869 -0.003408 -0.832720 0.469011
-0.055543 0.958512 4.129295 4.612088 5.044759 0.566410 0.199697 -1.879301 1.084719 0.043787 -6.660910 0.486069 0.043446 -0.840480 0.490516 0.070797 5.206238 0.369445 0.581234 14.420894 0.038104 1.077716 -9.245686 -0.152634 -0.924840 9.889958 8.645692 -12.364010 -18.011429 71.204166 24.691852 53.617000 16.951790 0.554631 14.295062 -6.011275 1.639631 7.105413 -8.325957 6.541251 -11.361176 -72.490577 -33.754570 59.796636 -23.656447 -5.706586 12.636333 5.284052 -5.447186 -0.207828 -2.171681 2.265524 1.627989 -0.459167 -0.291686 -5.429673 0.336831 -0.000493 -0.582324 2.039392 5.876722 -2.226449 -1.015259 -3.799728 0.048292 -0.131117 1.306677 -1.959369 -0.279368 -0.003353 -0.826203 0.465101
-0.055685 0.958510 4.129406 4.692845 5.040983 0.567253 0.214209 -1.876597 1.083511 0.050274 -6.659676 0.485586 0.049890 -0.839246 0.490691 0.075644 5.207169 0.369587 0.568846 14.382660 0.027653 1.058718 -9.316684 -0.167830 -0.901850 9.924363 8.636343 -12.494412 -17.933139 71.231916 24.311301 53.760575 16.762720 0.544785 14.305027 -5.934063 1.650822 7.117136 -8.319085 6.579011 -11.357803 -72.446010 -33.822969 59.827105 -23.718659 -5.711874 12.639599 5.283372 -5.514925 -0.193544 -2.159094 2.248046 1.638387 -0.455258 -0.286834 -5.447052 0.325914 -0.000400 -0.581249 2.039263 5.874912 -2.231984 -1.011399 -3.821322 0.062403 -0.115912 1.251231 -1.968086 -0.291196 -0.003304 -0.821911 0.460601
-0.055829 0.958509 4.129532 4.769179 5.034280 0.571649 0.228231 -1.874880 1.080953 0.056601 -6.658882 0.484497 0.056175 -0.838453 0.490244 0.080323 5.207769 0.369260 0.560230 14.341309 0.019984 1.045756 -9.393469 -0.179276 -0.881662 9.964656 8.625707 -12.635084 -17.843453 71.263121 24.005202 53.899321 16.626045 0.541197 14.310953 -5.848818 1.663409 7.130619 -8.315246 6.620737 -11.355793 -72.392830 -33.933630 59.847913 -23.812276 -5.718265 12.642976 5.283467 -5.590174 -0.172548 -2.151536 2.231182 1.641041 -0.449919 -0.270686 -5.462174 0.314164 -0.000337 -0.580624 2.038866 5.855818 -2.231794 -1.010836 -3.814245 0.073782 -0.098756 1.189205 -1.975263 -0.304103 -0.003259 -0.819136 0.455935
-0.055982 0.958504 4.129663 4.839336 5.026051 0.576464 0.237709 -1.875862 1.078661 0.060906 -6.659298 0.483511 0.060451 -0.838870 0.489696 0.083489 5.207460 0.368853 0.559370 14.308332 0.013122 1.047013 -9.454655 -0.192133 -0.869040 9.995358 8.619251 -12.772905 -17.754799 71.291205 23.732944 54.052182 16.519920 0.541829 14.318687 -5.767257 1.685132 7.140544 -8.316919 6.656912 -11.352450 -72.340909 -34.015705 59.854454 -23.879158 -5.721806 12.644407 5.291111 -5.639210 -0.148887 -2.143048 2.207417 1.642722 -0.447029 -0.267997 -5.477821 0.302562 -0.000287 -0.579713 2.039037 5.830468 -2.227547 -1.007480 -3.807172 0.081333 -0.085771 1.139322 -1.981040 -0.316823 -0.003224 -0.816815 0.452346
-0.056149 0.958491 4.129799 4.904142 5.018064 0.580301 0.240683 -1.882061 1.077198 0.062301 -6.662048 0.482874 0.061837 -0.841619 0.489199 0.084491 5.205399 0.368480 0.570131 14.288979 0.006877 1.069806 -9.490462 -0.208224 -0.869133 10.006787 8.619384 -12.905641 -17.665514 71.309407 23.492845 54.233519 16.453873 0.548549 14.330901 -5.695314 1.723063 7.145059 -8.326426 6.673806 -11.345877 -72.289429 -34.035890 59.839090 -23.890886 -5.721429 12.642142 5.308979 -5.640880 -0.124196 -2.130374 2.169160 1.645537 -0.448538 -0.293259 -5.495349 0.291441 -0.000255 -0.578559 2.040209 5.798528 -2.219453 -0.997161 -3.812203 0.081327 -0.081275 1.112641 -1.983900 -0.328853 -0.003206 -0.814653 0.450892
-0.056323 0.958473 4.129939 4.962771 5.008552 0.584556 0.239115 -1.890960 1.075987 0.061675 -6.666008 0.482333 0.061214 -0.845579 0.488595 0.083980 5.202429 0.368023 0.588664 14.277993 0.001505 1.106833 -9.510676 -0.225619 -0.876802 10.008597 8.623605 -13.035580 -17.577359 71.324241 23.286795 54.429571 16.418284 0.559428 14.344810 -5.627107 1.770135 7.146051 -8.341448 6.685124 -11.337920 -72.239185 -34.027325 59.809574 -23.875730 -5.718252 12.637913 5.334394 -5.616335 -0.096862 -2.116718 2.123999 1.647372 -0.452487 -0.331981 -5.513412 0.280485 -0.000235 -0.577118 2.041949 5.760332 -2.207308 -0.984049 -3.817240 0.077511 -0.080963 1.098101 -1.985345 -0.340701 -0.003196 -0.812945 0.450515
-0.056495 0.958458 4.130071 5.010988 4.993619 0.590295 0.234834 -1.896722 1.074949 0.059830 -6.668579 0.481856 0.059381 -0.848151 0.487931 0.082556 5.200499 0.367519 0.607387 14.271115 -0.004275 1.144350 -9.523250 -0.243826 -0.881379 10.014303 8.629994 -13.156453 -17.507910 71.349127 23.078617 54.616508 16.361790 0.566685 14.358035 -5.556652 1.812869 7.143801 -8.357522 6.722509 -11.331444 -72.202428 -34.018704 59.784547 -23.860381 -5.711607 12.634882 5.366114 -5.595315 -0.066053 -2.105814 2.087182 1.648656 -0.456902 -0.365440 -5.530747 0.269710 -0.000192 -0.574531 2.043791 5.727910 -2.192168 -0.974573 -3.814661 0.080018 -0.078028 1.081248 -1.990043 -0.352617 -0.003182 -0.811507 0.449280
-0.056658 0.958447 4.130194 5.046951 4.970160 0.598911 0.227641 -1.896407 1.073226 0.056707 -6.668458 0.481055 0.056279 -0.848029 0.486813 0.080141 5.200589 0.366672 0.624676 14.267521 -0.009992 1.179124 -9.529726 -0.261328 -0.877398 10.031017 8.639195 -13.268577 -17.468651 71.393439 22.845456 54.797696 16.257874 0.566676 14.370723 -5.475389 1.847046 7.136618 -8.372698 6.818188 -11.328309 -72.186911 -34.027949 59.775441 -23.859539 -5.698816 12.636165 5.410828 -5.588449 -0.028965 -2.100329 2.065983 1.648378 -0.460979 -0.388722 -5.546862 0.259402 -0.000114 -0.570337 2.045320 5.707237 -2.172220 -0.972328 -3.799587 0.092457 -0.069449 1.053750 -1.999954 -0.364813 -0.003157 -0.810301 0.446421
-0.056819 0.958437 4.130308 5.072497 4.941279 0.609006 0.217735 -1.892956 1.071680 0.052365 -6.666948 0.480320 0.051967 -0.846519 0.485637 0.076814 5.201718 0.365781 0.642157 14.268032 -0.016106 1.214381 -9.528565 -0.279611 -0.870324 10.051628 8.650573 -13.371677 -17.448055 71.447946 22.609810 54.969420 16.132823 0.563018 14.382701 -5.391855 1.876885 7.126179 -8.388945 6.939945 -11.326599 -72.184831 -34.037171 59.770816 -23.858506 -5.682627 12.638634 5.461871 -5.585117 0.011617 -2.097616 2.053129 1.647558 -0.465532 -0.406741 -5.562245 0.249268 -0.000013 -0.564996 2.046952 5.692334 -2.149275 -0.973719 -3.776898 0.111217 -0.058233 1.023942 -2.013122 -0.377072 -0.003127 -0.809366 0.442705
-0.056980 0.958428 4.130401 5.088917 4.912388 0.617456 0.207546 -1.889346 1.072817 0.047787 -6.665367 0.480785 0.047419 -0.844937 0.485637 0.073401 5.202901 0.365775 0.657118 14.270857 -0.025322 1.246081 -9.523090 -0.302726 -0.865875 10.068327 8.660306 -13.458580 -17.429173 71.498256 22.404220 55.097105 16.015411 0.558782 14.391019 -5.325693 1.901561 7.117808 -8.407691 7.022773 -11.323516 -72.185144 -34.021256 59.755016 -23.839772 -5.670391 12.636126 5.497949 -5.583183 0.048155 -2.093473 2.042050 1.649678 -0.471017 -0.415518 -5.577094 0.238440 0.000105 -0.559032 2.049462 5.677293 -2.129830 -0.974401 -3.753620 0.135602 -0.046615 1.002365 -2.028345 -0.389001 -0.003094 -0.808632 0.438504
-0.057146 0.958418 4.130472 5.095123 4.885669 0.622872 0.198353 -1.887798 1.077739 0.043499 -6.664696 0.482947 0.043159 -0.844265 0.487364 0.070339 5.203400 0.367070 0.668313 14.277273 -0.039757 1.272688 -9.510912 -0.334155 -0.869149 10.078042 8.666049 -13.525182 -17.404887 71.543640 22.228361 55.161465 15.905043 0.553935 14.393538 -5.285783 1.918189 7.115675 -8.430631 7.028687 -11.317049 -72.182056 -33.945341 59.709232 -23.775014 -5.664613 12.621404 5.509142 -5.581189 0.077655 -2.085545 2.027508 1.655972 -0.478690 -0.409677 -5.591683 0.226305 0.000258 -0.551960 2.053694 5.660273 -2.115808 -0.973131 -3.731910 0.164605 -0.034179 0.993755 -2.044988 -0.400820 -0.003058 -0.808129 0.433602
-0.057313 0.958409 4.130522 5.092207 4.858943 0.626657 0.188874 -1.886089 1.085342 0.038972 -6.663952 0.486309 0.038662 -0.843522 0.490266 0.067192 5.203953 0.369249 0.676986 14.285999 -0.057299 1.295730 -9.494423 -0.370418 -0.875053 10.083845 8.670134 -13.575609 -17.382350 71.584814 22.084450 55.181971 15.804396 0.548437 14.392207 -5.263240 1.929654 7.115598 -8.456069 6.995693 -11.309155 -72.181459 -33.844583 59.652218 -23.692820 -5.662660 12.601737 5.505359 -5.580587 0.103111 -2.076208 2.014738 1.665202 -0.487300 -0.394593 -5.605732 0.213471 0.000429 -0.544265 2.058804 5.643116 -2.105285 -0.971159 -3.709610 0.199239 -0.021348 0.993377 -2.063678 -0.412315 -0.003019 -0.807828 0.428214
-0.057473 0.958401 4.130548 5.084729 4.831083 0.629871 0.177702 -1.880536 1.094830 0.033607 -6.661503 0.490504 0.033333 -0.841072 0.493916 0.063476 5.205785 0.371991 0.684159 14.291401 -0.074312 1.315771 -9.484120 -0.405140 -0.874018 10.087144 8.675762 -13.615025 -17.366088 71.609522 22.009438 55.182520 15.747862 0.545332 14.390159 -5.251053 1.943780 7.110378 -8.480336 6.972770 -11.303016 -72.189849 -33.798266 59.624826 -23.660439 -5.664111 12.592739 5.495030 -5.583593 0.125969 -2.068351 2.012882 1.677151 -0.493539 -0.382420 -5.618610 0.200902 0.000560 -0.537917 2.063041 5.625440 -2.098977 -0.967880 -3.687269 0.241846 -0.011617 0.997569 -2.085100 -0.422449 -0.002984 -0.807574 0.423356
-0.057625 0.958394 4.130550 5.073990 4.799901 0.632832 0.162872 -1.868207 1.106794 0.026500 -6.656050 0.495787 0.026272 -0.835618 0.498478 0.058531 5.209867 0.375419 0.690132 14.290881 -0.090467 1.333276 -9.484829 -0.437849 -0.858653 10.090806 8.683866 -13.641117 -17.359288 71.612537 22.021223 55.167298 15.747732 0.546680 14.387700 -5.247988 1.967928 7.094211 -8.502363 6.986765 -11.301005 -72.212081 -33.855152 59.660980 -23.724115 -5.669874 12.606489 5.478381 -5.593263 0.148074 -2.063558 2.027670 1.692381 -0.495423 -0.377478 -5.630089 0.188742 0.000588 -0.534903 2.065612 5.604089 -2.096545 -0.961902 -3.663208 0.295452 -0.007852 1.006154 -2.110825 -0.430381 -0.002956 -0.807117 0.419614
-0.057770 0.958388 4.130528 5.058690 4.767584 0.635230 0.146348 -1.852027 1.120630 0.018553 -6.648888 0.501899 0.018378 -0.828457 0.503783 0.053017 5.215229 0.379406 0.694606 14.287028 -0.106093 1.347793 -9.491741 -0.469024 -0.836346 10.091981 8.693518 -13.656208 -17.358815 71.599134 22.102049 55.132292 15.792006 0.550469 14.384515 -5.255259 1.994746 7.072908 -8.523215 7.010834 -11.300751 -72.243277 -33.966640 59.726699 -23.837821 -5.679085 12.630885 5.455159 -5.606541 0.167579 -2.060262 2.053371 1.710339 -0.494929 -0.375446 -5.640399 0.176850 0.000574 -0.533237 2.067311 5.582215 -2.098324 -0.954615 -3.639118 0.357033 -0.007197 1.019308 -2.139280 -0.436957 -0.002931 -0.806708 0.416401
-0.057910 0.958387 4.130482 5.039482 4.739565 0.637179 0.132618 -1.837110 1.133750 0.011879 -6.642283 0.507704 0.011748 -0.821851 0.508911 0.048438 5.220176 0.383261 0.697714 14.281996 -0.118542 1.358520 -9.500894 -0.493711 -0.819686 10.083488 8.705131 -13.672411 -17.359736 71.572815 22.234919 55.089104 15.878206 0.553638 14.382834 -5.269521 2.009982 7.056687 -8.542422 7.013402 -11.298367 -72.275310 -34.064743 59.761244 -23.929139 -5.688662 12.645284 5.433092 -5.616476 0.180393 -2.056605 2.081934 1.729140 -0.494690 -0.375515 -5.649595 0.165771 0.000646 -0.528935 2.068759 5.568899 -2.106053 -0.949574 -3.620600 0.419857 -0.004560 1.033898 -2.166432 -0.443656 -0.002908 -0.806940 0.412978
-0.058040 0.958391 4.130405 5.014877 4.719446 0.638151 0.123044 -1.825948 1.145897 0.007097 -6.637337 0.513093 0.006997 -0.816905 0.513814 0.045252 5.223879 0.386950 0.700250 14.275754 -0.127093 1.366675 -9.512348 -0.510858 -0.812970 10.059574 8.720560 -13.690944 -17.360946 71.527317 22.424640 55.047111 16.018897 0.555344 14.384530 -5.291481 2.004781 7.050685 -8.559987 6.975751 -11.288011 -72.307062 -34.107344 59.727776 -23.952400 -5.698018 12.637331 5.413567 -5.620943 0.182030 -2.051803 2.113627 1.749865 -0.495217 -0.378443 -5.658153 0.155916 0.000871 -0.519960 2.070093 5.570264 -2.124389 -0.949362 -3.611234 0.486142 0.003808 1.049429 -2.192959 -0.451441 -0.002884 -0.808053 0.408922
-0.058165 0.958400 4.130304 4.986366 4.703625 0.638673 0.116265 -1.816047 1.157340 0.003589 -6.632946 0.518179 0.003512 -0.812514 0.518544 0.043002 5.227167 0.390509 0.701420 14.268337 -0.132465 1.371041 -9.526039 -0.521512 -0.811890 10.025989 8.737975 -13.710555 -17.363616 71.468886 22.665868 54.996442 16.201105 0.556461 14.387780 -5.320418 1.987977 7.049734 -8.575915 6.916578 -11.275614 -72.339673 -34.136029 59.663309 -23.952574 -5.707708 12.619372 5.395259 -5.622067 0.176979 -2.046621 2.148182 1.771435 -0.495990 -0.383473 -5.665598 0.146874 0.001183 -0.508349 2.071177 5.580193 -2.148679 -0.951374 -3.607428 0.553669 0.014141 1.066395 -2.218182 -0.459352 -0.002860 -0.809807 0.404656
-0.058298 0.958412 4.130190 4.959064 4.686728 0.640441 0.112691 -1.805051 1.166294 0.001604 -6.628062 0.522164 0.001539 -0.807630 0.522328 0.041813 5.230826 0.393358 0.698968 14.262003 -0.134183 1.367163 -9.537806 -0.523875 -0.816144 9.992799 8.752273 -13.739666 -17.366210 71.419789 22.926239 54.919979 16.383902 0.556504 14.389253 -5.350860 1.971841 7.048589 -8.589740 6.860436 -11.274919 -72.368379 -34.207281 59.618006 -23.992164 -5.716330 12.607846 5.381821 -5.619275 0.174613 -2.041514 2.176744 1.788720 -0.498105 -0.387520 -5.670562 0.137952 0.001508 -0.496226 2.072226 5.589409 -2.166699 -0.951382 -3.604030 0.609049 0.020266 1.083144 -2.236041 -0.465982 -0.002840 -0.812074 0.400710
-0.058450 0.958429 4.130067 4.932965 4.665927 0.643918 0.113170 -1.791349 1.171367 0.001572 -6.621968 0.524427 0.001508 -0.801536 0.524588 0.041961 5.235396 0.395063 0.691719 14.258557 -0.129837 1.351875 -9.544343 -0.512928 -0.824737 9.962423 8.761800 -13.787615 -17.367582 71.388574 23.201396 54.803385 16.556125 0.554103 14.387587 -5.380137 1.957839 7.044018 -8.601606 6.822862 -11.289544 -72.387255 -34.364121 59.613226 -24.111598 -5.725211 12.612759 5.370915 -5.610906 0.178910 -2.036075 2.194459 1.799864 -0.502694 -0.387417 -5.672011 0.128676 0.001844 -0.483845 2.073548 5.597759 -2.171498 -0.946761 -3.601289 0.644311 0.018673 1.099734 -2.242583 -0.470615 -0.002827 -0.815119 0.397416
-0.058612 0.958450 4.129932 4.908075 4.644052 0.648643 0.116853 -1.776557 1.173955 0.003064 -6.615382 0.525591 0.002989 -0.794951 0.525902 0.043169 5.240335 0.396059 0.680845 14.256198 -0.121841 1.328335 -9.548945 -0.493690 -0.838667 9.932431 8.768204 -13.845079 -17.368853 71.366686 23.494574 54.660876 16.727891 0.550670 14.384171 -5.410935 1.944505 7.039270 -8.611366 6.788332 -11.315807 -72.402179 -34.563719 59.627284 -24.270735 -5.733033 12.624120 5.364825 -5.598623 0.185893 -2.030712 2.206183 1.806720 -0.508637 -0.386333 -5.670977 0.119521 0.002193 -0.470952 2.074836 5.605392 -2.170025 -0.940145 -3.598964 0.667421 0.012880 1.116100 -2.241763 -0.473959 -0.002818 -0.818677 0.394443
-0.058768 0.958466 4.129787 4.889528 4.624221 0.654918 0.121599 -1.763160 1.176461 0.005034 -6.609414 0.526722 0.004946 -0.788983 0.527234 0.044736 5.244812 0.397067 0.667602 14.251771 -0.116958 1.301568 -9.557367 -0.479416 -0.860609 9.905609 8.771315 -13.892529 -17.371842 71.350754 23.785314 54.518583 16.890570 0.549876 14.379777 -5.445813 1.939713 7.038837 -8.618120 6.734830 -11.356478 -72.426056 -34.733464 59.645914 -24.411043 -5.734394 12.628414 5.374127 -5.586846 0.192998 -2.027114 2.217627 1.809731 -0.513657 -0.390685 -5.669195 0.111218 0.002493 -0.458905 2.075389 5.603483 -2.170904 -0.935202 -3.591173 0.688901 0.007270 1.130398 -2.239389 -0.476734 -0.002807 -0.821832 0.391321
-0.058910 0.958477 4.129639 4.880123 4.607712 0.663634 0.126267 -1.752802 1.179485 0.006955 -6.604797 0.528086 0.006855 -0.784365 0.528793 0.046285 5.248276 0.398247 0.651897 14.244780 -0.117469 1.272286 -9.570508 -0.474359 -0.895246 9.884168 8.768592 -13.924613 -17.376619 71.344319 24.075153 54.381957 17.044422 0.554485 14.374101 -5.486607 1.948874 7.044103 -8.619486 6.657079 -11.409571 -72.471548 -34.823780 59.652800 -24.485290 -5.723526 12.616294 5.414935 -5.577559 0.201339 -2.027142 2.231925 1.805620 -0.516536 -0.404340 -5.666564 0.104330 0.002732 -0.447662 2.074760 5.581184 -2.176283 -0.933947 -3.568289 0.710779 0.003525 1.141400 -2.236667 -0.479078 -0.002792 -0.824535 0.387961
-0.059047 0.958483 4.129482 4.877060 4.593246 0.673891 0.131998 -1.743838 1.182433 0.009355 -6.600796 0.529421 0.009239 -0.780365 0.530371 0.048192 5.251278 0.399441 0.633825 14.235714 -0.121094 1.239779 -9.587486 -0.474263 -0.937893 9.865881 8.762574 -13.946693 -17.383062 71.343860 24.362815 54.245693 17.189281 0.561746 14.367490 -5.531463 1.966574 7.053698 -8.617846 6.560414 -11.477144 -72.525944 -34.884152 59.664486 -24.540670 -5.706112 12.597212 5.471170 -5.568777 0.209802 -2.028935 2.245945 1.797664 -0.518496 -0.423431 -5.663187 0.098290 0.002922 -0.437266 2.073397 5.549347 -2.184023 -0.934372 -3.539938 0.731032 -0.000023 1.150334 -2.232392 -0.480852 -0.002774 -0.826834 0.384453
-0.059191 0.958488 4.129300 4.877076 4.580103 0.683301 0.140079 -1.733822 1.185918 0.012773 -6.596322 0.531004 0.012634 -0.775890 0.532301 0.050886 5.254636 0.400901 0.614928 14.222898 -0.127764 1.206937 -9.611400 -0.479616 -0.977174 9.846885 8.760711 -13.955294 -17.392721 71.335423 24.624494 54.120025 17.316608 0.567008 14.361661 -5.577402 1.984446 7.067979 -8.619452 6.438698 -11.568039 -72.563991 -34.990688 59.716056 -24.660459 -5.693875 12.585814 5.505131 -5.558961 0.212475 -2.028609 2.255998 1.796128 -0.520922 -0.442776 -5.661099 0.092148 0.003033 -0.429200 2.071942 5.531694 -2.196316 -0.934114 -3.529112 0.754098 -0.004032 1.159043 -2.228757 -0.482364 -0.002750 -0.827961 0.380591
-0.059357 0.958489 4.129098 4.876725 4.568740 0.689659 0.152457 -1.723669 1.190654 0.018046 -6.591774 0.533162 0.017873 -0.771342 0.534994 0.055022 5.258049 0.402939 0.595996 14.206322 -0.137975 1.175439 -9.642254 -0.491656 -1.010080 9.825604 8.769836 -13.947603 -17.406194 71.306168 24.859103 54.013185 17.430240 0.567819 14.357624 -5.626030 2.003883 7.090052 -8.627183 6.283287 -11.696616 -72.572648 -35.186034 59.843432 -24.904198 -5.691507 12.589567 5.496061 -5.543645 0.205695 -2.022519 2.258631 1.807533 -0.524929 -0.460192 -5.662310 0.085083 0.003027 -0.425115 2.070780 5.534540 -2.213972 -0.924746 -3.544217 0.781305 -0.019690 1.172780 -2.229219 -0.478903 -0.002711 -0.826030 0.376075
-0.059529 0.958487 4.128872 4.879455 4.558700 0.695170 0.167186 -1.712465 1.195931 0.024338 -6.586752 0.535569 0.024124 -0.766321 0.538041 0.059943 5.261820 0.405244 0.576243 14.185999 -0.151235 1.143617 -9.680042 -0.509150 -1.039623 9.803618 8.783108 -13.926414 -17.422851 71.268921 25.068354 53.917211 17.526794 0.566557 14.354360 -5.675764 2.023480 7.116824 -8.638143 6.102677 -11.848422 -72.564609 -35.431284 60.009656 -25.216146 -5.694553 12.600844 5.464650 -5.527294 0.193123 -2.014314 2.257292 1.825356 -0.529396 -0.477861 -5.664811 0.077918 0.002943 -0.423360 2.069527 5.551565 -2.236178 -0.914696 -3.576855 0.811308 -0.035841 1.186292 -2.230322 -0.475179 -0.002666 -0.822926 0.371205
-0.059683 0.958492 4.128590 4.892344 4.547885 0.704059 0.179712 -1.695011 1.200235 0.029676 -6.578960 0.537528 0.029428 -0.758528 0.540542 0.064110 5.267667 0.407139 0.554852 14.160281 -0.165977 1.109340 -9.727848 -0.528850 -1.063459 9.781821 8.787472 -13.896666 -17.442425 71.248220 25.232890 53.818236 17.587113 0.565803 14.350492 -5.718844 2.030665 7.139354 -8.649935 5.916434 -11.989069 -72.553251 -35.677715 60.140898 -25.504108 -5.700853 12.611644 5.435402 -5.521764 0.179837 -2.011046 2.258639 1.840304 -0.532334 -0.497150 -5.664597 0.072173 0.002878 -0.420476 2.067675 5.587560 -2.262667 -0.926890 -3.624805 0.844568 -0.019644 1.185669 -2.223884 -0.485636 -0.002635 -0.823535 0.366681
-0.059805 0.958504 4.128231 4.919948 4.532673 0.719418 0.188010 -1.666155 1.202259 0.033205 -6.566111 0.538442 0.032934 -0.745680 0.541813 0.066828 5.277306 0.408108 0.532172 14.127367 -0.181978 1.073195 -9.789019 -0.550486 -1.080234 9.758866 8.775777 -13.863176 -17.465152 71.260906 25.340130 53.707291 17.594901 0.565919 14.344801 -5.754692 2.019182 7.150756 -8.662352 5.724101 -12.106551 -72.537953 -35.928986 60.221537 -25.756333 -5.712235 12.620516 5.412204 -5.535910 0.170126 -2.017321 2.268548 1.848451 -0.532927 -0.519269 -5.659823 0.069228 0.002850 -0.415519 2.064483 5.646172 -2.290805 -0.976343 -3.690522 0.881017 0.050817 1.164859 -2.204859 -0.519927 -0.002628 -0.830486 0.362589
-0.059907 0.958523 4.127817 4.957707 4.516675 0.738145 0.194096 -1.631048 1.203332 0.035774 -6.550492 0.538916 0.035488 -0.730061 0.542549 0.068788 5.289022 0.408673 0.507855 14.089060 -0.199454 1.034594 -9.860207 -0.574306 -1.091318 9.736123 8.755164 -13.821126 -17.490874 71.290078 25.403367 53.593670 17.567068 0.566522 14.338437 -5.783893 1.995288 7.157895 -8.675593 5.526127 -12.212871 -72.519231 -36.178408 60.267725 -25.981316 -5.726786 12.628925 5.391237 -5.560868 0.159698 -2.028541 2.281147 1.853722 -0.531989 -0.543009 -5.652334 0.067696 0.002840 -0.409432 2.060693 5.723829 -2.323062 -1.048082 -3.771537 0.920748 0.153597 1.129881 -2.178328 -0.568410 -0.002634 -0.841150 0.358843
-0.060002 0.958542 4.127380 4.999034 4.508650 0.755189 0.199478 -1.599961 1.205883 0.037979 -6.536659 0.540051 0.037679 -0.716228 0.543908 0.070526 5.299398 0.409706 0.480039 14.049117 -0.217492 0.989636 -9.934464 -0.597823 -1.098445 9.718548 8.734025 -13.761022 -17.518743 71.309654 25.441862 53.490869 17.534121 0.569085 14.333523 -5.800429 1.965177 7.172432 -8.687879 5.343576 -12.309795 -72.512425 -36.357155 60.254566 -26.112673 -5.736379 12.633390 5.385477 -5.581902 0.140765 -2.037954 2.285481 1.858607 -0.529988 -0.566106 -5.643665 0.064943 0.002893 -0.401586 2.058022 5.814493 -2.366856 -1.120090 -3.858229 0.964467 0.255781 1.084945 -2.151290 -0.616580 -0.002648 -0.852529 0.355874
-0.060098 0.958562 4.126923 5.045340 4.515267 0.769310 0.203515 -1.577376 1.210298 0.039530 -6.526607 0.542022 0.039221 -0.706176 0.546036 0.071839 5.306938 0.411316 0.447053 14.005897 -0.236011 0.935148 -10.014853 -0.620230 -1.100957 9.709849 8.714812 -13.671204 -17.548879 71.309015 25.458790 53.399699 17.506363 0.575639 14.330193 -5.800239 1.925493 7.204359 -8.697756 5.174135 -12.398669 -72.523175 -36.416468 60.153242 -26.094346 -5.736783 12.632279 5.404351 -5.591308 0.106227 -2.042486 2.271789 1.865354 -0.527255 -0.588137 -5.635055 0.058844 0.003051 -0.390900 2.057926 5.957192 -2.424814 -1.191277 -3.994088 1.005314 0.355146 1.032659 -2.119616 -0.665722 -0.002683 -0.865346 0.355231
-0.060187 0.958584 4.126443 5.095224 4.529858 0.781773 0.206859 -1.558815 1.216180 0.040721 -6.518344 0.544649 0.040404 -0.697913 0.548784 0.072933 5.313134 0.413391 0.410579 13.961033 -0.255079 0.874309 -10.098324 -0.642295 -1.099523 9.706329 8.695070 -13.563308 -17.581119 71.298641 25.451137 53.319263 17.473747 0.584157 14.328255 -5.787385 1.879581 7.243669 -8.706657 5.020155 -12.478275 -72.545941 -36.404818 59.993308 -25.981945 -5.732146 12.627342 5.438421 -5.596793 0.063191 -2.045234 2.249831 1.871710 -0.523476 -0.609524 -5.625265 0.051524 0.003271 -0.378455 2.058948 6.112920 -2.494190 -1.262981 -4.135626 1.050150 0.453861 0.970409 -2.087455 -0.714563 -0.002726 -0.878877 0.355365
-0.060251 0.958603 4.125969 5.137882 4.541196 0.791274 0.212959 -1.541112 1.224764 0.043024 -6.510452 0.548495 0.042693 -0.690022 0.552863 0.074960 5.319053 0.416470 0.373789 13.923190 -0.274022 0.812745 -10.168763 -0.663901 -1.097856 9.701824 8.675842 -13.462808 -17.614117 71.284187 25.428528 53.260443 17.436004 0.590025 14.329350 -5.768029 1.843692 7.272038 -8.717167 4.909784 -12.546519 -72.579670 -36.398386 59.837516 -25.876016 -5.726865 12.620176 5.472348 -5.606750 0.025193 -2.048668 2.237933 1.873409 -0.518149 -0.629279 -5.612113 0.046720 0.003471 -0.366861 2.058439 6.158537 -2.574802 -1.316563 -4.142694 1.120063 0.525870 0.894650 -2.074168 -0.744729 -0.002728 -0.887956 0.352055
-0.060260 0.958620 4.125494 5.169325 4.544404 0.797401 0.223666 -1.522552 1.237443 0.047198 -6.502163 0.554185 0.046840 -0.681733 0.558977 0.078538 5.325270 0.421085 0.336345 13.895627 -0.293916 0.750220 -10.220108 -0.686924 -1.096430 9.692363 8.655089 -13.376372 -17.648022 71.264740 25.392861 53.237348 17.395846 0.591222 14.336459 -5.736827 1.824893 7.280364 -8.731592 4.861921 -12.603672 -72.629442 -36.416105 59.703857 -25.803319 -5.721400 12.609553 5.502034 -5.629648 -0.001938 -2.056373 2.248326 1.866346 -0.509388 -0.647192 -5.592621 0.047318 0.003615 -0.357179 2.054747 6.000158 -2.683520 -1.343504 -3.896564 1.252729 0.557601 0.788378 -2.100611 -0.743989 -0.002663 -0.890827 0.342592
-0.060244 0.958633 4.125024 5.193538 4.544368 0.800553 0.237135 -1.504854 1.252820 0.052485 -6.494247 0.561091 0.052093 -0.673817 0.566420 0.083050 5.331208 0.426701 0.298574 13.875076 -0.313687 0.686961 -10.258436 -0.709505 -1.094759 9.681917 8.634845 -13.297339 -17.682627 71.241282 25.342167 53.235812 17.350654 0.589836 14.346608 -5.699088 1.816135 7.277777 -8.747674 4.857773 -12.649300 -72.690656 -36.438890 59.574191 -25.737196 -5.715343 12.596684 5.531585 -5.657021 -0.024032 -2.064731 2.268774 1.854622 -0.499066 -0.663475 -5.569764 0.050433 0.003739 -0.348350 2.049524 5.731571 -2.803800 -1.351520 -3.515910 1.410373 0.563869 0.668626 -2.145862 -0.724473 -0.002558 -0.889241 0.329684
-0.060276 0.958642 4.124600 5.211674 4.544508 0.800639 0.251271 -1.489995 1.267942 0.058086 -6.487590 0.567887 0.057659 -0.667161 0.573784 0.087790 5.336203 0.432258 0.264629 13.860415 -0.329445 0.629275 -10.285827 -0.725960 -1.095098 9.676214 8.622275 -13.231212 -17.716085 71.222420 25.280251 53.224338 17.292071 0.587299 14.352525 -5.676975 1.812508 7.273313 -8.761170 4.868944 -12.680238 -72.747806 -36.484012 59.457101 -25.696368 -5.711731 12.586776 5.557948 -5.671864 -0.045043 -2.065385 2.280916 1.846284 -0.492319 -0.677770 -5.550292 0.051150 0.003862 -0.339802 2.045075 5.511121 -2.885507 -1.346652 -3.216729 1.500883 0.560047 0.582934 -2.166623 -0.704471 -0.002445 -0.883293 0.317238
-0.060399 0.958639 4.124247 5.222057 4.544736 0.795019 0.267198 -1.478464 1.282995 0.064493 -6.482406 0.574659 0.064025 -0.661977 0.581207 0.093137 5.340093 0.437858 0.235007 13.853214 -0.340397 0.577780 -10.299365 -0.734986 -1.099504 9.676741 8.621762 -13.184145 -17.747544 71.210516 25.208646 53.189952 17.215887 0.583499 14.350465 -5.682650 1.813740 7.268441 -8.770412 4.889765 -12.694135 -72.797687 -36.561748 59.353992 -25.688630 -5.712231 12.582941 5.579896 -5.660675 -0.064588 -2.050972 2.274254 1.845304 -0.492719 -0.691157 -5.537954 0.047140 0.003994 -0.331206 2.042469 5.415312 -2.901236 -1.325619 -3.104076 1.477751 0.545753 0.556631 -2.144995 -0.688224 -0.002317 -0.869920 0.305219
