HIERARCHY
ROOT Hips
{
 OFFSET 0.000000 0.000000 0.000000
 CHANNELS 6 Xposition Yposition Zposition Yrotation Xrotation Zrotation
 JOINT Chest
 {
  OFFSET 0.000000 0.108577 -0.012064
  CHANNELS 3 Yrotation Xrotation Zrotation
  JOINT Chest2
  {
   OFFSET 0.000000 0.114566 0.000000
   CHANNELS 3 Yrotation Xrotation Zrotation
   JOINT Chest3
   {
    OFFSET 0.000000 0.104586 0.000080
    CHANNELS 3 Yrotation Xrotation Zrotation
    JOINT Chest4
    {
     OFFSET 0.000000 0.104469 0.000080
     CHANNELS 3 Yrotation Xrotation Zrotation
     JOINT Neck
     {
      OFFSET 0.000000 0.145826 0.000000
      CHANNELS 3 Yrotation Xrotation Zrotation
      JOINT Head
      {
       OFFSET 0.000000 0.094497 0.000047
       CHANNELS 3 Yrotation Xrotation Zrotation
       End Site
       {
        OFFSET 0.000000 0.173326 0.000036
       }
      }
     }
     JOINT RightCollar
     {
      OFFSET -0.031213 0.081695 0.000000
      CHANNELS 3 Yrotation Xrotation Zrotation
      JOINT RightShoulder
      {
       OFFSET -0.143577 0.000000 0.000000
       CHANNELS 3 Yrotation Xrotation Zrotation
       JOINT RightElbow
       {
        OFFSET -0.272032 0.000000 0.000000
        CHANNELS 3 Yrotation Xrotation Zrotation
        JOINT RightWrist
        {
         OFFSET -0.263092 0.000000 0.000091
         CHANNELS 3 Yrotation Xrotation Zrotation
         End Site
         {
          OFFSET -0.190430 0.000000 0.000000
         }
        }
       }
      }
     }
     JOINT LeftCollar
     {
      OFFSET 0.031213 0.081695 0.000000
      CHANNELS 3 Yrotation Xrotation Zrotation
      JOINT LeftShoulder
      {
       OFFSET 0.143577 0.000000 0.000000
       CHANNELS 3 Yrotation Xrotation Zrotation
       JOINT LeftElbow
       {
        OFFSET 0.272032 0.000000 0.000000
        CHANNELS 3 Yrotation Xrotation Zrotation
        JOINT LeftWrist
        {
         OFFSET 0.263092 0.000000 0.000091
         CHANNELS 3 Yrotation Xrotation Zrotation
         End Site
         {
          OFFSET 0.190430 0.000000 0.000000
         }
        }
       }
      }
     }
    }
   }
  }
 }
 JOINT RightHip
 {
  OFFSET -0.088949 -0.000184 0.000020
  CHANNELS 3 Yrotation Xrotation Zrotation
  JOINT RightKnee
  {
   OFFSET 0.000000 -0.415103 -0.000022
   CHANNELS 3 Yrotation Xrotation Zrotation
   JOINT RightAnkle
   {
    OFFSET 0.000000 -0.448133 -0.000277
    CHANNELS 3 Yrotation Xrotation Zrotation
    JOINT RightToe
    {
     OFFSET 0.000000 -0.076810 0.182379
     CHANNELS 3 Yrotation Xrotation Zrotation
     End Site
     {
      OFFSET 0.000000 -0.017923 0.081176
     }
    }
   }
  }
 }
 JOINT LeftHip
 {
  OFFSET 0.088949 -0.000208 0.000023
  CHANNELS 3 Yrotation Xrotation Zrotation
  JOINT LeftKnee
  {
   OFFSET 0.000000 -0.415103 -0.000022
   CHANNELS 3 Yrotation Xrotation Zrotation
   JOINT LeftAnkle
   {
    OFFSET 0.000000 -0.448133 -0.000277
    CHANNELS 3 Yrotation Xrotation Zrotation
    JOINT LeftToe
    {
     OFFSET 0.000000 -0.076810 0.182379
     CHANNELS 3 Yrotation Xrotation Zrotation
     End Site
     {
      OFFSET 0.000000 -0.017923 0.081176
     }
    }
   }
  }
 }
}
MOTION
Frames: 460
Frame Time: 0.016667
-0.052957 0.958047 -1.308669 8.197260 4.879078 -0.555010 0.411024 -1.161136 0.818350 0.147463 -6.341558 0.366951 0.146528 -0.521146 0.381921 0.139469 5.445843 0.287867 -1.361570 14.453442 0.872634 -2.894301 -9.151071 2.163820 -1.582427 10.066029 8.459481 -8.811021 -19.713354 74.462792 26.715632 53.284950 18.408646 0.570642 14.440948 -6.295028 -0.583569 7.754957 -7.096319 8.407399 -18.555032 -73.793537 -31.600892 61.112858 -22.851025 -5.945495 13.379767 3.878684 -7.958761 -1.901994 0.040143 0.884018 3.059891 -0.067975 -0.599399 -4.808734 0.030931 -0.008942 -0.969279 1.236993 3.891820 -3.213138 0.644188 -2.906457 2.403849 0.599326 -0.544386 -4.041737 -1.093755 -0.000000 0.000000 -0.000000
-0.052688 0.957919 -1.308043 8.213499 4.878810 -0.466285 0.416988 -1.225343 0.778018 0.151941 -6.370132 0.349006 0.150972 -0.549721 0.364431 0.141466 5.424417 0.274690 -1.272795 14.509375 0.862908 -2.722159 -9.050284 2.109708 -1.539808 10.087840 8.497742 -8.884646 -19.635570 74.442590 27.390293 53.478386 19.037302 0.645168 14.431627 -6.315429 -0.486052 7.804560 -7.140623 8.629943 -18.785990 -73.943689 -31.040333 61.170301 -22.345367 -5.835133 13.412437 4.101234 -7.457576 -1.785940 -0.051809 0.626210 2.915415 -0.109368 -0.871381 -4.869243 0.080915 -0.008000 -0.888271 1.229941 3.653569 -3.119995 0.565383 -2.744080 2.318038 0.594103 -0.479611 -4.007684 -1.102088 -0.000055 -0.050221 0.071734
-0.052541 0.957863 -1.307377 8.203563 4.866270 -0.408079 0.424858 -1.282255 0.756971 0.156421 -6.395438 0.339681 0.155418 -0.575027 0.355561 0.144129 5.405441 0.268010 -1.161462 14.573238 0.850659 -2.506620 -8.935370 2.042158 -1.479858 10.107937 8.537183 -8.881679 -19.576462 74.406601 27.823512 53.686458 19.475257 0.725486 14.431668 -6.279586 -0.395259 7.852630 -7.177029 8.959712 -18.976327 -74.199196 -30.275083 61.116996 -21.615876 -5.687615 13.424598 4.401267 -6.931102 -1.653573 -0.082896 0.213131 2.766840 -0.195872 -0.995633 -4.896297 0.102110 -0.007158 -0.816767 1.256368 3.375304 -3.002770 0.523114 -2.542142 2.212602 0.595562 -0.388828 -3.966576 -1.118007 -0.000203 -0.120082 0.170579
-0.052399 0.957838 -1.306722 8.177198 4.859820 -0.365900 0.434977 -1.342135 0.746118 0.161466 -6.422048 0.334926 0.160425 -0.601639 0.351319 0.147570 5.385486 0.264816 -1.049928 14.649230 0.837176 -2.290121 -8.797766 1.972128 -1.428783 10.116005 8.570695 -8.844645 -19.527577 74.384883 28.003173 53.893465 19.707290 0.783587 14.438365 -6.204091 -0.337659 7.882450 -7.197740 9.239397 -19.064176 -74.460923 -29.451860 60.907856 -20.820458 -5.518934 13.421506 4.735618 -6.527202 -1.521091 -0.106152 -0.105965 2.602500 -0.260848 -1.069843 -4.899041 0.115314 -0.006253 -0.751639 1.279484 3.209116 -2.879912 0.486498 -2.429888 2.082970 0.604106 -0.304442 -3.919135 -1.133948 -0.000376 -0.176751 0.244013
-0.052207 0.957851 -1.306096 8.130735 4.868258 -0.342088 0.450482 -1.410684 0.747092 0.168411 -6.452487 0.335489 0.167318 -0.632081 0.352587 0.152857 5.362658 0.265776 -0.944635 14.741109 0.822803 -2.084841 -8.630303 1.902701 -1.396415 10.103374 8.591897 -8.771913 -19.483620 74.388339 27.873741 54.104053 19.687934 0.805588 14.455089 -6.069712 -0.338538 7.883321 -7.192734 9.407640 -18.998868 -74.722151 -28.485348 60.421273 -19.872007 -5.301216 13.400161 5.149060 -6.298867 -1.397193 -0.136880 -0.245908 2.417981 -0.278210 -1.117213 -4.870459 0.129496 -0.005257 -0.695567 1.283947 3.234707 -2.750647 0.447153 -2.477660 1.910601 0.625952 -0.232358 -3.859113 -1.148031 -0.000465 -0.205384 0.266257
-0.052021 0.957895 -1.305481 8.067855 4.882786 -0.334321 0.468157 -1.482196 0.758308 0.175891 -6.484228 0.340649 0.174741 -0.663823 0.358506 0.158902 5.338855 0.270240 -0.839193 14.845158 0.807210 -1.878819 -8.440074 1.830989 -1.372882 10.078761 8.607064 -8.665265 -19.449819 74.406381 27.482555 54.314597 19.454816 0.805915 14.478767 -5.895124 -0.372757 7.865856 -7.172426 9.524053 -18.832386 -74.987784 -27.502589 59.773221 -18.899546 -5.065563 13.362537 5.597660 -6.192947 -1.273968 -0.160960 -0.292089 2.217876 -0.274574 -1.114498 -4.817672 0.135728 -0.004239 -0.645876 1.285118 3.372407 -2.615174 0.414270 -2.615182 1.714135 0.655640 -0.166679 -3.792748 -1.162093 -0.000500 -0.220822 0.263089
-0.051892 0.957902 -1.304875 8.009354 4.895368 -0.321109 0.478919 -1.549828 0.765816 0.180454 -6.514259 0.344127 0.179265 -0.693856 0.362448 0.162619 5.316333 0.273212 -0.736718 14.954290 0.790527 -1.678152 -8.240157 1.758636 -1.354888 10.057922 8.627978 -8.572194 -19.433732 74.436333 26.973523 54.495886 19.118797 0.798160 14.497155 -5.753807 -0.391052 7.845294 -7.159601 9.612094 -18.658474 -75.175359 -26.914015 59.288591 -18.335484 -4.908339 13.324563 5.902980 -6.198364 -1.141929 -0.188058 -0.251304 2.004682 -0.263692 -1.089785 -4.770920 0.127885 -0.003252 -0.591422 1.292272 3.535094 -2.493463 0.383879 -2.760696 1.544660 0.675840 -0.122069 -3.739514 -1.174200 -0.000531 -0.234766 0.259325
-0.051850 0.957842 -1.304261 7.961066 4.903473 -0.293788 0.478380 -1.614456 0.764035 0.180386 -6.542986 0.343411 0.179188 -0.722582 0.361724 0.162522 5.294788 0.272665 -0.631819 15.083587 0.774158 -1.473011 -8.002633 1.685977 -1.340020 10.047476 8.661621 -8.511644 -19.442871 74.481328 26.362477 54.644814 18.693073 0.786011 14.506630 -5.664558 -0.366283 7.820953 -7.161494 9.666292 -18.497096 -75.233853 -26.879995 59.076566 -18.360644 -4.866715 13.282414 5.979677 -6.379886 -0.989031 -0.224622 -0.074279 1.763202 -0.243821 -1.033557 -4.737710 0.096696 -0.002319 -0.533757 1.363294 3.723446 -2.390192 0.355576 -2.899514 1.416239 0.675912 -0.119192 -3.705174 -1.183277 -0.000579 -0.251509 0.264026
-0.051865 0.957744 -1.303655 7.917158 4.909650 -0.261010 0.470967 -1.675225 0.758548 0.177414 -6.570013 0.341007 0.176227 -0.749609 0.359019 0.160106 5.274516 0.270621 -0.529902 15.217927 0.756606 -1.273306 -7.755501 1.612611 -1.330762 10.040825 8.700971 -8.464607 -19.469751 74.537982 25.632847 54.761956 18.162580 0.765063 14.510841 -5.608771 -0.325483 7.793532 -7.170684 9.692427 -18.328514 -75.214742 -27.196210 59.035451 -18.753323 -4.897287 13.241793 5.911587 -6.672866 -0.827777 -0.265163 0.189656 1.508608 -0.217303 -0.955313 -4.710505 0.051539 -0.001380 -0.471335 1.440303 3.936801 -2.300547 0.329868 -3.046211 1.314692 0.666124 -0.137368 -3.683978 -1.190456 -0.000624 -0.266756 0.268129
-0.051903 0.957633 -1.303104 7.880928 4.913491 -0.227250 0.460848 -1.722702 0.752102 0.173260 -6.591139 0.338144 0.172094 -0.770733 0.355735 0.156762 5.258671 0.268141 -0.450276 15.304883 0.733395 -1.114313 -7.595877 1.538150 -1.331164 10.033882 8.736797 -8.421476 -19.499502 74.593540 24.885239 54.825659 17.600963 0.736455 14.507783 -5.603900 -0.300589 7.780324 -7.187939 9.731392 -18.186434 -75.189056 -27.689539 59.180836 -19.307400 -4.971385 13.234596 5.772767 -6.872127 -0.684985 -0.300385 0.386003 1.288980 -0.203711 -0.911663 -4.697010 0.014073 -0.000372 -0.388347 1.358914 4.086010 -2.230445 0.303709 -3.162877 1.248665 0.659984 -0.129232 -3.678141 -1.197143 -0.000656 -0.279326 0.269262
-0.051964 0.957505 -1.302625 7.853410 4.915097 -0.192476 0.448941 -1.752339 0.744142 0.168348 -6.604340 0.334575 0.167210 -0.783933 0.351667 0.152790 5.248768 0.265069 -0.406361 15.317788 0.700961 -1.019981 -7.573175 1.461017 -1.345544 10.027552 8.769728 -8.372750 -19.531885 74.646561 24.129157 54.810512 17.007011 0.697958 14.492911 -5.678237 -0.306816 7.793444 -7.217406 9.818305 -18.093063 -75.169062 -28.432489 59.589082 -20.077147 -5.105132 13.289921 5.553297 -6.887340 -0.571247 -0.324072 0.455431 1.123991 -0.215541 -0.935636 -4.704713 -0.007117 0.000538 -0.258258 0.961204 4.133145 -2.185073 0.274452 -3.238543 1.226860 0.662814 -0.069106 -3.692970 -1.203627 -0.000665 -0.286931 0.265434
-0.052048 0.957365 -1.302200 7.833566 4.914355 -0.156714 0.434299 -1.768690 0.735177 0.162244 -6.611641 0.330528 0.161144 -0.791233 0.347000 0.147881 5.243291 0.261546 -0.384707 15.283244 0.662572 -0.965759 -7.638235 1.381701 -1.369520 10.020927 8.799114 -8.327830 -19.567132 74.698408 23.361545 54.740943 16.388136 0.652495 14.469846 -5.803348 -0.329003 7.820711 -7.255094 9.918060 -18.026227 -75.142515 -29.388330 60.177583 -21.043586 -5.285629 13.377535 5.263630 -6.808717 -0.475480 -0.341457 0.457423 0.994006 -0.239964 -0.994213 -4.726151 -0.020761 0.000573 -0.107562 0.405104 4.116217 -2.159487 0.244474 -3.284205 1.240610 0.669082 0.017345 -3.723138 -1.209672 -0.000659 -0.291858 0.258636
-0.052124 0.957249 -1.301822 7.821582 4.910534 -0.124524 0.418277 -1.775949 0.729528 0.155376 -6.614900 0.327947 0.154320 -0.794489 0.343722 0.142509 5.240845 0.259068 -0.364324 15.228758 0.623912 -0.914028 -7.740267 1.302556 -1.394039 10.007147 8.813837 -8.305422 -19.591151 74.740508 22.662807 54.673141 15.830315 0.608542 14.449186 -5.911653 -0.353541 7.842987 -7.289608 9.966008 -17.952986 -75.143464 -30.193698 60.731886 -21.865156 -5.438472 13.441914 5.007831 -6.701813 -0.391618 -0.359692 0.415741 0.888101 -0.258084 -1.044951 -4.746656 -0.031256 -0.000000 0.000000 0.000000 4.060004 -2.144515 0.218131 -3.294920 1.272550 0.676063 0.100456 -3.754927 -1.215877 -0.000660 -0.299778 0.252467
-0.052178 0.957176 -1.301500 7.818400 4.900422 -0.097766 0.400706 -1.770794 0.729767 0.147557 -6.612636 0.327982 0.146553 -0.792223 0.342963 0.136622 5.242540 0.258485 -0.339431 15.151982 0.584730 -0.853868 -7.883713 1.220933 -1.417766 9.979200 8.806310 -8.312786 -19.598511 74.772891 22.051106 54.614591 15.351668 0.564221 14.433215 -5.985184 -0.377563 7.852766 -7.316815 9.916217 -17.861762 -75.187643 -30.662163 61.189136 -22.365268 -5.532600 13.456906 4.829653 -6.566985 -0.319701 -0.383199 0.315157 0.810641 -0.260755 -1.072595 -4.762487 -0.038842 -0.000169 0.028777 -0.100657 3.937752 -2.143133 0.197420 -3.243060 1.332280 0.683581 0.178968 -3.787717 -1.222431 -0.000681 -0.314780 0.248004
-0.052224 0.957127 -1.301224 7.823072 4.887217 -0.074582 0.381737 -1.756541 0.733305 0.138967 -6.606327 0.329476 0.138021 -0.785912 0.343585 0.130267 5.247268 0.258944 -0.315768 15.055283 0.545263 -0.796007 -8.064091 1.139338 -1.441981 9.944031 8.784180 -8.342610 -19.594707 74.795431 21.506932 54.560239 14.933139 0.521012 14.420015 -6.042032 -0.403942 7.857570 -7.340797 9.814458 -17.764328 -75.259523 -30.950383 61.619395 -22.692082 -5.597202 13.449880 4.684944 -6.403829 -0.259619 -0.407444 0.170843 0.757230 -0.256882 -1.092411 -4.777391 -0.043249 -0.000070 0.014390 -0.050328 3.776254 -2.152441 0.180346 -3.156252 1.410205 0.691755 0.254139 -3.822133 -1.229163 -0.000709 -0.332774 0.244168
-0.052273 0.957093 -1.300954 7.832950 4.879802 -0.053946 0.363218 -1.747339 0.736731 0.130588 -6.602263 0.330929 0.129699 -0.781846 0.344187 0.124068 5.250313 0.259386 -0.289725 14.973270 0.511890 -0.735650 -8.217099 1.067946 -1.461571 9.915720 8.759155 -8.391748 -19.582098 74.799308 21.049006 54.549422 14.600021 0.491577 14.414641 -6.068819 -0.427627 7.860843 -7.362437 9.733599 -17.662575 -75.346128 -31.178061 62.013869 -22.959819 -5.645245 13.446560 4.545162 -6.276780 -0.205293 -0.426458 0.052138 0.703777 -0.254709 -1.107732 -4.787937 -0.048085 0.000000 0.000000 0.000000 3.680569 -2.154287 0.165295 -3.112442 1.460142 0.698437 0.300063 -3.846340 -1.236009 -0.000731 -0.347163 0.241325
-0.052330 0.957076 -1.300669 7.848209 4.882627 -0.036250 0.345304 -1.749052 0.739768 0.122510 -6.603050 0.332221 0.121673 -0.782632 0.344659 0.118086 5.249720 0.259731 -0.259930 14.915913 0.486334 -0.670822 -8.324232 1.009412 -1.472335 9.900322 8.732582 -8.460676 -19.557222 74.775680 20.706544 54.602508 14.382559 0.485128 14.421854 -6.049981 -0.449083 7.862479 -7.381338 9.694239 -17.550886 -75.451993 -31.337118 62.363610 -23.159193 -5.671874 13.459544 4.408377 -6.210615 -0.155473 -0.436745 -0.018499 0.641562 -0.258057 -1.116831 -4.791235 -0.054679 0.000000 -0.000000 -0.000000 3.706415 -2.139632 0.151450 -3.150863 1.458834 0.704142 0.299079 -3.854111 -1.243396 -0.000742 -0.354780 0.239620
-0.052390 0.957072 -1.300390 7.868683 4.891239 -0.021098 0.327847 -1.755816 0.742702 0.114647 -6.606081 0.333474 0.113861 -0.785661 0.345114 0.112262 5.247443 0.260062 -0.227834 14.873254 0.466835 -0.603749 -8.403994 0.961137 -1.478494 9.891802 8.703068 -8.548892 -19.523634 74.733311 20.447901 54.701254 14.248082 0.492192 14.437425 -6.001119 -0.467833 7.862608 -7.397900 9.675673 -17.434763 -75.572440 -31.429264 62.678080 -23.292909 -5.681330 13.476214 4.276042 -6.180523 -0.111537 -0.441973 -0.063520 0.579304 -0.263168 -1.121436 -4.790175 -0.061701 -0.000000 0.000000 0.000000 3.798049 -2.117361 0.139677 -3.232285 1.429519 0.708442 0.268838 -3.851691 -1.250825 -0.000748 -0.358791 0.238910
-0.052452 0.957063 -1.300136 7.891209 4.901159 -0.006283 0.312243 -1.764190 0.742979 0.107720 -6.609828 0.333546 0.106978 -0.789406 0.344482 0.107053 5.244631 0.259576 -0.194139 14.850006 0.454536 -0.536168 -8.447621 0.925526 -1.487599 9.886126 8.678176 -8.651798 -19.494208 74.689821 20.199566 54.826669 14.126427 0.497378 14.452829 -5.955548 -0.477421 7.865047 -7.414225 9.688998 -17.332417 -75.680508 -31.600448 62.974919 -23.503835 -5.700643 13.484188 4.124909 -6.176574 -0.071418 -0.447009 -0.080944 0.519052 -0.266994 -1.130059 -4.789992 -0.068774 -0.000000 0.000000 0.000000 3.893331 -2.096175 0.130850 -3.316968 1.395759 0.707763 0.236396 -3.845961 -1.256812 -0.000756 -0.362097 0.239127
-0.052517 0.957038 -1.299914 7.917042 4.912036 0.010114 0.297683 -1.775857 0.738296 0.101467 -6.615041 0.331405 0.100766 -0.794618 0.341707 0.102180 5.240719 0.257477 -0.155999 14.857469 0.452717 -0.463930 -8.434138 0.907602 -1.501006 9.882176 8.660644 -8.774231 -19.472063 74.650293 19.945367 54.994086 14.007159 0.496244 14.465670 -5.921130 -0.475715 7.872206 -7.430324 9.757263 -17.251408 -75.769884 -31.930867 63.268636 -23.875042 -5.741576 13.476186 3.931966 -6.213003 -0.033027 -0.454971 -0.054297 0.457305 -0.267231 -1.146178 -4.792607 -0.076233 -0.000000 0.000000 -0.000000 3.981528 -2.078646 0.126004 -3.399302 1.362078 0.697175 0.206315 -3.837145 -1.259833 -0.000769 -0.366037 0.240866
-0.052583 0.957008 -1.299718 7.944930 4.924220 0.026177 0.284979 -1.789132 0.730952 0.096152 -6.620967 0.328082 0.095485 -0.800544 0.337845 0.097920 5.236272 0.254559 -0.116279 14.884322 0.458130 -0.391311 -8.384585 0.902501 -1.517365 9.881081 8.647724 -8.911335 -19.454092 74.609628 19.700795 55.188385 13.899601 0.493271 14.478282 -5.889990 -0.464845 7.881694 -7.446177 9.857541 -17.183947 -75.846670 -32.347131 63.543638 -24.329897 -5.792325 13.459157 3.720414 -6.275575 0.001518 -0.462780 -0.000060 0.397574 -0.266284 -1.166314 -4.796102 -0.083747 -0.000000 0.000000 -0.000000 4.073380 -2.062219 0.124090 -3.484888 1.323949 0.681602 0.174034 -3.825015 -1.261416 -0.000785 -0.369272 0.243532
-0.052649 0.956982 -1.299556 7.967945 4.934295 0.038358 0.277954 -1.795525 0.725284 0.093277 -6.623825 0.325525 0.092629 -0.803401 0.334995 0.095558 5.234128 0.252409 -0.084254 14.901359 0.462089 -0.332656 -8.353196 0.897683 -1.540165 9.882173 8.638758 -9.044013 -19.443791 74.570303 19.439908 55.344082 13.763683 0.486396 14.488962 -5.871802 -0.444750 7.890133 -7.463845 9.932078 -17.125267 -75.902642 -32.766033 63.772707 -24.772770 -5.844653 13.442231 3.536452 -6.311642 0.028024 -0.465967 0.034317 0.352428 -0.268105 -1.188542 -4.799950 -0.089950 -0.000000 -0.000000 -0.000000 4.138963 -2.047965 0.122809 -3.550814 1.291366 0.672216 0.152927 -3.815767 -1.264640 -0.000793 -0.370689 0.245276
-0.052714 0.956965 -1.299430 7.982660 4.940271 0.045146 0.279525 -1.790798 0.722863 0.094069 -6.621723 0.324444 0.093416 -0.801299 0.333995 0.096069 5.235705 0.251657 -0.065139 14.897742 0.462097 -0.296873 -8.360074 0.890490 -1.574215 9.884818 8.634934 -9.169027 -19.445150 74.530919 19.152636 55.440863 13.585825 0.473504 14.497809 -5.872866 -0.410771 7.896946 -7.486479 9.947738 -17.078962 -75.921022 -33.197494 63.944721 -25.220715 -5.888179 13.429354 3.410243 -6.294261 0.042824 -0.461583 0.027084 0.331887 -0.276160 -1.214847 -4.805735 -0.093849 0.000000 -0.000000 0.000000 4.161046 -2.034833 0.120777 -3.586399 1.267189 0.674976 0.152662 -3.812433 -1.271211 -0.000789 -0.368903 0.245050
-0.052778 0.956952 -1.299338 7.992499 4.944144 0.048045 0.286771 -1.779187 0.722122 0.097300 -6.616552 0.324131 0.096627 -0.796129 0.334010 0.098476 5.239585 0.251674 -0.053733 14.884314 0.460604 -0.275042 -8.385113 0.883464 -1.614705 9.889653 8.635088 -9.289706 -19.454186 74.493084 18.849964 55.498519 13.380947 0.456715 14.504499 -5.886885 -0.367589 7.902737 -7.510950 9.937770 -17.041547 -75.918711 -33.627533 64.070837 -25.652390 -5.932796 13.416849 3.311645 -6.250361 0.049596 -0.452568 -0.000014 0.325926 -0.286915 -1.243248 -4.811871 -0.096431 -0.000000 0.000000 -0.000000 4.156864 -2.023902 0.119363 -3.602338 1.248573 0.683910 0.163571 -3.811981 -1.279418 -0.000778 -0.365299 0.243901
-0.052838 0.956945 -1.299280 8.000811 4.948482 0.048024 0.294758 -1.764913 0.722690 0.100802 -6.610195 0.324404 0.100107 -0.789773 0.334638 0.101132 5.244354 0.252153 -0.043697 14.864405 0.456307 -0.254762 -8.422193 0.871734 -1.650703 9.897912 8.635034 -9.396823 -19.462381 74.463806 18.538239 55.511370 13.152915 0.440279 14.506691 -5.904615 -0.329146 7.905883 -7.529901 9.943912 -16.997656 -75.938059 -33.931550 64.159270 -25.909070 -6.000619 13.402582 3.196365 -6.208105 0.055188 -0.443267 -0.029184 0.317047 -0.293763 -1.265873 -4.813069 -0.099299 -0.000000 0.000000 -0.000000 4.148202 -2.019436 0.120412 -3.607793 1.236962 0.692281 0.170019 -3.811524 -1.287206 -0.000770 -0.362922 0.243121
-0.052892 0.956944 -1.299266 8.009938 4.954389 0.044990 0.302419 -1.747794 0.725535 0.104060 -6.602572 0.325691 0.103345 -0.782150 0.336256 0.103683 5.250072 0.253377 -0.031268 14.835939 0.446180 -0.227839 -8.475219 0.848210 -1.678350 9.911605 8.631219 -9.488767 -19.466600 74.451514 18.206850 55.463436 12.884821 0.424971 14.500407 -5.927488 -0.302915 7.903967 -7.539935 9.969551 -16.935773 -75.989343 -34.145159 64.251103 -25.996675 -6.113772 13.383538 3.031888 -6.172556 0.062014 -0.435522 -0.059225 0.297699 -0.293198 -1.280726 -4.805805 -0.103000 -0.000000 0.000000 0.000000 4.130115 -2.025530 0.124492 -3.595067 1.235867 0.698869 0.167096 -3.809948 -1.294287 -0.000772 -0.363506 0.243272
-0.052942 0.956947 -1.299285 8.017538 4.960762 0.039036 0.310824 -1.728015 0.729691 0.107590 -6.593765 0.327564 0.106853 -0.773343 0.338488 0.106484 5.256679 0.255064 -0.020215 14.800999 0.433229 -0.202455 -8.540266 0.819933 -1.701509 9.928722 8.627196 -9.567140 -19.469882 74.447779 17.869028 55.370053 12.596627 0.410116 14.489581 -5.953988 -0.281412 7.899380 -7.544454 10.011125 -16.867302 -76.062204 -34.229251 64.306400 -25.905744 -6.249792 13.362410 2.850678 -6.138651 0.067658 -0.427495 -0.091338 0.275430 -0.288727 -1.289803 -4.793605 -0.106992 -0.000000 -0.000000 -0.000000 4.107544 -2.038085 0.131038 -3.571856 1.241773 0.704891 0.159711 -3.808370 -1.300950 -0.000777 -0.365317 0.243792
-0.052996 0.956950 -1.299306 8.019936 4.966854 0.031407 0.318244 -1.710347 0.731884 0.110767 -6.585899 0.328557 0.110011 -0.765478 0.339803 0.108950 5.262579 0.256060 -0.015499 14.769146 0.425231 -0.190795 -8.599500 0.803316 -1.720827 9.944475 8.629403 -9.627509 -19.472990 74.434207 17.565657 55.273153 12.346238 0.397664 14.483909 -5.970494 -0.256126 7.897690 -7.546285 10.099880 -16.811094 -76.168028 -33.948225 64.211720 -25.455301 -6.363291 13.345968 2.705381 -6.119354 0.071739 -0.418008 -0.111330 0.255394 -0.284271 -1.291218 -4.781749 -0.111246 0.000000 0.000000 0.000000 4.117100 -2.049084 0.140177 -3.570403 1.245581 0.707256 0.146969 -3.807256 -1.306017 -0.000781 -0.366197 0.244277
-0.053056 0.956949 -1.299315 8.013752 4.972715 0.020982 0.325353 -1.696620 0.731116 0.113936 -6.579787 0.328227 0.113160 -0.759367 0.339794 0.111308 5.267164 0.256059 -0.020355 14.740260 0.425357 -0.200150 -8.653111 0.805556 -1.737449 9.955868 8.643412 -9.661424 -19.475950 74.394381 17.315212 55.199205 12.163225 0.378069 14.499349 -5.975914 -0.228447 7.905712 -7.544222 10.272553 -16.769386 -76.333671 -33.159366 63.893804 -24.498047 -6.448654 13.342921 2.596891 -6.120122 0.073919 -0.405923 -0.116687 0.239153 -0.279972 -1.278563 -4.771797 -0.116822 -0.000000 -0.000000 0.000000 4.185980 -2.053594 0.154467 -3.609245 1.239557 0.702141 0.123184 -3.805455 -1.307721 -0.000779 -0.364914 0.244642
-0.053119 0.956948 -1.299326 8.002364 4.978293 0.008880 0.331473 -1.685004 0.728378 0.116750 -6.574618 0.327014 0.115957 -0.754198 0.338867 0.113332 5.271043 0.255366 -0.031543 14.714457 0.430480 -0.223269 -8.700920 0.819571 -1.750209 9.965906 8.663638 -9.677334 -19.478775 74.344639 17.098233 55.122561 12.017141 0.360730 14.520072 -5.971479 -0.196974 7.916612 -7.539456 10.492335 -16.739233 -76.532356 -32.053535 63.413436 -23.226867 -6.510739 13.345013 2.523567 -6.135500 0.074555 -0.392378 -0.109923 0.225147 -0.275686 -1.258247 -4.762187 -0.122657 0.000000 -0.000000 -0.000000 4.286988 -2.056597 0.171329 -3.669843 1.231430 0.693366 0.094042 -3.804118 -1.307830 -0.000775 -0.362699 0.244972
-0.053187 0.956944 -1.299343 7.992239 4.982682 -0.000297 0.332838 -1.674782 0.723386 0.117551 -6.570077 0.324776 0.116754 -0.749658 0.336711 0.113759 5.274449 0.253743 -0.044300 14.701643 0.438947 -0.250521 -8.724567 0.840394 -1.756279 9.978801 8.679777 -9.696155 -19.482228 74.315703 16.897813 55.007301 11.874905 0.375965 14.508240 -5.946834 -0.149036 7.915484 -7.538432 10.680487 -16.732308 -76.695130 -30.883045 62.862027 -21.959675 -6.521013 13.333940 2.534657 -6.162085 0.074319 -0.379617 -0.084374 0.213844 -0.274919 -1.247600 -4.753519 -0.125539 -0.000000 0.000000 0.000000 4.375147 -2.064927 0.183170 -3.728821 1.235292 0.689297 0.075694 -3.807158 -1.310465 -0.000772 -0.361088 0.245121
-0.053253 0.956937 -1.299373 7.985485 4.985711 -0.003291 0.326825 -1.665219 0.716074 0.115173 -6.565843 0.321475 0.114392 -0.745423 0.333168 0.111710 5.277624 0.251073 -0.056356 14.705802 0.449708 -0.277210 -8.716680 0.865153 -1.749663 9.997821 8.688034 -9.731369 -19.491554 74.326605 16.701758 54.878901 11.713090 0.429534 14.443626 -5.908763 -0.064254 7.890093 -7.547414 10.820265 -16.760638 -76.804948 -29.631210 62.214025 -20.724756 -6.452708 13.294296 2.680703 -6.208553 0.074101 -0.369406 -0.022620 0.203278 -0.281345 -1.258520 -4.745018 -0.121448 0.000000 0.000000 0.000000 4.436271 -2.082274 0.183910 -3.781091 1.258769 0.694827 0.075789 -3.817037 -1.317815 -0.000773 -0.360769 0.245378
-0.053324 0.956927 -1.299409 7.979995 4.987553 -0.003360 0.316055 -1.657051 0.706507 0.110779 -6.562239 0.317150 0.110028 -0.741818 0.328397 0.108064 5.280326 0.247474 -0.069963 14.722964 0.463795 -0.307970 -8.684602 0.896654 -1.736366 10.019684 8.692185 -9.769457 -19.501435 74.358320 16.523160 54.711825 11.555932 0.515481 14.346469 -5.850073 0.036966 7.852660 -7.560207 10.928747 -16.812878 -76.879068 -28.331872 61.493715 -19.511890 -6.337512 13.240240 2.912656 -6.266229 0.073010 -0.359976 0.057921 0.195429 -0.291298 -1.279108 -4.737460 -0.114410 -0.000000 0.000000 -0.000000 4.484548 -2.104898 0.179627 -3.831740 1.294243 0.705040 0.086681 -3.831292 -1.327692 -0.000773 -0.361054 0.245453
-0.053429 0.956922 -1.299447 7.975909 4.987828 -0.005666 0.304631 -1.651766 0.694592 0.106197 -6.559918 0.311775 0.105477 -0.739496 0.322556 0.104195 5.282066 0.243070 -0.087134 14.751109 0.482665 -0.347124 -8.632048 0.938393 -1.731574 10.038777 8.693288 -9.790815 -19.496816 74.384466 16.384704 54.393614 11.443779 0.646132 14.239564 -5.739122 0.106120 7.824948 -7.564489 10.977945 -16.866433 -76.899846 -27.244444 60.881893 -18.515566 -6.232134 13.198555 3.129998 -6.305688 0.069034 -0.348273 0.111643 0.196671 -0.297258 -1.291006 -4.733780 -0.113280 -0.000000 0.000000 0.000000 4.517542 -2.128463 0.180984 -3.872660 1.332939 0.713591 0.101579 -3.846458 -1.337648 -0.000771 -0.361418 0.244328
-0.053584 0.956924 -1.299496 7.974035 4.988166 -0.012804 0.294025 -1.649474 0.679234 0.102128 -6.558929 0.304865 0.101435 -0.738506 0.315234 0.100593 5.282807 0.237550 -0.111282 14.790355 0.510570 -0.402665 -8.558717 0.999611 -1.741704 10.052990 8.692859 -9.776922 -19.469259 74.389819 16.292498 53.839175 11.391413 0.852837 14.121805 -5.544665 0.115596 7.818334 -7.554568 10.938963 -16.914398 -76.853818 -26.404704 60.427128 -17.750029 -6.147090 13.177193 3.313509 -6.312273 0.056746 -0.332474 0.113526 0.213429 -0.295066 -1.283536 -4.736062 -0.122716 -0.000000 0.000000 -0.000000 4.530089 -2.156141 0.192963 -3.900365 1.375144 0.717775 0.121020 -3.861529 -1.346712 -0.000762 -0.361961 0.241360
-0.053772 0.956930 -1.299546 7.973565 4.986935 -0.022180 0.282768 -1.650063 0.661530 0.097871 -6.559222 0.296907 0.097207 -0.738799 0.306843 0.096769 5.282587 0.231225 -0.138949 14.840628 0.543224 -0.466435 -8.464792 1.070913 -1.760340 10.064449 8.689382 -9.746261 -19.427270 74.389561 16.239898 53.133953 11.384353 1.101493 13.993110 -5.296708 0.093031 7.821500 -7.536058 10.840476 -16.963542 -76.754113 -25.729901 60.089723 -17.156332 -6.068596 13.168735 3.481849 -6.300649 0.041557 -0.314408 0.088584 0.239258 -0.288892 -1.267376 -4.742217 -0.138061 0.000000 0.000000 -0.000000 4.527338 -2.184761 0.210602 -3.918351 1.420567 0.720294 0.144468 -3.877507 -1.355859 -0.000751 -0.362582 0.237192
-0.053968 0.956935 -1.299556 7.972214 4.978855 -0.031179 0.270555 -1.654687 0.644678 0.093159 -6.561308 0.289329 0.092526 -0.740884 0.298787 0.092633 5.281022 0.225151 -0.161866 14.899582 0.569274 -0.518630 -8.354815 1.127882 -1.783421 10.073892 8.679368 -9.734709 -19.381210 74.402856 16.229362 52.421407 11.417882 1.307091 13.878369 -5.056298 0.072775 7.822125 -7.513516 10.740778 -17.011870 -76.622991 -25.267484 59.923970 -16.785095 -6.012865 13.178541 3.590529 -6.285364 0.037721 -0.296483 0.066260 0.261217 -0.283690 -1.256194 -4.748917 -0.154191 0.000000 0.000000 0.000000 4.522322 -2.200493 0.229649 -3.928990 1.459563 0.722959 0.163526 -3.893936 -1.365551 -0.000736 -0.362457 0.232730
-0.054169 0.956939 -1.299498 7.970118 4.960390 -0.039267 0.256734 -1.665816 0.629329 0.087679 -6.566286 0.282422 0.087081 -0.745861 0.291324 0.087971 5.277288 0.219522 -0.176582 14.976733 0.585755 -0.551569 -8.211207 1.163585 -1.812384 10.079101 8.658793 -9.762601 -19.330905 74.440404 16.252392 51.695351 11.492249 1.438436 13.782614 -4.824448 0.066935 7.815515 -7.488144 10.650916 -17.060379 -76.452315 -25.082813 60.006056 -16.710477 -5.992537 13.217912 3.602682 -6.271438 0.053688 -0.278679 0.057724 0.273038 -0.281238 -1.256303 -4.754607 -0.170062 -0.000000 -0.000000 0.000000 4.522781 -2.195195 0.249117 -3.934812 1.486748 0.727784 0.172813 -3.910843 -1.376932 -0.000718 -0.360808 0.228028
-0.054378 0.956941 -1.299399 7.967146 4.935077 -0.046977 0.241965 -1.680981 0.614829 0.081746 -6.573057 0.275894 0.081186 -0.752631 0.284193 0.082997 5.272209 0.214143 -0.186562 15.062522 0.595597 -0.572984 -8.051671 1.184930 -1.845777 10.082270 8.631655 -9.809561 -19.276392 74.491347 16.312448 50.961892 11.602237 1.526480 13.701058 -4.601556 0.063361 7.806353 -7.458739 10.559554 -17.107863 -76.250257 -25.100709 60.262900 -16.847394 -5.994556 13.276388 3.555074 -6.253840 0.081007 -0.261000 0.051806 0.280988 -0.279743 -1.261390 -4.760847 -0.186716 0.000000 0.000000 0.000000 4.520990 -2.177007 0.269988 -3.933282 1.507508 0.732779 0.177710 -3.928205 -1.388851 -0.000698 -0.358413 0.223033
-0.054569 0.956940 -1.299298 7.960607 4.908240 -0.053283 0.227902 -1.693927 0.602423 0.076036 -6.578838 0.270302 0.075513 -0.758411 0.278022 0.078264 5.267872 0.209487 -0.193980 15.125952 0.596331 -0.586417 -7.933780 1.188453 -1.875210 10.090741 8.606507 -9.850431 -19.228368 74.542594 16.431240 50.382768 11.735185 1.583650 13.645251 -4.448527 0.060017 7.796309 -7.426237 10.491647 -17.149633 -76.063751 -25.157450 60.524502 -17.007164 -5.996454 13.326733 3.513727 -6.232045 0.108600 -0.245885 0.044435 0.290932 -0.278768 -1.266195 -4.768991 -0.202163 -0.000000 -0.000000 -0.000000 4.506793 -2.156518 0.290944 -3.919175 1.528357 0.733752 0.185959 -3.945494 -1.398328 -0.000680 -0.356781 0.218493
-0.054740 0.956933 -1.299204 7.949162 4.881280 -0.057879 0.216201 -1.701572 0.592712 0.071255 -6.582257 0.265920 0.070763 -0.761830 0.273155 0.074325 5.265306 0.205814 -0.201315 15.152548 0.585273 -0.595696 -7.884419 1.170246 -1.902155 10.108859 8.586949 -9.883080 -19.191197 74.592205 16.641883 50.034197 11.901201 1.610214 13.626659 -4.398650 0.054762 7.784818 -7.390228 10.462241 -17.186191 -75.905314 -25.225451 60.758006 -17.151860 -5.993300 13.360379 3.492578 -6.200944 0.132621 -0.233644 0.030159 0.306041 -0.278749 -1.269434 -4.780581 -0.215470 0.000000 0.000000 -0.000000 4.473043 -2.136210 0.312704 -3.889173 1.550293 0.727865 0.202772 -3.961873 -1.403894 -0.000668 -0.356570 0.214600
-0.054893 0.956922 -1.299108 7.934149 4.852797 -0.061066 0.205203 -1.706998 0.585094 0.066696 -6.584688 0.262475 0.066234 -0.764260 0.269247 0.070624 5.263482 0.202865 -0.206121 15.156755 0.565180 -0.597119 -7.876762 1.134417 -1.925157 10.132280 8.569374 -9.909687 -19.160555 74.642225 16.913054 49.839419 12.091190 1.609296 13.634805 -4.418634 0.049738 7.772454 -7.351119 10.456494 -17.217379 -75.762476 -25.332393 60.996097 -17.319442 -5.989771 13.385832 3.477648 -6.165649 0.156919 -0.223956 0.014428 0.323142 -0.279251 -1.272388 -4.794076 -0.227569 -0.000000 0.000000 -0.000000 4.426888 -2.113577 0.334505 -3.846599 1.572326 0.717953 0.222933 -3.978178 -1.407022 -0.000658 -0.357124 0.211162
-0.055018 0.956913 -1.299012 7.916890 4.823920 -0.062734 0.191583 -1.713198 0.579007 0.060910 -6.587465 0.259706 0.060486 -0.767036 0.265890 0.066052 5.261398 0.200329 -0.203205 15.150956 0.541764 -0.582963 -7.887806 1.089578 -1.931458 10.155319 8.551552 -9.911616 -19.134256 74.685712 17.172273 49.730995 12.265578 1.598900 13.648474 -4.468969 0.049362 7.762601 -7.311073 10.454820 -17.237736 -75.644755 -25.386739 61.167959 -17.425646 -5.976718 13.401249 3.493063 -6.140967 0.181960 -0.218350 0.009528 0.338589 -0.278544 -1.273640 -4.806201 -0.239266 0.000000 -0.000000 0.000000 4.379609 -2.091728 0.352812 -3.796192 1.597982 0.708337 0.238541 -3.996380 -1.409141 -0.000651 -0.357979 0.208345
-0.055106 0.956907 -1.298915 7.896972 4.794204 -0.061580 0.172726 -1.720364 0.574113 0.052750 -6.590676 0.257451 0.052378 -0.770247 0.262806 0.059732 5.258987 0.197995 -0.190566 15.133720 0.515813 -0.549785 -7.920210 1.036454 -1.910589 10.177000 8.533897 -9.877897 -19.111186 74.719029 17.403094 49.703606 12.412969 1.582665 13.660217 -4.556859 0.058557 7.758028 -7.269846 10.451475 -17.244735 -75.559128 -25.329430 61.223895 -17.411500 -5.947045 13.401599 3.560685 -6.137268 0.209039 -0.219549 0.025516 0.350680 -0.275329 -1.272567 -4.816144 -0.251189 -0.000000 0.000000 0.000000 4.335258 -2.070884 0.365087 -3.738158 1.629399 0.699984 0.246261 -4.017646 -1.410503 -0.000648 -0.359344 0.206583
-0.055165 0.956904 -1.298818 7.874806 4.764095 -0.058903 0.151246 -1.728305 0.570747 0.043362 -6.594234 0.255869 0.043052 -0.773804 0.260272 0.052541 5.256316 0.196073 -0.170171 15.106467 0.486595 -0.500941 -7.971303 0.974376 -1.873010 10.198297 8.516059 -9.819550 -19.092562 74.745928 17.624473 49.762846 12.547107 1.556610 13.677691 -4.675114 0.072405 7.755970 -7.227675 10.452363 -17.240978 -75.498696 -25.215947 61.213819 -17.333013 -5.907676 13.391697 3.658606 -6.144185 0.236860 -0.224872 0.052338 0.361122 -0.270905 -1.269793 -4.824717 -0.262710 0.000000 0.000000 0.000000 4.289781 -2.050843 0.373867 -3.672290 1.664442 0.691942 0.249427 -4.040811 -1.410850 -0.000647 -0.361012 0.205442
-0.055219 0.956906 -1.298734 7.852947 4.736056 -0.058497 0.131670 -1.739438 0.569371 0.034740 -6.599206 0.255185 0.034487 -0.778776 0.258712 0.045996 5.252584 0.194886 -0.142790 15.085878 0.457499 -0.438972 -8.010045 0.909819 -1.837342 10.216447 8.494675 -9.750935 -19.079718 74.770558 17.815799 49.858039 12.664839 1.527193 13.701889 -4.762626 0.080557 7.751508 -7.187448 10.455351 -17.228625 -75.452181 -25.124186 61.216684 -17.276147 -5.870300 13.384585 3.745322 -6.145419 0.262008 -0.227735 0.072120 0.371380 -0.267424 -1.265774 -4.831088 -0.272756 0.000000 -0.000000 -0.000000 4.242299 -2.034082 0.383257 -3.602698 1.700221 0.685644 0.250149 -4.064354 -1.410843 -0.000644 -0.361896 0.203784
-0.055272 0.956918 -1.298667 7.831270 4.710360 -0.062176 0.115111 -1.754673 0.570808 0.027346 -6.605997 0.255772 0.027140 -0.785566 0.258548 0.040476 5.247488 0.194751 -0.106223 15.077035 0.428386 -0.359679 -8.027005 0.841665 -1.810264 10.229353 8.465713 -9.668526 -19.072348 74.793139 17.961937 49.965038 12.761563 1.499361 13.731883 -4.782663 0.080307 7.739874 -7.150318 10.461755 -17.205629 -75.417862 -25.069081 61.258041 -17.260227 -5.835773 13.385262 3.810593 -6.131576 0.283971 -0.225278 0.074737 0.381742 -0.266213 -1.259373 -4.834174 -0.280480 -0.000000 0.000000 0.000000 4.188853 -2.019504 0.395328 -3.526096 1.733464 0.681535 0.248978 -4.086642 -1.410313 -0.000635 -0.361835 0.200948
-0.055319 0.956936 -1.298613 7.809904 4.686730 -0.068130 0.100448 -1.773092 0.574244 0.020715 -6.614200 0.257260 0.020552 -0.793768 0.259363 0.035600 5.241333 0.195354 -0.062670 15.074880 0.399402 -0.267297 -8.031534 0.771077 -1.785076 10.239110 8.433212 -9.575886 -19.070781 74.813516 18.078323 50.108162 12.842312 1.468534 13.768331 -4.771798 0.074349 7.725831 -7.115140 10.470285 -17.174082 -75.397489 -25.035739 61.312341 -17.265900 -5.803214 13.388865 3.864665 -6.112046 0.303264 -0.220334 0.070313 0.391918 -0.265948 -1.251727 -4.835058 -0.286729 0.000000 0.000000 -0.000000 4.133403 -2.008192 0.408019 -3.445765 1.767441 0.679180 0.245364 -4.109308 -1.409425 -0.000622 -0.360990 0.197594
-0.055362 0.956951 -1.298577 7.791781 4.666794 -0.074727 0.088866 -1.794367 0.577692 0.015454 -6.623668 0.258765 0.015326 -0.803237 0.260335 0.031759 5.234229 0.196076 -0.019541 15.080896 0.374330 -0.177125 -8.020792 0.707926 -1.760336 10.249253 8.405893 -9.497985 -19.077267 74.835202 18.189811 50.309376 12.918012 1.427073 13.814550 -4.778850 0.060445 7.718740 -7.081379 10.474870 -17.142336 -75.384982 -25.057342 61.381977 -17.320959 -5.781591 13.393826 3.896792 -6.098698 0.318031 -0.214848 0.071350 0.402507 -0.264810 -1.246700 -4.836162 -0.292962 0.000000 -0.000000 0.000000 4.086950 -2.005898 0.419272 -3.375673 1.809066 0.678698 0.239766 -4.135735 -1.409339 -0.000609 -0.358761 0.194561
-0.055402 0.956961 -1.298562 7.776769 4.652051 -0.081402 0.080969 -1.819112 0.580750 0.011851 -6.634675 0.260111 0.011746 -0.814243 0.261315 0.029154 5.225973 0.196807 0.020864 15.094033 0.354465 -0.093976 -7.996721 0.655525 -1.733064 10.262024 8.387942 -9.447647 -19.096978 74.862024 18.303897 50.593340 12.992796 1.368195 13.877028 -4.819346 0.035563 7.723647 -7.047740 10.477689 -17.113276 -75.379288 -25.161209 61.474696 -17.450470 -5.777214 13.401025 3.896356 -6.095818 0.325992 -0.209690 0.082966 0.414478 -0.261870 -1.245217 -4.838334 -0.299382 -0.000000 -0.000000 0.000000 4.055033 -2.015668 0.428132 -3.317450 1.860911 0.680399 0.228366 -4.167757 -1.410957 -0.000596 -0.354384 0.192592
-0.055439 0.956968 -1.298565 7.764999 4.641003 -0.088727 0.076150 -1.846714 0.583822 0.009617 -6.646947 0.261476 0.009527 -0.826516 0.262452 0.027584 5.216767 0.197657 0.060827 15.115348 0.338514 -0.013105 -7.957396 0.610611 -1.706257 10.275197 8.375181 -9.412040 -19.124716 74.890065 18.414182 50.935412 13.064026 1.298276 13.949334 -4.877564 0.002740 7.735501 -7.015578 10.476588 -17.084048 -75.381478 -25.321342 61.582440 -17.630649 -5.783943 13.409608 3.874003 -6.099121 0.329429 -0.203999 0.100043 0.426861 -0.258054 -1.246353 -4.840726 -0.305785 -0.000000 0.000000 0.000000 4.032106 -2.034472 0.435598 -3.269461 1.920398 0.683992 0.214984 -4.203540 -1.413371 -0.000581 -0.348621 0.190945
-0.055472 0.956972 -1.298578 7.759787 4.630785 -0.096775 0.073779 -1.875017 0.586113 0.008504 -6.659528 0.262501 0.008421 -0.839097 0.263364 0.026830 5.207331 0.198339 0.099795 15.149473 0.326359 0.064498 -7.894226 0.573180 -1.687463 10.285599 8.363759 -9.377625 -19.147158 74.911194 18.524569 51.283561 13.132214 1.229027 14.015496 -4.955623 -0.031150 7.748497 -6.988318 10.459005 -17.054385 -75.388687 -25.490452 61.684008 -17.815537 -5.792020 13.415412 3.850895 -6.107629 0.333325 -0.197132 0.119738 0.437351 -0.254325 -1.251192 -4.843207 -0.313028 0.000000 0.000000 -0.000000 4.012538 -2.058953 0.442561 -3.240781 1.986720 0.688664 0.211536 -4.240961 -1.415037 -0.000564 -0.343164 0.188225
-0.055500 0.956969 -1.298587 7.763743 4.621238 -0.106318 0.073714 -1.906428 0.587853 0.008442 -6.673488 0.263289 0.008358 -0.853056 0.264147 0.026850 5.196861 0.198924 0.139275 15.206391 0.317644 0.141802 -7.788681 0.542009 -1.682356 10.290414 8.352829 -9.338952 -19.155592 74.919210 18.641279 51.641081 13.201532 1.162680 14.070378 -5.066264 -0.064224 7.759330 -6.967354 10.415432 -17.019382 -75.398931 -25.650934 61.776873 -17.991648 -5.798657 13.416008 3.832592 -6.124186 0.340390 -0.188044 0.145069 0.443358 -0.251055 -1.262311 -4.846069 -0.321824 0.000000 0.000000 -0.000000 3.999268 -2.090213 0.448697 -3.246107 2.063265 0.695663 0.227480 -4.281686 -1.415144 -0.000540 -0.338398 0.183020
-0.055525 0.956962 -1.298606 7.774257 4.612525 -0.116588 0.076095 -1.938540 0.588800 0.009499 -6.687757 0.263733 0.009409 -0.867325 0.264698 0.027686 5.186159 0.199337 0.177774 15.276113 0.312790 0.215806 -7.659322 0.518488 -1.685268 10.292459 8.343199 -9.301437 -19.158708 74.920336 18.758304 52.004683 13.267923 1.096373 14.119076 -5.196909 -0.098349 7.771284 -6.951289 10.355428 -16.983961 -75.414290 -25.820058 61.863560 -18.172217 -5.806623 13.413815 3.813556 -6.145948 0.347919 -0.177783 0.173017 0.447470 -0.247873 -1.277134 -4.849021 -0.331459 -0.000000 -0.000000 0.000000 3.989352 -2.127156 0.454320 -3.270735 2.146650 0.703650 0.253363 -4.324046 -1.414528 -0.000515 -0.333937 0.176742
-0.055555 0.956961 -1.298661 7.786821 4.602266 -0.125347 0.080719 -1.961970 0.587457 0.011636 -6.698165 0.263160 0.011531 -0.877733 0.264342 0.029255 5.178354 0.199069 0.210220 15.333295 0.312772 0.276604 -7.553211 0.506345 -1.686735 10.297014 8.333506 -9.267829 -19.169316 74.925064 18.859693 52.312525 13.317697 1.034770 14.160975 -5.311835 -0.132259 7.788435 -6.939328 10.294995 -16.962602 -75.437909 -26.001601 61.930706 -18.350124 -5.814351 13.412002 3.798268 -6.163400 0.352766 -0.168844 0.191678 0.455152 -0.244624 -1.289021 -4.851060 -0.340642 0.000000 0.000000 0.000000 3.968340 -2.163121 0.461275 -3.279661 2.225914 0.707980 0.272730 -4.360911 -1.414109 -0.000496 -0.330313 0.172237
-0.055599 0.956970 -1.298774 7.799626 4.589078 -0.131860 0.088752 -1.971343 0.582781 0.015406 -6.702322 0.261105 0.015276 -0.881891 0.262670 0.031936 5.175238 0.197815 0.234579 15.365135 0.319733 0.319611 -7.494132 0.510298 -1.682420 10.307137 8.322144 -9.241233 -19.195080 74.942501 18.934912 52.544517 13.338102 0.978362 14.195381 -5.400726 -0.167425 7.812628 -6.930616 10.236833 -16.964769 -75.475529 -26.185231 61.971822 -18.510581 -5.821204 13.412800 3.788494 -6.171049 0.353024 -0.162066 0.193261 0.469244 -0.240817 -1.293889 -4.851331 -0.349267 -0.000000 0.000000 -0.000000 3.920167 -2.198814 0.471892 -3.247380 2.302383 0.705107 0.277972 -4.390799 -1.414180 -0.000490 -0.328289 0.171130
-0.055648 0.956985 -1.298923 7.814479 4.574344 -0.136863 0.099035 -1.972030 0.575825 0.020259 -6.702618 0.258038 0.020096 -0.882186 0.260095 0.035351 5.175019 0.195883 0.252856 15.384420 0.331428 0.349457 -7.458352 0.525368 -1.676666 10.319773 8.310732 -9.218549 -19.228372 74.963457 18.992588 52.720895 13.339702 0.927300 14.222978 -5.473997 -0.202341 7.842020 -6.925962 10.178184 -16.981004 -75.521246 -26.380365 61.993531 -18.667435 -5.827773 13.414002 3.782458 -6.174392 0.350594 -0.156606 0.185556 0.486905 -0.236946 -1.295822 -4.850689 -0.357440 -0.000000 -0.000000 0.000000 3.860894 -2.233514 0.483855 -3.199412 2.374731 0.698677 0.276694 -4.415195 -1.414431 -0.000490 -0.327102 0.171795
-0.055688 0.956999 -1.299070 7.832296 4.559826 -0.140330 0.107876 -1.970771 0.568244 0.024494 -6.702050 0.254683 0.024303 -0.881619 0.257171 0.038279 5.175447 0.193688 0.266017 15.404202 0.342202 0.370090 -7.421640 0.540618 -1.673026 10.331033 8.302752 -9.193201 -19.259044 74.970963 19.045002 52.840306 13.343120 0.886310 14.245261 -5.527032 -0.231276 7.875155 -6.927055 10.126842 -16.997384 -75.560680 -26.620313 62.002016 -18.856390 -5.834315 13.412134 3.779327 -6.180407 0.348033 -0.152432 0.180042 0.505074 -0.234331 -1.300426 -4.850685 -0.364194 0.000000 -0.000000 0.000000 3.824277 -2.258439 0.492036 -3.177283 2.427997 0.694832 0.275267 -4.431427 -1.414866 -0.000488 -0.325000 0.172195
-0.055710 0.957010 -1.299193 7.853662 4.546131 -0.141705 0.114772 -1.970021 0.559424 0.027918 -6.701713 0.250767 0.027704 -0.881282 0.253602 0.040552 5.175702 0.191006 0.273690 15.428974 0.351362 0.381084 -7.375652 0.554889 -1.677312 10.337553 8.299268 -9.153075 -19.281493 74.952674 19.094965 52.885061 13.357770 0.860589 14.262472 -5.548297 -0.253133 7.912345 -6.933988 10.082976 -17.008878 -75.586565 -26.923194 61.991575 -19.093982 -5.841024 13.404337 3.777927 -6.193169 0.346258 -0.150220 0.182839 0.523499 -0.233417 -1.310294 -4.852887 -0.369013 0.000000 0.000000 -0.000000 3.833698 -2.266933 0.492751 -3.208234 2.451067 0.697444 0.276577 -4.436957 -1.415862 -0.000479 -0.320686 0.171310
-0.055723 0.957019 -1.299315 7.877991 4.532652 -0.141545 0.120227 -1.967322 0.549980 0.030725 -6.700511 0.246564 0.030493 -0.880080 0.249683 0.042338 5.176606 0.188060 0.276249 15.454253 0.359594 0.382876 -7.328710 0.569318 -1.683717 10.342693 8.299208 -9.110249 -19.301259 74.920940 19.139278 52.872806 13.373648 0.845230 14.274367 -5.549432 -0.269009 7.953276 -6.946649 10.046406 -17.020474 -75.606170 -27.270205 61.967475 -19.362977 -5.847690 13.393491 3.779472 -6.208602 0.344353 -0.149298 0.187825 0.542432 -0.233753 -1.322833 -4.855728 -0.372411 0.000000 0.000000 -0.000000 3.865790 -2.265667 0.489681 -3.265018 2.455052 0.702583 0.277738 -4.434323 -1.417040 -0.000468 -0.315456 0.170160
-0.055733 0.957031 -1.299456 7.904441 4.519325 -0.141489 0.122048 -1.962042 0.543405 0.031799 -6.698165 0.243628 0.031560 -0.877734 0.246857 0.042917 5.178366 0.185933 0.275786 15.479643 0.363326 0.380694 -7.281555 0.576460 -1.678373 10.352632 8.302860 -9.094440 -19.324904 74.895852 19.181729 52.855169 13.382818 0.829691 14.281722 -5.560574 -0.276481 7.995549 -6.966431 10.024428 -17.033270 -75.626988 -27.640037 61.952234 -19.649253 -5.853961 13.384749 3.786702 -6.221450 0.342136 -0.147606 0.188118 0.559575 -0.235307 -1.335873 -4.856060 -0.374962 -0.000000 0.000000 0.000000 3.884194 -2.265869 0.488707 -3.307421 2.458320 0.704633 0.276478 -4.428466 -1.417274 -0.000461 -0.311441 0.169775
-0.055744 0.957046 -1.299625 7.934422 4.505330 -0.141960 0.117914 -1.953989 0.541882 0.030017 -6.694591 0.242926 0.029791 -0.874160 0.245974 0.041519 5.181046 0.185266 0.272877 15.507356 0.360127 0.376511 -7.230082 0.571564 -1.651320 10.373536 8.310574 -9.128770 -19.358362 74.886926 19.232514 52.851688 13.386610 0.809717 14.283472 -5.595568 -0.272517 8.041016 -6.996725 10.023926 -17.048658 -75.650341 -28.050047 61.957352 -19.967581 -5.859473 13.380925 3.804528 -6.229444 0.340505 -0.143914 0.180254 0.574107 -0.238977 -1.350002 -4.852604 -0.376751 0.000000 0.000000 -0.000000 3.868563 -2.271825 0.493424 -3.314856 2.468868 0.699380 0.271736 -4.420541 -1.415711 -0.000463 -0.310398 0.170951
-0.055753 0.957063 -1.299814 7.966523 4.491489 -0.142538 0.110147 -1.943360 0.543229 0.026501 -6.689876 0.243491 0.026299 -0.869445 0.246182 0.038914 5.184581 0.185419 0.266924 15.535187 0.352413 0.368310 -7.178384 0.559363 -1.612509 10.399228 8.322017 -9.190151 -19.395718 74.884731 19.281506 52.842833 13.383794 0.789555 14.280670 -5.640592 -0.260192 8.087834 -7.034138 10.038021 -17.065247 -75.674961 -28.483783 61.970934 -20.304278 -5.864588 13.379280 3.828008 -6.234854 0.338560 -0.139452 0.167695 0.586850 -0.243872 -1.364632 -4.846638 -0.377695 -0.000000 0.000000 0.000000 3.839240 -2.279249 0.500221 -3.307907 2.478698 0.691054 0.264572 -4.409392 -1.413204 -0.000469 -0.310569 0.172892
-0.055755 0.957081 -1.300022 7.995677 4.480208 -0.143599 0.103524 -1.930109 0.544394 0.023498 -6.683994 0.243980 0.023316 -0.863563 0.246366 0.036689 5.188992 0.185554 0.258261 15.556112 0.343887 0.355333 -7.139506 0.546644 -1.577935 10.417357 8.336442 -9.238976 -19.425789 74.880872 19.302179 52.821652 13.362785 0.771351 14.277272 -5.684260 -0.246237 8.128057 -7.069898 10.053360 -17.079966 -75.704440 -28.869428 61.981055 -20.602701 -5.870067 13.376585 3.845086 -6.239238 0.333418 -0.135851 0.153943 0.597960 -0.247278 -1.375828 -4.838853 -0.378112 0.000000 0.000000 0.000000 3.820903 -2.286524 0.504156 -3.308119 2.482183 0.686691 0.255892 -4.396489 -1.411181 -0.000470 -0.308811 0.174235
-0.055742 0.957100 -1.300262 8.020141 4.473297 -0.145882 0.099775 -1.912412 0.545306 0.021776 -6.676132 0.244365 0.021606 -0.855701 0.246576 0.035419 5.194887 0.185712 0.247779 15.561627 0.334065 0.339401 -7.129243 0.532174 -1.552492 10.421290 8.356624 -9.258022 -19.443971 74.866280 19.285617 52.773679 13.315295 0.756582 14.273449 -5.726782 -0.231686 8.157581 -7.102346 10.064984 -17.091930 -75.743794 -29.177480 61.976647 -20.833791 -5.876879 13.370766 3.849201 -6.241689 0.321977 -0.133638 0.137213 0.608277 -0.247996 -1.380692 -4.829066 -0.377569 0.000000 -0.000000 0.000000 3.824047 -2.293860 0.502418 -3.323225 2.475770 0.690578 0.243887 -4.381724 -1.410170 -0.000461 -0.303251 0.174384
-0.055723 0.957119 -1.300520 8.041658 4.468948 -0.148642 0.097173 -1.892092 0.546040 0.020568 -6.667104 0.244675 0.020405 -0.846673 0.246764 0.034530 5.201658 0.185853 0.234588 15.560236 0.323435 0.318694 -7.131802 0.517193 -1.531284 10.417656 8.379753 -9.264499 -19.454869 74.849968 19.240936 52.713342 13.249823 0.743795 14.268997 -5.767945 -0.215502 8.180508 -7.133160 10.077829 -17.102001 -75.787993 -29.437017 61.969530 -21.026110 -5.884065 13.363814 3.846919 -6.243114 0.307341 -0.132290 0.119291 0.616963 -0.247230 -1.382122 -4.817460 -0.376499 0.000000 0.000000 -0.000000 3.838180 -2.301046 0.497823 -3.345498 2.463010 0.698417 0.230364 -4.365205 -1.409648 -0.000449 -0.295762 0.173935
-0.055720 0.957138 -1.300760 8.060393 4.464146 -0.150024 0.095311 -1.874567 0.543763 0.019816 -6.659318 0.243642 0.019659 -0.838887 0.245655 0.033881 5.207497 0.185019 0.216365 15.570427 0.317165 0.287023 -7.112837 0.512200 -1.515632 10.414012 8.396703 -9.270411 -19.461112 74.850585 19.168466 52.677045 13.179762 0.730671 14.267307 -5.795726 -0.201263 8.201186 -7.158563 10.093404 -17.109748 -75.825529 -29.663973 61.982433 -21.209242 -5.889508 13.358562 3.845880 -6.247791 0.295937 -0.131860 0.109033 0.621648 -0.245871 -1.384879 -4.805272 -0.376526 -0.000000 -0.000000 0.000000 3.856497 -2.305838 0.493882 -3.373277 2.448925 0.704356 0.221647 -4.348727 -1.409460 -0.000437 -0.288820 0.173310
-0.055747 0.957155 -1.300962 8.076557 4.457697 -0.148519 0.093871 -1.862563 0.536013 0.019484 -6.653988 0.240165 0.019330 -0.833557 0.242144 0.033358 5.211495 0.182375 0.192086 15.601948 0.318064 0.241474 -7.054236 0.522791 -1.507179 10.412399 8.403238 -9.281418 -19.463564 74.881565 19.050704 52.678644 13.099448 0.714076 14.269509 -5.806724 -0.190118 8.221902 -7.176489 10.120090 -17.116063 -75.850755 -29.876111 62.025920 -21.409104 -5.891601 13.355954 3.852526 -6.260089 0.291705 -0.133309 0.113765 0.619195 -0.243371 -1.392108 -4.792607 -0.378800 0.000000 -0.000000 -0.000000 3.883698 -2.305344 0.491992 -3.413119 2.432016 0.704966 0.219865 -4.331834 -1.409375 -0.000427 -0.283171 0.172698
-0.055790 0.957172 -1.301147 8.089939 4.450794 -0.145637 0.093170 -1.853352 0.525247 0.019608 -6.649899 0.235343 0.019454 -0.829468 0.237334 0.033075 5.214563 0.178755 0.162801 15.645064 0.323312 0.185045 -6.974074 0.543291 -1.504295 10.410789 8.403607 -9.291841 -19.461368 74.929468 18.904792 52.704157 13.014177 0.697108 14.274490 -5.804348 -0.180884 8.240354 -7.188996 10.149542 -17.120089 -75.869325 -30.056337 62.089478 -21.600412 -5.891948 13.355060 3.860403 -6.275637 0.290704 -0.135673 0.126161 0.612740 -0.240272 -1.400664 -4.779362 -0.382172 0.000000 0.000000 -0.000000 3.915084 -2.302456 0.490766 -3.458461 2.413778 0.703681 0.222887 -4.314981 -1.409617 -0.000417 -0.278069 0.171910
-0.055830 0.957190 -1.301334 8.100076 4.444006 -0.144053 0.093754 -1.844170 0.516009 0.020240 -6.645821 0.231210 0.020082 -0.825390 0.233265 0.033228 5.217622 0.175692 0.129300 15.689032 0.329633 0.120400 -6.892296 0.567292 -1.503393 10.410636 8.401415 -9.296656 -19.454587 74.972642 18.782855 52.748396 12.953612 0.686771 14.282312 -5.786782 -0.173638 8.253999 -7.198483 10.158186 -17.118778 -75.886652 -30.168205 62.164231 -21.735839 -5.893259 13.355907 3.857794 -6.285612 0.287552 -0.136124 0.133098 0.609336 -0.239092 -1.405877 -4.766463 -0.384816 -0.000000 -0.000000 -0.000000 3.929749 -2.303607 0.489530 -3.487966 2.403727 0.704935 0.230649 -4.301334 -1.410708 -0.000408 -0.273761 0.170802
-0.055862 0.957214 -1.301532 8.106761 4.437904 -0.145430 0.096924 -1.834834 0.509858 0.021893 -6.641671 0.228467 0.021724 -0.821240 0.230690 0.034258 5.220736 0.173756 0.090019 15.733961 0.336643 0.044778 -6.808685 0.594637 -1.504871 10.412037 8.396238 -9.293702 -19.440958 75.003657 18.705465 52.813273 12.934519 0.687954 14.294491 -5.743812 -0.170839 8.260229 -7.205247 10.125815 -17.107896 -75.905423 -30.176349 62.251600 -21.779190 -5.897064 13.358248 3.836144 -6.284585 0.279532 -0.132272 0.126397 0.612067 -0.242004 -1.404897 -4.753718 -0.385378 0.000000 -0.000000 -0.000000 3.913097 -2.313473 0.487607 -3.488356 2.408949 0.712540 0.244856 -4.293092 -1.413702 -0.000400 -0.270824 0.169155
-0.055891 0.957239 -1.301733 8.110203 4.431919 -0.148103 0.101380 -1.825529 0.505235 0.024053 -6.637532 0.226414 0.023871 -0.817101 0.228856 0.035724 5.223841 0.172379 0.046518 15.779743 0.344722 -0.039048 -6.723439 0.625451 -1.508333 10.414898 8.388503 -9.285127 -19.422755 75.029942 18.652083 52.897041 12.940152 0.695865 14.309566 -5.685645 -0.170030 8.261654 -7.208996 10.072635 -17.091675 -75.922922 -30.115061 62.350317 -21.765574 -5.901883 13.362330 3.804004 -6.277987 0.269361 -0.126505 0.114239 0.617848 -0.246841 -1.400574 -4.741319 -0.385209 0.000000 0.000000 -0.000000 3.879725 -2.327379 0.485672 -3.472909 2.422359 0.722688 0.263802 -4.288053 -1.417543 -0.000392 -0.268681 0.167188
-0.055920 0.957260 -1.301929 8.110563 4.424905 -0.149759 0.103768 -1.814044 0.502014 0.025235 -6.632427 0.224978 0.025045 -0.811996 0.227540 0.036501 5.227671 0.171391 0.004244 15.815294 0.351759 -0.120209 -6.657169 0.653846 -1.508999 10.420377 8.383088 -9.272380 -19.406848 75.052130 18.613305 52.989133 12.950065 0.702924 14.323104 -5.641094 -0.163923 8.263568 -7.211243 10.035682 -17.079754 -75.936434 -30.052509 62.447597 -21.754656 -5.905864 13.368908 3.775323 -6.273274 0.259802 -0.123160 0.108039 0.624475 -0.249604 -1.396788 -4.730769 -0.386541 -0.000000 0.000000 -0.000000 3.852521 -2.337739 0.485070 -3.460128 2.432218 0.728380 0.282309 -4.282788 -1.419593 -0.000384 -0.265846 0.165418
-0.055950 0.957273 -1.302115 8.106529 4.414894 -0.148959 0.102640 -1.797508 0.500320 0.024788 -6.625079 0.224209 0.024601 -0.804648 0.226726 0.036102 5.233182 0.170778 -0.036289 15.834188 0.356819 -0.197463 -6.621820 0.677953 -1.502776 10.429893 8.382090 -9.249879 -19.396324 75.067630 18.593188 53.091435 12.961046 0.706907 14.334071 -5.622278 -0.146535 8.267955 -7.212224 10.031768 -17.079351 -75.944809 -30.020838 62.542463 -21.777776 -5.908767 13.380659 3.752975 -6.271408 0.253026 -0.125033 0.112795 0.631587 -0.248204 -1.395967 -4.723342 -0.390581 -0.000000 -0.000000 -0.000000 3.842249 -2.339033 0.486863 -3.457584 2.432214 0.724858 0.298117 -4.275538 -1.417808 -0.000374 -0.261507 0.164037
-0.055980 0.957282 -1.302295 8.099414 4.403854 -0.147140 0.099443 -1.778793 0.500021 0.023361 -6.616765 0.224056 0.023184 -0.796334 0.226429 0.035013 5.239417 0.170554 -0.075604 15.842840 0.360862 -0.272121 -6.605480 0.699748 -1.493757 10.442027 8.383405 -9.223212 -19.388086 75.079014 18.587700 53.202075 12.976342 0.709946 14.343467 -5.617089 -0.123849 8.272830 -7.211715 10.044090 -17.083249 -75.949214 -29.988207 62.635979 -21.803765 -5.910782 13.394914 3.734104 -6.271424 0.246863 -0.129325 0.123508 0.639546 -0.244724 -1.395683 -4.717764 -0.396122 0.000000 -0.000000 -0.000000 3.838145 -2.336781 0.489984 -3.457702 2.428656 0.716878 0.313485 -4.268064 -1.414229 -0.000364 -0.256475 0.162852
-0.056012 0.957293 -1.302471 8.093312 4.396553 -0.146295 0.095172 -1.764301 0.500608 0.021426 -6.610328 0.224298 0.021262 -0.789897 0.226473 0.033572 5.244244 0.170586 -0.109819 15.849428 0.364606 -0.337176 -6.592988 0.719131 -1.489438 10.453678 8.385617 -9.210578 -19.379724 75.094671 18.575150 53.304820 12.985039 0.710917 14.349895 -5.617997 -0.106534 8.277540 -7.210540 10.059247 -17.079430 -75.950378 -29.927223 62.718491 -21.798900 -5.910649 13.404389 3.724061 -6.277884 0.237574 -0.131974 0.136601 0.647236 -0.241420 -1.392538 -4.711712 -0.401781 0.000000 0.000000 -0.000000 3.830813 -2.339956 0.492580 -3.456276 2.428738 0.711705 0.330009 -4.262216 -1.412340 -0.000355 -0.251703 0.161799
-0.056045 0.957310 -1.302646 8.090854 4.396169 -0.147701 0.088950 -1.757850 0.502101 0.018594 -6.607467 0.224939 0.018449 -0.787036 0.226827 0.031489 5.246388 0.170850 -0.136617 15.858664 0.368372 -0.388398 -6.575615 0.735835 -1.493101 10.463656 8.389127 -9.224248 -19.369339 75.118298 18.551941 53.397230 12.986541 0.708213 14.351755 -5.627646 -0.100055 8.282281 -7.208731 10.076662 -17.058339 -75.948536 -29.829720 62.781851 -21.748523 -5.906618 13.403807 3.730378 -6.297295 0.221758 -0.130821 0.152255 0.655226 -0.238791 -1.383281 -4.704442 -0.407598 0.000000 0.000000 0.000000 3.813506 -2.354932 0.494090 -3.449738 2.437499 0.712760 0.348460 -4.259178 -1.413897 -0.000348 -0.247769 0.160966
-0.056080 0.957329 -1.302815 8.089410 4.399523 -0.150082 0.081655 -1.755622 0.504483 0.015254 -6.606484 0.225976 0.015130 -0.786053 0.227525 0.029053 5.247125 0.171371 -0.158321 15.865834 0.371823 -0.430027 -6.562107 0.750106 -1.501463 10.473153 8.393537 -9.251955 -19.358801 75.146213 18.521592 53.481739 12.981332 0.703437 14.350626 -5.643379 -0.098945 8.286856 -7.206245 10.096910 -17.029530 -75.943448 -29.703541 62.834079 -21.667014 -5.900445 13.398394 3.745496 -6.323154 0.202819 -0.128016 0.170288 0.662947 -0.236337 -1.371162 -4.696697 -0.413531 -0.000000 -0.000000 0.000000 3.792970 -2.375334 0.495086 -3.441657 2.449902 0.716620 0.368068 -4.257763 -1.417146 -0.000341 -0.244095 0.160264
-0.056116 0.957347 -1.302968 8.085187 4.401842 -0.151611 0.076915 -1.752570 0.507195 0.013033 -6.605132 0.227170 0.012924 -0.784700 0.228494 0.027473 5.248138 0.172098 -0.178009 15.864985 0.374680 -0.467743 -6.563505 0.762588 -1.512174 10.482646 8.396230 -9.275099 -19.351358 75.175754 18.472986 53.549403 12.960032 0.700313 14.349906 -5.649711 -0.097469 8.290018 -7.203783 10.108318 -17.009658 -75.935113 -29.544985 62.889729 -21.563937 -5.896132 13.396637 3.752135 -6.340504 0.187219 -0.125967 0.186570 0.667578 -0.234818 -1.362530 -4.688389 -0.418068 -0.000000 -0.000000 0.000000 3.780049 -2.391016 0.495394 -3.438527 2.458031 0.720280 0.388121 -4.256267 -1.420303 -0.000334 -0.239905 0.159368
-0.056151 0.957366 -1.303093 8.077009 4.401359 -0.151892 0.076294 -1.747173 0.510176 0.012627 -6.602733 0.228500 0.012521 -0.782301 0.229782 0.027270 5.249937 0.173068 -0.197353 15.852970 0.377369 -0.504846 -6.585638 0.774713 -1.525364 10.493307 8.395073 -9.292074 -19.348973 75.210659 18.395124 53.594373 12.913738 0.700869 14.350682 -5.637202 -0.093615 8.290954 -7.201556 10.107018 -17.005678 -75.922031 -29.352461 62.960638 -21.446760 -5.896092 13.403235 3.740264 -6.343499 0.179099 -0.125334 0.199962 0.665633 -0.234440 -1.360732 -4.678141 -0.419914 0.000000 0.000000 0.000000 3.782937 -2.396142 0.495364 -3.457977 2.455951 0.722022 0.419024 -4.253643 -1.422771 -0.000324 -0.234343 0.158199
-0.056187 0.957385 -1.303201 8.066052 4.399840 -0.151321 0.078228 -1.740952 0.513486 0.013341 -6.599965 0.229986 0.013230 -0.779533 0.231340 0.027922 5.252013 0.174243 -0.214675 15.832932 0.379477 -0.538041 -6.622685 0.785089 -1.540906 10.503958 8.392203 -9.304487 -19.349683 75.247198 18.299028 53.622407 12.851379 0.703071 14.351898 -5.615296 -0.089395 8.290476 -7.199353 10.096879 -17.010636 -75.905698 -29.127102 63.034845 -21.307564 -5.897908 13.413567 3.719949 -6.337984 0.174315 -0.125467 0.211604 0.660598 -0.234999 -1.362420 -4.667330 -0.420367 0.000000 0.000000 0.000000 3.793442 -2.396548 0.494639 -3.482378 2.449595 0.723566 0.450372 -4.250936 -1.425145 -0.000312 -0.228264 0.156837
-0.056222 0.957400 -1.303316 8.052046 4.397815 -0.149255 0.081649 -1.733423 0.516738 0.014717 -6.596614 0.231451 0.014597 -0.776182 0.232945 0.029071 5.254526 0.175454 -0.228027 15.808346 0.379473 -0.563117 -6.668226 0.790128 -1.556067 10.511549 8.391410 -9.298556 -19.350878 75.271509 18.206639 53.642004 12.790391 0.704564 14.353736 -5.596836 -0.085114 8.289776 -7.197240 10.077833 -17.020317 -75.890608 -28.869458 63.091146 -21.133024 -5.898315 13.422141 3.704057 -6.326538 0.166896 -0.126823 0.220783 0.660108 -0.236633 -1.363892 -4.659997 -0.421803 -0.000000 -0.000000 -0.000000 3.797832 -2.399604 0.491970 -3.465347 2.448850 0.727057 0.450244 -4.249580 -1.427440 -0.000303 -0.223461 0.155188
-0.056255 0.957411 -1.303445 8.033753 4.396109 -0.146046 0.086867 -1.724523 0.520074 0.016885 -6.592651 0.232960 0.016751 -0.772220 0.234674 0.030820 5.257499 0.176760 -0.237822 15.776161 0.376098 -0.580408 -6.727938 0.787660 -1.570137 10.514775 8.394567 -9.259540 -19.350224 75.273595 18.122693 53.651083 12.735087 0.704787 14.356573 -5.585576 -0.080345 8.289127 -7.195360 10.044410 -17.034093 -75.878103 -28.560033 63.118405 -20.901368 -5.896451 13.426572 3.696182 -6.305307 0.154284 -0.128768 0.223018 0.666379 -0.239551 -1.363296 -4.657350 -0.425400 -0.000000 -0.000000 0.000000 3.784549 -2.405708 0.487755 -3.378492 2.451897 0.733749 0.402940 -4.247688 -1.429663 -0.000295 -0.220525 0.153059
-0.056287 0.957419 -1.303581 8.012412 4.393899 -0.141341 0.093572 -1.714313 0.523351 0.019715 -6.588104 0.234447 0.019562 -0.767673 0.236449 0.033065 5.260909 0.178101 -0.243641 15.739428 0.370608 -0.589557 -6.796149 0.779840 -1.583819 10.514943 8.399808 -9.202189 -19.350054 75.263430 18.042619 53.651750 12.681374 0.704312 14.360019 -5.577761 -0.075516 8.288256 -7.193571 10.002077 -17.052599 -75.866818 -28.219084 63.127283 -20.635252 -5.893173 13.429207 3.692714 -6.278144 0.139041 -0.131938 0.222790 0.677195 -0.243543 -1.362483 -4.658181 -0.429980 0.000000 -0.000000 -0.000000 3.765153 -2.414468 0.481603 -3.250203 2.460539 0.742426 0.324159 -4.247152 -1.431816 -0.000288 -0.218865 0.150643
-0.056313 0.957426 -1.303721 7.991471 4.389242 -0.133442 0.099773 -1.702489 0.525762 0.022354 -6.582842 0.235544 0.022184 -0.762410 0.237814 0.035136 5.264857 0.179134 -0.242296 15.710782 0.365228 -0.585320 -6.849405 0.769543 -1.596497 10.512926 8.405322 -9.156955 -19.354799 75.257113 17.974277 53.658871 12.633956 0.702494 14.363089 -5.574966 -0.072212 8.287535 -7.191506 9.967170 -17.073515 -75.857206 -27.906972 63.129569 -20.388137 -5.887783 13.431594 3.695690 -6.259185 0.122871 -0.138694 0.232833 0.693546 -0.248113 -1.363315 -4.662911 -0.434391 0.000000 -0.000000 0.000000 3.760589 -2.432069 0.471086 -3.119266 2.490091 0.751591 0.229082 -4.255073 -1.433894 -0.000283 -0.218499 0.148435
-0.056336 0.957434 -1.303872 7.973950 4.381686 -0.120130 0.103828 -1.689232 0.525873 0.024136 -6.576945 0.235603 0.023954 -0.756514 0.238054 0.036480 5.269280 0.179318 -0.229785 15.697903 0.361918 -0.560889 -6.873459 0.758893 -1.608233 10.508108 8.410848 -9.138323 -19.367502 75.264454 17.916802 53.686372 12.592167 0.698261 14.365656 -5.580782 -0.070151 8.285679 -7.189250 9.949737 -17.096107 -75.849438 -27.640655 63.130605 -20.174705 -5.878011 13.434294 3.710838 -6.255574 0.108888 -0.150230 0.258504 0.709703 -0.254643 -1.367240 -4.668544 -0.437835 0.000000 -0.000000 -0.000000 3.790945 -2.465766 0.452334 -2.989219 2.553345 0.763580 0.098821 -4.275048 -1.436895 -0.000302 -0.228448 0.151810
-0.056353 0.957442 -1.304027 7.956826 4.371688 -0.103621 0.107374 -1.674362 0.525117 0.025726 -6.570332 0.235273 0.025534 -0.749901 0.237885 0.037650 5.274240 0.179194 -0.210125 15.693118 0.358697 -0.523093 -6.882538 0.745728 -1.618963 10.501105 8.416649 -9.131805 -19.385137 75.275666 17.870965 53.720371 12.556556 0.692685 14.367838 -5.591616 -0.069615 8.283972 -7.186717 9.939740 -17.121106 -75.843360 -27.403388 63.125414 -19.980425 -5.866136 13.436694 3.732431 -6.260158 0.093968 -0.165348 0.294445 0.731399 -0.261732 -1.372809 -4.678076 -0.441110 -0.000000 -0.000000 0.000000 3.836165 -2.508273 0.429200 -2.856500 2.637484 0.776379 -0.047742 -4.303483 -1.439741 -0.000323 -0.239693 0.155391
-0.056353 0.957445 -1.304166 7.934486 4.358668 -0.088865 0.113338 -1.657035 0.526996 0.028277 -6.562624 0.236128 0.028069 -0.742193 0.238999 0.039635 5.280022 0.180038 -0.192156 15.686033 0.351874 -0.487146 -6.895895 0.726478 -1.627878 10.494637 8.421687 -9.124385 -19.403060 75.277456 17.847111 53.734040 12.533663 0.688334 14.369018 -5.598268 -0.073041 8.286635 -7.183281 9.923389 -17.148400 -75.838933 -27.204681 63.110712 -19.814620 -5.858269 13.438631 3.745314 -6.265617 0.070462 -0.182810 0.337313 0.776808 -0.264688 -1.377541 -4.700912 -0.445454 0.000000 -0.000000 0.000000 3.856955 -2.543999 0.410875 -2.749259 2.719482 0.781705 -0.138762 -4.336666 -1.439378 -0.000282 -0.225182 0.143551
-0.056329 0.957440 -1.304282 7.904886 4.343404 -0.078620 0.123872 -1.637360 0.533260 0.032671 -6.553865 0.238959 0.032435 -0.733434 0.242276 0.043161 5.286593 0.182514 -0.179837 15.671784 0.338668 -0.459442 -6.922549 0.697436 -1.635801 10.491058 8.423801 -9.110480 -19.419650 75.266204 17.847124 53.710941 12.523133 0.686896 14.368966 -5.593839 -0.082452 8.299012 -7.177062 9.893014 -17.180418 -75.837413 -27.046144 63.083430 -19.678376 -5.857145 13.439781 3.742721 -6.271104 0.035649 -0.203197 0.386921 0.850823 -0.257812 -1.379651 -4.740807 -0.452932 0.000000 0.000000 -0.000000 3.848603 -2.569710 0.400228 -2.698963 2.794931 0.775542 -0.129315 -4.379126 -1.432499 -0.000131 -0.150274 0.093668
-0.056288 0.957431 -1.304383 7.870070 4.325119 -0.070120 0.136826 -1.615224 0.542157 0.038025 -6.544007 0.242975 0.037755 -0.723577 0.246835 0.047503 5.293987 0.185956 -0.169204 15.655238 0.321861 -0.433570 -6.953471 0.662302 -1.641913 10.488013 8.425149 -9.095673 -19.436531 75.245519 17.869207 53.667539 12.525407 0.686678 14.367915 -5.585229 -0.095829 8.315754 -7.169938 9.856292 -17.214760 -75.837497 -26.926357 63.046873 -19.570813 -5.860029 13.440525 3.731412 -6.277443 -0.007761 -0.225906 0.443483 0.948535 -0.246737 -1.380921 -4.794005 -0.461490 0.000000 -0.000000 -0.000000 3.815793 -2.588676 0.394415 -2.674187 2.868270 0.761508 -0.064327 -4.426342 -1.422546 -0.000022 -0.049585 0.028407
-0.056231 0.957426 -1.304467 7.830551 4.300906 -0.060026 0.148667 -1.589444 0.551930 0.042844 -6.532530 0.247375 0.042543 -0.712100 0.251724 0.051470 5.302595 0.189647 -0.157218 15.640594 0.306108 -0.405536 -6.980855 0.628615 -1.642933 10.481159 8.431173 -9.083690 -19.453937 75.212937 17.918205 53.626353 12.548252 0.685202 14.365948 -5.583927 -0.109539 8.325046 -7.166915 9.822453 -17.244054 -75.835318 -26.850176 63.007328 -19.498191 -5.864819 13.441784 3.716521 -6.279807 -0.059251 -0.247919 0.504237 1.073422 -0.243739 -1.384220 -4.858647 -0.466185 0.000000 0.000000 -0.000000 3.733288 -2.595108 0.394064 -2.608769 2.929792 0.742603 -0.006722 -4.460996 -1.416574 0.000000 0.000000 0.000000
-0.056130 0.957429 -1.304544 7.783833 4.267899 -0.045236 0.159281 -1.557737 0.562808 0.047064 -6.518420 0.252260 0.046737 -0.697990 0.257039 0.055023 5.313178 0.193657 -0.142810 15.628846 0.290484 -0.373002 -7.002865 0.594252 -1.634804 10.467639 8.442807 -9.073602 -19.472053 75.161954 18.005681 53.592833 12.601328 0.681490 14.362302 -5.596565 -0.123400 8.321119 -7.174604 9.794608 -17.262633 -75.828151 -26.826808 62.964042 -19.466330 -5.873067 13.444535 3.700889 -6.283148 -0.115080 -0.274802 0.583920 1.221183 -0.248067 -1.396341 -4.931443 -0.467782 -0.000000 0.000000 -0.000000 3.585076 -2.583109 0.396482 -2.470830 2.970610 0.718236 -0.001800 -4.469372 -1.400870 -0.000010 -0.061579 0.052051
-0.056012 0.957436 -1.304604 7.732406 4.228973 -0.028828 0.168774 -1.522380 0.574546 0.050745 -6.502687 0.257523 0.050395 -0.682258 0.262675 0.058198 5.324978 0.197910 -0.127053 15.619001 0.275911 -0.338318 -7.021328 0.561336 -1.621569 10.450327 8.459111 -9.066337 -19.490720 75.099085 18.119937 53.561437 12.674866 0.676538 14.357760 -5.616513 -0.137586 8.309728 -7.186378 9.769638 -17.276140 -75.818753 -26.846668 62.917863 -19.468954 -5.883233 13.447785 3.681677 -6.282475 -0.178994 -0.300963 0.667767 1.396135 -0.260312 -1.410522 -5.015682 -0.465513 0.000000 0.000000 -0.000000 3.387165 -2.558591 0.404106 -2.292248 2.999630 0.689052 -0.004251 -4.465158 -1.389096 -0.000159 -0.174177 0.141058
-0.055962 0.957436 -1.304618 7.684273 4.189820 -0.016741 0.173946 -1.489037 0.584674 0.052575 -6.487856 0.262052 0.052214 -0.667427 0.267389 0.059923 5.336101 0.201466 -0.110118 15.612274 0.269823 -0.304528 -7.033951 0.543793 -1.612102 10.433476 8.482726 -9.068406 -19.509692 75.041406 18.231039 53.538228 12.747630 0.670848 14.354728 -5.635354 -0.148991 8.296367 -7.187387 9.747426 -17.294164 -75.811495 -26.886398 62.877457 -19.494166 -5.888588 13.449501 3.655486 -6.258105 -0.261651 -0.306673 0.708633 1.614728 -0.294945 -1.409320 -5.119380 -0.452155 -0.000000 0.000000 -0.000000 3.162353 -2.533382 0.425317 -2.102493 3.033889 0.660031 0.058899 -4.472221 -1.429293 -0.000385 -0.234629 0.188242
-0.056093 0.957428 -1.304558 7.644334 4.152860 -0.017884 0.173068 -1.461433 0.593081 0.051797 -6.475584 0.265793 0.051442 -0.655155 0.271052 0.059622 5.345304 0.204226 -0.090816 15.610709 0.278265 -0.271629 -7.036923 0.552457 -1.609935 10.421103 8.521974 -9.079898 -19.528637 74.995323 18.324078 53.529089 12.805858 0.663528 14.354751 -5.653167 -0.152829 8.287289 -7.165104 9.728158 -17.325440 -75.813678 -26.916694 62.852258 -19.525160 -5.885562 13.446692 3.624597 -6.227036 -0.360109 -0.253631 0.697634 1.872895 -0.391986 -1.376566 -5.238508 -0.418348 -0.000000 -0.000000 0.000000 2.911712 -2.507154 0.479446 -1.905846 3.067844 0.629268 0.230025 -4.483735 -1.558923 -0.000394 -0.182590 0.146285
-0.056291 0.957413 -1.304453 7.607702 4.115655 -0.023358 0.167882 -1.435851 0.599876 0.049176 -6.464217 0.268802 0.048838 -0.643787 0.273794 0.057877 5.353828 0.206291 -0.070329 15.612261 0.295195 -0.239623 -7.034072 0.576507 -1.611546 10.409216 8.568547 -9.100711 -19.547950 74.954453 18.414135 53.528158 12.863526 0.655477 14.356279 -5.669874 -0.153884 8.276288 -7.132063 9.711665 -17.361246 -75.817987 -26.966870 62.832788 -19.578730 -5.877753 13.442346 3.586708 -6.172538 -0.477310 -0.180195 0.642953 2.174559 -0.512013 -1.328502 -5.377156 -0.373601 -0.000000 -0.000000 0.000000 2.634173 -2.479812 0.547080 -1.698064 3.107152 0.598618 0.466756 -4.506023 -1.740682 -0.000211 -0.078325 0.062604
-0.056302 0.957377 -1.304359 7.567688 4.076620 -0.012408 0.160396 -1.406792 0.602915 0.045687 -6.451310 0.270122 0.045372 -0.630880 0.274760 0.055346 5.363507 0.207018 -0.052387 15.612009 0.309922 -0.211564 -7.034569 0.597391 -1.615237 10.390029 8.600166 -9.137065 -19.568501 74.916715 18.516256 53.523900 12.941038 0.649859 14.357059 -5.676828 -0.163398 8.250163 -7.110993 9.697261 -17.384949 -75.806869 -27.101300 62.799237 -19.693133 -5.869225 13.443379 3.531534 -6.023992 -0.632717 -0.181837 0.523772 2.548367 -0.550430 -1.296255 -5.555463 -0.338995 -0.000000 -0.000000 0.000000 2.349290 -2.463987 0.578741 -1.495868 3.185524 0.578657 0.715109 -4.583110 -1.910699 -0.000000 0.000000 0.000000
-0.055949 0.957335 -1.304378 7.516118 4.041871 0.023096 0.152970 -1.374853 0.603461 0.042326 -6.437124 0.270327 0.042033 -0.616694 0.274625 0.052826 5.374145 0.206915 -0.038683 15.609548 0.318762 -0.189258 -7.039176 0.608859 -1.620697 10.360005 8.599999 -9.191874 -19.596716 74.884303 18.620104 53.504223 13.036960 0.647799 14.355343 -5.666058 -0.189154 8.198454 -7.114605 9.694283 -17.381675 -75.778552 -27.348561 62.748060 -19.884502 -5.861907 13.455085 3.450914 -5.711885 -0.867204 -0.320408 0.281174 3.043469 -0.435690 -1.261259 -5.777461 -0.321529 -0.000000 -0.000000 -0.000000 2.061555 -2.476845 0.545180 -1.295292 3.318059 0.581185 0.956820 -4.724526 -2.043413 0.000087 0.017432 -0.013878
-0.055409 0.957272 -1.304409 7.461129 4.005346 0.075032 0.143210 -1.339456 0.600228 0.038085 -6.421407 0.268835 0.037820 -0.600976 0.272702 0.049510 5.385932 0.205465 -0.027520 15.605288 0.325403 -0.170896 -7.047119 0.617165 -1.628207 10.322617 8.584928 -9.262232 -19.626218 74.855069 18.735725 53.481128 13.152586 0.648092 14.352861 -5.645545 -0.223295 8.131540 -7.130038 9.693365 -17.366189 -75.734881 -27.678523 62.682122 -20.134845 -5.854097 13.471984 3.352912 -5.304098 -1.138141 -0.535525 -0.022878 3.611541 -0.240113 -1.241776 -6.039056 -0.314400 0.000000 -0.000000 0.000000 1.766573 -2.502316 0.475929 -1.100155 3.489473 0.594199 1.210395 -4.921080 -2.165020 0.000059 0.008722 -0.006932
-0.054962 0.957132 -1.304211 7.420454 3.947186 0.139798 0.125972 -1.293372 0.587226 0.030926 -6.400953 0.262949 0.030708 -0.580522 0.266089 0.043653 5.401271 0.200481 -0.017542 15.595529 0.330220 -0.154104 -7.065275 0.622524 -1.636954 10.280605 8.583243 -9.345645 -19.638719 74.820349 18.908919 53.479017 13.312649 0.650461 14.352571 -5.630547 -0.253656 8.067516 -7.141705 9.665737 -17.366251 -75.663672 -28.066556 62.591037 -20.430155 -5.844378 13.484835 3.251604 -4.936720 -1.340686 -0.737939 -0.228820 4.134128 -0.072469 -1.324307 -6.348216 -0.317035 -0.000000 0.000000 -0.000000 1.470473 -2.503348 0.409313 -0.939032 3.687852 0.592374 1.477215 -5.189213 -2.289522 0.000000 0.000000 0.000000
-0.054719 0.956847 -1.303671 7.401437 3.855208 0.221401 0.100731 -1.233276 0.557957 0.020894 -6.374288 0.249767 0.020739 -0.553857 0.251888 0.035065 5.421269 0.189779 -0.010111 15.579062 0.334843 -0.142024 -7.095875 0.628482 -1.646965 10.237109 8.606664 -9.439882 -19.622314 74.780526 19.172221 53.504890 13.533202 0.656926 14.357165 -5.622970 -0.277689 8.016421 -7.140919 9.584781 -17.388517 -75.548320 -28.514975 62.456588 -20.773063 -5.837982 13.487745 3.146063 -4.691233 -1.419706 -0.897342 -0.235605 4.543624 0.033601 -1.565352 -6.695995 -0.351225 0.000000 0.000000 0.000000 1.175116 -2.460023 0.359278 -0.831541 3.907949 0.555848 1.764419 -5.529045 -2.415703 -0.000000 -0.000000 0.000000
-0.054569 0.956484 -1.302901 7.396577 3.741552 0.315798 0.067960 -1.162559 0.518854 0.007933 -6.342911 0.232172 0.007861 -0.522479 0.232977 0.023929 5.444801 0.175527 -0.003862 15.557087 0.337667 -0.131517 -7.136708 0.631539 -1.658237 10.189073 8.643494 -9.547192 -19.589047 74.735008 19.494049 53.551015 13.799375 0.665530 14.363957 -5.620867 -0.298005 7.968276 -7.136425 9.476999 -17.425954 -75.405227 -29.017108 62.295859 -21.155965 -5.829723 13.486454 3.037235 -4.487285 -1.431217 -1.042247 -0.145867 4.906521 0.114853 -1.908619 -7.091485 -0.392934 0.000000 -0.000000 0.000000 0.878508 -2.392285 0.310963 -0.758539 4.154909 0.503769 2.065267 -5.940473 -2.545568 -0.000000 0.000000 -0.000000
-0.054463 0.956186 -1.302003 7.401375 3.622808 0.407299 0.024015 -1.084069 0.483294 -0.010141 -6.308084 0.216145 -0.010102 -0.487652 0.215115 0.009062 5.470919 0.162062 0.006650 15.529510 0.334213 -0.110768 -7.187992 0.621324 -1.669911 10.130009 8.686923 -9.671807 -19.556709 74.673658 19.824384 53.619762 14.089842 0.670125 14.367874 -5.633733 -0.310221 7.911189 -7.138844 9.393265 -17.486016 -75.271609 -29.537053 62.151723 -21.552072 -5.802426 13.489467 2.941969 -4.219221 -1.438208 -1.170268 -0.107643 5.304854 0.169416 -2.272036 -7.569500 -0.372400 -0.000000 -0.000000 0.000000 0.580924 -2.322372 0.259324 -0.690446 4.432644 0.469373 2.360769 -6.439380 -2.698025 0.000000 -0.000000 -0.000000
-0.054359 0.956026 -1.301038 7.417254 3.500341 0.492904 -0.035601 -0.998462 0.456050 -0.035532 -6.270101 0.203818 -0.035341 -0.449671 0.200211 -0.011034 5.499400 0.150821 0.024832 15.499223 0.320324 -0.071855 -7.244388 0.588800 -1.681866 10.055421 8.738248 -9.808094 -19.538728 74.579713 20.153122 53.720687 14.416162 0.667458 14.365484 -5.676217 -0.298871 7.837061 -7.158675 9.358863 -17.580786 -75.159605 -30.072706 62.073830 -21.968499 -5.745452 13.498890 2.870679 -3.794400 -1.466773 -1.281083 -0.210481 5.784163 0.185435 -2.652608 -8.149957 -0.242211 -0.000000 -0.000000 0.000000 0.253506 -2.265949 0.194299 -0.598450 4.762078 0.472049 2.649795 -7.035517 -2.875530 0.000000 0.000000 -0.000000
-0.054299 0.955932 -1.299945 7.442789 3.372740 0.575548 -0.106420 -0.905121 0.432231 -0.066048 -6.228684 0.193024 -0.065679 -0.408256 0.186319 -0.034875 5.530455 0.140342 0.047279 15.463305 0.300167 -0.022658 -7.311259 0.542985 -1.694168 9.969884 8.796323 -9.961686 -19.522290 74.469957 20.491568 53.844044 14.767979 0.660908 14.360235 -5.733676 -0.279381 7.753940 -7.185378 9.348373 -17.698439 -75.056928 -30.629464 62.011775 -22.401850 -5.669440 13.513056 2.812699 -3.305513 -1.490083 -1.374529 -0.365455 6.299412 0.175503 -3.055403 -8.812293 -0.048419 0.000000 -0.000000 0.000000 -0.074820 -2.207434 0.125857 -0.510984 5.122536 0.492106 2.935100 -7.718842 -3.076422 0.000000 0.000000 0.000000
-0.054360 0.955822 -1.298627 7.469345 3.252465 0.648500 -0.178619 -0.804929 0.410763 -0.097280 -6.184216 0.183310 -0.096734 -0.363793 0.173435 -0.059175 5.563797 0.130625 0.069235 15.412964 0.281761 0.024960 -7.404883 0.500613 -1.706219 9.880451 8.850681 -10.153803 -19.485624 74.384585 20.820822 53.963982 15.090038 0.654221 14.357345 -5.771690 -0.293698 7.674138 -7.197862 9.336825 -17.810750 -74.964182 -31.179665 61.859459 -22.806499 -5.589087 13.534820 2.753289 -2.924685 -1.492255 -1.449008 -0.452371 6.796757 0.173535 -3.409825 -9.530845 0.136917 -0.000000 -0.000000 -0.000000 -0.317179 -2.121554 0.079632 -0.484333 5.455620 0.504723 3.204084 -8.475399 -3.313388 -0.000000 0.000000 -0.000000
-0.054592 0.955672 -1.297073 7.494974 3.138392 0.707583 -0.249162 -0.692366 0.391816 -0.127893 -6.134243 0.174763 -0.127179 -0.313826 0.161780 -0.082921 5.601268 0.121842 0.089248 15.340788 0.266861 0.067631 -7.539023 0.465492 -1.720848 9.782515 8.890772 -10.401462 -19.420335 74.368010 21.096851 54.077584 15.317616 0.649284 14.360205 -5.765927 -0.368715 7.596772 -7.181180 9.352780 -17.900598 -74.890278 -31.742322 61.579787 -23.178928 -5.506735 13.573662 2.688560 -2.728981 -1.470006 -1.506097 -0.418644 7.272948 0.198064 -3.679990 -10.330844 0.298016 -0.000000 -0.000000 -0.000000 -0.425927 -1.992438 0.072467 -0.557720 5.746067 0.497906 3.459315 -9.353620 -3.622287 0.000000 0.000000 0.000000
-0.054945 0.955507 -1.295295 7.521717 3.031659 0.756986 -0.321071 -0.572907 0.375225 -0.159217 -6.081202 0.167308 -0.158338 -0.260792 0.151145 -0.107123 5.641040 0.113831 0.108790 15.254193 0.253794 0.108772 -7.699921 0.433925 -1.735197 9.680636 8.927222 -10.687554 -19.334168 74.375453 21.363115 54.188419 15.514742 0.643959 14.365446 -5.740797 -0.477457 7.522882 -7.149794 9.367990 -17.985035 -74.826334 -32.288529 61.210906 -23.511648 -5.419995 13.620003 2.622470 -2.641586 -1.428049 -1.544814 -0.316717 7.731125 0.229652 -3.901181 -11.187572 0.449224 0.000000 0.000000 -0.000000 -0.448868 -1.835146 0.088530 -0.692318 6.008885 0.484415 3.701667 -10.304625 -3.968651 -0.000000 0.000000 0.000000
-0.055340 0.955326 -1.293236 7.546966 2.948148 0.802589 -0.393585 -0.463914 0.359516 -0.190836 -6.032808 0.160277 -0.189795 -0.212408 0.140904 -0.131515 5.677325 0.106119 0.127507 15.166649 0.245445 0.146677 -7.862560 0.411416 -1.740132 9.595634 8.981133 -10.982524 -19.230249 74.313408 21.731444 54.280048 15.819235 0.636078 14.368060 -5.734945 -0.581159 7.467564 -7.126955 9.272155 -18.086964 -74.745601 -32.716936 60.761292 -23.750247 -5.336314 13.647773 2.552264 -2.603883 -1.363047 -1.560034 -0.183943 8.126953 0.244326 -4.107811 -12.000792 0.562755 -0.000000 0.000000 0.000000 -0.442397 -1.670523 0.104535 -0.827392 6.231110 0.476989 3.912767 -11.168926 -4.258098 0.000000 0.000000 -0.000000
-0.055733 0.955140 -1.290861 7.568876 2.893512 0.846675 -0.464868 -0.373851 0.343490 -0.221874 -5.992821 0.153123 -0.220676 -0.172433 0.130600 -0.155476 5.707304 0.098360 0.144675 15.084227 0.244445 0.178994 -8.015667 0.403173 -1.723408 9.549013 9.071218 -11.259698 -19.117103 74.115167 22.262333 54.310254 16.306539 0.623838 14.363891 -5.771130 -0.664393 7.442657 -7.126851 8.978578 -18.212191 -74.619760 -32.921321 60.167390 -23.809880 -5.260258 13.638017 2.475069 -2.626591 -1.262474 -1.543686 -0.013019 8.424532 0.221168 -4.301527 -12.733757 0.621385 -0.000000 0.000000 0.000000 -0.406904 -1.500506 0.109211 -0.939458 6.400995 0.484907 4.063691 -11.894254 -4.453882 0.000000 -0.000000 -0.000000
-0.056169 0.954937 -1.288204 7.589364 2.862107 0.887002 -0.536721 -0.294243 0.328463 -0.253198 -5.957477 0.146433 -0.251844 -0.137102 0.120730 -0.179617 5.733801 0.090929 0.161037 15.000885 0.248189 0.208047 -8.170474 0.404071 -1.697148 9.519389 9.178480 -11.547178 -18.988489 73.847938 22.893804 54.318967 16.900701 0.609412 14.356942 -5.826517 -0.742719 7.436168 -7.135696 8.573198 -18.354050 -74.474677 -33.017586 59.494824 -23.782114 -5.186842 13.609334 2.394248 -2.699008 -1.139031 -1.504233 0.187892 8.660249 0.179474 -4.479550 -13.423218 0.641705 0.000000 -0.000000 -0.000000 -0.341998 -1.323099 0.114158 -1.051582 6.530386 0.499617 4.179524 -12.533526 -4.590458 -0.000000 0.000000 -0.000000
-0.056696 0.954679 -1.285310 7.611467 2.852866 0.922671 -0.613836 -0.217059 0.316762 -0.287006 -5.923214 0.141250 -0.285486 -0.102855 0.112115 -0.205515 5.759485 0.084445 0.178447 14.911927 0.251699 0.239161 -8.335713 0.404103 -1.688857 9.463299 9.267563 -11.897155 -18.825825 73.618475 23.558578 54.413073 17.516687 0.596641 14.354389 -5.871333 -0.823865 7.427372 -7.134975 8.204683 -18.517761 -74.365038 -33.230841 58.945565 -23.871732 -5.109587 13.591967 2.315921 -2.730382 -1.026979 -1.460780 0.358346 8.898012 0.156251 -4.669528 -14.079120 0.647438 0.000000 -0.000000 -0.000000 -0.302853 -1.153396 0.129677 -1.172800 6.641872 0.506718 4.319867 -13.085333 -4.679097 -0.000000 -0.000000 0.000000
-0.057331 0.954360 -1.282224 7.645197 2.867738 0.949743 -0.699833 -0.137956 0.312009 -0.325074 -5.888109 0.139197 -0.323370 -0.067771 0.106197 -0.234388 5.785795 0.079998 0.194465 14.808622 0.252600 0.268656 -8.527588 0.399733 -1.716928 9.354223 9.322060 -12.344887 -18.617051 73.474586 24.263215 54.673345 18.146892 0.587403 14.361128 -5.890336 -0.912924 7.410695 -7.114797 7.943462 -18.720487 -74.319793 -33.642417 58.608284 -24.167019 -5.027535 13.594541 2.248273 -2.688170 -0.939008 -1.421982 0.483551 9.159345 0.177422 -4.897373 -14.723280 0.649738 -0.000000 0.000000 0.000000 -0.331545 -1.006805 0.160331 -1.314490 6.751639 0.499969 4.525914 -13.544080 -4.705537 -0.000000 0.000000 -0.000000
-0.058057 0.953987 -1.278901 7.680579 2.904775 0.972193 -0.791054 -0.061246 0.310676 -0.365618 -5.854075 0.138697 -0.363722 -0.033761 0.101582 -0.265010 5.811298 0.076535 0.211574 14.699698 0.253359 0.300287 -8.729899 0.394628 -1.763007 9.218599 9.359046 -12.853779 -18.373670 73.365811 25.012809 55.018249 18.808888 0.579550 14.372338 -5.898845 -1.004656 7.391863 -7.084840 7.719338 -18.946577 -74.309979 -34.166653 58.391892 -24.577076 -4.942387 13.608322 2.182143 -2.604835 -0.862475 -1.378935 0.578922 9.422281 0.217668 -5.136613 -15.334083 0.637946 0.000000 0.000000 -0.000000 -0.385805 -0.867960 0.201241 -1.465410 6.843390 0.485563 4.755151 -13.915386 -4.683713 -0.000000 -0.000000 0.000000
-0.058880 0.953538 -1.275254 7.690670 2.957065 1.000963 -0.881327 0.008082 0.304305 -0.405508 -5.823311 0.135963 -0.403425 -0.003024 0.094799 -0.295310 5.834349 0.071440 0.238971 14.606633 0.256160 0.350518 -8.902771 0.389368 -1.799626 9.092414 9.393293 -13.367623 -18.111886 73.251285 25.734721 55.313421 19.452418 0.570782 14.380615 -5.912952 -1.091260 7.367153 -7.055805 7.470252 -19.152852 -74.304536 -34.768132 58.228837 -25.028894 -4.852334 13.637399 2.096889 -2.487184 -0.793651 -1.324160 0.629196 9.685411 0.237659 -5.336516 -15.856268 0.602841 -0.000000 0.000000 0.000000 -0.394278 -0.705842 0.248367 -1.600764 6.890976 0.467795 4.942271 -14.214538 -4.667416 -0.000000 -0.000000 -0.000000
-0.059803 0.953009 -1.271244 7.667575 3.015716 1.038840 -0.967795 0.071075 0.290371 -0.443359 -5.795343 0.129865 -0.441101 0.024915 0.084859 -0.324330 5.855306 0.063966 0.281116 14.541558 0.261883 0.427401 -9.023665 0.383890 -1.807591 8.994637 9.432385 -13.882372 -17.837531 73.110777 26.420512 55.498548 20.071826 0.560202 14.382270 -5.943138 -1.169236 7.327346 -7.031800 7.169321 -19.319511 -74.300081 -35.430132 58.127540 -25.492499 -4.757460 13.689851 1.980373 -2.314369 -0.725689 -1.249285 0.594429 9.947530 0.214591 -5.469430 -16.245953 0.530096 -0.000000 0.000000 0.000000 -0.311457 -0.500511 0.302001 -1.721624 6.877439 0.449488 5.050776 -14.428248 -4.676695 -0.000000 -0.000000 -0.000000
-0.060823 0.952405 -1.266911 7.619226 3.089672 1.082954 -1.053371 0.126608 0.271392 -0.480575 -5.770674 0.121521 -0.478147 0.049554 0.072737 -0.353044 5.873790 0.054847 0.333475 14.492362 0.269399 0.522835 -9.115053 0.377807 -1.806156 8.906317 9.468423 -14.402264 -17.545136 72.964003 27.070428 55.635539 20.665890 0.548972 14.380836 -5.978869 -1.242120 7.281672 -7.008639 6.843225 -19.466526 -74.300014 -36.172550 58.079468 -26.000933 -4.659306 13.756770 1.843200 -2.107140 -0.665454 -1.162891 0.513640 10.209784 0.170911 -5.563110 -16.546932 0.432908 0.000000 0.000000 0.000000 -0.182795 -0.271881 0.362010 -1.826708 6.819743 0.428212 5.116622 -14.570008 -4.690401 0.000000 -0.000000 0.000000
-0.061931 0.951719 -1.262282 7.542453 3.198807 1.135668 -1.140583 0.166375 0.246496 -0.518233 -5.752992 0.110519 -0.515629 0.067203 0.057912 -0.382290 5.887036 0.043686 0.391730 14.444168 0.277863 0.629033 -9.204561 0.371161 -1.825560 8.806619 9.492916 -14.883752 -17.234021 72.830568 27.618060 55.775453 21.184327 0.537835 14.379752 -6.004715 -1.312753 7.254039 -6.984797 6.509978 -19.609705 -74.283076 -37.008651 57.992574 -26.567188 -4.557948 13.816652 1.699248 -1.934737 -0.629566 -1.083142 0.489795 10.474780 0.134734 -5.649901 -16.835384 0.343083 -0.000000 0.000000 0.000000 -0.073454 -0.048676 0.423399 -1.887704 6.742748 0.400235 5.183552 -14.695245 -4.700624 -0.000000 0.000000 -0.000000
-0.063118 0.950952 -1.257400 7.438257 3.353048 1.202802 -1.231676 0.184792 0.211011 -0.557113 -5.744764 0.094748 -0.554319 0.075394 0.038195 -0.412815 5.893194 0.028829 0.454375 14.393549 0.290928 0.741768 -9.298555 0.371381 -1.880507 8.685576 9.504713 -15.292927 -16.903773 72.717162 27.997556 55.936036 21.585117 0.531898 14.378831 -6.025841 -1.385386 7.261696 -6.956006 6.158045 -19.763390 -74.233296 -37.911021 57.823537 -27.173354 -4.451826 13.857027 1.551509 -1.827330 -0.634333 -1.023364 0.570916 10.753211 0.118964 -5.749388 -17.135551 0.277843 0.000000 0.000000 -0.000000 -0.026683 0.155944 0.482309 -1.872945 6.650508 0.356966 5.262005 -14.816226 -4.699645 -0.000000 0.000000 0.000000
-0.064394 0.950103 -1.252223 7.305808 3.542607 1.278172 -1.324458 0.187263 0.169924 -0.596476 -5.743594 0.076439 -0.593483 0.076524 0.015890 -0.443894 5.894062 0.012015 0.522926 14.343956 0.304970 0.865288 -9.390603 0.371073 -1.956273 8.553036 9.505822 -15.662877 -16.554031 72.615258 28.272118 56.102412 21.905954 0.525896 14.378358 -6.037101 -1.455765 7.287496 -6.926980 5.798761 -19.912513 -74.165677 -38.898481 57.614619 -27.825099 -4.342786 13.889762 1.396873 -1.754719 -0.663211 -0.970333 0.709080 11.034829 0.110174 -5.841896 -17.423236 0.220047 0.000000 0.000000 -0.000000 0.000749 0.355272 0.541982 -1.814204 6.539255 0.306087 5.341549 -14.920653 -4.695246 0.000000 0.000000 0.000000
-0.065777 0.949162 -1.246656 7.139132 3.757771 1.346031 -1.414746 0.182058 0.136873 -0.635092 -5.745841 0.061697 -0.631901 0.074235 -0.002772 -0.474134 5.892363 -0.002056 0.597604 14.290780 0.308336 1.004539 -9.489206 0.348196 -2.038905 8.417760 9.492710 -16.050258 -16.184040 72.521047 28.572260 56.275954 22.219004 0.504289 14.382846 -6.008019 -1.514040 7.303604 -6.909601 5.484784 -20.028863 -74.106464 -40.049330 57.400763 -28.565667 -4.235268 13.930121 1.240547 -1.695564 -0.683427 -0.902461 0.863589 11.291083 0.096684 -5.900569 -17.701970 0.149923 0.000000 -0.000000 0.000000 0.073492 0.560332 0.607732 -1.778322 6.421976 0.268668 5.434959 -15.026930 -4.703319 0.000000 -0.000000 -0.000000
-0.067278 0.948146 -1.240639 6.938119 3.985364 1.409121 -1.504332 0.178184 0.109774 -0.673671 -5.747503 0.049615 -0.670283 0.072528 -0.018770 -0.504145 5.891101 -0.014118 0.676724 14.231130 0.298162 1.157529 -9.599655 0.297946 -2.124051 8.286156 9.466875 -16.474811 -15.805101 72.443394 28.913404 56.523193 22.528756 0.459411 14.375721 -5.896962 -1.548070 7.317098 -6.898456 5.225278 -20.121625 -74.074018 -41.379216 57.194013 -29.395052 -4.120678 13.991583 1.062340 -1.670377 -0.667847 -0.814705 1.028685 11.503416 0.059475 -5.899422 -17.972238 0.069530 -0.000000 -0.000000 -0.000000 0.217422 0.825336 0.675449 -1.790295 6.228058 0.251823 5.542140 -15.114106 -4.727642 0.000000 -0.000000 -0.000000
-0.068885 0.947038 -1.234232 6.702829 4.238618 1.464099 -1.591350 0.166717 0.090859 -0.711479 -5.752556 0.041161 -0.707894 0.067430 -0.031062 -0.533294 5.887292 -0.023390 0.761921 14.167755 0.277338 1.326274 -9.716779 0.225082 -2.216008 8.151391 9.427185 -16.916224 -15.405683 72.371488 29.282497 56.776423 22.832197 0.397254 14.374824 -5.746474 -1.570118 7.320657 -6.898965 5.011562 -20.182065 -74.051947 -42.866803 56.978389 -30.306361 -4.008442 14.059949 0.881415 -1.658371 -0.643337 -0.712052 1.209737 11.690582 0.016487 -5.864200 -18.233397 -0.024281 -0.000000 -0.000000 0.000000 0.406862 1.096227 0.748658 -1.824588 6.027930 0.249399 5.663161 -15.202932 -4.764673 -0.000000 -0.000000 -0.000000
-0.070588 0.945773 -1.227514 6.427281 4.547217 1.485791 -1.665920 0.129419 0.100314 -0.745033 -5.769181 0.045278 -0.741256 0.050762 -0.030351 -0.558263 5.874792 -0.022872 0.858377 14.104471 0.242770 1.521772 -9.833360 0.121733 -2.313688 8.002109 9.366034 -17.371519 -14.951980 72.271082 29.767053 56.833755 23.195479 0.322726 14.434989 -5.653517 -1.607031 7.264316 -6.938256 4.870326 -20.155039 -74.017235 -44.534823 56.743726 -31.333223 -3.928077 14.110385 0.763390 -1.576077 -0.658091 -0.588381 1.383261 11.879762 0.011948 -5.845875 -18.487345 -0.158744 0.000000 -0.000000 0.000000 0.629659 1.221576 0.844057 -1.872910 6.045966 0.262601 5.811572 -15.374185 -4.820024 -0.000000 0.000000 0.000000
-0.072358 0.944371 -1.220501 6.074544 4.930650 1.478236 -1.716228 0.045651 0.133103 -0.768833 -5.806539 0.059631 -0.764885 0.013373 -0.018414 -0.575076 5.846738 -0.013917 0.972104 14.054761 0.201286 1.752632 -9.924239 -0.001489 -2.435728 7.827939 9.280495 -17.848138 -14.408489 72.141285 30.323622 56.639359 23.594243 0.253936 14.608117 -5.643572 -1.688892 7.095524 -7.038995 4.840077 -19.971108 -73.967454 -46.331949 56.506055 -32.424704 -3.868565 14.132649 0.694853 -1.258345 -0.760904 -0.453785 1.464475 12.115423 0.059084 -5.885251 -18.724282 -0.357562 -0.000000 0.000000 0.000000 0.897074 1.254432 0.931703 -1.983687 6.163705 0.325681 6.059393 -15.658179 -4.919599 -0.000190 0.014219 0.010311
-0.074224 0.942812 -1.213177 5.680808 5.368924 1.435371 -1.753722 -0.063258 0.194938 -0.788222 -5.855182 0.086852 -0.784109 -0.035295 0.006839 -0.587566 5.810206 0.005058 1.097052 14.005156 0.145899 2.010297 -10.014217 -0.155536 -2.563021 7.638284 9.174360 -18.339092 -13.812939 71.977833 30.985295 56.246636 24.053769 0.173595 14.840662 -5.693045 -1.784789 6.865303 -7.175887 4.883811 -19.699063 -73.909582 -48.301925 56.241465 -33.623370 -3.837700 14.139662 0.691895 -0.870025 -0.903479 -0.300883 1.539467 12.352618 0.145827 -5.942527 -18.954297 -0.595860 -0.000000 0.000000 0.000000 1.198116 1.141631 1.040553 -2.108775 6.499768 0.403178 6.336401 -16.023701 -5.040121 -0.000369 0.028437 0.020622
-0.076263 0.940977 -1.205573 5.349160 5.831989 1.317882 -1.803035 -0.151988 0.321809 -0.815779 -5.895124 0.143192 -0.811471 -0.075279 0.060382 -0.603987 5.780143 0.045362 1.220370 13.919034 0.052829 2.280448 -10.170847 -0.380912 -2.637997 7.451672 9.049260 -18.821887 -13.242630 71.746266 31.941678 55.614388 24.707891 0.035918 15.027711 -5.825344 -1.830797 6.679735 -7.305682 4.914277 -19.490665 -73.833149 -50.594429 55.868603 -35.084432 -3.888562 14.146346 0.867442 -0.822233 -0.987438 -0.092370 1.841641 12.485199 0.276473 -5.946832 -19.209035 -0.828546 -0.000000 -0.000000 0.000000 1.486551 0.571994 1.276832 -2.100065 7.633608 0.387871 6.442392 -16.460571 -5.112434 0.000000 -0.000000 0.000000
-0.078597 0.938829 -1.197578 5.095562 6.349931 1.116441 -1.880641 -0.246287 0.518921 -0.858984 -5.937857 0.230864 -0.854379 -0.118072 0.143664 -0.629766 5.747922 0.108065 1.348276 13.813199 -0.076613 2.574578 -10.362476 -0.677734 -2.636692 7.309572 8.894883 -19.386049 -12.712948 71.437694 33.284212 54.718129 25.690449 -0.186703 15.120776 -6.029667 -1.812452 6.594402 -7.426183 4.955178 -19.392156 -73.709819 -53.284848 55.378850 -36.913915 -4.027228 14.197592 1.255281 -1.316394 -0.973981 0.198265 2.568261 12.411840 0.444735 -5.907729 -19.496707 -1.031570 -0.000000 0.000000 -0.000000 1.720944 -0.551160 1.720048 -1.837610 9.715554 0.213297 6.164972 -17.117490 -5.113145 0.000597 0.287508 -0.001837
-0.081104 0.936405 -1.189303 4.901863 6.892053 0.841313 -1.968643 -0.319160 0.781143 -0.909683 -5.971389 0.347691 -0.904752 -0.151676 0.255341 -0.658955 5.722524 0.192171 1.474698 13.671000 -0.243856 2.882535 -10.619638 -1.047091 -2.583727 7.171108 8.719475 -19.946385 -12.210946 71.067790 34.857423 53.568826 26.816045 -0.461040 15.168637 -6.318917 -1.745547 6.554938 -7.542563 4.982759 -19.356966 -73.565819 -56.237869 54.740829 -38.937865 -4.237426 14.264201 1.826268 -2.147848 -0.891659 0.553683 3.521606 12.235634 0.647162 -5.813514 -19.808615 -1.230664 0.000000 -0.000000 -0.000000 1.925349 -2.132364 2.290495 -1.463559 12.599813 -0.026026 5.714239 -17.848848 -5.047806 -0.000282 0.532396 -0.034375
-0.083505 0.933694 -1.181111 4.820500 7.337574 0.485515 -2.038390 -0.246644 1.126938 -0.956355 -5.940688 0.502471 -0.951263 -0.121062 0.405392 -0.682345 5.745174 0.305325 1.568847 13.405842 -0.476827 3.160272 -11.102642 -1.532786 -2.493991 6.932669 8.551767 -20.221581 -11.767187 70.649504 36.493958 52.182218 27.734361 -0.739928 15.214660 -6.748355 -1.612322 6.504596 -7.625214 4.837037 -19.399182 -73.468600 -59.257665 53.846761 -40.858007 -4.537640 14.256079 2.603297 -3.118835 -0.742621 0.945759 4.343751 12.156711 0.897099 -5.560106 -20.149983 -1.457994 -0.000000 -0.000000 -0.000000 2.145023 -4.197064 2.851191 -1.215799 16.417077 -0.195194 5.528567 -18.202196 -4.910943 -0.000615 -0.382565 -0.280252
-0.085803 0.930604 -1.173275 4.888041 7.626453 0.016328 -2.090980 0.043976 1.589456 -1.001574 -5.813526 0.710272 -0.996496 0.006007 0.608604 -0.700776 5.839999 0.458779 1.628623 12.972322 -0.803773 3.419746 -11.894296 -2.191513 -2.377610 6.409770 8.373931 -20.165948 -11.223205 70.115374 38.305460 50.621608 28.390937 -0.981230 15.349732 -7.305774 -1.364563 6.361538 -7.639402 4.422402 -19.544346 -73.474158 -62.354431 52.724356 -42.661457 -4.937168 14.154141 3.645919 -4.362902 -0.511112 1.361324 4.950921 12.247514 1.244874 -4.971839 -20.516821 -1.758335 0.000360 0.012348 -0.028179 2.226153 -6.877596 3.428586 -1.121685 21.537376 -0.286164 5.873113 -17.991462 -4.788386 0.018979 -3.206620 -0.840802
-0.087994 0.927227 -1.165521 5.068983 7.821386 -0.530982 -2.116910 0.477152 2.135617 -1.040039 -5.623221 0.955903 -1.035113 0.196249 0.850318 -0.711424 5.982060 0.641483 1.657864 12.417638 -1.198532 3.660366 -12.906780 -2.977031 -2.220717 5.789940 8.197693 -19.834237 -10.725170 69.540708 40.172110 48.841252 28.782518 -1.228375 15.493813 -7.997265 -1.048986 6.210950 -7.626959 3.832045 -19.774325 -73.515755 -65.444403 51.351276 -44.275337 -5.422464 14.004977 4.906099 -5.744107 -0.199815 1.804821 5.430705 12.437874 1.644617 -4.221381 -20.909058 -2.094461 0.000583 0.024630 -0.056388 2.280723 -10.044868 3.986035 -1.124366 27.586676 -0.277446 6.499358 -17.401766 -4.635428 0.101139 -7.170864 -1.713629
-0.089790 0.923821 -1.157398 5.308724 7.985569 -1.060836 -2.073500 0.952614 2.683895 -1.049075 -5.413682 1.202382 -1.044535 0.405780 1.095889 -0.700077 6.138545 0.827271 1.635249 11.793937 -1.607117 3.819240 -14.046275 -3.777446 -2.008267 5.527980 8.096385 -19.082396 -10.756074 69.139246 41.649592 46.718465 28.676694 -1.560434 15.439806 -8.907344 -0.793819 6.245759 -7.667801 3.189031 -20.035648 -73.475675 -68.210124 49.588911 -45.335235 -5.995952 13.808815 6.239639 -6.662888 0.139615 2.274253 5.682487 12.708840 1.975241 -3.729781 -21.342133 -2.370821 -0.000000 -0.000000 0.000000 2.795219 -13.343122 4.245901 -1.266446 33.571925 0.013866 7.092789 -16.544830 -4.251585 0.283597 -11.108723 -2.915638
-0.091092 0.920270 -1.148840 5.644936 8.083499 -1.605565 -1.958902 1.504426 3.260675 -1.029536 -5.169643 1.461303 -1.025647 0.649818 1.356821 -0.666620 6.320819 1.024849 1.548455 11.045508 -2.039947 3.881663 -15.417148 -4.611304 -1.701293 5.949409 8.130320 -17.689933 -11.693434 68.936229 42.412038 44.083532 27.732087 -2.055936 15.069863 -10.171912 -0.707235 6.659990 -7.805691 2.292983 -20.474450 -73.288935 -70.349618 47.284136 -45.423639 -6.703430 13.567907 7.660694 -6.710305 0.476029 2.864251 5.549935 13.152831 2.198479 -3.768305 -21.890387 -2.562510 -0.001058 -0.042976 0.248926 4.274875 -16.715727 3.943078 -1.641143 39.496631 0.921670 7.613137 -15.301038 -3.353843 0.646620 -15.038289 -4.768546
-0.092000 0.916691 -1.139912 6.041191 8.152590 -2.132820 -1.772565 2.092287 3.844244 -0.979941 -4.908591 1.722393 -0.976741 0.910937 1.622931 -0.610439 6.515930 1.226422 1.412177 10.229478 -2.489115 3.872092 -16.913514 -5.468199 -1.345521 6.727844 8.250066 -15.839698 -13.165108 68.756840 42.951000 41.161851 26.349442 -2.627130 14.530564 -11.668784 -0.694102 7.259001 -7.983721 1.344893 -20.944835 -73.000139 -72.275749 44.637252 -45.061572 -7.538711 13.285641 9.137186 -6.295202 0.804303 3.488505 5.189313 13.671645 2.364704 -4.071553 -22.484143 -2.681658 -0.001518 -0.123198 0.582387 6.324743 -20.207108 3.179395 -1.877033 45.327008 2.376445 8.171332 -13.831113 -2.193661 1.197727 -18.869135 -7.062250
-0.092518 0.913687 -1.130364 6.329752 8.360170 -2.449250 -1.487257 2.508902 4.274817 -0.878200 -4.721773 1.913633 -0.875570 1.097981 1.824467 -0.519833 6.655892 1.378979 1.241440 9.565237 -2.869970 3.764450 -18.133095 -6.174815 -1.055267 7.338456 8.362609 -13.994526 -14.533845 68.590048 43.948102 38.428475 25.328856 -3.113552 14.017361 -13.101805 -0.569714 7.653152 -8.132638 1.081583 -20.946238 -72.715232 -74.626879 41.999411 -45.237017 -8.433528 12.931425 10.448763 -6.047776 1.119871 3.873058 4.965077 13.958791 2.479366 -4.254883 -22.926364 -2.689723 -0.002049 -0.332944 0.761078 8.096562 -23.621616 2.289986 -1.472513 50.029685 3.826813 8.602515 -12.642320 -1.340932 1.656736 -21.362758 -8.767138
-0.092616 0.911378 -1.120183 6.457784 8.788183 -2.468889 -1.097833 2.655575 4.487009 -0.717062 -4.653129 2.006148 -0.715008 1.166893 1.933333 -0.391453 6.707753 1.461096 1.027661 9.151190 -3.156061 3.514110 -18.897332 -6.662231 -0.876606 7.538325 8.452426 -12.183986 -15.527185 68.515033 45.304638 35.975159 24.606716 -3.502911 13.591471 -14.472480 -0.183856 7.673025 -8.244491 1.746365 -20.250722 -72.562856 -77.371217 39.352476 -46.206959 -9.498170 12.357160 11.470301 -6.259361 1.411831 3.897246 5.054637 13.910233 2.543764 -4.164713 -23.187356 -2.577512 -0.003309 -0.689839 0.667609 9.358660 -26.982945 1.419516 -0.356580 53.271203 4.955887 8.765283 -11.946839 -1.041307 1.772840 -22.010428 -9.280416
-0.092326 0.909645 -1.109381 6.480642 9.351005 -2.277596 -0.621673 2.639758 4.535289 -0.507565 -4.655584 2.024944 -0.506199 1.164633 1.973398 -0.231919 6.706582 1.490950 0.774741 8.887597 -3.369769 3.141999 -19.390392 -6.978998 -0.759858 7.567751 8.529090 -10.387993 -16.431521 68.527097 47.017402 33.739279 24.112039 -3.829806 13.226198 -15.789691 0.323504 7.489948 -8.344252 3.082515 -19.089535 -72.389016 -80.318818 36.594851 -47.639769 -10.625527 11.663547 12.312136 -6.649319 1.702013 3.679158 5.276387 13.631643 2.547205 -3.950253 -23.296655 -2.361714 -0.003896 -1.175719 0.419189 10.363237 -30.268081 0.511707 1.170822 55.410006 5.864549 8.723829 -11.488597 -1.043026 1.631996 -21.435814 -8.951397
-0.091744 0.908733 -1.097751 6.392095 9.962418 -1.939967 -0.071553 2.568789 4.435419 -0.257084 -4.681924 1.977394 -0.256479 1.138453 1.951287 -0.046253 6.687803 1.473744 0.513881 8.695084 -3.497819 2.707893 -19.757431 -7.118346 -0.676897 7.629822 8.529672 -9.024500 -17.455264 68.615158 49.702804 31.898893 24.503306 -4.023665 12.959005 -16.765646 0.711367 7.223292 -8.416349 5.093680 -17.670758 -71.912892 -83.732000 33.882809 -49.503566 -11.404673 11.187715 13.123799 -6.992034 2.057418 3.294342 5.455232 13.133146 2.471010 -3.675909 -23.146150 -2.050903 -0.002051 -1.828540 0.128517 10.888727 -33.247300 -0.236354 2.740498 56.497122 6.300489 8.559685 -11.040146 -1.176523 1.348227 -20.175490 -8.047479
-0.091029 0.908658 -1.085325 6.145617 10.622467 -1.449474 0.576083 2.470322 4.161623 0.045825 -4.720231 1.852026 0.045522 1.100236 1.856692 0.173251 6.660307 1.401733 0.254702 8.557915 -3.529630 2.225445 -20.027090 -7.064485 -0.637735 7.835836 8.444469 -8.498308 -18.814240 68.922009 53.789832 30.568617 26.293832 -4.066400 12.752385 -17.251374 0.847025 6.947693 -8.443653 8.183997 -16.161901 -71.026867 -88.012756 31.207127 -52.124633 -11.581381 11.122793 14.023474 -7.267390 2.536373 2.738974 5.631539 12.301639 2.295197 -3.371311 -22.760530 -1.623298 0.004264 -2.548081 -0.192301 10.610459 -35.915447 -0.534711 4.278566 56.455343 5.914161 8.319644 -10.523135 -1.455827 0.966944 -18.347061 -6.430301
-0.090023 0.909404 -1.072071 5.792971 11.335064 -0.816212 1.294664 2.327590 3.734340 0.388207 -4.779010 1.658345 0.386765 1.041320 1.697773 0.417356 6.617333 1.281096 -0.011471 8.490314 -3.473655 1.679849 -20.172415 -6.828824 -0.633179 8.078865 8.288765 -8.440173 -20.303293 69.350327 58.725826 29.329409 28.922642 -3.974352 12.581442 -17.399880 0.862043 6.583718 -8.440463 11.969171 -14.515547 -69.750612 -92.606537 28.370748 -54.992514 -11.397836 11.272915 14.914530 -7.514499 3.073351 2.011934 5.766147 11.248348 2.047649 -2.998234 -22.115555 -1.103833 0.016625 -3.434756 -0.555180 9.731559 -38.308793 -0.488701 5.784433 55.383161 4.932957 7.983008 -10.006827 -1.898668 0.551597 -15.816313 -4.296519
-0.088350 0.911169 -1.057677 5.472111 12.018176 -0.127659 1.997844 2.176687 3.244734 0.726608 -4.843158 1.437376 0.723965 0.976809 1.511143 0.656340 6.569944 1.139614 -0.280449 8.457284 -3.347069 1.091418 -20.255326 -6.450134 -0.608572 8.237509 8.037387 -8.081966 -21.498871 69.488619 63.610146 27.667107 31.321655 -3.727856 12.483706 -17.372210 0.909666 6.018305 -8.436861 15.299877 -12.609230 -68.034740 -96.533855 25.421724 -56.932704 -11.190477 11.406814 15.628619 -7.587626 3.561135 1.191131 5.565536 10.319633 1.793723 -2.512704 -21.030281 -0.574059 0.037265 -4.827403 -0.884035 8.839314 -40.265528 -0.551544 6.928069 53.591700 3.897364 7.525800 -9.500290 -2.339431 0.217623 -12.712043 -2.456797
-0.085764 0.914205 -1.042181 5.215917 12.683624 0.624773 2.684554 2.013778 2.700849 1.060104 -4.914500 1.192736 1.056216 0.904937 1.300360 0.889818 6.516797 0.980032 -0.557325 8.429783 -3.141252 0.447810 -20.328538 -5.910527 -0.565222 8.268821 7.644792 -7.020407 -22.210511 69.116683 68.320981 25.474390 33.011339 -3.277576 12.471262 -17.138557 1.042344 5.120797 -8.455453 17.689993 -10.234819 -65.702925 -99.678398 22.501642 -57.526498 -11.060905 11.448547 16.020114 -7.446845 3.973403 0.252644 4.913335 9.549069 1.549543 -1.850804 -19.438521 -0.006030 0.071227 -6.808092 -1.198105 8.085341 -41.792382 -0.933378 7.537534 51.023970 2.847171 7.001990 -9.049756 -2.677828 -0.002132 -8.404205 -1.235843
-0.082511 0.918259 -1.025546 4.992969 13.318947 1.434796 3.356906 1.846037 2.096085 1.389843 -4.990016 0.921474 1.384623 0.828713 1.062574 1.118333 6.460075 0.800188 -0.835656 8.434357 -2.864501 -0.236063 -20.340762 -5.228591 -0.504451 8.222874 7.149768 -5.641394 -22.615608 68.457481 72.986543 23.048333 34.252294 -2.649422 12.478560 -16.732303 1.198921 4.021115 -8.494015 19.712033 -7.645973 -62.895528 -102.388441 19.643486 -57.356405 -10.896643 11.478080 16.235296 -7.134812 4.353329 -0.781791 3.926165 8.904295 1.322659 -1.047630 -17.409879 0.559499 0.120372 -9.294428 -1.482095 7.338071 -42.897676 -1.474180 7.814175 47.719146 1.798011 6.360857 -8.614543 -3.053696 -0.060963 -3.500571 -0.439802
-0.078956 0.922779 -1.007347 4.838195 13.801348 2.195530 3.935108 1.716186 1.506945 1.676394 -5.050456 0.657598 1.669950 0.767497 0.827765 1.314679 6.414232 0.622702 -1.093932 8.520426 -2.559530 -0.897064 -20.196972 -4.499255 -0.371852 8.113616 6.649535 -4.332881 -22.850474 67.739774 77.133359 20.663643 35.161726 -1.959248 12.488277 -16.400380 1.366208 2.996827 -8.537784 21.766903 -5.330161 -60.092157 -104.514922 16.892673 -56.944970 -10.719804 11.492290 16.532904 -6.610848 4.710499 -1.762231 2.658623 8.635416 1.156526 -0.216406 -14.965844 0.938351 0.174430 -12.378621 -1.608348 6.824706 -43.412387 -2.184227 7.792420 44.153406 1.067071 5.417255 -8.082289 -3.676083 -0.000000 0.000000 0.000000
-0.075160 0.927871 -0.987456 4.775976 14.109022 2.897523 4.396301 1.621825 0.946937 1.909074 -5.096430 0.407014 1.901615 0.720786 0.600782 1.471336 6.378967 0.451236 -1.330384 8.722553 -2.230932 -1.527194 -19.832100 -3.734340 -0.122690 7.868795 6.137401 -3.122321 -22.870763 66.993174 80.569411 18.248033 35.798385 -1.274067 12.560962 -16.280596 1.612319 1.994947 -8.566065 23.940582 -3.282655 -57.373005 -106.008363 14.239500 -56.482816 -10.604184 11.460081 16.906713 -5.685179 5.082855 -2.633578 0.938202 8.764674 1.048057 0.603573 -12.083647 1.003163 0.210185 -16.149327 -1.470690 6.717976 -43.244279 -3.196084 7.377562 40.364204 0.799625 3.846490 -7.319317 -4.865485 0.045177 0.951499 0.120162
-0.071062 0.933428 -0.966000 4.775039 14.260787 3.551023 4.766017 1.557677 0.409643 2.099723 -5.129838 0.166686 2.091429 0.686706 0.379803 1.597031 6.352950 0.284380 -1.543618 9.007055 -1.872555 -2.122979 -19.308666 -2.925978 0.200116 7.556855 5.615818 -1.985345 -22.715387 66.227499 83.560207 15.866335 36.244229 -0.542556 12.680538 -16.219923 1.870131 1.066142 -8.589097 26.118340 -1.481651 -54.692172 -106.988769 11.730635 -55.925034 -10.483148 11.404457 17.361245 -4.533754 5.455884 -3.443914 -1.060271 9.278203 0.982598 1.420421 -8.784622 0.883963 0.213992 -20.518650 -1.168857 6.808536 -42.467877 -4.388698 6.580708 36.342908 0.814069 2.009848 -6.540274 -6.398184 0.028451 0.477178 0.046926
-0.066843 0.938575 -0.942941 4.781744 14.194598 4.077733 5.037267 1.555036 -0.054700 2.242955 -5.135835 -0.041353 2.234086 0.680159 0.186296 1.689384 6.347473 0.138229 -1.713683 9.322589 -1.511846 -2.629883 -18.722543 -2.139761 0.520924 7.394416 5.203752 -1.229936 -22.659508 65.610103 86.283137 13.855285 36.822768 0.288374 12.729462 -16.035292 1.936391 0.646363 -8.606660 28.313213 -0.311767 -52.428852 -107.537907 9.490653 -55.445856 -10.186308 11.392487 18.176956 -3.651610 5.738410 -4.196253 -2.761588 10.369415 0.951652 2.191854 -5.154033 0.779838 0.197626 -25.313616 -0.880014 6.763504 -41.159019 -5.407294 5.551591 32.502762 0.862337 0.708011 -6.088522 -7.550560 0.000000 0.000000 0.000000
-0.062498 0.943212 -0.918014 4.771858 13.824139 4.453667 5.192818 1.653867 -0.429065 2.330511 -5.096062 -0.209972 2.321468 0.719582 0.026562 1.742812 6.376477 0.017449 -1.828178 9.644197 -1.156673 -3.019624 -18.121218 -1.396634 0.845462 7.479356 4.939191 -0.966752 -22.885628 65.193812 88.748805 12.220947 37.787294 1.188894 12.591800 -15.613259 1.673347 1.080009 -8.614524 30.690407 0.004577 -50.827279 -107.654574 7.483998 -55.139050 -9.588114 11.444676 19.604780 -3.186230 5.973427 -4.895808 -4.002361 12.019946 0.920473 3.007446 -1.059264 0.673161 0.191077 -31.203577 -0.663475 6.601704 -39.137676 -6.276893 4.065515 28.787044 0.898264 0.268109 -6.062693 -7.824427 -0.000000 -0.000000 0.000000
-0.058032 0.947438 -0.891484 4.765214 13.235748 4.701799 5.251457 1.807106 -0.728524 2.371575 -5.031334 -0.345469 2.362659 0.784144 -0.104761 1.763772 6.424394 -0.081949 -1.900471 9.998738 -0.802049 -3.320753 -17.455739 -0.680090 1.171286 7.705238 4.793167 -1.087159 -23.216235 64.911232 90.907640 10.822743 39.028910 2.198534 12.357522 -15.088957 1.236578 2.028754 -8.605792 33.023210 -0.160451 -49.805055 -107.378314 5.782391 -54.945979 -8.860632 11.501715 21.411237 -2.972942 6.092512 -5.537050 -4.943920 14.244397 0.876364 3.774904 3.367995 0.570710 0.157719 -37.518931 -0.448399 6.309505 -36.580984 -6.987344 2.379281 25.262722 1.051586 0.276059 -6.266589 -7.566296 0.000000 0.000000 -0.000000
-0.053643 0.950671 -0.864097 4.776451 12.627197 4.814320 5.259395 1.915632 -0.951788 2.386411 -4.985598 -0.446294 2.377651 0.829808 -0.204084 1.767521 6.458233 -0.157119 -1.950673 10.412350 -0.456765 -3.568172 -16.678639 0.001630 1.409886 7.981536 4.787248 -1.566364 -23.389541 64.731184 92.822733 9.759979 40.362186 3.475183 12.217243 -14.658780 0.861444 2.904281 -8.562996 34.721454 -0.270037 -49.223940 -106.857835 4.667317 -54.739393 -8.258546 11.534987 23.142453 -3.033200 5.818694 -6.115841 -5.495762 17.280310 0.833133 4.233940 7.647217 0.684802 0.065586 -42.075614 -0.175131 5.594931 -34.110609 -7.206135 1.345876 22.493477 1.191795 0.404806 -6.539319 -7.253150 0.000000 0.000000 0.000000
-0.049451 0.953045 -0.835712 4.783262 12.060755 4.743046 5.240294 1.911190 -1.076476 2.384090 -4.988902 -0.501788 2.375339 0.826504 -0.259819 1.761591 6.455518 -0.199173 -1.980880 10.959583 -0.130130 -3.759426 -15.652459 0.628775 1.557738 8.382515 4.979209 -2.476673 -23.368672 64.636561 94.608167 9.109852 41.830103 5.343443 12.295104 -14.329002 0.610060 3.513665 -8.487648 35.495756 -0.020438 -49.051325 -106.047954 4.347436 -54.343151 -7.843724 11.567159 24.698003 -3.427095 5.040461 -6.626403 -5.412813 21.337663 0.853970 4.323031 11.753911 1.188347 0.003815 -44.286500 -0.157111 4.101130 -31.877996 -6.594003 1.578838 20.632774 1.077782 0.589145 -6.785696 -7.197019 0.000000 -0.000000 -0.000000
-0.045335 0.954426 -0.806471 4.812647 11.474219 4.536832 5.168895 1.861603 -1.126633 2.354652 -5.011297 -0.523329 2.345920 0.804239 -0.284342 1.737686 6.438733 -0.217545 -1.988915 11.566532 0.185137 -3.894640 -14.514806 1.216446 1.618455 8.836236 5.307868 -3.740150 -23.192435 64.638036 96.174171 8.783260 43.467959 7.471163 12.487248 -14.081219 0.415268 4.048013 -8.377167 35.622521 0.321831 -49.277527 -105.010441 4.599469 -53.843497 -7.524379 11.602519 26.166837 -4.088582 3.862432 -7.071305 -4.909391 26.198553 0.900910 4.192728 15.722341 1.915739 -0.075834 -44.738776 -0.091949 2.308839 -29.693722 -5.607527 2.420574 19.498039 0.748367 0.901089 -7.110782 -7.096595 -0.000000 0.000000 -0.000000
-0.041139 0.953826 -0.777546 4.952310 10.879027 4.331705 5.018570 1.873264 -1.170720 2.289969 -5.006214 -0.542505 2.281492 0.809590 -0.310079 1.687431 6.442677 -0.236910 -1.989617 12.036208 0.506550 -4.017174 -13.630717 1.813128 1.508705 9.036636 5.612077 -5.097038 -22.709014 64.732567 97.294148 8.693134 45.073455 9.025859 12.659782 -14.051690 0.311078 4.491777 -8.192348 35.365232 0.400262 -49.734404 -104.052865 5.063360 -53.497188 -7.278355 11.625288 27.368158 -4.849693 2.335557 -7.460843 -4.632622 31.462873 0.770811 3.864751 19.163396 2.529629 -0.192605 -42.979201 0.854155 1.119944 -27.714133 -5.026556 2.809903 19.129933 0.444783 1.245493 -7.680387 -6.535531 0.000000 -0.000000 -0.000000
-0.036724 0.950448 -0.749215 5.293958 10.312409 4.127101 4.772961 1.943978 -1.214401 2.183104 -4.974624 -0.561707 2.175126 0.841579 -0.340131 1.605385 6.466590 -0.259588 -1.999519 12.331404 0.860032 -4.173255 -13.067443 2.478747 1.107276 8.699125 5.811533 -6.570056 -21.641749 64.893299 98.003989 8.797040 46.728346 9.607950 12.758480 -14.324307 0.304197 4.902490 -7.842167 34.866954 -0.007037 -50.386587 -103.318456 5.589560 -53.558035 -7.074165 11.655436 28.151140 -5.678335 0.378098 -7.803625 -5.109623 37.227843 0.223373 3.043409 22.396696 3.024908 0.152508 -38.234842 3.339890 0.989355 -26.077217 -5.123408 2.224136 19.649023 0.320230 1.576873 -8.489871 -5.112078 -0.000000 -0.000000 -0.000000
-0.032227 0.945089 -0.721201 5.745069 9.738618 3.919258 4.449071 2.077583 -1.253870 2.041441 -4.914753 -0.579168 2.034187 0.901968 -0.371960 1.497296 6.511831 -0.283647 -2.005168 12.490470 1.220403 -4.327242 -12.755004 3.159714 0.526772 8.115373 5.993380 -8.105282 -20.259914 65.068665 98.315856 9.221352 48.369659 9.619137 12.812784 -14.795452 0.387816 5.221577 -7.413227 33.994302 -0.694752 -51.252581 -102.658662 6.339478 -53.784324 -6.911376 11.692580 28.665591 -6.611935 -1.924118 -8.088054 -6.052566 43.381018 -0.810601 1.955004 25.108477 3.370682 1.353343 -31.136528 5.773793 1.364830 -24.669914 -5.486247 1.204337 20.941129 0.256010 1.974136 -9.553119 -3.248434 0.000000 -0.000000 -0.000000
-0.027903 0.939156 -0.693840 6.113333 9.057558 3.839179 4.072894 2.388119 -1.344478 1.879678 -4.776443 -0.620413 1.873505 1.040870 -0.429601 1.372555 6.615933 -0.327410 -1.978146 12.429650 1.530704 -4.407970 -12.853228 3.742340 0.039738 7.841230 6.241764 -9.357356 -19.227922 65.298411 97.949598 10.167519 49.564053 9.433074 12.815144 -15.314015 0.572816 5.258508 -7.131011 32.590590 -1.385210 -52.237748 -101.938801 7.432297 -53.716921 -6.813730 11.692209 29.183425 -7.576271 -4.273676 -8.298718 -6.879849 49.217183 -2.195161 1.314521 25.930197 3.241203 2.357378 -23.525432 6.481895 1.581692 -23.316886 -5.824395 0.292344 22.688110 0.126770 2.501512 -11.050465 -1.755451 0.000000 0.000000 0.000000
-0.023855 0.932542 -0.667477 6.302305 8.133266 4.012954 3.660671 3.020466 -1.555920 1.709297 -4.495768 -0.717074 1.704615 1.322090 -0.543522 1.237585 6.826602 -0.414069 -1.915821 12.009184 1.781944 -4.417879 -13.623006 4.219130 -0.203563 8.235433 6.561188 -10.158346 -18.948447 65.748063 96.692857 11.835587 50.023810 9.193600 12.778541 -15.883957 0.989840 4.695286 -7.118758 30.471396 -1.942971 -53.190949 -101.016335 8.967519 -53.251392 -6.837183 11.609655 29.830488 -8.654991 -6.535531 -8.475124 -7.291028 54.692696 -3.863676 1.517879 23.718597 2.286710 1.969504 -14.574234 4.759556 1.292679 -22.090390 -6.098016 -0.295511 25.221616 -0.178309 3.297659 -13.246096 -0.984179 0.000000 0.000000 0.000000
-0.019979 0.925352 -0.641769 6.401264 7.099540 4.316078 3.192489 3.824653 -1.828534 1.518455 -4.138512 -0.840318 1.515282 1.679858 -0.686102 1.085247 7.094628 -0.522470 -1.823436 11.368769 1.991327 -4.369345 -14.804478 4.618960 -0.335147 8.939080 6.931741 -10.698119 -19.007244 66.348651 94.710652 14.025872 49.898431 8.773196 12.657646 -16.499258 1.500265 3.845345 -7.254794 27.813909 -2.525270 -54.240060 -99.979047 10.836506 -52.498353 -6.920252 11.502552 30.486615 -9.747773 -8.856400 -8.567591 -7.651047 59.866282 -5.813455 2.188877 19.612972 0.870312 0.771114 -5.207287 1.886348 0.854006 -20.925464 -6.390363 -0.821603 28.201096 -0.618908 4.207462 -15.864873 -0.613801 0.000000 -0.000000 0.000000
-0.016213 0.919310 -0.616027 6.502485 6.259546 4.505636 2.644325 4.473810 -2.020158 1.287687 -3.848759 -0.924182 1.285629 1.970207 -0.793394 0.905326 7.312360 -0.603759 -1.681513 10.842755 2.137479 -4.194191 -15.780021 4.870477 -0.508744 9.432863 7.397401 -11.194080 -18.853205 66.834306 92.287962 16.345224 49.430428 8.131975 12.397899 -16.990180 1.715370 3.468600 -7.385652 24.997487 -3.350713 -55.681796 -99.027152 12.866288 -51.332464 -6.909414 11.476082 31.051687 -10.524900 -11.350431 -8.430748 -7.974350 64.222454 -7.536223 2.860307 15.654398 -0.207241 0.000000 0.000000 -0.000000 0.665714 -19.439802 -6.608547 -1.440649 30.300099 -1.037151 4.809793 -18.267015 -0.388690 0.000000 -0.000000 -0.000000
-0.012313 0.914834 -0.590086 6.673748 5.713909 4.516507 1.977197 4.860360 -2.085257 0.996134 -3.674250 -0.947953 0.994892 2.145352 -0.846791 0.683643 7.444006 -0.643645 -1.475250 10.539950 2.209097 -3.847533 -16.349725 4.935255 -0.803308 9.537537 8.123835 -11.375618 -18.377889 67.016865 89.048647 19.033742 48.405480 7.074880 11.905437 -17.297134 1.360484 4.088029 -7.502712 21.966744 -4.746932 -57.765602 -98.039340 15.413345 -49.431070 -6.612585 11.596076 31.533581 -11.021321 -14.110609 -7.972338 -7.905635 67.654075 -8.650254 3.546717 12.503355 -0.576972 0.337399 -2.133998 0.443444 1.047177 -17.403528 -6.797692 -2.343851 30.967593 -1.283689 4.890660 -20.329281 -0.168303 0.000891 0.013891 -0.086133
-0.008522 0.911505 -0.564112 6.853491 5.362821 4.415196 1.232978 5.097083 -2.063298 0.664724 -3.565690 -0.930728 0.664093 2.254373 -0.863215 0.434642 7.526176 -0.655114 -1.216799 10.349639 2.212904 -3.361228 -16.717358 4.837377 -1.148222 9.450061 8.959464 -11.529607 -17.708569 67.050875 85.300757 21.806792 46.852456 5.775869 11.334958 -17.474160 0.706609 5.178036 -7.649672 18.789160 -6.604824 -60.047503 -97.023972 18.195170 -47.174586 -6.214748 11.785818 31.902337 -11.264900 -17.033628 -7.293741 -7.094812 70.312708 -8.793120 4.178801 9.488834 -0.647413 0.895497 -8.490198 1.826918 1.670501 -15.042789 -6.857965 -3.280691 30.760869 -1.410315 4.635067 -22.174582 -0.021619 0.001947 0.027655 -0.172285
-0.005505 0.909793 -0.537913 6.946953 5.208855 4.156542 0.514420 5.193668 -1.929882 0.337733 -3.519535 -0.863511 0.337455 2.300796 -0.829196 0.192322 7.561481 -0.628240 -0.925932 10.276090 2.147168 -2.773020 -16.872239 4.582252 -1.485607 9.198313 9.483723 -12.702577 -16.674667 67.130564 82.564124 23.666777 45.760399 4.736879 11.028345 -17.561049 0.196218 5.935657 -7.706998 16.045215 -8.386129 -61.933306 -96.589564 20.116724 -45.532211 -6.141090 11.940632 32.016139 -10.927022 -19.935736 -6.571404 -5.317292 72.046246 -7.275025 4.133913 6.638203 -0.667828 1.013860 -14.084565 2.705607 1.995693 -12.658815 -6.505166 -3.717885 30.020676 -1.525673 4.215665 -23.535996 0.019533 0.000000 0.000000 -0.000000
-0.003697 0.909884 -0.511630 6.931828 5.287804 3.674226 -0.141232 5.142000 -1.634851 0.029055 -3.540051 -0.725110 0.029053 2.280395 -0.722165 -0.031072 7.546702 -0.546150 -0.617909 10.332878 1.986170 -2.101068 -16.787721 4.127838 -1.806689 8.740292 9.489751 -15.710117 -15.190033 67.397626 81.804937 24.376627 46.055476 4.162505 11.248099 -17.613749 0.045584 6.001176 -7.558579 14.000229 -9.780392 -63.412361 -97.283823 20.667341 -44.989526 -6.685319 12.007778 31.796500 -9.686711 -22.884337 -5.882013 -2.101220 72.812602 -3.294701 2.929107 3.879592 -0.699635 0.702531 -17.440573 2.592898 1.591435 -10.409339 -5.522907 -3.254161 28.862335 -1.823128 3.666378 -24.494268 -0.050507 -0.000785 0.179008 0.655807
-0.002663 0.911592 -0.485122 6.826770 5.562407 3.034835 -0.772123 4.961150 -1.216310 -0.275723 -3.619135 -0.532486 -0.275321 2.201232 -0.560509 -0.247425 7.487711 -0.422796 -0.280955 10.504354 1.749438 -1.334666 -16.490422 3.510550 -2.110985 8.080870 9.201893 -19.685513 -13.370807 67.485538 82.155050 24.293179 47.174438 3.862725 11.731370 -17.629335 0.049446 5.749079 -7.276332 12.422215 -10.969795 -64.704822 -98.759028 20.367563 -45.028122 -7.578899 12.007615 31.369265 -7.851154 -25.856017 -5.250764 1.504716 72.473299 1.777637 1.058071 1.276906 -0.727700 0.313625 -19.986686 2.072499 0.986172 -8.113732 -4.205911 -2.331607 27.180752 -2.213803 2.953044 -24.966895 -0.225560 0.005909 0.315488 1.570276
-0.001761 0.914827 -0.457767 6.599181 5.924422 2.392244 -1.388959 4.698274 -0.783663 -0.574871 -3.735787 -0.334408 -0.573991 2.084352 -0.392801 -0.459090 7.400243 -0.294997 0.105987 10.752306 1.504075 -0.469042 -16.047312 2.855708 -2.353854 7.307062 8.841213 -23.176244 -11.414444 66.893120 82.469756 23.419685 48.123759 3.735793 12.009820 -17.537198 0.028798 5.483500 -6.982083 11.130323 -12.009576 -65.719983 -100.433195 19.680347 -45.117012 -8.406303 11.967239 30.903244 -6.008440 -28.512877 -4.738773 3.176729 70.877079 5.029855 -0.589457 -0.925050 -0.809572 0.085628 -21.002680 1.607219 1.067668 -5.606017 -3.038627 -1.679449 24.971890 -2.378787 2.157236 -24.445333 -0.538606 0.002845 -0.376897 2.325314
-0.000790 0.919866 -0.429346 6.235651 6.401124 1.752303 -2.024322 4.318618 -0.340740 -0.882445 -3.905427 -0.132707 -0.880940 1.914372 -0.222326 -0.676812 7.272814 -0.165299 0.584913 11.096028 1.258105 0.569893 -15.421034 2.163382 -2.514846 6.369110 8.414452 -25.701881 -9.329009 65.313620 82.192858 21.241788 48.662179 3.774744 11.807481 -17.218484 -0.029265 5.271272 -6.707222 10.141360 -12.858792 -66.439753 -102.293939 18.660624 -45.171639 -9.045254 11.876200 30.404320 -4.159235 -30.822094 -4.404024 2.658602 68.004555 6.043745 -1.684122 -2.599710 -0.899436 0.012446 -20.006993 1.408357 2.495392 -2.636414 -2.130271 -1.785828 21.731907 -2.100755 1.204064 -22.733077 -1.040959 -0.028669 -1.995075 2.749046
0.000050 0.926431 -0.400078 5.745803 6.960980 1.104456 -2.648140 3.860015 0.126002 -1.185298 -4.111467 0.078170 -1.182839 1.707795 -0.042200 -0.889918 7.117682 -0.028635 1.110771 11.518421 1.001185 1.696077 -14.640740 1.438448 -2.597143 5.310024 7.930619 -27.810683 -7.233301 63.093961 81.750848 18.266424 49.183412 3.926062 11.395361 -16.735597 -0.113438 5.046594 -6.420044 9.412190 -13.500237 -66.915254 -104.359854 17.274548 -45.168141 -9.622897 11.727497 29.862123 -2.273937 -32.804675 -4.167499 0.785895 64.004025 5.720405 -2.555117 -3.871316 -1.001162 -0.009938 -17.479863 1.309880 4.603447 0.482522 -1.275489 -2.153135 17.938168 -1.602115 0.131399 -20.031243 -1.671870 -0.093860 -4.441161 3.008463
0.000800 0.933608 -0.370001 5.139603 7.409231 0.580640 -3.174273 3.466452 0.521798 -1.440035 -4.289230 0.256144 -1.436528 1.529369 0.109924 -1.068812 6.983453 0.086561 1.577892 11.927022 0.775857 2.686564 -13.878224 0.810014 -2.619379 4.380097 7.590287 -29.622368 -5.437954 60.917636 81.615654 15.998352 49.485676 4.033540 11.139868 -16.290230 -0.369592 4.903853 -6.166109 8.646717 -14.032507 -67.110369 -106.129747 15.918746 -44.783632 -10.088629 11.600793 29.376632 -0.936119 -34.164494 -3.746002 -1.939570 59.105993 4.276131 -3.287187 -4.870615 -1.156303 -0.009477 -14.138326 1.215855 6.207430 3.079895 -0.525008 -2.004981 15.055028 -1.159776 -0.825768 -16.429930 -2.280645 -0.206613 -8.207553 3.193970
0.001430 0.941636 -0.339141 4.408560 7.699368 0.232223 -3.583948 3.165773 0.795311 -1.636134 -4.425370 0.378815 -1.631751 1.392673 0.212709 -1.207529 6.880580 0.164299 1.958683 12.304544 0.603238 3.482129 -13.169142 0.326885 -2.623771 3.577231 7.469502 -31.018488 -3.841190 58.955768 82.296741 15.068411 49.290574 4.101046 11.253089 -15.901998 -0.927324 4.839979 -5.961850 7.605928 -14.401480 -66.924833 -107.396584 14.760876 -43.740960 -10.376911 11.530225 28.964072 -0.355541 -34.764084 -2.979588 -5.397185 53.016366 1.861082 -4.030637 -5.516727 -1.423717 0.000845 -9.427760 0.987108 6.722825 4.999029 0.004623 -0.971640 13.503591 -0.806658 -1.599736 -11.754058 -2.762490 -0.398111 -13.978190 3.292095
0.001969 0.950275 -0.307472 3.567056 7.880258 0.010644 -3.893104 2.918244 0.989189 -1.783182 -4.537443 0.465329 -1.778080 1.280197 0.284303 -1.311922 6.795979 0.218335 2.282501 12.667999 0.462861 4.149936 -12.483934 -0.065068 -2.589884 2.920005 7.471522 -32.120178 -2.438511 57.147087 83.414706 14.727760 48.710405 4.181152 11.520672 -15.563550 -1.658273 4.849169 -5.803147 6.508557 -14.613379 -66.471422 -108.428918 13.686757 -42.364254 -10.547950 11.498919 28.578347 -0.331732 -34.704677 -1.957118 -8.423022 45.906069 -0.334739 -4.621349 -5.909040 -1.722402 0.013712 -3.918926 0.509256 6.657083 6.448100 0.340668 0.584240 12.879291 -0.491772 -2.318612 -6.181823 -3.212798 -0.634931 -21.068586 3.342220
0.002550 0.957893 -0.274950 2.664230 7.903207 -0.096633 -4.065714 2.760534 1.138824 -1.867213 -4.609196 0.531773 -1.861625 1.208157 0.342216 -1.370224 6.741708 0.261988 2.531906 12.975571 0.337999 4.667062 -11.902202 -0.393922 -2.462534 2.697486 7.507162 -33.356009 -1.612348 55.876895 84.188025 14.399122 48.046960 4.216792 11.674471 -15.444549 -2.322004 5.016370 -5.712483 5.749076 -14.883407 -66.006205 -109.405742 12.606856 -41.287005 -10.735234 11.531515 28.213684 -0.847140 -34.036664 -0.742997 -9.790449 38.803476 -1.368064 -4.702983 -6.417940 -1.797063 0.000000 0.000000 -0.000000 6.437995 7.337302 0.595993 2.351604 13.425497 -0.322074 -3.032081 -0.326902 -3.754641 -0.851249 -27.918539 3.464591
0.003283 0.964314 -0.241532 1.676836 7.740176 -0.071063 -4.048112 2.728419 1.242925 -1.864581 -4.624343 0.577789 -1.858931 1.192976 0.388497 -1.364723 6.730134 0.296878 2.683167 13.190166 0.237526 4.988368 -11.495431 -0.637300 -2.161254 3.139054 7.563264 -35.078848 -1.541341 55.450078 84.340250 13.862296 47.433345 4.148980 11.571211 -15.747183 -2.913082 5.456706 -5.717116 5.452451 -15.413232 -65.570601 -110.314381 11.327215 -40.709681 -10.988848 11.684972 27.825635 -2.034479 -32.541147 0.650835 -9.366630 31.577704 -1.253369 -3.956727 -7.129398 -1.366040 -0.021357 1.038713 -0.165366 6.024783 7.613158 0.782312 4.510433 15.318970 -0.325721 -3.805789 5.880999 -4.391919 -1.105355 -34.812896 3.747527
0.004056 0.969713 -0.207262 0.629166 7.425086 0.077297 -3.894015 2.783184 1.296917 -1.798973 -4.599991 0.601376 -1.793617 1.217562 0.418742 -1.313506 6.748530 0.319675 2.762230 13.349032 0.156438 5.165642 -11.194565 -0.815966 -1.780339 4.018615 7.632998 -36.890362 -1.941144 55.676259 84.165829 13.364053 46.761452 4.042491 11.342272 -16.261940 -3.442802 6.048979 -5.797881 5.499349 -16.003518 -65.120633 -111.114280 9.926648 -40.425505 -11.253575 11.914116 27.445049 -3.651595 -30.391959 2.080248 -8.064907 24.446546 -0.701954 -2.830465 -7.896597 -0.542254 -0.016258 0.518976 -0.084397 5.449678 7.324948 0.914022 6.871632 18.400122 -0.348903 -4.594816 12.379909 -5.092868 -1.375399 -41.468791 4.021392
0.004669 0.972989 -0.172226 -0.358966 7.000874 0.292803 -3.728874 2.851663 1.331759 -1.727522 -4.569328 0.616425 -1.722488 1.248468 0.441041 -1.258527 6.771701 0.336475 2.825602 13.521893 0.057668 5.319040 -10.867143 -1.020418 -1.523884 4.936096 7.630689 -38.077122 -2.532226 56.153291 83.729154 13.055682 45.992240 3.983344 11.143289 -16.541554 -3.691732 6.529256 -5.897151 5.918582 -16.295420 -64.785330 -111.886944 8.676757 -40.451725 -11.505577 12.099890 27.192807 -5.188191 -28.256539 3.366300 -6.612405 19.028002 -0.343673 -2.080392 -8.741793 0.269888 -0.000000 0.000000 -0.000000 5.263530 6.539544 1.132082 8.574659 22.388513 -0.235249 -5.299689 18.358423 -5.934065 -1.400735 -45.472403 3.935703
0.004978 0.973876 -0.136100 -1.249117 6.462566 0.616673 -3.590024 2.885485 1.324946 -1.665516 -4.553876 0.612790 -1.660713 1.264087 0.443708 -1.212014 6.783438 0.338423 2.899681 13.764608 -0.067113 5.499520 -10.408057 -1.274073 -1.446082 5.641796 7.539519 -38.482164 -3.079779 56.635013 83.040800 13.053570 45.125527 3.970950 11.038514 -16.376900 -3.506898 6.832719 -5.984531 6.844076 -16.156820 -64.647807 -112.702637 7.647676 -40.960167 -11.758698 12.218992 27.072822 -6.691962 -26.333599 4.645497 -5.055746 16.043917 -0.606283 -1.990443 -9.930424 1.150137 -0.000000 0.000000 0.000000 5.825446 5.187446 1.514693 9.158443 27.425409 0.006189 -6.104957 24.028575 -7.304161 -1.080828 -45.965893 3.614750
0.005127 0.972640 -0.099208 -2.083010 5.818021 1.010975 -3.439715 2.932466 1.300172 -1.597529 -4.532399 0.601145 -1.592989 1.285755 0.438968 -1.161598 6.799748 0.334777 2.957792 14.021297 -0.209070 5.654841 -9.922350 -1.551859 -1.493998 6.380100 7.373198 -38.264418 -3.821868 57.324689 82.098248 13.250468 44.127656 3.983449 10.972752 -15.982293 -3.034807 7.036106 -6.072622 8.130351 -15.719579 -64.616446 -113.454379 6.734201 -41.799273 -11.997313 12.307414 27.090431 -8.159997 -24.437559 5.815553 -3.331449 14.773626 -1.170789 -2.205174 -11.217469 1.924884 0.000000 0.000000 -0.000000 6.769092 3.342627 1.984744 9.066009 33.346186 0.329786 -6.999456 29.167034 -8.934814 -0.525488 -43.800251 3.039171
0.005341 0.968978 -0.062619 -2.858078 5.123359 1.297842 -3.292459 3.064147 1.356743 -1.535325 -4.473800 0.626247 -1.531120 1.344550 0.470365 -1.112892 6.843812 0.358524 2.976789 14.193691 -0.380586 5.750250 -9.592782 -1.873091 -1.717452 7.487205 7.080313 -37.198917 -5.236762 58.427337 80.946070 13.462795 42.906356 4.059383 10.926285 -15.549010 -2.499705 7.089340 -6.167881 9.383353 -15.025319 -64.562130 -113.968174 5.974558 -42.514929 -12.154176 12.336151 27.374583 -9.105395 -22.705900 6.504634 -1.877598 14.652570 -1.446175 -2.403147 -11.897507 1.696846 0.000000 -0.000000 -0.000000 7.550153 1.290262 2.449357 8.820935 39.403326 0.772052 -7.297420 32.330793 -9.792786 -0.012120 -39.091915 1.861684
0.005716 0.961976 -0.026633 -3.546506 4.390936 1.471043 -3.158830 3.326975 1.505978 -1.484536 -4.357516 0.693435 -1.480789 1.460972 0.542690 -1.069826 6.930955 0.413378 2.946453 14.206391 -0.587994 5.773050 -9.559422 -2.250604 -2.388662 9.747748 6.426226 -35.090590 -8.013663 60.493137 79.810170 13.708573 41.615656 4.276485 10.944874 -15.107538 -1.917131 6.928065 -6.229594 10.483616 -14.003164 -64.373346 -114.231456 5.244953 -42.904951 -12.234967 12.241374 28.014339 -9.492259 -21.197253 6.493569 -0.861242 15.592202 -1.061021 -2.284717 -11.133680 -0.400294 0.000000 0.000000 -0.000000 7.969025 -0.930188 2.914540 8.611478 45.647498 1.307275 -6.340703 32.729570 -9.319129 -0.080198 -29.603285 -0.034899
0.006156 0.952548 0.009050 -4.172757 3.603274 1.536429 -3.030911 3.675608 1.734270 -1.441003 -4.203522 0.796199 -1.437786 1.615060 0.649870 -1.029720 7.046227 0.494704 2.880523 14.133323 -0.823631 5.743942 -9.684969 -2.672302 -3.306549 12.353505 5.593096 -32.246597 -11.609048 62.770527 78.466283 13.981607 40.099563 4.567402 10.965896 -14.625581 -1.266182 6.620466 -6.304937 11.540029 -12.728210 -64.138494 -114.266824 4.684847 -43.201335 -12.243478 12.063143 28.913724 -9.411964 -19.886767 6.102072 -0.081153 17.661953 -0.360474 -2.352472 -9.768328 -3.477692 0.000000 -0.000000 0.000000 8.206367 -3.360782 3.386711 8.234199 52.035422 1.853842 -4.506621 31.158044 -8.072268 -1.107704 -17.570335 -1.989343
0.006608 0.943131 0.044266 -4.805497 2.765808 1.334729 -2.896251 4.045049 2.102582 -1.402332 -4.040872 0.961056 -1.399608 1.777822 0.818643 -0.988733 7.167845 0.622612 2.790416 14.099534 -1.080070 5.675771 -9.737431 -3.121768 -3.692338 13.288721 5.252517 -28.991074 -14.493398 63.588802 76.310356 14.031646 37.790362 4.747002 10.812444 -14.204801 -0.717389 6.309470 -6.534837 12.513208 -11.462141 -64.064231 -113.964458 4.741502 -43.592727 -12.105119 11.924905 29.927444 -8.573089 -18.786672 5.819402 0.580862 20.521207 0.232948 -3.235331 -9.636808 -5.821786 0.000000 -0.000000 -0.000000 8.285174 -5.840600 3.792301 7.687164 57.693045 2.388705 -2.413080 28.588350 -6.492392 -2.519176 -9.835830 -3.663669
0.007239 0.933927 0.079137 -5.443969 1.750526 0.685600 -2.749127 4.458677 2.727959 -1.372892 -3.859490 1.239975 -1.370657 1.959348 1.100512 -0.946449 7.303191 0.836095 2.669517 14.169608 -1.405937 5.570929 -9.594627 -3.683715 -2.954929 10.942389 5.919081 -24.790419 -15.151480 61.670257 72.712466 13.727642 33.800160 4.756987 10.328438 -13.801975 -0.292487 6.002630 -7.076628 13.459393 -10.218471 -64.320480 -113.175189 5.848103 -44.215191 -11.694051 11.843525 31.177764 -6.372675 -18.127391 5.889220 1.141613 24.774049 0.645980 -5.508454 -11.871523 -6.600855 -0.000000 0.000000 -0.000000 8.144847 -8.204918 4.173978 6.860254 62.465710 2.783216 0.001159 24.979237 -4.365224 -3.417533 -10.057460 -5.174194
0.007882 0.924733 0.113541 -6.070969 0.674500 -0.226772 -2.595301 4.895735 3.493404 -1.349647 -3.667758 1.580661 -1.347941 2.151149 1.443536 -0.904533 7.445899 1.095967 2.521499 14.276771 -1.754390 5.421123 -9.382926 -4.275068 -1.631922 6.951096 7.054829 -20.057402 -14.409400 58.747858 68.440174 12.996450 28.999176 4.632618 9.679309 -13.480882 0.037738 5.690514 -7.769417 14.326381 -8.978282 -64.748738 -112.077670 7.600816 -44.860142 -11.135393 11.744167 32.546672 -3.431106 -17.724563 6.161038 1.683023 29.801759 1.252736 -8.492095 -15.278453 -6.442068 -0.000000 -0.000000 0.000000 7.807469 -10.611899 4.505155 5.706348 66.537424 2.920037 2.558116 20.380800 -1.947566 -3.486177 -14.572838 -6.758622
0.007986 0.917387 0.146940 -6.744705 -0.086584 -1.018678 -2.436062 5.223883 4.109301 -1.316129 -3.523197 1.853856 -1.314880 2.295704 1.720148 -0.859808 7.553288 1.305541 2.372306 14.350538 -1.975099 5.221395 -9.241116 -4.627821 -0.485058 4.211697 7.955373 -16.184137 -14.751152 57.227107 64.987656 11.880881 25.408801 4.338248 9.189771 -13.502742 0.166221 5.477827 -8.272175 14.923457 -7.958824 -65.106202 -111.013810 9.156313 -45.232424 -10.717284 11.692763 33.543233 -1.252344 -16.912958 6.471606 2.237609 33.450189 1.945163 -10.560672 -18.268878 -6.076316 0.000000 0.000000 0.000000 7.452157 -13.395212 4.616243 4.422584 69.542329 2.952581 4.470825 15.959006 -0.033372 -2.903537 -19.231694 -8.247020
0.007031 0.912509 0.178709 -7.460085 -0.343731 -1.591380 -2.271753 5.390486 4.469308 -1.264919 -3.448977 2.012461 -1.263905 2.369995 1.883975 -0.809803 7.608479 1.429533 2.218097 14.342318 -1.975479 4.932337 -9.265626 -4.569845 0.238082 4.131973 8.464613 -13.733464 -18.210036 57.750253 62.542234 10.463149 23.841646 3.714411 9.066127 -14.247636 -0.042389 5.430714 -8.434223 15.170924 -7.278105 -65.359930 -109.796669 10.218370 -45.190979 -10.521118 11.831408 33.878762 -0.515233 -15.331048 6.795573 2.527498 34.801032 2.290364 -10.793795 -20.453418 -6.063999 0.003429 0.112958 -0.050849 7.070605 -16.928517 4.458993 3.212184 71.492861 3.182011 5.494147 11.922742 1.320200 -1.973311 -23.195312 -9.485246
0.005536 0.909479 0.209474 -8.239949 -0.282480 -2.056350 -2.098592 5.444188 4.680445 -1.200272 -3.424037 2.104379 -1.199346 2.395107 1.982459 -0.754281 7.627154 1.503849 2.064327 14.305307 -1.846211 4.595737 -9.350960 -4.269950 0.811455 5.304054 8.818381 -12.130514 -23.304858 59.172821 60.767810 8.853678 23.374031 2.986737 9.166018 -15.338711 -0.464147 5.475231 -8.407813 15.157001 -6.829975 -65.579324 -108.563552 11.023032 -44.907866 -10.448202 12.097393 33.856491 -0.484172 -13.281809 7.049368 2.616107 34.809557 2.357673 -9.966182 -22.291103 -6.136590 0.006948 0.225915 -0.101689 6.713591 -20.853248 4.115056 1.929790 72.393731 3.459265 5.970712 8.081634 2.397861 -0.562098 -27.268311 -10.450995
0.004508 0.908272 0.240576 -9.197832 -0.083546 -2.347660 -1.911151 5.403500 4.773661 -1.121780 -3.440449 2.143487 -1.120938 2.378873 2.029510 -0.692071 7.615065 1.539044 1.951664 14.322124 -1.712570 4.331738 -9.333460 -3.974534 1.308469 6.415043 9.029125 -10.751529 -27.784346 60.631324 60.310791 7.329215 23.441512 2.649401 9.245128 -15.869315 -0.825399 5.501876 -8.307008 14.947468 -6.497287 -65.685244 -108.130004 11.532698 -44.654695 -10.520064 12.301897 33.866669 -0.542444 -11.040619 6.952261 2.885276 34.159102 2.440820 -8.891874 -23.541043 -5.972060 -0.000000 0.000000 0.000000 6.708002 -24.420031 3.570283 0.516223 71.850802 3.604568 6.148709 4.998637 3.000861 0.804734 -29.881213 -10.966982
0.004309 0.908895 0.272186 -10.363404 0.242897 -2.412757 -1.689598 5.266441 4.742991 -1.020072 -3.499048 2.127060 -1.019230 2.320457 2.023388 -0.616126 7.571605 1.533794 1.880554 14.393486 -1.621762 4.159403 -9.209410 -3.772936 1.709700 7.035234 9.072296 -9.736237 -30.969341 62.212338 61.738645 5.849131 24.294868 2.890844 9.048099 -15.366440 -1.039919 5.467435 -8.127512 14.493510 -6.257209 -65.629182 -109.043159 11.761231 -44.550448 -10.808167 12.376210 34.073046 -0.720803 -8.587046 6.356406 3.723283 32.815588 2.730236 -7.826138 -24.359290 -5.405521 -0.008965 -0.371564 0.470905 7.626484 -27.556779 2.439524 -0.493358 69.572491 4.570515 6.119780 2.934886 2.761357 1.757134 -30.842963 -11.002815
0.004577 0.911341 0.304132 -11.705717 0.715793 -2.314456 -1.454767 5.031681 4.597332 -0.904907 -3.600772 2.059486 -0.903950 2.218935 1.967525 -0.533478 7.496047 1.490783 1.849811 14.519014 -1.529171 4.059931 -8.982533 -3.581158 2.028227 7.592824 8.966547 -9.017889 -33.523364 64.004413 64.369544 4.325414 25.767767 3.450047 8.661665 -14.313923 -1.194838 5.419812 -7.873235 13.847685 -6.127173 -65.458533 -110.779237 11.769800 -44.511948 -11.237251 12.410298 34.316962 -1.067395 -5.971445 5.373235 4.704112 30.803819 3.019475 -6.501018 -24.589568 -4.600156 -0.019065 -1.082540 1.094050 9.016105 -30.330966 0.985302 -1.597213 65.865167 5.587484 5.949733 1.578576 1.968136 2.236817 -30.411197 -10.532693
0.005231 0.915572 0.337239 -13.244805 1.197031 -2.153620 -1.261729 4.719622 4.392770 -0.804683 -3.737310 1.966362 -0.803700 2.082552 1.884616 -0.464080 7.394349 1.427339 1.896217 14.777381 -1.426585 4.096615 -8.506058 -3.394266 2.375333 8.063595 8.789115 -7.346725 -35.196187 64.958026 67.208266 3.118353 26.720744 4.122632 8.357976 -13.201761 -1.276884 5.380337 -7.670102 13.227833 -6.044546 -65.238978 -112.558814 11.605232 -44.517841 -11.625736 12.430866 34.489651 -1.007522 -3.576089 4.184735 5.044604 28.905033 3.058857 -4.952714 -23.528638 -3.689097 -0.035582 -3.052101 1.370871 9.528038 -32.237029 0.288945 -3.073346 61.165712 5.166168 5.733508 0.644531 1.407149 2.144040 -27.699710 -9.551789
0.006366 0.922159 0.371688 -15.096092 1.696021 -1.907645 -1.077831 4.301127 4.113671 -0.703938 -3.921435 1.840175 -0.702988 1.898485 1.768605 -0.396723 7.256896 1.338742 2.031014 15.216623 -1.307219 4.284541 -7.690229 -3.200812 2.855900 8.406596 8.508895 -3.349326 -35.512250 64.252757 70.041102 2.278894 26.170697 4.955839 8.301290 -12.146866 -1.236429 5.285283 -7.577982 12.685755 -5.953870 -64.902746 -114.232443 11.204571 -44.592089 -11.929926 12.431307 34.513926 -0.203094 -1.425321 2.774078 4.383199 27.101886 2.776180 -2.948423 -20.742655 -2.657128 -0.034926 -6.804119 0.897883 8.238873 -33.052950 1.068182 -3.932103 55.246157 3.426105 5.167849 -0.040236 1.291247 1.357875 -20.904776 -8.432874
0.007887 0.930530 0.407298 -17.142557 2.212271 -1.606220 -0.931828 3.797798 3.788346 -0.617134 -4.143696 1.693920 -0.616053 1.676283 1.631122 -0.341148 7.090838 1.233966 2.241018 15.789981 -1.187364 4.606716 -6.621914 -3.027283 3.369961 8.656239 8.163599 1.617944 -34.871911 62.799938 73.182325 2.127990 25.100273 5.967420 8.357652 -11.013169 -1.122580 5.195042 -7.533334 12.166244 -5.897810 -64.519927 -115.958872 10.624491 -44.683180 -12.203472 12.400013 34.464572 0.979586 0.521552 1.188023 3.138476 25.422967 2.390634 -0.595610 -16.680337 -1.572360 0.014734 -11.812139 0.057944 5.995192 -32.916154 2.665617 -3.730524 48.175814 1.704040 4.423758 -0.286701 1.316184 0.414965 -11.762470 -7.735368
0.009425 0.938931 0.444344 -19.059842 2.579445 -1.411611 -0.972289 3.310680 3.537665 -0.617873 -4.360154 1.582624 -0.616444 1.459943 1.519878 -0.349140 6.928954 1.149466 2.524789 16.433740 -1.094671 5.074182 -5.419262 -2.925835 3.718552 8.906341 7.927808 4.924183 -34.466598 61.856405 76.478330 3.177685 25.447229 6.946323 8.443721 -9.872603 -1.070519 5.316333 -7.487543 11.730142 -5.977517 -64.355224 -117.421253 10.059397 -44.676255 -12.417946 12.344650 34.443739 2.142849 2.004489 -0.246785 1.716236 24.727201 2.023745 1.555846 -11.951583 -0.735337 0.065176 -17.426328 -0.425274 4.021075 -31.958497 4.163426 -3.288716 40.837014 0.554474 4.143337 0.198391 1.602714 -0.133778 -4.680534 -6.976123
0.010897 0.947356 0.483026 -20.716588 2.712044 -1.388436 -1.273258 2.884384 3.410815 -0.741953 -4.551616 1.527874 -0.739918 1.268396 1.452596 -0.446306 6.785213 1.098472 2.875764 17.160842 -1.049118 5.677791 -4.055420 -2.926501 3.834383 9.237816 7.879049 5.352904 -35.037498 61.862207 80.469710 5.729535 28.542800 7.935615 8.586556 -8.668280 -1.130330 5.781095 -7.479071 11.443668 -6.323642 -64.523033 -118.452367 9.587434 -44.590678 -12.539796 12.263575 34.494023 3.326898 3.002519 -1.372865 -0.015352 25.231002 1.519915 3.567976 -6.159975 -0.462898 0.039428 -24.874871 -0.288585 2.566324 -29.979759 5.365807 -3.470242 32.925287 -0.325065 4.631284 2.094873 2.356904 -0.167035 -1.630997 -4.905383
0.012385 0.955810 0.523145 -22.246024 2.683422 -1.452801 -1.763298 2.481454 3.357714 -0.954336 -4.734245 1.506223 -0.951386 1.085375 1.409299 -0.607747 6.647518 1.065603 3.295381 17.957341 -1.040218 6.411864 -2.555116 -3.006916 3.776703 9.579572 7.920075 4.157671 -35.883689 62.294283 85.170588 8.564737 33.318716 8.959327 8.782219 -7.489626 -1.256742 6.455448 -7.506990 11.249355 -6.839293 -64.876846 -119.229149 9.123271 -44.417347 -12.603116 12.161387 34.571735 4.565865 3.549377 -2.309020 -1.963382 26.712450 0.853172 5.311608 0.303348 -0.517920 -0.174476 -32.926508 0.378515 1.492606 -27.228865 6.297950 -3.732323 24.771299 -0.837601 5.523039 4.763093 3.450526 -0.040932 -0.578216 -2.064192
0.013766 0.962555 0.564382 -23.722478 2.558669 -1.535419 -2.375128 2.084064 3.345185 -1.222967 -4.915240 1.502491 -1.218764 0.903873 1.378335 -0.810216 6.510890 1.042104 3.795472 18.719911 -1.040921 7.293390 -1.112492 -3.124834 3.533376 9.799063 7.960537 2.622303 -36.153583 62.635916 89.210792 10.036125 37.866654 9.697041 8.914271 -6.567194 -1.444285 7.156128 -7.466822 11.026311 -7.296779 -65.296014 -119.963241 8.640345 -44.018560 -12.677348 12.064213 34.646806 5.492363 3.450484 -3.139184 -3.412820 29.364604 0.198646 5.949285 5.685503 -0.424371 -0.565983 -37.224373 1.850043 1.271960 -24.660052 6.567597 -3.465283 18.307758 -0.703169 6.476051 6.483630 4.648034 -0.000000 -0.000000 -0.000000
0.014935 0.967297 0.607410 -25.089271 2.357173 -1.629319 -3.110938 1.610808 3.399737 -1.549353 -5.131099 1.527721 -1.543412 0.687315 1.370516 -1.053863 6.347855 1.035875 4.379323 19.502760 -1.037742 8.323916 0.376096 -3.251194 3.045900 9.820434 7.976381 0.999269 -35.477819 62.534715 91.695763 9.959002 41.649478 9.963968 9.036902 -6.031367 -1.643399 7.911754 -7.275099 10.793303 -7.625552 -65.807411 -120.747326 8.158790 -43.522035 -12.804152 11.993410 34.670260 5.977235 2.556694 -3.885603 -4.225656 33.639590 -0.470788 4.544793 9.582222 0.281769 -0.725570 -35.168092 4.296916 2.174702 -22.566629 5.968082 -2.306383 14.150145 -0.044421 7.490633 6.443119 6.424330 -0.032819 0.360491 0.508243
0.015997 0.970329 0.651557 -26.402304 2.058745 -1.735420 -3.970588 1.148723 3.494228 -1.932567 -5.343500 1.569470 -1.924400 0.473721 1.373308 -1.338992 6.186783 1.037362 5.043553 20.254506 -1.035625 9.496109 1.817091 -3.392338 2.374027 9.716357 7.995651 -0.810996 -34.300930 62.067937 93.084726 9.179287 44.968489 9.861448 9.153874 -5.677288 -1.915450 8.709226 -7.036019 10.538937 -7.920969 -66.395755 -121.516676 7.700684 -42.798788 -12.941940 11.925933 34.690674 6.177613 1.009216 -4.490355 -4.630018 39.065791 -1.296796 2.120879 12.475571 1.251771 -0.070123 -29.176253 6.434640 3.782721 -20.684939 4.897247 -0.855530 11.648275 0.689666 8.540346 5.330697 8.275011 -0.021587 0.174569 0.257917
0.017147 0.970793 0.694483 -27.905342 1.673155 -1.797760 -4.879286 0.922563 3.505734 -2.335277 -5.451015 1.574788 -2.324897 0.364610 1.337784 -1.641830 6.104156 1.010299 5.799022 20.713484 -1.020366 10.834806 2.721104 -3.545310 1.688006 9.575074 8.025416 -2.061459 -32.996575 61.407632 93.455935 8.255804 47.024253 9.447788 9.093657 -5.176862 -2.408233 9.300466 -6.899230 10.083598 -8.192948 -66.891503 -122.299397 7.321442 -41.345678 -13.034118 11.831499 34.825910 6.145248 -0.959406 -4.912687 -4.399514 44.455430 -2.146476 0.715143 13.859354 1.759635 0.962612 -22.658359 7.233859 5.498485 -19.154836 3.917035 0.054876 10.899017 1.209864 9.354235 3.816989 8.540890 0.000000 0.000000 0.000000
0.018472 0.967692 0.735235 -29.699058 1.174584 -1.784229 -5.821642 1.054488 3.359390 -2.748407 -5.397918 1.512914 -2.736386 0.415769 1.234093 -1.958350 6.142152 0.932669 6.686436 20.718631 -0.947047 12.420648 2.794425 -3.664465 1.064555 9.569611 8.098912 -2.230786 -31.610016 60.468564 92.395891 7.211126 47.187962 8.627578 8.732606 -4.229865 -3.261402 9.610646 -6.834653 9.358980 -8.373814 -67.257974 -123.297165 7.129900 -38.772322 -13.061631 11.706555 35.138873 5.588353 -3.396337 -5.159116 -3.177456 49.750011 -2.843880 1.091809 13.079865 1.059244 1.969664 -15.776341 7.217632 7.395845 -18.208360 3.151219 -0.149639 12.569208 1.525790 9.763033 2.282853 5.787837 -0.002353 0.020385 0.044250
0.019885 0.962024 0.774767 -31.683763 0.593296 -1.713660 -6.812506 1.401892 3.089196 -3.178857 -5.247067 1.399196 -3.165768 0.564370 1.076674 -2.292475 6.253746 0.815083 7.677675 20.429994 -0.827351 14.207680 2.340554 -3.760513 0.428549 9.540501 8.196385 -1.911887 -30.085208 59.420813 90.210751 6.133492 46.339171 7.408060 8.381195 -3.138472 -4.319568 9.709882 -6.829211 8.417814 -8.531616 -67.526171 -124.481287 7.239672 -35.557035 -13.048234 11.587931 35.572390 4.778225 -6.244845 -5.122065 -1.158295 55.027550 -3.285496 2.380841 10.747305 -0.157801 2.831053 -8.505027 6.822925 9.429216 -17.615080 2.468063 -0.771512 16.042983 1.705348 9.903326 0.386624 1.493775 -0.002026 0.041419 0.088226
0.021322 0.955913 0.813596 -33.803088 0.023940 -1.609433 -7.819609 1.786612 2.738278 -3.612526 -5.077144 1.251672 -3.598723 0.731776 0.885160 -2.631787 6.379923 0.672086 8.682444 20.062733 -0.735766 16.036389 1.754743 -3.925198 -0.272661 9.076817 8.300610 -2.054884 -28.545057 58.911538 88.137164 5.645420 45.749602 6.102708 8.411636 -2.488307 -5.274779 9.533523 -7.022139 7.256430 -8.844534 -67.602123 -125.493254 7.635598 -32.478557 -13.002584 11.509244 36.061493 4.588189 -9.099906 -4.658505 1.241093 59.327933 -3.193764 4.041110 8.142031 -0.561776 2.775369 -4.059845 5.585699 10.859098 -16.851682 1.966392 -0.751164 19.529388 1.667367 10.200622 -2.092037 -1.552643 0.000000 0.000000 0.000000
0.022851 0.949394 0.851909 -36.142090 -0.569767 -1.461230 -8.870807 2.206104 2.270100 -4.059638 -4.888137 1.054671 -4.045488 0.917888 0.643027 -2.985151 6.520740 0.491384 9.726965 19.612819 -0.668604 17.952089 1.030057 -4.162913 -1.146698 7.770826 8.517188 -2.860272 -26.806792 59.244970 86.624627 6.461857 45.599296 4.796356 8.971673 -2.736025 -6.016953 8.818068 -7.543784 5.648341 -9.256385 -67.272964 -126.069791 8.264690 -29.550269 -12.913193 11.484771 36.626331 5.357942 -11.783131 -3.634454 4.521154 62.357637 -1.994843 5.953947 5.356382 0.602307 1.239247 -4.811060 2.545133 11.217789 -15.807894 1.769060 0.542505 22.768181 1.304741 10.957183 -5.527649 -2.118210 -0.001580 -0.122179 -0.346220
0.024404 0.942433 0.889519 -38.617123 -1.146803 -1.274354 -9.940396 2.642760 1.710205 -4.509591 -4.687672 0.819193 -4.495412 1.114995 0.362002 -3.343569 6.670355 0.281467 10.786239 19.073854 -0.615723 19.918527 0.160694 -4.453938 -2.087859 6.060917 8.918195 -4.050459 -24.898590 59.932886 85.413430 7.930566 45.444662 3.528190 9.743592 -3.505888 -6.638382 7.766500 -8.148897 3.803458 -9.703666 -66.718997 -126.449145 9.103389 -26.738715 -12.802191 11.519487 37.238066 6.679082 -14.448167 -2.235661 8.661747 64.411499 0.338497 8.065688 2.128842 2.459694 -0.552648 -8.294012 -1.903735 10.995062 -14.598004 1.671222 2.412024 25.975487 0.673218 11.967761 -9.493701 -1.520774 -0.001070 -0.307639 -0.824123
0.025709 0.937062 0.926379 -40.916162 -1.503261 -1.118898 -10.911678 2.924831 1.238984 -4.918883 -4.555461 0.621024 -4.904488 1.243612 0.122178 -3.668113 6.768463 0.101985 11.690395 18.652170 -0.673809 21.636877 -0.476050 -4.892072 -2.818850 4.770169 9.330096 -5.845385 -23.293023 60.484199 84.585524 8.722279 45.565127 2.587507 10.315369 -4.038746 -7.151269 7.044242 -8.515801 2.376776 -10.448241 -66.373801 -126.862304 9.956105 -24.667429 -12.716876 11.593121 37.755109 8.338961 -17.209827 -0.903211 12.009564 65.420700 2.720300 9.984012 -0.741284 4.153903 -1.533297 -10.443073 -6.216016 10.871353 -13.060979 1.278732 3.935041 28.072732 0.022829 13.075965 -12.893846 -0.839532 0.003526 -0.567358 -1.185944
0.026782 0.933861 0.962225 -42.915884 -1.560892 -1.035398 -11.726973 3.022885 0.960829 -5.267664 -4.507373 0.504554 -5.252625 1.288446 -0.029719 -3.940390 6.803263 -0.011767 12.328103 18.396416 -0.960070 22.923753 -0.792340 -5.642587 -3.137869 4.258658 9.562216 -8.917846 -22.376212 61.004249 83.962555 8.070641 46.384509 2.100338 10.529224 -3.997503 -7.595835 7.076315 -8.603178 1.636331 -11.994621 -66.360550 -127.275657 10.772665 -23.590813 -12.668662 11.680779 38.117857 10.486037 -20.348303 0.158193 13.577308 65.442166 4.368215 11.514503 -2.899070 5.663487 -2.206584 -9.622053 -10.138463 10.902003 -11.088634 0.407739 4.707960 28.587330 -0.596061 14.500535 -15.518612 -0.310290 0.007124 -0.753937 -1.378728
0.027607 0.932249 0.997321 -44.736918 -1.405776 -1.013040 -12.441604 3.000523 0.809353 -5.577721 -4.514655 0.441218 -5.561696 1.278276 -0.124322 -4.179178 6.796557 -0.082607 12.808519 18.242057 -1.382843 23.952417 -0.912708 -6.577929 -3.233952 4.111706 9.642783 -12.649249 -21.758670 61.558065 83.452004 6.784417 47.656763 1.857290 10.572893 -3.625489 -7.947242 7.486932 -8.585073 1.319669 -13.939365 -66.462396 -127.600567 11.387553 -23.169011 -12.632832 11.765512 38.387699 13.036799 -23.625858 1.025378 13.579708 64.445982 5.175635 12.819443 -4.654204 7.241362 -2.681411 -7.516761 -13.557896 10.981981 -8.816539 -0.758021 5.136349 28.001775 -1.159086 16.023373 -17.587990 0.311684 0.012385 -1.014424 -1.455534
0.027867 0.932511 1.032413 -46.431711 -1.086324 -1.057045 -13.106089 2.844055 0.730828 -5.868821 -4.583166 0.406253 -5.851285 1.206871 -0.188615 -4.401269 6.743710 -0.131200 13.289957 18.236405 -1.746316 24.946542 -0.762819 -7.377132 -3.399520 3.952802 9.625596 -15.334661 -20.915093 61.648967 83.264981 5.778997 48.687522 1.621240 10.662218 -2.992062 -8.126746 7.773713 -8.513983 1.302006 -15.275586 -66.673738 -127.975297 11.401926 -23.097552 -12.598624 11.819119 38.610777 15.467404 -26.381199 1.704751 12.076714 62.278095 4.892045 14.268870 -6.030803 8.618633 -2.501993 -5.206940 -14.541764 11.535513 -6.444510 -1.993923 5.560029 26.710033 -1.423946 16.843506 -18.636296 0.758670 0.020868 -1.802747 -1.326284
0.027428 0.935034 1.067706 -48.024891 -0.539159 -1.229685 -13.770751 2.497493 0.757528 -6.164740 -4.739137 0.412127 -6.144678 1.047792 -0.212575 -4.623384 6.624774 -0.150323 13.858227 18.481934 -1.999757 26.030257 -0.153542 -7.946620 -3.761090 3.592096 9.495364 -15.929122 -19.511986 60.875873 83.645223 5.252324 48.921826 1.330053 10.897078 -2.042083 -8.008051 7.676512 -8.348495 1.741028 -15.499651 -67.259700 -128.435441 10.378746 -23.383671 -12.535241 11.801051 38.874425 18.054916 -28.523870 2.015580 8.777185 58.740808 3.581848 16.232975 -6.867101 9.730342 -1.516885 -3.013960 -10.983578 12.855303 -3.780610 -3.290413 6.000096 24.282854 -1.251896 16.650134 -18.559497 1.165839 0.026715 -2.914121 -1.057866
0.026424 0.939430 1.102995 -49.494833 0.165482 -1.481858 -14.387111 2.031154 0.877940 -6.443235 -4.951018 0.454833 -6.419832 0.832878 -0.197906 -4.828931 6.463553 -0.141007 14.421219 18.888389 -2.214643 27.061524 0.746065 -8.402585 -4.187159 3.200647 9.276843 -15.515322 -17.963463 59.705283 84.449315 4.806747 48.809422 1.080310 11.186126 -0.814721 -7.715664 7.466296 -8.090833 2.495791 -15.130301 -68.106833 -128.939139 8.714906 -23.943487 -12.482294 11.744687 39.100744 20.582016 -30.138115 2.100687 4.865772 53.962422 2.038871 18.390518 -7.289530 10.840535 -0.470942 -1.111346 -4.737354 14.613012 -0.975335 -4.596918 6.387627 21.164349 -0.852542 15.773183 -17.438703 1.456416 0.023582 -4.551971 -0.578190
0.024937 0.944825 1.138408 -50.821420 0.785890 -1.638347 -14.855527 1.603138 0.956223 -6.653635 -5.144529 0.478083 -6.627110 0.636884 -0.195893 -4.984442 6.316499 -0.141332 14.873303 19.226254 -2.366841 27.875238 1.490901 -8.723540 -4.589340 2.967671 9.104073 -15.528394 -16.926031 58.833372 85.475519 4.369395 49.082473 0.905369 11.454537 0.450551 -7.543006 7.425730 -7.836414 2.991503 -14.678155 -68.685679 -129.569560 7.329201 -24.376940 -12.520856 11.727663 39.080249 21.684946 -30.813858 2.651790 2.594929 48.327052 1.129496 20.134393 -7.725708 12.064700 0.000000 -0.000000 -0.000000 16.366565 1.268463 -5.620858 7.000106 19.059576 -0.535149 14.344896 -15.081040 1.081619 -0.026917 -7.779290 0.426079
0.022885 0.951606 1.174106 -51.981709 1.217366 -1.588285 -15.149273 1.278811 0.904258 -6.780288 -5.287598 0.445319 -6.751499 0.492276 -0.241444 -5.081369 6.208515 -0.177174 15.176102 19.387001 -2.432474 28.418772 1.863032 -8.885055 -4.967220 3.030874 9.020083 -16.542290 -16.759560 58.559384 86.742394 3.938022 50.131296 0.832457 11.648445 1.818325 -7.714057 7.757103 -7.639503 2.876096 -14.299666 -68.703773 -130.459116 6.646557 -24.472453 -12.691470 11.794153 38.680170 20.602669 -30.137948 4.032445 2.954082 41.550835 1.211919 21.203587 -8.329283 13.457319 -0.009798 0.285670 1.140361 18.276231 2.831753 -6.319100 7.956567 18.424740 -0.322349 12.152743 -11.233812 -0.100867 -0.242064 -13.655198 2.113673
0.020349 0.959386 1.209929 -52.994532 1.574157 -1.430783 -15.292567 0.980860 0.793402 -6.837367 -5.416645 0.386533 -6.806778 0.362600 -0.305948 -5.127948 6.112018 -0.227206 15.370526 19.487976 -2.425252 28.755617 2.083727 -8.899212 -5.326051 3.263855 8.954057 -17.990969 -17.047373 58.654091 88.235140 3.465745 51.559753 0.831658 11.776670 3.233847 -8.004121 8.251416 -7.472652 2.508499 -13.811886 -68.462172 -131.495572 6.276721 -24.486443 -12.927243 11.870473 38.024918 18.173816 -28.434344 5.815714 4.623770 33.996439 1.665969 21.849102 -8.900796 14.848256 -0.039232 0.134980 0.571934 20.246442 3.846407 -6.719726 9.216999 18.804828 -0.125269 9.181842 -6.167864 -1.877038 -0.847492 -21.089235 4.507375
0.017653 0.966130 1.245533 -53.899570 1.945249 -1.299724 -15.260094 0.647013 0.716006 -6.817768 -5.562360 0.341012 -6.785529 0.217136 -0.349475 -5.115602 6.003359 -0.261625 15.472483 19.638011 -2.370034 28.903003 2.362880 -8.792443 -5.591245 3.469706 8.868124 -19.557612 -17.292568 58.929257 89.689621 2.857342 52.951780 0.812465 11.855003 4.266015 -8.032916 8.565115 -7.305828 2.382618 -13.228551 -68.303700 -132.416368 5.895469 -24.715607 -13.146424 11.860479 37.293894 15.345135 -26.421708 7.642568 6.233562 27.046312 1.723778 22.326745 -9.318743 15.895189 -0.000000 -0.000000 0.000000 21.499710 3.949894 -6.685189 10.895496 20.554980 0.024402 5.736523 -0.535324 -4.280880 -1.933016 -27.885709 7.774763
0.014846 0.971645 1.280632 -54.691758 2.434261 -1.257721 -15.006920 0.185215 0.720433 -6.703251 -5.767237 0.327681 -6.669173 0.013574 -0.351283 -5.028874 5.850536 -0.265196 15.475843 19.955036 -2.223128 28.819995 2.903737 -8.459556 -5.711642 3.673412 8.755417 -21.457924 -17.361207 59.428961 91.029512 2.129211 54.339197 0.664856 11.890756 4.586133 -7.545996 8.531131 -7.065234 2.539438 -12.504884 -68.412115 -133.081226 5.535475 -25.320295 -13.338933 11.714002 36.466424 11.853739 -24.068409 9.695853 7.553584 20.672500 1.000919 22.786240 -9.491827 16.265104 0.000000 -0.000000 0.000000 21.690172 2.707591 -6.029616 13.428513 24.242397 0.286123 1.153377 5.997488 -7.762942 -3.597631 -34.143616 12.382185
0.011879 0.976124 1.315512 -55.377043 2.935074 -1.241843 -14.579019 -0.310671 0.749602 -6.511989 -5.987802 0.324975 -6.476361 -0.204756 -0.334710 -4.883342 5.686483 -0.254942 15.387177 20.321520 -2.026918 28.552612 3.504460 -8.005956 -5.737666 3.851909 8.632130 -23.474040 -17.374874 60.089766 92.306711 1.292204 55.704125 0.482542 11.872542 4.519978 -6.799761 8.307943 -6.805711 2.926344 -11.687161 -68.562499 -133.621227 5.125963 -26.111081 -13.536633 11.500394 35.569052 8.052217 -21.341456 11.681371 8.961203 14.837643 0.070731 23.260533 -9.519504 16.232163 -0.000000 -0.000000 0.000000 21.156091 0.557693 -4.897485 16.419353 29.346690 0.781427 -4.573999 12.794905 -12.111466 -5.619874 -39.597023 18.106461
0.008927 0.978117 1.350686 -56.012056 3.219803 -1.196839 -14.086625 -0.620575 0.742841 -6.291395 -6.124555 0.312966 -6.255415 -0.338953 -0.324439 -4.716968 5.585686 -0.248429 15.240362 20.492060 -1.938697 28.240401 3.765033 -7.775772 -5.746432 3.733546 8.499513 -24.617202 -17.268858 60.516149 93.475100 0.310109 56.549010 0.475050 11.789156 4.615497 -6.177184 8.044639 -6.681820 3.888119 -10.948158 -68.475139 -134.158549 4.165325 -26.833728 -13.718189 11.313583 34.856173 5.524710 -19.149904 12.881992 9.948612 10.920463 -0.501769 23.830728 -9.549819 16.399963 -0.000000 -0.000000 0.000000 20.150391 -1.567458 -3.673152 18.631753 34.577844 1.123760 -9.614083 17.894562 -16.279845 -6.386551 -41.762815 22.958128
0.005781 0.977018 1.386472 -56.751127 3.155369 -1.110266 -13.504565 -0.643568 0.680612 -6.029946 -6.132112 0.285344 -5.995338 -0.343665 -0.325635 -4.521936 5.582060 -0.249189 15.055186 20.359428 -2.026474 27.948002 3.509113 -7.915386 -5.789750 2.981150 8.323773 -24.440316 -16.874747 60.475764 94.646409 -0.777476 56.697787 0.810931 11.577093 5.175860 -5.801637 7.748485 -6.788533 6.065388 -10.403924 -67.946956 -134.774792 1.972416 -27.576191 -13.893215 11.185832 34.391873 4.770637 -18.014350 13.221905 9.886308 9.787853 -0.827734 24.892807 -9.854135 17.910214 0.000000 -0.000000 0.000000 18.371378 -3.313105 -2.368785 19.384043 39.552157 0.542564 -12.744429 20.683821 -20.164635 -3.974572 -38.772156 25.447260
0.002649 0.973432 1.422552 -57.440147 2.876174 -0.985234 -12.857872 -0.477682 0.586505 -5.739186 -6.054863 0.248783 -5.707021 -0.263431 -0.332833 -4.306114 5.642135 -0.253704 14.811658 20.032420 -2.224381 27.606342 2.914068 -8.277537 -5.814298 1.933742 8.125258 -23.398972 -16.367529 60.245091 95.796879 -1.915594 56.299972 1.330007 11.266497 5.874806 -5.547015 7.420312 -7.040691 8.823151 -10.011201 -67.168365 -135.311400 -0.766667 -28.278891 -14.044462 11.088820 34.109411 5.109059 -17.541456 13.012103 9.201867 10.589509 -1.098781 26.079404 -10.151893 19.566373 -0.000000 -0.000000 0.000000 16.094392 -4.987949 -0.942986 18.867370 44.575394 -0.951105 -14.612417 21.909054 -23.644408 0.576409 -32.889523 26.177171
0.000330 0.967721 1.458485 -57.672905 2.555632 -0.792714 -12.331228 -0.200562 0.468630 -5.501039 -5.927886 0.203986 -5.471511 -0.134098 -0.353597 -4.130953 5.739189 -0.268137 14.482880 19.591332 -2.490758 27.147973 2.110370 -8.764900 -5.745030 1.331640 7.989369 -21.844995 -16.227468 60.157394 96.717784 -3.101657 55.342205 1.741626 11.000226 6.335731 -5.420167 7.203185 -7.319585 10.605433 -9.650011 -66.499128 -135.602309 -2.497389 -28.462617 -14.098393 11.016229 34.067892 6.232242 -17.349957 12.269306 8.892608 12.179557 -0.969877 26.225079 -9.734151 18.521009 0.000000 0.000000 0.000000 14.491401 -6.749472 0.202284 17.273004 49.424728 -2.603662 -15.427997 22.110240 -25.331147 4.467269 -27.803634 25.808494
-0.000799 0.958880 1.494343 -57.248505 2.231062 -0.429163 -12.049016 0.186216 0.281783 -5.368479 -5.750908 0.130709 -5.341380 0.044120 -0.413485 -4.037730 5.873272 -0.311764 14.030736 19.007805 -2.854474 26.519058 1.045688 -9.425250 -5.551966 1.593859 7.952480 -19.595884 -16.787024 60.341718 97.495379 -4.324024 53.580692 1.919599 10.862716 6.392267 -5.492744 7.208722 -7.574622 10.557219 -9.055289 -66.048551 -135.774128 -2.348135 -27.519676 -13.983731 10.966921 34.547627 8.587417 -17.355763 10.615013 9.574178 14.243863 0.190901 24.125799 -7.454630 12.506060 0.000000 0.000000 0.000000 14.024545 -8.710550 0.789024 14.472763 54.341994 -4.312559 -14.671782 21.457941 -24.200453 6.681587 -24.198145 24.279991
-0.001116 0.947914 1.530055 -56.370366 1.857110 -0.007253 -11.891036 0.686918 0.078598 -5.290245 -5.523163 0.052811 -5.265626 0.272555 -0.483471 -3.985857 6.045108 -0.362660 13.493234 18.312803 -3.285302 25.776587 -0.225799 -10.203586 -5.264033 2.296764 8.005434 -16.791124 -17.774194 60.483544 98.187730 -5.526754 51.252382 1.983637 10.810301 6.233010 -5.696624 7.326245 -7.845358 9.544884 -8.414148 -65.723467 -135.750142 -1.229686 -26.003170 -13.769926 10.916939 35.268001 11.752587 -17.481214 8.431005 10.818221 16.948412 2.033314 20.003841 -4.407186 4.157235 0.000000 0.000000 -0.000000 14.292850 -10.833950 0.977798 10.484741 59.121727 -6.330966 -12.584787 19.988123 -21.296501 7.548838 -21.165175 22.060049
-0.000958 0.938189 1.564964 -55.235450 1.488541 0.173887 -11.669512 1.228122 0.013163 -5.189925 -5.280956 0.036912 -5.168000 0.515731 -0.489245 -3.912662 6.227523 -0.365096 12.955337 17.676242 -3.658038 25.012031 -1.408646 -10.859273 -4.898566 2.912769 8.168983 -14.269426 -18.725638 60.288168 98.481491 -6.772263 49.076513 2.005084 10.809910 6.038576 -5.829583 7.364829 -8.151607 8.581686 -8.227758 -65.589233 -135.171481 -0.228485 -25.161955 -13.598412 10.859223 35.446186 14.091988 -17.526836 6.861784 11.952717 20.053778 3.361930 15.778871 -3.306972 -2.200016 0.000000 0.000000 0.000000 15.175290 -13.110476 0.989412 6.577081 63.048451 -7.463400 -10.559632 18.147892 -18.284755 6.903801 -20.078968 19.943860
-0.000109 0.930374 1.598557 -53.891150 1.102421 -0.112977 -11.309642 1.830227 0.208433 -5.040687 -5.018186 0.137692 -5.021848 0.779841 -0.373424 -3.793971 6.424622 -0.275739 12.447157 17.153084 -3.937078 24.257733 -2.402181 -11.327181 -4.394148 3.196530 8.564436 -12.151441 -19.535020 59.424731 98.078156 -8.386235 47.138970 2.041013 10.852147 5.918867 -5.795677 7.177951 -8.581398 8.032493 -8.914124 -65.740839 -133.740091 0.465811 -25.752881 -13.538858 10.888861 34.654904 14.920234 -17.845272 6.647498 12.618325 24.370679 3.366798 12.883280 -5.843285 -4.833340 -0.001286 0.059512 -0.007852 17.132366 -15.629838 0.769785 3.919598 66.021692 -5.939000 -9.308279 15.930985 -15.554740 4.594088 -22.627217 18.082988
0.001214 0.923799 1.631348 -52.283956 0.742856 -0.644965 -10.874594 2.452565 0.557608 -4.866078 -4.749649 0.306169 -4.850242 1.049829 -0.187324 -3.650927 6.625552 -0.133378 11.936325 16.689930 -4.167074 23.474881 -3.298327 -11.691200 -3.807031 3.368982 9.057663 -10.334683 -20.186746 58.277752 97.329416 -10.232904 45.341078 2.035320 10.941623 5.770419 -5.694470 6.928560 -9.065816 7.516668 -10.039567 -66.140688 -131.844299 1.210850 -27.058470 -13.546699 10.997915 33.323564 14.904466 -18.255151 7.020618 12.984396 29.291795 2.766764 10.736623 -10.245125 -5.564209 -0.001349 0.118994 -0.016026 19.738993 -18.295871 0.212497 2.320528 68.170665 -2.451590 -8.257618 13.292472 -12.748636 1.676309 -27.455346 15.990289
0.002028 0.919828 1.664219 -50.461435 0.561796 -1.035608 -10.385031 2.936857 0.858226 -4.664970 -4.540326 0.448318 -4.651435 1.260894 -0.024838 -3.489346 6.782598 -0.009409 11.412342 16.293979 -4.347062 22.640481 -4.087249 -11.941537 -3.344133 3.629847 9.285735 -9.376006 -20.442483 57.849608 96.693460 -11.720071 44.164185 1.896950 11.053348 5.443357 -5.612716 6.877264 -9.380281 6.925861 -10.850981 -66.635165 -130.132312 1.711777 -28.157218 -13.571371 11.035992 31.949372 14.431835 -17.897278 6.898861 13.054729 32.629272 2.310432 9.257311 -13.966691 -5.738918 0.000000 -0.000000 -0.000000 21.489580 -20.824818 -0.399359 1.029990 69.216647 0.539130 -6.798987 10.756343 -10.225133 -0.269731 -31.231375 13.282853
0.001802 0.919221 1.697371 -48.403973 0.607787 -1.102453 -9.856054 3.263061 1.001539 -4.438202 -4.397191 0.515654 -4.426515 1.405957 0.065429 -3.313856 6.890809 0.059372 10.856539 15.916266 -4.485338 21.730128 -4.858991 -12.096678 -3.133556 4.140330 9.042891 -9.861807 -20.359702 59.007800 96.086045 -12.530960 44.114874 1.538525 11.195280 4.810138 -5.630961 7.214858 -9.371255 6.060215 -11.104206 -67.213382 -128.704576 1.864451 -28.625657 -13.561095 10.942877 30.670272 13.329647 -16.235920 5.825932 12.815246 33.293672 2.178411 8.830043 -16.260913 -5.850275 0.000078 -0.224527 0.040548 21.816176 -23.204513 -0.952806 -0.551971 69.135806 1.914895 -4.470885 8.442604 -7.960906 -0.931537 -32.763555 9.545381
0.001066 0.921217 1.730603 -46.133956 0.813703 -1.009876 -9.278854 3.464352 1.079140 -4.186180 -4.308093 0.550044 -4.175927 1.496927 0.125299 -3.121531 6.958624 0.104655 10.285931 15.605345 -4.573282 20.762149 -5.521630 -12.136643 -3.061240 4.795952 8.573475 -11.156033 -20.023444 61.012329 95.354612 -12.956698 44.736409 1.073177 11.330902 3.976183 -5.649669 7.716004 -9.147034 5.112066 -11.029459 -67.830072 -127.384709 1.711952 -28.913937 -13.524462 10.793600 29.338486 11.689607 -13.782309 4.323446 12.237744 32.360851 2.030803 9.149097 -17.892696 -5.628438 -0.000513 -0.627288 0.106767 21.270528 -25.455724 -1.428918 -2.019815 67.991574 2.581872 -1.762710 6.238254 -5.860064 -0.763918 -32.951584 5.125785
0.000435 0.924895 1.764195 -43.765809 1.146201 -0.885132 -8.644686 3.472078 1.169090 -3.908476 -4.304850 0.585469 -3.898804 1.502088 0.188872 -2.908952 6.962072 0.152066 9.747600 15.510211 -4.574160 19.783382 -5.800556 -11.978553 -2.967387 5.403085 8.194713 -12.026798 -19.350275 62.470513 94.813964 -13.281789 45.083466 0.702755 11.388099 3.154064 -5.495211 8.008062 -8.888371 4.572031 -10.613032 -68.240082 -126.319796 1.092102 -29.436264 -13.488205 10.590780 28.011456 10.334031 -11.196600 2.817602 11.429679 30.850907 1.836269 9.085307 -18.605179 -5.245084 -0.003192 -1.604808 0.227926 19.951517 -27.370169 -1.521477 -2.771835 65.731320 2.918064 0.593234 4.367723 -4.095903 -0.188628 -31.420744 1.069155
0.000138 0.930222 1.798233 -41.306084 1.668284 -0.745691 -7.926096 3.175785 1.281787 -3.593224 -4.436395 0.625420 -3.583284 1.372690 0.260841 -2.666957 6.864688 0.204908 9.271294 15.774466 -4.419653 18.804330 -5.436855 -11.484103 -2.790879 5.859892 8.030993 -11.811750 -18.030274 62.718505 94.584921 -13.674618 44.566378 0.471497 11.341693 2.364929 -5.050517 7.894522 -8.675195 4.611581 -9.723427 -68.326393 -125.540643 -0.225556 -30.460922 -13.469568 10.305265 26.726698 9.722355 -8.511764 1.433314 10.378005 28.695470 1.569581 8.070386 -18.403948 -4.728228 -0.014223 -3.053568 0.491717 17.338412 -28.986087 -0.801993 -2.137421 62.255626 3.017674 2.512025 2.928990 -2.667699 0.295635 -27.601393 -2.178558
-0.000056 0.937231 1.832630 -38.745828 2.312827 -0.553135 -7.153102 2.684130 1.361619 -3.251670 -4.653936 0.648391 -3.241469 1.157227 0.318455 -2.406476 6.702914 0.246448 8.843051 16.233917 -4.138569 17.845680 -4.723126 -10.743223 -2.584715 6.247513 7.948947 -11.265858 -16.307942 62.548040 94.588042 -13.965967 43.775920 0.335363 11.235842 1.603761 -4.451878 7.566555 -8.483222 5.066217 -8.550335 -68.105976 -124.923139 -1.984592 -31.799229 -13.454716 9.954818 25.431413 9.365785 -5.654603 0.127070 9.098451 25.965574 1.263544 6.716550 -17.258728 -4.046247 -0.036554 -5.075518 0.821018 13.852441 -30.275333 0.455392 -0.541734 57.708887 2.952167 4.118392 1.828262 -1.495517 0.460102 -22.062384 -4.453655
-0.000219 0.945103 1.867407 -36.178819 2.862965 -0.368332 -6.401115 2.250287 1.409069 -2.918153 -4.845332 0.659401 -2.908173 0.967583 0.363252 -2.153342 6.560591 0.278650 8.437785 16.581375 -3.858729 16.954812 -4.202698 -10.038851 -2.353504 6.626220 7.861086 -11.297118 -14.985569 62.608911 94.846029 -13.929574 43.552583 0.323594 11.136421 1.060012 -3.915863 7.257939 -8.349661 5.934772 -7.587909 -67.605124 -124.438849 -3.612464 -33.153318 -13.458431 9.607900 24.045511 8.775874 -3.126254 -0.982370 7.738108 23.887845 0.939006 5.677566 -14.865343 -3.239109 -0.069595 -8.377591 1.000253 11.055357 -30.951111 1.392021 0.761917 52.366619 2.866122 5.067487 1.053245 -0.714414 0.367028 -16.316960 -5.309226
-0.000436 0.954200 1.902394 -33.669799 3.278356 -0.214164 -5.660117 1.946528 1.433696 -2.588619 -4.978386 0.663257 -2.579187 0.836125 0.400540 -1.903858 6.462015 0.305687 8.040422 16.700655 -3.651589 16.137443 -4.082122 -9.509763 -2.085872 6.994221 7.737197 -12.514869 -14.405001 63.115414 95.354026 -13.406227 44.502795 0.419463 11.071879 0.835668 -3.494312 7.000751 -8.271809 7.394597 -7.099414 -66.710565 -124.233046 -5.077038 -34.482041 -13.575382 9.315254 22.457325 7.805741 -1.057186 -1.920102 6.386142 22.717991 0.575656 5.403257 -10.709350 -2.366421 -0.101489 -14.131160 0.904705 9.516921 -30.849736 1.696749 1.096885 45.898279 2.561243 5.197895 0.912586 -0.535997 0.150385 -10.302573 -4.171742
-0.000624 0.964161 1.937762 -31.155956 3.603122 -0.082052 -4.939540 1.702005 1.445414 -2.267675 -5.084862 0.663025 -2.258955 0.731074 0.432896 -1.661240 6.383330 0.329270 7.654811 16.715707 -3.474357 15.364735 -4.141608 -9.054482 -1.793746 7.358731 7.603674 -14.286258 -14.216672 63.730485 96.039356 -12.523284 46.044777 0.613270 11.027626 0.825109 -3.131984 6.775676 -8.243601 9.256024 -6.938281 -65.596887 -124.195180 -6.476282 -35.763780 -13.757482 9.037959 20.776515 6.668198 0.658044 -2.733767 4.956438 22.203752 0.202878 5.601068 -5.330846 -1.405079 -0.102167 -21.165576 0.609667 8.696088 -30.139562 1.636686 1.079549 38.613458 2.073472 4.847392 1.191209 -0.853471 -0.001802 -4.226843 -1.826068
-0.000603 0.973078 1.974048 -28.543255 3.753841 -0.006420 -4.342773 1.550971 1.479958 -2.003393 -5.150491 0.674873 -1.995487 0.666400 0.471527 -1.460754 6.334837 0.357858 7.274618 16.692467 -3.308000 14.610072 -4.264259 -8.625636 -1.516299 7.802275 7.468509 -15.605214 -14.254503 64.143394 96.770709 -11.469837 47.245929 0.930111 11.011664 0.902396 -2.873067 6.745863 -8.249516 10.987689 -6.857985 -64.806323 -124.002171 -7.419181 -36.716758 -13.781167 8.729695 19.244473 5.462292 1.853480 -3.402185 3.342862 22.812359 -0.085655 5.788133 -0.005629 -0.299268 -0.065552 -26.680098 0.297371 8.528230 -29.050156 1.143857 1.095033 31.701710 1.669829 4.388050 1.103640 -1.350528 0.000000 0.000000 -0.000000
-0.000235 0.980814 2.011568 -25.779797 3.683688 -0.031561 -3.921263 1.526149 1.582818 -1.820920 -5.161079 0.719113 -1.813769 0.656375 0.534247 -1.319783 6.327206 0.404938 6.908324 16.646608 -3.168857 13.892440 -4.418785 -8.253700 -1.239630 8.434660 7.334866 -15.971897 -14.571746 64.162311 97.529823 -10.250450 47.705522 1.437626 11.041352 1.029058 -2.761576 7.056040 -8.247492 12.372421 -6.623458 -64.707932 -123.507379 -7.532170 -37.113573 -13.428561 8.301689 17.816789 4.173758 2.411802 -3.972917 1.365459 24.868146 -0.259608 5.828260 5.123831 1.137975 -0.008388 -30.237065 -0.060731 9.055249 -27.434858 0.222955 1.075586 25.164906 1.252777 3.901514 0.332957 -1.913348 0.022693 1.182720 0.464511
0.000342 0.987506 2.050006 -22.919497 3.450653 -0.139144 -3.622893 1.586150 1.731175 -1.695658 -5.134401 0.784793 -1.689078 0.683481 0.612667 -1.220354 6.347409 0.464097 6.545911 16.565462 -3.045181 13.189969 -4.633456 -7.914404 -0.975972 9.147090 7.217367 -15.895467 -15.108039 63.916321 98.273496 -8.831394 47.856210 2.064572 11.124211 1.227687 -2.745112 7.564708 -8.230678 13.641965 -6.307334 -64.946396 -122.926733 -7.189801 -37.139372 -12.867433 7.903501 16.501227 2.846540 2.451486 -4.449497 -0.785129 28.061871 -0.455776 5.912645 10.234016 2.665090 0.036629 -32.282695 -0.331955 10.140407 -25.364246 -0.975147 0.926354 19.005713 0.687961 3.299043 -0.761834 -2.729124 0.013232 0.585724 0.246479
0.000893 0.991658 2.088949 -20.027238 3.126700 -0.269826 -3.395949 1.657306 1.855278 -1.601029 -5.102731 0.839856 -1.594878 0.715439 0.677337 -1.144824 6.371269 0.512905 6.155935 16.466441 -2.868256 12.419379 -4.889092 -7.467973 -0.804421 9.690636 7.123908 -15.878653 -15.551062 63.618966 98.839330 -7.352591 48.000682 2.628777 11.236521 1.473735 -2.724002 8.006198 -8.243654 14.961099 -6.098034 -64.960822 -122.452500 -7.085215 -37.197280 -12.441408 7.754714 15.646656 1.662174 2.157979 -4.736704 -2.662184 31.892861 -0.789741 5.873627 14.522401 3.736401 0.011525 -31.327500 -0.109714 11.492679 -23.387346 -2.372077 0.858232 14.387470 0.226459 2.625353 -1.967217 -3.877322 0.000000 0.000000 -0.000000
0.001449 0.992895 2.128584 -17.020716 2.716883 -0.403613 -3.263486 1.707448 1.934028 -1.546176 -5.080472 0.874770 -1.540289 0.737810 0.717777 -1.100846 6.387948 0.543406 5.711421 16.363079 -2.605885 11.516968 -5.165352 -6.842753 -0.798920 9.932961 6.993856 -16.103105 -15.748860 63.364304 99.291030 -5.877250 48.268490 3.084684 11.360140 1.878255 -2.711243 8.333596 -8.363215 16.554980 -6.183263 -64.490596 -122.110545 -7.569289 -37.556803 -12.298229 7.892932 15.565726 0.766094 1.511723 -4.766591 -4.317988 36.400649 -1.331946 5.202441 17.867586 4.088576 0.138591 -25.361413 1.008244 13.550593 -21.583535 -4.329230 0.893787 11.780562 0.319109 1.863967 -3.411829 -5.953344 0.000000 -0.000000 0.000000
0.001979 0.991592 2.168726 -13.981870 2.218907 -0.575615 -3.202278 1.775308 1.988486 -1.521938 -5.050388 0.899263 -1.516227 0.767963 0.744736 -1.080790 6.410506 0.563824 5.236465 16.236573 -2.293611 10.539783 -5.485886 -6.113880 -0.892103 10.009356 6.844381 -16.383774 -15.850689 63.088140 99.595631 -4.373198 48.523642 3.491153 11.487829 2.336887 -2.696048 8.605152 -8.529097 18.193802 -6.467769 -63.836149 -121.810573 -8.298931 -37.985196 -12.287507 8.117302 15.994998 0.000972 0.511317 -4.649966 -5.728261 41.526322 -1.950073 4.219480 20.385309 4.068974 0.779029 -16.384231 2.224097 15.860619 -19.754361 -6.449074 1.010110 10.623491 0.777034 1.030787 -4.831034 -8.385627 0.000000 0.000000 -0.000000
0.002160 0.987382 2.208406 -11.221511 1.688727 -0.795437 -3.090763 1.899971 2.009741 -1.473991 -4.994582 0.909092 -1.468626 0.823933 0.759462 -1.044045 6.452522 0.575080 4.776080 16.054349 -1.964334 9.584780 -5.900610 -5.360539 -0.951246 10.062462 6.791194 -16.675312 -16.008691 62.802609 99.481847 -2.877432 48.637930 3.807083 11.598903 2.514072 -2.548363 8.704837 -8.611031 19.371740 -6.736882 -63.266023 -121.552840 -8.928340 -38.158618 -12.326176 8.243249 16.431725 -0.904539 -0.627699 -4.528687 -6.231935 46.606984 -2.273318 3.935923 21.590970 4.088148 1.381682 -8.937283 2.646962 16.943458 -18.235163 -7.773861 1.383437 10.570059 1.053747 0.123720 -5.691561 -9.344013 -0.000000 -0.000000 -0.000000
0.001624 0.979230 2.247147 -8.912585 1.147826 -1.104896 -2.853286 2.109533 2.012157 -1.369482 -4.900388 0.910343 -1.364748 0.918418 0.771340 -0.965353 6.523501 0.584212 4.327519 15.791433 -1.638576 8.654995 -6.456082 -4.619743 -0.869733 10.211338 6.851094 -17.007128 -16.381623 62.547588 98.953911 -1.445232 48.538960 4.024993 11.672448 2.233017 -2.143870 8.559726 -8.539149 19.909258 -6.810544 -62.806716 -121.419696 -9.504917 -37.888105 -12.399363 8.151100 16.655862 -2.127388 -1.885692 -4.410905 -4.823795 51.638625 -1.653771 5.172102 21.006691 4.301388 1.176978 -4.682057 1.933300 16.054708 -17.414996 -7.922684 2.515927 11.706038 1.043167 -1.239938 -5.630096 -7.606907 -0.000000 0.000000 0.000000
0.000738 0.968171 2.285427 -6.879697 0.577019 -1.456443 -2.563132 2.378572 1.991303 -1.240605 -4.779454 0.900983 -1.236588 1.039646 0.775057 -0.869082 6.614571 0.587171 3.890929 15.475892 -1.299039 7.740199 -7.102361 -3.854729 -0.752843 10.320501 7.008526 -17.352592 -16.812241 62.271699 98.009416 -0.058732 48.270185 4.130512 11.711984 1.675602 -1.617477 8.221768 -8.418458 19.991173 -6.809304 -62.405324 -121.333568 -10.018390 -37.338311 -12.508697 7.968724 16.876500 -3.495567 -3.275899 -4.272722 -1.916877 56.576308 -0.063942 6.936782 19.059396 4.271146 0.505353 -1.868259 0.784364 14.056529 -17.049686 -7.517491 3.957013 13.980911 1.033046 -2.575765 -5.214922 -4.249319 -0.000000 0.000000 0.000000
0.000284 0.956940 2.323712 -4.912712 -0.035477 -1.720271 -2.322471 2.669263 1.910251 -1.130709 -4.648915 0.864782 -1.127304 1.170388 0.749981 -0.789132 6.712812 0.568381 3.516798 15.153958 -0.920806 6.920985 -7.750673 -3.033783 -0.791469 10.140670 7.325311 -17.578331 -16.978554 61.858253 96.360424 1.326513 47.853506 4.067409 11.727212 1.049042 -1.227988 7.766321 -8.380332 19.663627 -6.902983 -62.199289 -121.117585 -10.027550 -36.687903 -12.617340 7.925166 17.227116 -4.737916 -4.627093 -4.189055 0.613043 60.756868 1.435703 7.663718 16.670509 3.761284 0.000000 -0.000000 -0.000000 11.939051 -16.663049 -7.198856 4.422457 16.922311 0.936122 -2.725951 -5.535257 -0.886251 0.000000 0.000000 -0.000000
0.000577 0.945500 2.362551 -2.920726 -0.800508 -1.818091 -2.160541 3.004263 1.703082 -1.049402 -4.498528 0.772800 -1.046531 1.320941 0.666244 -0.734965 6.826039 0.505361 3.236144 14.832837 -0.440746 6.231847 -8.391198 -2.050604 -1.193744 9.360017 7.903167 -17.458601 -16.671281 61.085719 93.550152 2.562567 47.264388 3.828419 11.630151 0.583138 -1.095760 7.112473 -8.501945 18.764725 -7.024647 -62.251092 -120.715844 -9.222488 -35.871498 -12.739709 8.160099 17.903379 -5.897393 -5.728082 -4.220016 1.169499 64.019060 1.436737 6.466310 13.980432 2.875996 -0.254592 1.056164 -0.380694 9.814444 -16.233667 -7.271899 2.827384 20.905778 0.549127 -0.564013 -7.209228 2.086878 0.006435 0.065773 -0.096866
0.001301 0.933889 2.401394 -0.997563 -1.619940 -1.835689 -2.047558 3.371879 1.436224 -0.986548 -4.333667 0.654567 -0.984144 1.485935 0.554397 -0.696643 6.950116 0.421126 3.015728 14.499936 0.078051 5.634540 -9.046056 -1.011404 -1.786450 8.289069 8.604240 -17.217718 -16.091669 60.212109 90.043031 3.717689 46.482626 3.445282 11.479816 0.057649 -1.104744 6.359525 -8.713914 17.459357 -7.180085 -62.513460 -120.252843 -7.894439 -34.928305 -12.871724 8.533990 18.716128 -6.912410 -6.797839 -4.307059 0.383666 66.602950 0.289110 4.365659 10.861504 1.892769 -0.360638 1.090596 -0.543501 7.575713 -15.795701 -7.452262 0.112079 25.541901 -0.293865 2.754886 -9.629027 4.764170 0.006409 0.132055 -0.193583
0.002292 0.924951 2.439061 0.789309 -2.191185 -1.876583 -2.000612 3.676946 1.260899 -0.957307 -4.197295 0.577274 -0.955175 1.622327 0.480058 -0.680499 7.052566 0.365173 2.815539 14.176661 0.475422 5.114672 -9.669834 -0.201191 -2.156639 7.611559 9.145903 -17.395427 -15.563114 59.825467 86.913942 5.195683 45.497747 2.920862 11.472019 -1.008041 -1.145251 5.859232 -8.895064 16.271806 -7.675482 -62.962032 -119.823196 -6.494723 -34.200175 -12.961798 8.860944 19.223693 -7.351056 -8.312497 -4.362506 -0.583246 68.535337 -0.769591 2.733828 7.883648 0.943304 -0.000000 -0.000000 -0.000000 5.871611 -14.975937 -7.429182 -1.858445 29.216753 -1.249136 4.657163 -12.112794 6.523297 0.000000 0.000000 0.000000
0.003611 0.919741 2.474639 2.438683 -2.374764 -1.945736 -2.030178 3.910321 1.227840 -0.969384 -4.093565 0.563663 -0.967404 1.725998 0.465200 -0.690816 7.130310 0.354178 2.610231 13.824900 0.690986 4.651807 -10.335605 0.272562 -1.986142 7.775578 9.456094 -18.189756 -15.341680 60.423225 84.508221 7.831475 43.914274 2.114698 11.703288 -3.224504 -1.183813 5.824570 -8.990778 15.390371 -8.932135 -63.717378 -119.343396 -4.955394 -33.912557 -12.976380 9.102278 19.105141 -6.812404 -10.634575 -4.439876 -1.542080 70.017184 -1.314793 2.131840 5.187262 -0.266949 1.001229 -2.878558 1.893382 4.982939 -13.671916 -6.959479 -1.858098 31.499430 -1.844443 3.493811 -14.754807 7.298103 -0.001425 -0.366072 0.760778
0.005196 0.917204 2.509040 3.950392 -2.309519 -2.008958 -2.128182 4.070823 1.275354 -1.016044 -4.022663 0.586286 -1.014116 1.796830 0.483086 -0.724560 7.183368 0.367977 2.433282 13.492954 0.791933 4.284315 -10.958944 0.522942 -1.555344 8.335096 9.651376 -19.381773 -15.193140 61.505062 82.368196 10.777302 41.962730 1.145202 11.886870 -6.015825 -1.242948 6.035262 -9.023261 14.640391 -10.555372 -64.654373 -118.898046 -3.347950 -33.855411 -12.969273 9.312108 18.674865 -5.679518 -13.397349 -4.583256 -2.627518 70.844928 -1.718659 2.024385 2.647638 -1.615834 1.857831 -7.022651 4.488703 4.630063 -12.002876 -6.218209 -0.956906 32.884570 -2.190635 0.713599 -17.430689 7.595784 -0.013110 -0.928015 1.812940
0.006703 0.917021 2.543824 5.259917 -2.104264 -2.101551 -2.285457 4.068923 1.377451 -1.091481 -4.024375 0.633098 -1.089381 1.795004 0.522248 -0.778078 7.181873 0.397794 2.337166 13.337131 0.814861 4.096068 -11.250795 0.600432 -1.328835 8.633198 9.725411 -20.906985 -14.709301 62.125132 80.594334 12.074223 40.774546 0.464594 11.842060 -8.059210 -1.292598 6.185003 -8.983883 13.979111 -11.659857 -65.361634 -118.775164 -2.351622 -33.726027 -12.998186 9.432662 18.446895 -4.731231 -15.993694 -4.619733 -2.605051 70.453149 -1.338448 2.043231 0.458123 -2.542019 1.920597 -10.601256 6.347168 4.610479 -9.914464 -5.491419 -0.536852 33.156733 -2.442059 -1.611654 -19.202394 7.773117 -0.040612 -1.779277 2.614869
0.007926 0.919387 2.579453 6.355443 -1.739526 -2.251177 -2.539087 3.821461 1.530365 -1.211669 -4.135903 0.702191 -1.209062 1.683228 0.579143 -0.863510 7.097801 0.440850 2.369106 13.483255 0.759308 4.176158 -10.977296 0.486742 -1.547678 8.381045 9.627646 -22.944820 -13.698117 61.819034 79.279032 10.561297 41.247967 0.275019 11.678484 -8.754276 -1.335390 6.188546 -8.852452 13.298597 -11.825512 -65.691123 -119.160302 -2.201599 -33.259203 -13.071131 9.422723 18.672552 -4.300396 -18.331195 -4.370393 -0.946182 68.561328 0.052621 2.160832 -1.345114 -2.793784 1.368014 -13.438547 6.877331 5.079033 -7.141507 -4.887406 -1.479374 31.727434 -2.734987 -2.541906 -19.949368 7.885878 -0.060211 -2.586079 2.801812
0.009071 0.924106 2.615464 7.247130 -1.233669 -2.424010 -2.853569 3.411680 1.732145 -1.360811 -4.320196 0.792427 -1.357450 1.498589 0.654245 -0.969070 6.958963 0.497463 2.483200 13.808193 0.633645 4.435287 -10.367916 0.213964 -1.971810 7.871859 9.394062 -25.329572 -12.406990 60.940770 78.359690 7.646164 42.805264 0.369310 11.509631 -8.686737 -1.370799 6.129554 -8.654662 12.691628 -11.487363 -65.788129 -119.840634 -2.658105 -32.705486 -13.162284 9.329410 19.104012 -4.102411 -20.521514 -3.921291 1.202341 65.421152 1.583394 2.310719 -2.827650 -2.628471 0.666152 -15.592646 6.525505 5.899228 -3.953611 -4.243008 -2.819752 29.144562 -2.894473 -2.943766 -19.824710 7.723742 -0.085722 -3.684599 2.730873
0.010404 0.930274 2.652037 7.905013 -0.752684 -2.573931 -3.110588 3.001137 1.958822 -1.485325 -4.504950 0.892914 -1.481204 1.313533 0.742108 -1.055187 6.819764 0.563548 2.591201 14.092990 0.485889 4.690414 -9.831671 -0.097306 -2.352939 7.323421 9.125844 -27.517424 -11.065002 59.803048 78.029819 5.214592 44.429011 0.628108 11.338823 -8.299583 -1.364302 5.955962 -8.459739 12.393257 -11.036427 -65.666364 -120.475773 -3.711783 -32.520960 -13.259381 9.213380 19.508722 -4.017416 -22.271092 -3.390816 2.876164 61.290093 2.558057 2.033353 -3.934817 -2.267228 0.172432 -15.470371 5.568316 6.420454 -1.074830 -3.518358 -3.264245 26.873087 -2.752794 -3.386581 -18.351262 7.101740 -0.158657 -6.182340 2.937253
0.011948 0.938270 2.689469 8.244969 -0.344206 -2.724126 -3.259225 2.619815 2.228642 -1.563482 -4.676723 1.011812 -1.558699 1.141570 0.853096 -1.104863 6.690339 0.646956 2.674781 14.282859 0.318105 4.907914 -9.470635 -0.438462 -2.675316 6.670961 8.820401 -29.370372 -9.585008 58.379082 78.728831 3.796605 45.780791 1.148585 11.130766 -7.438867 -1.220419 5.494839 -8.268847 12.614510 -10.492887 -65.265755 -120.882340 -5.749019 -33.054750 -13.378178 9.060889 19.871142 -4.077702 -23.447038 -2.694948 4.742357 56.100303 3.361600 0.731823 -4.559907 -1.824541 0.001691 -11.239946 3.825741 6.302341 1.398759 -2.745085 -2.149380 25.176246 -2.253417 -4.245382 -15.062427 6.020705 -0.356963 -10.954523 3.584346
0.013680 0.947716 2.727461 8.351885 0.037028 -2.858608 -3.350323 2.238936 2.525432 -1.616890 -4.848349 1.142273 -1.611456 0.969790 0.978143 -1.134861 6.560984 0.740846 2.752610 14.432543 0.126426 5.123765 -9.182497 -0.822620 -2.947059 5.977529 8.483636 -31.056415 -8.072596 56.712283 80.135225 2.714987 47.047914 1.826655 10.905761 -6.266314 -1.031359 4.921046 -8.080376 13.129650 -9.833686 -64.618691 -121.220664 -8.407766 -33.930602 -13.512966 8.886463 20.205378 -4.254988 -24.173196 -1.871516 6.288662 49.943281 3.694205 -1.004922 -4.784547 -1.334235 -0.004223 -4.758518 1.607823 5.879495 3.590636 -1.987163 -0.219422 23.799238 -1.646128 -5.350449 -10.413603 4.606670 -0.717709 -17.121635 4.566129
0.015801 0.956572 2.765297 8.451734 0.363794 -2.874139 -3.415573 1.929884 2.771321 -1.656249 -4.987656 1.250307 -1.650263 0.830356 1.082178 -1.155946 6.455945 0.818902 2.793093 14.486366 -0.052707 5.267015 -9.073296 -1.172110 -2.977374 5.664074 8.220504 -32.486644 -6.926760 55.359798 81.565752 1.972230 47.910293 2.302500 10.766070 -5.697321 -1.044362 4.701118 -7.959119 13.534270 -9.379735 -63.890021 -121.692306 -10.567031 -34.532370 -13.605554 8.769691 20.321472 -4.313049 -24.543779 -1.248235 5.837284 43.342744 2.927254 -1.835513 -4.845097 -0.719795 -0.000000 -0.000000 0.000000 5.483600 5.106424 -1.286847 1.667006 23.451371 -1.221852 -6.471311 -5.296550 2.886143 -1.226926 -23.166955 5.980675
0.018516 0.964767 2.802494 8.588444 0.670566 -2.732638 -3.463472 1.717683 2.956197 -1.685263 -5.083442 1.331639 -1.678895 0.734482 1.160564 -1.171373 6.383680 0.877719 2.791063 14.388221 -0.218265 5.330520 -9.247798 -1.486684 -2.637398 5.994412 8.107268 -33.582169 -6.291224 54.589328 82.867835 1.727451 48.141310 2.404112 10.800562 -6.248829 -1.428726 5.085087 -7.949649 13.648407 -9.256336 -63.152486 -122.569223 -11.615681 -34.523613 -13.604966 8.730091 20.122162 -4.024329 -24.604688 -1.041733 2.497527 35.985974 1.105857 -1.088256 -4.593501 0.334146 0.004232 1.142109 -0.426138 5.161750 5.711717 -0.618007 3.469362 24.399583 -0.968668 -7.691213 0.487684 0.648901 -2.056776 -29.539450 8.167607
0.021619 0.972372 2.839535 8.720128 0.922026 -2.472305 -3.483559 1.576814 3.089613 -1.699738 -5.147034 1.390349 -1.693138 0.670852 1.217809 -1.177645 6.335708 0.920682 2.753941 14.193260 -0.372455 5.327885 -9.603595 -1.771503 -2.075511 6.714359 8.073469 -34.402890 -5.942337 54.216328 84.222321 1.864496 47.974409 2.297768 10.926137 -7.405271 -2.024960 5.815938 -8.013476 13.674930 -9.330830 -62.352445 -123.606038 -12.131302 -34.251977 -13.554902 8.734294 19.703638 -3.609446 -24.308591 -1.038707 -1.817885 28.017229 -0.562898 0.392982 -4.125740 1.917174 0.004518 0.568331 -0.220409 4.831746 5.636625 0.000727 5.257871 26.393076 -0.700972 -9.132975 6.759711 -1.888742 -3.208844 -35.794265 10.875332
0.024694 0.977572 2.877144 8.943680 0.985999 -2.102107 -3.478899 1.501583 3.121470 -1.698649 -5.180654 1.404080 -1.691941 0.637233 1.231657 -1.175642 6.310441 0.931000 2.667115 14.012390 -0.484269 5.215328 -9.937413 -1.957006 -1.523933 7.470116 7.997789 -35.046701 -5.693575 54.137943 85.445770 2.017527 47.825673 2.139606 11.024947 -8.519030 -2.584681 6.601769 -8.085951 13.792067 -9.539958 -61.491559 -124.271431 -12.798352 -34.134413 -13.526433 8.778929 19.168144 -3.503593 -23.621143 -0.928613 -4.856978 20.757767 -1.344870 1.695146 -4.106358 3.818517 0.000000 -0.000000 -0.000000 4.624769 5.168463 0.485123 6.365957 29.345614 -0.359172 -10.375819 12.055133 -4.139769 -3.797940 -39.131950 12.871000
0.027744 0.979912 2.915611 9.318177 0.789095 -1.565750 -3.486613 1.509263 2.997313 -1.696071 -5.176507 1.348727 -1.689359 0.641377 1.176549 -1.177867 6.313765 0.889421 2.527055 13.870128 -0.520926 4.971634 -10.205514 -1.978092 -1.036943 8.214313 7.796485 -35.519793 -5.515259 54.420853 86.447312 2.118370 47.846357 1.936877 11.075247 -9.389381 -3.113606 7.519705 -8.155092 14.140265 -10.016084 -60.544006 -124.412235 -13.936153 -34.299751 -13.543561 8.910662 18.458975 -3.835433 -22.314255 -0.673196 -6.224856 14.387146 -1.382117 2.481755 -5.227440 6.246891 0.000000 -0.000000 0.000000 4.634671 4.298882 0.716754 6.316137 33.526520 0.034391 -10.910844 15.848664 -6.033406 -2.876063 -37.988917 13.271331
0.030767 0.979846 2.954646 9.779003 0.400101 -0.923310 -3.470175 1.585066 2.772548 -1.678348 -5.141253 1.248848 -1.671806 0.676683 1.078454 -1.172171 6.340655 0.815512 2.334963 13.741227 -0.516267 4.612531 -10.452617 -1.899579 -0.557096 8.994508 7.559369 -35.800937 -5.441353 54.988444 87.320155 2.235303 47.898346 1.687610 11.108724 -10.213234 -3.601592 8.497402 -8.226648 14.578988 -10.640728 -59.548204 -124.172618 -15.248329 -34.663244 -13.573585 9.094509 17.635848 -4.481350 -20.622531 -0.325571 -6.775700 8.818574 -1.131211 3.069474 -6.839850 8.896170 0.000000 -0.000000 0.000000 4.775196 3.036571 0.800226 5.543765 38.640189 0.411304 -11.076267 18.659360 -7.729381 -0.972457 -33.973471 12.744951
0.033333 0.976916 2.994101 10.238092 -0.097707 -0.357714 -3.322157 1.676412 2.562668 -1.602877 -5.098456 1.155302 -1.596764 0.719710 0.992594 -1.122444 6.373381 0.750821 2.081710 13.662524 -0.539756 4.146572 -10.607278 -1.846997 -0.141595 9.594991 7.416041 -35.956068 -5.390700 55.511394 88.173787 2.190822 47.959518 1.559142 11.117299 -10.938679 -3.763888 9.025351 -8.244811 14.842248 -10.987788 -58.588947 -123.470336 -16.517359 -35.329065 -13.603603 9.206694 16.975744 -5.473325 -19.207036 0.274473 -6.477509 5.071920 -0.980495 3.861480 -7.705488 10.571300 -0.000000 -0.000000 -0.000000 4.897196 1.689393 0.988349 4.765853 43.741913 0.764376 -11.456903 20.576637 -8.928549 1.011695 -29.063124 11.986334
0.035178 0.970111 3.034257 10.646287 -0.662649 0.170595 -2.971138 1.727032 2.351519 -1.436669 -5.072889 1.060160 -1.431216 0.745705 0.914356 -1.004201 6.393396 0.691703 1.741747 13.716914 -0.610431 3.530697 -10.515456 -1.843515 0.276614 10.132865 7.388343 -36.274905 -5.433902 55.985529 89.163882 1.892437 48.192271 1.650496 11.119026 -11.586765 -3.460578 8.848979 -8.170440 14.791533 -10.843369 -57.538977 -122.221856 -17.894016 -36.330682 -13.620577 9.184402 16.533776 -7.360718 -18.255788 1.396253 -4.973925 3.445414 -1.228576 5.809640 -7.117928 10.901941 0.000000 0.000000 -0.000000 4.934438 0.311189 1.357239 4.235733 48.717365 1.135572 -12.562278 21.531307 -9.487790 3.131218 -22.345479 11.334570
0.036566 0.960443 3.074833 11.051914 -1.334498 0.620512 -2.487216 1.798309 2.161040 -1.212420 -5.037909 0.973683 -1.207860 0.781192 0.850626 -0.841531 6.420514 0.643439 1.340945 13.823913 -0.708395 2.809801 -10.325894 -1.866342 0.635379 10.483761 7.454123 -36.474688 -5.507854 56.410345 90.144590 1.434738 48.421325 1.863458 11.123804 -12.143761 -2.832646 8.220003 -8.063022 14.544197 -10.444307 -56.500838 -120.457947 -19.157553 -37.714535 -13.641303 9.089786 16.249685 -9.576076 -17.551761 2.735503 -2.694932 3.698736 -1.683024 8.166370 -5.747414 10.237242 -0.000000 0.000000 -0.000000 4.934757 -1.156028 1.832297 3.681970 53.679000 1.495916 -13.657585 21.589675 -9.438883 4.996933 -14.660786 10.648099
0.037861 0.950485 3.114840 11.521980 -2.145965 0.688447 -1.978444 2.004246 2.166766 -0.987497 -4.943974 0.974909 -0.984029 0.875598 0.874656 -0.672047 6.491592 0.661522 0.947196 13.775621 -0.848177 2.123653 -10.422242 -1.975961 0.676013 10.065930 7.634250 -35.764119 -5.319698 56.478207 90.788397 0.948294 48.118644 2.077332 11.104477 -12.506233 -2.012455 7.392639 -8.010977 14.221426 -10.019644 -55.894334 -118.329774 -19.509254 -39.527129 -13.707899 8.975130 16.223899 -10.486914 -17.182455 3.659615 -0.779148 5.992059 -1.911218 8.887041 -4.454258 8.377933 0.000000 0.000000 -0.000000 4.885774 -2.578804 2.449251 3.168157 58.029547 1.889761 -13.458399 21.047286 -8.801063 5.408411 -10.659412 9.471901
0.039113 0.940036 3.154366 12.128098 -3.211372 0.083149 -1.452467 2.437265 2.535054 -0.774345 -4.749851 1.137766 -0.772063 1.070103 1.059150 -0.499612 6.637400 0.800939 0.574153 13.393214 -1.095793 1.527428 -11.135603 -2.304794 0.069287 8.080224 7.912290 -33.709407 -4.283029 55.772482 91.061644 0.399342 47.034130 2.325189 11.035607 -12.512369 -0.779962 6.168790 -8.082944 13.722167 -9.547949 -55.793069 -115.897511 -18.696046 -41.888085 -13.974524 8.780294 16.649690 -8.787421 -17.530967 3.865245 0.467261 11.402657 -1.426845 6.107516 -3.276707 4.517800 -0.001674 0.042679 -0.005064 4.757647 -3.787185 3.376350 2.968605 61.608661 2.525970 -11.145258 19.918678 -7.669343 3.831474 -13.604083 7.137722
0.040271 0.929298 3.193323 12.825313 -4.401390 -0.915031 -0.899887 2.977093 3.116184 -0.561489 -4.507477 1.394223 -0.560168 1.312726 1.337217 -0.320353 6.819146 1.011052 0.208770 12.860094 -1.398060 0.971231 -12.127929 -2.741596 -0.870262 5.318685 8.244686 -30.793012 -2.815299 54.907642 91.068292 -0.121407 45.403522 2.588399 10.909709 -12.329304 0.648434 4.763880 -8.275207 13.171771 -8.997908 -56.125221 -113.374106 -16.822443 -44.467299 -14.283692 8.516529 17.327222 -5.804888 -18.265324 3.726014 1.568572 18.713713 -0.024559 1.150760 -2.296485 -0.121775 -0.000986 0.085338 -0.010346 4.524540 -4.954524 4.444485 2.974312 64.584093 3.316547 -7.651836 18.095218 -6.192409 1.572798 -20.236526 3.864153
0.041545 0.921450 3.230458 13.490090 -5.391061 -1.744258 -0.408405 3.428990 3.597617 -0.371005 -4.303265 1.605186 -0.370252 1.517047 1.567506 -0.161153 6.972294 1.184986 -0.124572 12.504304 -1.581521 0.422395 -12.793170 -2.959952 -1.439748 3.591311 8.611241 -27.511564 -2.301267 54.910472 90.654548 -0.316012 43.451546 2.668981 10.734518 -12.341269 1.489313 4.039437 -8.445622 13.033576 -8.557622 -57.088973 -111.187280 -13.730681 -46.505490 -14.218108 8.371855 17.771917 -3.867058 -18.406567 3.684015 2.464691 24.689021 1.592436 -2.574123 -2.414206 -3.240523 0.000000 0.000000 0.000000 4.202726 -6.455238 5.182075 2.511086 66.862809 3.659319 -4.360694 15.734037 -4.451343 0.118745 -25.516631 0.556065
0.043131 0.917872 3.265031 14.094172 -6.091132 -2.187979 -0.046070 3.773421 3.873133 -0.227092 -4.147095 1.724569 -0.226761 1.673256 1.701481 -0.044014 7.089519 1.286134 -0.408376 12.443760 -1.552537 -0.128694 -12.912312 -2.787286 -1.245428 3.866047 9.161252 -23.576467 -3.879074 55.929669 89.427820 0.209678 40.838989 2.370184 10.500785 -12.787066 1.192009 4.644557 -8.431979 13.583093 -8.437619 -59.331853 -109.337315 -8.460601 -47.533612 -13.357134 8.532756 17.717616 -4.031808 -17.441509 3.889721 2.457537 28.272445 2.374986 -2.858344 -4.415167 -4.284838 -0.002066 -0.188048 0.114897 3.767984 -8.510294 5.380236 0.544533 68.533778 2.581047 -1.547933 12.541775 -1.915485 -0.352669 -27.595870 -2.379850
0.044833 0.917184 3.297781 14.646700 -6.600763 -2.451658 0.253121 4.047992 4.032853 -0.104867 -4.022267 1.792537 -0.104893 1.798123 1.781860 0.052917 7.183356 1.346769 -0.659676 12.551188 -1.388782 -0.677470 -12.718906 -2.369325 -0.653109 5.163837 9.828353 -19.232615 -6.715306 57.188155 87.691642 0.968651 37.909906 1.885900 10.231704 -13.420120 0.307678 5.910403 -8.302328 14.465172 -8.374382 -62.226223 -107.809876 -2.125755 -47.684285 -12.136364 8.908785 17.464771 -5.210132 -15.842937 4.141974 1.845916 30.672883 2.541446 -1.357043 -7.436995 -4.418972 -0.003277 -0.504364 0.244873 3.304843 -10.891918 5.250046 -2.278152 69.491964 0.613261 0.861693 8.830723 0.996766 -0.254970 -28.408281 -5.128998
0.046273 0.918431 3.329669 15.058087 -6.889918 -2.594267 0.597647 4.163219 4.043932 0.046941 -3.968022 1.794078 0.046667 1.852410 1.798839 0.167678 7.224518 1.359267 -0.907942 12.783112 -1.163261 -1.245790 -12.291895 -1.836390 -0.118576 6.392536 10.246782 -15.729066 -9.362649 58.466579 86.427781 0.953743 35.911596 1.606451 10.014817 -13.902816 -0.301076 6.703694 -8.180884 15.264907 -7.907460 -64.019277 -106.800453 2.246265 -47.537283 -11.418958 9.234221 17.365605 -6.526058 -14.088733 4.402486 1.674139 32.222949 2.558853 -0.008874 -9.799869 -4.370490 -0.001401 -1.151002 0.139500 3.022165 -13.299926 4.949723 -3.881773 69.408530 -0.307209 2.301702 5.790611 2.982581 0.139692 -28.613892 -7.167281
0.047047 0.921613 3.360800 15.276152 -6.871531 -2.598333 1.049369 4.033106 3.840520 0.260155 -4.022633 1.700043 0.259568 1.797782 1.726487 0.322172 7.184309 1.303912 -1.139762 13.202187 -0.869731 -1.807287 -11.513510 -1.185896 0.188410 7.280879 10.184085 -13.839468 -11.387686 60.389653 86.060820 -0.345022 35.447560 1.676596 9.906513 -14.219610 -0.269474 6.463236 -8.132590 15.828935 -6.762885 -63.789167 -106.393393 3.238382 -47.561332 -11.691304 9.355105 17.580210 -7.914611 -12.331042 4.754351 2.726417 32.886615 2.642638 0.332402 -10.947168 -4.201507 0.007618 -2.218226 -0.357210 3.136246 -15.796740 4.465310 -2.952429 68.123559 1.271658 2.526099 4.011496 3.284531 0.633183 -28.893449 -8.083663
0.047560 0.926731 3.391069 15.350599 -6.635384 -2.475861 1.546375 3.751919 3.476928 0.502940 -4.145161 1.535311 0.501754 1.675092 1.586414 0.493673 7.093091 1.197284 -1.358910 13.746752 -0.508712 -2.363939 -10.497049 -0.421441 0.427056 8.125758 9.855334 -12.904132 -13.234921 62.704629 86.218838 -2.419118 35.841781 1.957926 9.862348 -14.380629 0.020782 5.746212 -8.120146 16.422434 -5.343912 -62.397495 -106.349220 2.248397 -47.735143 -12.467267 9.353695 17.903163 -9.437753 -10.416580 5.100257 4.196423 32.703255 2.558257 0.487074 -11.453760 -3.753541 0.035069 -3.613332 -1.092689 3.471391 -18.317312 3.791993 -1.146216 65.783240 3.656252 2.114453 2.960214 2.665207 1.005122 -28.586698 -8.076674
0.048651 0.932823 3.421118 15.346283 -6.415059 -2.331228 2.011436 3.495261 3.106402 0.731205 -4.257817 1.368060 0.729311 1.562144 1.442309 0.653803 7.008981 1.087753 -1.630922 14.192089 -0.173620 -3.002206 -9.659567 0.308151 0.596729 8.699109 9.499346 -11.972950 -14.664572 64.299464 86.823284 -4.652041 36.434655 2.407266 9.786164 -14.108793 0.318149 5.098779 -8.089771 17.316462 -4.219000 -60.751725 -106.462806 0.547028 -48.179959 -13.129819 9.254458 18.115468 -10.445635 -8.382522 5.212372 4.873304 32.108577 2.278746 0.940297 -11.371727 -3.250215 0.085214 -5.263747 -1.853644 3.598394 -20.377714 3.134871 -0.105111 62.635949 4.813501 1.865476 2.136992 2.152841 1.019289 -26.306938 -7.608411
0.050712 0.939914 3.451103 15.243964 -6.309477 -2.156322 2.438875 3.347424 2.758644 0.940564 -4.322868 1.210929 0.938062 1.496775 1.306426 0.800355 6.960423 0.984595 -2.035769 14.406702 0.094624 -3.862632 -9.243864 0.963148 0.645344 8.779878 9.153093 -10.513624 -15.392091 64.623562 87.952610 -7.083097 37.037652 3.094044 9.530459 -13.243145 0.592323 4.678572 -7.984642 18.746353 -3.711388 -59.008474 -106.685668 -1.925441 -49.159531 -13.466808 9.020292 18.148891 -10.651116 -6.134911 4.931306 4.116828 30.995367 1.827054 2.088350 -10.594196 -2.812675 0.165122 -7.303682 -2.561219 3.188517 -21.864935 2.595992 0.265653 58.857435 4.446444 2.150164 1.172970 2.325525 0.576167 -20.384645 -6.901442
0.053350 0.947980 3.480870 15.062752 -6.218939 -1.959828 2.834263 3.221802 2.407672 1.135526 -4.378792 1.052682 1.132449 1.440510 1.167987 0.935927 6.918569 0.879610 -2.503791 14.529041 0.327225 -4.827441 -8.992409 1.574891 0.612814 8.589603 8.755541 -8.971071 -15.601126 64.296202 89.568430 -9.653152 37.761687 3.953836 9.162374 -11.978508 0.879916 4.326453 -7.849813 20.434760 -3.547377 -57.042749 -106.959726 -5.108739 -50.422095 -13.676237 8.703859 18.085383 -10.385574 -3.771919 4.466437 2.654734 29.453048 1.363898 3.539574 -9.221557 -2.339244 0.279687 -9.599420 -3.298223 2.533682 -22.906542 2.118432 0.588313 54.284071 3.559044 2.488277 0.425383 2.675263 -0.011040 -12.470832 -5.943410
0.056229 0.955996 3.510595 14.923770 -6.080012 -1.871207 3.136661 3.032007 2.127933 1.285479 -4.463678 0.927442 1.281832 1.355295 1.057960 1.039899 6.854824 0.796246 -2.882865 14.737445 0.533635 -5.609279 -8.579924 2.096250 0.636156 8.553912 8.399531 -7.791136 -15.769812 63.864524 91.432650 -11.573709 38.506033 4.743455 8.895337 -10.570608 1.049114 4.123189 -7.757408 21.868701 -3.275760 -55.358241 -107.250756 -7.550174 -51.238952 -13.750236 8.477652 17.954600 -9.910736 -1.625378 4.162452 1.314577 28.207251 1.033400 4.608377 -7.619451 -1.736369 0.401392 -11.678430 -4.087683 2.105231 -23.377508 1.678132 0.594468 48.725166 2.612619 2.363098 0.487783 2.606131 -0.322317 -6.127930 -4.815062
0.059300 0.964210 3.540269 14.897473 -5.843853 -1.928748 3.303231 2.728244 1.944768 1.370210 -4.599353 0.847168 1.366006 1.219406 0.986264 1.097905 6.752950 0.742080 -3.116359 15.126457 0.716236 -6.097685 -7.836636 2.504583 0.824260 8.921268 8.131787 -7.068513 -16.063246 63.455260 93.602542 -12.429383 39.223759 5.450104 8.848579 -9.022195 1.019010 4.140702 -7.753544 22.750726 -2.542943 -54.198274 -107.710963 -8.560427 -51.084704 -13.634024 8.426216 17.673773 -9.147000 0.246078 4.195782 0.378114 27.358265 0.774867 4.904537 -5.778762 -0.958979 0.496220 -13.401722 -4.890311 2.023069 -23.093437 1.254483 -0.087197 41.688126 1.549849 1.815874 2.056568 1.697287 -0.271800 -2.834108 -3.198194
0.062612 0.972373 3.569901 14.912232 -5.559878 -2.093680 3.375410 2.357641 1.832915 1.409325 -4.764633 0.799905 1.404601 1.054039 0.942970 1.123899 6.628937 0.709552 -3.259207 15.597610 0.872433 -6.399165 -6.945580 2.821398 1.073240 9.438471 7.913637 -6.706961 -16.296621 62.936347 95.954260 -12.668819 40.074897 6.133786 8.906106 -7.308084 0.877513 4.313578 -7.787572 23.407234 -1.606412 -53.324328 -108.319935 -8.845123 -50.432615 -13.388877 8.475832 17.327651 -8.134391 1.892590 4.411379 -0.474202 26.811457 0.562133 4.863562 -3.714780 -0.031527 0.560395 -14.911225 -5.732833 2.155165 -22.228756 0.859189 -0.982882 33.670302 0.558396 1.014569 4.416970 0.170816 -0.107893 -1.087426 -1.325963
0.065974 0.978718 3.599708 14.875905 -5.313180 -2.380298 3.418133 1.978473 1.790433 1.431715 -4.933314 0.783845 1.426487 0.885310 0.929185 1.139563 6.502410 0.699361 -3.324528 16.036203 1.005921 -6.546752 -6.119888 3.066869 1.202247 9.778098 7.708842 -6.875532 -16.452536 62.430758 97.932428 -12.871776 41.344148 6.637224 8.956229 -5.612028 0.745851 4.518642 -7.784865 24.272793 -0.896844 -52.493241 -108.893232 -9.046029 -50.034803 -13.187524 8.553201 17.189844 -7.295217 3.145690 4.621034 -1.364712 27.001887 0.476774 5.036305 -1.832032 1.017062 0.593680 -16.160742 -6.724683 2.604593 -21.189015 0.504150 -1.517044 25.999259 -0.011457 -0.317727 6.071599 -1.658617 0.000000 -0.000000 0.000000
0.069286 0.982916 3.629812 14.789773 -5.098955 -2.838650 3.432096 1.564940 1.837586 1.436968 -5.116671 0.808185 1.431252 0.701936 0.954052 1.145329 6.364917 0.718388 -3.302322 16.437198 1.103771 -6.519490 -5.371014 3.216123 1.084130 9.749369 7.475555 -7.850619 -16.524044 61.986389 99.308557 -13.323986 43.438464 6.821405 8.997240 -3.918104 0.694211 4.725172 -7.708097 25.562204 -0.592270 -51.620522 -109.365900 -9.381124 -50.246216 -13.100000 8.616643 17.365431 -6.766128 3.925222 4.797652 -2.461245 28.049714 0.513685 5.720394 -0.144859 2.112501 0.603240 -17.322660 -7.932896 3.475024 -20.012987 0.275502 -1.432889 18.774951 -0.273091 -2.927287 6.573577 -3.974995 0.025148 0.469969 0.337111
0.072649 0.985295 3.660091 14.651630 -4.923432 -3.419103 3.412774 1.143352 1.956215 1.424105 -5.303158 0.864615 1.417969 0.515483 1.009173 1.139874 6.225130 0.760250 -3.203787 16.804213 1.180621 -6.345052 -4.690940 3.302126 0.843407 9.543200 7.248594 -9.340150 -16.525091 61.529154 100.333943 -13.827587 45.955278 6.819770 9.066844 -2.218180 0.651374 4.963558 -7.594984 27.036910 -0.524698 -50.792660 -109.804605 -9.634737 -50.706954 -13.053270 8.697737 17.748922 -6.419175 4.314970 4.943601 -3.595124 29.846671 0.626254 6.625997 1.372747 3.290887 0.541852 -18.245760 -9.261717 4.670592 -18.671226 0.105713 -1.215160 11.904134 -0.501910 -6.006987 6.345777 -6.721976 0.010528 0.238302 0.164082
0.076173 0.985069 3.690383 14.366860 -4.889987 -3.987153 3.420648 0.849460 2.086396 1.422505 -5.432680 0.925116 1.416036 0.385968 1.069507 1.143236 6.128068 0.805929 -3.075511 17.036394 1.280868 -6.130957 -4.261220 3.429756 0.672837 9.406325 7.102382 -10.669508 -16.474329 61.024207 101.162770 -14.189307 47.955751 6.837896 9.118394 -0.716778 0.525087 5.202148 -7.483042 28.444791 -0.619457 -50.022269 -110.218618 -9.797319 -51.101993 -13.001302 8.824538 18.297723 -6.296612 4.405914 4.899332 -4.371806 32.483813 0.831737 7.414632 2.381632 4.676546 0.301585 -18.413375 -10.567749 5.990444 -17.459855 -0.236115 -1.515403 6.427124 -0.561448 -7.675058 5.286397 -8.872221 -0.000000 0.000000 0.000000
0.080073 0.982023 3.720722 13.919779 -5.055406 -4.508095 3.498912 0.739605 2.221034 1.451389 -5.480028 0.986004 1.444652 0.338550 1.133323 1.169629 6.092636 0.854104 -2.948827 17.089481 1.424088 -5.943271 -4.160797 3.647980 0.688257 9.413852 7.090250 -11.695025 -16.332752 60.444739 101.836381 -14.353716 49.082931 6.917058 9.134679 0.662168 0.222871 5.473135 -7.400749 29.808110 -0.946227 -49.299945 -110.680539 -9.909801 -51.385970 -12.903875 9.031964 19.031035 -6.522092 4.179562 4.595232 -4.413662 36.191397 1.194809 8.009698 2.688478 6.616358 -0.303961 -17.317609 -12.125679 7.796574 -16.333674 -1.120181 -3.060512 2.688290 -0.041920 -6.897500 2.474717 -9.827817 0.000000 -0.000000 0.000000
0.084135 0.976370 3.751074 13.330273 -5.366703 -5.013406 3.608688 0.757077 2.366325 1.493299 -5.470493 1.050536 1.486387 0.347976 1.202107 1.206142 6.099871 0.905953 -2.794954 17.008165 1.590624 -5.719947 -4.309948 3.907694 0.771853 9.491080 7.159609 -12.574724 -16.144337 59.840401 102.289473 -14.285898 49.734017 6.983224 9.165117 1.836437 -0.162310 5.746414 -7.323032 31.104815 -1.414832 -48.652516 -111.120336 -9.928400 -51.603631 -12.787644 9.280053 19.932292 -6.974428 3.653297 4.107745 -4.038409 40.730537 1.634303 8.548725 2.505169 8.783176 -1.271964 -15.555123 -13.665712 9.710792 -15.322589 -2.164156 -5.144538 0.394293 0.865368 -4.962149 -1.105335 -9.969250 -0.000000 0.000000 -0.000000
0.087821 0.967964 3.781188 12.557836 -5.763226 -5.466928 3.690836 0.867782 2.480823 1.523953 -5.419874 1.100522 1.517047 0.398511 1.255209 1.233075 6.137897 0.945933 -2.570832 16.825643 1.765454 -5.375488 -4.651135 4.164023 0.765454 9.661306 7.224035 -13.100052 -16.043939 59.328205 102.507215 -13.789892 50.107763 7.052056 9.245322 2.350684 -0.444462 5.897533 -7.204328 32.026243 -1.698254 -48.136920 -111.323927 -9.704852 -51.586888 -12.716160 9.487727 20.904244 -7.325655 2.969631 3.498434 -3.961342 45.492902 1.886890 8.946041 2.107093 10.316711 -2.184281 -14.164947 -14.278385 10.448717 -14.859975 -2.543745 -6.190902 -0.446283 1.503615 -3.589548 -2.642529 -9.487285 -0.000000 0.000000 0.000000
0.090622 0.955522 3.811415 11.485126 -6.217158 -5.963211 3.736963 1.050932 2.590821 1.538428 -5.337244 1.147878 1.531690 0.481093 1.304035 1.247583 6.199914 0.982650 -2.223825 16.526700 1.948564 -4.812771 -5.215461 4.398526 0.595714 10.100910 7.147915 -13.094983 -16.119112 59.019971 102.736946 -12.768205 50.107434 7.229810 9.272641 1.927438 -0.507952 5.878969 -6.964442 32.583804 -1.556930 -47.677483 -111.296989 -9.464671 -51.175161 -12.759013 9.610470 21.930485 -7.380328 2.122695 2.819412 -4.789783 50.600940 1.637217 9.193238 1.478577 10.998006 -2.780116 -13.013861 -13.564416 9.366786 -15.087527 -1.690600 -5.257405 -0.020374 1.474651 -3.779071 0.017725 -8.356389 0.000000 -0.000000 -0.000000
0.093049 0.940326 3.841404 10.229901 -6.760802 -6.399242 3.758498 1.328622 2.663701 1.543169 -5.213050 1.177814 1.536743 0.605270 1.334451 1.253383 6.293089 1.005435 -1.807802 16.126691 2.144262 -4.130627 -5.970106 4.635259 0.335897 10.632839 7.053031 -12.739847 -16.278297 58.811825 102.722179 -11.314729 49.824336 7.367521 9.285935 0.834488 -0.469824 5.741650 -6.675699 32.771066 -1.217768 -47.347681 -111.014369 -8.985412 -50.537809 -12.858554 9.698216 23.025420 -7.324429 1.105393 2.034032 -6.277526 55.929658 0.750993 9.197936 0.613197 11.114717 -3.025181 -12.020229 -12.022915 7.076630 -15.757692 -0.165062 -3.215545 1.792561 1.117846 -4.334881 4.787415 -6.728641 -0.000000 -0.000000 0.000000
0.096094 0.926074 3.869842 9.098664 -7.409435 -6.445168 3.723552 1.727145 2.568710 1.530231 -5.037007 1.131894 1.524332 0.781359 1.287228 1.240108 6.425092 0.969606 -1.437997 15.705463 2.342753 -3.535537 -6.761140 4.892025 0.051862 10.762756 7.259701 -12.354615 -16.386619 58.496442 101.741137 -9.512249 49.718401 7.117844 9.515092 -0.569073 -0.493428 5.504321 -6.517786 32.249314 -1.063599 -47.412520 -110.179434 -7.455086 -50.005578 -12.885354 9.803952 24.140025 -7.390584 0.060559 1.058219 -7.806608 60.501533 -0.592148 8.659598 -0.238048 10.583549 -2.700992 -12.220082 -9.995767 4.202048 -16.821195 1.132601 -1.187266 5.384486 0.794770 -3.734737 8.078363 -4.754294 0.000000 0.000000 -0.000000
0.100568 0.912965 3.896632 8.169517 -8.256010 -5.794468 3.589116 2.315720 2.148814 1.488553 -4.779823 0.939972 1.483501 1.038667 1.091096 1.194216 6.617775 0.821302 -1.107048 15.226029 2.596743 -3.036394 -7.656016 5.266893 -0.339069 10.058611 8.105606 -11.873803 -16.375127 57.613210 99.550228 -7.471688 49.975838 6.445736 10.037941 -2.049399 -0.636511 5.066314 -6.608890 30.721647 -1.176940 -47.929922 -108.420142 -4.564053 -49.537503 -12.699457 9.935295 25.436793 -7.629641 -0.895558 -0.356161 -9.148455 64.061119 -2.166880 7.165231 -1.020803 9.023051 -1.661525 -14.725393 -6.980463 0.053529 -18.806240 2.008353 0.662552 12.108491 0.424802 -0.674144 8.208094 -2.039098 -0.000036 0.004482 0.004414
0.105662 0.900800 3.921872 7.342620 -9.183567 -4.749331 3.386343 3.009865 1.550617 1.426440 -4.477009 0.668755 1.422393 1.341637 0.813591 1.127115 6.844511 0.611427 -0.821421 14.727970 2.855101 -2.625467 -8.583364 5.666489 -0.765781 8.992370 9.302268 -11.354491 -16.320522 56.622805 96.483507 -4.977402 50.295956 5.410341 10.678111 -3.911943 -0.842733 4.517591 -6.817277 28.479807 -1.528485 -48.799196 -105.962194 -0.709664 -49.095278 -12.421163 10.048105 26.756027 -7.936551 -1.903363 -1.967711 -10.358594 66.856041 -3.892604 5.103248 -1.943198 6.863396 -0.552011 -18.452885 -3.196195 -4.702629 -21.304874 2.821983 2.401492 20.575512 -0.363404 3.500970 6.779591 0.809627 -0.000022 0.008922 0.008870
0.109939 0.892679 3.944551 6.672983 -9.896443 -3.907722 3.200166 3.615772 1.111350 1.365189 -4.211508 0.469808 1.361979 1.607277 0.608434 1.066176 7.043322 0.456148 -0.712551 14.403542 2.946208 -2.473841 -9.186653 5.811513 -0.902593 8.391002 10.204042 -11.318166 -16.283858 56.696734 92.707779 -1.641957 50.256545 3.859617 11.209837 -6.628454 -1.101277 4.164641 -6.962323 26.073619 -2.364540 -50.011387 -103.434077 3.912147 -49.077947 -12.294201 10.138956 27.569881 -8.336355 -3.178391 -3.129265 -10.592340 68.703465 -5.042448 3.405790 -2.990323 5.150084 -0.017549 -21.267210 -0.196895 -7.279265 -22.986389 3.201030 3.403938 27.114001 -1.118449 6.077990 5.113378 2.732162 -0.000000 0.000000 -0.000000
0.112790 0.890392 3.963965 6.243968 -10.312454 -3.557403 3.097687 4.103582 1.009965 1.324090 -3.995662 0.421971 1.321502 1.823200 0.556421 1.031728 7.205121 0.416580 -0.928915 14.356123 2.739119 -2.803570 -9.272204 5.508629 -0.411640 8.703471 10.469445 -12.258216 -16.255643 58.888292 87.614546 2.933820 49.152693 1.370740 11.253424 -11.298451 -1.468193 4.164112 -6.987534 23.607928 -4.105644 -51.707853 -100.908306 9.739369 -50.015166 -12.510980 10.315138 27.692534 -9.099547 -4.869215 -3.490490 -8.590878 69.584821 -4.684169 2.544416 -4.029372 4.247551 0.066684 -22.489644 0.951460 -5.622435 -23.178583 2.535330 3.573422 30.248789 -0.888444 5.207528 3.404754 3.603451 -0.000111 -0.002636 -0.049194
0.114825 0.892149 3.980818 5.990832 -10.528401 -3.425895 3.020343 4.517827 1.081229 1.284955 -3.811263 0.451432 1.282875 2.007682 0.581921 1.004450 7.343486 0.435674 -1.326101 14.472368 2.360117 -3.397858 -9.053850 4.943559 0.374796 9.445216 10.400339 -13.606552 -16.162359 62.153019 81.602193 8.016160 46.816830 -1.222167 10.466717 -16.824849 -1.885817 4.361586 -6.963731 21.050592 -6.437597 -53.625020 -98.454109 16.354370 -51.508618 -12.904910 10.547092 27.335873 -10.024811 -6.788570 -3.380533 -4.955670 69.550815 -3.017630 2.068369 -5.042691 3.667296 0.022343 -22.893722 1.046299 -1.737313 -22.480009 1.281438 3.289090 31.490885 0.004285 2.610253 1.476505 3.988362 -0.000137 -0.018456 -0.111785
0.116441 0.895676 3.996203 5.763673 -10.526150 -3.277792 2.872629 4.786958 1.153887 1.214557 -3.691498 0.483382 1.212815 2.127629 0.606750 0.953595 7.433437 0.454514 -1.590894 14.621759 2.017595 -3.755933 -8.780523 4.393876 0.808284 10.001424 10.277033 -14.401339 -16.018842 64.493218 76.410154 12.499296 44.299122 -2.700569 9.515072 -20.336703 -2.170885 4.604601 -6.916164 18.693654 -8.435559 -55.238093 -96.671648 22.365837 -52.676549 -13.218975 10.638580 26.535601 -10.446075 -8.633880 -3.194802 -1.829571 68.538473 -1.247155 1.524772 -6.070932 3.141896 -0.024507 -22.555050 1.115404 1.178314 -21.533941 0.358883 2.774255 31.806732 0.538512 0.928967 0.086561 4.182297 0.000126 -0.119546 -0.120629
0.117821 0.900526 4.010371 5.487022 -10.269321 -2.986713 2.608836 4.849526 1.149397 1.097205 -3.664327 0.483759 1.095640 2.155063 0.595225 0.864858 7.453895 0.446178 -1.582854 14.816031 1.783541 -3.642495 -8.432238 3.942597 0.521441 10.091880 10.195853 -14.103085 -15.854951 64.858531 73.011784 16.257366 42.667567 -2.945499 9.581954 -20.466297 -2.216415 4.847078 -6.858855 16.467617 -9.692531 -56.349708 -96.017867 27.420225 -53.300152 -13.469032 10.406329 25.096890 -9.845218 -10.413055 -3.145753 -0.035327 66.518729 0.274011 0.701410 -7.280804 2.504570 -0.080917 -21.623888 1.534354 1.897866 -20.603791 -0.003298 1.690867 31.468490 0.104527 1.570371 -0.493635 4.119749 0.000300 -0.350015 -0.046644
0.118781 0.907148 4.023070 5.239977 -9.793565 -2.682656 2.275901 4.765041 1.152603 0.949051 -3.702680 0.489133 0.947634 2.116967 0.585543 0.753261 7.425158 0.439408 -1.441697 15.049188 1.579688 -3.291337 -8.015231 3.497787 -0.110147 9.983821 10.070975 -13.340761 -15.705948 64.291802 70.626608 19.814120 41.661144 -2.544441 10.451081 -18.754627 -2.130813 5.138554 -6.784520 14.386853 -10.553193 -57.266350 -96.000070 31.949032 -53.727245 -13.772571 10.028671 23.171379 -8.724699 -12.116523 -3.095880 0.718092 63.520437 1.316131 -0.155670 -8.509464 1.874497 -0.137952 -19.953092 1.951012 1.680393 -19.504866 -0.109447 0.349283 30.226378 -0.697122 3.135736 -0.544520 3.777987 -0.000297 -0.665846 0.081245
0.119164 0.914608 4.034647 5.100545 -9.187929 -2.511454 1.914136 4.643354 1.233574 0.783876 -3.757317 0.529415 0.782638 2.062572 0.609036 0.631389 7.384213 0.457769 -1.265003 15.170303 1.391039 -2.885769 -7.805245 3.074421 -0.606860 9.878449 9.899422 -13.010300 -15.649691 63.918507 68.553002 23.426397 40.914181 -1.938890 11.282560 -16.786545 -2.052764 5.471176 -6.686491 12.808970 -11.165409 -58.306131 -95.557447 35.753426 -53.637487 -13.935070 9.818411 21.275848 -7.932476 -13.439027 -2.899296 0.307469 59.623064 1.169316 -0.832661 -9.325622 1.462133 -0.150188 -17.190245 2.347310 1.147175 -18.331409 0.023254 -0.135317 28.404981 -1.184678 4.088309 -0.181010 3.445765 -0.002134 -1.007084 0.242867
0.118765 0.923186 4.044878 5.125384 -8.419666 -2.571433 1.493123 4.515050 1.443778 0.585264 -3.814672 0.627623 0.584254 2.005484 0.687077 0.488482 7.341251 0.517452 -1.050337 15.075109 1.216638 -2.422348 -7.995857 2.671211 -0.779849 9.778548 9.678275 -13.547493 -15.718183 64.117224 66.877811 27.405614 40.524982 -1.145102 11.723359 -14.640087 -2.028276 5.830684 -6.534578 12.017742 -11.421205 -59.752756 -94.260707 38.790090 -52.486368 -13.721554 9.947362 19.368025 -7.942050 -14.305355 -2.344818 -1.331475 54.625966 -0.467795 -1.394636 -9.569798 1.456729 -0.054735 -12.355728 2.825035 0.360064 -17.094408 0.531551 0.929050 25.951273 -1.215653 3.650383 0.702353 3.232739 -0.005717 -1.421746 0.461638
0.117789 0.932604 4.053987 5.251639 -7.522386 -2.759296 1.046427 4.353749 1.736265 0.370969 -3.886912 0.762592 0.370242 1.933434 0.800281 0.336478 7.286960 0.603703 -0.794267 14.870649 1.061418 -1.890306 -8.387673 2.289835 -0.820262 9.685167 9.406240 -14.514393 -15.873208 64.522292 65.608996 31.498165 40.409952 -0.151031 12.137856 -12.195189 -2.011343 6.232281 -6.360166 11.696941 -11.396497 -61.374577 -92.373034 41.063738 -50.450208 -13.250777 10.270023 17.496995 -8.291982 -14.790744 -1.599915 -3.125851 48.689504 -2.296782 -1.863760 -9.400741 1.699796 0.114035 -6.417586 3.160123 -0.701412 -15.766998 1.271321 2.766626 22.948599 -1.157815 2.600457 1.995785 3.023125 -0.011452 -1.861734 0.714291
0.116692 0.941089 4.062989 5.378679 -6.685924 -2.918766 0.707528 4.183107 2.025007 0.205109 -3.963405 0.894671 0.204632 1.856991 0.915501 0.220931 7.229317 0.691248 -0.593577 14.720167 0.920846 -1.464239 -8.675257 1.953461 -0.828885 9.804482 9.068068 -15.489833 -16.074224 65.134876 63.642641 34.983514 39.621176 0.438140 12.562595 -10.670092 -2.003899 6.708251 -6.246521 11.341242 -11.522216 -62.685953 -89.906363 42.414912 -48.229373 -12.759733 10.588951 16.314081 -8.437238 -14.830159 -1.053874 -3.926336 42.521809 -3.039140 -1.980903 -8.877864 1.960070 0.200148 -1.961825 3.017411 -1.568476 -14.393828 1.824747 4.264077 19.956333 -1.112713 1.735397 3.247498 2.783577 -0.015539 -2.123194 0.909929
0.115586 0.948282 4.072153 5.444107 -5.972377 -3.024893 0.556704 4.019698 2.304121 0.123641 -4.036168 1.020604 0.123287 1.784230 1.033146 0.168745 7.174517 0.780333 -0.507652 14.676933 0.789662 -1.253859 -8.759877 1.675405 -0.813122 10.378751 8.599157 -16.386367 -16.416745 66.130564 60.260018 37.497902 37.585345 0.261756 12.901817 -10.761457 -2.068045 7.408473 -6.226097 10.742310 -12.039789 -63.480162 -86.599037 42.377806 -45.903041 -12.267433 10.767858 16.274245 -8.107676 -14.281361 -0.890209 -3.746622 36.089815 -2.528216 -1.583114 -8.038006 2.241967 0.120739 -0.268461 2.154421 -2.125286 -12.912126 2.060747 5.031214 16.961503 -0.998866 1.404666 4.423868 2.497097 -0.013417 -2.067055 1.017553
0.114360 0.954543 4.081210 5.512532 -5.319955 -3.104097 0.511749 3.844066 2.571968 0.090148 -4.113917 1.140615 0.089832 1.706501 1.149758 0.152414 7.116066 0.868476 -0.479085 14.686647 0.673209 -1.155669 -8.744426 1.445874 -0.782266 11.171287 8.060886 -17.286003 -16.789630 67.341830 55.994384 39.206393 34.792156 -0.346187 13.047751 -11.772123 -2.147360 8.179909 -6.261659 10.134367 -12.681190 -63.956636 -83.051128 41.362646 -43.707363 -11.758830 10.867687 16.934687 -7.573774 -13.290807 -0.925554 -3.300833 29.441231 -1.646666 -0.867264 -6.854793 2.688237 0.024367 -0.035376 0.911133 -2.517037 -11.397206 2.118968 5.481263 13.963575 -0.791609 1.253655 5.557191 2.193121 -0.007147 -1.832524 1.067744
0.113126 0.959176 4.090373 5.679575 -4.733533 -3.079047 0.459139 3.623389 2.745573 0.058738 -4.211939 1.218850 0.058476 1.608491 1.224811 0.134648 7.042422 0.925173 -0.432310 14.750067 0.581974 -1.032274 -8.628793 1.256007 -0.823685 11.665104 7.626423 -18.021917 -16.862838 68.224493 51.562456 40.215799 31.899853 -1.009437 13.050461 -12.821456 -2.059550 8.601485 -6.328865 9.707753 -13.118165 -64.243702 -80.399273 40.697923 -42.439954 -11.407489 10.966517 17.565616 -7.105120 -12.235304 -1.014219 -2.820316 23.469887 -1.063925 -0.065708 -5.311489 3.281667 0.000000 0.000000 0.000000 -2.706315 -10.118555 2.001577 5.748156 11.526407 -0.543529 1.025315 6.291350 1.929732 -0.002063 -1.633303 1.061943
0.111999 0.961784 4.099806 5.979612 -4.191815 -2.899488 0.360253 3.301330 2.780245 0.014799 -4.355591 1.235746 0.014642 1.464838 1.237256 0.102985 6.934574 0.934529 -0.318979 14.910134 0.523845 -0.795812 -8.333770 1.102080 -0.976998 11.640080 7.332298 -18.536097 -16.428225 68.540546 47.219951 40.386336 29.249939 -1.730884 12.942218 -13.740689 -1.634487 8.409606 -6.426150 9.566763 -13.150919 -64.321559 -79.272178 41.046229 -42.611222 -11.335184 11.107354 17.954575 -6.757511 -11.213731 -1.087210 -2.081503 18.437277 -1.029312 0.944098 -3.159894 4.261679 0.000489 0.157590 -0.216332 -2.830379 -9.205644 1.667914 6.122671 9.878732 -0.193339 0.567715 6.480040 1.731543 -0.000710 -1.560556 0.981987
0.110864 0.962764 4.109346 6.381360 -3.718176 -2.613378 0.253550 2.934188 2.719029 -0.027379 -4.519488 1.209905 -0.027419 1.300944 1.207134 0.069509 6.811609 0.911680 -0.186669 15.123913 0.493428 -0.534327 -7.938588 0.993214 -1.182324 11.314748 7.143059 -18.892402 -15.717467 68.502619 42.978329 39.927783 26.846056 -2.492199 12.709784 -14.687301 -1.031662 7.872212 -6.558147 9.604353 -12.968368 -64.223266 -78.945698 41.885338 -43.589282 -11.397371 11.259940 18.299315 -6.486319 -10.123473 -1.207146 -1.164223 14.101717 -1.255461 2.095334 -0.702176 5.467102 -0.000125 0.081363 -0.106317 -2.771929 -8.525775 1.169270 6.314705 8.787221 0.206159 0.041086 6.267844 1.577616 -0.001049 -1.522912 0.846199
0.109501 0.962609 4.118709 6.881324 -3.384558 -2.290376 0.139963 2.658679 2.613111 -0.070948 -4.642736 1.163831 -0.070850 1.177693 1.156625 0.033389 6.719152 0.873465 -0.103547 15.263561 0.478620 -0.371928 -7.680258 0.933341 -1.366760 10.826068 7.121624 -19.111528 -15.070276 68.236300 39.094164 39.612685 24.723881 -2.971458 12.492625 -15.259517 -0.560066 7.365115 -6.708433 9.693596 -12.823462 -64.171651 -78.257103 42.835147 -44.179266 -11.321236 11.414991 18.481572 -6.406275 -9.040522 -1.435887 -0.589930 10.603685 -1.348907 2.875706 1.345878 6.072137 0.000000 -0.000000 -0.000000 -2.107352 -7.944823 0.651198 5.597567 8.128947 0.439024 -0.339594 5.735618 1.454869 -0.001745 -1.460541 0.710905
0.107763 0.960949 4.127849 7.552692 -3.263453 -1.911213 -0.006962 2.551961 2.445702 -0.127220 -4.691156 1.090165 -0.126926 1.129253 1.077234 -0.014513 6.682817 0.813556 -0.102565 15.262452 0.489928 -0.374246 -7.682288 0.954112 -1.543863 10.018240 7.302864 -19.236589 -14.433849 67.693341 35.778826 39.802056 22.984059 -3.038101 12.393877 -15.300941 -0.361781 6.907338 -6.851739 9.888727 -12.673443 -64.203919 -76.903220 43.737102 -43.934210 -11.010490 11.601974 18.445216 -6.659210 -7.907132 -1.899008 -0.717683 8.002483 -0.927015 3.015009 2.885925 5.344989 -0.000106 0.031339 -0.062460 -0.215040 -7.387647 0.096762 3.100293 7.930340 0.380618 -0.448522 4.795300 1.381816 -0.002750 -1.348313 0.589358
0.105796 0.958154 4.136813 8.319986 -3.285870 -1.498588 -0.162319 2.538179 2.234532 -0.185550 -4.698199 0.996905 -0.185057 1.122193 0.978053 -0.065514 6.677549 0.738769 -0.151136 15.186563 0.514031 -0.474791 -7.822532 1.017903 -1.711031 9.045954 7.646699 -19.227212 -13.856146 66.932377 32.730717 40.215424 21.439773 -2.864427 12.382611 -14.963624 -0.297300 6.477578 -7.013007 10.137225 -12.560012 -64.282991 -75.117777 44.733816 -43.222861 -10.558444 11.804613 18.258714 -7.114618 -6.784508 -2.474546 -1.193467 6.229970 -0.213227 2.743199 4.074091 3.834519 -0.000293 0.062158 -0.125173 2.285736 -6.881985 -0.453739 -0.304348 8.148847 0.195175 -0.408962 3.537414 1.342087 -0.003552 -1.211817 0.467948
0.103822 0.955826 4.145461 8.956366 -3.306164 -1.184215 -0.249354 2.523502 2.083333 -0.216549 -4.705148 0.930008 -0.215954 1.115243 0.908020 -0.093918 6.672384 0.685945 -0.219411 15.107476 0.501023 -0.598479 -7.968782 1.019832 -1.766657 8.510390 8.107695 -18.968992 -13.820780 66.241738 29.328408 40.595348 19.570466 -2.611226 12.426141 -14.306282 -0.254511 6.390611 -7.240702 10.156892 -12.852103 -64.542725 -72.429118 45.893111 -41.971105 -9.979874 11.941672 17.990761 -7.458537 -5.924890 -2.857752 -1.480948 5.206278 0.296135 2.289430 4.671034 2.556964 0.000000 0.000000 0.000000 3.968789 -6.501454 -0.797839 -2.723973 8.581922 0.094247 -0.380907 2.311626 1.267049 -0.003382 -1.067330 0.363053
0.101911 0.954415 4.153765 9.387182 -3.291651 -1.030209 -0.226202 2.499906 2.041413 -0.204034 -4.715525 0.911215 -0.203480 1.104879 0.890501 -0.085868 6.664656 0.672686 -0.325696 14.994280 0.409604 -0.764123 -8.178811 0.889714 -1.595120 8.840291 8.828855 -18.267157 -14.822566 65.546472 25.227336 40.817404 17.192000 -2.141283 12.564890 -13.156105 -0.218657 6.978127 -7.623452 9.603047 -13.941603 -64.938984 -68.238662 47.050766 -39.775949 -9.277130 11.941927 17.699290 -7.536624 -5.479632 -2.892984 -1.287780 5.174437 0.318267 1.624404 4.392926 1.914906 -0.000397 -0.243412 0.517238 4.064048 -6.404483 -0.853369 -3.216023 9.384831 0.150357 -0.412962 1.147847 1.132574 -0.002345 -0.888531 0.275054
0.099992 0.953471 4.161753 9.687261 -3.269794 -0.974011 -0.135011 2.474322 2.059513 -0.164264 -4.726493 0.918803 -0.163833 1.093921 0.902125 -0.055253 6.656480 0.681378 -0.451195 14.878703 0.280924 -0.951704 -8.393516 0.697226 -1.291994 9.596702 9.685659 -17.278493 -16.345121 64.851872 20.783371 40.908400 14.550934 -1.576522 12.791991 -11.693751 -0.212187 7.911119 -8.061271 8.814399 -15.432793 -65.503972 -62.966923 48.209430 -36.831396 -8.436203 11.884312 17.335688 -7.481921 -5.296916 -2.742164 -0.901999 5.892290 0.129255 0.805067 3.537737 1.534183 -0.005773 -0.578496 1.223001 3.354029 -6.482095 -0.735505 -2.723983 10.421986 0.267630 -0.455255 0.016115 0.960052 -0.001329 -0.701425 0.204060
0.098074 0.953254 4.169374 9.855408 -3.181819 -0.957213 -0.024329 2.374593 2.091947 -0.116215 -4.770316 0.932747 -0.115927 1.050105 0.920946 -0.017860 6.623665 0.695458 -0.510200 14.925996 0.190927 -1.027950 -8.306020 0.550467 -1.084280 10.092302 10.218585 -16.454101 -17.389488 64.641843 16.449983 40.798596 11.762335 -1.490269 12.985112 -10.497345 -0.166239 8.510759 -8.324369 8.558800 -16.508360 -66.539792 -57.595043 49.787211 -33.850941 -7.443266 11.914461 16.812113 -7.401093 -5.169094 -2.574468 -0.647780 6.531988 0.018887 0.226239 2.780624 1.283713 -0.012267 -0.829486 1.694544 2.745865 -6.449346 -0.566925 -2.178093 11.073896 0.399890 -0.521503 -0.824575 0.749447 -0.000871 -0.600608 0.166132
0.096109 0.954105 4.176515 9.869964 -2.988628 -1.000646 0.102506 2.147187 2.150814 -0.061721 -4.870760 0.958597 -0.061603 0.949671 0.952333 0.025373 6.548390 0.718965 -0.458599 15.278516 0.176064 -0.923128 -7.651901 0.499902 -1.104374 10.000185 10.143915 -16.024302 -17.526622 65.370129 11.998207 40.434568 8.449067 -2.282704 13.056180 -9.784279 -0.041813 8.437249 -8.277668 9.372678 -16.830168 -68.551789 -52.064681 52.510371 -30.756199 -6.191007 12.108305 16.118767 -7.239545 -5.074362 -2.439478 -0.742995 6.868275 0.133726 0.070066 2.349691 1.138830 -0.011707 -0.910015 1.700391 2.536441 -6.236664 -0.354017 -1.818641 11.122352 0.556053 -0.658365 -1.238226 0.478486 -0.001009 -0.654620 0.176795
0.094145 0.955683 4.183288 9.752222 -2.729196 -1.084104 0.248260 1.845379 2.223372 0.000908 -5.004126 0.990720 0.000806 0.816309 0.990816 0.075264 6.448429 0.747792 -0.340183 15.793157 0.204692 -0.708839 -6.696868 0.505433 -1.226672 9.659865 9.732020 -15.808298 -17.224637 66.659687 7.735450 39.800206 4.997636 -3.579484 13.074143 -9.349913 0.126355 8.025163 -8.065834 10.752883 -16.670472 -71.034261 -45.831800 55.645087 -26.886029 -4.768965 12.420863 15.302602 -7.051182 -5.034298 -2.289499 -0.962772 7.122518 0.320256 0.155132 2.017588 1.109597 -0.007569 -0.907409 1.471565 2.432223 -5.912462 -0.092163 -1.404544 10.784858 0.719493 -0.824617 -1.361290 0.170516 -0.001527 -0.795038 0.220190
0.092328 0.957216 4.189979 9.566219 -2.462279 -1.087303 0.374710 1.558338 2.226844 0.058312 -5.131086 0.992260 0.057980 0.689343 0.998178 0.118883 6.353288 0.753158 -0.201235 16.206447 0.248125 -0.462980 -5.930071 0.533342 -1.317951 9.394358 9.336332 -15.669616 -16.848412 67.823616 4.854983 39.098604 2.584583 -4.805497 13.121621 -9.118825 0.309745 7.606454 -7.882009 11.892179 -16.198655 -72.823094 -39.779503 57.603700 -22.842709 -3.455698 12.813677 14.355285 -7.106525 -4.902613 -2.144518 -0.957892 7.127852 0.397665 0.329874 1.772241 1.100503 -0.004877 -0.906527 1.279018 2.453882 -5.402452 0.109343 -1.145096 10.092605 0.803198 -0.902449 -1.342990 -0.105756 -0.002108 -0.911053 0.265172
0.090713 0.958564 4.196895 9.288359 -2.205749 -0.926029 0.477173 1.306782 2.102332 0.111028 -5.242621 0.936832 0.110466 0.577798 0.948099 0.154620 6.269752 0.715226 -0.035749 16.444691 0.309235 -0.175908 -5.488295 0.586760 -1.305713 9.349931 9.045846 -15.530695 -16.452544 68.690775 3.761941 38.457143 1.572063 -5.963849 13.232607 -9.188328 0.543549 7.268650 -7.764623 12.449445 -15.426492 -73.413431 -34.967850 57.599321 -19.727278 -2.109214 13.408227 13.251816 -7.631222 -4.611245 -2.010890 -0.490515 6.784800 0.247715 0.598949 1.624171 1.095461 -0.004091 -0.933392 1.220168 2.722348 -4.554074 0.184959 -1.201990 8.844045 0.755249 -0.829298 -1.148156 -0.323386 -0.002564 -0.966737 0.303923
0.089246 0.959868 4.203729 8.943770 -1.940111 -0.685620 0.561732 1.069749 1.910236 0.158811 -5.347952 0.851335 0.158031 0.472455 0.867454 0.184327 6.190872 0.654277 0.150243 16.581037 0.382051 0.144030 -5.235705 0.655722 -1.266686 9.378893 8.772482 -15.452652 -15.972739 69.423526 3.943192 37.959698 1.496919 -7.041728 13.342038 -9.446810 0.793312 6.924534 -7.672747 12.745683 -14.413796 -73.321149 -31.501397 56.640139 -17.792491 -0.844767 14.073127 12.033050 -8.400003 -4.227686 -1.884982 0.200963 6.193528 -0.016758 0.956474 1.562571 1.110386 -0.003912 -0.961889 1.197608 3.109554 -3.519343 0.200339 -1.405409 7.239179 0.643088 -0.668498 -0.811038 -0.508981 -0.002999 -0.997987 0.344388
0.087914 0.960779 4.209841 8.669505 -1.669104 -0.498611 0.606346 0.874585 1.746295 0.187164 -5.434823 0.778446 0.186245 0.385578 0.797446 0.200285 6.125793 0.601403 0.291337 16.572941 0.420350 0.392094 -5.251177 0.676932 -1.303053 9.364031 8.603191 -15.502235 -15.587524 69.826038 5.128526 37.851287 2.249047 -7.433084 13.400028 -9.475357 0.933684 6.646886 -7.677125 12.953101 -13.473030 -72.955270 -29.286552 55.940874 -16.918974 -0.376105 14.381490 10.671185 -9.006280 -3.806300 -1.768727 0.749155 5.484949 -0.227166 1.234301 1.542316 1.101237 -0.004481 -0.998552 1.190111 3.266128 -2.684165 0.240638 -1.474099 5.913451 0.551559 -0.487978 -0.584641 -0.675610 -0.003315 -1.001675 0.379240
0.086695 0.961070 4.214834 8.524010 -1.395937 -0.417102 0.592435 0.743393 1.638154 0.186527 -5.493382 0.730447 0.185597 0.327021 0.749382 0.196215 6.081898 0.565123 0.360160 16.360423 0.404924 0.524682 -5.646029 0.623716 -1.501812 9.230707 8.589451 -15.750287 -15.376489 69.744496 7.532354 38.271528 4.114613 -6.707563 13.343986 -9.039943 0.877544 6.452611 -7.844265 13.108144 -12.685777 -72.292364 -28.442520 55.837733 -17.160319 -1.343112 14.023301 8.892614 -9.297592 -3.346322 -1.655254 1.009517 4.656946 -0.323172 1.369802 1.560510 1.046738 -0.006341 -1.057776 1.198380 2.927838 -2.213786 0.343970 -1.201127 5.124849 0.500120 -0.293890 -0.570657 -0.830637 -0.003444 -0.967633 0.407791
0.085611 0.960969 4.219106 8.447822 -1.118801 -0.387726 0.537504 0.654360 1.557971 0.166150 -5.533284 0.694892 0.165304 0.287125 0.711758 0.178178 6.051968 0.536738 0.383230 16.003821 0.355205 0.584833 -6.308258 0.522502 -1.777606 9.055764 8.681227 -16.129143 -15.264995 69.329580 11.013192 38.938112 6.917189 -5.295897 13.208761 -8.378329 0.714159 6.324421 -8.106993 13.189956 -11.965349 -71.371329 -28.722049 56.069737 -18.321414 -3.172507 13.279521 6.923805 -9.425224 -2.848040 -1.549150 1.126883 3.710766 -0.361047 1.425695 1.620049 0.969117 -0.009043 -1.125157 1.221695 2.363948 -1.943556 0.472831 -0.800562 4.617226 0.458106 -0.078777 -0.667463 -0.967780 -0.003406 -0.906010 0.430720
0.084722 0.960806 4.223215 8.400342 -0.835420 -0.384085 0.473168 0.569780 1.517587 0.139698 -5.571156 0.677085 0.138968 0.249259 0.691266 0.156907 6.023547 0.521277 0.376562 15.641567 0.282346 0.598757 -6.980854 0.388465 -1.973889 8.948593 8.810921 -16.505593 -15.195462 68.845552 14.743461 39.513856 9.812609 -3.880998 13.117747 -7.766651 0.584079 6.285635 -8.337320 13.260123 -11.371612 -70.680910 -29.240934 56.891564 -19.624011 -4.804370 12.652243 5.401871 -9.437973 -2.365615 -1.466021 1.165556 2.781701 -0.344002 1.421859 1.684930 0.889287 -0.011102 -1.164048 1.236707 2.031847 -1.767840 0.596561 -0.629635 4.255650 0.424321 0.110277 -0.823372 -1.081139 -0.003262 -0.844168 0.442757
0.084100 0.960638 4.227387 8.391285 -0.539103 -0.398538 0.398399 0.480089 1.530257 0.106153 -5.611246 0.682964 0.105574 0.209175 0.693740 0.132095 5.993445 0.523133 0.331876 15.292076 0.179237 0.553558 -7.629645 0.211519 -2.009522 8.967130 8.994613 -16.871218 -15.155539 68.285854 18.710113 39.987166 12.660354 -2.638134 13.172314 -7.178033 0.538535 6.401895 -8.502580 13.296938 -10.985380 -70.397252 -29.834878 58.567961 -20.965133 -5.936012 12.307366 4.662430 -9.333344 -1.881247 -1.433614 1.112334 1.847245 -0.239184 1.356313 1.761273 0.808763 -0.011895 -1.159417 1.230284 2.112425 -1.670447 0.700139 -0.882362 4.019854 0.397863 0.279701 -1.042028 -1.161546 -0.003010 -0.784493 0.439637
0.083673 0.960409 4.231396 8.410578 -0.236567 -0.438250 0.314583 0.395173 1.582798 0.066735 -5.649198 0.706622 0.066338 0.171231 0.713397 0.104210 5.964930 0.537945 0.259298 14.936586 0.053654 0.465418 -8.289569 0.002581 -1.964718 9.052451 9.214285 -17.238866 -15.158665 67.662455 22.920940 40.348274 15.576405 -1.383335 13.270845 -6.632553 0.525121 6.608469 -8.637247 13.304261 -10.728585 -70.338282 -30.786291 60.821238 -22.560596 -6.872933 12.104828 4.370215 -9.114640 -1.413527 -1.422134 0.977479 0.929528 -0.079129 1.230916 1.842692 0.725502 -0.011941 -1.126296 1.215563 2.424306 -1.669343 0.797264 -1.365530 3.928639 0.384170 0.423136 -1.320008 -1.218578 -0.002691 -0.724608 0.425635
0.083287 0.960281 4.235127 8.388177 0.054432 -0.499868 0.257037 0.306433 1.647111 0.038489 -5.688761 0.735497 0.038223 0.131670 0.739404 0.085155 5.935209 0.557535 0.201568 14.658192 -0.063317 0.402455 -8.806332 -0.195838 -1.925414 9.136448 9.348980 -17.504528 -15.169204 67.264698 26.465663 40.486988 17.960545 -0.268697 13.303882 -6.458767 0.530637 6.734880 -8.714112 13.367424 -10.429422 -70.448926 -31.770045 63.103481 -24.021009 -7.478786 12.108019 4.058035 -8.839161 -1.071250 -1.363142 0.862606 0.231022 0.033136 1.071296 1.874550 0.655347 -0.011319 -1.073128 1.208604 2.881195 -1.711674 0.897749 -1.854291 3.905228 0.393283 0.473962 -1.595179 -1.273729 -0.002440 -0.684735 0.408332
0.082877 0.960348 4.238491 8.295334 0.334583 -0.596510 0.244159 0.212052 1.729464 0.029319 -5.730663 0.772396 0.029093 0.089768 0.775372 0.081105 5.903746 0.584627 0.170939 14.479461 -0.181772 0.391146 -9.137854 -0.407295 -1.923745 9.213471 9.323200 -17.753521 -15.164794 67.276090 29.119579 40.574767 19.593705 0.666382 13.280629 -6.868666 0.560691 6.693471 -8.705830 13.534826 -10.006359 -70.794135 -32.591982 65.447426 -25.111244 -7.600924 12.428633 3.494723 -8.509600 -0.923763 -1.214809 0.815962 -0.136392 0.054384 0.862348 1.833194 0.607545 -0.009693 -0.991860 1.213759 3.562786 -1.819403 1.005628 -2.333407 3.974719 0.444203 0.369276 -1.860938 -1.334772 -0.002280 -0.678256 0.385203
0.082509 0.960516 4.241578 8.160446 0.602905 -0.715795 0.257483 0.113901 1.823195 0.031322 -5.774125 0.814376 0.031080 0.046305 0.817555 0.085876 5.871120 0.616399 0.153975 14.378181 -0.293207 0.402799 -9.325409 -0.610736 -1.928553 9.288467 9.212418 -17.896850 -15.158986 67.510693 31.073885 40.589898 20.657211 1.451426 13.252313 -7.646720 0.610908 6.572476 -8.638926 13.752798 -9.539317 -71.305935 -33.371553 67.826200 -26.012174 -7.405197 12.935012 2.866940 -8.123109 -0.903261 -1.021406 0.790725 -0.284289 0.027587 0.619239 1.742395 0.573713 -0.007350 -0.890546 1.226665 4.388981 -1.972655 1.112693 -2.817978 4.112171 0.516762 0.171903 -2.124342 -1.392511 -0.002166 -0.691783 0.358778
0.082224 0.960666 4.244545 7.999601 0.839185 -0.816452 0.276650 0.008771 1.880789 0.037627 -5.820700 0.840233 0.037346 -0.000269 0.844053 0.092663 5.836177 0.636341 0.153336 14.370814 -0.339726 0.419631 -9.338787 -0.698001 -1.930775 9.309362 9.122543 -17.566526 -15.169325 67.699885 31.994894 40.215999 21.093577 2.035531 13.181273 -8.477798 0.654084 6.465055 -8.566233 13.959541 -9.100179 -71.732905 -34.079480 69.612394 -26.779792 -7.241879 13.314696 2.325460 -7.728169 -0.911916 -0.844286 0.747895 -0.345352 -0.021356 0.413097 1.618872 0.543329 -0.005289 -0.801800 1.250318 5.034392 -2.053126 1.217183 -3.128828 4.166298 0.560568 0.003634 -2.343500 -1.443445 -0.002119 -0.705381 0.344222
0.082009 0.960776 4.247412 7.806462 1.039499 -0.888437 0.289078 -0.113958 1.879967 0.043668 -5.875196 0.840024 0.043351 -0.054765 0.844458 0.097269 5.795313 0.636604 0.187115 14.500060 -0.282608 0.460214 -9.098911 -0.602855 -1.936655 9.219055 9.090021 -16.420291 -15.194021 67.698451 31.466007 39.136672 20.716816 2.397141 12.993343 -9.364444 0.679637 6.406142 -8.491762 14.191866 -8.691314 -72.005482 -34.708025 70.573850 -27.396679 -7.205161 13.444367 1.919907 -7.300988 -0.940574 -0.685671 0.637074 -0.328562 -0.104756 0.275567 1.459360 0.516061 -0.003725 -0.733315 1.289492 5.370357 -2.016320 1.336850 -3.165074 4.071759 0.545146 -0.106131 -2.493517 -1.487674 -0.002187 -0.714297 0.350894
0.081877 0.960869 4.250160 7.587764 1.207850 -0.941802 0.307130 -0.243976 1.843262 0.053846 -5.932957 0.823799 0.053471 -0.112527 0.829265 0.103768 5.752017 0.625110 0.237504 14.723646 -0.161170 0.506956 -8.684131 -0.392839 -1.939758 9.074814 9.079040 -14.802716 -15.235365 67.659781 29.970607 37.670003 19.764906 2.576435 12.743248 -10.296149 0.697700 6.360857 -8.411443 14.417212 -8.312179 -72.194584 -35.132108 70.946015 -27.740251 -7.181946 13.443499 1.606537 -6.866119 -0.997560 -0.543188 0.508074 -0.225035 -0.209403 0.174888 1.267257 0.492130 -0.002382 -0.677394 1.339411 5.526076 -1.904027 1.459221 -3.027950 3.894605 0.498345 -0.187105 -2.599045 -1.525824 -0.002332 -0.723288 0.369438
0.081911 0.960894 4.252887 7.379569 1.336260 -0.964969 0.347893 -0.353085 1.790180 0.074745 -5.981361 0.800250 0.074255 -0.160934 0.807838 0.117773 5.715755 0.608929 0.252887 14.930544 -0.034272 0.486694 -8.300472 -0.159749 -1.911290 8.996309 9.086588 -13.375558 -15.325717 67.752852 28.455859 36.453447 18.744158 2.602264 12.567819 -10.942442 0.712297 6.317258 -8.366011 14.473475 -8.032744 -72.263593 -35.131822 70.801497 -27.684393 -7.198132 13.364472 1.409600 -6.543978 -1.009162 -0.469088 0.472996 -0.140727 -0.271913 0.087174 1.069183 0.461235 -0.001631 -0.643568 1.388762 5.562969 -1.725520 1.541483 -2.841811 3.680622 0.457350 -0.206190 -2.692217 -1.556224 -0.002454 -0.726689 0.386951
0.082195 0.960813 4.255668 7.182517 1.413019 -0.938096 0.427061 -0.429047 1.714128 0.113585 -6.014933 0.766439 0.112880 -0.194513 0.777970 0.144488 5.690640 0.586409 0.208406 15.092266 0.091776 0.355578 -8.000646 0.093536 -1.819352 9.039678 9.124112 -12.379514 -15.497669 68.083465 27.092804 35.701587 17.671551 2.398045 12.523636 -11.140799 0.713505 6.275611 -8.380606 14.241499 -7.875356 -72.154487 -34.496434 69.980961 -27.070943 -7.293302 13.175213 1.358774 -6.378643 -0.932517 -0.511434 0.599923 -0.126920 -0.250585 -0.008008 0.872508 0.412290 -0.001934 -0.641971 1.434983 5.442301 -1.455826 1.551908 -2.614164 3.423974 0.435643 -0.115673 -2.779398 -1.577285 -0.002516 -0.721464 0.399684
0.082646 0.960665 4.258429 6.996174 1.450228 -0.880499 0.529163 -0.483983 1.621313 0.163260 -6.039132 0.725148 0.162278 -0.218724 0.741721 0.178780 5.672562 0.559095 0.128751 15.237464 0.223429 0.157391 -7.731056 0.369723 -1.695276 9.148366 9.180237 -11.572951 -15.727838 68.533846 25.669202 35.194466 16.499468 2.026134 12.546560 -11.057586 0.711577 6.235484 -8.430245 13.841212 -7.814553 -71.927070 -33.555029 68.638250 -26.170684 -7.426647 12.908977 1.424852 -6.326698 -0.809623 -0.621013 0.821471 -0.132624 -0.188196 -0.090062 0.669813 0.356202 -0.003001 -0.662479 1.480642 5.201590 -1.120457 1.520491 -2.337598 3.130258 0.419758 0.036724 -2.854187 -1.590929 -0.002551 -0.710651 0.411384
0.083093 0.960513 4.261042 6.854945 1.475444 -0.839266 0.624471 -0.526077 1.550151 0.208895 -6.057643 0.693523 0.207657 -0.237250 0.714729 0.210760 5.658734 0.538764 0.035385 15.340505 0.321144 -0.053177 -7.539191 0.586933 -1.604952 9.273378 9.216804 -10.891667 -15.964378 68.928123 24.456809 34.967147 15.536855 1.710520 12.596746 -10.857279 0.740952 6.183596 -8.480455 13.467962 -7.851011 -71.721356 -32.803780 67.320528 -25.410833 -7.505785 12.716808 1.542939 -6.376598 -0.693635 -0.703514 1.046977 -0.109828 -0.147839 -0.121340 0.465531 0.315560 -0.004068 -0.684245 1.522128 5.016998 -0.804197 1.498735 -2.114097 2.862071 0.407955 0.141008 -2.929599 -1.600596 -0.002560 -0.697698 0.420387
0.083466 0.960369 4.263450 6.775265 1.492222 -0.830182 0.707884 -0.550154 1.515441 0.247566 -6.068137 0.678155 0.246109 -0.247759 0.703287 0.238732 5.650900 0.530155 -0.076967 15.373336 0.368409 -0.280464 -7.477356 0.716810 -1.587997 9.406578 9.214127 -10.336143 -16.209380 69.214078 23.555585 35.097127 14.903653 1.541157 12.675990 -10.549992 0.829415 6.107582 -8.529338 13.177168 -8.030989 -71.565365 -32.353958 66.240447 -24.894177 -7.498759 12.674551 1.669308 -6.583124 -0.601452 -0.721757 1.277742 -0.035079 -0.158555 -0.067917 0.257663 0.300115 -0.004964 -0.704611 1.558761 4.939528 -0.530582 1.505236 -1.963697 2.639869 0.402256 0.150125 -3.009361 -1.606653 -0.002528 -0.682477 0.424507
0.083836 0.960220 4.265711 6.740665 1.496815 -0.837345 0.784420 -0.561363 1.502360 0.282184 -6.072898 0.672423 0.280531 -0.252536 0.701070 0.264384 5.647357 0.528499 -0.203510 15.363719 0.381872 -0.521934 -7.494138 0.788970 -1.605081 9.556604 9.191678 -9.904794 -16.454640 69.444539 22.832588 35.526407 14.452156 1.434292 12.784337 -10.122683 0.949178 6.019927 -8.579128 12.911530 -8.310531 -71.430362 -32.008699 65.189853 -24.435363 -7.440164 12.707617 1.847922 -6.891022 -0.515880 -0.713084 1.512176 0.068408 -0.191207 0.036089 0.048158 0.299555 -0.005829 -0.726229 1.591224 4.918838 -0.275537 1.523501 -1.866360 2.443198 0.400985 0.111115 -3.089753 -1.608524 -0.002472 -0.665117 0.425930
0.084244 0.960099 4.267879 6.736185 1.505615 -0.860462 0.839437 -0.583498 1.504859 0.306584 -6.082552 0.673658 0.304789 -0.262202 0.704781 0.282876 5.640135 0.531306 -0.307832 15.369564 0.371640 -0.712977 -7.482410 0.808512 -1.604088 9.700034 9.169407 -9.529809 -16.628758 69.604852 22.212376 36.099300 14.090394 1.352755 12.875768 -9.703394 1.051214 5.944289 -8.601172 12.699025 -8.558803 -71.371187 -31.694106 64.089747 -23.922419 -7.336874 12.741599 2.146759 -7.123085 -0.438504 -0.694329 1.655214 0.179112 -0.220666 0.126169 -0.152558 0.306573 -0.006254 -0.736210 1.617949 4.979991 -0.051422 1.555003 -1.863857 2.273387 0.397480 0.055131 -3.172598 -1.608156 -0.002435 -0.649462 0.429555
0.084710 0.960032 4.269980 6.762340 1.524566 -0.905154 0.864828 -0.625750 1.526210 0.317052 -6.101196 0.683334 0.315186 -0.280853 0.715519 0.291522 5.626157 0.539399 -0.377826 15.409689 0.330770 -0.828199 -7.407605 0.757741 -1.558087 9.832601 9.158263 -9.147407 -16.694196 69.653338 21.676392 36.775571 13.801510 1.305580 12.920210 -9.347125 1.118642 5.896072 -8.575468 12.582670 -8.736183 -71.450128 -31.354057 62.922886 -23.257004 -7.174575 12.764732 2.614821 -7.221999 -0.375456 -0.665307 1.666851 0.302446 -0.238603 0.185632 -0.343658 0.320784 -0.005905 -0.726203 1.637463 5.189061 0.137261 1.608365 -2.016276 2.125646 0.387028 -0.024013 -3.253482 -1.606521 -0.002450 -0.639205 0.439206
0.085213 0.959992 4.271989 6.818592 1.547788 -0.965776 0.868625 -0.678973 1.563099 0.317280 -6.124749 0.699955 0.315398 -0.304406 0.732163 0.292991 5.608489 0.551938 -0.425572 15.465214 0.266196 -0.892961 -7.304678 0.654284 -1.494084 9.958569 9.147393 -8.821391 -16.685605 69.634706 21.242839 37.599546 13.600030 1.285012 12.947617 -8.998838 1.168235 5.859626 -8.521670 12.521929 -8.882903 -71.605071 -31.065487 61.706484 -22.554521 -6.975900 12.792087 3.204466 -7.244996 -0.320688 -0.625676 1.587210 0.433075 -0.252774 0.231179 -0.525941 0.342762 -0.005070 -0.704564 1.651238 5.480249 0.294281 1.676023 -2.263509 2.004778 0.375544 -0.120161 -3.336792 -1.602565 -0.002482 -0.630651 0.451060
0.085736 0.959934 4.273880 6.888399 1.573927 -1.025154 0.860421 -0.739421 1.599569 0.312226 -6.151554 0.716388 0.310356 -0.331208 0.748084 0.290468 5.588377 0.563926 -0.450911 15.537567 0.208802 -0.918465 -7.170648 0.555815 -1.440714 10.067227 9.123867 -8.675314 -16.641842 69.664310 20.895407 38.539328 13.443348 1.224614 13.001526 -8.620670 1.201442 5.811852 -8.470311 12.419476 -8.988012 -71.703781 -30.948812 60.413757 -22.017791 -6.800933 12.789362 3.837551 -7.186760 -0.257886 -0.591653 1.441589 0.533411 -0.261751 0.248463 -0.691332 0.367072 -0.004282 -0.683468 1.662117 5.680555 0.420339 1.734320 -2.467030 1.926520 0.372057 -0.183648 -3.437589 -1.595315 -0.002467 -0.616563 0.458544
0.086293 0.959845 4.275639 6.978714 1.604819 -1.077229 0.837384 -0.809746 1.631341 0.300829 -6.182813 0.730719 0.299006 -0.362461 0.761258 0.283009 5.564920 0.573838 -0.450825 15.629068 0.166368 -0.901977 -7.001127 0.475790 -1.407286 10.150605 9.076909 -8.792275 -16.562873 69.796567 20.645277 39.654488 13.316316 1.092405 13.113233 -8.176579 1.215352 5.731344 -8.431854 12.219958 -9.021706 -71.688991 -31.004550 58.953682 -21.673914 -6.670866 12.733278 4.506079 -7.011724 -0.176576 -0.572739 1.204488 0.579713 -0.260159 0.220757 -0.832962 0.393096 -0.003630 -0.663703 1.669593 5.717799 0.504765 1.771409 -2.570352 1.911816 0.382578 -0.206802 -3.567703 -1.583894 -0.002377 -0.593891 0.458636
0.086869 0.959739 4.277279 7.082580 1.638660 -1.128022 0.802327 -0.887258 1.662678 0.284144 -6.217313 0.744842 0.282400 -0.396952 0.773688 0.271555 5.539027 0.583182 -0.428309 15.737428 0.131329 -0.846376 -6.800380 0.401305 -1.384430 10.216691 9.017030 -9.088755 -16.447911 69.976430 20.484338 40.887454 13.230456 0.922625 13.253685 -7.700742 1.212856 5.639585 -8.395896 11.977670 -9.013544 -71.618570 -31.187281 57.418336 -21.449475 -6.566105 12.650064 5.216777 -6.755449 -0.087575 -0.559020 0.901437 0.595908 -0.252761 0.164820 -0.957641 0.421733 -0.003037 -0.644481 1.674174 5.663864 0.558969 1.798410 -2.629915 1.939732 0.400544 -0.197296 -3.715331 -1.569314 -0.002243 -0.565687 0.454357
0.087401 0.959604 4.278820 7.162602 1.668544 -1.178544 0.773370 -0.960187 1.690479 0.270319 -6.249767 0.757377 0.268639 -0.429399 0.784820 0.262133 5.514671 0.591548 -0.392232 15.857129 0.111523 -0.771165 -6.578495 0.350342 -1.372783 10.278638 8.963057 -9.438301 -16.336239 70.154794 20.368453 42.029790 13.184932 0.744278 13.374753 -7.260742 1.204207 5.577866 -8.361690 11.758669 -9.042018 -71.531993 -31.520969 56.055327 -21.372867 -6.477692 12.577545 5.912715 -6.519318 -0.006353 -0.537907 0.634215 0.615741 -0.253689 0.116534 -1.077825 0.449777 -0.002784 -0.635615 1.680214 5.561775 0.617514 1.825699 -2.676638 1.963185 0.415689 -0.128467 -3.860115 -1.553617 -0.002088 -0.533864 0.448194
0.087852 0.959418 4.280276 7.207448 1.692398 -1.232292 0.758361 -1.027924 1.713698 0.262880 -6.279875 0.767876 0.261229 -0.459504 0.794563 0.257366 5.492079 0.598872 -0.339583 16.002135 0.114242 -0.673309 -6.309508 0.335339 -1.375819 10.340654 8.925935 -9.826076 -16.242426 70.318027 20.292454 43.012073 13.194184 0.537244 13.455885 -6.865565 1.188123 5.568488 -8.330130 11.575857 -9.145838 -71.429727 -32.024615 54.938289 -21.477660 -6.405785 12.518645 6.590499 -6.308620 0.066479 -0.497316 0.416261 0.644421 -0.274738 0.078028 -1.197349 0.477209 -0.003147 -0.645553 1.690036 5.409856 0.694379 1.858535 -2.739826 1.963775 0.427081 0.042710 -3.999121 -1.537208 -0.001891 -0.494673 0.438132
0.088259 0.959204 4.281632 7.228460 1.712223 -1.285823 0.749474 -1.091069 1.733446 0.258300 -6.307928 0.776822 0.256662 -0.487554 0.803045 0.254632 5.471032 0.605248 -0.273263 16.158407 0.132384 -0.555662 -6.019558 0.344270 -1.390100 10.398460 8.894555 -10.266931 -16.151381 70.479364 20.269425 43.904349 13.250340 0.315718 13.516115 -6.507641 1.165961 5.589185 -8.300308 11.415913 -9.286204 -71.310032 -32.657064 53.989690 -21.711222 -6.342668 12.470132 7.253728 -6.118053 0.131514 -0.449580 0.234052 0.676574 -0.304459 0.047166 -1.312388 0.503989 -0.003864 -0.665845 1.701317 5.209824 0.775846 1.891408 -2.790212 1.959924 0.435663 0.273244 -4.135302 -1.520041 -0.001681 -0.451866 0.426186
0.088668 0.959027 4.282859 7.222277 1.727163 -1.329778 0.741375 -1.139658 1.749914 0.254164 -6.329517 0.784271 0.252541 -0.509141 0.810074 0.252112 5.454833 0.610531 -0.211153 16.278438 0.151801 -0.446576 -5.796871 0.357495 -1.405967 10.452450 8.854698 -10.679426 -16.059205 70.631560 20.281025 44.706957 13.320291 0.156799 13.563901 -6.231424 1.151948 5.614382 -8.268694 11.305975 -9.426039 -71.208274 -33.365698 53.230524 -21.989042 -6.262923 12.457240 7.856185 -6.033206 0.175601 -0.419241 0.148965 0.729924 -0.322700 0.053437 -1.423966 0.526694 -0.004401 -0.680956 1.711440 5.009827 0.854691 1.918595 -2.770955 1.959692 0.433936 0.460758 -4.257163 -1.503292 -0.001538 -0.418610 0.420889
0.089116 0.958913 4.283938 7.185205 1.732085 -1.356129 0.732388 -1.164949 1.762517 0.249721 -6.340763 0.789938 0.248120 -0.520386 0.815290 0.249214 5.446392 0.614452 -0.159241 16.336737 0.167691 -0.355535 -5.688778 0.368229 -1.420346 10.502403 8.795401 -11.053007 -15.965139 70.780007 20.338984 45.417654 13.404725 0.104263 13.597297 -6.062206 1.158719 5.635775 -8.234535 11.264342 -9.562458 -71.144027 -34.182073 52.716647 -22.313237 -6.150962 12.501760 8.369163 -6.129092 0.194745 -0.424281 0.219433 0.816158 -0.318135 0.118604 -1.535970 0.543406 -0.004526 -0.683497 1.719236 4.800461 0.933039 1.933907 -2.625875 1.967558 0.415628 0.561762 -4.358175 -1.486353 -0.001501 -0.402535 0.427343
0.089567 0.958836 4.284888 7.120955 1.732084 -1.372912 0.724259 -1.175675 1.771866 0.245748 -6.345541 0.794120 0.244168 -0.525162 0.819069 0.246548 5.442803 0.617293 -0.111676 16.358841 0.184505 -0.273096 -5.647865 0.382431 -1.436387 10.548430 8.727567 -11.398171 -15.870010 70.919751 20.433438 46.038533 13.505994 0.111096 13.615762 -5.976735 1.173687 5.661697 -8.198551 11.273223 -9.698680 -71.097839 -35.090294 52.389325 -22.699938 -6.016460 12.578934 8.821070 -6.330828 0.193252 -0.446908 0.387169 0.923467 -0.302537 0.220955 -1.644569 0.555783 -0.004462 -0.680857 1.725874 4.591024 1.008580 1.943352 -2.411218 1.978944 0.386635 0.619704 -4.444877 -1.469539 -0.001522 -0.396010 0.440449
0.089959 0.958784 4.285734 7.037265 1.741637 -1.394877 0.716780 -1.188083 1.779963 0.242124 -6.351066 0.797748 0.240563 -0.530686 0.822329 0.244104 5.438654 0.619743 -0.068697 16.373828 0.201753 -0.199365 -5.620143 0.399116 -1.453733 10.591449 8.669814 -11.665226 -15.773244 71.028500 20.510134 46.576320 13.590681 0.119203 13.629566 -5.946460 1.173218 5.691546 -8.159414 11.305820 -9.806906 -71.046814 -35.970493 52.101092 -23.088688 -5.873472 12.643107 9.251651 -6.499210 0.170811 -0.457946 0.538461 1.034446 -0.290372 0.324783 -1.739216 0.565804 -0.004349 -0.679661 1.732242 4.457732 1.067347 1.959918 -2.238766 1.988283 0.357747 0.662596 -4.525387 -1.455236 -0.001541 -0.389314 0.453444
0.090263 0.958760 4.286477 6.930947 1.767490 -1.428964 0.711390 -1.207781 1.787588 0.239474 -6.359825 0.801185 0.237926 -0.539443 0.825497 0.242382 5.432081 0.622123 -0.032219 16.388326 0.220180 -0.138126 -5.593301 0.420317 -1.470349 10.635049 8.630996 -11.808941 -15.667090 71.086307 20.544486 47.000394 13.639167 0.108045 13.639082 -5.992093 1.143208 5.728266 -8.114984 11.358561 -9.872359 -70.982983 -36.798363 51.794154 -23.457408 -5.713367 12.675516 9.691208 -6.579428 0.116595 -0.442586 0.630942 1.158017 -0.290302 0.419361 -1.819124 0.573283 -0.004216 -0.682855 1.740538 4.459294 1.107076 1.992391 -2.165463 1.982894 0.330492 0.691864 -4.597319 -1.444946 -0.001540 -0.379140 0.465480
0.090509 0.958760 4.287115 6.805163 1.802829 -1.468313 0.706643 -1.229158 1.794000 0.237169 -6.369330 0.804085 0.235630 -0.548947 0.828163 0.240879 5.424948 0.624125 -0.000327 16.395717 0.239027 -0.085583 -5.579637 0.443953 -1.488244 10.675686 8.602233 -11.874856 -15.560455 71.113533 20.559474 47.341355 13.670594 0.097519 13.643206 -6.092961 1.097790 5.769044 -8.067516 11.435080 -9.909684 -70.914460 -37.601694 51.527572 -23.831435 -5.544011 12.693445 10.109825 -6.626365 0.041598 -0.415392 0.706905 1.285315 -0.293643 0.515439 -1.885067 0.578458 -0.004032 -0.687493 1.748563 4.537032 1.129923 2.032263 -2.134341 1.975498 0.303582 0.706101 -4.663033 -1.437100 -0.001536 -0.368795 0.477405
0.090719 0.958758 4.287673 6.677167 1.841792 -1.506974 0.697999 -1.251628 1.798951 0.233199 -6.379340 0.806323 0.231680 -0.558955 0.829997 0.238072 5.417436 0.625499 0.032493 16.405190 0.255554 -0.030481 -5.562119 0.462953 -1.513064 10.703636 8.575588 -11.949507 -15.477828 71.148241 20.571577 47.697887 13.708502 0.091067 13.650769 -6.158016 1.055652 5.804593 -8.022232 11.519201 -9.935192 -70.842304 -38.334682 51.331376 -24.216788 -5.405627 12.705082 10.457458 -6.665312 -0.021566 -0.391365 0.779577 1.372347 -0.288682 0.609523 -1.928826 0.584120 -0.003849 -0.691365 1.750607 4.591081 1.128754 2.066852 -2.086299 1.998606 0.283656 0.729091 -4.737786 -1.429587 -0.001517 -0.358472 0.484989
0.090904 0.958749 4.288146 6.553391 1.883602 -1.544536 0.682013 -1.276373 1.803120 0.226011 -6.390391 0.808194 0.224532 -0.570003 0.831139 0.232813 5.409140 0.626346 0.069603 16.423234 0.268187 0.033996 -5.528711 0.473189 -1.553413 10.710964 8.545912 -12.073651 -15.432528 71.208696 20.587949 48.138592 13.771290 0.091332 13.667029 -6.144764 1.024683 5.828325 -7.979839 11.619870 -9.947553 -70.759225 -39.020254 51.213603 -24.656076 -5.314021 12.705002 10.728301 -6.706532 -0.058907 -0.377192 0.848845 1.394779 -0.266282 0.706199 -1.940592 0.591848 -0.003708 -0.695410 1.742215 4.593222 1.089638 2.091070 -1.995426 2.080875 0.276761 0.756557 -4.833482 -1.422084 -0.001480 -0.349053 0.485865
0.091053 0.958739 4.288539 6.427398 1.929040 -1.581433 0.662126 -1.302210 1.805858 0.217157 -6.401945 0.809415 0.215728 -0.581555 0.831461 0.226249 5.400464 0.626575 0.107645 16.443343 0.278471 0.101034 -5.491467 0.478746 -1.600663 10.705598 8.518477 -12.206714 -15.410952 71.276818 20.602547 48.594940 13.841346 0.096074 13.687261 -6.095687 0.996972 5.846812 -7.939561 11.728148 -9.948090 -70.672569 -39.642910 51.166402 -25.114849 -5.253387 12.696652 10.928366 -6.739705 -0.084478 -0.366343 0.914797 1.376985 -0.235414 0.800891 -1.930141 0.600208 -0.003571 -0.698690 1.727841 4.571587 1.026577 2.110261 -1.887595 2.193641 0.276840 0.792797 -4.938213 -1.414959 -0.001430 -0.339656 0.482400
0.091155 0.958719 4.288885 6.297157 1.974636 -1.612942 0.644129 -1.325023 1.804900 0.209288 -6.412156 0.808980 0.207904 -0.591763 0.830228 0.220298 5.392798 0.625632 0.142066 16.455209 0.288363 0.161448 -5.469513 0.484885 -1.634637 10.701626 8.500968 -12.313098 -15.397088 71.336074 20.611622 48.959861 13.887931 0.101526 13.705642 -6.047177 0.967497 5.870418 -7.904362 11.800965 -9.957167 -70.605217 -40.101056 51.198019 -25.485868 -5.217016 12.701003 11.025185 -6.759183 -0.107764 -0.354084 0.991009 1.347993 -0.211515 0.876364 -1.918641 0.607476 -0.003372 -0.696176 1.715143 4.510851 0.974507 2.127430 -1.781430 2.283431 0.272165 0.874462 -5.031526 -1.407249 -0.001366 -0.327838 0.477477
0.091199 0.958680 4.289197 6.162335 2.017628 -1.637231 0.629745 -1.341835 1.798978 0.203213 -6.419696 0.806323 0.201864 -0.599300 0.826954 0.215523 5.387138 0.623155 0.170187 16.452579 0.298860 0.209912 -5.474460 0.494401 -1.644593 10.702806 8.496961 -12.382028 -15.385342 71.382343 20.611663 49.192383 13.895653 0.106820 13.722137 -6.003217 0.930939 5.900619 -7.872939 11.819468 -9.977457 -70.564147 -40.365752 51.323569 -25.740804 -5.213595 12.728529 10.995842 -6.765382 -0.126649 -0.337201 1.087821 1.310692 -0.202805 0.923631 -1.912327 0.613907 -0.003051 -0.683727 1.706837 4.390186 0.943151 2.143603 -1.687908 2.339965 0.258038 1.034274 -5.109071 -1.398816 -0.001290 -0.313613 0.471443
0.091197 0.958631 4.289464 6.023280 2.060813 -1.656136 0.617256 -1.355664 1.789323 0.198127 -6.425910 0.801996 0.196808 -0.605512 0.822110 0.211363 5.382475 0.619498 0.194681 16.441713 0.309024 0.251749 -5.494694 0.504585 -1.641282 10.705472 8.502866 -12.424312 -15.381583 71.419988 20.605193 49.333322 13.879987 0.112690 13.736705 -5.959804 0.892646 5.935907 -7.846644 11.802472 -10.006408 -70.542206 -40.468883 51.530860 -25.912056 -5.236138 12.767808 10.863201 -6.757871 -0.143264 -0.318974 1.194899 1.262173 -0.201104 0.951677 -1.904973 0.619262 -0.002669 -0.665484 1.700207 4.230460 0.922829 2.157815 -1.596090 2.373479 0.239051 1.239526 -5.175201 -1.389919 -0.001202 -0.296966 0.463950
0.091176 0.958586 4.289689 5.878989 2.109071 -1.670441 0.607299 -1.371393 1.777412 0.194267 -6.432962 0.796669 0.192971 -0.612563 0.816392 0.208051 5.377185 0.615183 0.219024 16.431072 0.317906 0.293764 -5.514508 0.512436 -1.636771 10.712617 8.515531 -12.436627 -15.387211 71.445173 20.596756 49.398242 13.856198 0.117629 13.743291 -5.941337 0.863604 5.982085 -7.832494 11.763362 -10.056613 -70.540943 -40.397757 51.788281 -25.981425 -5.254459 12.807181 10.663137 -6.729750 -0.173465 -0.304337 1.294837 1.222738 -0.197285 0.970235 -1.899063 0.621022 -0.002344 -0.648841 1.694764 4.078937 0.919350 2.169855 -1.491750 2.361298 0.217493 1.428702 -5.222534 -1.380074 -0.001098 -0.275398 0.456834
0.091158 0.958551 4.289861 5.721488 2.168864 -1.678828 0.603403 -1.395408 1.763082 0.193232 -6.443678 0.790293 0.191939 -0.623278 0.809911 0.206788 5.369150 0.610294 0.244800 16.429675 0.326779 0.338470 -5.517157 0.519760 -1.633457 10.730025 8.536576 -12.405360 -15.403358 71.450222 20.572595 49.364911 13.819421 0.120122 13.735333 -5.967417 0.853654 6.042515 -7.836336 11.691109 -10.140196 -70.559759 -40.101393 52.094058 -25.922191 -5.262976 12.844886 10.396186 -6.665427 -0.229936 -0.296298 1.380466 1.200670 -0.188865 0.977438 -1.896000 0.618413 -0.002101 -0.635108 1.691101 3.935366 0.939841 2.175656 -1.347458 2.278671 0.195263 1.582400 -5.242390 -1.367682 -0.000993 -0.249476 0.466471
0.091121 0.958519 4.289991 5.558759 2.233766 -1.682695 0.602036 -1.421348 1.746523 0.193418 -6.455244 0.782932 0.192121 -0.634844 0.802568 0.206370 5.360480 0.604757 0.270426 16.428497 0.334348 0.383360 -5.519397 0.524714 -1.628929 10.751974 8.564328 -12.344125 -15.429022 71.442885 20.546589 49.255554 13.774977 0.121911 13.719304 -6.018358 0.852931 6.113665 -7.852413 11.596593 -10.245244 -70.598743 -39.623679 52.448246 -25.755144 -5.268516 12.883837 10.061572 -6.580506 -0.300036 -0.291892 1.458955 1.187684 -0.178292 0.975157 -1.894382 0.612198 -0.001913 -0.622976 1.688623 3.799992 0.977073 2.179017 -1.190570 2.150379 0.170668 1.719994 -5.243461 -1.354084 -0.000873 -0.218631 0.476482
0.091034 0.958495 4.290116 5.413722 2.289303 -1.686822 0.593235 -1.434961 1.729713 0.190269 -6.461359 0.775412 0.188990 -0.640959 0.794729 0.203420 5.355894 0.598846 0.294624 16.408916 0.335833 0.427708 -5.555806 0.518864 -1.628049 10.764166 8.590739 -12.290458 -15.462353 71.442451 20.564568 49.152454 13.753079 0.126241 13.708711 -6.059658 0.842854 6.191011 -7.870373 11.526108 -10.348357 -70.660739 -39.094532 52.822252 -25.533093 -5.258635 12.919303 9.692955 -6.514901 -0.361645 -0.286993 1.534396 1.179219 -0.163798 0.978735 -1.892470 0.602170 -0.001824 -0.615913 1.685050 3.720858 1.015391 2.191465 -1.089022 2.028065 0.140724 1.838135 -5.244421 -1.343194 -0.000685 -0.178672 0.439573
0.090877 0.958484 4.290242 5.295658 2.332531 -1.692809 0.571354 -1.430200 1.713036 0.181240 -6.459355 0.767877 0.180020 -0.638952 0.786278 0.196033 5.357391 0.592471 0.318497 16.360888 0.328295 0.474632 -5.645029 0.496324 -1.638121 10.755811 8.610121 -12.263023 -15.504566 71.462747 20.647016 49.098919 13.767574 0.134813 13.711220 -6.074188 0.819132 6.270730 -7.885060 11.511833 -10.443945 -70.756357 -38.544682 53.224202 -25.263963 -5.220221 12.948385 9.280960 -6.490162 -0.409418 -0.281851 1.605399 1.173423 -0.140184 1.003100 -1.887414 0.587122 -0.001893 -0.617518 1.678032 3.737945 1.050362 2.221647 -1.087734 1.921344 0.097987 1.931583 -5.249371 -1.335562 -0.000383 -0.118554 0.308054
0.090670 0.958481 4.290363 5.195293 2.366396 -1.698931 0.542037 -1.413102 1.696012 0.168882 -6.451895 0.760144 0.167742 -0.631488 0.777290 0.186118 5.362978 0.585691 0.340930 16.294403 0.314820 0.521027 -5.768508 0.463199 -1.651843 10.737695 8.628300 -12.243208 -15.554371 71.490052 20.773311 49.051493 13.804620 0.145769 13.719176 -6.079088 0.786044 6.356660 -7.901691 11.521496 -10.537818 -70.875338 -37.937276 53.644492 -24.933643 -5.166850 12.975210 8.834551 -6.484736 -0.448687 -0.276145 1.673355 1.172162 -0.112645 1.033320 -1.882050 0.568263 -0.002058 -0.624190 1.669919 3.811319 1.086437 2.260883 -1.141734 1.820520 0.050057 2.005586 -5.254203 -1.330680 -0.000119 -0.049344 0.129609
0.090443 0.958471 4.290488 5.107713 2.385241 -1.704889 0.512261 -1.387528 1.679279 0.156280 -6.440666 0.752528 0.155224 -0.620255 0.768394 0.176024 5.371391 0.578982 0.357313 16.220890 0.299697 0.556823 -5.905013 0.429099 -1.652160 10.727856 8.654439 -12.212607 -15.606232 71.502275 20.927076 48.962330 13.852272 0.156826 13.723139 -6.091309 0.737852 6.455805 -7.925502 11.504740 -10.623681 -70.989264 -37.306600 54.029440 -24.567565 -5.125223 13.004202 8.415131 -6.473882 -0.473339 -0.264872 1.746539 1.176445 -0.095017 1.039959 -1.883189 0.549003 -0.002189 -0.628596 1.665476 3.869142 1.121398 2.294814 -1.184226 1.748348 0.016400 2.072533 -5.265261 -1.330980 -0.000000 0.000000 0.000000
0.090196 0.958451 4.290618 5.033759 2.384453 -1.713581 0.482740 -1.350949 1.664422 0.143676 -6.424540 0.745739 0.142703 -0.604126 0.760325 0.165987 5.383477 0.572899 0.365567 16.134528 0.282952 0.578131 -6.065361 0.394807 -1.625692 10.736996 8.698043 -12.155466 -15.663511 71.482400 21.106940 48.790274 13.902957 0.167572 13.718903 -6.113165 0.662336 6.578949 -7.961377 11.428241 -10.698249 -71.087045 -36.632659 54.332772 -24.137980 -5.103025 13.038980 8.042093 -6.455594 -0.479099 -0.240987 1.844217 1.188363 -0.095106 1.000397 -1.893223 0.530282 -0.002216 -0.627585 1.667384 3.875038 1.153646 2.321879 -1.185998 1.718491 0.003976 2.139572 -5.285902 -1.337593 0.000028 0.013228 -0.032564
0.089929 0.958425 4.290752 4.972600 2.368647 -1.722033 0.452775 -1.305877 1.649796 0.130837 -6.404639 0.739043 0.129949 -0.584222 0.752326 0.155777 5.398394 0.566871 0.367778 16.041146 0.264627 0.588829 -6.238740 0.359687 -1.585748 10.754399 8.749464 -12.087476 -15.722946 71.447239 21.313035 48.576395 13.962867 0.178481 13.710724 -6.142347 0.571615 6.715240 -8.004584 11.325094 -10.764904 -71.179195 -35.937698 54.599005 -23.675770 -5.091720 13.075171 7.696456 -6.431874 -0.470232 -0.211596 1.947115 1.205869 -0.105077 0.937263 -1.909790 0.511167 -0.002210 -0.624307 1.672964 3.865344 1.184790 2.343662 -1.176359 1.717395 0.005609 2.199575 -5.312739 -1.349438 0.000016 0.006613 -0.016282
0.089673 0.958394 4.290904 4.916809 2.346032 -1.721148 0.427212 -1.263750 1.631226 0.120133 -6.386035 0.730606 0.119317 -0.565615 0.742803 0.147042 5.412341 0.559697 0.365580 15.969691 0.248880 0.590452 -6.371402 0.330985 -1.555373 10.765980 8.789098 -12.037377 -15.769151 71.425476 21.531482 48.396248 14.040979 0.188692 13.701916 -6.188879 0.496526 6.839269 -8.045789 11.244770 -10.827182 -71.269942 -35.321676 54.913806 -23.296065 -5.093431 13.104124 7.382251 -6.383996 -0.453449 -0.192943 2.005700 1.223710 -0.115338 0.888997 -1.932586 0.492253 -0.002259 -0.620882 1.678947 3.877255 1.217450 2.350541 -1.176347 1.727073 0.019459 2.243516 -5.341997 -1.365622 -0.000000 0.000000 0.000000
0.089448 0.958353 4.291082 4.864475 2.316519 -1.704562 0.408099 -1.226612 1.606218 0.112589 -6.369632 0.719319 0.111824 -0.549211 0.730750 0.140469 5.424641 0.550619 0.358661 15.929307 0.236473 0.582084 -6.446371 0.310282 -1.545117 10.766784 8.807001 -12.021926 -15.795118 71.434398 21.769820 48.277593 14.144530 0.197000 13.692166 -6.271745 0.447402 6.943423 -8.083321 11.205418 -10.890866 -71.358713 -34.824579 55.320057 -23.051893 -5.111890 13.116805 7.108329 -6.289540 -0.428536 -0.194750 1.979333 1.240884 -0.123108 0.875824 -1.963328 0.474096 -0.002457 -0.619696 1.684712 3.937587 1.254888 2.331596 -1.199334 1.742456 0.052975 2.260070 -5.373149 -1.387769 -0.000000 0.000000 0.000000
0.089234 0.958307 4.291276 4.817491 2.280227 -1.678627 0.393374 -1.192437 1.577298 0.107175 -6.354536 0.706303 0.106447 -0.534113 0.717184 0.135369 5.435966 0.540402 0.347335 15.910884 0.226466 0.564624 -6.480568 0.295702 -1.544516 10.761721 8.813191 -12.024384 -15.807801 71.456791 22.021100 48.192460 14.266994 0.204722 13.681962 -6.371963 0.413983 7.035366 -8.118604 11.189144 -10.949888 -71.446759 -34.407080 55.778686 -22.889563 -5.143170 13.121637 6.865969 -6.170943 -0.395645 -0.207190 1.908653 1.258313 -0.131197 0.877528 -2.000284 0.456127 -0.002712 -0.618362 1.690880 4.019498 1.293872 2.297864 -1.231921 1.768614 0.098713 2.260572 -5.406742 -1.414243 -0.000000 0.000000 0.000000
0.088993 0.958265 4.291479 4.774141 2.245668 -1.653346 0.381719 -1.166562 1.547868 0.103176 -6.343116 0.693079 0.102476 -0.522693 0.703554 0.131323 5.444534 0.530136 0.334178 15.916001 0.220357 0.542340 -6.471058 0.289113 -1.545160 10.751520 8.818073 -12.023255 -15.812815 71.469710 22.250459 48.132885 14.397521 0.214610 13.675654 -6.442629 0.396321 7.112665 -8.146786 11.191521 -10.989904 -71.541556 -34.049006 56.254309 -22.762334 -5.178099 13.136137 6.632754 -6.076751 -0.362109 -0.217260 1.866053 1.273595 -0.138422 0.871886 -2.037980 0.437240 -0.002825 -0.611844 1.696052 4.079700 1.327182 2.272598 -1.255000 1.802751 0.132530 2.269975 -5.440603 -1.439259 -0.000000 0.000000 0.000000
0.088694 0.958232 4.291687 4.729374 2.214970 -1.631738 0.374048 -1.151445 1.517276 0.101034 -6.336464 0.679361 0.100349 -0.516041 0.689619 0.128641 5.449528 0.519639 0.321248 15.953423 0.220601 0.518176 -6.401570 0.294351 -1.541898 10.736992 8.827252 -11.996515 -15.810758 71.460383 22.441761 48.086711 14.534947 0.229080 13.674803 -6.463690 0.398858 7.173590 -8.162253 11.211739 -11.003036 -71.648981 -33.755230 56.756676 -22.662228 -5.215477 13.172949 6.395756 -6.027837 -0.330065 -0.220422 1.885670 1.285502 -0.143596 0.851193 -2.074580 0.415913 -0.002706 -0.597405 1.699357 4.113360 1.351798 2.268033 -1.268559 1.845981 0.139786 2.298056 -5.473976 -1.460379 -0.000000 -0.000000 -0.000000
0.088367 0.958203 4.291902 4.688246 2.185999 -1.610793 0.369471 -1.144616 1.486211 0.100312 -6.333485 0.665451 0.099634 -0.513062 0.675635 0.127020 5.451769 0.509105 0.306528 16.014413 0.224629 0.489312 -6.288318 0.307311 -1.539902 10.717324 8.835130 -11.966166 -15.801082 71.441578 22.611576 48.066161 14.680715 0.245505 13.677605 -6.455235 0.417220 7.219901 -8.170465 11.250724 -10.997009 -71.763363 -33.523752 57.277192 -22.599711 -5.256287 13.219101 6.168056 -6.003325 -0.297446 -0.221320 1.933369 1.295308 -0.147905 0.823162 -2.111929 0.393677 -0.002442 -0.577780 1.701668 4.125321 1.370691 2.271856 -1.272666 1.897181 0.135087 2.335028 -5.507601 -1.480067 0.000000 0.000000 -0.000000
0.088073 0.958178 4.292124 4.664214 2.160859 -1.591498 0.363966 -1.144003 1.460086 0.098987 -6.333265 0.653755 0.098318 -0.512841 0.663805 0.125117 5.451939 0.500192 0.286446 16.074287 0.226456 0.451289 -6.177129 0.318073 -1.546234 10.690822 8.835298 -11.976765 -15.787734 71.428608 22.774413 48.099952 14.828216 0.258972 13.683222 -6.430569 0.438217 7.254393 -8.183216 11.306630 -10.980925 -71.874774 -33.324168 57.752236 -22.555841 -5.294203 13.253674 5.966131 -5.989120 -0.265362 -0.220799 1.979133 1.304384 -0.153721 0.788688 -2.150082 0.374016 -0.002103 -0.556142 1.704195 4.086822 1.385523 2.270366 -1.248328 1.950241 0.138143 2.376489 -5.541531 -1.499905 0.000000 0.000000 0.000000
0.087840 0.958155 4.292363 4.662888 2.139489 -1.572939 0.355778 -1.152330 1.440348 0.096222 -6.337016 0.644920 0.095570 -0.516592 0.654689 0.122354 5.449127 0.493319 0.260243 16.132728 0.224162 0.403400 -6.068588 0.323331 -1.568250 10.650049 8.820896 -12.063124 -15.766394 71.431739 22.951373 48.231563 14.994908 0.268252 13.693861 -6.377665 0.458742 7.275079 -8.207448 11.386410 -10.954600 -71.978698 -33.147712 58.171619 -22.531453 -5.326569 13.265257 5.795136 -5.987825 -0.230999 -0.220104 2.021102 1.310378 -0.163239 0.745264 -2.189469 0.358821 -0.001670 -0.531773 1.707741 3.958873 1.397681 2.253483 -1.168082 2.006746 0.161095 2.428306 -5.577147 -1.522061 -0.000000 -0.000000 0.000000
0.087639 0.958135 4.292608 4.678662 2.121929 -1.556054 0.346666 -1.166846 1.425552 0.092852 -6.343515 0.638299 0.092221 -0.523090 0.647726 0.119309 5.444254 0.488067 0.228642 16.190042 0.219677 0.346293 -5.962128 0.326410 -1.598549 10.602430 8.798775 -12.190365 -15.741325 71.440374 23.123285 48.417438 15.165254 0.274688 13.707289 -6.308529 0.481895 7.283970 -8.236170 11.483212 -10.918104 -72.079512 -33.007007 58.545995 -22.528983 -5.355089 13.264889 5.649874 -5.996832 -0.197186 -0.217990 2.061135 1.315642 -0.174271 0.695386 -2.229658 0.346216 -0.001160 -0.505390 1.711501 3.780471 1.405661 2.231209 -1.059341 2.065138 0.191811 2.484619 -5.613052 -1.544378 0.000000 -0.000000 0.000000
0.087443 0.958115 4.292821 4.708178 2.110425 -1.544611 0.337857 -1.177264 1.416764 0.089346 -6.348183 0.634359 0.088736 -0.527758 0.643430 0.116368 5.440752 0.484825 0.190258 16.222465 0.212879 0.277406 -5.901878 0.327552 -1.622081 10.568575 8.783073 -12.298570 -15.729409 71.438812 23.242547 48.556132 15.281520 0.277064 13.716125 -6.272545 0.503748 7.289869 -8.260334 11.574405 -10.880948 -72.180714 -32.903584 58.842739 -22.531762 -5.379630 13.265290 5.531261 -5.994224 -0.173474 -0.211516 2.074793 1.328555 -0.182584 0.647445 -2.269411 0.334039 -0.000702 -0.482310 1.714278 3.639845 1.406911 2.220046 -0.985425 2.114594 0.213621 2.523442 -5.645158 -1.561913 0.000000 -0.000000 0.000000
0.087240 0.958092 4.292985 4.749298 2.104694 -1.542296 0.330720 -1.177701 1.416241 0.086200 -6.348400 0.634108 0.085609 -0.527974 0.642859 0.113978 5.440586 0.484392 0.141870 16.215829 0.201432 0.191552 -5.914143 0.323602 -1.632045 10.561127 8.780247 -12.366166 -15.740530 71.418122 23.297621 48.599970 15.321155 0.274714 13.717208 -6.298994 0.524158 7.293557 -8.276799 11.663455 -10.845690 -72.289850 -32.840506 59.042369 -22.531811 -5.398016 13.273596 5.442144 -5.963560 -0.165355 -0.197293 2.043010 1.357778 -0.186351 0.607460 -2.309565 0.321739 -0.000358 -0.465520 1.714979 3.576910 1.402781 2.230489 -0.973876 2.148137 0.217604 2.534175 -5.671445 -1.571941 -0.000000 -0.000000 0.000000
0.087042 0.958069 4.293116 4.804165 2.105026 -1.545416 0.323874 -1.174043 1.421734 0.082914 -6.346788 0.636542 0.082342 -0.526362 0.644960 0.111689 5.441791 0.485972 0.086717 16.184283 0.187756 0.093874 -5.972644 0.317960 -1.635266 10.567446 8.783838 -12.414810 -15.764854 71.387571 23.298280 48.597105 15.304928 0.268199 13.713714 -6.358620 0.543239 7.294266 -8.288735 11.746806 -10.809625 -72.399401 -32.817197 59.164505 -22.539640 -5.411970 13.282464 5.379689 -5.921271 -0.167369 -0.178714 1.984849 1.394614 -0.187370 0.569412 -2.349281 0.309866 -0.000068 -0.452032 1.714697 3.551745 1.392023 2.252118 -0.997184 2.172716 0.212699 2.527400 -5.693964 -1.577145 -0.000000 -0.000000 -0.000000
0.086868 0.958047 4.293228 4.875843 2.114529 -1.546657 0.314414 -1.173652 1.427545 0.078461 -6.346636 0.639116 0.077917 -0.526210 0.647082 0.108534 5.441899 0.487567 0.033095 16.146557 0.178855 -0.002708 -6.042606 0.320699 -1.637184 10.570234 8.788603 -12.449475 -15.789728 71.359034 23.227408 48.590057 15.238622 0.257981 13.707795 -6.413049 0.557436 7.298458 -8.296569 11.791278 -10.774548 -72.490440 -32.829218 59.235066 -22.566023 -5.427408 13.282949 5.336299 -5.894743 -0.172621 -0.162989 1.933065 1.421401 -0.186826 0.523638 -2.384807 0.297905 0.000230 -0.438203 1.715515 3.532815 1.368302 2.270102 -1.036116 2.198398 0.209023 2.512895 -5.714750 -1.580663 0.000000 -0.000000 0.000000
0.086728 0.958029 4.293321 4.970241 2.136966 -1.543259 0.298566 -1.180582 1.432060 0.071249 -6.349760 0.641102 0.070748 -0.529332 0.648336 0.103257 5.439549 0.488503 -0.017506 16.106639 0.177703 -0.096504 -6.116603 0.336824 -1.638118 10.563465 8.794498 -12.466693 -15.811365 71.333170 23.060633 48.585142 15.110159 0.242259 13.697343 -6.454615 0.564772 7.311135 -8.299291 11.776085 -10.736007 -72.554866 -32.871991 59.239759 -22.609472 -5.446798 13.266490 5.317519 -5.898029 -0.179841 -0.152959 1.900612 1.430094 -0.184348 0.464732 -2.414636 0.284854 0.000565 -0.422375 1.718794 3.516343 1.326217 2.279075 -1.091956 2.227765 0.210258 2.490244 -5.733202 -1.582724 -0.000000 0.000000 -0.000000
0.086613 0.958013 4.293393 5.081454 2.168561 -1.537920 0.280105 -1.190784 1.436882 0.062874 -6.354346 0.643222 0.062423 -0.533917 0.649605 0.097115 5.436101 0.489449 -0.066584 16.060537 0.181298 -0.189240 -6.202043 0.361306 -1.637750 10.553159 8.801550 -12.469914 -15.833519 71.309265 22.822415 48.575579 14.931844 0.222831 13.684415 -6.490951 0.567226 7.327279 -8.297888 11.722047 -10.698707 -72.600846 -32.950492 59.192872 -22.671933 -5.467756 13.241651 5.317816 -5.917072 -0.190274 -0.145790 1.874546 1.428744 -0.180321 0.398096 -2.440277 0.271714 0.000909 -0.406205 1.723172 3.506111 1.271169 2.284317 -1.163415 2.258232 0.212712 2.459859 -5.749924 -1.583097 -0.000000 0.000000 0.000000
0.086511 0.958001 4.293451 5.194822 2.201094 -1.531532 0.267446 -1.199447 1.441139 0.057094 -6.358231 0.645102 0.056679 -0.537802 0.650899 0.092910 5.433181 0.490416 -0.110349 16.015020 0.187625 -0.273127 -6.286377 0.389025 -1.640560 10.540097 8.804613 -12.474477 -15.854881 71.297106 22.568634 48.584369 14.745728 0.205487 13.677530 -6.506668 0.567179 7.338317 -8.295778 11.658485 -10.678259 -72.633877 -33.074225 59.163121 -22.768994 -5.488963 13.225161 5.312970 -5.937082 -0.200755 -0.140163 1.848781 1.423846 -0.177045 0.330275 -2.462502 0.260975 0.001237 -0.391020 1.726651 3.481931 1.213062 2.287030 -1.227395 2.292126 0.215442 2.432766 -5.768757 -1.584242 0.000000 -0.000000 0.000000
0.086418 0.957998 4.293492 5.306156 2.231847 -1.523854 0.263487 -1.204815 1.443880 0.055235 -6.360626 0.646323 0.054830 -0.540196 0.651931 0.091606 5.431382 0.491190 -0.146076 15.972637 0.197157 -0.343250 -6.364882 0.419853 -1.649948 10.522242 8.799232 -12.489537 -15.877758 71.310341 22.297683 48.635725 14.552551 0.191936 13.682706 -6.489153 0.564960 7.339947 -8.293036 11.597885 -10.681646 -72.652490 -33.275665 59.189813 -22.934810 -5.511890 13.225353 5.288403 -5.950812 -0.210007 -0.135642 1.822958 1.416800 -0.176192 0.258659 -2.480446 0.254419 0.001551 -0.377201 1.728099 3.433213 1.157169 2.286532 -1.274304 2.326457 0.219348 2.413638 -5.789736 -1.588310 -0.000000 -0.000000 0.000000
0.086339 0.957999 4.293519 5.419647 2.263532 -1.515125 0.265329 -1.208640 1.446054 0.055971 -6.362318 0.647304 0.055562 -0.541888 0.652986 0.092238 5.430114 0.491985 -0.176506 15.930826 0.209380 -0.404532 -6.442307 0.453824 -1.662517 10.501653 8.789844 -12.505954 -15.899903 71.335319 22.010306 48.705174 14.350823 0.180525 13.694111 -6.451054 0.560243 7.336464 -8.289611 11.527820 -10.701893 -72.658200 -33.523099 59.233157 -23.136043 -5.535082 13.233812 5.258676 -5.965511 -0.219301 -0.132665 1.797435 1.406211 -0.176102 0.185853 -2.494967 0.250256 0.001848 -0.364367 1.728647 3.370555 1.098222 2.283575 -1.313731 2.364223 0.223531 2.397803 -5.812825 -1.593150 0.000000 -0.000000 -0.000000
0.086276 0.957993 4.293539 5.533198 2.296092 -1.506994 0.272688 -1.211382 1.449647 0.059094 -6.363509 0.648932 0.058665 -0.543080 0.654932 0.094718 5.429222 0.493453 -0.206047 15.888699 0.220811 -0.463913 -6.520306 0.486049 -1.672553 10.485252 8.784657 -12.511622 -15.913151 71.340903 21.766534 48.743401 14.179798 0.171933 13.702463 -6.414896 0.554434 7.332208 -8.288735 11.440247 -10.733613 -72.660969 -33.728878 59.243627 -23.286230 -5.552728 13.242154 5.243250 -5.988140 -0.229292 -0.131225 1.767195 1.394378 -0.174059 0.126217 -2.509428 0.245622 0.002096 -0.352707 1.729690 3.305550 1.030309 2.281574 -1.351356 2.416735 0.224351 2.382259 -5.841752 -1.594766 0.000000 0.000000 0.000000
0.086226 0.957972 4.293552 5.648545 2.329985 -1.499891 0.287024 -1.213161 1.455134 0.065232 -6.364249 0.651426 0.064765 -0.543821 0.658049 0.099535 5.428671 0.495807 -0.237206 15.845129 0.230906 -0.525873 -6.600961 0.516430 -1.677534 10.477214 8.786782 -12.497527 -15.910934 71.311015 21.589986 48.720835 14.055737 0.167246 13.703187 -6.384237 0.543877 7.330058 -8.291674 11.321922 -10.777497 -72.663464 -33.851524 59.200405 -23.342378 -5.562822 13.249122 5.246648 -6.024702 -0.239008 -0.131860 1.728290 1.379291 -0.167951 0.088513 -2.524391 0.238728 0.002261 -0.342811 1.731742 3.228668 0.947615 2.283607 -1.380979 2.494577 0.216500 2.368525 -5.881565 -1.589996 0.000000 -0.000000 0.000000
0.086193 0.957944 4.293558 5.763952 2.364757 -1.493378 0.306880 -1.213868 1.462035 0.073758 -6.364493 0.654564 0.073239 -0.544066 0.662053 0.106202 5.428494 0.498831 -0.267474 15.801235 0.240180 -0.585921 -6.682204 0.545012 -1.679977 10.473331 8.793133 -12.472743 -15.899646 71.261788 21.458176 48.667571 13.963479 0.165370 13.700793 -6.355502 0.532223 7.327153 -8.297157 11.186083 -10.832859 -72.662991 -33.931615 59.124766 -23.346513 -5.567369 13.256044 5.264332 -6.069197 -0.249413 -0.134011 1.684668 1.362962 -0.159877 0.063981 -2.539289 0.231354 0.002379 -0.334089 1.734288 3.149432 0.855951 2.286601 -1.408818 2.587168 0.205287 2.355074 -5.927214 -1.581995 0.000000 -0.000000 -0.000000
0.086185 0.957918 4.293560 5.872112 2.398991 -1.487818 0.327598 -1.213623 1.470899 0.082580 -6.364308 0.658582 0.082006 -0.543882 0.666966 0.113158 5.428639 0.502541 -0.293721 15.759510 0.246770 -0.637524 -6.759447 0.567156 -1.681727 10.467926 8.802617 -12.452254 -15.890572 71.210362 21.362396 48.624148 13.895452 0.163594 13.699505 -6.340513 0.531832 7.319241 -8.304639 11.064417 -10.892226 -72.661505 -34.003538 59.030702 -23.338682 -5.566532 13.258476 5.302181 -6.110581 -0.264067 -0.136039 1.643159 1.353718 -0.153433 0.040696 -2.555786 0.225992 0.002522 -0.324963 1.737174 3.108021 0.766854 2.284611 -1.459155 2.674073 0.202990 2.334346 -5.967285 -1.576234 -0.000000 -0.000000 -0.000000
0.086208 0.957896 4.293548 5.970150 2.432329 -1.483967 0.348282 -1.211276 1.482743 0.091253 -6.363184 0.663929 0.090626 -0.542759 0.673194 0.120105 5.429487 0.507242 -0.315620 15.717847 0.249617 -0.679680 -6.836628 0.580772 -1.682136 10.458109 8.816316 -12.437848 -15.889763 71.158596 21.303230 48.613855 13.853337 0.160652 13.701484 -6.348891 0.552349 7.302616 -8.314993 10.963630 -10.958343 -72.660043 -34.064884 58.916567 -23.319293 -5.559313 13.253772 5.364559 -6.139098 -0.286768 -0.136422 1.602599 1.357706 -0.150294 0.012294 -2.575681 0.223450 0.002729 -0.314251 1.740584 3.127630 0.680140 2.274566 -1.548959 2.753608 0.216473 2.303337 -5.998855 -1.575192 0.000000 0.000000 -0.000000
0.086256 0.957876 4.293533 6.060938 2.465138 -1.481086 0.369833 -1.207988 1.496557 0.100224 -6.361636 0.670159 0.099541 -0.541212 0.680334 0.127343 5.430653 0.512630 -0.333487 15.678375 0.249790 -0.713349 -6.909788 0.587939 -1.681844 10.446747 8.833131 -12.427727 -15.891180 71.104607 21.279729 48.613598 13.834898 0.157697 13.704532 -6.371041 0.584128 7.281032 -8.327434 10.877036 -11.028464 -72.657694 -34.118098 58.783962 -23.288076 -5.546915 13.244631 5.447108 -6.164506 -0.313722 -0.136710 1.564153 1.368784 -0.148785 -0.014863 -2.597171 0.222927 0.002962 -0.303135 1.744333 3.185073 0.596040 2.259302 -1.661215 2.827473 0.238838 2.265058 -6.024853 -1.576382 0.000000 -0.000000 -0.000000
0.086332 0.957864 4.293553 6.145793 2.497089 -1.477307 0.390282 -1.207343 1.509846 0.108736 -6.361265 0.676154 0.108000 -0.540843 0.687193 0.134219 5.430936 0.517806 -0.345167 15.649959 0.248657 -0.734935 -6.962472 0.590332 -1.684642 10.436831 8.848694 -12.431430 -15.888146 71.059916 21.280635 48.594256 13.826430 0.155693 13.706331 -6.389953 0.610601 7.261402 -8.338895 10.816239 -11.086880 -72.653511 -34.204410 58.651601 -23.283713 -5.532760 13.234640 5.542616 -6.205024 -0.337104 -0.139845 1.538146 1.376843 -0.147488 -0.033616 -2.616526 0.224499 0.003182 -0.293588 1.747712 3.250949 0.526700 2.241769 -1.769226 2.880294 0.261752 2.220975 -6.042640 -1.577824 0.000000 0.000000 -0.000000
0.086442 0.957863 4.293624 6.225213 2.528022 -1.471934 0.410073 -1.210433 1.522062 0.117013 -6.362556 0.681672 0.116226 -0.542136 0.693551 0.140883 5.429973 0.522603 -0.349394 15.635733 0.245627 -0.741819 -6.988881 0.586347 -1.692512 10.430290 8.861107 -12.459329 -15.877421 71.029189 21.309134 48.537710 13.824040 0.155423 13.706109 -6.397135 0.621694 7.247006 -8.349105 10.790887 -11.128025 -72.648603 -34.340958 58.519975 -23.316786 -5.515692 13.224350 5.658603 -6.275140 -0.353091 -0.147834 1.533448 1.376497 -0.145126 -0.038606 -2.631268 0.228483 0.003391 -0.285922 1.750317 3.322920 0.477905 2.221877 -1.865047 2.903742 0.284242 2.165057 -6.050082 -1.579418 -0.000000 -0.000000 0.000000
0.086580 0.957869 4.293730 6.298701 2.558093 -1.465676 0.428759 -1.216155 1.533740 0.124831 -6.365021 0.686951 0.123995 -0.544602 0.699624 0.147183 5.428129 0.527184 -0.347440 15.632584 0.241354 -0.736629 -6.994783 0.577685 -1.703477 10.425208 8.872290 -12.501037 -15.862366 71.007811 21.361995 48.462124 13.831460 0.156163 13.704649 -6.401073 0.627486 7.234529 -8.358274 10.791323 -11.157473 -72.641812 -34.509909 58.388362 -23.376175 -5.497024 13.213270 5.787539 -6.360368 -0.365511 -0.158607 1.541187 1.373129 -0.142984 -0.035192 -2.643876 0.234555 0.003586 -0.279826 1.752551 3.403316 0.443895 2.199833 -1.956647 2.906138 0.307326 2.103333 -6.049311 -1.581279 0.000000 0.000000 0.000000
0.086721 0.957875 4.293862 6.366076 2.587443 -1.458766 0.443038 -1.224789 1.544007 0.130761 -6.368795 0.691592 0.129887 -0.548378 0.704867 0.152013 5.425301 0.531138 -0.340956 15.639990 0.239094 -0.723650 -6.981101 0.571031 -1.715399 10.418826 8.883607 -12.534934 -15.846237 70.993387 21.418435 48.392755 13.846552 0.156686 13.701982 -6.410207 0.641641 7.220956 -8.364002 10.800171 -11.176246 -72.628708 -34.699806 58.273632 -23.467736 -5.483582 13.203383 5.899643 -6.435463 -0.378012 -0.168987 1.545074 1.372790 -0.143479 -0.032279 -2.658052 0.241840 0.003716 -0.276332 1.754925 3.469739 0.419452 2.179191 -2.041214 2.897074 0.325690 2.055364 -6.044076 -1.581762 -0.000000 -0.000000 0.000000
0.086855 0.957878 4.294020 6.427206 2.616713 -1.450453 0.450872 -1.238757 1.551964 0.133945 -6.374965 0.695191 0.133049 -0.554548 0.708789 0.154696 5.420675 0.534092 -0.327777 15.665577 0.241311 -0.699699 -6.933667 0.570135 -1.729082 10.407619 8.896137 -12.553761 -15.827109 70.985070 21.471136 48.337573 13.870476 0.156184 13.696802 -6.431553 0.674156 7.202243 -8.364117 10.815851 -11.179973 -72.603770 -34.926857 58.181938 -23.613028 -5.478811 13.194572 5.983100 -6.491521 -0.391773 -0.177938 1.540037 1.376635 -0.148475 -0.033747 -2.674806 0.250274 0.003746 -0.276354 1.757683 3.511669 0.403863 2.161129 -2.118950 2.877176 0.336286 2.032327 -6.033863 -1.580008 -0.000000 0.000000 -0.000000
0.086993 0.957880 4.294204 6.482223 2.645262 -1.441500 0.454296 -1.255624 1.558509 0.135239 -6.382440 0.698151 0.134334 -0.562024 0.711881 0.155907 5.415068 0.536419 -0.310063 15.701711 0.245605 -0.667978 -6.866668 0.571380 -1.743727 10.395122 8.908793 -12.564754 -15.806918 70.983671 21.527407 48.288590 13.902084 0.155474 13.690448 -6.458102 0.715035 7.182421 -8.360794 10.839904 -11.173074 -72.572418 -35.174715 58.106819 -23.790376 -5.478994 13.186898 6.049732 -6.537444 -0.405613 -0.186520 1.531145 1.383511 -0.156103 -0.035720 -2.693126 0.259923 0.003710 -0.278978 1.760581 3.539617 0.397804 2.144577 -2.189659 2.845826 0.342183 2.023046 -6.019183 -1.576878 0.000000 -0.000000 -0.000000
0.087142 0.957881 4.294402 6.531349 2.671314 -1.434415 0.456118 -1.268387 1.565480 0.135792 -6.388095 0.701292 0.134882 -0.567679 0.715079 0.156572 5.410826 0.538826 -0.295956 15.724973 0.247863 -0.642333 -6.823560 0.570260 -1.754781 10.389169 8.919692 -12.568025 -15.794675 70.989263 21.588477 48.247127 13.935870 0.155758 13.686906 -6.477254 0.747956 7.170596 -8.358154 10.859654 -11.169724 -72.546708 -35.383778 58.046671 -23.941281 -5.480048 13.182549 6.105213 -6.574698 -0.419631 -0.194741 1.517321 1.396006 -0.163176 -0.035467 -2.713680 0.270106 0.003657 -0.282501 1.763391 3.562736 0.398106 2.129702 -2.249923 2.810757 0.347232 2.013549 -6.005334 -1.573299 0.000000 0.000000 -0.000000
0.087311 0.957878 4.294615 6.574328 2.693302 -1.430426 0.456609 -1.273385 1.574237 0.135652 -6.390302 0.705217 0.134742 -0.569886 0.718989 0.156773 5.409169 0.541770 -0.287999 15.725147 0.245430 -0.626605 -6.823318 0.562814 -1.760169 10.394652 8.927705 -12.564920 -15.797702 71.004874 21.655952 48.218704 13.968922 0.157386 13.689130 -6.482705 0.765517 7.173223 -8.358588 10.875118 -11.176290 -72.530499 -35.545903 58.001264 -24.054208 -5.480954 13.183322 6.152842 -6.603973 -0.434234 -0.203124 1.497165 1.417950 -0.167833 -0.030525 -2.737735 0.280739 0.003586 -0.287176 1.765870 3.581379 0.406870 2.117112 -2.294699 2.771239 0.352083 1.997988 -5.993074 -1.569328 0.000000 -0.000000 -0.000000
0.087492 0.957872 4.294841 6.611410 2.712801 -1.428319 0.455497 -1.274278 1.583440 0.134769 -6.390688 0.709330 0.133863 -0.570272 0.723013 0.156426 5.408876 0.544800 -0.283648 15.712453 0.240896 -0.616926 -6.846959 0.552860 -1.761965 10.406693 8.933983 -12.554058 -15.808684 71.027443 21.728247 48.197818 14.004194 0.159999 13.694128 -6.480745 0.775112 7.183840 -8.359669 10.886316 -11.186348 -72.519986 -35.670092 57.971302 -24.141318 -5.482632 13.187363 6.189334 -6.624579 -0.449010 -0.211161 1.472082 1.445517 -0.171939 -0.023359 -2.764027 0.291901 0.003499 -0.292749 1.768262 3.595192 0.421978 2.106231 -2.329034 2.727997 0.356074 1.982211 -5.981643 -1.564911 0.000000 0.000000 -0.000000
0.087668 0.957865 4.295069 6.643581 2.732748 -1.426938 0.454780 -1.275035 1.590868 0.134136 -6.391016 0.712651 0.133234 -0.570600 0.726269 0.156206 5.408628 0.547253 -0.283428 15.694130 0.237979 -0.615575 -6.881010 0.547470 -1.761824 10.418472 8.940071 -12.531471 -15.814664 71.047915 21.801788 48.169261 14.044924 0.163724 13.696950 -6.477667 0.782618 7.192177 -8.358293 10.880605 -11.194854 -72.515776 -35.722814 57.957018 -24.179906 -5.483939 13.191365 6.210497 -6.635906 -0.462826 -0.217306 1.445197 1.469811 -0.177902 -0.018630 -2.789433 0.303164 0.003445 -0.296763 1.771061 3.612270 0.433954 2.095418 -2.364630 2.690949 0.361082 1.969793 -5.974050 -1.560805 -0.000000 -0.000000 -0.000000
0.087832 0.957855 4.295293 6.670753 2.754456 -1.426015 0.455649 -1.277128 1.595234 0.134343 -6.391936 0.714609 0.133439 -0.571520 0.728248 0.156515 5.407937 0.548743 -0.289333 15.671632 0.238846 -0.627058 -6.922740 0.551408 -1.760237 10.428653 8.947715 -12.487004 -15.809318 71.059700 21.874857 48.116441 14.092716 0.169066 13.694169 -6.475729 0.788019 7.195186 -8.351365 10.845006 -11.199939 -72.520394 -35.672647 57.959246 -24.145997 -5.484210 13.193020 6.212170 -6.629783 -0.475612 -0.219718 1.411750 1.487758 -0.188594 -0.019738 -2.812931 0.314637 0.003465 -0.297616 1.775054 3.637473 0.439165 2.083913 -2.407938 2.663482 0.368372 1.963015 -5.971364 -1.557600 -0.000000 0.000000 -0.000000
0.087990 0.957844 4.295519 6.693012 2.776613 -1.425822 0.456912 -1.279081 1.597824 0.134800 -6.392796 0.715774 0.133893 -0.572380 0.729459 0.156950 5.407292 0.549656 -0.299369 15.643499 0.241337 -0.646882 -6.974892 0.559935 -1.756711 10.438574 8.955166 -12.430818 -15.798973 71.069387 21.949115 48.055927 14.145823 0.175524 13.689213 -6.472690 0.791337 7.195905 -8.341986 10.792486 -11.203484 -72.531287 -35.551105 57.977180 -24.063632 -5.484085 13.194644 6.198523 -6.614382 -0.487442 -0.220252 1.376496 1.502432 -0.201133 -0.023283 -2.835541 0.326215 0.003519 -0.296909 1.779455 3.665944 0.441245 2.072459 -2.452504 2.642213 0.376687 1.959593 -5.972519 -1.554704 -0.000000 -0.000000 -0.000000
0.088147 0.957828 4.295750 6.711599 2.798227 -1.426009 0.456988 -1.280447 1.600285 0.134733 -6.393399 0.716876 0.133826 -0.572983 0.730555 0.156985 5.406839 0.550481 -0.308074 15.612595 0.242692 -0.663837 -7.032207 0.565884 -1.751422 10.445424 8.958715 -12.389421 -15.789661 71.087721 22.026088 48.022236 14.202552 0.181712 13.687424 -6.468095 0.798508 7.193202 -8.336352 10.749319 -11.206054 -72.541447 -35.418971 58.008663 -23.982035 -5.484391 13.199871 6.177865 -6.613610 -0.497392 -0.222887 1.356831 1.514161 -0.209287 -0.023724 -2.857201 0.337151 0.003540 -0.296986 1.782400 3.691209 0.441621 2.061663 -2.490675 2.626910 0.384134 1.956257 -5.977323 -1.551108 0.000000 0.000000 -0.000000
0.088304 0.957807 4.295985 6.727780 2.818878 -1.426490 0.453906 -1.280139 1.603899 0.133209 -6.393267 0.718484 0.132312 -0.572851 0.732008 0.155962 5.406936 0.551574 -0.313871 15.577933 0.240345 -0.674040 -7.096551 0.563895 -1.742925 10.444018 8.954754 -12.381396 -15.782606 71.123645 22.114482 48.043146 14.268420 0.187165 13.692503 -6.459697 0.816112 7.183533 -8.339546 10.724596 -11.208698 -72.545713 -35.298715 58.059249 -23.923248 -5.486126 13.213400 6.146696 -6.643515 -0.504286 -0.230331 1.364919 1.521291 -0.208446 -0.018073 -2.877208 0.346871 0.003493 -0.298771 1.782511 3.711187 0.438807 2.052354 -2.519527 2.620788 0.388801 1.950339 -5.987058 -1.545653 -0.000000 0.000000 0.000000
0.088459 0.957783 4.296224 6.740287 2.838985 -1.427356 0.449639 -1.279244 1.607386 0.131162 -6.392878 0.720030 0.130277 -0.572461 0.733346 0.154539 5.407224 0.552580 -0.318333 15.540502 0.236869 -0.681358 -7.166058 0.559333 -1.732672 10.439548 8.946883 -12.388154 -15.776576 71.168234 22.205800 48.090848 14.338279 0.192353 13.700738 -6.449725 0.837565 7.170450 -8.346499 10.709229 -11.210346 -72.549257 -35.167583 58.123420 -23.864888 -5.488288 13.230569 6.108537 -6.688052 -0.509302 -0.239843 1.388604 1.525469 -0.203235 -0.009314 -2.896269 0.355944 0.003412 -0.301341 1.781166 3.727960 0.434282 2.043704 -2.541980 2.620626 0.392589 1.944505 -6.000443 -1.539497 0.000000 0.000000 -0.000000
0.088611 0.957758 4.296479 6.746569 2.858814 -1.428522 0.448521 -1.280566 1.608538 0.130621 -6.393468 0.720544 0.129739 -0.573051 0.733805 0.154172 5.406781 0.552925 -0.320733 15.506130 0.237201 -0.686208 -7.229869 0.561098 -1.725191 10.444764 8.942206 -12.380443 -15.773949 71.205419 22.275630 48.116514 14.394290 0.197274 13.706364 -6.444444 0.849063 7.163451 -8.348163 10.702220 -11.208369 -72.560578 -35.018671 58.182523 -23.789669 -5.488680 13.240919 6.082217 -6.722983 -0.515042 -0.247230 1.408805 1.531971 -0.201275 -0.000868 -2.916443 0.365329 0.003326 -0.304262 1.780632 3.741298 0.433924 2.033846 -2.559152 2.616536 0.399311 1.943482 -6.013433 -1.535105 -0.000000 0.000000 0.000000
0.088763 0.957733 4.296749 6.743466 2.879899 -1.429828 0.453319 -1.285422 1.606204 0.132867 -6.395613 0.719520 0.131971 -0.575197 0.733010 0.155787 5.405175 0.552327 -0.320000 15.474384 0.243962 -0.687568 -7.288776 0.573692 -1.721972 10.466405 8.947232 -12.340998 -15.776401 71.222033 22.315818 48.089636 14.430904 0.202463 13.706244 -6.448438 0.841993 7.167317 -8.341425 10.708675 -11.202727 -72.587593 -34.833275 58.226328 -23.676024 -5.485412 13.236770 6.081229 -6.737568 -0.525052 -0.250432 1.419437 1.544226 -0.206756 0.005094 -2.939213 0.375674 0.003243 -0.307336 1.782314 3.747294 0.439609 2.020163 -2.568130 2.603419 0.412597 1.951802 -6.024163 -1.533906 -0.000000 0.000000 -0.000000
0.088912 0.957708 4.297033 6.734135 2.900705 -1.431442 0.461264 -1.292496 1.601530 0.136619 -6.398737 0.717463 0.135699 -0.578321 0.731333 0.158456 5.402837 0.551066 -0.317222 15.445695 0.254521 -0.686498 -7.341989 0.592601 -1.721510 10.497729 8.955464 -12.287091 -15.782272 71.231202 22.334405 48.040751 14.453481 0.207379 13.703534 -6.457132 0.824973 7.177266 -8.329383 10.723473 -11.193456 -72.622386 -34.630032 58.264824 -23.545461 -5.480403 13.225728 6.092037 -6.742546 -0.535785 -0.251521 1.426579 1.558810 -0.215486 0.010741 -2.963097 0.386332 0.003155 -0.310763 1.784807 3.749849 0.449454 2.005277 -2.571829 2.586376 0.428816 1.964934 -6.034499 -1.534476 0.000000 -0.000000 0.000000
0.089044 0.957686 4.297339 6.725506 2.916894 -1.433773 0.468394 -1.300649 1.595752 0.140058 -6.402345 0.714911 0.139116 -0.581930 0.729131 0.160853 5.400136 0.549408 -0.314904 15.427197 0.265931 -0.686530 -7.376267 0.613196 -1.723849 10.531269 8.954500 -12.241272 -15.788992 71.256315 22.331122 48.012628 14.460367 0.210400 13.701904 -6.463058 0.810042 7.188442 -8.312303 10.730282 -11.178039 -72.649698 -34.458197 58.309876 -23.445522 -5.477128 13.220278 6.092938 -6.745895 -0.539195 -0.252504 1.429399 1.570722 -0.222506 0.019165 -2.985707 0.396331 0.003068 -0.314712 1.786156 3.760442 0.463706 1.995179 -2.580107 2.570816 0.440897 1.974016 -6.046006 -1.535004 0.000000 0.000000 0.000000
0.089153 0.957672 4.297677 6.720714 2.926436 -1.437405 0.472885 -1.310298 1.588883 0.142376 -6.406629 0.711867 0.141420 -0.586215 0.726322 0.162368 5.396926 0.547293 -0.313276 15.423646 0.279213 -0.688435 -7.382762 0.637427 -1.730402 10.567349 8.937708 -12.212875 -15.798069 71.314690 22.291944 48.026302 14.439800 0.209417 13.702714 -6.465444 0.802791 7.199604 -8.288636 10.720066 -11.152940 -72.662933 -34.335858 58.366853 -23.395850 -5.476907 13.227281 6.073977 -6.752126 -0.530402 -0.254540 1.426868 1.576483 -0.224693 0.033514 -3.005051 0.405421 0.002970 -0.320177 1.784974 3.782807 0.483280 1.993141 -2.597977 2.558976 0.445428 1.977206 -6.059609 -1.535101 0.000000 -0.000000 -0.000000
0.089246 0.957660 4.298037 6.716623 2.931361 -1.441750 0.476562 -1.321026 1.580913 0.144383 -6.411397 0.708330 0.143413 -0.590983 0.722988 0.163611 5.393354 0.544781 -0.312097 15.430287 0.293355 -0.691414 -7.370319 0.663348 -1.739765 10.605646 8.911706 -12.192592 -15.808022 71.389047 22.230804 48.060695 14.403514 0.206540 13.704593 -6.465058 0.797625 7.211992 -8.259934 10.701875 -11.121705 -72.668701 -34.245165 58.430657 -23.377070 -5.478405 13.239924 6.045138 -6.756727 -0.514287 -0.256476 1.420018 1.579575 -0.225165 0.050645 -3.023122 0.413845 0.002873 -0.326164 1.782648 3.813222 0.507259 1.995901 -2.620426 2.548616 0.445828 1.976344 -6.074382 -1.535153 -0.000000 0.000000 -0.000000
0.089323 0.957647 4.298387 6.710748 2.933425 -1.445452 0.480928 -1.330446 1.573045 0.146687 -6.415581 0.704838 0.145702 -0.595168 0.719731 0.165080 5.390219 0.542327 -0.313150 15.439980 0.302364 -0.696634 -7.352229 0.680482 -1.747770 10.637721 8.883968 -12.174995 -15.811804 71.450906 22.189461 48.095466 14.385200 0.206477 13.707107 -6.456733 0.789796 7.224461 -8.231108 10.686506 -11.092459 -72.671544 -34.181517 58.497659 -23.378262 -5.481075 13.250224 6.014650 -6.754145 -0.497454 -0.256848 1.411108 1.585438 -0.228332 0.064210 -3.043517 0.421374 0.002823 -0.329862 1.781386 3.851985 0.533148 1.999649 -2.642273 2.538432 0.445267 1.968085 -6.089108 -1.534512 -0.000000 -0.000000 0.000000
0.089378 0.957630 4.298714 6.700157 2.932214 -1.448879 0.487290 -1.336575 1.565950 0.149834 -6.418295 0.701693 0.148829 -0.597883 0.716905 0.167209 5.388189 0.540201 -0.317845 15.452114 0.303689 -0.705791 -7.329643 0.684591 -1.751168 10.659204 8.855521 -12.157377 -15.805545 71.490676 22.185675 48.123438 14.401105 0.212331 13.710484 -6.433084 0.776726 7.235390 -8.202676 10.677491 -11.067003 -72.672215 -34.153448 58.570273 -23.405444 -5.485584 13.254883 5.982005 -6.737324 -0.482067 -0.253062 1.397933 1.597106 -0.237413 0.071811 -3.068040 0.427905 0.002876 -0.328847 1.782210 3.904562 0.561593 2.005275 -2.660678 2.526373 0.443325 1.946775 -6.102829 -1.532161 -0.000000 0.000000 -0.000000
0.089417 0.957610 4.299031 6.687783 2.928142 -1.451661 0.494342 -1.341396 1.558958 0.153279 -6.420425 0.698595 0.152252 -0.600014 0.714156 0.169566 5.386596 0.538132 -0.324769 15.467302 0.299878 -0.717184 -7.301409 0.679907 -1.753208 10.674465 8.825345 -12.142425 -15.793093 71.517959 22.201828 48.151821 14.435088 0.221032 13.714495 -6.401498 0.760993 7.246410 -8.174126 10.671299 -11.043532 -72.669957 -34.152766 58.646129 -23.452915 -5.491305 13.257192 5.947700 -6.713319 -0.465965 -0.247705 1.382691 1.611542 -0.249188 0.075844 -3.094885 0.433545 0.002976 -0.325543 1.784099 3.965488 0.591943 2.011911 -2.678482 2.514490 0.440414 1.918066 -6.116503 -1.529108 0.000000 0.000000 -0.000000
0.089465 0.957589 4.299350 6.679937 2.924208 -1.451339 0.499670 -1.348473 1.551265 0.155994 -6.423565 0.695181 0.154950 -0.603155 0.711018 0.171350 5.384245 0.535770 -0.331476 15.480247 0.292589 -0.726907 -7.277375 0.668668 -1.759461 10.688177 8.797849 -12.132772 -15.778963 71.533046 22.226734 48.181909 14.472383 0.228010 13.718036 -6.378979 0.745584 7.261253 -8.148832 10.668141 -11.024763 -72.667018 -34.149531 58.714393 -23.491923 -5.495703 13.259026 5.921454 -6.697745 -0.449253 -0.247078 1.374252 1.625081 -0.258408 0.077159 -3.122244 0.438391 0.003003 -0.324414 1.786196 4.018653 0.619769 2.013087 -2.699031 2.507629 0.440958 1.895580 -6.131784 -1.527750 -0.000000 0.000000 -0.000000
0.089536 0.957565 4.299681 6.680410 2.920378 -1.445514 0.502286 -1.359063 1.541792 0.157592 -6.428279 0.690968 0.156537 -0.607868 0.706968 0.172232 5.380713 0.532718 -0.338077 15.488076 0.281209 -0.734964 -7.262878 0.649794 -1.774876 10.701141 8.774482 -12.127437 -15.762719 71.532098 22.264888 48.218258 14.516083 0.231896 13.721366 -6.371680 0.731340 7.282270 -8.128350 10.668167 -11.012723 -72.663113 -34.134887 58.773513 -23.514671 -5.498022 13.260708 5.907306 -6.699042 -0.429878 -0.256205 1.378650 1.635563 -0.261684 0.074677 -3.150050 0.442097 0.002872 -0.328220 1.788275 4.054750 0.645652 2.004331 -2.725000 2.506887 0.447336 1.887735 -6.149556 -1.529336 -0.000000 -0.000000 0.000000
0.089616 0.957539 4.300013 6.685410 2.916685 -1.436586 0.503182 -1.371907 1.531614 0.158462 -6.434001 0.686440 0.157400 -0.613591 0.702527 0.172541 5.376424 0.529372 -0.344458 15.493661 0.266353 -0.741347 -7.252584 0.624369 -1.794501 10.712555 8.753784 -12.127401 -15.744773 71.518945 22.311858 48.256280 14.563141 0.234026 13.724228 -6.373451 0.717422 7.307104 -8.111129 10.671228 -11.005385 -72.658520 -34.117571 58.825043 -23.528848 -5.498971 13.261901 5.901222 -6.708779 -0.409894 -0.270069 1.389858 1.645149 -0.262410 0.069477 -3.178368 0.445012 0.002668 -0.334201 1.790563 4.083074 0.669031 1.990101 -2.753709 2.511169 0.457177 1.886113 -6.168935 -1.532624 0.000000 -0.000000 -0.000000
0.089685 0.957517 4.300322 6.689870 2.916235 -1.429302 0.502907 -1.386790 1.523154 0.158745 -6.440630 0.682679 0.157680 -0.620220 0.698795 0.172469 5.371454 0.526558 -0.347844 15.500312 0.251529 -0.742145 -7.240335 0.597891 -1.809059 10.724682 8.735807 -12.138246 -15.730910 71.505379 22.342907 48.283609 14.589461 0.233857 13.724752 -6.382835 0.704297 7.332432 -8.095892 10.677082 -10.999385 -72.656330 -34.093781 58.862803 -23.528716 -5.498176 13.263491 5.900809 -6.717248 -0.395567 -0.279915 1.398655 1.656658 -0.265518 0.065643 -3.205583 0.448263 0.002520 -0.338542 1.792886 4.115420 0.683768 1.977307 -2.780466 2.522028 0.467781 1.879080 -6.188923 -1.536264 0.000000 0.000000 -0.000000
0.089732 0.957500 4.300596 6.691222 2.921234 -1.425309 0.502115 -1.404214 1.517228 0.158698 -6.448386 0.680053 0.157631 -0.627976 0.696165 0.172237 5.365639 0.524573 -0.347181 15.508685 0.237356 -0.735614 -7.224912 0.571123 -1.812924 10.741550 8.720567 -12.165285 -15.724860 71.498147 22.345744 48.291551 14.580050 0.230379 13.721072 -6.405308 0.691012 7.359666 -8.081942 10.689158 -10.995368 -72.659873 -34.056520 58.881254 -23.504966 -5.494263 13.266365 5.909264 -6.720175 -0.392096 -0.281458 1.400803 1.674303 -0.274456 0.065328 -3.232447 0.452828 0.002484 -0.339612 1.795212 4.160996 0.684128 1.967974 -2.802396 2.544069 0.479047 1.857231 -6.210234 -1.539877 0.000000 -0.000000 -0.000000
0.089767 0.957487 4.300846 6.692035 2.929475 -1.422960 0.500148 -1.423678 1.513022 0.158063 -6.457050 0.678196 0.156998 -0.636640 0.694244 0.171622 5.359141 0.523121 -0.343522 15.518123 0.223222 -0.723502 -7.207533 0.543316 -1.811724 10.759130 8.708060 -12.203210 -15.722887 71.490489 22.332554 48.288830 14.549820 0.224618 13.715036 -6.435388 0.678518 7.387392 -8.069980 10.704028 -10.992689 -72.665817 -34.012763 58.885918 -23.466894 -5.488600 13.269627 5.923393 -6.721828 -0.394279 -0.278979 1.400534 1.693872 -0.285774 0.066378 -3.258210 0.457728 0.002505 -0.339042 1.797574 4.210601 0.675843 1.960048 -2.822371 2.572678 0.491081 1.829970 -6.232157 -1.543828 0.000000 -0.000000 -0.000000
0.089800 0.957476 4.301080 6.694943 2.937444 -1.422062 0.495583 -1.443469 1.510515 0.156202 -6.465865 0.677092 0.155147 -0.645454 0.692950 0.170143 5.352528 0.522140 -0.337258 15.529958 0.210786 -0.707142 -7.185704 0.517706 -1.813059 10.767598 8.698320 -12.241672 -15.719585 71.473932 22.315219 48.289247 14.519454 0.219077 13.710365 -6.455191 0.670132 7.408042 -8.060810 10.711161 -10.986056 -72.667269 -33.979663 58.887219 -23.436667 -5.484934 13.271492 5.931221 -6.725304 -0.392782 -0.276568 1.401337 1.705553 -0.294053 0.066419 -3.279008 0.461157 0.002549 -0.337911 1.799891 4.248427 0.669960 1.954329 -2.844326 2.595578 0.501481 1.813869 -6.251552 -1.547894 0.000000 -0.000000 -0.000000
0.089837 0.957466 4.301304 6.702143 2.944390 -1.422467 0.486864 -1.464234 1.509856 0.152422 -6.475123 0.676801 0.151388 -0.654711 0.692276 0.167281 5.345582 0.521624 -0.327465 15.546238 0.200400 -0.684926 -7.155625 0.494595 -1.820718 10.759185 8.690602 -12.276944 -15.709775 71.442769 22.294297 48.299516 14.495450 0.214538 13.708849 -6.452158 0.667670 7.416096 -8.054655 10.704661 -10.968640 -72.660147 -33.963599 58.889885 -23.423171 -5.485078 13.270516 5.925614 -6.733871 -0.382973 -0.276306 1.405664 1.702883 -0.296466 0.064494 -3.292075 0.461922 0.002605 -0.336633 1.802418 4.265449 0.670499 1.951400 -2.873591 2.607626 0.508369 1.820738 -6.267125 -1.552338 0.000000 -0.000000 0.000000
0.089871 0.957459 4.301512 6.711439 2.951063 -1.424321 0.475544 -1.485325 1.510898 0.147416 -6.484532 0.677263 0.146411 -0.664119 0.692229 0.163555 5.338520 0.521579 -0.315069 15.564915 0.191719 -0.658474 -7.121093 0.473698 -1.830912 10.741658 8.685649 -12.312716 -15.698687 71.402664 22.269232 48.312939 14.471290 0.210194 13.708735 -6.438860 0.669314 7.417070 -8.051276 10.690426 -10.947265 -72.648555 -33.958203 58.889202 -23.417531 -5.487223 13.268146 5.913706 -6.744261 -0.369482 -0.276110 1.411069 1.692324 -0.295842 0.061563 -3.300177 0.461218 0.002683 -0.334795 1.804901 4.270691 0.673431 1.950693 -2.904844 2.613973 0.513610 1.838768 -6.280167 -1.556914 0.000000 0.000000 0.000000
0.089894 0.957450 4.301696 6.718868 2.956199 -1.427874 0.464864 -1.503088 1.513183 0.142631 -6.492458 0.678276 0.141655 -0.672044 0.692757 0.160036 5.332571 0.521967 -0.303240 15.581184 0.185350 -0.633957 -7.091008 0.457352 -1.839885 10.728495 8.685709 -12.349770 -15.696524 71.362230 22.250221 48.323195 14.448137 0.206146 13.708422 -6.435109 0.672936 7.419940 -8.050784 10.675620 -10.937121 -72.637849 -33.961466 58.881451 -23.415232 -5.489677 13.266949 5.904926 -6.749762 -0.356868 -0.273818 1.413696 1.683448 -0.295243 0.058130 -3.307748 0.460816 0.002777 -0.332241 1.806499 4.275414 0.677726 1.951310 -2.926047 2.617784 0.520403 1.849103 -6.291411 -1.560632 0.000000 0.000000 -0.000000
0.089904 0.957438 4.301852 6.723687 2.959836 -1.434369 0.455435 -1.516340 1.517457 0.138305 -6.498372 0.680176 0.137354 -0.677956 0.694218 0.156930 5.328131 0.523059 -0.292361 15.593256 0.181262 -0.612082 -7.068691 0.445644 -1.847306 10.723337 8.692341 -12.395688 -15.709045 71.323518 22.247822 48.335595 14.432140 0.202981 13.708200 -6.450911 0.679328 7.427486 -8.053662 10.662839 -10.945668 -72.630061 -33.975228 58.867538 -23.418463 -5.492653 13.268860 5.900162 -6.747760 -0.346305 -0.267816 1.411117 1.678064 -0.295126 0.054510 -3.315731 0.461595 0.002906 -0.328076 1.806401 4.281426 0.681801 1.953735 -2.928169 2.621094 0.530418 1.841680 -6.301413 -1.562440 0.000000 -0.000000 -0.000000
0.089904 0.957424 4.301984 6.726639 2.961936 -1.442563 0.446645 -1.526262 1.522972 0.134200 -6.502802 0.682628 0.133274 -0.682386 0.696253 0.154033 5.324803 0.524585 -0.282055 15.602919 0.179479 -0.592141 -7.050824 0.438470 -1.853514 10.722548 8.703981 -12.442899 -15.730513 71.284536 22.251501 48.344806 14.417188 0.200147 13.707750 -6.476252 0.687702 7.436928 -8.059425 10.649479 -10.965452 -72.623132 -33.997610 58.846555 -23.424986 -5.495935 13.271943 5.898524 -6.740868 -0.336621 -0.259718 1.405759 1.674365 -0.295030 0.050389 -3.323184 0.462676 0.003051 -0.323195 1.805419 4.286921 0.687239 1.957484 -2.920239 2.621860 0.541980 1.826562 -6.309621 -1.563382 -0.000000 0.000000 0.000000
0.089895 0.957411 4.302099 6.726001 2.961115 -1.448977 0.439900 -1.532753 1.527025 0.131054 -6.505703 0.684428 0.130147 -0.685286 0.697733 0.151806 5.322624 0.525695 -0.274353 15.610732 0.180691 -0.578172 -7.036355 0.437852 -1.855758 10.728688 8.718182 -12.469503 -15.753819 71.247856 22.239765 48.328547 14.386038 0.196047 13.704545 -6.500908 0.693556 7.448900 -8.066739 10.634886 -10.989300 -72.616260 -34.021019 58.812072 -23.423631 -5.497170 13.272971 5.906778 -6.730221 -0.328851 -0.252201 1.401048 1.676498 -0.296643 0.045327 -3.331708 0.463199 0.003144 -0.320121 1.805149 4.297744 0.697758 1.960207 -2.917307 2.617140 0.553278 1.815080 -6.315113 -1.565608 0.000000 -0.000000 -0.000000
0.089879 0.957402 4.302207 6.720433 2.956046 -1.452012 0.436181 -1.534838 1.528538 0.129345 -6.506640 0.685095 0.128449 -0.686222 0.698227 0.150571 5.321919 0.526064 -0.270621 15.615446 0.186073 -0.573160 -7.027589 0.446491 -1.852426 10.746426 8.735200 -12.459138 -15.779140 71.212843 22.193519 48.262911 14.319814 0.188639 13.695406 -6.524207 0.694976 7.465011 -8.075927 10.619081 -11.016380 -72.609245 -34.039788 58.755148 -23.404305 -5.494577 13.270087 5.932631 -6.710660 -0.323652 -0.245753 1.395468 1.688474 -0.302186 0.036770 -3.342819 0.463102 0.003136 -0.320771 1.806655 4.322262 0.719042 1.960418 -2.930545 2.599752 0.564828 1.811807 -6.315623 -1.570699 -0.000000 -0.000000 0.000000
0.089855 0.957395 4.302298 6.711274 2.948054 -1.453265 0.434509 -1.533494 1.528587 0.128597 -6.506048 0.685110 0.127706 -0.685630 0.698166 0.150008 5.322363 0.526017 -0.269495 15.618310 0.194445 -0.574117 -7.022221 0.461677 -1.845117 10.771091 8.754781 -12.428185 -15.806213 71.180107 22.132080 48.171769 14.237634 0.179965 13.683518 -6.546823 0.693873 7.483651 -8.086673 10.602040 -11.047524 -72.602271 -34.059604 58.684748 -23.377085 -5.489951 13.265179 5.968380 -6.687347 -0.320365 -0.239884 1.390530 1.706284 -0.309437 0.027273 -3.355002 0.462449 0.003076 -0.323228 1.808873 4.352107 0.745408 1.959616 -2.948784 2.576883 0.576119 1.812169 -6.313416 -1.577075 -0.000000 0.000000 -0.000000
0.089819 0.957387 4.302357 6.700822 2.939741 -1.454055 0.433354 -1.531545 1.527697 0.128115 -6.505187 0.684705 0.127227 -0.684769 0.697712 0.149613 5.323008 0.525676 -0.268911 15.623631 0.202961 -0.576122 -7.012286 0.477315 -1.835900 10.791226 8.773702 -12.403875 -15.827259 71.154103 22.091230 48.104577 14.178891 0.174507 13.675924 -6.560561 0.691486 7.500615 -8.096690 10.583043 -11.078056 -72.595121 -34.089842 58.621299 -23.361004 -5.486267 13.260630 5.997682 -6.676893 -0.318049 -0.235809 1.394203 1.722054 -0.313426 0.024062 -3.365314 0.460557 0.003039 -0.324261 1.810205 4.368018 0.763524 1.959908 -2.953554 2.567138 0.583791 1.813776 -6.314365 -1.582152 -0.000000 0.000000 0.000000
0.089770 0.957380 4.302384 6.689529 2.932610 -1.454671 0.433216 -1.532039 1.524845 0.128175 -6.505411 0.683429 0.127287 -0.684993 0.696443 0.149560 5.322841 0.524719 -0.268736 15.635057 0.212953 -0.579391 -6.990999 0.495814 -1.825632 10.805416 8.791399 -12.397577 -15.838244 71.138598 22.085736 48.085485 14.159942 0.174381 13.676439 -6.560222 0.684627 7.516662 -8.103897 10.561823 -11.106131 -72.587414 -34.134517 58.573579 -23.363205 -5.484333 13.256616 6.013845 -6.690514 -0.316362 -0.235000 1.412111 1.732165 -0.310499 0.032979 -3.372755 0.456593 0.003061 -0.322419 1.809597 4.360264 0.765909 1.962842 -2.933947 2.581727 0.584906 1.814638 -6.322083 -1.584649 -0.000000 -0.000000 0.000000
0.089709 0.957372 4.302379 6.676942 2.925157 -1.454824 0.433593 -1.531929 1.521053 0.128502 -6.505367 0.681735 0.127612 -0.684949 0.694781 0.149675 5.322875 0.523468 -0.269100 15.648940 0.223087 -0.583699 -6.965142 0.514757 -1.813459 10.815074 8.808438 -12.397937 -15.843220 71.129849 22.100573 48.090392 14.164166 0.177447 13.681254 -6.551006 0.676487 7.531035 -8.110375 10.538645 -11.133590 -72.579527 -34.189517 58.532798 -23.376450 -5.483319 13.252945 6.023565 -6.716993 -0.315645 -0.235993 1.438633 1.740237 -0.304311 0.048184 -3.378322 0.451387 0.003106 -0.319153 1.808104 4.338574 0.760047 1.966858 -2.900874 2.609443 0.582405 1.816746 -6.332957 -1.585847 0.000000 0.000000 -0.000000
0.089649 0.957364 4.302330 6.664005 2.915470 -1.454963 0.431456 -1.524902 1.519918 0.127579 -6.502252 0.681210 0.126696 -0.681834 0.694163 0.148936 5.325211 0.523003 -0.268336 15.658637 0.226525 -0.583474 -6.947114 0.520826 -1.798895 10.812994 8.823294 -12.398109 -15.846559 71.121084 22.126508 48.096438 14.181166 0.181784 13.685983 -6.540320 0.677874 7.537265 -8.120074 10.513597 -11.161297 -72.572389 -34.251948 58.493009 -23.398144 -5.483722 13.251435 6.030577 -6.739296 -0.315974 -0.235596 1.464865 1.749260 -0.300855 0.059392 -3.382078 0.446759 0.003153 -0.315589 1.807288 4.312881 0.755053 1.969375 -2.868583 2.635263 0.581717 1.823685 -6.342028 -1.587004 -0.000000 -0.000000 0.000000
0.089589 0.957355 4.302219 6.649996 2.901010 -1.455752 0.424829 -1.504461 1.523641 0.124416 -6.493184 0.682825 0.123555 -0.672765 0.695457 0.146670 5.332008 0.523979 -0.264331 15.657804 0.218984 -0.573244 -6.948743 0.505299 -1.780807 10.790172 8.834540 -12.396561 -15.851279 71.108673 22.168208 48.098773 14.215370 0.187786 13.689856 -6.527576 0.698787 7.528960 -8.136396 10.481197 -11.192198 -72.562728 -34.327826 58.449361 -23.432812 -5.486497 13.255021 6.033352 -6.752191 -0.316878 -0.231413 1.489809 1.760931 -0.303806 0.062481 -3.383480 0.443593 0.003182 -0.312382 1.808052 4.283314 0.755157 1.968723 -2.839382 2.654242 0.586865 1.838506 -6.347362 -1.589056 0.000000 0.000000 -0.000000
0.089528 0.957347 4.302065 6.635638 2.884316 -1.456525 0.415688 -1.477099 1.530007 0.120003 -6.481044 0.685605 0.119172 -0.660624 0.697789 0.143550 5.341107 0.525736 -0.259209 15.652777 0.204747 -0.558504 -6.958210 0.476901 -1.760323 10.755619 8.843595 -12.394828 -15.854365 71.096247 22.221007 48.102227 14.262359 0.195054 13.693637 -6.513359 0.729219 7.512517 -8.155954 10.446933 -11.223351 -72.553806 -34.411059 58.406670 -23.475855 -5.490699 13.260756 6.033409 -6.760911 -0.318825 -0.225839 1.514463 1.773555 -0.309480 0.061572 -3.383074 0.441004 0.003213 -0.308877 1.809493 4.249745 0.756127 1.966561 -2.810960 2.671324 0.593822 1.858158 -6.350891 -1.591066 0.000000 -0.000000 0.000000
0.089471 0.957342 4.301913 6.624040 2.871084 -1.455743 0.406924 -1.455984 1.535985 0.115792 -6.471680 0.688222 0.114989 -0.651259 0.699978 0.140572 5.348125 0.527386 -0.257668 15.655933 0.189825 -0.550140 -6.952456 0.448489 -1.740354 10.729153 8.853196 -12.390657 -15.851138 71.087922 22.261641 48.098498 14.298420 0.200472 13.695257 -6.506837 0.749977 7.500643 -8.172478 10.427351 -11.246796 -72.556384 -34.480733 58.373519 -23.511144 -5.493970 13.261650 6.039067 -6.764114 -0.323297 -0.222870 1.532914 1.785030 -0.312841 0.058738 -3.382547 0.438156 0.003279 -0.304237 1.810469 4.221713 0.754381 1.965308 -2.790641 2.686315 0.595938 1.877076 -6.353447 -1.591488 -0.000000 0.000000 -0.000000
0.089420 0.957343 4.301782 6.616839 2.863734 -1.452194 0.399284 -1.447263 1.540460 0.112182 -6.467823 0.690188 0.111403 -0.647402 0.701578 0.138002 5.351014 0.528588 -0.263328 15.676514 0.175375 -0.555282 -6.914292 0.423492 -1.719550 10.720719 8.865633 -12.377897 -15.836047 71.083162 22.281020 48.073893 14.311006 0.202304 13.692471 -6.517086 0.751053 7.498507 -8.183187 10.436762 -11.258176 -72.580187 -34.522623 58.354472 -23.526608 -5.494316 13.251003 6.060459 -6.757188 -0.330929 -0.225100 1.539340 1.794378 -0.311085 0.053857 -3.382860 0.434448 0.003387 -0.307472 1.877424 4.206341 0.748505 1.966827 -2.784756 2.698518 0.587992 1.892468 -6.355123 -1.588995 0.000000 -0.000000 -0.000000
0.089372 0.957348 4.301653 6.612397 2.859848 -1.447094 0.392019 -1.444791 1.544562 0.108775 -6.466743 0.691996 0.108017 -0.646321 0.703040 0.135574 5.351820 0.529687 -0.272580 15.705276 0.160227 -0.566826 -6.860919 0.398463 -1.699268 10.720370 8.878623 -12.362711 -15.814632 71.082508 22.288257 48.042132 14.312661 0.202298 13.687540 -6.535033 0.742461 7.500928 -8.190842 10.460864 -11.261853 -72.615528 -34.551143 58.344997 -23.534546 -5.493732 13.235535 6.087466 -6.744741 -0.341087 -0.229935 1.539564 1.802572 -0.307022 0.047053 -3.383055 0.430481 0.003521 -0.309572 1.943912 4.196506 0.739916 1.969267 -2.786975 2.708625 0.575199 1.907125 -6.355829 -1.584913 -0.000000 -0.000000 0.000000
0.089328 0.957355 4.301516 6.608909 2.857871 -1.442539 0.385774 -1.443298 1.548645 0.105824 -6.466094 0.693801 0.105085 -0.645672 0.704545 0.133491 5.352302 0.530817 -0.279255 15.726879 0.146922 -0.574289 -6.820845 0.375972 -1.686487 10.718080 8.888038 -12.361311 -15.798852 71.091679 22.287332 48.036050 14.317258 0.202544 13.685136 -6.542626 0.735048 7.505079 -8.197457 10.473292 -11.262972 -72.644057 -34.588392 58.340046 -23.555439 -5.495812 13.228380 6.098034 -6.739260 -0.353353 -0.233587 1.545143 1.810433 -0.304031 0.040762 -3.381940 0.427215 0.003717 -0.282664 1.809460 4.180373 0.729278 1.969487 -2.785626 2.718531 0.566554 1.923861 -6.356125 -1.581667 -0.000000 -0.000000 -0.000000
0.089285 0.957366 4.301365 6.605360 2.858673 -1.439733 0.380703 -1.441989 1.553005 0.103384 -6.465523 0.695733 0.102660 -0.645100 0.706229 0.131802 5.352727 0.532084 -0.280239 15.736240 0.135834 -0.572021 -6.803522 0.355607 -1.686375 10.708011 8.891987 -12.387178 -15.795418 71.116930 22.276281 48.080861 14.331351 0.203995 13.688311 -6.528523 0.732225 7.510627 -8.203506 10.461914 -11.262336 -72.656989 -34.648240 58.339372 -23.603334 -5.503103 13.238927 6.075889 -6.747444 -0.369689 -0.233721 1.562499 1.819162 -0.303882 0.036083 -3.378947 0.425326 0.003551 -0.197309 1.273247 4.152286 0.714857 1.965770 -2.774005 2.729716 0.566963 1.943051 -6.356295 -1.580547 -0.000000 -0.000000 0.000000
0.089246 0.957379 4.301207 6.602765 2.861383 -1.437472 0.376653 -1.441658 1.557347 0.101400 -6.465384 0.697662 0.100689 -0.644961 0.707957 0.130458 5.352829 0.533383 -0.278628 15.738452 0.126606 -0.565636 -6.799480 0.337804 -1.693762 10.695996 8.892367 -12.426825 -15.797602 71.152000 22.256963 48.151347 14.348289 0.205684 13.694005 -6.504066 0.730579 7.517910 -8.208516 10.438859 -11.259150 -72.663104 -34.716832 58.343185 -23.664187 -5.513095 13.257739 6.037277 -6.762596 -0.388136 -0.232664 1.585211 1.827558 -0.304801 0.031917 -3.374645 0.424138 0.002020 -0.082945 0.536098 4.117904 0.698382 1.959845 -2.758814 2.740705 0.571523 1.964320 -6.356053 -1.580263 0.000000 -0.000000 -0.000000
0.089213 0.957389 4.301051 6.602358 2.861845 -1.434254 0.373813 -1.439421 1.561139 0.099972 -6.464394 0.699346 0.099269 -0.643971 0.709496 0.129511 5.353569 0.534541 -0.277562 15.733438 0.120701 -0.561516 -6.808832 0.326436 -1.700117 10.689519 8.890731 -12.455987 -15.797246 71.183819 22.239091 48.204696 14.362166 0.206800 13.697719 -6.485232 0.730723 7.525112 -8.213071 10.414155 -11.256182 -72.670403 -34.774617 58.347142 -23.716287 -5.521729 13.269732 6.008938 -6.777108 -0.402397 -0.233623 1.605570 1.832844 -0.304853 0.027408 -3.369547 0.422593 -0.000000 -0.000000 -0.000000 4.082372 0.685710 1.953731 -2.748492 2.748964 0.574517 1.989364 -6.355103 -1.579377 0.000000 0.000000 0.000000
0.089192 0.957397 4.300904 6.605266 2.857172 -1.428742 0.371847 -1.433087 1.564031 0.098956 -6.461582 0.700625 0.098260 -0.641158 0.710672 0.128842 5.355676 0.535427 -0.277663 15.720391 0.119931 -0.561486 -6.833066 0.325110 -1.700167 10.692533 8.885997 -12.463831 -15.790743 71.208924 22.224059 48.217198 14.369118 0.206489 13.696221 -6.480646 0.732837 7.532404 -8.216980 10.387974 -11.254680 -72.682302 -34.817112 58.349503 -23.754666 -5.526965 13.266225 6.005013 -6.789304 -0.407409 -0.239396 1.620822 1.831623 -0.302681 0.022647 -3.362880 0.420044 -0.000615 0.020935 -0.134034 4.044455 0.683026 1.946774 -2.748136 2.749330 0.574606 2.023407 -6.352144 -1.577701 0.000000 -0.000000 -0.000000
0.089178 0.957402 4.300759 6.610362 2.850250 -1.422272 0.371090 -1.424848 1.566374 0.098494 -6.457919 0.701660 0.097801 -0.637496 0.711660 0.128571 5.358422 0.536173 -0.278303 15.700119 0.122484 -0.563714 -6.870695 0.330218 -1.699192 10.701087 8.879242 -12.461174 -15.781723 71.230777 22.210558 48.212559 14.373102 0.205609 13.692741 -6.481683 0.736740 7.539617 -8.220432 10.360140 -11.253397 -72.695378 -34.848788 58.352034 -23.784293 -5.530803 13.255934 6.011384 -6.800860 -0.408238 -0.247191 1.633722 1.827289 -0.299648 0.017542 -3.355417 0.417137 -0.000299 0.010468 -0.067017 4.005385 0.684144 1.939611 -2.752648 2.746965 0.573130 2.061224 -6.348478 -1.575419 0.000000 -0.000000 -0.000000
0.089153 0.957405 4.300606 6.615498 2.845570 -1.417341 0.372737 -1.418390 1.568685 0.099107 -6.455041 0.702691 0.098411 -0.634617 0.712753 0.129109 5.360581 0.536999 -0.280750 15.674970 0.124387 -0.569100 -6.917376 0.334804 -1.704501 10.710808 8.875256 -12.456227 -15.772910 71.246692 22.204264 48.219095 14.379996 0.205917 13.692475 -6.478448 0.742505 7.544433 -8.224578 10.340167 -11.251343 -72.707384 -34.863488 58.355686 -23.798349 -5.535180 13.249899 6.012419 -6.809188 -0.413775 -0.251837 1.644828 1.827249 -0.297912 0.010965 -3.349988 0.414749 -0.000000 -0.000000 -0.000000 3.974008 0.676366 1.936198 -2.755172 2.754811 0.568367 2.088838 -6.347713 -1.571663 0.000000 0.000000 0.000000
0.089101 0.957404 4.300438 6.620280 2.846841 -1.415646 0.378611 -1.416581 1.570672 0.101625 -6.454214 0.703595 0.100913 -0.633791 0.713913 0.131076 5.361203 0.537875 -0.286337 15.646001 0.125731 -0.580159 -6.971135 0.339523 -1.719450 10.722824 8.876436 -12.447420 -15.762287 71.253708 22.214012 48.253414 14.396377 0.208991 13.699401 -6.464456 0.749023 7.543875 -8.229332 10.331026 -11.245195 -72.716765 -34.855795 58.361380 -23.790147 -5.541842 13.254326 5.997716 -6.811203 -0.430108 -0.249536 1.652715 1.835793 -0.298770 0.001662 -3.348692 0.413231 0.000000 0.000000 0.000000 3.953343 0.649773 1.941114 -2.749656 2.782708 0.556041 2.097049 -6.352858 -1.564741 -0.000000 0.000000 -0.000000
0.089038 0.957400 4.300263 6.625103 2.850357 -1.415488 0.386890 -1.416554 1.572626 0.105219 -6.454171 0.704494 0.104485 -0.633748 0.715177 0.133853 5.361238 0.538832 -0.293735 15.612154 0.126415 -0.594384 -7.033947 0.343713 -1.740677 10.736003 8.880387 -12.436335 -15.751867 71.254787 22.230965 48.298917 14.415668 0.213264 13.709544 -6.446192 0.757406 7.540921 -8.234783 10.329750 -11.238262 -72.725080 -34.831112 58.368190 -23.766355 -5.549035 13.263008 5.977671 -6.809995 -0.451149 -0.244086 1.658808 1.848632 -0.300921 -0.009114 -3.349430 0.412232 0.000000 -0.000000 0.000000 3.940366 0.614295 1.949791 -2.742160 2.820820 0.540431 2.095057 -6.360903 -1.556351 0.000000 0.000000 0.000000
0.088995 0.957397 4.300089 6.629008 2.849486 -1.414276 0.393309 -1.413394 1.575945 0.107919 -6.452740 0.705994 0.107168 -0.632318 0.716951 0.136001 5.362313 0.540172 -0.300209 15.572602 0.122188 -0.605117 -7.107391 0.338441 -1.765408 10.742577 8.884709 -12.435914 -15.750403 71.256131 22.234204 48.334113 14.423941 0.215740 13.716164 -6.433215 0.771058 7.542185 -8.242331 10.336946 -11.239492 -72.734761 -34.799511 58.374301 -23.740184 -5.553456 13.268357 5.967843 -6.812235 -0.467531 -0.241694 1.667950 1.860303 -0.302625 -0.018733 -3.348726 0.411584 -0.000000 0.000000 -0.000000 3.934867 0.587015 1.952472 -2.743992 2.852575 0.532634 2.096496 -6.366418 -1.550722 -0.000000 0.000000 0.000000
0.088987 0.957395 4.299915 6.630447 2.840313 -1.410910 0.396829 -1.403238 1.581663 0.109207 -6.448206 0.708548 0.108448 -0.627785 0.719636 0.137165 5.365714 0.542198 -0.304577 15.522096 0.109682 -0.608926 -7.201239 0.317012 -1.795174 10.735321 8.890358 -12.452147 -15.763212 71.257646 22.211017 48.348410 14.413366 0.215004 13.715895 -6.428402 0.794605 7.550140 -8.254255 10.356115 -11.257921 -72.748227 -34.758977 58.376466 -23.713034 -5.552312 13.265677 5.979238 -6.822195 -0.474890 -0.244990 1.685133 1.869021 -0.303369 -0.026506 -3.344935 0.410871 -0.000000 -0.000000 0.000000 3.939504 0.576405 1.944378 -2.761940 2.870323 0.538481 2.107714 -6.366498 -1.550212 0.000000 0.000000 -0.000000
0.089000 0.957395 4.299742 6.630967 2.826753 -1.406489 0.398487 -1.389949 1.588748 0.109600 -6.442284 0.711703 0.108840 -0.621863 0.722831 0.137700 5.370154 0.544609 -0.307988 15.465887 0.092279 -0.609155 -7.305715 0.286112 -1.828436 10.721453 8.896393 -12.479040 -15.784990 71.259451 22.174095 48.352391 14.391726 0.212457 13.712102 -6.428876 0.823410 7.562328 -8.268276 10.383768 -11.284498 -72.763105 -34.711515 58.377938 -23.683482 -5.548431 13.259644 6.000845 -6.835600 -0.477593 -0.251345 1.705364 1.876569 -0.303665 -0.033122 -3.339702 0.410508 0.000000 0.000000 -0.000000 3.951629 0.573996 1.930284 -2.789207 2.881722 0.552124 2.122363 -6.364047 -1.552460 0.000000 -0.000000 -0.000000
0.089022 0.957397 4.299581 6.634253 2.813932 -1.401719 0.397136 -1.380204 1.595493 0.108682 -6.437948 0.714703 0.107928 -0.617526 0.725737 0.137236 5.373403 0.546799 -0.311218 15.418889 0.075856 -0.609337 -7.393076 0.256906 -1.857824 10.714868 8.897549 -12.511566 -15.808549 71.268067 22.140587 48.356326 14.368507 0.209304 13.708147 -6.435565 0.846985 7.577952 -8.278963 10.410012 -11.301055 -72.774607 -34.673226 58.386661 -23.660528 -5.546908 13.256739 6.015197 -6.846303 -0.479355 -0.259064 1.718509 1.882838 -0.303314 -0.038016 -3.334481 0.411564 -0.000000 -0.000000 -0.000000 3.963087 0.571456 1.914755 -2.816706 2.893146 0.567121 2.135032 -6.362359 -1.554618 -0.000000 0.000000 -0.000000
0.089056 0.957403 4.299432 6.643160 2.803109 -1.396311 0.391213 -1.375097 1.601486 0.105780 -6.435690 0.717358 0.105045 -0.615268 0.728098 0.135254 5.375092 0.548576 -0.314758 15.384641 0.061542 -0.610806 -7.456746 0.231673 -1.881034 10.721817 8.891411 -12.554452 -15.835409 71.291437 22.114399 48.361638 14.341033 0.205334 13.704677 -6.454841 0.861873 7.597977 -8.285277 10.431660 -11.300472 -72.780517 -34.654851 58.404724 -23.646794 -5.549943 13.261182 6.015741 -6.851359 -0.480542 -0.268909 1.718055 1.887076 -0.301621 -0.040419 -3.329586 0.415031 -0.000000 -0.000000 0.000000 3.970638 0.566343 1.897061 -2.842130 2.906820 0.583962 2.143388 -6.362673 -1.556160 -0.000000 0.000000 -0.000000
0.089099 0.957411 4.299294 6.654833 2.793023 -1.390555 0.382281 -1.373534 1.607138 0.101569 -6.435019 0.719857 0.100859 -0.614596 0.730169 0.132274 5.375590 0.550132 -0.318133 15.359601 0.048210 -0.612276 -7.503307 0.208155 -1.900386 10.736047 8.880367 -12.602995 -15.864007 71.321640 22.091659 48.366904 14.312011 0.200791 13.701041 -6.480326 0.871534 7.621424 -8.288252 10.451882 -11.289881 -72.783008 -34.645648 58.430039 -23.639660 -5.555305 13.268775 6.009043 -6.853713 -0.480784 -0.280116 1.710513 1.890037 -0.299287 -0.041100 -3.324703 0.419917 0.000000 0.000000 -0.000000 3.977524 0.561102 1.877931 -2.867783 2.920519 0.602159 2.149764 -6.363749 -1.557611 -0.000000 0.000000 -0.000000
0.089134 0.957419 4.299172 6.664400 2.785011 -1.386024 0.373877 -1.378909 1.611981 0.097649 -6.437430 0.722005 0.096963 -0.617006 0.731919 0.129490 5.373777 0.551445 -0.320683 15.348076 0.038342 -0.613428 -7.524754 0.190728 -1.915452 10.752710 8.866337 -12.638010 -15.882549 71.341329 22.077806 48.378155 14.298994 0.197518 13.698665 -6.493826 0.875874 7.644561 -8.285550 10.470307 -11.272502 -72.783826 -34.629493 58.464298 -23.640268 -5.561403 13.273397 5.997326 -6.856044 -0.482697 -0.288709 1.705280 1.893867 -0.298207 -0.041799 -3.320357 0.424324 -0.000000 -0.000000 0.000000 3.985313 0.554721 1.864112 -2.891493 2.933929 0.613798 2.155743 -6.365163 -1.557697 -0.000000 -0.000000 -0.000000
0.089147 0.957424 4.299072 6.670493 2.780655 -1.384146 0.366750 -1.394967 1.616032 0.094365 -6.444586 0.723816 0.093699 -0.624162 0.733397 0.127164 5.368405 0.552550 -0.321845 15.355821 0.032520 -0.613404 -7.510399 0.180240 -1.926144 10.769198 8.849942 -12.648042 -15.881628 71.338738 22.080099 48.398154 14.316188 0.196399 13.698311 -6.484954 0.872884 7.666886 -8.274863 10.489951 -11.246667 -72.782157 -34.608830 58.510995 -23.661618 -5.568025 13.270401 5.980560 -6.858751 -0.488211 -0.291642 1.705678 1.899904 -0.299294 -0.044070 -3.317003 0.427077 0.000000 0.000000 -0.000000 3.997689 0.544599 1.860937 -2.916202 2.948799 0.613051 2.162193 -6.367559 -1.555447 -0.000000 0.000000 -0.000000
0.089152 0.957429 4.298987 6.674482 2.778373 -1.383491 0.360152 -1.417962 1.619277 0.091374 -6.454825 0.725277 0.090724 -0.634400 0.734554 0.125035 5.360722 0.553412 -0.322202 15.377082 0.030153 -0.613103 -7.470926 0.175836 -1.932536 10.788125 8.830562 -12.644520 -15.870682 71.325586 22.091304 48.424137 14.349433 0.196523 13.699221 -6.464096 0.864565 7.688903 -8.258516 10.507790 -11.214045 -72.778806 -34.581297 58.566657 -23.690776 -5.575408 13.264447 5.958767 -6.861437 -0.495398 -0.291959 1.708384 1.906810 -0.301632 -0.046358 -3.314185 0.429350 -0.000000 0.000000 0.000000 4.010961 0.533329 1.863072 -2.938971 2.963371 0.605749 2.168245 -6.370293 -1.551832 -0.000000 -0.000000 0.000000
0.089171 0.957436 4.298907 6.675592 2.774761 -1.381342 0.355376 -1.440048 1.621204 0.089245 -6.464655 0.726152 0.088608 -0.644230 0.735213 0.123509 5.353347 0.553900 -0.322820 15.398902 0.031964 -0.614838 -7.430390 0.179333 -1.934434 10.812479 8.808267 -12.642582 -15.866216 71.319703 22.095056 48.453859 14.373684 0.196993 13.700546 -6.444227 0.856844 7.708388 -8.241106 10.514396 -11.182863 -72.777966 -34.523380 58.622515 -23.689817 -5.582629 13.263373 5.934238 -6.865594 -0.501086 -0.294819 1.712828 1.912730 -0.304367 -0.045744 -3.311051 0.432763 0.000000 0.000000 0.000000 4.015642 0.527695 1.861268 -2.948797 2.972066 0.601468 2.172877 -6.371001 -1.548492 -0.000000 -0.000000 -0.000000
0.089221 0.957447 4.298831 6.672936 2.768377 -1.376155 0.353190 -1.458483 1.621707 0.088315 -6.472855 0.726393 0.087682 -0.652430 0.735360 0.122835 5.347196 0.554005 -0.323847 15.416678 0.039055 -0.619309 -7.397333 0.192862 -1.930718 10.845565 8.781433 -12.651587 -15.876092 71.330218 22.085933 48.493134 14.380944 0.198216 13.702631 -6.428325 0.852290 7.723478 -8.224712 10.501736 -11.154663 -72.782668 -34.412730 58.679853 -23.633467 -5.589820 13.273460 5.903114 -6.871363 -0.503163 -0.303184 1.718305 1.915889 -0.307376 -0.040479 -3.306847 0.438538 -0.000000 0.000000 0.000000 4.003452 0.533339 1.850022 -2.935435 2.968689 0.605883 2.175016 -6.367524 -1.546486 -0.000000 0.000000 -0.000000
0.089286 0.957460 4.298759 6.667402 2.760663 -1.369474 0.352830 -1.476010 1.620892 0.088248 -6.480647 0.726050 0.087614 -0.660222 0.735009 0.122766 5.341352 0.553736 -0.325142 15.435014 0.050323 -0.625816 -7.363210 0.214285 -1.922514 10.884086 8.751703 -12.662195 -15.892443 71.348004 22.069324 48.536161 14.379179 0.199787 13.705134 -6.413412 0.848333 7.736036 -8.207245 10.477856 -11.127921 -72.789923 -34.271287 58.737252 -23.546661 -5.596857 13.288448 5.869274 -6.878601 -0.503745 -0.314093 1.725520 1.918060 -0.310782 -0.032311 -3.302328 0.445454 -0.000000 0.000000 0.000000 3.982667 0.544610 1.834831 -2.909132 2.959435 0.613325 2.175734 -6.362020 -1.544753 0.000000 -0.000000 0.000000
0.089337 0.957470 4.298676 6.660883 2.752537 -1.363220 0.353298 -1.493010 1.618564 0.088611 -6.488204 0.725031 0.087973 -0.667779 0.734028 0.122969 5.335685 0.552993 -0.327322 15.454768 0.063192 -0.634556 -7.326437 0.239010 -1.913001 10.921125 8.724048 -12.661491 -15.908196 71.363500 22.045010 48.563291 14.367236 0.199574 13.706172 -6.403527 0.843207 7.749422 -8.187035 10.457458 -11.106255 -72.794877 -34.142103 58.781959 -23.466907 -5.602393 13.297332 5.846605 -6.888377 -0.505999 -0.323809 1.736012 1.922712 -0.314093 -0.023568 -3.298901 0.451465 -0.000000 -0.000000 -0.000000 3.968647 0.551365 1.822959 -2.889620 2.957316 0.616371 2.177227 -6.358607 -1.541750 -0.000000 0.000000 -0.000000
