HIERARCHY
ROOT Hips
{
 OFFSET 0.000000 0.000000 0.000000
 CHANNELS 6 Xposition Yposition Zposition Yrotation Xrotation Zrotation
 JOINT Chest
 {
  OFFSET 0.000000 0.108577 -0.012064
  CHANNELS 3 Yrotation Xrotation Zrotation
  JOINT Chest2
  {
   OFFSET 0.000000 0.114566 0.000000
   CHANNELS 3 Yrotation Xrotation Zrotation
   JOINT Chest3
   {
    OFFSET 0.000000 0.104586 0.000080
    CHANNELS 3 Yrotation Xrotation Zrotation
    JOINT Chest4
    {
     OFFSET 0.000000 0.104469 0.000080
     CHANNELS 3 Yrotation Xrotation Zrotation
     JOINT Neck
     {
      OFFSET 0.000000 0.145826 0.000000
      CHANNELS 3 Yrotation Xrotation Zrotation
      JOINT Head
      {
       OFFSET 0.000000 0.094497 0.000047
       CHANNELS 3 Yrotation Xrotation Zrotation
       End Site
       {
        OFFSET 0.000000 0.173326 0.000036
       }
      }
     }
     JOINT RightCollar
     {
      OFFSET -0.031213 0.081695 0.000000
      CHANNELS 3 Yrotation Xrotation Zrotation
      JOINT RightShoulder
      {
       OFFSET -0.143577 0.000000 0.000000
       CHANNELS 3 Yrotation Xrotation Zrotation
       JOINT RightElbow
       {
        OFFSET -0.272032 0.000000 0.000000
        CHANNELS 3 Yrotation Xrotation Zrotation
        JOINT RightWrist
        {
         OFFSET -0.263092 0.000000 0.000091
         CHANNELS 3 Yrotation Xrotation Zrotation
         End Site
         {
          OFFSET -0.190430 0.000000 0.000000
         }
        }
       }
      }
     }
     JOINT LeftCollar
     {
      OFFSET 0.031213 0.081695 0.000000
      CHANNELS 3 Yrotation Xrotation Zrotation
      JOINT LeftShoulder
      {
       OFFSET 0.143577 0.000000 0.000000
       CHANNELS 3 Yrotation Xrotation Zrotation
       JOINT LeftElbow
       {
        OFFSET 0.272032 0.000000 0.000000
        CHANNELS 3 Yrotation Xrotation Zrotation
        JOINT LeftWrist
        {
         OFFSET 0.263092 0.000000 0.000091
         CHANNELS 3 Yrotation Xrotation Zrotation
         End Site
         {
          OFFSET 0.190430 0.000000 0.000000
         }
        }
       }
      }
     }
    }
   }
  }
 }
 JOINT RightHip
 {
  OFFSET -0.088949 -0.000184 0.000020
  CHANNELS 3 Yrotation Xrotation Zrotation
  JOINT RightKnee
  {
   OFFSET 0.000000 -0.415103 -0.000022
   CHANNELS 3 Yrotation Xrotation Zrotation
   JOINT RightAnkle
   {
    OFFSET 0.000000 -0.448133 -0.000277
    CHANNELS 3 Yrotation Xrotation Zrotation
    JOINT RightToe
    {
     OFFSET 0.000000 -0.076810 0.182379
     CHANNELS 3 Yrotation Xrotation Zrotation
     End Site
     {
      OFFSET 0.000000 -0.017923 0.081176
     }
    }
   }
  }
 }
 JOINT LeftHip
 {
  OFFSET 0.088949 -0.000208 0.000023
  CHANNELS 3 Yrotation Xrotation Zrotation
  JOINT LeftKnee
  {
   OFFSET 0.000000 -0.415103 -0.000022
   CHANNELS 3 Yrotation Xrotation Zrotation
   JOINT LeftAnkle
   {
    OFFSET 0.000000 -0.448133 -0.000277
    CHANNELS 3 Yrotation Xrotation Zrotation
    JOINT LeftToe
    {
     OFFSET 0.000000 -0.076810 0.182379
     CHANNELS 3 Yrotation Xrotation Zrotation
     End Site
     {
      OFFSET 0.000000 -0.017923 0.081176
     }
    }
   }
  }
 }
}
MOTION
Frames: 462
Frame Time: 0.016667
-0.644555 0.959223 -0.026657 3.156808 3.571934 -0.884442 0.326080 -0.719095 1.142361 0.094803 -6.144906 0.511140 0.094206 -0.324482 0.520764 0.110810 5.593267 0.392494 -1.101558 14.234669 -0.755477 -1.779153 -9.595243 -0.993359 0.018557 10.510561 8.332957 -11.251251 -19.446971 74.414364 20.510400 54.544645 13.792960 1.428026 14.824905 -7.258296 0.750846 8.670869 -7.450125 6.863914 -18.109974 -76.122039 -27.477891 64.106540 -20.229886 -6.341232 12.890629 5.134822 -11.972184 1.158344 0.026699 -1.570619 -1.946629 -0.049602 3.746925 -1.652359 -1.015608 -0.000000 -0.000000 -0.000000 7.058233 1.385529 2.198424 -2.581955 -0.090159 0.702758 -2.419013 -3.753549 -2.505271 -0.005876 -1.361484 0.494538
-0.644523 0.959245 -0.026833 3.144242 3.573849 -0.886948 0.331854 -0.705063 1.139013 0.097483 -6.138659 0.509637 0.096872 -0.318236 0.519533 0.112709 5.597955 0.391570 -1.113792 14.224672 -0.743152 -1.806985 -9.613679 -0.965325 0.016859 10.508954 8.345736 -11.233403 -19.446435 74.433578 20.506332 54.528937 13.786993 1.426944 14.826518 -7.242474 0.747437 8.655113 -7.455323 6.858891 -18.103859 -76.111389 -27.530831 64.108352 -20.283932 -6.345177 12.903088 5.101512 -12.000754 1.138550 0.027911 -1.547160 -1.937385 -0.049978 3.763926 -1.641976 -1.013903 -0.000000 -0.000000 -0.000000 7.072211 1.379032 2.198103 -2.583994 -0.100962 0.700741 -2.420136 -3.740394 -2.502353 -0.005870 -1.359523 0.494732
-0.644500 0.959267 -0.027001 3.130412 3.572695 -0.888923 0.340129 -0.689155 1.134926 0.101302 -6.131573 0.507805 0.100670 -0.311151 0.518089 0.115441 5.603272 0.390487 -1.129262 14.217576 -0.731507 -1.840644 -9.626717 -0.937332 0.015011 10.507480 8.356653 -11.220660 -19.443076 74.462038 20.495870 54.518190 13.775934 1.426052 14.829731 -7.219908 0.745521 8.635108 -7.462157 6.858322 -18.097079 -76.092041 -27.633514 64.123024 -20.383122 -6.348653 12.923783 5.066073 -12.027187 1.121848 0.028248 -1.523635 -1.927552 -0.050145 3.780173 -1.632628 -1.012237 0.000000 0.000000 0.000000 7.087168 1.376666 2.199136 -2.585134 -0.112721 0.697240 -2.421873 -3.727284 -2.499918 -0.005869 -1.357659 0.495362
-0.644474 0.959287 -0.027166 3.121218 3.570356 -0.889194 0.349076 -0.672139 1.130611 0.105426 -6.123994 0.505870 0.104773 -0.303572 0.516573 0.118395 5.608960 0.389349 -1.138745 14.214371 -0.723979 -1.861428 -9.632574 -0.919448 0.009035 10.503180 8.370518 -11.211789 -19.438860 74.484245 20.493594 54.510702 13.774464 1.425724 14.836023 -7.200349 0.741344 8.618740 -7.469791 6.859457 -18.099131 -76.079924 -27.700070 64.131111 -20.444709 -6.348610 12.946327 5.040775 -12.037811 1.108784 0.027034 -1.511373 -1.921603 -0.050302 3.786692 -1.622870 -1.010754 -0.000000 0.000000 -0.000000 7.088715 1.374827 2.197894 -2.579958 -0.122663 0.694614 -2.420872 -3.714105 -2.497444 -0.005869 -1.356383 0.495833
-0.644441 0.959302 -0.027330 3.119497 3.567629 -0.886862 0.358451 -0.654279 1.125900 0.109758 -6.116039 0.503758 0.109081 -0.295617 0.514900 0.121492 5.614930 0.388094 -1.141728 14.212682 -0.723698 -1.867155 -9.635699 -0.917742 -0.003795 10.493488 8.389368 -11.208578 -19.432738 74.493901 20.510746 54.507892 13.794614 1.426424 14.848302 -7.187250 0.730256 8.609834 -7.477138 6.865885 -18.114198 -76.084305 -27.690448 64.125480 -20.428735 -6.341864 12.970540 5.035933 -12.020888 1.100050 0.024012 -1.518718 -1.922140 -0.050871 3.776707 -1.611840 -1.009573 0.000000 0.000000 -0.000000 7.067059 1.372001 2.192205 -2.564049 -0.129168 0.694395 -2.414388 -3.700816 -2.494947 -0.005868 -1.356156 0.495781
-0.644405 0.959314 -0.027493 3.122412 3.563717 -0.882826 0.368496 -0.635308 1.120968 0.114394 -6.107589 0.501545 0.113693 -0.287168 0.513158 0.124810 5.621271 0.386786 -1.138734 14.214881 -0.727549 -1.860015 -9.631661 -0.926173 -0.020749 10.480970 8.411176 -11.209259 -19.425753 74.497316 20.536066 54.508350 13.824336 1.427682 14.863662 -7.177156 0.716909 8.604566 -7.485277 6.874007 -18.138092 -76.095929 -27.644664 64.113299 -20.375117 -6.331579 12.996619 5.041261 -11.988156 1.094960 0.019427 -1.537327 -1.926562 -0.051437 3.756996 -1.600398 -1.008582 -0.000000 0.000000 -0.000000 7.031995 1.369698 2.184240 -2.541827 -0.133856 0.695056 -2.405166 -3.687457 -2.492408 -0.005867 -1.356517 0.495569
-0.644363 0.959322 -0.027656 3.127346 3.558122 -0.878598 0.378101 -0.615203 1.116834 0.118798 -6.098635 0.499687 0.118074 -0.278215 0.511747 0.127980 5.627990 0.385728 -1.122095 14.229068 -0.729614 -1.827867 -9.605379 -0.936660 -0.037623 10.470366 8.434657 -11.207279 -19.423004 74.497895 20.550373 54.506147 13.842178 1.428476 14.874861 -7.169463 0.711500 8.599356 -7.496627 6.870275 -18.167747 -76.102928 -27.596683 64.096728 -20.320663 -6.324192 13.018759 5.038130 -11.961159 1.091994 0.013356 -1.553493 -1.931544 -0.050938 3.738910 -1.589685 -1.007582 -0.000000 0.000000 -0.000000 6.998512 1.368855 2.176886 -2.521133 -0.138810 0.694362 -2.398089 -3.674028 -2.489256 -0.005869 -1.356579 0.495701
-0.644314 0.959325 -0.027825 3.132082 3.548314 -0.874657 0.387308 -0.592144 1.114066 0.122958 -6.088368 0.498434 0.122213 -0.267949 0.510917 0.131012 5.635694 0.385108 -1.077350 14.265617 -0.728735 -1.743949 -9.537601 -0.952703 -0.053084 10.464656 8.459944 -11.195068 -19.429226 74.495634 20.542869 54.496554 13.836253 1.428216 14.878916 -7.163833 0.720399 8.593949 -7.512917 6.840977 -18.206060 -76.098578 -27.551663 64.074118 -20.272962 -6.323289 13.034412 5.013588 -11.944231 1.092655 0.005026 -1.563307 -1.936140 -0.048721 3.725584 -1.579975 -1.006382 -0.000000 -0.000000 -0.000000 6.968942 1.372029 2.171488 -2.500716 -0.144424 0.690799 -2.394553 -3.660458 -2.485039 -0.005877 -1.356157 0.496533
-0.644260 0.959323 -0.027996 3.138838 3.536821 -0.870525 0.396076 -0.567951 1.112101 0.126885 -6.077597 0.497537 0.126121 -0.257179 0.510418 0.133896 5.643775 0.384738 -1.018945 14.314149 -0.726039 -1.635064 -9.447561 -0.970661 -0.068456 10.460856 8.486907 -11.180193 -19.439678 74.490523 20.524374 54.484287 13.818474 1.427502 14.878812 -7.160607 0.737226 8.588610 -7.532443 6.799804 -18.250124 -76.089565 -27.504475 64.047126 -20.224458 -6.325270 13.046127 4.980572 -11.933038 1.095439 -0.004787 -1.570680 -1.941296 -0.045437 3.713884 -1.570996 -1.005171 -0.000000 0.000000 0.000000 6.940954 1.376667 2.166695 -2.481826 -0.150304 0.685881 -2.393162 -3.646818 -2.480210 -0.005887 -1.355436 0.497708
-0.644204 0.959320 -0.028157 3.151645 3.530732 -0.866278 0.403171 -0.548057 1.110255 0.130075 -6.068740 0.496696 0.129294 -0.248323 0.509901 0.136229 5.650419 0.384352 -0.982568 14.351623 -0.719074 -1.569314 -9.377977 -0.971907 -0.083531 10.454754 8.513863 -11.178802 -19.445253 74.485980 20.508112 54.477593 13.803062 1.427107 14.876259 -7.160200 0.753065 8.580530 -7.552481 6.774339 -18.288193 -76.084168 -27.473505 64.022937 -20.189120 -6.325796 13.055764 4.959270 -11.936121 1.094305 -0.013689 -1.573640 -1.946523 -0.041972 3.705762 -1.563062 -1.004308 0.000000 0.000000 -0.000000 6.922545 1.376053 2.161362 -2.476055 -0.157348 0.681913 -2.394615 -3.633325 -2.475552 -0.005893 -1.354087 0.498655
-0.644147 0.959314 -0.028308 3.173244 3.533862 -0.861766 0.408041 -0.534526 1.107787 0.132317 -6.062718 0.495582 0.131525 -0.242301 0.509014 0.137829 5.654938 0.383687 -0.986229 14.363228 -0.704975 -1.581640 -9.356331 -0.944060 -0.100749 10.443374 8.540208 -11.201508 -19.440281 74.484756 20.504411 54.478972 13.797773 1.426850 14.870369 -7.166202 0.764126 8.569315 -7.573187 6.779720 -18.317605 -76.084651 -27.476327 64.004274 -20.180151 -6.322871 13.064190 4.962141 -11.965191 1.085606 -0.021079 -1.567017 -1.951183 -0.038184 3.704655 -1.556841 -1.004247 0.000000 0.000000 0.000000 6.917553 1.365803 2.154549 -2.489646 -0.165038 0.680083 -2.399608 -3.620628 -2.471338 -0.005888 -1.351601 0.499138
-0.644087 0.959307 -0.028449 3.200896 3.542395 -0.857133 0.411238 -0.525293 1.105434 0.133821 -6.058610 0.494522 0.133022 -0.238194 0.508107 0.138879 5.658020 0.383005 -1.011916 14.363777 -0.686617 -1.637037 -9.355135 -0.899616 -0.117683 10.429691 8.566537 -11.237710 -19.430448 74.484126 20.502910 54.485935 13.794818 1.426922 14.862030 -7.175020 0.774206 8.555360 -7.594402 6.800836 -18.341040 -76.088806 -27.495290 63.988421 -20.184289 -6.318528 13.070540 4.976725 -12.008537 1.072983 -0.027553 -1.555981 -1.955914 -0.034213 3.707125 -1.551666 -1.004531 -0.000000 -0.000000 -0.000000 6.922143 1.350307 2.147195 -2.516359 -0.173890 0.679197 -2.407446 -3.608079 -2.467298 -0.005877 -1.348486 0.499392
-0.644031 0.959305 -0.028575 3.230424 3.551972 -0.852896 0.413193 -0.519606 1.104726 0.134708 -6.056078 0.494201 0.133905 -0.235663 0.507876 0.139521 5.659919 0.382832 -1.041286 14.374663 -0.670189 -1.698589 -9.334721 -0.857465 -0.126834 10.418418 8.592951 -11.271755 -19.423697 74.479304 20.485753 54.499254 13.785061 1.428640 14.855623 -7.176303 0.785792 8.537025 -7.612911 6.819916 -18.354761 -76.098217 -27.495917 63.974412 -20.175754 -6.314457 13.074065 4.985840 -12.039569 1.061328 -0.032530 -1.554077 -1.962136 -0.031371 3.704815 -1.545855 -1.004150 0.000000 0.000000 -0.000000 6.932800 1.336014 2.140982 -2.549065 -0.186355 0.677985 -2.416747 -3.593952 -2.463394 -0.005868 -1.345938 0.499557
-0.643981 0.959312 -0.028677 3.260092 3.561529 -0.849525 0.413615 -0.519339 1.106703 0.134807 -6.055957 0.495084 0.134004 -0.235541 0.508769 0.139664 5.660011 0.383505 -1.071090 14.407984 -0.657458 -1.759454 -9.272647 -0.822310 -0.122120 10.413727 8.620441 -11.299946 -19.423371 74.466725 20.444989 54.523832 13.767477 1.433924 14.853094 -7.162684 0.801069 8.511867 -7.627016 6.834472 -18.352648 -76.116271 -27.459146 63.963182 -20.140960 -6.310276 13.072247 4.984203 -12.043834 1.052947 -0.035052 -1.569386 -1.971441 -0.030894 3.693441 -1.538300 -1.002198 0.000000 -0.000000 0.000000 6.954724 1.326501 2.137421 -2.590151 -0.206292 0.675260 -2.428153 -3.576591 -2.459336 -0.005862 -1.344495 0.499627
-0.643935 0.959325 -0.028763 3.291634 3.572132 -0.846548 0.412796 -0.522621 1.110317 0.134291 -6.057413 0.496703 0.133490 -0.236997 0.510336 0.139400 5.658918 0.384685 -1.104589 14.451637 -0.646671 -1.826440 -9.191364 -0.789525 -0.109629 10.411436 8.648007 -11.325977 -19.426125 74.449950 20.388497 54.554742 13.743023 1.440854 14.852510 -7.141536 0.817866 8.482324 -7.638422 6.846997 -18.340795 -76.139529 -27.404047 63.953787 -20.093464 -6.306334 13.067604 4.977102 -12.035787 1.045537 -0.036094 -1.593827 -1.982235 -0.031550 3.677286 -1.530108 -0.999583 -0.000000 0.000000 -0.000000 6.982713 1.318190 2.134998 -2.637231 -0.229842 0.672212 -2.441020 -3.557652 -2.455416 -0.005858 -1.343619 0.499606
-0.643891 0.959338 -0.028858 3.326081 3.582622 -0.843071 0.412033 -0.523076 1.113969 0.133791 -6.057612 0.498335 0.132992 -0.237196 0.511917 0.139149 5.658768 0.385877 -1.133192 14.490707 -0.638735 -1.883101 -9.118617 -0.763987 -0.100114 10.403730 8.672761 -11.345275 -19.429856 74.434887 20.322188 54.578003 13.705565 1.444977 14.852422 -7.124619 0.832133 8.454080 -7.649026 6.847196 -18.333782 -76.159341 -27.353369 63.942463 -20.048230 -6.305384 13.066939 4.963207 -12.032199 1.037082 -0.037980 -1.616700 -1.991163 -0.030955 3.660842 -1.522915 -0.998018 0.000000 0.000000 -0.000000 6.997648 1.306784 2.130872 -2.676020 -0.247884 0.671142 -2.452032 -3.540382 -2.452471 -0.005856 -1.342884 0.499648
-0.643845 0.959352 -0.028971 3.364939 3.592511 -0.838542 0.411696 -0.518406 1.117621 0.133470 -6.055532 0.499961 0.132673 -0.235116 0.513510 0.139031 5.660326 0.387078 -1.152240 14.522344 -0.636757 -1.919521 -9.059762 -0.753274 -0.099335 10.386067 8.692368 -11.355190 -19.433435 74.424461 20.238795 54.589154 13.645525 1.443712 14.852954 -7.115531 0.840839 8.428324 -7.658560 6.828101 -18.336471 -76.173795 -27.311953 63.931660 -20.009103 -6.310302 13.076033 4.934020 -12.039316 1.026671 -0.042387 -1.635194 -1.996674 -0.027427 3.645849 -1.517410 -0.998265 -0.000000 0.000000 -0.000000 6.987985 1.290317 2.122950 -2.698688 -0.256239 0.673876 -2.458974 -3.525937 -2.451118 -0.005857 -1.342339 0.499936
-0.643800 0.959367 -0.029093 3.406701 3.602287 -0.833513 0.411416 -0.510910 1.121317 0.133164 -6.052197 0.501603 0.132370 -0.231780 0.515121 0.138925 5.662828 0.388293 -1.166395 14.549400 -0.637611 -1.945669 -9.009460 -0.749730 -0.101529 10.362996 8.709151 -11.358368 -19.437977 74.415737 20.145650 54.592597 13.572561 1.439631 14.853975 -7.110675 0.847011 8.403863 -7.667290 6.796678 -18.344016 -76.184825 -27.274965 63.918934 -19.972260 -6.318215 13.089098 4.898028 -12.050892 1.015217 -0.047636 -1.652120 -2.000320 -0.022647 3.630567 -1.512906 -0.999561 -0.000000 0.000000 -0.000000 6.965271 1.270754 2.113336 -2.713067 -0.259087 0.678586 -2.464061 -3.513160 -2.450736 -0.005859 -1.341935 0.500287
-0.643769 0.959378 -0.029214 3.447879 3.612253 -0.828746 0.411373 -0.501097 1.123587 0.133022 -6.047833 0.502605 0.132230 -0.227416 0.516109 0.138892 5.666100 0.389039 -1.181027 14.565508 -0.632837 -1.974908 -8.979424 -0.735327 -0.100154 10.340337 8.727197 -11.358187 -19.444744 74.405836 20.070642 54.587706 13.509460 1.436001 14.853647 -7.111017 0.855673 8.382806 -7.677907 6.763520 -18.356440 -76.189569 -27.250705 63.893196 -19.941234 -6.323255 13.095585 4.879386 -12.064966 1.003438 -0.051016 -1.665217 -2.003406 -0.019276 3.614261 -1.508976 -1.001329 0.000000 0.000000 -0.000000 6.945025 1.249699 2.105480 -2.728373 -0.259849 0.682084 -2.470620 -3.501824 -2.450299 -0.005855 -1.341101 0.500301
-0.643760 0.959383 -0.029335 3.487639 3.621908 -0.824308 0.411448 -0.488287 1.123328 0.133038 -6.042139 0.502473 0.132247 -0.221723 0.515978 0.138890 5.670370 0.388942 -1.197263 14.566359 -0.617938 -2.011105 -8.977593 -0.701137 -0.091117 10.319463 8.749435 -11.355158 -19.453721 74.392481 20.025032 54.571988 13.463921 1.433979 14.850658 -7.119447 0.868433 8.366712 -7.692027 6.727609 -18.374028 -76.182347 -27.248791 63.842408 -19.920195 -6.323241 13.088981 4.892494 -12.080483 0.992174 -0.051071 -1.673113 -2.006597 -0.019097 3.595094 -1.505419 -1.003526 0.000000 -0.000000 0.000000 6.930292 1.227620 2.100900 -2.745764 -0.258729 0.682826 -2.479966 -3.492126 -2.449558 -0.005844 -1.339578 0.499895
-0.643764 0.959385 -0.029456 3.526814 3.631756 -0.820133 0.411758 -0.473156 1.121649 0.133216 -6.035416 0.501704 0.132425 -0.215000 0.515227 0.138960 5.675413 0.388378 -1.213960 14.556257 -0.597418 -2.050381 -8.996020 -0.656087 -0.078510 10.298992 8.772923 -11.348771 -19.464913 74.377937 19.997616 54.548012 13.428286 1.432404 14.846319 -7.133076 0.883671 8.354029 -7.708037 6.689950 -18.396492 -76.168825 -27.259615 63.778612 -19.904997 -6.320404 13.075810 4.922951 -12.098500 0.980582 -0.049255 -1.677178 -2.009227 -0.020327 3.574903 -1.502438 -1.006196 -0.000000 0.000000 -0.000000 6.918025 1.204048 2.098073 -2.764079 -0.255524 0.682356 -2.490784 -3.483868 -2.448762 -0.005827 -1.337625 0.499153
-0.643768 0.959388 -0.029568 3.564414 3.643612 -0.816775 0.412839 -0.458254 1.120395 0.133718 -6.028792 0.501125 0.132926 -0.208376 0.514700 0.139290 5.680382 0.387983 -1.233073 14.541751 -0.576312 -2.094456 -9.022581 -0.608944 -0.068061 10.280621 8.792962 -11.340859 -19.479616 74.366146 19.982550 54.522800 13.402275 1.431063 14.842735 -7.144198 0.901577 8.342197 -7.723792 6.664181 -18.423001 -76.163177 -27.262722 63.726838 -19.886766 -6.315456 13.065084 4.951719 -12.120222 0.966860 -0.047213 -1.679267 -2.010610 -0.020271 3.558468 -1.500211 -1.008889 -0.000000 0.000000 0.000000 6.914606 1.179190 2.095873 -2.789056 -0.253039 0.682109 -2.502450 -3.476227 -2.447637 -0.005803 -1.335442 0.497928
-0.643767 0.959392 -0.029671 3.599562 3.657931 -0.814765 0.415425 -0.443746 1.120445 0.134831 -6.022338 0.501132 0.134035 -0.201922 0.514819 0.140126 5.685223 0.388075 -1.255930 14.523530 -0.555928 -2.145325 -9.056000 -0.561655 -0.062295 10.266987 8.806999 -11.333554 -19.501582 74.359781 19.980838 54.499147 13.388071 1.429778 14.840692 -7.149805 0.924372 8.330854 -7.739846 6.661031 -18.457767 -76.172033 -27.252923 63.699222 -19.863936 -6.306690 13.060801 4.975089 -12.145178 0.950560 -0.045656 -1.680512 -2.010753 -0.017378 3.547781 -1.498423 -1.011361 -0.000000 -0.000000 -0.000000 6.925855 1.153343 2.094022 -2.824879 -0.252688 0.682936 -2.515675 -3.468889 -2.445872 -0.005768 -1.332898 0.495869
-0.643765 0.959397 -0.029766 3.633134 3.674260 -0.813569 0.418783 -0.429468 1.120919 0.136270 -6.015983 0.501328 0.135467 -0.195568 0.515162 0.141221 5.689990 0.388336 -1.281203 14.500906 -0.534952 -2.201013 -9.097541 -0.512243 -0.058688 10.255464 8.817603 -11.324719 -19.527068 74.356154 19.991430 54.474276 13.383427 1.428731 14.839406 -7.152905 0.949834 8.320366 -7.755655 6.669790 -18.496566 -76.188837 -27.235415 63.683623 -19.838068 -6.295804 13.058952 4.996782 -12.173842 0.932132 -0.043866 -1.679780 -2.009650 -0.013199 3.540850 -1.497390 -1.013855 0.000000 -0.000000 0.000000 6.945951 1.126210 2.092776 -2.867362 -0.253057 0.683983 -2.529747 -3.462168 -2.443779 -0.005727 -1.330124 0.493328
-0.643767 0.959402 -0.029847 3.666774 3.693054 -0.812149 0.421252 -0.417479 1.121022 0.137335 -6.010649 0.501361 0.136528 -0.190233 0.515303 0.142023 5.693991 0.388444 -1.306866 14.478368 -0.514485 -2.257267 -9.138895 -0.463609 -0.055401 10.239858 8.827751 -11.309793 -19.546131 74.351169 20.005412 54.446843 13.381434 1.428256 14.838624 -7.154811 0.971500 8.309257 -7.767419 6.671931 -18.525918 -76.207944 -27.205382 63.668656 -19.805042 -6.288532 13.056521 5.008894 -12.208837 0.911123 -0.041347 -1.675522 -2.006587 -0.009686 3.536489 -1.498239 -1.016655 -0.000000 0.000000 0.000000 6.963815 1.097109 2.091819 -2.909682 -0.252710 0.684139 -2.541906 -3.456187 -2.442019 -0.005692 -1.327718 0.491216
-0.643773 0.959409 -0.029907 3.700351 3.715471 -0.809778 0.422939 -0.410977 1.119649 0.138131 -6.007757 0.500741 0.137320 -0.187341 0.514763 0.142574 5.696161 0.388038 -1.334371 14.458009 -0.493936 -2.317025 -9.176152 -0.414117 -0.052479 10.217451 8.838595 -11.286677 -19.551003 74.343195 20.020004 54.417327 13.380902 1.428907 14.838459 -7.155060 0.985342 8.298170 -7.772664 6.661933 -18.539462 -76.228741 -27.152050 63.649180 -19.757113 -6.288247 13.052704 5.003629 -12.254777 0.886938 -0.037871 -1.665411 -2.001752 -0.007975 3.536737 -1.501718 -1.019824 0.000000 -0.000000 0.000000 6.979701 1.065784 2.090990 -2.951756 -0.252244 0.682517 -2.552187 -3.450669 -2.440926 -0.005672 -1.326194 0.490090
-0.643783 0.959416 -0.029953 3.733997 3.740352 -0.807179 0.423736 -0.406762 1.117901 0.138553 -6.005884 0.499955 0.137740 -0.185469 0.514020 0.142830 5.697566 0.387479 -1.362273 14.437740 -0.473899 -2.377356 -9.213213 -0.365408 -0.049886 10.190961 8.848977 -11.257477 -19.549444 74.333887 20.037973 54.385252 13.382992 1.430133 14.838796 -7.154114 0.995401 8.286445 -7.773843 6.645301 -18.543564 -76.251775 -27.086233 63.630305 -19.702055 -6.291528 13.048311 4.988773 -12.307049 0.860176 -0.033640 -1.651774 -1.994958 -0.006930 3.539555 -1.507077 -1.023298 0.000000 -0.000000 0.000000 6.993357 1.032491 2.090448 -2.993666 -0.251065 0.680006 -2.560554 -3.445891 -2.440166 -0.005659 -1.325036 0.489393
-0.643794 0.959422 -0.030007 3.769740 3.764677 -0.805483 0.421653 -0.397298 1.118292 0.137589 -6.001682 0.500116 0.136783 -0.181267 0.514083 0.142113 5.700717 0.387527 -1.384193 14.415771 -0.457254 -2.425179 -9.253516 -0.325325 -0.045655 10.162349 8.858400 -11.223925 -19.554790 74.324065 20.058740 54.347833 13.384340 1.430608 14.839038 -7.154676 1.007320 8.270652 -7.774543 6.620032 -18.543855 -76.273074 -27.035472 63.616053 -19.659015 -6.293934 13.042745 4.979783 -12.354442 0.832174 -0.028821 -1.640045 -1.984936 -0.005097 3.537631 -1.513205 -1.027177 0.000000 -0.000000 -0.000000 6.992950 0.997310 2.090387 -3.028832 -0.245954 0.678154 -2.564140 -3.442810 -2.439396 -0.005640 -1.323294 0.488375
-0.643805 0.959426 -0.030083 3.806141 3.786520 -0.805751 0.416119 -0.379123 1.122816 0.134887 -5.993612 0.502109 0.134097 -0.173196 0.515802 0.140225 5.706767 0.388825 -1.395937 14.393604 -0.446372 -2.451672 -9.294374 -0.299975 -0.036293 10.129900 8.865788 -11.190362 -19.572008 74.314517 20.082039 54.306460 13.383430 1.429734 14.839196 -7.156640 1.027476 8.247351 -7.777074 6.582156 -18.540346 -76.290367 -27.015181 63.614456 -19.641437 -6.292150 13.046679 4.983437 -12.392133 0.802569 -0.023365 -1.631385 -1.968943 -0.001890 3.529267 -1.520207 -1.031516 0.000000 -0.000000 0.000000 6.971006 0.960628 2.091129 -3.052414 -0.234628 0.677688 -2.559156 -3.442557 -2.438383 -0.005609 -1.320330 0.486783
-0.643818 0.959427 -0.030167 3.844637 3.807809 -0.806923 0.407713 -0.355703 1.129493 0.130801 -5.983215 0.505056 0.130035 -0.162798 0.518335 0.137364 5.714561 0.390735 -1.401696 14.369735 -0.438895 -2.465630 -9.338509 -0.283295 -0.025286 10.095334 8.872206 -11.152428 -19.596128 74.304402 20.108127 54.259751 13.381754 1.428110 14.839262 -7.160111 1.049494 8.219988 -7.779158 6.535624 -18.533048 -76.305891 -27.009842 63.617520 -19.635792 -6.289503 13.049435 4.992958 -12.424948 0.771723 -0.017343 -1.624632 -1.949722 0.002111 3.516160 -1.527978 -1.036256 -0.000000 -0.000000 0.000000 6.934996 0.922058 2.092397 -3.069252 -0.219367 0.677877 -2.549392 -3.444000 -2.437360 -0.005572 -1.316781 0.484869
-0.643841 0.959430 -0.030245 3.891580 3.831303 -0.806941 0.396180 -0.329895 1.134896 0.125375 -5.971766 0.507430 0.124642 -0.151348 0.520157 0.133450 5.723144 0.392111 -1.407661 14.337859 -0.430600 -2.480386 -9.397492 -0.264853 -0.021125 10.065760 8.880402 -11.098794 -19.625578 74.292041 20.137221 54.200772 13.380446 1.426199 14.838618 -7.168107 1.059891 8.195459 -7.777477 6.490314 -18.527586 -76.322435 -27.000622 63.605247 -19.620793 -6.291586 13.018393 5.003459 -12.456144 0.742064 -0.011129 -1.621732 -1.934242 0.006611 3.496095 -1.535079 -1.041327 0.000000 0.000000 0.000000 6.895511 0.880523 2.093485 -3.087285 -0.203800 0.678086 -2.543353 -3.444698 -2.436684 -0.005533 -1.313605 0.482640
-0.643877 0.959437 -0.030316 3.951274 3.860525 -0.804897 0.381296 -0.303616 1.137130 0.118600 -5.960120 0.508386 0.117906 -0.139700 0.520425 0.128409 5.731874 0.392315 -1.415626 14.294092 -0.418532 -2.500506 -9.478465 -0.238320 -0.029755 10.045199 8.893465 -11.018434 -19.661561 74.273164 20.169090 54.121843 13.379871 1.423709 14.835650 -7.183770 1.050492 8.177543 -7.768347 6.452426 -18.526381 -76.347961 -26.967833 63.570334 -19.571532 -6.294797 12.926944 5.039301 -12.489719 0.712892 -0.004480 -1.621823 -1.926789 0.011854 3.467127 -1.540164 -1.046613 -0.000000 -0.000000 0.000000 6.852658 0.831674 2.093491 -3.105339 -0.187269 0.678420 -2.546605 -3.444146 -2.436566 -0.005494 -1.311225 0.480076
-0.643923 0.959444 -0.030380 4.019417 3.891948 -0.801677 0.363280 -0.274945 1.138110 0.110484 -5.947420 0.508778 0.109836 -0.126999 0.519993 0.122312 5.741393 0.391991 -1.423799 14.242319 -0.405650 -2.521454 -9.574283 -0.210008 -0.045211 10.029628 8.908364 -10.922334 -19.702857 74.251886 20.203945 54.030653 13.379590 1.420933 14.831984 -7.203961 1.029500 8.162451 -7.755368 6.415732 -18.527032 -76.374479 -26.931458 63.520047 -19.513211 -6.302944 12.801710 5.076082 -12.521674 0.684904 0.002351 -1.625767 -1.923078 0.017593 3.431200 -1.544582 -1.052228 0.000000 0.000000 0.000000 6.806332 0.779857 2.093310 -3.124590 -0.170430 0.678778 -2.553581 -3.442850 -2.436796 -0.005452 -1.309218 0.477197
-0.643979 0.959453 -0.030426 4.089449 3.917751 -0.797925 0.342534 -0.240980 1.140121 0.101095 -5.932374 0.509626 0.100501 -0.111951 0.519888 0.115290 5.752671 0.391915 -1.432995 14.187891 -0.396581 -2.542906 -9.675078 -0.188397 -0.058139 10.014089 8.918667 -10.832195 -19.744285 74.239167 20.242672 53.943319 13.379555 1.419212 14.831867 -7.222267 1.007985 8.145720 -7.746138 6.371505 -18.527909 -76.380856 -26.931997 63.456309 -19.499546 -6.332418 12.689951 5.035911 -12.543266 0.662616 0.008244 -1.638093 -1.917219 0.022792 3.391932 -1.550946 -1.058449 0.000000 -0.000000 0.000000 6.766812 0.737041 2.094893 -3.156504 -0.158883 0.678209 -2.556083 -3.439886 -2.437094 -0.005409 -1.307279 0.474078
-0.644044 0.959464 -0.030451 4.159974 3.933813 -0.792923 0.318241 -0.198919 1.143132 0.090066 -5.913736 0.510913 0.089533 -0.093311 0.520056 0.107062 5.766641 0.392045 -1.443723 14.130212 -0.393230 -2.565079 -9.781991 -0.176866 -0.063377 9.998853 8.920575 -10.752380 -19.786784 74.244492 20.278027 53.862808 13.369548 1.419199 14.838470 -7.236338 0.990112 8.123558 -7.743937 6.316471 -18.528575 -76.347932 -27.008095 63.361864 -19.575364 -6.405369 12.602813 4.839576 -12.548837 0.650587 0.012261 -1.662105 -1.910612 0.026286 3.348943 -1.558996 -1.065319 0.000000 0.000000 0.000000 6.747545 0.707043 2.097568 -3.207789 -0.152373 0.677422 -2.558581 -3.434650 -2.437080 -0.005359 -1.306375 0.470039
-0.644119 0.959476 -0.030457 4.232386 3.944253 -0.787414 0.291221 -0.151567 1.147183 0.077764 -5.892753 0.512662 0.077300 -0.072327 0.520557 0.097908 5.782369 0.392428 -1.455469 14.069881 -0.393666 -2.587744 -9.893883 -0.171994 -0.066115 9.983651 8.917863 -10.678514 -19.829479 74.258393 20.317307 53.786169 13.359851 1.420239 14.848616 -7.248514 0.971700 8.099755 -7.745482 6.254013 -18.529405 -76.294854 -27.120217 63.253966 -19.694915 -6.499083 12.528704 4.566535 -12.544043 0.644254 0.015331 -1.694499 -1.901856 0.029248 3.302614 -1.568993 -1.072790 0.000000 -0.000000 -0.000000 6.735080 0.686042 2.101983 -3.271737 -0.151159 0.675704 -2.556606 -3.427746 -2.437134 -0.005307 -1.305540 0.465760
-0.644196 0.959483 -0.030439 4.304310 3.953611 -0.784241 0.264349 -0.104437 1.154655 0.065373 -5.871866 0.515946 0.064976 -0.051438 0.522583 0.088804 5.798025 0.393962 -1.467510 14.014047 -0.396761 -2.609888 -9.997467 -0.172076 -0.072522 9.962714 8.915451 -10.619244 -19.864449 74.263571 20.383071 53.720629 13.381064 1.421709 14.857019 -7.259421 0.951281 8.081217 -7.748555 6.185347 -18.530020 -76.257927 -27.192423 63.186453 -19.776868 -6.563029 12.481440 4.376757 -12.537106 0.634446 0.019118 -1.729891 -1.880860 0.034160 3.257695 -1.584329 -1.080987 0.000000 0.000000 0.000000 6.699345 0.674549 2.112096 -3.339697 -0.161609 0.669988 -2.528544 -3.420059 -2.438120 -0.005263 -1.301567 0.463354
-0.644240 0.959483 -0.030392 4.375143 3.964113 -0.781641 0.238181 -0.060784 1.165870 0.053132 -5.852519 0.520911 0.052801 -0.032090 0.526304 0.079941 5.812524 0.396775 -1.479661 13.966180 -0.404126 -2.630478 -10.086334 -0.180295 -0.087805 9.932652 8.912944 -10.579683 -19.886411 74.254750 20.490344 53.673759 13.451092 1.423426 14.861398 -7.270512 0.925391 8.073570 -7.753105 6.105893 -18.529450 -76.253461 -27.201867 63.203670 -19.796791 -6.573337 12.479423 4.351892 -12.535116 0.619973 0.010680 -1.760028 -1.850019 0.058376 3.213926 -1.602992 -1.095960 -0.000000 0.000000 -0.000000 6.629187 0.670972 2.123911 -3.421702 -0.181664 0.659669 -2.453838 -3.414404 -2.436617 -0.005215 -1.293254 0.462105
-0.644287 0.959479 -0.030322 4.445487 3.973540 -0.781378 0.212175 -0.017358 1.180502 0.040806 -5.833272 0.527407 0.040539 -0.012841 0.531549 0.071132 5.826947 0.400736 -1.492106 13.922808 -0.414153 -2.650526 -10.166902 -0.193492 -0.106734 9.896846 8.910774 -10.554791 -19.900608 74.237371 20.623922 53.637868 13.551911 1.425575 14.864037 -7.280339 0.897483 8.071176 -7.759174 6.020104 -18.528774 -76.265058 -27.171721 63.261281 -19.779533 -6.554025 12.504603 4.410106 -12.530985 0.602040 0.002943 -1.793140 -1.806946 0.084558 3.171571 -1.627001 -1.111647 -0.000000 -0.000000 -0.000000 6.535763 0.676921 2.141456 -3.507707 -0.213424 0.645445 -2.353048 -3.407967 -2.436013 -0.005176 -1.281803 0.462728
-0.644440 0.959476 -0.030238 4.514774 3.979788 -0.791583 0.187584 0.030087 1.199968 0.028876 -5.812232 0.536063 0.028672 0.008199 0.538994 0.062784 5.842714 0.406358 -1.504668 13.880663 -0.420899 -2.672074 -10.245128 -0.200470 -0.119814 9.859684 8.915091 -10.538024 -19.914870 74.210240 20.760898 53.597312 13.660100 1.428090 14.866485 -7.285185 0.876480 8.064059 -7.764703 5.942712 -18.530710 -76.279991 -27.096370 63.280165 -19.718947 -6.527196 12.516805 4.465935 -12.511685 0.574980 0.036339 -1.848632 -1.734341 0.063152 3.136169 -1.665770 -1.109992 0.000000 0.000000 0.000000 6.422482 0.697748 2.180738 -3.558926 -0.269495 0.626230 -2.266234 -3.393178 -2.447378 -0.005194 -1.267609 0.469486
-0.644780 0.959474 -0.030132 4.582794 3.980844 -0.820784 0.164266 0.083022 1.225892 0.017199 -5.788745 0.547604 0.017055 0.031687 0.549350 0.054844 5.860314 0.414177 -1.516516 13.839695 -0.421583 -2.694661 -10.321060 -0.196307 -0.125272 9.816236 8.933409 -10.532084 -19.927944 74.172339 20.895029 53.553644 13.771415 1.430987 14.869279 -7.281949 0.867085 8.050646 -7.766119 5.871355 -18.535466 -76.296831 -26.933124 63.213173 -19.573386 -6.498254 12.493604 4.489857 -12.477842 0.559963 0.149956 -1.930696 -1.663364 -0.051757 3.109160 -1.710947 -1.079576 -0.000341 0.017632 -0.090240 6.280458 0.737052 2.257967 -3.562403 -0.354824 0.597232 -2.194881 -3.367197 -2.473580 -0.005266 -1.251166 0.482285
-0.645228 0.959474 -0.030013 4.649758 3.978768 -0.860467 0.142421 0.139979 1.256655 0.005939 -5.763466 0.561307 0.005852 0.056966 0.561910 0.047381 5.879256 0.423661 -1.528470 13.799956 -0.418983 -2.718746 -10.394645 -0.185912 -0.124849 9.771435 8.958166 -10.534326 -19.941097 74.124743 21.032485 53.505299 13.890048 1.434245 14.871866 -7.273734 0.864604 8.032525 -7.767045 5.808397 -18.542812 -76.317041 -26.726812 63.107039 -19.386670 -6.462112 12.457428 4.511344 -12.428948 0.535463 0.304691 -2.035554 -1.563027 -0.214314 3.089059 -1.770847 -1.031806 -0.000727 0.035247 -0.180483 6.118710 0.791511 2.356837 -3.530973 -0.464428 0.563256 -2.137503 -3.332850 -2.511732 -0.005389 -1.231976 0.501217
-0.645641 0.959479 -0.029921 4.715727 3.977550 -0.893192 0.123801 0.200789 1.288821 -0.003969 -5.736467 0.575637 -0.004009 0.083965 0.575234 0.040982 5.899489 0.433722 -1.542818 13.758327 -0.415481 -2.747749 -10.471687 -0.172810 -0.114352 9.744474 8.972843 -10.530172 -19.965900 74.069329 21.168834 53.432057 14.005021 1.437743 14.874172 -7.266128 0.863860 8.004468 -7.776225 5.775757 -18.554712 -76.332361 -26.601455 63.024056 -19.279065 -6.425618 12.435601 4.533418 -12.350540 0.431823 0.423423 -2.170987 -1.322715 -0.336588 3.077033 -1.879907 -0.982853 0.000000 0.000000 -0.000000 5.967463 0.855926 2.444614 -3.464563 -0.595946 0.537462 -2.129690 -3.291081 -2.564341 -0.005600 -1.208940 0.530820
-0.645924 0.959497 -0.029909 4.776191 3.980523 -0.918675 0.112856 0.265772 1.325556 -0.010697 -5.707590 0.592004 -0.010705 0.112842 0.590918 0.037133 5.921130 0.445566 -1.561947 13.711880 -0.411284 -2.786141 -10.557589 -0.156378 -0.085713 9.753935 8.969365 -10.513150 -20.016500 74.001310 21.300310 53.307021 14.109345 1.441470 14.875367 -7.261670 0.863724 7.964524 -7.799115 5.785854 -18.577625 -76.346950 -26.610772 62.989796 -19.306599 -6.389998 12.444108 4.556690 -12.217836 0.203435 0.476265 -2.380625 -0.874579 -0.381405 3.101606 -2.042762 -0.926688 0.002558 -0.158693 0.812155 5.816917 0.937940 2.514425 -3.373937 -0.773041 0.519385 -2.151296 -3.230024 -2.618128 -0.005866 -1.185378 0.564449
-0.646174 0.959521 -0.029924 4.835659 3.984327 -0.937194 0.105138 0.334584 1.363713 -0.016076 -5.677003 0.609001 -0.016060 0.143429 0.607369 0.034345 5.944055 0.457991 -1.583424 13.663524 -0.406161 -2.829395 -10.646977 -0.137189 -0.047137 9.781305 8.955734 -10.489806 -20.078645 73.925338 21.430382 53.157145 14.209647 1.445439 14.876287 -7.257822 0.865310 7.914672 -7.830307 5.826382 -18.604998 -76.356901 -26.699097 62.979132 -19.411259 -6.353907 12.466979 4.580656 -12.055712 -0.103873 0.491962 -2.620512 -0.286308 -0.387351 3.134428 -2.254811 -0.869610 0.003831 -0.370635 1.894964 5.676868 1.029756 2.573113 -3.248328 -0.971962 0.509044 -2.222447 -3.161629 -2.686584 -0.006209 -1.157949 0.608736
-0.646534 0.959523 -0.029846 4.907714 3.982867 -0.932156 0.088970 0.406063 1.390389 -0.024701 -5.645264 0.620877 -0.024646 0.175168 0.618369 0.028717 5.967844 0.466308 -1.602333 13.618901 -0.401844 -2.867460 -10.729473 -0.120585 -0.018781 9.790105 8.939558 -10.465032 -20.121348 73.857515 21.565628 53.042991 14.315485 1.449567 14.879362 -7.252562 0.866813 7.855569 -7.862214 5.882200 -18.619323 -76.341838 -26.824248 62.978753 -19.540079 -6.320309 12.483626 4.606637 -11.924019 -0.422261 0.481676 -2.767249 0.349535 -0.377981 3.091306 -2.536673 -0.845686 0.003607 -0.476910 2.436314 5.606705 1.102550 2.608760 -3.055530 -1.119190 0.519763 -2.439089 -3.122747 -2.812570 -0.006699 -1.115543 0.688126
-0.646940 0.959504 -0.029645 4.994200 3.970887 -0.886817 0.060285 0.481551 1.397678 -0.038012 -5.611795 0.624109 -0.037894 0.208636 0.620250 0.018893 5.992930 0.467752 -1.616779 13.580792 -0.398491 -2.896642 -10.799954 -0.107688 -0.010070 9.758680 8.915742 -10.423237 -20.122315 73.802760 21.695955 52.985608 14.416107 1.454424 14.886390 -7.242211 0.871120 7.773373 -7.896341 5.962870 -18.597963 -76.294885 -27.021145 62.992987 -19.713157 -6.292405 12.484953 4.635782 -11.844403 -0.756877 0.422745 -2.740418 1.055928 -0.344497 2.909289 -2.926376 -0.873587 0.004211 -0.371121 1.894867 5.697487 1.167783 2.587485 -2.797154 -1.225709 0.583897 -2.887552 -3.109649 -3.036368 -0.007281 -1.047608 0.828034
-0.647457 0.959464 -0.029351 5.093252 3.953505 -0.817955 0.022986 0.559702 1.393495 -0.054629 -5.577176 0.622236 -0.054435 0.243254 0.616690 0.006184 6.018880 0.465096 -1.628685 13.546431 -0.395960 -2.920658 -10.863528 -0.097418 -0.011497 9.708631 8.889447 -10.379963 -20.103900 73.756228 21.831908 52.963948 14.522682 1.459441 14.895572 -7.230450 0.875396 7.681916 -7.931179 6.058902 -18.563700 -76.222860 -27.255315 63.017154 -19.910752 -6.267032 12.480060 4.666862 -11.794100 -1.102176 0.338116 -2.619882 1.809675 -0.289945 2.651708 -3.386171 -0.932733 0.002886 -0.159107 0.812073 5.857963 1.214225 2.543563 -2.471735 -1.281432 0.668685 -3.481352 -3.127180 -3.317641 -0.007602 -0.964678 1.003033
-0.648426 0.959374 -0.028934 5.212923 3.940216 -0.759247 -0.022627 0.635349 1.388689 -0.074906 -5.543694 0.620109 -0.074620 0.276733 0.612505 -0.009305 6.043971 0.461971 -1.638900 13.513161 -0.395558 -2.940622 -10.925142 -0.091857 -0.014703 9.668287 8.883663 -10.386750 -20.102218 73.719574 22.011224 52.975294 14.677892 1.462812 14.903937 -7.226309 0.869171 7.623319 -7.954520 6.126647 -18.567166 -76.126020 -27.379820 63.025032 -20.019474 -6.237644 12.475608 4.697600 -11.767495 -1.374639 0.308343 -2.524461 2.449240 -0.257137 2.423640 -3.822922 -0.998935 0.000000 0.000000 0.000000 5.874185 1.177974 2.566683 -2.042419 -1.179350 0.692323 -4.057125 -3.224572 -3.577363 -0.007521 -0.887274 1.161315
-0.650053 0.959218 -0.028467 5.369567 3.943807 -0.722717 -0.083998 0.707475 1.383812 -0.102176 -5.511823 0.617992 -0.101768 0.308599 0.607619 -0.030065 6.067848 0.458322 -1.646480 13.472512 -0.395862 -2.955438 -11.000512 -0.088513 -0.018466 9.646138 8.918646 -10.474373 -20.145751 73.694364 22.269005 53.029140 14.921136 1.463271 14.912022 -7.234695 0.844612 7.621825 -7.958464 6.155309 -18.645722 -75.992787 -27.364040 63.007231 -20.020495 -6.199776 12.472490 4.738522 -11.774895 -1.551192 0.377799 -2.509356 2.907707 -0.277668 2.271349 -4.206643 -1.061492 -0.000692 0.035383 -0.180456 5.567655 0.971964 2.707091 -1.402684 -0.782068 0.596822 -4.565833 -3.456640 -3.773249 -0.007369 -0.829372 1.284967
-0.652132 0.959013 -0.027876 5.546858 3.951527 -0.696283 -0.153619 0.777127 1.378378 -0.133079 -5.481076 0.615659 -0.132535 0.339341 0.602149 -0.053584 6.090878 0.454235 -1.652418 13.432965 -0.398321 -2.966275 -11.073905 -0.089919 -0.023851 9.633678 8.974192 -10.612168 -20.206152 73.679651 22.571289 53.115409 15.214387 1.462068 14.919302 -7.250696 0.809548 7.653174 -7.950776 6.155866 -18.761898 -75.834768 -27.238591 62.973481 -19.932890 -6.157887 12.469670 4.779097 -11.807101 -1.655508 0.502761 -2.520966 3.252349 -0.323482 2.148836 -4.567246 -1.132366 -0.000251 0.017700 -0.090227 5.115996 0.683773 2.915658 -0.662149 -0.221871 0.449412 -5.056370 -3.768016 -3.945024 -0.007103 -0.777003 1.391910
-0.654386 0.958782 -0.026909 5.703822 3.934678 -0.677569 -0.208652 0.842225 1.381606 -0.157892 -5.452306 0.617188 -0.157243 0.368104 0.601159 -0.072214 6.112427 0.453525 -1.660471 13.417292 -0.408549 -2.977643 -11.103108 -0.105693 -0.026097 9.633738 9.012503 -10.759434 -20.234251 73.672965 22.851509 53.202380 15.483365 1.461165 14.921206 -7.268616 0.776891 7.686693 -7.942768 6.117181 -18.854005 -75.686941 -26.948245 62.926339 -19.700154 -6.118791 12.471153 4.785525 -11.830048 -1.674257 0.631891 -2.515391 3.523330 -0.351265 2.022566 -4.901319 -1.222460 0.000000 -0.000000 -0.000000 4.840313 0.509430 3.129810 -0.105343 0.201975 0.349642 -5.512026 -4.042327 -4.137758 -0.006252 -0.708783 1.484092
-0.656691 0.958527 -0.025446 5.826991 3.873243 -0.670322 -0.237403 0.908142 1.401405 -0.171807 -5.423095 0.626078 -0.171105 0.397311 0.608636 -0.082068 6.134312 0.459198 -1.676158 13.427901 -0.433156 -2.997275 -11.083706 -0.146176 -0.021700 9.651185 9.014779 -10.916071 -20.206743 73.675605 23.108175 53.267306 15.708181 1.461513 14.911661 -7.294298 0.743127 7.716861 -7.936373 5.979933 -18.897711 -75.567425 -26.363884 62.834805 -19.192017 -6.081272 12.480008 4.739545 -11.855694 -1.584247 0.746588 -2.471364 3.725305 -0.343705 1.897563 -5.209045 -1.331378 0.000000 -0.000000 0.000000 4.904759 0.552047 3.326115 0.116690 0.331986 0.334192 -5.920700 -4.225698 -4.372023 -0.004451 -0.614837 1.626271
-0.659171 0.958247 -0.023606 5.929819 3.787321 -0.670972 -0.251548 0.969472 1.429800 -0.179628 -5.395882 0.638781 -0.178901 0.424522 0.620545 -0.087034 6.154701 0.468210 -1.694025 13.462401 -0.465503 -3.017577 -11.020077 -0.200944 -0.014359 9.681192 8.999812 -11.082026 -20.146835 73.685875 23.342219 53.333390 15.908029 1.462203 14.896744 -7.321905 0.711719 7.749163 -7.929700 5.803180 -18.917290 -75.457761 -25.619711 62.726077 -18.544874 -6.046441 12.493967 4.659579 -11.871756 -1.408530 0.865938 -2.409289 3.853609 -0.318654 1.768905 -5.490349 -1.459563 0.000000 -0.000000 0.000000 5.146420 0.706357 3.527894 0.158023 0.321452 0.357749 -6.294127 -4.372700 -4.629082 -0.001936 -0.505061 1.753691
-0.661921 0.957960 -0.021495 6.011690 3.708361 -0.666179 -0.263322 1.007971 1.452057 -0.186038 -5.378809 0.648742 -0.185289 0.441593 0.629855 -0.091134 6.167489 0.475253 -1.701353 13.536357 -0.491324 -3.020043 -10.883195 -0.248427 -0.010213 9.712000 8.986139 -11.216509 -20.075110 73.696125 23.489999 53.438473 16.066283 1.462348 14.890062 -7.328223 0.705978 7.769467 -7.928438 5.753332 -18.924090 -75.338598 -25.046620 62.694567 -18.091760 -6.024570 12.509047 4.566847 -11.807734 -1.203130 0.995434 -2.347439 3.934417 -0.284702 1.588025 -5.741724 -1.618595 -0.000000 -0.000000 0.000000 5.396554 0.854909 3.739004 0.194420 0.334579 0.390935 -6.651233 -4.530030 -4.895857 0.000644 -0.387760 1.674018
-0.664982 0.957685 -0.019113 6.066642 3.649807 -0.651145 -0.274956 1.011102 1.463103 -0.191745 -5.377454 0.653699 -0.190972 0.442945 0.634233 -0.095064 6.168494 0.478560 -1.693018 13.665060 -0.505252 -2.996966 -10.644624 -0.280800 -0.004575 9.742230 8.982629 -11.291725 -19.991046 73.694635 23.512954 53.605004 16.167730 1.462228 14.898423 -7.303455 0.750618 7.757896 -7.930553 5.898897 -18.906889 -75.228534 -24.684927 62.791628 -17.889369 -6.018963 12.525467 4.475088 -11.632142 -0.986263 1.138987 -2.299855 3.971730 -0.247158 1.344099 -5.956224 -1.814053 -0.000000 0.000000 0.000000 5.559363 1.013335 3.964810 0.346518 0.328359 0.415576 -7.014479 -4.673053 -5.174467 0.002264 -0.232762 1.132021
-0.668312 0.957403 -0.016458 6.100627 3.598200 -0.630544 -0.284214 0.991439 1.467923 -0.196028 -5.386223 0.655869 -0.195234 0.434175 0.635969 -0.098120 6.161910 0.479864 -1.674141 13.833217 -0.512550 -2.956196 -10.332796 -0.305549 -0.002099 9.773235 8.980398 -11.335464 -19.895191 73.692878 23.448830 53.810719 16.226656 1.461630 14.915042 -7.257385 0.820977 7.734407 -7.938049 6.170838 -18.877687 -75.108301 -24.487306 62.970738 -17.871338 -6.026134 12.543061 4.370551 -11.376226 -0.740181 1.293897 -2.252143 3.961349 -0.201168 1.047640 -6.141454 -2.039832 0.000000 -0.000000 0.000000 5.730734 1.166483 4.199374 0.493616 0.346244 0.449797 -7.361518 -4.826789 -5.462407 0.001460 -0.070542 0.382894
-0.671885 0.957077 -0.013629 6.130873 3.544606 -0.605206 -0.296627 0.968433 1.466829 -0.201423 -5.396487 0.655406 -0.200601 0.423909 0.634957 -0.102213 6.154206 0.479095 -1.647312 14.010494 -0.514920 -2.902411 -10.004022 -0.324167 -0.022862 9.797279 8.971241 -11.390239 -19.809768 73.717804 23.348710 54.026446 16.270854 1.458852 14.933110 -7.196165 0.866307 7.744634 -7.962696 6.529416 -18.883377 -74.902669 -24.652014 63.183496 -18.184431 -6.046287 12.556938 4.233044 -11.063708 -0.467160 1.456121 -2.180078 3.917095 -0.139933 0.682152 -6.316085 -2.289655 0.000000 0.000000 -0.000000 6.027861 1.151059 4.427176 0.447072 0.681848 0.523561 -7.643487 -5.111900 -5.738030 0.000000 0.000000 -0.000000
-0.675711 0.956711 -0.010598 6.158705 3.481951 -0.568632 -0.316541 0.943454 1.455666 -0.209670 -5.407650 0.650462 -0.208808 0.412743 0.629176 -0.108796 6.145829 0.474729 -1.612029 14.198615 -0.513450 -2.834257 -9.655130 -0.338880 -0.079409 9.816658 8.950550 -11.465547 -19.746588 73.787172 23.191291 54.251038 16.293092 1.455571 14.948462 -7.103571 0.858315 7.818818 -8.021248 6.989023 -18.962011 -74.555132 -25.300606 63.414119 -18.962942 -6.083222 12.568206 4.053684 -10.642919 -0.171901 1.623954 -2.073771 3.855722 -0.068634 0.186630 -6.478484 -2.563070 -0.000000 0.000000 -0.000000 6.578192 0.971230 4.636476 0.119360 1.334595 0.665529 -7.918110 -5.602807 -6.004381 0.003035 0.014649 0.361114
-0.679779 0.956301 -0.007393 6.182772 3.417303 -0.527320 -0.339564 0.915121 1.438580 -0.219010 -5.420311 0.642876 -0.218100 0.400079 0.620643 -0.116401 6.136329 0.468285 -1.568697 14.395843 -0.507012 -2.752977 -9.289314 -0.347312 -0.159163 9.829021 8.922724 -11.551879 -19.693571 73.882958 22.996460 54.485686 16.298815 1.450026 14.965372 -6.995859 0.825256 7.926601 -8.097207 7.534995 -19.079133 -74.123792 -26.334727 63.668236 -20.095972 -6.133389 12.575531 3.841213 -10.165411 0.149851 1.800938 -1.942752 3.760144 0.016459 -0.378152 -6.631687 -2.859671 0.000000 -0.000000 -0.000000 7.252573 0.621566 4.834835 -0.403770 2.301964 0.847499 -8.125273 -6.224680 -6.256981 0.007268 -0.061759 1.088556
-0.684023 0.955795 -0.004190 6.216322 3.362934 -0.501631 -0.358198 0.898771 1.428330 -0.226760 -5.427632 0.638334 -0.225812 0.392754 0.615313 -0.122583 6.130833 0.464262 -1.521231 14.566654 -0.494002 -2.666941 -8.972455 -0.344258 -0.244519 9.819682 8.893204 -11.663007 -19.637175 73.978259 22.879353 54.704919 16.337335 1.435258 14.989479 -6.927911 0.801162 8.022814 -8.152287 8.085152 -19.171504 -73.706162 -27.624024 63.928183 -21.364878 -6.186098 12.570321 3.601830 -9.809507 0.509523 1.989381 -1.791754 3.593367 0.135123 -0.845135 -6.800637 -3.174412 0.000000 -0.000000 -0.000000 7.781390 -0.075559 5.032546 -1.054409 3.874778 1.008717 -8.041179 -6.871310 -6.467115 0.004541 -0.435581 1.622417
-0.688512 0.955164 -0.001087 6.268812 3.329704 -0.492029 -0.375951 0.899488 1.421852 -0.234349 -5.427366 0.635476 -0.233367 0.393017 0.611685 -0.128525 6.131026 0.461530 -1.465834 14.693550 -0.473653 -2.569424 -8.737085 -0.329482 -0.332214 9.774384 8.858635 -11.813488 -19.569222 74.103631 22.854358 54.910794 16.392877 1.411530 15.026436 -6.907386 0.790967 8.078462 -8.166008 8.668832 -19.193765 -73.327651 -29.301013 64.234647 -22.828669 -6.244069 12.545020 3.294840 -9.664568 0.912659 2.175796 -1.621190 3.328077 0.318079 -1.129951 -7.001831 -3.517820 0.000000 -0.000000 -0.000000 8.106207 -1.208213 5.260234 -1.995151 6.217194 1.056080 -7.517020 -7.734278 -6.650191 -0.007426 -1.049012 1.743924
-0.693177 0.954438 0.002013 6.330835 3.306775 -0.498046 -0.389360 0.912206 1.422242 -0.240368 -5.421755 0.635680 -0.239361 0.398626 0.611278 -0.133056 6.135227 0.461232 -1.406224 14.793975 -0.446743 -2.466865 -8.550798 -0.303405 -0.425492 9.707413 8.822655 -11.988540 -19.497618 74.228301 22.909294 55.101207 16.483806 1.378497 15.070387 -6.926673 0.789754 8.122607 -8.158652 9.257977 -19.190728 -72.962698 -31.255739 64.528911 -24.450949 -6.305044 12.506430 2.960997 -9.640308 1.354563 2.371074 -1.429982 2.991591 0.533369 -1.315107 -7.217414 -3.881198 0.000000 -0.000000 0.000000 8.280581 -2.687292 5.484757 -3.082600 9.162623 1.018449 -6.700804 -8.618438 -6.816421 -0.025478 -1.959977 1.669578
-0.697742 0.953659 0.005220 6.387394 3.273918 -0.538676 -0.380513 0.937020 1.451526 -0.237898 -5.410709 0.648742 -0.236908 0.409673 0.624591 -0.130215 6.143502 0.471284 -1.357666 14.884842 -0.413916 -2.387419 -8.382043 -0.261786 -0.516524 9.646911 8.801240 -12.157917 -19.434033 74.233722 23.122436 55.244261 16.714046 1.328299 15.109478 -7.017689 0.816765 8.197287 -8.152667 9.684770 -19.230786 -72.632437 -32.942004 64.666612 -25.819361 -6.349671 12.468249 2.728636 -9.644755 1.831275 2.613188 -1.220608 2.629332 0.706895 -1.484216 -7.420185 -4.231177 -0.000000 -0.000000 -0.000000 8.204226 -4.422718 5.628412 -3.775030 12.515069 1.055872 -5.820367 -8.835859 -6.928738 -0.045931 -3.548709 1.482589
-0.702197 0.952790 0.008557 6.464315 3.223695 -0.640849 -0.351945 0.976596 1.529698 -0.229028 -5.393048 0.683589 -0.228090 0.427337 0.660338 -0.120904 6.156723 0.498261 -1.328349 14.966048 -0.378070 -2.345248 -8.230978 -0.207028 -0.624571 9.585393 8.815241 -12.311445 -19.384295 74.022424 23.652310 55.386654 17.250054 1.252582 15.143582 -7.229126 0.879701 8.342681 -8.158247 9.820037 -19.366535 -72.324374 -34.083708 64.572249 -26.710229 -6.368684 12.433807 2.661289 -9.697120 2.372831 2.946429 -0.929619 2.214190 0.807668 -1.707505 -7.597956 -4.567100 0.000000 0.000000 0.000000 7.746774 -6.459233 5.680811 -3.805624 16.348420 1.332476 -4.922770 -7.876323 -7.102528 -0.069208 -6.243329 1.277420
-0.706552 0.951868 0.012001 6.535911 3.163707 -0.777676 -0.301014 1.027919 1.636923 -0.211648 -5.370080 0.731347 -0.210800 0.450312 0.709860 -0.104201 6.173921 0.535631 -1.310144 15.037618 -0.336216 -2.326205 -8.097587 -0.136679 -0.730315 9.530154 8.843761 -12.460103 -19.343878 73.692660 24.343824 55.477151 17.928121 1.158831 15.172754 -7.512216 0.970640 8.518793 -8.164485 9.793017 -19.542827 -72.051244 -34.901601 64.343830 -27.294536 -6.370855 12.400045 2.695301 -9.775123 2.949772 3.325715 -0.619938 1.774710 0.864885 -1.915537 -7.762838 -4.889548 -0.000000 0.000000 0.000000 7.036152 -8.749434 5.683056 -3.388258 20.594820 1.774067 -3.975968 -6.247959 -7.203595 -0.074608 -9.608247 0.886652
-0.710561 0.951053 0.015595 6.509868 3.095891 -0.887302 -0.202127 1.082732 1.735443 -0.172561 -5.345356 0.775088 -0.171895 0.475050 0.757569 -0.071431 6.192472 0.571620 -1.293845 15.116647 -0.280028 -2.315982 -7.950065 -0.038963 -0.768191 9.531723 8.839947 -12.605553 -19.308452 73.419917 24.792358 55.343412 18.345854 1.064647 15.185113 -7.752708 1.085505 8.647367 -8.162597 9.823260 -19.665826 -71.873175 -35.574105 64.111804 -27.732297 -6.363228 12.371753 2.768157 -9.727075 3.467388 3.656962 -0.484457 1.438661 0.899782 -1.983937 -7.923725 -5.166455 0.000000 0.000000 0.000000 6.368681 -11.066971 5.629034 -2.682764 24.850880 2.246117 -3.044243 -4.803914 -6.818685 -0.001656 -12.717418 0.014864
-0.714183 0.950369 0.019303 6.336596 3.005615 -0.961369 -0.026807 1.151162 1.821209 -0.098951 -5.314239 0.812911 -0.098612 0.506185 0.802866 -0.013076 6.215872 0.605770 -1.285234 15.200672 -0.201941 -2.328155 -7.792774 0.102431 -0.679899 9.634015 8.774168 -12.784886 -19.275343 73.285813 24.876594 54.897081 18.344163 0.977171 15.174139 -7.919477 1.230626 8.687613 -8.140427 9.968986 -19.697570 -71.836719 -36.131922 63.903743 -28.028658 -6.342319 12.356760 2.873639 -9.386720 3.883791 3.929946 -0.705571 1.274029 0.922118 -1.853336 -8.088753 -5.394821 0.000000 0.000000 0.000000 5.693461 -13.412958 5.564514 -1.515384 29.246895 2.755271 -2.060646 -3.821593 -5.542505 0.242412 -15.515580 -1.730532
-0.717458 0.949793 0.023161 6.065651 2.907121 -1.007697 0.196379 1.223371 1.898410 -0.003683 -5.281188 0.846727 -0.003755 0.539246 0.846354 0.061314 6.240756 0.638533 -1.278415 15.291885 -0.109338 -2.348788 -7.621788 0.271374 -0.524475 9.794366 8.676805 -12.961131 -19.245883 73.209636 24.724975 54.230070 18.090973 0.891087 15.146063 -8.043960 1.399884 8.680339 -8.111127 10.171262 -19.673916 -71.894151 -36.555633 63.694999 -28.190655 -6.312986 12.347036 3.017987 -8.923609 4.239744 4.156933 -1.102392 1.210444 0.929029 -1.583942 -8.247927 -5.578734 0.000000 0.000000 0.000000 5.067120 -15.789775 5.453982 0.029675 33.639143 3.428511 -0.995533 -3.079262 -3.794264 0.645867 -17.995169 -3.992190
-0.720264 0.949418 0.027314 5.753173 2.845781 -0.988939 0.407266 1.261738 1.941246 0.087884 -5.263209 0.865221 0.087427 0.557217 0.874142 0.131774 6.254340 0.659435 -1.246773 15.414641 -0.016307 -2.322536 -7.392505 0.431134 -0.411950 9.932695 8.590248 -13.024171 -19.221533 73.121936 24.305076 53.445453 17.673861 0.806276 15.108032 -8.106010 1.570655 8.669775 -8.104006 10.473970 -19.612662 -71.964942 -36.954777 63.533424 -28.386687 -6.293832 12.323732 3.157256 -8.693057 4.566079 4.274494 -1.323414 1.168649 0.924291 -1.231050 -8.382694 -5.696713 -0.000000 -0.000000 0.000000 4.976440 -17.977941 5.114570 1.323869 37.219635 4.191312 -0.015250 -2.655121 -2.404041 0.989103 -19.354731 -5.795486
-0.722448 0.949358 0.031860 5.396302 2.843278 -0.882843 0.593896 1.243548 1.936772 0.171163 -5.270525 0.862748 0.170357 0.549880 0.880121 0.194428 6.248952 0.663870 -1.171175 15.598130 0.076371 -2.213042 -7.051117 0.572763 -0.385335 10.026337 8.535294 -12.841374 -19.201627 72.950740 23.482909 52.461845 17.047466 0.725672 15.062069 -8.089569 1.754059 8.678093 -8.143042 10.911627 -19.533263 -72.029919 -37.354135 63.435957 -28.675737 -6.290277 12.271053 3.300646 -8.878288 4.857974 4.227708 -1.218385 1.146913 0.914873 -0.764348 -8.476186 -5.720131 -0.000000 -0.000000 -0.000000 5.909092 -19.906850 4.318143 1.909557 39.739509 4.969452 0.833920 -2.707534 -1.677656 1.079130 -19.080080 -6.695568
-0.724163 0.949500 0.036703 4.997889 2.879332 -0.712374 0.768392 1.192007 1.897709 0.250836 -5.292795 0.844968 0.249688 0.527581 0.870430 0.253216 6.232347 0.656483 -1.070964 15.813547 0.169645 -2.057233 -6.650897 0.706037 -0.401119 10.096899 8.490302 -12.544757 -19.186188 72.766967 22.434296 51.352575 16.300696 0.643760 15.006917 -8.011867 1.939092 8.683482 -8.203684 11.448991 -19.416302 -72.105901 -37.730569 63.387206 -28.999731 -6.297101 12.204729 3.438458 -9.299392 5.117583 4.066132 -0.937990 1.148450 0.890294 -0.214070 -8.545599 -5.679135 -0.000000 0.000000 -0.000000 7.437756 -21.622615 3.208339 2.143061 41.456877 5.701531 1.512969 -3.042031 -1.298464 0.986189 -17.757648 -6.984361
-0.725744 0.949604 0.041699 4.622577 2.936302 -0.508354 0.906605 1.138227 1.836484 0.315427 -5.316290 0.817433 0.313995 0.504055 0.849454 0.299882 6.214801 0.640599 -0.977355 15.998529 0.251440 -1.909847 -6.307399 0.821129 -0.438877 10.129622 8.433128 -12.421052 -19.180355 72.714522 21.542823 50.460231 15.671002 0.547628 14.944809 -7.902770 2.069772 8.663799 -8.242247 12.025275 -19.222650 -72.166598 -38.119085 63.385871 -29.347924 -6.314351 12.153570 3.498662 -9.766674 5.389010 3.880896 -0.581690 1.102612 0.827611 0.273336 -8.624166 -5.638681 -0.000000 0.000000 -0.000000 8.659395 -23.105985 2.174876 2.520780 42.335410 6.216729 1.816764 -3.157390 -1.129275 0.825563 -16.299496 -6.759476
-0.727284 0.949630 0.046795 4.309197 3.011365 -0.257944 0.987510 1.087635 1.743158 0.356035 -5.338711 0.775726 0.354417 0.481609 0.811869 0.327374 6.198033 0.612210 -0.897893 16.135309 0.321133 -1.785089 -6.053429 0.919802 -0.505260 10.105850 8.347329 -12.633253 -19.193419 72.905445 20.857527 49.981691 15.161448 0.414178 14.870743 -7.752028 2.115588 8.599200 -8.228386 12.692604 -18.904667 -72.214510 -38.600235 63.433476 -29.765935 -6.331864 12.133896 3.447528 -10.337502 5.702532 3.679336 -0.080681 0.959995 0.701474 0.645291 -8.716045 -5.617145 -0.000085 0.027053 -0.073016 9.287804 -24.368596 1.332628 3.210120 42.279050 6.453480 1.565723 -2.832803 -1.167078 0.648476 -15.081857 -5.980594
-0.728690 0.949618 0.052046 4.019270 3.107597 0.025807 1.032156 1.034123 1.627744 0.381562 -5.362651 0.724259 0.379824 0.457652 0.762994 0.342749 6.180107 0.575317 -0.825070 16.241829 0.378603 -1.668772 -5.855760 0.998745 -0.593205 10.043748 8.249644 -13.018963 -19.214150 73.227181 20.287347 49.725658 14.720741 0.264112 14.790597 -7.571382 2.106965 8.509079 -8.192488 13.397216 -18.509479 -72.244342 -39.097293 63.528641 -30.210042 -6.357840 12.130192 3.319332 -10.956260 6.025091 3.453621 0.496145 0.770314 0.535449 0.953967 -8.817832 -5.594726 -0.000364 0.054102 -0.146033 9.573225 -25.424288 0.611816 3.978746 41.388440 6.413399 0.958807 -2.264899 -1.427362 0.449641 -13.727186 -4.735670
-0.730016 0.949455 0.057477 3.701199 3.215382 0.273459 1.079105 0.991646 1.532379 0.407104 -5.381640 0.681709 0.405247 0.438646 0.723036 0.358806 6.165887 0.545155 -0.767517 16.309193 0.412209 -1.572895 -5.731001 1.039556 -0.661967 9.984196 8.167742 -13.375905 -19.221712 73.486720 19.973104 49.461395 14.474501 0.153785 14.721256 -7.421686 2.079333 8.429734 -8.182445 13.921564 -18.141204 -72.223450 -39.408115 63.666854 -30.533457 -6.419345 12.123766 3.144202 -11.260912 6.316251 3.274471 0.842771 0.610679 0.384144 1.209642 -8.951161 -5.578064 0.000000 0.000000 -0.000000 9.375821 -26.295064 0.176318 4.764511 39.918400 6.068040 0.368015 -1.588881 -1.782039 0.261574 -12.007033 -3.349499
-0.731337 0.949084 0.063057 3.342459 3.338356 0.454804 1.141741 0.963790 1.473224 0.437844 -5.393990 0.655253 0.435845 0.426274 0.699700 0.379994 6.156644 0.527533 -0.736429 16.335315 0.413573 -1.515248 -5.682961 1.030602 -0.699520 9.936585 8.120060 -13.667481 -19.208949 73.621367 20.006012 49.094544 14.503938 0.111260 14.669277 -7.348700 2.034488 8.374820 -8.219165 14.135924 -17.822397 -72.106316 -39.486573 63.829130 -30.704547 -6.548210 12.106035 2.917199 -11.066928 6.554762 3.184406 0.808613 0.510458 0.271202 1.400703 -9.125933 -5.571608 0.001641 -0.197619 0.581269 8.400908 -26.989514 0.215734 5.721206 37.878516 5.361531 -0.015921 -1.002238 -2.196256 0.109843 -9.594159 -1.706788
-0.732578 0.948561 0.068817 2.955408 3.472431 0.599631 1.206443 0.947190 1.433911 0.468521 -5.401285 0.637621 0.466382 0.418954 0.685183 0.401800 6.151189 0.516563 -0.720525 16.322076 0.391231 -1.477909 -5.708142 0.983621 -0.718075 9.891874 8.088130 -13.929563 -19.185981 73.694132 20.284848 48.721526 14.724129 0.111794 14.626777 -7.303909 1.970693 8.330152 -8.281707 14.173401 -17.530981 -71.945568 -39.375881 64.035403 -30.752366 -6.714917 12.086897 2.644034 -10.555958 6.769678 3.143544 0.544101 0.439119 0.178034 1.538691 -9.332166 -5.570432 0.001684 -0.476408 1.381588 6.912273 -27.493335 0.569753 6.776909 35.245402 4.435112 -0.368184 -0.318169 -2.713804 0.024679 -6.792711 0.030067
-0.733567 0.947939 0.074875 2.525494 3.596412 0.728563 1.271144 0.945786 1.407621 0.498539 -5.401794 0.625757 0.496269 0.418419 0.676366 0.423545 6.150819 0.509894 -0.694645 16.266570 0.359120 -1.419137 -5.812118 0.915557 -0.713582 9.863503 8.043796 -14.067656 -19.162323 73.701224 20.670020 48.398314 15.022124 0.133057 14.587829 -7.205842 1.918213 8.290146 -8.355464 14.210775 -17.305589 -71.857316 -39.001135 64.339775 -30.615058 -6.854230 12.075101 2.369962 -9.914155 7.000231 3.100007 0.194629 0.383345 0.097938 1.668735 -9.561471 -5.567688 -0.001108 -0.730301 1.971490 5.618929 -27.803687 0.859671 7.518833 32.230819 3.547787 -0.877421 0.896672 -3.326526 0.001405 -4.338889 1.138456
-0.734223 0.947219 0.081194 2.042080 3.711600 0.849453 1.339520 0.963283 1.394131 0.529535 -5.393857 0.619534 0.527136 0.426327 0.673288 0.446451 6.156783 0.507551 -0.654142 16.152280 0.315427 -1.329664 -6.025566 0.821439 -0.677521 9.863564 7.970256 -14.003720 -19.139203 73.621006 21.126212 48.090493 15.370079 0.170735 14.544763 -7.023139 1.890750 8.258701 -8.443913 14.287491 -17.187294 -71.888281 -38.254780 64.791179 -30.217746 -6.941765 12.076347 2.118116 -9.127779 7.247406 3.041547 -0.259787 0.329919 0.035926 1.805252 -9.811387 -5.564391 -0.005014 -0.910869 2.134823 4.784615 -27.939198 0.928483 7.848007 28.789482 2.814084 -1.635629 3.107400 -4.131250 -0.005862 -2.463967 1.144388
-0.734626 0.946400 0.087811 1.515649 3.816687 0.954388 1.407835 0.996168 1.393342 0.559857 -5.379040 0.618921 0.557339 0.441115 0.675753 0.469271 6.167908 0.509388 -0.603004 15.995661 0.262739 -1.217293 -6.317742 0.706972 -0.618838 9.879862 7.883802 -13.816157 -19.115619 73.474857 21.687513 47.830689 15.792753 0.228639 14.504232 -6.787122 1.874421 8.231661 -8.543697 14.362851 -17.136150 -71.990436 -37.210021 65.333865 -29.603656 -7.002128 12.085630 1.864708 -8.210629 7.511244 2.981259 -0.799072 0.292470 -0.011077 1.933688 -10.084445 -5.559499 -0.009340 -1.066567 2.087770 4.156724 -27.889648 0.910065 7.863162 24.971336 2.150011 -2.553832 5.827249 -5.153822 -0.009001 -0.982971 0.522721
-0.734843 0.945528 0.094954 0.963297 3.886703 1.040939 1.462922 1.037424 1.398746 0.583984 -5.360518 0.621062 0.581379 0.459613 0.680345 0.487627 6.181810 0.512831 -0.529266 15.843563 0.221255 -1.066435 -6.601509 0.604694 -0.559437 9.889210 7.806114 -13.644952 -19.097648 73.323867 22.328084 47.775868 16.264400 0.295511 14.481714 -6.511126 1.858430 8.191696 -8.629790 14.491910 -17.069835 -72.136383 -36.070309 65.866662 -28.894144 -7.042380 12.094895 1.583459 -7.391250 7.828047 2.905469 -1.217987 0.298113 -0.065372 2.055689 -10.379813 -5.543485 -0.013757 -1.236563 2.049382 3.678921 -27.625633 0.848670 7.419540 21.138743 1.494922 -3.559345 8.061166 -6.261157 0.000000 -0.000000 0.000000
-0.734886 0.944614 0.102631 0.386415 3.931460 1.110091 1.502317 1.078914 1.407818 0.600957 -5.341926 0.624866 0.598298 0.478187 0.685872 0.500712 6.195761 0.516983 -0.430362 15.701790 0.196575 -0.874350 -6.865976 0.524005 -0.506827 9.876826 7.741762 -13.523911 -19.079001 73.188473 23.071288 48.035837 16.796820 0.370335 14.489975 -6.189834 1.844187 8.123122 -8.690231 14.714080 -16.962202 -72.343978 -34.822269 66.377067 -28.066271 -7.061646 12.106865 1.259381 -6.752569 8.201424 2.812597 -1.425942 0.330111 -0.141929 2.161481 -10.699823 -5.511711 -0.017668 -1.405717 2.093441 3.341397 -27.121687 0.752926 6.376182 17.297852 0.810023 -4.704819 9.506243 -7.498816 0.013010 0.313861 -0.110057
-0.734741 0.943649 0.110834 -0.216515 3.940732 1.161724 1.528498 1.128810 1.422961 0.611739 -5.319615 0.631370 0.609055 0.500486 0.693470 0.509329 6.212499 0.522700 -0.308907 15.564873 0.183194 -0.643883 -7.121266 0.455556 -0.453157 9.857467 7.686545 -13.419029 -19.066542 73.048527 23.914329 48.496845 17.399082 0.457056 14.515487 -5.828088 1.830702 8.041841 -8.736373 14.989422 -16.839411 -72.595492 -33.467870 66.873483 -27.132051 -7.061322 12.119076 0.906828 -6.212264 8.626139 2.703673 -1.514008 0.405175 -0.229208 2.260547 -11.042208 -5.468707 -0.021832 -1.589128 2.146202 3.156029 -26.403492 0.603989 4.894619 13.437238 0.230338 -5.931477 10.423689 -8.794123 0.008379 0.155122 -0.060003
-0.734439 0.942648 0.119773 -0.832764 3.859317 1.193075 1.535666 1.204450 1.444943 0.613668 -5.285891 0.640869 0.611013 0.534209 0.703166 0.511494 6.237798 0.530003 -0.161340 15.462957 0.183951 -0.369234 -7.311409 0.403095 -0.397038 9.852375 7.649124 -13.368145 -19.086980 72.905029 24.790936 48.981074 18.042085 0.549975 14.534792 -5.454589 1.803639 7.977892 -8.778267 15.254153 -16.697261 -72.811114 -32.278106 67.295556 -26.309049 -7.052548 12.114663 0.543223 -5.751259 9.124326 2.569306 -1.549532 0.600323 -0.311793 2.383614 -11.399289 -5.419315 -0.028483 -1.871224 2.205514 3.098406 -25.517013 0.406924 3.260177 9.900240 -0.094230 -7.004384 10.720283 -9.712759 -0.000000 -0.000000 0.000000
-0.734005 0.941594 0.129541 -1.457883 3.646882 1.204865 1.516964 1.324076 1.472314 0.603701 -5.232679 0.652671 0.601146 0.587433 0.713957 0.504849 6.277708 0.538138 0.028591 15.411166 0.203475 -0.021940 -7.408302 0.369435 -0.334924 9.865966 7.641334 -13.403567 -19.166240 72.754738 25.717131 49.460148 18.760917 0.651447 14.541498 -5.052832 1.746436 7.941414 -8.816698 15.503337 -16.530787 -72.965373 -31.353142 67.609285 -25.681530 -7.036655 12.076629 0.152742 -5.407625 9.733593 2.408827 -1.536446 0.934045 -0.404774 2.563768 -11.788262 -5.366400 -0.038672 -2.269319 2.278548 3.190870 -24.383676 0.147957 1.279679 6.695403 -0.152119 -7.850417 10.134173 -9.738419 -0.000000 0.000000 0.000000
-0.733413 0.940505 0.140044 -2.096073 3.343145 1.199866 1.479119 1.469632 1.505115 0.584863 -5.167988 0.666863 0.582450 0.652142 0.726237 0.491679 6.326220 0.547404 0.244105 15.394877 0.236533 0.368300 -7.438911 0.351356 -0.270492 9.894371 7.650970 -13.492423 -19.280145 72.602263 26.683812 49.958495 19.529420 0.757201 14.541401 -4.639505 1.675419 7.922109 -8.851482 15.742192 -16.344864 -73.084913 -30.631279 67.856499 -25.203623 -7.014310 12.020384 -0.249769 -5.144165 10.414701 2.220411 -1.470825 1.387503 -0.496307 2.768254 -12.192179 -5.308926 -0.051975 -2.766060 2.358460 3.407143 -23.081698 -0.155719 -0.902660 3.845248 0.032578 -8.588954 9.031210 -9.238519 0.000000 -0.000000 -0.000000
-0.732613 0.939452 0.151217 -2.747549 3.012920 1.178286 1.436709 1.604106 1.546811 0.563572 -5.108209 0.685101 0.561301 0.711943 0.742314 0.476960 6.371049 0.559544 0.439110 15.399422 0.271088 0.719751 -7.430467 0.343641 -0.213403 9.946113 7.650211 -13.574873 -19.379655 72.459726 27.566635 50.382953 20.205900 0.848742 14.530797 -4.293417 1.625407 7.919173 -8.891758 15.922665 -16.150291 -73.168340 -30.158014 68.096677 -24.914817 -6.995500 11.976523 -0.600558 -4.827913 11.075257 1.996686 -1.406171 1.982354 -0.529265 2.929577 -12.551901 -5.245353 -0.068281 -3.393905 2.422167 3.653029 -21.892245 -0.452078 -2.515539 1.710053 0.392325 -9.245087 8.233176 -9.149594 -0.000000 -0.000000 -0.000000
-0.731498 0.938441 0.163093 -3.419846 2.669359 1.141374 1.394551 1.722158 1.602708 0.541727 -5.055683 0.709751 0.539592 0.764491 0.764746 0.462309 6.410437 0.576488 0.597354 15.414570 0.300736 1.004300 -7.402163 0.340465 -0.166175 10.039352 7.616592 -13.608854 -19.461932 72.347994 28.276191 50.683538 20.682536 0.916878 14.504659 -4.045056 1.612296 7.938956 -8.944349 16.000626 -15.946050 -73.208765 -30.005801 68.354009 -24.872297 -6.985344 11.954996 -0.897575 -4.380222 11.729190 1.719167 -1.390526 2.662453 -0.459550 3.038773 -12.834370 -5.165115 -0.086762 -4.153139 2.451260 3.923589 -20.902666 -0.754035 -3.129226 0.437232 0.871533 -9.762184 8.018879 -10.182828 0.000000 -0.000000 0.000000
-0.730175 0.937465 0.175638 -4.105086 2.298694 1.088945 1.347732 1.829633 1.667738 0.517361 -5.007853 0.738545 0.515360 0.812343 0.791067 0.446062 6.446297 0.596376 0.734847 15.450481 0.331663 1.249483 -7.335232 0.347603 -0.126667 10.155256 7.571518 -13.636513 -19.528922 72.245599 28.887642 50.916427 21.051977 0.969578 14.469850 -3.864025 1.620087 7.974999 -9.003089 16.020901 -15.732861 -73.214224 -30.116977 68.607916 -25.031737 -6.978438 11.944304 -1.142546 -3.878367 12.362592 1.410747 -1.368826 3.484815 -0.330698 3.105905 -13.072261 -5.077517 -0.107668 -5.043537 2.464357 4.225803 -20.025526 -1.044996 -3.158528 -0.147552 1.364862 -10.179570 8.063437 -11.664248 -0.000000 0.000000 -0.000000
-0.728918 0.936574 0.188690 -4.780442 1.925303 1.017341 1.296334 1.906149 1.731160 0.491108 -4.973817 0.766771 0.489229 0.846402 0.816628 0.428345 6.471808 0.615702 0.853849 15.522811 0.370640 1.457042 -7.200683 0.377007 -0.097178 10.247032 7.553744 -13.724173 -19.539433 72.098959 29.518605 51.149067 21.467853 1.014689 14.441316 -3.737662 1.635972 8.007434 -9.057207 16.068923 -15.524192 -73.204538 -30.333415 68.849738 -25.272431 -6.965606 11.943170 -1.276635 -3.421146 12.841640 1.128309 -1.239203 4.640264 -0.215956 3.091377 -13.304704 -5.007978 -0.132845 -6.096787 2.494128 4.488810 -19.279506 -1.233512 -3.086451 -0.179240 1.682973 -10.625672 8.224767 -12.514675 -0.000000 0.000000 -0.000000
-0.727829 0.935637 0.202286 -5.450187 1.570833 0.894690 1.241257 1.924308 1.807227 0.462786 -4.965698 0.800866 0.461013 0.854547 0.847852 0.409527 6.477878 0.639307 0.958661 15.653442 0.414029 1.636160 -6.957979 0.420605 -0.070972 10.282671 7.574143 -13.909960 -19.437020 71.860737 30.267303 51.404082 22.025322 1.044896 14.426439 -3.647069 1.671108 8.012942 -9.099701 16.215131 -15.272916 -73.185660 -30.737545 69.114376 -25.670032 -6.937764 11.956049 -1.267304 -2.939365 13.171719 0.943404 -0.943496 6.119083 -0.155067 2.915350 -13.674506 -4.906328 -0.157257 -7.178237 2.508974 4.734417 -18.769083 -1.268610 -3.031100 0.526276 1.687168 -11.311399 8.616887 -12.136023 0.000000 0.000000 -0.000000
-0.726807 0.934786 0.216389 -6.109541 1.212577 0.752556 1.181365 1.911760 1.883140 0.432446 -4.971264 0.835015 0.430778 0.849007 0.878921 0.389203 6.473676 0.662796 1.044317 15.820488 0.464002 1.776778 -6.647853 0.484180 -0.054693 10.295260 7.623085 -14.154093 -19.283162 71.572408 31.038312 51.655163 22.633104 1.068632 14.418307 -3.610916 1.714658 8.015165 -9.136796 16.389197 -15.025671 -73.150390 -31.256026 69.365471 -26.157166 -6.897975 11.979307 -1.146435 -2.499719 13.346868 0.785709 -0.537131 7.929118 -0.099079 2.655944 -14.038333 -4.813820 -0.186452 -8.422534 2.540547 4.943010 -18.387913 -1.199995 -2.867476 1.780239 1.507569 -11.990268 9.171607 -11.115430 0.000000 0.000000 0.000000
-0.725816 0.934457 0.230723 -6.722846 0.810047 0.682117 1.114424 1.929316 1.906842 0.401429 -4.963665 0.845803 0.399877 0.856625 0.886556 0.366595 6.479341 0.668600 1.099402 15.974142 0.536334 1.852396 -6.362922 0.600578 -0.070780 10.336456 7.708160 -14.406196 -19.212362 71.316921 31.659418 51.898323 23.164641 1.118548 14.409802 -3.672189 1.720613 8.064520 -9.178774 16.465219 -14.936662 -73.097556 -31.473237 69.490227 -26.375976 -6.854260 11.999943 -0.951562 -2.403903 13.215377 0.495705 -0.088293 10.287336 0.001933 2.507518 -14.007224 -4.898015 -0.244535 -10.264955 2.722027 4.984392 -17.837214 -1.094967 -2.718896 2.901916 1.375371 -12.130029 9.435662 -10.159759 0.000000 0.000000 0.000000
-0.724724 0.934847 0.245564 -7.276557 0.308135 0.752691 1.034427 2.010868 1.842908 0.368696 -4.927940 0.817374 0.367287 0.892369 0.854802 0.339716 6.506109 0.644684 1.116663 16.093882 0.632848 1.849254 -6.141431 0.775183 -0.152371 10.430256 7.867399 -14.685132 -19.321995 71.075990 32.145294 52.201812 23.707870 1.223829 14.389572 -3.841073 1.675717 8.212398 -9.256280 16.400457 -15.108908 -73.014605 -31.178982 69.462864 -26.180254 -6.810632 12.006612 -0.650515 -2.813876 12.783865 -0.008446 0.560493 13.281379 0.146365 2.570820 -13.612092 -5.390078 -0.347395 -12.720343 3.205342 4.795479 -16.967616 -1.002096 -2.705905 3.696304 1.406746 -11.338084 9.110077 -9.510917 -0.000000 -0.000000 0.000000
-0.723664 0.935761 0.260637 -7.786494 -0.235190 0.895640 0.948496 2.120043 1.725083 0.335936 -4.880071 0.764900 0.334680 0.940259 0.799003 0.311007 6.541996 0.602624 1.103444 16.201002 0.751627 1.781802 -5.943666 1.001749 -0.266972 10.554829 8.060331 -14.972071 -19.513550 70.874558 32.476176 52.504538 24.165900 1.359153 14.367803 -4.105090 1.593022 8.406850 -9.342058 16.234904 -15.437998 -72.906903 -30.577279 69.309528 -25.709625 -6.760999 12.011771 -0.274842 -3.550241 12.031959 -0.634711 1.258531 16.824449 0.314772 2.708708 -12.826890 -6.069454 -0.515254 -15.770880 3.860684 4.442836 -15.927164 -0.891264 -2.706986 4.360882 1.480602 -10.047316 8.461172 -8.966195 -0.000000 -0.000000 -0.000000
-0.723002 0.937048 0.274840 -8.260030 -0.690904 0.993765 0.874348 2.212299 1.605161 0.308631 -4.839633 0.711530 0.307499 0.980715 0.742864 0.286359 6.572320 0.560297 1.070630 16.308808 0.903514 1.666615 -5.744504 1.296527 -0.337525 10.690523 8.177217 -15.164138 -19.617420 70.861868 32.415274 52.615060 24.119984 1.476682 14.369003 -4.473161 1.465627 8.544642 -9.358993 15.968054 -15.767360 -72.802519 -29.862432 68.999310 -25.022586 -6.701512 12.037401 0.041768 -4.398442 10.771200 -1.270682 1.466113 20.876334 0.455584 2.780798 -11.182237 -6.455228 -0.779012 -19.794621 4.462587 3.994534 -14.861453 -0.713049 -2.479440 4.801961 1.474976 -9.014804 7.857819 -8.552549 -0.000000 -0.000000 -0.000000
-0.722921 0.938760 0.287674 -8.690353 -1.010136 0.976656 0.821593 2.277368 1.512738 0.289590 -4.811107 0.670417 0.288544 1.009251 0.699818 0.268882 6.593709 0.527838 1.014483 16.426233 1.103891 1.491527 -5.526976 1.689210 -0.304262 10.861372 8.155832 -15.194836 -19.559457 71.181654 31.613551 52.383026 23.123316 1.554388 14.403094 -4.991575 1.266768 8.591260 -9.257596 15.563381 -16.047706 -72.762464 -28.841299 68.497167 -23.880037 -6.625820 12.104056 0.226494 -5.235260 8.819992 -1.885473 0.898656 25.620880 0.493002 2.824194 -8.037827 -6.516561 -1.226853 -26.086969 5.007335 3.339371 -13.801514 -0.392816 -1.838909 4.958545 1.329487 -8.489282 7.425164 -8.291969 0.000000 -0.000000 0.000000
-0.723237 0.940844 0.299638 -9.082639 -1.243503 0.911474 0.780378 2.326280 1.419595 0.275788 -4.789708 0.628979 0.274804 1.030656 0.656979 0.255343 6.609756 0.495525 0.939467 16.545729 1.337492 1.270506 -5.304626 2.149479 -0.225389 11.039502 8.059931 -15.131292 -19.406259 71.687350 30.449660 51.939460 21.647659 1.621665 14.455591 -5.613250 1.022499 8.585553 -9.084955 15.058238 -16.329735 -72.725187 -27.751755 67.837775 -22.561401 -6.544095 12.191009 0.350935 -6.167603 6.361519 -2.464321 -0.273886 30.879195 0.195993 2.835207 -4.022466 -6.461965 -1.882301 -33.332706 5.885686 2.597844 -12.708608 -0.012136 -0.975282 4.889965 1.101102 -8.222064 7.043120 -8.136263 -0.000000 -0.000000 -0.000000
-0.723768 0.942994 0.311127 -9.461052 -1.411740 0.886371 0.738940 2.346958 1.291862 0.263717 -4.780908 0.572195 0.262782 1.039463 0.598969 0.241966 6.616361 0.451752 0.868627 16.655321 1.569334 1.058708 -5.099533 2.604229 -0.200574 11.126278 7.970426 -15.074000 -19.195416 72.089182 29.733879 51.542860 20.613271 1.702130 14.518508 -6.208835 0.804905 8.534081 -8.906748 14.563851 -16.602534 -72.540682 -27.359155 67.109135 -21.823886 -6.477243 12.258454 0.497966 -7.338692 3.762756 -2.915521 -1.993710 36.041518 -0.782037 2.692211 -0.552081 -6.136404 -2.496350 -37.976806 7.246170 2.177339 -11.631275 0.267444 -0.207652 4.681918 0.851191 -8.214305 6.717695 -7.973309 0.000000 -0.000000 -0.000000
-0.724399 0.945201 0.322315 -9.841262 -1.499967 0.949618 0.697824 2.316426 1.103213 0.254981 -4.794953 0.488359 0.254073 1.025422 0.514245 0.229090 6.605834 0.387802 0.810566 16.770575 1.797202 0.873192 -4.882908 3.046351 -0.284833 11.053487 7.899579 -15.028363 -18.877421 72.288903 29.683650 51.257407 20.295205 1.787357 14.601383 -6.750779 0.635472 8.405173 -8.730854 14.068990 -16.791960 -72.124678 -27.907158 66.326798 -21.873458 -6.440135 12.297313 0.653976 -8.743732 1.057084 -3.225996 -5.002753 41.019370 -3.025075 2.173331 1.976831 -5.262693 -2.714649 -38.086883 9.032206 2.349689 -10.576079 0.369697 0.354413 4.298921 0.593300 -8.606468 6.478174 -7.759143 0.000000 0.000000 0.000000
-0.725244 0.947473 0.333029 -10.207870 -1.521973 1.051494 0.656586 2.256676 0.880910 0.247914 -4.821998 0.389562 0.247028 0.998379 0.414730 0.216359 6.585551 0.312688 0.756744 16.875846 2.023556 0.696755 -4.683814 3.483534 -0.424079 10.890593 7.837539 -14.988264 -18.503272 72.382418 30.042840 51.036319 20.387082 1.879914 14.699774 -7.268063 0.491237 8.230149 -8.547472 13.581749 -16.960978 -71.564695 -29.008135 65.474019 -22.349790 -6.416656 12.318026 0.833359 -10.401624 -1.786536 -3.363794 -9.139027 45.669512 -6.570911 1.587182 4.054834 -4.085559 -2.318844 -35.499379 10.379111 2.828703 -9.543734 0.399515 0.822827 3.780870 0.313441 -9.255641 6.299873 -7.528481 0.000000 0.000000 0.000000
-0.726462 0.949520 0.343147 -10.538883 -1.541253 1.134192 0.601808 2.223132 0.670761 0.234133 -4.837338 0.296186 0.233301 0.983046 0.319957 0.198962 6.574040 0.241168 0.703646 16.911228 2.221324 0.530344 -4.613974 3.867805 -0.554627 10.747157 7.831047 -15.040972 -18.259632 72.372161 30.865513 50.995811 20.894992 2.012573 14.789083 -7.717045 0.379545 8.107060 -8.397156 13.238377 -17.305529 -70.961984 -30.427248 64.591734 -23.110807 -6.377995 12.313449 1.161981 -12.511148 -4.491064 -3.215457 -12.527815 49.466337 -10.251111 1.596492 5.535683 -3.047616 -1.541131 -32.503249 10.384728 3.181596 -8.581934 0.468903 1.212508 3.323765 0.046345 -9.737325 6.104430 -7.293614 0.000000 -0.000000 -0.000000
-0.728168 0.951208 0.352600 -10.791545 -1.604531 1.180904 0.513834 2.251762 0.481468 0.204453 -4.824983 0.212170 0.203739 0.995415 0.232930 0.170258 6.583299 0.175519 0.649705 16.837661 2.381919 0.372485 -4.746271 4.185004 -0.665373 10.660664 7.926434 -15.277948 -18.256010 72.214287 32.428218 51.250310 22.081400 2.215201 14.867265 -8.045143 0.306729 8.097766 -8.306735 13.115010 -17.982407 -70.289041 -32.345594 63.730569 -24.382881 -6.317627 12.278205 1.716275 -15.675658 -6.910850 -2.614416 -13.777482 52.405226 -13.275209 2.651741 6.199551 -2.204060 -0.732651 -29.784403 9.087393 3.245162 -7.705259 0.611814 1.468607 3.023894 -0.197299 -9.864977 5.853888 -7.041760 -0.000000 0.000000 -0.000000
-0.730245 0.952672 0.361458 -11.008606 -1.665632 1.208530 0.411850 2.307206 0.303480 0.167973 -4.800628 0.133252 0.167398 1.019783 0.150307 0.136800 6.601555 0.113201 0.595733 16.693195 2.516489 0.221351 -5.010082 4.455566 -0.767302 10.595629 8.076752 -15.609260 -18.387088 71.957169 34.500555 51.638619 23.731429 2.452412 14.937278 -8.307263 0.268783 8.138145 -8.250904 13.126855 -18.841562 -69.565729 -34.505280 62.801001 -25.870507 -6.241386 12.227166 2.421196 -19.349189 -9.130188 -1.674017 -13.546061 54.797538 -15.479437 4.276603 6.218162 -1.369920 -0.091617 -26.737770 6.978755 3.186683 -6.898995 0.787766 1.646667 2.781082 -0.416780 -9.825770 5.583167 -6.791213 -0.000000 -0.000000 -0.000000
-0.732502 0.954034 0.369803 -11.296373 -1.649216 1.210089 0.340432 2.338358 0.155192 0.143639 -4.786954 0.067468 0.143153 1.033459 0.082051 0.113493 6.611795 0.061709 0.541884 16.533146 2.627643 0.077419 -5.302891 4.683630 -0.829286 10.550269 8.187133 -15.851716 -18.513197 71.741065 36.338594 51.901526 25.094665 2.659821 14.981436 -8.620278 0.258411 8.137004 -8.192106 13.174367 -19.624219 -68.962459 -36.100590 61.677508 -26.740168 -6.143119 12.182486 3.174259 -21.986194 -11.263438 -0.781260 -12.456719 56.882190 -15.966068 5.693237 5.947560 -0.587952 0.172706 -23.828676 4.347067 3.075255 -6.167458 0.985627 1.926979 2.494958 -0.589802 -9.756626 5.320682 -6.603135 -0.000000 -0.000000 -0.000000
-0.734832 0.955325 0.377631 -11.718949 -1.511929 1.185412 0.330741 2.321202 0.046767 0.144780 -4.794669 0.019190 0.144292 1.025740 0.033888 0.110734 6.605994 0.025349 0.482642 16.366207 2.710236 -0.067493 -5.608610 4.861435 -0.826169 10.538564 8.205328 -15.951037 -18.573473 71.637682 37.665961 51.990187 25.848069 2.819909 14.981572 -9.061223 0.287759 8.048233 -8.126196 13.188476 -20.250812 -68.533427 -36.820328 60.328914 -26.673576 -6.045364 12.156793 3.958249 -22.791576 -13.437591 -0.158072 -9.782933 58.900347 -13.336469 6.745272 5.389620 0.109400 0.017601 -21.146817 0.712183 2.966646 -5.504701 1.194399 2.377884 2.087351 -0.709205 -9.711338 5.090909 -6.509253 0.000000 -0.000000 0.000000
-0.737340 0.956513 0.384946 -12.212341 -1.297676 1.132592 0.351359 2.280098 -0.031282 0.157872 -4.812994 -0.015680 0.157339 1.007413 0.000349 0.118002 6.592242 0.000013 0.424027 16.182756 2.769938 -0.204213 -5.945325 4.997466 -0.782867 10.544012 8.182746 -15.962309 -18.625636 71.574582 38.720916 51.993620 26.273675 2.950235 14.955568 -9.553109 0.344041 7.917528 -8.056206 13.247400 -20.804660 -68.230553 -37.110495 58.825323 -26.122205 -5.939398 12.135718 4.788808 -22.520477 -15.591024 0.274104 -5.612056 60.500319 -8.253237 7.584684 4.498424 0.736111 -0.425162 -18.482005 -3.412170 2.806989 -4.914696 1.422761 2.932738 1.637529 -0.786890 -9.636336 4.869209 -6.478180 0.000000 -0.000000 0.000000
-0.740154 0.957633 0.391848 -12.690809 -1.062130 1.042439 0.353072 2.236479 -0.089564 0.161550 -4.832418 -0.041642 0.161002 0.987991 -0.025240 0.118828 6.577671 -0.019304 0.383838 16.010862 2.824372 -0.304856 -6.261325 5.117300 -0.743567 10.518323 8.180527 -15.866187 -18.704998 71.472478 39.480937 51.905556 26.477952 3.041727 14.939731 -9.979629 0.382059 7.792724 -7.954500 13.480688 -21.270449 -68.074014 -37.344111 57.226033 -25.446495 -5.773109 12.098218 5.613883 -21.929434 -17.603735 0.549083 -2.468762 61.180158 -3.695609 7.882746 3.558746 1.366474 -0.871791 -16.099208 -6.521399 2.501039 -4.415606 1.689990 3.569090 1.282766 -0.832302 -9.507413 4.610810 -6.474957 -0.000000 0.000000 -0.000000
-0.743267 0.958723 0.398306 -13.143717 -0.812302 0.923560 0.318214 2.194308 -0.138380 0.148473 -4.851182 -0.063213 0.147967 0.969232 -0.048140 0.107333 6.563596 -0.036565 0.376863 15.860270 2.876474 -0.342495 -6.539088 5.220630 -0.720726 10.426179 8.226992 -15.599418 -18.813183 71.279673 39.867300 51.693332 26.436152 3.072311 14.946683 -10.275905 0.399570 7.677477 -7.791306 14.022510 -21.628177 -68.151489 -37.595371 55.547695 -24.671741 -5.501159 12.044037 6.414359 -21.128795 -19.466231 0.649677 -1.844593 60.869003 -1.221077 7.162884 2.622366 2.150368 -1.069136 -14.437005 -8.029758 1.877256 -4.038109 1.998473 4.411895 1.101721 -0.841225 -9.290744 4.294622 -6.494968 0.000000 -0.000000 0.000000
-0.746685 0.959745 0.404351 -13.582248 -0.541907 0.767124 0.264497 2.150191 -0.167068 0.125994 -4.870788 -0.075728 0.125562 0.949631 -0.062937 0.089420 6.548894 -0.047696 0.388468 15.720886 2.922876 -0.343285 -6.796865 5.306564 -0.701957 10.303845 8.295114 -15.224523 -18.948934 71.047959 39.956792 51.399132 26.171481 3.065925 14.963186 -10.506273 0.399196 7.569810 -7.596078 14.745478 -21.897560 -68.382577 -37.839774 53.771897 -23.820945 -5.175999 11.975234 7.215590 -19.981154 -21.192722 0.553087 -2.776079 59.832251 0.120927 5.863056 1.640281 2.934395 -1.076213 -13.195441 -8.698809 1.107320 -3.744776 2.349566 5.335911 1.017007 -0.818928 -9.019793 3.942230 -6.544534 -0.000000 0.000000 -0.000000
-0.750546 0.960610 0.410170 -13.953543 -0.286764 0.539734 0.195984 2.114946 -0.155066 0.094907 -4.886427 -0.070045 0.094581 0.933997 -0.060409 0.066379 6.537171 -0.045738 0.392195 15.591459 2.971288 -0.359230 -7.035722 5.399025 -0.693939 10.210984 8.362835 -14.911124 -19.144270 70.853790 39.962346 51.122622 25.865240 3.083583 14.986190 -10.747465 0.343461 7.508966 -7.430633 15.384582 -22.124586 -68.533605 -38.214382 51.903827 -23.164834 -4.885084 11.875672 8.031133 -18.896750 -22.684616 0.353931 -4.417088 58.378535 0.740285 5.049454 0.761973 3.426974 -1.080770 -11.700359 -9.129723 0.611828 -3.455185 2.760444 5.943058 0.930421 -0.783062 -8.770992 3.572843 -6.604354 -0.000000 0.000000 0.000000
-0.754945 0.961298 0.415745 -14.247804 -0.047276 0.189509 0.103209 2.091198 -0.075352 0.049662 -4.896938 -0.034069 0.049491 0.923491 -0.029027 0.034928 6.529301 -0.021982 0.391124 15.464283 3.023565 -0.385677 -7.270085 5.500516 -0.699094 10.172791 8.423519 -14.714667 -19.451977 70.712850 39.972348 50.908764 25.613034 3.164345 15.025286 -11.003656 0.200653 7.519328 -7.323940 15.911730 -22.312593 -68.537391 -38.768970 49.861388 -22.766514 -4.638417 11.718629 8.912371 -17.929818 -23.922814 0.052156 -6.788444 56.565864 0.707140 5.481435 0.016347 3.510045 -1.222658 -9.554596 -9.799539 0.584992 -3.156987 3.270831 6.037247 0.790978 -0.726005 -8.549786 3.195935 -6.663221 -0.000000 0.000000 0.000000
-0.759786 0.961830 0.421095 -14.475752 0.176501 -0.230499 -0.003796 2.077938 0.044942 -0.003924 -4.902815 0.020058 -0.003913 0.917618 0.019659 -0.001456 6.524898 0.014845 0.382329 15.347113 3.077580 -0.427006 -7.485433 5.608014 -0.714680 10.164009 8.482815 -14.580532 -19.819183 70.611256 39.900548 50.712875 25.321009 3.270515 15.069545 -11.269574 0.002896 7.575820 -7.248092 16.354235 -22.458804 -68.460663 -39.407280 47.726978 -22.512528 -4.427935 11.532955 9.806747 -17.027437 -24.924958 -0.341001 -9.628794 54.340179 0.199353 6.445615 -0.607236 3.401068 -1.362888 -7.139756 -10.224927 0.835396 -2.874154 3.842777 5.815379 0.646433 -0.645248 -8.349671 2.802319 -6.731653 0.000000 -0.000000 -0.000000
-0.764923 0.962181 0.426453 -14.614241 0.350453 -0.595249 -0.091893 2.079380 0.144534 -0.048068 -4.902198 0.064867 -0.047905 0.918232 0.059987 -0.031410 6.525352 0.045348 0.330284 15.262122 3.134774 -0.549068 -7.638895 5.736813 -0.739600 10.168016 8.536316 -14.514064 -20.119334 70.579767 39.697139 50.498430 24.884840 3.348222 15.084721 -11.607698 -0.191588 7.642450 -7.179715 16.527722 -22.603279 -68.265672 -40.010502 45.753880 -22.374310 -4.300087 11.381468 10.565943 -16.456500 -25.647157 -0.679103 -11.720398 51.826300 -0.246699 6.809202 -1.042565 3.278694 -1.298004 -4.953953 -9.557261 1.204170 -2.584529 4.375043 5.468738 0.545584 -0.564926 -8.229108 2.382473 -6.821254 0.000000 -0.000000 0.000000
-0.770300 0.962337 0.431852 -14.659111 0.453461 -0.859799 -0.149774 2.108357 0.197933 -0.076485 -4.889352 0.088949 -0.076225 0.931074 0.081184 -0.051053 6.534975 0.061392 0.217583 15.209646 3.198963 -0.785798 -7.728648 5.900510 -0.776309 10.188061 8.583245 -14.511035 -20.313810 70.668363 39.306642 50.230425 24.190930 3.366415 15.042819 -12.078970 -0.378245 7.709320 -7.111342 16.273524 -22.755490 -67.878226 -40.487033 43.904947 -22.320067 -4.270343 11.265919 11.182432 -16.334946 -26.056328 -0.851086 -12.607881 49.015164 -0.508745 5.883513 -1.236969 3.130056 -0.886774 -3.031697 -6.767148 1.621622 -2.265348 4.835350 5.106708 0.495955 -0.496355 -8.237518 1.939801 -6.945673 -0.000000 0.000000 -0.000000
-0.775972 0.962311 0.437261 -14.613084 0.508490 -1.068154 -0.188907 2.150661 0.230167 -0.095521 -4.870578 0.103514 -0.095200 0.949845 0.093817 -0.064334 6.549049 0.070960 0.061737 15.189489 3.265754 -1.102798 -7.755693 6.084188 -0.822335 10.220522 8.624298 -14.575776 -20.439991 70.825373 38.794192 49.939359 23.361003 3.358647 14.970384 -12.622096 -0.561644 7.785703 -7.050288 15.748239 -22.901411 -67.366175 -40.922984 42.215406 -22.375333 -4.307041 11.177857 11.660798 -16.550282 -26.183158 -0.950108 -12.796006 45.908429 -0.757067 4.363358 -1.244487 2.819621 -0.347929 -1.263889 -2.850926 2.154159 -1.943299 5.259736 4.619387 0.488097 -0.427177 -8.324651 1.469593 -7.089045 0.000000 -0.000000 -0.000000
-0.781959 0.962113 0.442823 -14.462672 0.548218 -1.228640 -0.210832 2.168814 0.255621 -0.106553 -4.862529 0.114971 -0.106195 0.957892 0.104153 -0.071803 6.555080 0.078781 -0.120539 15.222789 3.323687 -1.463205 -7.681875 6.259038 -0.869494 10.238232 8.657527 -14.725960 -20.485593 70.927093 38.284253 49.689759 22.638385 3.364778 14.916500 -13.117583 -0.697423 7.864082 -6.995063 15.239303 -23.051525 -66.905924 -41.464246 41.044163 -22.609924 -4.373559 11.155861 11.869802 -17.024770 -26.079752 -1.133302 -12.626824 42.652403 -1.007340 3.179074 -1.177424 2.329919 -0.000000 -0.000000 0.000000 2.844634 -1.665773 5.649397 3.868609 0.545131 -0.347586 -8.399463 0.950289 -7.219213 -0.000000 -0.000000 -0.000000
-0.788301 0.961754 0.448640 -14.184434 0.571446 -1.333384 -0.216582 2.152495 0.272351 -0.109938 -4.869792 0.122452 -0.109568 0.950629 0.111289 -0.073795 6.549630 0.084170 -0.330763 15.327874 3.365493 -1.865549 -7.473211 6.410780 -0.912913 10.235493 8.685836 -14.960682 -20.424147 70.929363 37.783980 49.448328 22.063514 3.385480 14.900050 -13.574089 -0.764123 7.941855 -6.942684 14.806416 -23.241359 -66.535311 -42.190999 40.580592 -23.120252 -4.463382 11.222889 11.676511 -17.972546 -25.694132 -1.329239 -12.252127 39.189962 -1.497147 2.771655 -1.066312 1.625548 0.062494 0.389928 0.704548 3.808197 -1.445712 5.992416 2.708362 0.670901 -0.252620 -8.452307 0.372297 -7.310493 0.000000 -0.000000 -0.000000
-0.794958 0.961222 0.454610 -13.801620 0.579586 -1.390248 -0.205394 2.111803 0.281977 -0.105418 -4.887875 0.126679 -0.105063 0.932546 0.115975 -0.070063 6.536066 0.087695 -0.567388 15.485982 3.398018 -2.309914 -7.164159 6.551636 -0.957774 10.217737 8.706050 -15.280072 -20.282108 70.875308 37.279681 49.251075 21.591373 3.416281 14.903268 -13.984319 -0.783488 8.020635 -6.895810 14.388835 -23.440741 -66.220161 -43.038803 40.622158 -23.842186 -4.581653 11.342871 11.212598 -19.177307 -25.081336 -1.618445 -11.553400 35.564272 -2.004896 2.722925 -0.890087 0.821961 0.025155 0.196160 0.352073 4.926848 -1.273140 6.302708 1.284133 0.856389 -0.142551 -8.491558 -0.254554 -7.389146 0.000000 0.000000 0.000000
-0.801827 0.960494 0.460577 -13.371091 0.609141 -1.430891 -0.176220 2.039839 0.304035 -0.093489 -4.919846 0.136365 -0.093169 0.900578 0.126873 -0.060318 6.512091 0.095896 -0.809342 15.662227 3.430813 -2.762279 -6.820284 6.692618 -1.011113 10.174606 8.706863 -15.703466 -20.127070 70.771755 36.850080 49.272869 21.322850 3.484495 14.923095 -14.206201 -0.776122 8.099239 -6.861583 14.095415 -23.568264 -66.032985 -43.932428 40.942619 -24.607885 -4.706288 11.468225 10.744937 -19.927743 -24.456870 -2.370182 -10.577256 32.080641 -1.952422 2.646580 -0.679217 0.187721 -0.000000 -0.000000 0.000000 5.894305 -1.159412 6.615656 -0.105075 1.106967 -0.017791 -8.453040 -0.921387 -7.503160 0.000000 -0.000000 -0.000000
-0.808768 0.959571 0.466540 -12.891953 0.672845 -1.463391 -0.126421 1.927163 0.348463 -0.073454 -4.969896 0.155944 -0.073198 0.850532 0.148488 -0.043705 6.474556 0.112170 -1.053608 15.862592 3.465935 -3.217188 -6.430530 6.836040 -1.083816 10.095656 8.678099 -16.261822 -19.976796 70.606850 36.522361 49.596298 21.332711 3.602175 14.963419 -14.170050 -0.753072 8.191027 -6.838916 13.976624 -23.600639 -66.051334 -44.906623 41.591735 -25.385837 -4.838465 11.601772 10.334183 -20.031601 -23.912246 -3.789981 -9.240124 28.856645 -1.059023 2.325237 -0.433468 -0.175753 -0.000000 -0.000000 -0.000000 6.677197 -1.120254 6.926978 -1.420222 1.430074 0.126556 -8.344328 -1.631324 -7.679635 -0.000000 0.000000 -0.000000
-0.815921 0.958451 0.472498 -12.365109 0.757730 -1.478945 -0.058757 1.782678 0.404014 -0.045979 -5.034062 0.180444 -0.045823 0.786369 0.175776 -0.021107 6.426433 0.132713 -1.303539 16.080351 3.501833 -3.680342 -6.007044 6.980460 -1.164752 9.991820 8.628727 -16.922893 -19.813895 70.389377 36.269766 50.143469 21.542084 3.757417 15.024434 -13.947185 -0.703371 8.282839 -6.828007 13.984001 -23.560109 -66.197774 -45.963694 42.516764 -26.244337 -4.977950 11.744432 9.920846 -19.708387 -23.327411 -5.645393 -7.843627 25.715516 0.188587 1.946661 -0.133391 -0.380328 0.000000 -0.000000 -0.000000 7.308218 -1.136967 7.235572 -2.701019 1.819001 0.280959 -8.156161 -2.379668 -7.894505 0.000000 -0.000000 -0.000000
-0.823606 0.957108 0.478297 -11.850166 0.861958 -1.483637 0.019752 1.627039 0.458813 -0.013605 -5.103157 0.204622 -0.013573 0.717274 0.203240 0.005167 6.374615 0.153385 -1.547756 16.261610 3.542042 -4.135509 -5.650379 7.131284 -1.227962 9.884775 8.576623 -17.611726 -19.653368 70.157934 36.086611 50.848458 21.817353 3.941999 15.097978 -13.607093 -0.614557 8.334267 -6.838899 14.077933 -23.435171 -66.310411 -46.942518 43.349287 -27.125597 -5.088989 11.851876 9.592952 -18.877669 -22.590034 -7.627180 -6.994442 22.574039 1.215971 1.717441 0.225221 -0.491608 0.000000 -0.000000 -0.000000 7.581213 -1.166999 7.580815 -3.767393 2.261184 0.418395 -7.799129 -3.144196 -8.121745 0.000000 0.000000 0.000000
-0.831874 0.955482 0.483907 -11.355038 0.990900 -1.490755 0.109418 1.456932 0.518934 0.023527 -5.178646 0.231205 0.023409 0.641787 0.233594 0.035219 6.318007 0.176236 -1.786697 16.393200 3.587280 -4.585212 -5.384966 7.291188 -1.262358 9.772108 8.517657 -18.334134 -19.490394 69.919773 35.990238 51.779392 22.157049 4.188157 15.195960 -13.118889 -0.458469 8.305885 -6.885918 14.236892 -23.191341 -66.320285 -47.844149 43.996370 -28.056141 -5.145608 11.907404 9.401910 -17.295066 -21.591527 -9.739103 -6.964550 19.397506 1.929417 1.775686 0.712782 -0.456476 -0.000000 -0.000000 -0.000000 7.295555 -1.212046 7.993497 -4.500752 2.803558 0.515981 -7.195606 -3.953530 -8.342923 0.000187 0.015475 -0.019418
-0.840674 0.953633 0.489356 -10.871768 1.139015 -1.486542 0.209988 1.275644 0.577801 0.065618 -5.259068 0.257278 0.065319 0.561361 0.263941 0.068975 6.257700 0.199080 -2.020218 16.488005 3.635947 -5.027989 -5.186946 7.457030 -1.278852 9.656515 8.455910 -19.084114 -19.330011 69.667123 35.978919 52.867183 22.574915 4.472698 15.308383 -12.514807 -0.262867 8.238659 -6.956289 14.479833 -22.866296 -66.288059 -48.648753 44.559136 -28.986801 -5.168168 11.930130 9.296649 -15.250922 -20.374082 -11.924288 -7.412399 16.274357 2.458761 1.976940 1.236821 -0.289374 0.000000 -0.000000 0.000000 6.652198 -1.262939 8.445687 -5.023547 3.402460 0.586392 -6.420785 -4.773880 -8.585118 0.000331 0.030970 -0.038821
-0.850179 0.951715 0.494576 -10.436043 1.287743 -1.437046 0.313892 1.114601 0.605881 0.110669 -5.330490 0.269669 0.110166 0.489931 0.280904 0.103922 6.204144 0.211832 -2.235820 16.531705 3.687551 -5.441850 -5.083862 7.625009 -1.285154 9.566429 8.422861 -19.770807 -19.201390 69.419976 35.999926 53.838792 22.947204 4.696982 15.391957 -11.956695 -0.099547 8.211860 -7.019158 14.827883 -22.559122 -66.249544 -49.122444 44.974396 -29.706070 -5.186926 11.929862 9.211138 -13.436961 -19.110917 -13.815454 -7.901142 13.359983 2.664303 2.107290 1.566437 -0.173941 -0.000000 0.000000 0.000000 6.048163 -1.263671 8.888876 -5.515500 3.908899 0.661113 -5.616121 -5.489253 -8.888689 0.000000 -0.000000 -0.000000
-0.860439 0.949749 0.499595 -10.049604 1.423265 -1.329526 0.420924 0.991468 0.593809 0.158983 -5.385090 0.264164 0.158256 0.435319 0.280303 0.139965 6.163207 0.211342 -2.432730 16.502717 3.740966 -5.827269 -5.116059 7.794798 -1.283417 9.517947 8.436565 -20.360695 -19.123152 69.179838 36.013744 54.620749 23.210506 4.820697 15.427155 -11.499317 -0.010317 8.277495 -7.065528 15.329135 -22.323088 -66.212720 -49.240066 45.186012 -30.193610 -5.221054 11.898229 9.122689 -11.914185 -17.830854 -15.341245 -8.258717 10.660365 2.461852 2.055670 1.600617 -0.273038 0.000000 -0.000000 0.000000 5.569341 -1.152788 9.289519 -6.042272 4.228856 0.778915 -4.766171 -6.056697 -9.279545 -0.000630 -0.085946 0.182709
-0.871404 0.947714 0.504385 -9.710368 1.558543 -1.177162 0.531617 0.889787 0.552001 0.210297 -5.430195 0.245403 0.209331 0.390198 0.266752 0.177259 6.129389 0.201091 -2.611720 16.422936 3.796665 -6.184737 -5.242994 7.966558 -1.271950 9.493781 8.480143 -20.889052 -19.076147 68.948964 36.045515 55.285881 23.418136 4.879099 15.432337 -11.084467 0.046269 8.382578 -7.102972 15.936120 -22.105295 -66.172698 -49.001674 45.268190 -30.447947 -5.250670 11.844213 9.052628 -10.594624 -16.554100 -16.600882 -8.561262 8.184771 1.988937 1.925182 1.459541 -0.455965 -0.000000 -0.000000 0.000000 5.130612 -0.993363 9.680083 -6.534761 4.456646 0.907476 -3.889079 -6.514621 -9.731073 -0.001367 -0.219296 0.423120
-0.883094 0.945704 0.508790 -9.448093 1.715103 -0.985170 0.639662 0.790231 0.481094 0.261775 -5.474425 0.213696 0.260561 0.345946 0.240270 0.213684 6.096218 0.181094 -2.762338 16.343572 3.857260 -6.491693 -5.370565 8.137917 -1.252984 9.472038 8.532894 -21.368595 -19.032962 68.749425 36.124809 55.780879 23.609796 4.878718 15.419428 -10.702815 0.122888 8.447670 -7.125501 16.527040 -21.843294 -66.148621 -48.207566 45.353614 -30.277810 -5.247607 11.804054 9.002130 -9.894310 -15.511432 -17.551909 -8.729745 6.070629 1.486855 1.815937 1.249156 -0.483203 0.000000 0.000000 0.000000 4.872303 -0.921149 10.109359 -6.970699 4.722267 0.975849 -3.179817 -6.874577 -10.198051 -0.001918 -0.421436 0.521412
-0.895455 0.943712 0.512789 -9.268231 1.912936 -0.739270 0.741204 0.676476 0.375927 0.311939 -5.525062 0.166767 0.310473 0.295283 0.198433 0.247951 6.058228 0.149529 -2.883880 16.283058 3.927801 -6.746892 -5.464437 8.316342 -1.229300 9.444797 8.589397 -21.821163 -18.980409 68.584587 36.244305 56.053507 23.777303 4.804379 15.384976 -10.362990 0.258665 8.430054 -7.128682 17.041459 -21.475255 -66.153307 -46.722753 45.455016 -29.546830 -5.190975 11.786463 8.951677 -10.044585 -14.801727 -18.206427 -8.672321 4.288057 1.064642 1.800614 1.027910 -0.219277 0.000000 0.000000 -0.000000 4.855270 -0.984944 10.604518 -7.300647 5.051017 0.912305 -2.762964 -7.179271 -10.680527 -0.001737 -0.644368 0.409479
-0.908542 0.941745 0.516404 -9.164606 2.132443 -0.454119 0.840181 0.565205 0.241935 0.362251 -5.574692 0.107007 0.360526 0.245624 0.143780 0.281341 6.020977 0.108311 -2.976915 16.223199 4.003821 -6.951344 -5.558920 8.495048 -1.198103 9.420011 8.655180 -22.224979 -18.932157 68.451206 36.404734 56.155555 23.924159 4.666466 15.331506 -10.056272 0.414262 8.371862 -7.118656 17.538907 -21.061600 -66.170753 -44.677393 45.525708 -28.378988 -5.101416 11.782240 8.924220 -10.775257 -14.369543 -18.596825 -8.458957 2.846687 0.676916 1.794009 0.731244 0.207910 0.000000 -0.000000 0.000000 5.018436 -1.137041 11.136546 -7.579658 5.416823 0.788970 -2.519651 -7.393085 -11.170687 -0.000843 -0.934012 0.154597
-0.922539 0.939916 0.519548 -9.149954 2.336395 -0.178578 0.941694 0.486134 0.095728 0.414187 -5.610087 0.041759 0.412198 0.210194 0.083804 0.315529 5.994383 0.063084 -3.032700 16.160366 4.074230 -7.085222 -5.662837 8.650744 -1.153200 9.400044 8.725645 -22.526955 -18.900908 68.360863 36.651603 56.189539 24.110572 4.510975 15.279451 -9.747814 0.524737 8.321060 -7.105748 18.078027 -20.723317 -66.178690 -42.267447 45.605676 -26.966051 -5.015803 11.796943 8.985090 -11.741871 -14.212835 -18.719325 -8.264793 1.934606 0.346539 1.659742 0.275554 0.652319 -0.000000 -0.000000 -0.000000 5.318346 -1.368102 11.670116 -7.943993 5.869018 0.747466 -2.282567 -7.411986 -11.610740 0.002842 -1.451235 -0.241163
-0.937418 0.938282 0.522157 -9.242022 2.522383 0.082821 1.044947 0.446275 -0.060999 0.467342 -5.628135 -0.028252 0.465089 0.192104 0.019189 0.350268 5.980777 0.014355 -3.045658 16.089247 4.136428 -7.137767 -5.787062 8.777084 -1.088297 9.390475 8.797388 -22.719637 -18.905887 68.320142 37.014336 56.179002 24.359630 4.352376 15.233572 -9.399151 0.562722 8.290163 -7.097826 18.716086 -20.501710 -66.192656 -39.464292 45.704285 -25.315864 -4.931229 11.820920 9.173413 -12.944957 -14.455713 -18.542594 -8.127864 1.820700 0.074126 1.238908 -0.601074 0.931082 0.000000 0.000000 0.000000 5.894681 -1.685138 12.160716 -8.552987 6.376015 0.871184 -2.016358 -7.214284 -12.035962 0.013822 -2.226017 -0.742326
-0.953207 0.936786 0.524294 -9.423443 2.694130 0.333660 1.150007 0.437898 -0.229470 0.521838 -5.632280 -0.103571 0.519325 0.187912 -0.050599 0.385618 5.977574 -0.038282 -3.021262 16.015330 4.193214 -7.119553 -5.920782 8.880537 -1.009446 9.385834 8.873787 -22.810518 -18.927663 68.322723 37.460641 56.099483 24.645328 4.176040 15.188091 -9.048989 0.555659 8.266794 -7.086607 19.398105 -20.355182 -66.205468 -36.290097 45.766111 -23.411619 -4.857746 11.850557 9.450043 -14.383210 -14.958996 -18.076691 -8.008010 2.233853 -0.154796 0.700173 -1.627974 1.269340 -0.000000 0.000000 -0.000000 6.606467 -2.080597 12.648763 -9.247291 6.963903 1.074732 -1.769095 -6.821274 -12.408398 0.038477 -3.226185 -1.388710
-0.970178 0.935378 0.526062 -9.655140 2.823339 0.537448 1.263065 0.468463 -0.397383 0.579903 -5.619190 -0.178745 0.577133 0.200945 -0.119878 0.423688 5.987273 -0.090553 -2.967341 15.951113 4.241477 -7.042686 -6.040414 8.956824 -0.928970 9.371850 8.960341 -22.768722 -18.920889 68.360633 37.945886 55.981864 24.955573 3.986793 15.146857 -8.777167 0.521056 8.261758 -7.057623 20.015909 -20.281787 -66.164647 -33.018968 45.760843 -21.415567 -4.851624 11.901536 9.760124 -15.708138 -15.316862 -17.397423 -7.960405 2.558987 -0.331112 0.403451 -2.075249 2.075795 0.000000 -0.000000 0.000000 6.987188 -2.522356 13.233701 -9.689084 7.772177 1.241662 -1.498098 -6.190156 -12.564202 0.090505 -4.518108 -2.293955
-0.988693 0.933878 0.527370 -9.925141 2.898226 0.713345 1.381906 0.541615 -0.589870 0.641769 -5.587319 -0.265032 0.638748 0.232750 -0.199884 0.463802 6.011018 -0.150941 -2.882481 15.914423 4.286684 -6.904696 -6.112666 9.013950 -0.855697 9.320281 9.062113 -22.591490 -18.825806 68.462047 38.565349 55.864689 25.338588 3.771727 15.113422 -8.578747 0.409052 8.279140 -6.986096 20.510182 -20.265978 -66.014596 -29.597710 45.602242 -19.268451 -4.960840 11.988904 10.083415 -16.797241 -15.356176 -16.514262 -8.220630 2.504474 -0.444780 0.648984 -1.553292 3.833661 -0.000000 -0.000000 0.000000 6.831821 -2.974011 13.969440 -9.752082 8.842224 1.312974 -1.215973 -5.372554 -12.492661 0.182858 -6.067301 -3.474925
-1.008391 0.932467 0.528308 -10.246083 2.930507 0.842525 1.508427 0.653128 -0.781940 0.707164 -5.538495 -0.351285 0.703902 0.281497 -0.279499 0.506609 6.047447 -0.211073 -2.768108 15.886955 4.322975 -6.707863 -6.171783 9.043161 -0.780883 9.259319 9.173885 -22.280305 -18.704420 68.598268 39.220791 55.709805 25.741040 3.544410 15.082996 -8.457578 0.270280 8.315837 -6.896160 20.942492 -20.323875 -65.814739 -26.109405 45.353469 -17.076349 -5.136687 12.096023 10.438961 -17.763637 -15.236574 -15.441215 -8.546438 2.362039 -0.486974 1.185693 -0.420011 5.992072 -0.000000 0.000000 -0.000000 6.339268 -3.460265 14.814810 -9.581185 10.145705 1.339237 -0.907684 -4.314645 -12.210035 0.337345 -7.902177 -4.925969
-1.028452 0.931639 0.529252 -10.616023 2.925741 0.831937 1.655769 0.799015 -0.886160 0.777857 -5.474247 -0.398498 0.774357 0.345651 -0.319536 0.556420 6.095467 -0.241399 -2.636723 15.827209 4.330033 -6.471978 -6.295029 9.014661 -0.689817 9.259221 9.285716 -21.811363 -18.693830 68.674178 39.580427 55.435151 26.001330 3.348452 15.047267 -8.507454 0.272447 8.369837 -6.847900 21.385036 -20.501943 -65.684567 -22.987726 45.273697 -15.189074 -5.286897 12.196688 10.831683 -18.606148 -15.059872 -14.282354 -8.274242 2.408625 -0.447132 1.502301 0.889749 7.377589 0.000000 -0.000000 0.000000 5.645269 -4.038175 15.733422 -9.247983 11.722665 1.368261 -0.477620 -2.813248 -11.593997 0.601061 -10.170948 -6.746352
-1.049202 0.931618 0.530519 -11.082649 2.847788 0.602477 1.847901 0.995548 -0.858022 0.862379 -5.387167 -0.386977 0.858625 0.432605 -0.299431 0.621172 6.160671 -0.226425 -2.480464 15.702532 4.292226 -6.179677 -6.544974 8.899014 -0.572540 9.384171 9.432957 -21.192035 -18.908192 68.642099 39.667044 55.024595 26.237112 3.217140 15.010363 -8.852791 0.564096 8.448494 -6.904627 21.866778 -20.951378 -65.607749 -20.323571 45.656087 -13.717425 -5.383448 12.270152 11.190036 -19.475381 -14.808498 -12.984088 -6.651642 2.714675 -0.316225 1.200830 2.454107 7.416780 -0.000000 -0.000000 0.000000 4.658516 -4.660958 16.909405 -8.738701 13.615338 1.254619 0.180752 -0.577802 -10.541296 1.082209 -13.349567 -9.064692
-1.070315 0.932181 0.531792 -11.597527 2.728755 0.234521 2.063220 1.226099 -0.742379 0.953081 -5.284617 -0.336781 0.949095 0.535010 -0.240026 0.693548 6.237538 -0.181855 -2.308069 15.545988 4.223972 -5.848759 -6.857904 8.722843 -0.437352 9.569941 9.580183 -20.413363 -19.232250 68.537289 39.472936 54.492583 26.344767 3.114926 14.970606 -9.370867 0.994770 8.543588 -7.006308 22.361302 -21.520332 -65.611543 -17.940346 46.274540 -12.429012 -5.451381 12.337442 11.587418 -20.218964 -14.490355 -11.607623 -4.436614 3.239777 -0.116828 0.575402 4.150668 6.731285 0.000000 -0.000000 0.000000 3.453092 -5.342453 18.171708 -8.082647 15.788813 1.140474 1.016768 2.100391 -9.149060 1.814086 -16.896437 -11.878615
-1.089999 0.933157 0.532505 -12.015628 2.678421 -0.127482 2.246193 1.438156 -0.585637 1.027280 -5.189937 -0.268305 1.023148 0.629563 -0.164021 0.754847 6.308570 -0.124750 -2.156631 15.415335 4.150609 -5.551864 -7.120692 8.541789 -0.299136 9.694541 9.610806 -19.428257 -19.458226 68.390619 38.647097 53.799873 25.860866 2.983789 14.906754 -9.784861 1.284541 8.628000 -7.026841 22.854662 -21.794283 -65.867985 -15.884092 46.623179 -11.184803 -5.481297 12.425097 12.247281 -20.392222 -14.280157 -10.409030 -3.239396 4.080061 0.115245 0.152470 5.215528 5.926352 -0.000000 -0.000000 -0.000000 2.420234 -6.276513 18.953075 -7.365985 18.160527 1.534793 1.882899 4.540875 -7.578795 2.585193 -19.439664 -15.008688
-1.107412 0.934513 0.532175 -12.246237 2.765492 -0.461697 2.359837 1.620296 -0.373134 1.067752 -5.108085 -0.174743 1.063606 0.711344 -0.066352 0.792570 6.370080 -0.051246 -2.040142 15.315516 4.068412 -5.313386 -7.323210 8.353770 -0.162663 9.679593 9.428715 -18.061657 -19.468764 68.197739 36.807074 52.781897 24.413450 2.824662 14.774274 -10.044419 1.278818 8.696145 -6.871158 23.441664 -21.553484 -66.596716 -14.167271 46.404592 -9.911894 -5.424174 12.532505 13.377602 -19.290255 -14.369756 -9.602544 -4.251591 5.566811 0.424301 0.175623 5.123312 5.079386 0.000000 -0.000000 0.000000 1.641051 -7.715089 18.953787 -6.307363 20.870563 2.975631 2.961193 6.858550 -5.672433 3.219674 -20.571423 -18.778698
-1.123397 0.936283 0.531284 -12.381827 2.923781 -0.791499 2.441908 1.784464 -0.119112 1.091968 -5.033876 -0.062558 1.087860 0.785506 0.048294 0.819394 6.425903 0.035113 -1.944317 15.242457 3.981517 -5.109010 -7.474238 8.161953 -0.027247 9.605667 9.128481 -16.489956 -19.379807 67.966325 34.479840 51.541179 22.534360 2.640425 14.613063 -10.198072 1.135794 8.752983 -6.630051 23.998921 -21.005722 -67.555149 -12.862627 45.915088 -8.802247 -5.337987 12.641026 14.771034 -17.626522 -14.626121 -8.970117 -6.294111 7.321045 0.740641 0.459042 4.407074 4.084426 -0.000000 0.000000 -0.000000 1.057786 -9.453603 18.476043 -5.033824 23.727214 5.055694 4.110103 8.882719 -3.535560 3.521443 -20.673507 -22.655862
-1.138686 0.938391 0.530706 -12.552538 3.063055 -1.041661 2.545994 1.913671 0.086607 1.128181 -4.975354 0.028089 1.124039 0.843954 0.142620 0.853604 6.469904 0.106156 -1.863144 15.239884 3.928483 -4.938496 -7.490408 8.033321 0.099935 9.588223 8.880546 -15.194264 -19.334818 67.752409 32.563392 50.488479 20.994518 2.373445 14.527025 -10.118557 1.043783 8.786652 -6.456305 24.201454 -20.390651 -68.217101 -12.109381 45.544663 -8.137552 -5.358629 12.767982 16.028020 -17.087426 -14.721714 -8.091152 -7.410372 8.380361 0.904210 0.928805 3.888609 3.237129 0.000000 0.000000 0.000000 0.863397 -11.033862 17.838262 -4.305683 26.202943 6.764293 4.587355 9.568951 -1.830857 3.227600 -19.800225 -25.063096
-1.153704 0.940961 0.530822 -12.801267 3.138426 -1.187822 2.694895 2.002700 0.208023 1.188411 -4.935048 0.081098 1.184125 0.884137 0.201744 0.903088 6.500160 0.150631 -1.784371 15.350911 3.937438 -4.786052 -7.290762 8.013135 0.236623 9.695851 8.767777 -14.308816 -19.386052 67.537952 31.242128 49.785407 19.912143 1.943966 14.594887 -9.601726 1.069484 8.797945 -6.408796 23.748580 -19.729475 -68.319703 -11.990870 45.388894 -8.029075 -5.552108 12.979212 16.912668 -18.917959 -14.404506 -6.598308 -6.404210 8.168225 0.815500 1.670822 3.927508 2.673332 0.000753 0.010073 -0.092971 1.461644 -12.361812 17.093872 -4.569885 28.183343 7.686567 3.767896 8.120503 -0.749026 2.083668 -17.245238 -25.408264
-1.168028 0.943870 0.531250 -13.084270 3.195239 -1.254206 2.863610 2.056966 0.281195 1.259822 -4.910399 0.112659 1.255332 0.908632 0.240555 0.959390 6.518627 0.179782 -1.719512 15.531698 3.981952 -4.666848 -6.957755 8.059473 0.366804 9.858709 8.709391 -13.699999 -19.480734 67.345338 30.207433 49.315465 19.038460 1.431674 14.750243 -8.854071 1.143680 8.786755 -6.430549 22.967800 -19.012168 -68.141051 -12.389692 45.382920 -8.322843 -5.821504 13.247035 17.667343 -21.844597 -13.801690 -4.885084 -4.445340 7.306509 0.583734 2.591299 4.171392 2.260160 0.000837 0.020163 -0.185943 2.470171 -13.518674 16.147835 -5.482824 29.844904 8.098227 2.171585 5.418738 -0.051145 0.599766 -13.765669 -24.623790
-1.181122 0.946677 0.531727 -13.400897 3.278075 -1.238825 3.032676 2.075703 0.323953 1.332894 -4.901689 0.130847 1.328164 0.917174 0.266160 1.015923 6.525112 0.198988 -1.698403 15.695263 4.018518 -4.627523 -6.653591 8.108186 0.433522 9.983140 8.630947 -13.445645 -19.608606 67.291917 29.485042 49.131048 18.445713 1.010647 14.869521 -8.366258 1.248362 8.740612 -6.503309 22.494630 -18.441655 -67.965103 -13.109606 45.681383 -8.865719 -6.049744 13.459182 18.607859 -23.802483 -13.239180 -3.609097 -3.121113 6.634398 0.437926 3.318770 4.367358 1.888966 0.000000 0.000000 -0.000000 2.875084 -14.322824 15.127523 -6.752656 31.165818 7.864779 0.741381 2.976976 0.128924 -0.193341 -11.678249 -23.199665
-1.192679 0.949257 0.532124 -13.720358 3.422037 -1.128900 3.194946 2.038849 0.336696 1.404446 -4.917866 0.136061 1.399420 0.900827 0.278635 1.070302 6.512910 0.208336 -1.747913 15.824524 4.042324 -4.717717 -6.408006 8.161098 0.387078 10.020777 8.503060 -13.729185 -19.793468 67.478074 29.173503 49.450505 18.260401 0.761919 14.892277 -8.341667 1.403092 8.627661 -6.645617 22.635523 -18.126805 -67.846049 -14.255192 46.576574 -9.786916 -6.182940 13.575922 19.826870 -23.955895 -12.925346 -3.018364 -3.071095 6.427743 0.501009 3.640607 4.407076 1.514990 0.003000 -0.024573 0.784117 2.064408 -14.668476 14.132279 -8.572955 32.125925 6.653558 -0.071913 1.259254 -0.452644 0.131565 -12.320362 -20.731832
-1.203007 0.951734 0.532569 -14.072852 3.593527 -0.937944 3.357624 1.967037 0.319082 1.477697 -4.949792 0.128023 1.472326 0.868717 0.278032 1.124949 6.488860 0.207848 -1.841567 15.936258 4.057677 -4.888225 -6.191654 8.215279 0.277880 10.018973 8.354940 -14.370000 -20.010295 67.811845 29.152772 50.068149 18.326554 0.602328 14.868454 -8.576282 1.589367 8.480968 -6.839081 23.080255 -17.961045 -67.719350 -15.791702 47.753239 -11.033867 -6.272315 13.646093 21.230564 -23.169178 -12.746279 -2.827052 -3.662292 6.384114 0.674144 3.773485 4.389508 1.184332 0.011101 -0.080245 1.847070 0.624606 -14.710746 13.089467 -10.798740 32.646802 4.737556 -0.671839 -0.316683 -1.543350 0.767755 -14.199152 -17.137145
-1.212491 0.954044 0.533181 -14.549575 3.734391 -0.703648 3.522820 1.920524 0.287813 1.552733 -4.970597 0.113730 1.547036 0.847707 0.271352 1.180483 6.473119 0.202750 -1.929555 15.994633 4.034056 -5.038580 -6.077693 8.198676 0.198052 10.028135 8.199205 -14.897190 -20.180093 68.119818 29.124734 50.396190 18.298460 0.455526 14.828907 -8.950228 1.731331 8.383920 -7.009365 23.528499 -17.825194 -67.681523 -17.236956 48.471474 -12.109129 -6.374250 13.682292 22.849870 -21.959768 -12.643948 -2.837867 -4.587546 6.452908 0.879203 3.990018 4.372363 0.916512 0.014988 -0.275389 2.509775 -0.669497 -14.672024 11.890896 -12.586428 32.686076 2.954051 -1.375278 -1.788116 -2.695170 1.009201 -15.478260 -13.205472
-1.221121 0.956183 0.534036 -15.184801 3.832757 -0.399270 3.700925 1.926388 0.229584 1.634829 -4.968361 0.086962 1.628837 0.849706 0.252910 1.240428 6.474607 0.188715 -2.009254 15.955292 3.949377 -5.159790 -6.150382 8.072757 0.172958 10.067994 8.027759 -15.168053 -20.262360 68.388723 28.942828 50.212544 17.987422 0.297857 14.777437 -9.528813 1.780458 8.389503 -7.128019 23.912296 -17.692466 -67.801827 -18.368331 48.427849 -12.729709 -6.549232 13.686664 24.766423 -20.293190 -12.633673 -3.088388 -5.945545 6.669489 1.110692 4.396579 4.365166 0.716809 0.006259 -0.691035 2.417673 -1.466540 -14.655483 10.391849 -13.728481 32.266141 1.630830 -2.309405 -3.113349 -3.881773 0.867967 -15.703898 -9.310079
-1.228908 0.958154 0.535057 -15.944403 3.903937 -0.051415 3.880975 1.957534 0.157472 1.718485 -4.955039 0.053787 1.712229 0.862780 0.228225 1.301091 6.484384 0.169939 -2.082231 15.861884 3.826658 -5.259171 -6.326966 7.877630 0.176462 10.118478 7.848336 -15.322961 -20.299223 68.629228 28.765272 49.737009 17.594889 0.165040 14.709847 -10.245531 1.783772 8.442830 -7.223414 24.299217 -17.585319 -68.014278 -19.320442 47.945624 -13.086932 -6.769052 13.666855 26.890087 -18.204347 -12.678118 -3.547459 -7.638544 6.999120 1.369982 4.887467 4.361301 0.577473 -0.006999 -1.244885 1.924960 -2.120503 -14.567127 8.729589 -14.387295 31.421517 0.549046 -3.326721 -4.322037 -5.208381 0.541808 -15.315295 -5.276656
-1.236269 0.959902 0.536137 -16.817821 3.928656 0.223022 4.033074 1.992699 0.127990 1.787619 -4.939607 0.039696 1.781167 0.878004 0.221155 1.352245 6.495814 0.164471 -2.105645 15.811097 3.702376 -5.262169 -6.429117 7.658456 0.223098 10.170947 7.697251 -15.313408 -20.342309 68.701308 28.731446 49.046215 17.344937 0.062176 14.648412 -10.785493 1.808331 8.464570 -7.305867 24.593413 -17.456093 -68.214262 -20.063912 47.249091 -13.303031 -6.953992 13.635553 28.996240 -16.314100 -12.659540 -3.903774 -9.065455 7.290185 1.587483 5.415647 4.397458 0.497259 -0.015137 -1.799529 1.415678 -2.909055 -14.311668 7.216141 -14.276165 30.227812 -0.267058 -4.369544 -5.450144 -6.459670 0.139837 -13.927497 -1.437848
-1.243249 0.961385 0.537212 -17.809816 3.889295 0.413350 4.154634 2.035750 0.153648 1.840440 -4.920211 0.050225 1.833863 0.897229 0.237043 1.392942 6.510294 0.176335 -2.066103 15.830300 3.571778 -5.140471 -6.407052 7.399985 0.335419 10.225561 7.586098 -15.079835 -20.390006 68.517637 28.864902 48.020915 17.294312 -0.039537 14.593424 -11.042090 1.877775 8.426753 -7.379469 24.749498 -17.296362 -68.366593 -20.617896 46.434832 -13.423639 -7.063239 13.589983 31.059537 -14.795749 -12.567065 -4.070854 -10.041316 7.503007 1.719068 5.952946 4.487728 0.471630 -0.017387 -2.336621 1.032702 -4.142153 -13.866198 5.955394 -12.964903 28.696062 -0.793795 -5.439458 -6.531704 -7.604537 -0.123296 -11.013305 2.565386
-1.249804 0.962645 0.538346 -18.916075 3.801166 0.532921 4.248325 2.083766 0.221749 1.878739 -4.898222 0.079731 1.872092 0.919088 0.270434 1.424099 6.526794 0.201420 -1.978444 15.892267 3.437930 -4.925036 -6.309239 7.115431 0.491057 10.283186 7.503027 -14.681577 -20.444714 68.164862 29.121241 46.781492 17.371011 -0.122470 14.546715 -11.125204 1.969757 8.357706 -7.438735 24.813381 -17.117961 -68.508449 -20.963211 45.411798 -13.394460 -7.135005 13.530872 33.107471 -13.477562 -12.429368 -4.125801 -10.752361 7.678634 1.807842 6.527955 4.617061 0.506253 -0.014584 -2.874470 0.632926 -5.511060 -13.259314 4.815427 -10.935748 26.784906 -1.076607 -6.527092 -7.491004 -8.731436 -0.095553 -7.207081 6.202016
-1.256219 0.963750 0.539625 -20.112265 3.688956 0.501001 4.292709 2.106113 0.351907 1.891994 -4.887048 0.137366 1.885331 0.930224 0.329420 1.438454 6.535322 0.245900 -1.843636 16.013030 3.347175 -4.633078 -6.102485 6.890203 0.637795 10.335956 7.449432 -14.247676 -20.566402 67.765880 29.519329 45.764743 17.591052 -0.123820 14.532994 -11.044393 2.083315 8.263146 -7.478536 24.826614 -16.905099 -68.643894 -21.029440 44.119756 -13.204035 -7.194938 13.468694 34.999100 -12.464371 -12.215177 -3.995691 -11.153571 7.787278 1.920458 7.178640 4.778225 0.616257 -0.004778 -3.330766 0.171455 -6.367143 -12.444654 3.757393 -9.277634 24.514323 -1.209651 -7.583875 -8.188473 -9.787725 0.053196 -3.958148 7.873528
-1.262633 0.964726 0.541150 -21.388706 3.560341 0.267374 4.269401 2.077287 0.568143 1.870858 -4.897847 0.234172 1.864220 0.919503 0.424086 1.429752 6.527529 0.317421 -1.642251 16.234722 3.316128 -4.232510 -5.708763 6.746682 0.775450 10.400033 7.434459 -13.790499 -20.795095 67.312001 30.098894 45.131055 18.034690 -0.009237 14.562440 -10.752161 2.242619 8.153856 -7.479225 24.812859 -16.633793 -68.820972 -20.746703 42.452891 -12.813024 -7.257743 13.402683 36.698296 -11.837806 -11.830084 -3.602161 -11.156072 7.672828 2.082092 7.857475 4.984582 0.787828 0.010239 -3.606688 -0.343652 -6.425767 -11.330594 2.775515 -8.463549 21.757293 -1.229998 -8.756582 -8.594915 -11.236304 0.046618 -1.913949 6.211004
-1.268907 0.965548 0.542820 -22.753695 3.396170 -0.115536 4.195843 2.028752 0.848209 1.824255 -4.916916 0.359842 1.817701 0.900581 0.545020 1.403981 6.513602 0.408817 -1.396496 16.518105 3.323754 -3.761045 -5.200143 6.657825 0.904119 10.460326 7.448788 -13.291636 -21.093629 66.816727 30.810076 44.711437 18.619715 0.177389 14.617874 -10.291548 2.424100 8.020830 -7.457355 24.749742 -16.331467 -68.998177 -20.230979 40.514734 -12.295448 -7.320066 13.329178 38.238654 -11.509285 -11.365366 -3.033006 -10.847982 7.495117 2.268118 8.612723 5.222800 1.036749 0.028144 -3.800057 -0.920149 -5.973189 -9.969618 1.884026 -8.063728 18.691241 -1.106752 -9.875289 -8.755681 -12.654700 -0.008405 -0.689791 2.679816
-1.274906 0.966208 0.544425 -24.209466 3.180001 -0.574412 4.105030 2.014336 1.141235 1.769354 -4.920801 0.491048 1.762981 0.896868 0.670655 1.372411 6.511053 0.503732 -1.167910 16.757041 3.361769 -3.336208 -4.770051 6.635768 0.973126 10.460210 7.467654 -12.836664 -21.407651 66.438162 31.554893 44.450605 19.134172 0.385929 14.685084 -9.805469 2.555667 7.837768 -7.461641 24.609552 -16.054286 -69.044229 -19.676858 38.559053 -11.800986 -7.369378 13.252135 39.586558 -11.334798 -11.070139 -2.459009 -10.449433 7.699193 2.467130 9.627456 5.447289 1.418929 0.053200 -4.121796 -1.628071 -5.217906 -8.519945 1.088462 -7.779994 15.821104 -0.825912 -10.528998 -8.572962 -12.606573 0.000000 -0.000000 0.000000
-1.280545 0.966810 0.546049 -25.759644 2.889387 -1.112901 4.007013 2.046590 1.442822 1.710709 -4.903974 0.625664 1.704586 0.913876 0.799320 1.338281 6.524010 0.600897 -0.977806 16.931834 3.445784 -3.002377 -4.453452 6.716334 0.952810 10.364108 7.492007 -12.442000 -21.709362 66.231596 32.269377 44.369945 19.474056 0.630225 14.779490 -9.292519 2.604824 7.588922 -7.518737 24.328262 -15.792498 -68.901432 -19.042162 36.545193 -11.321983 -7.354604 13.148735 40.710790 -11.377981 -10.922347 -1.897625 -9.986828 8.302415 2.717121 11.021032 5.689508 1.831172 0.090904 -4.712886 -2.392465 -4.100899 -6.945695 0.305849 -7.469057 13.231358 -0.302197 -10.660139 -7.743288 -9.718064 0.017616 0.256805 -0.600942
-1.285910 0.967250 0.547608 -27.397802 2.538286 -1.721448 3.892265 2.116270 1.753904 1.643971 -4.870590 0.764247 1.638154 0.947453 0.931124 1.298312 6.549342 0.700416 -0.803084 17.064400 3.562059 -2.711061 -4.212458 6.864598 0.874920 10.207089 7.526930 -12.096634 -22.022655 66.148435 33.049140 44.445004 19.774033 0.895543 14.883211 -8.751239 2.606240 7.285577 -7.595839 23.970626 -15.541590 -68.631892 -18.373958 34.510669 -10.871933 -7.309565 13.034076 41.647851 -11.585632 -10.933031 -1.323626 -9.431462 9.288929 2.963443 12.678116 5.920438 2.365827 0.146505 -5.426523 -3.294495 -2.673920 -5.281602 -0.359455 -7.270119 10.841727 0.345793 -10.393563 -6.542194 -5.308566 0.005024 0.128881 -0.300415
-1.291114 0.967214 0.548644 -29.112585 2.171028 -2.308079 3.766227 2.239563 2.028868 1.573758 -4.813854 0.886330 1.568342 1.004392 1.046091 1.254501 6.592124 0.787219 -0.635394 17.108379 3.663586 -2.434189 -4.136334 6.992878 0.781448 10.036662 7.554051 -11.850277 -22.369303 66.190183 34.036167 44.551663 20.183586 1.092978 14.940763 -8.328562 2.588378 6.941453 -7.652588 23.699667 -15.361041 -68.274152 -17.940926 32.834666 -10.581684 -7.330677 12.972471 42.469376 -11.658472 -11.417818 -0.812410 -8.923524 11.049211 3.042816 14.439426 5.996736 3.359874 0.223396 -6.036776 -4.637532 -1.302182 -3.795201 -0.643669 -7.241353 8.904630 0.845196 -9.684476 -5.690547 -1.945607 0.000000 -0.000000 0.000000
-1.296185 0.966499 0.548839 -30.924530 1.805513 -2.912539 3.627293 2.420890 2.280320 1.498625 -4.731716 0.997531 1.493704 1.086738 1.149686 1.206167 6.653898 0.865440 -0.460558 17.030582 3.736939 -2.141597 -4.288240 7.072034 0.682888 9.833472 7.544860 -11.764054 -22.733959 66.378852 35.340828 44.639014 20.793305 1.174891 14.921716 -8.083389 2.613648 6.472178 -7.669320 23.534353 -15.186156 -67.813938 -17.801761 31.656173 -10.484422 -7.452278 12.993685 43.179944 -11.422971 -12.663398 -0.288848 -8.640486 14.005381 2.796135 16.305399 5.935617 4.951228 0.325314 -6.731516 -7.342621 0.167200 -2.596218 -0.322782 -7.582839 7.581850 1.152472 -8.417249 -5.453258 -0.804025 0.000000 -0.000000 -0.000000
-1.301097 0.965309 0.548511 -32.813127 1.421699 -3.493057 3.479273 2.654273 2.489696 1.421083 -4.626987 1.089628 1.416670 1.191662 1.233913 1.154491 6.732540 0.929040 -0.288795 16.862843 3.805343 -1.857087 -4.606850 7.146388 0.569490 9.615011 7.532094 -11.784425 -23.121693 66.699683 36.864582 44.734381 21.542301 1.193180 14.864142 -7.962429 2.619716 5.964585 -7.655822 23.453312 -15.067781 -67.256963 -17.860262 30.838711 -10.514133 -7.621477 13.068651 43.781116 -11.092226 -14.392876 0.227255 -8.438640 17.723127 2.323312 18.313203 5.696650 6.961670 0.420233 -7.299240 -10.487143 1.600807 -1.567670 0.373479 -8.020200 6.714938 1.336837 -6.705498 -5.548673 -0.716307 0.000000 0.000000 0.000000
-1.305887 0.963930 0.548156 -34.709187 1.022528 -3.838216 3.334767 2.930971 2.564655 1.351523 -4.504192 1.121538 1.347576 1.314627 1.258757 1.104246 6.824649 0.947799 -0.148347 16.654565 3.876736 -1.633903 -4.998069 7.238729 0.450549 9.487323 7.579834 -11.787619 -23.586971 67.100639 38.421372 44.837612 22.336316 1.213079 14.817662 -7.944025 2.444567 5.690205 -7.631790 23.555089 -15.244343 -66.648247 -18.129101 30.352067 -10.630931 -7.799191 13.176856 44.341027 -10.918399 -16.088273 0.514630 -7.945470 21.311120 1.900001 20.339274 5.040881 9.258433 0.422260 -6.947346 -11.588017 2.194829 -0.606893 0.984951 -7.883264 6.078239 1.307482 -4.910333 -5.843034 -0.746245 -0.000000 0.000000 -0.000000
-1.310448 0.962246 0.547925 -36.643874 0.585439 -3.778184 3.193622 3.289288 2.402164 1.295395 -4.346981 1.047169 1.291977 1.471980 1.178704 1.056267 6.942490 0.887307 -0.042265 16.366776 3.988738 -1.494007 -5.532725 7.421749 0.316295 9.546975 7.719030 -11.694392 -24.257208 67.624330 40.041290 44.943520 23.190985 1.265845 14.808522 -8.037967 1.881527 5.837696 -7.631301 24.031815 -15.887133 -65.917794 -18.790051 30.154784 -10.942873 -7.985067 13.320319 44.920942 -10.942248 -17.697403 0.341021 -7.018829 24.732407 1.664938 22.715848 3.690624 12.365543 0.271652 -4.883898 -8.700185 1.292421 0.361779 1.297466 -6.792654 5.656761 0.882274 -2.956846 -6.409422 -0.608395 -0.000000 0.000000 0.000000
-1.314889 0.960373 0.547668 -38.592294 0.161736 -3.481294 3.050976 3.670596 2.099323 1.246220 -4.180474 0.910424 1.243336 1.638599 1.036981 1.008970 7.067230 0.780194 0.033569 16.039785 4.110385 -1.416139 -6.138135 7.634886 0.175307 9.706023 7.903815 -11.590075 -24.993126 68.244917 41.696428 45.056049 24.092255 1.331504 14.811136 -8.230124 1.132876 6.217552 -7.656108 24.695003 -16.807238 -65.103110 -19.667482 30.275939 -11.336742 -8.168568 13.496262 45.465181 -11.069636 -19.300281 -0.061738 -5.738497 28.021689 1.554225 25.047806 1.871631 15.713391 0.094439 -2.021316 -3.722865 -0.471628 1.274051 1.458336 -5.134088 5.452632 0.213921 -0.919152 -7.184760 -0.601559 0.000000 0.000000 -0.000000
-1.319574 0.958949 0.547424 -40.399489 -0.139475 -3.251840 2.914964 3.928255 1.875366 1.196606 -4.068135 0.809951 1.194056 1.751032 0.931469 0.963995 7.151355 0.700474 0.059026 15.836263 4.133558 -1.389363 -6.516220 7.677713 0.062286 9.792693 8.085729 -11.585062 -25.464761 68.784035 43.108221 45.217702 24.875601 1.396439 14.794491 -8.461173 0.649464 6.531495 -7.673881 25.059611 -17.727600 -64.396997 -20.239333 30.809467 -11.477600 -8.308844 13.671116 45.860618 -11.346218 -20.558193 -0.257247 -4.018386 30.405127 1.639195 26.114327 0.212059 17.661931 -0.000000 -0.000000 -0.000000 -1.964527 2.045979 1.578564 -3.389971 5.285929 -0.283414 0.610319 -7.857902 -0.642207 -0.000000 -0.000000 -0.000000
-1.324606 0.958278 0.547118 -41.985269 -0.282440 -3.214286 2.787108 4.009436 1.827210 1.141956 -4.032882 0.789045 1.139562 1.786395 0.905008 0.921105 7.177764 0.680589 0.010617 15.830418 3.979141 -1.424192 -6.531586 7.408088 -0.018449 9.704240 8.295777 -11.680507 -25.542083 69.095273 44.135958 45.440399 25.446110 1.455825 14.722883 -8.784951 0.660645 6.708275 -7.652211 24.761018 -18.640526 -63.854700 -20.193810 32.091803 -11.179136 -8.432443 13.850089 46.063434 -11.951458 -21.310897 -0.035591 -1.228637 31.607048 2.203234 25.315610 -1.158971 17.463275 -0.027212 0.494221 0.868477 -2.908762 2.616979 1.725336 -1.454732 5.171795 -0.423932 1.249245 -8.311113 -0.693017 0.000000 0.000000 -0.000000
-1.329884 0.958055 0.546825 -43.427623 -0.314361 -3.257614 2.669127 3.980387 1.873561 1.087090 -4.045949 0.810894 1.084797 1.773443 0.921289 0.881287 7.167987 0.693064 -0.092639 15.935220 3.710031 -1.513404 -6.343908 6.940032 -0.071453 9.541575 8.513581 -11.862247 -25.377867 69.284044 44.918893 45.741463 25.872724 1.517608 14.630576 -9.147082 0.937792 6.822338 -7.609872 24.150529 -19.585409 -63.410231 -19.837260 33.808295 -10.698698 -8.539376 14.016970 46.111497 -12.717179 -21.689871 0.352988 1.992169 31.880511 2.998076 23.296463 -2.333829 15.989636 -0.016083 0.250573 0.432212 -3.575610 3.055811 1.884667 0.568437 5.112349 -0.399187 1.380184 -8.661188 -0.779910 0.000000 -0.000000 -0.000000
-1.335469 0.958009 0.546811 -44.805635 -0.264519 -3.337278 2.573467 3.884393 1.972866 1.039569 -4.088394 0.856535 1.037300 1.731083 0.962105 0.848780 7.136176 0.724080 -0.207253 16.070485 3.425885 -1.616901 -6.099648 6.447020 -0.076449 9.429406 8.617631 -12.209913 -25.070989 69.532318 45.602468 46.179966 26.231952 1.575140 14.591317 -9.330142 1.247401 6.792761 -7.568430 23.812579 -20.373386 -63.094940 -19.585450 35.084277 -10.357788 -8.565878 14.103403 46.001244 -13.187314 -21.786264 0.636168 3.779499 31.298396 3.249825 20.730590 -2.975491 14.100647 0.000000 0.000000 0.000000 -3.645141 3.495961 2.083501 1.892517 4.917179 -0.343291 1.558350 -8.941630 -0.909613 0.000000 -0.000000 -0.000000
-1.341337 0.958178 0.547271 -46.134849 -0.121502 -3.437651 2.520890 3.712550 2.127215 1.008609 -4.164067 0.926775 1.006250 1.655456 1.029194 0.830594 7.079445 0.774911 -0.333945 16.240710 3.133719 -1.738948 -5.789941 5.942507 -0.006719 9.423351 8.511937 -12.842574 -24.582699 69.959622 46.225697 46.817412 26.503065 1.602422 14.653005 -9.285658 1.536005 6.519479 -7.532245 24.042695 -20.917227 -63.002382 -19.553479 35.675126 -10.198786 -8.460774 14.091435 45.788184 -13.125311 -21.603372 0.634996 3.027494 29.734264 2.564782 17.546027 -2.863304 11.787754 -0.000000 0.000000 0.000000 -2.830316 3.972971 2.321178 2.028552 4.475400 -0.266187 2.013684 -9.129046 -1.103736 -0.000000 0.000000 -0.000000
-1.347513 0.958523 0.548009 -47.400279 0.101267 -3.580128 2.490646 3.477151 2.339136 0.984987 -4.267520 1.022888 0.982491 1.552046 1.122900 0.819922 7.001897 0.845826 -0.473532 16.441852 2.824018 -1.878639 -5.422765 5.409475 0.111382 9.458564 8.288041 -13.633181 -23.947516 70.424869 46.752335 47.597683 26.691816 1.613346 14.772094 -9.068237 1.862161 6.103675 -7.485733 24.556266 -21.312497 -63.064131 -19.629189 35.817274 -10.137386 -8.278641 13.998270 45.411413 -12.755613 -21.155807 0.502939 0.924810 27.318540 1.500121 13.862457 -2.462340 8.863258 0.000000 -0.000000 -0.000000 -1.414290 4.440426 2.608421 1.469339 3.889829 -0.131255 2.515258 -9.244544 -1.341131 0.000000 0.000000 0.000000
-1.354128 0.958657 0.548705 -48.635315 0.338690 -3.772142 2.432758 3.250150 2.563690 0.948592 -4.367310 1.124792 0.946018 1.452328 1.221111 0.800081 6.927083 0.920152 -0.578542 16.588248 2.579543 -1.980859 -5.156101 4.987756 0.217966 9.478293 8.102158 -14.298773 -23.371465 70.739914 47.218627 48.398513 26.925145 1.652802 14.888191 -8.615862 2.157768 5.762605 -7.425743 25.067291 -21.635886 -63.077358 -19.891182 35.346914 -10.263425 -8.108693 13.801725 44.692584 -12.313212 -20.562536 0.474945 -0.992141 24.571301 0.625341 10.595734 -2.287304 6.023857 -0.000000 0.000000 -0.000000 0.067982 4.909952 2.979435 0.899855 3.290463 -0.009589 2.928635 -9.386382 -1.569385 0.000000 0.000000 0.000000
-1.361133 0.958478 0.549207 -49.831722 0.596966 -4.018821 2.322224 3.047200 2.787446 0.888864 -4.456781 1.226512 0.886292 1.362960 1.316768 0.762614 6.859959 0.992567 -0.628024 16.647138 2.440661 -2.021353 -5.050105 4.745591 0.301105 9.460946 8.014555 -14.712986 -22.931735 70.820445 47.623297 49.191850 27.237747 1.753982 14.996706 -7.797030 2.394862 5.582760 -7.350050 25.525817 -21.906491 -62.971282 -20.435070 33.889882 -10.663975 -7.984373 13.437340 43.513730 -11.830981 -19.833304 0.641600 -2.307794 21.473332 0.010921 7.824720 -2.373913 3.227275 -0.000000 0.000000 0.000000 1.629972 5.365282 3.469566 0.396579 2.666915 0.066391 3.148158 -9.571400 -1.761403 0.000000 -0.000000 -0.000000
-1.368579 0.958088 0.549667 -50.998626 0.867112 -4.315724 2.184028 2.853690 3.023768 0.816307 -4.542263 1.333875 0.813790 1.277586 1.416756 0.715899 6.795766 1.068237 -0.640138 16.657649 2.372508 -2.019488 -5.032716 4.623150 0.372424 9.430629 7.965804 -15.009023 -22.562958 70.766498 47.964691 50.011929 27.587040 1.876165 15.113306 -6.743864 2.598024 5.477089 -7.266703 25.979886 -22.101603 -62.820760 -21.096909 31.805688 -11.156664 -7.818458 12.939274 42.018920 -11.263678 -18.956619 0.906297 -3.466364 18.059654 -0.453721 5.495430 -2.557212 0.565488 -0.000000 0.000000 0.000000 3.263486 5.814862 4.043461 -0.116087 2.027588 0.125928 3.280249 -9.784949 -1.943271 0.000000 0.000000 0.000000
-1.376742 0.957405 0.550221 -52.194543 1.060886 -4.651578 2.043055 2.695179 3.265141 0.742256 -4.612304 1.443233 0.739861 1.207643 1.518593 0.668250 6.743108 1.145272 -0.624442 16.643535 2.347347 -1.982185 -5.060579 4.571495 0.406856 9.400521 7.932767 -15.298756 -22.260615 70.678974 48.282599 50.830147 27.994107 1.953798 15.203522 -5.787504 2.774900 5.400837 -7.191440 26.286994 -22.235759 -62.643600 -21.620921 30.041148 -11.486385 -7.565496 12.437853 40.404341 -10.728001 -18.013159 1.224238 -4.346095 14.966759 -0.702063 4.183794 -2.680018 -0.851713 -0.000000 -0.000000 0.000000 4.400216 6.327178 4.629640 -0.183578 1.534943 0.164508 3.510227 -10.077798 -2.144083 0.000000 -0.000000 -0.000000
-1.385773 0.956425 0.550875 -53.445858 1.139790 -5.056581 1.912383 2.588172 3.525486 0.671644 -4.659405 1.560627 0.669424 1.160628 1.628816 0.623818 6.707618 1.228612 -0.583091 16.588238 2.366850 -1.914929 -5.164208 4.595205 0.389618 9.371555 7.912608 -15.626286 -22.046310 70.552186 48.654598 51.657877 28.541846 1.972770 15.243480 -4.981333 2.930965 5.344570 -7.132342 26.334494 -22.280647 -62.454880 -21.970580 28.868689 -11.565758 -7.276809 11.965946 38.724723 -10.164869 -16.998292 1.582426 -4.958378 12.375462 -0.731711 4.198071 -2.583006 -0.144284 0.000000 -0.000000 0.000000 4.650787 6.990599 5.239775 0.531209 1.193614 0.130536 3.916652 -10.436632 -2.350482 -0.000000 -0.000000 -0.000000
-1.395521 0.955151 0.551624 -54.724735 1.138641 -5.495153 1.778664 2.517569 3.787841 0.599371 -4.690462 1.678686 0.597332 1.129652 1.739531 0.578134 6.684116 1.312316 -0.513268 16.511831 2.431894 -1.811631 -5.306596 4.693900 0.335159 9.342922 7.907682 -15.946408 -21.902139 70.396800 49.009306 52.488842 29.149162 1.946490 15.256663 -4.272264 3.060256 5.316378 -7.083131 26.236882 -22.265664 -62.247297 -22.233571 28.029726 -11.538894 -6.957088 11.492964 36.901962 -9.627137 -15.914744 1.990309 -5.331109 10.113149 -0.626718 5.081245 -2.256123 1.901955 0.000000 -0.000000 0.000000 4.407750 7.747455 5.849968 1.688129 1.008942 0.053381 4.423012 -10.872209 -2.580187 -0.000000 -0.000000 -0.000000
-1.405817 0.953520 0.552578 -56.007610 1.083012 -5.855656 1.626910 2.458948 3.998031 0.521648 -4.716719 1.773528 0.519791 1.103476 1.826488 0.526557 6.664181 1.378089 -0.418811 16.490772 2.509569 -1.664291 -5.347111 4.805035 0.262180 9.323773 7.901767 -16.236021 -21.755032 70.332427 49.147830 53.268977 29.578255 1.854260 15.269077 -3.832161 3.153995 5.297549 -7.035740 26.190517 -22.291748 -61.999226 -22.391531 27.677559 -11.571300 -6.553894 11.073798 34.903991 -9.405771 -14.844531 2.430306 -5.372588 8.284717 -0.470803 6.234333 -1.706801 3.903760 -0.000000 -0.000000 0.000000 4.267606 8.442359 6.345918 2.723617 1.142268 0.052488 4.984297 -11.469314 -2.912110 0.000000 -0.000000 -0.000000
-1.416735 0.951320 0.553888 -57.305352 0.976076 -6.069320 1.449546 2.399839 4.120869 0.437008 -4.743946 1.829542 0.435373 1.076323 1.873917 0.466877 6.643509 1.414020 -0.293217 16.553577 2.591097 -1.457264 -5.233234 4.909711 0.170236 9.352382 7.869810 -16.466387 -21.582095 70.463004 48.897466 54.001946 29.636708 1.679155 15.279034 -3.773345 3.199247 5.274863 -6.982818 26.296588 -22.399166 -61.660464 -22.415446 27.927543 -11.790062 -6.087078 10.708149 32.723856 -9.707741 -13.809184 2.896831 -4.999538 7.037410 -0.326163 7.721775 -0.869804 5.654511 -0.000000 0.000000 -0.000000 4.339766 9.130570 6.635107 3.545774 1.499903 0.205427 5.591610 -12.313502 -3.445435 0.000890 0.126749 0.027317
-1.428199 0.948762 0.555403 -58.606723 0.821402 -6.201564 1.254126 2.347422 4.190948 0.347007 -4.768685 1.862031 0.345653 1.051645 1.897262 0.401431 6.624694 1.431762 -0.145199 16.672546 2.680580 -1.209642 -5.015678 5.020054 0.059261 9.389480 7.834312 -16.667470 -21.391305 70.683417 48.394627 54.688190 29.475863 1.452732 15.270603 -3.984059 3.208654 5.261111 -6.932498 26.449732 -22.541744 -61.273808 -22.353845 28.654278 -12.117244 -5.609458 10.406498 30.335445 -10.326872 -12.769876 3.374015 -4.289706 6.220981 -0.171206 9.538630 0.172309 7.351612 0.000000 -0.000000 -0.000000 4.503664 9.742346 6.816474 4.247188 2.173180 0.436676 6.264250 -13.314892 -4.091314 0.001813 0.253487 0.054680
-1.439821 0.946411 0.556783 -59.855360 0.646285 -6.344104 1.048211 2.306557 4.259580 0.252336 -4.788451 1.893840 0.251299 1.031927 1.919457 0.332416 6.609580 1.448643 -0.002191 16.837711 2.761573 -0.966248 -4.712499 5.115343 -0.050589 9.330250 7.855343 -16.903652 -21.160780 70.793693 47.901804 55.271845 29.379494 1.226944 15.247799 -4.299670 3.212006 5.276281 -6.899952 26.536993 -22.693935 -60.953937 -22.293456 29.647814 -12.404590 -5.121673 10.241066 27.674291 -10.938041 -11.718081 3.833168 -3.388815 5.493365 0.050492 10.970431 1.245625 8.188001 0.000000 -0.000000 -0.000000 5.009406 9.918674 7.092981 4.536696 3.591156 0.648398 6.993874 -14.294831 -4.650166 0.000000 0.000000 -0.000000
-1.451809 0.944352 0.557836 -61.027238 0.445323 -6.524409 0.822432 2.272370 4.329624 0.148668 -4.805476 1.926346 0.147954 1.014944 1.941449 0.256615 6.596483 1.465394 0.138674 17.060799 2.833692 -0.721244 -4.302248 5.193570 -0.163889 9.081601 7.982143 -17.242567 -20.824967 70.713887 47.597175 55.738102 29.550244 1.010930 15.207731 -4.701613 3.226076 5.306682 -6.900004 26.462964 -22.832059 -60.641343 -22.192838 30.810391 -12.579990 -4.641051 10.256593 24.531586 -11.606809 -10.580685 4.305356 -2.140732 4.665040 0.371927 11.655807 2.456139 7.545732 0.000000 -0.000000 0.000000 6.092485 9.567696 7.616380 4.044968 5.914774 0.718006 7.887347 -15.500699 -5.148936 -0.002752 -0.518059 -0.024508
-1.463954 0.942501 0.558754 -62.146018 0.223131 -6.714251 0.586082 2.249872 4.397113 0.040338 -4.817481 1.957682 0.039974 1.002960 1.961789 0.177204 6.587115 1.480902 0.273607 17.329139 2.893478 -0.481854 -3.808056 5.250773 -0.276218 8.743564 8.176680 -17.613911 -20.467248 70.513078 47.301703 56.110661 29.797233 0.805980 15.147320 -5.205541 3.234270 5.363976 -6.919813 26.324797 -22.984070 -60.396648 -22.082055 32.242567 -12.728851 -4.251539 10.403679 21.087918 -12.267185 -9.430438 4.758007 -0.701636 3.925126 0.736873 11.883368 3.709811 6.028472 -0.000000 -0.000000 0.000000 7.503785 8.770645 8.243285 3.120020 8.972586 0.736017 8.843356 -16.679695 -5.587964 -0.002159 -1.415844 -0.135317
-1.475235 0.941170 0.559768 -63.226762 0.018819 -6.924056 0.374686 2.262409 4.502420 -0.059055 -4.813674 2.005613 -0.059062 1.006759 1.999613 0.105787 6.589562 1.509608 0.365600 17.594780 2.921470 -0.311594 -3.317730 5.265044 -0.352365 8.500100 8.364922 -17.875627 -20.294499 70.231140 46.751585 56.391973 29.827393 0.640326 15.079649 -5.697798 3.215660 5.506545 -6.936239 26.304053 -23.220412 -60.515368 -22.142396 34.037750 -12.928789 -4.007987 10.601092 17.875438 -12.407006 -8.495229 5.106011 0.314168 3.499961 1.095907 11.920226 4.554710 4.668511 -0.000000 -0.000000 -0.000000 8.769192 7.438119 8.743863 2.569438 12.703849 0.960726 9.509086 -16.910853 -5.696467 0.022882 -3.415774 -0.767397
-1.485209 0.940516 0.560833 -64.293880 -0.169240 -7.207122 0.207214 2.334082 4.689805 -0.143584 -4.783070 2.089796 -0.143275 1.037342 2.075209 0.048249 6.612050 1.566872 0.402073 17.843990 2.902743 -0.228691 -2.857149 5.212668 -0.364209 8.439829 8.541702 -17.939552 -20.472424 69.825135 45.807331 56.541414 29.565055 0.542755 14.996696 -6.178450 3.166277 5.805468 -6.953554 26.646620 -23.708967 -61.262712 -22.387331 36.358744 -13.215340 -3.876307 10.840216 15.025183 -11.608125 -7.966054 5.354388 0.516914 3.662267 1.476261 11.815033 4.695178 3.836248 -0.000000 0.000000 -0.000000 9.751471 5.407380 9.113437 2.826235 17.313730 1.598146 9.655118 -15.555432 -5.248450 0.147608 -7.175151 -2.275853
-1.494319 0.940382 0.561994 -65.322818 -0.341253 -7.511488 0.065645 2.443841 4.912577 -0.218897 -4.735307 2.189596 -0.218364 1.085087 2.167371 -0.001297 6.647379 1.636694 0.394702 18.087869 2.852415 -0.216405 -2.405775 5.117018 -0.339590 8.472147 8.702347 -17.892311 -20.832975 69.363599 44.606481 56.594616 29.088849 0.483393 14.907013 -6.643446 3.087062 6.189396 -6.975791 27.119941 -24.304482 -62.373670 -22.806026 39.046465 -13.596180 -3.879623 11.118134 12.412413 -10.304397 -7.674541 5.541099 0.302488 4.137549 1.869594 11.560869 4.425499 3.171037 0.000000 0.000000 0.000000 10.576210 2.844967 9.368232 3.581423 22.587616 2.619484 9.516010 -13.273032 -4.415483 0.467268 -12.004131 -4.401835
-1.502870 0.940619 0.563619 -66.256291 -0.451993 -7.692092 -0.070547 2.544714 5.075910 -0.288891 -4.691654 2.262922 -0.288210 1.128709 2.233585 -0.048889 6.679670 1.686917 0.343811 18.315972 2.798448 -0.283916 -1.981693 5.029783 -0.325500 8.505506 8.769158 -17.861179 -21.069502 69.059029 43.305001 56.653597 28.333469 0.388589 14.854552 -6.979148 2.966037 6.504824 -6.975623 27.171687 -24.622903 -63.341001 -23.556903 41.715507 -14.110985 -4.094019 11.351581 10.205591 -9.264245 -7.305275 5.638545 0.230679 4.332376 2.183620 11.381616 4.194206 2.612350 0.000000 0.000000 -0.000000 11.200414 0.167529 9.321924 4.556666 27.847140 3.928189 9.411592 -11.089364 -3.512505 0.968766 -16.614257 -6.627630
-1.510937 0.941203 0.565859 -67.062366 -0.468242 -7.692399 -0.210678 2.616637 5.148921 -0.355751 -4.661126 2.296107 -0.354900 1.159195 2.259978 -0.097034 6.702213 1.707045 0.241515 18.522961 2.754170 -0.449809 -1.594427 4.977490 -0.334691 8.500752 8.673521 -17.881325 -21.009234 69.039959 41.878765 56.761954 27.111831 0.198842 14.877795 -7.083820 2.776134 6.663715 -6.909261 26.532296 -24.425046 -64.020601 -24.697819 44.307784 -14.732573 -4.507005 11.515909 8.596055 -8.890218 -6.697565 5.643431 0.613287 3.964962 2.372051 11.348691 4.158478 2.119081 -0.000176 0.009898 0.037331 11.454531 -2.575769 8.804258 6.089279 33.117305 5.818918 9.664324 -9.306823 -2.473574 1.732583 -20.890960 -9.280807
-1.518445 0.942157 0.568562 -67.773768 -0.416294 -7.572712 -0.346303 2.674245 5.164412 -0.417481 -4.637004 2.303706 -0.416438 1.183278 2.261316 -0.143143 6.720047 1.708242 0.096858 18.713977 2.708580 -0.693296 -1.235555 4.936168 -0.354329 8.489982 8.485006 -17.920866 -20.812263 69.166633 40.363665 56.839746 25.620410 -0.042123 14.948458 -7.070611 2.547369 6.756279 -6.812281 25.458135 -23.967440 -64.578120 -26.189323 46.898023 -15.516718 -5.059397 11.650673 7.441199 -8.783029 -6.005136 5.548332 1.132210 3.316998 2.474056 11.391380 4.164485 1.728678 -0.000210 0.019877 0.074642 11.577756 -5.439117 8.003889 8.073723 38.329822 8.179945 9.976410 -7.624231 -1.378272 2.714915 -24.917582 -12.097592
-1.525474 0.943400 0.571640 -68.430696 -0.337272 -7.363489 -0.472274 2.719745 5.124372 -0.471978 -4.618213 2.286532 -0.470781 1.202027 2.238605 -0.185649 6.733976 1.691248 -0.063592 18.895276 2.653443 -0.962938 -0.894309 4.882160 -0.392465 8.489589 8.335987 -18.012204 -20.673442 69.246791 39.008778 56.821484 24.372279 -0.250954 15.005445 -7.147145 2.354671 6.895137 -6.774659 24.171347 -23.600608 -64.947278 -28.088141 49.288654 -16.630280 -5.761890 11.750183 6.410890 -8.506912 -5.373074 5.318446 1.398460 2.641378 2.527683 11.509331 4.197284 1.491306 -0.000000 0.000000 0.000000 12.141638 -8.145502 7.226986 9.188890 42.768541 9.865959 9.657646 -6.134311 -0.776458 3.291004 -27.869077 -13.307699
-1.532039 0.945030 0.575115 -69.057637 -0.254344 -7.058511 -0.577892 2.755445 5.017884 -0.513935 -4.603571 2.239654 -0.512634 1.216627 2.187457 -0.220910 6.744926 1.652745 -0.231806 19.080886 2.590569 -1.243834 -0.544754 4.815832 -0.459809 8.531622 8.293943 -18.150023 -20.706457 69.190501 37.901155 56.689683 23.585024 -0.397753 15.020454 -7.426272 2.236424 7.142802 -6.859898 22.544921 -23.441849 -64.964502 -30.589759 51.470565 -18.230087 -6.721142 11.826304 5.338456 -7.826414 -4.830612 4.922028 1.186834 1.987680 2.542387 11.735015 4.272193 1.461008 -0.000079 -0.063713 -0.295757 13.608625 -10.562787 6.493586 8.035090 46.242998 9.807991 8.142789 -4.884432 -0.958847 2.858470 -29.269250 -11.558369
-1.538124 0.946948 0.578965 -69.629452 -0.141882 -6.664448 -0.674506 2.776649 4.856379 -0.548869 -4.595230 2.168249 -0.547457 1.224936 2.112510 -0.252639 6.751262 1.596246 -0.415117 19.256859 2.519182 -1.549781 -0.212771 4.738209 -0.545685 8.587158 8.290495 -18.341169 -20.802168 69.093847 36.957634 56.488941 23.055200 -0.502660 15.014537 -7.788064 2.152487 7.433468 -7.007150 20.706393 -23.340153 -64.769298 -33.611620 53.417795 -20.220621 -7.804127 11.861131 4.432643 -6.984805 -4.339901 4.397771 0.722068 1.307419 2.523255 12.037441 4.373958 1.583595 -0.000654 -0.157253 -0.703468 15.529864 -12.785140 5.698401 5.385578 49.020542 8.395092 5.938650 -3.832593 -1.667842 1.837854 -29.462073 -7.956568
-1.543762 0.948773 0.583037 -70.111728 0.030280 -6.230608 -0.789725 2.776071 4.675353 -0.590840 -4.596678 2.088275 -0.589284 1.223449 2.028280 -0.290282 6.750259 1.532724 -0.609896 19.387125 2.427551 -1.872415 0.034163 4.627904 -0.625613 8.582714 8.255455 -18.638270 -20.824207 69.045456 36.170591 56.266539 22.663868 -0.554539 14.997415 -8.085298 2.059933 7.686963 -7.121815 19.257458 -23.252844 -64.734349 -36.747925 54.902432 -22.322679 -8.661576 11.805691 3.869880 -6.260804 -3.947836 3.820248 0.291264 0.706502 2.502210 12.319772 4.442042 1.746660 -0.001053 -0.269027 -1.007474 17.066175 -14.886063 4.972503 3.069770 51.151555 6.605823 3.942118 -2.910176 -2.612417 0.896902 -29.131451 -4.237317
-1.548812 0.950424 0.587274 -70.473352 0.308243 -5.744411 -0.936233 2.735990 4.472838 -0.645270 -4.615876 1.998904 -0.643524 1.204193 1.933381 -0.337989 6.735927 1.461114 -0.826912 19.442798 2.308562 -2.230070 0.142721 4.476443 -0.700512 8.451825 8.157939 -19.153323 -20.692626 69.113073 35.591432 56.072279 22.427442 -0.545101 14.970114 -8.278996 1.946897 7.860218 -7.153661 18.507556 -23.189347 -65.055521 -39.884923 55.869536 -24.416050 -9.075124 11.627441 3.740947 -5.784876 -3.706306 3.187474 -0.014483 0.196692 2.481469 12.574388 4.481754 1.929328 -0.000530 -0.401028 -1.103369 17.767411 -16.959285 4.373788 1.817576 52.668413 4.781482 2.446689 -2.041955 -3.865034 0.125825 -28.622928 -0.626235
-1.553414 0.951983 0.591733 -70.743156 0.644475 -5.218864 -1.101203 2.673615 4.252176 -0.706820 -4.644995 1.901515 -0.704843 1.175000 1.829744 -0.391634 6.714152 1.382890 -1.054075 19.452101 2.172535 -2.602323 0.164810 4.298212 -0.768562 8.259633 8.031968 -19.771796 -20.483555 69.220514 35.163069 55.860244 22.326937 -0.486784 14.936948 -8.405539 1.826975 7.998502 -7.150041 18.145725 -23.152246 -65.543621 -42.990208 56.374210 -26.447219 -9.203813 11.400460 3.893902 -5.424450 -3.566850 2.499914 -0.286433 -0.233947 2.453798 12.808954 4.487672 2.152195 0.000856 -0.551368 -1.095553 18.060198 -18.942116 3.902152 1.105026 53.539406 2.830234 1.189269 -1.296993 -5.361058 -0.548701 -27.723757 3.053514
-1.558018 0.953305 0.596433 -70.978540 0.927446 -4.741254 -1.273828 2.635179 4.056164 -0.773284 -4.663405 1.815122 -0.771062 1.156501 1.736606 -0.448198 6.700362 1.312636 -1.253920 19.464515 2.033209 -2.923453 0.190874 4.105222 -0.801866 8.129155 7.903706 -20.208054 -20.296128 69.243017 34.725502 55.525141 22.199551 -0.406917 14.916200 -8.433986 1.695982 8.154668 -7.162583 17.842366 -23.110116 -66.002998 -45.668231 56.393274 -28.125782 -9.263785 11.239747 4.105345 -5.059663 -3.431991 1.834539 -0.510205 -0.515867 2.428091 12.947942 4.384533 2.364681 0.002574 -0.703060 -1.081460 18.395915 -20.692614 3.626784 1.136463 53.789064 1.389583 0.235685 -0.759459 -6.555234 -0.983731 -26.633254 5.852463
-1.562789 0.954340 0.601373 -71.194629 1.114137 -4.338380 -1.452234 2.647328 3.898704 -0.844736 -4.659290 1.745976 -0.842285 1.160513 1.660206 -0.507321 6.703403 1.255095 -1.409504 19.485353 1.887203 -3.161686 0.230179 3.886019 -0.772177 8.139903 7.765815 -20.321234 -20.170330 69.148009 34.202327 54.935356 21.956568 -0.319749 14.921941 -8.333209 1.536986 8.359993 -7.215017 17.540651 -23.055134 -66.363790 -47.652188 55.748146 -29.201003 -9.300062 11.223101 4.352009 -4.647244 -3.276172 1.208167 -0.669298 -0.599555 2.416194 12.945273 4.131268 2.557157 0.004528 -0.853475 -1.107542 18.881263 -22.139908 3.620581 2.186826 53.371620 0.686974 -0.393553 -0.586649 -7.205987 -1.181154 -25.285315 7.457159
-1.567563 0.955139 0.606554 -71.378560 1.246257 -3.982305 -1.638441 2.684407 3.764671 -0.921060 -4.644078 1.687374 -0.918393 1.175607 1.593856 -0.569386 6.714724 1.205184 -1.538097 19.509496 1.737411 -3.349326 0.274337 3.651456 -0.709308 8.212719 7.622200 -20.254691 -20.068785 68.973463 33.689229 54.218556 21.712499 -0.218048 14.943017 -8.136203 1.366058 8.582149 -7.284702 17.297502 -22.991064 -66.696572 -49.104734 54.662237 -29.786756 -9.272990 11.274539 4.641375 -4.227040 -3.124121 0.605381 -0.778514 -0.534855 2.402820 12.845701 3.770078 2.740648 0.006805 -1.005247 -1.127298 19.377887 -23.354323 3.813727 3.998434 52.370879 0.519739 -0.730423 -0.594146 -7.528117 -1.249934 -23.832893 8.281941
-1.572299 0.955715 0.611998 -71.547643 1.339755 -3.678187 -1.827203 2.714820 3.652746 -0.999575 -4.631792 1.638659 -0.996685 1.187759 1.537169 -0.632355 6.723816 1.162565 -1.654349 19.571327 1.604835 -3.518178 0.388466 3.443064 -0.671919 8.233263 7.515790 -20.151393 -19.978299 68.706469 33.272817 53.659120 21.593839 -0.095862 14.958858 -7.909191 1.228322 8.778103 -7.354263 16.954298 -22.906871 -67.014425 -50.311123 53.723175 -30.186615 -9.278508 11.261497 4.811481 -3.804145 -2.952973 0.055131 -0.870671 -0.401120 2.356204 12.709329 3.350898 2.895364 0.008745 -1.149263 -1.098728 19.975576 -24.394471 4.035491 5.893486 50.997146 0.802185 -0.800085 -0.347501 -7.632947 -1.275488 -22.798843 8.482257
-1.577009 0.956043 0.617687 -71.685914 1.391594 -3.436581 -2.024746 2.730055 3.566123 -1.083155 -4.626304 1.601257 -1.080014 1.193094 1.491281 -0.698273 6.727759 1.128092 -1.763651 19.694308 1.503845 -3.682021 0.617006 3.287856 -0.682589 8.142819 7.474842 -20.016666 -19.889366 68.274696 33.001537 53.339532 21.697714 0.069699 14.969970 -7.636755 1.146008 8.929307 -7.418379 16.370593 -22.787969 -67.326060 -51.223844 53.070680 -30.382379 -9.350283 11.087119 4.800654 -3.334813 -2.748741 -0.418284 -1.007969 -0.213662 2.254971 12.540823 2.890648 3.009183 0.010046 -1.301680 -1.001823 20.810048 -25.271047 4.221149 7.609397 49.231077 1.509689 -0.662711 0.385527 -7.508259 -1.336150 -22.773738 8.082402
-1.581682 0.956148 0.623640 -71.810110 1.404084 -3.246551 -2.224258 2.739560 3.501384 -1.168684 -4.623381 1.573615 -1.165286 1.195848 1.454957 -0.764930 6.729739 1.100837 -1.861228 19.855853 1.418104 -3.828196 0.917293 3.155371 -0.717413 8.001185 7.473512 -19.844354 -19.813365 67.750963 32.809312 53.181146 21.902991 0.256755 14.975776 -7.334096 1.097603 9.054825 -7.481220 15.688958 -22.650542 -67.625579 -51.927379 52.568470 -30.443146 -9.456025 10.836328 4.680297 -2.861084 -2.526221 -0.837571 -1.128608 0.043317 2.121271 12.334344 2.372927 3.095501 0.010340 -1.446308 -0.856582 21.742114 -25.975656 4.432663 9.244973 47.049307 2.485455 -0.278432 1.337411 -7.091605 -1.309144 -23.106860 6.989904
-1.586246 0.956115 0.629937 -71.986165 1.401818 -3.081301 -2.400707 2.738539 3.447795 -1.244442 -4.624952 1.550775 -1.240808 1.194114 1.424426 -0.823836 6.728364 1.077920 -1.946402 20.021110 1.322524 -3.948860 1.223349 3.000901 -0.764388 7.871530 7.474508 -19.759660 -19.768975 67.339493 32.599461 53.226866 21.991286 0.407234 14.952898 -7.112795 1.063092 9.168545 -7.539178 15.175685 -22.528804 -67.903194 -52.888905 52.374282 -30.811334 -9.590619 10.645264 4.489446 -2.517677 -2.308707 -1.245859 -1.079875 0.336283 1.987521 12.134086 1.797238 3.171338 0.009067 -1.525502 -0.681045 22.454939 -26.536764 4.691623 10.722535 44.651321 3.524641 0.482938 2.192621 -6.409453 -1.024779 -22.440447 5.241546
-1.590663 0.955974 0.636625 -72.205791 1.386467 -2.932942 -2.555623 2.728262 3.405459 -1.311121 -4.630482 1.532788 -1.307268 1.188436 1.399673 -0.875505 6.724040 1.059337 -2.019716 20.180960 1.207797 -4.042486 1.517977 2.808092 -0.830637 7.776874 7.460802 -19.817013 -19.778366 67.125100 32.222892 53.356556 21.800066 0.469093 14.881391 -7.012343 1.026013 9.286412 -7.590889 14.975500 -22.455401 -68.161589 -54.456972 52.619625 -31.826001 -9.777583 10.580077 4.212085 -2.414295 -2.096984 -1.663711 -0.775075 0.655978 1.876310 11.953808 1.149684 3.231681 0.006367 -1.506545 -0.477210 22.970837 -26.988988 4.877543 12.165934 42.059482 4.885296 1.788042 2.646703 -5.407863 -0.496293 -19.769312 2.793693
-1.594971 0.955694 0.643658 -72.477378 1.356534 -2.809196 -2.687340 2.707964 3.374349 -1.367978 -4.640323 1.519617 -1.363924 1.178464 1.380734 -0.919382 6.716503 1.045110 -2.080594 20.344304 1.083261 -4.110801 1.818213 2.593632 -0.909160 7.693970 7.448722 -19.961777 -19.818190 67.023112 31.827584 53.685746 21.482968 0.496358 14.779547 -6.993070 1.002992 9.392722 -7.637473 14.944924 -22.391831 -68.398072 -56.324604 53.137837 -33.211067 -10.000816 10.570383 3.859963 -2.440359 -1.896550 -2.072778 -0.300002 1.008616 1.762997 11.778170 0.444177 3.281551 0.003056 -1.422104 -0.243162 23.262527 -27.297695 5.120762 13.416713 39.242062 6.305269 3.417478 2.977646 -4.092702 -0.016064 -15.985682 0.005198
-1.599215 0.955274 0.650978 -72.891648 1.332517 -2.706824 -2.766051 2.669545 3.343947 -1.401165 -4.657833 1.506350 -1.396967 1.160867 1.364094 -0.945372 6.703287 1.032541 -2.126266 20.502923 0.952532 -4.150193 2.108741 2.363677 -0.966988 7.616369 7.450181 -20.156369 -19.838676 66.982372 31.766977 54.609936 21.297497 0.590669 14.680214 -7.047628 1.023769 9.453930 -7.678721 14.917383 -22.264371 -68.594354 -57.932897 53.654688 -34.442448 -10.192659 10.552600 3.507928 -2.400343 -1.737757 -2.458599 0.239032 1.383690 1.608461 11.607543 -0.278243 3.352162 -0.000102 -1.312613 0.008915 22.933855 -27.381535 5.826537 14.202162 36.376727 7.024427 4.943932 3.780515 -2.602068 0.249695 -12.687095 -2.622565
-1.603390 0.954719 0.658525 -73.493986 1.323462 -2.631669 -2.772947 2.605293 3.315831 -1.402328 -4.686309 1.493565 -1.398055 1.132384 1.351191 -0.947104 6.681967 1.022696 -2.155230 20.661240 0.814483 -4.157483 2.397839 2.115665 -0.990556 7.532379 7.471394 -20.418453 -19.809637 67.009911 32.273739 56.522046 21.371277 0.827873 14.562516 -7.213161 1.117665 9.442125 -7.712108 14.774007 -22.027161 -68.740349 -59.023160 54.120608 -35.266629 -10.333291 10.501503 3.157056 -2.204470 -1.649683 -2.795121 0.823353 1.807015 1.383160 11.414043 -1.015475 3.441844 -0.002954 -1.199362 0.344386 21.690841 -27.190877 7.211541 14.711873 33.506209 6.933509 6.413977 5.610819 -0.847878 0.388001 -10.791043 -5.838524
-1.607499 0.954025 0.666359 -74.238948 1.320433 -2.577984 -2.726743 2.523164 3.289274 -1.379815 -4.722349 1.481110 -1.375521 1.096404 1.341027 -0.930904 6.655071 1.014856 -2.168553 20.814702 0.670444 -4.135309 2.677357 1.852615 -0.993696 7.454331 7.506198 -20.730804 -19.759557 67.096467 33.221391 59.022668 21.681622 1.122836 14.442581 -7.463226 1.256126 9.385684 -7.737994 14.635104 -21.724851 -68.849840 -59.830302 54.603353 -35.913107 -10.441014 10.445408 2.803390 -1.941232 -1.603328 -3.107935 1.470374 2.252700 1.117220 11.223528 -1.769132 3.552737 -0.005089 -1.060984 0.697843 19.854894 -26.703674 9.027700 15.029073 30.597047 6.418693 7.794490 7.973892 1.072962 0.451254 -9.502878 -9.129123
-1.611599 0.953176 0.674600 -75.080959 1.317363 -2.525181 -2.653893 2.438144 3.250310 -1.344818 -4.759445 1.462972 -1.340549 1.059392 1.326441 -0.905710 6.627440 1.003652 -2.166959 20.941656 0.528138 -4.087912 2.907357 1.589579 -0.984660 7.412022 7.547689 -21.003219 -19.728025 67.167249 34.405499 61.320376 22.240974 1.343738 14.411827 -7.687080 1.381984 9.335284 -7.760845 14.691525 -21.420469 -68.937992 -60.486405 55.027765 -36.525406 -10.498014 10.404999 2.512897 -1.683146 -1.541011 -3.459740 2.127894 2.632828 0.859748 11.117212 -2.504520 3.720028 -0.005641 -0.874080 0.860965 17.959366 -25.891970 10.974945 14.842823 27.712350 5.562262 8.550999 9.939527 2.620752 0.429029 -7.978679 -10.323895
-1.615780 0.952187 0.683227 -76.048757 1.303076 -2.466886 -2.548994 2.358276 3.189804 -1.294536 -4.793958 1.435100 -1.290353 1.024987 1.303665 -0.869723 6.601817 0.986250 -2.149812 21.032651 0.388527 -4.014267 3.070473 1.328361 -0.958144 7.433470 7.599919 -21.205488 -19.744867 67.219530 35.864046 63.331913 23.131111 1.431822 14.561704 -7.852619 1.475472 9.311537 -7.774815 15.064872 -21.131849 -69.007174 -61.025044 55.325180 -37.149231 -10.475212 10.393976 2.314593 -1.478483 -1.429911 -3.866296 2.802338 2.892879 0.619296 11.168862 -3.205520 3.968534 -0.003913 -0.582525 0.668980 16.134512 -24.677634 13.038565 13.967969 24.804977 4.271660 8.240021 11.073284 3.364092 0.289265 -5.460299 -7.698500
-1.619952 0.951043 0.692261 -77.113611 1.289117 -2.409239 -2.417385 2.274773 3.117189 -1.231751 -4.829868 1.401732 -1.227695 0.989218 1.276672 -0.824704 6.575213 0.965655 -2.116838 21.096994 0.251887 -3.913512 3.184185 1.068982 -0.919759 7.491004 7.657459 -21.367992 -19.779995 67.258331 37.635113 65.128896 24.348612 1.454188 14.804462 -7.984765 1.556129 9.293705 -7.786234 15.631661 -20.839492 -69.049411 -61.402792 55.565502 -37.723294 -10.396588 10.401618 2.177226 -1.279874 -1.306995 -4.313315 3.487234 3.084246 0.383867 11.303561 -3.890775 4.270032 -0.001573 -0.242675 0.286676 14.317446 -23.109893 15.155885 12.710202 21.801543 2.799967 7.314533 11.808056 3.546699 0.125387 -2.385574 -3.204341
-1.623897 0.949689 0.701889 -78.143724 1.303659 -2.351108 -2.301646 2.177437 3.046096 -1.176036 -4.872064 1.369120 -1.172077 0.947148 1.249726 -0.784952 6.543868 0.945100 -2.069324 21.141474 0.125164 -3.789955 3.261272 0.824155 -0.893964 7.530373 7.699511 -21.490698 -19.785531 67.220866 39.259789 66.166184 25.522062 1.480887 14.966134 -8.046329 1.625670 9.269864 -7.818664 16.214564 -20.550926 -69.062740 -61.643356 55.877980 -38.236782 -10.323262 10.412280 2.076747 -1.016837 -1.218477 -4.817749 4.112435 3.278123 0.171742 11.379913 -4.576895 4.580797 0.000000 -0.000000 0.000000 12.705623 -21.428992 17.006339 11.390758 18.779242 1.643223 6.561677 12.538680 3.646559 -0.000000 -0.000000 0.000000
-1.627499 0.948066 0.712118 -79.126922 1.359263 -2.286052 -2.210383 2.061097 2.973654 -1.131058 -4.922902 1.335978 -1.127155 0.896401 1.221150 -0.753335 6.505987 0.923307 -2.000434 21.165026 0.009643 -3.631391 3.299641 0.594187 -0.887423 7.528558 7.718122 -21.544819 -19.737518 67.072162 40.355474 66.146905 26.322491 1.542170 14.960753 -7.998610 1.691426 9.228433 -7.883231 16.766065 -20.260733 -69.022805 -61.734647 56.285554 -38.672141 -10.282196 10.418513 2.019828 -0.594311 -1.206400 -5.394391 4.625809 3.538386 -0.000383 11.345507 -5.293505 4.884674 0.000734 0.064695 -0.063822 11.256888 -19.680315 18.547889 9.858888 15.752254 0.904295 6.096096 13.330137 4.018288 -0.069831 0.682834 0.683199
-1.630876 0.946234 0.722941 -80.075310 1.443362 -2.222143 -2.134963 1.930936 2.903247 -1.093172 -4.980023 1.303796 -1.089293 0.839352 1.192812 -0.726985 6.463358 0.901693 -1.916608 21.169145 -0.094922 -3.449086 3.302499 0.380332 -0.893187 7.507925 7.722070 -21.558092 -19.662849 66.845781 41.016040 65.387063 26.806602 1.606131 14.874512 -7.877809 1.746504 9.180078 -7.968473 17.334369 -19.974941 -68.954171 -61.686732 56.766795 -39.044776 -10.245630 10.428293 2.000204 -0.107142 -1.226542 -6.027423 5.081485 3.802023 -0.147223 11.251287 -6.008712 5.200699 0.000492 0.032333 -0.031925 9.986477 -17.862855 19.845776 8.185692 12.743797 0.480605 5.797989 14.142113 4.335250 -0.048608 0.351659 0.330200
-1.634166 0.944320 0.734523 -80.893548 1.545599 -2.180296 -2.092230 1.793252 2.857589 -1.071019 -5.040785 1.282800 -1.067097 0.778635 1.174071 -0.711652 6.417921 0.887346 -1.839455 21.164949 -0.184431 -3.283347 3.291013 0.195903 -0.915181 7.481999 7.716223 -21.614826 -19.591198 66.580413 41.394913 64.271356 27.078347 1.650970 14.791421 -7.759425 1.771295 9.146195 -8.064447 17.886143 -19.718515 -68.930345 -61.561403 57.382867 -39.399763 -10.194043 10.448956 1.974248 0.229332 -1.195408 -6.687036 5.567587 3.950126 -0.297793 11.111998 -6.644885 5.539661 -0.000000 -0.000000 0.000000 9.115334 -16.195673 20.819189 6.911535 9.950777 0.363552 6.099878 15.230109 4.119918 0.000000 -0.000000 0.000000
-1.637560 0.942337 0.746892 -81.561437 1.664891 -2.169290 -2.092500 1.642491 2.842992 -1.069459 -5.107735 1.275793 -1.065414 0.711694 1.167231 -0.710799 6.367741 0.881991 -1.765491 21.159814 -0.255857 -3.128638 3.278452 0.045179 -0.957947 7.459717 7.701416 -21.723138 -19.530354 66.259233 41.542318 62.806033 27.205408 1.680778 14.742435 -7.642337 1.752123 9.143033 -8.181018 18.454975 -19.502482 -68.990391 -61.323821 58.191858 -39.720929 -10.121140 10.486151 1.959004 0.307288 -1.060059 -7.361937 6.172342 3.893618 -0.464213 10.915176 -7.194690 5.912708 0.000000 0.000000 0.000000 8.680164 -14.685107 21.506387 5.946684 7.341366 0.460479 7.651043 17.017347 2.964241 0.000000 0.000000 0.000000
-1.640868 0.940272 0.760019 -82.099295 1.801177 -2.180227 -2.125666 1.485238 2.852970 -1.083697 -5.177866 1.279821 -1.079465 0.641534 1.169813 -0.721033 6.315085 0.883748 -1.698366 21.147121 -0.312221 -2.990696 3.252506 -0.076135 -1.016794 7.431747 7.676636 -21.874115 -19.475051 65.898307 41.436107 60.990150 27.164051 1.689651 14.696839 -7.528941 1.702576 9.153944 -8.309519 19.006956 -19.315891 -69.095203 -61.001064 59.135646 -40.016318 -10.032777 10.533575 1.937365 0.231398 -0.876522 -8.064289 6.803022 3.718787 -0.638504 10.674944 -7.662938 6.309715 -0.000000 0.000000 -0.000000 8.595793 -13.364113 21.936553 5.292975 4.991735 0.687331 9.822285 19.112145 1.420019 0.000000 -0.000000 -0.000000
-1.643652 0.938223 0.773991 -82.472597 1.945276 -2.206619 -2.178026 1.346477 2.890065 -1.107879 -5.240001 1.296043 -1.103428 0.579349 1.183578 -0.737861 6.268358 0.893970 -1.670682 21.117081 -0.359111 -2.927186 3.195464 -0.168568 -1.081832 7.384372 7.643952 -22.127402 -19.433739 65.585856 41.172862 59.191482 26.955974 1.650621 14.647681 -7.500187 1.643535 9.152138 -8.412164 19.407324 -19.149923 -69.202057 -60.761520 60.100227 -40.382590 -9.929829 10.581750 1.813532 0.105379 -0.724381 -8.798168 7.276503 3.571264 -0.817077 10.449816 -7.991348 6.707896 0.000000 0.000000 -0.000000 8.880804 -12.497961 22.044288 5.598470 3.269389 0.866521 11.184536 20.473282 0.403002 -0.000000 -0.000000 0.000000
-1.645751 0.936157 0.788868 -82.642889 2.106615 -2.236686 -2.255974 1.227012 2.952514 -1.144751 -5.293822 1.323696 -1.140036 0.525455 1.207489 -0.763412 6.227794 0.911877 -1.695911 21.063683 -0.399556 -2.961699 3.095925 -0.233586 -1.163449 7.288291 7.595633 -22.557627 -19.391341 65.390508 40.770557 57.517908 26.553025 1.550729 14.600954 -7.590105 1.586532 9.134536 -8.470049 19.586838 -19.016261 -69.305927 -60.605923 61.087088 -40.838145 -9.807321 10.625553 1.521968 -0.061755 -0.614321 -9.589003 7.549542 3.463188 -0.993778 10.263089 -8.201127 7.154177 0.003720 0.148316 -0.314390 9.442460 -12.220712 21.784913 7.805683 2.386512 0.786231 11.127737 20.678577 0.740976 0.000000 0.000000 -0.000000
-1.647326 0.934106 0.804589 -82.648690 2.275870 -2.280950 -2.353135 1.126167 3.040894 -1.191500 -5.339614 1.363007 -1.186495 0.479568 1.242058 -0.795556 6.193178 0.937849 -1.760665 20.993027 -0.430758 -3.070683 2.964839 -0.270027 -1.250867 7.172638 7.539867 -23.091192 -19.361334 65.243625 40.269690 55.857230 26.033425 1.413693 14.551448 -7.767400 1.519680 9.105346 -8.501766 19.615015 -18.903241 -69.413524 -60.555525 62.093006 -41.388722 -9.676476 10.672707 1.125875 -0.278473 -0.531056 -10.409368 7.666669 3.387486 -1.169794 10.100033 -8.271446 7.599183 0.005693 0.295657 -0.629252 10.360883 -12.393996 21.214171 10.949924 2.125151 0.534958 10.259848 20.084059 1.509400 0.000000 0.000000 -0.000000
-1.648424 0.932265 0.821053 -82.570984 2.415902 -2.366347 -2.436614 1.066602 3.160689 -1.233918 -5.367134 1.416443 -1.228680 0.451957 1.291188 -0.823420 6.172221 0.974850 -1.857319 20.913322 -0.449713 -3.241201 2.817656 -0.274647 -1.303036 7.111906 7.502167 -23.566722 -19.393771 65.031059 39.780744 54.246083 25.525070 1.271506 14.475510 -8.012653 1.428796 9.049173 -8.525076 19.565104 -18.766513 -69.500198 -60.834402 62.996478 -42.136960 -9.562080 10.732585 0.722913 -0.463695 -0.511939 -11.183243 7.581625 3.465111 -1.347987 9.967677 -8.082487 7.873820 -0.000000 0.000000 -0.000000 11.919879 -12.863838 20.405323 12.825648 2.191217 0.394024 9.011162 18.866790 0.917996 -0.000000 0.000000 -0.000000
-1.649047 0.930447 0.838562 -82.474080 2.519240 -2.549156 -2.468630 1.050414 3.350106 -1.257052 -5.375337 1.501013 -1.251707 0.443704 1.373411 -0.834437 6.165705 1.036862 -1.990132 20.824238 -0.463664 -3.479039 2.653842 -0.259176 -1.256681 7.189822 7.477410 -23.928851 -19.518801 64.653745 39.272983 52.533690 24.970973 1.098618 14.335387 -8.409012 1.317786 8.940559 -8.552891 19.441303 -18.543200 -69.600612 -61.602268 63.777650 -43.141414 -9.465513 10.805700 0.152785 -0.488579 -0.489415 -11.899705 7.303213 3.599112 -1.572570 10.144858 -7.651568 7.951252 -0.009306 -0.886071 2.352277 14.701911 -13.662690 19.233948 12.173838 2.473561 0.588549 7.343760 16.821207 -2.472731 -0.000000 -0.000000 -0.000000
-1.649192 0.928838 0.856815 -82.293818 2.594064 -2.772854 -2.486575 1.074724 3.570578 -1.275709 -5.365571 1.599575 -1.270314 0.453430 1.470083 -0.841072 6.172621 1.109834 -2.154630 20.725700 -0.465184 -3.778420 2.473513 -0.211313 -1.176189 7.323531 7.470473 -24.235776 -19.703566 64.215602 38.782961 50.869347 24.427831 0.927445 14.167062 -8.870516 1.183238 8.804702 -8.572045 19.238746 -18.296797 -69.680723 -62.735652 64.449364 -44.378041 -9.389956 10.890024 -0.424879 -0.478900 -0.525859 -12.570181 6.827740 3.894546 -1.799226 10.361208 -6.968578 7.853754 -0.053800 -2.204022 5.654229 18.162160 -14.689327 17.747349 10.272929 3.094636 0.967739 5.448848 14.162545 -7.102799 -0.000000 -0.000000 0.000000
-1.648900 0.928191 0.874804 -81.918143 2.626705 -2.895533 -2.570424 1.155223 3.712814 -1.320429 -5.331049 1.663573 -1.314923 0.487846 1.529537 -0.870085 6.198107 1.154841 -2.330312 20.626791 -0.429031 -4.109530 2.294150 -0.091300 -1.211006 7.336665 7.520887 -24.494357 -19.905076 63.907025 38.458984 49.746712 24.124086 0.859955 14.059396 -9.121342 0.999507 8.702094 -8.560651 19.017950 -18.170907 -69.611479 -64.022311 64.939136 -45.810138 -9.341985 10.988409 -0.427431 -0.730733 -0.855522 -13.153180 6.100604 4.775356 -1.909884 9.793766 -5.856538 7.475676 -0.179675 -3.837658 8.570713 20.869183 -15.640046 16.339624 8.717473 4.093300 1.214796 3.967217 11.845272 -10.317733 0.000000 0.000000 -0.000000
-1.648035 0.928873 0.892344 -81.231546 2.596680 -2.792405 -2.795407 1.303895 3.693987 -1.420781 -5.266694 1.656368 -1.414990 0.551954 1.512130 -0.946571 6.246001 1.142023 -2.483450 20.552097 -0.327213 -4.419155 2.162047 0.141174 -1.498478 7.089243 7.706352 -24.684544 -20.182084 63.768762 38.343070 49.534179 24.222710 0.963154 14.041787 -9.014076 0.746961 8.662659 -8.520734 18.911316 -18.314969 -69.308031 -65.479299 65.180851 -47.653445 -9.321966 11.093394 0.659769 -1.332551 -1.609796 -13.706661 5.284024 6.609364 -1.862060 7.721781 -4.137944 6.718317 -0.473917 -6.197196 10.527338 22.157167 -16.610409 15.216348 8.170822 5.827969 1.147182 2.947041 10.279298 -10.877998 -0.000000 0.000000 -0.000000
-1.646732 0.930518 0.909620 -80.349570 2.520643 -2.589641 -3.087435 1.509435 3.598369 -1.547709 -5.177152 1.615591 -1.541618 0.641165 1.458464 -1.045761 6.312814 1.101993 -2.647205 20.477991 -0.186729 -4.759971 2.033649 0.447511 -1.900574 6.722402 7.953093 -24.824278 -20.474987 63.759343 38.357612 49.867650 24.510667 1.156762 14.086191 -8.695308 0.445421 8.657556 -8.448329 18.788401 -18.577086 -68.852758 -67.051949 65.228867 -49.646076 -9.290101 11.214145 2.330317 -2.182801 -2.661888 -14.174863 4.223800 9.033206 -1.774152 4.794258 -2.068760 5.601916 -0.898571 -8.732693 12.338743 22.681922 -17.565292 14.222859 7.973526 7.935052 0.960007 2.204346 9.064765 -10.086993 -0.000000 0.000000 0.000000
-1.645433 0.932779 0.926185 -79.506078 2.445110 -2.520871 -3.301604 1.753291 3.567793 -1.643488 -5.070241 1.604086 -1.637345 0.747809 1.437256 -1.119365 6.392658 1.086533 -2.901726 20.341541 -0.063925 -5.262399 1.792700 0.751504 -2.151663 6.477315 8.067447 -24.977156 -20.563404 63.942206 38.445390 50.143109 24.627500 1.314208 14.197229 -8.330971 0.128520 8.658792 -8.312058 18.317195 -18.647391 -68.364295 -68.399289 65.213701 -51.015593 -9.191319 11.372652 3.634715 -3.304814 -3.859716 -14.337543 2.370890 11.372970 -1.830592 2.248737 -0.124246 4.169888 -1.150473 -9.816243 14.537813 22.941809 -18.062773 13.297218 7.712172 9.343883 0.833017 1.855330 8.031748 -9.235248 0.000000 0.000000 -0.000000
-1.644295 0.935775 0.941961 -78.741398 2.367345 -2.713788 -3.369494 2.068542 3.681521 -1.681942 -4.931332 1.656930 -1.676120 0.886600 1.486213 -1.145052 6.496449 1.124125 -3.331719 20.072266 0.012518 -6.074933 1.311358 1.030745 -2.100367 6.482303 7.903071 -25.242274 -20.282307 64.532969 38.463690 50.145074 24.187454 1.365491 14.385906 -8.027760 -0.269997 8.689447 -8.067365 17.174144 -18.365218 -67.864797 -69.313498 65.207475 -51.280297 -9.031805 11.582642 4.211592 -4.923629 -5.229645 -14.076464 -1.346301 13.411347 -2.365704 0.415667 1.949977 2.140539 -0.782932 -8.336967 18.114609 23.045719 -17.811520 12.426438 7.051639 9.460255 0.807906 2.101807 7.225184 -8.731213 0.000000 -0.000000 -0.000000
-1.643162 0.939389 0.957026 -78.014506 2.297327 -3.040390 -3.355776 2.419666 3.863320 -1.687917 -4.776243 1.739899 -1.682547 1.041666 1.568565 -1.143996 6.612379 1.186958 -3.851435 19.740930 0.076262 -7.051904 0.721693 1.320687 -1.902694 6.611734 7.600907 -25.499218 -19.802078 65.315411 38.541358 50.091719 23.565682 1.385083 14.641224 -7.678361 -0.679610 8.724875 -7.754867 15.686445 -17.892787 -67.329529 -69.939370 65.182723 -50.865145 -8.827401 11.827739 4.414493 -6.855209 -6.719662 -13.478767 -5.947648 15.266387 -3.283793 -1.116886 3.662096 -0.347696 0.292772 -5.212732 21.414250 22.847644 -17.117527 11.662437 6.297073 8.883942 0.810894 2.743328 6.583976 -8.183080 -0.000000 0.000000 -0.000000
-1.642004 0.942921 0.971164 -77.437302 2.302678 -3.347819 -3.316203 2.686866 4.018043 -1.680446 -4.658041 1.810080 -1.675410 1.159900 1.639477 -1.133546 6.700772 1.240979 -4.287094 19.496148 0.160212 -7.881937 0.294124 1.621080 -1.747474 6.717272 7.394031 -25.510055 -19.401297 65.703720 39.029664 50.033806 23.540871 1.467172 14.933309 -7.125752 -0.866347 8.664605 -7.478788 14.498294 -17.401437 -66.812137 -70.511747 65.113342 -50.405471 -8.558548 12.080801 4.363649 -8.511561 -8.068891 -12.641154 -8.850161 16.891372 -3.865969 -1.998577 3.805840 -2.230797 1.150270 -2.541197 21.322041 22.456575 -16.425119 11.035280 5.994067 8.322920 0.794461 3.271687 5.797284 -7.686375 0.000000 -0.000000 -0.000000
-1.640673 0.946217 0.984184 -77.098082 2.433015 -3.592131 -3.251430 2.810162 4.118513 -1.657847 -4.603233 1.855115 -1.653023 1.214781 1.686796 -1.113326 6.741793 1.276899 -4.572097 19.419878 0.267846 -8.439109 0.175584 1.909947 -1.696145 6.720394 7.396164 -25.100726 -19.169643 65.255529 40.276269 49.928728 24.661930 1.707388 15.313205 -6.156387 -0.633509 8.414943 -7.289596 13.712573 -16.898072 -66.295438 -71.119258 64.976278 -50.049668 -8.250344 12.374970 3.766810 -9.717383 -9.258422 -11.595593 -8.465124 18.542094 -3.424457 -1.718243 1.665177 -3.022328 0.878884 -1.365355 15.407530 21.785354 -15.897262 10.615727 6.545354 8.034441 0.693290 3.488107 4.624119 -7.296061 -0.000000 -0.000000 -0.000000
-1.639317 0.949433 0.996278 -76.909665 2.635311 -3.815790 -3.163409 2.851242 4.187289 -1.622608 -4.584568 1.885437 -1.617960 1.233544 1.720698 -1.084555 6.755811 1.302515 -4.774115 19.430002 0.390611 -8.845782 0.215354 2.195360 -1.682309 6.694776 7.494521 -24.472363 -18.999690 64.413645 41.950523 49.783729 26.367498 2.042233 15.712150 -4.975975 -0.185004 8.067632 -7.150132 13.225911 -16.377285 -65.800565 -71.705014 64.769168 -49.682225 -7.892513 12.692814 2.920981 -10.646450 -10.312495 -10.319787 -6.269586 20.101080 -2.266715 -0.553589 -1.651486 -3.204353 0.278798 -0.661925 6.516004 20.926620 -15.381180 10.322277 7.548462 7.740939 0.542473 3.581883 3.312248 -6.958460 -0.000000 -0.000000 0.000000
-1.638349 0.952337 1.007800 -76.720712 2.820471 -3.994759 -3.112625 2.875944 4.201695 -1.600997 -4.573210 1.891665 -1.596457 1.244960 1.729120 -1.067838 6.764394 1.308884 -4.922230 19.429130 0.539028 -9.162282 0.234833 2.511579 -1.697090 6.714969 7.583727 -23.969624 -18.884432 63.916302 43.401964 49.755177 27.806222 2.296932 15.935334 -4.064817 0.109870 7.802771 -7.030727 13.368263 -15.992342 -65.436315 -72.330480 64.472420 -49.583471 -7.386622 12.913774 2.838277 -11.203637 -11.069048 -8.863704 -4.263722 21.112060 -1.075118 0.719395 -4.370033 -2.783771 -0.000000 -0.000000 0.000000 20.260344 -14.847625 9.951596 8.353523 7.343214 0.426238 3.632444 2.292072 -6.602854 -0.000000 0.000000 -0.000000
-1.637953 0.954877 1.018808 -76.497781 2.974185 -4.107568 -3.130980 2.893568 4.133325 -1.605803 -4.565177 1.861393 -1.601266 1.252984 1.698357 -1.073758 6.770535 1.285696 -5.003705 19.386093 0.726802 -9.371438 0.176100 2.882238 -1.756576 6.824409 7.634052 -23.712162 -18.852115 64.116189 44.366938 49.996128 28.660299 2.352042 15.859327 -3.653048 0.067258 7.716065 -6.908496 14.624898 -15.857287 -65.292594 -73.391221 64.057822 -50.252350 -6.580309 12.935705 4.227337 -11.191599 -11.466442 -7.212672 -2.984389 21.320028 -0.082754 1.697146 -5.844620 -1.224727 -0.032451 0.284649 -1.571020 20.037630 -14.279911 9.381071 8.647739 6.748441 0.401568 3.681873 1.737684 -6.198986 -0.000000 -0.000000 -0.000000
-1.637945 0.957107 1.029245 -76.273689 3.110299 -4.175792 -3.187243 2.895972 4.010746 -1.624553 -4.563942 1.807136 -1.619961 1.254166 1.642198 -1.091970 6.771612 1.243331 -5.032592 19.332157 0.938943 -9.492915 0.096369 3.282224 -1.843796 6.980890 7.675546 -23.573895 -18.888438 64.657902 45.118667 50.380846 29.286403 2.292726 15.624726 -3.518956 -0.126713 7.716323 -6.798676 16.507898 -15.863919 -65.286926 -74.468562 63.548967 -51.182598 -5.670849 12.802305 6.385662 -10.780148 -11.607306 -5.403271 -1.910447 20.973510 0.856740 2.654831 -6.857468 1.078235 -0.010680 0.162219 -0.782034 20.000973 -13.691602 8.738610 8.743249 6.057057 0.422327 3.706129 1.476203 -5.770425 -0.000000 -0.000000 -0.000000
-1.638186 0.958955 1.039297 -75.995953 3.183031 -4.239789 -3.246427 2.922897 3.897893 -1.645316 -4.551859 1.757362 -1.640694 1.266184 1.590317 -1.111414 6.780791 1.204248 -5.078245 19.263896 1.143648 -9.643846 -0.008547 3.675132 -1.901176 7.130438 7.693110 -23.524867 -18.940319 65.216180 45.806407 50.686858 29.859775 2.223674 15.448782 -3.471159 -0.284858 7.702570 -6.722395 17.884698 -15.830352 -65.257993 -74.465816 63.026509 -51.196283 -5.038765 12.635330 8.202969 -10.423274 -11.568317 -3.563833 -1.507908 20.397398 1.515549 3.786738 -7.730232 3.051447 0.000000 0.000000 0.000000 19.769426 -13.101771 8.195645 8.930437 5.462403 0.426021 3.693568 1.416698 -5.324119 -0.000000 -0.000000 -0.000000
-1.638637 0.960370 1.048926 -75.605413 3.163809 -4.350672 -3.309161 3.002696 3.834331 -1.670642 -4.516554 1.729864 -1.666052 1.301411 1.560247 -1.132744 6.807271 1.181743 -5.162599 19.167307 1.338335 -9.864510 -0.162947 4.064264 -1.910161 7.240322 7.669830 -23.631652 -18.996796 65.710789 46.517950 50.845082 30.472309 2.168979 15.432055 -3.486195 -0.342305 7.633702 -6.689728 18.191147 -15.659383 -65.143093 -72.621224 62.479315 -49.524348 -4.838511 12.487012 9.361627 -10.428541 -11.286294 -1.673600 -2.389031 19.603663 1.762579 5.317482 -8.441979 4.298917 0.000000 -0.000000 0.000000 19.147255 -12.526740 7.859603 9.364116 5.013233 0.391846 3.591783 1.670161 -4.851785 0.000000 0.000000 0.000000
-1.639337 0.961403 1.058171 -75.160977 3.081772 -4.458486 -3.374301 3.107045 3.780921 -1.697745 -4.470393 1.707068 -1.693216 1.347492 1.534697 -1.155108 6.841874 1.162701 -5.264096 19.056198 1.525420 -10.115667 -0.342473 4.446546 -1.890193 7.342744 7.622911 -23.828525 -19.066090 66.222697 47.156477 50.925464 31.021297 2.102112 15.475628 -3.586521 -0.364687 7.549310 -6.691350 17.991266 -15.440757 -64.997225 -69.850272 61.860292 -47.071786 -4.884982 12.344600 10.166902 -10.475155 -10.816397 0.249706 -3.896712 18.532561 1.774788 7.031789 -8.884351 5.279791 -0.000000 0.000000 0.000000 18.339197 -11.951483 7.614634 9.892775 4.658027 0.338278 3.465378 2.128174 -4.360586 0.000000 -0.000000 -0.000000
-1.640262 0.962144 1.067336 -74.787629 2.976520 -4.451685 -3.404329 3.190616 3.683249 -1.706707 -4.432906 1.664229 -1.702256 1.384954 1.490945 -1.165213 6.870139 1.129836 -5.386072 18.969114 1.680944 -10.393390 -0.477707 4.776003 -1.840976 7.480133 7.589301 -23.884851 -19.129547 66.666862 47.588560 50.912864 31.377196 2.056579 15.494187 -3.649711 -0.361524 7.466650 -6.719563 17.841352 -15.277295 -64.820093 -67.539278 61.265101 -45.130506 -4.966250 12.275076 10.453211 -10.093410 -10.406642 2.027927 -4.624772 17.461295 1.756498 8.518407 -9.207196 6.148872 -0.000000 0.000000 0.000000 17.565877 -11.356055 7.293872 10.349622 4.437850 0.260168 3.467024 2.368671 -3.881656 -0.000000 0.000000 0.000000
-1.641413 0.962586 1.076498 -74.550338 2.863730 -4.269209 -3.378676 3.230422 3.505026 -1.686311 -4.413941 1.584884 -1.681959 1.403982 1.413669 -1.155781 6.884787 1.071505 -5.533545 18.930343 1.800209 -10.703289 -0.523886 5.043104 -1.745113 7.682741 7.591095 -23.693792 -19.181917 66.994661 47.737067 50.747006 31.467782 2.061536 15.449031 -3.584126 -0.313642 7.376589 -6.783451 17.887122 -15.219724 -64.560036 -66.092731 60.790653 -44.093774 -4.978360 12.331669 9.980693 -9.045333 -10.216641 3.670915 -3.884602 16.663487 1.654721 9.577279 -9.576862 7.083159 -0.000000 0.000000 -0.000000 16.875752 -10.713576 6.829118 10.696667 4.349642 0.146560 3.673748 2.211038 -3.423112 -0.000000 -0.000000 0.000000
-1.642789 0.962735 1.085581 -74.384989 2.726027 -3.971926 -3.317834 3.250186 3.282238 -1.647765 -4.403368 1.485325 -1.643540 1.414669 1.318022 -1.134116 6.893279 0.999220 -5.701181 18.915782 1.887717 -11.038411 -0.525867 5.256205 -1.619142 7.919618 7.607751 -23.361346 -19.234090 67.253061 47.679036 50.492117 31.362026 2.089166 15.377475 -3.482648 -0.239952 7.288423 -6.874149 17.980623 -15.221444 -64.268764 -65.001662 60.398943 -43.468262 -4.982184 12.469347 9.001005 -7.581418 -10.105525 5.173919 -2.396787 15.978919 1.442115 10.415719 -9.915706 7.869170 -0.000000 0.000000 -0.000000 16.214751 -10.059539 6.285146 10.973989 4.397640 0.011738 3.997424 1.832475 -2.980091 -0.000000 0.000000 0.000000
-1.644369 0.962704 1.094663 -74.223276 2.552370 -3.630692 -3.246317 3.274547 3.068657 -1.604962 -4.390781 1.389818 -1.600878 1.427377 1.226859 -1.108934 6.903254 0.930318 -5.876611 18.891239 1.933425 -11.375512 -0.549392 5.396285 -1.513947 8.141853 7.611766 -22.975472 -19.294371 67.499784 47.511286 50.320886 31.143454 2.087636 15.309131 -3.499616 -0.206705 7.247246 -6.956306 18.236908 -15.244703 -64.100163 -64.179001 60.059187 -43.120979 -5.018282 12.597923 8.090958 -5.972545 -9.867711 6.346676 -0.899720 15.038735 1.282528 11.235971 -9.999181 8.081912 -0.000000 -0.000000 0.000000 15.647365 -9.467729 5.700520 11.132737 4.635870 -0.109642 4.336279 1.346561 -2.563936 -0.000000 0.000000 -0.000000
-1.646179 0.962511 1.103758 -74.054242 2.329854 -3.258428 -3.173314 3.317412 2.870760 -1.562403 -4.370111 1.301383 -1.558476 1.448160 1.142742 -1.083430 6.919239 0.866762 -6.057660 18.837878 1.935353 -11.711568 -0.629987 5.461157 -1.455614 8.341533 7.590914 -22.515840 -19.371381 67.765759 47.245880 50.328477 30.817246 2.033814 15.252613 -3.718602 -0.265593 7.280520 -7.010726 18.840636 -15.309918 -64.144739 -63.740443 59.792290 -43.158555 -5.109846 12.703243 7.423712 -4.108178 -9.396940 7.149252 0.451436 13.539016 1.239353 12.080169 -9.691571 7.454582 0.000000 -0.000000 -0.000000 15.289553 -8.929291 5.050783 11.059349 5.032008 -0.187768 4.688735 0.795560 -2.161505 0.000000 -0.000000 -0.000000
-1.648194 0.962138 1.112852 -73.890015 2.071039 -2.842602 -3.089644 3.365120 2.682413 -1.515594 -4.347322 1.217145 -1.511841 1.471076 1.063252 -1.054407 6.936797 0.806692 -6.246308 18.774184 1.895265 -12.049290 -0.733477 5.452926 -1.419085 8.527431 7.556878 -22.002615 -19.456584 68.019250 46.865005 50.418345 30.378668 1.946855 15.201857 -4.055549 -0.364657 7.360765 -7.055835 19.608015 -15.391819 -64.313677 -63.543354 59.587853 -43.448861 -5.240014 12.796234 6.821356 -2.103624 -8.769199 7.647822 1.808783 11.745530 1.166180 12.906128 -8.995980 6.338011 0.000000 -0.000000 0.000000 15.026952 -8.448545 4.365760 10.870955 5.621490 -0.253211 5.055268 0.137394 -1.788031 -0.000000 -0.000000 -0.000000
-1.650312 0.961641 1.121987 -73.696368 1.802685 -2.416261 -2.992595 3.400462 2.538485 -1.465067 -4.330247 1.152528 -1.461485 1.488289 1.003766 -1.021098 6.950000 0.761701 -6.436340 18.721652 1.808821 -12.374077 -0.821663 5.359426 -1.379358 8.676301 7.517074 -21.584802 -19.529033 68.225493 46.420425 50.475426 29.895917 1.839214 15.165583 -4.412381 -0.414799 7.450667 -7.112252 20.101589 -15.384012 -64.487524 -63.141516 59.356875 -43.527404 -5.403404 12.819350 6.329106 -0.565257 -8.038515 7.804073 2.900483 10.069183 0.980563 13.772035 -7.909082 5.267447 0.000000 0.000000 0.000000 14.584740 -8.119830 3.763606 10.864999 6.557617 -0.364422 5.340097 -0.638853 -1.494336 -0.000000 -0.000000 0.000000
-1.652565 0.961060 1.131331 -73.466732 1.529268 -1.910970 -2.876114 3.406495 2.414812 -1.406755 -4.326280 1.096635 -1.403309 1.492395 0.953802 -0.981188 6.953332 0.723840 -6.639045 18.706089 1.661423 -12.700004 -0.847506 5.154664 -1.363695 8.773096 7.458412 -21.294585 -19.553853 68.419633 45.853585 50.478669 29.316970 1.707028 15.160397 -4.772990 -0.412403 7.552231 -7.193873 20.078939 -15.233532 -64.583092 -62.158089 58.991823 -43.051754 -5.621121 12.713846 6.011150 0.167617 -7.155322 7.468446 3.555487 8.524848 0.623637 14.894344 -6.150086 4.323773 -0.000000 -0.000000 0.000000 13.841110 -7.883638 3.203335 11.165703 7.796996 -0.574951 5.537829 -1.596381 -1.276973 0.001499 0.159775 -0.093407
-1.654922 0.960356 1.140717 -73.208349 1.245158 -1.395706 -2.746101 3.400448 2.335543 -1.344688 -4.327899 1.060344 -1.341379 1.490919 0.923812 -0.936975 6.952408 0.701034 -6.842621 18.702059 1.467711 -13.011998 -0.857618 4.864435 -1.345104 8.833506 7.393298 -21.100310 -19.561946 68.568808 45.227649 50.445378 28.695487 1.555613 15.169496 -5.153009 -0.361388 7.664588 -7.285533 19.781605 -14.994496 -64.681466 -61.000127 58.586881 -42.393000 -5.881154 12.537683 5.798811 0.421668 -6.157500 6.769768 3.925873 7.062840 0.251828 16.054415 -4.066874 3.434910 0.000000 0.000000 -0.000000 12.924751 -7.808862 2.720519 11.646311 9.379396 -0.832172 5.651241 -2.670489 -1.134983 0.002866 0.319377 -0.187109
-1.657184 0.959462 1.149683 -72.905305 0.963150 -1.109720 -2.619030 3.413939 2.408022 -1.292054 -4.321594 1.091738 -1.288922 1.497364 0.960540 -0.894948 6.957223 0.728665 -7.006001 18.654262 1.267119 -13.251323 -0.953881 4.554105 -1.217339 8.880546 7.368239 -21.054297 -19.626757 68.534923 44.785018 50.323163 28.261595 1.414171 15.151369 -5.502163 -0.183825 7.747086 -7.364273 19.496210 -14.723287 -64.904592 -60.371385 58.365904 -42.128487 -6.125427 12.408373 5.541503 0.606818 -5.236230 6.075666 4.218695 5.994411 0.160366 16.658047 -2.668144 2.809311 -0.000000 -0.000000 -0.000000 11.941020 -8.174772 2.552435 12.232019 11.581513 -1.029299 5.600404 -3.678887 -1.117601 0.000000 -0.000000 0.000000
-1.659341 0.958253 1.158000 -72.531470 0.662977 -1.206348 -2.485673 3.470083 2.731556 -1.250103 -4.297357 1.235071 -1.247189 1.521727 1.108126 -0.852764 6.975132 0.840121 -7.125318 18.527260 1.041972 -13.407935 -1.204428 4.193806 -0.891406 8.924295 7.401757 -21.335621 -19.780361 68.233660 44.749478 50.054718 28.191985 1.274542 15.075002 -5.798135 0.199007 7.801521 -7.405711 19.225997 -14.441424 -65.347276 -60.550065 58.446112 -42.465574 -6.334300 12.377469 5.111327 0.927609 -4.451938 5.457228 4.538942 5.557323 0.617058 16.200071 -2.566883 2.553822 0.000000 0.000000 -0.000000 10.623201 -9.160612 2.898341 13.072032 14.757323 -1.075108 5.268422 -4.601895 -1.150951 -0.015228 -1.160715 0.596179
-1.661403 0.956855 1.165898 -72.108735 0.369615 -1.533069 -2.357279 3.538943 3.207518 -1.218523 -4.267918 1.446322 -1.215770 1.551234 1.322585 -0.813332 6.996631 1.002144 -7.202773 18.358316 0.808659 -13.488381 -1.537511 3.809827 -0.456489 8.957301 7.475740 -21.764258 -19.987649 67.749177 44.896705 49.702249 28.304918 1.146730 14.971766 -6.064083 0.708525 7.831311 -7.434426 18.965569 -14.120536 -65.911283 -61.248101 58.711529 -43.183166 -6.527502 12.392713 4.639671 1.196982 -3.745564 4.842663 4.787273 5.495010 1.374404 15.187350 -3.163256 2.492511 0.000000 -0.000000 -0.000000 9.202742 -10.554015 3.588363 14.044292 18.551838 -1.018438 4.771863 -5.459570 -1.284123 -0.046190 -2.794240 1.485245
-1.663214 0.955576 1.173601 -71.693583 0.163189 -1.869053 -2.280899 3.574696 3.645177 -1.207897 -4.253159 1.640741 -1.205180 1.565986 1.518081 -0.790882 7.007030 1.149851 -7.207690 18.199421 0.658342 -13.461502 -1.848534 3.553590 -0.073697 8.972954 7.581798 -21.850744 -20.213008 67.189126 44.802831 49.394578 28.300971 1.085792 14.893982 -6.317698 1.187751 7.795721 -7.503359 18.987265 -13.738934 -66.422317 -62.290481 59.047707 -44.187014 -6.702844 12.415362 4.366938 1.249538 -3.126249 4.389595 4.855273 5.401930 1.923775 14.535082 -3.626471 2.373346 0.000000 -0.000000 -0.000000 8.551605 -12.067636 4.284104 14.655900 22.184126 -0.955158 4.375121 -6.128068 -1.777707 -0.095896 -4.294813 2.557007
-1.664682 0.954363 1.180985 -71.330071 0.063930 -2.181680 -2.274594 3.574336 4.002200 -1.223970 -4.254560 1.799672 -1.221220 1.564540 1.675378 -0.791228 7.005334 1.268711 -7.101870 18.056194 0.630895 -13.269194 -2.126358 3.485241 0.217790 8.936251 7.742758 -21.258354 -20.434550 66.421806 44.341514 49.085215 28.141488 1.153843 14.865532 -6.567189 1.615407 7.608257 -7.657337 19.511008 -13.222393 -66.822836 -63.894492 59.448873 -45.627557 -6.852794 12.454855 4.402855 0.931817 -2.593591 4.246888 4.607161 5.146059 2.029253 14.732771 -3.623145 2.018778 0.000000 0.000000 0.000000 9.016284 -13.747346 4.987760 14.688969 25.679544 -1.031682 4.079546 -6.508695 -3.137013 -0.204295 -5.792307 4.158757
-1.665898 0.953270 1.188175 -70.975724 0.051162 -2.501506 -2.319224 3.544571 4.319502 -1.260356 -4.269284 1.941232 -1.257515 1.549746 1.813247 -0.808186 6.993622 1.372898 -6.925206 17.921173 0.687141 -12.972889 -2.386098 3.545894 0.457319 8.878426 7.934209 -20.318328 -20.650098 65.570134 43.649848 48.812888 27.880579 1.285698 14.863638 -6.806116 2.015307 7.353645 -7.855326 20.314626 -12.644943 -67.153479 -65.883961 59.896229 -47.398158 -6.989019 12.501708 4.637216 0.400758 -2.150911 4.253920 4.172739 4.875227 1.935907 15.290204 -3.490695 1.592871 0.000000 -0.000000 0.000000 10.264010 -15.594064 5.626135 14.343410 29.017382 -1.064237 3.846416 -6.660114 -4.874883 -0.366651 -7.200983 5.904902
-1.666973 0.952766 1.195770 -70.559646 0.140141 -2.701129 -2.405303 3.458218 4.530102 -1.308918 -4.309225 2.035404 -1.305870 1.509696 1.902491 -0.837709 6.963084 1.440276 -6.765913 17.824167 0.801217 -12.724815 -2.567360 3.713527 0.601458 8.889473 8.077891 -19.544728 -20.877132 65.123508 42.691829 48.833145 27.358541 1.346249 14.867516 -7.027116 2.295559 7.241541 -8.018764 21.011009 -12.212491 -67.403606 -67.437426 60.291600 -48.961191 -7.137875 12.489277 4.979473 -0.051985 -1.818115 4.105823 3.822152 4.619533 1.841851 15.653953 -3.397220 1.331592 0.000000 0.000000 0.000000 12.219901 -17.260730 5.709667 13.757419 31.339255 -0.686919 3.938299 -6.715410 -5.808830 -0.414856 -7.580626 6.578113
-1.667880 0.953190 1.204117 -70.023610 0.368029 -2.712310 -2.552560 3.286793 4.591272 -1.375919 -4.387104 2.063151 -1.372501 1.431647 1.923435 -0.885894 6.904246 1.455937 -6.654987 17.785387 0.993465 -12.587368 -2.627391 4.034267 0.599754 9.055065 8.147348 -19.099351 -21.234075 65.363962 41.247297 49.376297 26.359768 1.308608 14.867376 -7.217852 2.388374 7.401216 -8.131286 21.541821 -12.080400 -67.569975 -68.170949 60.582755 -50.129363 -7.318336 12.361221 5.602816 -0.326216 -1.651704 3.652231 3.682261 4.414711 1.827265 15.585961 -3.412402 1.380365 -0.000000 -0.000000 -0.000000 15.478767 -18.534178 4.734016 12.684101 32.096273 0.338219 4.752758 -7.119405 -5.227719 -0.184397 -5.588725 5.408486
-1.668645 0.954203 1.212870 -69.425257 0.694531 -2.599797 -2.740423 3.060162 4.545268 -1.454872 -4.489488 2.043137 -1.450988 1.329069 1.895412 -0.946566 6.827187 1.434519 -6.562436 17.782764 1.244601 -12.500056 -2.612074 4.465517 0.503043 9.289895 8.169531 -18.829369 -21.632838 66.015929 39.464161 50.191046 25.030583 1.202058 14.868099 -7.388112 2.359364 7.698820 -8.206241 21.970055 -12.099614 -67.678400 -68.420515 60.856710 -51.038720 -7.521219 12.176774 6.331482 -0.528617 -1.594196 3.046663 3.625613 4.224415 1.805042 15.326795 -3.461485 1.597476 0.000000 0.000000 0.000000 19.519362 -19.474217 3.141030 11.311942 31.779156 1.648796 5.910438 -7.561995 -3.861049 0.039753 -2.385203 3.420475
-1.669457 0.955268 1.221584 -68.867558 1.018846 -2.437425 -2.899276 2.837934 4.452431 -1.518590 -4.589361 2.001909 -1.514263 1.229037 1.847729 -0.997316 6.752178 1.398216 -6.484574 17.782981 1.469297 -12.430543 -2.593193 4.852679 0.419545 9.427785 8.147450 -18.776015 -21.800681 66.737121 37.899371 50.830173 23.794606 0.978056 14.868845 -7.561072 2.314837 7.948339 -8.207423 22.091265 -12.017674 -67.770554 -68.413686 61.244939 -51.602302 -7.713557 12.040163 6.556118 -0.681202 -1.499596 2.443828 3.539602 3.975067 1.717141 15.041402 -3.491972 1.789596 0.000000 -0.000000 0.000000 22.573419 -20.265684 1.942856 10.476855 31.122100 2.730760 6.595331 -6.977077 -2.614809 0.064734 -0.902587 1.755836
-1.670424 0.956373 1.230067 -68.347622 1.311645 -2.231766 -3.017843 2.636435 4.318440 -1.562526 -4.679386 1.942003 -1.557803 1.138894 1.783370 -1.034549 6.684720 1.349316 -6.421220 17.791935 1.639772 -12.369211 -2.562959 5.144018 0.383932 9.381237 8.050860 -19.024088 -21.560852 67.533242 36.653839 51.151523 22.661832 0.511729 14.870326 -7.805272 2.274690 8.085504 -8.084350 21.663544 -11.670662 -67.901550 -67.838812 61.846299 -51.395174 -7.882201 12.005404 5.999189 -0.826331 -1.296775 1.904745 3.331395 3.600655 1.500879 14.830042 -3.445986 1.887197 0.000000 -0.000000 0.000000 24.108285 -21.090864 1.483927 10.698185 30.284246 3.526863 6.371225 -4.212292 -1.687284 0.002286 -3.568801 0.403607
-1.671438 0.957530 1.238511 -67.867690 1.601333 -1.977201 -3.107205 2.440234 4.137365 -1.591263 -4.766481 1.860837 -1.586194 1.051716 1.699290 -1.061931 6.619616 1.285514 -6.372097 17.804125 1.783887 -12.325191 -2.528221 5.391282 0.361169 9.238373 7.909148 -19.478684 -21.082263 68.394860 35.680935 51.313504 21.670705 -0.070812 14.868693 -8.055082 2.219208 8.173825 -7.888030 20.929235 -11.223188 -68.018810 -66.955311 62.547253 -50.798965 -8.036708 12.019788 4.941461 -0.923549 -1.057504 1.369001 3.093093 3.168265 1.220805 14.592636 -3.380959 1.959163 0.000000 0.000000 -0.000000 24.613587 -21.903957 1.503702 11.469522 29.154919 4.101641 5.723624 -0.342410 -0.811606 0.038202 -8.057718 -0.939191
-1.672369 0.958231 1.247047 -67.539870 1.876691 -1.732652 -3.131956 2.260651 3.952265 -1.591372 -4.845527 1.777545 -1.586081 0.972671 1.615993 -1.067925 6.560689 1.222299 -6.333652 17.769692 1.898995 -12.295305 -2.582027 5.593784 0.354162 9.095426 7.815900 -19.910746 -20.612501 68.959803 35.385630 51.360292 21.364872 -0.443042 14.863780 -8.128120 2.194605 8.219228 -7.733851 20.410162 -10.911409 -67.990153 -66.951369 63.177109 -51.030895 -8.165384 12.020747 3.614071 -0.868728 -0.852202 0.808432 2.989097 2.804974 1.008047 14.191047 -3.417416 2.019649 -0.000000 0.000000 -0.000000 23.827027 -22.711151 2.152018 12.192637 28.122126 4.263981 5.211481 2.492811 -0.241899 0.153864 -10.347602 -1.699167
-1.673114 0.958254 1.255614 -67.417317 2.148449 -1.513158 -3.065459 2.097222 3.773244 -1.551451 -4.916646 1.696585 -1.546097 0.901669 1.539092 -1.043573 6.507861 1.163902 -6.320003 17.654511 1.977408 -12.306143 -2.786980 5.745817 0.381374 8.976975 7.818873 -20.298455 -20.215761 69.053078 36.091266 51.223575 22.109117 -0.451384 14.854398 -7.908663 2.229437 8.215428 -7.660753 20.316864 -10.862807 -67.715886 -68.803265 63.711529 -53.044266 -8.255371 11.983411 1.831762 -0.652505 -0.708187 0.193499 3.148084 2.517840 0.940885 13.527704 -3.581888 2.080748 -0.000147 0.008489 0.014730 21.147124 -23.522490 3.695300 12.795709 27.365674 3.873192 5.062459 3.018375 -0.285302 0.155462 -7.995557 -1.354004
-1.673776 0.957821 1.264274 -67.447299 2.408131 -1.306241 -2.934735 1.950271 3.590229 -1.483002 -4.979976 1.613662 -1.477712 0.838522 1.463119 -0.997883 6.460970 1.106217 -6.317930 17.493393 2.025868 -12.332780 -3.079219 5.851858 0.423687 8.857342 7.870301 -20.669266 -19.830085 68.853328 37.467097 50.965642 23.530618 -0.248598 14.842988 -7.510519 2.294496 8.168799 -7.630350 20.437371 -10.953528 -67.292120 -71.684581 64.120510 -56.023347 -8.341889 11.920750 -0.224696 -0.282934 -0.596113 -0.449458 3.442008 2.296051 0.935303 12.697162 -3.844259 2.134618 -0.000237 0.017027 0.029432 17.115989 -24.202526 5.963336 13.428999 26.689703 3.168591 5.050792 2.511482 -0.670961 0.076736 -3.433756 -0.514279
-1.674540 0.957090 1.273346 -67.583935 2.616742 -1.130081 -2.785019 1.831434 3.416658 -1.406915 -5.030818 1.535060 -1.401772 0.787868 1.392237 -0.946184 6.423423 1.052432 -6.282890 17.339610 2.063465 -12.294707 -3.362749 5.926446 0.428061 8.757425 7.921637 -20.877219 -19.520087 68.537964 38.953024 50.841920 25.085174 0.032581 14.841687 -7.091479 2.349589 8.104879 -7.641636 20.660985 -11.038918 -66.872360 -74.057087 64.311663 -58.504195 -8.442707 11.829181 -1.767634 0.320485 -0.498745 -1.065821 3.651268 2.242914 0.880917 11.847251 -4.239539 2.168084 0.000000 0.000000 0.000000 13.222076 -24.590477 8.390804 13.822309 25.931639 2.528058 4.943274 2.679684 -0.878989 -0.000000 0.000000 -0.000000
-1.675507 0.955988 1.282868 -67.838002 2.745694 -0.999752 -2.619687 1.752799 3.257521 -1.324981 -5.063845 1.463073 -1.320067 0.755037 1.328565 -0.889660 6.399209 1.004163 -6.195423 17.206321 2.097470 -12.157092 -3.614445 5.974813 0.353608 8.694076 7.961504 -20.809263 -19.328417 68.093057 40.546447 50.958291 26.806192 0.421239 14.852071 -6.690872 2.373808 8.007309 -7.714227 21.013747 -11.082363 -66.458539 -75.454520 64.258363 -60.055322 -8.556346 11.689105 -2.514014 1.369240 -0.415773 -1.608744 3.632406 2.452090 0.721465 10.944454 -4.824725 2.148900 0.000469 -0.069334 -0.159936 9.749868 -24.670115 10.898019 13.943338 25.110817 2.058048 4.482827 4.444842 -0.899986 -0.036198 0.774622 0.061881
-1.676577 0.954588 1.292801 -68.199544 2.824095 -0.900572 -2.435434 1.701386 3.108600 -1.235365 -5.084784 1.395737 -1.230738 0.734301 1.270326 -0.827030 6.384045 0.960040 -6.074536 17.080041 2.121164 -11.953671 -3.857960 5.992123 0.241719 8.651340 8.001902 -20.579305 -19.212208 67.534975 42.298050 51.188807 28.698032 0.892946 14.871748 -6.275424 2.388159 7.892886 -7.828341 21.470150 -11.123355 -66.048373 -76.240412 64.050805 -61.013058 -8.653316 11.527515 -2.742218 2.654980 -0.341670 -2.124843 3.531608 2.835451 0.523437 10.017087 -5.540612 2.116265 0.000900 -0.164545 -0.363858 6.469215 -24.447252 13.483723 13.824163 24.205693 1.651436 3.808123 6.882895 -0.926723 -0.025397 0.387832 0.020553
-1.677624 0.953260 1.303355 -68.591574 2.899030 -0.805582 -2.267353 1.651097 2.969809 -1.153477 -5.105477 1.333018 -1.149117 0.713782 1.215921 -0.769895 6.368995 0.918828 -5.932743 16.973853 2.133209 -11.705727 -4.067856 5.978426 0.163048 8.601110 8.029665 -20.380396 -19.109236 67.085970 43.741520 51.494104 30.199461 1.232628 14.914062 -5.885822 2.415705 7.836854 -7.923403 21.846182 -11.120670 -65.787634 -76.086433 63.863720 -61.033874 -8.685842 11.421058 -2.503042 3.627742 -0.255984 -2.699055 3.564277 3.223140 0.358795 9.306941 -6.251506 2.158376 0.000800 -0.231243 -0.396540 4.121202 -24.006750 15.658272 13.272607 23.027315 1.341086 3.248264 8.989855 -0.735526 -0.000000 -0.000000 -0.000000
-1.678521 0.952160 1.314622 -69.014392 2.996823 -0.697677 -2.122562 1.593762 2.838779 -1.082320 -5.129569 1.273843 -1.078186 0.689829 1.163967 -0.720591 6.351324 0.879473 -5.769687 16.888172 2.128272 -11.410683 -4.243865 5.923605 0.165904 8.533396 8.036519 -20.262450 -19.005729 66.841028 44.695316 51.980077 31.083242 1.352113 15.001788 -5.491320 2.474339 7.889176 -7.974579 22.039750 -11.049978 -65.775492 -74.459480 63.731768 -59.595431 -8.624560 11.406027 -1.595685 4.068086 -0.199343 -3.391182 3.802947 3.594979 0.274845 8.966457 -6.940731 2.307541 0.000005 -0.247923 -0.059236 3.047373 -23.408011 17.217934 12.207305 21.417384 1.175361 2.960076 10.325700 0.048880 -0.000000 -0.000000 0.000000
-1.679396 0.951133 1.326510 -69.467677 3.091347 -0.594209 -1.993918 1.537239 2.718090 -1.018883 -5.153503 1.219370 -1.014950 0.666013 1.115933 -0.676763 6.333717 0.843093 -5.585157 16.822661 2.112169 -11.070074 -4.385681 5.838361 0.202062 8.457605 8.030968 -20.175505 -18.916865 66.704467 45.331710 52.576781 31.578937 1.340041 15.117935 -5.114329 2.546537 7.999645 -8.006743 22.153227 -10.928994 -65.912679 -71.933461 63.572361 -57.254441 -8.527184 11.437918 -0.224172 4.195010 -0.146096 -4.141449 4.177329 3.963806 0.217531 8.843477 -7.631979 2.522095 -0.001010 -0.235543 0.449179 2.900682 -22.723291 18.375571 10.730265 19.520901 1.134188 2.836174 11.386791 1.179767 -0.000000 0.000000 0.000000
-1.680513 0.950091 1.338948 -69.873450 3.150544 -0.519592 -1.895017 1.479794 2.615064 -0.969553 -5.178130 1.172901 -0.965769 0.641474 1.074475 -0.642979 6.315514 0.811696 -5.391791 16.789423 2.100393 -10.711512 -4.467709 5.754430 0.197204 8.374528 8.025011 -20.162871 -18.825407 66.611638 45.677171 53.006552 31.781423 1.238513 15.217461 -4.869870 2.602144 8.093289 -8.033818 22.310828 -10.775689 -66.047229 -69.831113 63.432207 -55.276996 -8.453114 11.479428 0.956022 4.113225 0.020887 -4.856978 4.684749 4.205524 0.100580 8.725710 -8.250458 2.776440 -0.001327 -0.203384 0.747458 3.364108 -22.111279 19.297939 8.914720 17.602280 1.130682 2.884518 12.584045 2.065964 -0.000000 0.000000 0.000000
-1.682126 0.949042 1.351866 -70.198110 3.154852 -0.491746 -1.838440 1.420303 2.533810 -0.940115 -5.204003 1.136292 -0.936402 0.615650 1.040856 -0.623462 6.296285 0.786235 -5.186153 16.803302 2.105409 -10.331895 -4.461433 5.692411 0.106290 8.279543 8.026043 -20.238981 -18.725244 66.542662 45.718495 53.209324 31.697786 1.029072 15.296296 -4.772257 2.626276 8.152324 -8.054594 22.601496 -10.578758 -66.162529 -68.554222 63.406610 -54.023005 -8.378561 11.539728 1.763226 3.728453 0.393519 -5.475113 5.436906 4.194935 -0.143667 8.540341 -8.753583 3.071861 -0.000345 -0.108966 0.487835 4.700650 -21.710490 19.949379 6.380580 15.672677 1.123738 3.257029 13.983118 2.413194 0.000000 0.000000 -0.000000
-1.683982 0.947978 1.365334 -70.475379 3.123018 -0.491854 -1.811509 1.360014 2.470413 -0.924740 -5.230460 1.107741 -0.921044 0.589219 1.013866 -0.613951 6.276556 0.765788 -4.971351 16.849525 2.115336 -9.934431 -4.395139 5.633225 -0.025679 8.177620 8.026639 -20.389062 -18.622722 66.515446 45.449757 53.248430 31.302376 0.723863 15.359477 -4.811674 2.633724 8.194689 -8.070272 22.936700 -10.349926 -66.274225 -67.663282 63.443170 -53.097356 -8.304541 11.615677 2.382682 3.132113 0.874807 -6.065759 6.314559 4.053380 -0.455893 8.362209 -9.182794 3.407055 0.000145 0.004562 0.017993 6.627209 -21.405216 20.389479 3.504027 13.691260 1.155790 3.816326 15.509156 2.556546 0.000000 -0.000000 -0.000000
-1.685577 0.946776 1.379493 -70.728320 3.080302 -0.488974 -1.789896 1.300926 2.420107 -0.912381 -5.256455 1.085055 -0.908691 0.563243 0.992434 -0.606274 6.257148 0.749542 -4.769961 16.895924 2.108942 -9.556318 -4.328403 5.548633 -0.137874 8.083874 8.016473 -20.612450 -18.519209 66.521860 44.910736 53.025775 30.642894 0.409204 15.369855 -5.067995 2.638729 8.198950 -8.097930 23.176333 -10.142228 -66.279506 -67.192445 63.437544 -52.613642 -8.298375 11.664468 2.711033 2.706980 1.307178 -6.729366 6.969694 4.030686 -0.723029 8.200883 -9.586323 3.756529 -0.000000 0.000000 0.000000 8.016523 -20.951351 20.918517 1.458867 11.885107 1.204753 4.127119 17.332921 2.796475 -0.000000 -0.000000 -0.000000
-1.686704 0.945389 1.394357 -70.980225 3.033867 -0.457450 -1.762424 1.244833 2.371124 -0.897509 -5.281099 1.062957 -0.893839 0.538623 0.971847 -0.596663 6.238757 0.733937 -4.588090 16.930684 2.080946 -9.207937 -4.283050 5.431992 -0.188053 8.013131 7.989520 -20.941367 -18.416142 66.595600 44.071020 52.479826 29.680138 0.128686 15.292063 -5.629001 2.657250 8.135256 -8.145142 23.258129 -9.966696 -66.100955 -67.288572 63.346780 -52.751256 -8.402270 11.673651 2.628203 2.619593 1.627776 -7.512518 7.273509 4.243179 -0.891150 8.054063 -10.018700 4.102735 0.003132 -0.138007 0.883265 8.331086 -20.197542 21.715585 0.790345 10.318686 1.171002 3.894091 19.727879 3.286490 0.000000 0.000000 -0.000000
-1.687572 0.943864 1.409912 -71.207832 2.976686 -0.422866 -1.740273 1.190099 2.335170 -0.885647 -5.305208 1.046695 -0.881988 0.514531 0.956789 -0.588885 6.220742 0.722509 -4.419598 16.965956 2.036495 -8.878725 -4.236568 5.289571 -0.218120 7.950194 7.951772 -21.343657 -18.311176 66.701806 43.007683 51.659631 28.501109 -0.140343 15.152862 -6.404047 2.673522 8.033370 -8.203855 23.244506 -9.810856 -65.817390 -67.801198 63.218891 -53.328109 -8.571250 11.655323 2.254920 2.704744 1.906682 -8.361649 7.362355 4.580845 -1.005500 7.925723 -10.425931 4.463087 0.007805 -0.391898 2.218796 8.125922 -19.277317 22.579477 0.916183 8.981483 1.076657 3.421062 22.407052 3.832598 -0.000000 0.000000 0.000000
-1.688308 0.942225 1.426249 -71.364334 2.912665 -0.431426 -1.732804 1.133718 2.342611 -0.882384 -5.330248 1.049838 -0.878700 0.489498 0.960263 -0.586124 6.201965 0.725068 -4.268775 17.005729 1.969726 -8.574318 -4.181663 5.111714 -0.293327 7.864920 7.910890 -21.722007 -18.201789 66.730533 41.915806 50.638152 27.339993 -0.415576 15.009364 -7.205144 2.654197 7.961220 -8.267948 23.182432 -9.692845 -65.561021 -68.330755 63.085900 -53.928641 -8.742365 11.605790 1.847940 2.848203 2.188697 -9.220116 7.289115 4.957003 -1.094725 7.838033 -10.694240 4.863413 0.004365 -0.849611 3.321599 7.908503 -18.379943 23.247278 1.293923 8.012199 1.049653 3.184561 24.689840 4.238434 0.000000 0.000000 -0.000000
-1.689031 0.940451 1.443391 -71.425890 2.846461 -0.507709 -1.746384 1.071062 2.407681 -0.891188 -5.358354 1.078738 -0.887423 0.461379 0.988271 -0.590503 6.180795 0.746135 -4.140027 17.051799 1.869536 -8.299002 -4.115594 4.879298 -0.466623 7.728804 7.865146 -22.034342 -18.067668 66.646410 40.824369 49.400436 26.247801 -0.728597 14.878854 -8.030052 2.567070 7.960620 -8.339857 23.074230 -9.635819 -65.361998 -68.741232 62.944867 -54.427744 -8.916927 11.498902 1.436840 3.094434 2.528126 -10.063538 6.961832 5.313981 -1.160218 7.811258 -10.816252 5.336632 -0.012095 -1.485399 3.860830 7.737134 -17.527644 23.662130 1.869239 7.473123 1.150832 3.602542 26.598562 4.910654 -0.033478 0.416595 0.541232
-1.689623 0.938561 1.461314 -71.416165 2.773300 -0.627366 -1.775163 1.006968 2.515905 -0.908774 -5.387312 1.126929 -0.904891 0.432392 1.034678 -0.600039 6.158910 0.781082 -4.028874 17.102897 1.746997 -8.048429 -4.040019 4.611388 -0.684549 7.569766 7.816046 -22.322367 -17.932405 66.484645 39.726303 47.962378 25.201120 -1.038353 14.744503 -8.883726 2.444181 7.989464 -8.418047 22.916944 -9.616510 -65.190154 -69.168539 62.798523 -54.949970 -9.093791 11.359967 0.993296 3.399162 2.876652 -10.913490 6.475742 5.718816 -1.197914 7.837035 -10.801584 5.845130 -0.043096 -2.325914 4.169394 7.543967 -16.703259 23.888898 2.675769 7.300837 1.296935 4.321019 28.103247 5.524735 -0.045247 0.825288 1.089286
-1.689860 0.936644 1.480040 -71.359541 2.682804 -0.763291 -1.810249 0.952636 2.654545 -0.930635 -5.412063 1.188736 -0.926623 0.407606 1.094264 -0.611776 6.140130 0.825979 -3.926449 17.158487 1.629480 -7.815624 -3.954289 4.355605 -0.853078 7.442649 7.775870 -22.614197 -17.860834 66.243045 38.721767 46.454233 24.283005 -1.279475 14.619362 -9.591979 2.348612 7.990061 -8.490217 22.750147 -9.585422 -65.086979 -69.629899 62.693276 -55.465196 -9.202579 11.268554 0.684678 3.516556 3.118569 -11.786454 6.163842 6.263160 -1.232880 7.900268 -10.562505 6.307457 -0.099932 -3.538023 4.559479 7.628240 -16.051784 23.874296 3.304360 7.432400 1.421806 4.564493 28.478996 4.740245 -0.000000 0.000000 0.000000
-1.689695 0.934657 1.499590 -71.287377 2.575308 -0.935874 -1.840520 0.904771 2.839207 -0.952534 -5.434061 1.271100 -0.948398 0.385575 1.174408 -0.621984 6.123355 0.886387 -3.824898 17.227843 1.521692 -7.587162 -3.841515 4.117337 -0.918083 7.367237 7.744749 -22.932399 -17.870224 65.889215 37.815379 44.849431 23.516529 -1.444034 14.502868 -10.118435 2.319724 7.942077 -8.549611 22.583212 -9.509168 -65.087560 -70.173316 62.675397 -56.000332 -9.203341 11.267656 0.575103 3.345355 3.238775 -12.675234 6.199500 6.904434 -1.284387 8.002257 -10.096291 6.753226 -0.196187 -5.194994 5.094086 8.173232 -15.673383 23.604369 3.397359 7.923754 1.529290 3.843733 27.424962 1.350774 0.208477 -3.654712 -4.751675
-1.689175 0.932642 1.519941 -71.168066 2.450850 -1.124961 -1.877470 0.866397 3.054157 -0.978856 -5.451989 1.367027 -0.974580 0.367603 1.267667 -0.634500 6.109563 0.956696 -3.732476 17.302080 1.418903 -7.377294 -3.718073 3.891329 -0.934066 7.324398 7.722557 -23.253294 -17.944673 65.457829 36.982955 43.180811 22.863618 -1.558086 14.400659 -10.498672 2.318662 7.866380 -8.602487 22.407600 -9.422565 -65.157658 -70.757112 62.697844 -56.536118 -9.134413 11.317741 0.597925 2.991858 3.245786 -13.589724 6.416739 7.673084 -1.336103 8.157945 -9.408913 7.149906 -0.338857 -7.221761 5.718140 8.988242 -15.463442 23.102120 3.322123 8.718154 1.637214 2.708651 25.205415 -3.383658 0.680105 -8.559878 -11.160465
-1.688222 0.930813 1.541043 -70.931795 2.298605 -1.242930 -1.945513 0.858008 3.239621 -1.017798 -5.456741 1.449922 -1.013345 0.362779 1.346604 -0.657561 6.105627 1.016239 -3.664482 17.352981 1.333998 -7.220166 -3.634478 3.708375 -0.970582 7.310692 7.720972 -23.535926 -18.097256 65.048826 36.258890 41.669298 22.286128 -1.626382 14.337591 -10.666661 2.291381 7.767085 -8.655732 22.236045 -9.378540 -65.234521 -71.259990 62.669409 -56.969483 -9.041844 11.376357 0.723399 2.525929 3.056576 -14.573787 6.647002 8.766095 -1.362443 8.368233 -8.424035 7.323560 -0.541189 -9.559068 6.574377 9.808788 -15.256963 22.375101 3.755642 9.579331 1.705899 1.834410 22.082914 -7.233464 0.961078 -11.064525 -14.850197
-1.686702 0.929168 1.563215 -70.566955 2.126748 -1.233358 -2.052528 0.875309 3.366548 -1.071491 -5.450213 1.506846 -1.066811 0.369209 1.398079 -0.693754 6.110172 1.055113 -3.620746 17.380905 1.269965 -7.116292 -3.590112 3.573726 -1.049175 7.329680 7.741880 -23.732821 -18.335222 64.660882 35.615565 40.335208 21.735676 -1.664121 14.325869 -10.534473 2.240268 7.629878 -8.713639 22.115473 -9.389374 -65.298096 -71.768369 62.562074 -57.391800 -8.937441 11.424902 0.945713 1.928375 2.591989 -15.686343 6.902227 10.326362 -1.371466 8.646651 -7.177836 7.172338 -0.825973 -12.160946 7.784370 10.554132 -14.994501 21.363426 5.502237 10.478642 1.728438 1.217515 17.691107 -9.528329 0.530127 -8.836181 -13.152452
-1.684749 0.927709 1.586139 -70.085898 1.926038 -1.154120 -2.190198 0.922011 3.463913 -1.137653 -5.430795 1.550750 -1.132715 0.388501 1.435274 -0.740387 6.124371 1.083272 -3.601386 17.384915 1.223273 -7.064585 -3.587192 3.480856 -1.148854 7.377268 7.783445 -23.890935 -18.648700 64.296336 35.062250 39.159745 21.234796 -1.677331 14.354479 -10.192231 2.163269 7.468764 -8.772263 21.999157 -9.442562 -65.367751 -72.188623 62.405420 -57.704573 -8.808497 11.482956 1.270994 1.235301 1.928607 -16.867017 7.196053 12.209826 -1.356901 8.962333 -5.634694 6.796360 -1.222755 -15.058907 9.266851 11.303147 -14.715042 20.130868 7.767264 11.412782 1.733874 0.678439 12.503828 -11.221172 0.030452 -4.294346 -8.645227
-1.682689 0.926645 1.608802 -69.454794 1.659918 -1.090226 -2.358373 1.030523 3.559225 -1.217806 -5.384192 1.594025 -1.212620 0.434934 1.470405 -0.797741 6.158884 1.109974 -3.621766 17.334326 1.196580 -7.095797 -3.681664 3.441750 -1.275207 7.437929 7.851713 -24.112887 -19.024760 64.061938 34.680599 38.304658 20.837297 -1.650600 14.412143 -9.839186 1.998985 7.329438 -8.826074 21.758982 -9.554169 -65.439762 -72.130982 62.201409 -57.520179 -8.665003 11.564331 1.688171 0.595455 1.226466 -17.984489 7.361077 14.193961 -1.273233 9.248000 -3.607822 6.324945 -1.757915 -18.304866 10.879136 12.030402 -14.406138 18.873901 8.811815 12.215909 1.703970 0.573618 8.081280 -12.475641 -0.101627 -0.850273 -4.706531
-1.680630 0.925914 1.631168 -68.612641 1.285615 -1.090166 -2.577758 1.236869 3.678027 -1.322719 -5.294672 1.648364 -1.317299 0.524213 1.514076 -0.873123 6.225427 1.143303 -3.709388 17.184354 1.194949 -7.265042 -3.954423 3.478185 -1.466670 7.500667 7.956390 -24.514833 -19.530276 63.978643 34.618115 37.912537 20.674673 -1.557297 14.517046 -9.499040 1.664808 7.230867 -8.896103 21.367146 -9.731477 -65.510535 -71.483304 61.910067 -56.711532 -8.512363 11.679434 2.238659 -0.007106 0.550705 -19.047020 7.412934 16.206093 -0.997359 9.564905 -0.920840 5.642490 -2.540947 -22.287061 12.702854 12.872234 -14.082211 17.615436 7.387625 12.838705 1.610000 1.359947 4.961180 -13.098475 -0.051705 0.134935 -2.546339
-1.678464 0.925579 1.653274 -67.620147 0.846861 -1.111355 -2.827585 1.504347 3.796434 -1.441774 -5.178334 1.703115 -1.436152 0.640263 1.556743 -0.959265 6.312006 1.176040 -3.836194 16.978889 1.212710 -7.516910 -4.325910 3.568027 -1.683980 7.575706 8.089054 -24.984084 -20.097785 64.032071 34.711622 37.842691 20.597171 -1.416694 14.648682 -9.144426 1.242718 7.152675 -8.959328 20.851407 -9.969378 -65.580442 -70.388636 61.565823 -55.435384 -8.346292 11.816387 2.881798 -0.555380 -0.151061 -20.056341 7.345962 18.329735 -0.654098 9.820780 2.250459 4.860849 -3.574245 -26.585369 14.790198 13.695042 -13.716311 16.339998 4.732877 13.403792 1.467609 2.606101 2.507177 -13.123198 -0.009198 0.112310 -1.011920
-1.676189 0.926043 1.674222 -66.626117 0.436672 -1.099584 -3.045574 1.757049 3.867777 -1.544356 -5.068180 1.736958 -1.538613 0.750150 1.580187 -1.034552 6.394069 1.194290 -3.934899 16.820767 1.236198 -7.716791 -4.610719 3.656304 -1.816208 7.679936 8.228106 -25.279617 -20.512031 64.267663 34.579436 37.832517 20.236907 -1.275521 14.739120 -8.897552 0.917848 7.082946 -8.945498 20.167094 -10.265713 -65.652680 -68.840079 61.279259 -53.730784 -8.164164 11.953581 3.483906 -0.865618 -0.889890 -20.872992 6.926835 20.585668 -0.590743 9.781204 5.564059 4.427260 -4.560915 -30.050507 16.877479 14.066910 -13.262388 15.178401 2.827994 14.001221 1.293659 3.445548 0.495958 -12.858865 -0.000000 -0.000000 0.000000
-1.673680 0.927595 1.693603 -65.672280 0.087876 -1.016053 -3.215698 1.974273 3.864189 -1.621720 -4.973042 1.737163 -1.615949 0.845067 1.572539 -1.093316 6.465088 1.189009 -3.980037 16.748362 1.267245 -7.815363 -4.739532 3.734403 -1.789781 7.822963 8.387860 -25.287739 -20.690091 64.740294 33.972927 37.759218 19.323270 -1.153335 14.739839 -8.862005 0.794847 7.005199 -8.798496 19.167703 -10.612261 -65.732684 -66.639330 61.086907 -51.453013 -7.990754 12.079235 4.014032 -0.797928 -1.642454 -21.497442 5.881259 23.015043 -0.985685 9.391317 9.175604 4.790393 -5.251426 -32.568587 18.560765 13.700014 -12.756931 14.212934 2.661852 14.744499 1.031097 3.349520 -1.074094 -12.277204 -0.001810 0.063795 0.348670
-1.671061 0.929946 1.711827 -64.717675 -0.234811 -0.897330 -3.354009 2.178562 3.814228 -1.682526 -4.883103 1.716607 -1.676802 0.934826 1.545800 -1.141144 6.532364 1.169288 -3.997588 16.723491 1.304427 -7.862184 -4.781569 3.811015 -1.677325 7.994330 8.554725 -25.115158 -20.724220 65.384411 33.135465 37.729277 18.127489 -1.030252 14.701844 -8.936296 0.769254 6.935196 -8.576608 17.999867 -11.018539 -65.813177 -63.984825 60.909930 -48.749106 -7.805179 12.201614 4.504914 -0.501613 -2.430390 -21.935138 4.407452 25.573833 -1.742621 8.822197 12.959025 5.444503 -5.638677 -34.265855 20.079959 12.881917 -12.199559 13.339475 3.241168 15.473534 0.726250 2.857350 -2.173811 -11.368004 -0.000910 0.031991 0.174318
-1.668706 0.932635 1.729222 -63.787152 -0.540571 -0.798304 -3.446230 2.359339 3.754911 -1.722118 -4.803141 1.691659 -1.716497 1.014674 1.516836 -1.173243 6.592281 1.147831 -3.997987 16.734817 1.329267 -7.870960 -4.758511 3.856343 -1.588459 8.182688 8.664764 -24.850997 -20.660490 66.059262 32.416347 37.837981 17.087734 -0.895524 14.708032 -8.936554 0.712545 6.911800 -8.381814 17.058558 -11.504589 -65.882457 -61.448801 60.708542 -46.077404 -7.537669 12.331700 4.920222 -0.236141 -3.344911 -22.051786 2.958575 28.145819 -2.788427 8.090303 16.116158 5.414076 -5.555822 -34.376664 21.870546 12.037382 -11.497120 12.409550 3.569342 15.838244 0.534258 2.701599 -2.988161 -10.505075 -0.000000 -0.000000 0.000000
-1.666679 0.935674 1.745897 -62.912401 -0.832167 -0.734776 -3.477522 2.519493 3.693180 -1.734261 -4.731827 1.665257 -1.728816 1.085956 1.489206 -1.184689 6.645836 1.127305 -3.975749 16.781572 1.341823 -7.831353 -4.672322 3.868524 -1.572040 8.401578 8.675442 -24.451667 -20.492725 66.773881 31.835824 38.088362 16.253096 -0.783463 14.795031 -8.823569 0.537894 6.971520 -8.248093 16.532526 -12.093129 -65.951899 -59.201473 60.507538 -43.521198 -7.129778 12.496190 5.186699 -0.120779 -4.515691 -21.729093 1.471619 30.748342 -4.323421 6.705000 18.659816 4.074043 -4.609887 -32.111083 24.527016 11.299011 -10.585732 11.330129 3.180983 15.684530 0.549874 3.306494 -3.547210 -9.844777 0.000000 -0.000000 0.000000
-1.664915 0.939052 1.761744 -62.061265 -1.105605 -0.689611 -3.462322 2.656885 3.622140 -1.725020 -4.670208 1.634299 -1.719795 1.147600 1.459176 -1.180293 6.692217 1.104875 -3.935789 16.864753 1.343506 -7.752827 -4.520817 3.851837 -1.579834 8.640398 8.630983 -23.957264 -20.239124 67.523739 31.351118 38.488453 15.565207 -0.656397 14.925726 -8.636948 0.332613 7.079541 -8.138997 16.232677 -12.756961 -66.018199 -57.076319 60.289548 -40.993481 -6.640114 12.678699 5.388099 -0.062472 -5.833577 -21.088894 -0.079309 33.325133 -6.195194 4.973715 20.486991 2.031921 -2.677913 -28.375542 27.061494 10.521926 -9.529017 10.197830 2.531109 15.186738 0.690631 4.269019 -3.843922 -9.247893 0.000000 0.000000 0.000000
-1.663587 0.942276 1.776774 -61.162366 -1.358478 -0.668800 -3.430066 2.752471 3.557232 -1.708119 -4.627075 1.605735 -1.703070 1.190782 1.432322 -1.169837 6.724756 1.084748 -3.904328 16.976463 1.317888 -7.679259 -4.317863 3.785827 -1.576517 8.852106 8.596770 -23.591776 -19.963838 68.151742 31.220799 39.168750 15.297226 -0.390738 15.071756 -8.314009 0.228541 7.168982 -8.050826 15.986343 -13.438920 -66.051004 -55.148721 59.989957 -38.703443 -6.178148 12.820406 5.719845 0.003423 -7.034925 -20.353883 -1.078055 35.707830 -7.642062 4.153666 20.700770 0.344840 -0.679442 -24.957944 28.018272 9.714502 -8.411688 9.160628 2.000214 14.488932 0.830387 5.067412 -4.023062 -8.658922 -0.000000 -0.000000 0.000000
-1.662773 0.945212 1.790997 -60.208330 -1.597666 -0.661847 -3.379226 2.794025 3.496918 -1.682732 -4.607844 1.578804 -1.677809 1.210094 1.407975 -1.152745 6.739405 1.066401 -3.895059 17.131475 1.244843 -7.628368 -4.036581 3.637093 -1.535337 9.023732 8.598333 -23.469536 -19.667580 68.590663 31.624868 40.246915 15.654243 0.110215 15.240877 -7.832799 0.307381 7.202576 -7.996831 15.698536 -14.129356 -66.000277 -53.461163 59.606330 -36.766050 -5.792915 12.887167 6.284399 0.027315 -8.043311 -19.619961 -1.093591 37.941666 -8.242668 5.246360 18.422674 -0.685899 0.783142 -21.991489 26.866881 8.905199 -7.210213 8.249233 1.747425 13.550968 0.936450 5.495418 -4.091792 -8.049870 0.000000 -0.000000 0.000000
-1.662395 0.947994 1.804403 -59.206240 -1.815382 -0.678998 -3.311181 2.793773 3.440842 -1.649586 -4.607112 1.553399 -1.644766 1.210923 1.385934 -1.129621 6.740193 1.049698 -3.893275 17.317005 1.147084 -7.581308 -3.700067 3.443381 -1.482995 9.167216 8.609656 -23.482756 -19.333911 68.914018 32.436438 41.606660 16.475465 0.767327 15.420351 -7.231787 0.486498 7.216883 -7.965018 15.461129 -14.838758 -65.926160 -51.974955 59.164170 -35.070627 -5.450457 12.902755 6.973322 0.058972 -8.940490 -18.786231 -0.406208 40.039530 -8.187521 7.316806 14.653890 -1.542358 1.837868 -19.086612 24.714657 8.066226 -5.946506 7.435468 1.603074 12.400492 1.030275 5.762881 -4.034591 -7.442675 0.000000 -0.000000 -0.000000
-1.662385 0.950533 1.816981 -58.106219 -1.986068 -0.757349 -3.259954 2.768434 3.405707 -1.624805 -4.617798 1.537277 -1.620030 1.200304 1.372319 -1.112077 6.732335 1.039322 -3.883292 17.483077 1.070880 -7.527826 -3.398473 3.288245 -1.464497 9.271924 8.616969 -23.526360 -18.991349 69.174421 33.452556 43.033136 17.479251 1.443311 15.548570 -6.536490 0.650942 7.254186 -7.914193 15.385183 -15.538771 -65.960929 -50.655217 58.643794 -33.501584 -5.136450 12.889995 7.660226 0.324464 -9.705786 -17.783380 0.608527 41.815353 -7.551955 8.842250 11.371001 -2.049190 2.233731 -17.249754 22.507317 7.132692 -4.771280 6.778748 1.461955 11.268446 1.050414 5.965558 -3.956921 -6.855344 0.000000 -0.000000 0.000000
-1.662790 0.952823 1.828602 -56.886455 -2.093695 -0.932699 -3.236476 2.715196 3.407982 -1.614076 -4.641300 1.537858 -1.609269 1.176832 1.373989 -1.103844 6.714748 1.040468 -3.864406 17.616738 1.028028 -7.471578 -3.154976 3.194180 -1.506767 9.335547 8.610093 -23.569094 -18.634386 69.366409 34.733378 44.542881 18.671120 2.175466 15.588262 -5.653406 0.761336 7.353586 -7.820989 15.582380 -16.255065 -66.210917 -49.467399 58.061430 -32.003992 -4.847009 12.856547 8.328762 0.989425 -10.306775 -16.519438 2.150319 43.205515 -6.116959 9.099742 9.272396 -1.779676 1.715360 -17.391628 20.080411 5.967845 -3.734802 6.353966 1.373263 10.234206 0.938594 6.165036 -3.888448 -6.288133 0.000000 0.000000 -0.000000
-1.663563 0.954869 1.839395 -55.568667 -2.149260 -1.166788 -3.230455 2.635275 3.429076 -1.611866 -4.676894 1.546796 -1.606969 1.141247 1.383158 -1.101373 6.688030 1.047248 -3.837641 17.729575 1.005638 -7.409067 -2.949006 3.136783 -1.583706 9.361486 8.596448 -23.643519 -18.263722 69.496533 36.274839 46.103000 20.093842 2.948782 15.562143 -4.683679 0.857986 7.474207 -7.706118 15.950017 -16.953678 -66.579016 -48.458285 57.401042 -30.647985 -4.592544 12.795922 8.993964 1.889373 -10.820005 -15.087980 4.064280 44.180334 -4.044121 8.776403 7.539370 -1.020173 0.776798 -18.642291 17.114880 4.721800 -2.784706 6.084828 1.295674 9.215819 0.750378 6.300055 -3.797841 -5.740769 0.000000 -0.000000 -0.000000
-1.664505 0.956605 1.849730 -54.168351 -2.168936 -1.385365 -3.243864 2.552077 3.434052 -1.617434 -4.714004 1.548628 -1.612407 1.104119 1.384425 -1.105286 6.660164 1.048064 -3.790936 17.806645 1.010631 -7.320588 -2.808527 3.125456 -1.661053 9.347823 8.587907 -23.739015 -17.922683 69.632952 37.695716 47.445369 21.446755 3.522053 15.512820 -3.918070 0.944878 7.538661 -7.596551 16.275146 -17.521413 -66.880185 -47.720943 56.590267 -29.517606 -4.365918 12.716541 9.580413 2.755093 -11.376771 -13.704151 5.324847 44.657918 -2.159343 8.515941 5.862365 -0.330120 0.099442 -19.531280 14.230152 3.758489 -1.917985 5.811905 0.993066 8.208354 0.602586 6.279932 -3.699181 -5.231437 -0.000000 0.000000 -0.000000
-1.665565 0.957991 1.859712 -52.655870 -2.157942 -1.570871 -3.291707 2.470198 3.411133 -1.636917 -4.750631 1.538196 -1.631714 1.067426 1.372005 -1.120625 6.632645 1.038566 -3.718517 17.845047 1.054200 -7.199761 -2.738669 3.179209 -1.732279 9.274728 8.584561 -23.885809 -17.615232 69.800683 38.856164 48.487387 22.628909 3.732209 15.458048 -3.441584 1.028437 7.489157 -7.498572 16.498267 -17.881367 -67.039670 -47.256648 55.529709 -28.603753 -4.134917 12.617683 10.071182 3.625895 -12.008741 -12.444211 5.394464 44.683910 -0.823392 8.576604 4.118979 0.159439 -0.241286 -19.659602 11.711143 3.223330 -1.132337 5.482528 0.340887 7.189802 0.561280 6.060004 -3.580500 -4.773357 0.000000 -0.000000 -0.000000
-1.666793 0.959067 1.869237 -51.061298 -2.111777 -1.738413 -3.358779 2.386666 3.371691 -1.664133 -4.788013 1.520487 -1.658731 1.029964 1.351535 -1.142355 6.604570 1.023005 -3.627545 17.845232 1.122371 -7.055174 -2.739140 3.274653 -1.805224 9.161827 8.583142 -24.053707 -17.337297 69.972617 39.842390 49.323216 23.685085 3.715578 15.392995 -3.136408 1.100111 7.384078 -7.411817 16.672141 -18.119188 -67.115814 -47.045310 54.323019 -27.917647 -3.920339 12.505393 10.485448 4.466844 -12.679323 -11.239980 4.694879 44.250820 0.122968 8.716632 2.458832 0.633451 -0.429915 -19.482767 9.377358 2.968876 -0.426509 5.165951 -0.535728 6.188229 0.563132 5.684814 -3.449144 -4.354213 -0.000000 0.000000 0.000000
-1.668140 0.959884 1.878361 -49.489585 -2.036252 -1.863446 -3.401231 2.314552 3.317059 -1.679731 -4.820018 1.495946 -1.674183 0.997924 1.325426 -1.155847 6.580620 1.003198 -3.525949 17.798120 1.183061 -6.890486 -2.828365 3.355549 -1.866436 9.065353 8.592537 -24.141551 -17.123900 70.137884 40.548485 49.971060 24.475509 3.658681 15.340110 -2.981874 1.142029 7.322260 -7.352443 16.746943 -18.372859 -67.119527 -47.119105 53.207122 -27.544464 -3.783226 12.398610 10.799030 4.895175 -13.375416 -10.083528 3.640008 43.297884 0.603245 8.870615 1.051515 1.029075 -0.466170 -18.812061 7.365091 2.914529 0.198509 4.887942 -1.498602 5.275096 0.531966 5.196726 -3.347432 -3.953584 0.000000 0.000000 -0.000000
-1.669562 0.960425 1.887059 -47.982621 -1.924861 -1.934602 -3.402172 2.256086 3.246247 -1.676158 -4.845566 1.464038 -1.670539 0.972391 1.293886 -1.155436 6.561608 0.979284 -3.414238 17.691697 1.224820 -6.703771 -3.029524 3.401729 -1.908630 9.008898 8.621808 -24.117456 -17.001744 70.295607 40.898883 50.413010 24.911652 3.605572 15.319545 -3.004592 1.143396 7.354936 -7.334076 16.674172 -18.710177 -67.014678 -47.493380 52.202300 -27.526146 -3.753098 12.281453 11.009929 4.631551 -14.110567 -8.949141 2.125629 41.774482 0.407080 9.070273 -0.030622 1.379128 -0.424725 -17.645465 5.842200 3.187893 0.726744 4.670476 -2.599573 4.452946 0.418539 4.560703 -3.280077 -3.554223 -0.000000 -0.000000 -0.000000
-1.671103 0.960706 1.895357 -46.498512 -1.788020 -1.961066 -3.378405 2.210067 3.161180 -1.660991 -4.865338 1.425707 -1.655361 0.952658 1.257090 -1.146787 6.546983 0.951402 -3.294213 17.538616 1.254183 -6.500357 -3.318683 3.425046 -1.938306 8.967494 8.663645 -24.014058 -16.947065 70.442859 40.928414 50.678800 25.045183 3.495469 15.315649 -3.178751 1.116836 7.433719 -7.338121 16.500956 -19.067024 -66.838387 -48.099348 51.290110 -27.770157 -3.786435 12.168404 11.113772 3.954617 -14.835402 -7.841779 0.405456 39.744684 -0.145612 9.280980 -0.843009 1.720653 -0.358320 -16.050834 4.690906 3.662243 1.173151 4.489398 -3.782505 3.719264 0.270693 3.810973 -3.239737 -3.172815 -0.000000 0.000000 0.000000
-1.672842 0.960831 1.903383 -45.016333 -1.657989 -1.950752 -3.336559 2.183996 3.068476 -1.637565 -4.876074 1.384018 -1.631986 0.941991 1.217780 -1.132200 6.539186 0.921654 -3.175224 17.368370 1.266856 -6.293777 -3.640590 3.418480 -1.962092 8.924581 8.703789 -23.827071 -16.920183 70.566707 40.700393 50.858124 24.954098 3.361472 15.297179 -3.416111 1.080667 7.507332 -7.330342 16.323089 -19.378871 -66.716828 -48.853419 50.649750 -28.157757 -3.832253 12.122486 11.081265 3.321452 -15.440993 -6.797842 -0.628499 37.363984 -0.381961 9.348499 -1.414418 1.967515 -0.262964 -13.911811 3.664123 3.874939 1.581069 4.294381 -4.746578 3.133898 0.154565 3.093125 -3.253314 -2.838203 -0.000000 -0.000000 -0.000000
-1.674783 0.960787 1.911138 -43.546414 -1.533097 -1.890342 -3.273579 2.175280 2.960975 -1.604106 -4.878879 1.335743 -1.598622 0.939289 1.172908 -1.110544 6.537402 0.887727 -3.055193 17.184250 1.262132 -6.079487 -3.989193 3.379619 -1.991277 8.864288 8.743089 -23.521206 -16.904532 70.664702 40.157381 50.953759 24.600856 3.210130 15.240782 -3.713381 1.048668 7.549903 -7.293082 16.170708 -19.610748 -66.684034 -49.817771 50.398996 -28.712800 -3.876011 12.190640 10.872210 2.842736 -15.930691 -5.810505 -0.698523 34.664712 -0.149280 9.164949 -1.761969 2.009441 -0.134954 -10.759206 2.800108 3.696850 1.953809 4.049283 -5.404665 2.707438 0.094236 2.459723 -3.325551 -2.567558 -0.000000 -0.000000 0.000000
-1.676921 0.960587 1.918622 -42.078141 -1.418091 -1.793737 -3.192611 2.187521 2.847236 -1.562473 -4.872260 1.284707 -1.557138 0.946022 1.126094 -1.082959 6.542702 0.852351 -2.936917 16.984280 1.238670 -5.862590 -4.368212 3.307083 -2.014674 8.802439 8.780093 -23.131627 -16.918202 70.736245 39.356091 50.954980 24.030870 3.031228 15.168438 -4.073323 1.006966 7.586004 -7.244878 16.014686 -19.793491 -66.702392 -50.957682 50.413086 -29.425851 -3.926713 12.326609 10.528473 2.415435 -16.302631 -4.885313 -0.187231 31.649275 0.253200 8.857036 -1.868318 1.927787 -0.027533 -7.044667 2.187083 3.256222 2.285719 3.781927 -5.842491 2.424616 0.061565 1.857204 -3.454498 -2.341427 0.000000 -0.000000 -0.000000
-1.679330 0.960371 1.925958 -40.559365 -1.352663 -1.712262 -3.109438 2.236003 2.758572 -1.521379 -4.849700 1.245039 -1.516263 0.968689 1.090592 -1.055020 6.559902 0.825570 -2.835752 16.790635 1.193760 -5.669178 -4.735721 3.199758 -2.005137 8.771084 8.797517 -22.759644 -16.970868 70.772154 38.534920 50.933447 23.448592 2.838367 15.116589 -4.416920 0.932074 7.639576 -7.206698 15.862853 -19.957640 -66.791304 -52.056336 50.513183 -30.137875 -3.969263 12.454746 10.145979 2.180742 -16.453967 -4.085516 0.683158 28.450824 0.691686 8.614945 -1.721810 1.916594 0.023007 -3.997960 1.648267 2.476791 2.604390 3.537002 -6.019201 2.304463 0.042671 1.271638 -3.658757 -2.132840 0.000000 0.000000 -0.000000
-1.682024 0.960172 1.933151 -38.990317 -1.364867 -1.669024 -3.021160 2.343265 2.709999 -1.480373 -4.801226 1.223537 -1.475547 1.017278 1.073255 -1.025873 6.596481 0.812595 -2.757723 16.594950 1.123626 -5.508937 -5.106949 3.053045 -1.935481 8.802803 8.785000 -22.410219 -17.088615 70.775754 37.723221 50.879716 22.867651 2.619594 15.102986 -4.729580 0.803731 7.728521 -7.184903 15.740315 -20.138235 -66.972941 -53.070218 50.678037 -30.823462 -3.986659 12.555270 9.763474 2.168689 -16.305073 -3.382930 2.159671 24.994764 1.105825 8.432476 -1.244924 2.047454 0.018837 -2.095620 1.007118 1.230963 2.923800 3.325025 -5.797066 2.383364 0.031638 0.688155 -3.966290 -1.930313 0.000057 0.020326 -0.008487
-1.684989 0.959958 1.940197 -37.370873 -1.424825 -1.645512 -2.930482 2.484251 2.690594 -1.439906 -4.737927 1.215157 -1.435370 1.080684 1.068983 -0.996148 6.644124 0.809523 -2.696565 16.407901 1.032094 -5.371475 -5.462185 2.871479 -1.832307 8.866546 8.755922 -22.078617 -17.241555 70.737209 36.894818 50.802341 22.279538 2.386766 15.108446 -5.023744 0.642547 7.836107 -7.170140 15.621326 -20.294603 -67.224403 -54.051577 50.934466 -31.510292 -3.994214 12.650399 9.343522 2.350699 -15.936437 -2.788617 3.932656 21.365298 1.390854 8.303465 -0.530853 2.308846 0.003292 -0.836468 0.391547 -0.352435 3.224723 3.126244 -5.311999 2.621631 0.034396 0.120813 -4.350172 -1.742602 0.000102 0.040645 -0.016991
-1.688252 0.959767 1.947206 -35.648517 -1.483880 -1.630165 -2.861484 2.601799 2.691015 -1.409922 -4.685297 1.215546 -1.405598 1.133381 1.072403 -0.973627 6.683680 0.812224 -2.647612 16.279968 0.931719 -5.250983 -5.707395 2.674484 -1.749293 8.898895 8.727381 -21.852439 -17.349694 70.634646 36.196172 50.809964 21.840620 2.192381 15.116226 -5.262715 0.486108 7.934999 -7.160303 15.436583 -20.344433 -67.494639 -54.906767 51.184010 -32.103257 -4.022500 12.727344 8.867346 2.777657 -15.481564 -2.424026 4.998342 17.909507 1.487454 8.391102 0.158657 2.778026 0.000000 -0.000000 -0.000000 -1.964240 3.486479 2.944741 -4.933969 2.925980 0.055846 -0.400492 -4.746499 -1.574185 -0.000000 0.000000 -0.000000
-1.691817 0.959668 1.954181 -33.789597 -1.523399 -1.629419 -2.829231 2.675970 2.714032 -1.397207 -4.652275 1.225973 -1.393012 1.166424 1.084109 -0.963363 6.708439 0.821143 -2.612363 16.243493 0.825491 -5.149619 -5.782319 2.466658 -1.702634 8.870446 8.699040 -21.730300 -17.360698 70.441530 35.685750 50.931685 21.599734 2.062902 15.124486 -5.433056 0.331301 8.015131 -7.156829 15.133809 -20.226300 -67.770312 -55.537604 51.377828 -32.487764 -4.072013 12.778681 8.331883 3.671659 -14.951103 -2.413378 4.851234 14.658633 1.497702 8.796357 0.771709 3.532813 0.002890 0.309229 -0.086177 -3.571916 3.692893 2.793050 -4.773182 3.278462 0.093159 -0.823046 -5.126787 -1.425934 -0.000318 -0.153533 0.075779
-1.695681 0.959593 1.961120 -31.827746 -1.561158 -1.636430 -2.818659 2.724738 2.754216 -1.394864 -4.630740 1.244064 -1.390738 1.187969 1.102439 -0.960321 6.724542 0.835054 -2.586806 16.266975 0.717746 -5.062613 -5.745291 2.256314 -1.676823 8.810980 8.667597 -21.715443 -17.315888 70.194973 35.303040 51.143871 21.501136 1.975788 15.137261 -5.551548 0.180716 8.086950 -7.159610 14.762522 -19.999648 -68.053899 -56.035445 51.571303 -32.768825 -4.137283 12.813949 7.739809 4.799305 -14.304877 -2.605524 4.027548 11.546453 1.446264 9.394475 1.324153 4.516492 0.001434 0.155778 -0.038929 -5.207268 3.861058 2.659801 -4.718672 3.697904 0.151295 -1.198781 -5.520898 -1.298237 -0.000789 -0.368028 0.177062
-1.699865 0.959384 1.968121 -29.811438 -1.605316 -1.618052 -2.808770 2.749493 2.787214 -1.392286 -4.619838 1.258841 -1.388183 1.198883 1.117485 -0.957288 6.732685 0.846451 -2.557642 16.303700 0.623311 -4.973261 -5.682950 2.068861 -1.678054 8.744657 8.644370 -21.902017 -17.276542 69.972370 35.013251 51.478533 21.539192 1.911813 15.147689 -5.628196 0.080244 8.153613 -7.166019 14.407456 -19.765637 -68.318776 -56.587373 51.822144 -33.179780 -4.238683 12.845153 7.079826 5.533771 -13.613260 -2.729532 3.126732 8.765388 1.295944 10.007058 1.675736 5.549805 -0.000000 0.000000 0.000000 -6.657871 4.021695 2.519794 -4.808753 4.147253 0.247474 -1.654572 -5.952270 -1.194597 -0.001099 -0.548654 0.229527
-1.704379 0.959016 1.975237 -27.717765 -1.662731 -1.581700 -2.804839 2.750608 2.815392 -1.391990 -4.619476 1.271362 -1.387894 1.199236 1.130024 -0.956136 6.732901 0.855912 -2.516224 16.343719 0.551175 -4.869426 -5.613724 1.918536 -1.727047 8.670726 8.634572 -22.407520 -17.290923 69.792834 34.915275 52.028767 21.839432 1.877636 15.153641 -5.646192 0.051546 8.223354 -7.175853 14.070709 -19.560350 -68.575787 -57.239475 52.160410 -33.793487 -4.382800 12.880202 6.328786 5.680319 -12.890277 -2.709502 2.259118 6.330898 1.081647 10.622047 1.681738 6.661913 -0.000000 -0.000000 -0.000000 -7.909736 4.184976 2.360505 -5.041778 4.627141 0.420105 -2.222307 -6.440407 -1.110792 -0.000893 -0.648244 0.179569
-1.709213 0.958515 1.982417 -25.569675 -1.729124 -1.521114 -2.801632 2.728408 2.833898 -1.391394 -4.629424 1.279473 -1.387290 1.189283 1.138187 -0.955069 6.725406 0.862036 -2.470496 16.395565 0.493616 -4.762300 -5.521875 1.793302 -1.803096 8.588968 8.632265 -23.113822 -17.309757 69.636377 34.926474 52.701376 22.287554 1.871122 15.157930 -5.624054 0.072851 8.288258 -7.189769 13.751860 -19.346630 -68.814905 -57.952531 52.557618 -34.540605 -4.558259 12.913350 5.508511 5.438841 -12.134085 -2.634738 1.322467 4.225877 0.858678 11.251013 1.509678 7.783298 -0.000000 -0.000000 0.000000 -8.976859 4.342007 2.197033 -5.417147 5.135596 0.635088 -2.869896 -6.966633 -1.047948 -0.000426 -0.713889 0.080754
-1.714359 0.957797 1.989609 -23.484555 -1.800522 -1.382599 -2.762174 2.687696 2.807958 -1.372227 -4.647127 1.267518 -1.368120 1.171643 1.128200 -0.941405 6.712256 0.854412 -2.433060 16.440159 0.436667 -4.671034 -5.443106 1.672508 -1.849859 8.523818 8.634445 -23.760845 -17.253428 69.520847 34.716725 53.249395 22.502723 1.857001 15.160332 -5.622983 0.124820 8.327137 -7.207577 13.533524 -19.119774 -68.981682 -58.791184 52.980472 -35.447919 -4.759954 12.935404 4.674364 4.783817 -11.413328 -2.509980 0.600261 2.610315 0.610468 11.787991 1.523952 8.573163 0.000000 -0.000000 0.000000 -9.689182 4.494340 2.048153 -5.976763 5.632098 0.801837 -3.629019 -7.496405 -1.015292 -0.000135 -0.792199 0.019539
-1.719909 0.956767 1.996822 -21.483695 -1.874248 -1.136868 -2.674474 2.622979 2.718461 -1.328201 -4.674922 1.226845 -1.324133 1.143959 1.092012 -0.911073 6.691697 0.826925 -2.408328 16.479524 0.379820 -4.603880 -5.373446 1.556764 -1.833278 8.497959 8.642247 -24.303333 -17.070542 69.483112 34.144847 53.572454 22.303075 1.817915 15.163719 -5.672474 0.198079 8.325359 -7.220770 13.458963 -18.865118 -69.058703 -59.862360 53.442827 -36.595310 -5.005991 12.945773 3.780859 3.524770 -10.761870 -2.281906 0.188472 1.618922 0.286333 12.290605 1.862315 8.954954 -0.000000 -0.000000 0.000000 -9.872816 4.681406 1.942482 -6.831914 6.017553 0.879716 -4.550806 -8.012471 -1.021170 -0.000231 -0.870258 0.030279
-1.725771 0.955520 2.004047 -19.546186 -1.961736 -0.813437 -2.549635 2.546145 2.582734 -1.265321 -4.707734 1.165287 -1.261379 1.111281 1.036827 -0.868113 6.667465 0.785036 -2.391950 16.511727 0.322856 -4.552498 -5.316604 1.444117 -1.786982 8.487809 8.657083 -24.785975 -16.817790 69.493588 33.328864 53.766063 21.858378 1.768538 15.164787 -5.742514 0.301420 8.297694 -7.241404 13.485418 -18.607209 -69.059722 -61.076768 53.923150 -37.918020 -5.275126 12.946560 2.871373 1.856232 -10.154490 -2.030402 -0.029721 1.120191 -0.035455 12.733372 2.421141 8.999624 0.000000 0.000000 0.000000 -9.702119 4.867836 1.857321 -7.874478 6.390338 0.913459 -5.585279 -8.531514 -1.052985 -0.000661 -0.961094 0.078590
-1.731650 0.954264 2.011213 -17.726285 -2.080382 -0.447227 -2.385465 2.488887 2.423034 -1.183903 -4.731586 1.092958 -1.180183 1.087609 0.972760 -0.812014 6.650040 0.736452 -2.384329 16.513293 0.249491 -4.512202 -5.316942 1.305230 -1.756480 8.448791 8.674997 -25.084550 -16.578365 69.469889 32.314617 53.876255 21.308088 1.720283 15.153821 -5.804025 0.442854 8.268927 -7.300030 13.566722 -18.404306 -68.980592 -62.188549 54.342188 -39.212106 -5.507876 12.931383 2.134439 0.326311 -9.567102 -1.954468 -0.090392 0.883801 -0.203155 12.894137 3.204675 8.598645 0.000000 0.000000 -0.000000 -9.528792 4.942507 1.727084 -8.819046 7.007715 0.941034 -6.613272 -9.069157 -1.087198 -0.001482 -1.150322 0.147673
-1.737456 0.952853 2.018387 -16.060053 -2.253044 0.016936 -2.168376 2.467875 2.208710 -1.076346 -4.738958 0.996191 -1.072935 1.080463 0.886927 -0.738011 6.645093 0.671456 -2.391667 16.459700 0.151046 -4.492158 -5.420190 1.127092 -1.777717 8.324621 8.703111 -25.140066 -16.333273 69.376331 31.089379 53.884365 20.696638 1.679913 15.117759 -5.861878 0.647134 8.232415 -7.415807 13.656095 -18.268882 -68.722736 -63.202714 54.614485 -40.467663 -5.728795 12.883998 1.571443 -0.986455 -8.958925 -2.194654 0.115316 0.848363 -0.101075 12.660874 4.498983 7.497762 -0.000000 -0.000000 0.000000 -9.516502 4.909387 1.448222 -9.589326 7.929581 0.979054 -7.541750 -9.715383 -1.084768 -0.002496 -1.386844 0.202028
-1.743280 0.951433 2.025501 -14.512571 -2.459688 0.521670 -1.911984 2.470697 1.973587 -0.950388 -4.735695 0.890016 -0.947370 1.083947 0.793538 -0.650857 6.648108 0.600741 -2.409169 16.377593 0.031586 -4.484510 -5.576728 0.914635 -1.815918 8.171297 8.728960 -25.012709 -16.101229 69.249315 29.691891 53.796346 20.011952 1.641846 15.069742 -5.911231 0.889488 8.199913 -7.570010 13.800404 -18.204525 -68.391792 -64.090714 54.839332 -41.675215 -5.920603 12.816917 1.177983 -2.167754 -8.368440 -2.608516 0.474338 1.076161 0.153474 12.078658 6.014352 5.949311 -0.000000 -0.000000 -0.000000 -9.498066 4.769811 1.113387 -10.262850 9.096479 1.017022 -8.465476 -10.379527 -1.079340 -0.004263 -1.721761 0.277051
-1.749099 0.950642 2.032281 -13.030116 -2.643133 0.864600 -1.655940 2.476331 1.837039 -0.829640 -4.731708 0.827772 -0.827040 1.088116 0.743538 -0.564401 6.651489 0.562785 -2.420199 16.320769 -0.104286 -4.458470 -5.686907 0.668448 -1.809202 8.114604 8.723619 -24.756597 -16.019867 69.101861 28.242230 53.700145 19.304596 1.601705 15.039578 -5.907854 1.104372 8.223991 -7.731523 14.094987 -18.236435 -68.296968 -64.552847 55.238173 -42.614930 -5.974006 12.762736 1.137039 -2.913208 -7.872443 -2.953347 0.622697 1.524243 0.363533 11.228627 6.886847 4.615822 0.000000 -0.000000 -0.000000 -9.327468 4.401186 0.938516 -10.784209 10.587210 1.061737 -9.548431 -10.805204 -1.152652 -0.009636 -2.394261 0.461123
-1.754911 0.950891 2.038693 -11.620723 -2.782142 0.927133 -1.396727 2.470099 1.875558 -0.716293 -4.733524 0.843539 -0.714091 1.086467 0.770812 -0.477688 6.650345 0.583180 -2.415356 16.316911 -0.272805 -4.389828 -5.700037 0.353993 -1.712683 8.261975 8.684946 -24.354087 -16.216293 68.903359 26.673801 53.617367 18.572998 1.578674 15.033875 -5.856923 1.284601 8.359264 -7.918003 14.655300 -18.449729 -68.603306 -64.425434 55.954742 -43.234040 -5.856509 12.690957 1.653493 -2.887609 -7.543289 -3.151133 0.366433 2.367156 0.463250 10.063971 6.568487 3.788153 -0.000000 -0.000000 -0.000000 -8.976039 3.747081 0.995937 -11.069974 12.517330 1.192927 -10.963895 -10.974932 -1.236346 -0.022647 -3.478548 0.709070
-1.760717 0.951770 2.044770 -10.274453 -2.882192 0.831160 -1.138769 2.452698 2.011483 -0.608319 -4.740449 0.902741 -0.606458 1.079675 0.840986 -0.391712 6.645265 0.635968 -2.403139 16.340034 -0.454010 -4.302082 -5.663431 0.012425 -1.569468 8.509130 8.629702 -23.819067 -16.560894 68.654905 25.061732 53.522871 17.835598 1.558133 15.046500 -5.752487 1.437502 8.552424 -8.103745 15.372325 -18.720778 -69.164567 -63.849994 56.880817 -43.518854 -5.643368 12.596383 2.524496 -2.418682 -7.294971 -3.271747 -0.101671 3.429625 0.543826 8.707621 5.603823 3.201333 -0.000000 -0.000000 0.000000 -8.480582 2.847477 1.188445 -11.195393 14.768672 1.381728 -12.545655 -10.900667 -1.376165 -0.047704 -4.901543 1.062115
-1.766501 0.952688 2.050344 -8.909818 -2.924983 0.737455 -0.933515 2.424911 2.131133 -0.522888 -4.752093 0.954946 -0.521275 1.068098 0.901855 -0.323249 6.636582 0.681750 -2.393205 16.359699 -0.587539 -4.235473 -5.631539 -0.239651 -1.448966 8.665062 8.553181 -23.254440 -16.810261 68.427773 23.700598 53.450941 17.126544 1.490900 15.087802 -5.529319 1.519979 8.686275 -8.196271 15.997468 -18.754361 -69.798096 -62.988554 57.838083 -43.316454 -5.367261 12.565128 3.332706 -2.193146 -6.964114 -3.289580 -0.571224 4.146347 0.622194 7.553852 4.775515 2.670771 0.000000 0.000000 0.000000 -7.793914 1.719323 1.467533 -11.354722 17.074651 1.468583 -13.956003 -10.365848 -1.834950 -0.100711 -6.687066 1.723732
-1.772319 0.953494 2.055299 -7.461765 -2.900388 0.714760 -0.816718 2.387655 2.190907 -0.473756 -4.768201 0.980927 -0.472285 1.052015 0.932810 -0.284170 6.624528 0.704999 -2.384764 16.374092 -0.649336 -4.197620 -5.606910 -0.357781 -1.380534 8.636411 8.426637 -22.638246 -16.839739 68.274677 22.585167 53.464542 16.313519 1.362191 15.179882 -5.015272 1.472393 8.692692 -8.136638 16.461398 -18.362507 -70.534301 -61.606616 58.814087 -42.233403 -4.925733 12.679028 4.043977 -2.512737 -6.469018 -3.181113 -1.003349 4.253716 0.681498 6.782691 4.375927 2.107066 -0.000000 -0.000000 -0.000000 -6.806718 0.290982 1.821325 -11.709070 19.398151 1.380877 -15.212034 -8.971263 -2.729356 -0.221016 -9.167207 2.779050
-1.778116 0.954338 2.059751 -5.995759 -2.820378 0.698715 -0.752341 2.342847 2.233308 -0.447042 -4.787838 0.999477 -0.445649 1.032408 0.954079 -0.262578 6.609833 0.720983 -2.378662 16.379460 -0.664204 -4.181055 -5.597385 -0.387687 -1.336021 8.518948 8.266272 -21.995200 -16.782034 68.164184 21.668607 53.519330 15.471173 1.210523 15.302655 -4.371292 1.354352 8.629214 -7.992153 16.815420 -17.732397 -71.304560 -59.851031 59.752711 -40.584048 -4.400285 12.859257 4.716429 -3.073603 -5.898575 -2.968779 -1.436771 4.015301 0.715793 6.209519 4.114844 1.576819 0.000000 -0.000000 0.000000 -5.634317 -1.378919 2.211398 -12.115503 21.787340 1.210832 -16.339896 -7.085051 -3.910585 -0.431296 -12.039907 4.089698
-1.783704 0.955087 2.063875 -4.626553 -2.703967 0.649955 -0.683834 2.297856 2.274208 -0.418410 -4.807518 1.017356 -0.417104 1.012760 0.974873 -0.239591 6.595114 0.736609 -2.387614 16.340229 -0.648130 -4.203837 -5.669615 -0.353572 -1.298680 8.402648 8.128697 -21.500355 -16.780369 68.052755 21.179719 53.501941 14.918994 1.040369 15.399733 -4.037411 1.302269 8.566329 -7.863364 16.995968 -17.163643 -71.773164 -58.574599 60.438984 -39.439204 -4.062638 13.000477 5.059936 -3.655115 -5.343868 -2.696361 -1.780656 3.657535 0.736534 5.667922 3.900842 1.111642 -0.000000 0.000000 0.000000 -4.558620 -3.068438 2.575583 -12.316824 24.112978 1.018971 -17.000764 -5.634504 -5.281595 -0.697153 -14.392148 5.517374
-1.789130 0.955683 2.067645 -3.383602 -2.536968 0.532136 -0.593421 2.250611 2.325755 -0.380542 -4.828100 1.039873 -0.379353 0.992203 1.001234 -0.209276 6.579713 0.756415 -2.423940 16.229708 -0.596763 -4.291227 -5.872689 -0.242014 -1.248123 8.299223 8.040857 -21.275215 -16.877344 67.919713 21.296347 53.445337 14.809157 0.799205 15.465206 -4.185195 1.391681 8.525361 -7.770381 16.907771 -16.765370 -71.769583 -58.187806 60.742731 -39.310234 -3.986221 13.116105 4.901121 -4.194284 -4.836042 -2.338161 -1.987789 3.218427 0.728482 5.084316 3.714063 0.735048 0.000000 -0.000000 -0.000000 -3.822421 -4.780434 2.986980 -12.115199 26.484904 0.734238 -16.959049 -5.005111 -7.174043 -1.023222 -15.923503 7.369258
-1.794348 0.956183 2.071088 -2.238048 -2.330945 0.383666 -0.498896 2.202976 2.375758 -0.340756 -4.848810 1.061705 -0.339693 0.971519 1.027106 -0.177565 6.564224 0.775851 -2.476494 16.072623 -0.517974 -4.420169 -6.160652 -0.071899 -1.204899 8.193750 7.976509 -21.198084 -17.026589 67.780260 21.834669 53.322781 14.955702 0.501711 15.506998 -4.650760 1.547038 8.486443 -7.693260 16.660095 -16.456117 -71.481938 -58.389927 60.838729 -39.834155 -4.076658 13.226443 4.396739 -4.749648 -4.343195 -1.922951 -2.104391 2.662470 0.700690 4.531971 3.575753 0.420924 -0.000000 -0.000000 -0.000000 -3.186921 -6.511811 3.396244 -11.695632 28.813147 0.446604 -16.438695 -4.746233 -9.318015 -1.388069 -17.009026 9.345442
-1.799029 0.956619 2.074452 -1.216617 -2.144560 0.274212 -0.397109 2.168454 2.404386 -0.296730 -4.863632 1.073992 -0.295810 0.956723 1.043864 -0.143379 6.553177 0.788412 -2.522740 15.912451 -0.445904 -4.535712 -6.454368 0.084062 -1.212931 8.134791 7.918411 -21.078037 -17.235143 67.634480 22.495576 52.930755 15.176337 0.230315 15.487677 -5.381657 1.678383 8.463448 -7.669269 16.506101 -16.254786 -71.126810 -59.051516 61.018033 -40.854840 -4.356391 13.249038 3.733124 -5.286934 -3.859152 -1.577964 -2.183265 2.106100 0.703485 4.065249 3.455807 0.130868 -0.000000 0.000000 -0.000000 -2.195544 -8.018884 3.581783 -11.353719 30.646827 0.420536 -15.734035 -4.605435 -10.739444 -1.624026 -17.667254 10.421868
-1.802992 0.956974 2.077870 -0.342522 -2.012554 0.225444 -0.277334 2.158657 2.404386 -0.243400 -4.867363 1.073438 -0.242665 0.953021 1.048728 -0.103157 6.550486 0.792001 -2.559161 15.757444 -0.387085 -4.628339 -6.739140 0.212052 -1.315124 8.155429 7.865532 -20.848504 -17.540038 67.455145 23.238590 52.198492 15.467893 0.030859 15.389629 -6.464194 1.747785 8.475039 -7.739531 16.548054 -16.220300 -70.716212 -60.431690 61.380812 -42.628425 -4.942057 13.117035 2.870851 -5.834981 -3.349777 -1.365740 -2.222068 1.555564 0.785481 3.733754 3.355762 -0.148928 -0.000000 -0.000000 -0.000000 -0.481969 -9.199529 3.399670 -11.342263 31.856745 0.727526 -14.933167 -4.718658 -10.917952 -1.589704 -17.710019 10.122136
-1.806419 0.957266 2.081211 0.408074 -1.902938 0.212957 -0.150350 2.163538 2.384225 -0.185933 -4.864545 1.063853 -0.185399 0.955861 1.044979 -0.060504 6.552721 0.789090 -2.589111 15.600044 -0.334254 -4.707138 -7.028664 0.326980 -1.467706 8.222071 7.823152 -20.575706 -17.905456 67.264891 24.070268 51.192211 15.789531 -0.138071 15.242214 -7.818843 1.792829 8.506856 -7.860967 16.683815 -16.299443 -70.247052 -62.331491 61.797070 -44.952340 -5.720765 12.891125 1.848342 -6.369240 -2.846500 -1.227559 -2.224730 1.004527 0.899459 3.487471 3.275797 -0.405620 0.000000 -0.000000 -0.000000 1.608504 -10.123971 2.997357 -11.411739 32.536357 1.219035 -13.917875 -5.097372 -10.404992 -1.364052 -17.161375 9.002957
-1.809519 0.957582 2.084327 1.079548 -1.776067 0.236517 -0.045301 2.164683 2.347668 -0.137381 -4.863530 1.047051 -0.137013 0.956886 1.033101 -0.025116 6.553584 0.780049 -2.599544 15.461150 -0.299042 -4.743047 -7.284855 0.401515 -1.584565 8.283955 7.783543 -20.267684 -18.232715 67.140213 24.775142 49.924009 15.918866 -0.313488 15.073718 -9.143733 1.837180 8.522143 -7.944504 16.857129 -16.330680 -69.906703 -63.902505 62.241381 -46.942133 -6.374253 12.684593 0.964673 -6.778228 -2.442197 -1.107676 -2.254377 0.549714 0.955413 3.231493 3.183454 -0.636226 0.000000 -0.000000 -0.000000 3.467831 -10.816461 2.599070 -11.117817 32.556829 1.782392 -12.656115 -5.336963 -9.773405 -1.086946 -16.301173 7.578397
-1.812361 0.957984 2.087213 1.674657 -1.625018 0.313081 0.027160 2.160382 2.287546 -0.102123 -4.865132 1.019903 -0.101871 0.955290 1.009530 -0.000533 6.552473 0.762199 -2.582032 15.346729 -0.285355 -4.718342 -7.497178 0.424767 -1.624184 8.338338 7.741505 -19.903977 -18.484917 67.129764 25.247075 48.316090 15.701624 -0.503140 14.881202 -10.377760 1.902420 8.504216 -7.947144 17.084081 -16.247554 -69.777913 -64.870096 62.754510 -48.308624 -6.795967 12.529752 0.302470 -7.011559 -2.172921 -0.988500 -2.317860 0.240700 0.893715 2.920524 3.062055 -0.831218 -0.000000 -0.000000 -0.000000 5.081983 -11.249525 2.242246 -10.379762 31.766991 2.407840 -10.976102 -5.248301 -9.098987 -0.798439 -15.274501 5.875867
-1.814877 0.958410 2.089876 2.191000 -1.457876 0.425755 0.077526 2.152879 2.210965 -0.075861 -4.868288 0.985532 -0.075698 0.952140 0.977828 0.016716 6.550191 0.738228 -2.544494 15.251522 -0.287864 -4.649594 -7.675084 0.409592 -1.628259 8.387469 7.701204 -19.504935 -18.704242 67.187912 25.626706 46.457022 15.314678 -0.676247 14.669066 -11.580633 1.967320 8.467164 -7.912916 17.347160 -16.106227 -69.773439 -65.475247 63.323443 -49.307121 -7.094242 12.399493 -0.223482 -7.120729 -2.002979 -0.888967 -2.409184 0.028692 0.775552 2.599617 2.928802 -0.999567 0.000000 -0.000000 -0.000000 6.452819 -11.459035 1.929659 -9.354417 30.316510 2.971989 -9.063029 -5.059124 -8.216530 -0.489698 -13.849748 3.947457
-1.817073 0.958761 2.092184 2.665047 -1.256696 0.524754 0.108474 2.129071 2.142468 -0.058570 -4.878789 0.954871 -0.058464 0.941640 0.948923 0.027480 6.542374 0.716373 -2.498177 15.179703 -0.303916 -4.558786 -7.810270 0.364903 -1.635983 8.388099 7.666977 -19.140293 -18.909608 67.253171 26.069524 44.609902 15.040158 -0.822365 14.468369 -12.631935 1.991584 8.419143 -7.883846 17.540241 -15.923949 -69.820848 -65.580650 63.877958 -49.812495 -7.272439 12.324548 -0.571765 -7.145809 -1.918161 -0.806760 -2.571518 -0.137973 0.692687 2.309575 2.801424 -1.165936 -0.000000 0.000000 0.000000 6.990799 -11.601263 1.838417 -7.922181 28.560541 3.239333 -7.398973 -4.890876 -7.333209 -0.238955 -11.875619 2.309886
-1.818923 0.959016 2.093947 3.103175 -0.996213 0.600355 0.115056 2.077515 2.088028 -0.052700 -4.901728 0.930620 -0.052609 0.918700 0.925265 0.030125 6.525201 0.698482 -2.440274 15.143014 -0.340016 -4.437927 -7.881131 0.277069 -1.660207 8.305542 7.631939 -18.819996 -19.094785 67.316611 26.584723 42.774211 14.938287 -0.959018 14.267954 -13.518638 1.947945 8.352247 -7.871945 17.623532 -15.664755 -69.910466 -64.916698 64.378651 -49.544822 -7.283937 12.335840 -0.677502 -7.053131 -1.960232 -0.756851 -2.866716 -0.243871 0.690725 2.069656 2.682837 -1.345623 0.000000 0.000000 -0.000000 6.256142 -11.751175 2.096225 -5.756677 26.554247 3.114555 -6.083120 -4.806226 -6.462919 -0.076076 -9.027056 1.068889
-1.820453 0.959197 2.095357 3.498995 -0.701094 0.662822 0.102313 2.009074 2.041504 -0.055758 -4.932246 0.910006 -0.055651 0.888184 0.904342 0.026313 6.502331 0.682664 -2.373323 15.129989 -0.388745 -4.294716 -7.908610 0.161347 -1.688341 8.174258 7.601791 -18.534673 -19.264383 67.390823 27.147565 40.944452 14.937684 -1.071380 14.075343 -14.255592 1.863648 8.274921 -7.864625 17.635933 -15.363271 -70.052021 -63.679044 64.851861 -48.715215 -7.177388 12.394665 -0.602030 -6.876383 -2.086725 -0.728003 -3.233237 -0.305337 0.725569 1.860617 2.570233 -1.523731 -0.000000 -0.000000 0.000000 4.685596 -11.840011 2.595735 -3.136725 24.286517 2.717471 -5.023874 -4.700768 -5.603624 -0.005675 -5.729024 0.141979
-1.821742 0.959264 2.096854 3.869391 -0.427594 0.692194 0.088024 1.943824 2.009152 -0.060234 -4.961336 0.895710 -0.060107 0.859093 0.889593 0.021901 6.480521 0.671511 -2.316605 15.109741 -0.426866 -4.174704 -7.948792 0.069471 -1.721342 8.054651 7.599961 -18.325199 -19.450564 67.446140 27.830521 39.369609 15.105801 -1.119666 13.944421 -14.764045 1.780079 8.220573 -7.866730 17.590928 -15.145112 -70.204014 -62.449718 65.335390 -47.957692 -7.099352 12.429860 -0.495700 -6.756422 -2.157788 -0.675044 -3.528534 -0.422067 0.753789 1.665583 2.472585 -1.680053 -0.000000 0.000000 -0.000000 3.008885 -11.818917 3.146393 -0.812603 22.011417 2.213336 -4.381060 -4.370161 -4.992900 0.000913 -3.054522 -0.369071
-1.822878 0.959177 2.098597 4.243956 -0.194842 0.682161 0.068200 1.889281 1.989868 -0.067870 -4.985680 0.887246 -0.067712 0.834747 0.880353 0.015535 6.462259 0.664523 -2.278040 15.065846 -0.446284 -4.096121 -8.031769 0.020038 -1.776836 7.946549 7.649227 -18.257690 -19.675441 67.468274 28.718118 38.138801 15.551536 -1.096477 13.893931 -14.968492 1.705185 8.211520 -7.877245 17.504115 -15.080482 -70.348208 -61.498365 65.858456 -47.584098 -7.110886 12.407265 -0.390935 -6.771710 -2.108396 -0.575797 -3.690444 -0.655913 0.759488 1.472133 2.398327 -1.811734 -0.000000 0.000000 -0.000000 1.291326 -11.662494 3.758429 1.011420 19.739544 1.585036 -4.369456 -3.601947 -4.827505 -0.004745 -1.484262 -0.408851
-1.823772 0.958976 2.100427 4.592625 0.017002 0.638288 0.046890 1.837677 1.984936 -0.076887 -5.008710 0.885181 -0.076691 0.811717 0.877373 0.008608 6.444977 0.662262 -2.249645 15.014485 -0.455106 -4.040659 -8.127991 -0.005601 -1.837057 7.849724 7.727225 -18.265948 -19.915324 67.472613 29.713384 37.149019 16.171691 -1.024516 13.890684 -14.942154 1.631098 8.225554 -7.896880 17.360483 -15.099413 -70.504163 -60.569067 66.399457 -47.297955 -7.152463 12.362962 -0.257546 -6.843235 -2.003920 -0.449496 -3.781029 -0.944513 0.757205 1.292565 2.339305 -1.921975 0.000000 0.000000 -0.000000 -0.526545 -11.386323 4.410881 2.570335 17.444559 0.907383 -4.733420 -2.557170 -4.969525 -0.004228 -0.572814 -0.182170
-1.824237 0.958743 2.102316 4.842597 0.210189 0.557630 0.053970 1.786089 2.004044 -0.074461 -5.031592 0.893726 -0.074272 0.788836 0.886165 0.011114 6.427811 0.668873 -2.226763 14.973553 -0.454493 -3.998850 -8.204444 -0.011846 -1.849528 7.824442 7.790065 -18.191932 -20.133856 67.471851 30.631037 36.369001 16.727334 -0.911762 13.911835 -14.828290 1.575368 8.229231 -7.933526 17.128228 -15.117254 -70.686713 -59.473499 66.933683 -46.838025 -7.188599 12.336309 -0.154452 -6.875744 -1.900646 -0.310768 -3.844211 -1.201064 0.749284 1.146996 2.279722 -1.999543 -0.000000 -0.000000 0.000000 -1.904528 -11.030598 4.857228 3.725294 15.301909 0.469702 -4.922601 -1.587947 -5.122701 -0.000000 0.000000 0.000000
-1.824122 0.958498 2.104227 4.950169 0.387206 0.432550 0.113675 1.734065 2.058722 -0.050367 -5.054404 0.917943 -0.050271 0.766026 0.912829 0.031153 6.410713 0.688945 -2.215192 14.942870 -0.444372 -3.981588 -8.261363 0.003653 -1.773166 7.917807 7.816316 -17.979853 -20.308508 67.467954 31.454978 35.753772 17.140148 -0.744552 13.956817 -14.656452 1.550126 8.208817 -8.003122 16.727879 -15.113233 -70.904802 -58.015575 67.462951 -46.009271 -7.206506 12.347461 -0.108115 -6.826710 -1.822097 -0.164265 -3.877039 -1.396285 0.738073 1.033460 2.215773 -2.039956 -0.000000 -0.000000 0.000000 -2.712807 -10.605593 4.968027 4.452054 13.305915 0.456963 -4.703518 -0.746371 -5.178741 0.001558 0.226163 0.028105
-1.823577 0.958221 2.106196 4.958753 0.545328 0.269416 0.201817 1.681637 2.137326 -0.014781 -5.077223 0.952745 -0.014823 0.743210 0.951244 0.060665 6.393616 0.717871 -2.208966 14.922547 -0.424536 -3.977805 -8.298630 0.039045 -1.648767 8.082855 7.828456 -17.684873 -20.462265 67.456891 32.223478 35.356535 17.509692 -0.534739 14.022349 -14.397109 1.543196 8.178159 -8.090037 16.239176 -15.108824 -71.149659 -56.361293 67.972657 -44.979532 -7.217518 12.376484 -0.091339 -6.738610 -1.744777 -0.006172 -3.882812 -1.559359 0.721430 0.953759 2.151462 -2.047723 0.000000 -0.000000 0.000000 -3.086544 -10.118175 4.872384 4.727961 11.449888 0.691363 -4.317841 0.019211 -5.219997 0.000667 0.113059 0.014242
-1.822864 0.957929 2.108295 4.926358 0.678874 0.086290 0.275562 1.626797 2.214862 0.014482 -5.101152 0.987147 0.014323 0.719280 0.988616 0.085378 6.375679 0.746017 -2.185726 14.930957 -0.395776 -3.944971 -8.282647 0.083892 -1.546491 8.238654 7.847786 -17.315370 -20.627232 67.441743 32.845050 35.300548 17.875233 -0.325634 14.088673 -14.106495 1.535642 8.144874 -8.154902 15.869161 -15.082636 -71.409866 -54.882009 68.419250 -44.046955 -7.221847 12.401982 -0.082336 -6.644035 -1.654533 0.161017 -3.914922 -1.691243 0.696158 0.933656 2.082627 -2.024997 -0.000000 -0.000000 -0.000000 -2.886757 -9.615269 4.718988 4.409405 9.912057 0.900527 -3.937415 0.510093 -5.198749 -0.000000 -0.000000 0.000000
-1.822043 0.957572 2.110593 4.856801 0.777873 -0.136281 0.321480 1.570248 2.295994 0.031218 -5.125947 1.023271 0.030991 0.694485 1.026439 0.100771 6.357073 0.774516 -2.132109 14.983479 -0.353392 -3.859520 -8.185019 0.141526 -1.495791 8.346642 7.879958 -16.810793 -20.816688 67.385559 33.245742 35.634178 18.248441 -0.108837 14.151844 -13.775656 1.527665 8.110649 -8.179436 15.737825 -15.024446 -71.716505 -53.799127 68.829500 -43.402289 -7.212633 12.418481 -0.100227 -6.510787 -1.535188 0.357709 -4.027780 -1.791318 0.662690 0.990023 2.009177 -1.967197 -0.000000 -0.000000 0.000000 -1.876830 -9.105091 4.534458 3.165694 8.875199 1.014941 -3.509106 0.521102 -5.066335 -0.000129 0.024469 -0.017786
-1.821054 0.957200 2.113020 4.746399 0.851806 -0.379009 0.352794 1.511650 2.376426 0.041522 -5.151709 1.059150 0.041248 0.668721 1.063364 0.111295 6.337732 0.802344 -2.061343 15.064725 -0.301895 -3.744827 -8.034178 0.208996 -1.467248 8.445437 7.918515 -16.231480 -21.016630 67.325834 33.513762 36.306880 18.644349 0.112100 14.217483 -13.415858 1.519079 8.073528 -8.181795 15.725435 -14.944600 -72.038882 -52.931578 69.188893 -42.894244 -7.197001 12.431279 -0.126038 -6.370684 -1.403092 0.563535 -4.167030 -1.860178 0.621400 1.105943 1.930928 -1.879192 0.000000 -0.000000 -0.000000 -0.296216 -8.580620 4.306345 1.343324 8.164349 1.132398 -3.086355 0.256436 -4.882805 -0.000245 0.048935 -0.035577
-1.819973 0.956984 2.115443 4.642066 0.924817 -0.565372 0.366700 1.447596 2.417789 0.046021 -5.180037 1.077674 0.045725 0.640394 1.082345 0.116132 6.316475 0.816634 -1.990980 15.146921 -0.255928 -3.628800 -7.881751 0.266335 -1.442496 8.569641 7.965859 -15.768303 -21.219930 67.378982 33.802637 37.290706 19.112004 0.272727 14.283427 -13.112446 1.490337 8.035516 -8.177194 15.679375 -14.852553 -72.273227 -52.077096 69.398590 -42.336660 -7.196634 12.435291 -0.081065 -6.353033 -1.291285 0.714823 -4.222837 -1.900747 0.568700 1.256485 1.843526 -1.777324 -0.000000 -0.000000 -0.000000 1.282857 -8.063563 4.120066 -0.171988 7.412069 1.209532 -2.997872 0.130329 -4.767939 0.000000 -0.000000 0.000000
-1.818831 0.957035 2.117868 4.555924 1.002664 -0.661579 0.356121 1.374555 2.398333 0.042624 -5.212584 1.069154 0.042338 0.607847 1.073480 0.112976 6.292068 0.809916 -1.920441 15.231136 -0.218457 -3.509260 -7.725827 0.307770 -1.412074 8.747402 8.033399 -15.486929 -21.465339 67.608214 34.120051 38.656757 19.668289 0.314431 14.344182 -12.928896 1.426314 7.997035 -8.169654 15.538890 -14.731969 -72.368399 -51.131297 69.391148 -41.634317 -7.224961 12.426018 0.093092 -6.543694 -1.199763 0.786166 -4.115191 -1.923759 0.497159 1.436312 1.747777 -1.662784 0.000000 -0.000000 0.000000 2.842040 -7.547352 4.011960 -1.072165 6.429449 1.182354 -3.545407 0.349790 -4.796905 0.000272 -0.200751 0.138733
-1.817598 0.957241 2.120289 4.476111 1.080003 -0.701382 0.328307 1.295979 2.339954 0.033457 -5.247740 1.043315 0.033210 0.572692 1.046711 0.104161 6.265712 0.789693 -1.850201 15.316242 -0.186599 -3.388244 -7.568383 0.338916 -1.384932 8.950687 8.109395 -15.324180 -21.714923 67.952958 34.477965 40.332439 20.318866 0.292947 14.407642 -12.798131 1.342018 7.957959 -8.155189 15.365309 -14.598436 -72.376680 -50.241328 69.233440 -40.924036 -7.268880 12.409376 0.338025 -6.857917 -1.127415 0.802938 -3.924130 -1.918993 0.413184 1.650679 1.642560 -1.534705 -0.000000 -0.000000 -0.000000 4.399632 -7.036737 3.944975 -1.665397 5.397971 1.079406 -4.425650 0.709559 -4.899782 -0.000860 -0.474781 0.331014
-1.816263 0.957441 2.122548 4.413508 1.164755 -0.709538 0.302038 1.218852 2.269569 0.025528 -5.282253 1.012098 0.025316 0.538179 1.014689 0.095871 6.239845 0.765507 -1.799616 15.371215 -0.166250 -3.300296 -7.466782 0.356734 -1.370530 9.129632 8.161922 -15.276955 -21.847473 68.343843 35.038946 42.073791 21.095618 0.315184 14.491799 -12.610439 1.263175 7.919334 -8.137030 15.188690 -14.509729 -72.348865 -49.568443 69.027822 -40.354341 -7.310048 12.395332 0.557249 -7.169666 -1.105092 0.778006 -3.779803 -1.857890 0.333832 1.890498 1.520776 -1.406299 -0.000000 0.000000 -0.000000 5.440395 -6.570035 3.879064 -1.996873 4.498412 0.990247 -5.059091 1.004326 -4.969764 -0.002771 -0.660167 0.480943
-1.814787 0.957591 2.124531 4.379830 1.266155 -0.682849 0.280591 1.144187 2.188038 0.020241 -5.315655 0.975878 0.020054 0.504777 0.977932 0.089190 6.214821 0.737748 -1.779077 15.378046 -0.161406 -3.263611 -7.454375 0.357993 -1.381654 9.257597 8.174024 -15.366674 -21.799041 68.794075 35.915750 43.853796 22.035832 0.412246 14.610328 -12.334536 1.194591 7.880497 -8.109449 15.011869 -14.488072 -72.285147 -49.247645 68.813432 -40.048903 -7.348639 12.381116 0.700387 -7.451229 -1.165772 0.702947 -3.742020 -1.709924 0.264873 2.174875 1.376727 -1.278594 0.000000 -0.000000 0.000000 5.682676 -6.185980 3.781818 -2.035524 3.835602 0.965664 -5.194015 1.147083 -4.962280 -0.003470 -0.678227 0.547839
-1.813209 0.957735 2.126353 4.363529 1.375040 -0.624433 0.260756 1.070987 2.094399 0.016215 -5.348404 0.934235 0.016049 0.472028 0.935881 0.083045 6.190292 0.705998 -1.778463 15.354865 -0.168076 -3.260400 -7.497607 0.345900 -1.405925 9.361160 8.162806 -15.568128 -21.630532 69.288644 37.032126 45.694015 23.137223 0.558144 14.749500 -12.004353 1.131460 7.842047 -8.078156 14.831204 -14.510730 -72.184039 -49.133246 68.556800 -39.873096 -7.384119 12.368737 0.817938 -7.730368 -1.277663 0.587418 -3.750698 -1.505493 0.199924 2.484550 1.215847 -1.151128 -0.000000 0.000000 0.000000 5.408723 -5.847431 3.673370 -1.814356 3.303522 0.961991 -5.082536 1.223338 -4.916360 -0.003154 -0.607772 0.572197
-1.811640 0.957842 2.128202 4.340432 1.471663 -0.568556 0.251485 1.003373 2.012720 0.016267 -5.378599 0.897889 0.016103 0.441833 0.899540 0.080370 6.167678 0.678557 -1.786435 15.324909 -0.180160 -3.271339 -7.553388 0.327049 -1.415380 9.470111 8.147774 -15.807397 -21.409939 69.715383 38.253315 47.423947 24.354471 0.776898 14.886539 -11.612087 1.085233 7.806529 -8.063516 14.666488 -14.569223 -72.092861 -48.955384 68.252142 -39.578867 -7.397213 12.374459 0.964389 -7.964216 -1.373681 0.470799 -3.756170 -1.307135 0.138779 2.752893 1.048104 -1.034398 0.000000 0.000000 0.000000 4.949962 -5.478632 3.588532 -1.476778 2.765450 0.942820 -4.901101 1.285304 -4.844897 -0.002647 -0.523260 0.579640
-1.810092 0.957888 2.130178 4.298035 1.543960 -0.527812 0.261726 0.945644 1.953555 0.023866 -5.404287 0.871534 0.023670 0.416145 0.873956 0.084138 6.148444 0.659232 -1.802803 15.287217 -0.199629 -3.295365 -7.623555 0.297707 -1.395795 9.604157 8.130945 -16.092304 -21.139300 70.029635 39.645740 48.984166 25.735269 1.096253 15.023176 -11.132835 1.057272 7.776017 -8.080930 14.507552 -14.670200 -72.022592 -48.650205 67.914364 -39.094406 -7.384677 12.412850 1.139086 -8.135299 -1.428717 0.364868 -3.731743 -1.125977 0.080529 2.948725 0.869054 -0.934376 -0.000000 0.000000 -0.000000 4.310629 -5.025199 3.545548 -0.999671 2.153612 0.896505 -4.668763 1.346905 -4.741429 -0.002234 -0.444699 0.590537
-1.808553 0.957898 2.132181 4.248769 1.604011 -0.489631 0.282542 0.893569 1.906273 0.035567 -5.427404 0.850455 0.035321 0.393027 0.854065 0.091394 6.131139 0.644202 -1.827719 15.242773 -0.224534 -3.333454 -7.706243 0.261563 -1.361475 9.743522 8.110593 -16.414395 -20.817410 70.275464 41.151880 50.429062 27.232764 1.491601 15.157655 -10.595573 1.046380 7.748197 -8.115010 14.364171 -14.807455 -71.961921 -48.293170 67.528133 -38.502896 -7.350983 12.469649 1.342293 -8.261181 -1.467474 0.256968 -3.704108 -0.950737 0.026701 3.103152 0.683561 -0.844538 0.000000 -0.000000 0.000000 3.487613 -4.541583 3.520760 -0.405945 1.535122 0.833675 -4.366653 1.393848 -4.611904 -0.001715 -0.352082 0.584488
-1.807097 0.957910 2.134102 4.205770 1.668292 -0.450589 0.296041 0.838460 1.863203 0.043818 -5.451897 0.831276 0.043535 0.368533 0.835723 0.096192 6.112794 0.630343 -1.850287 15.217689 -0.242922 -3.369225 -7.752864 0.236243 -1.327175 9.858734 8.100486 -16.678576 -20.510092 70.476283 42.406246 51.771625 28.614203 1.903977 15.264268 -10.072980 1.060160 7.718944 -8.139934 14.286536 -14.953936 -71.925241 -47.839388 67.040504 -37.804862 -7.289524 12.518580 1.629823 -8.351810 -1.496962 0.149170 -3.703851 -0.810290 -0.018448 3.243135 0.515773 -0.756203 0.000000 -0.000000 0.000000 2.801020 -4.113010 3.492634 0.092508 0.976623 0.751337 -4.114048 1.436618 -4.488923 -0.001193 -0.259847 0.525955
-1.805739 0.957941 2.135896 4.170649 1.741332 -0.404617 0.296507 0.776804 1.820596 0.046267 -5.479352 0.812336 0.045973 0.341078 0.817032 0.096633 6.092220 0.616224 -1.869725 15.223175 -0.250907 -3.402488 -7.742510 0.228421 -1.296737 9.934646 8.108255 -16.853610 -20.232598 70.620510 43.298640 53.016892 29.827754 2.349015 15.333865 -9.583711 1.116441 7.682721 -8.147064 14.320428 -15.109929 -71.928832 -47.283938 66.432236 -37.008790 -7.194516 12.554260 2.036837 -8.391768 -1.524159 0.035219 -3.753548 -0.706192 -0.052575 3.374355 0.370012 -0.664929 -0.000000 -0.000000 0.000000 2.342340 -3.763618 3.463687 0.441895 0.495896 0.629527 -3.948497 1.486410 -4.380890 -0.000628 -0.163326 0.366139
-1.804464 0.957975 2.137608 4.141817 1.818592 -0.357771 0.289673 0.712093 1.782245 0.045272 -5.508188 0.795309 0.044981 0.312243 0.799905 0.094622 6.070605 0.603285 -1.886807 15.248020 -0.252429 -3.433416 -7.696082 0.231291 -1.266433 9.986423 8.126182 -16.972897 -19.971124 70.721020 43.886112 54.175908 30.870977 2.806037 15.380129 -9.109296 1.197359 7.645010 -8.144970 14.420613 -15.275634 -71.956981 -46.659559 65.719607 -36.134650 -7.077466 12.583046 2.528597 -8.396559 -1.541761 -0.078874 -3.830657 -0.636646 -0.077618 3.491314 0.242095 -0.574884 -0.000000 0.000000 0.000000 2.019852 -3.468672 3.436546 0.696724 0.075826 0.489219 -3.832283 1.532292 -4.279995 -0.000192 -0.067218 0.153853
-1.803297 0.958007 2.139261 4.127602 1.902918 -0.324791 0.274794 0.646122 1.751818 0.040324 -5.537601 0.781829 0.040055 0.282829 0.785922 0.089900 6.048549 0.592720 -1.892982 15.284704 -0.247245 -3.446231 -7.627707 0.242311 -1.239620 10.030052 8.144827 -17.038663 -19.747964 70.838652 44.015326 55.281853 31.550016 3.158751 15.412587 -8.662200 1.256913 7.618246 -8.133658 14.500804 -15.423939 -71.975901 -45.983796 64.902487 -35.205586 -6.956851 12.596428 3.056081 -8.422564 -1.535512 -0.172385 -3.898183 -0.625567 -0.095726 3.604348 0.143310 -0.490375 0.000000 0.000000 0.000000 1.878216 -3.239906 3.395415 0.807233 -0.268673 0.390048 -3.771728 1.552010 -4.195077 -0.000000 0.000000 -0.000000
-1.802245 0.958040 2.140868 4.136815 1.998892 -0.314499 0.247471 0.576669 1.731883 0.029360 -5.568595 0.773049 0.029142 0.251836 0.776029 0.080998 6.025297 0.585240 -1.879350 15.337571 -0.232075 -3.425444 -7.529413 0.264204 -1.218309 10.069515 8.162037 -17.037731 -19.577835 70.994554 43.538267 56.361253 31.740355 3.357713 15.428876 -8.248200 1.272173 7.612573 -8.111796 14.535676 -15.540216 -71.976958 -45.195813 63.922750 -34.156805 -6.831783 12.589333 3.639818 -8.502980 -1.492517 -0.234420 -3.947378 -0.700935 -0.104952 3.728907 0.086834 -0.411810 0.000000 0.000000 0.000000 1.988830 -3.087683 3.330855 0.721650 -0.534648 0.361745 -3.797942 1.538781 -4.133450 0.000055 0.019234 -0.038966
-1.801301 0.958071 2.142416 4.160578 2.101910 -0.317993 0.212046 0.505986 1.719899 0.014424 -5.600155 0.767820 0.014276 0.220277 0.769284 0.069373 6.001614 0.580135 -1.854782 15.402271 -0.210160 -3.386508 -7.409186 0.294344 -1.200512 10.100846 8.179935 -16.983705 -19.446287 71.168388 42.515927 57.386539 31.481165 3.449614 15.432126 -7.855455 1.266062 7.617938 -8.080804 14.550509 -15.639034 -71.968453 -44.392974 62.835478 -33.088490 -6.706843 12.567488 4.259194 -8.604590 -1.425620 -0.275801 -3.987216 -0.834787 -0.106808 3.849727 0.059538 -0.338565 -0.000000 0.000000 0.000000 2.280400 -3.000764 3.253642 0.491336 -0.724564 0.375842 -3.879907 1.499711 -4.087933 0.000033 0.009615 -0.019484
-1.800474 0.958089 2.143894 4.180685 2.201027 -0.323459 0.180877 0.442587 1.711826 0.001170 -5.628455 0.764314 0.001085 0.191977 0.764432 0.059143 5.980376 0.576459 -1.837395 15.458248 -0.191027 -3.360108 -7.305086 0.322187 -1.183526 10.128093 8.195508 -16.918254 -19.331536 71.358407 41.108974 58.306260 30.825819 3.462694 15.438571 -7.468608 1.261356 7.616484 -8.044819 14.534586 -15.737084 -71.941668 -43.784771 61.815298 -32.225919 -6.600984 12.538007 4.803428 -8.684160 -1.359352 -0.308313 -4.007212 -0.967263 -0.109010 3.931028 0.033292 -0.273470 -0.000000 0.000000 0.000000 2.583569 -2.958794 3.177874 0.221025 -0.831801 0.404715 -3.930854 1.433300 -4.045566 0.000000 -0.000000 0.000000
-1.799777 0.958087 2.145291 4.194237 2.293759 -0.328499 0.156964 0.390339 1.707465 -0.009071 -5.651769 0.762440 -0.009106 0.168663 0.761519 0.051305 5.962880 0.574246 -1.835558 15.498726 -0.177581 -3.360909 -7.229605 0.345553 -1.168105 10.147450 8.206917 -16.847425 -19.226473 71.577252 39.267176 59.105735 29.698084 3.382854 15.458087 -7.065563 1.268967 7.596415 -8.002923 14.465207 -15.833054 -71.887581 -43.387115 60.889304 -31.588939 -6.512339 12.492643 5.238310 -8.719751 -1.298792 -0.334098 -3.988441 -1.085577 -0.113993 3.934584 0.000140 -0.217786 -0.000000 0.000000 0.000000 2.872135 -2.968674 3.107132 -0.092010 -0.835899 0.441679 -3.917486 1.332440 -4.000856 -0.000000 0.000000 -0.000000
-1.799197 0.958073 2.146618 4.204127 2.382592 -0.335538 0.137313 0.345377 1.706975 -0.017623 -5.671824 0.762279 -0.017615 0.148608 0.760490 0.044868 5.947829 0.573456 -1.840933 15.530488 -0.166931 -3.374286 -7.170235 0.366574 -1.153501 10.162721 8.216002 -16.765111 -19.138390 71.812285 37.001495 59.769792 28.135637 3.220683 15.481568 -6.668905 1.277975 7.569510 -7.956009 14.364958 -15.928146 -71.815135 -43.134120 60.035155 -31.108522 -6.435703 12.438936 5.598485 -8.733224 -1.238835 -0.351087 -3.949746 -1.202593 -0.119881 3.898616 -0.031766 -0.170159 -0.000000 0.000000 0.000000 3.172548 -3.023564 3.037100 -0.444654 -0.757150 0.493075 -3.873086 1.204157 -3.959421 -0.000000 -0.000000 0.000000
-1.798707 0.958053 2.147895 4.200887 2.464020 -0.340061 0.125307 0.304612 1.706815 -0.022806 -5.689986 0.762253 -0.022772 0.130445 0.759938 0.040979 5.934201 0.573026 -1.846615 15.553326 -0.159928 -3.387048 -7.127525 0.381129 -1.134747 10.189349 8.225267 -16.694551 -19.066840 72.023554 34.615054 60.258502 26.413364 3.041906 15.494950 -6.331152 1.278427 7.553227 -7.910893 14.291043 -16.042898 -71.742569 -43.068926 59.356853 -30.834403 -6.379710 12.406766 5.876358 -8.747112 -1.188803 -0.364779 -3.937152 -1.296915 -0.127846 3.901959 -0.066449 -0.129609 0.000000 -0.000000 0.000000 3.394337 -3.083066 2.970913 -0.723420 -0.650425 0.550513 -3.810760 1.068090 -3.925025 -0.000000 0.000000 -0.000000
-1.798300 0.958026 2.149103 4.183352 2.538128 -0.340569 0.123339 0.267978 1.707026 -0.023559 -5.706275 0.762381 -0.023521 0.114157 0.759990 0.040441 5.921983 0.573052 -1.853274 15.559747 -0.159672 -3.399449 -7.115458 0.383884 -1.102558 10.240876 8.240522 -16.639741 -19.017380 72.196764 32.164654 60.529443 24.581872 2.853128 15.485759 -6.076022 1.263104 7.555952 -7.869755 14.279507 -16.195858 -71.678583 -43.265365 58.917912 -30.839136 -6.349876 12.411347 6.053594 -8.766216 -1.157269 -0.375423 -3.994255 -1.356146 -0.139484 3.994852 -0.105505 -0.096660 0.000000 -0.000000 -0.000000 3.476283 -3.146498 2.907292 -0.873573 -0.512850 0.618974 -3.723133 0.923487 -3.899888 0.000000 -0.000000 0.000000
-1.797983 0.957994 2.150262 4.152697 2.604832 -0.338610 0.129025 0.235538 1.707537 -0.020938 -5.720671 0.762635 -0.020912 0.099760 0.760509 0.042453 5.911189 0.573433 -1.860241 15.557233 -0.163039 -3.411256 -7.120073 0.380229 -1.066208 10.303758 8.255987 -16.596768 -18.984360 72.346139 29.662553 60.617858 22.660287 2.646411 15.462962 -5.880575 1.239261 7.569306 -7.830436 14.294407 -16.368537 -71.614540 -43.627980 58.653823 -31.029728 -6.337314 12.436110 6.148246 -8.785724 -1.135667 -0.382785 -4.077391 -1.392653 -0.152816 4.127066 -0.147448 -0.070932 -0.000000 0.000000 0.000000 3.479618 -3.214936 2.848307 -0.949675 -0.347486 0.692926 -3.617522 0.771128 -3.881989 -0.000000 -0.000000 -0.000000
-1.797743 0.957966 2.151439 4.102968 2.660382 -0.334258 0.138586 0.204388 1.704656 -0.016445 -5.734483 0.761372 -0.016441 0.085949 0.759703 0.045761 5.900836 0.572813 -1.858605 15.568039 -0.161553 -3.408548 -7.100003 0.382114 -1.048592 10.352819 8.256717 -16.577176 -18.950217 72.474565 27.355277 60.630653 20.885762 2.467278 15.443306 -5.725956 1.218656 7.585618 -7.793237 14.284871 -16.525952 -71.542487 -43.952017 58.477515 -31.213652 -6.329879 12.463238 6.207113 -8.813791 -1.107620 -0.391652 -4.101695 -1.422168 -0.163525 4.226733 -0.191705 -0.050063 0.000000 0.000000 -0.000000 3.497409 -3.250617 2.802472 -1.002623 -0.218385 0.748849 -3.529113 0.632943 -3.868455 0.000000 -0.000000 -0.000000
-1.797588 0.957946 2.152674 4.026958 2.701339 -0.329028 0.153538 0.173709 1.697773 -0.009374 -5.748069 0.758320 -0.009405 0.072363 0.757368 0.050875 5.890657 0.571042 -1.844507 15.607470 -0.149128 -3.386081 -7.026742 0.399069 -1.061180 10.378032 8.234069 -16.584674 -18.907255 72.585531 25.290095 60.608127 19.312599 2.338942 15.430869 -5.618482 1.207039 7.602076 -7.756647 14.217801 -16.655084 -71.454590 -44.185939 58.378493 -31.341836 -6.327502 12.489172 6.233765 -8.862630 -1.067822 -0.403617 -4.007155 -1.444391 -0.168222 4.252229 -0.239957 -0.032718 0.000000 0.000000 0.000000 3.559966 -3.234543 2.778443 -1.039391 -0.152215 0.773243 -3.473714 0.517730 -3.858816 0.000000 0.000000 -0.000000
-1.797510 0.957931 2.153928 3.931875 2.731153 -0.321419 0.172369 0.144311 1.687521 -0.000431 -5.761076 0.753762 -0.000507 0.059356 0.753718 0.057285 5.880916 0.568279 -1.821797 15.660228 -0.131860 -3.349083 -6.928784 0.421560 -1.092503 10.389377 8.196624 -16.615769 -18.862876 72.675534 23.436102 60.532507 17.901813 2.239067 15.419895 -5.551247 1.198646 7.621503 -7.722194 14.126107 -16.768792 -71.358463 -44.387324 58.368062 -31.469364 -6.330198 12.517066 6.224690 -8.920041 -1.021618 -0.417181 -3.853753 -1.459661 -0.170717 4.245190 -0.290441 -0.020096 -0.000000 -0.000000 -0.000000 3.636946 -3.185669 2.767482 -1.053357 -0.122507 0.779914 -3.435541 0.416673 -3.853314 -0.000000 -0.000000 0.000000
-1.797475 0.957917 2.155158 3.833396 2.756418 -0.306964 0.186758 0.115720 1.672095 0.006768 -5.773746 0.746895 0.006657 0.046686 0.747582 0.062203 5.871427 0.563643 -1.793149 15.702667 -0.119548 -3.299393 -6.850247 0.432930 -1.131070 10.391706 8.155245 -16.671247 -18.822110 72.736994 21.891871 60.439061 16.719344 2.144828 15.413840 -5.485288 1.187956 7.644688 -7.694749 14.057871 -16.870968 -71.269248 -44.516087 58.394103 -31.560833 -6.326058 12.539647 6.216185 -8.957586 -0.968602 -0.432501 -3.736638 -1.484616 -0.177464 4.258631 -0.337396 -0.013604 0.000000 -0.000000 0.000000 3.730377 -3.122987 2.751713 -1.075169 -0.113612 0.786641 -3.402416 0.325249 -3.849984 0.000000 -0.000000 0.000000
-1.797482 0.957902 2.156358 3.735594 2.778964 -0.281370 0.194840 0.087640 1.648270 0.011543 -5.786221 0.736279 0.011408 0.034211 0.737451 0.065005 5.862084 0.555996 -1.757787 15.726572 -0.116549 -3.234135 -6.806503 0.424994 -1.174210 10.386635 8.113600 -16.750114 -18.785661 72.763917 20.693429 60.352497 15.787578 2.045868 15.416329 -5.393937 1.171684 7.674419 -7.675401 14.027941 -16.967118 -71.187231 -44.555717 58.441564 -31.604812 -6.309942 12.553223 6.222136 -8.962021 -0.905551 -0.449782 -3.706041 -1.530190 -0.193529 4.326341 -0.377398 -0.014752 -0.000000 0.000000 -0.000000 3.858566 -3.044179 2.722911 -1.126993 -0.135924 0.798060 -3.374848 0.247287 -3.847994 0.000000 0.000000 0.000000
-1.797534 0.957887 2.157533 3.634403 2.797005 -0.248912 0.198496 0.060329 1.619288 0.014581 -5.798375 0.723359 0.014431 0.022057 0.724839 0.066321 5.852981 0.546478 -1.716481 15.740132 -0.118471 -3.156201 -6.782195 0.405999 -1.224564 10.372507 8.068056 -16.853297 -18.752959 72.762094 19.799859 60.266035 15.079563 1.952404 15.424075 -5.303979 1.153129 7.707903 -7.663115 14.021560 -17.051804 -71.112263 -44.523359 58.525880 -31.613676 -6.286855 12.561512 6.228653 -8.946636 -0.835663 -0.468838 -3.711738 -1.585442 -0.213537 4.414531 -0.413892 -0.022104 -0.000000 0.000000 -0.000000 4.003103 -2.951457 2.689389 -1.186659 -0.179054 0.809668 -3.352313 0.178964 -3.848130 0.000000 0.000000 0.000000
-1.797604 0.957874 2.158661 3.533290 2.811698 -0.217981 0.195016 0.034160 1.593043 0.014315 -5.810044 0.711661 0.014168 0.010388 0.713114 0.065238 5.844237 0.537631 -1.674237 15.744314 -0.121996 -3.076108 -6.775336 0.383919 -1.278618 10.349274 8.018545 -16.984440 -18.727207 72.741647 19.189611 60.167219 14.582847 1.872427 15.430178 -5.256722 1.136642 7.737537 -7.659561 14.042567 -17.112677 -71.058992 -44.427669 58.640740 -31.585964 -6.259884 12.568459 6.230382 -8.922777 -0.768147 -0.489170 -3.698207 -1.634129 -0.228291 4.474845 -0.451408 -0.032691 0.000000 0.000000 -0.000000 4.110985 -2.870722 2.657989 -1.218248 -0.196138 0.825409 -3.321068 0.104288 -3.850941 -0.000000 -0.000000 0.000000
-1.797683 0.957864 2.159719 3.437476 2.825042 -0.190360 0.179840 0.008739 1.571768 0.008620 -5.821414 0.702182 0.008503 -0.000982 0.703057 0.060231 5.835710 0.530041 -1.631539 15.737850 -0.126741 -2.994900 -6.788259 0.359652 -1.339512 10.311904 7.961947 -17.157857 -18.708255 72.704490 18.904683 60.075368 14.335820 1.812453 15.433725 -5.267852 1.123228 7.760181 -7.668111 14.102872 -17.145515 -71.032338 -44.259093 58.786669 -31.510765 -6.226686 12.573791 6.230154 -8.894497 -0.709059 -0.512809 -3.637641 -1.668963 -0.232382 4.478000 -0.492631 -0.047066 -0.000000 -0.000000 -0.000000 4.147379 -2.820020 2.628364 -1.199287 -0.158375 0.850033 -3.273712 0.014592 -3.857511 -0.000000 -0.000000 0.000000
-1.797782 0.957854 2.160730 3.341736 2.835024 -0.164250 0.157523 -0.015543 1.553239 -0.000379 -5.832298 0.693926 -0.000449 -0.011866 0.693888 0.052827 5.827543 0.523120 -1.587892 15.722011 -0.133042 -2.911492 -6.818608 0.332341 -1.404031 10.265313 7.901511 -17.359049 -18.696665 72.648420 18.899122 59.975710 14.297555 1.767168 15.434625 -5.320982 1.111886 7.778897 -7.685374 14.190721 -17.154700 -71.027570 -44.025125 58.962837 -31.396984 -6.189630 12.577728 6.225126 -8.857730 -0.652329 -0.537681 -3.557835 -1.697201 -0.231429 4.453288 -0.534860 -0.064592 0.000000 0.000000 -0.000000 4.147206 -2.781472 2.600764 -1.152210 -0.094542 0.878564 -3.217628 -0.081440 -3.866841 0.000000 -0.000000 -0.000000
-1.797904 0.957844 2.161738 3.233857 2.836756 -0.142668 0.139015 -0.037108 1.538653 -0.007874 -5.841957 0.687427 -0.007904 -0.021525 0.686628 0.046689 5.820296 0.517639 -1.546849 15.701600 -0.138682 -2.833235 -6.857353 0.307289 -1.459186 10.224451 7.846643 -17.548570 -18.696625 72.577719 19.021395 59.801785 14.338711 1.727184 15.426834 -5.409181 1.103946 7.795406 -7.702840 14.274479 -17.140800 -71.044880 -43.760027 59.160858 -31.272942 -6.158932 12.585046 6.201474 -8.811611 -0.588987 -0.557133 -3.486669 -1.724360 -0.232918 4.440212 -0.574539 -0.080510 0.000000 0.000000 -0.000000 4.162152 -2.727116 2.582792 -1.108494 -0.044140 0.900290 -3.161248 -0.173778 -3.876351 0.000000 0.000000 -0.000000
-1.798061 0.957829 2.162780 3.105973 2.824520 -0.127904 0.129256 -0.053396 1.529368 -0.011739 -5.849236 0.683291 -0.011748 -0.028804 0.682100 0.043467 5.814835 0.514219 -1.512806 15.674028 -0.143278 -2.768499 -6.909231 0.286871 -1.499886 10.196989 7.798344 -17.722430 -18.710390 72.491977 19.255526 59.522537 14.440321 1.692822 15.407058 -5.538514 1.099253 7.812053 -7.717257 14.342939 -17.103203 -71.088562 -43.457687 59.379589 -31.134647 -6.138087 12.599396 6.154541 -8.751868 -0.509268 -0.567125 -3.437865 -1.755467 -0.240638 4.456148 -0.608624 -0.091916 -0.000000 0.000000 0.000000 4.221735 -2.638955 2.581098 -1.088692 -0.026606 0.907717 -3.105668 -0.258100 -3.885177 0.000000 -0.000000 0.000000
-1.798241 0.957813 2.163820 2.965946 2.804016 -0.117601 0.123297 -0.066931 1.524003 -0.014101 -5.855275 0.680905 -0.014098 -0.034843 0.679473 0.041509 5.810305 0.512235 -1.481353 15.641897 -0.147181 -2.708886 -6.969496 0.268755 -1.531271 10.175326 7.755529 -17.884633 -18.735948 72.391984 19.610750 59.167550 14.616253 1.665042 15.378791 -5.702511 1.097961 7.826499 -7.731858 14.407294 -17.042608 -71.154406 -43.121877 59.619599 -30.983953 -6.123707 12.617279 6.089039 -8.682748 -0.422911 -0.571715 -3.397705 -1.785491 -0.250723 4.483717 -0.640155 -0.101753 0.000000 -0.000000 0.000000 4.296466 -2.534909 2.589006 -1.072306 -0.022521 0.908405 -3.049805 -0.338734 -3.894160 -0.000000 0.000000 0.000000
-1.798414 0.957798 2.164791 2.825153 2.787494 -0.107831 0.117255 -0.083758 1.519664 -0.016536 -5.862777 0.678978 -0.016520 -0.042345 0.677300 0.039534 5.804677 0.510591 -1.442865 15.617817 -0.149333 -2.636646 -7.014872 0.251124 -1.555751 10.151620 7.724411 -18.007835 -18.770819 72.284105 19.976029 58.762117 14.788022 1.634848 15.346299 -5.875809 1.101865 7.833475 -7.747835 14.469504 -16.961505 -71.229822 -42.803445 59.875533 -30.859748 -6.115770 12.632813 6.005178 -8.616159 -0.350221 -0.576412 -3.352923 -1.804843 -0.259142 4.510280 -0.674687 -0.114072 -0.000000 0.000000 0.000000 4.349481 -2.440835 2.594056 -1.029261 -0.013103 0.914218 -2.998827 -0.418626 -3.903230 0.000000 -0.000000 -0.000000
-1.798567 0.957785 2.165665 2.684175 2.779936 -0.096789 0.109902 -0.107326 1.515243 -0.019530 -5.873279 0.677020 -0.019497 -0.052848 0.675038 0.037139 5.796799 0.508878 -1.391273 15.609111 -0.147891 -2.541053 -7.031807 0.235058 -1.572762 10.121621 7.709099 -18.068791 -18.814025 72.162833 20.302225 58.290841 14.918724 1.597702 15.307936 -6.055142 1.115434 7.828200 -7.766145 14.532615 -16.854477 -71.308911 -42.525113 60.144208 -30.783491 -6.113713 12.643112 5.904022 -8.550202 -0.301149 -0.583868 -3.302488 -1.807658 -0.264211 4.532244 -0.715100 -0.131481 0.000000 0.000000 -0.000000 4.356644 -2.366138 2.589797 -0.934118 0.008720 0.932402 -2.954899 -0.498826 -3.912707 0.000000 0.000000 -0.000000
-1.798713 0.957773 2.166471 2.542433 2.776360 -0.086321 0.102470 -0.134183 1.511885 -0.022596 -5.885242 0.675538 -0.022546 -0.064811 0.673245 0.034727 5.787824 0.507517 -1.332666 15.608476 -0.144726 -2.432898 -7.033791 0.219463 -1.582913 10.089702 7.705518 -18.090633 -18.866346 72.033889 20.635753 57.769462 15.041730 1.558412 15.265815 -6.243948 1.134232 7.815450 -7.785734 14.593564 -16.726976 -71.397607 -42.264502 60.429032 -30.734139 -6.118353 12.651138 5.784471 -8.486756 -0.265753 -0.591393 -3.247433 -1.799798 -0.267618 4.553208 -0.758513 -0.151368 -0.000000 0.000000 0.000000 4.342085 -2.301466 2.582594 -0.812284 0.035891 0.955608 -2.915847 -0.578284 -3.922242 0.000000 0.000000 -0.000000
-1.798861 0.957757 2.167233 2.409557 2.774074 -0.078024 0.094777 -0.160031 1.510062 -0.025850 -5.896757 0.674740 -0.025783 -0.076325 0.672116 0.032224 5.779186 0.506657 -1.275659 15.606572 -0.144392 -2.326704 -7.038119 0.199195 -1.590375 10.060950 7.707602 -18.115697 -18.927828 71.920432 21.013530 57.270705 15.187868 1.521045 15.229673 -6.427140 1.146682 7.804299 -7.804819 14.645160 -16.597783 -71.501076 -42.005563 60.734810 -30.687625 -6.131830 12.659785 5.643474 -8.443403 -0.234518 -0.596481 -3.177585 -1.789262 -0.270424 4.571328 -0.801851 -0.169942 -0.000000 -0.000000 0.000000 4.341337 -2.244517 2.579254 -0.709957 0.066024 0.973805 -2.880342 -0.656804 -3.930765 -0.000000 0.000000 -0.000000
-1.799018 0.957732 2.167964 2.287834 2.771980 -0.072723 0.086514 -0.184018 1.509958 -0.029441 -5.907445 0.674708 -0.029354 -0.087013 0.671720 0.029526 5.771166 0.506350 -1.222956 15.599219 -0.150357 -2.226283 -7.052586 0.168845 -1.597831 10.036555 7.714242 -18.168213 -19.003343 71.834478 21.458591 56.832474 15.372461 1.485097 15.205250 -6.596380 1.145292 7.797680 -7.822920 14.692048 -16.469219 -71.626188 -41.738948 61.068760 -30.632081 -6.158407 12.671016 5.473849 -8.437171 -0.204547 -0.597946 -3.077656 -1.777639 -0.273112 4.586514 -0.844941 -0.185594 0.000000 -0.000000 0.000000 4.373627 -2.194592 2.582241 -0.650397 0.099040 0.983737 -2.846529 -0.735463 -3.938061 -0.000000 -0.000000 -0.000000
-1.799178 0.957703 2.168652 2.174978 2.771156 -0.069601 0.077984 -0.206984 1.511368 -0.033223 -5.917679 0.675351 -0.033115 -0.097248 0.671979 0.026736 5.763486 0.506537 -1.171839 15.590580 -0.159158 -2.127782 -7.069422 0.133792 -1.602630 10.015365 7.726508 -18.224101 -19.087890 71.764139 21.947820 56.416135 15.579730 1.450534 15.187066 -6.760040 1.137536 7.792660 -7.840568 14.729478 -16.339079 -71.766138 -41.472363 61.423447 -30.578158 -6.194270 12.682992 5.282817 -8.451019 -0.178747 -0.596984 -2.962934 -1.763332 -0.275220 4.598856 -0.887955 -0.199928 0.000000 0.000000 0.000000 4.419747 -2.152350 2.589219 -0.610375 0.135008 0.988745 -2.816273 -0.813191 -3.944330 -0.000000 0.000000 0.000000
-1.799336 0.957677 2.169286 2.073768 2.772167 -0.067783 0.069906 -0.227174 1.514148 -0.036873 -5.926676 0.676603 -0.036745 -0.106245 0.672860 0.024090 5.756733 0.507194 -1.122798 15.583840 -0.164970 -2.034221 -7.082612 0.105036 -1.600925 9.998908 7.741573 -18.253364 -19.166696 71.696606 22.449136 55.979629 15.794037 1.421897 15.167884 -6.928006 1.134268 7.789524 -7.857539 14.736216 -16.219366 -71.905623 -41.215790 61.781682 -30.536044 -6.229398 12.692834 5.088912 -8.451426 -0.156309 -0.594666 -2.869110 -1.749565 -0.276382 4.606774 -0.928328 -0.213960 -0.000000 0.000000 -0.000000 4.457578 -2.117494 2.599831 -0.566385 0.171778 0.988727 -2.793838 -0.886566 -3.949112 0.000000 0.000000 0.000000
-1.799494 0.957659 2.169857 1.984458 2.774983 -0.067650 0.062451 -0.244243 1.518656 -0.040333 -5.934284 0.678625 -0.040187 -0.113853 0.674531 0.021645 5.751022 0.508447 -1.074302 15.584465 -0.164473 -1.943916 -7.081985 0.088129 -1.588172 9.989641 7.761849 -18.234271 -19.236925 71.621218 22.946542 55.488137 16.003234 1.400964 15.144667 -7.112155 1.141296 7.789554 -7.873181 14.691283 -16.116610 -72.041723 -40.940716 62.140582 -30.489529 -6.260797 12.698741 4.890475 -8.425840 -0.136272 -0.590945 -2.810413 -1.738651 -0.275624 4.611218 -0.964001 -0.227905 -0.000000 0.000000 -0.000000 4.479205 -2.090047 2.616363 -0.507582 0.208802 0.980917 -2.782310 -0.953729 -3.951777 -0.000000 -0.000000 -0.000000
-1.799649 0.957644 2.170373 1.906793 2.779627 -0.068829 0.055447 -0.258528 1.524507 -0.043662 -5.940652 0.681245 -0.043497 -0.120221 0.676813 0.019344 5.746241 0.510161 -1.027909 15.587003 -0.161031 -1.858600 -7.077716 0.077464 -1.568920 9.985112 7.784896 -18.188635 -19.301106 71.548516 23.453742 54.976853 16.215867 1.385992 15.120778 -7.300496 1.152798 7.791492 -7.888148 14.615707 -16.024401 -72.177447 -40.676161 62.502922 -30.455633 -6.291752 12.702423 4.689100 -8.386809 -0.119591 -0.585825 -2.772613 -1.728288 -0.273876 4.611236 -0.997034 -0.241539 0.000000 -0.000000 -0.000000 4.492551 -2.069978 2.636553 -0.444835 0.246639 0.968099 -2.778618 -1.016547 -3.952921 0.000000 -0.000000 -0.000000
-1.799792 0.957632 2.170844 1.842782 2.786749 -0.069324 0.049105 -0.269301 1.530432 -0.046711 -5.945457 0.683896 -0.046530 -0.125027 0.679154 0.017254 5.742631 0.511922 -0.988743 15.578257 -0.158844 -1.786410 -7.094323 0.067266 -1.552942 9.979452 7.800614 -18.151854 -19.352571 71.497472 23.984099 54.508862 16.448463 1.375934 15.098281 -7.467155 1.162188 7.791815 -7.904164 14.551293 -15.935153 -72.306304 -40.522572 62.860785 -30.498135 -6.321260 12.706094 4.508192 -8.338463 -0.108338 -0.580434 -2.748712 -1.714779 -0.273605 4.602399 -1.031050 -0.255210 -0.000000 0.000000 0.000000 4.499237 -2.056920 2.653202 -0.387195 0.284793 0.958490 -2.777782 -1.077192 -3.953924 -0.000000 0.000000 0.000000
-1.799921 0.957621 2.171266 1.795628 2.796724 -0.068358 0.042835 -0.276247 1.536218 -0.049734 -5.948561 0.686482 -0.049536 -0.128131 0.681434 0.015177 5.740298 0.513636 -0.958772 15.552928 -0.159860 -1.730329 -7.141665 0.054676 -1.545918 9.969450 7.801531 -18.140880 -19.384274 71.484207 24.551587 54.099703 16.705913 1.369122 15.075787 -7.601693 1.164757 7.789039 -7.922263 14.511788 -15.845773 -72.428577 -40.530310 63.229265 -30.654269 -6.348064 12.710200 4.350643 -8.275817 -0.104537 -0.574412 -2.743442 -1.694838 -0.276748 4.581461 -1.068417 -0.269582 0.000000 -0.000000 -0.000000 4.493857 -2.051543 2.663122 -0.334563 0.323325 0.956487 -2.778166 -1.136653 -3.955505 -0.000000 0.000000 -0.000000
-1.800037 0.957613 2.171642 1.762129 2.809180 -0.066708 0.037229 -0.279685 1.542061 -0.052475 -5.950104 0.689092 -0.052263 -0.129674 0.683765 0.013313 5.739136 0.515392 -0.936016 15.516305 -0.162140 -1.687324 -7.209917 0.042502 -1.542152 9.958280 7.795114 -18.138942 -19.403257 71.492611 25.144674 53.733476 16.985826 1.366312 15.054278 -7.714704 1.165208 7.784650 -7.941413 14.483384 -15.759129 -72.543801 -40.657485 63.593980 -30.894900 -6.373135 12.714062 4.213595 -8.203857 -0.106169 -0.568122 -2.752078 -1.671753 -0.281339 4.551666 -1.106769 -0.283974 0.000000 -0.000000 0.000000 4.481809 -2.053197 2.669530 -0.287016 0.362159 0.957712 -2.781404 -1.193941 -3.956936 -0.000000 0.000000 -0.000000
-1.800136 0.957605 2.171995 1.734689 2.823650 -0.064708 0.034276 -0.279849 1.547308 -0.054022 -5.950183 0.691435 -0.053802 -0.129753 0.685951 0.012327 5.739073 0.517039 -0.919677 15.471078 -0.164045 -1.656484 -7.294079 0.033475 -1.534344 9.949649 7.793669 -18.130861 -19.424116 71.493354 25.740510 53.425699 17.296521 1.369740 15.039037 -7.811866 1.171072 7.779579 -7.960242 14.466552 -15.676397 -72.644274 -40.867272 63.903245 -31.184787 -6.398190 12.718168 4.111919 -8.141669 -0.109229 -0.563777 -2.753428 -1.651681 -0.284012 4.518311 -1.142623 -0.296722 -0.000000 0.000000 -0.000000 4.480927 -2.059544 2.674821 -0.253851 0.400583 0.957210 -2.787421 -1.248264 -3.957437 0.000000 -0.000000 0.000000
-1.800218 0.957596 2.172330 1.711526 2.839173 -0.061841 0.034444 -0.274623 1.551254 -0.054141 -5.947857 0.693195 -0.053920 -0.127428 0.687699 0.012369 5.740816 0.518358 -0.911479 15.413062 -0.163988 -1.641660 -7.401890 0.031257 -1.518248 9.944806 7.803319 -18.113590 -19.455647 71.471748 26.358688 53.186570 17.668513 1.381565 15.032164 -7.898431 1.185367 7.774984 -7.978561 14.465532 -15.599042 -72.725637 -41.182951 64.140574 -31.540558 -6.424295 12.725421 4.057063 -8.096549 -0.110927 -0.563385 -2.734582 -1.637949 -0.282553 4.477491 -1.174685 -0.307414 0.000000 -0.000000 0.000000 4.498382 -2.070054 2.680602 -0.238888 0.439836 0.950850 -2.797469 -1.299702 -3.955737 0.000000 0.000000 0.000000
-1.800283 0.957587 2.172643 1.694423 2.856710 -0.058623 0.037266 -0.266125 1.554598 -0.053065 -5.944069 0.694685 -0.052851 -0.123640 0.689299 0.013291 5.743657 0.519568 -0.909697 15.346436 -0.163559 -1.639019 -7.525629 0.032206 -1.498110 9.942506 7.817921 -18.090160 -19.489044 71.442434 26.982767 53.004974 18.074457 1.399163 15.031244 -7.969113 1.205063 7.769730 -7.996577 14.476115 -15.525431 -72.792131 -41.582667 64.321955 -31.946418 -6.449583 12.732966 4.037671 -8.061203 -0.114048 -0.564932 -2.708443 -1.627234 -0.279189 4.433109 -1.204251 -0.316462 0.000000 -0.000000 -0.000000 4.527004 -2.085259 2.685251 -0.238315 0.478673 0.942777 -2.810305 -1.348174 -3.953101 -0.000000 -0.000000 -0.000000
-1.800326 0.957580 2.172938 1.681137 2.878676 -0.056941 0.043323 -0.260934 1.558794 -0.050578 -5.941739 0.696561 -0.050377 -0.121309 0.691427 0.015307 5.745406 0.521174 -0.908358 15.286435 -0.165897 -1.636121 -7.637094 0.028064 -1.479378 9.942725 7.831395 -18.054484 -19.512518 71.420084 27.536959 52.865672 18.436973 1.417731 15.034641 -8.013706 1.228629 7.761313 -8.013508 14.486138 -15.452116 -72.848987 -41.956565 64.444996 -32.313077 -6.471297 12.732665 4.034413 -8.032833 -0.122943 -0.564599 -2.692541 -1.615708 -0.277214 4.402174 -1.231711 -0.323450 0.000000 0.000000 0.000000 4.563106 -2.104402 2.686314 -0.249977 0.512650 0.940442 -2.822113 -1.392648 -3.952554 -0.000000 0.000000 0.000000
-1.800338 0.957574 2.173216 1.669952 2.907802 -0.057700 0.054014 -0.263386 1.564692 -0.046083 -5.942789 0.699204 -0.045907 -0.122359 0.694526 0.018899 5.744621 0.523511 -0.907679 15.236787 -0.173068 -1.632570 -7.729388 0.015002 -1.465721 9.946481 7.840445 -17.999172 -19.517996 71.408405 28.008203 52.774939 18.739055 1.437339 15.043597 -8.020147 1.257187 7.746274 -8.029093 14.491101 -15.371254 -72.896660 -42.259507 64.493333 -32.600374 -6.488005 12.717216 4.046812 -8.008755 -0.143251 -0.560901 -2.699228 -1.598384 -0.278010 4.396099 -1.257897 -0.328086 -0.000000 0.000000 -0.000000 4.608154 -2.128177 2.680518 -0.277279 0.538397 0.950063 -2.829178 -1.431984 -3.956781 -0.000000 -0.000000 0.000000
-1.800328 0.957570 2.173477 1.662582 2.941355 -0.059993 0.067944 -0.269147 1.571438 -0.040176 -5.945298 0.702230 -0.040032 -0.124867 0.698152 0.023586 5.742744 0.526243 -0.907450 15.193768 -0.183036 -1.628756 -7.809401 -0.003208 -1.453474 9.952752 7.848378 -17.931621 -19.513555 71.403687 28.413557 52.728277 19.001711 1.457929 15.056324 -8.000479 1.289625 7.728089 -8.043608 14.495572 -15.290675 -72.934651 -42.531778 64.483888 -32.843528 -6.501152 12.693963 4.075321 -7.991654 -0.169339 -0.555324 -2.716154 -1.580246 -0.280198 4.403467 -1.281974 -0.330685 -0.000000 0.000000 -0.000000 4.660682 -2.155884 2.671095 -0.316792 0.559286 0.965422 -2.835210 -1.467323 -3.963105 -0.000000 0.000000 0.000000
-1.800319 0.957563 2.173725 1.661923 2.973557 -0.062996 0.081510 -0.271789 1.577933 -0.034429 -5.946421 0.705142 -0.034317 -0.125990 0.701647 0.028142 5.741906 0.528879 -0.901072 15.161442 -0.192801 -1.613421 -7.869603 -0.023474 -1.437096 9.958452 7.859017 -17.867912 -19.511653 71.409470 28.721852 52.695601 19.204120 1.474537 15.066757 -7.980674 1.321065 7.714652 -8.057053 14.501002 -15.230481 -72.966825 -42.791365 64.464707 -33.066078 -6.512417 12.676630 4.101965 -7.986785 -0.188650 -0.548484 -2.723800 -1.572414 -0.282926 4.407042 -1.301833 -0.331743 -0.000000 0.000000 0.000000 4.712611 -2.184678 2.665368 -0.356113 0.580980 0.975310 -2.847524 -1.501059 -3.966508 -0.000000 0.000000 0.000000
-1.800323 0.957552 2.173956 1.669948 3.000382 -0.066933 0.092511 -0.266931 1.584425 -0.029848 -5.944220 0.708046 -0.029760 -0.123788 0.705016 0.031816 5.743560 0.531421 -0.883348 15.144222 -0.202087 -1.576915 -7.901832 -0.047281 -1.410604 9.959809 7.874008 -17.816410 -19.519357 71.429035 28.914330 52.670743 19.335728 1.484475 15.072333 -7.970489 1.352681 7.708361 -8.070217 14.511015 -15.200088 -72.993466 -43.062506 64.450177 -33.290411 -6.522647 12.672210 4.118095 -8.001538 -0.191716 -0.540066 -2.708704 -1.584967 -0.285492 4.398800 -1.314416 -0.331342 -0.000000 0.000000 -0.000000 4.759848 -2.214097 2.668741 -0.385731 0.609082 0.972321 -2.873757 -1.535599 -3.963438 0.000000 0.000000 -0.000000
-1.800329 0.957538 2.174174 1.684684 3.025858 -0.071568 0.103150 -0.258956 1.590675 -0.025426 -5.940634 0.710838 -0.025363 -0.120203 0.708257 0.035359 5.746251 0.533868 -0.859496 15.137704 -0.211183 -1.528930 -7.914226 -0.073156 -1.379972 9.960582 7.891685 -17.768711 -19.529669 71.459057 29.010568 52.660717 19.408208 1.490389 15.075699 -7.960200 1.383288 7.706816 -8.082309 14.522033 -15.190089 -73.014379 -43.320787 64.425891 -33.493974 -6.530963 12.673653 4.132312 -8.028516 -0.187996 -0.530360 -2.684327 -1.607826 -0.288613 4.386766 -1.322781 -0.329395 0.000000 -0.000000 0.000000 4.806485 -2.244622 2.675809 -0.415174 0.637986 0.963870 -2.906279 -1.568533 -3.957434 0.000000 0.000000 -0.000000
-1.800319 0.957524 2.174400 1.703112 3.056287 -0.075375 0.116429 -0.254586 1.594859 -0.019728 -5.938643 0.712712 -0.019695 -0.118211 0.710709 0.039796 5.747750 0.535720 -0.838531 15.132711 -0.217923 -1.487214 -7.923726 -0.093564 -1.357589 9.968985 7.910931 -17.715731 -19.533954 71.493148 29.035990 52.655064 19.433160 1.495203 15.078785 -7.946591 1.404466 7.710709 -8.090935 14.524687 -15.192348 -73.032738 -43.512652 64.396830 -33.634272 -6.536399 12.673569 4.152518 -8.050790 -0.193332 -0.520883 -2.671534 -1.621868 -0.293537 4.377777 -1.333998 -0.326126 -0.000000 0.000000 0.000000 4.856721 -2.274813 2.677701 -0.460591 0.656530 0.960972 -2.929505 -1.595028 -3.954124 0.000000 0.000000 -0.000000
-1.800287 0.957511 2.174638 1.724828 3.096619 -0.077637 0.134192 -0.257099 1.595985 -0.011876 -5.939698 0.713227 -0.011886 -0.119266 0.712022 0.045755 5.746967 0.536710 -0.823173 15.124785 -0.221816 -1.457070 -7.938595 -0.106522 -1.351024 9.991406 7.932360 -17.644376 -19.529618 71.528969 28.984205 52.639936 19.399665 1.499578 15.082235 -7.927463 1.411017 7.722765 -8.093589 14.519123 -15.207024 -73.054923 -43.613775 64.366459 -33.689508 -6.537837 12.667991 4.184691 -8.056461 -0.218589 -0.511154 -2.683508 -1.615527 -0.302609 4.373433 -1.352489 -0.321236 -0.000000 0.000000 0.000000 4.914466 -2.305310 2.669636 -0.537288 0.657409 0.969396 -2.931073 -1.611227 -3.956529 -0.000000 -0.000000 0.000000
-1.800240 0.957499 2.174883 1.750237 3.141903 -0.079057 0.154589 -0.263212 1.595026 -0.002748 -5.942346 0.712815 -0.002807 -0.121913 0.712536 0.052607 5.744991 0.537098 -0.810696 15.118372 -0.223344 -1.433189 -7.950603 -0.113991 -1.352683 10.021449 7.955421 -17.567700 -19.519311 71.568841 28.861770 52.628902 19.318991 1.502865 15.085423 -7.905012 1.408157 7.740238 -8.092726 14.505211 -15.233969 -73.074582 -43.648865 64.331640 -33.681775 -6.536433 12.660872 4.222855 -8.057437 -0.252911 -0.501679 -2.707072 -1.600369 -0.313462 4.372132 -1.373832 -0.315026 -0.000000 0.000000 -0.000000 4.975812 -2.335443 2.656353 -0.629950 0.647942 0.983389 -2.923341 -1.620989 -3.961645 -0.000000 0.000000 -0.000000
-1.800185 0.957488 2.175137 1.777535 3.183600 -0.080245 0.175078 -0.269807 1.593105 0.006465 -5.945208 0.711974 0.006357 -0.124776 0.712631 0.059491 5.742855 0.537170 -0.801931 15.117654 -0.221781 -1.417381 -7.951981 -0.114345 -1.352227 10.048154 7.977249 -17.515882 -19.502202 71.613462 28.713037 52.652654 19.235457 1.506021 15.088366 -7.882617 1.403092 7.755621 -8.093400 14.473154 -15.264609 -73.075731 -43.638094 64.287580 -33.634555 -6.534624 12.656722 4.256991 -8.072513 -0.279560 -0.495409 -2.723546 -1.591971 -0.320245 4.375907 -1.391833 -0.308622 -0.000000 -0.000000 -0.000000 5.033236 -2.361802 2.643285 -0.708781 0.638871 0.996649 -2.927794 -1.631060 -3.966075 0.000000 0.000000 0.000000
-1.800127 0.957481 2.175396 1.807149 3.219203 -0.081994 0.195335 -0.276475 1.590332 0.015613 -5.948104 0.710754 0.015455 -0.127673 0.712339 0.066296 5.740694 0.536950 -0.797349 15.126540 -0.215168 -1.411236 -7.935444 -0.103775 -1.343350 10.066946 7.998120 -17.506594 -19.475871 71.666369 28.544205 52.724484 19.159140 1.508739 15.089637 -7.866475 1.395537 7.766840 -8.097321 14.406402 -15.295372 -73.046831 -43.571770 64.224750 -33.540634 -6.534008 12.658125 4.281315 -8.116542 -0.292752 -0.493250 -2.721933 -1.596886 -0.319432 4.388305 -1.402921 -0.302268 -0.000000 -0.000000 -0.000000 5.087118 -2.386692 2.632981 -0.759355 0.638257 1.006812 -2.960398 -1.645559 -3.968707 -0.000000 0.000000 -0.000000
-1.800061 0.957476 2.175664 1.838651 3.251219 -0.083513 0.215683 -0.283621 1.586601 0.024846 -5.951215 0.709106 0.024639 -0.130783 0.711628 0.073132 5.738372 0.536415 -0.796461 15.141107 -0.205425 -1.413135 -7.908300 -0.086025 -1.332376 10.082396 8.017739 -17.522177 -19.442688 71.724146 28.348017 52.830948 19.078951 1.511330 15.090690 -7.850390 1.385774 7.775977 -8.102786 14.321475 -15.329812 -72.999354 -43.460134 64.152598 -33.407784 -6.532961 12.662479 4.301617 -8.174668 -0.298259 -0.494249 -2.713227 -1.608560 -0.314555 4.405781 -1.410669 -0.295726 -0.000000 0.000000 -0.000000 5.137079 -2.407817 2.622927 -0.796095 0.638020 1.016218 -3.005190 -1.660368 -3.970639 0.000000 -0.000000 0.000000
-1.799979 0.957469 2.175954 1.868957 3.278622 -0.083050 0.234557 -0.289346 1.582730 0.033425 -5.953698 0.707393 0.033172 -0.133267 0.710787 0.079470 5.736519 0.535782 -0.798667 15.153794 -0.197660 -1.420091 -7.884644 -0.070800 -1.327932 10.097292 8.032359 -17.539851 -19.408972 71.777095 28.148454 52.962996 19.007183 1.515711 15.095894 -7.819158 1.381841 7.781758 -8.109747 14.258180 -15.370122 -72.951871 -43.352640 64.094843 -33.281357 -6.529070 12.666513 4.325253 -8.221115 -0.296669 -0.498562 -2.711727 -1.622915 -0.310352 4.419735 -1.419594 -0.289407 -0.000000 0.000000 0.000000 5.174451 -2.414882 2.611025 -0.832482 0.624674 1.025596 -3.035759 -1.669882 -3.971798 0.000000 0.000000 0.000000
-1.799873 0.957456 2.176278 1.896927 3.300967 -0.079191 0.251799 -0.293104 1.578672 0.041281 -5.955315 0.705595 0.040985 -0.134884 0.709786 0.085256 5.735316 0.535029 -0.805145 15.161798 -0.194105 -1.433489 -7.869699 -0.061806 -1.335860 10.112697 8.038536 -17.552741 -19.376669 71.823166 27.956287 53.128047 18.954988 1.523153 15.108453 -7.762660 1.389559 7.782290 -8.119436 14.238269 -15.420569 -72.910369 -43.287083 64.071429 -33.197513 -6.521140 12.669865 4.352167 -8.244819 -0.286097 -0.507508 -2.724112 -1.641633 -0.308376 4.426871 -1.431042 -0.283640 0.000000 0.000000 0.000000 5.188723 -2.399604 2.595338 -0.871370 0.586685 1.035861 -3.036959 -1.669530 -3.971905 0.000000 0.000000 -0.000000
-1.799752 0.957440 2.176624 1.923703 3.318696 -0.073359 0.267568 -0.295438 1.574485 0.048483 -5.956303 0.703737 0.048148 -0.135873 0.708659 0.090543 5.734584 0.534180 -0.814729 15.167933 -0.192540 -1.451962 -7.858220 -0.055357 -1.350333 10.127580 8.039708 -17.567744 -19.343791 71.864394 27.760267 53.318859 18.910570 1.532522 15.125306 -7.691033 1.403103 7.779472 -8.130641 14.239984 -15.476981 -72.868981 -43.225132 64.062478 -33.119519 -6.510384 12.672880 4.382428 -8.256851 -0.268432 -0.519793 -2.743707 -1.663026 -0.307059 4.430483 -1.443666 -0.278093 -0.000000 0.000000 0.000000 5.190388 -2.370270 2.577876 -0.909917 0.535600 1.046131 -3.023937 -1.663883 -3.971250 0.000000 0.000000 0.000000
-1.799637 0.957426 2.176971 1.949616 3.332106 -0.068061 0.280776 -0.296079 1.571149 0.054504 -5.956547 0.702255 0.054137 -0.136118 0.707788 0.094968 5.734408 0.533526 -0.823317 15.173081 -0.191412 -1.468414 -7.848584 -0.050090 -1.362463 10.141592 8.042459 -17.582764 -19.310768 71.897201 27.551797 53.504425 18.852308 1.542080 15.141401 -7.619455 1.413048 7.777703 -8.139645 14.237897 -15.528919 -72.828489 -43.101812 64.031992 -32.983176 -6.498032 12.673327 4.423562 -8.264632 -0.249938 -0.531673 -2.764784 -1.677958 -0.306461 4.431851 -1.457941 -0.272177 0.000000 0.000000 -0.000000 5.202305 -2.341427 2.562471 -0.953054 0.492560 1.054418 -3.015719 -1.661039 -3.970628 0.000000 -0.000000 0.000000
-1.799535 0.957414 2.177312 1.974683 3.340702 -0.064016 0.291617 -0.294721 1.568649 0.059429 -5.955910 0.701143 0.059035 -0.135481 0.707176 0.098594 5.734892 0.533066 -0.830431 15.177127 -0.188952 -1.482613 -7.840992 -0.042870 -1.369441 10.155156 8.049742 -17.592797 -19.275928 71.917477 27.327407 53.674461 18.773012 1.552516 15.155938 -7.548871 1.414255 7.778905 -8.144976 14.216569 -15.572273 -72.789730 -42.851006 63.953316 -32.725124 -6.485587 12.670037 4.489882 -8.263385 -0.233294 -0.542345 -2.786920 -1.680777 -0.306508 4.425587 -1.474689 -0.265914 -0.000000 0.000000 -0.000000 5.235270 -2.316809 2.551273 -1.002947 0.463603 1.058182 -3.021174 -1.663078 -3.969900 -0.000000 -0.000000 -0.000000
-1.799441 0.957403 2.177654 1.998887 3.344982 -0.060510 0.299898 -0.291672 1.567006 0.063172 -5.954529 0.700411 0.062758 -0.134100 0.706824 0.101358 5.735931 0.532803 -0.836551 15.180184 -0.186933 -1.494795 -7.835247 -0.036840 -1.374075 10.167844 8.058596 -17.602888 -19.240931 71.929340 27.090412 53.839143 18.679697 1.563108 15.169756 -7.478344 1.411865 7.781145 -8.148096 14.191458 -15.611103 -72.751800 -42.540986 63.852460 -32.410969 -6.471715 12.664067 4.567044 -8.257883 -0.215818 -0.552610 -2.810532 -1.677135 -0.307279 4.417080 -1.493086 -0.259278 0.000000 0.000000 -0.000000 5.278498 -2.292676 2.542144 -1.057421 0.442684 1.059945 -3.031434 -1.667920 -3.969203 0.000000 0.000000 0.000000
-1.799352 0.957392 2.177987 2.022503 3.346735 -0.057895 0.303955 -0.287592 1.567258 0.064950 -5.952701 0.700521 0.064527 -0.132273 0.707115 0.102705 5.737304 0.533024 -0.839016 15.183477 -0.189126 -1.498562 -7.829136 -0.040054 -1.375898 10.178023 8.066737 -17.626010 -19.211219 71.941551 26.842498 53.998057 18.572188 1.569855 15.180139 -7.420211 1.411871 7.783034 -8.149667 14.183496 -15.647194 -72.712837 -42.306386 63.773041 -32.168011 -6.453197 12.656638 4.619630 -8.269862 -0.195732 -0.561138 -2.831147 -1.674863 -0.309071 4.423778 -1.511139 -0.251624 0.000000 -0.000000 -0.000000 5.322488 -2.272359 2.532470 -1.114892 0.432821 1.065282 -3.038923 -1.677431 -3.969745 0.000000 0.000000 0.000000
-1.799269 0.957380 2.178313 2.047182 3.347910 -0.056169 0.300913 -0.284300 1.569701 0.063479 -5.951246 0.701607 0.063064 -0.130817 0.708051 0.101677 5.738393 0.533730 -0.835697 15.187719 -0.198049 -1.488991 -7.821379 -0.058029 -1.373715 10.185566 8.073368 -17.670248 -19.188631 71.958541 26.581266 54.156894 18.448756 1.569985 15.185500 -7.380345 1.418504 7.783217 -8.149981 14.210354 -15.681305 -72.674343 -42.182536 63.736423 -32.033131 -6.424550 12.644212 4.629692 -8.308353 -0.174117 -0.567398 -2.848909 -1.675069 -0.312100 4.453578 -1.529670 -0.242079 -0.000000 -0.000000 0.000000 5.364796 -2.259604 2.520721 -1.183389 0.437552 1.076720 -3.034724 -1.692941 -3.972144 0.000000 0.000000 0.000000
-1.799193 0.957369 2.178631 2.071274 3.346561 -0.055335 0.293648 -0.279979 1.574037 0.060042 -5.949344 0.703535 0.059646 -0.128915 0.709630 0.099233 5.739815 0.534920 -0.828728 15.192204 -0.211187 -1.471018 -7.813243 -0.085251 -1.368727 10.190604 8.079276 -17.727522 -19.171317 71.975866 26.308833 54.309899 18.310636 1.566160 15.187299 -7.352845 1.427533 7.783048 -8.148750 14.254379 -15.712702 -72.634849 -42.131938 63.721879 -31.967217 -6.391005 12.630542 4.615213 -8.364322 -0.149899 -0.571944 -2.863676 -1.676650 -0.316152 4.498583 -1.547867 -0.231538 0.000000 -0.000000 0.000000 5.407871 -2.250663 2.508414 -1.254871 0.453348 1.091718 -3.027752 -1.713121 -3.975788 0.000000 0.000000 -0.000000
-1.799124 0.957356 2.178929 2.090102 3.338636 -0.055748 0.289122 -0.269829 1.580415 0.057712 -5.944841 0.706370 0.057328 -0.124412 0.712229 0.097690 5.743188 0.536882 -0.821839 15.196027 -0.224754 -1.453039 -7.806332 -0.113237 -1.364056 10.191889 8.084546 -17.786554 -19.159195 71.988982 26.034080 54.439514 18.162581 1.562494 15.187349 -7.332395 1.432260 7.785202 -8.145768 14.283535 -15.740936 -72.588049 -42.177807 63.710516 -31.981403 -6.365296 12.627828 4.594699 -8.432412 -0.118074 -0.575085 -2.870544 -1.684122 -0.320886 4.552546 -1.561294 -0.222010 -0.000000 0.000000 0.000000 5.449550 -2.237618 2.497507 -1.303656 0.472613 1.108261 -3.037179 -1.735854 -3.980029 -0.000000 0.000000 -0.000000
-1.799065 0.957341 2.179195 2.106937 3.321183 -0.059005 0.286795 -0.250462 1.590447 0.056165 -5.936230 0.710829 0.055790 -0.115800 0.716530 0.096856 5.749642 0.540129 -0.816536 15.197832 -0.238348 -1.438030 -7.803155 -0.140659 -1.361172 10.185720 8.088373 -17.851765 -19.153672 71.998314 25.761110 54.541115 18.008441 1.560735 15.185751 -7.318210 1.427295 7.789704 -8.141061 14.285847 -15.763521 -72.527233 -42.356608 63.701996 -32.104528 -6.353536 12.646767 4.569239 -8.525391 -0.072707 -0.575003 -2.866345 -1.703909 -0.326364 4.621323 -1.565935 -0.213912 0.000000 -0.000000 0.000000 5.485109 -2.221525 2.488700 -1.311110 0.500651 1.129013 -3.080715 -1.764187 -3.985314 -0.000000 -0.000000 0.000000
-1.799014 0.957326 2.179440 2.118508 3.297155 -0.063514 0.287209 -0.225267 1.602524 0.055724 -5.925017 0.716196 0.055352 -0.104587 0.721853 0.096924 5.758048 0.544148 -0.811318 15.198977 -0.252375 -1.423024 -7.801199 -0.168852 -1.358601 10.175798 8.091557 -17.918752 -19.153356 72.003472 25.486673 54.619284 17.845283 1.559120 15.182343 -7.311066 1.418031 7.796524 -8.134596 14.273317 -15.782904 -72.459073 -42.631596 63.696161 -32.307299 -6.349756 12.676593 4.537704 -8.630487 -0.019724 -0.573633 -2.854247 -1.729594 -0.332500 4.699061 -1.565812 -0.206818 -0.000000 -0.000000 -0.000000 5.519275 -2.201341 2.481310 -1.295858 0.532115 1.151333 -3.140648 -1.795080 -3.991161 -0.000000 -0.000000 0.000000
-1.798964 0.957312 2.179688 2.110332 3.271353 -0.064835 0.298947 -0.199611 1.611967 0.060430 -5.913562 0.720390 0.060034 -0.093133 0.726525 0.100781 5.766641 0.547678 -0.805405 15.202641 -0.264257 -1.407507 -7.794545 -0.193316 -1.355056 10.171973 8.096600 -17.963008 -19.153974 71.998674 25.209194 54.670213 17.668517 1.556510 15.178576 -7.308005 1.413946 7.808255 -8.126081 14.249855 -15.806064 -72.397316 -42.915909 63.674577 -32.513536 -6.348524 12.697219 4.515292 -8.704048 0.028064 -0.576834 -2.838854 -1.746422 -0.338771 4.761951 -1.568538 -0.201463 -0.000000 0.000000 -0.000000 5.564063 -2.165994 2.475249 -1.288137 0.543454 1.165191 -3.183025 -1.817286 -3.995554 0.000000 0.000000 -0.000000
-1.798910 0.957301 2.179950 2.070854 3.243407 -0.061089 0.329405 -0.173803 1.617275 0.073641 -5.901979 0.722742 0.073175 -0.081552 0.730217 0.110908 5.775341 0.550472 -0.799673 15.211610 -0.272398 -1.393700 -7.778000 -0.210764 -1.349269 10.178678 8.106540 -17.969212 -19.154238 71.975802 24.919600 54.682910 17.468752 1.552244 15.174148 -7.311477 1.419637 7.827971 -8.112882 14.198374 -15.836064 -72.346346 -43.173510 63.626181 -32.688536 -6.349161 12.698301 4.505188 -8.717284 0.067673 -0.587517 -2.823051 -1.748816 -0.345336 4.795807 -1.576569 -0.198944 -0.000000 0.000000 -0.000000 5.634994 -2.103829 2.470722 -1.306808 0.517214 1.165564 -3.192137 -1.822971 -3.997783 0.000000 0.000000 -0.000000
-1.798858 0.957292 2.180215 2.011624 3.213693 -0.054120 0.371179 -0.147522 1.619957 0.091997 -5.890150 0.723920 0.091435 -0.069725 0.733259 0.124823 5.784231 0.552775 -0.793242 15.223096 -0.278385 -1.379381 -7.756763 -0.224465 -1.342504 10.191474 8.118349 -17.952700 -19.155397 71.942931 24.628264 54.668128 17.257039 1.546990 15.169315 -7.319027 1.430514 7.852594 -8.097625 14.135951 -15.869870 -72.301735 -43.439433 63.562114 -32.866050 -6.352225 12.690173 4.504247 -8.698999 0.102077 -0.602654 -2.803952 -1.742345 -0.352071 4.814814 -1.587438 -0.198162 0.000000 0.000000 0.000000 5.716530 -2.026493 2.467567 -1.333026 0.470874 1.157469 -3.183695 -1.819962 -3.998591 0.000000 0.000000 -0.000000
-1.798815 0.957284 2.180461 1.952804 3.188129 -0.045077 0.410656 -0.125192 1.619851 0.109471 -5.880087 0.723852 0.108819 -0.059666 0.734965 0.137981 5.791795 0.554070 -0.782698 15.231916 -0.284422 -1.357369 -7.740494 -0.239767 -1.337281 10.206905 8.125427 -17.934931 -19.157007 71.918565 24.362241 54.654854 17.058853 1.541589 15.166436 -7.320358 1.442254 7.875506 -8.087924 14.117741 -15.905325 -72.264118 -43.733422 63.497508 -33.072854 -6.354033 12.683811 4.518183 -8.691933 0.127369 -0.619141 -2.777506 -1.728970 -0.358052 4.837715 -1.601372 -0.196583 -0.000000 -0.000000 -0.000000 5.774091 -1.957873 2.465069 -1.340483 0.433319 1.145858 -3.170880 -1.820483 -3.998173 -0.000000 0.000000 -0.000000
-1.798789 0.957278 2.180683 1.896560 3.168544 -0.032685 0.444650 -0.107967 1.615652 0.124710 -5.872320 0.721959 0.123980 -0.051901 0.734619 0.149316 5.797637 0.553816 -0.764340 15.233640 -0.291274 -1.320479 -7.737446 -0.259442 -1.331851 10.228675 8.123687 -17.914250 -19.160472 71.913626 24.114711 54.650646 16.865382 1.535696 15.167063 -7.308945 1.455828 7.893518 -8.087991 14.191051 -15.945697 -72.232961 -44.113467 63.439440 -33.364780 -6.352961 12.685563 4.554075 -8.713946 0.138544 -0.638086 -2.738617 -1.703493 -0.362426 4.875486 -1.621027 -0.192903 -0.000000 0.000000 0.000000 5.788680 -1.904309 2.464168 -1.308174 0.413501 1.127782 -3.158368 -1.828860 -3.995504 0.000000 -0.000000 -0.000000
-1.798773 0.957273 2.180887 1.840723 3.153116 -0.018236 0.476348 -0.094693 1.608653 0.139070 -5.866321 0.718818 0.138266 -0.045906 0.732935 0.159895 5.802151 0.552552 -0.741866 15.232698 -0.298186 -1.275882 -7.739362 -0.280742 -1.327973 10.253090 8.117217 -17.892280 -19.164428 71.917181 23.892252 54.648211 16.685124 1.529643 15.169708 -7.291336 1.470254 7.909831 -8.093626 14.308603 -15.987756 -72.209016 -44.521267 63.380018 -33.686090 -6.350707 12.689154 4.604814 -8.747166 0.140570 -0.658376 -2.692381 -1.671110 -0.366058 4.917151 -1.643746 -0.188438 0.000000 -0.000000 0.000000 5.779300 -1.859477 2.463796 -1.257110 0.402476 1.106143 -3.141484 -1.840769 -3.991614 0.000000 0.000000 -0.000000
-1.798757 0.957269 2.181071 1.798958 3.142265 -0.006755 0.501699 -0.086341 1.602582 0.150583 -5.862531 0.716097 0.149720 -0.042119 0.731383 0.168362 5.805006 0.551385 -0.722960 15.237201 -0.305082 -1.237942 -7.731139 -0.300723 -1.333428 10.265604 8.111662 -17.895398 -19.164291 71.915008 23.741249 54.654820 16.568478 1.525273 15.172174 -7.276852 1.478276 7.927428 -8.099838 14.383645 -16.019513 -72.194741 -44.803107 63.313098 -33.896931 -6.348551 12.686602 4.654825 -8.780735 0.144506 -0.673618 -2.650029 -1.649377 -0.370592 4.948524 -1.661788 -0.184577 -0.000000 0.000000 -0.000000 5.768385 -1.828279 2.460240 -1.224016 0.402284 1.094651 -3.119380 -1.855456 -3.989781 0.000000 0.000000 -0.000000
-1.798729 0.957264 2.181238 1.777434 3.137054 -0.000194 0.518878 -0.084891 1.598724 0.158387 -5.861834 0.714374 0.157483 -0.041424 0.730452 0.174113 5.805537 0.550685 -0.709855 15.252355 -0.312321 -1.210688 -7.703107 -0.319258 -1.354701 10.255859 8.109329 -17.943208 -19.155873 71.898638 23.693962 54.681268 16.551990 1.523964 15.174236 -7.267328 1.475545 7.949228 -8.105189 14.374260 -16.032682 -72.191097 -44.874857 63.225602 -33.916445 -6.345405 12.669701 4.706044 -8.816137 0.154716 -0.681299 -2.610117 -1.646739 -0.377283 4.962835 -1.671465 -0.181653 -0.000000 -0.000000 -0.000000 5.765150 -1.815748 2.448687 -1.229446 0.418253 1.103790 -3.086669 -1.874583 -3.992523 0.000000 0.000000 -0.000000
-1.798702 0.957261 2.181385 1.769984 3.136408 0.003382 0.529713 -0.088368 1.595790 0.163346 -5.863347 0.713071 0.162416 -0.042938 0.729653 0.177753 5.804408 0.550082 -0.700312 15.272951 -0.319527 -1.190094 -7.664946 -0.336433 -1.385303 10.234210 8.107907 -18.016086 -19.143395 71.876496 23.718159 54.717227 16.599016 1.524335 15.176087 -7.260926 1.466413 7.972309 -8.111119 14.322319 -16.035484 -72.196937 -44.822797 63.131845 -33.827248 -6.342346 12.646632 4.756562 -8.851893 0.166875 -0.683932 -2.574089 -1.654749 -0.384866 4.966854 -1.676463 -0.179318 0.000000 0.000000 -0.000000 5.760393 -1.816850 2.434004 -1.252829 0.445066 1.123076 -3.048733 -1.896480 -3.997334 -0.000000 -0.000000 0.000000
-1.798698 0.957256 2.181507 1.771762 3.137530 0.004772 0.535634 -0.091804 1.593643 0.166086 -5.864857 0.712119 0.165141 -0.044449 0.728979 0.179747 5.803278 0.549574 -0.695305 15.291484 -0.325514 -1.178448 -7.630589 -0.349619 -1.413550 10.217183 8.106112 -18.081611 -19.134819 71.859789 23.763361 54.738401 16.650019 1.524097 15.176118 -7.261445 1.456674 7.990890 -8.116957 14.266725 -16.040633 -72.211413 -44.748533 63.067705 -33.734154 -6.343762 12.633914 4.785045 -8.872712 0.179042 -0.682678 -2.557513 -1.665624 -0.391185 4.966701 -1.680102 -0.177924 0.000000 0.000000 -0.000000 5.748917 -1.821383 2.427028 -1.269220 0.468759 1.134796 -3.020873 -1.915396 -3.999940 0.000000 -0.000000 0.000000
-1.798737 0.957250 2.181592 1.784972 3.139826 0.003184 0.535879 -0.093128 1.592653 0.166244 -5.865446 0.711678 0.165298 -0.045039 0.728554 0.179833 5.802836 0.549254 -0.696305 15.306967 -0.329568 -1.178761 -7.601860 -0.356932 -1.436702 10.211355 8.102440 -18.131132 -19.133463 71.856805 23.815080 54.733840 16.683334 1.522578 15.172865 -7.272602 1.448079 8.001555 -8.122552 14.219857 -16.055520 -72.236362 -44.687474 63.056214 -33.676866 -6.352633 12.642668 4.775779 -8.869334 0.192794 -0.675722 -2.572469 -1.681241 -0.395772 4.963572 -1.681403 -0.177483 0.000000 0.000000 0.000000 5.722874 -1.829426 2.435005 -1.266949 0.488591 1.129569 -3.009471 -1.930395 -3.997636 -0.000000 0.000000 -0.000000
-1.798801 0.957244 2.181652 1.807410 3.143892 -0.000590 0.531209 -0.094410 1.592449 0.164182 -5.866033 0.711589 0.163247 -0.045624 0.728255 0.178272 5.802395 0.549028 -0.701842 15.320386 -0.332413 -1.188013 -7.576941 -0.360283 -1.457498 10.210148 8.098395 -18.173325 -19.135959 71.859318 23.887699 54.714432 16.720581 1.520468 15.167792 -7.290676 1.438876 8.007720 -8.128055 14.169337 -16.072772 -72.269942 -44.603557 63.074290 -33.615121 -6.365938 12.661713 4.744456 -8.851012 0.206549 -0.664860 -2.606875 -1.699725 -0.399080 4.956271 -1.681344 -0.177984 0.000000 0.000000 -0.000000 5.690108 -1.840890 2.450694 -1.257704 0.505288 1.116795 -3.008149 -1.942419 -3.993112 0.000000 0.000000 0.000000
-1.798858 0.957238 2.181711 1.827620 3.148723 -0.003377 0.525341 -0.096893 1.591793 0.161612 -5.867157 0.711299 0.160690 -0.046748 0.727704 0.176313 5.801549 0.548612 -0.708491 15.327189 -0.335030 -1.199444 -7.564301 -0.362750 -1.472475 10.210352 8.097206 -18.201792 -19.140202 71.853847 23.973837 54.688674 16.766919 1.517515 15.163678 -7.308320 1.429605 8.013854 -8.133247 14.116929 -16.082957 -72.305809 -44.490056 63.088724 -33.532745 -6.378995 12.674117 4.716853 -8.830231 0.213635 -0.656679 -2.640061 -1.707666 -0.400332 4.947334 -1.686190 -0.179751 -0.000000 -0.000000 0.000000 5.668973 -1.845334 2.463194 -1.251589 0.507058 1.106949 -3.013073 -1.948539 -3.990176 -0.000000 -0.000000 0.000000
-1.798888 0.957233 2.181785 1.843166 3.154264 -0.003558 0.519264 -0.101902 1.590250 0.158997 -5.869407 0.710616 0.158088 -0.048997 0.726757 0.174292 5.799860 0.547896 -0.717366 15.323465 -0.338518 -1.214745 -7.571209 -0.365943 -1.480474 10.212116 8.100499 -18.212874 -19.144541 71.831062 24.080206 54.663616 16.830848 1.512992 15.160378 -7.324314 1.419330 8.023800 -8.137825 14.060174 -16.082977 -72.344842 -44.326885 63.084042 -33.410451 -6.390168 12.670588 4.702797 -8.809067 0.210035 -0.656010 -2.666979 -1.696445 -0.396836 4.935828 -1.700840 -0.183351 0.000000 -0.000000 -0.000000 5.674351 -1.837919 2.466071 -1.258141 0.486997 1.106124 -3.026888 -1.947121 -3.990605 -0.000000 -0.000000 0.000000
-1.798912 0.957229 2.181859 1.856483 3.160568 -0.002752 0.511989 -0.108112 1.588254 0.155874 -5.872195 0.709734 0.154981 -0.051785 0.725557 0.171873 5.797766 0.546989 -0.727353 15.313124 -0.341779 -1.232228 -7.590399 -0.368249 -1.482654 10.215291 8.106647 -18.210224 -19.150636 71.800291 24.199949 54.632138 16.903692 1.507615 15.158048 -7.339881 1.408986 8.033714 -8.142097 14.001529 -16.075956 -72.386187 -44.134356 63.075465 -33.267726 -6.401086 12.660441 4.692473 -8.785449 0.199776 -0.658039 -2.692675 -1.674678 -0.391291 4.922686 -1.720396 -0.188213 0.000000 -0.000000 -0.000000 5.691361 -1.823488 2.465759 -1.267817 0.452006 1.108218 -3.046947 -1.939801 -3.992627 -0.000000 0.000000 -0.000000
-1.798961 0.957228 2.181909 1.863420 3.166796 -0.002647 0.504265 -0.112782 1.585871 0.152564 -5.874301 0.708675 0.151688 -0.053889 0.724162 0.169298 5.796184 0.545936 -0.731680 15.303353 -0.342495 -1.240078 -7.608534 -0.367907 -1.479024 10.216217 8.113989 -18.198402 -19.161369 71.776027 24.305300 54.581567 16.964818 1.503300 15.159916 -7.351326 1.401922 8.036537 -8.146757 13.950140 -16.061768 -72.420923 -43.966373 63.076016 -33.146574 -6.411923 12.654667 4.682210 -8.765644 0.188261 -0.654898 -2.711617 -1.654799 -0.391022 4.913243 -1.736416 -0.192963 0.000000 0.000000 -0.000000 5.693719 -1.806136 2.470649 -1.262084 0.411006 1.105403 -3.061481 -1.928560 -3.994723 -0.000000 0.000000 0.000000
-1.799052 0.957231 2.181921 1.861171 3.171646 -0.004262 0.495568 -0.113535 1.582970 0.148832 -5.874670 0.707378 0.147976 -0.054258 0.722486 0.166386 5.795904 0.544672 -0.725804 15.296800 -0.338591 -1.230570 -7.620698 -0.362749 -1.467059 10.213235 8.121859 -18.175003 -19.180890 71.766878 24.388243 54.532273 17.007814 1.501709 15.172085 -7.358834 1.399775 8.026825 -8.152975 13.902429 -16.036916 -72.443866 -43.832080 63.090177 -33.051633 -6.423143 12.659146 4.672814 -8.748881 0.176990 -0.641541 -2.723750 -1.639490 -0.401604 4.909954 -1.745949 -0.196988 0.000000 0.000000 -0.000000 5.665855 -1.783109 2.486050 -1.227281 0.361043 1.092540 -3.066003 -1.911285 -3.996113 0.000000 0.000000 0.000000
-1.799168 0.957237 2.181909 1.852540 3.176419 -0.006581 0.486423 -0.112749 1.579681 0.144914 -5.874358 0.705905 0.144078 -0.053944 0.720616 0.163319 5.796136 0.543262 -0.714270 15.290817 -0.332144 -1.211430 -7.631806 -0.354948 -1.449285 10.208002 8.130924 -18.142434 -19.205044 71.764230 24.456760 54.463986 17.039017 1.501201 15.188441 -7.362195 1.400908 8.010018 -8.159570 13.861994 -16.004864 -72.460243 -43.722032 63.113650 -32.978016 -6.434271 12.668001 4.663480 -8.735936 0.164459 -0.623007 -2.729136 -1.626072 -0.417465 4.910363 -1.751945 -0.200904 -0.000000 -0.000000 0.000000 5.623353 -1.757142 2.506627 -1.177043 0.305086 1.074754 -3.064999 -1.890088 -3.997574 0.000000 -0.000000 0.000000
-1.799291 0.957243 2.181890 1.841795 3.184174 -0.008237 0.479156 -0.114813 1.576457 0.141836 -5.875304 0.704466 0.141017 -0.054890 0.718864 0.160890 5.795424 0.541940 -0.703930 15.284648 -0.327068 -1.194012 -7.643265 -0.349265 -1.433292 10.201834 8.141526 -18.112475 -19.224268 71.756761 24.506802 54.303148 17.056607 1.498720 15.193875 -7.357147 1.403764 7.995382 -8.163711 13.848739 -15.975915 -72.476707 -43.662100 63.146586 -32.953257 -6.444077 12.674587 4.648111 -8.735392 0.151565 -0.606536 -2.722428 -1.618941 -0.429210 4.912438 -1.754822 -0.205181 0.000000 -0.000000 0.000000 5.586656 -1.740584 2.524818 -1.133790 0.260926 1.059639 -3.060154 -1.873286 -3.999920 -0.000000 0.000000 -0.000000
-1.799408 0.957250 2.181874 1.830732 3.198096 -0.008009 0.473689 -0.123395 1.573582 0.139564 -5.879142 0.703194 0.138756 -0.058727 0.717361 0.159083 5.792544 0.540805 -0.695831 15.279052 -0.326928 -1.178943 -7.653685 -0.351980 -1.421589 10.193470 8.154655 -18.087602 -19.233146 71.735809 24.524127 53.991054 17.051035 1.493105 15.179063 -7.334631 1.409595 7.984641 -8.164212 13.886810 -15.953526 -72.500457 -43.680970 63.200358 -33.009948 -6.451679 12.675544 4.619559 -8.758938 0.137383 -0.596387 -2.694406 -1.621440 -0.431640 4.916391 -1.753803 -0.210081 -0.000000 0.000000 0.000000 5.558887 -1.740543 2.536714 -1.103416 0.236689 1.050174 -3.049975 -1.864488 -4.003277 -0.000000 -0.000000 -0.000000
-1.799531 0.957258 2.181853 1.817555 3.215001 -0.007121 0.470100 -0.134826 1.570775 0.138132 -5.884239 0.701957 0.137331 -0.063824 0.715979 0.157914 5.788720 0.539760 -0.688926 15.273269 -0.328158 -1.165593 -7.664457 -0.356811 -1.411672 10.184174 8.169324 -18.065336 -19.237084 71.710047 24.523205 53.586436 17.032056 1.485220 15.153277 -7.303899 1.417148 7.976074 -8.162264 13.952039 -15.934217 -72.524217 -43.750455 63.263693 -33.115949 -6.457973 12.674218 4.584966 -8.794882 0.122846 -0.588277 -2.654282 -1.630220 -0.429953 4.922010 -1.749663 -0.215340 0.000000 0.000000 0.000000 5.536912 -1.749927 2.546255 -1.080049 0.224238 1.043402 -3.035955 -1.860085 -4.007517 -0.000000 0.000000 0.000000
-1.799676 0.957265 2.181821 1.801138 3.228400 -0.007877 0.470956 -0.142487 1.567643 0.138679 -5.887646 0.700570 0.137873 -0.067231 0.714647 0.158222 5.786167 0.538755 -0.686930 15.264265 -0.323974 -1.163448 -7.681157 -0.349672 -1.403595 10.179043 8.182911 -18.050031 -19.242755 71.694156 24.542230 53.191863 17.025953 1.475313 15.129352 -7.288085 1.421103 7.973783 -8.158622 13.991853 -15.917927 -72.532940 -43.810731 63.302850 -33.201294 -6.464402 12.674021 4.559673 -8.816737 0.111638 -0.576660 -2.624345 -1.639641 -0.430346 4.926629 -1.745145 -0.220645 -0.000000 0.000000 -0.000000 5.531775 -1.759805 2.557672 -1.068468 0.216962 1.038029 -3.024264 -1.857566 -4.013077 0.000000 0.000000 -0.000000
-1.799860 0.957270 2.181772 1.778536 3.236349 -0.012661 0.479010 -0.142898 1.564329 0.142408 -5.887806 0.699092 0.141584 -0.067392 0.713548 0.160921 5.786050 0.537927 -0.692477 15.247956 -0.310284 -1.178973 -7.711327 -0.321895 -1.396665 10.181379 8.195932 -18.046800 -19.254296 71.696082 24.586196 52.809726 17.033851 1.461642 15.109553 -7.302657 1.418080 7.981898 -8.152114 13.974405 -15.903365 -72.516123 -43.838393 63.293111 -33.233803 -6.472321 12.677110 4.550113 -8.811425 0.104861 -0.556307 -2.615272 -1.648623 -0.436727 4.930878 -1.740319 -0.225650 -0.000000 0.000000 0.000000 5.558012 -1.768301 2.574842 -1.076868 0.212900 1.032654 -3.019048 -1.856023 -4.020344 0.000000 0.000000 -0.000000
-1.800065 0.957275 2.181712 1.752694 3.240788 -0.019087 0.491508 -0.139539 1.560683 0.148116 -5.886277 0.697461 0.147262 -0.065864 0.712497 0.165097 5.787203 0.537136 -0.702940 15.228433 -0.291177 -1.205731 -7.747401 -0.282127 -1.391566 10.187875 8.207869 -18.050541 -19.267579 71.707879 24.649388 52.437621 17.053855 1.446370 15.091732 -7.332066 1.411468 7.996290 -8.143914 13.931571 -15.891814 -72.484300 -43.856518 63.259230 -33.245317 -6.480364 12.681332 4.549854 -8.792024 0.101405 -0.532470 -2.616382 -1.658253 -0.445186 4.934128 -1.735116 -0.230700 -0.000000 0.000000 0.000000 5.601084 -1.777306 2.593868 -1.097058 0.214004 1.028675 -3.016160 -1.856366 -4.028932 -0.000000 0.000000 -0.000000
-1.800254 0.957280 2.181658 1.731318 3.241060 -0.022292 0.502754 -0.136223 1.555870 0.153320 -5.884773 0.695309 0.152439 -0.064362 0.710873 0.168854 5.788337 0.535913 -0.714146 15.214922 -0.272153 -1.233839 -7.772296 -0.242269 -1.390425 10.193716 8.214548 -18.050291 -19.276880 71.720377 24.752719 52.170883 17.106490 1.435689 15.082095 -7.352719 1.406100 8.008680 -8.138295 13.906348 -15.887131 -72.454039 -43.874477 63.241732 -33.261414 -6.485892 12.683630 4.554941 -8.771286 0.101636 -0.515345 -2.617926 -1.666142 -0.450189 4.931822 -1.732065 -0.236519 0.000000 0.000000 0.000000 5.628423 -1.783518 2.607317 -1.109247 0.219542 1.028996 -3.009326 -1.858808 -4.038120 0.000000 -0.000000 0.000000
-1.800402 0.957284 2.181623 1.717167 3.235920 -0.018231 0.510953 -0.134241 1.548153 0.157306 -5.883878 0.691860 0.156404 -0.063468 0.707828 0.171593 5.789014 0.533620 -0.724522 15.211641 -0.254171 -1.259971 -7.778193 -0.204741 -1.395583 10.197383 8.211849 -18.041817 -19.277726 71.733670 24.917096 52.065948 17.208397 1.432729 15.085146 -7.354039 1.404241 8.015463 -8.138400 13.923977 -15.892965 -72.429253 -43.922045 63.264342 -33.317111 -6.486780 12.682224 4.567634 -8.750326 0.108377 -0.512692 -2.616289 -1.674454 -0.447789 4.919049 -1.731464 -0.243504 -0.000000 -0.000000 -0.000000 5.622973 -1.784064 2.608950 -1.102772 0.229925 1.036535 -2.994147 -1.864290 -4.047877 0.000000 0.000000 -0.000000
-1.800534 0.957288 2.181593 1.707481 3.226616 -0.010946 0.517902 -0.132300 1.539272 0.160788 -5.883007 0.687891 0.159868 -0.062598 0.704213 0.173914 5.789672 0.530895 -0.735635 15.214369 -0.236277 -1.287423 -7.772914 -0.167153 -1.404704 10.200398 8.203890 -18.029353 -19.274597 71.747666 25.122295 52.066085 17.343712 1.434235 15.096294 -7.346489 1.403621 8.020241 -8.141085 13.959194 -15.905716 -72.406045 -43.969620 63.303316 -33.377558 -6.485156 12.678881 4.585667 -8.728030 0.118808 -0.516744 -2.615091 -1.681025 -0.441937 4.900723 -1.733020 -0.251260 -0.000000 0.000000 -0.000000 5.601792 -1.781813 2.605006 -1.088294 0.244750 1.048372 -2.975020 -1.871866 -4.058236 -0.000000 0.000000 0.000000
-1.800681 0.957291 2.181550 1.701698 3.216230 -0.007696 0.523283 -0.130333 1.533616 0.163428 -5.882124 0.685362 0.162495 -0.061715 0.701952 0.175709 5.790337 0.529191 -0.748020 15.219670 -0.221107 -1.316218 -7.762863 -0.134210 -1.412901 10.202506 8.198851 -18.014631 -19.275198 71.752908 25.327135 52.096952 17.483818 1.436599 15.108062 -7.338045 1.402253 8.025529 -8.141198 13.979227 -15.918371 -72.389279 -43.937066 63.328041 -33.363144 -6.484769 12.675864 4.598297 -8.713798 0.124829 -0.514420 -2.615437 -1.676969 -0.438947 4.887036 -1.738379 -0.259310 -0.000000 0.000000 0.000000 5.583488 -1.782048 2.606784 -1.078011 0.262070 1.058661 -2.958861 -1.878924 -4.068572 -0.000000 0.000000 -0.000000
-1.800853 0.957292 2.181482 1.699862 3.205932 -0.012261 0.527135 -0.128294 1.533008 0.165161 -5.881206 0.685088 0.164219 -0.060798 0.701854 0.176994 5.791027 0.529118 -0.762936 15.227110 -0.209068 -1.348564 -7.748841 -0.106200 -1.419082 10.202065 8.200392 -17.994031 -19.282437 71.741293 25.527612 52.147586 17.629938 1.439926 15.119438 -7.328304 1.398944 8.030983 -8.136150 13.970016 -15.927531 -72.383784 -43.764415 63.320755 -33.215406 -6.487084 12.673827 4.600603 -8.712204 0.121860 -0.499964 -2.620327 -1.656220 -0.440864 4.885039 -1.748789 -0.267824 0.000000 0.000000 0.000000 5.568043 -1.788751 2.619539 -1.072753 0.284943 1.065433 -2.945319 -1.886021 -4.078458 -0.000000 0.000000 -0.000000
-1.801041 0.957293 2.181400 1.701930 3.194550 -0.020864 0.529419 -0.126230 1.535624 0.166052 -5.880277 0.686254 0.165105 -0.059869 0.703110 0.177754 5.791725 0.530066 -0.779123 15.237121 -0.199754 -1.382247 -7.730055 -0.082843 -1.424341 10.200717 8.204853 -17.971165 -19.293389 71.720918 25.728498 52.228889 17.781630 1.444127 15.131430 -7.317675 1.394887 8.036947 -8.128529 13.945625 -15.936570 -72.384718 -43.511839 63.298812 -32.993053 -6.490635 12.672127 4.597502 -8.718680 0.114478 -0.479137 -2.626771 -1.624845 -0.445650 4.887682 -1.762998 -0.276629 -0.000000 -0.000000 0.000000 5.555466 -1.797931 2.638020 -1.071693 0.310307 1.070655 -2.934745 -1.892602 -4.088321 0.000000 0.000000 0.000000
-1.801242 0.957295 2.181317 1.707215 3.181656 -0.029433 0.529700 -0.124208 1.540371 0.165956 -5.879369 0.688371 0.165010 -0.058961 0.705218 0.177843 5.792404 0.531655 -0.793331 15.247556 -0.194582 -1.410677 -7.710526 -0.067977 -1.427066 10.203130 8.209427 -17.958619 -19.307020 71.706628 25.900151 52.299706 17.906138 1.445227 15.139640 -7.315388 1.391675 8.046969 -8.120943 13.915465 -15.948597 -72.382419 -43.278596 63.284653 -32.791453 -6.494785 12.671080 4.593005 -8.728900 0.108318 -0.456136 -2.626885 -1.592144 -0.453476 4.883998 -1.778894 -0.284732 0.000000 0.000000 -0.000000 5.564402 -1.802904 2.657780 -1.084533 0.327021 1.074381 -2.935107 -1.894382 -4.098811 0.000000 0.000000 -0.000000
-1.801452 0.957301 2.181244 1.715589 3.166639 -0.036229 0.527701 -0.122515 1.547467 0.164742 -5.878612 0.691538 0.163803 -0.058204 0.708262 0.177170 5.792970 0.533950 -0.805225 15.256878 -0.195902 -1.432364 -7.693146 -0.066105 -1.426253 10.213130 8.212832 -17.966113 -19.324960 71.706074 26.032884 52.346362 17.990048 1.440755 15.141848 -7.328430 1.389388 8.064609 -8.115104 13.875718 -15.966219 -72.374343 -43.082783 63.288986 -32.629993 -6.499127 12.670979 4.589286 -8.746628 0.105894 -0.432407 -2.612877 -1.561105 -0.465746 4.870555 -1.796036 -0.290993 -0.000000 0.000000 -0.000000 5.609852 -1.798328 2.676857 -1.119628 0.326241 1.076123 -2.952870 -1.887778 -4.109973 0.000000 -0.000000 -0.000000
-1.801676 0.957309 2.181171 1.727178 3.150110 -0.042993 0.523696 -0.120865 1.556692 0.162541 -5.877876 0.695656 0.161613 -0.057467 0.712156 0.175826 5.793518 0.536886 -0.815144 15.266620 -0.201363 -1.448811 -7.675041 -0.072718 -1.422907 10.226892 8.216354 -17.983934 -19.345592 71.711617 26.135787 52.382840 18.046216 1.433131 15.140315 -7.349834 1.387942 8.086305 -8.109299 13.830200 -15.986834 -72.363017 -42.905816 63.301353 -32.488839 -6.504071 12.671534 4.584177 -8.768102 0.104694 -0.406510 -2.592548 -1.528726 -0.481037 4.850784 -1.814868 -0.296545 0.000000 -0.000000 0.000000 5.676821 -1.789590 2.697244 -1.168619 0.316798 1.076364 -2.981572 -1.876384 -4.121766 -0.000000 0.000000 0.000000
-1.801927 0.957316 2.181078 1.741675 3.133467 -0.050876 0.518082 -0.118458 1.566298 0.159605 -5.876810 0.699943 0.158693 -0.056400 0.716145 0.173940 5.794313 0.539893 -0.820847 15.279249 -0.205324 -1.457917 -7.651589 -0.078127 -1.418429 10.237610 8.221039 -17.995524 -19.363019 71.715152 26.206679 52.409623 18.080573 1.425685 15.137364 -7.367900 1.388682 8.104931 -8.100991 13.799779 -16.005719 -72.346415 -42.791424 63.313072 -32.403971 -6.510213 12.672174 4.575184 -8.777703 0.102797 -0.378303 -2.581394 -1.495325 -0.495268 4.824017 -1.834619 -0.303809 -0.000000 0.000000 0.000000 5.738953 -1.786105 2.720406 -1.216142 0.314068 1.076619 -3.009790 -1.866690 -4.134710 -0.000000 -0.000000 0.000000
-1.802209 0.957323 2.180959 1.760349 3.117853 -0.060887 0.510298 -0.116252 1.575986 0.155702 -5.875839 0.704266 0.154810 -0.055428 0.720071 0.171328 5.795036 0.542852 -0.819698 15.300726 -0.205620 -1.455523 -7.611716 -0.079329 -1.412961 10.241048 8.227813 -17.993135 -19.373021 71.712802 26.233487 52.420661 18.086269 1.419062 15.132010 -7.379922 1.393123 8.116325 -8.088219 13.798861 -16.019593 -72.323938 -42.773647 63.326252 -32.407422 -6.518418 12.673236 4.558136 -8.764127 0.099147 -0.346395 -2.590086 -1.460989 -0.507925 4.788047 -1.854928 -0.313473 -0.000000 0.000000 -0.000000 5.789045 -1.791686 2.747506 -1.258426 0.322510 1.077300 -3.035464 -1.860788 -4.149159 -0.000000 -0.000000 0.000000
-1.802517 0.957330 2.180821 1.781931 3.102129 -0.072017 0.500904 -0.113288 1.586054 0.151063 -5.874537 0.708757 0.150195 -0.054125 0.724092 0.168174 5.796006 0.545883 -0.814332 15.325093 -0.204408 -1.445793 -7.566489 -0.079308 -1.406359 10.241441 8.235749 -17.984512 -19.379811 71.708436 26.228121 52.422068 18.069955 1.412630 15.125219 -7.388606 1.399752 8.124647 -8.072943 13.813037 -16.031732 -72.296203 -42.818637 63.338938 -32.467275 -6.527827 12.674387 4.537202 -8.738684 0.094761 -0.312167 -2.607956 -1.425642 -0.519523 4.745086 -1.876167 -0.324842 -0.000000 0.000000 -0.000000 5.834287 -1.802528 2.777351 -1.299250 0.337662 1.077993 -3.060652 -1.856586 -4.164755 0.000000 0.000000 -0.000000
-1.802846 0.957336 2.180664 1.802302 3.084265 -0.082395 0.491978 -0.105902 1.595654 0.146639 -5.871269 0.713032 0.145795 -0.050856 0.727918 0.165163 5.798450 0.548768 -0.810422 15.336944 -0.202534 -1.439108 -7.544490 -0.077378 -1.399581 10.244694 8.243116 -17.976334 -19.390148 71.705560 26.224432 52.432521 18.057869 1.407804 15.122221 -7.390369 1.405379 8.135248 -8.058515 13.819957 -16.047243 -72.263021 -42.868279 63.336418 -32.523561 -6.536442 12.674046 4.522388 -8.719680 0.090846 -0.279632 -2.618492 -1.389366 -0.527536 4.701102 -1.898668 -0.338259 0.000000 0.000000 -0.000000 5.869909 -1.816592 2.807834 -1.334587 0.361525 1.078980 -3.080100 -1.854288 -4.180946 -0.000000 0.000000 -0.000000
-1.803194 0.957341 2.180487 1.820209 3.063580 -0.091318 0.484296 -0.091661 1.604894 0.142762 -5.864952 0.717135 0.141939 -0.044538 0.731627 0.162548 5.803183 0.551567 -0.809575 15.326569 -0.200950 -1.438179 -7.563747 -0.074628 -1.394409 10.253040 8.248984 -17.970044 -19.408962 71.705911 26.234611 52.462205 18.059487 1.405919 15.127064 -7.379576 1.409362 8.150162 -8.046729 13.810932 -16.068376 -72.222570 -42.909453 63.309384 -32.560624 -6.542750 12.670683 4.520289 -8.711383 0.087008 -0.251198 -2.618487 -1.350495 -0.529423 4.658872 -1.923650 -0.354155 -0.000000 0.000000 0.000000 5.891975 -1.833261 2.839087 -1.361376 0.395123 1.078743 -3.091596 -1.854306 -4.196972 0.000000 0.000000 0.000000
-1.803562 0.957344 2.180291 1.836904 3.040755 -0.099489 0.477086 -0.072997 1.613668 0.139099 -5.856668 0.721024 0.138297 -0.036253 0.735144 0.160077 5.809390 0.554222 -0.810177 15.303676 -0.198707 -1.440281 -7.606233 -0.069981 -1.389059 10.264247 8.254283 -17.964197 -19.431326 71.707748 26.246468 52.500933 18.065341 1.405658 15.135698 -7.361857 1.412347 8.167355 -8.035793 13.794669 -16.092875 -72.176661 -42.955024 63.267141 -32.593898 -6.548254 12.665816 4.524306 -8.709526 0.083665 -0.224460 -2.611146 -1.310689 -0.527716 4.615630 -1.949904 -0.372098 -0.000000 0.000000 0.000000 5.904410 -1.853126 2.870974 -1.382689 0.437436 1.078800 -3.097350 -1.856222 -4.213590 -0.000000 0.000000 0.000000
