HIERARCHY
ROOT Hips
{
 OFFSET 0.000000 0.000000 0.000000
 CHANNELS 6 Xposition Yposition Zposition Yrotation Xrotation Zrotation
 JOINT Chest
 {
  OFFSET 0.000000 0.108577 -0.012064
  CHANNELS 3 Yrotation Xrotation Zrotation
  JOINT Chest2
  {
   OFFSET 0.000000 0.114566 0.000000
   CHANNELS 3 Yrotation Xrotation Zrotation
   JOINT Chest3
   {
    OFFSET 0.000000 0.104586 0.000080
    CHANNELS 3 Yrotation Xrotation Zrotation
    JOINT Chest4
    {
     OFFSET 0.000000 0.104469 0.000080
     CHANNELS 3 Yrotation Xrotation Zrotation
     JOINT Neck
     {
      OFFSET 0.000000 0.145826 0.000000
      CHANNELS 3 Yrotation Xrotation Zrotation
      JOINT Head
      {
       OFFSET 0.000000 0.094497 0.000047
       CHANNELS 3 Yrotation Xrotation Zrotation
       End Site
       {
        OFFSET 0.000000 0.173326 0.000036
       }
      }
     }
     JOINT RightCollar
     {
      OFFSET -0.031213 0.081695 0.000000
      CHANNELS 3 Yrotation Xrotation Zrotation
      JOINT RightShoulder
      {
       OFFSET -0.143577 0.000000 0.000000
       CHANNELS 3 Yrotation Xrotation Zrotation
       JOINT RightElbow
       {
        OFFSET -0.272032 0.000000 0.000000
        CHANNELS 3 Yrotation Xrotation Zrotation
        JOINT RightWrist
        {
         OFFSET -0.263092 0.000000 0.000091
         CHANNELS 3 Yrotation Xrotation Zrotation
         End Site
         {
          OFFSET -0.190430 0.000000 0.000000
         }
        }
       }
      }
     }
     JOINT LeftCollar
     {
      OFFSET 0.031213 0.081695 0.000000
      CHANNELS 3 Yrotation Xrotation Zrotation
      JOINT LeftShoulder
      {
       OFFSET 0.143577 0.000000 0.000000
       CHANNELS 3 Yrotation Xrotation Zrotation
       JOINT LeftElbow
       {
        OFFSET 0.272032 0.000000 0.000000
        CHANNELS 3 Yrotation Xrotation Zrotation
        JOINT LeftWrist
        {
         OFFSET 0.263092 0.000000 0.000091
         CHANNELS 3 Yrotation Xrotation Zrotation
         End Site
         {
          OFFSET 0.190430 0.000000 0.000000
         }
        }
       }
      }
     }
    }
   }
  }
 }
 JOINT RightHip
 {
  OFFSET -0.088949 -0.000184 0.000020
  CHANNELS 3 Yrotation Xrotation Zrotation
  JOINT RightKnee
  {
   OFFSET 0.000000 -0.415103 -0.000022
   CHANNELS 3 Yrotation Xrotation Zrotation
   JOINT RightAnkle
   {
    OFFSET 0.000000 -0.448133 -0.000277
    CHANNELS 3 Yrotation Xrotation Zrotation
    JOINT RightToe
    {
     OFFSET 0.000000 -0.076810 0.182379
     CHANNELS 3 Yrotation Xrotation Zrotation
     End Site
     {
      OFFSET 0.000000 -0.017923 0.081176
     }
    }
   }
  }
 }
 JOINT LeftHip
 {
  OFFSET 0.088949 -0.000208 0.000023
  CHANNELS 3 Yrotation Xrotation Zrotation
  JOINT LeftKnee
  {
   OFFSET 0.000000 -0.415103 -0.000022
   CHANNELS 3 Yrotation Xrotation Zrotation
   JOINT LeftAnkle
   {
    OFFSET 0.000000 -0.448133 -0.000277
    CHANNELS 3 Yrotation Xrotation Zrotation
    JOINT LeftToe
    {
     OFFSET 0.000000 -0.076810 0.182379
     CHANNELS 3 Yrotation Xrotation Zrotation
     End Site
     {
      OFFSET 0.000000 -0.017923 0.081176
     }
    }
   }
  }
 }
}
MOTION
Frames: 385
Frame Time: 0.016667
-0.649136 0.957933 -1.249656 2.551164 2.186116 -0.981211 0.448367 -0.564786 1.535807 0.131404 -6.075458 0.686970 0.130595 -0.255041 0.700310 0.151870 5.645308 0.527852 -2.759618 13.446282 0.439379 -5.396021 -10.986226 1.937075 -0.637979 9.765388 8.343073 -13.342196 -18.968747 74.855400 18.716584 56.387078 13.770100 0.446300 15.455382 -6.575166 1.324577 7.169867 -7.886700 5.193711 -16.564500 -75.873966 -29.316069 60.650523 -20.503952 -6.331867 13.029249 5.363848 -7.434835 2.729037 1.119859 -0.131920 -2.483131 -0.011036 5.667147 -1.766712 -2.516116 0.000000 0.000000 -0.000000 7.329660 0.833463 3.218406 0.057451 0.673042 1.007349 0.379377 -3.813188 -4.275881 0.000000 -0.000000 0.000000
-0.648882 0.957959 -1.249619 2.556200 2.254412 -0.973042 0.443327 -0.592693 1.531208 0.129455 -6.087884 0.684950 0.128655 -0.267467 0.698092 0.150257 5.635987 0.526173 -2.748786 13.449997 0.437402 -5.374590 -10.979903 1.928826 -0.622548 9.761905 8.316570 -13.275084 -18.970993 74.823391 19.092486 56.295694 14.023552 0.446452 15.464256 -6.571839 1.299098 7.196257 -7.866644 5.114833 -16.527359 -75.879602 -29.671968 60.992418 -20.896722 -6.403458 13.025355 5.159668 -7.475977 2.667971 1.099866 -0.111623 -2.494031 -0.008284 5.682641 -1.760585 -2.499084 0.000000 -0.000000 -0.000000 7.575347 0.779262 3.194013 -0.141038 0.630285 1.001987 0.329277 -3.802782 -4.264750 -0.000000 0.000000 -0.000000
-0.648627 0.957980 -1.249549 2.559770 2.317774 -0.964388 0.443502 -0.617812 1.528966 0.129711 -6.099050 0.683985 0.128906 -0.278633 0.697153 0.150386 5.627613 0.525460 -2.738152 13.452316 0.427597 -5.350458 -10.976554 1.905928 -0.609138 9.757518 8.290069 -13.236208 -18.983510 74.783466 19.498994 56.211847 14.301162 0.445071 15.470062 -6.580715 1.295120 7.214907 -7.852681 5.052771 -16.497937 -75.880264 -30.032071 61.330822 -21.297700 -6.471593 13.016902 4.970656 -7.518104 2.612918 1.077825 -0.092156 -2.502893 -0.004093 5.701654 -1.759713 -2.483153 0.000000 -0.000000 -0.000000 7.853680 0.739772 3.171660 -0.362406 0.570388 0.994158 0.271712 -3.786729 -4.254036 -0.000000 0.000000 0.000000
-0.648386 0.957998 -1.249462 2.565735 2.376733 -0.957136 0.446762 -0.643929 1.527206 0.131318 -6.110650 0.683241 0.130502 -0.290233 0.696572 0.151550 5.618915 0.525018 -2.724909 13.461989 0.418739 -5.321468 -10.959614 1.883414 -0.599003 9.758418 8.268101 -13.197027 -18.998298 74.742728 19.879578 56.121547 14.548582 0.443653 15.472679 -6.607030 1.288835 7.236375 -7.835608 5.013164 -16.476436 -75.895322 -30.271864 61.617291 -21.590188 -6.518275 13.007402 4.831351 -7.548767 2.561072 1.060267 -0.078217 -2.506900 -0.003854 5.712211 -1.762291 -2.468747 -0.000000 0.000000 0.000000 8.077417 0.705374 3.150260 -0.547035 0.516066 0.988156 0.230294 -3.773084 -4.244435 -0.000000 -0.000000 -0.000000
-0.648163 0.958012 -1.249374 2.574173 2.432703 -0.952655 0.453845 -0.672367 1.525896 0.134612 -6.123268 0.682707 0.133774 -0.302852 0.696373 0.154003 5.609455 0.524863 -2.708390 13.479149 0.413475 -5.287407 -10.928736 1.866018 -0.592484 9.771227 8.254349 -13.141519 -19.013751 74.699330 20.227198 56.011962 14.750678 0.443615 15.471297 -6.660895 1.271425 7.266483 -7.809501 5.008789 -16.468549 -75.943497 -30.321107 61.833497 -21.710172 -6.530293 12.997409 4.767010 -7.561275 2.507700 1.051708 -0.070535 -2.501394 -0.011735 5.707793 -1.768819 -2.456244 0.000000 0.000000 -0.000000 8.206372 0.673455 3.130180 -0.667492 0.471499 0.984880 0.217732 -3.762873 -4.235617 -0.000000 0.000000 0.000000
-0.647953 0.958022 -1.249270 2.585001 2.484269 -0.949570 0.464012 -0.701804 1.525049 0.139258 -6.136319 0.682388 0.138390 -0.315903 0.696525 0.157492 5.599671 0.524974 -2.689257 13.503664 0.409187 -5.248500 -10.884262 1.849074 -0.589239 9.789321 8.245145 -13.085697 -19.031445 74.655095 20.548803 55.896571 14.922414 0.443486 15.466897 -6.732246 1.251714 7.299403 -7.780280 5.026862 -16.468524 -76.006063 -30.240895 61.998862 -21.712598 -6.519595 12.986594 4.752111 -7.562325 2.457549 1.047540 -0.068378 -2.491025 -0.023565 5.694917 -1.778787 -2.445262 -0.000000 -0.000000 -0.000000 8.280730 0.646475 3.111441 -0.751210 0.432477 0.983388 0.221313 -3.755088 -4.227892 -0.000000 -0.000000 0.000000
-0.647754 0.958032 -1.249122 2.601844 2.527717 -0.945644 0.472912 -0.732056 1.522868 0.143402 -6.149738 0.681473 0.142507 -0.329324 0.696031 0.160556 5.589610 0.524598 -2.666698 13.543889 0.406785 -5.203247 -10.810675 1.833581 -0.589495 9.799019 8.233984 -13.049081 -19.048204 74.622682 20.809738 55.801564 15.055571 0.440472 15.461917 -6.796042 1.232355 7.328231 -7.756517 5.034657 -16.459501 -76.046208 -30.100741 62.122144 -21.656435 -6.505842 12.977251 4.744965 -7.559547 2.422041 1.040596 -0.074248 -2.486943 -0.032233 5.681165 -1.788880 -2.435092 0.000000 0.000000 -0.000000 8.333812 0.622380 3.092484 -0.820866 0.409118 0.985144 0.226513 -3.754734 -4.222898 -0.000000 0.000000 -0.000000
-0.647562 0.958047 -1.248909 2.628484 2.561911 -0.939099 0.478281 -0.764624 1.518145 0.146095 -6.164202 0.679420 0.145181 -0.343789 0.694252 0.162440 5.578766 0.523252 -2.641676 13.603473 0.406963 -5.153604 -10.701129 1.821082 -0.595553 9.790837 8.217763 -13.050331 -19.060233 74.610278 20.998019 55.746620 15.150050 0.431849 15.455730 -6.847418 1.213467 7.349453 -7.742701 5.006310 -16.428802 -76.044602 -29.896845 62.184758 -21.533398 -6.495049 12.969790 4.730915 -7.554743 2.408096 1.026420 -0.092010 -2.497309 -0.033613 5.668759 -1.796652 -2.425113 0.000000 -0.000000 -0.000000 8.377410 0.599768 3.071229 -0.885642 0.406908 0.991917 0.227028 -3.763919 -4.222384 -0.000000 -0.000000 -0.000000
-0.647381 0.958063 -1.248653 2.661140 2.587983 -0.931708 0.482386 -0.798004 1.512085 0.148287 -6.179034 0.676769 0.147357 -0.358621 0.691823 0.163901 5.567645 0.521417 -2.613196 13.678757 0.409121 -5.097631 -10.562485 1.810254 -0.605097 9.774265 8.199559 -13.070795 -19.071378 74.609709 21.127306 55.712515 15.207953 0.420369 15.448839 -6.891228 1.194918 7.366590 -7.734357 4.967718 -16.389131 -76.020612 -29.633383 62.204915 -21.352238 -6.481155 12.963804 4.724648 -7.546117 2.408805 1.009471 -0.117803 -2.513957 -0.031824 5.655480 -1.804551 -2.415946 0.000000 0.000000 0.000000 8.399737 0.580025 3.049834 -0.936343 0.420357 1.001905 0.229161 -3.780534 -4.224605 -0.000000 0.000000 -0.000000
-0.647219 0.958071 -1.248390 2.692094 2.605624 -0.926567 0.487663 -0.827513 1.506519 0.150965 -6.192140 0.674336 0.150016 -0.371728 0.689662 0.165743 5.557819 0.519784 -2.577510 13.767123 0.412239 -5.027995 -10.399787 1.797857 -0.611433 9.764082 8.182137 -13.074035 -19.089968 74.609159 21.201610 55.667120 15.224611 0.411480 15.445240 -6.916979 1.178986 7.383296 -7.726618 4.963739 -16.361815 -75.995358 -29.392577 62.246988 -21.198130 -6.465857 12.960446 4.728529 -7.535894 2.414842 0.995975 -0.142527 -2.523564 -0.032129 5.642249 -1.816606 -2.408748 0.000000 -0.000000 -0.000000 8.398755 0.565293 3.033026 -0.968078 0.443127 1.011212 0.237293 -3.803257 -4.225972 0.000000 -0.000000 0.000000
-0.647087 0.958067 -1.248139 2.716670 2.613039 -0.925391 0.495961 -0.851371 1.501573 0.154940 -6.202725 0.672177 0.153965 -0.382314 0.687907 0.168581 5.549885 0.518459 -2.528650 13.874906 0.416685 -4.933385 -10.201495 1.782002 -0.611935 9.766604 8.166092 -13.041992 -19.121136 74.607565 21.203665 55.593817 15.183324 0.408650 15.448296 -6.912874 1.164629 7.400303 -7.718116 5.026486 -16.357555 -75.976368 -29.222491 62.349729 -21.120449 -6.449020 12.961109 4.747804 -7.524278 2.422767 0.989362 -0.162745 -2.518691 -0.037436 5.630766 -1.835205 -2.404496 -0.000000 -0.000000 -0.000000 8.364269 0.556852 3.023261 -0.970874 0.475988 1.018566 0.255821 -3.833370 -4.224948 0.000000 0.000000 -0.000000
-0.646975 0.958056 -1.247882 2.739540 2.612028 -0.926479 0.505428 -0.871360 1.497133 0.159400 -6.211586 0.670242 0.158397 -0.391176 0.686424 0.171800 5.543244 0.517341 -2.472528 13.995758 0.422238 -4.825158 -9.979155 1.764970 -0.609231 9.775515 8.150854 -12.992734 -19.159776 74.605978 21.151075 55.509398 15.101105 0.408441 15.454561 -6.890691 1.152891 7.416879 -7.710210 5.123805 -16.365723 -75.956040 -29.074454 62.474901 -21.068827 -6.430780 12.964305 4.777254 -7.511057 2.436009 0.986214 -0.181893 -2.506778 -0.044836 5.619326 -1.857961 -2.402212 0.000000 0.000000 0.000000 8.306471 0.553397 3.018112 -0.954703 0.518160 1.025219 0.280351 -3.869590 -4.223086 0.000000 -0.000000 -0.000000
-0.646867 0.958041 -1.247603 2.767001 2.607675 -0.927810 0.512943 -0.888147 1.494677 0.162896 -6.219026 0.669184 0.161870 -0.398617 0.685721 0.174359 5.537667 0.516811 -2.423269 14.108063 0.426865 -4.729974 -9.772421 1.749463 -0.604529 9.786644 8.137467 -12.943980 -19.198820 74.595786 21.099540 55.431807 15.023153 0.405928 15.457843 -6.875311 1.149181 7.434472 -7.702096 5.204121 -16.375652 -75.932737 -28.884295 62.571617 -20.977565 -6.413265 12.966904 4.803524 -7.497834 2.455536 0.982480 -0.201171 -2.496816 -0.050867 5.603741 -1.881735 -2.400122 0.000000 -0.000000 0.000000 8.253902 0.553200 3.014968 -0.944596 0.560975 1.031069 0.302077 -3.906753 -4.221424 0.000000 -0.000000 -0.000000
-0.646756 0.958022 -1.247293 2.801657 2.598378 -0.928563 0.517114 -0.900176 1.495197 0.164763 -6.224358 0.669444 0.163725 -0.403949 0.686171 0.175791 5.533670 0.517148 -2.385739 14.206070 0.428937 -4.656546 -9.591856 1.734499 -0.597796 9.799237 8.126385 -12.894267 -19.238597 74.568571 21.066283 55.363240 14.964233 0.398525 15.454846 -6.875128 1.159480 7.454522 -7.693361 5.240379 -16.386397 -75.903743 -28.614593 62.611889 -20.811266 -6.397613 12.968204 4.823627 -7.483954 2.486302 0.975858 -0.220764 -2.493560 -0.053896 5.580435 -1.905540 -2.397478 -0.000000 -0.000000 0.000000 8.219217 0.558539 3.013278 -0.950412 0.602650 1.035986 0.315968 -3.944000 -4.220045 -0.000000 -0.000000 0.000000
-0.646649 0.957998 -1.246962 2.840903 2.585739 -0.929566 0.519331 -0.909005 1.497705 0.165666 -6.228271 0.670584 0.164621 -0.407863 0.687402 0.176562 5.530735 0.518075 -2.355136 14.295550 0.429956 -4.596152 -9.426880 1.720723 -0.589073 9.814045 8.117161 -12.845007 -19.278703 74.532713 21.033983 55.301484 14.909525 0.388790 15.448891 -6.881752 1.177809 7.475583 -7.684386 5.259646 -16.398883 -75.871820 -28.303349 62.623291 -20.606134 -6.382704 12.968939 4.840559 -7.470073 2.523358 0.968678 -0.240486 -2.492254 -0.055556 5.552983 -1.930360 -2.395021 0.000000 -0.000000 -0.000000 8.189761 0.567141 3.013586 -0.962296 0.644969 1.040110 0.327055 -3.982189 -4.218861 0.000000 -0.000000 -0.000000
-0.646554 0.957980 -1.246627 2.883229 2.579642 -0.931256 0.520645 -0.919966 1.500698 0.166153 -6.233133 0.671942 0.165103 -0.412725 0.688810 0.177038 5.527088 0.519134 -2.331122 14.372177 0.432468 -4.549244 -9.285439 1.712925 -0.579667 9.829158 8.109464 -12.818253 -19.310993 74.504867 21.006177 55.257899 14.859500 0.379492 15.443726 -6.894893 1.191623 7.494775 -7.675569 5.291547 -16.405212 -75.843529 -27.998892 62.638209 -20.403345 -6.367257 12.968220 4.849924 -7.459762 2.552827 0.963816 -0.260988 -2.487625 -0.057280 5.527924 -1.956014 -2.393202 -0.000000 0.000000 -0.000000 8.156107 0.570440 3.014938 -0.975712 0.684617 1.043755 0.341627 -4.018734 -4.218648 -0.000000 0.000000 -0.000000
-0.646478 0.957969 -1.246292 2.929336 2.584101 -0.934919 0.521090 -0.935931 1.504380 0.166239 -6.240221 0.673615 0.165187 -0.419813 0.690492 0.177239 5.521772 0.520398 -2.315162 14.434284 0.438028 -4.519197 -9.170515 1.714613 -0.569488 9.845443 8.102840 -12.828569 -19.331317 74.492724 20.991700 55.241008 14.817480 0.371219 15.440650 -6.921413 1.195058 7.511638 -7.666595 5.348170 -16.400772 -75.824351 -27.699727 62.662777 -20.200127 -6.349920 12.963492 4.851722 -7.455529 2.568152 0.963655 -0.283244 -2.474854 -0.059623 5.508242 -1.983730 -2.392283 -0.000000 0.000000 -0.000000 8.109809 0.563489 3.018071 -0.988799 0.723282 1.047189 0.365587 -4.054178 -4.219792 -0.000000 -0.000000 0.000000
-0.646413 0.957963 -1.245953 2.978523 2.595104 -0.939250 0.520631 -0.954028 1.508538 0.165911 -6.248259 0.675502 0.164858 -0.427851 0.692345 0.177144 5.515742 0.521791 -2.305806 14.483531 0.444999 -4.502574 -9.079151 1.722052 -0.558627 9.862029 8.097746 -12.861436 -19.343870 74.488664 20.981712 55.242267 14.780159 0.363377 15.438348 -6.954452 1.193975 7.526633 -7.657801 5.417425 -16.390157 -75.808749 -27.407030 62.690847 -19.998845 -6.332004 12.957387 4.845946 -7.454865 2.575881 0.965781 -0.306279 -2.458760 -0.062024 5.490954 -2.012281 -2.392008 -0.000000 0.000000 0.000000 8.059311 0.551239 3.022264 -1.003422 0.759276 1.050135 0.393035 -4.087975 -4.221919 0.000000 0.000000 0.000000
-0.646356 0.957960 -1.245614 3.027173 2.610499 -0.940792 0.520216 -0.970971 1.511045 0.165670 -6.255786 0.676650 0.164617 -0.435378 0.693468 0.177058 5.510096 0.522634 -2.298326 14.520579 0.451154 -4.489591 -9.010397 1.729194 -0.548677 9.874395 8.095200 -12.895315 -19.353068 74.486403 20.953267 55.247421 14.738092 0.356988 15.436649 -6.973142 1.193431 7.538268 -7.650572 5.492670 -16.379306 -75.786758 -27.172222 62.736894 -19.847356 -6.316177 12.956845 4.828216 -7.453812 2.581794 0.965846 -0.327815 -2.448520 -0.064247 5.473638 -2.037796 -2.392053 0.000000 -0.000000 0.000000 8.020524 0.539968 3.024364 -1.020631 0.784224 1.052096 0.412558 -4.115911 -4.224654 0.000000 -0.000000 0.000000
-0.646306 0.957957 -1.245276 3.074183 2.629727 -0.938931 0.520177 -0.986015 1.511143 0.165694 -6.262472 0.676717 0.164639 -0.442064 0.693539 0.177087 5.505081 0.522684 -2.291804 14.545916 0.456430 -4.478479 -8.963382 1.735544 -0.540327 9.880340 8.095906 -12.923760 -19.360648 74.484231 20.892036 55.250160 14.684614 0.352656 15.435050 -6.965685 1.195360 7.546100 -7.645963 5.578596 -16.370715 -75.751423 -27.036038 62.819826 -19.785288 -6.303604 12.967531 4.791009 -7.450564 2.588574 0.963146 -0.347293 -2.448562 -0.065948 5.454748 -2.058399 -2.392869 -0.000000 -0.000000 -0.000000 8.009659 0.531763 3.023922 -1.046983 0.793731 1.053420 0.415302 -4.135980 -4.228172 0.000000 -0.000000 -0.000000
-0.646263 0.957957 -1.244939 3.120660 2.653338 -0.934270 0.520185 -0.999900 1.509594 0.165808 -6.268646 0.676047 0.164750 -0.448238 0.692880 0.177126 5.500452 0.522185 -2.287167 14.559057 0.460844 -4.471008 -8.938972 1.741510 -0.532891 9.882056 8.099138 -12.953218 -19.364878 74.483868 20.812351 55.256740 14.626402 0.349801 15.434071 -6.943875 1.197829 7.550577 -7.642929 5.670520 -16.361966 -75.709710 -26.957980 62.921189 -19.773159 -6.293093 12.983902 4.741893 -7.446932 2.593543 0.958381 -0.365275 -2.454459 -0.067479 5.435831 -2.075966 -2.394007 -0.000000 -0.000000 -0.000000 8.010505 0.524536 3.021372 -1.075923 0.792190 1.053777 0.410119 -4.150188 -4.232278 0.000000 -0.000000 -0.000000
-0.646216 0.957960 -1.244606 3.166309 2.680841 -0.925176 0.520206 -1.011563 1.506561 0.165984 -6.273834 0.674710 0.164923 -0.453426 0.691561 0.177160 5.496561 0.521189 -2.282455 14.559205 0.462301 -4.462715 -8.938809 1.742438 -0.525884 9.881602 8.103765 -12.981489 -19.364970 74.484177 20.734235 55.271770 14.573998 0.347679 15.435072 -6.922222 1.200091 7.551535 -7.639709 5.747746 -16.351595 -75.672573 -26.867259 62.999461 -19.739961 -6.283770 12.996021 4.699114 -7.444389 2.594448 0.949315 -0.381154 -2.462103 -0.069643 5.419104 -2.092253 -2.393793 -0.000000 0.000000 -0.000000 7.990343 0.518294 3.014895 -1.088826 0.784401 1.051656 0.412155 -4.160338 -4.236041 0.000000 -0.000000 0.000000
-0.646164 0.957963 -1.244275 3.211184 2.711796 -0.910484 0.520255 -1.020955 1.501429 0.166256 -6.278017 0.672431 0.165193 -0.457609 0.689309 0.177192 5.493426 0.519491 -2.277024 14.544380 0.460303 -4.452272 -8.966611 1.737228 -0.520389 9.878603 8.107805 -13.009728 -19.356991 74.490443 20.658760 55.300430 14.524542 0.346287 15.439382 -6.904792 1.201753 7.548409 -7.635525 5.802414 -16.336537 -75.642825 -26.733284 63.039262 -19.656234 -6.277103 12.998433 4.672796 -7.443069 2.591261 0.934797 -0.393903 -2.470612 -0.073110 5.403766 -2.108142 -2.391073 0.000000 -0.000000 0.000000 7.938430 0.515712 3.003075 -1.080773 0.767951 1.047426 0.427294 -4.165604 -4.240003 0.000000 0.000000 -0.000000
-0.646109 0.957969 -1.243947 3.255240 2.746633 -0.891350 0.520315 -1.028121 1.494819 0.166589 -6.281212 0.669487 0.165524 -0.460804 0.686399 0.177219 5.491030 0.517298 -2.271525 14.516570 0.455309 -4.441003 -9.018643 1.726903 -0.515323 9.873433 8.113230 -13.036778 -19.344876 74.497395 20.584729 55.337530 14.480768 0.345630 15.445671 -6.887524 1.203210 7.541764 -7.631165 5.842394 -16.319785 -75.617669 -26.586843 63.055751 -19.551867 -6.271637 12.996504 4.652761 -7.442845 2.584020 0.915968 -0.404551 -2.480866 -0.077217 5.390617 -2.122753 -2.387005 -0.000000 -0.000000 -0.000000 7.865501 0.514078 2.987375 -1.056681 0.745257 1.040699 0.449650 -4.166811 -4.243622 -0.000000 0.000000 0.000000
-0.646047 0.957984 -1.243634 3.298034 2.786158 -0.869619 0.520307 -1.032137 1.488744 0.166860 -6.283007 0.666778 0.165793 -0.462599 0.683717 0.177216 5.489686 0.515276 -2.265934 14.480930 0.446660 -4.428421 -9.085366 1.709995 -0.506955 9.869278 8.124847 -13.056988 -19.339631 74.488062 20.528875 55.372202 14.461717 0.344969 15.451294 -6.872738 1.204900 7.533134 -7.627217 5.870588 -16.308891 -75.599659 -26.448837 63.053135 -19.444624 -6.262072 12.996495 4.626821 -7.444800 2.570566 0.894026 -0.415583 -2.491403 -0.080765 5.384276 -2.135192 -2.383392 0.000000 0.000000 -0.000000 7.771065 0.505311 2.970333 -1.012683 0.728365 1.028819 0.476714 -4.168246 -4.244350 0.000000 -0.000000 0.000000
-0.645940 0.958002 -1.243346 3.339100 2.831319 -0.845485 0.520070 -1.032802 1.484863 0.166925 -6.283310 0.665043 0.165857 -0.462902 0.681989 0.177131 5.489459 0.513974 -2.260257 14.437867 0.432215 -4.413694 -9.166111 1.682462 -0.492572 9.869905 8.144711 -13.060577 -19.350069 74.445522 20.500468 55.393108 14.484121 0.343810 15.455175 -6.862125 1.211616 7.521892 -7.624775 5.883339 -16.306191 -75.594670 -26.302110 63.031519 -19.318710 -6.245880 13.001708 4.589572 -7.465640 2.549264 0.858968 -0.408368 -2.501949 -0.070044 5.383136 -2.144314 -2.386524 -0.000000 0.000000 -0.000000 7.656590 0.486979 2.949951 -0.947987 0.722073 1.008524 0.507871 -4.183684 -4.221480 0.000000 0.000000 -0.000000
-0.645826 0.958030 -1.243073 3.378917 2.881166 -0.818746 0.519762 -1.030320 1.481524 0.166925 -6.282213 0.663545 0.165857 -0.461806 0.680491 0.177014 5.490282 0.512846 -2.254481 14.386986 0.414096 -4.397610 -9.261522 1.648288 -0.474865 9.871530 8.170761 -13.057373 -19.367332 74.386683 20.490487 55.411668 14.531463 0.342643 15.458381 -6.853991 1.218569 7.508671 -7.622757 5.884299 -16.309313 -75.596848 -26.164434 62.990715 -19.190630 -6.225541 13.008879 4.546472 -7.488658 2.521740 0.820814 -0.401535 -2.512791 -0.058770 5.388803 -2.151265 -2.390115 0.000000 -0.000000 0.000000 7.520621 0.461439 2.928336 -0.863392 0.721591 0.983064 0.543731 -4.199370 -4.195732 -0.000000 0.000000 0.000000
-0.645819 0.958089 -1.242796 3.418450 2.933659 -0.790647 0.519777 -1.024377 1.475777 0.167162 -6.279581 0.660966 0.166094 -0.459174 0.677937 0.176991 5.492257 0.510923 -2.248555 14.332231 0.398051 -4.382144 -9.364033 1.618081 -0.458209 9.866002 8.201619 -13.071144 -19.375984 74.345368 20.488204 55.451155 14.572876 0.342213 15.461475 -6.845574 1.211824 7.496885 -7.618453 5.887350 -16.318766 -75.591180 -26.108699 62.934775 -19.126198 -6.203264 13.014418 4.501638 -7.464807 2.490764 0.810700 -0.453470 -2.523263 -0.086843 5.410726 -2.158605 -2.377117 -0.000000 0.000000 -0.000000 7.358295 0.427806 2.914220 -0.757423 0.724612 0.959559 0.583641 -4.178252 -4.226673 0.000000 -0.000000 -0.000000
-0.646047 0.958234 -1.242480 3.457581 2.989795 -0.759039 0.521175 -1.017359 1.462203 0.168348 -6.276480 0.654890 0.167275 -0.456072 0.671980 0.177413 5.494587 0.506437 -2.242139 14.275484 0.387479 -4.367915 -9.470030 1.598028 -0.443841 9.853807 8.245033 -13.113263 -19.369104 74.340026 20.484077 55.524587 14.591327 0.342095 15.463700 -6.839096 1.188080 7.488659 -7.606956 5.914567 -16.338376 -75.569660 -26.153119 62.865918 -19.150025 -6.180926 13.016004 4.461830 -7.371629 2.485179 0.867816 -0.608588 -2.588724 -0.209500 5.468122 -2.133537 -2.339077 0.000000 0.000000 -0.000000 7.172392 0.398068 2.911825 -0.629353 0.692078 0.938280 0.609671 -4.026347 -4.318611 -0.000000 -0.000000 0.000000
-0.646381 0.958411 -1.242160 3.496440 3.048572 -0.726065 0.522876 -1.006869 1.446226 0.169763 -6.271839 0.647733 0.168683 -0.451432 0.664967 0.177922 5.498072 0.501156 -2.235599 14.214854 0.378965 -4.354362 -9.583151 1.581935 -0.430501 9.834435 8.293238 -13.172321 -19.353672 74.352280 20.487317 55.618928 14.603529 0.342715 15.465815 -6.832337 1.150661 7.481868 -7.593100 5.943926 -16.364323 -75.540357 -26.278475 62.781985 -19.236563 -6.156664 13.015899 4.420268 -7.231501 2.475927 0.952784 -0.822346 -2.654290 -0.371246 5.541821 -2.108979 -2.284424 -0.000000 0.000000 -0.000000 6.960152 0.360221 2.917090 -0.479872 0.663144 0.918972 0.639236 -3.837588 -4.467156 -0.000000 -0.000000 0.000000
-0.646547 0.958481 -1.241916 3.536347 3.104960 -0.699416 0.522071 -0.985436 1.441167 0.169561 -6.262324 0.645436 0.168486 -0.441917 0.662649 0.177585 5.505209 0.499414 -2.229925 14.148634 0.368044 -4.341668 -9.706715 1.561853 -0.418850 9.798273 8.321566 -13.237937 -19.335150 74.360766 20.515389 55.718375 14.629289 0.346103 15.470679 -6.815875 1.095562 7.473537 -7.588735 5.923138 -16.385628 -75.512232 -26.500734 62.680516 -19.375432 -6.127157 13.017337 4.360683 -7.062844 2.379274 0.978416 -1.020393 -2.553075 -0.446556 5.583495 -2.185972 -2.221648 0.000000 0.000000 -0.000000 6.708422 0.277454 2.926530 -0.309788 0.752814 0.908065 0.725243 -3.856535 -4.718820 0.000000 -0.000000 -0.000000
-0.646378 0.958384 -1.241864 3.580004 3.165500 -0.689024 0.518352 -0.953115 1.458144 0.167079 -6.247943 0.652966 0.166022 -0.427536 0.669928 0.176284 5.515989 0.504902 -2.226593 14.076508 0.352268 -4.331662 -9.841354 1.533759 -0.411327 9.737284 8.306846 -13.312469 -19.308317 74.367521 20.578509 55.825644 14.672302 0.354912 15.481325 -6.775864 1.008819 7.469590 -7.598753 5.819777 -16.396295 -75.499645 -26.797965 62.552283 -19.523972 -6.088591 13.020317 4.274055 -6.897247 2.143974 0.894451 -1.168682 -2.214771 -0.354089 5.615464 -2.368141 -2.159273 0.000000 0.000000 -0.000000 6.394721 0.114734 2.945338 -0.105830 1.019821 0.910282 0.903444 -4.178674 -5.140896 0.000000 -0.000000 -0.000000
-0.646042 0.958180 -1.241889 3.624679 3.223669 -0.684954 0.512199 -0.909881 1.486067 0.163005 -6.228702 0.665368 0.161977 -0.408294 0.681916 0.174156 5.530411 0.513940 -2.224060 13.998802 0.334094 -4.322378 -9.986417 1.501652 -0.405509 9.659580 8.272212 -13.393576 -19.278385 74.370535 20.666819 55.938021 14.729166 0.366547 15.494752 -6.726155 0.904364 7.463952 -7.618035 5.666131 -16.402470 -75.487737 -27.188981 62.406454 -19.720758 -6.045181 13.024595 4.169155 -6.702618 1.822066 0.749809 -1.299299 -1.709222 -0.175086 5.615594 -2.651886 -2.089380 -0.000000 -0.000000 0.000000 6.041473 -0.092708 2.969472 0.118528 1.405464 0.921053 1.142088 -4.706925 -5.668732 -0.000000 -0.000000 0.000000
-0.645762 0.957911 -1.241723 3.663556 3.254823 -0.665131 0.502088 -0.848137 1.504959 0.157504 -6.201262 0.673697 0.156515 -0.380852 0.689687 0.170629 5.550983 0.519803 -2.218785 13.914768 0.316422 -4.308298 -10.143296 1.469633 -0.394766 9.579762 8.262451 -13.463976 -19.266551 74.342423 20.767972 56.031578 14.809318 0.375080 15.504750 -6.698877 0.820043 7.435724 -7.643494 5.507119 -16.411090 -75.441730 -27.749993 62.267110 -20.076242 -6.005666 13.032968 4.056385 -6.402070 1.485253 0.605447 -1.438417 -1.079203 -0.027411 5.468535 -3.127387 -1.994879 -0.000000 -0.000000 0.000000 5.703029 -0.276559 2.980795 0.322250 1.848513 0.932638 1.393078 -5.397677 -6.150772 -0.000000 -0.000000 0.000000
-0.645604 0.957544 -1.241374 3.691359 3.252664 -0.612469 0.489466 -0.761657 1.503442 0.151698 -6.162870 0.672862 0.150753 -0.342458 0.688263 0.166156 5.579773 0.518744 -2.208549 13.819728 0.301177 -4.286128 -10.320669 1.440631 -0.369479 9.501847 8.299454 -13.505952 -19.290261 74.256694 20.899614 56.084036 14.936523 0.379439 15.509321 -6.708879 0.775479 7.365906 -7.676635 5.341764 -16.420318 -75.336072 -28.546230 62.143140 -20.662500 -5.974823 13.047604 3.935930 -5.905860 1.119741 0.471102 -1.616944 -0.277902 0.049904 5.073402 -3.883326 -1.850716 0.000000 0.000000 0.000000 5.370506 -0.444279 2.964473 0.521033 2.389130 0.938147 1.642978 -6.328130 -6.544562 -0.000000 -0.000000 -0.000000
-0.645501 0.957113 -1.240834 3.713321 3.223466 -0.544114 0.472702 -0.656667 1.492858 0.144393 -6.116279 0.667945 0.143503 -0.295865 0.682603 0.160232 5.614712 0.514496 -2.195586 13.718351 0.286453 -4.259174 -10.509869 1.411728 -0.339124 9.421797 8.361302 -13.537395 -19.332225 74.139926 21.044193 56.117597 15.087130 0.380620 15.510417 -6.741310 0.751076 7.273598 -7.716081 5.171279 -16.431425 -75.196430 -29.508155 62.020277 -21.402126 -5.948278 13.065846 3.807411 -5.302994 0.740934 0.334676 -1.804577 0.647737 0.101301 4.529639 -4.830862 -1.674556 -0.000000 0.000000 -0.000000 5.053080 -0.589008 2.934420 0.699058 2.987118 0.943804 1.907448 -7.421650 -6.895048 -0.000000 -0.000000 0.000000
-0.645478 0.956753 -1.239819 3.738390 3.161432 -0.489380 0.445669 -0.544227 1.487285 0.132285 -6.066402 0.665250 0.131475 -0.245985 0.678679 0.150855 5.652111 0.511555 -2.183078 13.623900 0.269443 -4.231889 -10.686280 1.378352 -0.325743 9.342124 8.427241 -13.594445 -19.361730 74.044441 21.136515 56.175255 15.199431 0.375772 15.507703 -6.783740 0.725873 7.195149 -7.754495 5.043943 -16.455975 -75.065173 -30.510846 61.888133 -22.183213 -5.920648 13.083425 3.680577 -4.786142 0.462600 0.227881 -1.938371 1.514516 0.131687 4.022682 -5.793978 -1.516004 -0.000000 0.000000 -0.000000 4.831957 -0.620655 2.913663 0.768298 3.460609 0.960900 2.177364 -8.405289 -7.178259 0.000000 0.000000 0.000000
-0.645537 0.956541 -1.238195 3.763820 3.050149 -0.465709 0.406746 -0.422051 1.495608 0.114247 -6.012215 0.668754 0.113549 -0.191794 0.680352 0.137481 5.692733 0.512835 -2.174033 13.539936 0.248767 -4.209279 -10.843243 1.338956 -0.341734 9.266585 8.494970 -13.675733 -19.379625 73.988251 21.119851 56.276115 15.223654 0.359029 15.496787 -6.847938 0.697586 7.149065 -7.794155 4.995700 -16.510471 -74.951981 -31.549672 61.752375 -23.013295 -5.889258 13.099421 3.563663 -4.394644 0.328662 0.172404 -2.005634 2.283857 0.134680 3.603413 -6.748847 -1.388009 0.000000 0.000000 -0.000000 4.770393 -0.478747 2.909844 0.652687 3.720965 1.002534 2.463500 -9.178920 -7.368492 0.000000 0.000000 -0.000000
-0.645675 0.956400 -1.236095 3.792365 2.906051 -0.455719 0.357671 -0.292409 1.508769 0.091453 -5.954737 0.674424 0.090889 -0.134313 0.683708 0.120681 5.735817 0.515387 -2.165438 13.462868 0.225914 -4.186362 -10.987463 1.295301 -0.374707 9.191533 8.567139 -13.782518 -19.385261 73.953348 21.049884 56.401196 15.208172 0.336486 15.481838 -6.922084 0.668442 7.116796 -7.832813 4.990540 -16.578639 -74.847384 -32.627353 61.604928 -23.883516 -5.856550 13.114725 3.448495 -4.090453 0.293181 0.150978 -2.020738 2.994666 0.114707 3.221059 -7.719263 -1.279684 -0.000000 -0.000000 0.000000 4.804904 -0.223256 2.915130 0.428812 3.856868 1.056198 2.751333 -9.843213 -7.488787 0.000000 -0.000000 -0.000000
-0.645910 0.956245 -1.233628 3.841202 2.772593 -0.436529 0.297429 -0.173227 1.514003 0.064074 -5.901958 0.676586 0.063664 -0.081529 0.683091 0.100158 5.775375 0.514945 -2.151476 13.395239 0.202340 -4.152638 -11.114347 1.247706 -0.409662 9.108337 8.630482 -13.954889 -19.345774 73.937871 21.030832 56.536666 15.239392 0.323042 15.475575 -6.958426 0.624309 7.079101 -7.856158 4.968702 -16.623093 -74.764906 -33.629990 61.420520 -24.657532 -5.824656 13.127886 3.320321 -3.950903 0.333783 0.138734 -1.961353 3.579873 0.087902 2.910603 -8.601037 -1.211664 -0.000000 -0.000000 0.000000 4.826235 0.055665 2.928439 0.237563 3.952170 1.094505 2.991927 -10.426519 -7.586176 0.000000 0.000000 0.000000
-0.646236 0.956069 -1.230794 3.923495 2.654760 -0.394052 0.222840 -0.067704 1.503763 0.031056 -5.855312 0.671877 0.030824 -0.034881 0.675029 0.074861 5.810329 0.508890 -2.131848 13.341002 0.176151 -4.106656 -11.216626 1.192318 -0.441697 9.015364 8.678362 -14.217047 -19.249048 73.956927 21.070298 56.673987 15.318939 0.325434 15.487061 -6.923728 0.550435 7.028265 -7.850314 4.918016 -16.616145 -74.725150 -34.495288 61.190452 -25.255278 -5.792057 13.135405 3.173622 -4.081241 0.474054 0.120660 -1.777022 3.981031 0.055696 2.712771 -9.345417 -1.205600 0.000000 0.000000 -0.000000 4.794842 0.346305 2.946203 0.137752 4.021583 1.104676 3.152659 -10.936129 -7.680727 -0.000000 0.000000 0.000000
-0.646658 0.955880 -1.227592 4.026003 2.547480 -0.342499 0.137031 0.027297 1.485635 -0.006557 -5.813383 0.663687 -0.006592 0.007049 0.663021 0.045836 5.841744 0.499862 -2.106910 13.296198 0.149164 -4.049942 -11.301557 1.132864 -0.475829 8.914208 8.717449 -14.544373 -19.106929 73.993988 21.161375 56.821897 15.445979 0.336334 15.507651 -6.851371 0.461672 6.972150 -7.828947 4.850579 -16.585658 -74.707682 -35.283994 60.928693 -25.754366 -5.760346 13.140439 3.013970 -4.376536 0.689872 0.109945 -1.518721 4.256730 0.012560 2.588454 -10.001367 -1.243235 -0.000000 -0.000000 0.000000 4.750129 0.660328 2.971853 0.070299 4.050173 1.099659 3.264879 -11.365139 -7.750790 -0.000000 0.000000 0.000000
-0.647216 0.955610 -1.224127 4.126343 2.479163 -0.301307 0.048424 0.103347 1.469726 -0.045452 -5.779877 0.656538 -0.045288 0.040554 0.651924 0.015930 5.866838 0.491518 -2.071836 13.251526 0.128328 -3.976444 -11.386288 1.080892 -0.511953 8.801017 8.754384 -14.903902 -18.923023 73.999479 21.388781 56.992574 15.706069 0.349647 15.523570 -6.793494 0.388316 6.914803 -7.819071 4.743069 -16.577246 -74.664061 -36.065300 60.645233 -26.252943 -5.736555 13.151320 2.843147 -4.598411 0.888138 0.124888 -1.315781 4.515265 -0.035085 2.453059 -10.611326 -1.285092 -0.000000 -0.000000 -0.000000 4.701304 0.942682 3.013597 -0.000995 4.077099 1.089690 3.376273 -11.720522 -7.781396 -0.000000 -0.000000 0.000000
-0.647926 0.955243 -1.220453 4.222317 2.464841 -0.278601 -0.040925 0.152842 1.459326 -0.084844 -5.758166 0.651891 -0.084482 0.062259 0.643278 -0.014148 5.883083 0.485016 -2.023032 13.208291 0.118449 -3.881261 -11.468320 1.043996 -0.550408 8.668757 8.791193 -15.290284 -18.687675 73.954739 21.799818 57.185737 16.151534 0.365042 15.526105 -6.772334 0.345088 6.851943 -7.836261 4.554417 -16.599575 -74.553938 -36.850642 60.324651 -26.775854 -5.734093 13.175872 2.640521 -4.663168 1.033357 0.177477 -1.210293 4.791168 -0.086699 2.269159 -11.192742 -1.315373 -0.000000 -0.000000 0.000000 4.652624 1.164636 3.073948 -0.097534 4.118086 1.078329 3.505191 -11.993315 -7.748692 0.000000 -0.000000 -0.000000
-0.648772 0.954796 -1.216517 4.316234 2.489554 -0.266019 -0.133009 0.183438 1.451321 -0.125503 -5.744860 0.648339 -0.124938 0.075559 0.635598 -0.045090 5.893021 0.479238 -1.964091 13.165201 0.114667 -3.769270 -11.550117 1.014460 -0.590899 8.524482 8.826019 -15.708740 -18.411678 73.876393 22.352381 57.399984 16.735934 0.383226 15.523861 -6.765490 0.317205 6.787728 -7.865075 4.325530 -16.643095 -74.417118 -37.624437 59.981708 -27.292991 -5.740083 13.205394 2.426471 -4.654058 1.161204 0.257218 -1.160373 5.049888 -0.142084 2.074128 -11.728227 -1.349606 -0.000000 -0.000000 -0.000000 4.600199 1.354911 3.150330 -0.197987 4.157316 1.062112 3.632795 -12.192569 -7.676106 0.000000 -0.000000 -0.000000
-0.649735 0.954255 -1.212262 4.392524 2.536795 -0.258191 -0.225447 0.209632 1.446228 -0.166438 -5.733507 0.646100 -0.165671 0.086901 0.629204 -0.076140 5.901491 0.474430 -1.900954 13.109069 0.109460 -3.649028 -11.656237 0.980856 -0.632288 8.385493 8.859702 -16.142686 -18.129928 73.768882 22.998790 57.645581 17.398162 0.399952 15.528857 -6.758123 0.290682 6.738788 -7.886094 4.156058 -16.726722 -74.324872 -38.416788 59.669383 -27.822606 -5.721606 13.224516 2.264392 -4.582866 1.285781 0.350651 -1.169236 5.295879 -0.193780 1.895200 -12.207954 -1.394392 -0.000000 0.000000 -0.000000 4.541214 1.544695 3.243143 -0.274434 4.186636 1.040723 3.751271 -12.352107 -7.620035 0.000000 -0.000000 -0.000000
-0.650819 0.953613 -1.207692 4.446256 2.602405 -0.255265 -0.315324 0.237740 1.444395 -0.206392 -5.721294 0.645327 -0.205428 0.099100 0.624376 -0.106338 5.910604 0.470803 -1.835047 13.030751 0.099316 -3.522002 -11.803717 0.937344 -0.676360 8.259331 8.895503 -16.595392 -17.858115 73.625509 23.771945 57.940479 18.165822 0.414881 15.551033 -6.750191 0.259417 6.714678 -7.892450 4.110824 -16.879329 -74.306844 -39.257934 59.419019 -28.402477 -5.659943 13.222450 2.180659 -4.413106 1.411177 0.455521 -1.275926 5.524953 -0.235994 1.739212 -12.621299 -1.454810 0.000000 0.000000 -0.000000 4.454008 1.737860 3.354788 -0.306532 4.208883 1.010620 3.862222 -12.467451 -7.593786 -0.000000 -0.000000 0.000000
-0.652021 0.952876 -1.202803 4.482354 2.690565 -0.257078 -0.405539 0.261467 1.445551 -0.246619 -5.711030 0.645898 -0.245460 0.109348 0.620863 -0.136639 5.918253 0.468169 -1.764937 12.939380 0.087791 -3.386607 -11.975502 0.889704 -0.721257 8.138484 8.930276 -17.064118 -17.581814 73.452987 24.648171 58.263565 19.019868 0.428206 15.580437 -6.741867 0.229526 6.705915 -7.891112 4.125129 -17.073009 -74.333325 -40.122276 59.197612 -29.001322 -5.572844 13.211921 2.149165 -4.181006 1.532850 0.574079 -1.441241 5.740870 -0.274066 1.599378 -12.978971 -1.526269 -0.000000 0.000000 0.000000 4.360602 1.930722 3.482666 -0.314727 4.221325 0.975027 3.963818 -12.543017 -7.583813 -0.000000 0.000000 -0.000000
-0.653314 0.952046 -1.197525 4.500027 2.797257 -0.257881 -0.502438 0.276368 1.449244 -0.289908 -5.704711 0.647612 -0.288536 0.115647 0.618182 -0.169156 5.922936 0.466160 -1.692242 12.849199 0.078035 -3.246803 -12.145001 0.844091 -0.760326 8.017626 8.955232 -17.523243 -17.290192 73.276478 25.488518 58.569340 19.822623 0.436377 15.599269 -6.718658 0.205369 6.700626 -7.883377 4.104284 -17.242423 -74.386151 -40.957787 58.963573 -29.535093 -5.481763 13.213661 2.154463 -4.007561 1.652454 0.699368 -1.551160 5.960200 -0.317971 1.482521 -13.303104 -1.601111 -0.000000 0.000000 0.000000 4.323700 2.142977 3.619738 -0.332124 4.207461 0.943922 4.043060 -12.625973 -7.606190 -0.000000 0.000000 0.000000
-0.654682 0.951133 -1.191841 4.493282 2.918397 -0.251009 -0.606939 0.283553 1.452558 -0.336534 -5.701847 0.649161 -0.334933 0.118486 0.614998 -0.204200 5.925022 0.463768 -1.618797 12.759083 0.073783 -3.107645 -12.314160 0.808385 -0.785418 7.899657 8.971840 -17.954800 -16.989869 73.095661 26.207469 58.831830 20.508451 0.444297 15.589628 -6.684015 0.192069 6.709926 -7.863172 4.012069 -17.385373 -74.479914 -41.694154 58.708174 -29.921349 -5.387500 13.240651 2.201295 -3.926941 1.759638 0.827054 -1.562094 6.209182 -0.378355 1.384978 -13.593895 -1.669667 0.000000 0.000000 0.000000 4.364239 2.408214 3.762193 -0.351232 4.116783 0.915509 4.085092 -12.713481 -7.670078 -0.000000 0.000000 0.000000
-0.656142 0.950126 -1.185768 4.468128 3.058071 -0.243242 -0.718113 0.281905 1.458568 -0.386223 -5.702933 0.651912 -0.384375 0.117368 0.612705 -0.241455 5.924137 0.462043 -1.542688 12.670200 0.071456 -2.964008 -12.480962 0.774976 -0.804633 7.781570 8.978728 -18.376789 -16.674458 72.910084 26.884214 59.079449 21.136507 0.447054 15.569564 -6.634367 0.184543 6.722822 -7.836713 3.884441 -17.505030 -74.599293 -42.403424 58.444911 -30.242464 -5.288901 13.280896 2.284303 -3.904858 1.865356 0.961202 -1.518241 6.461941 -0.445635 1.310213 -13.851081 -1.742040 -0.000000 -0.000000 0.000000 4.461696 2.692563 3.914041 -0.379114 3.999793 0.891741 4.104412 -12.808529 -7.765864 -0.000000 -0.000000 0.000000
-0.657714 0.948992 -1.179284 4.441740 3.224513 -0.248979 -0.839515 0.263700 1.475911 -0.440922 -5.711428 0.659709 -0.438798 0.108832 0.614950 -0.282092 5.917678 0.463731 -1.459928 12.600222 0.063144 -2.804638 -12.612868 0.726701 -0.835650 7.649006 8.963056 -18.816814 -16.312826 72.743084 27.624479 59.348989 21.754377 0.425988 15.575327 -6.545083 0.171817 6.694148 -7.823333 3.734795 -17.543563 -74.681637 -43.241160 58.165345 -30.653722 -5.204736 13.316991 2.372823 -3.959439 2.003729 1.107538 -1.436980 6.657073 -0.500260 1.275840 -14.096077 -1.840487 -0.000000 -0.000000 0.000000 4.616488 2.914186 4.080020 -0.470983 3.991171 0.889156 4.132495 -12.966960 -7.881763 -0.000000 -0.000000 0.000000
-0.659417 0.947750 -1.172346 4.418888 3.421516 -0.262586 -0.973883 0.222232 1.498029 -0.501524 -5.730320 0.669600 -0.499083 0.089891 0.618689 -0.327004 5.903406 0.466531 -1.369405 12.558943 0.051470 -2.628345 -12.691608 0.667893 -0.898366 7.496243 8.924097 -19.293327 -15.878254 72.624264 28.423885 59.716392 22.318757 0.366888 15.626459 -6.371857 0.144842 6.596229 -7.821866 3.560113 -17.455833 -74.708604 -44.231939 57.866200 -31.176202 -5.135231 13.343796 2.461903 -4.132241 2.201957 1.262686 -1.327990 6.744718 -0.550364 1.330017 -14.320399 -1.972488 -0.000000 0.000000 0.000000 4.824593 3.120657 4.249520 -0.653805 4.005336 0.921185 4.198834 -13.199884 -8.027192 0.000000 -0.000000 0.000000
-0.661233 0.946381 -1.164998 4.394676 3.645271 -0.289738 -1.118424 0.164380 1.531937 -0.567125 -5.756560 0.684707 -0.564331 0.063590 0.627137 -0.375271 5.883601 0.472865 -1.272300 12.536550 0.033616 -2.436479 -12.735388 0.594016 -0.972617 7.328469 8.863291 -19.786545 -15.396876 72.519123 29.296356 60.102922 22.881996 0.283114 15.704464 -6.160164 0.112847 6.456514 -7.832449 3.364047 -17.286130 -74.701662 -45.342243 57.548762 -31.776557 -5.079602 13.366791 2.556699 -4.380794 2.433817 1.429975 -1.180966 6.774823 -0.588995 1.424627 -14.532347 -2.131948 0.000000 -0.000000 0.000000 5.090177 3.263762 4.432600 -0.900582 4.127272 0.975869 4.274906 -13.495965 -8.193406 0.000000 -0.000000 0.000000
-0.663124 0.944792 -1.157345 4.371527 3.892576 -0.361738 -1.268276 0.103134 1.606626 -0.636917 -5.784441 0.717992 -0.633741 0.035633 0.653337 -0.425298 5.862518 0.492574 -1.168118 12.521274 -0.006635 -2.221604 -12.766307 0.474313 -1.015814 7.147495 8.770964 -20.267573 -14.917904 72.356390 30.371604 60.309858 23.635443 0.197261 15.786988 -6.020015 0.092355 6.312139 -7.876394 3.169979 -17.109811 -74.657518 -46.633348 57.205926 -32.520829 -5.055413 13.383905 2.642338 -4.596756 2.653145 1.625500 -0.982522 6.835784 -0.574049 1.432788 -14.778890 -2.319346 0.000000 0.000000 -0.000000 5.424825 3.117251 4.663003 -1.187766 4.747244 1.030490 4.305285 -13.877607 -8.341240 -0.000000 -0.000000 -0.000000
-0.665044 0.942962 -1.149404 4.335326 4.189768 -0.472705 -1.420244 0.016362 1.720432 -0.709301 -5.823813 0.768648 -0.705709 -0.003822 0.696645 -0.475920 5.832773 0.525150 -1.052398 12.529134 -0.067917 -1.975612 -12.754462 0.309277 -1.018991 6.942904 8.635686 -20.792434 -14.427606 72.120039 31.664937 60.255656 24.662105 0.106171 15.855199 -6.038165 0.085092 6.148396 -7.970929 2.986501 -16.917504 -74.554998 -48.092560 56.852269 -33.425692 -5.069171 13.392382 2.681512 -4.682935 2.813246 1.850986 -0.709157 6.957834 -0.499711 1.220266 -15.073411 -2.531847 0.000000 0.000000 -0.000000 5.879245 2.669720 4.916430 -1.580411 5.841750 1.101063 4.256545 -14.380869 -8.461242 0.003215 0.205099 -0.003685
-0.667040 0.940914 -1.141159 4.299411 4.510426 -0.628682 -1.577234 -0.073026 1.875453 -0.785723 -5.864548 0.837662 -0.781685 -0.044653 0.757899 -0.528168 5.801943 0.571240 -0.929874 12.544156 -0.151888 -1.707172 -12.729232 0.098139 -0.990339 6.724693 8.468899 -21.306631 -13.942447 71.826657 33.124649 60.012885 25.851429 0.014514 15.926594 -6.127517 0.089903 5.979274 -8.098651 2.805444 -16.717293 -74.415668 -49.718129 56.463088 -34.456727 -5.114614 13.394229 2.712844 -4.735538 2.960426 2.104961 -0.382907 7.110419 -0.372370 0.920428 -15.404048 -2.767782 -0.000000 -0.000000 0.000000 6.397503 1.929796 5.208124 -2.016864 7.433589 1.169584 4.162720 -14.970682 -8.559483 0.005661 0.410208 -0.007414
-0.669207 0.938619 -1.132662 4.307112 4.772351 -0.878461 -1.742924 -0.083996 2.105443 -0.869702 -5.870801 0.940364 -0.865228 -0.051035 0.852081 -0.583601 5.796837 0.642216 -0.813752 12.506551 -0.279200 -1.433284 -12.801485 -0.192231 -0.913621 6.525966 8.294086 -21.618760 -13.556122 71.464337 34.768279 59.611254 27.091016 -0.044863 16.032398 -6.136003 0.118012 5.885293 -8.230529 2.623816 -16.611966 -74.295915 -51.576030 55.969161 -35.590912 -5.188635 13.396781 2.835903 -4.935403 3.189470 2.399295 -0.057764 7.290769 -0.168179 0.809205 -15.778858 -3.032603 0.000000 -0.000000 0.000000 6.823444 0.699860 5.629867 -2.291323 9.982835 1.167399 4.068756 -15.562281 -8.622326 -0.000000 -0.000000 -0.000000
-0.671768 0.936031 -1.123891 4.386125 4.947497 -1.260660 -1.937067 0.007517 2.428909 -0.971092 -5.832103 1.085158 -0.966156 -0.012503 0.986581 -0.649031 5.825259 0.743691 -0.697423 12.406570 -0.460283 -1.136358 -12.988986 -0.585084 -0.776336 6.345694 8.088775 -21.723274 -13.228704 71.025711 36.832372 59.142993 28.532997 -0.039404 16.224976 -5.941354 0.166676 5.892928 -8.359419 2.514782 -16.647280 -74.221974 -53.788174 55.399963 -36.907424 -5.269015 13.421035 3.018093 -5.407153 3.543618 2.745150 0.268344 7.500768 0.163077 1.049899 -16.198983 -3.380026 0.000559 0.025123 -0.047369 6.958557 -1.171687 6.329525 -2.243888 13.832307 1.008950 3.914985 -16.332996 -8.722302 -0.013128 -1.192673 0.165504
-0.674501 0.933197 -1.114868 4.508692 5.065026 -1.736218 -2.136964 0.178744 2.826300 -1.079053 -5.758503 1.263314 -1.073704 0.060911 1.153773 -0.716992 5.879681 0.869935 -0.587484 12.254017 -0.684866 -0.832218 -13.272843 -1.059112 -0.592344 6.186521 7.872929 -21.630061 -12.995485 70.526480 39.028702 58.502792 29.962131 0.000478 16.448904 -5.661870 0.235913 5.976392 -8.494732 2.405055 -16.778772 -74.163736 -56.191211 54.710803 -38.280330 -5.374905 13.451180 3.292871 -6.021624 3.987902 3.128357 0.597474 7.739779 0.570008 1.483542 -16.658404 -3.767134 0.000879 0.050333 -0.094694 6.954084 -3.532244 7.163154 -2.065002 18.644515 0.836582 3.760827 -17.105135 -8.788017 -0.022429 -3.002633 0.322157
-0.676838 0.930240 -1.105721 4.635529 5.128346 -2.237260 -2.281689 0.439173 3.273630 -1.165777 -5.645365 1.464179 -1.160266 0.173870 1.345844 -0.767452 5.963624 1.015130 -0.516231 12.018548 -0.942188 -0.585740 -13.709227 -1.581168 -0.385940 6.088350 7.732316 -21.170283 -13.056564 69.991542 40.596742 57.456416 30.715426 0.007913 16.576651 -5.508862 0.339465 6.138988 -8.633358 2.070877 -16.976389 -74.087386 -58.410793 53.741227 -39.362546 -5.560966 13.448979 3.861262 -6.579024 4.497595 3.523568 0.873752 8.000780 0.924865 1.902989 -17.155844 -4.055355 0.000000 -0.000000 -0.000000 7.197030 -6.131690 7.767865 -2.022128 23.851723 0.931431 3.839972 -17.261356 -8.609339 0.000751 -5.538766 -0.015527
-0.678682 0.927039 -1.096542 4.792557 5.101951 -2.803072 -2.364006 0.833795 3.806148 -1.230391 -5.472633 1.703559 -1.225001 0.346433 1.578677 -0.798641 6.092068 1.191349 -0.492038 11.665895 -1.239490 -0.407896 -14.361929 -2.163003 -0.163623 6.027010 7.716264 -20.208341 -13.497107 69.293154 41.220449 55.855306 30.532388 -0.015511 16.571949 -5.508372 0.476778 6.426742 -8.773976 1.206988 -17.344572 -73.965274 -60.028201 52.365550 -39.777469 -5.821116 13.434859 4.866975 -7.043919 5.104010 3.982576 1.089319 8.295561 1.196589 2.229245 -17.730393 -4.191447 -0.001817 -0.159304 0.398545 7.877392 -8.976542 8.000695 -2.147591 29.558179 1.532535 4.374774 -16.333682 -8.053512 0.124393 -9.334781 -1.308988
-0.680131 0.923715 -1.087239 4.955632 5.022009 -3.394689 -2.385678 1.314428 4.389595 -1.272170 -5.261362 1.965744 -1.267083 0.557609 1.836610 -0.811125 6.249362 1.386734 -0.504324 11.230739 -1.569296 -0.280284 -15.166534 -2.796038 0.081852 6.028499 7.772496 -18.866002 -14.205593 68.512344 41.324910 53.885939 29.750142 -0.074463 16.476703 -5.639421 0.642426 6.796357 -8.919001 0.115356 -17.786785 -73.796875 -61.482433 50.744813 -39.903936 -6.162574 13.416250 6.167172 -7.448145 5.773811 4.452763 1.250320 8.611677 1.417370 2.541677 -18.345370 -4.227463 -0.004459 -0.394724 0.938864 8.834079 -12.068511 7.944927 -2.201549 35.639833 2.548141 5.205439 -14.811749 -7.269675 0.417871 -13.774123 -3.297840
-0.680904 0.920750 -1.077661 5.008795 4.996395 -3.826529 -2.304809 1.749685 4.895266 -1.265193 -5.068809 2.192479 -1.260567 0.750214 2.064041 -0.789561 6.392955 1.559101 -0.557032 10.785938 -1.898263 -0.225885 -15.988524 -3.413885 0.344223 6.207643 7.836353 -17.354733 -15.101608 67.984054 41.278862 51.842429 28.613468 -0.248374 16.290599 -6.047391 0.846291 7.117749 -9.070282 -0.511478 -17.965129 -73.624360 -63.616076 49.135061 -40.476910 -6.663735 13.334104 7.535415 -7.701210 6.375015 4.756825 1.318287 8.904514 1.555699 2.867469 -18.889734 -4.177377 -0.007434 -0.682341 1.276922 9.988044 -15.148228 7.568658 -2.065778 41.186849 3.687638 5.970539 -13.508924 -6.473945 0.796801 -17.285525 -5.238568
-0.680792 0.918160 -1.067854 4.912110 5.025892 -4.036613 -2.096432 2.128345 5.296193 -1.196548 -4.899409 2.371439 -1.192587 0.919775 2.249983 -0.725125 6.519602 1.700064 -0.673044 10.313065 -2.241214 -0.282236 -16.863078 -4.034545 0.651532 6.709173 7.899653 -15.592633 -16.283061 67.856958 40.897435 49.794780 26.796170 -0.598425 16.016430 -6.863960 1.107053 7.384375 -9.245352 -0.605252 -17.807618 -73.549251 -66.486748 47.590196 -41.487660 -7.435581 13.145361 8.977958 -7.640558 6.839185 4.859664 1.158845 9.235570 1.581425 3.192170 -19.386753 -4.055296 -0.009617 -0.987054 1.253403 11.598862 -18.151676 6.731202 -1.865117 46.108926 4.894713 6.579330 -12.783316 -5.631293 1.135640 -19.327845 -6.870795
-0.680003 0.915928 -1.057773 4.704614 5.107853 -4.087070 -1.791693 2.461980 5.618299 -1.081100 -4.748304 2.514166 -1.077863 1.071094 2.404429 -0.628025 6.632869 1.817100 -0.828534 9.830133 -2.582645 -0.411078 -17.756997 -4.637745 0.970090 7.388407 7.977849 -13.630434 -17.678013 67.903006 40.479641 47.705035 24.682543 -1.060793 15.679168 -7.963891 1.407756 7.606041 -9.427230 -0.234079 -17.377486 -73.497172 -69.922328 45.971182 -42.869803 -8.384177 12.900411 10.486630 -7.439668 7.228048 4.799591 0.902991 9.542996 1.527012 3.528988 -19.814681 -3.846699 -0.011264 -1.343332 1.027567 13.511885 -21.103070 5.522246 -1.436183 50.493939 6.255418 7.104072 -12.283518 -4.773052 1.398110 -20.493518 -8.255849
-0.678885 0.914488 -1.047125 4.387408 5.343975 -3.979016 -1.438706 2.655755 5.809344 -0.936122 -4.658121 2.597502 -0.933481 1.161543 2.502452 -0.512719 6.700889 1.891197 -0.960947 9.464883 -2.844520 -0.532883 -18.433260 -5.096154 1.202600 7.924136 8.040029 -11.906072 -18.970478 67.987069 40.911092 45.724404 23.393232 -1.527701 15.316781 -9.109882 1.713688 7.674055 -9.566620 1.098597 -16.534597 -73.275609 -74.257661 44.139949 -45.144249 -9.276957 12.651930 11.813924 -7.519829 7.602406 4.506574 0.910054 9.596733 1.452865 3.947805 -19.994811 -3.523505 -0.011718 -1.831434 0.733143 14.989804 -23.898001 4.347133 -0.507612 53.723719 7.442522 7.354063 -11.721402 -4.188523 1.503129 -21.026277 -8.930692
-0.677505 0.913912 -1.035862 3.939479 5.804115 -3.673909 -1.055614 2.643899 5.827061 -0.766427 -4.658592 2.603148 -0.764289 1.161341 2.525304 -0.384128 6.701355 1.908123 -1.034370 9.301077 -2.994940 -0.598584 -18.736193 -5.360071 1.290772 8.161745 8.081212 -10.544000 -20.049730 68.181173 42.206212 43.870268 23.065255 -2.016586 14.928170 -10.319502 2.051678 7.529025 -9.649804 3.934056 -15.203426 -72.822535 -79.805695 41.832470 -48.802770 -10.072609 12.348096 12.864421 -8.210494 7.996810 3.877597 1.478777 9.240894 1.385428 4.503029 -19.940281 -3.055395 -0.008123 -2.376823 0.391430 15.799734 -26.588017 3.336112 0.936148 55.552864 8.229746 7.126924 -10.872882 -4.048778 1.436508 -21.231247 -8.571750
-0.675795 0.914128 -1.024032 3.386322 6.423047 -3.215492 -0.626833 2.496616 5.708729 -0.567855 -4.718765 2.548129 -0.566283 1.101388 2.490456 -0.238062 6.657318 1.881250 -1.087766 9.255099 -3.066148 -0.667281 -18.821709 -5.475265 1.297939 8.253156 8.103674 -9.452519 -21.041338 68.504685 44.154869 42.102280 23.379637 -2.506599 14.548116 -11.588004 2.401696 7.226558 -9.694155 7.712985 -13.507836 -72.061817 -85.800730 38.947858 -52.996651 -10.811577 12.009606 13.730785 -9.200704 8.348345 3.016565 2.306489 8.627052 1.290350 5.147479 -19.639480 -2.474580 0.000513 -3.053930 -0.019237 16.133210 -29.161526 2.475773 2.594529 56.251790 8.560164 6.604394 -9.922310 -4.180359 1.218898 -20.851765 -7.459873
-0.673912 0.915352 -1.011495 2.797480 7.098620 -2.727753 -0.149863 2.322532 5.520964 -0.344140 -4.790586 2.462204 -0.343244 1.029747 2.427259 -0.075302 6.604687 1.832952 -1.171926 9.203586 -3.076924 -0.824572 -18.920065 -5.457745 1.311523 8.336959 8.082627 -8.771010 -21.974017 68.815800 47.130102 40.435035 24.633607 -2.847622 14.247445 -12.642472 2.660719 6.826820 -9.696396 11.311339 -11.626448 -70.825446 -91.161932 35.771750 -56.357946 -11.370463 11.783525 14.450175 -9.942736 8.590553 2.161236 2.853571 7.988415 1.145517 5.806728 -18.875917 -1.849835 0.015645 -4.166717 -0.430081 15.790988 -31.459654 2.052006 4.148931 55.992417 8.244176 6.153492 -9.191332 -4.337914 0.891512 -19.286820 -6.082632
-0.672101 0.917743 -0.998347 2.135037 7.838917 -2.253083 0.410934 2.150115 5.269439 -0.080143 -4.861234 2.347716 -0.080106 0.959213 2.339569 0.115689 6.553067 1.766165 -1.303692 9.082982 -3.017222 -1.106167 -19.149803 -5.281314 1.356491 8.472835 8.015864 -8.858170 -22.939811 69.208862 51.570826 38.833704 27.269332 -3.029705 14.006751 -13.382807 2.749071 6.334557 -9.639385 14.492933 -9.574011 -68.957002 -95.942164 32.470394 -58.614875 -11.661111 11.746563 15.044720 -10.238196 8.709905 1.396903 2.941270 7.322901 0.928755 6.506030 -17.535649 -1.158460 0.043509 -5.811370 -0.858425 14.219707 -33.508261 2.550438 5.770780 54.762999 7.013110 6.005214 -9.005131 -4.429187 0.489765 -15.698062 -4.479392
-0.670115 0.921141 -0.984492 1.438353 8.637610 -1.752477 1.018242 1.953472 4.944600 0.208231 -4.943035 2.200858 0.207249 0.877377 2.221986 0.322606 6.493017 1.676825 -1.465616 8.956070 -2.896803 -1.476729 -19.392784 -4.970744 1.407302 8.602383 7.905951 -9.379198 -23.839388 69.632601 56.821934 37.026708 30.673900 -3.077131 13.821760 -13.909682 2.743950 5.741899 -9.540507 17.565485 -7.427180 -66.607616 -100.323771 29.061236 -60.141159 -11.760270 11.811396 15.496269 -10.280524 8.740049 0.635040 2.750761 6.633457 0.682715 7.249667 -15.733754 -0.432262 0.088808 -7.891733 -1.289095 11.829191 -35.258206 3.655301 7.490043 52.560501 5.311436 5.914253 -9.047782 -4.542860 0.161556 -10.890259 -2.735686
-0.667372 0.925285 -0.969491 0.889306 9.366205 -1.219986 1.565549 1.757311 4.594859 0.470855 -5.026159 2.043638 0.468874 0.794081 2.091437 0.509239 6.431665 1.577823 -1.656561 8.889287 -2.764034 -1.912986 -19.523735 -4.619668 1.474255 8.688288 7.735390 -9.403829 -24.420665 69.677422 61.686356 34.859447 33.541591 -2.901479 13.755234 -14.239746 2.777480 5.090682 -9.448795 20.222930 -5.387252 -64.191834 -103.833955 25.885802 -60.914838 -11.792977 11.883232 15.781190 -10.097846 8.716928 -0.154065 2.284254 6.166763 0.485664 7.928918 -13.595906 0.177901 0.146466 -10.423274 -1.605673 9.952560 -36.491207 4.293974 8.635383 49.577217 3.889356 5.538797 -8.684665 -4.718105 0.005570 -6.727454 -1.372494
-0.663467 0.930301 -0.953310 0.571195 10.026611 -0.615701 2.030997 1.543313 4.224775 0.697878 -5.118843 1.878106 0.694959 0.701163 1.948964 0.668337 6.362875 1.469958 -1.894794 8.906462 -2.629067 -2.445449 -19.497891 -4.239691 1.553162 8.709037 7.462799 -8.313634 -24.459831 69.041693 65.858282 32.286914 35.216410 -2.429629 13.831154 -14.279675 2.916224 4.298965 -9.380665 22.200346 -3.315483 -61.793934 -106.434508 23.197382 -60.941741 -11.789779 11.944913 15.800952 -9.611289 8.686952 -1.003268 1.485677 5.881255 0.354341 8.468889 -11.166397 0.645849 0.208371 -13.360590 -1.770989 9.251608 -37.234027 3.795918 8.714114 45.669622 2.934612 4.829519 -7.491212 -4.998282 -0.041121 -3.804687 -0.595627
-0.658804 0.936063 -0.935983 0.401550 10.612892 0.028605 2.438348 1.330202 3.833333 0.899704 -5.212451 1.703532 0.895860 0.607275 1.794876 0.807631 6.293167 1.353443 -2.161372 8.984065 -2.480633 -3.040572 -19.358021 -3.819798 1.647915 8.689310 7.127870 -6.724331 -24.158680 68.032941 69.777117 29.626756 36.276627 -1.724718 13.972708 -14.116880 3.091217 3.448198 -9.327367 23.766656 -1.297689 -59.366502 -108.405256 20.864331 -60.487765 -11.719903 12.017279 15.655369 -8.897403 8.629392 -1.889145 0.412659 5.828018 0.270899 8.946166 -8.400454 1.002128 0.270469 -16.749373 -1.826523 9.152011 -37.503735 2.671504 8.117468 40.994200 2.230712 3.885687 -5.896117 -5.472865 -0.034429 -1.531453 -0.197699
-0.654013 0.941929 -0.917179 0.308706 10.982816 0.615159 2.750171 1.193768 3.467169 1.056943 -5.273155 1.540232 1.052348 0.546294 1.647524 0.913986 6.247886 1.242114 -2.399269 9.118004 -2.335047 -3.577393 -19.110833 -3.420970 1.781297 8.658330 6.834603 -5.525193 -23.936562 67.102317 73.468256 27.365111 37.449618 -0.913913 14.123958 -14.039654 3.235373 2.826327 -9.290850 25.351269 0.185377 -57.174155 -109.762052 18.645575 -60.021473 -11.617652 12.058794 15.616913 -8.207902 8.469732 -2.748630 -0.759255 6.393201 0.238906 9.454978 -5.287804 1.178309 0.323285 -20.741931 -1.766345 9.198331 -37.130147 1.513861 7.283798 36.209064 1.692793 2.601393 -4.549623 -6.267474 0.000000 -0.000000 0.000000
-0.649248 0.948026 -0.896729 0.277635 11.077114 1.134319 2.950588 1.167077 3.133785 1.162195 -5.286026 1.391147 1.157146 0.533213 1.509118 0.982120 6.238312 1.137606 -2.592731 9.297372 -2.208229 -4.016358 -18.777169 -3.082509 1.981955 8.556497 6.605837 -5.068913 -23.995967 66.382633 77.006892 25.567667 39.276853 -0.156252 14.356020 -14.210981 3.378501 2.510533 -9.267965 27.165861 0.916548 -55.250027 -110.434225 16.331234 -59.836326 -11.521075 12.035790 15.762264 -7.522737 8.218728 -3.542331 -2.099658 7.611917 0.235466 10.093743 -1.719953 1.026650 0.363558 -25.902530 -1.529952 9.255302 -35.928499 0.461640 6.203935 31.270972 1.285218 0.624066 -3.678551 -7.596057 0.023383 0.505863 0.057442
-0.644354 0.954228 -0.874801 0.315932 10.952909 1.595943 3.055632 1.211945 2.830987 1.223139 -5.267679 1.255398 1.217892 0.551438 1.379562 1.017821 6.252064 1.039808 -2.757068 9.533811 -2.085168 -4.394268 -18.336029 -2.768182 2.221998 8.439692 6.418420 -4.990779 -24.150620 65.725144 80.322719 23.983648 41.379178 0.689134 14.636966 -14.470832 3.494377 2.424257 -9.248498 28.937076 1.161285 -53.648161 -110.519338 14.154716 -59.758071 -11.396361 11.978108 16.014993 -6.843018 7.864555 -4.302118 -3.530961 9.452001 0.237116 10.697645 2.197027 0.680061 0.342417 -31.666780 -1.144098 9.402937 -34.069154 -0.597328 4.875757 26.233416 1.075730 -1.662177 -3.152730 -9.291634 0.014956 0.253824 0.019979
-0.639501 0.959515 -0.851566 0.383382 10.644125 1.929552 3.075398 1.294464 2.591861 1.242973 -5.232701 1.147989 1.237727 0.586369 1.274163 1.024633 6.278233 0.960245 -2.881753 9.856977 -1.936507 -4.703969 -17.732394 -2.426957 2.440261 8.507011 6.311126 -5.089057 -24.266666 65.126823 83.193459 22.551551 43.213837 1.941198 14.774451 -14.648426 3.434934 2.626305 -9.214453 30.349819 1.201162 -52.673415 -110.274394 12.514701 -59.496589 -11.172823 11.935166 16.419416 -6.441697 7.275335 -5.064770 -4.650780 12.192727 0.227900 10.993192 6.151423 0.465401 0.226924 -36.489862 -0.688617 9.534293 -31.924813 -1.449427 3.713430 21.883699 0.981189 -3.328192 -2.988374 -10.714262 0.000000 0.000000 -0.000000
-0.634750 0.963894 -0.826668 0.484917 10.106215 2.096940 2.997908 1.418998 2.440839 1.215188 -5.178907 1.079879 1.210171 0.640216 1.203226 0.998480 6.318503 0.906698 -2.963809 10.292150 -1.758854 -4.939644 -16.919542 -2.055225 2.648789 8.950428 6.319145 -5.301587 -24.370497 64.587398 85.627061 21.290075 44.644546 4.042165 14.620459 -14.675549 3.047294 3.261350 -9.189414 31.354783 1.158308 -52.565490 -109.777772 11.660668 -58.839895 -10.803887 11.939411 17.060042 -6.430348 6.443959 -5.898811 -5.219618 16.051359 0.284389 10.960785 10.233618 0.488590 0.116911 -40.228899 -0.456955 9.744701 -29.415324 -2.040787 2.773125 18.323847 0.854946 -4.082622 -3.123652 -11.725032 0.000000 0.000000 0.000000
-0.630039 0.967358 -0.800463 0.615848 9.383938 2.134820 2.835825 1.579593 2.351061 1.146725 -5.109005 1.039187 1.142132 0.710263 1.155589 0.943719 6.370873 0.870769 -3.005479 10.814598 -1.558235 -5.102014 -15.943654 -1.663647 2.839283 9.576534 6.409704 -5.696270 -24.444801 64.113306 87.669221 20.240386 45.930195 6.553684 14.310915 -14.673152 2.488540 4.188376 -9.164349 31.990541 0.981904 -53.101248 -108.992000 11.325773 -57.952602 -10.346688 11.957628 17.858163 -6.677355 5.359804 -6.731185 -5.448037 20.804650 0.312239 10.646753 14.355647 0.617048 -0.036284 -43.022339 -0.116251 9.969349 -26.617520 -2.419144 1.959985 15.446007 0.710972 -4.303205 -3.505764 -12.297165 -0.000000 -0.000000 0.000000
-0.625343 0.968869 -0.774183 0.723676 8.645929 2.086715 2.636325 1.727351 2.278587 1.060885 -5.044809 1.006567 1.056758 0.774631 1.114264 0.876460 6.418967 0.839640 -3.003568 11.378898 -1.318984 -5.192716 -14.888824 -1.222119 2.917533 10.007659 6.517888 -6.264934 -24.290133 63.708527 89.176542 19.455918 47.138736 8.491788 14.058416 -14.717022 2.075463 5.038004 -9.061983 32.093481 0.695408 -53.859253 -108.010294 11.127094 -57.070897 -9.877176 11.947846 18.612404 -7.096566 3.879200 -7.385103 -5.667766 26.064995 -0.000164 9.933813 17.940088 0.803316 -0.338028 -43.714268 1.123014 9.919221 -24.147258 -2.590226 1.437099 13.716193 0.612391 -4.133227 -4.061518 -11.890941 -0.000000 0.000000 0.000000
-0.620493 0.967829 -0.747989 0.782185 7.973767 1.902307 2.403191 1.780780 2.246977 0.958520 -5.022395 0.993022 0.954819 0.797219 1.090325 0.798166 6.435702 0.821679 -2.938143 12.063727 -1.035792 -5.173993 -13.609443 -0.731705 2.862185 10.078532 6.618986 -7.046268 -23.734900 63.274090 90.129814 18.861776 48.424372 9.467267 13.903002 -14.831871 1.938903 5.842805 -8.795753 31.594229 0.251711 -54.815270 -106.805699 10.897496 -56.280719 -9.392562 11.906427 19.189950 -7.680162 1.843634 -7.798087 -6.226453 31.966837 -0.941946 8.470628 21.173745 1.286262 -0.559433 -41.264467 3.682373 9.398715 -22.271926 -2.505213 1.498735 13.523917 0.542445 -3.561065 -4.805419 -9.820749 0.000000 -0.000000 -0.000000
-0.615657 0.964836 -0.721720 0.821528 7.286130 1.633654 2.132026 1.822704 2.231347 0.838497 -5.005157 0.986867 0.835266 0.814639 1.071978 0.707096 6.448540 0.807965 -2.827626 12.791374 -0.715761 -5.078955 -12.249982 -0.195089 2.688707 9.957901 6.735634 -7.982807 -22.958717 62.867643 90.590328 18.577910 49.698391 9.882226 13.779665 -14.932374 1.949481 6.570703 -8.443306 30.576467 -0.338142 -55.967593 -105.405856 10.806470 -55.464937 -8.885812 11.845650 19.723049 -8.458482 -0.587397 -8.012389 -7.047267 38.335714 -2.510203 6.669002 23.898930 1.850848 -0.101356 -36.532891 6.226031 8.649195 -20.718884 -2.274002 1.848478 14.474952 0.460421 -2.564200 -5.768746 -6.821061 0.000000 0.000000 0.000000
-0.611320 0.960641 -0.696125 0.870243 6.507032 1.478215 1.860450 2.048568 2.115821 0.722429 -4.906626 0.935299 0.719770 0.913346 1.008641 0.615564 6.522375 0.760305 -2.725765 13.281890 -0.358819 -5.017118 -11.328733 0.421153 2.356338 9.770961 6.873666 -8.926370 -22.274306 62.743350 90.549377 18.957183 50.655816 9.942783 13.742542 -14.897926 2.028301 6.752559 -8.149969 29.106537 -0.949309 -56.927783 -103.977166 10.989964 -54.578810 -8.421262 11.750787 20.401312 -9.407278 -3.078922 -8.012126 -7.839514 44.334475 -4.488907 5.462866 24.957877 1.820579 0.802474 -31.409488 7.627317 8.021720 -19.302705 -2.150905 1.763427 15.866292 0.413309 -1.306166 -6.855410 -4.472835 0.000000 0.000000 -0.000000
-0.607739 0.954802 -0.671533 0.944059 5.541003 1.537623 1.619206 2.591302 1.817374 0.627955 -4.667772 0.800943 0.625913 1.152321 0.864718 0.534028 6.701453 0.651784 -2.652356 13.389657 0.080742 -5.051313 -11.112741 1.218758 1.743703 9.508952 7.002695 -9.863445 -21.787844 63.127115 90.053462 20.347842 51.224959 9.763017 13.887345 -14.479445 2.226025 5.829420 -7.948725 27.116097 -1.295349 -57.366383 -102.430644 11.349496 -53.648623 -8.071732 11.578563 21.315636 -10.659666 -5.523283 -7.784338 -8.593087 49.915792 -6.951663 5.261016 23.504870 0.631477 1.818624 -25.809256 8.133296 7.619053 -18.073352 -2.259197 0.690459 17.741022 0.438048 0.429872 -7.924203 -3.457550 -0.000000 0.000000 -0.000000
-0.604658 0.947762 -0.647615 1.020730 4.483089 1.708570 1.377594 3.315161 1.416292 0.538788 -4.348430 0.620912 0.537334 1.471740 0.675636 0.453085 6.940859 0.509097 -2.589698 13.262172 0.562123 -5.131630 -11.329180 2.110408 0.973500 9.191261 7.168482 -10.807529 -21.352682 63.810245 89.086635 22.436704 51.404533 9.223581 14.163428 -13.950422 2.466873 4.354643 -7.798087 24.662386 -1.605638 -57.638166 -100.831359 11.972626 -52.640050 -7.760911 11.382932 22.371999 -12.100960 -8.026406 -7.326927 -9.524633 55.134270 -9.893706 5.648148 20.355647 -1.119073 2.818722 -19.990716 8.288737 7.317064 -16.988335 -2.455703 -0.829170 20.065495 0.434961 2.410705 -9.053078 -3.128512 -0.000000 0.000000 0.000000
-0.601786 0.941596 -0.624136 1.071688 3.543281 1.881533 1.082743 4.010602 1.040283 0.425851 -4.041252 0.453601 0.424947 1.779020 0.496850 0.355272 7.171173 0.374225 -2.535999 13.058867 0.956885 -5.199295 -11.688318 2.847039 0.376104 8.980545 7.478715 -11.666848 -20.913118 64.428053 87.490707 24.555311 50.978099 8.175227 14.351494 -13.975381 2.507271 3.532663 -7.720047 21.989244 -2.578039 -58.292255 -99.541316 13.300997 -51.460249 -7.311165 11.283870 23.473752 -13.330034 -10.572954 -6.658854 -10.118938 59.403863 -12.348620 6.242935 16.814527 -2.387115 3.175496 -16.446641 7.966218 7.112341 -15.731496 -2.576603 -1.867209 22.015085 0.342780 3.721614 -10.420938 -2.961570 0.000000 0.000000 -0.000000
-0.598917 0.936751 -0.601236 1.078789 2.751925 2.044411 0.717216 4.665524 0.708061 0.280169 -3.751592 0.307677 0.279770 2.068778 0.336151 0.234443 7.388372 0.253180 -2.502208 12.754832 1.236779 -5.265165 -12.238502 3.381482 0.134948 8.995921 8.098537 -12.199811 -20.586371 64.835161 84.924842 26.798379 49.583114 6.330402 14.207144 -15.025073 2.213761 4.092635 -7.767075 18.904086 -4.953270 -59.512426 -98.462600 15.914036 -50.013415 -6.421226 11.307880 24.788122 -14.422442 -13.186502 -5.714527 -9.402156 62.626232 -13.459467 7.278954 13.072127 -2.729611 2.315215 -17.057250 6.540938 6.949690 -14.182958 -2.566614 -1.882871 23.423711 0.205336 3.861387 -12.342128 -2.686839 -0.000000 0.000000 0.000000
-0.596257 0.932780 -0.578774 1.061488 2.078944 2.211038 0.295940 5.290217 0.397486 0.109305 -3.474868 0.173271 0.109240 2.345541 0.184398 0.095398 7.595847 0.139042 -2.479601 12.374374 1.435167 -5.325785 -12.933889 3.772408 0.078945 9.118660 8.848867 -12.657344 -20.276987 65.192866 81.553495 28.921623 47.399121 4.039946 13.776148 -16.636656 1.741843 5.307261 -7.914045 15.608571 -8.140182 -60.741439 -97.511573 19.296872 -48.526524 -5.323819 11.390581 26.101728 -15.344011 -15.831853 -4.549896 -7.339640 65.024008 -13.004874 8.463455 8.940702 -2.780943 1.027800 -19.844513 4.214455 6.881928 -12.461734 -2.474448 -1.407861 24.454700 0.050109 3.294433 -14.515146 -2.460632 -0.000000 0.000000 -0.000000
-0.594129 0.930419 -0.556093 1.053140 1.643856 2.311462 -0.181462 5.710571 0.178536 -0.091031 -3.288374 0.081538 -0.090978 2.532050 0.072287 -0.062926 7.735709 0.055048 -2.433668 12.147529 1.508988 -5.283055 -13.352804 3.908116 -0.008375 9.141426 9.310441 -13.687024 -19.630862 65.576011 78.143674 29.851642 45.318776 2.087062 13.348615 -18.095180 1.303510 6.201362 -8.039164 12.937772 -10.827421 -61.633637 -97.219344 22.299740 -47.422114 -4.685154 11.558390 26.783989 -15.507020 -18.420784 -3.417491 -4.595974 66.461614 -10.794591 8.634532 5.146368 -2.937488 0.283395 -21.524978 2.173566 7.070539 -10.608904 -2.281503 -1.099029 24.771163 -0.124589 2.567228 -16.220871 -2.378019 0.000000 0.000000 -0.000000
-0.592730 0.930010 -0.533111 1.128460 1.533474 2.305293 -0.748423 5.840966 0.093170 -0.338533 -3.230492 0.050800 -0.338363 2.589869 0.016373 -0.252417 7.779107 0.013785 -2.360688 12.167664 1.422059 -5.106489 -13.324675 3.710433 -0.190429 8.994001 9.294016 -15.725207 -18.508768 66.090926 74.791791 29.100079 43.873618 0.668566 13.198073 -19.317688 0.937432 6.356140 -8.093682 11.270231 -12.457350 -62.337743 -98.209123 24.890652 -46.903712 -4.969437 11.936906 26.354596 -14.376794 -21.099425 -2.509732 -1.127473 66.925851 -6.224022 6.877546 1.739928 -3.316140 0.083537 -20.993451 1.315948 7.723358 -8.607077 -1.929885 -1.383551 24.117413 -0.399505 1.819150 -17.308028 -2.488970 0.003118 0.192798 -0.137496
-0.591862 0.931211 -0.509909 1.214529 1.661041 2.232965 -1.368997 5.771407 0.111002 -0.615740 -3.261611 0.066342 -0.615338 2.558500 0.003755 -0.460883 7.755575 0.005379 -2.265718 12.334071 1.200764 -4.823395 -13.033391 3.239164 -0.412025 8.724325 8.995966 -18.297741 -17.035827 66.503239 71.589256 27.363300 43.003043 -0.389226 13.145733 -20.463713 0.605553 6.190103 -8.097361 10.261092 -13.536047 -63.035132 -100.074467 27.145167 -46.902817 -5.846116 12.370143 25.358995 -12.428081 -23.766379 -1.779695 2.201367 66.131482 -0.752700 4.186770 -1.381255 -3.810343 0.031174 -19.433048 1.035070 8.648573 -6.482759 -1.442009 -1.817055 22.746887 -0.690406 0.914897 -17.928780 -2.753760 0.006364 0.385401 -0.275250
-0.591253 0.933730 -0.486069 1.124029 1.885233 2.144641 -1.937796 5.592052 0.195218 -0.873731 -3.341803 0.110117 -0.873067 2.477953 0.021341 -0.652789 7.695122 0.019653 -2.126746 12.585371 0.890952 -4.417388 -12.589295 2.578587 -0.721843 8.299046 8.584396 -20.703174 -15.300073 66.374723 69.404765 25.472978 42.797709 -1.005249 13.016171 -21.152409 0.407244 5.990439 -8.005431 9.674645 -14.281556 -63.723290 -101.915452 28.046636 -47.188740 -6.726880 12.560465 24.742029 -10.591700 -25.960243 -1.062362 3.157321 63.788554 2.370552 2.287313 -3.675169 -4.250599 0.013072 -17.055705 0.649735 9.406542 -4.334547 -0.941660 -1.760790 21.085983 -0.783919 0.010862 -17.825100 -3.181958 -0.000000 -0.000000 -0.000000
-0.590873 0.937724 -0.461404 0.718437 2.228335 2.009800 -2.421065 5.274449 0.366399 -1.098472 -3.483984 0.190414 -1.097463 2.335427 0.078827 -0.816882 7.588152 0.063774 -1.915189 12.955525 0.465571 -3.825838 -11.928396 1.667466 -1.196105 7.600541 8.042102 -22.722183 -13.240573 65.432248 68.597264 23.384229 43.360037 -1.145126 12.743728 -21.034147 0.462956 5.806317 -7.759206 9.663434 -14.647002 -64.513743 -103.502410 26.896008 -47.579664 -7.347571 12.397780 25.012807 -9.019444 -27.578513 -0.234451 1.212311 59.717370 2.293027 1.799379 -4.679799 -4.409140 -0.033807 -13.417667 -0.274318 9.851095 -1.963888 -0.496752 -0.885144 18.798214 -0.575201 -0.818064 -16.937976 -3.810926 -0.011999 -0.859477 1.022930
-0.590752 0.943036 -0.436102 0.135084 2.666395 1.854266 -2.852858 4.851511 0.612695 -1.303979 -3.673764 0.302325 -1.302323 2.145222 0.169881 -0.963784 7.445279 0.132961 -1.664421 13.407906 -0.052642 -3.128293 -11.111920 0.569412 -1.732719 6.725868 7.407340 -24.623682 -11.054848 63.889254 68.652935 21.111217 44.490996 -0.997611 12.476589 -20.381345 0.649818 5.599255 -7.415634 10.076596 -14.652229 -65.339997 -104.975354 24.347702 -47.891344 -7.900725 12.089898 25.665096 -7.567764 -28.715908 0.651129 -1.716057 54.244873 1.097368 1.960043 -4.812574 -4.296399 -0.104128 -8.975078 -1.337452 10.133902 0.442528 -0.089070 0.449249 16.220384 -0.288720 -1.678759 -15.329292 -4.600218 -0.034455 -2.303130 2.453295
-0.590707 0.948907 -0.410309 -0.397021 2.990841 1.816157 -3.228832 4.498879 0.836180 -1.482977 -3.832542 0.403318 -1.480581 1.985945 0.252701 -1.091253 7.325507 0.195752 -1.439853 13.781224 -0.535051 -2.505760 -10.432538 -0.439672 -2.136811 5.991979 6.910616 -26.466412 -9.204863 62.183313 69.234814 19.442550 45.626502 -0.825958 12.379326 -19.729592 0.700027 5.518725 -7.123437 10.211071 -14.632225 -65.888302 -105.994816 21.453958 -47.826754 -8.385797 11.847793 26.071795 -6.773004 -29.173509 1.629472 -3.868235 48.118551 0.263316 2.374451 -4.805300 -3.999264 -0.114505 -5.270142 -1.934927 10.236005 2.218063 0.276592 1.853452 14.799264 -0.132138 -2.708143 -12.927714 -5.431795 -0.120197 -5.220746 3.695916
-0.590559 0.955767 -0.384083 -0.833292 3.148698 1.949036 -3.539502 4.273444 1.017022 -1.630622 -3.934626 0.485174 -1.627676 1.883435 0.319573 -1.196568 7.248349 0.246460 -1.258622 13.991094 -0.961961 -1.994413 -10.049053 -1.318787 -2.349008 5.477902 6.629791 -28.262298 -7.791993 60.361711 70.721682 18.740804 46.628021 -0.597117 12.603172 -19.185752 0.493871 5.580100 -6.952742 9.653652 -14.658825 -66.005562 -106.387801 18.441126 -47.202102 -8.698030 11.606825 26.049557 -6.972701 -28.743301 2.796298 -4.989853 41.190931 0.005426 2.837831 -4.873147 -3.614680 -0.025101 -2.848820 -1.561890 10.030084 3.182492 0.573403 3.368252 14.910809 -0.081856 -4.110526 -9.561133 -6.163592 -0.369222 -10.494785 4.450875
-0.590487 0.963187 -0.357365 -1.216709 3.196250 2.203557 -3.793479 4.112999 1.166372 -1.751371 -4.007620 0.552759 -1.748010 1.810111 0.374911 -1.282703 7.193140 0.288412 -1.098163 14.127629 -1.345909 -1.542219 -9.796561 -2.105534 -2.450720 5.127894 6.463586 -30.016437 -6.688599 58.500110 72.867028 18.500082 47.531344 -0.284391 12.986262 -18.646153 0.149622 5.755988 -6.845142 8.807473 -14.658854 -65.850205 -106.512070 15.104446 -46.280126 -8.939219 11.366742 25.770362 -7.789746 -27.593349 4.039405 -5.472629 33.654228 0.078375 3.493520 -4.782435 -2.980350 0.032466 -1.135439 -0.668351 9.621053 3.515839 0.838382 4.958219 16.191007 -0.034085 -5.745626 -5.416731 -6.944688 -0.781584 -17.229005 5.113768
-0.590851 0.969115 -0.330127 -1.448494 3.090371 2.568952 -4.012934 4.008375 1.224122 -1.851841 -4.055170 0.579557 -1.848124 1.762230 0.391512 -1.356517 7.157107 0.301085 -0.962022 14.294791 -1.603925 -1.187560 -9.483972 -2.643903 -2.486364 5.074925 6.350142 -31.740274 -5.898951 57.149903 74.489729 18.294234 48.080910 -0.124589 13.233750 -18.342589 -0.243638 6.125560 -6.765991 8.200978 -14.761855 -65.568166 -106.790237 11.864831 -45.526386 -9.407050 11.357452 25.101129 -8.715384 -26.097305 5.108047 -5.364524 26.824920 0.406037 4.489933 -4.608425 -1.852201 0.000000 0.000000 0.000000 9.331838 3.090226 1.191997 6.133065 18.974690 0.047434 -7.283069 -0.962924 -8.061235 -1.268962 -23.640637 6.058033
-0.591837 0.973363 -0.302293 -1.428687 2.793507 3.103910 -4.224720 3.962720 1.128163 -1.940762 -4.075232 0.538266 -1.936762 1.741841 0.341187 -1.426664 7.141916 0.263232 -0.836646 14.551176 -1.668269 -0.931112 -9.005485 -2.811842 -2.411731 5.358713 6.328718 -33.536263 -5.291348 56.560951 75.127745 18.090644 48.119231 -0.258181 13.214696 -18.511524 -0.783895 6.861945 -6.726875 8.078792 -15.097911 -65.130387 -107.304570 8.738946 -45.068637 -10.293165 11.811641 23.806152 -9.739028 -24.177780 5.880345 -4.578481 20.838074 0.880204 6.080992 -4.445896 0.435080 -0.044290 0.390164 0.142323 9.305802 1.703766 1.709521 6.686910 23.746319 0.168284 -8.784536 4.157345 -9.919539 -1.938989 -30.076897 7.673901
-0.593260 0.976119 -0.273938 -1.262618 2.339615 3.748470 -4.401510 3.970613 0.937472 -2.009225 -4.070401 0.454978 -2.005102 1.746450 0.250948 -1.484575 7.145671 0.195255 -0.735967 14.839944 -1.605401 -0.770838 -8.468200 -2.730175 -2.280726 5.944047 6.355484 -35.267354 -4.884164 56.536930 75.256611 17.983044 47.831416 -0.545290 13.054966 -18.917095 -1.376474 7.791514 -6.725298 8.200954 -15.522215 -64.562430 -107.867489 5.685940 -44.799561 -11.405080 12.418625 22.048469 -10.892712 -21.935269 6.459865 -3.400331 15.574257 1.325711 7.920578 -4.286699 3.279828 -0.030768 0.193166 0.073973 9.392205 -0.445503 2.309671 6.781883 30.004648 0.382011 -10.453436 9.573483 -12.113515 -2.752406 -36.211685 9.510180
-0.594915 0.975896 -0.245264 -1.157813 1.794770 4.315312 -4.484909 4.011444 0.775053 -2.037720 -4.050890 0.383808 -2.033618 1.765871 0.176896 -1.511435 7.160498 0.139453 -0.707015 15.090943 -1.536151 -0.746648 -8.002328 -2.609463 -2.287349 6.846636 6.241271 -36.570161 -4.878798 56.952697 75.067192 17.812231 47.510477 -0.843917 12.866864 -19.083201 -1.638763 8.480123 -6.687178 8.364909 -15.760020 -64.089885 -108.346842 3.034760 -44.813524 -12.457808 12.642066 20.337388 -11.767465 -20.018911 7.011389 -2.438713 11.954706 1.513253 9.448391 -3.969021 4.922280 -0.000000 0.000000 0.000000 9.472376 -2.880905 2.888839 6.489032 36.597990 0.707219 -11.909688 13.744846 -13.678443 -2.936705 -39.263513 10.358625
-0.596746 0.971607 -0.216109 -1.185676 1.180165 4.766876 -4.463378 4.068440 0.667210 -2.022431 -4.024526 0.336170 -2.018441 1.792273 0.130812 -1.503447 7.180448 0.104682 -0.751676 15.298066 -1.499177 -0.847115 -7.618645 -2.522294 -2.577802 8.676498 5.734663 -37.384541 -5.764628 58.323764 74.596528 17.565310 47.376756 -1.154105 12.662218 -18.773714 -1.325906 8.870027 -6.499925 8.564045 -15.813887 -63.828458 -108.790096 0.741596 -45.291195 -13.412889 12.214789 18.793758 -12.281429 -18.713668 7.650833 -2.130592 10.534320 1.305762 10.916511 -3.296176 4.754218 -0.002401 0.053477 -0.053349 9.415794 -5.645037 3.444943 5.628302 43.733510 0.935590 -12.771107 16.064838 -14.192228 -1.708507 -36.637008 9.528929
-0.598811 0.964340 -0.186634 -1.274229 0.477010 5.143195 -4.349377 4.161240 0.590304 -1.967691 -3.982409 0.301781 -1.963946 1.834576 0.101972 -1.464704 7.212274 0.082871 -0.867846 15.466230 -1.456795 -1.082090 -7.308137 -2.399311 -3.035553 10.819601 5.074446 -37.804540 -7.022259 60.157790 73.806691 17.267917 47.203683 -1.502514 12.440509 -18.233567 -0.676753 9.021210 -6.254101 8.797211 -15.689550 -63.659167 -109.060808 -1.167203 -46.083585 -14.285334 11.462987 17.368220 -12.528237 -17.728777 8.307682 -2.082826 10.742254 0.868755 12.209368 -2.350492 3.267898 -0.005569 0.107824 -0.105773 9.336625 -8.692442 3.997190 4.133710 51.197726 0.861827 -13.056436 17.182862 -14.028161 -0.130914 -30.855792 7.923129
-0.601077 0.955871 -0.157532 -1.410688 -0.305258 5.376361 -4.122292 4.324084 0.594369 -1.867099 -3.909772 0.302938 -1.863803 1.907577 0.113329 -1.388792 7.267028 0.091389 -1.096966 15.541681 -1.417498 -1.525025 -7.170569 -2.241286 -3.403512 11.460987 4.829322 -37.622643 -7.426885 60.753023 72.784683 16.804136 46.625564 -1.790135 12.301611 -17.704530 -0.031387 8.681615 -6.183570 8.860344 -15.123365 -63.442376 -108.787152 -2.236775 -46.817781 -14.884334 10.823850 16.336014 -12.354173 -16.838902 8.901406 -1.624334 11.829720 0.499150 12.278397 -1.312990 0.319522 0.000000 -0.000000 -0.000000 9.488198 -11.412728 4.477645 2.518131 57.222204 0.770415 -12.755491 17.462290 -13.395038 0.576046 -26.869860 6.197829
-0.603490 0.945800 -0.128559 -1.558845 -1.239201 5.410120 -3.746259 4.568555 0.732832 -1.707734 -3.801710 0.362912 -1.705073 2.016165 0.189473 -1.264196 7.348297 0.148776 -1.496232 15.501805 -1.407472 -2.273591 -7.247163 -2.075136 -3.575880 9.049311 5.345330 -36.578118 -5.739878 58.659498 71.639986 15.886943 45.335280 -1.937168 12.357565 -17.182354 0.613822 7.376236 -6.461946 8.470009 -13.637740 -62.946559 -107.737667 -2.407642 -47.296978 -15.223298 10.494610 15.654074 -11.607069 -15.895459 9.476406 -0.133838 13.708236 0.330418 9.917444 0.146749 -5.102506 0.010525 -0.362750 0.394268 10.234386 -13.463136 4.883356 1.383037 61.114004 1.351896 -11.893353 16.812633 -12.296026 0.381806 -27.175486 4.234934
-0.606104 0.934529 -0.099958 -1.748442 -2.253215 5.302979 -3.259018 4.880153 0.961471 -1.504151 -3.663967 0.461833 -1.502184 2.154479 0.309049 -1.103323 7.451760 0.238880 -2.007504 15.366468 -1.404079 -3.229408 -7.498566 -1.878208 -3.675034 5.123511 6.214113 -35.074706 -2.985001 55.512519 70.332418 14.766169 43.657298 -2.006312 12.481301 -16.658938 1.279343 5.599852 -6.969616 7.929613 -11.712019 -62.397476 -106.200416 -1.695964 -47.714813 -15.320623 10.324746 15.340159 -10.450632 -15.057071 10.035950 1.764420 16.499403 0.377767 5.871484 1.522593 -11.837428 0.009664 -0.886386 0.948226 11.213756 -15.197852 5.199879 0.597659 63.576190 2.429801 -10.485756 15.293021 -10.794481 0.051852 -29.332864 1.758073
-0.609053 0.925031 -0.073154 -2.066630 -3.122021 5.160287 -2.748865 5.255340 1.178975 -1.290160 -3.497367 0.555152 -1.288864 2.321591 0.424085 -0.935041 7.576900 0.325525 -2.498753 15.147103 -1.338856 -4.173234 -7.901279 -1.569229 -3.682302 2.520871 6.975172 -33.520323 -1.618893 53.945788 68.671613 14.102615 42.166975 -2.102494 12.420682 -16.371790 1.622343 4.540897 -7.451900 7.886333 -10.519551 -62.316152 -104.639982 0.249967 -48.243808 -15.017455 10.213474 15.737590 -9.196223 -14.552811 10.411783 2.929864 19.745671 0.688782 2.591937 1.508517 -16.828583 -0.007555 -1.460817 1.423904 11.607691 -17.037414 5.339741 -0.239198 64.973108 3.201727 -8.557233 13.516830 -9.151584 0.043632 -30.963699 -1.125925
-0.612205 0.918079 -0.049059 -2.541740 -3.799308 4.961546 -2.228949 5.771111 1.388152 -1.072067 -3.267710 0.644321 -1.071471 2.551723 0.535400 -0.764126 7.749416 0.409410 -2.940615 14.754470 -1.188903 -5.062260 -8.619691 -1.111146 -3.556613 2.686153 7.589249 -31.858511 -3.525618 55.033884 66.253383 14.517599 41.076689 -2.218639 11.973824 -16.380671 1.363552 4.898635 -7.794217 8.722515 -10.934339 -63.182383 -103.166378 4.296887 -49.086410 -14.028254 9.953540 17.400466 -7.625202 -14.777033 10.400211 2.521429 23.881212 1.290046 1.596365 -0.846588 -18.736325 -0.030668 -2.064291 1.777161 10.887337 -19.274846 5.319112 -1.486126 65.517884 3.152767 -5.570482 11.599822 -7.056351 0.438522 -31.682868 -4.801515
-0.615693 0.912900 -0.026761 -3.145362 -4.333511 4.729475 -1.681318 6.350220 1.581110 -0.841351 -3.009260 0.724789 -0.841300 2.810576 0.639295 -0.584264 7.943558 0.487554 -3.359881 14.280101 -0.969112 -5.944114 -9.482395 -0.520546 -3.277489 4.180282 8.183948 -30.044260 -7.165155 57.273417 63.373036 15.329082 40.097699 -2.348008 11.351289 -16.628585 0.746316 5.952125 -8.057392 10.040252 -12.039150 -64.597036 -101.811904 9.611316 -49.792336 -12.628359 9.472977 19.720477 -5.942317 -15.327950 10.173255 1.439951 28.449254 2.022056 1.877805 -4.409558 -19.101552 -0.050249 -2.723866 2.045232 9.574349 -21.602560 5.192593 -2.778986 65.018200 2.793864 -2.161877 9.491928 -4.655313 1.319340 -31.868136 -8.906319
-0.620050 0.910155 -0.004937 -3.885748 -4.638870 4.632924 -1.150445 6.763380 1.630443 -0.609414 -2.823960 0.740017 -0.609580 2.996143 0.678066 -0.407931 8.082888 0.516116 -3.711303 14.009868 -0.667174 -6.731802 -9.958386 0.196469 -2.813725 5.532844 8.612250 -28.097607 -10.076494 59.303432 60.914763 15.257490 39.119722 -2.605057 10.929351 -17.191485 0.195432 6.743906 -8.204769 11.265676 -12.365435 -65.648259 -100.717003 13.909236 -49.707224 -11.515244 9.136409 21.383415 -5.097360 -15.233005 10.114677 1.076541 31.631246 2.517955 2.496480 -7.151708 -19.250916 -0.062698 -3.407799 2.107430 8.463967 -23.541979 4.894697 -3.523781 63.255705 2.793353 0.041161 7.609231 -2.861007 2.080929 -30.379437 -11.694163
-0.625666 0.910548 0.016769 -4.729218 -4.610386 4.730098 -0.678964 6.880389 1.466699 -0.390180 -2.770116 0.660556 -0.390334 3.050186 0.620871 -0.247788 8.123730 0.471814 -3.962726 14.116184 -0.243254 -7.366814 -9.726761 1.085981 -2.049107 6.236998 8.788347 -25.815078 -11.189453 60.961026 58.918070 13.499747 37.925152 -3.348901 10.873382 -18.595676 -0.186346 6.923078 -8.186468 12.030796 -11.136625 -66.025698 -99.529943 16.436179 -48.256360 -10.892972 9.523866 21.868675 -5.851138 -13.767177 10.475851 2.289272 32.152063 2.538657 3.195729 -8.391164 -19.592422 -0.066922 -3.792394 1.993743 7.997893 -25.080963 4.173089 -3.054879 60.045084 4.087468 0.513638 5.980818 -2.203088 1.973924 -26.270861 -12.641160
-0.632151 0.913376 0.038000 -5.709779 -4.346814 4.952726 -0.228163 6.832070 1.152617 -0.170561 -2.790075 0.514578 -0.170651 3.030373 0.497222 -0.092071 8.109215 0.377128 -4.143170 14.431970 0.258610 -7.884249 -9.098762 2.077710 -1.117370 6.800974 8.785283 -23.330863 -11.598083 62.589582 57.574807 10.890293 36.802311 -4.212346 11.034961 -20.322372 -0.493090 6.845165 -8.058236 12.713444 -9.174639 -65.962506 -98.404414 17.780366 -46.166222 -10.559975 10.324679 21.841094 -7.406508 -11.636274 10.902132 4.119649 31.284110 2.238104 4.196869 -8.808142 -19.693576 -0.061478 -4.199032 1.675886 7.779847 -26.257817 3.233133 -2.341055 55.576925 5.593371 -0.028109 4.538869 -2.287509 1.333290 -20.561613 -12.453763
-0.638873 0.917184 0.059002 -6.939042 -4.063910 5.281346 0.276134 6.782210 0.759119 0.077575 -2.811481 0.332675 0.077554 3.008946 0.340559 0.082642 8.093380 0.257348 -4.304469 14.733361 0.721472 -8.344938 -8.495594 2.984542 -0.394985 7.284598 8.656657 -21.030861 -11.900906 63.762776 57.859815 8.774039 36.382758 -4.301151 11.346798 -20.848565 -0.585127 6.612837 -7.944271 13.853594 -7.468459 -65.232499 -98.229656 17.796446 -45.020292 -10.607540 10.809031 21.796659 -8.440790 -10.046103 10.985889 5.230197 31.007007 1.965876 5.206698 -8.433373 -19.462277 -0.045944 -5.561806 0.945836 7.352555 -26.674973 2.647964 -2.511980 50.208182 5.628905 -1.251285 3.542939 -2.736748 0.742192 -15.088811 -11.038262
-0.645678 0.922085 0.079817 -8.544210 -3.830099 5.747511 0.913218 6.790417 0.282664 0.389615 -2.808050 0.111986 0.389675 3.012178 0.151593 0.302917 8.095892 0.112815 -4.485168 14.936759 1.114935 -8.817368 -8.073556 3.772085 -0.070088 7.668870 8.338214 -18.959184 -12.091407 64.206156 60.222837 7.483530 36.995900 -3.054117 11.671804 -19.170008 -0.292829 6.087468 -7.890767 15.845012 -6.382530 -63.485659 -99.658421 16.031428 -45.793332 -11.258604 10.548621 21.874938 -8.223177 -9.420994 10.612634 4.822068 31.871205 1.789440 6.271010 -7.162606 -18.925672 0.022338 -8.386887 -0.257672 6.547476 -25.935828 2.660864 -3.514268 43.507777 3.863609 -3.293877 3.105368 -3.425824 0.350421 -9.781419 -7.446241
-0.652720 0.927967 0.100403 -10.396299 -3.562231 6.315739 1.603673 6.793450 -0.273151 0.730170 -2.808172 -0.144683 0.730316 3.011735 -0.070459 0.542176 8.095399 -0.056904 -4.649345 15.126991 1.468492 -9.241979 -7.676670 4.476732 0.039771 7.977704 7.884404 -17.073142 -12.082459 64.242188 64.027208 6.708993 38.158071 -0.889167 11.904353 -16.337913 0.206867 5.398911 -7.855670 18.299671 -5.689836 -61.029865 -101.953627 12.968630 -47.446047 -12.280227 9.961136 21.901162 -7.516291 -9.357697 9.988594 3.692271 33.329833 1.620368 7.364744 -5.071057 -18.113670 0.212784 -12.171072 -1.883471 5.557730 -24.410776 2.919772 -4.276289 35.749685 1.800361 -5.937238 3.006014 -4.760412 0.101877 -4.190164 -2.925054
-0.659828 0.933041 0.120885 -12.225010 -3.255645 6.872295 2.184132 6.771105 -0.825980 1.021539 -2.820724 -0.398295 1.021736 2.998783 -0.294456 0.744410 8.085242 -0.227830 -4.742358 15.329700 1.756132 -9.505648 -7.266014 5.028540 0.116353 8.338809 7.523291 -15.648119 -12.281151 64.258320 68.431619 6.869739 39.395538 1.504927 12.171213 -13.870726 0.545904 5.054779 -7.821647 20.578153 -5.388837 -58.672961 -104.115369 10.086361 -48.668734 -13.081899 9.544333 21.828636 -7.273493 -9.856093 9.307336 2.908936 35.721898 1.575846 8.118757 -2.455348 -16.959613 0.569934 -16.339793 -3.968289 4.433590 -22.855893 3.159721 -4.337354 28.424858 0.460403 -8.346887 2.986511 -6.932440 0.000000 -0.000000 -0.000000
-0.666949 0.937211 0.141125 -13.985384 -2.850501 7.435451 2.596867 6.685307 -1.390109 1.238650 -2.862535 -0.654120 1.238802 2.956517 -0.528207 0.890205 8.052852 -0.405675 -4.729926 15.580646 1.964797 -9.537671 -6.781891 5.389087 0.219932 8.829891 7.347803 -14.902623 -12.897511 64.414263 73.721699 8.589236 40.926449 4.136507 12.775974 -12.166795 0.567085 5.253999 -7.811203 22.560256 -5.395972 -56.625944 -106.018406 7.906184 -49.123477 -13.425311 9.526393 21.566775 -7.877074 -11.107242 8.626957 3.015010 39.389830 1.696835 8.366357 1.120729 -15.385604 1.249330 -21.689974 -6.782672 2.946479 -21.408520 3.417977 -3.726418 21.716060 -0.266333 -10.320379 3.113360 -10.407508 -0.027617 1.262590 0.578158
-0.674135 0.940574 0.161261 -15.720810 -2.408030 7.982675 2.900711 6.568297 -1.948634 1.406650 -2.918689 -0.905679 1.406694 2.899942 -0.762695 0.999063 8.009581 -0.583754 -4.647951 15.840725 2.104438 -9.413788 -6.293805 5.595108 0.292169 9.374248 7.257167 -14.628038 -13.685542 64.561305 79.772088 10.966209 42.942722 6.958929 13.531630 -10.924304 0.438784 5.804068 -7.809499 24.373520 -5.673890 -54.752441 -107.926700 5.989579 -49.189384 -13.559617 9.678589 21.188480 -8.928433 -12.954704 7.985365 3.462920 43.992784 1.825808 8.382621 5.262327 -13.560285 2.300732 -27.424900 -10.160033 1.325231 -19.931420 3.650500 -2.814265 15.490431 -0.691686 -11.902815 3.145997 -14.594729 -0.007610 0.644733 0.260560
-0.681379 0.941619 0.181832 -17.299312 -2.123632 8.351255 3.106810 6.511064 -2.374225 1.523377 -2.947396 -1.097171 1.523379 2.870981 -0.942345 1.073512 7.987137 -0.720155 -4.548053 16.022061 2.185669 -9.242549 -5.959047 5.693716 0.337001 9.868430 7.192322 -14.455740 -14.380239 64.592206 84.948620 12.404537 44.759027 8.968497 14.113954 -10.333441 0.289051 6.632403 -7.737165 25.771551 -6.142254 -53.364330 -109.640668 4.502051 -48.873874 -13.631087 9.816435 20.858503 -10.224927 -14.870807 7.508793 3.646713 48.843573 1.752948 8.420182 8.417020 -11.693889 3.100618 -30.668931 -13.160733 0.247798 -18.796417 3.613568 -2.107868 10.879925 -0.679246 -12.845191 2.655576 -17.768133 0.000000 -0.000000 0.000000
-0.688631 0.939771 0.203412 -18.642464 -2.094093 8.467793 3.195329 6.534178 -2.604212 1.576487 -2.938815 -1.200637 1.576493 2.879466 -1.040433 1.106216 7.993088 -0.794662 -4.434680 16.108326 2.182439 -9.024046 -5.809998 5.639684 0.362031 10.356650 7.147617 -14.331972 -14.947895 64.409607 88.582070 12.525585 45.970996 9.483265 14.498417 -10.534053 0.114896 8.129731 -7.518269 26.638129 -6.957984 -52.795442 -111.072937 3.537441 -48.110812 -13.649669 9.873493 20.519774 -11.881082 -16.694090 7.259502 3.229984 53.970715 1.156855 8.698241 9.925142 -9.381462 2.706769 -29.519618 -15.480744 0.070712 -18.161986 3.154600 -1.693676 8.359154 -0.205856 -13.395985 1.520713 -19.108786 0.000000 0.000000 0.000000
-0.695940 0.935605 0.225426 -19.833505 -2.239925 8.422531 3.185748 6.626212 -2.705314 1.578681 -2.898525 -1.245846 1.578769 2.919720 -1.085407 1.104699 8.023096 -0.828840 -4.304808 16.112898 2.124892 -8.761955 -5.818485 5.486720 0.356381 10.796637 7.128568 -14.301586 -15.428011 64.110721 91.150037 11.949484 46.709491 9.100138 14.792570 -11.174850 -0.079824 9.911300 -7.259949 27.093510 -7.929110 -52.682169 -112.316378 3.048145 -47.037239 -13.606014 9.917197 20.228295 -13.812925 -18.554794 7.170480 2.166002 59.321834 -0.093023 9.017678 10.494195 -6.893976 1.214026 -26.156306 -17.228411 0.415657 -17.876188 2.512807 -1.540443 7.481350 0.445661 -13.651577 0.173318 -19.329011 0.000000 0.000000 0.000000
-0.703451 0.929351 0.246690 -20.985714 -2.496276 8.304910 3.147353 6.833799 -2.748743 1.565443 -2.806355 -1.265602 1.565851 3.011907 -1.106481 1.093660 8.092178 -0.845056 -4.198431 15.995635 2.111807 -8.568983 -6.045814 5.435245 0.296185 10.953291 7.105634 -14.135679 -15.669904 63.850973 92.536000 10.892159 46.840619 8.759606 14.849162 -11.586897 -0.163423 10.735645 -7.102171 27.216696 -8.463925 -52.271644 -113.418551 2.959670 -45.984857 -13.600734 9.974977 20.329351 -15.513433 -20.353513 7.088616 0.307682 64.116009 -1.820561 8.831851 10.544849 -5.393293 -0.260153 -23.632895 -17.829869 0.846978 -17.848034 2.066058 -1.947609 8.020717 0.935862 -13.260539 -0.835500 -18.967230 -0.000000 0.000000 -0.000000
-0.711040 0.920122 0.267211 -22.129645 -2.880268 8.051775 3.103134 7.184921 -2.687819 1.544064 -2.649687 -1.239664 1.544886 3.168644 -1.082698 1.079843 8.209869 -0.827527 -4.120728 15.701835 2.169881 -8.469009 -6.591107 5.541144 0.123181 10.533920 7.021187 -13.833754 -15.401688 63.490410 92.564750 9.058153 46.417214 8.865013 14.577711 -11.398315 0.070420 9.693578 -7.032632 26.945144 -7.842839 -51.096624 -114.581297 3.174306 -45.014425 -13.683103 10.060197 20.858455 -16.754803 -22.028838 6.976478 -2.740014 68.261342 -4.075141 7.597389 10.001272 -5.630270 -0.918295 -22.770584 -16.426861 1.380034 -18.061626 1.934522 -3.597624 10.172306 1.073994 -11.593391 -0.956013 -17.977710 0.000000 0.000000 -0.000000
-0.718830 0.908804 0.286982 -23.232409 -3.380102 7.732684 3.031602 7.656480 -2.577239 1.507949 -2.439079 -1.191853 1.509232 3.379338 -1.038527 1.056474 8.368100 -0.794636 -4.063058 15.289473 2.280721 -8.434997 -7.349613 5.762661 -0.096779 9.829382 6.962429 -13.398777 -14.891784 63.152594 91.450729 6.799686 45.517759 8.987899 14.052881 -10.993266 0.424031 7.689870 -6.993941 26.323068 -6.754614 -49.667078 -115.570516 3.792295 -44.108007 -13.758242 10.183209 21.790740 -17.751118 -23.642866 6.822168 -7.060301 71.857918 -7.229219 5.817894 8.679124 -6.701560 -1.093948 -22.248236 -13.909373 1.989959 -18.527872 2.011421 -5.801135 13.743663 0.844432 -9.218062 -0.752762 -16.521356 0.000000 0.000000 0.000000
-0.727336 0.898286 0.304794 -24.316090 -3.876502 7.631210 2.933211 8.208879 -2.640275 1.471181 -2.193343 -1.220796 1.473171 3.625170 -1.071159 1.027478 8.552418 -0.819958 -4.046652 14.890654 2.473235 -8.507878 -8.071750 6.151534 -0.209743 9.486953 7.097719 -12.598533 -14.776923 63.391321 89.721254 5.260182 44.002401 8.862753 13.377588 -10.860127 0.414251 6.196134 -7.023693 25.545334 -6.727503 -48.640549 -115.779637 4.975940 -43.485976 -13.681589 10.370451 23.380771 -18.629677 -25.307465 6.506564 -11.335460 74.486200 -10.493093 4.434508 6.942415 -7.401873 -1.035325 -21.859406 -12.101774 2.179415 -19.187737 2.319660 -6.819535 17.913468 0.346221 -7.606320 -1.352228 -15.358005 0.000000 0.000000 0.000000
-0.736862 0.889162 0.319639 -25.415294 -4.374809 7.951330 2.802923 8.916939 -3.048216 1.443624 -1.879991 -1.402027 1.446707 3.938582 -1.255102 0.995256 8.786872 -0.960168 -4.097657 14.492262 2.830388 -8.771694 -8.769742 6.876335 -0.138590 9.942286 7.549923 -11.068305 -15.570764 64.695585 87.284335 5.014390 41.324614 8.423913 12.397875 -11.117590 -0.395850 5.931493 -7.197229 24.741007 -8.803102 -48.114354 -114.712858 6.750565 -43.268829 -13.273781 10.614680 26.207877 -19.349193 -27.068868 5.958832 -13.606681 76.006019 -11.995314 4.011909 4.854296 -7.388755 -0.789105 -21.826750 -11.877028 1.348338 -20.247856 3.081842 -5.283045 23.058359 -0.326625 -7.736445 -3.462237 -14.631219 -0.000000 -0.000000 -0.000000
-0.747104 0.880839 0.332525 -26.502818 -4.853583 8.489078 2.634138 9.690991 -3.638051 1.412258 -1.537534 -1.662113 1.416215 4.281097 -1.518304 0.954487 9.042835 -1.160628 -4.187732 14.116465 3.273559 -9.145867 -9.409177 7.779754 0.059555 10.771638 8.161307 -9.123702 -16.775916 66.496378 84.300425 5.252365 37.834631 7.762724 11.276570 -11.628543 -1.580790 6.173340 -7.451239 23.754453 -11.971638 -47.735551 -112.849073 8.987451 -43.355308 -12.613234 10.863698 29.694225 -19.903226 -28.907631 5.240192 -13.771607 76.706107 -11.406847 3.971274 2.489568 -7.104551 -0.313552 -22.115678 -12.271700 0.066582 -21.467262 4.113442 -2.585578 28.851581 -0.919592 -8.723546 -6.346269 -14.027526 0.000000 -0.000000 -0.000000
-0.757665 0.874426 0.345271 -27.505663 -5.155911 8.907285 2.432629 10.246838 -4.119745 1.358602 -1.290713 -1.871967 1.362701 4.528082 -1.733616 0.899588 9.227397 -1.324403 -4.262031 13.939428 3.575568 -9.421179 -9.693917 8.394850 0.299504 11.333402 8.667777 -7.582827 -17.460629 67.868182 81.642191 5.208451 34.754396 6.952410 10.578696 -12.524241 -2.337643 6.226140 -7.624089 22.337403 -14.726032 -47.524923 -111.062129 11.621156 -43.648518 -12.001646 11.125176 32.348307 -20.488427 -30.838185 4.452718 -12.867250 76.830948 -9.817439 3.420706 0.383678 -6.618852 0.184294 -22.328118 -12.365107 -0.350238 -22.149244 4.756331 -1.053026 33.348017 -1.151128 -9.308054 -8.954742 -13.611612 0.000000 0.000000 0.000000
-0.768331 0.870730 0.358903 -28.330445 -5.200990 9.069896 2.203332 10.423050 -4.358527 1.273853 -1.211139 -1.972575 1.277645 4.607866 -1.842864 0.828277 9.287063 -1.406902 -4.320281 14.116412 3.587002 -9.516338 -9.358256 8.419171 0.580373 11.309198 9.002788 -6.779297 -17.034911 68.598713 79.361945 4.946455 32.443312 5.794796 10.670137 -14.434967 -2.177618 5.719764 -7.644789 20.222470 -16.534732 -47.741436 -109.500300 15.108902 -44.457652 -11.585041 11.524477 33.360467 -21.329192 -32.890025 3.631392 -10.219669 76.343852 -6.604862 1.664545 -1.338828 -5.835812 0.592170 -22.493800 -11.883513 1.083683 -21.966924 4.443017 -2.005070 35.528372 -0.968684 -8.892196 -10.926372 -13.561918 0.000000 -0.000000 -0.000000
-0.779317 0.868945 0.372394 -29.065071 -5.079492 9.101973 1.951372 10.391959 -4.470378 1.169149 -1.222970 -2.016208 1.172693 4.596229 -1.897138 0.745946 9.278422 -1.447198 -4.372891 14.477364 3.436624 -9.518761 -8.702160 8.117096 0.879185 11.012793 9.252103 -6.430706 -16.063747 68.980917 77.344886 4.568020 30.624714 4.585297 11.081816 -16.807816 -1.584582 5.027255 -7.592208 17.724091 -17.987172 -48.288583 -108.100385 18.990676 -45.558524 -11.334205 11.982722 33.528801 -22.228924 -35.028228 2.755046 -6.958272 75.244691 -2.770612 -0.704840 -2.806791 -4.944038 0.914909 -22.518838 -11.068790 3.405747 -21.261714 3.715246 -4.055969 36.383112 -0.536281 -8.022772 -12.629739 -13.807393 -0.000000 -0.000000 -0.000000
-0.790865 0.867757 0.384481 -29.903947 -4.900058 9.055250 1.692280 10.377151 -4.537547 1.058511 -1.227198 -2.040039 1.061885 4.592242 -1.932229 0.660636 9.275662 -1.472951 -4.379947 14.706371 3.315757 -9.462141 -8.291804 7.868217 1.048189 10.747273 9.388436 -6.468784 -15.309828 68.946406 76.172700 3.663518 29.764793 4.083094 11.274900 -17.934965 -1.211883 4.563843 -7.515128 15.458556 -19.251301 -48.771117 -107.308348 21.890096 -46.034354 -11.307081 12.286431 33.781828 -22.767128 -37.159179 1.830984 -6.417051 73.920829 -1.525952 -2.609506 -3.894638 -4.357590 1.011195 -21.798394 -9.871985 5.074986 -20.416006 3.493725 -5.569022 36.890615 -0.254017 -7.114100 -14.139565 -14.150111 0.000000 0.000000 0.000000
-0.802931 0.866596 0.394378 -30.983665 -4.684399 8.943765 1.440527 10.494849 -4.603319 0.952264 -1.172520 -2.063411 0.955542 4.647118 -1.966423 0.578851 9.317034 -1.498268 -4.314510 14.623942 3.328653 -9.353026 -8.450017 7.876545 0.994949 10.642780 9.366647 -6.801826 -15.195562 68.340010 76.040144 1.640767 30.275116 4.753089 11.050986 -16.646170 -1.375335 4.537498 -7.440881 13.625113 -20.337185 -48.985911 -107.450720 23.361915 -45.225448 -11.632518 12.349301 34.517976 -22.815210 -39.289405 0.904304 -10.189877 72.488583 -4.452484 -3.591392 -4.499319 -4.291418 0.837844 -20.134069 -8.367393 5.277700 -19.609660 4.224717 -5.728284 37.435053 -0.380957 -6.309013 -15.523374 -14.520031 0.000000 -0.000000 0.000000
-0.815561 0.866033 0.402870 -32.168289 -4.415147 8.749500 1.181519 10.631283 -4.628145 0.840135 -1.109411 -2.068368 0.843219 4.710365 -1.982778 0.493814 9.364742 -1.510000 -4.196356 14.414951 3.384309 -9.174393 -8.843157 7.958953 0.810878 10.558937 9.232366 -7.523432 -15.359327 67.337915 76.553161 -0.830436 31.768508 5.934731 10.620611 -14.048101 -1.761150 4.738933 -7.351189 12.003345 -21.234674 -49.104518 -108.167123 24.038014 -43.725204 -12.164495 12.317945 35.379359 -22.484879 -41.403728 -0.111757 -15.252095 70.730462 -8.625939 -4.056666 -4.736735 -4.499947 0.540582 -17.667246 -6.743030 4.881624 -18.648024 5.402278 -5.400016 37.616622 -0.708524 -5.468147 -16.713540 -14.972194 0.000000 0.000000 -0.000000
-0.829137 0.866468 0.411044 -33.243838 -4.140450 8.480222 0.886393 10.664179 -4.571826 0.705100 -1.091864 -2.036708 0.707589 4.728129 -1.964870 0.393418 9.378597 -1.495412 -4.052673 14.313061 3.383746 -8.915445 -9.047174 7.914649 0.627634 10.396315 9.088574 -8.825204 -15.380867 66.347363 77.548241 -2.273226 33.509601 6.779485 10.286814 -11.800848 -2.079788 4.954991 -7.222794 10.545888 -22.059179 -49.235119 -108.765598 24.080285 -42.381356 -12.507748 12.308103 36.134831 -21.666088 -43.372317 -1.465134 -18.147486 68.807521 -10.637812 -4.209306 -4.781615 -4.617042 0.283949 -14.378955 -5.144133 4.893909 -17.430308 6.493689 -5.506228 37.207671 -0.989692 -4.600776 -17.591444 -15.475194 -0.000000 -0.000000 0.000000
-0.843631 0.867979 0.419295 -34.137147 -3.910303 8.119420 0.535276 10.570426 -4.399693 0.536229 -1.130118 -1.952928 0.538047 4.690134 -1.898325 0.270929 9.350894 -1.443557 -3.915491 14.407844 3.281768 -8.610314 -8.896849 7.662010 0.498404 10.116020 9.000797 -10.887479 -15.223568 65.476598 79.482253 -1.684032 35.297110 7.135119 10.305935 -10.392801 -2.225065 5.130695 -7.034397 9.180123 -22.925868 -49.452369 -108.820048 23.219993 -41.324061 -12.499407 12.327187 36.687433 -20.209721 -45.219810 -3.354979 -18.425816 66.987774 -9.954603 -4.015650 -4.562764 -4.536641 0.099443 -9.548179 -3.283960 5.822367 -15.947276 7.273853 -6.500465 36.147845 -1.040467 -3.672589 -18.214627 -16.063651 0.000593 0.067326 0.044191
-0.859072 0.870488 0.427227 -34.922454 -3.676550 7.685952 0.147027 10.381522 -4.138312 0.344289 -1.210735 -1.829270 0.345546 4.609647 -1.794224 0.133886 9.291355 -1.362981 -3.759825 14.605776 3.113386 -8.236380 -8.563121 7.268666 0.376969 9.757822 8.910199 -13.515025 -14.987004 64.556600 82.229097 -0.298785 37.316804 7.319062 10.502657 -9.338158 -2.305419 5.325785 -6.810696 7.999519 -23.731432 -49.727045 -108.810870 21.648282 -40.298302 -12.339445 12.339670 37.107267 -18.159006 -46.881515 -5.708362 -17.718206 65.084231 -8.210369 -3.544787 -4.127854 -4.318594 0.014442 -3.980484 -1.338462 7.157958 -14.257386 8.007808 -7.850637 34.496313 -0.933124 -2.728245 -18.519816 -16.689718 0.001051 0.134642 0.088399
-0.875928 0.874166 0.434741 -35.607451 -3.336968 7.241506 -0.249297 10.055998 -3.832419 0.144692 -1.352545 -1.686430 0.145267 4.467871 -1.671683 -0.007935 9.185810 -1.268296 -3.530861 14.863892 2.894008 -7.702463 -8.128429 6.748815 0.250075 9.343299 8.732938 -16.336126 -14.416192 63.505896 84.700930 0.170078 39.364264 7.247345 10.684582 -8.827592 -2.351874 5.499724 -6.589271 7.215376 -24.256075 -50.053582 -109.311346 20.077472 -39.578569 -12.188508 12.356652 37.381485 -15.721508 -48.091617 -8.339501 -16.630255 62.744373 -6.123921 -3.191794 -3.804294 -3.878746 -0.000000 -0.000000 0.000000 8.373133 -12.400428 8.908613 -8.980288 32.200427 -0.789203 -1.911463 -18.210448 -17.190285 -0.000000 0.000000 0.000000
-0.894162 0.878998 0.442001 -36.227952 -2.820149 6.792788 -0.641289 9.546191 -3.461811 -0.058457 -1.576834 -1.516221 -0.058618 4.243643 -1.522134 -0.150822 9.018460 -1.153130 -3.186068 15.195471 2.604278 -6.923538 -7.570091 6.052050 0.152406 8.867252 8.400315 -19.397984 -13.397351 62.166823 86.114020 -1.048656 41.494387 6.699286 10.793891 -9.176720 -2.360849 5.647514 -6.380786 7.048113 -24.390842 -50.602279 -110.650452 18.764015 -39.363504 -12.070706 12.358909 37.509323 -12.873275 -48.793384 -11.271547 -14.982921 59.851130 -3.564440 -3.196742 -3.880279 -3.079298 -0.016981 1.075920 0.346880 9.418424 -10.256207 10.071749 -9.822829 28.963647 -0.709937 -1.149877 -17.398796 -17.628033 -0.000788 -0.039811 -0.133996
-0.913812 0.884999 0.448843 -36.751337 -2.195716 6.330695 -1.044108 8.901816 -3.036187 -0.269856 -1.861599 -1.322658 -0.270386 3.958847 -1.350090 -0.297944 8.805580 -1.021073 -2.769332 15.591361 2.266579 -5.994560 -6.894189 5.240883 0.062371 8.326233 7.985163 -22.656849 -12.117240 60.555467 86.935187 -2.947977 43.682018 5.861332 10.894338 -10.088116 -2.337988 5.774204 -6.171641 7.279921 -24.221775 -51.255340 -112.427211 17.420303 -39.441377 -11.962154 12.337440 37.493222 -9.745277 -48.996144 -14.393158 -13.432511 56.432993 -1.115410 -3.381213 -4.073354 -2.094874 -0.014912 0.537624 0.174190 10.392057 -7.941227 11.387078 -10.421573 25.079437 -0.585504 -0.550823 -15.976788 -17.918586 -0.002427 -0.281078 -0.401065
-0.935453 0.892388 0.454674 -37.081689 -1.570142 5.894794 -1.468354 8.220706 -2.648695 -0.487214 -2.163236 -1.146467 -0.487740 3.656986 -1.196019 -0.450358 8.579677 -0.902897 -2.349515 15.975007 1.963408 -5.080598 -6.230047 4.501201 -0.125174 7.743715 7.611563 -25.618001 -10.689327 58.876056 87.865258 -4.466345 45.482126 5.181220 10.984861 -10.812382 -2.325474 5.851228 -5.960180 7.456860 -23.807259 -51.584661 -114.094103 15.964297 -39.510883 -11.945426 12.314086 37.323861 -6.884894 -48.581061 -17.200653 -13.244619 52.492497 -0.008584 -3.445797 -3.845828 -1.326334 -0.000000 0.000000 0.000000 10.976205 -5.821094 12.728226 -10.437074 21.382892 -0.352543 -0.540049 -13.331925 -17.699572 0.010072 -1.812784 -1.201006
-0.959559 0.901822 0.459006 -37.140029 -0.940104 5.492928 -1.933164 7.496601 -2.337344 -0.717201 -2.484047 -1.004460 -0.717601 3.335889 -1.077393 -0.614713 8.339276 -0.811774 -1.935700 16.326096 1.728125 -4.209889 -5.615103 3.898152 -0.485341 7.050402 7.335877 -28.104992 -8.929684 57.159565 89.369564 -5.273564 46.610515 4.810776 11.062872 -11.067320 -2.319632 5.780069 -5.719039 7.380549 -23.084853 -51.347906 -115.425502 14.183418 -39.538584 -12.083138 12.271568 36.969920 -4.441433 -47.483787 -19.474325 -15.029102 47.952493 -0.743517 -3.024720 -2.653570 -0.890478 -0.000000 0.000000 0.000000 10.884475 -3.948319 14.111703 -9.729781 18.022147 -0.099440 -1.541323 -9.026844 -16.702221 0.106617 -5.519596 -2.834268
-0.985656 0.912645 0.462327 -37.004626 -0.303776 5.124369 -2.419993 6.729635 -2.068341 -0.953876 -2.824019 -0.882342 -0.953950 2.995609 -0.979316 -0.785418 8.084465 -0.736478 -1.512425 16.664646 1.534236 -3.342033 -5.015954 3.374843 -0.948569 6.317437 7.098385 -30.329753 -6.969543 55.349787 91.133379 -5.784126 47.283396 4.581310 11.136448 -11.117298 -2.323306 5.658254 -5.470298 7.245023 -22.090963 -50.810415 -116.665765 12.288581 -39.539981 -12.312446 12.202043 36.466191 -2.416607 -45.810120 -21.263625 -17.407911 42.966173 -2.063448 -2.366901 -1.059460 -0.619197 -0.000000 -0.000000 -0.000000 10.387563 -2.239999 15.513530 -8.486196 14.866384 0.109778 -3.049758 -3.501041 -15.354082 0.412482 -10.501889 -5.054339
-1.012906 0.923102 0.465510 -36.812121 0.229937 4.816210 -2.880169 6.023594 -1.834610 -1.175430 -3.137342 -0.777085 -1.174868 2.681867 -0.896526 -0.945488 7.849423 -0.673088 -1.110251 16.971764 1.371986 -2.530265 -4.467405 2.923957 -1.415239 5.781193 6.837653 -32.358682 -5.301782 53.635249 92.831404 -6.153226 47.724464 4.427651 11.240256 -11.008020 -2.386846 5.747726 -5.294873 7.190734 -21.046535 -50.295755 -117.996631 10.870939 -39.341909 -12.530276 12.152581 35.898098 -1.081848 -43.745771 -22.512316 -18.701787 37.966497 -2.633201 -2.090436 -0.156409 -0.505835 -0.000000 -0.000000 -0.000000 9.951435 -0.864254 16.753073 -6.906004 12.330145 0.319783 -4.147917 2.511412 -14.169087 0.918678 -15.115427 -7.553705
-1.041266 0.933239 0.468753 -36.510002 0.617094 4.573315 -3.342799 5.417966 -1.640715 -1.394620 -3.406214 -0.689871 -1.393255 2.412489 -0.831543 -1.104837 7.647617 -0.623391 -0.724015 17.224203 1.247751 -1.766274 -4.014454 2.554573 -1.918131 5.398494 6.510690 -34.202392 -3.944043 52.059648 94.384831 -6.433771 48.056053 4.336173 11.413477 -10.706286 -2.605142 6.068981 -5.244529 7.200313 -19.820818 -49.864047 -119.580300 10.398253 -38.819220 -12.707002 12.142923 35.255809 -0.568397 -41.179412 -23.132984 -18.241290 32.773708 -2.169296 -2.666319 -0.579067 -0.668905 -0.000000 -0.000000 -0.000000 9.617727 0.116416 17.797122 -4.832437 10.394137 0.589468 -4.688403 9.556722 -13.237412 1.604755 -19.503308 -10.244813
-1.070778 0.943010 0.471858 -36.147576 0.901940 4.391108 -3.776472 4.869552 -1.489860 -1.597896 -3.649701 -0.622678 -1.595698 2.168498 -0.784983 -1.253593 7.464846 -0.587868 -0.357899 17.444769 1.156012 -1.053661 -3.616472 2.255713 -2.431243 5.212305 6.144030 -35.828625 -2.790376 50.667755 95.891591 -6.543783 48.157454 4.330975 11.618870 -10.246247 -2.883288 6.595207 -5.282309 7.301399 -18.549007 -49.450457 -121.233547 10.431626 -38.184038 -12.881760 12.159257 34.543510 -0.634243 -38.258803 -23.311352 -17.114995 27.489625 -1.504686 -3.663556 -1.640624 -1.094943 0.000000 0.000000 -0.000000 9.294946 0.753969 18.689190 -2.448742 9.078628 0.836693 -4.743548 17.047288 -12.042949 2.373936 -23.328444 -13.488060
-1.100731 0.950534 0.475104 -36.013277 1.104767 4.277514 -4.040391 4.358085 -1.373076 -1.723301 -3.877239 -0.572793 -1.720271 1.940567 -0.747804 -1.344606 7.293954 -0.559806 -0.058552 17.683542 1.065344 -0.466505 -3.180527 1.983845 -2.775236 5.590930 5.767156 -37.203909 -2.095620 49.741975 97.271168 -6.400281 47.910827 4.398332 11.773303 -9.775971 -2.988720 7.518115 -5.358583 7.686276 -17.867374 -49.143413 -122.622928 10.161525 -37.752139 -13.050876 12.214916 33.864217 -0.959750 -35.556041 -23.459286 -16.393994 23.021236 -0.980664 -4.398281 -2.456227 -1.549504 -0.000000 0.000000 -0.000000 9.230774 1.036303 19.364864 -0.468450 8.838812 1.004686 -3.722328 22.512291 -10.117269 2.607088 -24.274841 -17.131353
-1.130998 0.955447 0.478679 -36.170464 1.240568 4.259623 -4.079984 3.855541 -1.298961 -1.746227 -4.101126 -0.544195 -1.742470 1.716590 -0.721508 -1.359642 7.125913 -0.540349 0.142659 17.993647 0.964037 -0.057803 -2.608698 1.727106 -2.863212 7.009136 5.365793 -38.318032 -1.975844 49.687856 98.510298 -5.915421 47.162214 4.576835 11.803676 -9.375091 -2.854524 9.308022 -5.464921 8.391152 -18.418225 -48.979746 -123.598745 9.204238 -37.625149 -13.222498 12.359067 33.163887 -1.504734 -33.191810 -23.850627 -16.324559 19.663277 -0.217226 -4.472323 -2.592511 -1.945436 -0.000000 -0.000000 -0.000000 9.718094 0.747350 19.804186 1.123424 9.960514 1.127440 -0.646114 24.764287 -7.109116 1.140776 -19.763105 -20.983548
-1.161707 0.958112 0.482395 -36.554866 1.293532 4.308203 -3.947157 3.388364 -1.260062 -1.690269 -4.309419 -0.532266 -1.686021 1.508501 -0.703895 -1.316340 6.969765 -0.527648 0.276358 18.321439 0.861658 0.225467 -2.002375 1.492821 -2.805801 9.002131 4.956155 -39.167560 -2.208432 50.193263 99.606623 -5.130917 46.090842 4.820287 11.773844 -8.965246 -2.554264 11.498520 -5.584266 9.394155 -19.562569 -48.950550 -124.297430 7.882105 -37.678118 -13.380904 12.560610 32.495140 -2.288149 -31.054627 -24.278700 -16.471928 17.168487 0.746459 -4.287290 -2.517957 -2.306113 -0.000000 -0.000000 0.000000 10.445494 0.102248 20.020722 2.319117 12.136237 1.337699 3.384693 24.745965 -3.794850 -1.793808 -12.506271 -24.251932
-1.192522 0.957737 0.485972 -37.264088 1.236789 4.346317 -3.661972 3.018761 -1.220009 -1.566254 -4.474841 -0.519631 -1.561842 1.343424 -0.678650 -1.221582 6.845767 -0.509191 0.388870 18.557003 0.757540 0.468140 -1.566444 1.264332 -2.709282 10.529236 4.608819 -39.734255 -2.570562 50.456534 100.500611 -4.156856 45.085029 4.990751 11.810119 -8.454919 -2.056530 12.879108 -5.649760 10.764817 -20.016551 -49.006447 -124.831375 6.416722 -37.854616 -13.477104 12.717612 32.123988 -3.096443 -29.355834 -24.410157 -16.687088 15.668596 1.228888 -4.370585 -2.726143 -2.496960 -0.000000 -0.000000 0.000000 10.763280 -0.260634 20.013383 2.366199 14.923548 1.633638 5.781205 23.635247 -1.530278 -4.050111 -8.493396 -26.416351
-1.223643 0.953663 0.489635 -38.299229 1.012313 4.390512 -3.245485 2.762495 -1.185254 -1.383295 -4.590079 -0.508788 -1.379105 1.228645 -0.649217 -1.082517 6.759411 -0.487533 0.519569 18.653639 0.644102 0.745305 -1.387820 1.013906 -2.566909 11.281391 4.312768 -40.098264 -3.027236 50.133548 101.392582 -2.924399 44.324846 5.096607 12.045567 -7.729660 -1.184265 12.869681 -5.580933 12.665745 -19.224733 -49.045159 -125.271122 4.608269 -38.242811 -13.511037 12.795402 32.112726 -3.598060 -28.016834 -24.191705 -17.209161 15.368116 0.638315 -5.248286 -3.916124 -2.565512 -0.000000 0.000000 -0.000000 10.343260 -0.057324 19.738493 0.447227 18.342344 1.657136 5.173560 21.823029 -0.449865 -3.830078 -11.008051 -27.470885
-1.254871 0.946549 0.493158 -39.659310 0.678710 4.432523 -2.676738 2.604852 -1.144946 -1.132668 -4.661739 -0.495242 -1.129099 1.157571 -0.610238 -0.892251 6.705797 -0.458683 0.630291 18.658116 0.528007 0.985930 -1.379553 0.765112 -2.367935 11.569280 4.085095 -40.167448 -3.632171 49.552357 102.086181 -1.486349 43.666720 5.167998 12.351459 -6.895557 -0.104270 12.051676 -5.471024 14.867130 -17.756116 -48.966155 -125.509899 2.669652 -38.810035 -13.485291 12.823311 32.400649 -4.107186 -27.092492 -23.676852 -17.754291 16.013267 -0.469801 -6.438443 -5.348987 -2.354317 0.000000 0.000000 -0.000000 9.515193 0.409885 19.219391 -2.742261 22.387278 1.258296 3.137154 19.202028 0.177593 -1.903071 -16.696558 -27.433768
-1.285283 0.937575 0.495583 -41.437890 0.379023 4.356736 -1.915392 2.562008 -1.037002 -0.799485 -4.683222 -0.451610 -0.796919 1.136646 -0.532781 -0.637410 6.689724 -0.400829 0.649844 18.600083 0.427890 1.054016 -1.486887 0.574897 -2.199989 11.276737 4.021177 -39.665584 -4.312135 48.901115 101.941273 -0.143256 42.989882 5.069712 12.471201 -6.187088 0.711408 10.958952 -5.529649 16.846727 -16.018739 -48.729530 -125.455120 1.445305 -39.289909 -13.357281 12.783664 33.068321 -5.372480 -26.954815 -22.676212 -17.362515 17.047118 -1.104625 -6.860469 -5.377172 -1.611371 0.000000 0.000000 -0.000000 8.617606 0.900860 18.572915 -5.633559 26.622170 0.799464 1.586249 16.452826 0.372876 -0.007491 -21.747953 -26.505711
-1.314857 0.926090 0.495921 -43.787045 0.223903 4.140162 -0.872168 2.637134 -0.878120 -0.343317 -4.652636 -0.386317 -0.342233 1.167658 -0.421129 -0.288123 6.712574 -0.317316 0.526291 18.445820 0.381101 0.842226 -1.773041 0.528601 -2.185691 9.968205 4.181697 -38.403065 -4.819249 47.963660 100.632653 0.808174 42.304825 4.597498 12.222719 -5.765008 1.006901 9.563772 -5.847926 18.357531 -13.868028 -48.128361 -125.058015 1.290973 -39.289773 -13.112630 12.574742 34.437419 -8.268718 -27.847333 -20.775857 -15.268332 17.996133 -0.747924 -5.752586 -2.332296 -0.081318 -0.000000 -0.000000 -0.000000 7.803480 1.346989 17.867529 -7.874046 31.001450 0.364788 1.390572 13.487973 -0.310404 0.979805 -24.953064 -25.029459
-1.343615 0.912745 0.495161 -46.553730 0.085226 3.804184 0.364188 2.824593 -0.655742 0.195613 -4.571475 -0.294331 0.195004 1.248904 -0.274401 0.125674 6.773235 -0.207551 0.310950 18.227324 0.349603 0.456558 -2.178500 0.540670 -2.205215 8.077444 4.501888 -36.541278 -5.320608 46.970821 98.491461 1.650175 41.543760 3.908256 11.795658 -5.465040 1.058210 7.891774 -6.332552 19.706223 -11.462536 -47.432078 -124.411881 1.834904 -39.137849 -12.792148 12.224453 36.168426 -12.126298 -29.272818 -18.132012 -12.190755 19.368269 0.037093 -3.696849 2.136268 1.734842 0.000000 -0.000000 -0.000000 6.919622 1.789906 17.024367 -9.866669 35.603238 -0.224456 1.626966 10.232048 -1.605595 1.549440 -27.535429 -22.847834
-1.370700 0.900663 0.495313 -49.370903 -0.260273 3.308601 1.566179 3.129613 -0.263684 0.710595 -4.436283 -0.128059 0.708680 1.383702 -0.055904 0.527161 6.874396 -0.043791 0.086703 18.071301 0.237553 0.080878 -2.468131 0.408380 -1.976015 6.791739 4.880563 -34.354523 -6.423572 46.715363 95.849182 2.940564 40.422092 3.379306 11.494523 -5.042963 1.195072 6.561860 -6.903539 21.179927 -9.617360 -47.446414 -123.702515 2.869127 -39.606033 -12.404653 11.969328 37.371136 -15.286426 -30.649382 -15.551225 -9.345193 22.103281 0.628552 -1.686402 4.603516 2.866523 0.000000 -0.000000 -0.000000 5.852319 2.164008 15.964624 -10.879040 40.287222 -0.483810 1.268469 7.383258 -2.946362 1.742093 -29.627887 -20.021124
-1.395840 0.890696 0.497354 -52.280022 -1.065853 2.612734 2.726731 3.651773 0.387114 1.193065 -4.201178 0.150798 1.190423 1.617944 0.271864 0.912664 7.050617 0.202211 -0.096773 18.054807 -0.029116 -0.168187 -2.499557 -0.021746 -1.226412 6.750746 5.326900 -31.915713 -8.684848 47.536048 92.644956 5.183889 38.584273 3.151158 11.482105 -4.308746 1.553305 5.894629 -7.609677 23.043139 -8.765354 -48.736185 -123.076147 4.743141 -41.259163 -11.803293 12.012151 37.568272 -16.898984 -32.218100 -13.443512 -7.143403 27.437665 0.734408 -0.063890 3.040530 2.742211 0.000000 -0.000000 0.000000 4.418004 2.706203 14.613976 -9.713886 45.198408 0.453795 -0.640082 5.181014 -4.396784 1.507019 -31.177138 -16.189464
-1.419306 0.881994 0.500307 -55.226597 -2.105317 1.802382 3.856387 4.300258 1.206894 1.650799 -3.905097 0.501080 1.647919 1.912847 0.668640 1.284627 7.272875 0.500167 -0.293431 18.096551 -0.377836 -0.414538 -2.422644 -0.598287 -0.228450 7.326524 5.832557 -29.148948 -11.673698 48.832169 88.869404 7.779172 36.208026 3.085954 11.594883 -3.461452 1.982752 5.577310 -8.404479 24.991989 -8.359792 -50.802418 -122.536474 7.221793 -43.460632 -11.097330 12.243030 37.275911 -17.849234 -33.921843 -11.405122 -5.226715 34.128582 0.591151 1.420065 -0.569728 1.942645 -0.000000 -0.000000 -0.000000 2.822050 3.131170 13.010849 -6.947518 50.232890 2.407075 -3.240071 3.249853 -5.856825 1.002473 -32.049226 -11.837774
-1.441054 0.875128 0.503254 -57.708379 -2.862072 0.991598 4.751326 4.796062 2.032575 2.001945 -3.673419 0.854520 1.999129 2.143468 1.057843 1.576050 7.447217 0.792795 -0.571585 18.083869 -0.684106 -0.825237 -2.446174 -1.069492 0.496667 7.799503 6.258964 -26.119866 -14.537267 50.045029 85.007990 9.666500 33.874638 3.134878 11.632847 -2.841218 2.383508 5.278252 -9.071922 26.405079 -7.793479 -52.818794 -121.913955 9.198332 -45.259298 -10.653549 12.453192 37.105854 -18.795853 -34.951907 -9.355081 -3.614871 39.368492 0.448654 2.564255 -3.682085 1.318153 -0.000000 -0.000000 -0.000000 1.536154 2.632024 11.383478 -4.696367 54.940325 4.155807 -4.878004 1.593487 -6.684916 0.612206 -32.483422 -8.297538
-1.461155 0.870677 0.505771 -59.473090 -3.056836 0.131309 5.293817 4.979819 2.825811 2.198139 -3.579658 1.199213 2.195332 2.236567 1.422508 1.749600 7.518297 1.067636 -0.973533 17.968165 -0.894310 -1.495038 -2.661948 -1.322524 0.635802 7.896793 6.541544 -22.609668 -16.898130 51.094102 81.074801 10.352184 31.722765 3.294971 11.487769 -2.669069 2.790948 4.865815 -9.538560 27.077035 -6.935541 -54.588969 -120.806585 9.965212 -46.449264 -10.698240 12.553710 37.296021 -19.930926 -34.839364 -7.231530 -2.076182 41.759159 0.515371 3.065629 -5.336730 1.307442 0.000000 -0.000000 -0.000000 0.772890 0.800932 9.843184 -4.289939 59.276705 5.029961 -4.680442 0.521315 -6.720300 0.413800 -32.629324 -6.296116
-1.479538 0.868064 0.508281 -60.787227 -2.949682 -0.785871 5.600369 5.013660 3.622702 2.289798 -3.552414 1.549593 2.286953 2.263410 1.782158 1.844500 7.539406 1.339148 -1.449714 17.792641 -1.056667 -2.317290 -2.989697 -1.461229 0.505290 7.879924 6.744262 -18.842905 -19.081388 52.162416 77.211156 10.322726 29.629940 3.571687 11.256427 -2.712728 3.172471 4.467761 -9.874115 27.207551 -5.999266 -56.331596 -119.445552 10.161728 -47.279679 -11.022380 12.624928 37.577090 -20.801945 -34.116448 -5.325952 -0.777204 42.710244 0.721607 3.203335 -6.508019 1.572574 -0.000000 0.000000 0.000000 0.316086 -1.888816 8.422492 -4.822066 63.346801 5.304436 -3.559551 -0.069131 -6.439232 0.309590 -32.666762 -5.162097
-1.495942 0.866132 0.511139 -61.933148 -2.815513 -1.614028 5.817937 5.095725 4.368521 2.344275 -3.503950 1.877478 2.341589 2.311623 2.115574 1.909678 7.576333 1.590949 -1.925766 17.584509 -1.196362 -3.147859 -3.377158 -1.555850 0.535184 7.828243 6.910695 -15.572710 -21.248388 53.260490 74.125707 10.131830 27.946227 3.902393 11.035624 -2.638948 3.337623 4.130066 -10.074214 26.766421 -4.989225 -57.819595 -118.487052 10.596795 -47.527029 -11.329017 12.665175 37.800191 -21.071879 -33.477929 -4.124650 -0.247918 43.623186 0.972860 3.619133 -7.549729 1.836440 -0.000000 0.000000 -0.000000 -0.022021 -4.875125 7.303798 -5.537311 66.930063 4.754823 -2.526602 -0.695769 -6.231510 0.273009 -33.022918 -4.011753
-1.509778 0.864457 0.514357 -62.919805 -2.721185 -2.316176 5.969437 5.300368 5.060641 2.370709 -3.401589 2.180227 2.368435 2.413894 2.421072 1.951728 7.653640 1.821722 -2.363421 17.351386 -1.320088 -3.914261 -3.809851 -1.631067 0.912273 7.718588 7.036327 -13.266964 -23.524735 54.462559 72.123458 10.085306 27.008000 4.274623 10.845252 -2.302506 3.104366 3.893888 -10.087288 25.430276 -3.800874 -59.049578 -118.196639 11.666969 -46.827600 -11.500418 12.659596 37.893544 -20.353456 -33.308747 -4.022088 -1.140192 45.152683 1.231345 4.674628 -8.544223 1.995017 -0.000000 0.000000 0.000000 -0.555345 -8.100124 6.581261 -6.040801 69.998199 3.349841 -2.045588 -1.600135 -6.264594 0.231789 -34.062003 -2.362102
-1.521636 0.863464 0.517921 -63.738197 -2.587518 -2.929069 6.035826 5.551689 5.700211 2.361045 -3.279809 2.459528 2.359260 2.535707 2.699398 1.964574 7.745342 2.032061 -2.798717 17.087077 -1.415906 -4.687311 -4.298776 -1.652402 1.451395 7.583587 7.120163 -11.488289 -25.815767 55.765138 70.826120 9.996372 26.589472 4.682222 10.650134 -1.853375 2.650742 3.707195 -9.958173 23.497165 -2.632695 -60.087744 -118.269197 12.979478 -45.604039 -11.642783 12.625033 37.945294 -19.088586 -33.286597 -4.572328 -2.794890 46.678395 1.515170 6.016160 -9.398383 2.126041 -0.000000 -0.000000 0.000000 -1.006423 -11.592189 6.152874 -6.656658 72.516367 1.324552 -1.675621 -2.573138 -6.349913 0.081724 -35.449038 -0.593010
-1.533027 0.863274 0.522148 -64.636233 -2.475736 -3.407222 6.099762 5.820601 6.233754 2.355486 -3.151507 2.691189 2.354177 2.664020 2.930482 1.976877 7.841793 2.206687 -3.270840 16.799889 -1.481976 -5.541383 -4.826541 -1.602896 2.019311 7.591969 7.208993 -9.607923 -27.969683 57.012966 69.870932 9.711439 26.217425 5.053802 10.463186 -1.414370 2.325286 3.477839 -9.830836 21.901622 -1.852576 -60.756089 -118.567822 14.130653 -44.806059 -11.776168 12.601900 38.071095 -18.271616 -33.040098 -4.938182 -3.732175 47.658553 1.881974 7.215408 -10.206067 2.216658 -0.000000 -0.000000 -0.000000 -0.652672 -14.937636 5.842685 -7.390141 74.232566 -0.768718 -1.076539 -3.497742 -6.295641 -0.156685 -36.520575 0.827630
-1.544364 0.864046 0.527251 -65.714248 -2.409729 -3.708094 6.199267 6.103547 6.643340 2.372241 -3.018150 2.866871 2.371491 2.797287 3.107866 2.002011 7.941971 2.340640 -3.818088 16.476875 -1.529795 -6.544312 -5.416498 -1.488197 2.609389 7.840308 7.308969 -7.450077 -29.916740 58.170546 69.268905 9.137944 25.711309 5.371540 10.308462 -0.999144 2.310299 3.121476 -9.760293 20.973792 -1.604814 -60.797919 -119.319071 14.930016 -44.886550 -11.925909 12.607108 38.293662 -18.346602 -32.348418 -4.795133 -3.175386 47.706018 2.501656 8.021239 -11.052587 2.252908 0.000000 0.000000 0.000000 0.913282 -18.052069 5.525873 -8.219730 75.048981 -2.767756 -0.014399 -4.433335 -5.915063 -0.325680 -37.193999 1.468496
-1.555233 0.865620 0.533016 -66.870706 -2.360168 -3.873464 6.291116 6.401360 6.944501 2.391211 -2.879845 2.994059 2.391073 2.935496 3.236997 2.025291 8.045830 2.438102 -4.400639 16.131791 -1.543027 -7.628850 -6.042248 -1.290329 3.221159 8.231195 7.411127 -5.172355 -31.727077 59.252014 69.034126 8.385058 25.289682 5.655797 10.162178 -0.595734 2.424380 2.730321 -9.694696 20.428328 -1.639249 -60.412389 -120.355160 15.549743 -45.390305 -12.054285 12.630061 38.595134 -18.842341 -31.415762 -4.503600 -1.927918 47.166172 3.210738 8.674682 -11.862179 2.275469 0.000000 0.000000 -0.000000 3.345614 -21.019419 5.171124 -8.802659 75.111467 -4.424111 1.216981 -5.384902 -5.381364 -0.426117 -37.573973 1.647622
-1.565914 0.867637 0.539114 -68.049927 -2.312660 -3.984021 6.333647 6.691034 7.133663 2.394466 -2.747475 3.072279 2.394818 3.067887 3.315611 2.032975 8.145229 2.497471 -4.943810 15.817199 -1.482565 -8.670452 -6.604200 -0.965669 3.731613 8.635207 7.543815 -2.627754 -33.445262 60.142604 68.827369 7.572566 25.039963 5.904687 9.982556 -0.290481 2.466098 2.477796 -9.622412 20.299823 -1.668885 -60.071497 -120.991609 16.070291 -45.875020 -12.089402 12.666009 39.020588 -19.390923 -30.521082 -4.236043 -0.828903 46.573002 3.647951 9.481119 -12.494907 2.361380 -0.000000 -0.000000 0.000000 6.256968 -23.687712 4.720370 -8.817032 74.540522 -5.221339 2.219158 -6.110282 -5.048824 -0.584892 -37.293920 1.999530
-1.576580 0.870060 0.545314 -69.257135 -2.287934 -4.044276 6.294462 6.985759 7.178640 2.369764 -2.616356 3.087615 2.370625 3.199156 3.328517 2.015005 8.243591 2.507270 -5.419306 15.548778 -1.313336 -9.629005 -7.070529 -0.461397 4.095891 8.988898 7.751665 0.398612 -35.124995 60.806399 68.358327 6.641593 25.002037 6.125025 9.729985 -0.146546 2.316875 2.480079 -9.527825 20.808756 -1.643049 -59.968551 -121.046735 16.557025 -46.245276 -11.999606 12.701101 39.671942 -20.055044 -29.775119 -3.925714 -0.072561 46.146036 3.565056 10.617708 -12.922351 2.607126 -0.001087 0.057459 0.070113 9.927415 -25.951665 3.968893 -8.847541 73.202552 -5.391169 2.815833 -6.405388 -5.116766 -0.925728 -36.231261 3.058375
-1.587057 0.872926 0.551846 -70.486987 -2.262019 -4.049313 6.202198 7.265673 7.110817 2.328584 -2.494516 3.054018 2.329995 3.321155 3.290761 1.981208 8.334847 2.478780 -5.860029 15.324182 -1.075398 -10.549719 -7.446210 0.159192 4.363853 9.352903 7.988733 3.691700 -36.699337 61.284307 67.890233 5.632121 25.121835 6.328115 9.463578 -0.105512 2.089693 2.620234 -9.434737 21.735458 -1.602228 -59.919478 -120.701523 16.928941 -46.580023 -11.829403 12.729440 40.441435 -20.778463 -29.065279 -3.634567 0.547504 45.661433 3.232702 11.905968 -13.177051 2.913494 -0.002202 0.114837 0.140293 14.119162 -27.880905 3.074375 -8.870439 71.212672 -5.286044 3.279189 -6.414501 -5.390490 -1.297544 -34.542452 4.345861
-1.597101 0.875976 0.559075 -71.668106 -2.157695 -4.068423 6.109124 7.460745 7.026383 2.289284 -2.410633 3.014624 2.290983 3.405162 3.247349 1.948382 8.397597 2.446012 -6.285744 15.166788 -0.848982 -11.436993 -7.692967 0.750599 4.555183 9.779234 8.148848 6.727679 -38.036797 61.613738 67.891701 4.814801 25.356854 6.516025 9.289842 -0.068834 1.928425 2.717181 -9.385196 22.450441 -1.423620 -59.832366 -119.793693 17.048409 -46.708054 -11.632971 12.757631 41.054756 -21.045446 -28.362069 -3.685957 0.850146 45.020054 3.129543 13.119175 -13.205251 3.061947 0.000000 -0.000000 -0.000000 17.589485 -29.648361 2.630171 -7.727501 69.051833 -4.630991 3.913484 -6.381979 -5.628918 -1.465085 -32.279930 5.059636
-1.606535 0.879067 0.567099 -72.757770 -1.922491 -4.153857 6.037518 7.523637 6.974790 2.259541 -2.384570 2.991817 2.261267 3.431333 3.221502 1.924089 8.417045 2.426567 -6.724560 15.109146 -0.673243 -12.325512 -7.752666 1.244514 4.656886 10.309919 8.153021 9.326690 -39.104182 61.875054 68.548192 4.370534 25.738471 6.696330 9.262511 -0.016061 1.900779 2.665544 -9.418482 22.601204 -0.940996 -59.665230 -118.052830 16.899694 -46.453328 -11.415836 12.799877 41.417397 -20.552910 -27.721394 -4.305045 0.572308 44.272465 3.532479 14.276494 -12.893215 2.921278 0.008669 -0.462567 -0.645239 19.767414 -31.416764 3.045283 -4.887517 66.857376 -3.409829 4.849424 -6.393158 -5.775557 -1.366934 -29.242563 5.082041
-1.615536 0.882342 0.575818 -73.799085 -1.610614 -4.258477 5.965864 7.502196 6.913775 2.231786 -2.396081 2.966341 2.233490 3.419932 3.193212 1.901353 8.408332 2.405317 -7.152300 15.115622 -0.519516 -13.181604 -7.691344 1.686674 4.677881 10.895651 8.076724 11.625679 -39.954895 62.047109 69.651317 4.127827 26.279822 6.857735 9.326358 0.040101 1.939408 2.567492 -9.490420 22.541082 -0.327407 -59.463757 -115.772307 16.434322 -45.998337 -11.176774 12.843215 41.631547 -19.633501 -27.100024 -5.236905 -0.012654 43.408597 4.193260 15.352782 -12.351167 2.631999 0.020481 -1.099295 -1.499640 21.119544 -33.071574 4.040528 -1.098373 64.492021 -1.867485 5.943583 -6.382178 -5.845434 -1.116492 -25.568456 4.789736
-1.624388 0.885978 0.585300 -74.848798 -1.304973 -4.302724 5.881948 7.471355 6.802721 2.201706 -2.412649 2.919067 2.203331 3.403494 3.142893 1.875260 8.395827 2.367405 -7.508907 15.102389 -0.363719 -13.906909 -7.668181 2.108628 4.670602 11.452082 8.047745 13.560560 -40.588362 62.040927 71.079311 3.835481 26.917155 6.965688 9.411322 0.148151 1.985169 2.553668 -9.514160 22.697504 0.024344 -59.243830 -113.643700 15.510437 -45.741171 -10.950842 12.866902 41.715180 -18.725801 -26.331857 -6.082420 -0.297297 42.222849 4.784143 16.060200 -11.863862 2.385494 0.025663 -1.555937 -1.889732 21.937565 -34.406819 5.214045 2.966184 61.997514 0.005662 7.035033 -6.389578 -5.711386 -0.783269 -21.764388 4.072623
-1.633275 0.890119 0.595565 -75.977165 -1.014545 -4.237645 5.788711 7.440706 6.603835 2.172708 -2.430522 2.832984 2.174179 3.385730 3.053846 1.847108 8.382304 2.300150 -7.759807 15.022369 -0.200894 -14.442817 -7.773995 2.512738 4.670899 11.975602 8.128374 15.230503 -40.958110 61.705351 72.846677 3.307464 27.584998 6.988184 9.497489 0.338140 2.062171 2.686356 -9.475731 23.438219 -0.098607 -58.942155 -111.848565 13.898055 -46.032196 -10.721370 12.862364 41.625102 -17.910428 -25.328742 -6.708610 -0.006355 40.529967 5.217122 16.214619 -11.597202 2.178255 0.017709 -1.612002 -1.423349 22.209784 -35.377050 6.551253 7.641837 59.427704 2.593493 8.095973 -6.495022 -5.315778 -0.410490 -17.820886 2.420822
-1.642014 0.894622 0.606592 -77.112761 -0.725859 -4.112266 5.682452 7.396256 6.355417 2.141216 -2.455331 2.725366 2.142578 3.361034 2.943017 1.815639 8.363553 2.216428 -7.939650 14.923689 -0.033826 -14.849746 -7.918138 2.901090 4.646360 12.474571 8.257160 16.510283 -41.116852 61.227605 74.934979 2.695374 28.314751 6.960442 9.596053 0.580375 2.145999 2.906379 -9.395776 24.395816 -0.481852 -58.611971 -110.198670 11.898336 -46.574053 -10.489457 12.841471 41.407685 -17.106061 -24.177852 -7.255158 0.530286 38.482814 5.511629 16.006900 -11.384832 2.011292 0.005277 -1.484170 -0.494325 21.940967 -35.990684 8.101995 12.398119 56.653425 5.338644 9.120415 -6.624397 -4.726500 -0.107602 -13.611230 0.383897
-1.650343 0.899232 0.618378 -78.099719 -0.488384 -3.989634 5.540919 7.379047 6.127515 2.092478 -2.468061 2.626963 2.093832 3.348497 2.839679 1.771837 8.353864 2.138480 -8.090861 14.866708 0.152230 -15.206757 -7.984229 3.309703 4.548635 12.884924 8.381381 17.003153 -41.211461 61.026137 77.173296 2.232964 29.194649 6.950085 9.683976 0.828456 2.104048 3.165771 -9.242241 24.894324 -0.875705 -58.424219 -108.849267 10.175325 -46.747726 -10.328035 12.815125 41.200702 -16.496325 -22.982442 -7.739096 1.028211 36.358515 5.515228 15.720242 -11.017155 2.080539 -0.005022 -1.471672 0.391014 21.502798 -36.144493 9.497662 15.527614 53.498094 7.100878 9.978418 -6.563576 -4.015450 0.059264 -9.613705 -0.852245
-1.658130 0.903930 0.630830 -78.844604 -0.363826 -3.879675 5.358279 7.448337 5.934459 2.022176 -2.442269 2.543310 2.023641 3.374550 2.748888 1.712675 8.373033 2.070097 -8.231758 14.859430 0.388814 -15.558856 -7.951136 3.802639 4.343701 13.184363 8.504616 16.413531 -41.357880 61.319344 79.710573 2.078488 30.374022 7.022445 9.763655 1.069995 1.790519 3.469598 -8.970082 24.577242 -1.170084 -58.511807 -107.879121 8.998230 -46.115929 -10.276692 12.785494 41.054938 -16.180503 -21.713884 -8.123883 1.491564 34.217950 5.133649 15.369865 -10.483399 2.511483 -0.015001 -1.637137 1.055919 21.023993 -35.754156 10.531691 16.781325 49.758151 7.959890 10.796210 -6.328470 -3.062547 0.130330 -5.831098 -0.885143
-1.665506 0.908734 0.644041 -79.441399 -0.291734 -3.767458 5.140423 7.547432 5.759287 1.934686 -2.403277 2.467768 1.936219 3.413836 2.664442 1.640956 8.402050 2.006588 -8.343604 14.894574 0.641791 -15.858048 -7.838433 4.309480 4.066606 13.395157 8.630838 15.029516 -41.434693 61.897940 82.417598 1.968925 31.706135 7.116719 9.835208 1.314166 1.353274 3.820114 -8.627798 23.803044 -1.498511 -58.720767 -107.249877 8.085105 -45.048426 -10.305151 12.751006 40.909313 -16.054591 -20.400398 -8.448406 1.946889 32.002294 4.480569 14.957314 -9.785280 3.172421 -0.027761 -1.917741 1.678423 20.420824 -34.923353 11.355232 16.904981 45.686168 8.366499 11.417397 -5.859006 -1.982213 0.093826 -2.380080 -0.394921
-1.672603 0.913450 0.658293 -80.015670 -0.140687 -3.679188 4.883856 7.546311 5.627304 1.828515 -2.408526 2.413544 1.829882 3.408947 2.599446 1.556627 8.397889 1.957987 -8.414716 15.007010 0.823458 -16.045254 -7.596713 4.657597 3.770283 13.516056 8.708863 13.353236 -41.235970 62.504067 84.681690 1.574556 32.853401 7.106491 9.880333 1.547471 1.096761 4.160340 -8.321234 22.971677 -1.957862 -58.788039 -106.950928 7.247584 -44.100963 -10.392130 12.716712 40.727415 -15.997666 -19.232974 -8.838020 2.175749 29.811317 3.783133 14.754834 -8.744693 3.874006 -0.047077 -2.424299 2.286815 19.753738 -33.852149 12.125152 16.024652 41.832315 8.061258 11.356021 -4.798074 -1.270948 -0.000000 -0.000000 0.000000
-1.679494 0.918049 0.673626 -80.584382 0.154844 -3.663581 4.578721 7.369435 5.580128 1.697706 -2.491292 2.399999 1.698691 3.326610 2.572618 1.456770 8.335577 1.938474 -8.439485 15.251905 0.877243 -16.083910 -7.134188 4.732298 3.457746 13.533690 8.709011 11.490486 -40.661389 63.010302 86.187395 0.778735 33.764357 6.929888 9.891815 1.776565 1.183526 4.461800 -8.096537 22.098859 -2.584498 -58.575487 -107.029872 6.474674 -43.453992 -10.568525 12.685654 40.458346 -15.979652 -18.297798 -9.323721 1.976664 27.719075 3.131795 14.991654 -7.301570 4.582588 -0.074221 -3.195635 2.840633 19.072415 -32.533056 12.911409 13.684055 38.177657 6.805343 10.289941 -2.746489 -1.263833 -0.050755 0.934455 0.140359
-1.686104 0.922558 0.689999 -81.130785 0.528075 -3.674725 4.236793 7.095064 5.583843 1.548628 -2.617231 2.410522 1.549180 3.201094 2.567953 1.344972 8.240800 1.935771 -8.427934 15.568768 0.853413 -16.019845 -6.554081 4.640327 3.127098 13.455871 8.664864 9.402645 -39.816275 63.430833 87.207497 -0.205798 34.504723 6.643479 9.896280 1.996309 1.446609 4.748826 -7.901851 21.165653 -3.322384 -58.219895 -107.402329 5.814450 -42.904670 -10.810088 12.649490 40.157388 -16.031815 -17.510858 -9.870075 1.568128 25.648929 2.498260 15.473618 -5.531555 5.326662 -0.112717 -4.190403 3.388222 18.346972 -30.973945 13.622470 10.680326 34.601361 5.289090 8.578404 -0.180950 -1.973164 -0.041743 0.806078 0.178593
-1.692341 0.926864 0.707575 -81.728661 0.913591 -3.598914 3.887743 6.821161 5.551285 1.398486 -2.743428 2.404680 1.398643 3.075276 2.546823 1.231187 8.145789 1.920548 -8.390642 15.818840 0.827159 -15.915349 -6.100638 4.544961 2.822750 13.313386 8.618970 7.373948 -38.819987 63.721390 88.001477 -1.147263 34.915711 6.297354 9.928648 2.178225 1.693939 5.039067 -7.697641 20.524558 -4.108827 -57.880874 -107.848204 5.139570 -42.441241 -11.006889 12.600947 39.944847 -16.130952 -16.810829 -10.500973 1.345184 23.469821 1.920085 15.839859 -3.459291 6.004534 -0.175398 -5.395188 4.095491 17.500843 -29.393166 14.187260 8.700393 31.606221 4.213493 6.820955 1.954009 -3.237210 -0.000000 -0.000000 0.000000
-1.698207 0.930950 0.726525 -82.453835 1.302681 -3.356186 3.560161 6.569063 5.427123 1.262943 -2.860516 2.357226 1.262752 2.958483 2.485574 1.125401 8.057623 1.874842 -8.332819 15.947929 0.827251 -15.794777 -5.869062 4.507843 2.583603 13.164065 8.606920 5.443882 -37.715323 63.859766 88.602867 -1.991278 34.909178 5.888408 10.011672 2.322201 1.871011 5.399799 -7.456269 20.410806 -5.027238 -57.636985 -108.309910 4.376442 -42.151271 -11.105432 12.534674 39.895983 -16.363885 -16.200963 -11.245118 1.681548 21.047314 1.423355 16.070365 -1.070126 6.510293 -0.284074 -6.896767 5.093244 16.198024 -27.777451 14.713237 8.428867 29.498289 3.544752 5.067773 3.516950 -5.125874 0.060137 -1.783116 -0.643611
-1.703699 0.934832 0.746677 -83.228160 1.708652 -3.028356 3.226529 6.312318 5.267370 1.126781 -2.979867 2.293660 1.126343 2.839406 2.408143 1.018068 7.967787 1.816852 -8.246001 16.011327 0.830811 -15.628329 -5.761340 4.475867 2.372296 12.951496 8.597927 3.579366 -36.477262 63.844559 88.983458 -2.773181 34.596607 5.423761 10.136486 2.425164 2.031807 5.765202 -7.209051 20.595186 -5.991506 -57.412463 -108.836354 3.578978 -41.940210 -11.152579 12.465720 39.933052 -16.651675 -15.689307 -12.072118 2.179855 18.507791 0.945918 16.215674 1.628573 6.939562 -0.444388 -8.597166 6.269437 14.763874 -26.148745 15.072303 8.876144 28.046661 2.904160 3.271869 4.609172 -7.361526 0.094391 -4.296499 -1.366257
-1.708719 0.938442 0.767676 -83.894849 2.097385 -2.741926 2.831428 6.077120 5.147983 0.960587 -3.089728 2.248214 0.960043 2.729892 2.345822 0.889394 7.885074 1.770426 -8.117649 16.036728 0.838904 -15.390606 -5.727994 4.443434 2.121463 12.534884 8.541364 1.927858 -35.117835 63.708351 89.334633 -3.428443 34.090265 4.970210 10.275985 2.457776 2.148730 5.951843 -7.004831 20.731840 -6.690360 -57.136945 -109.383826 2.815439 -41.534456 -11.186150 12.418812 39.940940 -16.721458 -15.211518 -12.918860 2.095378 16.120448 0.409883 16.017688 4.609814 7.440228 -0.624863 -10.189567 7.444720 14.059586 -24.795436 14.912347 9.034936 27.052901 2.205499 1.985491 4.882627 -8.934433 0.068237 -6.275205 -1.531777
-1.713229 0.941444 0.789520 -84.358620 2.462073 -2.509249 2.325273 5.864425 5.080589 0.741511 -3.190228 2.226670 0.740901 2.629761 2.302047 0.722356 7.809208 1.738222 -7.919636 16.037682 0.855187 -15.028950 -5.746507 4.405410 1.807674 11.786602 8.458674 0.724798 -33.450304 63.382280 89.751897 -3.838107 33.136957 4.535619 10.413890 2.442038 2.246821 5.823050 -6.838072 20.629078 -6.935669 -56.791486 -109.933128 2.205155 -40.769531 -11.235927 12.405613 39.864412 -16.311959 -14.708036 -13.893923 1.292868 14.015825 -0.187844 15.463277 7.991987 7.913362 -0.864523 -11.979286 8.683263 14.284976 -23.927371 14.176250 8.573590 26.789222 1.274519 1.578512 4.049897 -9.342868 0.016980 -7.147846 -0.782110
-1.717267 0.944174 0.812211 -84.715825 2.806358 -2.314627 1.756919 5.675543 5.052666 0.492109 -3.280493 2.222743 0.491507 2.539758 2.272766 0.533615 7.740793 1.717015 -7.678666 16.002441 0.878839 -14.593323 -5.834817 4.370075 1.468086 10.829368 8.354275 -0.275346 -31.667350 62.927502 90.148782 -4.130765 31.978864 4.112006 10.560960 2.359268 2.305628 5.513400 -6.699541 20.469444 -6.912219 -56.414423 -110.513729 1.662291 -39.821191 -11.275092 12.409698 39.755575 -15.685271 -14.216435 -14.884196 -0.068373 12.082792 -0.797819 14.580893 11.700823 8.334079 -1.107660 -13.618612 9.980831 15.190507 -23.322660 12.995572 7.782323 26.996922 0.237888 1.693423 2.556621 -8.998864 -0.038032 -7.432197 0.374671
-1.720849 0.947573 0.835398 -85.099493 3.108202 -2.241376 1.217255 5.542834 5.101288 0.250591 -3.345123 2.251675 0.250164 2.475258 2.277128 0.353313 7.691486 1.721171 -7.464857 15.919968 0.902788 -14.212782 -6.006628 4.350039 1.127694 9.891871 8.147424 -1.632511 -30.338840 62.578578 90.451854 -4.601584 31.463892 3.736312 10.709562 2.121122 2.229744 5.242075 -6.634916 20.464411 -6.869075 -56.010701 -111.169545 0.951794 -38.919824 -11.258410 12.410839 39.659893 -15.336500 -13.823237 -15.500216 -2.252288 10.227159 -1.328248 13.108965 15.460439 8.807156 -1.072394 -13.815559 10.965674 16.928993 -22.606759 11.352321 6.659002 26.695816 -0.426256 1.850603 1.231996 -8.268046 -0.076935 -7.468990 1.178643
-1.723687 0.952004 0.859414 -85.541274 3.366877 -2.331992 0.711917 5.512184 5.248811 0.017660 -3.363761 2.323446 0.017475 2.456696 2.325252 0.182538 7.676606 1.758474 -7.305157 15.731776 0.951711 -13.952009 -6.364760 4.407885 0.739474 9.048297 7.768354 -3.650497 -29.846761 62.500375 90.566770 -5.376991 32.047190 3.434515 10.850365 1.614172 1.881685 5.109307 -6.695773 20.804259 -6.944236 -55.595377 -111.936953 -0.067917 -38.110858 -11.138495 12.396369 39.615214 -15.269697 -13.521371 -15.572095 -5.910047 8.136354 -1.826844 10.179988 19.856210 9.459461 -0.509110 -11.610463 11.421041 20.134537 -21.673051 8.905468 4.902702 25.510592 -0.344717 1.918682 0.218305 -7.040084 -0.074673 -7.176051 1.177793
-1.726069 0.957104 0.883925 -86.011471 3.580182 -2.543692 0.235210 5.545410 5.467905 -0.207433 -3.353813 2.426395 -0.207475 2.466626 2.405351 0.019719 7.682993 1.819988 -7.169522 15.496239 1.004763 -13.741247 -6.807721 4.486813 0.355350 8.209942 7.286496 -6.041559 -29.785351 62.595534 90.570710 -6.290382 33.287553 3.171506 10.965831 0.950590 1.399040 5.001223 -6.834694 21.302360 -6.992059 -55.148921 -112.806398 -1.257550 -37.326093 -10.961272 12.378838 39.582857 -15.461155 -13.319395 -15.273828 -10.349841 6.094133 -2.081215 6.330190 24.332788 9.496406 0.227305 -8.007145 10.957534 24.103790 -20.479362 6.067455 2.813153 23.875069 0.157810 2.029395 -0.643049 -5.448419 -0.048061 -6.649144 0.822786
-1.728877 0.962722 0.907582 -86.551182 3.723731 -2.832672 -0.140017 5.549016 5.721117 -0.388986 -3.356240 2.543339 -0.388939 2.464064 2.503804 -0.109149 7.680019 1.895130 -7.046276 15.373992 0.980324 -13.513561 -7.049847 4.411562 0.142777 7.369727 6.809146 -8.442125 -29.548289 62.652339 90.664452 -7.207396 34.682449 2.891828 11.040446 0.380931 1.098724 4.823489 -6.955914 21.602606 -6.841276 -54.614984 -113.744013 -2.451359 -36.618950 -10.820690 12.376002 39.493407 -16.360047 -13.331854 -14.732858 -13.858806 4.953773 -1.760615 3.591768 26.728350 8.475441 0.593850 -4.841953 9.351238 27.006161 -18.929479 3.927890 1.307420 21.984398 0.516107 2.180732 -0.947080 -4.188269 -0.040622 -6.497762 0.715612
-1.732680 0.968699 0.929988 -87.268763 3.757974 -3.291684 -0.353545 5.468650 6.061348 -0.502347 -3.394181 2.697225 -0.502157 2.426022 2.646146 -0.183478 7.650538 2.003086 -6.927033 15.478911 0.792637 -13.212705 -6.891060 4.007518 0.224941 6.475498 6.308323 -11.071604 -28.904430 62.651060 90.938698 -8.189252 36.351763 2.521786 11.061886 0.001967 1.173158 4.482374 -7.027399 21.420395 -6.279515 -53.906611 -114.721812 -3.645032 -35.959320 -10.744716 12.404960 39.281076 -18.791372 -13.761683 -13.929748 -16.044535 5.351358 -0.654467 3.440836 25.671362 6.502243 0.483711 -2.656871 6.381299 28.267022 -16.895917 2.928577 0.418346 19.528337 0.425969 2.756453 -0.661532 -3.483777 -0.059390 -6.734743 1.023121
-1.736910 0.975194 0.951540 -88.054576 3.716891 -3.825640 -0.468349 5.360609 6.435934 -0.573263 -3.443228 2.865320 -0.572963 2.376939 2.807066 -0.224611 7.612854 2.124904 -6.825986 15.692343 0.519328 -12.907349 -6.538058 3.440236 0.481877 5.594098 5.797303 -13.679385 -28.090200 62.537617 91.308130 -9.204446 38.160293 2.135309 11.051702 -0.280216 1.433496 4.082953 -7.078006 21.037868 -5.521597 -53.134154 -115.761646 -4.852768 -35.372318 -10.706202 12.442015 39.010182 -21.960730 -14.315172 -12.843994 -17.286704 6.782500 0.696801 5.019600 22.544888 4.557800 0.199905 -1.017316 2.689338 28.566346 -14.665279 2.522639 0.107793 16.762914 0.194442 3.421749 0.186149 -3.107187 -0.099979 -7.346092 1.579253
-1.740740 0.982529 0.972073 -88.623388 3.696162 -4.110522 -0.594860 5.288496 6.649551 -0.640737 -3.476815 2.961888 -0.640394 2.343261 2.896779 -0.268501 7.586916 2.192877 -6.765131 15.826248 0.322509 -12.713158 -6.317694 3.039239 0.697217 4.905528 5.433422 -15.209282 -27.223273 62.081929 91.768683 -9.995102 39.207405 1.901231 11.050606 -0.501186 1.620709 3.835353 -7.109221 20.946121 -5.052338 -52.507488 -116.871088 -5.959943 -35.013791 -10.716172 12.450569 38.807955 -23.851089 -14.455126 -11.662090 -17.096594 8.216498 1.527456 6.914608 19.488266 3.915606 -0.000000 0.000000 0.000000 27.985393 -12.905108 2.266870 1.177843 14.680315 0.005152 3.139504 1.957905 -3.082828 -0.193755 -8.904157 2.488111
-1.743922 0.991170 0.991347 -88.990033 3.717747 -3.992993 -0.737769 5.276929 6.583463 -0.700545 -3.484005 2.934231 -0.700190 2.335999 2.863055 -0.315790 7.581310 2.167575 -6.737734 15.811375 0.282699 -12.649479 -6.351740 2.957242 0.806804 4.415893 5.316690 -14.894670 -26.192639 61.099568 92.340651 -10.480589 38.898732 1.886414 11.073144 -0.714473 1.654018 3.779367 -7.115042 21.601376 -5.088792 -52.008516 -118.127213 -7.064004 -35.133016 -10.789799 12.416427 38.764968 -23.391234 -14.017167 -10.376193 -14.731225 9.376935 1.542263 8.218188 16.904875 4.807107 -0.056004 0.342088 -0.705498 26.011300 -11.814584 2.068158 4.729608 13.543179 -0.112997 1.375919 5.167226 -3.249087 -0.401701 -12.286979 3.639939
-1.746706 1.000652 1.009603 -89.139823 3.767944 -3.627138 -0.891422 5.292091 6.354869 -0.756231 -3.479430 2.834459 -0.755812 2.340545 2.757668 -0.365183 7.584913 2.088139 -6.748423 15.719603 0.322608 -12.690894 -6.516250 3.044750 0.852649 4.122510 5.334332 -13.586362 -25.061296 59.931401 93.044337 -10.708829 37.820196 2.023387 11.101811 -0.869273 1.609190 3.873356 -7.109716 22.550266 -5.430678 -51.638782 -119.414504 -8.120419 -35.494096 -10.910386 12.365262 38.794035 -21.613076 -13.288054 -9.014378 -11.008486 10.573498 1.189082 9.545239 14.226965 6.435239 -0.029388 0.192212 -0.342472 23.157366 -11.210737 1.997333 9.675675 13.068477 -0.297120 -1.334515 9.340888 -3.837098 -0.787296 -16.591846 5.247389
-1.749008 1.009906 1.027401 -88.744086 3.891249 -3.151419 -1.148111 5.308286 6.121958 -0.857432 -3.475760 2.733760 -0.856849 2.344028 2.646638 -0.448994 7.587505 2.004556 -6.833219 15.575550 0.370165 -12.877245 -6.770067 3.178634 0.769182 4.186672 5.321382 -12.641067 -24.238923 59.139208 93.888484 -10.618603 36.843660 2.280709 11.125758 -0.846023 1.458615 4.200765 -7.130270 22.922168 -5.932684 -51.609303 -120.455805 -8.779916 -35.563297 -11.041175 12.321771 38.755916 -19.628450 -12.492871 -7.859548 -7.783919 11.401512 0.961331 11.545953 12.098042 8.534504 0.000000 0.000000 -0.000000 20.986418 -11.172277 1.956382 13.542125 13.471555 -0.614137 -4.525347 13.340971 -5.454477 -1.323476 -19.702898 7.847120
-1.750490 1.019386 1.044838 -87.542707 4.171421 -2.551686 -1.586486 5.309056 5.920021 -1.041018 -3.481072 2.648878 -1.040170 2.338335 2.543030 -0.593910 7.582853 1.926848 -7.025377 15.370808 0.411112 -13.267127 -7.126492 3.346059 0.492096 4.550546 5.202154 -12.453943 -23.704585 58.953496 94.993486 -10.033860 36.220432 2.728513 11.135002 -0.545313 1.147765 4.852316 -7.229564 22.252247 -6.568465 -52.003304 -121.081101 -8.820774 -35.074445 -11.159770 12.288447 38.591035 -17.796850 -11.656799 -7.027779 -5.706146 11.362444 1.005327 14.994892 10.711690 11.641320 0.000000 -0.000000 -0.000000 20.040920 -11.807129 1.936282 15.525036 14.876591 -1.032698 -9.126823 17.205121 -9.068650 -1.900783 -20.971786 12.400114
-1.751491 1.028639 1.061818 -85.791083 4.501968 -1.831224 -2.128293 5.311962 5.716331 -1.270690 -3.486089 2.564653 -1.269587 2.332874 2.435507 -0.773692 7.578309 1.846408 -7.291807 15.113911 0.460143 -13.804863 -7.569915 3.562860 0.084066 5.272703 5.055178 -12.593601 -23.495765 59.109030 96.218653 -9.131120 35.704660 3.304189 11.143059 -0.073107 0.729656 5.737915 -7.348769 20.998797 -7.381755 -52.688302 -121.463437 -8.442835 -34.338258 -11.287593 12.257861 38.357340 -15.775378 -10.751735 -6.369481 -4.079521 10.843324 1.042154 19.119247 9.428373 15.406164 -0.000000 -0.000000 0.000000 19.795003 -12.987711 1.950839 16.439071 17.201617 -1.413354 -14.591101 20.678981 -13.849722 -2.032461 -20.980695 17.682760
-1.752948 1.035233 1.078612 -83.939470 4.649513 -1.165552 -2.629098 5.344359 5.565057 -1.485559 -3.477149 2.503409 -1.484311 2.341335 2.352484 -0.940751 7.584215 1.784503 -7.568886 14.853588 0.486448 -14.356686 -8.019625 3.743914 -0.326535 6.687417 4.949157 -13.154459 -24.144727 59.378097 97.205971 -8.420482 35.412197 3.774994 11.170336 0.388688 0.341564 6.668751 -7.356710 19.684039 -8.318518 -53.563287 -121.852938 -7.902441 -33.700279 -11.455895 12.235058 38.091058 -13.632598 -9.894638 -5.784218 -2.701331 10.579406 0.967625 22.369366 8.152404 18.536968 0.000000 0.000000 -0.000000 20.201243 -14.414771 1.950367 16.227593 20.339204 -1.703962 -17.820814 22.506781 -17.272227 -1.334691 -19.767286 20.924920
-1.755354 1.038366 1.095095 -82.072907 4.502490 -0.659264 -3.006308 5.443406 5.509161 -1.651602 -3.437361 2.483296 -1.650372 2.380645 2.315489 -1.068079 7.613223 1.757337 -7.872527 14.576245 0.484211 -14.951158 -8.500326 3.886018 -0.760147 9.838846 4.865760 -14.446114 -26.787009 60.045313 97.891391 -8.140100 35.472492 4.036057 11.259450 0.871666 -0.004955 7.749439 -7.126495 18.439501 -9.546686 -54.783027 -122.362068 -7.291425 -33.302706 -11.703634 12.223994 37.751589 -11.261866 -9.096459 -5.202968 -1.470762 10.787559 0.839357 24.262975 7.215944 21.255571 -0.058837 0.601298 0.456245 21.446050 -16.130958 1.902134 14.120995 24.726264 -2.107782 -16.937246 22.030956 -18.357591 0.284471 -16.678342 21.571546
-1.758215 1.038840 1.111393 -80.114444 4.179748 -0.228901 -3.342213 5.571339 5.504759 -1.802371 -3.384457 2.485836 -1.801167 2.433083 2.302708 -1.182191 7.652045 1.748523 -8.187714 14.295727 0.455029 -15.559679 -8.987739 3.985016 -1.185039 13.682404 4.874362 -16.334187 -30.239367 61.055508 98.367578 -8.068727 35.750567 4.191651 11.368867 1.350577 -0.308745 8.869259 -6.769451 17.154929 -10.901599 -56.206703 -122.879202 -6.527073 -33.012851 -11.995926 12.215740 37.381488 -8.781141 -8.343788 -4.665462 -0.495435 11.239747 0.714945 25.375384 6.571760 23.575946 -0.112817 1.147763 0.976652 23.365269 -18.080486 1.747451 10.764498 29.877576 -2.662274 -13.578721 20.045644 -18.143840 2.233541 -12.361278 20.816306
-1.760986 1.036628 1.128151 -78.275759 3.807748 0.225290 -3.738992 5.644203 5.469583 -1.977686 -3.356554 2.475353 -1.976358 2.460420 2.274434 -1.315596 7.672072 1.727997 -8.403488 14.101599 0.379991 -15.956811 -9.332178 3.951486 -1.393494 15.414595 5.109097 -17.977851 -31.629628 61.343164 98.521221 -8.033894 35.966939 4.310768 11.385881 1.564504 -0.461453 9.521228 -6.537214 15.984334 -11.799225 -57.353844 -123.319396 -5.601162 -32.761740 -12.253088 12.202118 37.142139 -6.589748 -7.699238 -4.274392 0.098745 12.011185 0.600575 25.822088 6.282154 23.920081 0.000000 0.000000 -0.000000 25.355141 -19.817689 1.491614 8.412262 34.319292 -2.800447 -9.493557 17.752289 -16.738486 3.236028 -8.662394 18.478904
-1.763395 1.031503 1.145926 -76.572558 3.410095 0.769931 -4.295447 5.611319 5.375232 -2.219511 -3.377069 2.439924 -2.217867 2.439008 2.214426 -1.500897 7.655485 1.683454 -8.467340 14.061862 0.225255 -16.021706 -9.419880 3.691312 -1.216432 12.903533 5.670820 -18.791984 -29.004895 59.647393 98.268172 -8.047164 36.051184 4.416662 11.212038 1.329291 -0.379756 9.345751 -6.592513 14.990006 -11.790838 -58.018739 -123.720977 -4.492214 -32.479971 -12.449491 12.192385 37.140055 -4.568401 -7.261861 -4.096103 -0.058756 13.329366 0.481416 25.622501 7.461823 21.259411 0.361022 -4.515541 -4.695492 27.315113 -21.140922 1.087426 8.512541 37.651858 -1.799139 -4.490311 14.996958 -13.314609 2.518006 -5.800927 12.826704
-1.765713 1.023693 1.164162 -74.991000 2.961816 1.337421 -4.910987 5.521854 5.242877 -2.484946 -3.422825 2.387848 -2.482880 2.392127 2.135385 -1.705166 7.619846 1.624432 -8.429551 14.109398 0.028585 -15.870297 -9.363293 3.302728 -0.907195 8.273276 6.328328 -19.357711 -24.414712 57.000559 97.686159 -8.093801 36.086771 4.484374 10.932628 0.835994 -0.155291 8.710798 -6.798325 14.108840 -11.299471 -58.457956 -124.051270 -3.221890 -32.243200 -12.604870 12.185577 37.269958 -2.833866 -6.886853 -4.100891 -0.602928 14.927709 0.403883 24.517031 9.385696 16.770003 0.739836 -10.537944 -11.113436 29.330126 -22.238708 0.651570 9.968443 40.200779 0.111974 0.943362 11.186342 -9.125248 1.043297 -2.676940 5.309241
-1.768212 1.013851 1.181826 -73.695136 2.520189 1.838827 -5.388817 5.446477 5.065687 -2.686777 -3.459894 2.314305 -2.684365 2.354154 2.041420 -1.862949 7.591271 1.553941 -8.333267 14.130116 -0.120306 -15.630415 -9.355364 2.985149 -0.829996 5.111115 6.744049 -20.001638 -21.041559 55.331016 96.899865 -7.963065 36.020041 4.504508 10.709523 0.383918 0.038165 8.204515 -6.969835 13.280447 -11.045538 -58.873206 -124.117962 -1.843566 -32.184135 -12.708263 12.161603 37.372702 -2.139377 -6.268962 -4.269448 -0.541065 16.155470 0.409819 22.575628 9.362240 12.076841 0.884147 -14.362019 -14.479944 31.039209 -23.288586 0.508642 11.211082 41.695639 2.083149 4.633997 7.786353 -6.321178 0.000000 -0.000000 -0.000000
-1.771038 1.001212 1.198332 -72.764940 2.094385 2.306832 -5.655603 5.422630 4.786996 -2.789426 -3.470442 2.193482 -2.786845 2.343133 1.910231 -1.949307 7.583535 1.455086 -8.181724 14.081078 -0.156716 -15.336614 -9.466547 2.866229 -1.185183 5.226222 6.732225 -20.589868 -20.378633 55.718240 95.867392 -7.559795 35.790479 4.458923 10.602292 0.062188 0.121708 8.039684 -7.001980 12.388627 -11.296249 -59.262849 -123.891098 -0.279163 -32.216977 -12.753314 12.091906 37.437307 -3.315392 -5.204376 -4.677736 0.670106 16.644455 0.416361 19.966080 5.495270 7.331290 0.729375 -14.161515 -11.653158 32.697664 -24.407540 0.593432 11.285791 42.030177 3.674473 5.684191 6.115506 -5.207703 -0.208135 0.887779 -1.261691
-1.774045 0.986541 1.214266 -72.118408 1.686017 2.716865 -5.784173 5.418202 4.468336 -2.828495 -3.470332 2.053269 -2.825850 2.343028 1.766025 -1.989062 7.584259 1.346176 -7.973352 14.002314 -0.146123 -14.956701 -9.631775 2.817439 -1.713585 6.819191 6.534767 -21.073340 -20.871493 57.097449 94.632240 -6.993184 35.430486 4.365829 10.551031 -0.222637 0.169693 8.000482 -6.995345 11.538030 -11.783900 -59.609263 -123.411544 1.396783 -32.405065 -12.748838 12.004933 37.470843 -5.538901 -3.944660 -5.331795 2.485299 16.758483 0.397705 17.221501 -0.663425 2.740951 0.377884 -11.776498 -5.659504 34.013200 -25.522811 1.004303 10.843889 41.399348 4.879416 5.378544 5.483936 -4.707866 -0.088266 0.450758 -0.627992
-1.777067 0.972789 1.230358 -71.672342 1.347870 2.898151 -5.799434 5.400729 4.283490 -2.824665 -3.476231 1.971072 -2.821998 2.337143 1.684198 -1.992140 7.580372 1.284242 -7.743974 13.905718 -0.196149 -14.515328 -9.839110 2.648489 -2.023158 8.065317 6.534197 -21.572586 -21.128185 58.068173 93.446420 -6.359402 35.028465 4.262902 10.547327 -0.450335 0.229971 8.029927 -7.069157 10.992156 -12.434967 -60.073580 -122.609951 2.907890 -33.080091 -12.715187 11.965148 37.339288 -7.076880 -2.838105 -6.038048 4.289989 16.960372 0.503202 14.913042 -6.349665 -0.350827 0.068288 -9.200368 -0.920099 33.761263 -26.563472 2.329888 10.658674 40.148348 5.372304 5.235726 5.019897 -4.259878 -0.000000 0.000000 0.000000
-1.780147 0.960600 1.246638 -71.489846 1.105403 2.717158 -5.638920 5.349697 4.338150 -2.755870 -3.497993 1.992993 -2.753189 2.315738 1.713118 -1.938427 7.564339 1.305730 -7.521854 13.793377 -0.383068 -14.035036 -10.090092 2.225915 -1.870455 8.235735 6.968144 -22.177962 -20.601420 57.952869 92.401173 -5.619806 34.534358 4.163240 10.610982 -0.593015 0.367810 8.125876 -7.315998 10.810284 -13.401029 -60.731815 -121.272205 4.194026 -34.535197 -12.638943 12.030255 37.028028 -7.204226 -1.930058 -6.671590 6.248825 17.350455 0.955039 12.712367 -10.517696 -1.472326 -0.059233 -7.051548 0.896335 30.797278 -27.482841 5.265255 11.479704 38.352620 5.048084 5.844457 4.475392 -3.672691 -0.000000 0.000000 -0.000000
-1.783242 0.949331 1.263075 -71.503572 0.937646 2.312195 -5.368263 5.280791 4.527819 -2.645448 -3.527997 2.073522 -2.642747 2.286259 1.804855 -1.848885 7.541977 1.374501 -7.276375 13.668076 -0.630803 -13.486063 -10.371425 1.679724 -1.509182 8.045983 7.601584 -22.813945 -19.860118 57.423358 91.395296 -4.821520 33.998494 4.050298 10.728475 -0.683917 0.519551 8.294909 -7.640013 10.944844 -14.524105 -61.527533 -119.659789 5.399925 -36.450892 -12.535193 12.154584 36.554702 -6.630872 -1.137222 -7.300398 8.226698 17.782516 1.569205 10.509476 -14.003635 -1.354876 -0.069141 -4.901312 1.549594 26.179601 -28.018261 9.228388 12.862250 35.986828 4.307579 6.603536 4.133935 -3.054287 -0.000000 0.000000 0.000000
-1.786067 0.940000 1.280299 -71.434581 0.828855 1.917885 -5.204188 5.216980 4.708900 -2.581982 -3.556505 2.151583 -2.579215 2.258032 1.889352 -1.795021 7.520469 1.437970 -6.955250 13.542129 -0.817880 -12.816025 -10.650300 1.216118 -1.289495 7.846344 8.126103 -23.307167 -19.205481 57.059162 90.402725 -4.166038 33.681467 3.916817 10.840739 -0.791107 0.538578 8.489249 -7.881727 11.499896 -15.271927 -62.414546 -118.389408 6.506522 -38.240874 -12.468325 12.251960 35.832212 -5.769498 -0.557237 -7.949777 9.179569 18.424200 1.953396 8.878248 -16.684872 -0.837163 -0.059053 -3.499540 1.932881 22.061690 -28.027290 12.804989 13.774963 33.238806 3.580526 7.207439 3.889224 -2.317196 0.000000 -0.000000 -0.000000
-1.788307 0.933028 1.298436 -71.200924 0.781976 1.621275 -5.252337 5.195708 4.822607 -2.609604 -3.567548 2.202495 -2.606754 2.246856 1.937462 -1.812113 7.511699 1.474375 -6.497626 13.368998 -0.888094 -11.936253 -11.011882 0.921044 -1.371182 7.743907 8.439352 -23.402971 -18.798041 57.051129 89.329127 -3.643373 33.681911 3.732406 10.938790 -0.925600 0.290323 8.725912 -7.985919 12.877542 -15.476634 -63.528796 -117.622385 7.411252 -39.850052 -12.436150 12.309067 34.698482 -4.462344 -0.373197 -8.645370 8.207795 19.712272 1.930143 8.326279 -18.547146 -0.135380 -0.063061 -3.181508 2.232342 19.086011 -27.650905 15.542996 13.869166 30.121401 2.925869 7.618607 3.753956 -1.306347 -0.000000 0.000000 0.000000
-1.790276 0.927995 1.317359 -70.885803 0.795728 1.335330 -5.405841 5.182642 4.927111 -2.683681 -3.575980 2.250562 -2.680709 2.238079 1.978016 -1.864559 7.504627 1.505254 -5.966584 13.191129 -0.898564 -10.939532 -11.378204 0.706451 -1.589213 7.643263 8.645987 -23.342041 -18.470717 57.202259 88.280670 -3.234725 33.907730 3.528043 11.030258 -1.076938 -0.092114 8.984056 -8.013393 14.654176 -15.290025 -64.714951 -117.153252 8.184322 -41.336708 -12.422385 12.362401 33.317344 -2.865772 -0.388274 -9.372402 6.212511 21.299693 1.665410 8.403792 -19.636833 0.914483 -0.071746 -3.609857 2.258194 16.704874 -26.975541 17.807529 13.505714 26.577503 2.288828 7.840474 3.720893 -0.211658 -0.000000 -0.000000 -0.000000
-1.792636 0.924654 1.337323 -70.458731 0.850883 1.032505 -5.561981 5.095756 5.053098 -2.759308 -3.617542 2.307492 -2.756052 2.196158 2.027277 -1.917337 7.472627 1.542503 -5.496127 13.151887 -0.894534 -10.052760 -11.479053 0.529153 -1.796808 7.600373 8.754779 -23.671338 -18.030577 57.498056 87.539636 -3.115076 34.349143 3.391356 11.078395 -1.275337 -0.353850 9.155165 -7.978836 15.689633 -14.701901 -65.452651 -117.006439 8.949082 -42.296536 -12.490342 12.370949 32.079218 -1.872819 -0.136374 -10.088660 4.840091 22.197596 1.333764 8.316075 -19.926002 2.079527 -0.090918 -4.515597 2.305716 15.277312 -26.165712 19.400117 12.553248 22.683210 1.747680 7.678970 3.622875 0.478088 -0.000000 0.000000 -0.000000
-1.795770 0.923249 1.358222 -69.902631 0.953492 0.663287 -5.695434 4.900225 5.219464 -2.825812 -3.707661 2.381039 -2.822025 2.105710 2.094082 -1.961677 7.404127 1.592641 -5.141421 13.333125 -0.865743 -9.382766 -11.160591 0.428103 -1.936325 7.665698 8.759515 -24.696534 -17.395719 58.019531 87.253233 -3.425220 35.084843 3.355524 11.074802 -1.570883 -0.381437 9.187554 -7.851375 15.281397 -13.549862 -65.443766 -117.211024 9.769862 -42.334434 -12.725897 12.286574 31.200929 -2.006190 0.650719 -10.712532 4.941799 21.752951 0.984429 7.718815 -19.325747 3.466813 -0.117245 -5.764076 2.338462 15.185152 -25.281311 20.194089 10.263855 18.168003 1.232673 6.979381 3.397602 0.541434 0.000000 0.000000 0.000000
-1.799295 0.923536 1.380161 -69.235454 1.100421 0.278780 -5.834060 4.629717 5.405092 -2.894668 -3.831442 2.462407 -2.890152 1.981579 2.168481 -2.006964 7.310282 1.648263 -4.845557 13.652854 -0.815487 -8.827338 -10.579754 0.383080 -2.064248 7.787932 8.665753 -26.098723 -16.635842 58.661481 87.249198 -4.016365 36.062698 3.394818 11.030869 -1.906629 -0.289804 9.131162 -7.659473 14.158626 -12.017377 -65.019319 -117.692682 10.541181 -41.866463 -13.062758 12.123104 30.461415 -2.748463 1.692931 -11.324856 5.616309 20.577479 0.546317 7.054390 -17.912757 4.946813 -0.155577 -7.490067 2.389772 15.996270 -24.349461 20.377198 7.386772 13.268407 0.916314 5.992823 3.059909 0.146872 0.000000 -0.000000 -0.000000
-1.802711 0.924530 1.403712 -68.478416 1.256939 0.001910 -5.954989 4.303242 5.579578 -2.954121 -3.979843 2.537992 -2.948741 1.832879 2.238078 -2.045368 7.198058 1.700028 -4.573671 14.011101 -0.806975 -8.301482 -9.927986 0.269100 -2.205738 7.868528 8.497964 -27.494986 -15.800786 59.135352 87.341868 -4.639939 37.075647 3.503984 10.940803 -2.150491 -0.165513 9.030059 -7.504336 13.324031 -10.651781 -64.553615 -118.348481 11.101935 -41.705765 -13.356623 11.914471 29.587751 -3.441468 2.624848 -12.100927 5.918605 19.558009 0.122875 6.661291 -15.895275 5.974109 -0.246605 -9.828130 2.867650 16.831720 -23.464984 20.227098 5.859744 8.895913 0.902407 5.169672 2.567257 -0.573455 -0.000000 -0.000000 0.000000
-1.805919 0.926374 1.429302 -67.675031 1.441743 -0.088705 -6.039678 3.881193 5.718273 -2.994003 -4.169968 2.596234 -2.987540 1.642554 2.292351 -2.069924 7.054786 1.739841 -4.329246 14.424363 -0.874842 -7.798466 -9.176391 0.022355 -2.398876 7.858092 8.224340 -28.802723 -14.853730 59.354431 87.490215 -5.284797 38.110756 3.713264 10.772263 -2.200743 0.010114 8.852666 -7.439799 13.154661 -9.621288 -64.042710 -119.361003 11.385162 -42.234435 -13.581830 11.640264 28.363437 -3.869048 3.327766 -13.152589 5.503607 18.929074 -0.207750 6.752599 -13.251593 6.240686 -0.454164 -12.899921 4.036030 17.401958 -22.505787 19.812100 6.395393 5.113163 0.932947 4.462144 1.924932 -1.884077 -0.000000 0.000000 -0.000000
-1.809018 0.928924 1.456503 -66.780688 1.631410 -0.070435 -6.105350 3.401963 5.841318 -3.023580 -4.385159 2.646600 -3.015889 1.427208 2.339757 -2.087041 6.892823 1.774185 -4.108664 14.879768 -0.978920 -7.328475 -8.346139 -0.281476 -2.601896 7.808968 7.874683 -30.111403 -13.845294 59.405131 87.741083 -5.973820 39.175339 3.986482 10.561073 -2.159891 0.220038 8.632201 -7.413702 13.256333 -8.775671 -63.439592 -120.577130 11.424679 -43.052219 -13.784754 11.318767 27.003395 -4.258116 3.927063 -14.362304 4.739766 18.476527 -0.479366 7.096743 -10.019344 6.061384 -0.824267 -16.569505 5.690874 17.970023 -21.565934 19.073470 8.138519 1.898603 0.828516 3.950674 1.217535 -3.518887 -0.000000 -0.000000 0.000000
-1.811809 0.930767 1.484610 -65.684144 1.727638 -0.056859 -6.182275 3.000593 5.987059 -3.060158 -4.566176 2.707794 -3.051412 1.245992 2.397213 -2.108867 6.756344 1.816288 -3.867031 15.233832 -1.075019 -6.829025 -7.702130 -0.569242 -2.723935 7.775127 7.567498 -31.308799 -12.969060 59.291605 88.077121 -6.512482 40.078747 4.215652 10.403088 -2.205333 0.324748 8.509950 -7.367795 13.450546 -8.191127 -63.005775 -121.403666 11.217231 -43.805250 -13.903649 11.057642 25.875665 -4.609349 4.429695 -15.547890 3.793231 18.427836 -0.706665 7.337154 -6.492010 5.823258 -1.375836 -20.577682 7.568465 18.520534 -21.058613 18.056212 10.605532 0.049243 0.674954 4.168938 0.540106 -4.508772 -0.000000 0.000000 0.000000
-1.814058 0.931719 1.513712 -64.312125 1.713185 -0.086748 -6.295632 2.719997 6.194972 -3.117514 -4.694737 2.798104 -3.107939 1.117119 2.481674 -2.144572 6.658829 1.879173 -3.592016 15.433524 -1.175235 -6.273095 -7.343865 -0.866897 -2.704016 7.782546 7.339624 -32.442015 -12.319923 59.037925 88.573334 -6.790109 40.747938 4.377180 10.345899 -2.408401 0.235298 8.577293 -7.278163 13.797071 -7.934878 -62.908678 -121.621906 10.744619 -44.445930 -13.867154 10.922661 25.111838 -4.948357 4.847339 -16.691325 2.678919 18.757635 -0.833053 7.416144 -2.507927 5.527690 -2.227204 -25.330598 9.742707 18.787789 -21.257407 16.671888 14.737065 0.285610 0.782468 5.776614 -0.566739 -4.305792 0.000000 0.000000 0.000000
-1.815998 0.931963 1.543719 -62.738068 1.606671 -0.127232 -6.420852 2.513202 6.426868 -3.182053 -4.791020 2.899940 -3.171738 1.020480 2.576986 -2.184964 6.585356 1.950508 -3.296918 15.533890 -1.275116 -5.683623 -7.168712 -1.165534 -2.606771 7.807099 7.157541 -33.472389 -11.796976 58.650133 89.175850 -6.917755 41.245594 4.490997 10.343720 -2.700525 0.040003 8.739269 -7.164439 14.237654 -7.923835 -62.996400 -121.432455 10.061579 -45.053236 -13.720387 10.861153 24.579529 -5.236523 5.183110 -17.809689 1.404069 19.506038 -0.928858 7.389166 1.778120 5.146360 -3.432646 -30.363734 12.361421 19.091249 -21.853640 14.949999 19.629412 1.739298 1.202621 8.048646 -1.852350 -3.683229 -0.000000 -0.000000 -0.000000
-1.818123 0.930631 1.573655 -61.071307 1.366750 -0.189106 -6.514298 2.382191 6.608054 -3.230767 -4.852671 2.979817 -3.219904 0.958554 2.651970 -2.215223 6.538115 2.006733 -2.975116 15.548413 -1.310354 -5.069400 -7.149077 -1.350166 -2.533081 7.823905 7.035117 -34.159091 -11.291552 58.117469 89.682548 -7.029775 41.583896 4.517121 10.350582 -3.048161 -0.135414 8.856629 -7.034566 14.421269 -8.005233 -63.065039 -120.862620 9.304870 -45.487207 -13.555182 10.805582 24.249500 -5.368335 5.428014 -18.773883 0.130800 20.982454 -1.211638 7.132020 5.615560 5.020632 -4.624656 -34.149795 15.061445 20.298111 -22.364962 13.108381 21.982166 3.008164 1.509850 9.415003 -2.057334 -3.197768 -0.000000 0.000000 0.000000
-1.820720 0.926563 1.603544 -59.342861 0.941710 -0.385528 -6.557110 2.351661 6.783377 -3.258390 -4.868876 3.057872 -3.247464 0.942189 2.727211 -2.230254 6.525103 2.063427 -2.610505 15.458411 -1.279692 -4.400829 -7.320146 -1.425026 -2.512605 7.903869 6.892782 -34.262995 -10.670531 57.371429 90.114480 -7.297037 41.592270 4.405080 10.338981 -3.620828 -0.255841 8.882509 -6.888507 14.246722 -8.122972 -63.075538 -119.777103 8.307842 -45.703764 -13.429586 10.714646 24.215130 -5.205078 5.606148 -19.551476 -1.236794 23.462642 -1.716877 6.550724 8.723590 5.633918 -5.366350 -36.199434 17.339717 23.613187 -22.613149 11.058909 19.521669 3.484939 1.295600 8.761358 -0.066334 -2.705599 0.000000 0.000000 0.000000
-1.823502 0.920920 1.633361 -57.519824 0.389225 -0.618080 -6.567354 2.398441 6.914997 -3.270459 -4.849761 3.117117 -3.259693 0.961227 2.785204 -2.235187 6.538845 2.107357 -2.222188 15.274536 -1.195951 -3.708478 -7.663690 -1.408189 -2.515979 7.973438 6.811196 -34.028682 -10.040585 56.499885 90.455211 -7.538611 41.436721 4.199177 10.326606 -4.246852 -0.355942 8.862510 -6.729413 13.815384 -8.335736 -63.075673 -118.302994 7.255589 -45.783193 -13.290687 10.617151 24.383542 -4.875523 5.690272 -20.175040 -2.589593 26.666893 -2.420250 5.832612 11.422893 6.542802 -5.627324 -37.062881 19.298609 27.818198 -22.650113 8.927881 14.472400 3.941003 0.883162 7.268613 3.120429 -2.084545 -0.000000 -0.000000 0.000000
-1.826102 0.916312 1.662058 -55.620047 -0.182229 -0.576993 -6.553659 2.465521 6.803014 -3.259357 -4.818489 3.067892 -3.248602 0.992573 2.737144 -2.230469 6.562822 2.071342 -1.856998 15.045416 -1.012963 -3.095340 -8.089310 -1.198027 -2.556462 7.776776 7.030903 -33.929573 -9.664323 55.701989 90.429798 -7.392424 41.653754 4.013806 10.335001 -4.379625 -0.414559 8.798754 -6.574133 13.074543 -8.673316 -62.985288 -116.880300 6.787557 -45.713419 -13.056921 10.558136 24.446232 -4.679580 5.584499 -20.625402 -3.492125 30.044509 -3.410621 5.176647 13.831652 6.722167 -5.382214 -36.868329 21.199728 30.107704 -22.480659 7.284272 10.201581 5.272663 0.577609 6.764008 5.699287 -1.464016 0.000000 -0.000000 -0.000000
-1.828259 0.913643 1.689576 -53.614365 -0.784550 -0.037241 -6.521195 2.553101 6.293447 -3.219877 -4.773206 2.841517 -3.209216 1.038069 2.514812 -2.217604 6.598892 1.903828 -1.518073 14.763757 -0.663392 -2.593840 -8.609661 -0.666804 -2.704874 7.011309 7.804566 -34.242256 -9.832158 54.737271 89.765427 -6.900104 42.768944 3.906910 10.358948 -3.527264 -0.370409 8.662991 -6.424466 11.781989 -9.209846 -62.730797 -115.540109 7.239432 -45.445325 -12.638761 10.597122 24.301021 -4.838546 5.235047 -21.043866 -3.901449 33.436519 -4.803117 3.973814 16.342763 5.415659 -4.370557 -35.149672 24.048764 28.904612 -22.294451 6.358294 7.687846 8.250103 0.413127 8.545313 7.092301 -0.815584 0.000000 0.000000 -0.000000
-1.830235 0.912009 1.715974 -51.543033 -1.443199 0.770404 -6.460009 2.694554 5.544566 -3.156582 -4.700644 2.508891 -3.146547 1.110960 2.188570 -2.195279 6.656243 1.657955 -1.210589 14.417196 -0.224265 -2.188192 -9.249033 0.045365 -2.928051 5.945143 8.838230 -34.660686 -10.259689 53.801994 88.749893 -6.061901 44.280330 3.856353 10.409381 -2.176786 -0.288463 8.481410 -6.285627 10.163671 -9.844470 -62.382741 -114.277728 8.256251 -44.954556 -12.125744 10.698573 24.052775 -5.125401 4.677886 -21.316630 -3.933834 37.019530 -6.405518 2.610519 18.562942 3.378701 -2.370986 -32.671976 26.596920 25.815183 -22.111135 5.824771 5.953401 12.097027 0.083070 11.268778 7.861361 -0.296037 -0.000000 -0.000000 -0.000000
-1.832448 0.911319 1.740381 -49.525725 -2.064665 1.483531 -6.357158 2.877306 4.821744 -3.076446 -4.609482 2.188212 -3.067363 1.202596 1.875986 -2.159632 6.727466 1.422431 -0.980129 14.056419 0.142434 -1.902311 -9.915757 0.652121 -3.045841 5.188659 9.571156 -34.822767 -10.383168 53.762631 87.889951 -4.469758 45.193805 3.842111 10.540128 -1.255281 -0.333567 8.344406 -6.172435 8.878736 -10.366579 -62.077375 -113.486045 9.418611 -44.246792 -11.693882 10.773530 23.700793 -5.186158 3.939003 -21.050375 -3.351615 40.756867 -7.725713 2.789741 19.430268 1.909595 -0.465839 -31.165973 26.381910 22.796612 -21.750553 5.434575 5.439290 15.402884 -0.395509 12.774703 7.853851 0.026035 0.000000 0.000000 0.000000
-1.834997 0.911474 1.762321 -47.653432 -2.630921 2.023225 -6.185019 3.132159 4.176191 -2.969263 -4.486754 1.902424 -2.961238 1.325981 1.601086 -2.100909 6.822213 1.215470 -0.862371 13.644652 0.403115 -1.789832 -10.677757 1.104941 -2.886510 5.088010 9.769823 -34.675710 -10.005180 55.425270 87.459183 -1.555066 45.012744 3.797193 10.792015 -1.165330 -0.659820 8.316799 -6.086342 8.217928 -10.697865 -61.856666 -113.519652 10.885080 -43.161766 -11.410018 10.808233 23.080278 -4.918226 2.955333 -20.029064 -1.723011 44.932032 -8.494690 5.910526 18.022071 1.257662 0.508445 -30.654189 21.781242 20.114412 -21.075020 5.357369 7.239333 17.834442 -0.811104 11.823740 6.593127 0.285852 -0.000154 0.007970 0.015309
-1.837784 0.912572 1.782271 -45.829773 -3.145983 2.476449 -5.975244 3.423648 3.561499 -2.846300 -4.348265 1.630415 -2.839262 1.465096 1.341539 -2.028988 6.928464 1.020036 -0.821709 13.232780 0.592094 -1.796424 -11.439477 1.454340 -2.580084 5.323499 9.714614 -34.244461 -9.495358 58.023424 86.935490 2.128318 44.254610 3.730993 11.115576 -1.519352 -1.107086 8.346562 -6.012575 7.902311 -10.943766 -61.678020 -114.019014 12.452926 -41.866656 -11.218419 10.830024 22.346130 -4.470360 1.726548 -18.496300 0.792356 49.332140 -8.483286 10.383374 15.166196 0.559289 0.931413 -29.626524 14.733581 17.484678 -20.200404 5.441678 10.291756 19.749460 -1.091752 9.644875 4.562009 0.575761 -0.000255 0.015962 0.030606
-1.840936 0.914809 1.800794 -43.883678 -3.525002 2.738269 -5.802124 3.615517 3.087249 -2.745628 -4.256351 1.419963 -2.739188 1.557421 1.141242 -1.968878 6.999000 0.868993 -0.782616 13.016148 0.666128 -1.757099 -11.840736 1.583653 -2.365904 5.521512 9.629220 -33.366427 -9.084519 60.092800 85.689613 5.254537 43.393584 3.721782 11.432148 -2.062586 -1.368630 8.343715 -5.943881 7.747008 -11.193663 -61.560840 -114.314573 13.174376 -40.887624 -11.077693 10.773014 21.980930 -3.875425 0.367305 -16.746644 3.592218 53.080762 -7.363461 13.748850 12.476121 0.014243 0.926663 -28.068716 8.394764 15.990091 -19.258822 5.091757 11.818838 20.762673 -1.259306 7.817684 3.010426 0.845185 0.000000 -0.000000 0.000000
-1.844531 0.918453 1.817832 -41.679999 -3.715595 2.764210 -5.706234 3.622716 2.781588 -2.686802 -4.249085 1.283143 -2.680487 1.564930 1.010354 -1.934552 7.005417 0.769980 -0.724878 13.138838 0.602550 -1.619474 -11.615430 1.437250 -2.368821 5.544164 9.607458 -31.840705 -8.729521 60.970137 83.456744 7.080390 42.572971 3.839110 11.763388 -2.886216 -1.281643 8.251527 -5.881102 7.678676 -11.546191 -61.474731 -114.016615 12.390113 -40.484471 -10.924222 10.496477 22.294041 -2.953205 -1.082409 -14.771950 6.750954 55.850280 -4.798836 15.205366 10.449428 0.441169 0.453442 -26.844658 3.170028 16.591063 -18.228109 3.912326 10.055718 20.492856 -1.367411 7.058944 2.426405 0.982192 0.000492 -0.040025 -0.122201
-1.848491 0.923236 1.833443 -39.350543 -3.749927 2.613618 -5.645660 3.513509 2.599262 -2.649497 -4.295211 1.200310 -2.643049 1.519002 0.931327 -1.912319 6.971472 0.709954 -0.650675 13.468866 0.455876 -1.413786 -11.006733 1.123470 -2.468636 5.536652 9.547384 -29.904303 -8.384170 61.338861 80.617932 8.185610 41.638514 4.002736 12.095438 -3.905120 -1.013887 8.114823 -5.835289 7.770231 -11.907153 -61.463404 -113.446336 10.815130 -40.462512 -10.810857 10.094055 22.972877 -1.907760 -2.736735 -12.626762 10.202132 57.723677 -1.243528 15.639742 8.443792 1.418970 -0.169849 -25.853540 -1.722790 18.257116 -17.011540 2.434770 6.789531 19.301339 -1.344180 6.660234 2.305041 1.016960 0.000771 -0.103976 -0.290314
-1.852700 0.928541 1.848368 -37.124534 -3.669138 2.338491 -5.569009 3.374724 2.537345 -2.611327 -4.355776 1.170674 -2.604724 1.458632 0.905591 -1.885478 6.926403 0.690124 -0.518325 13.782379 0.294236 -1.094843 -10.428529 0.760628 -2.544863 5.545808 9.359882 -28.108920 -8.175690 61.728809 77.636933 9.250553 40.580050 4.119205 12.303399 -4.588331 -0.756425 7.992135 -5.819775 8.058682 -12.061071 -61.643424 -113.061154 9.558617 -40.631499 -10.843559 9.834295 23.573672 -1.324447 -4.632482 -10.669105 12.585904 58.566691 1.644378 15.405377 6.499488 2.012034 -0.442577 -25.038800 -4.962438 19.114040 -15.741279 1.423095 4.521755 17.885725 -1.179146 6.086430 2.380745 1.033818 0.000777 -0.215585 -0.413133
-1.857127 0.934506 1.862860 -35.092835 -3.444798 1.939158 -5.464621 3.195821 2.622802 -2.568236 -4.435665 1.206055 -2.561367 1.378926 0.945341 -1.849935 6.866471 0.719634 -0.303300 14.040678 0.117512 -0.617903 -9.952023 0.340413 -2.559668 5.593919 8.967003 -26.666919 -8.172705 62.258392 74.580454 10.504260 39.429082 4.208751 12.290606 -4.556347 -0.528069 7.890737 -5.832063 8.722171 -11.861532 -62.106029 -113.363888 9.062931 -41.018953 -11.135167 9.857122 23.879462 -1.572150 -6.850472 -8.996812 13.140124 58.501661 2.781569 14.491694 4.720989 1.924243 -0.233847 -25.073659 -5.629064 18.351226 -14.540500 1.162939 4.396645 16.398159 -0.957104 5.049997 2.628952 1.061334 0.000939 -0.431049 -0.429744
-1.861803 0.940994 1.876665 -33.168530 -3.094136 1.428280 -5.345602 2.971567 2.824576 -2.524271 -4.536788 1.292817 -2.517053 1.278002 1.036569 -1.809797 6.790378 0.787913 -0.034540 14.284675 -0.078980 -0.034898 -9.500238 -0.134907 -2.551164 5.673874 8.449447 -25.370937 -8.297258 62.775674 71.359713 11.734291 38.145595 4.301504 12.170963 -4.170505 -0.307973 7.809235 -5.871457 9.582902 -11.428081 -62.716796 -113.910110 8.845477 -41.551602 -11.576093 10.012384 24.114286 -2.292000 -9.217217 -7.452814 12.174427 57.618646 2.591049 13.021010 3.100813 1.586601 0.065933 -25.694627 -4.576909 16.843738 -13.375343 1.290708 5.228822 14.679343 -0.739183 3.838582 3.073669 1.067675 0.001381 -0.694230 -0.401114
-1.866712 0.946973 1.889764 -31.312433 -2.734398 0.867515 -5.195902 2.800823 3.063781 -2.468864 -4.614173 1.396799 -2.461523 1.200877 1.146194 -1.759915 6.732077 0.870195 0.240261 14.403173 -0.257393 0.550998 -9.278633 -0.576587 -2.513227 5.783468 7.959104 -24.137312 -8.512092 63.376475 68.107493 13.028127 36.556286 4.316710 12.109414 -4.014101 -0.225410 7.798912 -5.946837 10.148060 -10.953060 -63.261711 -113.800655 8.636161 -41.857339 -11.923369 10.144280 24.494718 -2.949076 -11.346114 -5.995876 9.900094 55.884348 1.592657 11.627032 1.605318 1.178508 0.182066 -25.424457 -3.088041 15.289653 -12.251647 1.526678 5.999907 12.953071 -0.549085 2.778986 3.523431 1.058238 0.001540 -0.860457 -0.418813
-1.871961 0.952287 1.901899 -29.531696 -2.376948 0.200175 -5.004666 2.719024 3.362940 -2.398551 -4.652176 1.528204 -2.391328 1.163164 1.284733 -1.696913 6.703204 0.974473 0.520886 14.329149 -0.420810 1.143032 -9.411229 -0.993380 -2.441567 5.909105 7.514844 -22.912268 -8.798481 64.180978 64.727548 14.482498 34.443291 4.213062 12.133899 -4.339929 -0.388913 7.934178 -6.075482 10.114895 -10.408962 -63.700302 -112.541629 8.256521 -41.581475 -12.093993 10.178816 25.173440 -3.291963 -13.185204 -4.542273 5.727582 53.211628 -0.468057 10.474371 0.123088 0.646523 0.127185 -23.815221 -1.329729 13.890298 -11.175619 1.856217 6.347769 11.185332 -0.362677 2.049148 4.006223 1.038009 0.000278 -0.864146 -0.575398
-1.877442 0.957092 1.913328 -27.820351 -2.005694 -0.518311 -4.779773 2.684439 3.706294 -2.315712 -4.669046 1.679588 -2.308674 1.146624 1.444504 -1.622951 6.690139 1.094857 0.800792 14.128905 -0.587531 1.737575 -9.775415 -1.419146 -2.343519 6.061141 7.098909 -21.746534 -9.194244 65.046141 61.219407 15.954235 31.983505 4.006660 12.175379 -4.899487 -0.689102 8.145704 -6.227809 9.783033 -9.833367 -64.081009 -110.635357 7.898768 -41.095313 -12.203476 10.172218 25.988330 -3.548800 -14.795317 -3.174330 0.841205 49.550452 -2.815244 9.447617 -1.267319 0.072267 -0.051257 -21.229735 0.708682 12.457917 -10.135926 2.288621 6.644316 9.410605 -0.168360 1.469138 4.491942 1.001088 -0.002798 -0.770698 -0.778121
-1.882816 0.960825 1.924803 -26.113434 -1.708340 -1.067182 -4.532892 2.691505 3.962552 -2.218963 -4.666044 1.792463 -2.212218 1.150043 1.567214 -1.541427 6.692320 1.187361 1.022980 13.887777 -0.743704 2.222527 -10.214801 -1.805869 -2.228382 6.260566 6.809805 -20.712573 -9.730899 65.670313 57.894594 17.228110 29.628715 3.683947 12.235536 -5.530493 -0.928589 8.266907 -6.348556 9.574184 -9.534266 -64.360539 -108.646284 7.966654 -41.108869 -12.278246 10.178368 26.687059 -3.861509 -15.974578 -2.122378 -2.375959 45.081556 -3.799455 8.668959 -2.269766 -0.202733 -0.159327 -17.527195 1.872482 11.075604 -9.121305 2.592412 6.983965 7.951610 0.053771 0.830973 4.701712 0.942570 -0.005390 -0.632111 -0.840625
-1.887846 0.963264 1.936642 -24.436018 -1.539363 -1.364422 -4.237946 2.766129 4.086457 -2.094792 -4.631243 1.846611 -2.088596 1.185366 1.634017 -1.443825 6.718828 1.237791 1.165787 13.594097 -0.884603 2.556009 -10.752321 -2.136717 -2.071707 6.548295 6.700602 -19.804665 -10.417763 65.897593 54.888014 18.197828 27.473084 3.142705 12.333150 -6.206398 -1.039828 8.218391 -6.434414 9.764514 -9.707778 -64.514753 -106.797029 8.561571 -41.971358 -12.274468 10.213546 27.190508 -4.397203 -16.574778 -1.476676 -3.365046 39.723500 -3.047996 8.027589 -2.737346 -0.102834 -0.078618 -11.733272 1.615958 9.698821 -8.055565 2.655367 7.585476 6.818332 0.362055 -0.002368 4.553353 0.860098 -0.004698 -0.427611 -0.622943
-1.892769 0.964632 1.948527 -22.758124 -1.461485 -1.501386 -3.921461 2.894476 4.130181 -1.957435 -4.571717 1.865057 -1.951888 1.245382 1.666400 -1.339042 6.764048 1.262276 1.249073 13.258160 -1.019636 2.778267 -11.368884 -2.436416 -1.891306 6.866435 6.725253 -19.029476 -11.185614 65.864251 52.116203 19.072233 25.467040 2.470725 12.436285 -6.941347 -1.092561 8.076855 -6.502837 10.082746 -10.170198 -64.610628 -104.939768 9.732402 -43.282508 -12.203213 10.276442 27.596364 -4.948426 -16.716698 -1.116940 -3.421733 33.654756 -1.606688 7.522209 -2.796427 0.273954 0.008704 -4.895851 0.679685 8.352067 -7.023354 2.581366 8.230601 5.996756 0.699966 -0.889336 4.126909 0.762174 -0.002030 -0.178558 -0.264860
-1.897947 0.965038 1.960260 -20.929942 -1.431077 -1.518630 -3.675918 3.018682 4.105836 -1.847994 -4.514245 1.853323 -1.842912 1.303172 1.665705 -1.257484 6.807657 1.261759 1.282304 12.996612 -1.141445 2.899661 -11.848941 -2.689909 -1.759507 7.085654 6.827644 -18.480001 -11.929544 65.728440 49.615590 20.195918 23.854006 1.946735 12.500137 -7.640154 -1.094619 7.906570 -6.536240 10.132587 -10.650544 -64.732227 -103.091081 11.830557 -44.563813 -12.141459 10.409442 27.930497 -5.087880 -16.598441 -0.956791 -3.300178 27.572619 -0.354811 7.356100 -2.533773 1.030757 0.000000 -0.000000 0.000000 7.210106 -6.261727 2.470429 8.361667 5.777886 0.940368 -1.617690 3.388513 0.663386 0.000000 -0.000000 -0.000000
-1.903479 0.964448 1.971617 -18.866866 -1.414279 -1.419076 -3.548098 3.117843 4.008223 -1.786895 -4.468464 1.809523 -1.782089 1.349130 1.628073 -1.214758 6.842448 1.233397 1.271541 12.832697 -1.230601 2.921710 -12.150383 -2.860751 -1.728307 7.107040 7.025250 -18.234268 -12.617833 65.455454 47.517333 21.785653 22.818838 1.702288 12.520477 -8.295432 -0.996313 7.667551 -6.499691 9.720899 -11.047714 -64.923616 -101.344765 15.143107 -45.645273 -12.136078 10.692953 28.250935 -4.462678 -16.209075 -0.963878 -2.916928 21.341402 0.442786 7.604488 -1.975720 2.502645 -0.020548 1.305286 -0.079481 6.299728 -5.896795 2.326549 7.748197 6.290598 1.087876 -2.060431 2.301066 0.588057 0.000567 0.062118 0.104146
-1.909266 0.962897 1.982821 -16.653360 -1.457279 -1.203641 -3.492109 3.221934 3.842317 -1.754297 -4.420663 1.735869 -1.749745 1.397051 1.557746 -1.195856 6.878800 1.180439 1.214655 12.740556 -1.294546 2.843494 -12.321129 -2.962411 -1.748279 7.021742 7.285929 -18.213013 -13.260370 65.110224 45.724541 23.724143 22.138287 1.595571 12.524559 -8.934598 -0.848715 7.392875 -6.436115 9.040297 -11.450305 -65.129750 -99.689715 19.336908 -46.592225 -12.122423 11.050268 28.528012 -3.441929 -15.538784 -1.127141 -2.297687 15.096867 0.804039 8.067901 -1.246126 4.531812 -0.016862 0.654272 -0.013818 5.594374 -5.803277 2.139297 6.619066 7.405876 1.170603 -2.341025 0.904633 0.511773 0.000467 0.054147 0.114755
-1.915373 0.960591 1.994345 -14.394242 -1.632790 -0.912227 -3.461092 3.347077 3.633101 -1.730615 -4.363506 1.643184 -1.726309 1.454281 1.467469 -1.185123 6.922177 1.112454 1.112195 12.763874 -1.356364 2.673413 -12.279380 -3.036826 -1.741818 6.996537 7.480217 -18.275547 -13.848171 65.011896 43.888267 25.824742 21.414370 1.506516 12.524683 -9.519361 -0.806213 7.262165 -6.426346 8.270698 -11.868471 -65.258836 -97.881968 23.776286 -47.238634 -12.026491 11.300848 28.633947 -2.678616 -14.796126 -1.417085 -2.058971 9.965045 0.765085 8.648813 -0.473263 6.453971 0.000000 0.000000 0.000000 5.193345 -5.840244 1.992827 5.099968 9.028969 1.109379 -2.625024 -0.717495 0.379240 0.000000 0.000000 0.000000
-1.921817 0.957407 2.006354 -12.053564 -1.983542 -0.499170 -3.469920 3.506042 3.347074 -1.720645 -4.291224 1.516716 -1.716530 1.526550 1.341975 -1.187221 6.976908 1.017921 0.949144 12.959843 -1.395790 2.372924 -11.920102 -3.037789 -1.679905 7.180916 7.548577 -18.420090 -14.478922 65.454769 41.813864 28.168693 20.412538 1.416642 12.518248 -10.075120 -1.050730 7.458524 -6.484335 7.454432 -12.373862 -65.274632 -95.625003 28.376130 -47.311831 -11.762162 11.360071 28.409424 -2.305750 -13.961471 -1.965683 -2.724944 6.170886 0.533581 9.757962 0.409532 8.465739 -0.000000 -0.000000 -0.000000 5.121293 -5.937271 1.871190 3.021718 11.146667 0.803710 -2.873242 -2.689034 0.178474 -0.001915 -0.006315 -0.376535
-1.928581 0.953469 2.018682 -9.670518 -2.478524 -0.028377 -3.503107 3.692632 3.020617 -1.719432 -4.206445 1.372725 -1.715554 1.611325 1.198099 -1.197287 7.041074 0.909571 0.747313 13.271041 -1.417160 1.988361 -11.348604 -2.986157 -1.588867 7.434105 7.564272 -18.654400 -15.092114 66.149921 39.617909 30.651408 19.314436 1.349526 12.513561 -10.579391 -1.393349 7.808060 -6.569526 6.543656 -12.898837 -65.204401 -92.999673 33.171352 -46.913952 -11.433386 11.376032 27.979049 -2.199228 -13.037972 -2.639148 -3.727112 3.486118 0.272280 11.123303 1.396889 10.385740 0.000000 -0.000000 0.000000 5.358068 -6.160441 1.781121 0.503772 13.750194 0.315235 -3.127322 -4.885944 -0.071049 -0.001222 -0.059486 -0.878354
-1.935682 0.949363 2.031310 -7.460459 -3.062056 0.297211 -3.467718 3.885321 2.783699 -1.692389 -4.118948 1.268213 -1.688878 1.698953 1.096358 -1.184968 7.107274 0.832993 0.558808 13.572738 -1.486165 1.649415 -10.792549 -3.032014 -1.476759 7.489749 7.589426 -18.845448 -15.433361 66.544219 37.450263 32.789345 18.387282 1.270903 12.539302 -10.906946 -1.435229 7.956735 -6.686849 5.586411 -13.251270 -65.059082 -90.395633 37.764739 -46.542869 -11.254950 11.493277 27.643146 -2.589426 -12.314062 -3.077967 -4.076260 2.341706 0.179565 11.766272 2.522357 10.825480 0.000000 -0.000000 0.000000 5.931652 -6.584117 1.841814 -1.884322 16.764129 -0.157859 -3.678798 -6.854071 -0.363493 0.004104 -0.417059 -1.127602
-1.943505 0.944822 2.044592 -5.498015 -3.750905 0.407030 -3.310673 4.067061 2.685952 -1.618400 -4.036561 1.224487 -1.615308 1.781597 1.060159 -1.132610 7.169549 0.805759 0.376585 13.849191 -1.669175 1.368615 -10.280000 -3.297253 -1.341070 7.110163 7.606331 -19.040983 -15.186560 66.448115 35.498366 34.481371 17.811781 1.163063 12.639167 -11.039174 -0.875103 7.638173 -6.872015 4.048276 -13.133647 -64.648090 -87.891961 42.205213 -46.244200 -11.392116 11.779579 27.560685 -3.842816 -11.995235 -3.164082 -3.118402 3.388532 0.498584 11.078476 4.305926 8.501638 -0.000000 -0.000000 -0.000000 7.126226 -7.264289 2.115157 -4.131468 20.368482 -0.555418 -4.778448 -8.757301 -0.570569 0.007376 -0.955976 -1.010973
-1.951666 0.940112 2.058173 -3.703505 -4.508353 0.368663 -3.084761 4.242773 2.679114 -1.518488 -3.957144 1.220377 -1.515788 1.861278 1.066180 -1.057647 7.229454 0.810300 0.205171 14.123190 -1.902746 1.128212 -9.770448 -3.662634 -1.193008 6.533958 7.597454 -19.189288 -14.629323 66.093651 33.696911 35.856202 17.482750 1.073510 12.782066 -10.990761 -0.020821 7.123714 -7.129857 2.473466 -12.841952 -64.177695 -85.505593 46.493350 -46.078903 -11.665061 12.126666 27.605942 -5.565182 -11.907152 -3.081434 -1.524396 5.968146 1.131109 9.411386 6.308188 4.631603 -0.000000 -0.000000 -0.000000 8.645479 -8.175335 2.516331 -6.262231 24.386532 -0.870965 -6.193589 -10.428207 -0.771270 0.008070 -1.799606 -0.644061
-1.959031 0.936622 2.070973 -2.057836 -5.186155 0.200281 -2.856184 4.417083 2.743749 -1.421304 -3.878734 1.247845 -1.418980 1.939913 1.103490 -0.982429 7.288453 0.838459 0.108885 14.323358 -2.068891 1.005496 -9.397267 -3.932825 -1.060566 6.202214 7.638275 -18.998760 -14.376133 65.538209 31.899797 36.788562 17.300091 1.085747 12.891218 -10.685122 0.610843 6.859162 -7.400902 2.517438 -13.103315 -64.229691 -83.942903 50.305713 -46.850985 -11.773822 12.379761 27.646093 -6.835643 -11.782962 -2.920031 -0.311136 8.564878 1.644804 7.585978 7.220776 1.549686 -0.000000 -0.000000 -0.000000 9.646520 -9.265441 2.941252 -7.687273 28.239999 -0.939343 -7.493160 -10.916674 -1.300593 -0.000011 -3.576182 0.000355
-1.965099 0.934812 2.082633 -0.524370 -5.785272 -0.164795 -2.657549 4.629130 2.916702 -1.343810 -3.784148 1.323785 -1.341929 2.034677 1.187277 -0.918696 7.359376 0.901850 0.142107 14.392179 -2.130712 1.089770 -9.266224 -4.060410 -0.969980 6.319714 7.846693 -18.184137 -14.799989 64.473574 30.102479 37.023970 17.518786 1.341549 12.939892 -9.987389 0.744184 7.146652 -7.659146 5.628374 -14.540122 -65.302732 -84.999726 53.768629 -50.367986 -11.614569 12.456051 27.571716 -7.048635 -11.565411 -2.650018 0.048022 10.999571 1.795770 5.963884 6.139703 0.213686 0.000156 0.026015 -0.007885 9.525140 -10.622219 3.440666 -7.761763 32.011735 -0.571855 -8.665304 -9.299743 -2.390977 -0.061675 -7.188545 1.026035
-1.970371 0.934223 2.093511 0.863298 -6.294824 -0.648997 -2.456178 4.831621 3.159447 -1.268988 -3.693912 1.430480 -1.267464 2.125085 1.301563 -0.854648 7.426947 0.988290 0.247365 14.378443 -2.136059 1.289885 -9.287694 -4.111372 -0.886412 6.671888 8.141278 -17.016637 -15.481132 63.133300 28.414186 36.834093 17.963144 1.734407 12.964954 -9.041854 0.656971 7.679282 -7.888749 10.450644 -16.388936 -67.156560 -87.745108 56.829628 -55.533308 -11.294609 12.450110 27.473078 -6.816024 -11.318619 -2.269061 -0.000670 13.463686 1.803146 4.490514 4.003068 -0.303702 0.000418 0.052044 -0.015721 8.866890 -12.138163 3.974635 -6.987316 35.635732 0.182010 -9.828593 -6.489488 -3.789439 -0.232331 -11.748473 2.288252
-1.975220 0.934862 2.103601 2.011429 -6.560795 -1.004598 -2.220975 4.907923 3.332000 -1.174293 -3.659019 1.504989 -1.172880 2.160195 1.385699 -0.777571 7.453215 1.051692 0.321516 14.364411 -2.093172 1.413065 -9.312592 -4.059452 -0.746467 7.075465 8.316219 -16.053134 -15.924650 62.409961 26.756110 36.861363 17.814251 1.963088 12.983649 -8.181183 0.665080 7.979410 -8.031931 14.308255 -17.452151 -68.908538 -87.743581 59.207953 -57.884101 -10.844753 12.467613 27.514762 -7.040606 -10.941980 -1.899547 -0.130192 15.011257 1.755377 3.739171 2.387957 -0.548031 0.000000 0.000000 0.000000 8.651433 -13.460957 4.301939 -6.554367 38.321129 0.961878 -10.659443 -4.293046 -5.192235 -0.460922 -15.195296 3.454504
-1.979849 0.937100 2.112841 2.841248 -6.482710 -1.118453 -1.922732 4.794433 3.372419 -1.042863 -3.707419 1.519536 -1.041458 2.112072 1.413618 -0.676867 7.417349 1.072205 0.318886 14.379962 -1.975965 1.362563 -9.287662 -3.837546 -0.467227 7.540771 8.262010 -15.463053 -15.980236 62.850983 24.759370 37.298284 16.316216 1.881202 12.975241 -7.422952 0.929176 7.782425 -8.062198 15.984124 -17.297857 -70.011746 -80.955128 60.491275 -53.715210 -10.199939 12.531799 27.914998 -8.289598 -10.343631 -1.557317 -0.218916 15.103934 1.589661 4.154926 1.943427 -0.676608 -0.001358 -0.184720 0.082501 9.528719 -14.525994 4.242919 -7.301901 39.791560 1.471418 -10.909530 -3.536851 -6.772074 -0.678947 -16.635963 4.638593
-1.984054 0.940568 2.121293 3.425639 -6.173175 -1.087771 -1.591087 4.563645 3.329919 -0.891291 -3.807487 1.496811 -0.889976 2.012269 1.406296 -0.563690 7.342870 1.065877 0.285297 14.391841 -1.809628 1.234906 -9.271598 -3.511660 -0.133107 8.070998 8.092218 -15.073903 -15.907431 63.954232 22.611576 37.894164 14.096042 1.626810 12.963531 -6.726100 1.284625 7.344047 -8.034390 16.585940 -16.524117 -70.707974 -70.261822 60.394065 -45.851389 -9.477089 12.565538 28.518722 -9.986744 -9.598766 -1.242567 -0.380710 14.275496 1.320912 5.279063 2.030633 -0.587254 -0.002019 -0.447481 0.188644 10.887288 -15.383741 3.960322 -8.493283 40.327842 1.819128 -10.724651 -3.378539 -8.427194 -0.857548 -16.969970 5.749648
-1.987606 0.944170 2.129131 3.895300 -5.804151 -0.979604 -1.283754 4.307942 3.230891 -0.747349 -3.918808 1.449420 -0.746156 1.901132 1.373509 -0.458116 7.259915 1.040330 0.256019 14.390966 -1.675043 1.127886 -9.277645 -3.247522 0.062777 8.476030 7.915702 -14.958583 -15.848725 65.093291 21.059950 38.691629 12.366279 1.297436 13.017717 -6.333822 1.563479 6.970195 -8.015242 16.795052 -15.703900 -70.992830 -60.672012 59.701360 -38.804878 -8.920294 12.557910 28.883702 -11.321435 -8.848547 -1.060337 -0.640363 13.193282 1.100523 6.307657 2.287545 -0.458838 -0.001300 -0.702689 0.211971 11.825015 -15.886177 3.743136 -9.049430 39.989566 2.124142 -10.283163 -3.135898 -9.468068 -0.910200 -16.807579 6.155243
-1.990300 0.947786 2.136344 4.285634 -5.404641 -0.793074 -1.015606 4.039192 3.068306 -0.617364 -4.036227 1.374390 -0.616254 1.783861 1.311676 -0.365068 7.172393 0.992929 0.245581 14.381126 -1.605732 1.081765 -9.297944 -3.113466 0.008514 8.669643 7.736872 -15.262041 -15.817990 66.176948 20.397907 39.964951 11.481095 0.782730 13.170348 -6.437904 1.708064 6.779498 -8.020068 16.630450 -15.013065 -70.747998 -53.253584 58.969160 -33.518163 -8.520128 12.548825 28.803417 -11.989828 -8.164490 -1.086189 -1.027515 12.039959 0.986115 6.982319 2.654079 -0.312776 0.000128 -0.953395 0.056810 11.916588 -15.954661 3.731536 -8.413588 38.666404 2.435978 -9.593859 -2.536102 -9.443837 -0.788149 -16.416672 5.430720
-1.992339 0.951537 2.142943 4.563301 -4.946573 -0.530185 -0.771156 3.747541 2.849934 -0.495015 -4.164081 1.275001 -0.494021 1.656140 1.224727 -0.279630 7.077054 0.926631 0.239270 14.361422 -1.568651 1.056179 -9.335634 -3.041768 -0.186323 8.737905 7.536000 -15.851788 -15.753602 67.300283 20.394387 41.521227 11.092427 0.156829 13.373336 -6.848309 1.778619 6.654920 -8.022859 16.089554 -14.295317 -70.129355 -47.019000 58.045711 -29.234923 -8.206534 12.563113 28.439577 -12.307678 -7.481008 -1.235386 -1.513615 10.637796 0.922374 7.562507 3.185812 -0.120623 0.002054 -1.196298 -0.181613 11.570902 -15.683133 3.824855 -7.177391 36.485544 2.631007 -8.648536 -1.902261 -8.760923 -0.551053 -15.462917 4.044058
-1.994100 0.954690 2.149148 4.754531 -4.514257 -0.264776 -0.563065 3.489713 2.629921 -0.389266 -4.277344 1.175378 -0.388441 1.542955 1.135845 -0.206891 6.992535 0.859001 0.228446 14.317234 -1.545194 1.028016 -9.418552 -2.994492 -0.383129 8.743346 7.379478 -16.398038 -15.655522 68.113729 21.133939 42.768180 11.430383 -0.205169 13.570505 -7.255051 1.788318 6.552627 -8.016074 15.812273 -13.620176 -69.548973 -42.434761 57.720909 -26.381112 -8.070021 12.612929 27.851638 -12.394960 -6.737963 -1.367202 -2.049046 9.120672 0.848512 8.020618 3.689613 0.006535 0.003239 -1.336887 -0.323317 11.125901 -15.202164 3.972410 -5.950153 33.866463 2.620950 -7.630388 -1.440668 -8.012353 -0.317687 -13.671014 2.710827
-1.995736 0.957017 2.154965 4.859553 -4.131550 0.002546 -0.400138 3.284857 2.408053 -0.304030 -4.367486 1.075394 -0.303367 1.452856 1.044510 -0.149764 6.925257 0.789653 0.207749 14.232366 -1.530724 0.985790 -9.577029 -2.961183 -0.550707 8.668338 7.295518 -16.866582 -15.495631 68.475907 22.924747 43.492711 12.830415 -0.120246 13.780258 -7.622857 1.701958 6.455276 -7.982644 16.074076 -12.988530 -69.115341 -39.760176 58.682493 -25.069915 -8.229778 12.746532 26.997971 -12.217216 -5.882218 -1.445716 -2.699301 7.450580 0.720123 8.357988 4.128441 0.014086 0.002581 -1.311526 -0.283283 10.668590 -14.527993 4.158708 -4.859003 30.833969 2.352537 -6.456757 -1.371473 -7.303420 -0.127947 -10.358917 1.581125
-1.997093 0.958745 2.160387 4.877887 -3.773398 0.270327 -0.274019 3.111719 2.187948 -0.235577 -4.443819 0.976540 -0.235040 1.376563 0.952613 -0.105257 6.868287 0.719985 0.182196 14.123555 -1.530094 0.940388 -9.779780 -2.952459 -0.721406 8.528208 7.255134 -17.289802 -15.302911 68.526493 25.521209 43.829776 15.000873 0.231893 14.000121 -7.998003 1.555221 6.381081 -7.937979 16.592935 -12.406607 -68.714306 -38.285669 60.487658 -24.684838 -8.599190 12.939737 25.904345 -11.808142 -4.963931 -1.505526 -3.395628 5.664048 0.582960 8.572928 4.539126 -0.044790 0.001073 -1.184087 -0.146275 10.114497 -13.643116 4.390612 -3.735291 27.368901 1.901683 -5.230821 -1.477547 -6.527228 -0.021416 -6.224656 0.601353
-1.998083 0.959823 2.165607 4.832506 -3.450477 0.463682 -0.172020 2.964937 2.030287 -0.181363 -4.508628 0.905703 -0.180941 1.311775 0.887285 -0.069476 6.819860 0.670456 0.159011 14.025012 -1.538831 0.902759 -9.963179 -2.961983 -0.850857 8.433430 7.241710 -17.436915 -15.183170 68.344613 28.128843 43.740948 17.170974 0.698718 14.135292 -8.201892 1.467415 6.338541 -7.924974 17.158672 -11.959886 -68.410134 -36.809349 62.206880 -24.311731 -8.953004 13.078955 24.726337 -11.381228 -4.080461 -1.515404 -3.890334 4.007039 0.492830 8.631348 4.840673 -0.123592 -0.000081 -1.051810 0.013410 9.547598 -12.623077 4.649584 -2.721835 23.814295 1.439978 -4.367130 -1.243864 -5.995005 0.000270 -3.133979 0.037504
-1.998709 0.960085 2.170635 4.708097 -3.181033 0.565496 -0.095830 2.857856 1.955540 -0.143167 -4.555926 0.871983 -0.142844 1.264484 0.857443 -0.043083 6.784476 0.647789 0.141762 13.936221 -1.559201 0.880606 -10.128040 -2.995538 -0.894839 8.449454 7.243758 -17.131946 -15.175104 67.889462 30.545217 43.085621 19.114778 1.314304 14.110026 -8.108917 1.498492 6.326055 -7.968994 17.768804 -11.711270 -68.187567 -35.119292 63.573050 -23.884836 -9.247654 13.109712 23.527115 -10.974023 -3.257300 -1.465299 -4.057111 2.565795 0.444692 8.464161 4.979079 -0.229328 -0.001137 -0.951350 0.191145 8.902682 -11.436367 4.977170 -1.759300 20.105277 0.999380 -4.128574 -0.212778 -5.946408 0.002478 -2.120750 0.021996
-1.998968 0.959697 2.175460 4.518458 -2.946642 0.592093 -0.043783 2.775921 1.944488 -0.119101 -4.592125 0.866802 -0.118838 1.228293 0.854707 -0.025240 6.757371 0.645637 0.127551 13.857538 -1.588238 0.867377 -10.273862 -3.046444 -0.896976 8.510053 7.273022 -16.552450 -15.236392 67.203110 32.854541 42.017694 20.916448 2.048344 13.976287 -7.854866 1.588814 6.344698 -8.044541 18.421260 -11.592889 -68.067368 -33.464661 64.859145 -23.517311 -9.520439 13.079619 22.235401 -10.542228 -2.471329 -1.367872 -4.028407 1.255847 0.412259 8.140173 5.009022 -0.358163 -0.002483 -0.846001 0.391564 8.255781 -10.109163 5.319240 -0.898156 16.297789 0.585571 -4.212448 1.186815 -6.193095 0.002341 -2.175535 0.299551
-1.998768 0.959104 2.180245 4.329497 -2.703614 0.519394 0.001957 2.672296 1.997560 -0.101026 -4.637954 0.890269 -0.100808 1.182470 0.880010 -0.009768 6.723005 0.664663 0.114051 13.824420 -1.613919 0.852962 -10.335141 -3.090308 -0.944022 8.528259 7.347733 -15.997221 -15.354430 66.493324 34.754578 41.033798 22.344301 2.653289 13.829403 -7.651517 1.678354 6.406277 -8.118561 18.905105 -11.488951 -68.166916 -31.208963 65.880605 -22.470055 -9.631806 13.021376 20.798163 -10.173107 -1.749329 -1.229305 -3.949577 0.067908 0.417052 7.831254 5.012587 -0.446351 -0.003462 -0.723161 0.554403 7.895172 -8.808048 5.532307 -0.483613 12.907707 0.347313 -4.165563 2.158107 -6.385715 -0.001265 -2.108599 0.477703
-1.997988 0.958317 2.185188 4.149740 -2.438339 0.292140 0.049565 2.521320 2.147608 -0.086811 -4.704733 0.957024 -0.086632 1.115693 0.948208 0.006057 6.672872 0.716062 0.104881 13.866253 -1.647477 0.847750 -10.256964 -3.149050 -1.085680 8.441885 7.490932 -15.519959 -15.516015 65.729826 36.250384 40.324286 23.441816 3.048920 13.695641 -7.502015 1.736196 6.554438 -8.180384 19.139446 -11.363017 -68.598025 -27.850120 66.481952 -20.243951 -9.470462 12.902612 19.156590 -9.909457 -1.059691 -1.029668 -3.885895 -1.047151 0.506243 7.636468 5.028038 -0.462029 -0.003309 -0.563750 0.682591 8.031428 -7.519742 5.545866 -0.840253 10.082102 0.432941 -3.800534 2.287358 -6.370522 -0.000232 -1.406901 0.372168
-1.996749 0.957325 2.190090 3.968994 -2.165537 -0.034421 0.090253 2.349006 2.362036 -0.078718 -4.780918 1.052595 -0.078564 1.039509 1.044602 0.019445 6.615638 0.788738 0.096096 13.953634 -1.678027 0.840752 -10.094269 -3.201213 -1.272714 8.313446 7.679817 -15.059743 -15.735202 64.943325 37.397254 39.737467 24.245727 3.315306 13.555054 -7.398221 1.792764 6.745629 -8.240660 19.202812 -11.249240 -69.248907 -23.930617 66.725261 -17.396538 -9.126948 12.757838 17.373437 -9.702919 -0.434858 -0.790950 -3.776016 -2.041132 0.635621 7.456136 5.017037 -0.435980 -0.002460 -0.386925 0.773179 8.446363 -6.263462 5.452260 -1.681377 7.680489 0.759532 -3.309798 1.989964 -6.287400 0.000578 -0.585822 0.161265
-1.995309 0.956551 2.194516 3.825888 -1.883210 -0.318154 0.116911 2.185757 2.542695 -0.075075 -4.853130 1.133225 -0.074933 0.967298 1.125601 0.028366 6.561387 0.849792 0.074056 14.033997 -1.660568 0.790123 -9.946061 -3.157868 -1.443196 8.243015 7.863785 -14.746303 -16.051960 64.435189 38.041687 39.281781 24.606431 3.449862 13.454985 -7.524312 1.880927 6.860930 -8.297794 19.124434 -11.138014 -69.899035 -20.338148 66.775544 -14.736715 -8.771374 12.712966 15.579451 -9.509703 0.002775 -0.581589 -3.572456 -2.777663 0.696017 7.163717 4.946871 -0.397499 -0.001570 -0.237554 0.757103 8.776293 -5.256600 5.357965 -2.438391 5.777361 1.089395 -2.816234 1.714158 -6.191234 0.000000 0.000000 -0.000000
-1.993649 0.956132 2.198274 3.745681 -1.584709 -0.514983 0.121975 2.036071 2.665197 -0.078102 -4.919485 1.188033 -0.077946 0.900941 1.180102 0.030318 6.511542 0.890852 0.039562 14.103190 -1.570753 0.688222 -9.820462 -2.973747 -1.584502 8.272281 8.044676 -14.673208 -16.554964 64.294116 38.114013 39.050915 24.482071 3.438785 13.443433 -7.963446 2.052479 6.838255 -8.364359 18.843835 -11.046276 -70.516904 -17.038921 66.683423 -12.292515 -8.421802 12.837075 13.726031 -9.326194 0.185485 -0.418829 -3.158062 -3.173672 0.628774 6.609882 4.793647 -0.350074 -0.000879 -0.131047 0.547795 8.900698 -4.600872 5.273752 -3.013860 4.469473 1.346243 -2.245200 1.599911 -6.101960 -0.000355 0.155847 -0.036880
-1.991789 0.955930 2.201556 3.703816 -1.275758 -0.668381 0.113511 1.895212 2.753853 -0.085449 -4.982035 1.227804 -0.085261 0.838389 1.219127 0.027884 6.464562 0.920236 -0.007879 14.165642 -1.432842 0.543641 -9.708399 -2.694386 -1.708707 8.359653 8.220204 -14.753691 -17.160040 64.435968 37.715177 38.969760 23.943700 3.304979 13.476382 -8.628800 2.256389 6.739897 -8.427892 18.424056 -10.959915 -71.135749 -14.181184 66.437528 -10.151927 -8.069104 13.042616 11.863463 -9.162946 0.181641 -0.285739 -2.646745 -3.310773 0.492784 5.943594 4.582964 -0.287737 -0.000337 -0.052259 0.231850 8.936217 -4.192931 5.185578 -3.493223 3.653306 1.566247 -1.670703 1.506224 -6.007035 -0.000216 0.077924 -0.018441
-1.990049 0.955951 2.204495 3.665369 -0.972220 -0.767540 0.108515 1.779321 2.783293 -0.088443 -5.033532 1.241119 -0.088238 0.786894 1.232138 0.026727 6.425918 0.929990 -0.083382 14.181852 -1.274421 0.339475 -9.682587 -2.366488 -1.790360 8.479955 8.333535 -14.854985 -17.648730 64.900158 36.949639 38.789827 23.009350 3.104608 13.464770 -9.448210 2.371580 6.632847 -8.448868 18.078160 -10.819526 -71.630646 -12.784567 66.218007 -9.074914 -7.865484 13.196940 10.259680 -9.001276 0.073022 -0.198817 -2.335396 -3.300156 0.356292 5.485947 4.355012 -0.227166 -0.000000 0.000000 -0.000000 8.876509 -3.940310 5.154441 -3.571801 3.081330 1.631484 -1.438326 1.457560 -5.915564 -0.000000 0.000000 0.000000
-1.988630 0.956321 2.207039 3.620654 -0.673386 -0.789496 0.112007 1.698545 2.723734 -0.083501 -5.069476 1.214650 -0.083307 0.750954 1.206170 0.028532 6.399010 0.910338 -0.199983 14.125867 -1.079787 0.045001 -9.791057 -1.955267 -1.799420 8.658420 8.347243 -14.984923 -17.947622 65.892139 35.685598 38.403821 21.438277 2.826737 13.354807 -10.498395 2.329784 6.534965 -8.387923 17.926182 -10.581636 -71.965665 -13.333150 66.162130 -9.384199 -7.923452 13.233699 8.991902 -8.818762 -0.159870 -0.171146 -2.430493 -3.121120 0.236947 5.437265 4.116549 -0.174971 0.000122 0.017539 -0.056100 8.661701 -3.887594 5.241843 -2.931088 2.777558 1.406802 -1.842104 1.489591 -5.830769 -0.000000 0.000000 0.000000
-1.987331 0.956914 2.209241 3.580349 -0.379828 -0.757212 0.118614 1.642578 2.604766 -0.074432 -5.094454 1.161627 -0.074264 0.725977 1.154068 0.031426 6.380362 0.870978 -0.344660 14.024910 -0.863693 -0.310827 -9.982078 -1.492377 -1.765526 8.869166 8.298858 -15.135242 -18.126787 67.203733 34.103015 37.868313 19.499640 2.505316 13.184013 -11.701038 2.198880 6.428940 -8.283506 17.846429 -10.288015 -72.176322 -15.279387 66.174951 -10.692245 -8.146015 13.186191 7.977805 -8.638509 -0.496668 -0.190611 -2.725611 -2.795325 0.119987 5.597133 3.858470 -0.127370 0.000060 0.008769 -0.028050 8.352500 -3.989661 5.388560 -1.887410 2.721980 1.009902 -2.587107 1.569642 -5.749102 0.000000 0.000000 0.000000
-1.985869 0.957349 2.211395 3.539760 -0.109533 -0.729050 0.129925 1.596908 2.490018 -0.063559 -5.114827 1.110454 -0.063425 0.705603 1.104000 0.035810 6.365162 0.833159 -0.493524 13.918392 -0.699716 -0.655062 -10.181550 -1.125098 -1.753274 9.010534 8.244246 -15.147910 -18.189539 68.247700 32.744767 37.222232 17.971238 2.243929 13.014321 -12.751356 2.061770 6.327880 -8.212886 17.688709 -10.005429 -72.243480 -18.017476 66.100388 -12.615309 -8.369537 13.074500 7.242528 -8.509205 -0.796054 -0.234316 -2.897963 -2.498417 0.025590 5.685774 3.596326 -0.086044 0.000000 0.000000 -0.000000 8.124263 -4.020361 5.471519 -1.089461 2.587504 0.700580 -3.136729 1.615908 -5.669313 -0.000000 -0.000000 -0.000000
-1.984079 0.957446 2.213568 3.492074 0.126716 -0.730539 0.146607 1.564939 2.401276 -0.051654 -5.129050 1.070848 -0.051561 0.691380 1.065603 0.041830 6.354562 0.804156 -0.633999 13.807573 -0.631270 -0.946669 -10.387821 -0.940454 -1.792690 9.024176 8.175050 -14.860561 -18.088005 68.800996 31.658526 36.266941 17.053404 2.030519 12.848649 -13.692224 1.940910 6.240377 -8.209714 17.393795 -9.720467 -72.123252 -21.674000 65.900881 -15.238033 -8.560235 12.889344 6.807555 -8.464418 -1.013052 -0.299341 -2.776814 -2.277409 -0.025877 5.570021 3.324638 -0.056536 0.000000 -0.000000 -0.000000 8.041857 -3.895853 5.434926 -0.799951 2.252031 0.587642 -3.257213 1.572697 -5.594615 0.000000 -0.000000 -0.000000
-1.982126 0.957385 2.215694 3.443916 0.339675 -0.736122 0.168169 1.543285 2.316691 -0.037843 -5.138662 1.033064 -0.037800 0.681770 1.029222 0.049416 6.347419 0.776677 -0.778897 13.690250 -0.615007 -1.226557 -10.605766 -0.851877 -1.854560 8.968689 8.100039 -14.434406 -17.877717 69.086496 30.771451 35.239832 16.547319 1.861648 12.692770 -14.481470 1.813792 6.157286 -8.240496 17.025000 -9.442440 -71.860397 -26.012732 65.535278 -18.351132 -8.742778 12.654394 6.660234 -8.470700 -1.192723 -0.386645 -2.532243 -2.085578 -0.053178 5.383059 3.049641 -0.031746 -0.000000 0.000000 -0.000000 8.039152 -3.700568 5.332341 -0.756072 1.829290 0.565807 -3.183254 1.492276 -5.523114 -0.000000 0.000000 0.000000
-1.980216 0.957328 2.217866 3.410407 0.543630 -0.727477 0.194888 1.507317 2.234460 -0.021793 -5.154614 0.996334 -0.021809 0.665818 0.994120 0.058780 6.335518 0.750157 -0.942067 13.599848 -0.595198 -1.542827 -10.773280 -0.748901 -1.914380 8.918413 8.100643 -14.203006 -17.715390 69.184804 30.359239 34.892134 16.561442 1.810761 12.634876 -14.691596 1.695854 6.063820 -8.282835 16.613795 -9.273169 -71.567045 -29.846858 64.903108 -21.100688 -8.839415 12.452976 6.763206 -8.476628 -1.329100 -0.478568 -2.352900 -1.956677 -0.092367 5.244742 2.805021 0.007136 -0.000000 0.000000 -0.000000 8.094879 -3.461265 5.201871 -0.816080 1.332437 0.567009 -3.081665 1.450721 -5.448448 -0.000000 -0.000000 0.000000
-1.978385 0.957317 2.220169 3.396332 0.741492 -0.685788 0.236029 1.444737 2.150107 0.000881 -5.182337 0.958649 0.000780 0.638095 0.958738 0.073086 6.314797 0.723409 -1.145409 13.548844 -0.554492 -1.943638 -10.866713 -0.590265 -1.968206 8.899148 8.244774 -14.371471 -17.681568 69.022637 30.642576 35.547391 17.320948 1.933379 12.725516 -14.035786 1.599415 5.950778 -8.343340 16.137641 -9.286199 -71.223311 -32.759873 63.938549 -23.252821 -8.820641 12.322376 7.204873 -8.443549 -1.405228 -0.576905 -2.327190 -1.923219 -0.169550 5.198877 2.604752 0.070816 0.000000 -0.000000 0.000000 8.246379 -3.141990 5.029929 -1.002771 0.690042 0.586824 -2.980200 1.499130 -5.364901 -0.000000 0.000000 0.000000
-1.976597 0.957309 2.222519 3.397112 0.930355 -0.629686 0.282524 1.368000 2.067963 0.025868 -5.216337 0.921961 0.025667 0.604095 0.924587 0.089215 6.289367 0.697587 -1.366846 13.524827 -0.510865 -2.379927 -10.908981 -0.418909 -2.019704 8.885031 8.464300 -14.736742 -17.694444 68.672942 31.428575 36.880792 18.608475 2.187700 12.919224 -12.801109 1.512254 5.827231 -8.415961 15.614351 -9.405964 -70.846242 -35.098841 62.752754 -24.975921 -8.719318 12.247387 7.888250 -8.410224 -1.437909 -0.680176 -2.367255 -1.952189 -0.259045 5.201735 2.434448 0.147872 0.000000 -0.000000 0.000000 8.454663 -2.777581 4.831009 -1.294230 -0.025692 0.634122 -2.850834 1.586443 -5.277822 0.000000 -0.000000 0.000000
-1.974955 0.957334 2.224753 3.413736 1.115778 -0.596954 0.307101 1.289503 1.999608 0.040423 -5.251209 0.891500 0.040163 0.569222 0.895603 0.097939 6.263259 0.675676 -1.554058 13.524067 -0.461687 -2.753584 -10.907429 -0.251039 -2.055378 8.873144 8.636312 -15.020198 -17.660778 68.432156 32.339785 38.678621 19.837798 2.491530 13.165904 -11.422684 1.412949 5.705819 -8.459177 15.135413 -9.515944 -70.603397 -36.947193 61.582708 -26.153712 -8.553426 12.219857 8.490305 -8.441173 -1.471927 -0.766002 -2.397486 -1.978434 -0.319866 5.242021 2.284901 0.223320 -0.000000 -0.000000 0.000000 8.586535 -2.502227 4.684383 -1.479626 -0.587231 0.652189 -2.776483 1.636090 -5.198005 0.000000 -0.000000 -0.000000
-1.973506 0.957412 2.226810 3.451406 1.302943 -0.606325 0.296166 1.207789 1.955197 0.038029 -5.287632 0.871827 0.037779 0.532798 0.875687 0.094692 6.235953 0.660623 -1.689412 13.561149 -0.407375 -3.030666 -10.835525 -0.095064 -2.055439 8.875577 8.710081 -15.101721 -17.520010 68.431140 33.277755 41.017102 20.772319 2.896322 13.494625 -9.903195 1.282501 5.578174 -8.452284 14.736904 -9.559291 -70.618084 -38.193352 60.507793 -26.601804 -8.302855 12.243563 8.901685 -8.582404 -1.527006 -0.825577 -2.395369 -1.976459 -0.325720 5.338915 2.155591 0.291359 0.000000 0.000000 -0.000000 8.571496 -2.372682 4.639002 -1.427391 -0.907316 0.589368 -2.822223 1.624872 -5.128425 -0.000000 0.000000 0.000000
-1.972203 0.957523 2.228752 3.504633 1.486699 -0.638902 0.263303 1.124227 1.924869 0.025205 -5.324947 0.858489 0.025009 0.495484 0.861047 0.084056 6.207962 0.649557 -1.790388 13.621201 -0.347777 -3.244289 -10.720933 0.056396 -2.039657 8.880218 8.736328 -15.100678 -17.330093 68.538532 34.373823 43.822759 21.701741 3.410728 13.875574 -8.242165 1.139798 5.452827 -8.415653 14.384651 -9.599063 -70.768128 -39.093349 59.486347 -26.648322 -7.988392 12.307161 9.230105 -8.787803 -1.583392 -0.866801 -2.383111 -1.971787 -0.303057 5.473601 2.046847 0.357491 0.000000 0.000000 0.000000 8.482511 -2.333191 4.645396 -1.267583 -1.073757 0.491884 -2.923045 1.576299 -5.066387 0.000000 0.000000 0.000000
-1.971008 0.957630 2.230599 3.558286 1.657101 -0.676110 0.221905 1.055332 1.890304 0.008720 -5.355777 0.843247 0.008595 0.464655 0.844132 0.070504 6.184831 0.636784 -1.857350 13.656303 -0.278986 -3.397538 -10.652734 0.212073 -2.053865 8.848265 8.744391 -15.098309 -17.170249 68.656435 35.539013 46.673844 22.778919 3.816927 14.183743 -6.867225 1.020245 5.367680 -8.369256 14.066723 -9.698803 -70.852613 -40.270016 58.561713 -26.936294 -7.683283 12.369287 9.478934 -8.983501 -1.626866 -0.892527 -2.352109 -1.976013 -0.290323 5.577792 1.950932 0.423993 0.000000 -0.000000 0.000000 8.402945 -2.350332 4.633936 -1.180736 -1.122941 0.446573 -2.966810 1.483598 -5.014686 0.000000 -0.000000 0.000000
-1.969917 0.957729 2.232348 3.618721 1.812278 -0.716440 0.165764 1.008832 1.842659 -0.013796 -5.376720 0.822159 -0.013821 0.443713 0.820758 0.051946 6.169114 0.619150 -1.878982 13.644919 -0.191273 -3.473537 -10.671031 0.386645 -2.132911 8.735604 8.738710 -15.126722 -17.077567 68.749656 36.853764 49.618305 24.191650 3.962637 14.351994 -5.954067 0.931970 5.343998 -8.312534 13.791126 -9.887368 -70.791533 -41.981861 57.751064 -27.713945 -7.386896 12.415488 9.626484 -9.162563 -1.653665 -0.895266 -2.277510 -1.992042 -0.306713 5.612200 1.867456 0.495819 0.000000 -0.000000 -0.000000 8.351072 -2.439086 4.574517 -1.251478 -1.025009 0.504045 -2.895444 1.329025 -4.978868 0.000000 -0.000000 -0.000000
-1.968935 0.957825 2.234001 3.679574 1.954117 -0.761423 0.101067 0.977020 1.790865 -0.039984 -5.391159 0.799210 -0.039890 0.429272 0.795150 0.030469 6.158270 0.599837 -1.866781 13.608417 -0.094188 -3.489951 -10.736296 0.566223 -2.242242 8.586585 8.715493 -15.154329 -17.014559 68.853264 38.346209 52.594874 25.847471 3.946341 14.455793 -5.313582 0.867256 5.360528 -8.246361 13.548674 -10.133894 -70.662384 -43.929201 57.012330 -28.696699 -7.098765 12.456071 9.692504 -9.331759 -1.667440 -0.882874 -2.184288 -2.017104 -0.333179 5.616189 1.797002 0.568327 0.000000 0.000000 -0.000000 8.308530 -2.584438 4.497038 -1.394275 -0.809501 0.614157 -2.766961 1.130128 -4.953975 -0.000000 -0.000000 -0.000000
-1.968034 0.957890 2.235590 3.706789 2.078216 -0.797252 0.059837 0.953185 1.743060 -0.055962 -5.401948 0.777977 -0.055795 0.418482 0.772295 0.016819 6.150177 0.582598 -1.855369 13.563293 -0.012565 -3.501993 -10.817926 0.717234 -2.323395 8.495059 8.690987 -15.167240 -16.948473 68.974559 39.704353 55.032994 27.326555 3.871833 14.588055 -4.825641 0.837730 5.390940 -8.193023 13.300789 -10.409643 -70.499884 -45.850311 56.291657 -29.684513 -6.890621 12.486617 9.743595 -9.437792 -1.665501 -0.881919 -2.138700 -2.054335 -0.350574 5.639342 1.733272 0.629485 0.000000 0.000000 0.000000 8.303337 -2.708087 4.421453 -1.535098 -0.602732 0.714031 -2.643384 0.932771 -4.926916 0.000000 0.000000 -0.000000
-1.967212 0.957912 2.237102 3.681936 2.179608 -0.822322 0.059054 0.941291 1.702860 -0.054363 -5.407266 0.760043 -0.054201 0.413163 0.754524 0.016671 6.146205 0.569187 -1.858026 13.504293 0.048902 -3.533025 -10.925526 0.836276 -2.349189 8.507662 8.664974 -15.157147 -16.865244 69.128713 40.693694 56.751366 28.326238 3.718624 14.816454 -4.460131 0.859481 5.430032 -8.164785 12.991430 -10.722314 -70.287032 -47.736371 55.568697 -30.674682 -6.812801 12.502470 9.789394 -9.426316 -1.644819 -0.900716 -2.203809 -2.105142 -0.349304 5.709732 1.676927 0.672591 -0.000000 -0.000000 0.000000 8.359448 -2.785521 4.356443 -1.659165 -0.440397 0.784364 -2.544095 0.746608 -4.891331 0.000000 -0.000000 -0.000000
-1.966471 0.957903 2.238550 3.623522 2.263195 -0.838472 0.081809 0.937296 1.666459 -0.042508 -5.408986 0.743750 -0.042397 0.411445 0.739434 0.024379 6.144943 0.557796 -1.861529 13.436549 0.094883 -3.559795 -11.049771 0.926749 -2.346470 8.577522 8.636998 -15.131584 -16.779478 69.300605 41.312304 57.960718 28.923004 3.478430 15.069952 -4.250713 0.916386 5.482529 -8.149456 12.675889 -11.063947 -70.040627 -49.599819 54.857068 -31.676487 -6.814147 12.504242 9.822587 -9.351717 -1.608677 -0.931457 -2.316558 -2.167871 -0.338451 5.799306 1.627229 0.704259 -0.000000 0.000000 -0.000000 8.452953 -2.841264 4.293096 -1.781699 -0.287056 0.844748 -2.449737 0.561976 -4.853387 -0.000000 -0.000000 -0.000000
-1.965782 0.957883 2.239997 3.552954 2.339363 -0.837118 0.109323 0.922449 1.630822 -0.028537 -5.415515 0.727799 -0.028485 0.404917 0.724901 0.033715 6.140075 0.546820 -1.860560 13.392195 0.114587 -3.567032 -11.131516 0.965048 -2.337605 8.658129 8.622223 -15.100590 -16.701496 69.452171 41.460342 58.694490 29.135031 3.277707 15.233295 -4.184907 0.971497 5.536918 -8.132505 12.483720 -11.383922 -69.848579 -51.236079 54.171776 -32.537016 -6.813483 12.498374 9.885362 -9.323901 -1.563968 -0.976472 -2.353987 -2.241221 -0.327056 5.873403 1.575719 0.732362 0.000000 0.000000 -0.000000 8.540015 -2.870614 4.225095 -1.874719 -0.163018 0.891631 -2.364334 0.395680 -4.818236 -0.000000 -0.000000 -0.000000
-1.965146 0.957848 2.241474 3.476968 2.411302 -0.808317 0.138519 0.888588 1.592384 -0.013624 -5.430495 0.710612 -0.013636 0.389937 0.709228 0.043676 6.128869 0.534977 -1.855324 13.383990 0.099702 -3.551354 -11.147358 0.935044 -2.326561 8.746384 8.632137 -15.065212 -16.635220 69.564420 41.005478 58.846227 28.886348 3.170375 15.238056 -4.318680 1.010300 5.596885 -8.106825 12.501068 -11.680580 -69.748751 -52.654609 53.534453 -33.275996 -6.789280 12.488976 9.989727 -9.407251 -1.507163 -1.042719 -2.240658 -2.337003 -0.317416 5.914525 1.521123 0.758082 0.000000 0.000000 0.000000 8.614683 -2.873719 4.144239 -1.937611 -0.069750 0.922766 -2.288363 0.252673 -4.787450 -0.000000 0.000000 -0.000000
-1.964563 0.957800 2.242951 3.388901 2.475910 -0.762022 0.172553 0.843898 1.554745 0.003432 -5.450275 0.693786 0.003345 0.370157 0.694134 0.055285 6.114065 0.523569 -1.845485 13.399129 0.058524 -3.515796 -11.120792 0.852713 -2.309336 8.845393 8.655307 -15.025008 -16.576661 69.656523 40.058734 58.517900 28.231299 3.100961 15.150840 -4.599613 1.047247 5.658812 -8.079438 12.643430 -11.957076 -69.706679 -53.874961 52.930860 -33.911841 -6.763334 12.473305 10.123927 -9.537578 -1.442160 -1.123225 -2.052015 -2.443718 -0.307972 5.940162 1.464772 0.780307 -0.000000 -0.000000 0.000000 8.682792 -2.850432 4.058833 -1.971279 -0.005977 0.940551 -2.221335 0.128003 -4.759316 0.000000 -0.000000 0.000000
-1.964007 0.957769 2.244398 3.290036 2.534123 -0.719456 0.201983 0.794140 1.525703 0.018045 -5.472319 0.680818 0.017892 0.348113 0.682649 0.065344 6.097556 0.514884 -1.824876 13.431402 0.005192 -3.454593 -11.063005 0.742573 -2.296479 8.918025 8.672436 -14.988428 -16.523898 69.747788 38.911440 58.053117 27.407504 3.033242 15.060338 -4.853497 1.088796 5.700340 -8.057018 12.784966 -12.170500 -69.701766 -54.726425 52.337296 -34.307591 -6.719880 12.450036 10.293657 -9.631815 -1.386717 -1.199270 -1.891375 -2.525165 -0.301956 5.968124 1.402121 0.803472 0.000000 0.000000 -0.000000 8.718149 -2.795746 3.987419 -1.950039 0.012053 0.948398 -2.165813 0.023614 -4.733995 0.000000 0.000000 0.000000
-1.963484 0.957771 2.245818 3.174002 2.584803 -0.690240 0.223998 0.738441 1.509746 0.028759 -5.497018 0.673715 0.028557 0.323413 0.676634 0.072911 6.079047 0.510326 -1.787967 13.487308 -0.061326 -3.356825 -10.962001 0.600362 -2.291848 8.943616 8.675770 -14.956768 -16.473315 69.846352 37.556308 57.502044 26.415925 2.959008 14.988051 -5.025150 1.142434 5.704578 -8.042062 12.897539 -12.289408 -69.736194 -55.114591 51.728933 -34.380317 -6.656281 12.422719 10.520203 -9.661107 -1.346454 -1.262267 -1.794417 -2.566262 -0.299381 6.011408 1.331878 0.830288 -0.000000 0.000000 -0.000000 8.700295 -2.696816 3.943644 -1.834325 -0.036126 0.941957 -2.135223 -0.054903 -4.711827 -0.000000 0.000000 -0.000000
-1.962988 0.957789 2.247208 3.047136 2.629073 -0.664752 0.241420 0.677674 1.502486 0.037036 -5.523976 0.670511 0.036795 0.296455 0.674271 0.078936 6.058838 0.508523 -1.740303 13.560335 -0.139968 -3.233703 -10.829597 0.430648 -2.291662 8.942836 8.673038 -14.929093 -16.428334 69.944184 36.037648 56.804220 25.291053 2.885999 14.912902 -5.170573 1.200617 5.688469 -8.032024 13.009482 -12.345024 -69.806817 -55.165724 51.142667 -34.243619 -6.577110 12.387569 10.782472 -9.654169 -1.315475 -1.320797 -1.725394 -2.581972 -0.299907 6.057013 1.255326 0.858006 0.000000 0.000000 -0.000000 8.649673 -2.566652 3.913569 -1.663808 -0.130105 0.925162 -2.116131 -0.113123 -4.692321 0.000000 -0.000000 0.000000
-1.962486 0.957800 2.248533 2.929761 2.671216 -0.635326 0.253215 0.620204 1.498370 0.042652 -5.549485 0.668721 0.042383 0.270946 0.673050 0.083061 6.039714 0.507585 -1.692349 13.624748 -0.213480 -3.112510 -10.712829 0.270980 -2.295068 8.940578 8.668076 -14.910338 -16.397585 70.036266 34.659911 56.151306 24.256804 2.793858 14.860095 -5.284901 1.247266 5.680393 -8.026122 13.079116 -12.388534 -69.884102 -55.037789 50.650093 -34.049766 -6.475969 12.331729 11.022871 -9.614164 -1.293852 -1.381818 -1.680476 -2.581044 -0.305807 6.083735 1.171780 0.882884 -0.000000 0.000000 -0.000000 8.601435 -2.439103 3.874537 -1.531620 -0.224820 0.914244 -2.070816 -0.165872 -4.674470 -0.000000 -0.000000 0.000000
-1.961940 0.957796 2.249786 2.829582 2.713566 -0.595968 0.258427 0.566847 1.495295 0.045279 -5.573185 0.667400 0.044996 0.247245 0.671996 0.084965 6.021942 0.506775 -1.647008 13.673757 -0.279184 -2.999846 -10.624216 0.127669 -2.306815 8.942723 8.660417 -14.904176 -16.385512 70.127759 33.462588 55.607051 23.326089 2.661672 14.847893 -5.343753 1.276628 5.688894 -8.024282 13.076568 -12.436058 -69.968437 -54.667855 50.237437 -33.769482 -6.344466 12.225456 11.258084 -9.525834 -1.284999 -1.452521 -1.667633 -2.560736 -0.318679 6.076061 1.077190 0.903519 0.000000 -0.000000 0.000000 8.552762 -2.318308 3.812940 -1.479143 -0.316075 0.918618 -1.962248 -0.213492 -4.658376 0.000000 -0.000000 0.000000
-1.961387 0.957786 2.250972 2.738906 2.753802 -0.552638 0.258018 0.516790 1.495344 0.045251 -5.595434 0.667478 0.044966 0.224996 0.672071 0.084971 6.005255 0.506819 -1.601382 13.714187 -0.339761 -2.888973 -10.551240 -0.005740 -2.322149 8.943363 8.650506 -14.906904 -16.387635 70.213492 32.380346 55.114325 22.459816 2.507200 14.858859 -5.373703 1.294451 5.705421 -8.026677 13.031706 -12.471797 -70.059545 -54.125399 49.916294 -33.438506 -6.190703 12.096274 11.471418 -9.404404 -1.285259 -1.525748 -1.678894 -2.523727 -0.336814 6.049480 0.975655 0.921418 -0.000000 -0.000000 0.000000 8.506346 -2.200213 3.742502 -1.465003 -0.408027 0.929487 -1.827446 -0.255674 -4.644028 -0.000000 -0.000000 0.000000
-1.960903 0.957769 2.252071 2.654961 2.789211 -0.515579 0.253815 0.475939 1.499178 0.043332 -5.613599 0.669240 0.043055 0.206831 0.673639 0.083676 5.991628 0.507990 -1.557222 13.740724 -0.386030 -2.786854 -10.503587 -0.111158 -2.326015 8.949739 8.643506 -14.912170 -16.399349 70.272882 31.520670 54.694967 21.766066 2.368874 14.863975 -5.444990 1.301885 5.732687 -8.032996 12.992274 -12.498963 -70.127087 -53.748770 49.798784 -33.289348 -6.028875 12.017705 11.555264 -9.298784 -1.284259 -1.586873 -1.686533 -2.486937 -0.357602 6.029308 0.878706 0.937190 0.000000 -0.000000 0.000000 8.505711 -2.106189 3.682014 -1.458164 -0.468210 0.935920 -1.739779 -0.306253 -4.630261 -0.000000 0.000000 -0.000000
-1.960521 0.957747 2.253064 2.578366 2.816844 -0.487810 0.243563 0.448750 1.507716 0.038464 -5.625707 0.673093 0.038209 0.194723 0.676998 0.080311 5.982540 0.510517 -1.513147 13.749166 -0.414092 -2.692405 -10.489066 -0.181763 -2.304024 8.966658 8.643094 -14.919145 -16.423134 70.295216 30.931506 54.365071 21.287404 2.258281 14.848695 -5.598635 1.296711 5.776615 -8.046252 12.973511 -12.522908 -70.152249 -53.639674 49.927584 -33.400148 -5.846037 12.028711 11.466137 -9.231304 -1.277953 -1.629653 -1.680270 -2.454536 -0.382351 6.027750 0.789125 0.950355 -0.000000 -0.000000 0.000000 8.574626 -2.048291 3.638434 -1.439128 -0.475596 0.932619 -1.743908 -0.373198 -4.616627 -0.000000 -0.000000 -0.000000
-1.960209 0.957719 2.253969 2.508482 2.839609 -0.466278 0.229483 0.430779 1.519993 0.031694 -5.633728 0.678609 0.031470 0.186704 0.681826 0.075634 5.976514 0.514155 -1.470528 13.743734 -0.427862 -2.606553 -10.499952 -0.224546 -2.270597 8.989378 8.645598 -14.928522 -16.456677 70.291218 30.543538 54.116411 20.961446 2.165302 14.827150 -5.791563 1.281088 5.831223 -8.063553 12.960006 -12.538071 -70.153796 -53.693542 50.261580 -33.690287 -5.654952 12.090673 11.245807 -9.179597 -1.270503 -1.660257 -1.670406 -2.422373 -0.409784 6.032629 0.704106 0.961340 -0.000000 -0.000000 0.000000 8.689560 -2.014167 3.605039 -1.427368 -0.451228 0.924713 -1.795180 -0.448486 -4.603392 0.000000 0.000000 -0.000000
-1.959939 0.957691 2.254813 2.440646 2.863563 -0.452140 0.220109 0.414588 1.533847 0.026937 -5.640940 0.684821 0.026736 0.179491 0.687556 0.072528 5.971096 0.518472 -1.435250 13.731723 -0.429891 -2.539285 -10.522716 -0.242149 -2.253906 9.010811 8.645151 -14.936208 -16.488218 70.272434 30.287493 53.935322 20.738670 2.096660 14.812978 -5.966537 1.262777 5.881405 -8.075670 12.953469 -12.531109 -70.157767 -53.937184 50.789706 -34.152146 -5.507947 12.161955 10.914500 -9.125538 -1.263991 -1.682621 -1.660076 -2.394909 -0.433456 6.032709 0.626776 0.972070 0.000000 0.000000 0.000000 8.823187 -1.988484 3.580154 -1.450276 -0.425813 0.916617 -1.832987 -0.521956 -4.590512 -0.000000 0.000000 -0.000000
-1.959707 0.957663 2.255607 2.371723 2.890212 -0.448885 0.220092 0.398629 1.550084 0.026231 -5.648017 0.692089 0.026032 0.172415 0.694752 0.072557 5.965783 0.523894 -1.410075 13.712922 -0.417620 -2.496836 -10.557709 -0.228637 -2.270320 9.029338 8.636757 -14.934232 -16.513023 70.237518 30.177161 53.841695 20.632254 2.058505 14.813806 -6.111661 1.243249 5.919520 -8.076762 12.954305 -12.493436 -70.177195 -54.421169 51.545918 -34.824858 -5.432570 12.233958 10.465616 -9.064555 -1.256493 -1.694475 -1.645037 -2.377093 -0.452185 6.021846 0.560516 0.984286 0.000000 0.000000 0.000000 9.002089 -1.967682 3.565533 -1.552459 -0.410145 0.909279 -1.835594 -0.590518 -4.577163 -0.000000 -0.000000 -0.000000
-1.959518 0.957635 2.256340 2.304837 2.918019 -0.453030 0.224776 0.384458 1.567879 0.027538 -5.654281 0.700048 0.027332 0.166151 0.702843 0.074156 5.961081 0.529991 -1.392248 13.687535 -0.393616 -2.472998 -10.604643 -0.189943 -2.303465 9.046503 8.625396 -14.930575 -16.535883 70.187802 30.194003 53.816893 20.624549 2.043565 14.822503 -6.238596 1.221079 5.953247 -8.072599 12.962024 -12.433642 -70.199150 -55.127166 52.490880 -35.700793 -5.410261 12.316419 9.904539 -9.001201 -1.249949 -1.698096 -1.629517 -2.363970 -0.467149 6.006213 0.501953 0.996265 0.000000 0.000000 0.000000 9.199728 -1.955377 3.559363 -1.689309 -0.393441 0.901854 -1.824728 -0.657279 -4.564256 -0.000000 -0.000000 0.000000
-1.959365 0.957611 2.257006 2.244720 2.948501 -0.455281 0.228738 0.369274 1.582644 0.028667 -5.661000 0.706655 0.028455 0.159431 0.709565 0.075519 5.956038 0.535055 -1.379389 13.663469 -0.368125 -2.459128 -10.649038 -0.146488 -2.332373 9.059954 8.620179 -14.945092 -16.559295 70.138842 30.224041 53.788240 20.623350 2.038251 14.830665 -6.325779 1.199728 5.990503 -8.071309 12.977023 -12.364196 -70.210741 -55.974435 53.503963 -36.698229 -5.422760 12.394971 9.270305 -8.931053 -1.252212 -1.704265 -1.629347 -2.345140 -0.475421 5.993048 0.444084 1.004739 -0.000000 -0.000000 -0.000000 9.309045 -1.947046 3.554638 -1.754381 -0.374056 0.895879 -1.804975 -0.721400 -4.554468 -0.000000 -0.000000 0.000000
-1.959244 0.957595 2.257597 2.191924 2.983442 -0.451914 0.229963 0.350882 1.592848 0.028802 -5.669160 0.711231 0.028588 0.151272 0.714155 0.075978 5.949916 0.538511 -1.370975 13.645291 -0.343448 -2.453275 -10.682460 -0.102901 -2.347852 9.066574 8.627388 -14.990511 -16.584399 70.087828 30.249061 53.739891 20.616458 2.042675 14.836890 -6.348509 1.180309 6.033883 -8.076151 13.001400 -12.281179 -70.198712 -57.012038 54.574226 -37.853486 -5.470956 12.468223 8.547374 -8.846420 -1.267437 -1.719018 -1.659317 -2.317417 -0.472892 5.989141 0.385693 1.008711 -0.000000 -0.000000 0.000000 9.262651 -1.940963 3.549745 -1.682176 -0.350595 0.890647 -1.775264 -0.782489 -4.548882 0.000000 0.000000 -0.000000
-1.959159 0.957582 2.258121 2.145903 3.021066 -0.446652 0.230466 0.331464 1.600023 0.028760 -5.677780 0.714457 0.028545 0.142651 0.717376 0.076201 5.943448 0.540934 -1.367540 13.628427 -0.317290 -2.457412 -10.713350 -0.054548 -2.359077 9.069527 8.640767 -15.054094 -16.610143 70.037588 30.287237 53.687657 20.616099 2.056497 14.842668 -6.331480 1.161706 6.080784 -8.083872 13.033148 -12.188459 -70.176329 -58.226284 55.705353 -39.164671 -5.561772 12.537804 7.751563 -8.754996 -1.291446 -1.736370 -1.704610 -2.283977 -0.463656 5.987723 0.327991 1.009164 -0.000000 -0.000000 -0.000000 9.127931 -1.938924 3.546444 -1.538188 -0.324444 0.886665 -1.736657 -0.840937 -4.546436 -0.000000 0.000000 -0.000000
-1.959120 0.957563 2.258593 2.109746 3.057564 -0.441364 0.230865 0.314781 1.604187 0.028802 -5.685189 0.716334 0.028586 0.135242 0.719258 0.076384 5.937891 0.542348 -1.368280 13.607067 -0.292995 -2.468767 -10.752561 -0.007961 -2.372627 9.075902 8.650618 -15.117517 -16.635588 70.012147 30.279743 53.606405 20.567219 2.065881 14.843841 -6.327243 1.144019 6.131323 -8.092839 13.066501 -12.110213 -70.170434 -59.406605 56.806512 -40.458075 -5.677347 12.593902 6.969720 -8.675441 -1.319594 -1.749042 -1.736659 -2.243977 -0.457077 5.975686 0.267608 1.005809 0.000000 -0.000000 0.000000 8.999968 -1.941618 3.542789 -1.412449 -0.298127 0.887266 -1.696937 -0.897086 -4.546580 -0.000000 0.000000 -0.000000
-1.959134 0.957529 2.259009 2.082793 3.093212 -0.436624 0.233130 0.301759 1.604437 0.029841 -5.690969 0.716458 0.029619 0.129463 0.719487 0.077183 5.933557 0.542517 -1.374124 13.577934 -0.269743 -2.489472 -10.806147 0.038855 -2.394092 9.089931 8.652799 -15.181176 -16.663544 70.029356 30.196904 53.482472 20.439051 2.066601 14.838508 -6.355830 1.127129 6.188554 -8.101548 13.106116 -12.056878 -70.190834 -60.551596 57.886460 -41.732157 -5.821117 12.632590 6.195950 -8.611488 -1.353675 -1.753153 -1.741814 -2.194799 -0.458304 5.943784 0.202358 0.997888 -0.000000 -0.000000 0.000000 8.899944 -1.948109 3.536979 -1.331290 -0.276288 0.896037 -1.650003 -0.950528 -4.549659 0.000000 -0.000000 0.000000
-1.959193 0.957488 2.259372 2.065705 3.127731 -0.431837 0.235286 0.291466 1.601661 0.030961 -5.695539 0.715228 0.030734 0.124892 0.718371 0.077939 5.930131 0.541672 -1.384147 13.544297 -0.248351 -2.517426 -10.868062 0.083935 -2.417880 9.107376 8.651449 -15.244733 -16.690966 70.071394 30.069865 53.329286 20.263669 2.063099 14.828549 -6.397193 1.111171 6.249433 -8.111477 13.147250 -12.018025 -70.227675 -61.652473 58.940780 -42.979215 -5.985403 12.658413 5.437721 -8.559402 -1.391910 -1.752558 -1.733747 -2.139071 -0.462157 5.901273 0.134423 0.986195 0.000000 -0.000000 0.000000 8.806680 -1.959322 3.530813 -1.268367 -0.254277 0.909441 -1.601941 -1.001657 -4.555323 -0.000000 0.000000 0.000000
-1.959289 0.957450 2.259704 2.063559 3.156473 -0.427106 0.232040 0.284875 1.598563 0.029683 -5.698483 0.713854 0.029462 0.121949 0.716867 0.076873 5.927923 0.540536 -1.394760 13.510157 -0.234622 -2.543466 -10.931036 0.114801 -2.433799 9.122607 8.649287 -15.288761 -16.708110 70.108720 29.930876 53.162471 20.080153 2.054662 14.815495 -6.443790 1.096622 6.304926 -8.125465 13.169947 -11.986563 -70.278267 -62.426999 59.872480 -43.956824 -6.124072 12.675104 4.801759 -8.526648 -1.424308 -1.751523 -1.724882 -2.083841 -0.462527 5.862788 0.066987 0.972769 0.000000 -0.000000 0.000000 8.751716 -1.978672 3.527607 -1.234702 -0.220692 0.920197 -1.578815 -1.052023 -4.561951 -0.000000 0.000000 0.000000
-1.959423 0.957415 2.260008 2.080908 3.176222 -0.421645 0.220594 0.283870 1.595338 0.024747 -5.698972 0.712422 0.024551 0.121459 0.714934 0.073042 5.927552 0.539078 -1.405608 13.474918 -0.230607 -2.566096 -10.996233 0.127437 -2.438074 9.132276 8.647967 -15.295197 -16.708203 70.131737 29.765283 52.965939 19.875728 2.037070 14.796509 -6.500924 1.082592 6.349569 -8.147068 13.161426 -11.961471 -70.338753 -62.719165 60.656035 -44.531694 -6.208863 12.680851 4.323453 -8.523865 -1.446339 -1.753278 -1.717794 -2.030806 -0.455005 5.837392 0.000011 0.958150 0.000000 -0.000000 0.000000 8.762118 -2.009584 3.528556 -1.243878 -0.167781 0.923964 -1.599096 -1.102484 -4.568506 0.000000 0.000000 0.000000
-1.959593 0.957383 2.260282 2.113200 3.190188 -0.416221 0.203745 0.286567 1.591794 0.017411 -5.697835 0.710847 0.017251 0.122597 0.712614 0.067390 5.928398 0.537331 -1.417039 13.439169 -0.234254 -2.586777 -11.062518 0.125842 -2.434478 9.139732 8.645840 -15.282062 -16.698101 70.149953 29.588644 52.755606 19.664103 2.014593 14.774405 -6.563330 1.069962 6.388824 -8.172712 13.134431 -11.943827 -70.412924 -62.608882 61.328628 -44.761629 -6.256355 12.677789 3.967084 -8.540416 -1.462534 -1.754537 -1.709892 -1.978277 -0.444021 5.816038 -0.066469 0.941775 -0.000000 -0.000000 0.000000 8.810828 -2.048605 3.532323 -1.282333 -0.103318 0.925154 -1.644317 -1.152202 -4.575957 0.000000 -0.000000 -0.000000
-1.959785 0.957355 2.260536 2.151851 3.203368 -0.413262 0.184593 0.288292 1.590059 0.008971 -5.697136 0.710082 0.008854 0.123297 0.710992 0.060967 5.928914 0.536110 -1.426509 13.408685 -0.245217 -2.600738 -11.119202 0.109520 -2.424147 9.149392 8.640678 -15.284051 -16.688583 70.162462 29.475595 52.595739 19.521333 1.998954 14.759270 -6.607640 1.061860 6.430044 -8.194553 13.107278 -11.929710 -70.509568 -62.144948 61.890029 -44.667766 -6.284320 12.675390 3.732477 -8.551858 -1.476488 -1.749787 -1.705846 -1.928224 -0.436741 5.786195 -0.129155 0.924027 0.000000 -0.000000 -0.000000 8.848203 -2.088825 3.538452 -1.320366 -0.039194 0.929590 -1.685138 -1.200185 -4.585708 -0.000000 0.000000 0.000000
-1.960000 0.957334 2.260762 2.196707 3.218005 -0.414957 0.162578 0.289003 1.591789 -0.000896 -5.696893 0.710868 -0.000965 0.123539 0.710777 0.053586 5.929084 0.535949 -1.433678 13.384082 -0.266512 -2.606095 -11.165208 0.072603 -2.404240 9.162170 8.631959 -15.317543 -16.685230 70.167615 29.465345 52.516187 19.485867 1.995149 14.756150 -6.622641 1.057757 6.477096 -8.209253 13.082364 -11.917966 -70.642945 -61.232901 62.320874 -44.154452 -6.291406 12.675255 3.647675 -8.549740 -1.490939 -1.733644 -1.705882 -1.879804 -0.438166 5.738890 -0.186630 0.904790 0.000000 0.000000 -0.000000 8.858556 -2.132441 3.547710 -1.352235 0.025118 0.940521 -1.711320 -1.247407 -4.599106 -0.000000 -0.000000 0.000000
-1.960237 0.957317 2.260969 2.247921 3.231861 -0.419114 0.138262 0.288743 1.595329 -0.011866 -5.697089 0.712464 -0.011881 0.123343 0.711259 0.045436 5.928924 0.536314 -1.438884 13.364739 -0.295134 -2.604700 -11.201615 0.020917 -2.377603 9.177156 8.620203 -15.366178 -16.682436 70.167090 29.516335 52.487538 19.516957 1.997941 14.760058 -6.619549 1.058194 6.526121 -8.220142 13.057200 -11.909766 -70.798772 -59.941278 62.630454 -43.290364 -6.276734 12.673314 3.684864 -8.542516 -1.503173 -1.711506 -1.709799 -1.833852 -0.443273 5.683087 -0.240322 0.884207 0.000000 0.000000 0.000000 8.857562 -2.177265 3.559358 -1.383669 0.089090 0.954670 -1.733095 -1.292893 -4.614824 -0.000000 0.000000 0.000000
-1.960469 0.957300 2.261194 2.297372 3.243208 -0.421595 0.116420 0.282962 1.597824 -0.021671 -5.699732 0.713597 -0.021637 0.120700 0.711397 0.038133 5.926931 0.536417 -1.440607 13.354591 -0.321715 -2.597393 -11.220952 -0.028500 -2.353890 9.196032 8.604758 -15.415543 -16.674183 70.164956 29.580724 52.485472 19.570549 2.003592 14.766061 -6.608633 1.067926 6.572891 -8.229374 13.042883 -11.904555 -70.943092 -58.583856 62.865550 -42.363632 -6.260150 12.671226 3.760227 -8.531092 -1.508598 -1.694034 -1.721622 -1.794870 -0.444193 5.633153 -0.291197 0.863036 0.000000 0.000000 0.000000 8.842620 -2.209805 3.570788 -1.402156 0.139267 0.968045 -1.751836 -1.332721 -4.630293 0.000000 -0.000000 -0.000000
-1.960686 0.957283 2.261455 2.343661 3.251239 -0.420074 0.098571 0.269212 1.598152 -0.029573 -5.705904 0.713766 -0.029500 0.114527 0.710764 0.032194 5.922293 0.535936 -1.438393 13.355159 -0.344054 -2.584193 -11.220355 -0.071684 -2.336750 9.222218 8.582992 -15.458603 -16.657371 70.161505 29.656480 52.508663 19.646037 2.012679 14.773943 -6.589825 1.090907 6.615285 -8.238586 13.044041 -11.903600 -71.066232 -57.228313 63.032376 -41.442774 -6.247331 12.669373 3.861559 -8.514394 -1.503788 -1.687861 -1.748086 -1.766864 -0.434871 5.597006 -0.338962 0.840801 0.000000 0.000000 -0.000000 8.811361 -2.223322 3.580568 -1.401356 0.167901 0.978576 -1.769959 -1.364276 -4.643971 0.000000 -0.000000 -0.000000
-1.960898 0.957267 2.261733 2.388188 3.256755 -0.416886 0.083195 0.249940 1.597422 -0.036310 -5.714523 0.713463 -0.036202 0.105908 0.709777 0.027101 5.915821 0.535186 -1.432689 13.364930 -0.364348 -2.565093 -11.202666 -0.112577 -2.322522 9.252300 8.557560 -15.502372 -16.635098 70.156408 29.745953 52.558374 19.744277 2.024655 14.783919 -6.563196 1.123202 6.655428 -8.246083 13.056252 -11.905469 -71.177934 -55.823152 63.124432 -40.475122 -6.233582 12.666714 4.000900 -8.493496 -1.492146 -1.686330 -1.782431 -1.745840 -0.421385 5.566729 -0.383904 0.817952 -0.000000 0.000000 0.000000 8.766163 -2.224545 3.590174 -1.387606 0.182752 0.988327 -1.785057 -1.390170 -4.657407 0.000000 0.000000 0.000000
-1.961117 0.957251 2.262018 2.427032 3.260436 -0.414890 0.070509 0.227945 1.596127 -0.041815 -5.724343 0.712908 -0.041680 0.096088 0.708663 0.022919 5.908450 0.534339 -1.423324 13.383291 -0.379833 -2.540901 -11.168976 -0.145992 -2.309897 9.277696 8.535734 -15.553493 -16.610654 70.152771 29.807761 52.614304 19.823359 2.034078 14.791708 -6.539225 1.157730 6.695452 -8.249030 13.077116 -11.905531 -71.273382 -54.506175 63.180803 -39.570679 -6.221922 12.664522 4.130910 -8.472526 -1.479318 -1.680156 -1.808438 -1.724307 -0.414085 5.532932 -0.427860 0.796639 0.000000 0.000000 -0.000000 8.711559 -2.220170 3.601374 -1.367417 0.193631 0.999523 -1.791270 -1.414318 -4.672673 -0.000000 0.000000 0.000000
-1.961345 0.957236 2.262315 2.457970 3.262441 -0.414904 0.061256 0.202188 1.593687 -0.045730 -5.735824 0.711841 -0.045574 0.084607 0.707199 0.019899 5.899836 0.533226 -1.408613 13.415033 -0.388216 -2.509302 -11.110368 -0.168348 -2.300063 9.292766 8.521225 -15.620038 -16.582401 70.149399 29.833120 52.678072 19.878178 2.038770 14.795480 -6.520170 1.195151 6.737713 -8.246044 13.111161 -11.903438 -71.348698 -53.331306 63.212657 -38.776172 -6.212877 12.664180 4.234401 -8.447983 -1.466039 -1.664186 -1.820437 -1.700716 -0.420684 5.487658 -0.471612 0.778654 0.000000 -0.000000 -0.000000 8.637761 -2.208605 3.613651 -1.336344 0.199641 1.015877 -1.780965 -1.436620 -4.691921 -0.000000 0.000000 0.000000
-1.961580 0.957221 2.262618 2.483223 3.262615 -0.416114 0.054692 0.173709 1.590681 -0.048414 -5.748506 0.710521 -0.048243 0.071925 0.705606 0.017788 5.890323 0.532015 -1.390235 13.455357 -0.391755 -2.472632 -11.035774 -0.183140 -2.291825 9.303142 8.510314 -15.693917 -16.551988 70.147404 29.830646 52.748166 19.913664 2.040887 14.797078 -6.503768 1.234814 6.779835 -8.238476 13.153875 -11.899566 -71.407738 -52.252309 63.214098 -38.053188 -6.205453 12.664796 4.328642 -8.423363 -1.451591 -1.643573 -1.824121 -1.676597 -0.433467 5.438854 -0.514377 0.762221 -0.000000 -0.000000 0.000000 8.554561 -2.191422 3.627501 -1.298828 0.201691 1.033664 -1.761776 -1.457162 -4.713010 0.000000 0.000000 -0.000000
-1.961819 0.957209 2.262900 2.505542 3.261172 -0.418938 0.048800 0.148426 1.589346 -0.050887 -5.759764 0.709944 -0.050703 0.060666 0.704778 0.015893 5.881877 0.531382 -1.373083 13.489260 -0.394535 -2.438683 -10.973070 -0.195867 -2.280305 9.317149 8.499126 -15.757559 -16.527622 70.153423 29.784534 52.799681 19.902517 2.041441 14.797740 -6.493714 1.267645 6.816862 -8.227648 13.189228 -11.890441 -71.457284 -51.251100 63.200588 -37.378796 -6.199520 12.664724 4.418100 -8.413299 -1.439435 -1.624515 -1.820305 -1.649088 -0.439646 5.400985 -0.555642 0.744133 0.000000 0.000000 -0.000000 8.495861 -2.180063 3.646230 -1.274706 0.212291 1.043964 -1.750734 -1.480150 -4.731551 -0.000000 -0.000000 0.000000
-1.962070 0.957199 2.263149 2.525264 3.258785 -0.424284 0.043173 0.127823 1.590590 -0.053375 -5.768939 0.710515 -0.053178 0.051491 0.705096 0.014070 5.874992 0.531615 -1.357610 13.511840 -0.397576 -2.407950 -10.931369 -0.208200 -2.261544 9.338915 8.486661 -15.805333 -16.512372 70.174435 29.672610 52.819932 19.818887 2.040219 14.797449 -6.493838 1.289651 6.846988 -8.212996 13.212811 -11.873632 -71.499372 -50.317558 63.172898 -36.741877 -6.194403 12.662782 4.507850 -8.427663 -1.433515 -1.609476 -1.807341 -1.613485 -0.431591 5.382882 -0.595908 0.721903 -0.000000 -0.000000 0.000000 8.480854 -2.180728 3.674594 -1.274307 0.237327 1.038713 -1.757088 -1.507482 -4.744973 0.000000 -0.000000 0.000000
-1.962326 0.957192 2.263377 2.542051 3.254783 -0.431245 0.038214 0.110414 1.593511 -0.055654 -5.776691 0.711833 -0.055444 0.043738 0.706183 0.012462 5.869174 0.532428 -1.343375 13.528001 -0.399885 -2.379932 -10.901559 -0.218535 -2.239505 9.364317 8.473935 -15.842901 -16.503167 70.203547 29.516941 52.821366 19.688559 2.037431 14.796201 -6.500308 1.304810 6.872026 -8.195145 13.229009 -11.851633 -71.531965 -49.464435 63.132245 -36.156785 -6.190559 12.660312 4.592823 -8.456589 -1.429862 -1.596008 -1.786854 -1.574500 -0.416946 5.375722 -0.634666 0.697988 -0.000000 -0.000000 -0.000000 8.490335 -2.187251 3.707852 -1.287328 0.270897 1.025991 -1.771595 -1.537271 -4.755836 0.000000 0.000000 0.000000
-1.962561 0.957181 2.263589 2.557640 3.247367 -0.437517 0.033120 0.097662 1.597636 -0.058063 -5.782374 0.713685 -0.057841 0.038055 0.707790 0.010794 5.864908 0.533636 -1.333945 13.537448 -0.402571 -2.360926 -10.884166 -0.227540 -2.221206 9.389309 8.460090 -15.869644 -16.498993 70.226653 29.368001 52.816897 19.561655 2.034713 14.795265 -6.505336 1.315997 6.892450 -8.177235 13.234977 -11.828372 -71.555756 -48.705149 63.094065 -35.635953 -6.189429 12.659464 4.662286 -8.485091 -1.420064 -1.582941 -1.764564 -1.543402 -0.405835 5.367482 -0.669887 0.676586 -0.000000 -0.000000 -0.000000 8.500597 -2.192516 3.735093 -1.302659 0.307820 1.021094 -1.783547 -1.568048 -4.767458 -0.000000 0.000000 0.000000
-1.962766 0.957165 2.263787 2.574025 3.232967 -0.441946 0.027176 0.092611 1.602722 -0.060920 -5.784636 0.715961 -0.060683 0.035793 0.709777 0.008817 5.863206 0.535131 -1.332067 13.537870 -0.405872 -2.356050 -10.883457 -0.234538 -2.211268 9.410731 8.444237 -15.880705 -16.500260 70.238521 29.237666 52.809230 19.450147 2.032219 14.795400 -6.504694 1.321388 6.906966 -8.159788 13.222244 -11.802941 -71.568412 -48.040339 63.060293 -35.176853 -6.192181 12.661660 4.707433 -8.510709 -1.396267 -1.570402 -1.739498 -1.527943 -0.402328 5.352610 -0.700004 0.659507 0.000000 -0.000000 -0.000000 8.510229 -2.193614 3.750140 -1.323937 0.349814 1.033024 -1.790081 -1.600702 -4.781805 0.000000 -0.000000 0.000000
-1.962950 0.957146 2.263969 2.589212 3.215152 -0.445689 0.021098 0.092217 1.609014 -0.063906 -5.784828 0.718773 -0.063654 0.035600 0.712286 0.006780 5.863056 0.537023 -1.334995 13.531576 -0.409567 -2.360176 -10.895172 -0.240249 -2.205082 9.431742 8.427240 -15.880945 -16.506569 70.244394 29.114145 52.795740 19.342178 2.029791 14.795858 -6.502611 1.322806 6.916874 -8.142301 13.199280 -11.776281 -71.572302 -47.468502 63.031054 -34.781426 -6.197232 12.665769 4.737152 -8.535900 -1.366327 -1.558274 -1.712634 -1.520366 -0.402364 5.336649 -0.726586 0.644942 -0.000000 0.000000 -0.000000 8.520645 -2.193443 3.759176 -1.347495 0.395162 1.052769 -1.794054 -1.634342 -4.796915 -0.000000 -0.000000 -0.000000
-1.963122 0.957128 2.264141 2.598950 3.202828 -0.449898 0.016224 0.088810 1.616767 -0.066414 -5.786355 0.722240 -0.066150 0.034074 0.715498 0.005156 5.861906 0.539443 -1.338056 13.525205 -0.414074 -2.364227 -10.907044 -0.247441 -2.195817 9.457776 8.410866 -15.884318 -16.515684 70.245873 29.012225 52.781611 19.251936 2.028584 14.795646 -6.503990 1.328598 6.926550 -8.126360 13.188658 -11.755069 -71.575143 -46.997766 63.019363 -34.466482 -6.201914 12.670070 4.767254 -8.553056 -1.345405 -1.545016 -1.692637 -1.508681 -0.403861 5.324214 -0.752318 0.631677 -0.000000 -0.000000 0.000000 8.512392 -2.193555 3.769821 -1.351253 0.433538 1.068601 -1.793337 -1.664829 -4.810224 -0.000000 0.000000 0.000000
-1.963283 0.957110 2.264300 2.601620 3.199827 -0.455072 0.012255 0.079845 1.626884 -0.068608 -5.790347 0.726765 -0.068332 0.030081 0.719801 0.003853 5.858905 0.542684 -1.340066 13.520482 -0.421117 -2.365259 -10.915907 -0.259875 -2.177743 9.494050 8.395424 -15.894127 -16.529036 70.241858 28.941334 52.765487 19.186752 2.029571 14.793765 -6.513321 1.344878 6.937082 -8.113872 13.205181 -11.744027 -71.579913 -46.658802 63.042093 -34.264806 -6.205172 12.674334 4.804336 -8.556973 -1.340545 -1.529807 -1.684980 -1.486948 -0.406434 5.316528 -0.778673 0.619033 0.000000 0.000000 -0.000000 8.464885 -2.194815 3.785014 -1.316080 0.462089 1.076475 -1.784623 -1.690788 -4.820589 0.000000 0.000000 -0.000000
-1.963431 0.957094 2.264448 2.598840 3.202316 -0.460707 0.009489 0.067870 1.638465 -0.070323 -5.795672 0.731947 -0.070038 0.024756 0.724808 0.002963 5.854905 0.546455 -1.342205 13.515681 -0.428971 -2.366208 -10.924928 -0.273789 -2.156604 9.535355 8.380618 -15.907070 -16.545192 70.233456 28.892008 52.748834 19.139253 2.031787 14.791203 -6.526108 1.365533 6.947387 -8.102918 13.234049 -11.738408 -71.583604 -46.419232 63.084084 -34.141709 -6.208018 12.678794 4.841820 -8.552859 -1.344707 -1.513454 -1.684194 -1.461111 -0.410462 5.312365 -0.804177 0.607687 0.000000 0.000000 0.000000 8.398712 -2.196327 3.801820 -1.261117 0.483681 1.080438 -1.771227 -1.713588 -4.829160 0.000000 -0.000000 0.000000
-1.963574 0.957084 2.264593 2.591211 3.207709 -0.466445 0.010158 0.052854 1.649066 -0.070455 -5.802337 0.736692 -0.070170 0.018091 0.729539 0.003234 5.849902 0.550016 -1.343340 13.512264 -0.432877 -2.366827 -10.931324 -0.280663 -2.142772 9.571488 8.367308 -15.927197 -16.557620 70.225576 28.850614 52.741096 19.101467 2.033478 14.789952 -6.533771 1.380565 6.958574 -8.089348 13.253423 -11.730692 -71.584936 -46.192735 63.109794 -34.012904 -6.210995 12.682344 4.875718 -8.548720 -1.351919 -1.496847 -1.682527 -1.437004 -0.415004 5.312675 -0.827090 0.598465 -0.000000 0.000000 -0.000000 8.356173 -2.197013 3.819040 -1.221703 0.496564 1.080905 -1.760958 -1.733206 -4.836800 -0.000000 -0.000000 -0.000000
-1.963714 0.957084 2.264737 2.578308 3.215866 -0.472174 0.015553 0.034263 1.657527 -0.068377 -5.810575 0.740482 -0.068101 0.009853 0.733541 0.005101 5.843723 0.553026 -1.343302 13.510304 -0.429506 -2.368125 -10.934909 -0.274274 -2.141563 9.597526 8.356421 -15.958197 -16.562758 70.218895 28.815945 52.747870 19.073259 2.033690 14.791354 -6.530025 1.384301 6.971962 -8.070312 13.256749 -11.715877 -71.591027 -45.968829 63.136283 -33.857609 -6.222151 12.679974 4.906620 -8.549006 -1.360987 -1.479510 -1.677389 -1.417125 -0.420965 5.320235 -0.845889 0.592625 -0.000000 0.000000 0.000000 8.361058 -2.196868 3.836516 -1.217703 0.498107 1.076652 -1.757385 -1.748638 -4.843577 -0.000000 0.000000 -0.000000
-1.963849 0.957090 2.264878 2.560554 3.226926 -0.478009 0.024384 0.012630 1.665009 -0.064716 -5.820154 0.743838 -0.064458 0.000275 0.737269 0.008129 5.836540 0.555829 -1.342271 13.509731 -0.422189 -2.369112 -10.935866 -0.260842 -2.147647 9.618379 8.347007 -15.996374 -16.564178 70.212724 28.789158 52.763583 19.054692 2.033369 14.794081 -6.521161 1.382408 6.986225 -8.048671 13.250579 -11.698982 -71.594780 -45.758412 63.146375 -33.697114 -6.233424 12.676736 4.933922 -8.549267 -1.373098 -1.461914 -1.671369 -1.398976 -0.427444 5.332264 -0.862096 0.588902 0.000000 0.000000 0.000000 8.389582 -2.195927 3.854394 -1.229250 0.490928 1.068910 -1.756943 -1.760891 -4.849419 -0.000000 -0.000000 0.000000
-1.963981 0.957095 2.265023 2.539824 3.238716 -0.483930 0.035011 -0.010471 1.672549 -0.060253 -5.830377 0.747222 -0.060018 -0.009948 0.741105 0.011765 5.828875 0.558713 -1.339647 13.511792 -0.416157 -2.366545 -10.931969 -0.250520 -2.155410 9.638590 8.337096 -16.034692 -16.566048 70.209927 28.760156 52.780902 19.038087 2.033602 14.796108 -6.517455 1.381903 6.998498 -8.028842 13.232719 -11.687528 -71.573616 -45.509386 63.052638 -33.512579 -6.221252 12.686637 4.951870 -8.544156 -1.385861 -1.446365 -1.664475 -1.380901 -0.430785 5.341377 -0.878535 0.584343 -0.000000 0.000000 0.000000 8.412685 -2.193187 3.871938 -1.232088 0.481157 1.061772 -1.756743 -1.772959 -4.854978 0.000000 0.000000 -0.000000
-1.964116 0.957097 2.265177 2.517511 3.250127 -0.490480 0.046816 -0.034485 1.680761 -0.055293 -5.841002 0.750907 -0.055083 -0.020573 0.745294 0.015799 5.820909 0.561862 -1.335452 13.518005 -0.412987 -2.359816 -10.920424 -0.246309 -2.164178 9.659973 8.326787 -16.071830 -16.571002 70.211999 28.724522 52.797310 19.021112 2.034540 14.796448 -6.526984 1.387661 7.007453 -8.012489 13.195505 -11.685511 -71.512173 -45.231694 62.841854 -33.326750 -6.167795 12.726782 4.966461 -8.527036 -1.393175 -1.433078 -1.660764 -1.370651 -0.429299 5.343251 -0.892434 0.578509 -0.000000 -0.000000 -0.000000 8.417098 -2.185687 3.890412 -1.213329 0.466933 1.056029 -1.757838 -1.784491 -4.860572 -0.000000 -0.000000 -0.000000
-1.964248 0.957098 2.265335 2.492222 3.262268 -0.497117 0.060417 -0.059967 1.689031 -0.049532 -5.852272 0.754621 -0.049351 -0.031842 0.749593 0.020440 5.812461 0.565094 -1.329662 13.526855 -0.411095 -2.349531 -10.904022 -0.245193 -2.174625 9.680711 8.315977 -16.109112 -16.576400 70.217445 28.686656 52.815326 19.006080 2.036045 14.796080 -6.541665 1.394810 7.014417 -7.997939 13.146542 -11.688881 -71.425828 -44.920684 62.527165 -33.122659 -6.090823 12.780139 4.972171 -8.504542 -1.401149 -1.421845 -1.656173 -1.360473 -0.424671 5.342210 -0.906567 0.571841 -0.000000 -0.000000 -0.000000 8.416094 -2.176373 3.908552 -1.185858 0.450126 1.050878 -1.759175 -1.795839 -4.865883 0.000000 0.000000 -0.000000
-1.964358 0.957098 2.265486 2.461661 3.276301 -0.502193 0.076029 -0.087007 1.696559 -0.042837 -5.864227 0.758007 -0.042691 -0.043797 0.753659 0.025761 5.803500 0.568150 -1.321600 13.535043 -0.410960 -2.334257 -10.888903 -0.248295 -2.183156 9.699906 8.302404 -16.143477 -16.578499 70.224653 28.649694 52.835163 18.992298 2.038763 14.795924 -6.547533 1.395744 7.020504 -7.984609 13.106560 -11.693102 -71.338087 -44.508605 62.060113 -32.828374 -6.020036 12.809579 4.945975 -8.491237 -1.425693 -1.414332 -1.638524 -1.325445 -0.418298 5.343845 -0.932081 0.562700 -0.000000 0.000000 -0.000000 8.420419 -2.173088 3.921835 -1.164087 0.442457 1.048023 -1.754700 -1.811045 -4.870609 -0.000000 0.000000 0.000000
-1.964436 0.957094 2.265623 2.421879 3.295209 -0.505279 0.095184 -0.116418 1.702688 -0.034496 -5.877224 0.760773 -0.034393 -0.056792 0.757271 0.032277 5.793760 0.570864 -1.311426 13.539500 -0.411686 -2.314684 -10.880745 -0.253809 -2.188850 9.716728 8.284613 -16.172960 -16.576112 70.233224 28.616039 52.859879 18.982130 2.043873 14.796327 -6.535248 1.384013 7.025624 -7.972218 13.087787 -11.696132 -71.252087 -43.924036 61.360513 -32.385421 -5.963897 12.797685 4.860200 -8.487446 -1.478244 -1.412302 -1.602574 -1.251328 -0.408473 5.348154 -0.975695 0.548481 0.000000 -0.000000 -0.000000 8.439615 -2.182315 3.927221 -1.158291 0.450369 1.049173 -1.739613 -1.833166 -4.874672 -0.000000 -0.000000 0.000000
-1.964493 0.957088 2.265753 2.376826 3.316012 -0.506816 0.116353 -0.147384 1.708078 -0.025220 -5.890904 0.763212 -0.025165 -0.070472 0.760652 0.039473 5.783509 0.573403 -1.298974 13.543298 -0.414164 -2.290115 -10.873863 -0.263530 -2.192620 9.732008 8.264066 -16.199527 -16.570420 70.243551 28.583293 52.886415 18.973225 2.050188 14.796949 -6.514154 1.366066 7.029868 -7.961071 13.077982 -11.700018 -71.164661 -43.265708 60.506382 -31.880728 -5.911915 12.761828 4.743275 -8.492847 -1.547365 -1.413924 -1.553551 -1.152364 -0.396868 5.355151 -1.030687 0.531779 -0.000000 -0.000000 -0.000000 8.464134 -2.197576 3.927750 -1.158198 0.467413 1.052623 -1.718713 -1.859142 -4.878157 -0.000000 -0.000000 -0.000000
-1.964543 0.957085 2.265887 2.336056 3.330926 -0.506454 0.135155 -0.177558 1.713902 -0.017018 -5.904240 0.765847 -0.017006 -0.083808 0.764120 0.045874 5.773514 0.576008 -1.283084 13.552345 -0.421543 -2.257035 -10.857339 -0.283973 -2.193620 9.747339 8.242889 -16.226011 -16.561231 70.255208 28.547393 52.905798 18.957830 2.054792 14.797686 -6.498315 1.353657 7.034633 -7.951463 13.061224 -11.706400 -71.089867 -42.705431 59.687753 -31.443753 -5.866836 12.717091 4.655448 -8.521034 -1.614654 -1.415454 -1.494996 -1.046346 -0.389977 5.370443 -1.088038 0.518743 -0.000000 0.000000 -0.000000 8.476087 -2.207278 3.928030 -1.147405 0.485969 1.054975 -1.700349 -1.883845 -4.881004 0.000000 -0.000000 -0.000000
-1.964590 0.957089 2.266022 2.300738 3.335439 -0.504001 0.150728 -0.205788 1.720967 -0.010312 -5.916723 0.769036 -0.010337 -0.096290 0.767989 0.051187 5.764158 0.578916 -1.262587 13.569879 -0.436581 -2.212114 -10.825206 -0.320850 -2.191915 9.762635 8.220412 -16.254404 -16.547600 70.267795 28.508467 52.914429 18.934767 2.056428 14.799222 -6.493143 1.353031 7.038734 -7.944241 13.025846 -11.715143 -71.027266 -42.250806 58.924390 -31.076867 -5.832778 12.658152 4.611074 -8.587559 -1.682320 -1.415764 -1.420854 -0.921895 -0.390704 5.401875 -1.150810 0.512240 -0.000000 -0.000000 0.000000 8.463051 -2.207899 3.930465 -1.111964 0.508327 1.053657 -1.687497 -1.906446 -4.882413 -0.000000 0.000000 -0.000000
-1.964631 0.957095 2.266161 2.269706 3.334066 -0.499632 0.163934 -0.233223 1.728470 -0.004681 -5.928860 0.772420 -0.004736 -0.108428 0.771945 0.055706 5.755059 0.581890 -1.238642 13.592678 -0.456492 -2.158703 -10.783376 -0.368372 -2.187434 9.777988 8.197315 -16.282715 -16.530477 70.281704 28.466407 52.915896 18.905231 2.056357 14.800871 -6.493227 1.357947 7.043357 -7.938535 12.983536 -11.726398 -70.977333 -41.878441 58.197949 -30.760642 -5.807182 12.590367 4.595113 -8.676863 -1.748163 -1.415907 -1.337213 -0.790386 -0.396177 5.441594 -1.215941 0.509366 -0.000000 -0.000000 0.000000 8.437448 -2.202963 3.932649 -1.065826 0.532200 1.051243 -1.677183 -1.927777 -4.883179 0.000000 0.000000 -0.000000
-1.964677 0.957099 2.266323 2.249012 3.332560 -0.493552 0.172968 -0.260975 1.735160 -0.000866 -5.941154 0.775441 -0.000941 -0.120721 0.775353 0.058828 5.745841 0.584450 -1.213576 13.616964 -0.476124 -2.103305 -10.738764 -0.415803 -2.179142 9.795257 8.177751 -16.307800 -16.512516 70.297707 28.416805 52.912002 18.865031 2.055442 14.800471 -6.496391 1.361420 7.053453 -7.932068 12.953450 -11.742269 -70.955498 -41.684395 57.643578 -30.561195 -5.785295 12.545049 4.622694 -8.755880 -1.787164 -1.415559 -1.265840 -0.703738 -0.404253 5.471655 -1.265228 0.507666 -0.000000 0.000000 0.000000 8.418662 -2.191449 3.931984 -1.034435 0.543096 1.052049 -1.668832 -1.945201 -4.885633 0.000000 -0.000000 0.000000
-1.964732 0.957095 2.266520 2.242699 3.333565 -0.484157 0.176192 -0.289288 1.740081 0.000450 -5.953720 0.777670 0.000367 -0.133288 0.777716 0.060006 5.736415 0.586221 -1.188811 13.640631 -0.493927 -2.049237 -10.695244 -0.459621 -2.163766 9.816706 8.164348 -16.325753 -16.494547 70.316699 28.351116 52.897990 18.803509 2.053165 14.795728 -6.505818 1.359696 7.072181 -7.923382 12.951592 -11.763679 -70.976484 -41.734558 57.348846 -30.513934 -5.764791 12.539662 4.712988 -8.821255 -1.784308 -1.414879 -1.207327 -0.692659 -0.416045 5.484738 -1.288488 0.506564 -0.000000 -0.000000 0.000000 8.410609 -2.168825 3.925527 -1.026042 0.528007 1.058409 -1.661684 -1.955297 -4.890873 0.000000 -0.000000 0.000000
-1.964792 0.957089 2.266739 2.246724 3.334435 -0.473052 0.175250 -0.317922 1.744178 -0.000048 -5.966446 0.779528 -0.000128 -0.146013 0.779523 0.059789 5.726869 0.587574 -1.162926 13.665783 -0.511445 -1.993187 -10.648944 -0.503334 -2.144590 9.840077 8.154500 -16.340485 -16.475746 70.337808 28.277975 52.878572 18.731400 2.050052 14.788938 -6.518326 1.356523 7.096380 -7.913944 12.962084 -11.789728 -71.025549 -41.949218 57.226797 -30.569117 -5.748620 12.557121 4.846202 -8.876350 -1.754609 -1.413870 -1.161059 -0.726437 -0.430468 5.488156 -1.295908 0.506686 0.000000 0.000000 0.000000 8.409362 -2.139623 3.916228 -1.032391 0.499939 1.067999 -1.656498 -1.961486 -4.897798 -0.000000 -0.000000 -0.000000
-1.964862 0.957083 2.266963 2.255010 3.332986 -0.465253 0.173250 -0.347254 1.749048 -0.001046 -5.979485 0.781731 -0.001121 -0.159053 0.781625 0.059221 5.717087 0.589148 -1.133992 13.694943 -0.528159 -1.931707 -10.595182 -0.546754 -2.130407 9.860443 8.144483 -16.360581 -16.456274 70.359153 28.218615 52.869804 18.676486 2.048526 14.784823 -6.522190 1.356170 7.121514 -7.905858 12.956240 -11.819837 -71.073907 -42.203422 57.150998 -30.662473 -5.740053 12.576835 4.979001 -8.898165 -1.718072 -1.412035 -1.146998 -0.764876 -0.442039 5.485906 -1.299835 0.507420 -0.000000 0.000000 0.000000 8.422552 -2.116405 3.910340 -1.054161 0.483423 1.078144 -1.654976 -1.971398 -4.905436 0.000000 -0.000000 0.000000
-1.964945 0.957080 2.267190 2.267622 3.328343 -0.463177 0.170825 -0.379131 1.755240 -0.002283 -5.993655 0.784528 -0.002351 -0.173223 0.784296 0.058521 5.706456 0.591149 -1.097805 13.733204 -0.544448 -1.856690 -10.524525 -0.592311 -2.126742 9.873750 8.132449 -16.392688 -16.433282 70.380018 28.181611 52.882836 18.652161 2.050038 14.786291 -6.508483 1.361933 7.144797 -7.900662 12.921370 -11.853915 -71.109930 -42.479519 57.098299 -30.792891 -5.740692 12.596109 5.103104 -8.864369 -1.678675 -1.410081 -1.185596 -0.797481 -0.446568 5.476333 -1.302725 0.508748 0.000000 0.000000 -0.000000 8.459815 -2.105214 3.910988 -1.098147 0.488948 1.087317 -1.660427 -1.988194 -4.913285 0.000000 0.000000 -0.000000
-1.965037 0.957078 2.267420 2.284493 3.321382 -0.464410 0.167334 -0.411708 1.762198 -0.004024 -6.008140 0.787665 -0.004083 -0.187708 0.787257 0.057467 5.695587 0.593369 -1.058559 13.775477 -0.559881 -1.776277 -10.446383 -0.637444 -2.128061 9.884042 8.120218 -16.430157 -16.409617 70.401076 28.158278 52.906568 18.644949 2.053126 14.790424 -6.486131 1.370527 7.169016 -7.896795 12.870162 -11.892082 -71.145278 -42.796107 57.091410 -30.962580 -5.748574 12.617649 5.226847 -8.797288 -1.632436 -1.407200 -1.256403 -0.834757 -0.448184 5.461094 -1.302122 0.510688 0.000000 -0.000000 0.000000 8.511524 -2.100015 3.915058 -1.157552 0.506020 1.097045 -1.669540 -2.008716 -4.921845 0.000000 -0.000000 0.000000
-1.965131 0.957072 2.267641 2.299349 3.312547 -0.466726 0.163979 -0.439823 1.769861 -0.005751 -6.020641 0.791114 -0.005800 -0.200209 0.790530 0.056446 5.686207 0.595825 -1.026943 13.809000 -0.572779 -1.711360 -10.384394 -0.674622 -2.126583 9.898535 8.109557 -16.461629 -16.393984 70.422539 28.143881 52.923726 18.642259 2.055830 14.793210 -6.470190 1.376345 7.198000 -7.891719 12.811951 -11.934139 -71.186080 -43.081136 57.073437 -31.110338 -5.762144 12.628651 5.331920 -8.740904 -1.587415 -1.400641 -1.318038 -0.868016 -0.453873 5.449161 -1.303014 0.512679 0.000000 -0.000000 0.000000 8.556426 -2.095258 3.919438 -1.212656 0.527699 1.109219 -1.674091 -2.031105 -4.931652 0.000000 0.000000 -0.000000
-1.965222 0.957060 2.267845 2.311564 3.302302 -0.469656 0.160836 -0.461000 1.778692 -0.007461 -6.030056 0.795077 -0.007501 -0.209624 0.794320 0.055473 5.679140 0.598673 -1.008356 13.827917 -0.581248 -1.672868 -10.349414 -0.698125 -2.118834 9.921865 8.100529 -16.486252 -16.392511 70.445680 28.143768 52.928432 18.645930 2.057723 14.792598 -6.468222 1.376939 7.236008 -7.884288 12.745215 -11.985070 -71.237966 -43.293050 57.011024 -31.200664 -5.782797 12.619482 5.408368 -8.706975 -1.547212 -1.387916 -1.360174 -0.893203 -0.468662 5.442330 -1.307535 0.514984 -0.000000 -0.000000 0.000000 8.585349 -2.091259 3.921553 -1.258036 0.554622 1.127448 -1.669585 -2.055915 -4.944130 -0.000000 -0.000000 -0.000000
-1.965316 0.957045 2.268039 2.321764 3.290183 -0.473669 0.157828 -0.477713 1.788232 -0.009158 -6.037487 0.799354 -0.009189 -0.217055 0.798425 0.054532 5.673562 0.601760 -0.997417 13.838065 -0.587265 -1.649815 -10.330661 -0.713891 -2.108303 9.949400 8.093088 -16.504874 -16.399068 70.469268 28.152612 52.926568 18.654144 2.059236 14.790652 -6.472669 1.374752 7.278779 -7.875668 12.671488 -12.039970 -71.295226 -43.472842 56.938076 -31.268280 -5.809273 12.599507 5.466277 -8.683735 -1.508232 -1.371561 -1.393136 -0.914376 -0.487546 5.438804 -1.313549 0.517340 0.000000 -0.000000 0.000000 8.607465 -2.087697 3.923973 -1.299108 0.586163 1.148107 -1.660513 -2.082588 -4.957862 0.000000 0.000000 -0.000000
-1.965421 0.957029 2.268238 2.325548 3.275247 -0.477950 0.155940 -0.492227 1.797049 -0.010333 -6.043936 0.803306 -0.010358 -0.223504 0.802257 0.053958 5.668720 0.604642 -0.988641 13.844214 -0.594994 -1.630186 -10.319336 -0.731991 -2.097644 9.974449 8.088844 -16.508685 -16.403974 70.489805 28.149677 52.918496 18.648803 2.059697 14.789538 -6.475911 1.371507 7.317358 -7.866808 12.604672 -12.083769 -71.346996 -43.671444 56.898850 -31.356464 -5.836229 12.584338 5.517334 -8.679884 -1.467728 -1.356460 -1.406519 -0.935015 -0.502502 5.442169 -1.319635 0.518397 0.000000 -0.000000 -0.000000 8.629037 -2.078056 3.931309 -1.332423 0.613487 1.162254 -1.652138 -2.107604 -4.969125 0.000000 -0.000000 -0.000000
-1.965544 0.957015 2.268449 2.320706 3.256575 -0.482970 0.155880 -0.505228 1.804854 -0.010656 -6.049707 0.806806 -0.010680 -0.229275 0.805725 0.053990 5.664389 0.607251 -0.981099 13.847603 -0.605771 -1.611689 -10.313153 -0.755330 -2.087246 9.995596 8.090147 -16.487727 -16.402560 70.502472 28.125347 52.902121 18.619822 2.058497 14.790567 -6.475227 1.365109 7.349177 -7.856193 12.547818 -12.107819 -71.391162 -43.905700 56.902652 -31.475391 -5.861528 12.580129 5.564564 -8.706919 -1.422689 -1.344621 -1.392045 -0.959123 -0.508373 5.458540 -1.324367 0.517373 -0.000000 -0.000000 0.000000 8.649914 -2.060813 3.947799 -1.352308 0.636406 1.163857 -1.647938 -2.131043 -4.975104 0.000000 -0.000000 0.000000
-1.965679 0.957001 2.268663 2.309449 3.235085 -0.488251 0.156941 -0.516028 1.811939 -0.010457 -6.054496 0.809984 -0.010483 -0.234063 0.808923 0.054390 5.660795 0.609657 -0.975713 13.846990 -0.618266 -1.596594 -10.314406 -0.781025 -2.076722 10.014255 8.094640 -16.451960 -16.399483 70.512106 28.089289 52.879534 18.577314 2.056244 14.792422 -6.473336 1.357656 7.376807 -7.845351 12.497825 -12.120731 -71.429884 -44.159756 56.939932 -31.616082 -5.887269 12.580655 5.604926 -8.753344 -1.376104 -1.334128 -1.357993 -0.982686 -0.510338 5.481804 -1.329170 0.515048 0.000000 -0.000000 0.000000 8.670250 -2.037492 3.969210 -1.364453 0.655101 1.158955 -1.644440 -2.152828 -4.978609 -0.000000 -0.000000 -0.000000
-1.965816 0.956989 2.268874 2.294011 3.212578 -0.491546 0.157978 -0.524822 1.817742 -0.010220 -6.058394 0.812587 -0.010246 -0.237962 0.811550 0.054775 5.657869 0.611634 -0.969781 13.843432 -0.632620 -1.579738 -10.321138 -0.810422 -2.067559 10.027975 8.096874 -16.422461 -16.399069 70.529678 28.049677 52.857391 18.533467 2.054096 14.793322 -6.470781 1.357177 7.398999 -7.839778 12.459357 -12.133234 -71.458747 -44.436327 57.026275 -31.794123 -5.914421 12.583032 5.640975 -8.793373 -1.334229 -1.323940 -1.318789 -0.997152 -0.515878 5.497196 -1.336903 0.512414 0.000000 0.000000 0.000000 8.696775 -2.006159 3.987465 -1.382454 0.661275 1.156717 -1.636488 -2.169191 -4.984357 -0.000000 0.000000 0.000000
-1.965951 0.956979 2.269083 2.272588 3.190295 -0.491220 0.159014 -0.532064 1.821984 -0.009919 -6.061605 0.814491 -0.009948 -0.241173 0.813485 0.055151 5.655460 0.613089 -0.961738 13.837577 -0.650985 -1.557319 -10.332163 -0.848205 -2.062076 10.031860 8.092825 -16.410337 -16.402404 70.564629 28.001262 52.841998 18.487766 2.052051 14.792220 -6.467449 1.371294 7.411242 -7.843832 12.434880 -12.148157 -71.470886 -44.763553 57.179167 -32.042897 -5.945825 12.586435 5.673202 -8.821741 -1.300677 -1.313121 -1.272485 -0.998614 -0.529655 5.498518 -1.348682 0.509909 -0.000000 -0.000000 0.000000 8.736608 -1.962493 3.998755 -1.414263 0.644898 1.160609 -1.620867 -2.176189 -4.994738 -0.000000 -0.000000 -0.000000
-1.966089 0.956972 2.269288 2.246980 3.166999 -0.488903 0.160030 -0.537301 1.824943 -0.009579 -6.063925 0.815820 -0.009609 -0.243493 0.814848 0.055513 5.653719 0.614115 -0.953140 13.828773 -0.671205 -1.533117 -10.348667 -0.889691 -2.057944 10.030803 8.086512 -16.404504 -16.408402 70.607515 27.949287 52.827035 18.440702 2.050105 14.790162 -6.463458 1.392400 7.418048 -7.853126 12.421900 -12.162611 -71.473159 -45.116898 57.380324 -32.332754 -5.978598 12.591651 5.701203 -8.843723 -1.271841 -1.302574 -1.221040 -0.990967 -0.547008 5.491968 -1.363395 0.507099 -0.000000 -0.000000 -0.000000 8.782628 -1.910809 4.006916 -1.451917 0.616000 1.167196 -1.600795 -2.177762 -5.007360 0.000000 0.000000 0.000000
-1.966226 0.956967 2.269479 2.224826 3.140772 -0.487250 0.159829 -0.539373 1.826889 -0.009746 -6.064845 0.816691 -0.009776 -0.244413 0.815702 0.055455 5.653028 0.614758 -0.945965 13.816131 -0.686956 -1.513364 -10.372256 -0.922164 -2.049684 10.037048 8.084542 -16.392719 -16.418159 70.640958 27.917651 52.800245 18.405979 2.049415 14.788493 -6.459693 1.405672 7.431696 -7.860049 12.417659 -12.178749 -71.481715 -45.418300 57.592323 -32.582973 -6.005160 12.598212 5.726110 -8.849345 -1.243153 -1.293938 -1.184737 -0.977373 -0.561432 5.481378 -1.380555 0.503666 -0.000000 -0.000000 0.000000 8.820198 -1.862134 4.015327 -1.485136 0.596381 1.175276 -1.580755 -2.181973 -5.019767 -0.000000 -0.000000 -0.000000
-1.966355 0.956963 2.269651 2.209319 3.110792 -0.486495 0.157836 -0.536848 1.827655 -0.010675 -6.063730 0.817029 -0.010700 -0.243298 0.815946 0.054780 5.653863 0.614942 -0.940562 13.795606 -0.696281 -1.499494 -10.410437 -0.941768 -2.032287 10.060351 8.091032 -16.363968 -16.434362 70.655264 27.916401 52.747425 18.385773 2.051055 14.787755 -6.455787 1.401621 7.459528 -7.860218 12.428792 -12.199316 -71.511128 -45.632469 57.812781 -32.754854 -6.019522 12.606497 5.753360 -8.830895 -1.215789 -1.289568 -1.174983 -0.953294 -0.569636 5.467735 -1.402761 0.499730 0.000000 -0.000000 0.000000 8.841843 -1.819362 4.024207 -1.507458 0.592509 1.184457 -1.563275 -2.190887 -5.030749 0.000000 0.000000 -0.000000
-1.966483 0.956962 2.269809 2.197266 3.077881 -0.486406 0.154627 -0.531159 1.827401 -0.012112 -6.061215 0.816906 -0.012128 -0.240783 0.815677 0.053684 5.655748 0.614741 -0.936595 13.771244 -0.701141 -1.490099 -10.455712 -0.952358 -2.010763 10.090956 8.101871 -16.329225 -16.454332 70.660094 27.935432 52.682814 18.377836 2.053954 14.787404 -6.452102 1.389729 7.494199 -7.858052 12.448671 -12.221573 -71.546825 -45.792600 58.044985 -32.885000 -6.027730 12.616078 5.777392 -8.796087 -1.188577 -1.287047 -1.180372 -0.923284 -0.574897 5.450053 -1.427418 0.495177 -0.000000 0.000000 -0.000000 8.855038 -1.779596 4.033309 -1.525347 0.597921 1.195102 -1.545825 -2.202440 -5.041519 0.000000 0.000000 -0.000000
-1.966627 0.956958 2.269953 2.186731 3.042594 -0.488940 0.150722 -0.525450 1.826886 -0.013846 -6.058693 0.816666 -0.013853 -0.238261 0.815261 0.052355 5.657637 0.614429 -0.935030 13.754294 -0.701093 -1.487172 -10.487192 -0.952782 -1.994675 10.111830 8.111323 -16.309225 -16.471134 70.667138 27.968393 52.636816 18.389273 2.056064 14.787169 -6.450620 1.383628 7.525951 -7.859125 12.454650 -12.239461 -71.561211 -45.920892 58.260566 -33.003094 -6.040395 12.625295 5.782792 -8.758095 -1.153433 -1.280863 -1.186965 -0.904149 -0.580569 5.429202 -1.446245 0.489333 -0.000000 0.000000 -0.000000 8.867575 -1.745181 4.045309 -1.547906 0.615009 1.207114 -1.525301 -2.218495 -5.053256 0.000000 -0.000000 0.000000
-1.966796 0.956953 2.270083 2.177103 3.006658 -0.496017 0.146027 -0.522083 1.826682 -0.015936 -6.057216 0.816567 -0.015931 -0.236783 0.814950 0.050771 5.658742 0.614194 -0.935521 13.748622 -0.694946 -1.490540 -10.497686 -0.940948 -1.989320 10.113734 8.116493 -16.318108 -16.480605 70.681692 28.026249 52.629060 18.436996 2.056551 14.786519 -6.453422 1.388945 7.548630 -7.865901 12.429318 -12.244797 -71.537992 -46.018208 58.441512 -33.115625 -6.063199 12.634569 5.756690 -8.714491 -1.107600 -1.266824 -1.194073 -0.904070 -0.588868 5.402508 -1.454746 0.481698 -0.000000 0.000000 0.000000 8.884175 -1.720018 4.062106 -1.581741 0.646619 1.220943 -1.499513 -2.240352 -5.067111 -0.000000 0.000000 -0.000000
-1.966981 0.956946 2.270200 2.169000 2.968345 -0.505718 0.140637 -0.518695 1.826216 -0.018323 -6.055731 0.816349 -0.018305 -0.235299 0.814490 0.048953 5.659853 0.613848 -0.938424 13.750368 -0.683905 -1.500401 -10.494373 -0.918963 -1.989408 10.105909 8.120266 -16.341751 -16.486904 70.698471 28.098081 52.639821 18.504240 2.056252 14.785995 -6.458426 1.400062 7.568385 -7.875890 12.390071 -12.245714 -71.493461 -46.082603 58.605937 -33.214869 -6.090713 12.643521 5.711960 -8.667693 -1.053853 -1.249085 -1.202375 -0.914865 -0.597590 5.372642 -1.457419 0.472766 0.000000 -0.000000 -0.000000 8.900113 -1.700212 4.081807 -1.620245 0.689909 1.236104 -1.470645 -2.266706 -5.081942 0.000000 0.000000 0.000000
-1.967166 0.956934 2.270309 2.162330 2.923032 -0.514234 0.135351 -0.511339 1.824522 -0.020625 -6.052484 0.815580 -0.020594 -0.232052 0.813486 0.047155 5.662286 0.613094 -0.945751 13.759187 -0.671121 -1.519291 -10.477903 -0.891984 -1.988631 10.099048 8.125560 -16.358509 -16.495586 70.713347 28.144634 52.640561 18.547510 2.055621 14.786926 -6.461374 1.413742 7.593915 -7.887219 12.366452 -12.260688 -71.448867 -46.132896 58.779482 -33.309939 -6.116836 12.649320 5.671836 -8.638148 -0.992386 -1.234711 -1.199994 -0.928785 -0.603470 5.348491 -1.459473 0.463344 -0.000000 0.000000 -0.000000 8.909013 -1.676407 4.101407 -1.652710 0.738739 1.251108 -1.442159 -2.295520 -5.095483 0.000000 0.000000 -0.000000
-1.967348 0.956915 2.270418 2.155726 2.869381 -0.519947 0.130722 -0.499420 1.820995 -0.022571 -6.047208 0.813988 -0.022530 -0.226777 0.811697 0.045559 5.666242 0.611748 -0.957334 13.776297 -0.658182 -1.546261 -10.446023 -0.863088 -1.985778 10.096461 8.134054 -16.359981 -16.509308 70.725254 28.145236 52.620120 18.546747 2.055365 14.791545 -6.458080 1.429449 7.630268 -7.900343 12.377693 -12.300294 -71.409906 -46.192984 58.979261 -33.424828 -6.140265 12.648987 5.644341 -8.637997 -0.919952 -1.226359 -1.177673 -0.949412 -0.604670 5.334274 -1.461123 0.452497 0.000000 0.000000 0.000000 8.910305 -1.642967 4.119997 -1.673272 0.787146 1.265257 -1.417451 -2.325754 -5.107005 -0.000000 -0.000000 0.000000
-1.967530 0.956892 2.270519 2.150553 2.808732 -0.524476 0.126201 -0.483534 1.816237 -0.024430 -6.040170 0.811842 -0.024378 -0.219738 0.809363 0.043984 5.671520 0.609995 -0.973333 13.800487 -0.643518 -1.582220 -10.400963 -0.829255 -1.982061 10.094837 8.144068 -16.354565 -16.525420 70.735272 28.120541 52.589739 18.521933 2.054775 14.797614 -6.452727 1.447723 7.672394 -7.914799 12.404528 -12.354043 -71.370915 -46.239318 59.188220 -33.535675 -6.162224 12.645508 5.621427 -8.655110 -0.839784 -1.221489 -1.144666 -0.973162 -0.603040 5.325771 -1.462152 0.441159 0.000000 0.000000 0.000000 8.904563 -1.605516 4.138461 -1.687796 0.841094 1.279252 -1.393123 -2.358449 -5.117237 0.000000 0.000000 0.000000
-1.967698 0.956870 2.270589 2.150817 2.740480 -0.528875 0.120932 -0.461523 1.811096 -0.026627 -6.030413 0.809520 -0.026563 -0.209981 0.806817 0.042137 5.678837 0.608083 -0.996241 13.827773 -0.625548 -1.632494 -10.350092 -0.786500 -1.974795 10.094930 8.153479 -16.345803 -16.541526 70.742518 28.093135 52.554572 18.489440 2.052188 14.799756 -6.453605 1.466941 7.713850 -7.927353 12.418748 -12.408840 -71.336039 -46.218508 59.380826 -33.578891 -6.180283 12.644962 5.602212 -8.673537 -0.761783 -1.219364 -1.116869 -0.981546 -0.600817 5.319211 -1.467122 0.432941 -0.000000 0.000000 0.000000 8.887132 -1.571579 4.156465 -1.703158 0.912340 1.293697 -1.362441 -2.394691 -5.126101 0.000000 -0.000000 -0.000000
-1.967863 0.956850 2.270613 2.159683 2.664513 -0.534500 0.114290 -0.432346 1.806635 -0.029492 -6.017475 0.807495 -0.029412 -0.197044 0.804501 0.039806 5.688538 0.606348 -1.025267 13.857080 -0.605268 -1.695186 -10.295405 -0.737020 -1.963119 10.097586 8.162201 -16.332991 -16.556601 70.747665 28.067465 52.512920 18.447949 2.045532 14.793900 -6.467980 1.485071 7.751485 -7.937272 12.406446 -12.457265 -71.309928 -46.082962 59.547108 -33.502200 -6.191063 12.651317 5.591194 -8.691803 -0.694482 -1.216038 -1.085699 -0.958314 -0.601419 5.301610 -1.483413 0.424875 -0.000000 0.000000 0.000000 8.854215 -1.545522 4.176562 -1.722820 1.006237 1.307183 -1.321707 -2.434556 -5.133727 -0.000000 0.000000 0.000000
-1.968015 0.956832 2.270606 2.173988 2.580944 -0.540022 0.106903 -0.397043 1.801792 -0.032693 -6.001818 0.805294 -0.032596 -0.181387 0.801975 0.037205 5.700279 0.604457 -1.061187 13.889499 -0.581683 -1.772130 -10.234843 -0.678663 -1.947888 10.101950 8.170322 -16.316827 -16.571676 70.750027 28.039130 52.466479 18.398829 2.036881 14.784123 -6.488590 1.504144 7.788451 -7.945288 12.381541 -12.506689 -71.287875 -45.877356 59.696819 -33.355119 -6.197889 12.660579 5.583867 -8.711386 -0.629351 -1.215442 -1.059748 -0.919719 -0.601390 5.285953 -1.503647 0.419934 -0.000000 -0.000000 -0.000000 8.809596 -1.522959 4.196137 -1.743316 1.117438 1.321034 -1.274617 -2.477963 -5.140012 -0.000000 0.000000 -0.000000
-1.968109 0.956816 2.270592 2.188243 2.489504 -0.542459 0.099795 -0.356572 1.794221 -0.035667 -5.983865 0.801870 -0.035555 -0.163434 0.798250 0.034677 5.713743 0.601663 -1.108840 13.924318 -0.550234 -1.874230 -10.169622 -0.600945 -1.928981 10.106224 8.175980 -16.302955 -16.587437 70.746682 28.017326 52.425497 18.362395 2.030778 14.777268 -6.501922 1.528636 7.827754 -7.950362 12.357569 -12.566176 -71.259950 -45.686880 59.834301 -33.226996 -6.208420 12.666931 5.565835 -8.720764 -0.550699 -1.228550 -1.080650 -0.896034 -0.592707 5.307417 -1.510246 0.430628 -0.000000 -0.000000 0.000000 8.760001 -1.498294 4.207094 -1.761101 1.241662 1.339944 -1.225535 -2.525757 -5.144545 0.000000 0.000000 -0.000000
-1.968123 0.956803 2.270590 2.202453 2.385566 -0.537805 0.092717 -0.308314 1.782557 -0.038473 -5.962454 0.796614 -0.038347 -0.142023 0.792708 0.032131 5.729802 0.597504 -1.171635 13.959045 -0.510105 -2.008212 -10.104272 -0.500991 -1.904285 10.109099 8.177371 -16.294670 -16.604273 70.736210 28.010101 52.393798 18.350939 2.029761 14.776468 -6.502536 1.564092 7.870978 -7.952701 12.337128 -12.644296 -71.222360 -45.536810 59.960473 -33.151141 -6.226082 12.667547 5.528180 -8.699872 -0.448616 -1.266597 -1.185030 -0.896406 -0.567614 5.382527 -1.497037 0.465092 -0.000000 -0.000000 -0.000000 8.700581 -1.465758 4.201621 -1.773110 1.381576 1.370051 -1.172373 -2.579951 -5.148235 -0.000000 0.000000 -0.000000
-1.968079 0.956792 2.270581 2.216589 2.273753 -0.530075 0.085919 -0.254889 1.768165 -0.041050 -5.938748 0.790135 -0.040911 -0.118317 0.785968 0.029662 5.747584 0.592443 -1.246134 13.996244 -0.462121 -2.167216 -10.033973 -0.381782 -1.875916 10.111876 8.176295 -16.288679 -16.621783 70.720027 28.009324 52.367557 18.352104 2.031293 14.778586 -6.495871 1.604981 7.916525 -7.952084 12.317596 -12.732501 -71.178934 -45.402977 60.074682 -33.095270 -6.247479 12.665334 5.479791 -8.668822 -0.332956 -1.318163 -1.336272 -0.911557 -0.533847 5.494767 -1.470188 0.515208 -0.000000 -0.000000 -0.000000 8.636224 -1.431146 4.187448 -1.782314 1.534539 1.405170 -1.117216 -2.638532 -5.150198 0.000000 -0.000000 -0.000000
-1.968004 0.956785 2.270531 2.225131 2.167669 -0.528285 0.081175 -0.205122 1.752784 -0.042653 -5.916660 0.783221 -0.042506 -0.096229 0.778892 0.027896 5.764154 0.587127 -1.326890 14.042813 -0.404221 -2.341674 -9.945827 -0.241732 -1.850095 10.116673 8.176295 -16.280738 -16.639467 70.699466 27.999893 52.345553 18.349217 2.032294 14.781074 -6.484740 1.639180 7.962614 -7.946841 12.304690 -12.814180 -71.131190 -45.297575 60.179243 -33.051485 -6.270072 12.663073 5.432974 -8.676330 -0.217783 -1.360508 -1.466150 -0.944226 -0.506631 5.629743 -1.430641 0.569123 -0.000000 -0.000000 0.000000 8.588251 -1.406204 4.179917 -1.794261 1.688284 1.431588 -1.070694 -2.696321 -5.147297 -0.000000 -0.000000 0.000000
-1.967942 0.956782 2.270430 2.227534 2.071467 -0.538953 0.079629 -0.161938 1.737813 -0.042826 -5.897484 0.776498 -0.042679 -0.077054 0.772151 0.027226 5.778541 0.582062 -1.410854 14.103466 -0.334666 -2.526379 -9.831001 -0.078931 -1.829095 10.126669 8.179255 -16.265327 -16.657995 70.674733 27.974657 52.327356 18.337252 2.032049 14.783399 -6.466633 1.659412 8.012267 -7.934299 12.297862 -12.884731 -71.081916 -45.216427 60.273108 -33.006391 -6.294226 12.661803 5.391474 -8.749515 -0.101916 -1.377960 -1.551468 -1.004463 -0.494817 5.791468 -1.375824 0.619602 -0.000000 -0.000000 -0.000000 8.566484 -1.396158 4.192883 -1.810248 1.839294 1.439672 -1.041293 -2.752374 -5.139249 -0.000000 0.000000 -0.000000
-1.967848 0.956784 2.270289 2.224384 1.980994 -0.555527 0.080154 -0.122414 1.721861 -0.042018 -5.879929 0.769340 -0.041876 -0.059498 0.765074 0.027266 5.791715 0.576743 -1.500992 14.173612 -0.255259 -2.726142 -9.697910 0.104347 -1.810633 10.138680 8.183300 -16.247965 -16.676700 70.645623 27.940801 52.313413 18.321292 2.031286 14.786117 -6.444058 1.672992 8.062467 -7.917145 12.297677 -12.948757 -71.028321 -45.164062 60.357309 -32.973809 -6.319575 12.660433 5.351557 -8.861201 0.013400 -1.386751 -1.615433 -1.082324 -0.489322 5.975947 -1.308365 0.674021 -0.000000 0.000000 -0.000000 8.561041 -1.395774 4.212640 -1.829062 1.991052 1.439126 -1.020547 -2.807649 -5.126292 0.000000 -0.000000 0.000000
-1.967615 0.956791 2.270104 2.211864 1.897402 -0.567404 0.081131 -0.086607 1.702478 -0.040839 -5.864026 0.760652 -0.040703 -0.043595 0.756506 0.027470 5.803651 0.570297 -1.600899 14.246220 -0.169288 -2.946455 -9.559498 0.303356 -1.794105 10.145274 8.186328 -16.240960 -16.693078 70.612871 27.904725 52.303821 18.299820 2.029074 14.788305 -6.427364 1.689655 8.102374 -7.901762 12.311527 -13.003468 -70.963562 -45.165892 60.437259 -32.986826 -6.342483 12.658502 5.314311 -8.978649 0.110302 -1.412087 -1.659435 -1.150631 -0.478657 6.156784 -1.237027 0.742378 -0.000000 -0.000000 0.000000 8.563709 -1.401082 4.213265 -1.852475 2.141784 1.445229 -0.993662 -2.859829 -5.106069 -0.000000 -0.000000 -0.000000
-1.967216 0.956801 2.269883 2.190482 1.822297 -0.569376 0.082005 -0.056266 1.677873 -0.039446 -5.850557 0.749636 -0.039318 -0.030126 0.745632 0.027660 5.813763 0.562111 -1.707285 14.322526 -0.075528 -3.181516 -9.413398 0.519017 -1.779907 10.146370 8.187084 -16.254199 -16.707457 70.579089 27.873016 52.310830 18.277491 2.024854 14.790072 -6.421189 1.714777 8.126842 -7.891775 12.343432 -13.044500 -70.880241 -45.233102 60.507073 -33.061177 -6.358288 12.656904 5.287231 -9.096189 0.190382 -1.465423 -1.677165 -1.216116 -0.455581 6.322245 -1.158776 0.829862 -0.000000 -0.000000 -0.000000 8.576689 -1.411149 4.183472 -1.885447 2.289303 1.465196 -0.957831 -2.906634 -5.077675 0.000000 0.000000 -0.000000
-1.966678 0.956815 2.269618 2.159701 1.754074 -0.566620 0.083322 -0.029656 1.649827 -0.037685 -5.838747 0.737086 -0.037565 -0.018316 0.733260 0.028013 5.822633 0.552794 -1.823425 14.401459 0.024697 -3.436911 -9.261438 0.750063 -1.767658 10.142054 8.186823 -16.277769 -16.719513 70.541661 27.839088 52.322193 18.249607 2.019172 14.791294 -6.420899 1.742935 8.141003 -7.883567 12.389363 -13.076321 -70.785776 -45.355285 60.572487 -33.181867 -6.371643 12.654708 5.262816 -9.219504 0.251842 -1.535200 -1.674989 -1.272008 -0.427458 6.484131 -1.076714 0.931286 0.000000 0.000000 0.000000 8.597877 -1.426926 4.134581 -1.922878 2.435849 1.491736 -0.915863 -2.950359 -5.042037 0.000000 -0.000000 -0.000000
-1.965983 0.956843 2.269283 2.114123 1.689065 -0.564091 0.085100 -0.001613 1.621233 -0.035696 -5.826299 0.724290 -0.035586 -0.005868 0.720667 0.028519 5.831981 0.543309 -1.962836 14.472570 0.124284 -3.735484 -9.122692 0.988595 -1.755611 10.125154 8.187217 -16.294258 -16.725790 70.493492 27.789504 52.301251 18.200633 2.012734 14.790685 -6.422938 1.767643 8.149441 -7.872668 12.444629 -13.109345 -70.695557 -45.525904 60.656313 -33.336287 -6.392929 12.648737 5.219683 -9.332845 0.271695 -1.611731 -1.673224 -1.270831 -0.405070 6.651361 -1.008815 1.040914 0.000000 0.000000 0.000000 8.612654 -1.447288 4.074539 -1.951376 2.586300 1.518304 -0.861395 -2.995555 -4.999579 -0.000000 0.000000 0.000000
