HIERARCHY
ROOT Hips
{
 OFFSET 0.000000 0.000000 0.000000
 CHANNELS 6 Xposition Yposition Zposition Yrotation Xrotation Zrotation
 JOINT Chest
 {
  OFFSET 0.000000 0.108577 -0.012064
  CHANNELS 3 Yrotation Xrotation Zrotation
  JOINT Chest2
  {
   OFFSET 0.000000 0.114566 0.000000
   CHANNELS 3 Yrotation Xrotation Zrotation
   JOINT Chest3
   {
    OFFSET 0.000000 0.104586 0.000080
    CHANNELS 3 Yrotation Xrotation Zrotation
    JOINT Chest4
    {
     OFFSET 0.000000 0.104469 0.000080
     CHANNELS 3 Yrotation Xrotation Zrotation
     JOINT Neck
     {
      OFFSET 0.000000 0.145826 0.000000
      CHANNELS 3 Yrotation Xrotation Zrotation
      JOINT Head
      {
       OFFSET 0.000000 0.094497 0.000047
       CHANNELS 3 Yrotation Xrotation Zrotation
       End Site
       {
        OFFSET 0.000000 0.173326 0.000036
       }
      }
     }
     JOINT RightCollar
     {
      OFFSET -0.031213 0.081695 0.000000
      CHANNELS 3 Yrotation Xrotation Zrotation
      JOINT RightShoulder
      {
       OFFSET -0.143577 0.000000 0.000000
       CHANNELS 3 Yrotation Xrotation Zrotation
       JOINT RightElbow
       {
        OFFSET -0.272032 0.000000 0.000000
        CHANNELS 3 Yrotation Xrotation Zrotation
        JOINT RightWrist
        {
         OFFSET -0.263092 0.000000 0.000091
         CHANNELS 3 Yrotation Xrotation Zrotation
         End Site
         {
          OFFSET -0.190430 0.000000 0.000000
         }
        }
       }
      }
     }
     JOINT LeftCollar
     {
      OFFSET 0.031213 0.081695 0.000000
      CHANNELS 3 Yrotation Xrotation Zrotation
      JOINT LeftShoulder
      {
       OFFSET 0.143577 0.000000 0.000000
       CHANNELS 3 Yrotation Xrotation Zrotation
       JOINT LeftElbow
       {
        OFFSET 0.272032 0.000000 0.000000
        CHANNELS 3 Yrotation Xrotation Zrotation
        JOINT LeftWrist
        {
         OFFSET 0.263092 0.000000 0.000091
         CHANNELS 3 Yrotation Xrotation Zrotation
         End Site
         {
          OFFSET 0.190430 0.000000 0.000000
         }
        }
       }
      }
     }
    }
   }
  }
 }
 JOINT RightHip
 {
  OFFSET -0.088949 -0.000184 0.000020
  CHANNELS 3 Yrotation Xrotation Zrotation
  JOINT RightKnee
  {
   OFFSET 0.000000 -0.415103 -0.000022
   CHANNELS 3 Yrotation Xrotation Zrotation
   JOINT RightAnkle
   {
    OFFSET 0.000000 -0.448133 -0.000277
    CHANNELS 3 Yrotation Xrotation Zrotation
    JOINT RightToe
    {
     OFFSET 0.000000 -0.076810 0.182379
     CHANNELS 3 Yrotation Xrotation Zrotation
     End Site
     {
      OFFSET 0.000000 -0.017923 0.081176
     }
    }
   }
  }
 }
 JOINT LeftHip
 {
  OFFSET 0.088949 -0.000208 0.000023
  CHANNELS 3 Yrotation Xrotation Zrotation
  JOINT LeftKnee
  {
   OFFSET 0.000000 -0.415103 -0.000022
   CHANNELS 3 Yrotation Xrotation Zrotation
   JOINT LeftAnkle
   {
    OFFSET 0.000000 -0.448133 -0.000277
    CHANNELS 3 Yrotation Xrotation Zrotation
    JOINT LeftToe
    {
     OFFSET 0.000000 -0.076810 0.182379
     CHANNELS 3 Yrotation Xrotation Zrotation
     End Site
     {
      OFFSET 0.000000 -0.017923 0.081176
     }
    }
   }
  }
 }
}
MOTION
Frames: 327
Frame Time: 0.016667
-2.794484 0.955473 -0.052086 -0.943285 2.794584 -0.247433 1.597999 0.036497 2.812473 0.582472 -5.799046 1.256287 0.579355 0.021089 1.315415 0.535234 5.852880 0.991752 0.313894 17.199248 -0.824469 0.863489 -4.078966 -1.631858 -0.374116 9.462269 8.267285 -11.613866 -22.533010 72.455547 16.684652 52.630049 9.732228 0.298215 15.481813 -6.801765 2.148789 6.238720 -8.088374 9.480709 -14.647481 -76.117594 -38.759172 65.707014 -29.603251 -6.969164 12.358399 3.403276 -8.542289 2.979558 -0.650099 0.192317 -0.193718 -0.098059 4.804802 -5.194341 -0.673139 -0.000000 0.000000 0.000000 5.261800 -1.495352 -0.004386 -1.338803 6.647198 1.390296 4.133476 -8.377661 -3.852773 -0.000000 -0.000000 -0.000000
-2.790460 0.955186 -0.048681 -0.946925 2.692105 -0.310657 1.573650 0.056594 2.852088 0.569735 -5.790087 1.273897 0.566691 0.030060 1.331731 0.526965 5.859575 1.004056 0.301416 17.250373 -0.807813 0.833940 -3.984471 -1.596142 -0.340713 9.455355 8.285898 -11.900695 -22.519937 72.339316 17.140621 52.341736 10.022888 0.340238 15.446975 -6.837476 2.122019 6.258287 -8.101685 9.265367 -14.734407 -76.100428 -38.247224 65.698228 -29.153736 -6.962839 12.357120 3.393505 -9.042484 2.586401 -0.958701 0.450534 1.082317 -0.045845 5.053051 -5.901709 -0.424876 -0.000940 -0.168377 0.443120 5.149378 -1.139539 -0.152215 -1.413641 6.594267 1.319959 4.343218 -8.449609 -3.575993 0.000304 0.005720 -0.061704
-2.786168 0.954855 -0.045101 -0.937587 2.548886 -0.370229 1.555367 0.108367 2.886931 0.559727 -5.767037 1.289238 0.556755 0.053120 1.346056 0.520560 5.876842 1.014866 0.278108 17.283588 -0.777756 0.780105 -3.923588 -1.532216 -0.289268 9.454122 8.311857 -12.132612 -22.481150 72.154328 17.632181 51.936352 10.330190 0.391789 15.400120 -6.873765 2.092859 6.283201 -8.117933 8.987119 -14.864479 -76.086149 -37.640976 65.663252 -28.605266 -6.939992 12.354715 3.425016 -9.566956 2.067090 -1.308129 0.725549 2.681382 0.032333 5.306077 -6.738582 -0.184708 -0.003678 -0.427865 1.045341 5.012292 -0.718151 -0.319597 -1.516170 6.505881 1.237577 4.582175 -8.469592 -3.211830 0.000394 0.011476 -0.123405
-2.781761 0.954407 -0.041309 -0.936484 2.380365 -0.393689 1.544879 0.179747 2.894255 0.554317 -5.735349 1.292199 0.551403 0.084814 1.348469 0.516663 5.900600 1.016700 0.255954 17.319915 -0.733206 0.723452 -3.857056 -1.441922 -0.238010 9.490417 8.329056 -12.326532 -22.439073 72.007000 18.074899 51.518367 10.535253 0.468622 15.382552 -6.838602 2.061460 6.302972 -8.115658 8.718141 -14.991810 -76.072328 -37.079722 65.578328 -28.048562 -6.911546 12.365031 3.453982 -9.879535 1.326642 -1.716668 0.826033 4.739945 0.139073 5.547556 -7.638703 0.069260 -0.008905 -0.819511 1.432076 4.870784 -0.228036 -0.519164 -1.620910 6.373635 1.134311 4.814781 -8.520682 -2.833963 0.000000 0.000000 0.000000
-2.777172 0.953800 -0.037227 -0.938997 2.187117 -0.359871 1.545784 0.267024 2.863481 0.555625 -5.696689 1.278070 0.552745 0.123472 1.334472 0.516516 5.929603 1.006162 0.231864 17.365862 -0.669943 0.656776 -3.772828 -1.316369 -0.189351 9.588736 8.320360 -12.498005 -22.380467 71.940986 18.468776 51.112326 10.585174 0.586521 15.426637 -6.664236 2.017252 6.316622 -8.081646 8.459721 -15.094013 -76.080902 -36.558899 65.446145 -27.442917 -6.881930 12.400949 3.442801 -9.917315 0.368405 -2.236057 0.754825 7.293044 0.343921 5.779872 -8.828365 0.301086 -0.011782 -1.120936 1.416041 4.727535 0.350166 -0.771594 -1.730361 6.175211 1.005893 5.022914 -8.617186 -2.456036 -0.000757 -0.051610 0.555326
-2.772469 0.953076 -0.032933 -0.950160 1.968572 -0.289891 1.554475 0.373888 2.805270 0.561561 -5.649395 1.251597 0.558701 0.170760 1.308601 0.518907 5.965093 0.986673 0.209097 17.414970 -0.592120 0.587657 -3.682768 -1.164444 -0.140732 9.724544 8.303006 -12.631513 -22.317504 71.913077 18.819986 50.695093 10.537458 0.728852 15.499045 -6.418041 1.970851 6.325241 -8.029059 8.210636 -15.193578 -76.090073 -36.088103 65.264822 -26.833184 -6.846990 12.449728 3.429079 -9.730867 -0.806135 -2.820682 0.528748 10.309970 0.569172 6.003606 -10.080832 0.543547 -0.014514 -1.554373 1.184326 4.577444 0.996362 -1.057354 -1.842746 5.932564 0.857672 5.223297 -8.744382 -2.063937 -0.001640 -0.119987 1.295801
-2.768009 0.952291 -0.028631 -1.005671 1.738491 -0.214421 1.561854 0.499291 2.728564 0.567695 -5.593950 1.216784 0.564864 0.226199 1.274411 0.520806 6.006699 0.960909 0.209186 17.468850 -0.511281 0.559801 -3.583529 -1.014781 -0.102813 9.856096 8.312215 -12.697269 -22.310793 71.899174 19.060672 50.300870 10.445820 0.862182 15.543011 -6.230965 1.954177 6.321436 -7.976008 8.039310 -15.311368 -76.032495 -35.826104 65.006531 -26.436055 -6.804719 12.486844 3.481903 -9.255116 -2.292001 -3.347937 -0.041670 13.831755 0.569194 6.205868 -10.649768 0.926420 -0.022874 -2.828719 0.926436 4.429588 1.654419 -1.328838 -1.925896 5.703263 0.694237 5.430347 -8.941503 -1.689408 -0.002235 -0.153680 1.666085
-2.763870 0.951437 -0.024405 -1.129724 1.479399 -0.136417 1.571013 0.654344 2.631924 0.575433 -5.525406 1.172936 0.572640 0.294735 1.231349 0.523218 6.058130 0.928452 0.242482 17.529347 -0.427943 0.592430 -3.471612 -0.871799 -0.073489 9.972105 8.369298 -12.689175 -22.408695 71.881403 19.156890 49.934166 10.343240 0.974382 15.522840 -6.161342 2.000266 6.284556 -7.931898 7.978393 -15.457875 -75.864071 -35.937105 64.662479 -26.434714 -6.757180 12.503010 3.623245 -8.311089 -4.196738 -3.821182 -1.343641 18.072912 0.127635 6.542778 -10.043421 1.616505 -0.030661 -5.516913 0.632865 4.281270 2.334318 -1.572208 -1.960711 5.498646 0.501030 5.651323 -9.247368 -1.334953 -0.002053 -0.119063 1.295887
-2.759974 0.950523 -0.020172 -1.298235 1.209003 -0.052172 1.578815 0.827619 2.516313 0.583434 -5.448851 1.120547 0.580688 0.371280 1.179772 0.525180 6.115568 0.889565 0.298873 17.594593 -0.341754 0.666757 -3.350663 -0.731379 -0.054399 10.084079 8.452579 -12.613606 -22.563264 71.877484 19.145957 49.591222 10.200199 1.078077 15.474892 -6.150962 2.075932 6.235007 -7.887409 7.994712 -15.622468 -75.629300 -36.239983 64.241868 -26.629443 -6.702947 12.508067 3.831208 -7.067965 -6.404408 -4.270794 -3.083390 22.810664 -0.690539 6.921575 -8.749456 2.420211 -0.026811 -9.049078 0.346021 4.135273 3.025620 -1.803384 -1.966286 5.306493 0.291663 5.876414 -9.623245 -0.997780 -0.001114 -0.050820 0.555398
-2.756442 0.949637 -0.015881 -1.474016 0.993742 0.017345 1.566875 0.984185 2.394121 0.583134 -5.379848 1.065347 0.580467 0.440285 1.124543 0.520690 6.167334 0.847919 0.369103 17.660640 -0.263075 0.769233 -3.228110 -0.609455 -0.061983 10.184584 8.532564 -12.459465 -22.690969 71.916331 19.067578 49.293552 9.977443 1.176843 15.451081 -6.156333 2.114049 6.227289 -7.832453 8.058356 -15.793651 -75.393590 -36.386437 63.746215 -26.673075 -6.634863 12.505895 4.109164 -6.000886 -8.685472 -4.595210 -4.412728 27.433590 -1.607133 6.903672 -7.488247 2.968812 -0.036116 -12.416922 0.331995 4.010920 3.642208 -2.017407 -1.967156 5.149515 0.112021 6.095727 -9.992121 -0.702229 0.000000 0.000000 0.000000
-2.753286 0.948754 -0.011571 -1.655783 0.856017 0.087087 1.528350 1.120147 2.254802 0.572001 -5.320190 1.002676 0.569450 0.499956 1.060745 0.507481 6.212079 0.799807 0.451984 17.720505 -0.193937 0.898328 -3.116892 -0.509395 -0.109140 10.274805 8.606011 -12.137269 -22.773448 72.013702 18.858792 49.014155 9.567750 1.274243 15.480413 -6.139581 2.072524 6.301534 -7.751663 8.200423 -15.987147 -75.179980 -36.339743 63.141906 -26.503476 -6.547412 12.491998 4.486905 -5.186291 -11.057627 -4.757637 -4.990194 32.015368 -2.463121 6.024030 -6.359243 3.146600 -0.120622 -15.771404 0.830243 3.860390 4.139796 -2.240776 -1.931408 5.058323 -0.026749 6.335523 -10.336715 -0.450632 0.000331 0.011252 -0.123425
-2.750495 0.947900 -0.007202 -1.844513 0.773356 0.141586 1.469919 1.239032 2.108747 0.552488 -5.268212 0.937154 0.550078 0.551952 0.993242 0.487751 6.251051 0.748901 0.548663 17.781021 -0.132636 1.055479 -3.004263 -0.428346 -0.182986 10.354256 8.676102 -11.735705 -22.829897 72.152650 18.586379 48.778335 9.081426 1.367095 15.533898 -6.138928 1.994460 6.418791 -7.660890 8.391027 -16.186918 -74.966367 -36.160613 62.462661 -26.206564 -6.448774 12.470342 4.934612 -4.570214 -13.513826 -4.773940 -5.119740 36.496244 -3.249223 4.687326 -5.258508 3.130526 -0.284973 -18.943189 1.651004 3.732502 4.562903 -2.444995 -1.890371 5.002837 -0.136844 6.571239 -10.674129 -0.241499 0.000181 0.005628 -0.061712
-2.748151 0.947237 -0.002607 -2.006054 0.744345 0.113613 1.393819 1.317619 2.000228 0.523541 -5.234035 0.888628 0.521288 0.586155 0.941775 0.462209 6.276661 0.710097 0.653278 17.858951 -0.083874 1.231345 -2.859118 -0.372750 -0.261880 10.412491 8.723083 -11.511211 -22.831602 72.314509 18.478800 48.688129 8.799524 1.448780 15.576258 -6.224981 1.940046 6.514453 -7.596427 8.508564 -16.333035 -74.748786 -35.674766 61.811383 -25.684165 -6.350827 12.456283 5.366319 -4.460870 -15.796764 -4.571915 -4.809343 40.075730 -3.769137 3.699989 -4.611331 2.998624 -0.413411 -20.460958 2.290353 3.793625 4.961015 -2.538389 -1.963103 4.916056 -0.205979 6.718417 -10.978257 -0.092945 -0.000000 0.000000 0.000000
-2.746336 0.946867 0.002271 -2.146879 0.768917 -0.034690 1.302143 1.341912 1.950090 0.485092 -5.223807 0.866430 0.483009 0.596418 0.915674 0.431512 6.284303 0.690438 0.771122 17.974705 -0.052522 1.437056 -2.643431 -0.352991 -0.339834 10.448934 8.745088 -11.556047 -22.770533 72.493197 18.613661 48.781757 8.835689 1.503268 15.591803 -6.501585 1.945426 6.568437 -7.581034 8.440193 -16.394627 -74.493371 -34.714384 61.159495 -24.816304 -6.255453 12.452666 5.784982 -5.321295 -17.842367 -3.973689 -3.646928 42.499482 -3.879084 3.432860 -4.787784 2.655287 -0.397398 -19.346916 2.506241 4.156435 5.346383 -2.470058 -2.212083 4.785877 -0.220614 6.742171 -11.235235 -0.026523 0.000000 0.000000 0.000000
-2.744970 0.946688 0.007375 -2.260757 0.846499 -0.265893 1.192944 1.326978 1.938303 0.437156 -5.230940 0.861540 0.435265 0.589325 0.905919 0.394981 6.278913 0.683121 0.896948 18.107568 -0.033911 1.661304 -2.395624 -0.358803 -0.423375 10.463634 8.744223 -11.777196 -22.651072 72.693963 18.912055 49.022066 9.074782 1.548001 15.595465 -6.864564 1.973649 6.599624 -7.591601 8.298757 -16.400616 -74.233056 -33.487867 60.522934 -23.764368 -6.160188 12.454451 6.187765 -6.749139 -19.689064 -3.076817 -1.936505 44.026560 -3.622568 3.521452 -5.422509 2.164342 -0.291768 -16.596690 2.482115 4.713082 5.704491 -2.286260 -2.574068 4.625602 -0.191707 6.678187 -11.458075 -0.019285 0.000000 -0.000000 0.000000
-2.743895 0.946557 0.012706 -2.294568 0.975173 -0.534140 1.062641 1.293604 1.948008 0.378873 -5.246289 0.866346 0.377212 0.574017 0.904808 0.351385 6.267347 0.682330 1.008941 18.212839 -0.018064 1.860987 -2.199024 -0.365168 -0.509909 10.446319 8.706985 -12.152825 -22.461482 72.915201 19.366707 49.399341 9.453325 1.624659 15.598840 -7.072650 1.974485 6.601464 -7.594909 8.300273 -16.383727 -74.063467 -32.346713 60.077749 -22.813130 -6.066907 12.465726 6.480387 -7.720861 -21.263927 -2.272298 -0.814131 44.613309 -3.204376 3.667635 -5.848540 1.824516 -0.174345 -13.717983 2.248092 5.299633 6.046210 -2.040535 -2.979768 4.406516 -0.142920 6.547612 -11.660758 -0.021802 -0.000000 0.000000 0.000000
-2.743066 0.946486 0.018254 -2.228094 1.177850 -0.837358 0.906966 1.231599 1.981754 0.308272 -5.274411 0.882008 0.306887 0.545937 0.913301 0.299332 6.246179 0.688787 1.099184 18.287646 -0.003189 2.021239 -2.059196 -0.366319 -0.602018 10.384894 8.608556 -12.746510 -22.161678 73.183173 20.063756 49.958447 10.017299 1.753927 15.604534 -7.020489 1.919880 6.572531 -7.574844 8.607570 -16.352515 -74.065036 -31.368054 59.970277 -22.023671 -5.963269 12.492613 6.614934 -7.816522 -22.564399 -1.754946 -0.920252 44.107353 -2.803399 3.744935 -5.917219 1.793489 -0.078798 -11.066360 1.744595 5.957764 6.371587 -1.734293 -3.474848 4.083380 -0.066808 6.327927 -11.830429 -0.021188 0.000000 0.000000 -0.000000
-2.742530 0.946463 0.024028 -2.082737 1.432944 -1.176843 0.729970 1.151844 2.037614 0.227220 -5.310483 0.907603 0.226158 0.509904 0.930667 0.240160 6.219024 0.701937 1.175314 18.335068 0.009322 2.156583 -1.970354 -0.367462 -0.697320 10.290534 8.474563 -13.489357 -21.786424 73.463227 20.939287 50.649008 10.740607 1.913368 15.611433 -6.814048 1.837659 6.514906 -7.546837 9.057328 -16.301576 -74.158153 -30.417403 60.058662 -21.275574 -5.858413 12.530329 6.640065 -7.407084 -23.628529 -1.405650 -1.691542 42.651893 -2.350666 3.862125 -5.779893 1.924325 -0.015092 -8.284422 1.016910 6.648410 6.675212 -1.366610 -4.013643 3.701075 0.030168 6.041728 -11.980107 -0.029653 0.000000 -0.000000 0.000000
-2.742266 0.946298 0.030054 -1.867006 1.672226 -1.511655 0.541024 1.106226 2.091459 0.140826 -5.331485 0.932201 0.140124 0.488930 0.946497 0.176873 6.203151 0.713931 1.238570 18.319540 0.025018 2.267805 -1.998589 -0.359624 -0.785934 10.188446 8.367110 -14.164566 -21.441438 73.669669 21.747387 51.322706 11.436645 2.078747 15.626654 -6.529489 1.761447 6.427601 -7.524911 9.376306 -16.244998 -74.198480 -29.515482 60.096230 -20.568957 -5.785831 12.567844 6.605997 -6.619149 -24.480227 -1.194378 -2.512925 40.641124 -1.747378 4.053212 -5.229092 2.075225 0.001754 -5.804070 0.220191 7.084204 6.968402 -0.987304 -4.390034 3.365678 0.100611 5.777730 -12.162561 -0.035683 0.000000 -0.000000 -0.000000
-2.742284 0.945905 0.036262 -1.584533 1.873421 -1.831455 0.340402 1.116801 2.136923 0.049401 -5.327621 0.952960 0.049092 0.492809 0.957976 0.109471 6.205909 0.722661 1.290250 18.217625 0.046389 2.356852 -2.187490 -0.339123 -0.867605 10.079266 8.303939 -14.706738 -21.169490 73.781526 22.417661 51.955090 12.046908 2.276224 15.664072 -6.126434 1.711213 6.282461 -7.519780 9.445972 -16.172312 -74.129904 -28.634351 59.999290 -19.887052 -5.764722 12.606683 6.507829 -5.260255 -25.129362 -1.200694 -3.527571 38.104174 -0.997639 4.280842 -4.083805 2.229593 -0.027256 -3.688105 -0.761186 7.140870 7.273188 -0.605299 -4.488962 3.074694 0.116310 5.548420 -12.379318 -0.028369 -0.000000 0.000000 -0.000000
-2.742575 0.945370 0.042721 -1.231172 2.059894 -2.146077 0.128540 1.161531 2.180305 -0.047081 -5.308670 0.972786 -0.046980 0.511762 0.968007 0.038158 6.219963 0.730320 1.328398 18.052904 0.071353 2.420683 -2.493302 -0.308727 -0.942867 9.963071 8.267370 -15.185519 -20.932948 73.827302 23.011597 52.575088 12.617299 2.481722 15.711658 -5.645715 1.666540 6.107333 -7.520393 9.385642 -16.092621 -74.008281 -27.816167 59.852914 -19.262898 -5.775644 12.646610 6.349886 -3.507690 -25.564682 -1.357172 -4.653184 34.991268 -0.184045 4.568793 -2.528404 2.451961 -0.083836 -1.852853 -1.781898 6.942519 7.576703 -0.210955 -4.425512 2.830431 0.100584 5.341379 -12.628858 -0.018503 -0.000000 0.000000 0.000000
-2.743094 0.944766 0.049671 -0.802872 2.231557 -2.445197 -0.084759 1.225751 2.216093 -0.143944 -5.281109 0.989251 -0.143440 0.539305 0.974638 -0.033718 6.240459 0.735429 1.349339 17.860343 0.098483 2.452512 -2.851106 -0.269282 -1.003007 9.864844 8.265720 -15.591144 -20.721836 73.803237 23.457217 53.121103 13.094844 2.594350 15.737906 -5.285000 1.600915 5.985194 -7.508565 9.279027 -16.049763 -73.857083 -27.207286 59.666809 -18.793298 -5.794924 12.672990 6.195715 -2.058832 -25.780690 -1.384400 -4.955663 31.581273 0.643857 5.062864 -0.908424 2.753405 -0.115484 -0.508376 -2.261979 6.571949 7.843100 0.174484 -4.338664 2.746103 0.084033 5.208159 -12.959278 -0.027224 0.000000 0.000000 0.000000
-2.743802 0.944144 0.057152 -0.316270 2.406753 -2.714189 -0.295494 1.304984 2.235384 -0.238956 -5.246896 0.998405 -0.238067 0.573487 0.974147 -0.104765 6.265946 0.735184 1.355816 17.625241 0.126169 2.457874 -3.288096 -0.224820 -1.038416 9.797870 8.319240 -15.878190 -20.555381 73.665641 23.708091 53.548946 13.455649 2.555842 15.716590 -5.135871 1.500669 5.962680 -7.476573 9.142518 -16.079293 -73.675323 -26.859450 59.435072 -18.519376 -5.814529 12.673517 6.073514 -1.271796 -25.769888 -1.115398 -3.854321 27.785181 1.487234 5.859308 0.898163 3.205144 -0.081172 0.085957 -1.760522 6.027413 8.075931 0.536025 -4.255310 2.797144 0.060610 5.174699 -13.364889 -0.051346 0.000000 0.000000 -0.000000
-2.744737 0.943452 0.065124 0.245615 2.567696 -2.967260 -0.507560 1.403570 2.247416 -0.334315 -5.204100 1.004397 -0.333053 0.616238 0.970461 -0.176335 6.297865 0.732551 1.344471 17.362436 0.155744 2.429853 -3.776819 -0.171158 -1.058003 9.748827 8.407054 -16.095308 -20.416501 73.461964 23.796479 53.907256 13.710916 2.423196 15.671611 -5.104691 1.380585 5.993589 -7.432164 8.959685 -16.145182 -73.462317 -26.717293 59.169525 -18.395795 -5.842849 12.660089 5.954833 -0.794277 -25.545678 -0.691409 -1.997360 23.693496 2.159946 6.881182 2.724789 3.879233 -0.025306 0.095074 -0.751460 5.308589 8.275896 0.888413 -4.149154 3.008156 0.036742 5.216114 -13.851232 -0.095207 -0.000000 -0.000000 0.000000
-2.745965 0.942610 0.073698 0.937496 2.660826 -3.237994 -0.723017 1.519975 2.273713 -0.431984 -5.153433 1.016857 -0.430367 0.666835 0.973000 -0.249192 6.335652 0.734642 1.303167 17.151251 0.189926 2.344107 -4.170202 -0.097478 -1.081211 9.702652 8.475528 -16.371540 -20.238908 73.323542 23.765091 54.273189 13.858070 2.266550 15.646555 -5.111986 1.256896 6.021640 -7.380592 8.764666 -16.185321 -73.242882 -26.760557 58.908026 -18.382991 -5.880541 12.653851 5.818347 -0.264451 -25.143660 -0.285929 -0.223929 19.876601 2.433163 8.013987 3.797450 4.679495 -0.000000 0.000000 -0.000000 4.498555 8.400236 1.254306 -4.078896 3.565756 0.064561 5.308726 -14.483213 -0.192043 -0.000000 0.000000 0.000000
-2.747590 0.941589 0.082833 1.798153 2.678148 -3.549536 -0.954067 1.658150 2.323759 -0.537876 -5.093226 1.040096 -0.535900 0.726946 0.985487 -0.327471 6.380540 0.744283 1.226280 16.997125 0.233706 2.188413 -4.458074 0.007470 -1.115622 9.645226 8.504062 -16.747349 -19.995297 73.318181 23.584651 54.687901 13.847794 2.090841 15.665878 -5.161196 1.134757 6.004882 -7.316953 8.564168 -16.156422 -73.029264 -26.982186 58.661968 -18.456864 -5.927878 12.667195 5.648562 0.545253 -24.560542 0.076474 1.450566 16.449557 2.215893 9.213575 3.514081 5.276573 -0.001672 0.012779 0.172311 3.524944 8.442792 1.636046 -4.015613 4.501583 0.183369 5.478425 -15.330423 -0.393926 0.001456 0.130993 -0.000360
-2.749509 0.940419 0.092571 2.789700 2.630911 -3.881154 -1.187962 1.813901 2.388527 -0.645879 -5.025285 1.070081 -0.643561 0.794775 1.004510 -0.406861 6.431200 0.758900 1.120252 16.894849 0.282195 1.976249 -4.649765 0.132458 -1.154185 9.590694 8.512894 -17.179135 -19.710445 73.377676 23.274256 55.108435 13.721247 1.889564 15.702727 -5.249594 1.008757 5.984920 -7.246387 8.351777 -16.102668 -72.809797 -27.382042 58.420084 -18.634536 -5.983971 12.687176 5.460868 1.402285 -23.806418 0.445258 3.134349 13.358220 1.639047 10.474140 2.471288 5.769984 -0.002854 0.002500 0.086451 2.455435 8.413388 2.027767 -3.985095 5.784196 0.352814 5.705037 -16.321931 -0.655201 0.002719 0.261987 -0.000655
-2.751475 0.939101 0.103153 3.852261 2.494204 -4.202445 -1.389549 1.972941 2.461339 -0.739987 -4.955783 1.103667 -0.737411 0.864166 1.028540 -0.475525 6.483039 0.777305 0.992290 16.907714 0.323845 1.724518 -4.627524 0.254377 -1.194706 9.566502 8.509849 -17.668765 -19.395360 73.428782 22.955759 55.485885 13.617573 1.717058 15.727963 -5.289658 0.879083 6.030555 -7.189117 8.141396 -16.094126 -72.574641 -27.949402 58.184581 -18.938320 -6.047296 12.696908 5.280278 1.975903 -22.928589 0.752568 4.207964 10.867214 1.040154 11.733993 1.686891 6.707217 -0.000000 0.000000 0.000000 1.581107 8.286266 2.438217 -4.128596 7.504877 0.508452 5.893121 -17.312630 -0.860785 -0.000000 -0.000000 -0.000000
-2.753462 0.937511 0.114730 5.013606 2.277939 -4.510785 -1.561624 2.115903 2.539668 -0.821206 -4.893359 1.139657 -0.818428 0.926473 1.056276 -0.534276 6.529563 0.798492 0.835322 17.079713 0.362076 1.420001 -4.309497 0.381318 -1.241937 9.623120 8.481388 -18.254660 -19.062234 73.486322 22.678553 55.797269 13.588915 1.596200 15.731267 -5.236491 0.703800 6.211165 -7.133272 7.937896 -16.176672 -72.328215 -28.678470 57.936538 -19.371550 -6.113407 12.685649 5.097079 2.176345 -21.931751 0.909294 4.182626 9.030115 0.647771 13.158999 1.525051 8.862633 0.000000 0.000000 0.000000 0.968134 8.091810 2.882944 -4.536827 9.627123 0.651757 6.021682 -18.451436 -1.033405 -0.004096 -0.647148 0.109459
-2.755496 0.935773 0.127151 6.247099 1.972925 -4.814613 -1.701987 2.260734 2.626140 -0.888786 -4.830006 1.179229 -0.885866 0.989718 1.088986 -0.582473 6.576793 0.823439 0.659114 17.366885 0.397195 1.081957 -3.776943 0.508623 -1.290367 9.710666 8.442498 -18.898007 -18.697133 73.536453 22.399486 56.066350 13.591146 1.506234 15.725772 -5.134638 0.526023 6.457298 -7.088234 7.735206 -16.306251 -72.067354 -29.568679 57.688919 -19.928127 -6.185803 12.663443 4.920908 2.094613 -20.794420 1.001595 3.529592 7.725801 0.436125 14.614694 1.588177 11.524857 -0.000000 -0.000000 0.000000 0.543024 7.788329 3.340357 -5.119142 12.186188 0.785057 6.112826 -19.590088 -1.151265 -0.007135 -1.687552 0.217500
-2.757412 0.934270 0.140206 7.411670 1.522763 -5.101814 -1.768120 2.448427 2.722710 -0.924182 -4.747219 1.223116 -0.921291 1.072460 1.129284 -0.606145 6.638689 0.854138 0.495667 17.700472 0.412963 0.774848 -3.157557 0.594561 -1.323115 9.704912 8.441632 -19.488219 -18.274353 73.463895 22.109107 56.315843 13.626312 1.437142 15.719065 -5.030432 0.472342 6.629701 -7.107093 7.530221 -16.419089 -71.771206 -30.620318 57.489353 -20.621104 -6.275694 12.644877 4.805338 1.679745 -19.519481 1.200992 3.046019 6.911407 0.399059 15.630617 1.812860 13.125300 -0.000000 0.000000 -0.000000 0.383712 7.236086 3.760829 -5.749371 15.380504 0.853630 6.126582 -20.140032 -1.024606 0.000211 -3.536965 -0.007460
-2.759255 0.933070 0.154437 8.463983 0.811319 -5.345961 -1.732786 2.717699 2.815067 -0.914793 -4.627575 1.264763 -0.912135 1.192128 1.171879 -0.596283 6.728351 0.886596 0.345629 18.079625 0.403429 0.501973 -2.453384 0.628061 -1.346655 9.476155 8.514672 -20.063317 -17.677110 73.194542 21.892518 56.608852 13.783299 1.398948 15.712601 -4.922891 0.644986 6.622555 -7.234910 7.172740 -16.434735 -71.325195 -31.903534 57.354386 -21.531778 -6.409936 12.636316 4.687193 0.768047 -17.974613 1.566213 3.066234 6.679851 0.590400 15.939603 2.466927 12.714221 -0.000000 -0.000000 0.000000 0.608312 6.493824 4.095964 -6.672949 19.365144 0.838412 6.042749 -20.133290 -0.467511 0.034188 -6.202450 -0.794853
-2.760981 0.932103 0.169303 9.449201 -0.047961 -5.581772 -1.623392 3.028382 2.923129 -0.873617 -4.489112 1.312946 -0.871294 1.330647 1.224230 -0.561972 6.832175 0.926406 0.208741 18.505572 0.378398 0.260075 -1.662076 0.627061 -1.357409 9.151309 8.617672 -20.591207 -17.022112 72.806505 21.672711 56.881769 13.981863 1.382240 15.704864 -4.813448 0.940768 6.546060 -7.430824 6.810654 -16.438470 -70.844786 -33.353322 57.250967 -22.592004 -6.562954 12.630166 4.627880 -0.453993 -16.283233 1.982233 3.255028 6.939370 0.957268 15.774764 3.373656 11.225411 0.000000 -0.000000 0.000000 1.090881 5.496653 4.384897 -7.655667 23.985018 0.765153 5.918542 -19.542669 0.336037 0.142557 -9.670622 -1.939238
-2.762287 0.931541 0.182972 10.359101 -0.766600 -5.881121 -1.479460 3.301747 3.098086 -0.820481 -4.367088 1.390455 -0.818499 1.452750 1.307138 -0.516431 6.923643 0.989229 0.113399 18.912533 0.342348 0.098483 -0.905740 0.591058 -1.320924 8.991776 8.684586 -20.856414 -16.633304 72.415913 21.195056 56.965244 13.972351 1.346075 15.697597 -4.751581 1.176598 6.583093 -7.616252 6.889796 -16.614789 -70.654442 -34.775659 57.159753 -23.600871 -6.673902 12.623755 4.866457 -1.521206 -14.840824 2.389049 3.404699 7.376802 1.292395 15.473019 3.840039 9.920200 -0.000000 -0.000000 0.000000 1.532997 3.922117 4.692720 -7.808459 28.975172 0.777289 5.813313 -17.702326 1.050292 0.403113 -14.303671 -3.211856
-2.763102 0.931452 0.194587 11.157719 -1.224589 -6.315453 -1.294838 3.506360 3.389099 -0.755080 -4.275394 1.519027 -0.753426 1.544549 1.442360 -0.457792 6.992290 1.091465 0.079788 19.284638 0.289544 0.054684 -0.214391 0.504464 -1.202338 9.186432 8.709683 -20.664724 -16.753185 72.026291 20.207185 56.728170 13.603470 1.291318 15.680445 -4.808472 1.277672 6.864754 -7.774776 7.844923 -17.175648 -70.965948 -36.294544 57.198611 -24.713710 -6.718215 12.621646 5.578055 -2.276135 -13.890454 2.854027 3.426346 8.048364 1.520873 15.186633 3.452237 9.294357 0.000000 -0.000000 0.000000 1.637004 1.476033 5.094410 -6.320872 34.492659 1.227032 5.687628 -13.624304 1.723768 0.999064 -21.544681 -4.835941
-2.763498 0.931767 0.205005 11.880150 -1.540024 -6.802618 -1.075858 3.668887 3.743867 -0.677659 -4.201950 1.675427 -0.676299 1.618089 1.606615 -0.387947 7.047194 1.215547 0.085555 19.638597 0.225319 0.086194 0.442724 0.384995 -1.034112 9.548901 8.713566 -20.205600 -17.133932 71.612393 18.999232 56.290716 13.077490 1.213619 15.662172 -4.912606 1.316693 7.258500 -7.913867 9.260265 -17.876213 -71.610176 -37.809628 57.245310 -25.811155 -6.756623 12.619813 6.580964 -2.888281 -13.192229 3.337528 3.406573 8.896537 1.722314 14.826946 2.627215 8.866141 0.000000 -0.000000 0.000000 1.665090 -1.544409 5.493145 -3.626381 40.349579 2.395417 5.634782 -8.328076 2.571827 2.073612 -29.837506 -7.249970
-2.763384 0.932446 0.214975 12.623148 -1.782161 -7.179416 -0.881125 3.800176 4.057299 -0.608757 -4.142211 1.813402 -0.607610 1.677896 1.751574 -0.325842 7.091833 1.325035 0.094844 19.956734 0.167489 0.121874 1.033297 0.276472 -0.880676 9.780299 8.668144 -19.840167 -17.368504 71.268092 18.089704 55.868037 12.627346 1.067784 15.673939 -4.896631 1.332875 7.546495 -7.991911 10.287343 -18.232524 -72.286431 -38.759804 56.953700 -26.234534 -6.846052 12.605494 7.579782 -3.395107 -12.425403 3.660247 3.394482 9.434304 1.925270 14.452903 1.953501 8.435530 0.000000 0.000000 -0.000000 2.190737 -4.580464 5.656885 -0.727105 45.756054 4.220039 5.826433 -4.149640 3.394238 3.175454 -35.075937 -10.024949
-2.762726 0.933495 0.224858 13.414359 -1.991793 -7.398715 -0.721068 3.918096 4.302209 -0.551704 -4.088422 1.921052 -0.550756 1.731749 1.865019 -0.274974 7.132083 1.410740 0.091540 20.223969 0.114797 0.132318 1.529548 0.181431 -0.752504 9.715776 8.518755 -19.714580 -17.233019 71.098841 17.531668 55.552346 12.142637 0.795860 15.744154 -4.593733 1.307310 7.626062 -7.965611 10.454002 -17.965830 -72.921600 -38.568920 55.983994 -25.267270 -6.959045 12.574710 8.555062 -3.863686 -11.417042 3.777560 3.542770 9.418325 2.160551 14.019041 1.650488 7.925940 -0.000000 0.000000 -0.000000 3.566333 -7.517314 5.401868 2.476536 50.612178 7.046187 6.468812 -2.085890 3.981687 3.509672 -35.005011 -12.612857
-2.761558 0.934908 0.234292 14.223695 -2.132810 -7.505640 -0.585544 4.008584 4.503857 -0.503106 -4.046890 2.009580 -0.502329 1.773336 1.958485 -0.231894 7.163172 1.481342 0.091294 20.455135 0.065704 0.146538 1.958839 0.092313 -0.639105 9.524681 8.307635 -19.685443 -16.960190 71.021643 17.226907 55.260658 11.678511 0.466841 15.847827 -4.164467 1.260540 7.595302 -7.886656 10.205730 -17.376292 -73.535186 -37.926550 54.679886 -23.709377 -7.123496 12.529907 9.523041 -4.236300 -10.342721 3.744604 3.696983 9.090522 2.389612 13.561971 1.501684 7.407753 0.000000 0.000000 -0.000000 5.528373 -10.443427 4.810856 6.265567 54.867495 10.833519 7.241344 -1.133561 4.327177 2.907792 -31.931895 -14.249958
-2.759897 0.936623 0.242951 15.061169 -2.161720 -7.476548 -0.502656 4.038816 4.634979 -0.473521 -4.032612 2.067165 -0.472788 1.787625 2.019067 -0.205295 7.173807 1.527069 0.107017 20.676183 0.037360 0.183489 2.369457 0.036326 -0.573922 9.405610 8.148543 -19.684710 -16.828074 70.866489 17.426236 54.956608 11.659063 0.219644 15.932866 -3.936659 1.292443 7.540066 -7.860086 10.059120 -16.877600 -73.919146 -37.958841 53.769583 -22.975120 -7.433801 12.472539 10.246898 -4.365575 -9.403879 3.535758 3.446710 8.693284 2.547377 13.249860 1.443781 6.891679 0.000000 0.000000 -0.000000 7.750721 -13.111887 4.052500 8.932373 58.096751 13.734349 7.416575 -0.540546 4.369727 1.912925 -28.853048 -14.008266
-2.757648 0.938783 0.250486 15.913868 -2.029330 -7.243475 -0.480295 3.977996 4.657237 -0.464095 -4.059419 2.076953 -0.463315 1.760817 2.029816 -0.197288 7.153697 1.535093 0.162156 20.907775 0.049348 0.279869 2.799834 0.042230 -0.573808 9.468824 8.117931 -19.637640 -17.013378 70.493607 18.287509 54.642151 12.342190 0.121691 15.998023 -4.023369 1.494329 7.464112 -7.958715 10.201724 -16.642991 -73.895657 -39.129332 53.556878 -23.722723 -7.933172 12.399507 10.575507 -4.057034 -8.734493 3.072627 2.404902 8.318976 2.602102 13.261893 1.517722 6.327761 -0.000000 -0.000000 -0.000000 10.365908 -15.381591 3.088357 8.240110 60.341592 13.550969 6.386904 -0.109276 3.962209 1.004712 -26.767171 -11.284080
-2.754906 0.941246 0.257245 16.795798 -1.792089 -6.868752 -0.509575 3.860916 4.605270 -0.473208 -4.111751 2.054232 -0.472377 1.708489 2.006182 -0.205684 7.114494 1.517127 0.233770 21.128050 0.081445 0.400162 3.208986 0.080182 -0.622093 9.598578 8.145527 -19.616289 -17.334385 70.031315 19.627829 54.296851 13.430728 0.092532 16.046120 -4.318945 1.774866 7.369168 -8.111371 10.454629 -16.513092 -73.648193 -40.875897 53.725780 -25.209972 -8.543956 12.313085 10.669090 -3.518214 -8.182141 2.440939 0.960129 7.877073 2.611079 13.415970 1.685211 5.761376 -0.000000 -0.000000 -0.000000 13.273970 -17.335435 1.949790 5.019121 61.909696 10.887337 4.717990 0.081474 3.215346 0.343559 -24.699363 -7.218792
-2.751968 0.943530 0.263945 17.756364 -1.562192 -6.525360 -0.594030 3.751568 4.561945 -0.507458 -4.161206 2.035732 -0.506539 1.659001 1.984191 -0.232800 7.077326 1.500463 0.264897 21.299611 0.090386 0.454315 3.527316 0.087902 -0.703188 9.653022 8.127785 -19.776007 -17.532958 69.711971 21.186501 53.857916 14.517544 0.041266 16.029685 -4.827603 1.959244 7.336767 -8.202181 10.793731 -16.384733 -73.511732 -42.631525 54.122867 -26.607417 -9.168318 12.225795 10.760702 -3.201693 -7.532483 1.864034 -0.134504 7.336948 2.640113 13.343383 1.762585 5.348879 0.000000 0.000000 -0.000000 15.738770 -19.143962 0.988535 1.956452 62.988414 7.887365 3.508254 0.352899 2.544545 0.050242 -22.879596 -3.821714
-2.748893 0.945526 0.270879 18.856246 -1.371135 -6.283959 -0.762208 3.669414 4.561344 -0.581472 -4.199402 2.036831 -0.580352 1.620716 1.977750 -0.288507 7.048380 1.495670 0.221947 21.396711 0.050106 0.388332 3.707468 0.027423 -0.839775 9.548431 8.004254 -20.245292 -17.485406 69.699930 22.881841 53.379222 15.404024 -0.066759 15.917322 -5.634337 1.946084 7.424414 -8.153889 11.326247 -16.193243 -73.686473 -44.384124 54.881172 -27.727865 -9.824144 12.131294 10.910345 -3.324709 -6.671518 1.418430 -0.504291 6.604071 2.715224 12.827942 1.678509 5.217378 -0.000000 -0.000000 -0.000000 17.396165 -20.929763 0.382961 -0.151829 63.633512 5.092127 3.253915 0.828852 2.082606 -0.012094 -21.565319 -1.561276
-2.745621 0.947342 0.277753 20.033927 -1.185906 -6.073617 -0.986010 3.593287 4.570067 -0.680780 -4.235428 2.042508 -0.679388 1.584582 1.973348 -0.362976 7.020974 1.492496 0.137542 21.446011 -0.016662 0.254175 3.799139 -0.069376 -1.008677 9.370359 7.831916 -20.896256 -17.320737 69.834499 24.782465 52.807651 16.284867 -0.188242 15.753877 -6.655957 1.836835 7.569230 -8.040056 11.942936 -15.988560 -73.972172 -46.217734 55.874237 -28.814476 -10.489435 12.036367 11.069007 -3.669052 -5.727500 1.029047 -0.528833 5.771650 2.779095 12.090874 1.504302 5.243858 -0.000000 0.000000 -0.000000 18.558684 -22.650912 0.024510 -1.868470 63.803989 2.185669 3.482525 1.313460 1.713901 0.004924 -20.608470 0.196300
-2.742269 0.948818 0.284411 21.153738 -1.018470 -5.858206 -1.184872 3.525278 4.571062 -0.768659 -4.267576 2.044517 -0.767014 1.552337 1.966456 -0.429087 6.996538 1.487423 0.053733 21.489240 -0.080078 0.120099 3.879524 -0.160337 -1.126557 9.232710 7.681774 -21.503955 -17.163865 69.869048 26.822106 51.930780 17.308656 -0.296541 15.601839 -7.642972 1.760198 7.670143 -7.970351 12.299095 -15.837817 -74.103325 -47.602516 56.611051 -29.578882 -11.014526 11.976182 11.294382 -4.028338 -4.866724 0.691666 -0.585267 5.092027 2.772527 11.421852 1.269132 5.211510 0.000000 0.000000 -0.000000 19.485297 -24.285579 -0.146101 -2.171529 63.622858 0.475883 3.834575 1.624726 1.488943 0.027807 -19.758096 1.260628
-2.738941 0.949884 0.290695 22.158211 -0.865668 -5.620846 -1.321237 3.469777 4.558747 -0.828150 -4.293553 2.040055 -0.826324 1.526283 1.955963 -0.474259 6.976845 1.479565 -0.017312 21.534161 -0.132899 0.006410 3.962883 -0.235809 -1.134725 9.196421 7.572431 -22.010050 -17.063690 69.710868 28.983272 50.546695 18.507925 -0.400489 15.477665 -8.574224 1.763118 7.669664 -8.006351 12.160352 -15.758630 -73.930447 -48.185672 56.892278 -29.753624 -11.330945 11.969874 11.585651 -4.321043 -4.175438 0.406633 -0.869223 4.675233 2.675201 10.978934 0.996204 5.023206 -0.000217 0.019066 0.037337 20.212526 -25.850508 -0.088999 -0.188100 63.099381 0.762120 4.237505 1.616001 1.482283 0.023203 -18.892743 1.337455
-2.735533 0.950608 0.296762 23.104755 -0.730256 -5.379905 -1.432738 3.423249 4.539171 -0.876281 -4.315300 2.032126 -0.874302 1.504460 1.943144 -0.511121 6.960366 1.469925 -0.087737 21.572906 -0.182435 -0.107165 4.034752 -0.305553 -1.092586 9.200485 7.486745 -22.475063 -16.969696 69.456099 31.174335 48.840078 19.726862 -0.485079 15.369187 -9.470143 1.798335 7.627941 -8.088772 11.764187 -15.742601 -73.607640 -48.230058 56.944537 -29.521779 -11.510650 11.998256 11.937199 -4.622621 -3.569977 0.166021 -1.183826 4.412613 2.520334 10.603330 0.661801 4.776210 -0.000254 0.038189 0.074645 20.669099 -27.352825 0.201061 3.059777 62.194427 2.123323 4.720620 1.413063 1.610902 0.005490 -18.015559 0.749757
-2.731846 0.951043 0.302923 24.029940 -0.633152 -5.153463 -1.551498 3.376479 4.512533 -0.927268 -4.337207 2.021077 -0.925124 1.482468 1.926913 -0.550368 6.943764 1.457710 -0.151684 21.623387 -0.219608 -0.212605 4.128433 -0.354773 -1.094473 9.174643 7.442129 -22.853424 -16.860292 69.143798 33.240946 47.180553 20.851213 -0.502876 15.281703 -10.144038 1.852834 7.620780 -8.145774 11.476287 -15.827912 -73.325968 -48.070398 56.924920 -29.215769 -11.618992 12.038227 12.390967 -4.961766 -2.959532 -0.047253 -1.315187 4.230856 2.342850 10.109299 0.224412 4.546528 -0.000000 -0.000000 -0.000000 20.965805 -28.739353 0.598884 5.717897 61.003485 3.252306 5.087460 1.301290 1.679344 0.002366 -17.107033 0.220708
-2.727857 0.951173 0.309377 24.961584 -0.591892 -4.952357 -1.689906 3.327760 4.475591 -0.986443 -4.360129 2.005558 -0.984104 1.459445 1.905386 -0.596124 6.926385 1.441510 -0.210076 21.695805 -0.236441 -0.313760 4.262802 -0.368809 -1.180702 9.100621 7.457252 -23.083148 -16.711916 68.759761 35.184940 45.621225 21.888878 -0.421455 15.196704 -10.489091 1.928798 7.686814 -8.140221 11.457983 -16.071119 -73.147195 -47.850120 56.887984 -29.020872 -11.667944 12.077373 13.002644 -5.392024 -2.289399 -0.227844 -1.135007 4.094610 2.144745 9.413145 -0.337940 4.370622 0.000422 -0.158629 -0.342334 21.192320 -30.005362 1.055706 7.071997 59.584117 3.727630 5.191253 1.416971 1.575606 0.008057 -16.389713 0.071080
-2.723589 0.951013 0.315925 25.871351 -0.587869 -4.767861 -1.835532 3.279086 4.431363 -1.048460 -4.383058 1.986816 -1.045916 1.436403 1.880347 -0.644266 6.909001 1.422659 -0.261733 21.779561 -0.240635 -0.406192 4.418254 -0.362006 -1.311091 8.994971 7.512432 -23.225829 -16.548532 68.317156 37.038757 44.111519 22.866683 -0.284545 15.113463 -10.613088 2.024305 7.785862 -8.107306 11.548060 -16.416096 -73.014015 -47.424981 56.783521 -28.751649 -11.653708 12.123643 13.715701 -5.858230 -1.615994 -0.383673 -0.773343 4.042034 1.917005 8.597819 -1.001508 4.217968 0.001902 -0.374864 -0.796485 21.240155 -31.159883 1.643747 7.861049 57.894853 3.958599 5.204096 1.655641 1.415014 0.007879 -15.675690 -0.049933
-2.718911 0.950657 0.322276 26.711595 -0.587628 -4.588267 -1.983235 3.226378 4.389289 -1.111487 -4.407771 1.969012 -1.108730 1.411572 1.856149 -0.693098 6.890275 1.404439 -0.297701 21.861382 -0.246669 -0.469614 4.570252 -0.363049 -1.458942 8.839575 7.566443 -23.418807 -16.423600 67.893057 38.769428 42.870986 23.790048 -0.164342 15.059901 -10.651143 2.120027 7.874705 -8.083098 11.628430 -16.732182 -72.935500 -46.709444 56.606022 -28.192463 -11.616038 12.185930 14.403994 -6.227436 -1.013449 -0.549030 -0.403590 4.110101 1.677682 7.727515 -1.738564 4.065774 0.003253 -0.517202 -1.006881 20.927540 -32.163265 2.418007 8.575988 55.947488 4.032258 5.423607 1.953806 1.377724 0.004612 -14.397172 -0.402276
-2.713873 0.950075 0.328267 27.481297 -0.560389 -4.414963 -2.136590 3.160498 4.355234 -1.177325 -4.438395 1.954744 -1.174327 1.380815 1.835198 -0.743760 6.867087 1.388650 -0.311074 21.931605 -0.255336 -0.491435 4.700714 -0.375168 -1.631450 8.602716 7.610587 -23.713665 -16.364770 67.492447 40.444303 42.037152 24.760519 -0.080418 15.053929 -10.614578 2.210252 7.941613 -8.082646 11.631946 -16.983198 -72.929516 -45.554698 56.316740 -27.149180 -11.559383 12.279345 15.026529 -6.439391 -0.538843 -0.709522 -0.048796 4.334088 1.417403 6.749191 -2.558712 3.887294 0.002503 -0.524708 -0.723317 19.967783 -33.037328 3.513970 9.365723 53.762988 3.898904 6.069464 2.244817 1.618127 -0.025144 -12.115958 -1.281834
-2.708425 0.949298 0.334062 28.181539 -0.536062 -4.246293 -2.292005 3.090306 4.323421 -1.244158 -4.470943 1.941424 -1.240903 1.348122 1.815092 -0.795090 6.842443 1.373486 -0.308919 21.999946 -0.266172 -0.484639 4.827577 -0.395507 -1.821342 8.316263 7.653267 -24.055510 -16.349051 67.106957 42.051026 41.466004 25.750417 -0.013326 15.072063 -10.490459 2.300548 7.998865 -8.091593 11.626283 -17.203085 -72.975475 -44.136821 55.938496 -25.840612 -11.480657 12.389267 15.626419 -6.552684 -0.133197 -0.880161 0.313434 4.679673 1.153314 5.713546 -3.450321 3.715760 0.000768 -0.457350 -0.196194 18.624690 -33.742514 4.829351 10.180975 51.328532 3.699505 6.893955 2.574657 2.032462 -0.092262 -9.238265 -2.319977
-2.702299 0.948509 0.339861 28.767748 -0.572407 -4.066267 -2.433623 3.038574 4.286150 -1.304758 -4.495108 1.925604 -1.301279 1.323823 1.793124 -0.841935 6.824127 1.356933 -0.303380 22.082462 -0.291870 -0.467650 4.980753 -0.443665 -1.979660 8.057973 7.679426 -24.422364 -16.354825 66.793351 43.445314 40.966234 26.584070 0.025533 15.089714 -10.377007 2.388262 8.039894 -8.102939 11.694743 -17.366456 -73.020706 -42.846187 55.563547 -24.660253 -11.402048 12.483558 16.202943 -6.614583 0.305196 -1.137979 0.580116 5.074827 0.944914 4.840806 -4.355534 3.612055 -0.000572 -0.365686 0.179227 17.562376 -34.158398 6.042107 11.124959 48.609339 3.716080 7.497824 3.046834 2.404653 -0.138776 -6.484176 -2.773711
-2.695338 0.947841 0.345749 29.209964 -0.711417 -3.858734 -2.551976 3.024316 4.235240 -1.354653 -4.502328 1.903654 -1.351016 1.316486 1.766112 -0.881222 6.818588 1.336611 -0.299731 22.189554 -0.336206 -0.449065 5.179606 -0.524991 -2.083616 7.860356 7.680684 -24.828384 -16.402575 66.607387 44.549734 40.535364 27.191684 0.035133 15.106327 -10.325109 2.478660 8.055912 -8.115322 11.883135 -17.458876 -73.053369 -41.774428 55.185051 -23.700543 -11.307499 12.551783 16.774683 -6.636780 0.817973 -1.542166 0.683711 5.519585 0.836521 4.253647 -5.265478 3.592540 -0.000929 -0.245840 0.214050 17.214922 -34.194778 6.929937 12.305478 45.474192 4.147618 7.695628 3.732866 2.589921 -0.112419 -3.940379 -2.148331
-2.687699 0.947162 0.351642 29.537339 -0.910283 -3.641255 -2.656597 3.028477 4.179238 -1.398341 -4.501199 1.879397 -1.394577 1.317507 1.737417 -0.916023 6.819341 1.315035 -0.292865 22.310935 -0.395550 -0.420761 5.405012 -0.634233 -2.155470 7.691120 7.666384 -25.260464 -16.471883 66.493897 45.464220 40.193695 27.669276 0.016345 15.125238 -10.284216 2.566512 8.055760 -8.130475 12.144944 -17.494917 -73.082739 -40.818583 54.817813 -22.859935 -11.210715 12.606184 17.322962 -6.610481 1.365238 -2.034354 0.696575 6.009751 0.783762 3.828749 -6.191258 3.632934 -0.000539 -0.102557 0.097112 17.170323 -33.954752 7.697227 13.485696 42.042871 4.630932 7.692274 4.576172 2.703262 -0.048249 -1.595853 -0.943912
-2.679575 0.946267 0.357486 29.794224 -1.099486 -3.448561 -2.760102 3.016754 4.135525 -1.442029 -4.507142 1.860554 -1.438125 1.311455 1.714141 -0.950396 6.814774 1.297526 -0.279289 22.431687 -0.471426 -0.375982 5.629335 -0.775026 -2.213775 7.530809 7.648116 -25.657012 -16.478748 66.343687 46.291446 39.792815 28.065493 -0.040958 15.129973 -10.201811 2.633396 8.059150 -8.145970 12.424495 -17.493553 -73.087927 -40.044137 54.601222 -22.209490 -11.172902 12.650536 17.788919 -6.552760 1.925723 -2.514802 0.724629 6.465296 0.709403 3.417331 -7.105315 3.729966 -0.000000 0.000000 0.000000 16.838842 -33.618911 8.640678 14.316214 38.670432 4.684043 7.682331 5.491632 2.890622 0.000000 -0.000000 -0.000000
-2.671096 0.945097 0.363295 29.998452 -1.250153 -3.293815 -2.867759 2.970241 4.108588 -1.488120 -4.528644 1.849060 -1.484030 1.289836 1.697973 -0.985972 6.798499 1.285325 -0.259095 22.555978 -0.568623 -0.313789 5.860450 -0.955906 -2.264924 7.375577 7.630383 -25.965918 -16.366141 66.130713 46.995707 39.248726 28.320015 -0.156294 15.101523 -10.074652 2.660993 8.088360 -8.148381 12.684897 -17.454650 -73.060704 -39.450001 54.552618 -21.749284 -11.225143 12.682515 18.128127 -6.470367 2.489861 -2.931817 0.824740 6.856319 0.569353 2.944912 -8.000504 3.894177 0.000267 0.027059 -0.013333 15.950462 -33.230210 9.894883 14.887252 35.433886 4.244707 7.804626 6.619469 3.287343 0.004098 0.467472 0.234597
-2.662133 0.943710 0.369054 30.132614 -1.390226 -3.163049 -2.974275 2.907795 4.094015 -1.534195 -4.557271 1.842964 -1.529893 1.261083 1.687200 -1.021097 6.776850 1.277164 -0.232079 22.679557 -0.682519 -0.235221 6.090514 -1.168526 -2.302354 7.229264 7.609141 -26.240175 -16.191836 65.880020 47.613338 38.651278 28.492651 -0.312955 15.059472 -9.908667 2.667491 8.120923 -8.151394 12.962380 -17.378448 -73.008266 -39.020919 54.659928 -21.462398 -11.328775 12.708382 18.384726 -6.355769 3.066256 -3.337757 0.937878 7.212960 0.405963 2.483380 -8.882486 4.115368 0.000165 0.013526 -0.006672 14.793955 -32.722773 11.303550 15.277438 32.253612 3.570178 7.907344 7.820670 3.742872 -0.001025 0.233241 0.118328
-2.652492 0.942085 0.374665 30.188650 -1.535476 -3.049999 -3.076495 2.851782 4.095824 -1.579260 -4.583075 1.844144 -1.574752 1.235157 1.683807 -1.054926 6.757297 1.274582 -0.194167 22.774898 -0.800447 -0.136063 6.268391 -1.391151 -2.325162 7.083866 7.583110 -26.574324 -16.046445 65.557842 48.341117 38.104147 28.800440 -0.466986 15.043512 -9.664315 2.689596 8.109450 -8.192916 13.310934 -17.284844 -72.933036 -38.796358 55.019406 -21.387357 -11.438054 12.744666 18.632831 -6.204071 3.660572 -3.788857 0.994905 7.545144 0.271786 2.103348 -9.742417 4.360759 -0.000000 -0.000000 -0.000000 13.618397 -32.113054 12.722576 15.213694 29.244596 2.793132 7.740294 8.593082 3.939562 0.000000 -0.000000 -0.000000
-2.642120 0.940169 0.380079 30.163261 -1.695961 -2.957321 -3.179811 2.807955 4.119423 -1.626043 -4.603586 1.855084 -1.621339 1.214518 1.690002 -1.089348 6.741666 1.279264 -0.134382 22.837486 -0.916548 0.002113 6.385988 -1.616221 -2.306731 6.927681 7.562283 -27.036738 -15.964278 65.111046 49.316111 37.659242 29.393321 -0.600004 15.077789 -9.298213 2.769460 8.022223 -8.285971 13.745211 -17.171226 -72.855414 -38.771076 55.719585 -21.540409 -11.529070 12.803848 18.909636 -6.041072 4.280398 -4.303046 0.994836 7.851507 0.187674 1.824668 -10.588608 4.614001 0.000000 -0.000000 -0.000000 12.447981 -31.400855 14.159040 14.476354 26.432767 1.897766 7.163590 8.644346 3.630446 -0.000000 -0.000000 0.000000
-2.631070 0.938014 0.385344 30.059831 -1.861182 -2.881734 -3.279111 2.770821 4.159544 -1.671939 -4.621197 1.873375 -1.667047 1.196773 1.703635 -1.122561 6.728171 1.289570 -0.063290 22.871763 -1.036447 0.161755 6.451706 -1.851092 -2.273300 6.772558 7.537432 -27.556739 -15.918583 64.591513 50.393039 37.249958 30.119543 -0.730442 15.136694 -8.852586 2.866507 7.890926 -8.416508 14.249536 -17.040820 -72.752192 -38.976568 56.671297 -21.926754 -11.621239 12.874027 19.180422 -5.842095 4.917372 -4.863708 0.940780 8.133399 0.132263 1.627232 -11.414374 4.888211 0.000000 0.000000 -0.000000 11.272989 -30.578875 15.590863 13.319207 23.734377 0.996318 6.364143 8.236558 3.035234 -0.000000 -0.000000 -0.000000
-2.619301 0.935748 0.390510 29.880216 -2.016139 -2.808109 -3.355476 2.745882 4.204199 -1.707964 -4.633228 1.893598 -1.702926 1.184630 1.720200 -1.148196 6.718886 1.302091 -0.009043 22.863496 -1.164744 0.293664 6.438686 -2.096760 -2.303183 6.645149 7.477966 -28.020365 -15.905299 64.124501 51.343021 36.806753 30.742424 -0.869840 15.185794 -8.415967 2.893306 7.762610 -8.582083 14.832342 -16.922842 -72.560969 -39.518648 57.701548 -22.578905 -11.735314 12.934584 19.411446 -5.527333 5.554881 -5.473753 0.771385 8.405683 0.096343 1.523263 -12.189866 5.192301 -0.000000 -0.000000 -0.000000 10.278316 -29.673498 16.845474 12.118395 21.120999 0.355997 5.559922 7.719393 2.519641 0.000000 -0.000000 -0.000000
-2.606852 0.933399 0.395670 29.614698 -2.171739 -2.745977 -3.405842 2.748348 4.250184 -1.732740 -4.632856 1.914405 -1.727625 1.184926 1.738492 -1.165345 6.718955 1.315948 0.025017 22.796767 -1.297343 0.391353 6.317108 -2.345330 -2.473870 6.555202 7.362344 -28.325226 -15.948675 63.761995 52.069689 36.350932 31.206253 -0.998613 15.208222 -7.985950 2.792049 7.653899 -8.810682 15.527484 -16.848533 -72.245530 -40.407201 58.750683 -23.511214 -11.885434 12.978658 19.594047 -5.046084 6.204186 -6.112417 0.441401 8.687596 0.078205 1.535047 -12.930966 5.522863 0.000425 0.012161 -0.153123 9.492227 -28.679755 17.886011 10.894834 18.606345 0.088805 4.738711 7.205158 2.240018 0.000000 0.000000 -0.000000
-2.593684 0.930939 0.400730 29.273037 -2.316853 -2.685240 -3.433304 2.763308 4.300680 -1.747683 -4.626754 1.937158 -1.742543 1.190985 1.759728 -1.174957 6.723360 1.332039 0.043147 22.686923 -1.437714 0.463586 6.115626 -2.604299 -2.707961 6.490484 7.211440 -28.575035 -16.019422 63.455665 52.674115 35.871624 31.571603 -1.139386 15.223410 -7.566759 2.620716 7.545172 -9.074625 16.301239 -16.788098 -71.843519 -41.703308 59.863123 -24.775471 -12.057546 13.014612 19.739060 -4.449990 6.856514 -6.798029 -0.001968 8.964530 0.082107 1.642333 -13.625271 5.877447 0.000609 0.024339 -0.306246 8.881347 -27.616259 18.754672 9.560743 16.202814 0.064839 3.897682 6.590237 2.056806 0.000000 0.000000 0.000000
-2.579640 0.928408 0.405458 28.886223 -2.403072 -2.581964 -3.427990 2.750911 4.353731 -1.747920 -4.632529 1.960702 -1.742768 1.185207 1.783249 -1.173358 6.718916 1.349775 0.028494 22.566410 -1.602258 0.483864 5.894342 -2.898410 -2.851580 6.445748 7.057837 -28.967078 -16.029729 63.179204 53.225550 35.260638 31.777485 -1.367035 15.254166 -7.259467 2.464525 7.430570 -9.288790 17.060528 -16.677695 -71.403372 -43.607495 61.010982 -26.477515 -12.232356 13.044426 19.841408 -3.814681 7.467036 -7.592823 -0.481856 9.200938 0.108337 1.795447 -14.200375 6.266276 0.000000 -0.000000 -0.000000 8.522162 -26.557893 19.415191 8.302231 13.906601 0.126285 3.230853 5.939318 1.871855 -0.000000 -0.000000 -0.000000
-2.564716 0.925745 0.409737 28.449805 -2.408946 -2.425031 -3.370779 2.700717 4.418761 -1.725300 -4.654679 1.989074 -1.720153 1.163125 1.813917 -1.154055 6.702278 1.372786 -0.043169 22.435977 -1.820035 0.416331 5.654398 -3.273459 -2.804739 6.477539 6.897940 -29.683282 -15.963580 63.017794 53.784321 34.534451 31.769552 -1.746176 15.320386 -7.131362 2.332073 7.331680 -9.417934 17.737631 -16.493063 -70.939129 -46.324737 62.207378 -28.773885 -12.414574 13.069756 19.892114 -3.117289 8.031972 -8.541848 -1.040190 9.365528 0.199243 2.030736 -14.662086 6.721582 0.004910 0.013301 1.136756 8.596648 -25.551067 19.815734 7.115158 11.629600 0.203609 2.836139 5.241325 1.674346 -0.000000 -0.000000 0.000000
-2.548916 0.923012 0.413684 27.968628 -2.354624 -2.226888 -3.280411 2.623589 4.486903 -1.687803 -4.688473 2.018523 -1.682672 1.129446 1.847173 -1.123380 6.676978 1.397671 -0.146659 22.293968 -2.061895 0.298834 5.392572 -3.683574 -2.668419 6.532442 6.735293 -30.543889 -15.836771 62.885161 54.299745 33.676831 31.613366 -2.208485 15.406128 -7.122664 2.214067 7.228735 -9.497651 18.399231 -16.255608 -70.435005 -49.812551 63.370930 -31.656594 -12.602031 13.088442 19.902196 -2.386915 8.558956 -9.603696 -1.634617 9.494999 0.314666 2.317865 -15.008009 7.207375 0.018429 -0.011840 2.732798 8.900333 -24.559876 20.031423 5.980088 9.464766 0.331920 2.613365 4.523004 1.487812 0.000000 -0.000000 -0.000000
-2.532098 0.920439 0.417422 27.487710 -2.253753 -1.979475 -3.203603 2.511167 4.529302 -1.654668 -4.737920 2.036438 -1.649501 1.080098 1.868456 -1.096795 6.639970 1.413458 -0.225834 22.170043 -2.257730 0.212835 5.164086 -4.017068 -2.587800 6.440375 6.613711 -31.203844 -15.618347 62.491146 54.665394 32.531224 31.422733 -2.629290 15.479113 -7.142053 2.169537 7.056604 -9.548492 19.151689 -15.971128 -69.889768 -53.841869 64.329692 -34.931625 -12.765683 13.095623 19.893391 -1.776936 9.016809 -10.713982 -2.064320 9.647287 0.327112 2.510100 -15.149703 7.635182 0.025278 -0.334618 4.133629 8.933783 -23.534473 20.207656 5.063707 7.674772 0.487811 2.458957 3.902724 1.257603 0.000000 -0.000000 0.000000
-2.514196 0.918093 0.421008 27.000886 -2.098439 -1.643721 -3.157245 2.333540 4.518106 -1.631715 -4.816358 2.030340 -1.626406 1.001723 1.864698 -1.079570 6.581273 1.410235 -0.240758 22.118558 -2.377567 0.220535 5.070484 -4.230296 -2.613244 6.086277 6.574079 -31.438978 -15.231930 61.582173 54.793582 30.959111 31.252527 -2.966648 15.534440 -7.180649 2.250336 6.750325 -9.572900 20.080662 -15.577924 -69.277945 -58.479786 65.103794 -38.657401 -12.915896 13.087226 19.860300 -1.272084 9.405987 -11.856496 -2.276219 9.818877 0.150810 2.503856 -15.101324 8.008024 0.007263 -1.014207 4.998988 8.379302 -22.403673 20.430614 4.591062 6.384288 0.627976 2.396029 3.385035 1.174271 0.000000 -0.000000 0.000000
-2.495276 0.915908 0.424384 26.515530 -1.894976 -1.259987 -3.123336 2.119821 4.482309 -1.612707 -4.910831 2.013177 -1.607192 0.907305 1.849469 -1.066070 6.510586 1.398289 -0.233015 22.086347 -2.452115 0.256153 5.012559 -4.367700 -2.691030 5.584094 6.578752 -31.477723 -14.759646 60.409477 54.765882 29.104903 31.054358 -3.260775 15.574575 -7.245233 2.405737 6.376845 -9.566757 21.094112 -15.144892 -68.609878 -63.584910 65.595175 -42.702250 -13.044707 13.065803 19.805363 -0.888384 9.720704 -13.050902 -2.328475 10.002976 -0.133763 2.413947 -14.842756 8.325468 -0.039750 -1.987679 5.671663 7.558429 -21.242075 20.591646 4.317639 5.474906 0.749996 2.389034 2.968912 1.043341 -0.000000 0.000000 -0.000000
-2.475395 0.913909 0.427499 26.096123 -1.680413 -0.938315 -3.097398 1.950264 4.477377 -1.599224 -4.985914 2.010038 -1.593532 0.832264 1.847696 -1.055765 6.454357 1.396592 -0.268181 21.941976 -2.501732 0.210369 4.744700 -4.449355 -2.808714 5.104696 6.552555 -31.647474 -14.416631 59.434033 54.723736 27.236026 30.781045 -3.515794 15.577857 -7.264545 2.540599 6.068485 -9.541592 22.035184 -14.870712 -67.949443 -68.303033 65.540725 -46.289936 -13.094234 13.037650 19.756727 -0.819026 9.908418 -14.285133 -2.185555 10.244385 -0.408810 2.426323 -14.235482 8.492565 -0.125875 -3.326962 6.523674 6.930632 -20.219350 20.552153 3.705465 4.846975 0.899677 2.253676 2.721044 0.225511 0.000000 -0.000000 0.000000
-2.454457 0.912144 0.430511 25.771983 -1.512707 -0.720623 -3.084732 1.870256 4.516691 -1.594726 -5.021542 2.027140 -1.588948 0.796654 1.865255 -1.050912 6.427588 1.409678 -0.364863 21.629362 -2.528605 0.052456 4.161728 -4.475016 -2.991334 4.681705 6.438106 -32.125165 -14.273036 58.898247 54.687099 25.481795 30.422963 -3.728712 15.519765 -7.147942 2.621702 5.900773 -9.506583 22.930264 -14.858694 -67.329081 -71.792083 64.750303 -48.614930 -13.046850 13.010669 19.645310 -1.293242 9.995587 -15.610062 -1.740821 10.486960 -0.614904 2.724864 -13.229648 8.501188 -0.266697 -5.079442 7.643986 6.608911 -19.318110 20.288532 2.364443 4.537603 1.137886 1.821506 2.438028 -1.673168 0.000000 0.000000 -0.000000
-2.432557 0.910564 0.433261 25.512868 -1.336427 -0.564019 -3.081129 1.834766 4.585504 -1.596158 -5.037621 2.057657 -1.590336 0.780574 1.895630 -1.049625 6.415389 1.432534 -0.501689 21.204068 -2.527610 -0.182465 3.367459 -4.439762 -3.213765 4.279561 6.293199 -32.727755 -14.257504 58.560323 54.641882 23.708904 29.999440 -3.913652 15.425169 -6.987205 2.680712 5.797804 -9.454352 23.759352 -14.999406 -66.734475 -74.493729 63.538336 -50.105137 -12.919914 12.981581 19.535764 -2.070426 9.928679 -16.967876 -1.098229 10.773309 -0.817402 3.138354 -11.883764 8.355444 -0.483474 -7.191157 8.958648 6.467202 -18.557312 19.848713 0.684712 4.526707 1.391044 1.234937 2.190592 -4.258312 -0.000000 0.000000 0.000000
-2.410036 0.909046 0.435227 25.293586 -1.019987 -0.451513 -3.068401 1.789087 4.696296 -1.595469 -5.058365 2.106808 -1.589597 0.759824 1.944850 -1.045308 6.399601 1.469584 -0.682527 20.701294 -2.507084 -0.501966 2.428130 -4.355174 -3.390248 3.966615 6.211517 -33.238760 -14.378248 58.156660 54.682868 21.786524 29.499847 -4.089570 15.346960 -6.982092 2.720007 5.664096 -9.372430 24.299882 -15.164657 -66.169875 -77.420847 62.422108 -51.757155 -12.706182 12.941814 19.653466 -2.631533 9.551615 -18.176654 -0.530621 11.303749 -1.080987 3.313631 -10.216813 7.978445 -0.803179 -9.572855 10.608918 6.601101 -18.157092 19.222908 -0.703632 4.613884 1.512854 0.750336 2.514302 -7.037320 -0.000000 -0.000000 0.000000
-2.386425 0.907332 0.436105 25.100984 -0.455750 -0.405956 -3.016143 1.668356 4.897245 -1.580752 -5.112493 2.195662 -1.574778 0.705724 2.035173 -1.027228 6.358654 1.537462 -0.929346 20.117494 -2.493816 -0.938762 1.336952 -4.262135 -3.422495 3.739197 6.220915 -33.588975 -14.547789 57.413691 54.877478 19.531933 28.849101 -4.259554 15.316101 -7.250857 2.813557 5.384319 -9.260218 24.436874 -15.189770 -65.660608 -80.986511 61.547479 -53.913401 -12.350263 12.884750 20.117775 -2.710001 8.816509 -19.228154 -0.092857 12.107370 -1.336186 3.162423 -8.108255 7.225189 -1.321288 -12.513566 12.768586 7.161004 -18.171136 18.363277 -1.571780 4.457677 1.391547 0.504979 4.222084 -10.370559 0.000000 0.000000 -0.000000
-2.362193 0.905680 0.436197 24.947747 0.247945 -0.405570 -2.952710 1.537457 5.139525 -1.562869 -5.171118 2.302944 -1.556803 0.647148 2.144254 -1.005335 6.314274 1.619467 -1.215982 19.454676 -2.457378 -1.455911 0.098416 -4.111610 -3.410515 3.603411 6.289891 -33.852292 -14.850498 56.612832 55.171552 17.126220 28.113233 -4.396490 15.302857 -7.666374 2.889657 5.073914 -9.118962 24.286424 -15.237977 -65.182821 -84.797354 60.731378 -56.217544 -11.885801 12.824970 20.799710 -2.566545 7.796475 -20.135042 0.282801 13.162719 -1.640565 2.747691 -5.664632 6.244991 -2.044707 -15.677204 15.348959 8.003511 -18.529094 17.307010 -2.156183 4.383710 1.122510 0.241803 6.614761 -13.946666 0.000000 0.000000 -0.000000
-2.339086 0.904736 0.435890 24.848990 0.899407 -0.366009 -2.949109 1.536418 5.291481 -1.568678 -5.172198 2.370797 -1.562618 0.646067 2.211562 -1.004619 6.313131 1.670285 -1.477488 18.758853 -2.319250 -1.963777 -1.199657 -3.777635 -3.567428 3.642378 6.424714 -34.022464 -15.552441 56.328216 55.466370 14.985010 27.488926 -4.468664 15.266956 -8.057513 2.730759 4.982193 -8.934044 23.976265 -15.669077 -64.657869 -88.688421 59.964458 -58.620274 -11.436122 12.781595 21.552461 -2.468849 6.531452 -20.740796 0.497426 14.605762 -2.254876 1.954921 -3.243196 5.376968 -2.729306 -18.028731 18.062649 8.794750 -19.270340 16.172418 -2.515755 5.174349 0.866064 -0.242331 8.047117 -16.273571 -0.000000 -0.000000 -0.000000
-2.317563 0.904580 0.435193 24.925282 1.431810 -0.209008 -3.065449 1.747511 5.272517 -1.622017 -5.079600 2.363722 -1.616050 0.738524 2.199116 -1.045937 6.382349 1.661433 -1.676123 17.990498 -1.990703 -2.424645 -2.629123 -3.106859 -4.137501 3.985612 6.674387 -34.189848 -17.071233 56.887026 55.700086 13.320921 27.223165 -4.422038 15.212355 -8.235133 2.145786 5.320204 -8.686367 23.740542 -16.873690 -64.063198 -93.191870 59.271776 -61.675214 -10.976060 12.754276 22.423711 -2.564320 4.974292 -20.927100 0.416559 16.713872 -3.597684 0.278287 -0.585514 4.762127 -3.136259 -19.156078 21.126419 9.325649 -20.722675 14.933276 -2.483820 7.667433 0.712022 -1.066797 7.598873 -16.420157 -0.000000 -0.000000 -0.000000
-2.297165 0.905132 0.434096 25.057760 1.911524 -0.009806 -3.246478 2.087539 5.164978 -1.701150 -4.929983 2.318058 -1.695323 0.887905 2.145397 -1.109873 6.494364 1.621705 -1.851876 17.196721 -1.552909 -2.890274 -4.101562 -2.233382 -4.866282 4.512731 6.994656 -34.310540 -18.957574 58.014228 55.909959 11.922625 27.063079 -4.319168 15.130147 -8.383401 1.333183 5.883885 -8.389235 23.362437 -18.449989 -63.369908 -97.804401 58.596618 -64.823062 -10.492482 12.747126 23.360058 -2.706893 3.171895 -20.809858 0.097227 19.195480 -5.308316 -1.755267 2.062887 4.189923 -3.174819 -19.413261 24.164191 9.859138 -22.557341 13.590542 -2.172645 11.015993 0.638161 -1.983283 6.240685 -15.245858 -0.000000 -0.000000 -0.000000
-2.278261 0.906800 0.432956 24.901715 2.348662 0.082121 -3.388866 2.448875 5.079553 -1.764244 -4.770505 2.282432 -1.758644 1.047183 2.103331 -1.160945 6.613807 1.590806 -2.058627 16.554366 -1.181966 -3.401631 -5.288954 -1.465823 -5.229078 4.921790 7.247954 -34.111437 -20.203509 59.302188 56.188134 10.569320 26.468296 -4.293813 14.967164 -8.896277 0.652865 6.296533 -8.074911 22.270051 -19.566346 -62.470301 -100.922870 58.003231 -66.493765 -10.166101 12.781539 24.084123 -2.724423 1.301398 -20.566696 -0.221662 21.345987 -6.459535 -2.750197 3.529544 3.548728 -2.906019 -19.085362 25.979669 10.720541 -23.840168 12.338786 -2.095360 13.482687 0.537403 -2.536451 5.118624 -13.969989 0.000000 -0.000000 -0.000000
-2.261081 0.909973 0.431853 24.295998 2.702081 0.008297 -3.445593 2.821691 5.034770 -1.791364 -4.605148 2.264729 -1.786205 1.212468 2.082881 -1.183611 6.737789 1.576245 -2.371407 16.143228 -0.937665 -4.072497 -6.043404 -0.892551 -4.893248 5.038083 7.358729 -33.386455 -20.263346 60.746163 56.486022 9.037839 24.900305 -4.497294 14.620516 -10.276871 0.222175 6.351985 -7.753113 19.932256 -19.749072 -61.135254 -101.739353 57.660533 -65.859410 -10.147593 12.882234 24.499972 -2.578846 -0.673810 -20.283338 -0.865670 23.118534 -6.756071 -1.734788 3.038774 2.499123 -2.398574 -18.004087 26.375002 12.374796 -24.135069 11.152108 -2.859308 14.271456 0.228650 -2.479518 4.652283 -12.980334 0.000000 0.000000 -0.000000
-2.245394 0.914262 0.430707 23.398820 3.010499 -0.178877 -3.460707 3.216040 5.004674 -1.800923 -4.429858 2.253457 -1.796319 1.387734 2.070629 -1.192611 6.869271 1.567888 -2.715367 15.883476 -0.760655 -4.780820 -6.513870 -0.431538 -4.203918 5.024143 7.386559 -32.247648 -19.741721 62.270890 56.977695 7.569910 22.910191 -4.724132 14.208362 -12.021652 -0.081048 6.257758 -7.411095 16.886309 -19.408598 -59.630426 -101.277510 57.579256 -64.018645 -10.325700 13.022166 24.734934 -2.329550 -2.712751 -19.853882 -1.474401 24.587131 -6.500046 0.366436 1.406742 1.432564 -1.789762 -16.426236 25.657512 14.292995 -23.878180 10.096231 -3.919620 14.193240 -0.172081 -2.050403 4.396017 -11.926553 -0.000000 -0.000000 -0.000000
-2.230876 0.918908 0.429640 22.342302 3.404125 -0.467830 -3.462702 3.556089 5.033133 -1.806997 -4.278940 2.267862 -1.802829 1.538610 2.084385 -1.196864 6.982325 1.579024 -2.921379 15.705641 -0.656111 -5.206394 -6.835816 -0.155383 -3.662644 5.077148 7.400582 -30.869647 -19.359940 63.291710 57.995409 6.665898 21.564550 -4.649105 14.015727 -13.022735 -0.263342 6.249807 -7.055507 14.112800 -19.123624 -58.564626 -100.732223 57.656015 -62.369194 -10.523333 13.138852 24.850887 -1.950859 -4.519989 -19.175437 -0.652246 25.260354 -5.465560 2.016012 -0.230299 1.418964 -1.455254 -15.315461 23.461251 15.273772 -23.478206 9.518714 -4.112938 13.914668 -0.453266 -1.507745 4.194826 -10.942426 0.000000 -0.000000 -0.000000
-2.217618 0.923869 0.428670 21.129690 3.965179 -0.915898 -3.445415 3.805585 5.176949 -1.809607 -4.168745 2.332974 -1.805723 1.648755 2.149196 -1.194496 7.064570 1.628523 -2.908179 15.587030 -0.682759 -5.174339 -7.057796 -0.205436 -3.512770 5.265237 7.441495 -29.187800 -19.411266 63.390485 59.620924 6.526314 21.420684 -4.211099 14.181300 -12.837936 -0.256552 6.412560 -6.683662 11.767362 -19.147732 -58.174340 -100.331007 57.949757 -61.287140 -10.714524 13.197992 24.856997 -1.378240 -5.826268 -18.139182 3.574943 24.324565 -2.865447 2.468656 -1.757989 3.713893 -1.572565 -15.583523 18.224293 14.421786 -23.065841 9.772548 -2.659378 13.657294 -0.561664 -0.854389 3.991061 -10.064329 0.000000 -0.000000 0.000000
-2.205528 0.929186 0.427780 19.751724 4.601178 -1.476757 -3.410970 4.005882 5.380777 -1.807502 -4.080466 2.424387 -1.803921 1.737037 2.240819 -1.186629 7.130316 1.698195 -2.763644 15.542103 -0.796616 -4.863932 -7.148458 -0.469275 -3.510534 5.523800 7.473260 -27.302946 -19.573871 62.975944 61.674560 6.927801 21.893283 -3.501474 14.526096 -11.916264 -0.129333 6.661210 -6.312974 9.654992 -19.340652 -58.181261 -99.821296 58.326307 -60.393815 -10.946111 13.221038 24.743260 -0.674983 -6.897904 -16.871661 9.097314 22.381713 0.381197 2.230211 -3.611065 6.953434 -1.337393 -15.977513 11.259805 12.665355 -22.482290 10.491954 -0.350053 13.156238 -0.590802 -0.088027 3.842148 -9.255592 -0.000000 0.000000 -0.000000
-2.194006 0.934226 0.427039 18.325266 5.187518 -1.979693 -3.403232 4.195458 5.523550 -1.814113 -3.996815 2.488777 -1.810857 1.820712 2.304549 -1.187416 7.192741 1.746817 -2.570336 15.559421 -0.848595 -4.483928 -7.121724 -0.637841 -3.424138 5.853958 7.454791 -25.669023 -19.619757 62.708004 63.994528 7.748838 22.337214 -2.481340 14.845403 -10.499079 -0.092345 6.976326 -5.984476 8.196091 -19.737414 -58.356325 -99.713636 58.403393 -59.951116 -11.146922 13.225334 24.525916 -0.015690 -8.241078 -15.622163 11.530691 21.449898 2.480830 1.875111 -5.073613 8.519426 -0.804826 -14.849595 6.918735 11.538900 -21.778692 10.924399 1.629837 12.356328 -0.565731 0.538602 3.777504 -8.535038 -0.000000 -0.000000 -0.000000
-2.182963 0.938853 0.426468 16.908292 5.667500 -2.373221 -3.464946 4.405780 5.571772 -1.846700 -3.904281 2.511862 -1.843667 1.913175 2.324368 -1.210817 7.261883 1.762410 -2.331241 15.669107 -0.769132 -4.065331 -6.920110 -0.580406 -3.101073 6.353941 7.322795 -24.367220 -19.445441 62.894389 66.719310 9.225686 22.381021 -0.852238 15.072892 -8.286891 -0.268990 7.443827 -5.682930 7.925786 -20.491931 -58.835048 -100.669865 57.983176 -60.461470 -11.297860 13.211255 24.179063 0.745649 -10.219294 -14.462578 7.869470 23.071309 2.508794 1.668545 -5.617284 6.679788 -0.468697 -11.006587 8.220966 11.705203 -21.003293 10.755229 2.809477 11.178869 -0.434668 0.849766 3.836387 -7.923442 0.000000 -0.000000 -0.000000
-2.172487 0.943203 0.426047 15.446689 6.103238 -2.704612 -3.557462 4.601004 5.559401 -1.889470 -3.818561 2.508216 -1.886602 1.998747 2.316392 -1.243820 7.325940 1.756982 -2.041859 15.846845 -0.633678 -3.573012 -6.591258 -0.437993 -2.698783 6.920173 7.129145 -23.304931 -19.157409 63.235142 69.709621 11.130772 22.457231 1.177437 15.166826 -5.629333 -0.538359 7.978137 -5.432460 8.325405 -21.436348 -59.516707 -102.002622 57.241985 -61.365564 -11.424143 13.159335 23.723268 1.434778 -12.465423 -13.297792 0.998145 25.671372 0.969645 1.483667 -5.964297 3.336002 0.236785 -5.715093 11.577032 12.472156 -20.156842 10.302870 3.651143 9.723845 -0.241152 1.022011 3.985308 -7.395429 0.000000 -0.000000 0.000000
-2.162240 0.947039 0.425781 13.893515 6.557054 -2.947546 -3.606386 4.712987 5.468246 -1.907650 -3.768882 2.468605 -1.904982 2.048336 2.274855 -1.260849 7.363267 1.725859 -1.770122 16.001368 -0.502591 -3.112751 -6.305347 -0.295833 -2.443748 7.253854 7.017283 -22.682556 -18.840947 63.502499 72.412564 12.622106 23.106905 2.734466 15.102335 -3.696233 -0.746834 8.295650 -5.315346 8.224027 -22.089428 -59.802383 -102.315478 56.416400 -61.412410 -11.515787 13.062649 23.241929 1.395218 -14.360844 -12.074967 -3.959905 27.153932 -0.514582 1.675654 -6.212731 1.486317 0.838685 -2.372617 12.664722 13.313825 -19.293919 9.770881 4.381019 8.224882 -0.125926 1.331263 4.142679 -6.899572 -0.000000 -0.000000 0.000000
-2.152120 0.950212 0.425653 12.286502 7.049292 -3.063388 -3.589343 4.686823 5.264562 -1.888647 -3.779102 2.377659 -1.886058 2.038186 2.185798 -1.253240 7.356201 1.658400 -1.558246 16.138508 -0.380022 -2.760756 -6.050887 -0.147037 -2.476001 7.175709 7.104576 -22.774423 -18.514517 63.607955 74.627598 13.223840 24.722945 3.285843 14.951397 -2.967590 -0.847064 8.226811 -5.373915 6.805765 -22.120278 -59.235347 -100.510415 55.493755 -59.591449 -11.552140 12.885433 22.690099 0.156490 -15.581687 -10.763656 -4.357173 27.049096 -0.509647 2.494013 -5.609743 2.719754 0.391232 -3.746346 9.933996 14.000767 -18.393590 9.208247 5.171636 6.705741 -0.141008 1.787950 4.295461 -6.414841 0.000000 0.000000 -0.000000
-2.142231 0.952872 0.425680 10.589535 7.567470 -3.094911 -3.530857 4.570001 4.988846 -1.846078 -3.828733 2.253904 -1.843348 1.988713 2.066410 -1.229836 7.319875 1.567795 -1.363741 16.251418 -0.257313 -2.441604 -5.841274 0.009207 -2.650438 6.876526 7.301018 -23.317791 -18.155221 63.642605 76.551532 13.321774 26.873152 3.259093 14.773594 -2.897251 -0.887796 7.927891 -5.541046 4.897896 -21.787275 -58.316582 -97.897344 54.429922 -57.050110 -11.544324 12.658184 22.118914 -1.785805 -16.386655 -9.349414 -2.509184 26.184409 0.166939 3.676120 -4.426174 5.377994 -0.129045 -7.531019 5.632895 14.751697 -17.477282 8.562606 5.857942 5.145395 -0.218733 2.381820 4.452828 -5.960701 -0.000000 0.000000 -0.000000
-2.132540 0.955235 0.425924 8.642743 8.121234 -3.143937 -3.426708 4.449697 4.733147 -1.784341 -3.879676 2.138521 -1.781478 1.937943 1.957304 -1.191307 7.282528 1.484890 -1.127753 16.226716 -0.167964 -2.035972 -5.888786 0.091503 -2.758323 6.609695 7.441880 -23.721139 -17.777167 63.665719 78.271654 13.368722 28.830324 3.138803 14.628389 -3.061739 -0.859824 7.602330 -5.727468 3.747426 -21.577604 -57.799159 -96.568502 53.553527 -55.712548 -11.537221 12.497341 21.747658 -3.626719 -17.021443 -7.797826 -0.226928 24.908064 0.697233 4.854062 -3.575031 7.524390 -0.125696 -9.969973 1.962036 15.726806 -16.662086 7.876369 6.169721 3.710012 -0.295740 3.357142 4.560291 -5.546467 -0.000000 0.000000 -0.000000
-2.122942 0.957393 0.426617 6.310187 8.746544 -3.264588 -3.233343 4.332831 4.540617 -1.686609 -3.928731 2.050320 -1.683764 1.889119 1.878953 -1.123711 7.246542 1.425097 -0.809162 15.978204 -0.124310 -1.461946 -6.353158 0.061595 -2.713009 6.443510 7.433498 -23.878480 -17.336729 63.721768 79.846631 13.545787 30.390441 3.045450 14.538542 -3.499742 -0.656423 7.265000 -5.940306 3.926652 -21.793579 -58.018770 -97.688727 53.126647 -56.767325 -11.566880 12.499992 21.682495 -5.422147 -17.426719 -5.897092 2.638999 22.903500 0.729120 5.941003 -3.469819 8.312204 -0.003974 -9.267143 -0.407811 17.125999 -15.955219 7.120636 5.728439 2.350088 -0.320270 5.039992 4.647107 -5.181253 0.000000 0.000000 0.000000
-2.113543 0.959254 0.427527 3.724028 9.402452 -3.417524 -2.994078 4.213921 4.366565 -1.569527 -3.978405 1.970108 -1.566757 1.839774 1.810620 -1.040924 7.210188 1.372877 -0.445282 15.591290 -0.100857 -0.794145 -7.073585 -0.024255 -2.599477 6.300865 7.364845 -23.896661 -16.873294 63.768569 81.227038 13.724472 31.755184 2.859569 14.477145 -4.170655 -0.382271 6.899114 -6.170812 4.850688 -22.194976 -58.606514 -99.880760 52.873933 -58.920107 -11.596776 12.598564 21.803971 -7.085852 -17.610182 -3.893884 5.963827 20.508520 0.578674 7.025289 -3.731980 8.607030 0.036143 -7.087659 -2.103339 18.749746 -15.342558 6.316486 4.918270 1.128138 -0.282802 7.103575 4.676061 -4.859514 -0.000000 -0.000000 -0.000000
-2.104631 0.960751 0.428011 1.127467 9.981993 -3.556343 -2.836162 4.161824 4.166577 -1.487894 -3.999034 1.879619 -1.485203 1.819443 1.728511 -0.985785 7.195577 1.310560 -0.096203 15.209746 -0.075913 -0.151554 -7.782530 -0.106032 -2.463830 6.212151 7.332868 -23.507800 -16.515005 63.759409 82.390588 13.915724 32.819527 2.706965 14.425505 -4.537629 -0.349307 6.665106 -6.316785 5.991485 -22.528759 -59.190829 -101.251308 52.520173 -60.231152 -11.572881 12.669190 21.988308 -7.645091 -18.048666 -2.422388 7.547751 18.951149 0.604378 7.961246 -4.012572 8.993843 0.041724 -4.929439 -2.874108 20.172666 -14.913786 5.589181 4.615858 0.369100 -0.240056 8.810009 4.497625 -4.575428 0.000000 -0.000000 0.000000
-2.096405 0.961780 0.427360 -1.385164 10.472507 -3.655051 -2.839195 4.227022 3.905865 -1.475655 -3.968731 1.764028 -1.473043 1.849861 1.614243 -0.985155 7.218949 1.224349 0.218186 14.836250 -0.033852 0.421411 -8.475711 -0.146137 -2.314030 6.211782 7.383177 -22.388727 -16.305430 63.643180 83.300093 14.109588 33.389018 2.636751 14.384979 -4.372641 -0.814761 6.689861 -6.310657 7.472173 -22.761558 -59.716583 -101.252645 51.965499 -59.995054 -11.451871 12.660621 22.294816 -6.033724 -19.270422 -1.973268 6.038881 19.001384 1.086351 8.769826 -4.273314 9.869054 0.059233 -3.121977 -2.334434 21.085671 -14.864646 5.035381 5.412047 0.404811 -0.262938 9.764863 3.991989 -4.346552 -0.000000 -0.000000 -0.000000
-2.088666 0.962445 0.426283 -3.905268 10.891390 -3.728316 -2.926930 4.351756 3.612733 -1.499790 -3.912575 1.634921 -1.497279 1.905948 1.482661 -1.013141 7.261472 1.125189 0.518307 14.468588 0.012560 0.968397 -9.157355 -0.175799 -2.142582 6.270983 7.461815 -20.863303 -16.196942 63.474469 83.989017 14.341650 33.654491 2.599377 14.364058 -3.904073 -1.523982 6.855871 -6.233623 9.170428 -22.916029 -60.266207 -100.531573 51.368693 -58.969289 -11.279457 12.628955 22.667565 -3.309875 -20.868189 -2.121417 2.712115 19.854406 1.658266 9.432087 -4.502501 10.826775 0.045237 -1.305270 -0.984446 21.813921 -15.006251 4.582764 6.726638 0.886299 -0.346558 10.357937 3.289123 -4.161542 0.000000 0.000000 -0.000000
-2.081097 0.963002 0.426267 -6.464418 11.180971 -3.775780 -2.990865 4.444129 3.340239 -1.514065 -3.870711 1.514626 -1.511629 1.947695 1.360852 -1.032946 7.293169 1.033291 0.799900 14.241701 0.028269 1.494169 -9.576520 -0.257683 -1.973225 6.326830 7.519940 -19.636433 -16.178871 63.381392 84.547195 14.679547 34.093057 2.569549 14.362931 -3.280627 -2.024371 6.948869 -6.202234 10.172088 -22.839639 -60.643289 -98.986733 50.936925 -57.378816 -11.140189 12.591852 22.812983 -1.775458 -21.996680 -1.986229 -0.659948 20.303776 1.936449 9.722862 -4.413884 11.230639 -0.000000 0.000000 -0.000000 22.881656 -14.849993 4.089882 7.676487 1.111699 -0.481393 11.027687 2.616000 -3.972824 0.000000 -0.000000 -0.000000
-2.073555 0.963581 0.427921 -9.085623 11.316309 -3.802374 -2.999827 4.468884 3.118308 -1.506074 -3.858594 1.416098 -1.503673 1.959827 1.263130 -1.034193 7.302649 0.959449 1.068410 14.239863 -0.018461 2.018133 -9.576014 -0.450192 -1.811711 6.325841 7.546128 -19.020615 -16.255222 63.403855 85.029465 15.173590 34.966552 2.531891 14.388787 -2.395367 -2.071854 6.827153 -6.267533 9.794410 -22.357586 -60.636525 -95.962507 50.654864 -54.765269 -11.092759 12.517868 22.553299 -2.416033 -22.269273 -1.183135 -3.764192 19.712745 1.958433 9.591221 -3.845373 10.652424 -0.027997 0.388741 0.169231 24.725821 -14.134075 3.462567 7.715921 0.679597 -0.709179 11.927115 2.090150 -3.735714 -0.000000 0.000000 -0.000000
-2.066183 0.964051 0.430636 -11.741817 11.326726 -3.784823 -2.980971 4.466227 2.921389 -1.486887 -3.858536 1.328324 -1.484519 1.959970 1.177316 -1.026156 7.303131 0.894537 1.311706 14.375081 -0.113919 2.510339 -9.319116 -0.721171 -1.652409 6.319777 7.556325 -18.704408 -16.418548 63.520568 85.397889 15.783854 36.014589 2.495104 14.445783 -1.358109 -1.907490 6.626697 -6.366874 8.727692 -21.652095 -60.481729 -92.106520 50.365804 -51.561917 -11.076915 12.417759 22.068230 -4.262196 -22.022824 -0.070338 -6.815043 18.701378 1.968675 9.083349 -3.198857 9.398143 -0.016325 0.199825 0.071886 26.889376 -13.098332 2.792416 7.386767 -0.004151 -0.964188 12.903961 1.592222 -3.493242 -0.000000 -0.000000 -0.000000
-2.059093 0.964273 0.434069 -14.389182 11.239150 -3.678418 -2.911019 4.461641 2.722206 -1.444797 -3.859139 1.239002 -1.442481 1.959448 1.092261 -1.000898 7.303101 0.830113 1.499812 14.522999 -0.226482 2.903874 -9.037616 -1.001306 -1.504079 6.399944 7.542530 -18.458388 -16.636715 63.776548 85.601047 16.440224 36.930524 2.470265 14.515652 -0.642280 -1.810788 6.540670 -6.445578 8.092112 -21.135610 -60.577152 -89.145995 50.235920 -49.262931 -11.002063 12.370573 21.595308 -6.749661 -21.512664 1.233560 -8.805512 17.905760 1.956588 8.136176 -3.009398 8.025672 0.000000 0.000000 -0.000000 28.559832 -12.021005 2.182912 7.432843 -0.423428 -1.103418 13.941071 0.993188 -3.336606 0.000000 -0.000000 0.000000
-2.052223 0.964239 0.438128 -17.056048 11.070258 -3.456394 -2.763326 4.470695 2.508420 -1.367374 -3.853271 1.142481 -1.365178 1.965454 1.003581 -0.949475 7.308001 0.762850 1.618506 14.621296 -0.349166 3.171230 -8.848547 -1.274178 -1.362299 6.627525 7.481677 -18.286125 -16.924491 64.248404 85.657117 17.185556 37.637054 2.504725 14.590753 -0.461827 -1.930782 6.685812 -6.490019 8.418154 -21.040396 -61.099495 -87.920425 50.574900 -48.645286 -10.788759 12.434868 21.269096 -10.270994 -20.708797 2.901342 -9.181003 17.405529 1.734155 6.290910 -3.667425 6.954764 -0.021031 0.308678 0.048533 29.368393 -10.965670 1.622381 8.201283 -0.477511 -1.066265 15.124024 0.240107 -3.256870 0.000000 0.000000 -0.000000
-2.045635 0.963958 0.442904 -19.713093 10.817036 -3.132976 -2.563937 4.480374 2.291877 -1.266817 -3.846850 1.044272 -1.264798 1.972127 0.915584 -0.880715 7.313447 0.696041 1.682558 14.730343 -0.487386 3.341087 -8.640028 -1.554379 -1.236973 6.938347 7.386624 -18.183960 -17.254769 64.864218 85.542897 17.990053 38.196475 2.560358 14.658917 -0.599480 -2.126321 6.943643 -6.532723 9.166018 -21.136330 -61.825943 -87.500159 51.228468 -48.905144 -10.523518 12.555130 20.945060 -14.378540 -19.558876 4.634227 -8.540579 17.063896 1.351470 4.042616 -4.796265 5.997097 -0.042591 0.620750 0.053241 29.694376 -9.900921 1.085336 9.349976 -0.265230 -0.945653 16.371969 -0.606883 -3.273881 -0.000000 -0.000000 -0.000000
-2.039625 0.963316 0.448331 -22.231193 10.477486 -2.727884 -2.368722 4.471866 2.081369 -1.168369 -3.848692 0.948740 -1.166513 1.970533 0.830069 -0.813338 7.312658 0.631100 1.707299 14.911791 -0.624197 3.434340 -8.297702 -1.814307 -1.157482 7.236164 7.302937 -17.911114 -17.534284 65.435418 85.122247 18.672234 38.506957 2.522386 14.688397 -0.882081 -2.242513 7.154833 -6.588799 9.829197 -21.155932 -62.504740 -86.887960 51.819116 -49.110003 -10.371780 12.647815 20.444888 -17.329490 -18.452772 5.751066 -7.675193 17.190616 0.926432 2.727905 -5.568605 4.715391 -0.000000 -0.000000 0.000000 29.864981 -8.967508 0.653310 10.588618 0.431799 -0.857264 17.420431 -1.503994 -3.521888 0.000000 -0.000000 -0.000000
-2.034272 0.962224 0.454546 -24.596210 10.023993 -2.193069 -2.180983 4.442081 1.855590 -1.072318 -3.860257 0.846386 -1.070592 1.959117 0.737474 -0.748239 7.304435 0.560784 1.689061 15.206224 -0.750076 3.438671 -7.747029 -2.033039 -1.167630 7.487223 7.248583 -17.287067 -17.712963 65.917615 84.178190 19.119139 38.408435 2.323462 14.646165 -1.285737 -2.218987 7.241441 -6.660512 10.201967 -21.006466 -63.006964 -85.700166 52.200748 -48.949846 -10.422947 12.687153 19.580926 -18.448500 -17.792620 6.094464 -6.793349 18.467486 0.314245 3.194172 -5.236649 2.351628 0.122369 -2.763373 -0.060050 30.077296 -8.070731 0.333073 11.867981 1.563072 -0.935301 18.267871 -2.459508 -4.070202 0.000901 0.170936 0.024835
-2.029497 0.960772 0.461413 -26.825208 9.492747 -1.567501 -1.994756 4.395978 1.638944 -0.977402 -3.879254 0.748050 -0.975791 1.940264 0.648771 -0.683689 7.290595 0.493392 1.625565 15.572488 -0.882548 3.357419 -7.064445 -2.244064 -1.222574 7.725005 7.208125 -16.493846 -17.839095 66.350504 82.909484 19.438609 38.036094 2.043499 14.562764 -1.838443 -2.111438 7.285678 -6.735069 10.488849 -20.779800 -63.464867 -84.322068 52.512503 -48.726535 -10.591279 12.702255 18.547178 -18.485559 -17.313821 5.958474 -5.739793 20.236682 -0.426270 4.426845 -4.366782 -0.542924 0.126865 -6.460285 -0.137994 30.140808 -7.292522 0.128439 13.228617 3.181851 -1.050290 18.917752 -3.464977 -4.844600 0.002896 0.341939 0.049162
-2.025367 0.959114 0.468452 -28.834402 8.964223 -1.008745 -1.852678 4.328336 1.509255 -0.906851 -3.908253 0.688792 -0.905310 1.911451 0.596685 -0.634672 7.269213 0.453749 1.534487 15.949838 -1.045131 3.234642 -6.361205 -2.500673 -1.215654 7.957810 7.182934 -15.832615 -17.980387 66.666839 81.798210 19.786339 37.749107 1.777506 14.510627 -2.446207 -1.936861 7.371635 -6.798239 10.792226 -20.497406 -64.020786 -82.873663 52.797424 -48.376799 -10.773157 12.697542 17.744269 -17.895386 -16.498999 5.424713 -4.684067 20.827594 -0.802499 5.160893 -4.155605 -2.559161 0.011556 -8.382212 -0.157704 29.808998 -7.019696 0.152760 14.521555 5.665129 -0.930299 19.114077 -4.466364 -5.732330 -0.000000 -0.000000 -0.000000
-2.022042 0.957147 0.475755 -30.513661 8.424696 -0.515051 -1.788792 4.230758 1.480412 -0.876562 -3.951224 0.675085 -0.875028 1.868577 0.586069 -0.612737 7.237136 0.445557 1.418941 16.355222 -1.258920 3.083236 -5.604957 -2.842942 -1.101286 8.234511 7.176781 -15.451593 -18.179507 66.860683 81.042321 20.241265 37.711414 1.541987 14.524617 -3.162912 -1.748647 7.617243 -6.814365 11.106219 -20.157851 -64.758236 -81.172739 53.022695 -47.641823 -10.931265 12.665740 17.314835 -16.595363 -14.914631 4.292896 -3.509024 19.051096 -0.450784 4.860118 -5.423939 -2.920529 -0.031168 -6.774871 -0.004166 28.854862 -7.371793 0.490728 15.863834 9.360608 -0.509157 18.701629 -5.760344 -6.923874 -0.002283 -0.944372 0.169789
-2.019361 0.954974 0.483230 -31.972630 7.873926 -0.093985 -1.771040 4.117141 1.538267 -0.871445 -4.001906 0.700318 -0.869857 1.817866 0.611822 -0.606932 7.199029 0.464900 1.274770 16.769223 -1.503419 2.887738 -4.832699 -3.231389 -0.926153 8.511720 7.190632 -15.197457 -18.410256 66.936795 80.444724 20.726621 37.779505 1.318326 14.571646 -3.932979 -1.498811 7.909156 -6.820614 11.433054 -19.763084 -65.592530 -79.397236 53.220676 -46.773347 -11.093770 12.620706 17.116727 -14.739684 -12.956079 2.821086 -2.371730 16.082330 0.213991 4.153351 -7.342483 -2.396670 -0.014124 -3.398251 0.202639 27.493955 -8.198459 1.111049 17.159162 13.937896 0.090038 17.840903 -7.134794 -8.123183 -0.003433 -2.396586 0.326359
-2.016905 0.953050 0.490129 -33.451256 7.399260 0.077901 -1.746144 4.019553 1.717462 -0.869623 -4.045809 0.779530 -0.867946 1.773954 0.691210 -0.599583 7.165931 0.524787 1.114970 17.077031 -1.733158 2.660042 -4.258723 -3.590253 -0.718083 8.660983 7.224921 -14.916102 -18.642601 66.843373 79.894707 21.176852 37.866271 1.132978 14.626385 -4.496336 -1.045288 7.985886 -6.906134 11.889006 -19.332837 -66.407450 -78.199838 53.561325 -46.466193 -11.253489 12.599394 17.123364 -13.059047 -11.394962 1.689922 -1.695804 13.822310 0.687158 3.771918 -8.758056 -1.828984 -0.002191 -0.825040 0.304298 26.137276 -9.472826 1.983604 17.944634 18.761412 0.791868 16.723311 -7.735274 -8.525638 0.013972 -4.648086 -0.344270
-2.014782 0.951401 0.495890 -35.059957 7.001996 -0.211997 -1.677613 3.964218 2.117267 -0.860276 -4.071315 0.956699 -0.858536 1.748500 0.869318 -0.579307 7.146500 0.659279 0.953689 17.228317 -1.960472 2.434216 -3.976252 -3.949714 -0.407207 8.557939 7.303221 -14.584934 -18.842666 66.409679 79.388780 21.489182 37.999988 0.999150 14.700551 -4.737824 -0.151815 7.615563 -7.139729 12.510108 -18.811124 -67.140221 -78.103403 54.141261 -47.270692 -11.430087 12.611751 17.310511 -11.532075 -10.595083 1.217699 -1.899112 13.151175 0.876117 4.144319 -9.156510 -1.474784 -0.000209 -0.143886 0.200380 24.622243 -11.366528 3.401452 18.124084 23.953948 1.502585 15.255205 -6.813845 -7.664869 0.171581 -8.581378 -2.438980
-2.012883 0.950002 0.501074 -36.681668 6.654638 -0.754448 -1.606304 3.936967 2.636597 -0.856284 -4.084475 1.187175 -0.854549 1.735343 1.100196 -0.559229 7.136084 0.833689 0.785634 17.273281 -2.163483 2.191884 -3.892577 -4.265971 -0.053868 8.331777 7.412035 -14.218062 -19.051338 65.804769 78.930175 21.765370 38.162924 0.890591 14.787443 -4.773316 0.969241 7.045497 -7.436955 13.260007 -18.236612 -67.832868 -78.646716 54.879026 -48.688379 -11.599488 12.647111 17.704871 -10.106770 -10.228468 1.060505 -2.483979 13.218880 0.973790 4.886492 -9.057962 -1.055602 0.000068 -0.265553 -0.020221 23.009110 -13.629262 5.188157 17.699428 29.417622 2.050847 13.554377 -4.981626 -6.206272 0.597482 -13.533689 -5.084819
-2.010460 0.949236 0.506607 -38.218009 6.416768 -1.096763 -1.591888 3.901360 3.010309 -0.869830 -4.101134 1.353359 -0.868126 1.718631 1.265018 -0.557229 7.123062 0.958232 0.595646 17.252025 -2.243611 1.868752 -3.936282 -4.349776 0.115650 8.225411 7.488530 -13.725779 -19.335893 65.491947 78.423657 22.248818 38.188045 0.771595 14.834598 -4.690686 1.775175 6.714037 -7.658070 14.148848 -17.771345 -68.537087 -78.960345 55.707929 -49.801158 -11.687854 12.709659 18.356588 -9.402213 -10.065356 0.821800 -2.385536 13.354312 1.066028 5.606631 -8.863617 -0.562554 0.001143 -0.493950 -0.265079 22.149290 -15.719838 6.504362 16.363079 34.174971 2.320870 12.067181 -3.427766 -5.010333 1.087819 -17.386202 -7.105751
-2.007155 0.949371 0.512928 -39.654337 6.347945 -1.035005 -1.656738 3.826548 3.109805 -0.903603 -4.135060 1.398063 -0.901822 1.684631 1.306303 -0.579401 7.097358 0.989433 0.381575 17.165462 -2.125925 1.435334 -4.108712 -4.061271 -0.065491 8.362588 7.493002 -12.942133 -19.788044 65.677946 77.754754 23.137624 37.968418 0.647441 14.789505 -4.426671 1.966319 6.840797 -7.768720 15.411834 -17.538499 -69.392989 -78.829878 56.718625 -50.354899 -11.618075 12.809333 19.497239 -9.940605 -10.125692 0.335819 -0.888621 13.426978 1.223641 6.151518 -8.708156 0.042918 0.003028 -0.641114 -0.541270 22.712824 -17.606799 6.812156 13.523536 38.082186 2.275299 10.896184 -2.717815 -4.277028 1.332935 -19.234072 -8.251438
-2.003325 0.950138 0.519599 -41.009707 6.409589 -0.784966 -1.774260 3.727656 3.065643 -0.952854 -4.179680 1.379133 -0.950873 1.639935 1.282368 -0.617859 7.063805 0.971352 0.145666 17.024324 -1.880282 0.919448 -4.386315 -3.529162 -0.437821 8.606644 7.447904 -12.046523 -20.295012 66.165499 77.047086 24.231532 37.591736 0.505211 14.713489 -4.044627 1.820388 7.183388 -7.828275 16.813754 -17.413655 -70.281097 -78.397132 57.826869 -50.542083 -11.453965 12.919221 20.896634 -11.199862 -10.416525 -0.224499 1.293754 13.538111 1.382021 6.677818 -8.458002 0.722059 0.006574 -0.894914 -0.841781 24.179853 -19.424817 6.500762 9.696799 41.277140 1.934969 9.910257 -2.331072 -3.717660 1.385939 -19.873568 -9.034069
-1.999290 0.951120 0.526235 -42.239946 6.526336 -0.524186 -1.929299 3.631766 3.001573 -1.017759 -4.223111 1.351587 -1.015522 1.596407 1.248232 -0.668765 7.031138 0.945606 -0.123664 16.881641 -1.629705 0.338391 -4.664418 -2.974662 -0.740851 8.807465 7.385200 -11.475229 -20.616820 66.810323 76.568158 25.173590 37.192496 0.289325 14.718942 -3.825911 1.648707 7.475834 -7.830948 17.658524 -17.209991 -70.874948 -77.229467 58.713288 -50.032155 -11.343778 13.004361 21.909296 -12.236779 -10.655712 -0.776233 3.070830 13.371332 1.431963 7.245714 -8.113097 1.376899 0.010322 -1.122719 -1.053482 25.685735 -20.975505 6.055605 6.494038 43.209025 1.720348 9.148316 -1.913742 -3.338138 1.339171 -19.598735 -9.645839
-1.995168 0.952360 0.532690 -43.294952 6.681802 -0.302830 -2.141322 3.551380 2.950636 -1.108894 -4.260005 1.330329 -1.106371 1.559358 1.217734 -0.739078 7.003271 0.922698 -0.438777 16.740442 -1.404678 -0.321335 -4.935734 -2.449409 -0.861531 8.916578 7.319027 -11.434555 -20.618273 67.653074 76.503484 25.963726 36.769471 -0.054350 14.898629 -3.861108 1.549866 7.620800 -7.743887 17.551186 -16.803240 -71.003067 -74.715524 59.125477 -48.287833 -11.368590 13.082174 22.296036 -12.828723 -10.703055 -1.283170 4.085667 12.756964 1.292550 7.909585 -7.627454 1.970436 0.012549 -1.291248 -1.113604 27.210303 -22.205661 5.474541 4.787679 43.565287 2.403346 8.743089 -1.274957 -3.193832 1.214491 -18.356807 -10.318554
-1.990840 0.953815 0.539109 -44.224489 6.890249 -0.072505 -2.391318 3.472979 2.879588 -1.215892 -4.296140 1.300317 -1.213032 1.523006 1.176862 -0.822021 6.975927 0.891977 -0.786431 16.597577 -1.173423 -1.045387 -5.206875 -1.899093 -0.909959 8.985321 7.243292 -11.713854 -20.428822 68.634709 76.677344 26.584162 36.351006 -0.459238 15.155037 -4.069728 1.428766 7.722016 -7.592052 16.891421 -16.331218 -70.854942 -71.468742 59.212556 -45.871321 -11.462165 13.154291 22.294355 -13.201806 -10.678901 -1.797370 4.690097 11.879816 1.048204 8.617202 -7.051002 2.544875 0.013576 -1.433769 -1.084908 28.773355 -23.162590 4.748299 3.946681 42.683392 3.629064 8.551127 -0.615001 -3.228564 0.954930 -16.158192 -10.906068
-1.986268 0.954926 0.545543 -45.134799 7.115697 0.140612 -2.607145 3.391387 2.810996 -1.307808 -4.333448 1.271024 -1.304628 1.485473 1.138226 -0.893504 6.947714 0.862884 -1.139991 16.488828 -0.970025 -1.772143 -5.410666 -1.396531 -0.957460 9.017565 7.169575 -12.123936 -20.225850 69.462803 76.799745 26.663205 36.130967 -0.794594 15.301046 -4.471344 1.310817 7.817662 -7.441014 16.172739 -16.008549 -70.621366 -68.858271 59.347360 -44.060296 -11.564945 13.177665 21.971610 -13.085337 -10.658505 -2.398847 4.850274 10.977915 0.829395 9.263229 -6.525889 3.120936 0.013807 -1.517488 -1.042519 29.488021 -23.844340 4.438608 3.505653 41.001964 4.331326 8.197950 -0.169708 -3.338058 0.602624 -13.398249 -11.033512
-1.981399 0.955528 0.551913 -46.034960 7.347719 0.341760 -2.768666 3.311166 2.746645 -1.375807 -4.369769 1.243166 -1.372359 1.448984 1.103463 -0.946814 6.920333 0.836661 -1.505536 16.424967 -0.816364 -2.504954 -5.527012 -0.981142 -1.041077 9.014119 7.098313 -12.723632 -20.098080 70.076737 76.773662 25.948073 36.280172 -0.981342 15.232789 -5.188346 1.184453 7.934242 -7.306536 15.467576 -15.926181 -70.299274 -67.316776 59.726816 -43.257783 -11.716269 13.125756 21.306672 -12.245045 -10.658301 -3.160488 4.382268 10.134237 0.688574 9.815928 -6.097464 3.701707 0.013516 -1.524773 -1.015644 28.895550 -24.235277 4.806326 3.632297 38.498690 4.249954 7.467133 -0.163466 -3.551586 0.104246 -9.603461 -10.767138
-1.976285 0.955787 0.558296 -46.916010 7.595888 0.525310 -2.896132 3.228866 2.684129 -1.428762 -4.406757 1.215831 -1.425081 1.411875 1.070762 -0.988725 6.892525 0.811963 -1.877806 16.391919 -0.693590 -3.240222 -5.582656 -0.620480 -1.122702 8.974617 7.031713 -13.455718 -19.974177 70.539050 76.636200 24.716234 36.639701 -1.067055 15.045175 -6.079517 1.061558 8.044318 -7.172290 14.703060 -15.983252 -69.870000 -66.407359 60.240030 -43.050266 -11.911638 13.023425 20.317755 -10.915662 -10.636532 -4.017459 3.468964 9.280768 0.578724 10.303402 -5.717934 4.282811 0.012537 -1.473246 -0.975090 27.427227 -24.345138 5.615749 4.345020 35.177469 3.838280 6.607419 -0.380064 -3.877807 -0.395301 -5.202369 -10.237394
-1.971053 0.955637 0.564984 -47.857820 7.853611 0.648679 -2.977665 3.129055 2.639747 -1.462140 -4.451350 1.196107 -1.458256 1.367194 1.047651 -1.015262 6.859034 0.794429 -2.214133 16.387302 -0.577239 -3.906167 -5.583441 -0.284891 -1.161096 8.901486 6.983255 -13.964113 -19.811019 70.752864 76.316245 23.399022 36.900493 -1.142786 14.849218 -6.771552 1.002146 8.102164 -7.055752 14.150024 -16.114523 -69.487298 -66.110630 60.898691 -43.392202 -12.022160 12.900479 19.124639 -9.527986 -10.592197 -4.839631 2.624502 8.424761 0.470720 10.707538 -5.387006 4.870460 0.010964 -1.382997 -0.908375 25.521800 -24.224107 6.697922 5.057384 31.518847 3.181130 5.927461 -0.400061 -4.197669 -0.593145 -1.923836 -9.051547
-1.965706 0.955016 0.571966 -48.915647 8.128720 0.693212 -2.991341 2.996953 2.621152 -1.466488 -4.510055 1.187209 -1.462443 1.308465 1.038307 -1.019027 6.815004 0.787176 -2.509091 16.425777 -0.465488 -4.492538 -5.502546 0.025887 -1.128162 8.788082 6.959068 -14.094400 -19.571112 70.636212 75.744238 22.012449 36.929742 -1.286191 14.653838 -7.140513 1.059154 8.075318 -6.969752 13.908532 -16.325910 -69.197818 -66.652430 61.798816 -44.487527 -11.981563 12.756945 17.630345 -8.086677 -10.540707 -5.586943 1.922119 7.565778 0.338756 11.007629 -5.098471 5.463083 0.008864 -1.258812 -0.806884 23.080715 -23.812872 8.105605 5.805360 27.484461 2.263996 5.635520 0.013642 -4.442468 -0.380590 -0.585075 -6.296189
-1.960240 0.953985 0.579252 -50.035379 8.410329 0.675758 -2.958957 2.849082 2.621310 -1.451218 -4.575590 1.186305 -1.447049 1.242973 1.038959 -1.007355 6.765910 0.787416 -2.769429 16.492488 -0.363155 -5.010543 -5.367953 0.305335 -1.051334 8.643014 6.954783 -14.003210 -19.306454 70.273665 75.021660 20.535779 36.876084 -1.453239 14.454366 -7.321887 1.180602 7.995625 -6.897422 13.876962 -16.614620 -68.952542 -67.942668 62.833822 -46.251473 -11.886561 12.595096 15.913063 -6.586531 -10.471099 -6.300019 1.287539 6.702111 0.203237 11.222412 -4.855897 6.060355 0.006497 -1.095898 -0.679248 20.245307 -23.098218 9.728327 6.686014 23.070532 1.275377 5.509973 0.628620 -4.669778 -0.097186 -0.234628 -2.646884
-1.954765 0.952663 0.587161 -51.132897 8.663220 0.608205 -2.934266 2.716979 2.634343 -1.440106 -4.634222 1.191290 -1.435815 1.184379 1.045081 -0.998395 6.721970 0.791822 -2.970138 16.542592 -0.254055 -5.420356 -5.264475 0.576533 -0.973072 8.491735 6.967314 -13.800049 -19.106899 69.818849 74.368779 19.332389 36.829653 -1.585899 14.341530 -7.341997 1.268739 7.913943 -6.812017 14.025236 -16.908028 -68.769345 -69.395443 63.721252 -48.113670 -11.810217 12.446109 14.361685 -5.442987 -10.365837 -6.962867 1.011795 5.828305 0.098215 11.393042 -4.674294 6.670322 0.004232 -0.899986 -0.538832 17.793908 -22.264548 11.179939 7.098057 18.817530 0.515616 5.196760 1.155353 -4.954464 -0.000000 -0.000000 0.000000
-1.949367 0.951044 0.595742 -52.166392 8.888507 0.477402 -2.942724 2.603158 2.670409 -1.445018 -4.685047 1.206830 -1.440578 1.133546 1.060129 -1.000771 6.683788 0.803022 -3.092178 16.560983 -0.134391 -5.688411 -5.221024 0.840606 -0.910534 8.336385 7.004777 -13.458127 -19.013921 69.260898 73.859807 18.573354 36.819640 -1.642322 14.383745 -7.129942 1.299356 7.845531 -6.702972 14.491934 -17.206937 -68.724934 -70.854216 64.400864 -49.934542 -11.746408 12.320448 13.120896 -4.890993 -10.209359 -7.526794 1.301821 4.878084 0.031131 11.492366 -4.574693 7.312485 0.002256 -0.637581 -0.369837 16.007861 -21.383022 12.362212 6.637567 14.770281 0.014196 4.449377 1.477432 -5.341429 -0.018232 0.213835 0.656109
-1.943960 0.949134 0.604946 -53.177909 9.082380 0.298493 -2.959243 2.505850 2.718514 -1.454220 -4.728651 1.227861 -1.449644 1.089919 1.080229 -1.006008 6.650983 0.818066 -3.153883 16.563907 -0.005974 -5.847936 -5.206938 1.100072 -0.846947 8.175596 7.059313 -13.001068 -18.983912 68.615193 73.427475 18.082630 36.794528 -1.671022 14.515446 -6.755242 1.296354 7.775634 -6.581159 15.141160 -17.510239 -68.743548 -72.410365 64.938126 -51.783743 -11.663026 12.205850 12.054721 -4.694816 -10.031747 -8.036929 1.945136 3.904761 -0.016974 11.543453 -4.534072 7.966551 0.000774 -0.342241 -0.187969 14.596694 -20.433589 13.385358 5.633080 10.888098 -0.255264 3.521030 1.681339 -5.821378 -0.017367 0.119831 0.323654
-1.938398 0.947065 0.614947 -54.208046 9.204018 0.128416 -2.961827 2.448789 2.739728 -1.456093 -4.754148 1.237030 -1.451448 1.064413 1.089204 -1.006654 6.631815 0.824754 -3.185622 16.554430 0.140572 -5.958726 -5.215758 1.383259 -0.774166 8.028479 7.102762 -12.613801 -18.979958 68.071942 73.068943 17.704340 36.708547 -1.744107 14.625098 -6.451776 1.233651 7.710172 -6.453639 15.528706 -17.743290 -68.614941 -73.685114 65.279766 -53.247800 -11.572981 12.092598 11.140571 -4.564152 -9.887640 -8.614996 2.605234 3.083139 -0.045749 11.665511 -4.504583 8.581944 0.000057 -0.120217 -0.053934 13.441127 -19.522015 14.222001 4.473920 7.615316 -0.230666 2.807936 1.784769 -6.357886 -0.000000 0.000000 0.000000
-1.932631 0.944863 0.625844 -55.276634 9.229916 -0.012062 -2.941586 2.446777 2.719474 -1.446048 -4.754816 1.227880 -1.441429 1.063768 1.081072 -0.999747 6.631376 0.818594 -3.186503 16.527773 0.313801 -6.022458 -5.256139 1.706076 -0.679823 7.890886 7.119986 -12.378177 -19.006504 67.689942 72.794058 17.456554 36.574893 -1.894536 14.668972 -6.266773 1.074438 7.661124 -6.325357 15.459553 -17.852020 -68.245169 -74.368563 65.383692 -53.982695 -11.480409 11.964417 10.433639 -4.534003 -9.846212 -9.293623 3.258346 2.538989 -0.026710 11.965403 -4.494402 9.123212 -0.000053 -0.026849 -0.002016 12.501934 -18.620330 14.870237 3.011800 4.994704 0.065236 2.452219 1.824909 -6.727183 -0.000000 0.000000 0.000000
-1.926708 0.942502 0.637538 -56.362447 9.184341 -0.139303 -2.907569 2.483274 2.669907 -1.428631 -4.738129 1.205793 -1.424110 1.080502 1.060754 -0.988307 6.644028 0.803283 -3.157182 16.489741 0.506077 -6.037371 -5.317437 2.054161 -0.576553 7.765994 7.125345 -12.213370 -19.059323 67.409986 72.595819 17.317533 36.376380 -2.087839 14.692232 -6.152753 0.855458 7.617004 -6.191872 15.126858 -17.882824 -67.731616 -74.679900 65.323429 -54.240720 -11.372279 11.834472 9.879782 -4.566316 -9.845415 -10.037880 3.933452 2.144113 0.015989 12.338832 -4.500310 9.625474 -0.000033 -0.006746 0.001989 11.799374 -17.781013 15.347578 1.321739 3.021856 0.537913 2.298202 1.786253 -7.089824 0.000000 0.000000 0.000000
-1.920635 0.940036 0.649907 -57.444200 9.099593 -0.251979 -2.864587 2.533991 2.592207 -1.405881 -4.714934 1.171179 -1.401492 1.103753 1.028449 -0.973801 6.661614 0.778932 -3.130578 16.459040 0.701743 -6.058244 -5.364507 2.409172 -0.493894 7.683499 7.133762 -12.063212 -19.089259 67.243382 72.441306 17.071128 36.026609 -2.296706 14.713013 -6.202974 0.660967 7.548506 -6.045465 14.665031 -17.914167 -67.148524 -75.029960 65.221603 -54.500870 -11.251164 11.734722 9.289039 -4.264132 -9.734453 -10.870144 4.373541 1.703546 0.010870 12.592351 -4.455996 10.144590 -0.000000 0.000000 -0.000000 11.292907 -17.226917 15.669928 0.123424 2.056844 0.983307 2.311387 1.588186 -7.949537 0.000000 0.000000 -0.000000
-1.914412 0.937434 0.662941 -58.520535 9.000291 -0.354460 -2.803478 2.584053 2.486513 -1.373626 -4.691807 1.123972 -1.369396 1.126954 0.984509 -0.953058 6.679208 0.745772 -3.119940 16.437387 0.894770 -6.107619 -5.393845 2.764559 -0.435350 7.676755 7.133691 -11.932321 -19.052665 67.257368 72.345394 16.689817 35.439546 -2.528218 14.741154 -6.518296 0.546908 7.462474 -5.859454 14.037227 -17.970346 -66.497910 -75.637807 65.102546 -54.969855 -11.134817 11.673479 8.515686 -3.282962 -9.466211 -11.834861 4.393820 1.239748 -0.047639 12.569028 -4.384180 10.676661 0.000112 0.008906 0.003992 10.794783 -17.087237 15.942452 -0.071929 2.441035 1.237504 2.565330 1.197210 -9.803298 0.000000 0.000000 -0.000000
-1.908039 0.934726 0.676649 -59.592440 8.862570 -0.440663 -2.733346 2.647016 2.352368 -1.335948 -4.662772 1.064092 -1.331902 1.156079 0.928452 -0.929175 6.701287 0.703470 -3.112191 16.422986 1.090786 -6.163204 -5.408964 3.126158 -0.397756 7.712178 7.134142 -11.817446 -18.988743 67.383282 72.297857 16.194753 34.705008 -2.768222 14.763158 -6.998126 0.456843 7.353038 -5.659428 13.278722 -18.019854 -65.777476 -76.274881 64.942123 -55.426916 -11.017344 11.638896 7.701177 -1.974294 -9.067242 -12.882066 4.177851 0.743595 -0.154019 12.429849 -4.254146 11.225180 0.000077 0.004453 0.001994 10.476418 -17.242845 16.093467 0.239341 3.799071 1.317314 2.968430 0.650534 -12.153427 -0.000000 -0.000000 0.000000
-1.901511 0.932063 0.690933 -60.642277 8.646583 -0.493493 -2.686338 2.741242 2.190187 -1.307229 -4.619839 0.991997 -1.303358 1.199084 0.859276 -0.912990 6.733798 0.651319 -3.100825 16.429187 1.290851 -6.212297 -5.385424 3.492758 -0.400752 7.720573 7.181736 -11.651121 -18.974813 67.429946 72.222418 15.445956 34.002726 -2.959461 14.762236 -7.433890 0.306484 7.170719 -5.513773 12.629818 -18.064052 -65.051369 -76.698587 64.780823 -55.733231 -10.858815 11.636472 7.086153 -0.987898 -8.505064 -13.898941 4.013171 -0.028766 -0.360575 12.464698 -3.922050 11.856813 -0.000000 -0.000000 0.000000 10.839641 -17.550030 15.873980 0.277348 5.397321 1.271027 3.264661 -0.050210 -14.005552 0.000000 0.000000 -0.000000
-1.894844 0.929066 0.706064 -61.615118 8.300973 -0.478037 -2.701505 2.885011 1.979586 -1.303847 -4.554919 0.898949 -1.300125 1.264027 0.766576 -0.917553 6.782793 0.581511 -3.073434 16.460020 1.506608 -6.235746 -5.315753 3.881244 -0.466339 7.664219 7.305249 -11.296828 -18.984277 67.239802 72.069984 14.251354 33.298344 -3.081730 14.729742 -7.762515 0.054087 6.865202 -5.435191 12.204790 -18.092478 -64.332868 -76.900291 64.615045 -55.912951 -10.634852 11.673808 6.709019 -0.559985 -7.585449 -14.923378 4.209937 -1.420615 -0.766286 13.071877 -3.443061 12.623555 -0.000000 0.000000 0.000000 12.350138 -18.047303 15.048315 -0.348175 7.126191 1.048295 3.287571 -0.964251 -14.964023 -0.000000 0.000000 -0.000000
-1.888023 0.926112 0.721772 -62.565850 7.879483 -0.424836 -2.739647 3.058055 1.738627 -1.309119 -4.476899 0.792704 -1.305556 1.342040 0.659793 -0.929656 6.841604 0.501102 -3.042399 16.512138 1.725401 -6.252204 -5.206199 4.272634 -0.573140 7.584657 7.477734 -10.890089 -19.047389 66.973299 71.882791 12.806602 32.629727 -3.156144 14.675637 -8.045692 -0.258535 6.484875 -5.404349 11.886707 -18.114468 -63.608283 -76.898024 64.446681 -55.954574 -10.348500 11.750145 6.531143 -0.461182 -6.523434 -15.936466 4.446573 -3.099394 -1.264784 13.869934 -2.792367 13.483697 0.000000 -0.000000 0.000000 14.567734 -18.671208 13.844701 -1.233194 9.108884 0.722184 3.188432 -2.006807 -15.428333 0.000000 0.000000 -0.000000
-1.880995 0.924485 0.737151 -63.640851 7.498480 -0.415399 -2.715776 3.222362 1.526344 -1.288078 -4.402698 0.698804 -1.284731 1.416268 0.568015 -0.920925 6.897533 0.431935 -3.038197 16.587162 1.911452 -6.305140 -5.054268 4.611085 -0.675289 7.531262 7.662473 -10.773252 -19.327229 66.919660 71.703179 11.559341 32.276576 -3.193832 14.611892 -8.262088 -0.588942 6.125612 -5.443137 11.569561 -18.165501 -62.899144 -76.503828 64.323556 -55.686678 -9.981890 11.863758 6.680301 -0.621948 -5.916199 -16.744073 4.070248 -4.295700 -1.553691 14.003172 -1.636528 14.319332 -0.000000 -0.000000 0.000000 16.618955 -19.157750 12.712979 -1.972812 10.957755 0.502743 3.231641 -2.997568 -15.579824 0.000000 -0.000000 -0.000000
-1.873421 0.924816 0.751976 -64.844211 7.204109 -0.468304 -2.628670 3.376763 1.360083 -1.241119 -4.332893 0.624928 -1.238035 1.486194 0.498908 -0.891088 6.950205 0.379809 -3.083930 16.676987 2.064976 -6.437766 -4.873334 4.905400 -0.789450 7.508046 7.861890 -11.281522 -20.013979 67.280481 71.521403 10.670193 32.540793 -3.190202 14.524953 -8.368265 -0.968482 5.794641 -5.612204 11.195782 -18.324019 -62.114660 -75.645075 64.249940 -55.119878 -9.490249 12.021842 7.321835 -0.823450 -5.915347 -17.321856 3.000494 -4.704447 -1.555479 12.749352 0.299742 15.189846 -0.000000 0.000000 -0.000000 18.390117 -19.580594 11.716443 -2.634278 12.666057 0.493333 3.477117 -3.927156 -15.410270 0.000000 -0.000000 -0.000000
-1.865640 0.926472 0.766471 -66.171183 6.946979 -0.565929 -2.479875 3.524116 1.223251 -1.168141 -4.266237 0.563623 -1.165373 1.553035 0.445017 -0.840645 7.000539 0.339091 -3.156373 16.788327 2.184728 -6.606308 -4.652747 5.144499 -0.898217 7.511360 8.072338 -12.096934 -20.900321 67.885792 71.312105 9.989770 33.107460 -3.156470 14.425886 -8.407041 -1.363563 5.477544 -5.851224 10.820223 -18.508929 -61.338456 -74.402244 64.211146 -54.257700 -8.892610 12.213308 8.293717 -1.267646 -6.365501 -17.668950 1.338403 -4.598424 -1.365330 10.867079 2.855638 15.795538 -0.000000 -0.000000 0.000000 19.979428 -19.890467 10.798023 -3.146979 14.235429 0.575481 3.878256 -4.814817 -14.933738 0.000000 -0.000000 0.000000
-1.858614 0.928842 0.780401 -67.753755 6.696427 -0.735154 -2.188378 3.634316 1.126802 -1.033630 -4.216177 0.518884 -1.031282 1.603310 0.413919 -0.742450 7.038386 0.315364 -3.217104 16.942664 2.232051 -6.724947 -4.358726 5.242117 -0.904426 7.574862 8.245428 -12.566250 -21.565167 68.432674 71.130361 9.488932 33.333268 -3.123328 14.364617 -8.486573 -1.634843 5.242107 -6.009247 10.516017 -18.534500 -60.864716 -72.809563 64.228666 -52.912575 -8.279901 12.410131 9.235232 -2.510952 -7.390620 -17.590487 -1.286972 -4.044811 -0.950458 9.653222 5.639917 15.425576 -0.000000 0.000000 0.000000 20.792025 -19.697766 10.246211 -2.918848 15.262341 0.609570 4.552289 -5.534357 -14.364975 0.000000 -0.000000 -0.000000
-1.852749 0.931952 0.793577 -69.739531 6.438436 -1.007837 -1.672019 3.696226 1.082343 -0.801637 -4.187425 0.495186 -0.799866 1.632365 0.413761 -0.568986 7.060295 0.314690 -3.266356 17.167902 2.169416 -6.779908 -3.942384 5.127616 -0.733181 7.723099 8.378758 -12.380776 -21.808999 68.812986 71.025809 9.180587 32.842787 -3.105705 14.371513 -8.709951 -1.719341 5.139826 -6.005895 10.211771 -18.302078 -60.875903 -70.629226 64.398724 -50.707386 -7.674226 12.630395 10.042287 -4.845378 -9.155375 -16.768354 -5.749534 -3.003213 -0.463525 9.909441 8.728223 13.295116 0.000000 -0.000000 0.000000 20.387504 -18.718513 10.248264 -1.592150 15.458062 0.498351 5.706443 -6.037136 -13.728655 0.000000 0.000000 -0.000000
-1.847638 0.935775 0.806188 -71.979385 6.175778 -1.347946 -1.012691 3.722554 1.082407 -0.508281 -4.174155 0.490005 -0.507185 1.645991 0.438375 -0.347748 7.070689 0.332537 -3.305526 17.432120 2.032347 -6.789083 -3.460054 4.869940 -0.459935 7.928580 8.474015 -11.832141 -21.845059 69.100779 70.997605 9.040599 32.018075 -3.084489 14.417676 -8.973166 -1.681786 5.125300 -5.929261 9.985015 -17.939940 -61.202562 -68.049273 64.588555 -47.969719 -7.068628 12.852899 10.827742 -8.076758 -11.354838 -15.318681 -11.164238 -1.479074 -0.111662 10.477777 11.416507 9.830789 -0.000000 0.000000 -0.000000 19.241903 -17.219481 10.514946 0.441909 15.065652 0.329874 7.138407 -6.383797 -13.001161 0.000000 0.000000 0.000000
-1.843034 0.939620 0.818560 -74.160462 5.907154 -1.680606 -0.375311 3.719429 1.109845 -0.226098 -4.173944 0.497119 -0.225641 1.646442 0.474156 -0.134031 7.071229 0.358831 -3.297401 17.667601 1.893199 -6.713284 -3.034577 4.595094 -0.213610 8.144944 8.487933 -11.150029 -21.887697 69.234350 71.042832 8.975612 31.357189 -3.038507 14.464400 -9.074285 -1.574840 5.124302 -5.883006 10.138018 -17.605528 -61.611934 -65.831433 64.514244 -45.648608 -6.528976 13.000862 11.555638 -11.998204 -13.453666 -13.748709 -15.264078 0.466210 0.177905 9.981649 12.430776 6.725880 0.000000 0.000000 -0.000000 18.102921 -15.666612 10.672213 2.651717 14.485333 0.250641 8.349900 -6.604247 -12.320499 -0.000000 -0.000000 -0.000000
-1.838727 0.943363 0.830922 -76.237111 5.632263 -1.970828 0.214715 3.687456 1.157967 0.033978 -4.186737 0.513819 0.033841 1.633682 0.517261 0.063698 7.061837 0.390702 -3.218185 17.858404 1.769928 -6.515501 -2.695177 4.329633 -0.037190 8.363905 8.380316 -10.300632 -21.998756 69.158010 71.086614 8.917563 30.978497 -3.013410 14.472109 -8.963626 -1.401812 5.115538 -5.903936 10.877020 -17.382170 -62.060169 -64.457957 64.121665 -44.290711 -6.057083 13.045181 12.235995 -17.092380 -15.506641 -12.223375 -16.698189 3.032646 0.569327 7.970394 11.324810 5.562681 -0.000000 0.000000 0.000000 16.952004 -14.191308 10.666165 5.201918 13.883042 0.350292 9.143140 -6.714583 -11.731255 -0.000000 0.000000 -0.000000
-1.834927 0.947127 0.843046 -78.255373 5.354285 -2.254546 0.782423 3.628051 1.235171 0.282670 -4.211615 0.543789 0.281957 1.608711 0.572480 0.253823 7.043302 0.431764 -3.090426 18.021815 1.647804 -6.231215 -2.408607 4.053009 0.112140 8.591372 8.190857 -9.316889 -22.114584 68.929536 71.193574 8.936577 30.762560 -2.965361 14.477033 -8.691929 -1.158688 5.119903 -5.953912 11.993933 -17.172024 -62.575077 -63.522182 63.507992 -43.424709 -5.667220 13.020852 12.861495 -22.903920 -17.400508 -10.510882 -16.799235 6.107939 0.847800 5.343595 9.174241 5.763663 0.000000 -0.000000 -0.000000 15.794265 -12.677696 10.558204 7.919816 13.089142 0.522813 9.720635 -6.686634 -11.180883 -0.000000 0.000000 -0.000000
-1.832011 0.950594 0.854574 -80.040715 5.083511 -2.567311 1.238356 3.548320 1.344865 0.479972 -4.245426 0.589342 0.478771 1.574802 0.638082 0.406276 7.018085 0.480830 -2.945234 18.141303 1.551494 -5.926645 -2.202012 3.821637 0.234481 8.802322 7.995019 -8.529494 -22.262673 68.659317 71.562405 9.143048 30.851860 -2.737304 14.549412 -8.207995 -0.886299 5.124452 -6.022872 13.170376 -16.857510 -63.028002 -62.550060 62.646010 -42.567078 -5.441167 12.952660 13.364092 -27.651195 -18.550927 -8.853853 -17.345151 9.194599 0.804589 2.927613 7.238356 5.770248 -0.000000 -0.000000 0.000000 15.355231 -11.261813 10.289037 9.785783 12.049711 0.649287 10.186018 -6.476337 -10.662017 0.000000 -0.000000 0.000000
-1.830394 0.953734 0.865312 -81.497960 4.812677 -2.969054 1.534965 3.442756 1.514205 0.603336 -4.290775 0.662914 0.601789 1.529371 0.724191 0.504951 6.984187 0.545591 -2.791113 18.212960 1.493772 -5.621083 -2.081609 3.661359 0.334736 9.001869 7.803294 -8.079040 -22.455773 68.366039 72.355583 9.625103 31.383438 -2.206935 14.739003 -7.424873 -0.582692 5.140191 -6.114012 14.369706 -16.392943 -63.376380 -61.431211 61.404800 -41.615605 -5.437452 12.837108 13.714225 -30.554292 -18.738945 -7.570559 -19.457409 12.160166 0.486819 0.685527 5.791779 4.535198 0.000000 0.000000 0.000000 16.097699 -9.991341 9.880812 10.210569 10.676321 0.740350 10.553238 -5.990482 -10.187076 -0.000000 0.000000 0.000000
-1.829660 0.956576 0.875455 -82.722151 4.549480 -3.404259 1.718372 3.318414 1.715391 0.674793 -4.344633 0.751685 0.673000 1.475412 0.820207 0.565546 6.943824 0.617962 -2.618475 18.241645 1.464015 -5.292728 -2.039577 3.548840 0.408796 9.183956 7.604887 -7.822138 -22.687127 68.030736 73.432519 10.258797 32.237205 -1.471547 14.972295 -6.433302 -0.249101 5.155900 -6.222783 15.624588 -15.827538 -63.653670 -60.346785 59.911972 -40.755366 -5.594730 12.681437 13.929580 -32.246215 -18.375071 -6.623934 -22.051074 15.108766 0.006673 -1.467135 4.268918 2.905672 0.000000 0.000000 -0.000000 17.536604 -8.820621 9.408065 9.789838 9.101772 0.838692 10.815235 -5.318757 -9.742981 0.000000 0.000000 -0.000000
-1.828942 0.958895 0.885223 -83.825390 4.329965 -3.737293 1.840947 3.199254 1.867937 0.721789 -4.396468 0.819317 0.719797 1.423504 0.892607 0.606087 6.904970 0.672555 -2.431391 18.223414 1.451033 -4.945673 -2.083858 3.464903 0.443195 9.308199 7.443757 -7.664631 -22.957519 67.706923 74.529933 10.844875 33.164512 -0.715612 15.141915 -5.448338 0.068698 5.124456 -6.328546 16.722173 -15.196801 -63.857078 -59.270756 58.514150 -39.925741 -5.804132 12.525345 14.015404 -33.014954 -17.908516 -5.825582 -23.620671 17.850766 -0.570159 -2.834254 2.512499 1.679811 0.000000 -0.000000 -0.000000 18.968194 -7.743117 8.905160 9.290215 7.613403 0.876922 11.041738 -4.694852 -9.284696 0.000000 0.000000 0.000000
-1.827938 0.960523 0.894722 -84.835170 4.184239 -3.900776 1.910173 3.085636 1.932403 0.749662 -4.446360 0.848133 0.747520 1.373583 0.924257 0.629301 6.867582 0.696419 -2.225203 18.144137 1.454113 -4.571311 -2.241151 3.406904 0.416667 9.344684 7.332199 -7.595957 -23.288264 67.399753 75.620660 11.347307 34.141667 0.047552 15.223711 -4.451233 0.372638 5.016364 -6.409927 17.564516 -14.462370 -63.990125 -58.112234 57.240082 -38.990362 -6.044384 12.363721 13.927996 -32.781537 -17.540556 -5.171245 -23.653486 20.535624 -1.144426 -3.075365 0.550132 0.527998 -0.000000 0.000000 -0.000000 20.229665 -6.765561 8.343065 8.938098 6.290210 0.809201 11.198117 -4.178559 -8.779562 0.000000 0.000000 -0.000000
-1.826949 0.961628 0.903847 -85.726265 4.090363 -3.966519 1.920276 2.974723 1.947161 0.753827 -4.495552 0.855192 0.751608 1.324381 0.931734 0.633002 6.830687 0.702072 -2.004086 18.018213 1.475395 -4.176771 -2.484357 3.378779 0.350730 9.324227 7.259421 -7.626078 -23.661102 67.105867 76.732911 11.790373 35.188569 0.823622 15.239766 -3.465602 0.660965 4.860560 -6.487949 18.253759 -13.666942 -64.060779 -56.958006 56.053299 -38.067994 -6.322879 12.199316 13.713164 -31.633883 -17.121171 -4.632046 -22.593030 23.073747 -1.492719 -2.569212 -1.409174 -0.644804 -0.000000 -0.000000 0.000000 21.476459 -5.870393 7.750400 8.514310 5.050275 0.674005 11.317553 -3.709198 -8.260027 -0.000000 0.000000 -0.000000
-1.826008 0.962479 0.912504 -86.532254 4.006837 -4.006612 1.904760 2.884602 1.947927 0.747244 -4.535673 0.856079 0.744997 1.284266 0.931949 0.628128 6.800590 0.702260 -1.785770 17.884014 1.506658 -3.790531 -2.741811 3.369467 0.295301 9.298974 7.234631 -7.694727 -24.013414 66.865785 77.657743 12.111461 36.105456 1.425550 15.185147 -2.761760 0.882392 4.696523 -6.607182 18.879960 -12.968282 -64.081078 -55.969201 55.209037 -37.389751 -6.578466 12.085038 13.518766 -30.128790 -16.530979 -3.951495 -20.351478 24.898072 -1.357908 -1.592259 -3.142845 -0.743216 0.000000 -0.000000 0.000000 22.487502 -5.019501 7.214798 8.117881 3.925189 0.505980 11.565934 -3.343657 -7.776872 0.000000 -0.000000 -0.000000
-1.825084 0.963127 0.920597 -87.312885 3.910180 -4.050404 1.885620 2.828350 1.941880 0.739260 -4.560778 0.853784 0.737004 1.259173 0.928843 0.621944 6.781757 0.699938 -1.566041 17.749036 1.552358 -3.406301 -2.999910 3.385632 0.294054 9.280320 7.280997 -7.795531 -24.344968 66.662178 78.294061 12.232959 36.842974 1.742302 15.047637 -2.471967 1.026810 4.502993 -6.804230 19.491054 -12.396216 -63.995249 -55.262997 54.820236 -37.087264 -6.802675 12.050437 13.418082 -28.441446 -15.729535 -2.958211 -16.276523 25.811291 -0.572143 -0.033968 -4.854662 0.968570 0.000000 0.000000 -0.000000 23.239537 -4.165469 6.786719 7.701002 2.869833 0.277601 12.088606 -3.101745 -7.345361 -0.000000 -0.000000 -0.000000
-1.824208 0.963521 0.928221 -88.008523 3.824651 -4.068985 1.840881 2.792350 1.920565 0.720585 -4.577064 0.844733 0.718362 1.242909 0.917894 0.607174 6.769527 0.691711 -1.349582 17.605767 1.607353 -3.031146 -3.272715 3.419601 0.302548 9.259381 7.375607 -7.937275 -24.654574 66.512094 78.723400 12.267422 37.439944 1.866079 14.866654 -2.454544 1.105059 4.298493 -7.042956 20.042656 -11.922227 -63.865381 -54.642942 54.783907 -36.948613 -7.008069 12.068744 13.341596 -26.387350 -14.779504 -1.806065 -11.019958 25.975278 0.558297 2.028076 -6.807317 3.536783 0.000000 0.000000 -0.000000 23.760137 -3.360063 6.406946 7.316063 1.925482 0.020624 12.734350 -2.969168 -6.948895 0.000000 -0.000000 0.000000
-1.823502 0.963788 0.935570 -88.473391 3.778793 -4.046689 1.737693 2.755726 1.896256 0.676061 -4.593875 0.834693 0.673951 1.226154 0.903335 0.572814 6.756891 0.680810 -1.167591 17.469626 1.647772 -2.713950 -3.531120 3.437341 0.238374 9.256904 7.456915 -8.085503 -24.873195 66.505245 79.012577 12.457326 37.831130 1.911038 14.724535 -2.563847 1.096179 4.182845 -7.261716 20.482744 -11.615203 -63.878100 -53.768769 55.032521 -36.660873 -7.170253 12.109471 13.223396 -23.984309 -13.710155 -0.724156 -6.498216 25.383457 1.455207 4.088924 -8.697523 5.789678 -0.000000 -0.000000 0.000000 23.907585 -2.720650 5.993868 7.209388 1.254272 -0.154755 13.222733 -2.949232 -6.591540 -0.000000 0.000000 0.000000
-1.823054 0.963975 0.942631 -88.676189 3.800583 -3.988347 1.561622 2.697021 1.867428 0.599424 -4.620784 0.823154 0.597516 1.199338 0.884021 0.514101 6.736669 0.666382 -1.025246 17.349130 1.671779 -2.463575 -3.759390 3.437187 0.055004 9.296464 7.507645 -8.138530 -24.962577 66.692288 79.143904 12.936983 37.900459 1.929768 14.650370 -2.755078 0.973632 4.198432 -7.443418 20.899580 -11.530836 -64.117194 -52.574429 55.661872 -36.208286 -7.275646 12.176160 13.088269 -21.197862 -12.427455 0.292206 -3.392871 23.786363 1.767959 6.063172 -10.237907 7.773008 0.000000 0.000000 -0.000000 23.526249 -2.254277 5.506426 7.582469 0.825310 -0.195548 13.482039 -3.019147 -6.269805 -0.000000 0.000000 0.000000
-1.822777 0.964033 0.949417 -88.648204 3.862215 -3.890137 1.327161 2.637475 1.835607 0.496957 -4.648288 0.810570 0.495338 1.171938 0.861035 0.435810 6.715974 0.649221 -0.917473 17.235178 1.680091 -2.271320 -3.974769 3.419286 -0.201058 9.353410 7.543620 -8.200029 -24.953584 67.018782 79.140739 13.582902 37.760860 1.871645 14.613211 -3.070894 0.761716 4.303494 -7.609712 21.202475 -11.614108 -64.499473 -51.063638 56.561900 -35.547525 -7.337841 12.265451 12.913253 -18.066933 -11.048259 1.288102 -1.064773 21.499449 1.619435 7.993371 -11.627187 9.669396 -0.000000 -0.000000 -0.000000 22.773560 -1.960841 4.984104 8.236133 0.665911 -0.173904 13.581492 -3.196236 -5.988098 0.000000 0.000000 0.000000
-1.822535 0.963944 0.956155 -88.337574 3.908000 -3.723494 1.044757 2.620454 1.817336 0.372306 -4.657043 0.804073 0.371067 1.163267 0.841873 0.341211 6.709293 0.634977 -0.859740 17.116476 1.652211 -2.158964 -4.198212 3.351484 -0.472237 9.374233 7.553981 -8.543262 -24.880563 67.415088 79.141096 14.244890 37.695299 1.698303 14.601667 -3.498816 0.514543 4.473449 -7.757852 21.068569 -11.769169 -64.958785 -49.011028 57.336911 -34.338719 -7.375340 12.337144 12.558613 -14.739515 -9.890072 2.081067 0.600843 19.351704 1.370322 9.665092 -12.731109 10.718631 0.000000 0.000000 -0.000000 21.980126 -1.941653 4.471888 8.817737 1.030117 -0.170931 13.452888 -3.539102 -5.762209 0.000000 -0.000000 0.000000
-1.822295 0.963858 0.962921 -87.678816 3.915570 -3.470890 0.695627 2.663507 1.809209 0.217241 -4.639311 0.802322 0.216497 1.181071 0.824375 0.223989 6.722438 0.622058 -0.856451 16.989850 1.593789 -2.136850 -4.435256 3.245993 -0.756459 9.332117 7.543858 -9.329601 -24.766268 67.918671 79.189976 14.957842 37.843102 1.372794 14.620703 -4.047885 0.231201 4.709612 -7.887929 20.278536 -11.994274 -65.493356 -45.963413 57.816146 -32.198902 -7.376048 12.377401 12.007397 -10.819402 -9.112138 2.574132 1.426821 17.558134 1.282152 11.227684 -13.261380 10.865185 -0.000000 -0.000000 0.000000 21.252825 -2.174405 3.962830 9.210850 1.903814 -0.191112 13.049947 -4.045756 -5.605989 0.001783 0.073003 -0.089526
-1.822091 0.963625 0.969641 -86.737594 3.902081 -3.150075 0.298067 2.747769 1.814496 0.039787 -4.603386 0.806864 0.039596 1.217045 0.810909 0.090303 6.749195 0.612254 -0.903039 16.858268 1.498275 -2.194227 -4.681002 3.089195 -1.055056 9.252385 7.510373 -10.393921 -24.584038 68.488147 79.247366 15.690300 38.059848 0.935008 14.656542 -4.712051 -0.089302 5.011123 -7.998836 19.049246 -12.310037 -66.088756 -42.381840 58.082847 -29.537801 -7.357031 12.406149 11.274652 -6.722717 -8.506316 2.852805 1.618410 15.809922 1.218408 12.578821 -13.193362 10.363726 -0.000000 -0.000000 0.000000 20.495744 -2.674688 3.463375 9.542358 3.303716 -0.210239 12.416680 -4.714863 -5.494249 0.003270 0.145903 -0.179139
-1.821879 0.962763 0.976323 -85.658943 3.871243 -2.785637 -0.081971 2.861798 1.859676 -0.132082 -4.554160 0.829178 -0.131781 1.266257 0.815765 -0.037898 6.785869 0.616295 -1.001195 16.719823 1.326855 -2.320392 -4.940330 2.809868 -1.315443 9.159382 7.431318 -11.520177 -24.303929 68.936969 79.315590 16.190291 38.211777 0.463420 14.672559 -5.455555 -0.393049 5.350375 -8.083612 17.712900 -12.649729 -66.665215 -39.471012 58.199968 -27.253903 -7.385330 12.434057 10.267312 -3.822903 -7.815995 2.984494 1.858291 14.128891 1.089892 13.186029 -12.594202 8.884041 -0.000000 -0.000000 0.000000 19.739954 -3.595540 3.037813 9.828392 5.534620 -0.253804 11.620464 -5.606589 -5.377899 0.000000 -0.000000 -0.000000
-1.821563 0.960918 0.982919 -84.410769 3.852518 -2.298960 -0.439750 2.994616 1.915950 -0.294694 -4.496618 0.856450 -0.293940 1.323708 0.826512 -0.158736 6.828705 0.624806 -1.174117 16.575607 1.061960 -2.552049 -5.210995 2.383568 -1.574165 9.071371 7.239800 -12.752871 -23.891645 69.367482 79.440700 16.382336 38.317656 -0.066328 14.648911 -6.362297 -0.746281 5.752865 -8.110889 16.309393 -12.992707 -67.186589 -37.608629 58.237197 -25.552144 -7.496971 12.463494 8.733194 -2.952609 -6.865195 2.939615 2.413772 12.345038 0.894104 12.610346 -11.084030 5.549822 -0.000000 -0.000000 0.000000 18.950462 -5.075870 2.620447 10.020161 8.906008 -0.335712 10.692951 -7.132575 -5.158752 -0.002200 -0.173015 0.676357
-1.821240 0.958445 0.989477 -83.025462 3.808908 -1.769314 -0.780641 3.154635 2.014234 -0.452111 -4.427014 0.902572 -0.450949 1.393198 0.856657 -0.274272 6.880555 0.648020 -1.398885 16.425824 0.721001 -2.852721 -5.492949 1.834670 -1.795167 8.971467 7.002094 -14.047488 -23.388616 69.680460 79.564847 16.339726 38.367497 -0.618895 14.597466 -7.349741 -1.084354 6.191632 -8.106880 14.799248 -13.367458 -67.683981 -36.443319 58.220726 -24.241819 -7.679224 12.485695 6.921654 -3.285571 -5.820713 2.711531 3.019299 10.618140 0.737814 11.195450 -9.061877 1.222731 -0.000000 -0.000000 0.000000 18.182344 -6.977222 2.256654 10.183993 13.110983 -0.393923 9.598144 -8.880870 -4.894531 -0.007199 -0.560157 1.623480
-1.821159 0.955930 0.996156 -81.745708 3.658073 -1.460853 -1.052943 3.359436 2.269984 -0.587638 -4.337504 1.018635 -0.586252 1.482623 0.958960 -0.368242 6.947273 0.725755 -1.607523 16.267802 0.317260 -3.100350 -5.792900 1.163649 -1.815612 8.832235 6.892888 -15.074044 -22.902132 69.398412 79.529122 16.027720 38.191104 -1.034159 14.545339 -8.128794 -1.157727 6.564485 -8.152681 13.400806 -13.760997 -68.201638 -36.070753 58.233284 -23.591386 -7.903264 12.485568 5.496370 -3.693863 -4.952147 2.411838 3.546980 9.497200 0.714335 9.720293 -7.740698 -1.865209 -0.000000 0.000000 0.000000 17.571349 -9.036465 2.185153 10.511532 17.527293 -0.324541 8.310272 -9.679177 -4.784251 -0.034793 -1.952029 2.433398
-1.821466 0.953305 1.002841 -80.628091 3.315876 -1.601576 -1.223672 3.667309 2.827675 -0.694891 -4.202434 1.268659 -0.693528 1.617618 1.198061 -0.431199 7.047859 0.906902 -1.787393 16.064427 -0.215963 -3.247183 -6.181342 0.242279 -1.460492 8.586521 7.022538 -15.730598 -22.430116 68.115724 79.345251 15.229087 37.642754 -1.202373 14.542140 -8.590932 -0.763038 6.838235 -8.307546 12.064204 -14.217998 -68.776839 -36.777032 58.339171 -23.908513 -8.154823 12.466507 4.649598 -3.745197 -4.349473 2.102431 4.019175 9.339418 0.983715 8.322755 -7.741886 -2.552686 0.000016 0.017070 -0.008175 16.973277 -11.278205 2.682677 11.327454 22.154927 0.036447 6.640028 -8.781916 -4.906016 -0.113109 -5.071511 2.860930
-1.822016 0.950638 1.009647 -79.613176 2.885655 -1.969763 -1.323493 4.014273 3.545090 -0.780075 -4.050100 1.589243 -0.778770 1.769833 1.509976 -0.472316 7.161029 1.143178 -1.950312 15.857498 -0.813512 -3.336785 -6.576967 -0.806288 -0.900534 8.305231 7.269480 -16.173200 -21.964437 66.266876 79.028086 14.144896 36.894436 -1.244406 14.556022 -8.841682 -0.106404 7.067066 -8.516505 10.848795 -14.679612 -69.393122 -38.295782 58.467451 -24.895428 -8.421939 12.416550 4.194065 -3.855247 -3.916756 1.708047 4.421261 9.763858 1.454145 6.951381 -8.452375 -1.990033 0.000009 0.034116 -0.016395 16.445614 -13.680240 3.481569 12.383832 26.977689 0.670858 4.757746 -6.939724 -5.171090 -0.245436 -9.199125 3.165587
-1.822628 0.948725 1.017075 -78.774165 2.565502 -2.150769 -1.398660 4.242005 4.102547 -0.845376 -3.950427 1.838249 -0.844000 1.869376 1.752382 -0.503470 7.234764 1.326868 -2.066289 15.758162 -1.263079 -3.390001 -6.768699 -1.599824 -0.494569 8.163591 7.472575 -16.430022 -21.622555 64.616871 78.399547 13.366085 36.238931 -1.355608 14.497289 -8.913479 0.450969 7.268388 -8.689061 10.132881 -14.956707 -70.026157 -39.882500 58.502867 -25.901888 -8.653457 12.307738 4.226302 -4.164136 -3.631640 1.150483 4.553092 10.235565 1.802820 6.228798 -9.086410 -1.359687 -0.000000 -0.000000 -0.000000 16.471291 -15.917368 3.992778 12.936115 31.364485 1.265172 3.189831 -5.222289 -5.574272 -0.418721 -12.966457 3.683404
-1.823172 0.947915 1.025443 -78.199598 2.431523 -1.936689 -1.448851 4.282912 4.354825 -0.881704 -3.933101 1.951039 -0.880239 1.886640 1.861516 -0.522592 7.247247 1.409530 -2.120635 15.825372 -1.459077 -3.419823 -6.646711 -1.946425 -0.415493 8.284483 7.595132 -16.242445 -21.537423 63.279552 77.114483 13.018884 35.680695 -1.602977 14.260569 -8.737344 0.767285 7.429892 -8.792020 10.194513 -14.946229 -70.733375 -41.273346 58.361105 -26.682553 -8.804645 12.105850 5.035992 -4.793738 -3.567572 0.331578 4.143314 10.678963 1.877404 6.702269 -9.408299 -1.081168 -0.000045 -0.102930 0.054498 17.431090 -17.916384 3.943419 12.475876 35.316673 1.409934 2.124197 -3.970862 -6.332471 -0.677116 -16.073028 4.799838
-1.823778 0.947859 1.034434 -77.803566 2.398203 -1.528219 -1.475260 4.214004 4.442224 -0.897611 -3.964112 1.990093 -0.896106 1.855612 1.898941 -0.531670 7.223809 1.437750 -2.130181 15.994562 -1.504265 -3.420918 -6.333305 -2.029732 -0.496518 8.539444 7.685895 -15.823652 -21.569871 62.112152 75.492010 12.964348 35.205026 -1.923355 13.961320 -8.376113 0.990116 7.549124 -8.857656 10.744619 -14.720321 -71.452937 -42.718420 58.128851 -27.479765 -8.941836 11.861963 6.326789 -5.622579 -3.671727 -0.655900 3.455654 11.190729 1.808755 7.834047 -9.672629 -0.759275 -0.000305 -0.256928 0.133799 19.043603 -19.726890 3.553958 11.347188 38.855783 1.275545 1.353891 -2.841208 -7.266375 -1.014538 -18.821875 6.124439
-1.824659 0.948294 1.043600 -77.401986 2.412761 -1.120195 -1.529064 4.098654 4.470368 -0.922014 -4.015951 2.002959 -0.920406 1.803732 1.909313 -0.549003 7.184789 1.445476 -2.112745 16.188070 -1.497962 -3.390517 -5.973984 -2.027199 -0.588539 8.725046 7.721580 -15.876592 -21.481070 61.486089 74.313843 13.436390 35.024766 -2.313159 13.829231 -8.069219 1.194899 7.641456 -8.890197 11.305769 -14.363876 -71.979518 -44.232399 57.975913 -28.355403 -9.154599 11.671099 7.319675 -6.436531 -3.722901 -1.603698 3.069006 11.502065 1.692749 8.637157 -9.833352 -0.368595 -0.000893 -0.459973 0.222548 20.848910 -21.217870 2.971584 10.043525 41.395024 1.316595 0.872595 -1.871994 -7.804021 -1.242911 -20.754795 6.779511
-1.825947 0.949370 1.052874 -76.897215 2.472853 -0.763843 -1.651713 3.940006 4.459105 -0.974437 -4.087639 1.998812 -0.972586 1.731944 1.899848 -0.588619 7.130810 1.438233 -2.062964 16.420936 -1.453286 -3.313991 -5.540965 -1.965570 -0.643887 8.752835 7.675286 -16.784759 -21.191563 61.727108 73.926494 14.872811 35.254625 -2.870406 14.009400 -7.879663 1.410099 7.711615 -8.880811 11.729711 -13.850249 -72.219374 -45.847291 57.896011 -29.314054 -9.493586 11.572791 7.766819 -7.273359 -3.641259 -2.436239 3.378218 11.491940 1.556368 8.647060 -9.840226 0.154025 -0.002104 -0.758991 0.303268 23.037730 -22.293048 2.037848 8.453201 42.617528 1.753614 0.755073 -1.188348 -7.733734 -1.224615 -21.575356 6.415179
-1.827511 0.950937 1.062323 -76.385915 2.580464 -0.406682 -1.800810 3.735305 4.388066 -1.035049 -4.179875 1.968103 -1.032903 1.639603 1.862988 -0.636326 7.061500 1.410228 -1.985039 16.677391 -1.356432 -3.203542 -5.063608 -1.817320 -0.707747 8.712899 7.572134 -18.151970 -20.783420 62.493762 74.015344 16.868308 35.746309 -3.494573 14.353963 -7.754748 1.608034 7.752142 -8.838857 12.165101 -13.222383 -72.261137 -47.540642 57.891686 -30.353748 -9.885777 11.517245 7.919957 -8.102912 -3.502298 -3.228172 3.982511 11.271020 1.379413 8.332228 -9.731804 0.754620 -0.003964 -1.107095 0.393439 25.406846 -23.010255 0.934144 6.672229 42.828623 2.324950 0.961963 -0.676320 -7.279922 -1.021133 -21.563281 5.357651
-1.829158 0.952283 1.071705 -75.976349 2.691188 -0.089674 -1.903665 3.537468 4.303341 -1.074496 -4.268535 1.930819 -1.072099 1.550879 1.821703 -0.668550 6.994991 1.378829 -1.910866 16.835233 -1.268581 -3.096565 -4.769584 -1.682830 -0.768972 8.671025 7.467142 -19.523720 -20.288952 63.173953 74.343879 18.409599 36.314590 -3.887541 14.633470 -7.765835 1.779112 7.762631 -8.795882 12.585649 -12.682361 -72.187216 -49.275982 58.145791 -31.546619 -10.201220 11.456104 7.758810 -8.614597 -3.292283 -4.002175 4.270012 10.919576 1.210450 8.100506 -9.591635 1.292957 -0.006299 -1.361511 0.530133 26.855685 -23.572560 0.362265 5.591023 42.375841 2.860190 1.338456 -0.017116 -6.514886 -0.694294 -21.122527 3.722586
-1.830852 0.953232 1.080862 -75.671670 2.795149 0.167784 -1.937639 3.360700 4.223263 -1.083765 -4.347189 1.895043 -1.081188 1.472212 1.784996 -0.677890 6.936096 1.350850 -1.862604 16.830252 -1.215520 -3.025566 -4.778274 -1.601278 -0.836037 8.637205 7.372310 -20.880719 -19.692656 63.575672 74.977495 19.108954 37.013535 -3.876551 14.769550 -8.020099 1.902327 7.743981 -8.758581 12.964338 -12.304840 -72.018580 -51.170519 58.776947 -33.030688 -10.390662 11.362547 7.130315 -8.645334 -2.952542 -4.765478 3.888002 10.399056 1.074364 8.135287 -9.423190 1.700280 -0.008294 -1.434725 0.739193 26.845824 -24.127201 0.640753 5.725463 41.312740 3.401822 1.799291 1.015771 -5.283929 -0.250974 -20.752269 0.946182
-1.832631 0.953961 1.089951 -75.468996 2.904650 0.384521 -1.925960 3.191579 4.129852 -1.072145 -4.421997 1.852978 -1.069446 1.397426 1.744117 -0.671942 6.880184 1.319690 -1.818390 16.726840 -1.173861 -2.958425 -4.969841 -1.538049 -0.900720 8.601587 7.275684 -22.238866 -19.014684 63.885488 75.824543 19.341514 37.805253 -3.636447 14.835339 -8.406019 1.998581 7.694912 -8.721517 13.330973 -12.020020 -71.741038 -53.211363 59.653008 -34.760353 -10.514178 11.264189 6.187829 -8.362344 -2.525298 -5.509201 3.188527 9.757911 0.959955 8.251774 -9.227741 2.044332 -0.009200 -1.414074 0.994583 25.873675 -24.583130 1.502384 6.584705 39.606093 3.929156 2.384118 2.177935 -3.702740 0.287942 -19.903885 -2.377565
-1.834415 0.954280 1.099200 -75.468127 3.010238 0.575661 -1.865411 3.041445 4.015457 -1.037951 -4.487897 1.801261 -1.035225 1.331585 1.695868 -0.649727 6.831064 1.282948 -1.744500 16.596170 -1.131402 -2.836677 -5.212169 -1.483478 -0.927863 8.599698 7.197138 -23.209320 -18.369853 64.089682 76.361993 19.256063 38.353435 -3.391610 14.822712 -8.662583 2.121302 7.612683 -8.697944 13.743454 -11.810231 -71.387705 -55.151410 60.591318 -36.517497 -10.599232 11.197808 5.372130 -7.946120 -2.148404 -6.236116 2.620024 9.206927 0.861012 8.301048 -9.090633 2.388497 -0.010021 -1.419057 1.255708 24.395878 -24.833403 2.762622 7.596221 37.480006 4.225882 3.135636 3.109098 -2.258030 0.665116 -17.474738 -4.330824
-1.836148 0.954091 1.108623 -75.751448 3.110461 0.761666 -1.729416 2.919171 3.865200 -0.968652 -4.540722 1.733167 -0.966030 1.278880 1.634805 -0.602282 6.791923 1.236515 -1.637228 16.442028 -1.081681 -2.655482 -5.498124 -1.427145 -0.878860 8.674405 7.142548 -23.615494 -17.770562 64.202433 76.308511 18.729153 38.428720 -3.194614 14.678364 -8.682085 2.310489 7.482169 -8.696365 14.206047 -11.699430 -70.935892 -56.979941 61.597851 -38.314548 -10.645837 11.187065 4.799171 -7.345909 -1.865741 -6.962750 2.330199 8.801775 0.773462 8.174227 -9.041728 2.749365 -0.012523 -1.494624 1.511836 22.352211 -24.815668 4.438784 8.892043 34.946356 4.332113 4.253346 3.635685 -1.074551 0.617018 -11.992338 -3.661963
-1.837886 0.953493 1.118205 -76.236781 3.208890 0.920851 -1.544832 2.815196 3.694849 -0.876909 -4.585056 1.655923 -0.874470 1.234696 1.566880 -0.538602 6.759236 1.184905 -1.500694 16.260422 -1.030636 -2.420264 -5.835108 -1.378762 -0.792268 8.782223 7.106662 -23.641798 -17.211210 64.230897 75.948282 17.889326 38.271764 -2.992814 14.456209 -8.569897 2.525908 7.318141 -8.708186 14.712453 -11.667939 -70.410351 -58.741268 62.676462 -40.165939 -10.649751 11.212357 4.352272 -6.608460 -1.635132 -7.676167 2.172390 8.482616 0.692672 7.977452 -9.047836 3.111267 -0.016467 -1.595780 1.773848 19.827294 -24.508085 6.484538 10.445470 32.012202 4.306506 5.531345 3.966375 0.002121 0.300750 -5.015683 -1.601670
-1.839719 0.952589 1.128136 -76.777211 3.302537 1.005252 -1.388540 2.712698 3.543128 -0.798796 -4.629098 1.587220 -0.796519 1.190772 1.506113 -0.484601 6.726667 1.138746 -1.312086 16.110724 -0.983218 -2.086639 -6.112944 -1.356669 -0.749091 8.829154 7.092280 -23.446867 -16.781905 64.158812 75.598571 17.282301 38.234575 -2.853818 14.304307 -8.388451 2.700965 7.163059 -8.720065 15.306033 -11.629568 -69.913037 -60.146176 63.669494 -41.740529 -10.613705 11.241741 4.126302 -6.055963 -1.477408 -8.338633 2.154648 8.280974 0.602370 7.884113 -9.100192 3.488988 -0.021073 -1.707204 2.033725 17.511708 -23.907621 8.602387 11.486079 28.864744 3.991751 6.445387 4.338343 0.843666 -0.000000 0.000000 -0.000000
-1.841761 0.951403 1.138383 -77.375102 3.379390 0.984129 -1.278642 2.610865 3.422715 -0.743004 -4.673337 1.532775 -0.740839 1.146607 1.457328 -0.446412 6.693809 1.101684 -1.044096 16.016449 -0.944159 -1.602005 -6.287644 -1.379914 -0.787716 8.782183 7.098903 -22.969819 -16.535577 63.953311 75.293542 17.110793 38.418316 -2.822433 14.286161 -8.145682 2.819410 7.028357 -8.728859 16.049097 -11.553612 -69.499397 -60.795029 64.530125 -42.658609 -10.509879 11.265817 4.249140 -5.783018 -1.411398 -8.920726 2.284147 8.230750 0.495408 7.996171 -9.210790 3.882347 -0.025987 -1.827871 2.282346 15.620547 -22.987229 10.778941 11.876962 25.450239 3.334810 6.784184 4.946666 1.265044 -0.119310 1.288706 0.322237
-1.843899 0.949911 1.148978 -78.028482 3.449033 0.888238 -1.197388 2.509686 3.321621 -0.700986 -4.717569 1.487139 -0.698892 1.102426 1.415957 -0.417967 6.660878 1.070258 -0.723218 15.953384 -0.907245 -1.017845 -6.403484 -1.427081 -0.870650 8.675187 7.127365 -22.273540 -16.417842 63.652800 74.992494 17.175045 38.710374 -2.852072 14.338085 -7.835544 2.897602 6.902862 -8.736658 16.880756 -11.469078 -69.113124 -60.955531 65.337588 -43.174115 -10.357185 11.284139 4.593928 -5.690397 -1.428823 -9.451498 2.556676 8.292934 0.377648 8.210533 -9.372130 4.290371 -0.031583 -1.958832 2.528859 13.989754 -21.780850 12.983455 11.887079 21.767579 2.507008 6.798885 5.592982 1.365310 -0.071476 0.645253 0.153336
-1.845877 0.948157 1.160207 -78.584000 3.540478 0.762137 -1.167878 2.394278 3.241511 -0.682981 -4.768534 1.451151 -0.680875 1.051488 1.381806 -0.406912 6.622806 1.044323 -0.407014 15.909764 -0.861279 -0.445460 -6.482363 -1.456156 -0.965600 8.514882 7.182360 -21.701130 -16.358102 63.339380 74.883151 17.425716 39.123341 -2.870694 14.417309 -7.500539 2.918143 6.795799 -8.738214 17.661617 -11.375432 -68.688493 -61.336064 66.123271 -43.908423 -10.227029 11.282703 4.872775 -5.809842 -1.512615 -9.980110 2.962745 8.389344 0.253899 8.394052 -9.546800 4.726879 -0.037556 -2.087790 2.792644 12.707164 -20.462509 14.933725 11.318750 18.047943 1.675829 6.665442 5.924306 1.416887 -0.000000 -0.000000 0.000000
-1.847628 0.946141 1.172113 -79.002565 3.667033 0.618689 -1.208119 2.256227 3.179306 -0.696795 -4.830069 1.423468 -0.694566 0.989942 1.352730 -0.419241 6.576692 1.022248 -0.096576 15.894192 -0.795498 0.108918 -6.508641 -1.446362 -1.064973 8.274826 7.280285 -21.365797 -16.367653 62.994256 75.133401 17.954173 39.782883 -2.848940 14.525548 -7.121569 2.855342 6.717394 -8.734166 18.391111 -11.259361 -68.218352 -62.045058 66.880673 -44.963684 -10.133357 11.257837 5.049332 -6.257877 -1.682768 -10.510695 3.613411 8.496948 0.120332 8.502053 -9.741009 5.198486 -0.043054 -2.190556 3.077948 11.726287 -19.010813 16.605532 9.813351 14.203422 0.773507 6.422823 5.699816 1.547643 -0.000000 0.000000 0.000000
-1.849219 0.943862 1.184652 -79.323610 3.815518 0.444963 -1.300472 2.104984 3.138470 -0.734803 -4.897851 1.405488 -0.732358 0.922110 1.330890 -0.449092 6.525788 1.005649 0.209278 15.898450 -0.720864 0.651342 -6.497632 -1.418346 -1.177712 7.982676 7.406696 -21.150424 -16.438402 62.632422 75.596546 18.655318 40.575723 -2.809331 14.660846 -6.716709 2.734976 6.658364 -8.724897 19.071014 -11.129718 -67.711986 -63.023017 67.606654 -46.289327 -10.063064 11.217575 5.158948 -6.917517 -1.921035 -11.033774 4.398375 8.631840 -0.020354 8.578575 -9.946718 5.699513 -0.048604 -2.291006 3.380578 11.076967 -17.502127 18.053341 7.738931 10.241849 0.003504 6.052269 5.158857 1.658220 -0.000000 -0.000000 0.000000
-1.850593 0.941357 1.197975 -79.511529 3.976735 0.247025 -1.414533 1.953063 3.129831 -0.784065 -4.966133 1.401885 -0.781346 0.853757 1.322283 -0.486342 6.474437 0.999044 0.455970 15.886305 -0.659736 1.088716 -6.517265 -1.394225 -1.295101 7.724906 7.517937 -21.056716 -16.471828 62.381629 75.964881 19.200670 41.140500 -2.766598 14.774902 -6.386205 2.616800 6.598540 -8.704906 19.564587 -11.017257 -67.129270 -64.851700 68.313476 -48.399372 -10.051204 11.176581 5.020729 -7.471592 -2.148527 -11.582619 4.975334 8.780833 -0.151724 8.625876 -10.103014 6.226015 -0.056377 -2.448835 3.707436 10.905292 -16.289995 19.163920 5.834692 6.622160 -0.261683 5.629269 4.675156 1.685104 -0.000000 0.000000 -0.000000
-1.851768 0.938584 1.212134 -79.558410 4.152247 0.018645 -1.543527 1.799336 3.165503 -0.842132 -5.035406 1.418034 -0.839094 0.784403 1.332542 -0.528740 6.422270 1.006680 0.621848 15.852442 -0.629897 1.387342 -6.577797 -1.399420 -1.409647 7.555535 7.586511 -21.103165 -16.444684 62.301243 76.179093 19.535500 41.350661 -2.711776 14.858257 -6.136160 2.532126 6.529839 -8.678802 19.797299 -10.920473 -66.433252 -68.062742 69.011992 -51.808399 -10.152083 11.150689 4.509290 -7.848171 -2.361293 -12.165301 5.260369 8.976600 -0.258858 8.650902 -10.235310 6.769067 -0.065430 -2.636815 4.062520 11.419572 -15.477933 19.860732 3.796970 3.369709 0.070793 4.963354 4.416612 1.484587 0.000000 -0.000000 0.000000
-1.852726 0.935586 1.227077 -79.472473 4.341844 -0.232860 -1.694525 1.645749 3.232704 -0.911505 -5.104862 1.448247 -0.908099 0.714842 1.355716 -0.578608 6.369884 1.024058 0.728487 15.802776 -0.614404 1.581197 -6.668374 -1.410190 -1.527427 7.419220 7.637802 -21.274924 -16.378652 62.328676 76.277619 19.727635 41.319311 -2.661359 14.920284 -5.961731 2.449619 6.460162 -8.641979 19.842757 -10.834410 -65.662771 -72.307290 69.585493 -56.172107 -10.337215 11.124387 3.752203 -8.119889 -2.556902 -12.777972 5.339625 9.195380 -0.354935 8.650246 -10.317159 7.337274 -0.077459 -2.881908 4.442226 12.362407 -14.996121 20.261531 1.777739 0.528658 0.722071 4.256968 4.190837 1.171495 0.000000 -0.000000 0.000000
-1.853353 0.932524 1.242800 -79.242047 4.534143 -0.480695 -1.857626 1.509004 3.304209 -0.986540 -5.166980 1.480360 -0.982738 0.652595 1.380209 -0.632611 6.322957 1.042435 0.785747 15.718004 -0.583864 1.678271 -6.825319 -1.375714 -1.659550 7.237763 7.706392 -21.526818 -16.240797 62.408146 76.074048 19.650826 41.027538 -2.676076 14.941945 -5.947935 2.334862 6.393276 -8.574734 19.785599 -10.786557 -64.890550 -76.719672 69.885816 -60.591710 -10.510450 11.066645 2.945779 -8.187213 -2.655125 -13.442186 5.124025 9.348568 -0.464089 8.617854 -10.210233 7.951351 -0.101121 -3.325150 4.842787 13.170667 -14.930002 20.541281 1.151713 -1.366307 1.216099 4.155806 3.873157 1.067639 -0.000000 -0.000000 0.000000
-1.853552 0.929427 1.259264 -78.836898 4.743434 -0.693113 -2.038869 1.386910 3.358843 -1.068878 -5.222715 1.504949 -1.064638 0.596709 1.396437 -0.692691 6.280806 1.054586 0.788482 15.582566 -0.528429 1.665406 -7.077841 -1.275838 -1.823213 6.958207 7.812863 -21.869111 -15.987014 62.533739 75.484658 19.237482 40.444778 -2.768126 14.913370 -6.130587 2.161302 6.321097 -8.465190 19.672555 -10.781721 -64.099312 -80.966162 69.845467 -64.706726 -10.636878 10.941214 2.032348 -7.916463 -2.602647 -14.186122 4.476092 9.399935 -0.600852 8.528506 -9.916694 8.648289 -0.138347 -3.955352 5.241215 13.451663 -15.331227 20.760274 2.957472 -2.001013 1.271742 5.192896 3.355674 1.631197 0.000000 0.000000 0.000000
-1.853419 0.926266 1.276508 -78.287052 4.957042 -0.900097 -2.231952 1.281397 3.417129 -1.156747 -5.271214 1.531178 -1.152048 0.548039 1.413752 -0.756833 6.244049 1.067571 0.741136 15.412274 -0.458675 1.554051 -7.396169 -1.131124 -2.002303 6.633617 7.936433 -22.290971 -15.660644 62.707698 74.604445 18.545096 39.615397 -2.917968 14.842787 -6.475030 1.955402 6.252145 -8.325296 19.456464 -10.814517 -63.305930 -85.048939 69.555204 -68.544240 -10.752723 10.779669 1.066734 -7.444601 -2.440187 -14.981322 3.530419 9.404150 -0.747825 8.425332 -9.433558 9.389020 -0.192644 -4.783523 5.662279 13.591509 -16.138854 20.844289 6.151182 -1.670827 1.108142 6.810369 2.696780 2.351723 -0.000000 -0.000000 0.000000
-1.853131 0.923123 1.294644 -77.671172 5.123603 -1.168540 -2.408213 1.214906 3.514294 -1.239285 -5.302448 1.574786 -1.234182 0.516631 1.448985 -0.815700 6.220180 1.094113 0.667912 15.234674 -0.375874 1.389054 -7.728486 -0.951949 -2.157757 6.344786 8.049708 -22.715401 -15.360945 62.889862 73.518251 17.633760 38.636091 -3.136558 14.738395 -6.961607 1.762496 6.214830 -8.171193 19.081505 -10.900462 -62.633239 -88.576221 69.201818 -71.771362 -10.837641 10.660387 0.411731 -7.076158 -2.234254 -15.764263 2.604729 9.403586 -0.882428 8.416267 -8.618207 10.078235 -0.281283 -5.983326 6.176371 14.205568 -17.267999 20.745672 9.014653 -0.785623 0.946826 8.024140 2.203450 2.167975 0.000000 -0.000000 0.000000
-1.852745 0.919816 1.313711 -77.004861 5.228643 -1.578820 -2.548809 1.193734 3.698278 -1.310460 -5.313704 1.657192 -1.305047 0.505212 1.524165 -0.863129 6.211173 1.150841 0.567463 15.060008 -0.290237 1.171278 -8.055401 -0.756485 -2.247381 6.086931 8.116103 -23.221309 -15.059708 63.105605 72.231635 16.446789 37.511283 -3.438720 14.578523 -7.642746 1.626697 6.253157 -7.978347 18.441189 -11.041386 -62.151655 -91.528953 68.856863 -74.362859 -10.858072 10.611656 0.216009 -6.942721 -1.957666 -16.461216 1.832760 9.334623 -1.014765 8.564087 -7.472056 10.745423 -0.418155 -7.612603 6.766023 15.581533 -18.811115 20.431551 11.358640 0.697310 0.928199 8.432794 2.043372 0.405939 -0.000000 -0.000000 -0.000000
-1.852204 0.916525 1.333668 -76.272342 5.290696 -2.051843 -2.671911 1.209906 3.921347 -1.376015 -5.308484 1.757144 -1.370344 0.510277 1.617465 -0.905035 6.214454 1.221297 0.441308 14.877620 -0.192080 0.899749 -8.396497 -0.527034 -2.312377 5.863924 8.170622 -23.729184 -14.784893 63.333165 70.773824 15.015097 36.272136 -3.786084 14.378457 -8.468314 1.505065 6.321381 -7.770671 17.642546 -11.238992 -61.787762 -93.978832 68.511632 -76.407167 -10.819056 10.612103 0.330422 -6.909345 -1.640596 -17.143404 1.078988 9.259556 -1.135702 8.837223 -6.003508 11.363454 -0.611440 -9.611179 7.458966 17.463068 -20.666336 19.844686 13.388345 2.707321 1.073171 8.370218 2.341190 -2.173136 -0.000000 -0.000000 0.000000
-1.851511 0.913876 1.354507 -75.504872 5.305127 -2.416761 -2.804294 1.265691 4.075500 -1.442756 -5.285519 1.826537 -1.436857 0.533079 1.680085 -0.950215 6.231130 1.268685 0.317925 14.683610 -0.052593 0.616595 -8.758683 -0.220027 -2.437902 5.769224 8.295201 -23.926900 -14.721677 63.468152 69.247648 13.542337 35.036053 -4.127535 14.205345 -9.265550 1.311534 6.314664 -7.637705 16.949165 -11.506127 -61.449102 -95.824025 68.248022 -77.905180 -10.748974 10.669715 0.672024 -6.879495 -1.439440 -17.969521 0.264411 9.403223 -1.197918 9.203169 -4.078892 11.750489 -0.883059 -11.970590 8.407589 19.660217 -22.444162 18.912994 13.973479 4.677567 1.183141 8.001127 3.267414 -4.345677 0.000000 0.000000 -0.000000
-1.850621 0.912011 1.376647 -74.703619 5.266003 -2.603990 -2.963056 1.365852 4.116679 -1.516252 -5.242598 1.845823 -1.510156 0.575808 1.691909 -1.004384 6.262926 1.277842 0.222879 14.468838 0.156692 0.358434 -9.158538 0.208597 -2.688273 5.895561 8.577033 -23.490653 -15.024461 63.297088 67.550968 11.915891 33.748656 -4.479106 14.086190 -10.047599 0.990091 6.159054 -7.663103 16.478552 -11.836211 -61.061742 -97.178815 68.086759 -78.990213 -10.660332 10.812173 1.266422 -6.833957 -1.400668 -19.056136 -0.615442 9.806044 -1.162677 9.810429 -1.558216 11.694186 -1.310026 -14.958699 9.816320 22.832202 -24.114594 17.315619 11.764839 6.324402 0.982831 7.257589 5.175857 -5.682504 0.000000 -0.000000 -0.000000
-1.849580 0.910787 1.399669 -73.866949 5.174416 -2.685240 -3.130965 1.507541 4.089967 -1.590943 -5.180973 1.835129 -1.584711 0.637227 1.673631 -1.061815 6.308860 1.264378 0.130074 14.242000 0.407175 0.086510 -9.579389 0.715643 -2.994229 6.151276 8.932354 -22.742959 -15.537580 63.021368 65.795655 10.236688 32.477431 -4.834947 13.993478 -10.803642 0.595119 5.931088 -7.762242 16.109250 -12.233188 -60.699108 -98.004935 68.033583 -79.614069 -10.533074 11.012083 2.089124 -6.786675 -1.467964 -20.292254 -1.541894 10.434674 -1.080011 10.504007 1.416486 11.415905 -1.899587 -18.283098 11.552511 26.385758 -25.597804 15.330275 8.085569 7.993649 0.549705 6.256482 7.495863 -6.643145 -0.000000 0.000000 -0.000000
-1.848525 0.910399 1.422302 -73.021941 5.033213 -2.701797 -3.283559 1.683017 4.021137 -1.657055 -5.103939 1.805878 -1.650782 0.714073 1.637672 -1.114251 6.366473 1.237646 -0.009329 14.026804 0.642872 -0.269648 -9.976611 1.215065 -3.244278 6.352150 9.187466 -22.347942 -15.992457 63.177495 64.349881 9.065487 31.452446 -5.141257 13.921723 -11.324434 0.205701 5.752939 -7.773539 15.747486 -12.724632 -60.491042 -97.985225 68.146044 -79.519169 -10.359781 11.190340 2.982399 -6.690985 -1.643526 -21.498104 -2.551439 11.402529 -1.042220 10.807691 4.570718 11.343491 -2.479182 -21.085964 13.263224 28.128839 -26.588807 13.986519 5.803051 10.075202 0.105361 5.537101 8.847496 -7.323884 0.000000 0.000000 -0.000000
-1.847375 0.910857 1.444124 -72.185089 4.846231 -2.648338 -3.420390 1.897893 3.894585 -1.713598 -5.008867 1.751157 -1.707384 0.808978 1.577214 -1.161455 6.437771 1.192505 -0.224396 13.817403 0.875242 -0.769533 -10.359766 1.740301 -3.421634 6.388564 9.253401 -22.770516 -16.325080 64.221275 63.307014 8.801863 30.784299 -5.428069 13.869058 -11.460476 -0.173173 5.658363 -7.585769 15.511228 -13.352162 -60.522704 -97.147806 68.424189 -78.774139 -10.150781 11.290479 4.020983 -6.420674 -1.949700 -22.729929 -3.858516 12.825223 -1.037158 10.469314 8.152004 11.897840 -2.936067 -23.407366 14.615786 26.204216 -27.111465 14.252533 6.687095 13.170607 -0.331482 5.356721 8.415992 -7.713875 0.000000 0.000000 0.000000
-1.846211 0.912152 1.465558 -71.340700 4.606713 -2.532437 -3.542424 2.147771 3.727176 -1.761721 -4.897780 1.678503 -1.755663 0.919914 1.499670 -1.203711 6.521190 1.134527 -0.485394 13.621379 1.094633 -1.353369 -10.714258 2.261723 -3.547772 6.370410 9.217589 -23.555312 -16.586128 65.716240 62.522473 9.081607 30.287157 -5.690601 13.847848 -11.362262 -0.544205 5.613713 -7.309413 15.287915 -14.078197 -60.710917 -95.412061 68.860772 -77.254590 -9.914845 11.356909 5.130805 -6.090922 -2.358458 -23.938052 -5.242044 14.588957 -1.114116 9.791091 11.955803 12.562292 -3.253064 -25.181829 15.941259 22.361763 -27.222074 15.295272 8.986519 16.627399 -0.753403 5.473373 7.010344 -7.826760 -0.000000 0.000000 -0.000000
-1.845422 0.914446 1.486604 -70.467387 4.303689 -2.414998 -3.626823 2.408657 3.593430 -1.794731 -4.781629 1.620893 -1.788927 1.035961 1.438700 -1.233453 6.608411 1.089055 -0.752330 13.482074 1.212982 -1.908863 -10.962725 2.595503 -3.571583 6.440148 9.170467 -23.977672 -16.722832 66.870801 61.986804 9.327183 29.739098 -5.821734 13.872037 -11.263888 -0.839922 5.637269 -7.117731 14.636370 -14.812547 -60.924137 -92.209396 69.473307 -74.323054 -9.641775 11.466087 5.933154 -6.025967 -2.819667 -24.781288 -6.099940 16.431967 -1.419683 9.020944 14.989930 12.397397 -3.237933 -25.410556 17.662059 19.777211 -26.911635 15.502707 10.304502 18.959855 -0.951071 5.680156 5.714656 -7.720734 0.000000 -0.000000 0.000000
-1.845225 0.918076 1.507558 -69.572090 3.880877 -2.290590 -3.643970 2.700841 3.518040 -1.800891 -4.651391 1.589219 -1.795494 1.166187 1.406396 -1.241042 6.706211 1.065245 -1.035963 13.414509 1.162144 -2.426972 -11.080886 2.615040 -3.423578 6.698079 9.149474 -23.658711 -16.695272 67.356681 61.718586 9.205468 28.931593 -5.786191 13.960357 -11.371324 -1.043826 5.758869 -7.107190 13.133375 -15.529319 -61.075741 -86.636328 70.293640 -69.096036 -9.359654 11.664511 6.212245 -6.570308 -3.374403 -25.159005 -6.329717 18.198275 -2.062174 7.800764 16.928027 10.714475 -2.447639 -22.844509 20.324125 20.019576 -26.107258 14.018866 9.401726 19.429847 -0.781429 5.985826 4.869357 -7.334645 0.000045 0.017706 -0.014219
-1.845404 0.922705 1.528123 -68.648702 3.394214 -2.168977 -3.623476 3.002817 3.478849 -1.792127 -4.516760 1.573519 -1.787185 1.300846 1.391578 -1.236155 6.807292 1.054622 -1.325556 13.404765 1.010521 -2.914246 -11.094438 2.444733 -3.172000 7.042995 9.122558 -22.966667 -16.570506 67.492632 61.690962 9.061156 28.087028 -5.620935 14.095021 -11.476870 -1.173866 5.948154 -7.180405 11.192764 -16.251826 -61.225660 -79.058750 71.026557 -61.911096 -9.031497 11.921357 6.195113 -7.392322 -4.008362 -25.173015 -6.070443 20.021729 -2.888841 6.322319 18.015418 8.247191 -0.826082 -18.878600 23.091263 21.460620 -24.850906 11.796471 7.503891 18.839413 -0.362583 6.393431 4.131078 -6.735987 0.000049 0.035428 -0.028419
-1.845691 0.927476 1.547411 -67.654271 3.004196 -2.130858 -3.630288 3.226510 3.477152 -1.796795 -4.417392 1.574199 -1.792139 1.400189 1.391771 -1.240013 6.881781 1.055199 -1.548347 13.450803 0.873426 -3.279154 -11.006203 2.273132 -2.970997 7.314442 9.073070 -22.293013 -16.484130 67.454408 61.817468 9.324622 27.651245 -5.310392 14.228868 -11.191846 -1.214766 6.130663 -7.222216 9.632405 -16.965602 -61.481351 -71.273241 71.299452 -54.414149 -8.542943 12.202906 6.175378 -7.816689 -4.597619 -24.782691 -5.068565 22.090002 -3.547208 5.670486 18.223117 6.325570 0.622868 -16.502767 24.573260 22.519243 -23.510688 9.893144 5.889386 18.014111 0.042668 6.702755 3.564995 -6.161370 -0.000000 -0.000000 -0.000000
-1.845938 0.932178 1.564966 -66.580537 2.797769 -2.229132 -3.689843 3.318850 3.526747 -1.826606 -4.377136 1.597294 -1.821996 1.440346 1.411834 -1.260969 6.911739 1.070590 -1.660772 13.571613 0.780855 -3.450605 -10.781404 2.138638 -2.885257 7.436057 9.000383 -21.727777 -16.489533 67.192119 62.055065 10.138293 27.910743 -4.817713 14.304636 -10.320938 -1.107969 6.273068 -7.182692 8.747575 -17.680571 -61.978584 -64.148764 71.205202 -47.429880 -7.820065 12.543398 6.166187 -7.607593 -5.172241 -23.896059 -2.809102 24.656257 -3.731068 6.608822 17.384871 5.361722 1.021598 -17.039108 24.153912 22.637611 -22.301271 8.646961 5.018842 17.180431 0.298469 6.862077 3.202471 -5.684719 -0.000147 -0.120743 0.095633
-1.846294 0.937021 1.581245 -65.434072 2.693376 -2.405084 -3.776768 3.331128 3.608745 -1.869683 -4.372896 1.634526 -1.864984 1.444450 1.444698 -1.290766 6.914575 1.095533 -1.705041 13.747350 0.704337 -3.497854 -10.456510 2.005221 -2.850984 7.485712 8.899957 -21.184970 -16.514688 66.759403 62.460422 11.350221 28.599251 -4.123076 14.370940 -9.072521 -0.911294 6.405617 -7.112342 8.260341 -18.381218 -62.620429 -57.527095 70.718967 -40.820420 -6.932512 12.922469 6.195367 -7.020394 -5.741908 -22.610181 0.283636 27.525568 -3.424605 8.377019 15.766640 4.744897 0.802466 -18.855371 22.379876 22.409250 -21.069036 7.664007 4.410689 16.079618 0.503279 6.929101 3.016319 -5.225192 -0.000643 -0.294600 0.233931
-1.846929 0.941776 1.596723 -64.193207 2.598419 -2.570812 -3.879066 3.332711 3.673979 -1.918629 -4.373450 1.664324 -1.913805 1.443731 1.469526 -1.325522 6.913806 1.114398 -1.736471 13.915609 0.670124 -3.538054 -10.144421 1.946899 -2.829816 7.535338 8.745435 -20.791850 -16.520287 66.489678 63.078262 12.946433 29.340586 -3.229707 14.534873 -7.663178 -0.782561 6.548458 -7.048489 8.130315 -19.020017 -63.184368 -52.369575 69.568704 -35.510694 -6.005277 13.199988 6.563611 -6.107352 -6.152386 -21.161333 3.033103 30.202706 -2.815164 9.863348 14.056581 4.424318 0.493406 -20.465069 19.881605 22.052678 -19.735039 6.797014 3.933188 14.762068 0.675016 6.872142 2.988167 -4.784638 -0.001601 -0.478331 0.383591
-1.847987 0.946539 1.611473 -62.825752 2.490530 -2.714982 -4.005940 3.344537 3.715391 -1.977355 -4.369520 1.683747 -1.972394 1.447448 1.482979 -1.368456 6.916383 1.124706 -1.764722 14.057993 0.698344 -3.597678 -9.878087 2.005903 -2.807194 7.626170 8.497532 -20.618064 -16.499706 66.574883 64.003483 15.132425 30.012844 -1.963576 14.912966 -5.972045 -0.815253 6.737171 -7.005679 8.536535 -19.618092 -63.634187 -49.287860 67.707859 -32.103057 -4.987587 13.318093 7.522204 -4.666160 -6.257762 -19.531522 5.086059 32.524349 -2.011811 10.699359 12.363228 4.656217 0.259382 -21.555063 16.678244 21.613243 -18.246096 6.025864 3.609065 13.158002 0.814694 6.625048 3.172174 -4.365824 -0.003370 -0.698449 0.540353
-1.849325 0.951214 1.625424 -61.363995 2.391935 -2.849438 -4.148103 3.346721 3.739680 -2.041919 -4.369872 1.695609 -2.036797 1.446866 1.488287 -1.416349 6.915764 1.128861 -1.779661 14.190565 0.768801 -3.648776 -9.628751 2.139378 -2.797485 7.721099 8.196468 -20.593934 -16.472889 66.824495 65.149887 17.704731 30.793432 -0.439713 15.367624 -4.152897 -0.915188 6.937984 -6.968488 9.297926 -20.156711 -64.015668 -47.705882 65.369408 -30.100707 -4.006982 13.314467 8.818187 -2.886691 -6.271207 -17.715893 6.765326 34.600886 -0.995461 11.263791 10.450120 5.210575 0.067575 -22.319460 12.804684 21.049205 -16.659140 5.373282 3.406495 11.329494 0.895503 6.259392 3.517879 -3.966005 -0.006030 -0.928667 0.708181
-1.850691 0.955282 1.638840 -59.883072 2.272198 -2.924795 -4.265048 3.349021 3.720535 -2.092956 -4.369622 1.687965 -2.087694 1.446942 1.475476 -1.455455 6.915768 1.119311 -1.807712 14.303227 0.845421 -3.727254 -9.415618 2.289987 -2.805534 7.772918 7.935723 -20.639000 -16.445778 66.997927 66.264518 20.045559 31.714988 0.807128 15.658227 -2.804221 -0.959308 7.067828 -6.930975 9.819568 -20.541365 -64.206063 -46.832838 62.726198 -28.814730 -3.431455 13.192765 9.936261 -1.412591 -6.510136 -15.984267 7.777690 36.368010 -0.085299 11.665809 8.541766 5.624253 -0.016684 -22.482027 9.328101 20.439107 -15.052657 4.765031 3.122417 9.532433 0.915985 5.946944 3.847722 -3.578877 -0.007930 -1.046505 0.868285
-1.852053 0.958573 1.651863 -58.392929 2.098241 -2.913422 -4.343990 3.360359 3.641338 -2.124010 -4.364576 1.653351 -2.118673 1.451873 1.437713 -1.481493 6.919579 1.090886 -1.863870 14.396322 0.915656 -3.856525 -9.237858 2.439924 -2.842623 7.752569 7.738182 -20.760574 -16.399595 67.003349 67.326931 21.943683 32.823434 1.457551 15.680608 -2.152455 -0.884289 7.076348 -6.892607 9.821176 -20.715549 -64.089812 -46.353749 59.654862 -27.990844 -3.427126 12.901388 10.692140 -0.478014 -7.047186 -14.436570 7.777823 37.852210 0.386271 12.001523 6.711525 5.888861 -0.041816 -22.039404 6.673409 19.849938 -13.388332 4.150894 2.586571 7.774771 0.895528 5.796299 4.130482 -3.205866 -0.006718 -0.960972 1.012177
-1.853444 0.961257 1.664351 -56.884184 1.897833 -2.845753 -4.397067 3.374944 3.519224 -2.141353 -4.357519 1.599449 -2.136001 1.458857 1.382043 -1.498640 6.925044 1.048908 -1.933625 14.469662 0.991054 -4.013781 -9.095700 2.605301 -2.898160 7.687400 7.577459 -20.950541 -16.343472 66.932217 68.378739 23.593564 34.050198 1.740695 15.566199 -1.926251 -0.755693 7.012303 -6.859021 9.575443 -20.748173 -63.763460 -46.301908 56.300985 -27.627051 -3.787970 12.502450 11.198779 0.138016 -7.754537 -12.994878 6.980646 39.047340 0.481821 12.217443 4.920518 6.147507 -0.050097 -21.281775 4.527032 19.214593 -11.707388 3.578022 1.978427 6.051464 0.837892 5.696777 4.395189 -2.845512 -0.002844 -0.762847 1.148472
-1.854715 0.963328 1.676142 -55.402790 1.731137 -2.757950 -4.421208 3.380276 3.378653 -2.144763 -4.354154 1.537065 -2.139408 1.462215 1.319317 -1.505863 6.927864 1.001554 -1.999704 14.513386 1.070891 -4.166659 -9.008163 2.778576 -2.944340 7.611229 7.472768 -21.105927 -16.322092 66.818374 69.230748 24.995023 35.202302 1.884515 15.452507 -1.953997 -0.643838 6.941006 -6.833224 9.314270 -20.732839 -63.413098 -46.558548 53.213569 -27.514430 -4.243998 12.172158 11.387224 0.468708 -8.589787 -11.681873 5.937502 39.874405 0.454680 12.239402 3.303871 6.229988 -0.049602 -20.522438 2.891266 18.414805 -10.210507 3.103905 1.625533 4.598584 0.717609 5.487296 4.554488 -2.486353 0.001138 -0.602149 1.284371
-1.855711 0.964671 1.687032 -53.971183 1.630880 -2.655625 -4.414106 3.367163 3.218894 -2.133105 -4.358589 1.465761 -2.127747 1.457831 1.249202 -1.502321 6.924940 0.948548 -2.059203 14.523551 1.162276 -4.312896 -8.982420 2.972388 -2.970159 7.509048 7.441901 -21.204187 -16.353875 66.630563 69.774267 26.045546 36.246967 1.900506 15.380295 -2.286033 -0.567870 6.862188 -6.810265 9.071162 -20.644153 -63.037844 -47.128191 50.443621 -27.566524 -4.720814 11.961962 11.119656 0.493056 -9.615391 -10.552716 4.717904 40.399223 0.361260 12.056615 1.919075 6.059629 -0.049594 -19.950967 1.862970 17.387354 -9.019930 2.763095 1.714550 3.551266 0.464228 5.069045 4.568194 -2.108938 0.003409 -0.544888 1.425544
-1.856587 0.965401 1.697224 -52.566715 1.562935 -2.529488 -4.378148 3.346302 3.040016 -2.107578 -4.366134 1.385648 -2.102251 1.450373 1.171675 -1.488961 6.919754 0.889891 -2.116313 14.503600 1.255930 -4.456901 -9.012216 3.170988 -2.987838 7.391453 7.465538 -21.267751 -16.417701 66.397615 70.089609 26.856062 37.182118 1.749059 15.305716 -2.858417 -0.508932 6.776950 -6.795784 8.814476 -20.509010 -62.635041 -47.927131 47.933257 -27.777145 -5.224981 11.796502 10.543508 0.237337 -10.737253 -9.551021 3.257365 40.552581 0.101738 11.705781 0.709868 5.764562 -0.056687 -19.446940 1.325392 16.207096 -8.022499 2.496984 2.066265 2.771868 0.124090 4.537603 4.480660 -1.731207 0.004855 -0.524959 1.566390
-1.857652 0.965851 1.707166 -51.167434 1.489070 -2.392265 -4.317631 3.333194 2.867781 -2.071552 -4.370139 1.308393 -2.066304 1.446502 1.098077 -1.467484 6.917253 0.834200 -2.164579 14.455227 1.326187 -4.576641 -9.096002 3.323747 -3.002689 7.330704 7.511175 -21.263269 -16.506557 66.243924 70.247874 27.763269 37.865579 1.601892 15.243284 -3.348114 -0.477915 6.754418 -6.803309 8.676605 -20.494640 -62.394060 -48.793582 46.066243 -28.126120 -5.633293 11.677727 10.046823 -0.190374 -11.688010 -8.523770 1.980363 40.066924 -0.197360 11.179942 -0.355417 5.439871 -0.057319 -18.802669 0.957891 14.964835 -7.065990 2.218841 2.457462 2.083567 -0.164448 4.023073 4.330724 -1.398391 0.006317 -0.494305 1.697313
-1.859010 0.966054 1.717003 -49.785148 1.396976 -2.249430 -4.221303 3.332754 2.710621 -2.020456 -4.368447 1.237709 -2.015342 1.448392 1.032587 -1.434150 6.919056 0.784629 -2.199742 14.366271 1.362682 -4.660871 -9.257368 3.410277 -3.020192 7.362166 7.581165 -21.165406 -16.636372 66.213055 70.261153 28.899684 38.225240 1.555154 15.192242 -3.637038 -0.483140 6.838316 -6.840753 8.727828 -20.692335 -62.395861 -49.777931 45.038274 -28.686851 -5.955124 11.635249 9.764989 -0.810006 -12.368093 -7.377581 1.037332 38.789035 -0.519034 10.346997 -1.304187 5.052258 -0.056942 -18.106405 0.777459 13.610410 -6.093208 1.902163 2.887359 1.422717 -0.341199 3.593625 4.114693 -1.127663 0.008646 -0.436769 1.898571
-1.860557 0.965979 1.726589 -48.408168 1.298320 -2.096134 -4.100502 3.339704 2.560911 -1.958893 -4.363473 1.170209 -1.953947 1.453581 0.971333 -1.392679 6.923308 0.738241 -2.227326 14.250329 1.372993 -4.722398 -9.470585 3.446315 -3.032342 7.448315 7.678717 -21.000675 -16.800961 66.258164 70.073865 30.144906 38.325627 1.523873 15.153300 -3.844705 -0.513896 6.987463 -6.893724 8.898231 -21.000727 -62.572200 -50.874773 44.648281 -29.406279 -6.209334 11.655079 9.571403 -1.596515 -12.870742 -6.190923 0.370457 36.887999 -0.823462 9.343771 -2.115584 4.598597 -0.067302 -17.271063 0.770368 12.193650 -5.163663 1.567658 3.357165 0.849848 -0.464227 3.179699 3.833605 -0.901451 0.010907 -0.368497 2.089876
-1.862289 0.965858 1.735930 -46.979451 1.190977 -1.931279 -3.993413 3.353195 2.420775 -1.903972 -4.355820 1.107105 -1.899188 1.461409 0.913796 -1.355913 6.929491 0.694679 -2.254480 14.148466 1.360209 -4.773635 -9.658896 3.438177 -3.023343 7.554199 7.774099 -20.814405 -16.964611 66.370115 69.652214 31.455638 38.236854 1.418514 15.144447 -4.005679 -0.552155 7.143235 -6.941847 9.108222 -21.293692 -62.887531 -51.870056 44.695853 -30.098590 -6.314160 11.692805 9.466165 -2.372772 -13.229970 -5.070284 0.074435 34.593627 -0.956610 8.542532 -2.730655 4.213689 -0.057665 -15.813767 0.585433 10.951812 -4.295059 1.211500 3.645407 0.374003 -0.564624 2.706079 3.531647 -0.713668 0.011672 -0.290217 2.020741
-1.864211 0.965767 1.745013 -45.494089 1.071995 -1.743467 -3.912238 3.373178 2.284824 -1.860824 -4.345486 1.046110 -1.856179 1.471886 0.857178 -1.327886 6.937634 0.651852 -2.288690 14.084527 1.323133 -4.826826 -9.777795 3.385101 -2.975720 7.687799 7.858875 -20.590047 -17.134300 66.571286 68.893741 32.829957 37.893914 1.202092 15.178580 -4.103230 -0.593601 7.292815 -6.983448 9.371145 -21.545925 -63.361629 -52.693931 45.216416 -30.692568 -6.211241 11.734421 9.512110 -3.169935 -13.443491 -4.006555 0.306930 31.884454 -0.915963 8.080807 -3.143547 3.958768 -0.019509 -13.303673 0.023744 10.018964 -3.480404 0.823643 3.644472 -0.014361 -0.645731 2.141319 3.235025 -0.564805 0.009344 -0.188574 1.446007
-1.866317 0.965630 1.753852 -43.957175 0.942613 -1.545083 -3.844855 3.399281 2.158776 -1.824347 -4.332602 0.989675 -1.819826 1.484893 0.804447 -1.304559 6.947645 0.611987 -2.321406 14.036400 1.264885 -4.868121 -9.868612 3.290741 -2.906283 7.840926 7.943821 -20.343434 -17.311883 66.837704 67.854576 34.252959 37.331881 0.917906 15.236868 -4.145038 -0.642678 7.448776 -7.019950 9.675360 -21.768711 -63.973630 -53.466763 46.183718 -31.273826 -5.964251 11.797840 9.656724 -3.948839 -13.515301 -3.006771 0.869122 28.802001 -0.792160 7.794288 -3.345902 3.793578 0.014966 -10.152063 -0.617396 9.260233 -2.720692 0.426689 3.463511 -0.303791 -0.695094 1.517598 2.917399 -0.452573 0.004354 -0.077905 0.610773
-1.868586 0.965462 1.762496 -42.326546 0.807860 -1.370915 -3.793005 3.429262 2.061177 -1.796299 -4.318315 0.946039 -1.791895 1.499266 0.763655 -1.286665 6.958610 0.581159 -2.335402 13.975708 1.195579 -4.870324 -9.984208 3.168902 -2.852403 7.956026 8.023866 -20.168778 -17.447286 67.096563 66.767616 35.664916 36.783259 0.592816 15.287194 -4.199452 -0.695480 7.589037 -7.038931 9.900844 -21.896111 -64.614503 -54.235318 47.312024 -31.875987 -5.667313 11.888040 9.727499 -4.426754 -13.497126 -2.204462 1.267025 25.651657 -0.592691 7.582073 -3.269040 3.726797 0.035601 -7.152399 -0.967686 8.511088 -2.044029 0.069245 3.206571 -0.452463 -0.717890 0.855451 2.544754 -0.366004 -0.000000 0.000000 -0.000000
-1.871026 0.965270 1.770919 -40.574715 0.663247 -1.236649 -3.763851 3.465668 2.000636 -1.780323 -4.301570 0.919113 -1.776018 1.516053 0.738343 -1.276661 6.971306 0.562058 -2.325534 13.895188 1.109379 -4.821782 -10.138610 3.006832 -2.836219 7.998682 8.092574 -20.091995 -17.512256 67.347201 65.690064 37.084836 36.311122 0.177631 15.308705 -4.306619 -0.773124 7.718547 -7.026822 10.017691 -21.899244 -65.271938 -54.969481 48.540394 -32.456752 -5.271051 12.023836 9.699811 -4.417216 -13.380008 -1.662524 1.230934 22.445824 -0.309089 7.406322 -2.805387 3.842816 0.041915 -4.377808 -0.820022 7.719500 -1.460564 -0.228674 2.904487 -0.438179 -0.713196 0.150950 2.100197 -0.302297 -0.001022 0.021206 -0.149727
-1.873629 0.965046 1.779148 -38.728996 0.514954 -1.127775 -3.750400 3.503291 1.968805 -1.772827 -4.284554 0.905108 -1.768590 1.533094 0.725099 -1.272086 6.984146 0.552098 -2.297400 13.803290 1.010327 -4.734071 -10.315585 2.813708 -2.837214 8.004400 8.151900 -20.087137 -17.531658 67.597021 64.566832 38.492258 35.848917 -0.278815 15.317026 -4.420808 -0.854835 7.830641 -6.998112 10.051683 -21.804088 -65.946278 -55.707194 49.933449 -33.054517 -4.821833 12.189618 9.601071 -4.105735 -13.170558 -1.306477 0.986727 19.143746 0.003031 7.277832 -2.074338 4.097769 0.025351 -1.785992 -0.381443 6.941484 -0.959495 -0.488223 2.528250 -0.283599 -0.677000 -0.591698 1.599650 -0.261374 -0.000466 0.010570 -0.074869
-1.876352 0.964777 1.787308 -36.829245 0.384921 -1.032498 -3.733186 3.527788 1.958058 -1.764700 -4.273504 0.900373 -1.760511 1.544176 0.721193 -1.266323 6.992485 0.549170 -2.250533 13.693782 0.921588 -4.615484 -10.525353 2.633217 -2.828996 8.020580 8.208937 -20.171158 -17.526502 67.788130 63.501081 39.783892 35.460083 -0.605998 15.341543 -4.491040 -0.874665 7.886283 -6.985092 9.966236 -21.635667 -66.544699 -56.594383 51.390137 -33.836386 -4.555736 12.344396 9.331161 -3.768535 -12.943655 -1.067851 0.786510 15.963526 0.283483 7.184877 -1.342083 4.292327 -0.000000 0.000000 -0.000000 6.175544 -0.539877 -0.727045 2.092235 -0.014763 -0.611349 -1.339942 1.058218 -0.236509 0.000000 0.000000 -0.000000
-1.879149 0.964454 1.795428 -34.867748 0.287933 -0.953395 -3.708700 3.529573 1.974169 -1.754664 -4.272728 0.907372 -1.750503 1.544981 0.729208 -1.258225 6.993070 0.555202 -2.183710 13.564775 0.850129 -4.466419 -10.771064 2.477922 -2.800717 8.063078 8.265213 -20.392449 -17.494478 67.886247 62.607062 40.924761 35.227336 -0.717255 15.427472 -4.511374 -0.787346 7.845079 -7.006846 9.683027 -21.376820 -67.031895 -57.711399 52.923445 -34.894181 -4.582612 12.481358 8.827578 -3.485262 -12.700757 -0.937358 0.724931 12.930875 0.538260 7.135991 -0.752052 4.298268 -0.011018 0.523496 0.110342 5.371387 -0.231370 -0.954957 1.612242 0.393428 -0.500778 -2.062937 0.465389 -0.226226 -0.000000 -0.000000 -0.000000
-1.882066 0.964086 1.803480 -32.852003 0.210208 -0.885748 -3.680624 3.515957 2.009662 -1.743984 -4.278922 0.922864 -1.739833 1.538816 0.745783 -1.248992 6.988397 0.567673 -2.098732 13.417117 0.786308 -4.286358 -11.051554 2.330106 -2.762833 8.115851 8.321040 -20.703383 -17.428448 67.929800 61.802751 41.959185 35.085376 -0.702240 15.540896 -4.503616 -0.639825 7.749334 -7.051695 9.281757 -21.048932 -67.438520 -59.035688 54.512850 -36.190036 -4.795084 12.612320 8.147133 -3.176950 -12.427977 -0.921156 0.694659 10.021603 0.759502 7.138897 -0.149413 4.251803 -0.006529 0.260550 0.060769 4.580767 -0.004289 -1.165612 1.074731 0.915093 -0.357470 -2.791016 -0.169394 -0.230127 -0.000000 0.000000 -0.000000
-1.885201 0.963678 1.811504 -30.844781 0.129295 -0.806558 -3.640160 3.499821 2.037054 -1.727345 -4.286104 0.934650 -1.723212 1.531691 0.759261 -1.235523 6.983030 0.577791 -1.999931 13.247548 0.727873 -4.082594 -11.372756 2.187248 -2.720208 8.177551 8.383962 -20.976645 -17.343252 67.967795 60.896994 42.900414 34.877272 -0.651454 15.596036 -4.461468 -0.504106 7.684662 -7.102793 8.963912 -20.739520 -67.774204 -60.559058 56.003530 -37.701976 -5.101134 12.724974 7.365854 -2.880134 -12.179535 -0.984819 0.659829 7.390715 0.905447 7.184577 0.646726 4.343846 0.000000 0.000000 -0.000000 3.954029 0.231192 -1.349537 0.448380 1.447940 -0.225763 -3.583582 -0.800721 -0.243403 0.000000 -0.000000 -0.000000
-1.888605 0.963226 1.819509 -28.862459 0.035975 -0.708387 -3.582627 3.487413 2.045888 -1.702149 -4.291421 0.938069 -1.698060 1.526456 0.765242 -1.216218 6.979117 0.582230 -1.881720 13.044929 0.678525 -3.846172 -11.755294 2.054296 -2.664754 8.258811 8.464359 -21.162633 -17.238571 68.014136 59.791801 43.703307 34.519138 -0.574356 15.526838 -4.396723 -0.398434 7.687325 -7.155931 8.804409 -20.489122 -68.014312 -62.460329 57.366221 -39.572620 -5.527611 12.826778 6.421770 -2.532777 -11.975154 -1.147350 0.682814 5.093114 0.995259 7.204423 1.750598 4.604645 -0.000000 0.000000 0.000000 3.636716 0.516034 -1.491814 -0.341655 1.943820 -0.128000 -4.502428 -1.409928 -0.270731 -0.000583 0.011756 -0.106273
-1.892226 0.962734 1.827488 -26.888746 -0.062020 -0.599208 -3.512617 3.473817 2.046734 -1.670979 -4.297167 0.937825 -1.666952 1.520798 0.768159 -1.192677 6.974899 0.584336 -1.750725 12.819443 0.631061 -3.586078 -12.180257 1.919487 -2.604102 8.347705 8.553436 -21.310879 -17.116000 68.056676 58.586133 44.401609 34.095132 -0.453718 15.401677 -4.298833 -0.303686 7.721455 -7.210300 8.727918 -20.266464 -68.184291 -64.599385 58.612050 -41.697061 -6.043920 12.910230 5.374667 -2.196532 -11.784152 -1.393205 0.701245 3.077226 1.046185 7.263134 3.029945 5.034417 0.000000 -0.000000 0.000000 3.483138 0.808863 -1.601766 -1.222130 2.450248 -0.038842 -5.485733 -2.015902 -0.304495 -0.001202 0.023437 -0.212554
-1.896003 0.962227 1.835461 -24.937499 -0.162691 -0.480072 -3.435153 3.456448 2.044277 -1.636295 -4.304529 0.936036 -1.632332 1.513537 0.769892 -1.166586 6.969490 0.585535 -1.629013 12.600836 0.568873 -3.336302 -12.592297 1.759037 -2.567275 8.410216 8.627748 -21.442123 -16.997234 68.102474 57.368515 45.124654 33.692094 -0.336673 15.331552 -4.120806 -0.235221 7.762585 -7.250358 8.709211 -20.048666 -68.369616 -66.392520 59.677687 -43.588073 -6.462733 12.943878 4.482867 -2.092207 -11.593814 -1.641138 0.502014 1.340129 1.055615 7.539539 4.278207 5.773889 -0.000000 -0.000000 0.000000 3.206246 1.075376 -1.707500 -2.003129 3.008532 0.067289 -6.407608 -2.629374 -0.322965 -0.000000 -0.000000 -0.000000
-1.899859 0.961739 1.843402 -22.998096 -0.263404 -0.350659 -3.354749 3.436877 2.041092 -1.600259 -4.312853 0.933894 -1.596363 1.505317 0.771407 -1.139501 6.963364 0.586564 -1.517907 12.393994 0.487662 -3.097326 -12.982361 1.565201 -2.582248 8.423607 8.673379 -21.562202 -16.892546 68.152793 56.181649 45.955980 33.365828 -0.236490 15.376662 -3.814494 -0.211731 7.807457 -7.269874 8.765285 -19.835654 -68.614239 -67.573907 60.563626 -45.021838 -6.708893 12.891005 3.829731 -2.315066 -11.407409 -1.889997 -0.096315 -0.141652 1.076056 8.231472 5.550688 7.068664 -0.000000 -0.000000 -0.000000 2.658624 1.275852 -1.841842 -2.596347 3.668982 0.221892 -7.207481 -3.257009 -0.315735 0.005220 -0.078009 0.848383
-1.903872 0.961235 1.851337 -21.081213 -0.367811 -0.211263 -3.266857 3.413881 2.034296 -1.560689 -4.322649 0.930071 -1.556868 1.495627 0.771599 -1.109872 6.956143 0.586580 -1.415468 12.195588 0.392923 -2.867721 -13.356372 1.347730 -2.622016 8.413302 8.700509 -21.665214 -16.792259 68.205104 54.981055 46.814524 33.061385 -0.133858 15.475811 -3.425572 -0.214389 7.857756 -7.274541 8.878622 -19.625163 -68.874170 -68.278256 61.316772 -46.094321 -6.849715 12.790224 3.330227 -2.768872 -11.226660 -2.145926 -0.916885 -1.347484 1.122733 9.148318 6.770225 8.671164 0.000000 -0.000000 0.000000 1.987889 1.448252 -1.978646 -3.088848 4.380356 0.392937 -7.945588 -3.892821 -0.295007 0.011984 -0.191453 2.015560
-1.908210 0.960629 1.859371 -19.232657 -0.482969 -0.063958 -3.162897 3.380646 2.019945 -1.513514 -4.336872 0.922721 -1.509767 1.481537 0.769043 -1.074734 6.945646 0.584492 -1.337821 12.023894 0.286209 -2.678577 -13.679950 1.115953 -2.633221 8.418218 8.721974 -21.754244 -16.688201 68.259965 53.722299 47.586372 32.696990 -0.031269 15.555976 -3.046266 -0.202715 7.895735 -7.269162 8.972161 -19.388414 -69.100951 -68.459655 61.969025 -46.736022 -6.912340 12.723793 2.991834 -3.386899 -11.045802 -2.339212 -1.629165 -2.213333 1.139731 9.869390 7.559287 9.933065 -0.000000 0.000000 0.000000 1.349187 1.673415 -2.058384 -3.555489 5.032395 0.508625 -8.677494 -4.528300 -0.274332 0.015097 -0.316786 2.869392
-1.912979 0.959901 1.867524 -17.470513 -0.607800 0.084513 -3.034020 3.335527 1.999067 -1.454861 -4.356228 0.912237 -1.451211 1.462343 0.764519 -1.031152 6.931344 0.580879 -1.288136 11.878924 0.170877 -2.537756 -13.953101 0.878041 -2.582861 8.462141 8.745493 -21.857515 -16.576101 68.322053 52.424502 48.227687 32.262239 0.062408 15.592642 -2.680114 -0.158140 7.904708 -7.251420 9.002891 -19.099436 -69.282140 -67.966306 62.513866 -46.797574 -6.889585 12.722169 2.855197 -4.175752 -10.900601 -2.435611 -2.156509 -2.654685 1.113974 10.200931 7.564695 10.692221 0.000000 -0.000000 0.000000 0.801323 2.009918 -2.034912 -4.011138 5.519117 0.527057 -9.445520 -5.139042 -0.264066 0.011847 -0.445780 3.096618
-1.918073 0.959071 1.875775 -15.776789 -0.743448 0.240525 -2.888936 3.281063 1.969808 -1.388532 -4.379649 0.897868 -1.384998 1.439088 0.756884 -0.982062 6.914008 0.574886 -1.262172 11.761378 0.047052 -2.437395 -14.174712 0.632737 -2.503395 8.521285 8.766093 -21.946802 -16.460713 68.387286 51.076932 48.780921 31.771929 0.155571 15.609401 -2.322880 -0.099661 7.900164 -7.225570 9.013990 -18.787783 -69.427569 -66.877105 62.965555 -46.358373 -6.799368 12.744361 2.885538 -5.127657 -10.762897 -2.473495 -2.578264 -2.754932 1.070035 10.329385 7.179895 11.056626 0.000000 -0.000000 0.000000 0.285423 2.394685 -1.949974 -4.445411 5.947708 0.487814 -10.207779 -5.749146 -0.254347 0.005342 -0.586273 3.010547
-1.923354 0.958117 1.884168 -14.143306 -0.900768 0.420990 -2.745278 3.217330 1.923640 -1.321910 -4.407137 0.875958 -1.318481 1.411751 0.741735 -0.933295 6.893625 0.563208 -1.264355 11.690362 -0.086223 -2.385422 -14.309279 0.379951 -2.439627 8.562757 8.777716 -21.940704 -16.347876 68.443138 49.591262 49.256701 31.182373 0.263374 15.606003 -2.057758 -0.042983 7.913634 -7.205494 9.058295 -18.511520 -69.524056 -65.519411 63.382309 -45.718168 -6.706096 12.767431 2.975845 -6.155535 -10.531544 -2.489046 -2.793621 -2.699811 0.993745 10.398691 7.166246 10.774571 -0.000000 -0.000000 0.000000 -0.220538 2.727094 -1.875883 -4.896914 6.527631 0.443111 -10.894040 -6.422458 -0.227402 -0.001003 -0.738138 2.918919
-1.928765 0.956952 1.892722 -12.560193 -1.081438 0.662038 -2.611230 3.140831 1.839103 -1.257510 -4.440171 0.837003 -1.254161 1.378860 0.709320 -0.887450 6.869122 0.538490 -1.294677 11.680311 -0.222121 -2.384995 -14.330076 0.132816 -2.413212 8.575366 8.764460 -21.783750 -16.221270 68.502644 47.908387 49.630338 30.453530 0.390198 15.574135 -1.918682 -0.012696 7.959103 -7.182033 9.160938 -18.280975 -69.562758 -63.980183 63.772638 -44.942456 -6.637926 12.779232 3.091555 -7.320027 -10.198121 -2.484790 -2.766282 -2.479436 0.853048 10.594462 8.065368 9.570735 0.000000 0.000000 0.000000 -0.794664 2.996876 -1.873810 -5.386923 7.286755 0.411026 -11.430266 -7.214550 -0.165374 -0.003831 -0.829004 2.906284
-1.934363 0.955662 1.901417 -11.037840 -1.286321 0.926277 -2.477999 3.057289 1.737019 -1.192587 -4.476290 0.790244 -1.189331 1.342884 0.669156 -0.841807 6.842322 0.507918 -1.351775 11.716857 -0.362411 -2.433418 -14.264025 -0.112047 -2.402865 8.572022 8.739840 -21.532024 -16.099163 68.553813 46.097253 49.915819 29.635555 0.522616 15.523191 -1.874849 0.016253 8.022966 -7.162008 9.297279 -18.091860 -69.556753 -62.160681 64.125459 -43.955394 -6.572329 12.787810 3.265201 -8.562101 -9.775365 -2.459124 -2.537709 -2.098944 0.682453 10.664958 9.357274 7.725588 0.000000 0.000000 -0.000000 -1.359398 3.215016 -1.887381 -5.896420 8.196528 0.373779 -11.890930 -8.069889 -0.087700 -0.006538 -0.931239 2.888041
-1.940171 0.954485 1.910240 -9.598130 -1.521811 1.119696 -2.338251 2.978203 1.672959 -1.126811 -4.510627 0.760440 -1.123683 1.308683 0.646028 -0.794296 6.816802 0.490226 -1.438079 11.776354 -0.521316 -2.529652 -14.155249 -0.380270 -2.389531 8.554696 8.740166 -21.271369 -16.035203 68.542636 44.255629 50.184458 28.814615 0.645257 15.479734 -1.913230 0.103090 8.097725 -7.181585 9.445970 -17.980026 -69.530373 -60.119985 64.479746 -42.851493 -6.492564 12.805254 3.488659 -9.616630 -9.188102 -2.436713 -2.118252 -1.765502 0.565096 10.150682 10.189029 5.826746 0.000000 0.000000 0.000000 -1.702528 3.314869 -1.815665 -6.403405 9.381102 0.336921 -12.429350 -8.885159 -0.029409 -0.016610 -1.261890 2.917790
-1.946307 0.953360 1.919389 -8.251233 -1.813951 1.222019 -2.187540 2.911545 1.657705 -1.058726 -4.539645 0.752407 -1.055742 1.279798 0.644907 -0.743423 6.795212 0.489168 -1.565822 11.845056 -0.709178 -2.692822 -14.029410 -0.686207 -2.370410 8.514028 8.808093 -21.056693 -16.061755 68.403865 42.486551 50.492993 28.124499 0.755102 15.454363 -2.039542 0.308032 8.196560 -7.270591 9.537888 -17.989957 -69.422182 -57.916660 64.842120 -41.731169 -6.418782 12.833693 3.756207 -10.446394 -8.309456 -2.438987 -1.242551 -1.608259 0.531607 8.662313 10.127721 3.936759 -0.000000 0.000000 0.000000 -1.742868 3.339758 -1.636392 -6.909894 10.864001 0.322506 -13.100348 -9.746836 0.021473 -0.037023 -1.836511 2.988650
-1.952652 0.952348 1.928666 -6.986116 -2.130494 1.252057 -2.031190 2.845253 1.681546 -0.990125 -4.568638 0.761809 -0.987283 1.250930 0.661277 -0.690844 6.773596 0.501325 -1.722324 11.937628 -0.915124 -2.903226 -13.859459 -1.014839 -2.349257 8.455965 8.899369 -20.831150 -16.136349 68.195440 40.687692 50.792816 27.428592 0.848545 15.435681 -2.248549 0.571774 8.311149 -7.396021 9.642100 -18.080914 -69.303301 -55.467624 65.214382 -40.464599 -6.336416 12.866109 4.074481 -11.090088 -7.260664 -2.434980 -0.171293 -1.497543 0.538441 6.657844 9.567590 2.023702 0.000000 -0.000000 -0.000000 -1.562258 3.242714 -1.375297 -7.415549 12.620915 0.326691 -13.852236 -10.566496 0.060463 -0.067036 -2.639963 3.104687
-1.958875 0.951862 1.937459 -5.792008 -2.385837 1.177218 -1.877467 2.757147 1.768664 -0.925854 -4.607544 0.799396 -0.923143 1.212131 0.705390 -0.639427 6.744470 0.534424 -1.873129 12.072811 -1.121713 -3.102408 -13.610655 -1.347781 -2.315823 8.407809 8.921530 -20.514078 -16.203029 68.048000 38.637970 50.992220 26.400706 0.911552 15.415735 -2.508863 0.773501 8.400491 -7.503258 9.946869 -18.149910 -69.392500 -52.596008 65.615262 -38.769156 -6.176520 12.899422 4.459705 -11.393142 -6.334407 -2.363780 0.298938 -1.257530 0.579214 5.012917 8.898162 0.518990 -0.000000 0.000000 0.000000 -1.194836 2.818874 -1.012512 -7.896207 14.705061 0.324602 -14.678634 -10.976910 0.032727 -0.111902 -3.843866 3.333783
-1.964845 0.952240 1.945493 -4.677560 -2.533192 0.944395 -1.722231 2.626990 1.959317 -0.865990 -4.665382 0.883064 -0.863391 1.154393 0.795139 -0.587868 6.701045 0.601954 -2.016650 12.264434 -1.334315 -3.285248 -13.257293 -1.695984 -2.264293 8.388756 8.818030 -20.055711 -16.247211 68.027554 36.136968 51.045810 24.828529 0.957915 15.381076 -2.845694 0.853423 8.448548 -7.587860 10.634176 -18.179001 -69.839313 -49.106765 66.104868 -36.457099 -5.888930 12.931800 5.000079 -11.125085 -5.690054 -2.193993 -0.381177 -0.723393 0.708780 4.137429 8.209878 -0.350205 -0.000000 0.000000 0.000000 -0.604932 1.924225 -0.532270 -8.362199 17.252592 0.341718 -15.615745 -10.911254 0.012947 -0.176088 -5.482502 3.627338
-1.970692 0.953145 1.953043 -3.633690 -2.612729 0.612164 -1.571444 2.469401 2.211051 -0.810949 -4.735448 0.994033 -0.808431 1.084412 0.911702 -0.537851 6.648379 0.689710 -2.155118 12.497682 -1.544918 -3.459771 -12.826736 -2.042910 -2.198597 8.386742 8.647522 -19.507412 -16.293006 68.070104 33.393331 50.963722 22.942490 0.973047 15.341432 -3.231952 0.870443 8.469234 -7.659168 11.525984 -18.159529 -70.485761 -45.099300 66.564806 -33.593946 -5.537689 12.950626 5.618932 -10.510640 -5.176495 -1.949288 -1.660753 -0.068130 0.895161 3.626761 7.429012 -0.832463 -0.000000 0.000000 0.000000 0.153373 0.687557 0.013090 -8.801667 20.126916 0.387576 -16.627396 -10.430679 -0.056678 -0.267726 -7.523526 4.026135
-1.976477 0.953977 1.960326 -2.623197 -2.672233 0.316515 -1.447441 2.317521 2.423985 -0.765729 -4.802858 1.087975 -0.763266 1.017057 1.010231 -0.496503 6.597705 0.763864 -2.259751 12.746898 -1.715466 -3.587291 -12.366180 -2.327727 -2.122745 8.382516 8.490863 -18.941786 -16.346044 68.113769 30.801889 50.751350 21.079504 0.904874 15.323687 -3.555125 0.880808 8.462648 -7.686249 12.267766 -18.009000 -71.080720 -40.964381 66.725793 -30.425084 -5.208985 12.951954 6.085010 -10.076118 -4.615373 -1.654862 -2.690660 0.376711 1.018327 3.107668 6.715472 -1.234539 -0.000000 -0.000000 0.000000 0.917208 -0.680419 0.543793 -9.163957 22.975195 0.402899 -17.608973 -9.357547 -0.430229 -0.415649 -10.041717 4.728388
-1.982331 0.954543 1.967496 -1.605706 -2.736683 0.106103 -1.373438 2.185531 2.561243 -0.738959 -4.861433 1.148543 -0.736512 0.958509 1.073510 -0.471604 6.553689 0.811453 -2.315236 13.021309 -1.829173 -3.645615 -11.858197 -2.524843 -2.024167 8.361497 8.374829 -18.340200 -16.382795 68.131612 28.407118 50.406272 19.243536 0.714811 15.348484 -3.709279 0.889206 8.406635 -7.637708 12.726747 -17.650360 -71.592871 -36.626011 66.377681 -26.838943 -4.834516 12.969154 6.356485 -9.994931 -3.916494 -1.289744 -3.154015 0.479661 0.976478 2.393574 6.111808 -1.638352 0.000000 -0.000000 -0.000000 1.700305 -2.144984 1.053756 -9.441000 25.708665 0.355969 -18.734442 -7.217196 -1.099442 -0.681055 -13.448155 5.767643
-1.988123 0.955036 1.974400 -0.621913 -2.784196 -0.067162 -1.324914 2.063235 2.660747 -0.721636 -4.915709 1.192474 -0.719187 0.904258 1.119202 -0.455099 6.512930 0.845795 -2.336433 13.308925 -1.901901 -3.656266 -11.325140 -2.657969 -1.916011 8.335927 8.272034 -17.721316 -16.426707 68.150896 26.180824 49.954269 17.438124 0.447423 15.397037 -3.795852 0.889819 8.319823 -7.547368 13.029891 -17.172077 -72.046483 -32.539729 65.680674 -23.360286 -4.456620 12.988521 6.482655 -10.090757 -3.165854 -0.879587 -3.370197 0.376592 0.860503 1.668693 5.576532 -1.964242 0.000000 -0.000000 0.000000 2.491464 -3.738346 1.539208 -9.645121 28.421786 0.293593 -19.872232 -4.470252 -2.043794 -1.089889 -17.337980 7.116191
-1.993519 0.955441 1.980788 0.243882 -2.795709 -0.213292 -1.251378 1.950134 2.736081 -0.691995 -4.965679 1.225575 -0.689595 0.854332 1.155320 -0.430112 6.475462 0.872907 -2.339600 13.551906 -1.946752 -3.644388 -10.874557 -2.744730 -1.841656 8.323537 8.181431 -17.212523 -16.550191 68.186114 24.387098 49.487542 15.962225 0.172745 15.436401 -4.014482 0.923866 8.264667 -7.479432 13.212311 -16.761734 -72.281960 -29.773431 65.037166 -21.102790 -4.306526 12.957730 6.345143 -10.367188 -2.436456 -0.524211 -3.444986 0.135528 0.839040 1.112581 5.139525 -2.272397 0.000000 -0.000000 -0.000000 3.105279 -5.335156 1.954407 -9.763410 31.038858 0.237243 -20.492699 -2.335954 -3.514788 -1.609432 -20.579819 8.847964
-1.998434 0.955723 1.986505 0.958568 -2.762657 -0.339259 -1.132165 1.849735 2.791437 -0.641095 -5.009677 1.249636 -0.638832 0.810395 1.184552 -0.389772 6.442541 0.894806 -2.325473 13.725497 -1.961033 -3.612237 -10.552397 -2.779584 -1.820464 8.330706 8.107673 -16.879292 -16.806391 68.247705 23.126733 49.095741 14.904676 -0.112303 15.463950 -4.429800 1.019819 8.275894 -7.451280 13.223399 -16.510630 -72.179909 -28.680018 64.590426 -20.463158 -4.498894 12.833807 5.808854 -10.942562 -1.727798 -0.271920 -3.339473 -0.275273 1.011629 0.831085 4.837421 -2.594903 0.000000 -0.000000 0.000000 3.324594 -6.951157 2.341304 -9.715629 33.678436 0.113405 -20.287860 -1.301487 -6.151699 -2.306955 -22.811178 11.473030
-2.002953 0.955915 1.991706 1.554930 -2.695568 -0.436595 -0.987465 1.759800 2.823495 -0.577763 -5.048816 1.263268 -0.575699 0.771324 1.204613 -0.340853 6.413317 0.909783 -2.293726 13.852993 -1.950720 -3.556734 -10.315514 -2.774258 -1.833406 8.349825 8.046444 -16.655888 -17.141594 68.318479 22.266736 48.727389 14.124580 -0.408599 15.482457 -4.978844 1.150094 8.320208 -7.442828 13.117504 -16.341614 -71.871499 -28.676239 64.302948 -20.842318 -4.900517 12.667064 4.987484 -11.700932 -1.032501 -0.087067 -3.090474 -0.824450 1.273275 0.717148 4.635671 -2.906984 0.000000 0.000000 0.000000 3.370964 -8.558679 2.688846 -9.591017 36.228336 -0.038589 -19.605336 -0.808571 -9.367824 -3.133711 -24.470455 14.461987
-2.006992 0.956102 1.996610 2.047540 -2.604074 -0.492011 -0.828237 1.670645 2.834387 -0.506930 -5.087483 1.267460 -0.505100 0.732723 1.215995 -0.286987 6.384482 0.918208 -2.259520 13.949759 -1.943204 -3.495457 -10.135710 -2.774712 -1.866188 8.378111 7.983532 -16.472319 -17.466990 68.370965 21.714029 48.268975 13.564488 -0.646016 15.464993 -5.672543 1.272427 8.359941 -7.461329 13.088771 -16.188689 -71.574713 -29.217928 64.352366 -21.644579 -5.380855 12.546356 4.124578 -12.297006 -0.414447 0.060228 -2.916746 -1.352891 1.493564 0.631325 4.456524 -3.183411 0.000000 -0.000000 0.000000 3.728630 -9.965415 2.869506 -9.616471 38.257428 -0.049828 -18.827816 -0.570925 -11.581590 -3.718716 -25.577348 16.278344
-2.010475 0.956278 2.001296 2.430301 -2.494468 -0.505269 -0.649306 1.577976 2.826395 -0.426392 -5.127574 1.263225 -0.424842 0.692699 1.219938 -0.226432 6.354617 0.921019 -2.228683 14.018589 -1.946488 -3.436222 -10.007880 -2.793809 -1.924300 8.418216 7.916382 -16.330085 -17.755022 68.386406 21.498037 47.688575 13.246403 -0.785824 15.396805 -6.580730 1.374266 8.387054 -7.525011 13.192386 -16.035960 -71.337082 -30.393009 64.918654 -22.903884 -5.996134 12.518121 3.207750 -12.581392 0.125493 0.180567 -2.913970 -1.845027 1.640560 0.525874 4.288735 -3.417241 0.000000 -0.000000 0.000000 4.696729 -11.102669 2.790591 -10.035364 39.664118 0.090901 -18.101417 -0.691562 -12.010565 -3.774673 -25.980621 16.228383
-2.013478 0.956447 2.005683 2.709495 -2.361602 -0.476673 -0.455672 1.487036 2.797365 -0.338316 -5.166812 1.249627 -0.337089 0.653521 1.215284 -0.160909 6.325417 0.917345 -2.195889 14.056965 -1.954258 -3.371542 -9.936618 -2.821719 -2.002268 8.467355 7.847767 -16.227851 -18.031356 68.386630 21.575051 47.023059 13.124698 -0.862055 15.299798 -7.635271 1.468030 8.411031 -7.616236 13.373269 -15.899479 -71.111185 -32.242234 65.796434 -24.707495 -6.709229 12.526257 2.254683 -12.706072 0.586367 0.266258 -2.987229 -2.316512 1.750467 0.447842 4.143979 -3.615712 0.000000 -0.000000 -0.000000 5.994345 -12.027605 2.532033 -10.598839 40.540172 0.335944 -17.203344 -1.178421 -11.459601 -3.443539 -25.723190 15.014807
-2.016142 0.956703 2.009750 2.918453 -2.197908 -0.393891 -0.273596 1.402489 2.742682 -0.254196 -5.203314 1.224678 -0.253287 0.617061 1.198871 -0.099244 6.298264 0.904815 -2.159528 14.073035 -1.971831 -3.296242 -9.906824 -2.869224 -2.069359 8.514968 7.771257 -16.090992 -18.288101 68.406521 21.754676 46.256685 13.055089 -0.912443 15.199985 -8.640057 1.548594 8.419664 -7.689764 13.658995 -15.755821 -70.969178 -34.094997 66.597989 -26.479123 -7.246937 12.520400 1.551261 -12.777868 0.902106 0.324384 -3.068856 -2.655541 1.797043 0.400388 3.977860 -3.773524 0.000000 -0.000000 -0.000000 7.237383 -12.742460 2.219871 -10.781083 40.737297 0.776687 -15.934732 -1.655589 -10.688743 -2.939628 -25.047314 13.185231
-2.018504 0.957110 2.013479 3.063436 -1.989798 -0.234740 -0.111545 1.320362 2.651855 -0.177277 -5.238923 1.183719 -0.176665 0.581481 1.165717 -0.044229 6.271778 0.879674 -2.122862 14.066842 -2.003256 -3.214834 -9.918443 -2.942713 -2.123524 8.560757 7.680379 -15.884029 -18.519332 68.470859 21.961814 45.338320 12.972404 -0.937658 15.098886 -9.584287 1.624534 8.406607 -7.726622 14.122310 -15.605595 -70.949833 -35.745397 67.264921 -28.045716 -7.466388 12.488433 1.249604 -12.838359 1.021565 0.348142 -3.125887 -2.800671 1.755839 0.385761 3.769012 -3.879769 -0.000000 0.000000 0.000000 8.480079 -13.255793 1.845315 -10.414140 40.154008 1.534826 -14.122489 -2.005274 -9.839600 -2.298330 -23.960458 10.741057
-2.020528 0.957603 2.016888 3.139018 -1.750998 -0.021766 0.038869 1.245281 2.535635 -0.104389 -5.271547 1.131509 -0.104066 0.548877 1.120910 0.006877 6.247522 0.845763 -2.082951 14.038546 -2.045316 -3.123004 -9.971090 -3.037342 -2.167048 8.604853 7.581394 -15.642617 -18.732576 68.555839 22.267046 44.319163 12.932925 -0.930427 14.997450 -10.477602 1.687120 8.377154 -7.746500 14.689457 -15.443497 -71.014075 -37.345739 67.865411 -29.528997 -7.508090 12.450379 1.196066 -12.846750 0.996131 0.342789 -3.192504 -2.813278 1.651536 0.401306 3.539029 -3.945631 0.000000 0.000000 0.000000 9.662044 -13.554271 1.435534 -9.729432 38.875736 2.405450 -11.965578 -2.391244 -8.726451 -1.553081 -22.303876 7.812242
-2.022248 0.958080 2.020001 3.160674 -1.514705 0.190303 0.176554 1.194359 2.421565 -0.037433 -5.293570 1.080298 -0.037386 0.526862 1.076497 0.053552 6.231185 0.812176 -2.028803 13.996443 -2.092098 -3.002308 -10.049195 -3.146444 -2.175757 8.637267 7.486711 -15.398624 -18.940322 68.622596 22.703682 43.336776 12.982512 -0.923943 14.913534 -11.155693 1.705267 8.335926 -7.762138 15.168013 -15.235750 -71.116768 -38.566574 68.235027 -30.601319 -7.513447 12.412814 1.212720 -12.785931 0.913754 0.332866 -3.301342 -2.765849 1.530688 0.443036 3.307852 -3.998857 0.000000 0.000000 0.000000 10.218440 -13.631045 1.187520 -8.775276 37.054067 3.021809 -9.804324 -2.789440 -7.597057 -0.906737 -20.183266 5.091453
-2.023710 0.958543 2.022759 3.125670 -1.294363 0.393955 0.300961 1.184078 2.312726 0.023147 -5.297652 1.031415 0.022941 0.522780 1.033763 0.095558 6.228273 0.779882 -1.961292 13.925754 -2.148522 -2.852218 -10.180151 -3.278973 -2.127237 8.651249 7.400039 -15.172976 -19.144717 68.674669 23.294885 42.396721 13.127478 -0.949596 14.839705 -11.541281 1.645866 8.284931 -7.767829 15.496705 -14.947836 -71.269018 -39.050020 68.239940 -30.882159 -7.508471 12.380173 1.287329 -12.598808 0.775568 0.329468 -3.513113 -2.639332 1.387059 0.516185 3.068826 -4.046651 -0.000000 -0.000000 -0.000000 9.760342 -13.464311 1.223528 -7.349965 34.650941 3.283456 -7.520246 -3.213132 -6.371418 -0.395568 -17.604430 2.535872
-2.024867 0.958990 2.025222 3.036639 -1.075932 0.596054 0.412232 1.197356 2.206540 0.077648 -5.291374 0.983715 0.077218 0.529054 0.991597 0.133057 6.233109 0.748035 -1.879806 13.841151 -2.210111 -2.673334 -10.336571 -3.426992 -2.044171 8.653149 7.316930 -14.944510 -19.342822 68.708811 24.008014 41.490380 13.352320 -0.982303 14.776285 -11.713286 1.542161 8.222117 -7.768497 15.735171 -14.613046 -71.460818 -39.086558 68.026791 -30.684732 -7.468461 12.347742 1.432295 -12.342052 0.581144 0.319780 -3.767816 -2.453460 1.226619 0.615257 2.828538 -4.082166 0.000000 -0.000000 0.000000 8.673710 -13.089674 1.427412 -5.628279 31.727224 3.304658 -5.261673 -3.637179 -5.074146 -0.033804 -14.629143 0.215903
-2.025617 0.959314 2.027590 2.916439 -0.851543 0.763610 0.510642 1.200577 2.122116 0.125438 -5.289632 0.945775 0.124811 0.530787 0.958508 0.166238 6.234511 0.723035 -1.770841 13.794992 -2.256461 -2.448834 -10.420934 -3.557516 -1.969811 8.652636 7.237860 -14.681833 -19.538065 68.675775 24.794168 40.731930 13.675641 -0.975329 14.749781 -11.741990 1.462427 8.146201 -7.793197 15.874437 -14.301644 -71.615749 -39.278417 67.857385 -30.681579 -7.455949 12.309370 1.506212 -12.169865 0.415325 0.294441 -3.915164 -2.337983 1.114688 0.720466 2.626827 -4.111773 0.000000 0.000000 0.000000 7.555569 -12.596483 1.641039 -4.163495 28.596659 3.117333 -3.708824 -3.885528 -4.155989 0.119658 -11.646108 -1.181613
-2.025835 0.959466 2.029906 2.762391 -0.617093 0.888333 0.599591 1.184158 2.068222 0.167643 -5.296633 0.921524 0.166837 0.523773 0.938541 0.196251 6.229329 0.707931 -1.629571 13.812711 -2.281839 -2.172509 -10.385914 -3.661308 -1.918654 8.649144 7.157655 -14.343138 -19.730981 68.533317 25.662394 40.139143 14.137760 -0.905588 14.778684 -11.601387 1.435712 8.054005 -7.861160 15.863167 -14.037231 -71.698287 -39.764985 67.801669 -31.050762 -7.505566 12.253635 1.436106 -12.135600 0.308732 0.236014 -3.900261 -2.350003 1.090655 0.831744 2.485575 -4.141725 0.000000 0.000000 -0.000000 6.516394 -12.005839 1.826352 -3.080104 25.295698 2.701244 -3.205008 -3.898559 -3.970126 0.097481 -8.642009 -1.278417
-2.025645 0.959496 2.032128 2.576783 -0.376707 0.978083 0.676082 1.157305 2.036249 0.203300 -5.308296 0.907118 0.202340 0.512099 0.927755 0.222075 6.220635 0.699760 -1.460553 13.868799 -2.291618 -1.850778 -10.278876 -3.746319 -1.876016 8.643025 7.081742 -13.969656 -19.919114 68.323804 26.606542 39.686422 14.704368 -0.795383 14.837568 -11.315670 1.432902 7.948605 -7.953519 15.754822 -13.797238 -71.745732 -40.397768 67.789462 -31.604584 -7.581943 12.191522 1.295480 -12.186544 0.229711 0.164195 -3.776875 -2.431615 1.114871 0.949267 2.382898 -4.165502 0.000000 -0.000000 -0.000000 5.448464 -11.294374 2.013839 -2.199463 21.780845 2.151333 -3.324374 -3.672549 -4.244603 0.030818 -5.724783 -0.662173
-2.025312 0.959446 2.034333 2.389696 -0.135252 1.024408 0.731096 1.114612 2.019303 0.228750 -5.327068 0.899519 0.227676 0.493319 0.922740 0.240722 6.206591 0.695947 -1.264064 13.939118 -2.281772 -1.485532 -10.144603 -3.804704 -1.841098 8.645350 7.027002 -13.654811 -20.101902 68.125830 27.563928 39.424411 15.295120 -0.665515 14.891496 -11.030395 1.434893 7.838039 -8.042759 15.699065 -13.582812 -71.790083 -41.329550 67.872614 -32.450975 -7.640807 12.151030 1.162047 -12.318032 0.169377 0.126957 -3.556941 -2.539462 1.134387 1.053713 2.293034 -4.170104 -0.000000 0.000000 0.000000 4.616748 -10.489397 2.159270 -1.639324 18.244106 1.667301 -3.578283 -3.086830 -4.510057 0.002090 -3.506665 -0.109599
-2.024952 0.959276 2.036515 2.193293 0.108421 1.009050 0.764588 1.048673 2.021810 0.243796 -5.356223 0.900717 0.242644 0.464157 0.925465 0.252197 6.184741 0.697977 -1.030342 14.022039 -2.245293 -1.061206 -9.985952 -3.826951 -1.811486 8.642309 6.996797 -13.440543 -20.258066 67.962103 28.573847 39.411269 15.927862 -0.512615 14.935071 -10.764976 1.442909 7.707422 -8.119788 15.795186 -13.380974 -71.839573 -42.800171 68.122434 -33.810209 -7.663382 12.152520 1.036070 -12.564068 0.132573 0.152795 -3.192503 -2.676074 1.143569 1.140022 2.213617 -4.159193 -0.000000 0.000000 -0.000000 4.036983 -9.502931 2.293359 -1.448604 14.422637 1.281849 -3.951267 -1.800182 -4.633844 -0.002276 -2.410712 0.185411
-2.024449 0.959027 2.038679 1.994779 0.352671 0.950200 0.776658 0.966883 2.039832 0.248648 -5.392478 0.908936 0.247458 0.427899 0.934176 0.256521 6.157550 0.704525 -0.768862 14.119006 -2.188846 -0.593167 -9.800399 -3.821668 -1.789368 8.647652 6.987894 -13.285184 -20.409675 67.812095 29.616803 39.585018 16.611088 -0.339291 14.974223 -10.501028 1.455929 7.571468 -8.193337 15.944023 -13.204873 -71.885591 -44.620713 68.450676 -35.514568 -7.669194 12.175131 0.916288 -12.890299 0.115969 0.214085 -2.731594 -2.839338 1.146825 1.213217 2.146989 -4.128991 0.000000 0.000000 0.000000 3.694084 -8.423690 2.388231 -1.585977 10.578720 0.999763 -4.467527 -0.155314 -4.798601 -0.005118 -2.014090 0.440557
-2.023712 0.958867 2.040913 1.847037 0.588636 0.894674 0.758455 0.886008 2.053911 0.240227 -5.428468 0.915457 0.239059 0.391914 0.939843 0.250706 6.130545 0.708786 -0.508802 14.210411 -2.129087 -0.129389 -9.624846 -3.809001 -1.780857 8.713897 7.007027 -13.157107 -20.622069 67.689690 30.539641 39.824120 17.249054 -0.178764 14.997627 -10.328667 1.451286 7.482636 -8.262761 15.997048 -13.094752 -71.935006 -46.256537 68.681861 -37.045163 -7.669285 12.186733 0.878227 -13.189458 0.097901 0.273968 -2.330085 -2.978710 1.106994 1.268970 2.074402 -4.055473 -0.000000 0.000000 0.000000 3.796659 -7.548666 2.328969 -2.078744 7.701138 0.914661 -4.736179 0.950115 -4.892983 -0.006210 -1.684182 0.560473
-2.022626 0.958876 2.043358 1.779503 0.809819 0.858369 0.695221 0.808276 2.059395 0.212182 -5.463282 0.918206 0.211125 0.357112 0.939746 0.229801 6.104401 0.708710 -0.246667 14.297431 -2.069976 0.338255 -9.456929 -3.797839 -1.800019 8.890060 7.074360 -13.027817 -20.974196 67.552272 31.315575 40.114461 17.869438 -0.036263 15.000983 -10.303635 1.420128 7.482741 -8.338563 15.900944 -13.088566 -72.002763 -47.450561 68.787523 -38.179301 -7.661170 12.169867 1.001786 -13.445427 0.079950 0.324869 -2.013203 -3.076805 0.986563 1.288541 1.985465 -3.913257 0.000000 0.000000 -0.000000 4.682302 -7.026554 1.973539 -3.265213 6.458290 1.128927 -4.455385 0.974213 -4.766223 -0.002673 -1.152620 0.439830
-2.021306 0.958974 2.045873 1.762879 1.022914 0.826171 0.601709 0.731460 2.061215 0.170847 -5.497833 0.919343 0.169967 0.322574 0.936686 0.198752 6.078437 0.706401 0.014039 14.378880 -2.007574 0.801718 -9.299051 -3.779471 -1.832421 9.127608 7.168727 -12.925764 -21.387363 67.443551 31.975160 40.475758 18.449004 0.090775 14.993113 -10.370949 1.371038 7.529847 -8.410882 15.708607 -13.148652 -72.073010 -48.412173 68.809735 -39.089975 -7.643908 12.144873 1.207982 -13.674394 0.059867 0.373840 -1.755930 -3.150697 0.823681 1.290466 1.890626 -3.727689 0.000000 0.000000 -0.000000 6.004275 -6.698817 1.476147 -4.821630 6.197379 1.503100 -3.931129 0.462006 -4.516485 -0.000045 -0.692480 0.194225
-2.020014 0.959091 2.048126 1.762238 1.239097 0.798522 0.513354 0.665509 2.053955 0.132185 -5.527550 0.916365 0.131476 0.292867 0.929784 0.169404 6.056102 0.701190 0.233498 14.431600 -1.947114 1.189057 -9.195503 -3.749070 -1.841652 9.332296 7.235524 -12.906312 -21.689600 67.506401 32.436547 40.847320 18.799960 0.180212 14.983372 -10.453772 1.307512 7.551145 -8.448296 15.430989 -13.201291 -72.107564 -49.245690 68.695099 -39.788431 -7.631747 12.135394 1.334286 -13.817965 0.008645 0.405484 -1.638581 -3.201443 0.696169 1.326409 1.802191 -3.550989 -0.000000 0.000000 -0.000000 6.943691 -6.417867 1.169309 -5.798636 5.908671 1.726842 -3.682001 0.152747 -4.334111 0.000112 -0.489180 0.041393
-2.018908 0.959219 2.049861 1.779538 1.475137 0.775917 0.436195 0.617263 2.033368 0.099048 -5.549367 0.907367 0.098491 0.271057 0.917421 0.143756 6.039704 0.691864 0.392098 14.430338 -1.889127 1.464740 -9.194046 -3.701198 -1.806849 9.464641 7.247732 -13.037942 -21.800962 67.864209 32.655841 41.231896 18.779007 0.212251 14.974431 -10.539647 1.219252 7.510487 -8.420946 15.046654 -13.202646 -72.105129 -49.928053 68.413079 -40.192082 -7.636100 12.154825 1.278160 -13.827363 -0.105585 0.415930 -1.747171 -3.225857 0.644083 1.428940 1.732025 -3.403875 -0.000000 -0.000000 -0.000000 7.013631 -6.181064 1.262819 -5.554360 5.223344 1.601395 -4.035034 0.387253 -4.297487 -0.000112 -0.736410 0.087424
-2.017830 0.959365 2.051332 1.812872 1.714286 0.758062 0.364107 0.579829 2.003529 0.068548 -5.566364 0.894198 0.068133 0.254064 0.901156 0.119773 6.026927 0.679595 0.509328 14.400337 -1.833287 1.664551 -9.247283 -3.642339 -1.749188 9.563568 7.233095 -13.250809 -21.798134 68.392725 32.663921 41.633094 18.516298 0.207222 14.963041 -10.640107 1.116746 7.444781 -8.357897 14.577232 -13.196028 -72.067112 -50.463431 68.002389 -40.359557 -7.649137 12.186517 1.141141 -13.751695 -0.251579 0.407596 -1.995433 -3.226652 0.628507 1.565690 1.668033 -3.265801 0.000000 -0.000000 -0.000000 6.708032 -6.000711 1.543894 -4.729548 4.503261 1.296074 -4.661390 0.826770 -4.327374 -0.001949 -1.241112 0.225246
-2.016561 0.959482 2.052975 1.821514 1.917384 0.743746 0.314319 0.542501 1.971171 0.048075 -5.583214 0.879865 0.047756 0.237216 0.884745 0.103263 6.014274 0.667212 0.604085 14.394165 -1.783535 1.823663 -9.256899 -3.585577 -1.695495 9.652120 7.220078 -13.394789 -21.746555 68.862527 32.487554 41.993015 18.230702 0.203945 14.948976 -10.713944 1.034685 7.390596 -8.316082 14.098573 -13.236643 -71.960125 -50.992062 67.509380 -40.509540 -7.656331 12.209028 1.066846 -13.679365 -0.363591 0.375348 -2.205118 -3.214246 0.608812 1.690895 1.586422 -3.127168 0.000000 0.000000 -0.000000 6.678692 -5.770866 1.712066 -4.318348 3.809083 1.069269 -5.096211 1.192583 -4.356028 -0.004887 -1.611404 0.347478
-2.014968 0.959549 2.055003 1.790259 2.062837 0.733491 0.297545 0.504984 1.937315 0.042344 -5.600005 0.864818 0.042052 0.220426 0.869116 0.097817 6.001685 0.655413 0.676884 14.433332 -1.743579 1.943661 -9.182840 -3.537298 -1.649978 9.739798 7.213312 -13.410729 -21.647776 69.201774 32.094990 42.211467 17.956322 0.203836 14.926908 -10.782730 0.982607 7.362809 -8.316919 13.586613 -13.341081 -71.728569 -51.630371 66.906441 -40.775627 -7.657036 12.212069 1.086130 -13.658717 -0.407497 0.308991 -2.300598 -3.192694 0.575010 1.793364 1.474433 -2.986825 -0.000000 -0.000000 -0.000000 7.362145 -5.447674 1.616072 -4.923478 3.158725 1.058292 -5.129120 1.369563 -4.371990 -0.006417 -1.675573 0.423927
-2.013184 0.959588 2.057202 1.734365 2.172223 0.726530 0.303134 0.467540 1.900635 0.046680 -5.616671 0.848482 0.046368 0.203759 0.853221 0.099863 5.989204 0.643412 0.727346 14.496380 -1.709445 2.023065 -9.065085 -3.490547 -1.608356 9.817149 7.208454 -13.358181 -21.503585 69.481853 31.517381 42.384795 17.658280 0.205753 14.902184 -10.824716 0.950871 7.346134 -8.339523 13.064255 -13.489003 -71.426724 -52.243271 66.218803 -41.004285 -7.650012 12.208281 1.168744 -13.641357 -0.417408 0.219266 -2.357470 -3.158216 0.536774 1.883994 1.344820 -2.845936 0.000000 0.000000 0.000000 8.317658 -5.072904 1.411209 -5.946913 2.530973 1.149186 -4.971063 1.471583 -4.382769 -0.006910 -1.605468 0.484285
-2.011390 0.959614 2.059355 1.658782 2.271129 0.719487 0.316329 0.420295 1.864334 0.054411 -5.637664 0.832322 0.054062 0.182766 0.837846 0.104488 5.973481 0.631800 0.773095 14.571375 -1.673550 2.092520 -8.925394 -3.438254 -1.584533 9.878976 7.220504 -13.268812 -21.382232 69.689353 30.874511 42.753825 17.450357 0.244329 14.892422 -10.734180 0.945297 7.331430 -8.377846 12.677785 -13.682475 -71.186353 -52.616280 65.569838 -41.011821 -7.617978 12.213704 1.366864 -13.570414 -0.429721 0.133359 -2.424473 -3.109919 0.482878 1.950091 1.212153 -2.698256 0.000000 0.000000 -0.000000 8.880506 -4.678188 1.251637 -6.586324 1.910905 1.228776 -4.789727 1.562106 -4.344476 -0.006788 -1.524774 0.510099
-2.009610 0.959610 2.061377 1.559503 2.368703 0.716012 0.334336 0.355555 1.826785 0.064398 -5.666416 0.815627 0.063998 0.154013 0.822164 0.110780 5.951941 0.619951 0.818039 14.659259 -1.633568 2.158463 -8.761954 -3.377534 -1.596951 9.914152 7.260505 -13.142413 -21.312933 69.782155 30.203231 43.399376 17.426611 0.345253 14.907466 -10.475331 0.978444 7.313674 -8.439019 12.512772 -13.946157 -71.047086 -52.788487 65.034198 -40.850497 -7.562440 12.237431 1.707825 -13.379676 -0.458975 0.059108 -2.534511 -3.049444 0.397598 1.961856 1.081110 -2.537437 -0.000000 -0.000000 -0.000000 8.685530 -4.272531 1.184121 -6.421425 1.290113 1.255291 -4.640702 1.652294 -4.220821 -0.006076 -1.465764 0.475003
-2.007819 0.959595 2.063354 1.440539 2.455797 0.712381 0.359993 0.280987 1.789676 0.077791 -5.699508 0.799140 0.077323 0.120919 0.807036 0.119659 5.927149 0.608520 0.858289 14.759126 -1.591791 2.214526 -8.576514 -3.311254 -1.627324 9.934011 7.317349 -12.980728 -21.266072 69.803113 29.461362 44.244625 17.483851 0.486787 14.941689 -10.084886 1.037900 7.297777 -8.515843 12.483379 -14.259132 -70.971014 -52.754895 64.536688 -40.507942 -7.485073 12.272584 2.163895 -13.135273 -0.490485 -0.011727 -2.654776 -2.975008 0.296741 1.949017 0.947324 -2.369588 -0.000000 0.000000 0.000000 8.100010 -3.850773 1.153311 -5.872319 0.672664 1.257289 -4.468560 1.730798 -4.048054 -0.004939 -1.396158 0.405359
-2.006119 0.959642 2.065321 1.318829 2.530503 0.694197 0.386936 0.209772 1.761234 0.091334 -5.731097 0.786525 0.090795 0.089328 0.795796 0.128944 5.903482 0.600022 0.899704 14.856227 -1.547606 2.272007 -8.396256 -3.240983 -1.634342 9.966928 7.372798 -12.818586 -21.221147 69.865948 28.636468 45.293566 17.427415 0.634343 14.990823 -9.565630 1.091931 7.289539 -8.580785 12.480419 -14.557164 -70.973975 -52.275823 63.976862 -39.744668 -7.370475 12.311165 2.704619 -12.978795 -0.516948 -0.075763 -2.735345 -2.880723 0.216286 1.988373 0.811499 -2.207345 0.000000 -0.000000 -0.000000 7.560311 -3.427690 1.157702 -5.395413 0.058052 1.220009 -4.274118 1.827480 -3.891667 -0.004239 -1.342787 0.361772
-2.004565 0.959818 2.067311 1.194177 2.592171 0.651115 0.414442 0.145585 1.747668 0.104413 -5.759540 0.780551 0.103805 0.060883 0.791150 0.138380 5.882167 0.596500 0.950568 14.951576 -1.501052 2.346404 -8.219002 -3.169884 -1.590902 10.033961 7.421502 -12.658973 -21.177895 70.010158 27.686636 46.607119 17.159852 0.794747 15.059468 -8.884690 1.134037 7.297838 -8.622582 12.481193 -14.828422 -71.110284 -51.106950 63.309595 -38.322123 -7.202968 12.362325 3.379774 -12.972726 -0.539438 -0.128387 -2.763769 -2.754535 0.174216 2.131719 0.671071 -2.053819 0.000000 -0.000000 0.000000 7.185605 -2.983352 1.222198 -5.135405 -0.600529 1.120317 -4.034621 1.982291 -3.779530 -0.004346 -1.321875 0.376729
-2.003102 0.960057 2.069291 1.066737 2.641331 0.593549 0.443185 0.084778 1.742766 0.117631 -5.786464 0.778448 0.116950 0.033956 0.790389 0.148214 5.861989 0.595909 1.002562 15.044151 -1.452046 2.422128 -8.046958 -3.094677 -1.523959 10.113842 7.469020 -12.498738 -21.137112 70.196080 26.613003 48.116435 16.742325 0.975390 15.149007 -8.074034 1.170659 7.313836 -8.652546 12.510636 -15.084846 -71.326251 -49.581128 62.561180 -36.561229 -7.008760 12.415323 4.140711 -13.054545 -0.557037 -0.173673 -2.752152 -2.608799 0.151929 2.327419 0.528073 -1.906503 0.000000 0.000000 0.000000 6.858239 -2.536074 1.322914 -4.946055 -1.255839 0.985677 -3.772337 2.155000 -3.683430 -0.004802 -1.317188 0.417740
-2.001672 0.960238 2.071206 0.953979 2.677889 0.538311 0.468890 0.029559 1.736058 0.129559 -5.810921 0.775536 0.128812 0.009497 0.788688 0.157011 5.843661 0.594613 1.036565 15.116175 -1.399859 2.463749 -7.913833 -3.007434 -1.473224 10.171372 7.513422 -12.363448 -21.080026 70.418574 25.467163 49.628528 16.219437 1.137268 15.247784 -7.232250 1.189337 7.316792 -8.677144 12.530263 -15.297154 -71.474331 -48.294460 61.752472 -35.033886 -6.827522 12.433489 4.809345 -13.178346 -0.559638 -0.221062 -2.687425 -2.474507 0.130688 2.497186 0.390020 -1.769497 -0.000000 -0.000000 0.000000 6.657801 -2.158702 1.391335 -4.848077 -1.765527 0.881436 -3.555808 2.255565 -3.585417 -0.005109 -1.306888 0.447936
-2.000229 0.960312 2.073046 0.856389 2.695414 0.490410 0.492643 -0.015281 1.724196 0.140813 -5.830780 0.770311 0.140004 -0.010366 0.784605 0.165116 5.828781 0.591524 1.043819 15.158887 -1.343733 2.454920 -7.836194 -2.903798 -1.448770 10.192573 7.550002 -12.249846 -20.992905 70.695830 24.232122 51.141743 15.562533 1.252349 15.355405 -6.356267 1.178782 7.290797 -8.697326 12.525914 -15.437301 -71.502192 -47.353960 60.839687 -33.833494 -6.643440 12.387717 5.335322 -13.377907 -0.540416 -0.276435 -2.512530 -2.357934 0.105182 2.616319 0.258783 -1.644055 -0.000000 -0.000000 -0.000000 6.660655 -1.877457 1.402692 -4.869007 -2.066500 0.828225 -3.432264 2.244334 -3.474966 -0.005066 -1.282487 0.452633
-1.998819 0.960328 2.074821 0.773529 2.700399 0.444942 0.513391 -0.054530 1.710489 0.150794 -5.848170 0.764255 0.149929 -0.027758 0.779563 0.172195 5.815753 0.587714 1.032914 15.181163 -1.284549 2.411722 -7.797179 -2.788357 -1.440668 10.191499 7.583352 -12.161257 -20.889335 71.009788 22.898066 52.652555 14.774851 1.350670 15.473760 -5.446579 1.150200 7.251836 -8.712195 12.510694 -15.533254 -71.461752 -46.620034 59.878386 -32.838121 -6.464974 12.308031 5.770069 -13.619418 -0.506271 -0.334241 -2.284616 -2.253158 0.080948 2.709552 0.132747 -1.528583 0.000000 -0.000000 0.000000 6.789145 -1.667238 1.385192 -4.981806 -2.221061 0.804528 -3.355123 2.161418 -3.363478 -0.004881 -1.252483 0.446518
-1.997518 0.960309 2.076502 0.721483 2.712224 0.403818 0.523678 -0.100342 1.694434 0.156251 -5.868521 0.757163 0.155352 -0.048110 0.773024 0.175786 5.800499 0.582775 1.010723 15.191698 -1.224099 2.347354 -7.780301 -2.666731 -1.458744 10.175137 7.625306 -12.133357 -20.790641 71.300826 21.574710 53.972902 13.989619 1.464033 15.588478 -4.608975 1.124913 7.226980 -8.725464 12.485644 -15.639810 -71.361295 -46.230741 59.059865 -32.214892 -6.357531 12.247451 6.086043 -13.755614 -0.467619 -0.386620 -2.162180 -2.172486 0.056026 2.772717 0.014457 -1.422488 0.000000 -0.000000 -0.000000 6.890734 -1.524694 1.350230 -5.126121 -2.274640 0.811003 -3.252516 2.036572 -3.266399 -0.004652 -1.220527 0.436772
-1.996368 0.960251 2.078074 0.717641 2.742686 0.368050 0.515089 -0.162236 1.673321 0.153599 -5.896096 0.747833 0.152708 -0.075685 0.763426 0.173100 5.779819 0.575524 0.975986 15.193542 -1.159669 2.258315 -7.779970 -2.533251 -1.518385 10.137918 7.686450 -12.184659 -20.706138 71.549913 20.334120 55.088855 13.301281 1.603520 15.701326 -3.854258 1.109003 7.229039 -8.740902 12.452661 -15.771394 -71.172140 -46.311739 58.433763 -32.086552 -6.362625 12.224107 6.235575 -13.695325 -0.428575 -0.426188 -2.240637 -2.125384 0.024840 2.792218 -0.095803 -1.325248 -0.000000 0.000000 0.000000 6.923500 -1.465354 1.290590 -5.325366 -2.222642 0.866387 -3.078247 1.870372 -3.196058 -0.004391 -1.186654 0.423990
-1.995328 0.960159 2.079554 0.744596 2.780069 0.336650 0.496032 -0.230650 1.649823 0.146419 -5.926610 0.737440 0.145559 -0.106197 0.752304 0.166921 5.756932 0.567123 0.929827 15.183727 -1.094043 2.147799 -7.801517 -2.393587 -1.604453 10.085654 7.756069 -12.296839 -20.625440 71.775287 19.147234 56.022144 12.651943 1.744067 15.805393 -3.173618 1.096449 7.245196 -8.754773 12.408921 -15.913327 -70.922719 -46.676092 57.953280 -32.272331 -6.432692 12.217172 6.264649 -13.529731 -0.384877 -0.460048 -2.424743 -2.101685 -0.006532 2.781715 -0.198096 -1.237143 0.000000 -0.000000 -0.000000 6.929238 -1.473570 1.213333 -5.555310 -2.069069 0.950883 -2.878496 1.662254 -3.140656 -0.004093 -1.150830 0.407576
-1.994356 0.960076 2.080962 0.766218 2.808471 0.308472 0.484280 -0.289139 1.631522 0.142213 -5.952676 0.729351 0.141370 -0.132262 0.743788 0.163156 5.737383 0.560689 0.882802 15.161800 -1.037187 2.039223 -7.845159 -2.270275 -1.680784 10.042221 7.814097 -12.450095 -20.540297 71.973124 18.011423 56.642002 11.984113 1.853561 15.869586 -2.645092 1.090434 7.264027 -8.759514 12.348728 -16.076933 -70.707002 -46.994591 57.667156 -32.485968 -6.500086 12.221691 6.285073 -13.385111 -0.334213 -0.501777 -2.586963 -2.084099 -0.022719 2.777969 -0.290503 -1.158884 0.000000 -0.000000 0.000000 6.881152 -1.499241 1.150559 -5.684582 -1.873254 1.007766 -2.719889 1.440084 -3.079125 -0.003829 -1.116609 0.392922
-1.993438 0.960019 2.082320 0.771885 2.820224 0.283553 0.488067 -0.331553 1.622149 0.144456 -5.971529 0.725234 0.143597 -0.151115 0.739898 0.164549 5.723248 0.557748 0.833249 15.123128 -0.993710 1.931273 -7.919462 -2.171392 -1.732881 10.018401 7.853583 -12.663511 -20.448682 72.143314 16.939666 56.849321 11.300584 1.912789 15.865085 -2.308231 1.097688 7.281077 -8.751879 12.267015 -16.280110 -70.552461 -47.233604 57.645339 -32.721292 -6.551525 12.238132 6.341770 -13.305183 -0.269232 -0.561727 -2.682902 -2.073505 -0.010101 2.792454 -0.368965 -1.093219 -0.000000 0.000000 0.000000 6.755004 -1.534805 1.118515 -5.632964 -1.633073 1.005817 -2.647384 1.201319 -2.998758 -0.003623 -1.084828 0.382641
-1.992590 0.959971 2.083608 0.772236 2.822981 0.261839 0.499175 -0.364059 1.617963 0.149687 -5.985944 0.723424 0.148795 -0.165531 0.738620 0.168367 5.712442 0.556779 0.782897 15.072232 -0.958942 1.825286 -8.016147 -2.088689 -1.775003 10.003187 7.881545 -12.917476 -20.352790 72.285624 15.975409 56.745844 10.656570 1.933441 15.816026 -2.123012 1.111438 7.300772 -8.735057 12.169352 -16.505131 -70.431709 -47.442539 57.817943 -33.000544 -6.599956 12.266231 6.390263 -13.246273 -0.197234 -0.629532 -2.756891 -2.069149 0.017560 2.813817 -0.437592 -1.037456 -0.000000 0.000000 -0.000000 6.575071 -1.587853 1.101146 -5.481166 -1.351478 0.976722 -2.616225 0.948596 -2.911778 -0.003443 -1.054651 0.374120
-1.991812 0.959929 2.084789 0.763036 2.823792 0.242006 0.510709 -0.388707 1.615358 0.155010 -5.996862 0.722310 0.154086 -0.176451 0.738046 0.172303 5.704259 0.556343 0.747496 15.022313 -0.928834 1.748901 -8.110444 -2.020185 -1.813931 9.987601 7.898950 -13.134078 -20.251174 72.396587 15.154956 56.500520 10.068609 1.931509 15.770944 -2.048105 1.114569 7.325040 -8.711165 12.066846 -16.709990 -70.356519 -47.423912 58.029239 -33.087365 -6.618158 12.301480 6.407972 -13.203551 -0.137892 -0.687798 -2.814409 -2.051559 0.034253 2.844571 -0.506820 -0.984234 0.000000 0.000000 -0.000000 6.387320 -1.631151 1.082049 -5.339576 -1.096036 0.958409 -2.558383 0.717419 -2.834387 -0.003271 -1.027126 0.364913
-1.991112 0.959896 2.085837 0.740960 2.823813 0.221522 0.522106 -0.403953 1.615192 0.160132 -6.003599 0.722271 0.159178 -0.183189 0.738527 0.176167 5.699211 0.556703 0.735022 14.979114 -0.901012 1.716070 -8.191609 -1.964362 -1.846952 9.973029 7.901695 -13.273067 -20.135403 72.473848 14.476891 56.104064 9.515967 1.907776 15.744647 -2.096309 1.099866 7.354321 -8.676335 11.958286 -16.880756 -70.349384 -47.050752 58.245481 -32.842141 -6.586155 12.350590 6.375394 -13.171750 -0.099823 -0.726453 -2.866129 -2.009789 0.027592 2.892393 -0.579950 -0.930499 0.000000 -0.000000 0.000000 6.206168 -1.660844 1.053941 -5.260037 -0.878340 0.970181 -2.432917 0.516800 -2.774889 -0.003099 -1.004022 0.353633
-1.990483 0.959870 2.086780 0.709334 2.821878 0.202921 0.533936 -0.411340 1.616618 0.165349 -6.006839 0.722931 0.164366 -0.186430 0.739716 0.180154 5.696786 0.557601 0.737575 14.936848 -0.877794 1.713052 -8.270567 -1.922772 -1.876721 9.958057 7.893936 -13.374779 -20.014328 72.520234 13.955683 55.569249 9.034477 1.864730 15.720111 -2.254798 1.074560 7.388224 -8.634488 11.845728 -17.031700 -70.387789 -46.438578 58.499502 -32.393751 -6.524398 12.407282 6.311882 -13.156084 -0.074469 -0.755651 -2.901391 -1.954895 0.009844 2.949598 -0.653718 -0.879353 -0.000000 0.000000 0.000000 6.017210 -1.680858 1.023999 -5.190539 -0.686685 0.992248 -2.280514 0.337669 -2.725274 -0.002933 -0.983570 0.341668
-1.989911 0.959835 2.087663 0.673886 2.821558 0.192470 0.540994 -0.417548 1.613484 0.168646 -6.009578 0.721547 0.167643 -0.189171 0.738668 0.182534 5.694735 0.556810 0.747079 14.891447 -0.862150 1.725961 -8.355006 -1.898051 -1.918124 9.929570 7.889026 -13.482357 -19.912466 72.540075 13.622911 55.099209 8.696082 1.820117 15.699643 -2.444187 1.043212 7.427455 -8.599481 11.744960 -17.162863 -70.415954 -45.748787 58.737439 -31.903733 -6.466457 12.447287 6.252706 -13.167425 -0.055762 -0.788354 -2.893677 -1.900425 -0.008001 2.995611 -0.728681 -0.832634 0.000000 -0.000000 0.000000 5.823202 -1.675702 0.997268 -5.085584 -0.553764 1.003654 -2.155456 0.188335 -2.677305 -0.002775 -0.961501 0.330737
-1.989396 0.959780 2.088518 0.633106 2.821964 0.193130 0.542842 -0.425142 1.602389 0.169985 -6.012966 0.716604 0.168975 -0.192560 0.733860 0.183167 5.692198 0.553185 0.763758 14.842624 -0.855464 1.755778 -8.445426 -1.892908 -1.980281 9.880563 7.893402 -13.614292 -19.837027 72.526792 13.504706 54.780170 8.535252 1.778837 15.686087 -2.644561 1.001765 7.477708 -8.575088 11.656227 -17.275821 -70.407936 -45.003191 58.924475 -31.405224 -6.423575 12.454148 6.215829 -13.217392 -0.039386 -0.829500 -2.816544 -1.850608 -0.023502 3.017129 -0.807331 -0.790796 -0.000000 0.000000 0.000000 5.609553 -1.627873 0.979725 -4.902546 -0.507500 0.991225 -2.085151 0.076100 -2.625631 -0.002619 -0.934253 0.321284
-1.988939 0.959716 2.089314 0.588503 2.824002 0.201937 0.539923 -0.431566 1.586736 0.169404 -6.015859 0.709617 0.168397 -0.195452 0.726814 0.182195 5.690031 0.547873 0.787409 14.790653 -0.856315 1.801610 -8.541348 -1.904632 -2.054089 9.818084 7.900741 -13.752134 -19.781147 72.486858 13.558674 54.528554 8.501670 1.735981 15.677033 -2.875820 0.954280 7.533312 -8.557616 11.579124 -17.368803 -70.389697 -44.180773 59.093402 -30.866064 -6.384369 12.444053 6.183055 -13.294375 -0.029754 -0.874161 -2.696444 -1.801303 -0.039091 3.027458 -0.887123 -0.753327 -0.000000 0.000000 -0.000000 5.390828 -1.554926 0.964984 -4.684314 -0.520048 0.968352 -2.042138 -0.006265 -2.575214 -0.002472 -0.905389 0.312862
-1.988517 0.959657 2.090008 0.550331 2.833937 0.216267 0.528352 -0.435812 1.570583 0.164994 -6.017813 0.702395 0.164012 -0.197404 0.719144 0.178319 5.688565 0.542090 0.809309 14.732326 -0.863451 1.846726 -8.648954 -1.927665 -2.127091 9.750089 7.905271 -13.883643 -19.748040 72.444152 13.706133 54.292694 8.531988 1.692558 15.667704 -3.118440 0.917465 7.577883 -8.549647 11.528290 -17.436622 -70.383507 -43.383276 59.295342 -30.353775 -6.348299 12.441450 6.135418 -13.374417 -0.033854 -0.920449 -2.586175 -1.753453 -0.051042 3.045952 -0.961056 -0.720605 0.000000 -0.000000 -0.000000 5.213490 -1.493989 0.939833 -4.513746 -0.540542 0.954343 -1.998429 -0.072254 -2.533155 -0.002352 -0.881335 0.305859
-1.988109 0.959609 2.090572 0.522562 2.854229 0.237198 0.502476 -0.436671 1.555933 0.154150 -6.018306 0.695825 0.153228 -0.197895 0.711473 0.169641 5.688188 0.536304 0.829027 14.664923 -0.880130 1.891652 -8.773217 -1.968036 -2.197699 9.671741 7.903216 -14.013183 -19.744492 72.408189 13.932985 54.076716 8.612499 1.650453 15.660113 -3.359876 0.905069 7.602386 -8.556757 11.512074 -17.475299 -70.397198 -42.637618 59.559658 -29.886099 -6.314431 12.457297 6.065548 -13.460588 -0.059385 -0.971063 -2.497507 -1.700609 -0.056772 3.083593 -1.029538 -0.692781 -0.000000 0.000000 -0.000000 5.099372 -1.456547 0.893911 -4.432434 -0.555467 0.961574 -1.937043 -0.122398 -2.503885 -0.002272 -0.865562 0.300794
-1.987737 0.959567 2.091034 0.501236 2.882422 0.263643 0.467939 -0.435370 1.540793 0.139472 -6.017867 0.689024 0.138631 -0.197452 0.703183 0.158055 5.688507 0.530050 0.847043 14.591141 -0.903019 1.935990 -8.909191 -2.019642 -2.267443 9.587824 7.898521 -14.136455 -19.763739 72.369864 14.251220 53.875635 8.755227 1.607795 15.652882 -3.612681 0.903306 7.615776 -8.573288 11.522200 -17.488882 -70.423290 -41.911938 59.857816 -29.439848 -6.283700 12.480951 5.981015 -13.549786 -0.098673 -1.023162 -2.418655 -1.649192 -0.058854 3.129434 -1.092178 -0.669733 -0.000000 -0.000000 0.000000 5.026603 -1.431134 0.837903 -4.398767 -0.578259 0.977914 -1.874889 -0.156156 -2.482963 -0.002216 -0.854598 0.297151
-1.987450 0.959529 2.091430 0.484698 2.917386 0.289722 0.437799 -0.434533 1.523228 0.126857 -6.017621 0.681145 0.126087 -0.197203 0.694023 0.147942 5.688683 0.523141 0.855960 14.515923 -0.921016 1.961488 -9.048166 -2.058691 -2.328578 9.520719 7.896783 -14.228340 -19.788364 72.325261 14.622100 53.624285 8.935836 1.560168 15.636083 -3.894970 0.887585 7.628663 -8.584908 11.548404 -17.484314 -70.461145 -41.220119 60.155841 -29.021198 -6.258327 12.504578 5.885406 -13.608817 -0.135494 -1.066624 -2.367100 -1.619395 -0.061284 3.169957 -1.140786 -0.651435 -0.000000 -0.000000 -0.000000 4.976133 -1.420414 0.790482 -4.370762 -0.598539 0.986056 -1.834822 -0.185431 -2.464243 -0.002165 -0.844452 0.293759
-1.987277 0.959495 2.091759 0.473569 2.961266 0.313351 0.415230 -0.435308 1.501917 0.117778 -6.018070 0.671601 0.117059 -0.197650 0.683557 0.140366 5.688343 0.515249 0.852079 14.438729 -0.930246 1.959677 -9.191360 -2.076452 -2.378827 9.480012 7.901674 -14.271878 -19.814112 72.269091 15.036490 53.275851 9.145525 1.503208 15.603638 -4.227340 0.841591 7.644133 -8.583839 11.602148 -17.459220 -70.517879 -40.554178 60.444251 -28.621484 -6.236066 12.528421 5.786221 -13.619168 -0.165627 -1.095526 -2.355880 -1.620509 -0.066800 3.199084 -1.171762 -0.638618 0.000000 0.000000 0.000000 4.940213 -1.427761 0.762028 -4.327532 -0.615391 0.974181 -1.831714 -0.212119 -2.444139 -0.002113 -0.833726 0.290427
-1.987188 0.959464 2.092021 0.467235 3.011911 0.336619 0.397047 -0.436534 1.478181 0.110757 -6.018706 0.660978 0.110077 -0.198285 0.672221 0.134258 5.687865 0.506702 0.839050 14.360135 -0.934589 1.938842 -9.337516 -2.081541 -2.420505 9.456157 7.909307 -14.284127 -19.845082 72.206789 15.497871 52.876430 9.387083 1.442127 15.562352 -4.589195 0.781667 7.659170 -8.577814 11.671873 -17.415968 -70.586472 -39.922945 60.733220 -28.249991 -6.219151 12.552330 5.675969 -13.599374 -0.193153 -1.115946 -2.371988 -1.643195 -0.072633 3.222926 -1.188685 -0.630504 -0.000000 0.000000 -0.000000 4.926657 -1.449683 0.742188 -4.289959 -0.629719 0.954090 -1.850689 -0.234298 -2.426206 -0.002066 -0.823818 0.287346
-1.987141 0.959429 2.092252 0.462182 3.061748 0.359896 0.386787 -0.437352 1.454029 0.107273 -6.019135 0.650175 0.106614 -0.198713 0.661065 0.130803 5.687545 0.498292 0.820468 14.286788 -0.934645 1.905765 -9.474182 -2.076268 -2.452800 9.442845 7.913776 -14.291004 -19.876287 72.150392 15.987598 52.500745 9.654314 1.386093 15.521364 -4.936934 0.732216 7.675234 -8.575798 11.712841 -17.368629 -70.644958 -39.369729 61.019134 -27.944213 -6.216732 12.567980 5.535568 -13.571845 -0.214249 -1.135830 -2.393853 -1.679702 -0.074523 3.246250 -1.194127 -0.624775 -0.000000 0.000000 -0.000000 4.939781 -1.478548 0.718485 -4.278706 -0.633950 0.943847 -1.869989 -0.258154 -2.415026 -0.002019 -0.814929 0.283920
-1.987120 0.959400 2.092462 0.457766 3.109257 0.382001 0.386653 -0.437958 1.431035 0.108237 -6.019436 0.639900 0.107574 -0.199015 0.650888 0.130740 5.687326 0.490621 0.795340 14.219755 -0.930545 1.858571 -9.599392 -2.060442 -2.473166 9.440983 7.911232 -14.307847 -19.905263 72.105605 16.513024 52.162766 9.952856 1.334766 15.480948 -5.268023 0.702440 7.693442 -8.583252 11.689226 -17.319965 -70.680161 -38.893396 61.295305 -27.708081 -6.233455 12.567741 5.351951 -13.540342 -0.225362 -1.157873 -2.419348 -1.733030 -0.069288 3.278574 -1.186916 -0.619037 0.000000 -0.000000 0.000000 4.988155 -1.512010 0.685778 -4.310262 -0.627274 0.953077 -1.879867 -0.284186 -2.413560 -0.001973 -0.807823 0.279828
-1.987140 0.959368 2.092639 0.454629 3.155956 0.404118 0.394443 -0.438135 1.407601 0.112740 -6.019522 0.629435 0.112052 -0.199101 0.640880 0.133330 5.687270 0.483080 0.764650 14.157986 -0.922212 1.799082 -9.715057 -2.034300 -2.484149 9.449634 7.905458 -14.319364 -19.934361 72.066694 17.067067 51.847902 10.276585 1.287065 15.441149 -5.585200 0.683119 7.712642 -8.594724 11.636933 -17.267180 -70.705143 -38.499701 61.570215 -27.542358 -6.265228 12.559510 5.138019 -13.501116 -0.230033 -1.179393 -2.450613 -1.800175 -0.060100 3.310386 -1.168219 -0.615651 -0.000000 0.000000 0.000000 5.063227 -1.552322 0.649080 -4.368124 -0.610505 0.972186 -1.890058 -0.311901 -2.418849 -0.001927 -0.801736 0.275391
-1.987205 0.959300 2.092784 0.451186 3.198830 0.430161 0.407088 -0.436401 1.380969 0.119537 -6.018750 0.617543 0.118813 -0.198331 0.629678 0.137539 5.687860 0.474640 0.734973 14.104948 -0.909972 1.739708 -9.814560 -2.000923 -2.492585 9.459718 7.902032 -14.305491 -19.965845 72.028505 17.613860 51.588544 10.606079 1.249603 15.410182 -5.852834 0.671007 7.730843 -8.602840 11.618870 -17.216044 -70.737265 -38.244424 61.864066 -27.481661 -6.308075 12.558201 4.913658 -13.465300 -0.235102 -1.200205 -2.472454 -1.864397 -0.052269 3.317904 -1.144112 -0.619467 0.000000 0.000000 -0.000000 5.143625 -1.598786 0.611167 -4.423475 -0.578534 0.990423 -1.908029 -0.346003 -2.426583 -0.001879 -0.794575 0.270978
-1.987323 0.959163 2.092887 0.445995 3.238783 0.464219 0.425074 -0.432673 1.347568 0.129002 -6.017086 0.602628 0.128229 -0.196669 0.615724 0.143526 5.689122 0.464127 0.708638 14.058321 -0.891762 1.684090 -9.902196 -1.957399 -2.501773 9.468058 7.904102 -14.256374 -20.000619 71.988831 18.150199 51.399653 10.943403 1.225126 15.390959 -6.058019 0.666660 7.745965 -8.603298 11.671542 -17.168773 -70.784585 -38.204700 62.209693 -27.587645 -6.366985 12.573617 4.665149 -13.430119 -0.244726 -1.221098 -2.481755 -1.922036 -0.048003 3.283050 -1.113579 -0.634382 0.000000 0.000000 0.000000 5.228869 -1.655941 0.570798 -4.467603 -0.524623 1.003152 -1.941150 -0.391061 -2.435669 -0.001828 -0.784797 0.266941
-1.987486 0.958991 2.092956 0.440503 3.274913 0.502203 0.447904 -0.427014 1.310964 0.140758 -6.014557 0.586283 0.139922 -0.194143 0.600572 0.151129 5.691034 0.452712 0.683318 14.020421 -0.869681 1.628610 -9.973662 -1.906728 -2.508400 9.477827 7.908524 -14.181828 -20.037787 71.949724 18.683288 51.266350 11.289786 1.209374 15.380040 -6.213775 0.669540 7.760076 -8.600402 11.758397 -17.123069 -70.839040 -38.311971 62.575522 -27.806662 -6.437153 12.595628 4.406338 -13.398338 -0.254745 -1.241274 -2.481607 -1.976758 -0.045138 3.223890 -1.077655 -0.656568 0.000000 0.000000 -0.000000 5.319492 -1.719201 0.529179 -4.509227 -0.455527 1.015031 -1.982040 -0.442515 -2.447175 -0.001776 -0.773945 0.262927
-1.987665 0.958852 2.093015 0.437453 3.301492 0.535761 0.471045 -0.418183 1.279112 0.152433 -6.010614 0.572057 0.151535 -0.190202 0.587531 0.158833 5.694005 0.442889 0.658622 14.001662 -0.850281 1.574890 -10.009482 -1.860899 -2.509381 9.489467 7.911435 -14.091262 -20.076941 71.912396 19.194385 51.176925 11.626273 1.198432 15.375725 -6.323306 0.674764 7.777413 -8.599681 11.832706 -17.077988 -70.893838 -38.398583 62.885216 -27.995491 -6.499089 12.609143 4.198485 -13.389399 -0.259565 -1.258116 -2.466113 -2.022818 -0.042434 3.170855 -1.045474 -0.679288 0.000000 -0.000000 -0.000000 5.395612 -1.774298 0.492893 -4.545678 -0.386388 1.029233 -2.016047 -0.491367 -2.460042 -0.001723 -0.764560 0.258251
-1.987857 0.958773 2.093075 0.435027 3.314358 0.561272 0.494216 -0.405409 1.254877 0.163774 -6.004909 0.561228 0.162817 -0.184501 0.577854 0.166545 5.698295 0.435601 0.635143 14.014297 -0.834755 1.524288 -9.986872 -1.822172 -2.502374 9.504475 7.910017 -13.978661 -20.118300 71.878264 19.673857 51.136805 11.943851 1.192713 15.379347 -6.374692 0.680333 7.800547 -8.604946 11.877597 -17.034018 -70.944973 -38.401102 63.108419 -28.102223 -6.543497 12.605884 4.073657 -13.418065 -0.254783 -1.270188 -2.425491 -2.059215 -0.039174 3.137504 -1.018815 -0.700560 0.000000 -0.000000 -0.000000 5.454566 -1.814212 0.465462 -4.579274 -0.321560 1.046959 -2.036429 -0.535697 -2.474414 -0.001670 -0.757239 0.252656
-1.988065 0.958727 2.093123 0.435020 3.317669 0.582361 0.517716 -0.389474 1.235413 0.175042 -5.997794 0.552526 0.174026 -0.177389 0.570295 0.174365 5.703642 0.429911 0.612344 14.046059 -0.821888 1.475621 -9.928653 -1.788349 -2.489729 9.521348 7.907085 -13.849990 -20.161651 71.845770 20.134411 51.141192 12.254550 1.191955 15.388836 -6.379728 0.688236 7.826915 -8.612375 11.909937 -16.990680 -70.996425 -38.380086 63.275468 -28.176162 -6.578934 12.593835 3.999723 -13.469572 -0.244854 -1.278898 -2.369524 -2.086939 -0.036071 3.110279 -0.995892 -0.722337 -0.000000 0.000000 -0.000000 5.498969 -1.846054 0.443485 -4.607690 -0.256684 1.066980 -2.049925 -0.577418 -2.490169 -0.001616 -0.751385 0.246399
-1.988268 0.958695 2.093151 0.445584 3.318170 0.601545 0.537884 -0.371470 1.220115 0.184641 -5.989763 0.545678 0.183576 -0.169361 0.564421 0.181069 5.709674 0.425489 0.588127 14.070590 -0.814628 1.426654 -9.883760 -1.764707 -2.475415 9.536017 7.907215 -13.732652 -20.205890 71.811767 20.589774 51.163107 12.570222 1.191325 15.397642 -6.377220 0.699575 7.853056 -8.616045 11.933593 -16.945615 -71.053366 -38.348098 63.401216 -28.220316 -6.612288 12.582431 3.941630 -13.519069 -0.237475 -1.285871 -2.321678 -2.103233 -0.033997 3.078945 -0.980467 -0.743744 -0.000000 -0.000000 -0.000000 5.516812 -1.876811 0.423221 -4.621281 -0.193826 1.088817 -2.062116 -0.613272 -2.505867 -0.001563 -0.747747 0.239568
-1.988458 0.958674 2.093147 0.468550 3.317342 0.618732 0.554054 -0.350294 1.209861 0.192232 -5.980325 0.541074 0.191129 -0.159926 0.560589 0.186431 5.716758 0.422605 0.560419 14.078726 -0.815968 1.374824 -9.869199 -1.756239 -2.460849 9.545820 7.912989 -13.632468 -20.255444 71.771253 21.048386 51.202242 12.901168 1.189099 15.404526 -6.373799 0.716297 7.878083 -8.612681 11.944811 -16.896038 -71.123507 -38.288294 63.479873 -28.211130 -6.645948 12.575148 3.889458 -13.561867 -0.236996 -1.290866 -2.287878 -2.103501 -0.033516 3.042829 -0.974621 -0.764020 -0.000000 -0.000000 -0.000000 5.487380 -1.908367 0.403613 -4.602815 -0.133777 1.114340 -2.071174 -0.641213 -2.521337 -0.001511 -0.746927 0.231779
-1.988643 0.958667 2.093122 0.502085 3.313696 0.634011 0.566898 -0.327058 1.203787 0.198154 -5.969975 0.538332 0.197022 -0.149578 0.558447 0.190678 5.724525 0.420996 0.531257 14.079630 -0.822927 1.322600 -9.867978 -1.757927 -2.444611 9.553408 7.921812 -13.543610 -20.305798 71.729250 21.503010 51.258819 13.238513 1.187069 15.410650 -6.362828 0.736462 7.902870 -8.605560 11.947249 -16.844698 -71.199077 -38.217825 63.517075 -28.172560 -6.677437 12.568427 3.853094 -13.602647 -0.239053 -1.294121 -2.262207 -2.092344 -0.034039 3.002612 -0.976274 -0.783905 0.000000 0.000000 -0.000000 5.431384 -1.938891 0.385753 -4.569519 -0.075746 1.141706 -2.078936 -0.663285 -2.536757 -0.001459 -0.748324 0.223417
-1.988832 0.958662 2.093105 0.548850 3.309515 0.650171 0.574763 -0.306180 1.198667 0.201827 -5.960684 0.536014 0.200679 -0.140288 0.556503 0.193263 5.731496 0.419533 0.504680 14.074438 -0.829519 1.275223 -9.878027 -1.760046 -2.426412 9.562685 7.930498 -13.476075 -20.342474 71.697839 21.942245 51.306731 13.563791 1.185271 15.413495 -6.363370 0.755357 7.926589 -8.598594 11.955971 -16.797544 -71.262072 -38.200539 63.545017 -28.179146 -6.706405 12.561228 3.827229 -13.630623 -0.238253 -1.297961 -2.250362 -2.080812 -0.034706 2.950090 -0.982950 -0.804768 0.000000 0.000000 0.000000 5.398972 -1.969740 0.369069 -4.563435 -0.019432 1.164858 -2.096487 -0.682376 -2.551198 -0.001414 -0.750881 0.215714
-1.989034 0.958655 2.093102 0.613448 3.305959 0.669192 0.575651 -0.289323 1.193075 0.202432 -5.953199 0.533488 0.201283 -0.132803 0.554038 0.193520 5.737111 0.417677 0.481845 14.062728 -0.834287 1.234304 -9.900137 -1.760311 -2.404352 9.575412 7.937776 -13.435730 -20.356804 71.683218 22.370700 51.331521 13.873291 1.183188 15.410997 -6.388052 0.771318 7.948038 -8.593782 11.983615 -16.756474 -71.304072 -38.275762 63.572523 -28.272878 -6.731856 12.552493 3.813208 -13.637410 -0.234157 -1.303706 -2.255906 -2.069983 -0.035042 2.875840 -0.995978 -0.828841 -0.000000 -0.000000 -0.000000 5.406871 -2.003410 0.353880 -4.597091 0.037111 1.179497 -2.132982 -0.699613 -2.563943 -0.001378 -0.754478 0.209291
-1.989239 0.958651 2.093107 0.691276 3.301851 0.689089 0.571563 -0.274826 1.188436 0.200788 -5.946774 0.531389 0.199651 -0.126377 0.551772 0.192116 5.741929 0.415970 0.461597 14.044920 -0.838717 1.198237 -9.933522 -1.761051 -2.380333 9.589829 7.944929 -13.416764 -20.357533 71.679417 22.782967 51.348208 14.170112 1.181152 15.405430 -6.424353 0.786001 7.968424 -8.589122 12.017668 -16.719640 -71.333556 -38.404629 63.590807 -28.412312 -6.754830 12.543232 3.809694 -13.631396 -0.227184 -1.310026 -2.275276 -2.058786 -0.035511 2.789291 -1.014041 -0.853866 -0.000000 0.000000 -0.000000 5.438358 -2.037351 0.339798 -4.657978 0.091927 1.189897 -2.179271 -0.713880 -2.575698 -0.001349 -0.759235 0.203528
-1.989428 0.958650 2.093124 0.771187 3.295975 0.706706 0.566842 -0.262117 1.185786 0.198778 -5.941142 0.530181 0.197654 -0.120745 0.550360 0.190505 5.746152 0.414907 0.444519 14.023410 -0.841235 1.167461 -9.973750 -1.759489 -2.359779 9.604560 7.952614 -13.411675 -20.356346 71.680297 23.152254 51.375225 14.445720 1.180437 15.400788 -6.453624 0.799666 7.990543 -8.582512 12.035534 -16.687394 -71.357922 -38.533414 63.605828 -28.546498 -6.778033 12.535516 3.807388 -13.626952 -0.213233 -1.315253 -2.303475 -2.055042 -0.036681 2.710519 -1.030682 -0.874506 0.000000 -0.000000 -0.000000 5.493412 -2.065317 0.325192 -4.750584 0.139460 1.202815 -2.218974 -0.724702 -2.587678 -0.001320 -0.764459 0.197802
-1.989602 0.958653 2.093159 0.852303 3.289387 0.720803 0.562191 -0.252042 1.185621 0.196695 -5.936676 0.530088 0.195584 -0.116279 0.550056 0.188925 5.749500 0.414678 0.431174 13.997257 -0.842466 1.143294 -10.022551 -1.757036 -2.347790 9.619440 7.960294 -13.423157 -20.357013 71.686199 23.478880 51.421388 14.706531 1.182488 15.397996 -6.470802 0.811636 8.017365 -8.572793 12.027249 -16.659477 -71.378766 -38.653563 63.621231 -28.665830 -6.802498 12.530140 3.805171 -13.628136 -0.191053 -1.317505 -2.344095 -2.062484 -0.039258 2.648218 -1.043520 -0.888679 -0.000000 -0.000000 -0.000000 5.584855 -2.085431 0.309580 -4.892562 0.175156 1.220707 -2.245812 -0.730881 -2.600670 -0.001288 -0.769658 0.191697
-1.989760 0.958659 2.093205 0.935501 3.281042 0.732613 0.556911 -0.243764 1.187437 0.194247 -5.933008 0.530884 0.193150 -0.112609 0.550603 0.187139 5.752250 0.415090 0.420998 13.967398 -0.841811 1.124423 -10.078205 -1.752328 -2.339267 9.634633 7.968515 -13.448518 -20.355772 71.696820 23.763026 51.478364 14.946945 1.185950 15.396007 -6.480923 0.822591 8.045910 -8.561107 12.002807 -16.636206 -71.394520 -38.773633 63.633338 -28.779889 -6.827182 12.526295 3.804182 -13.630892 -0.161906 -1.318632 -2.393540 -2.077381 -0.042541 2.593692 -1.054916 -0.898486 0.000000 -0.000000 0.000000 5.699853 -2.099538 0.293473 -5.066250 0.203579 1.241060 -2.266067 -0.733607 -2.613901 -0.001256 -0.775322 0.185629
-1.989881 0.958668 2.093252 1.012269 3.266582 0.742678 0.553240 -0.234177 1.190777 0.192443 -5.928751 0.532359 0.191357 -0.108351 0.551894 0.185889 5.755441 0.416065 0.412893 13.939043 -0.835849 1.107335 -10.131118 -1.738395 -2.324326 9.649246 7.979551 -13.472180 -20.352988 71.704991 23.977832 51.539098 15.140531 1.187976 15.395708 -6.480432 0.834817 8.070049 -8.548812 11.969515 -16.618788 -71.407829 -38.865422 63.637277 -28.866325 -6.851652 12.523648 3.798504 -13.637436 -0.125464 -1.322566 -2.436028 -2.096357 -0.045007 2.540929 -1.065517 -0.904887 -0.000000 0.000000 0.000000 5.799900 -2.107004 0.276789 -5.223150 0.232873 1.263182 -2.282201 -0.735975 -2.626252 -0.001230 -0.782237 0.180229
-1.989959 0.958679 2.093291 1.081643 3.246277 0.750262 0.552095 -0.223028 1.196265 0.191661 -5.923790 0.534793 0.190581 -0.103391 0.554249 0.185483 5.759160 0.417841 0.407450 13.913077 -0.823179 1.092568 -10.179658 -1.712807 -2.298010 9.663474 7.994376 -13.489367 -20.348429 71.708315 24.109687 51.603547 15.276055 1.187188 15.397437 -6.466998 0.849352 8.087098 -8.536424 11.922655 -16.606806 -71.420560 -38.905364 63.629377 -28.904395 -6.875681 12.523146 3.785121 -13.657525 -0.081758 -1.329465 -2.456755 -2.121075 -0.045051 2.485684 -1.074710 -0.910299 0.000000 -0.000000 -0.000000 5.868431 -2.108642 0.260687 -5.343194 0.263240 1.286908 -2.297249 -0.737912 -2.637968 -0.001214 -0.790154 0.176040
-1.990000 0.958694 2.093330 1.144584 3.219868 0.756084 0.552557 -0.210577 1.203280 0.191522 -5.918244 0.537907 0.190444 -0.097844 0.557349 0.185613 5.763319 0.420179 0.404073 13.888598 -0.805200 1.079566 -10.225487 -1.677985 -2.265275 9.677113 8.012017 -13.504863 -20.342324 71.709192 24.171740 51.672304 15.364389 1.185051 15.400789 -6.442905 0.865153 8.099742 -8.523451 11.866975 -16.600701 -71.430885 -38.916931 63.613370 -28.914752 -6.899488 12.523817 3.767043 -13.681408 -0.030756 -1.339187 -2.470527 -2.149868 -0.044297 2.432200 -1.083098 -0.912314 -0.000000 0.000000 0.000000 5.922006 -2.103676 0.244075 -5.446440 0.294497 1.312425 -2.308177 -0.739486 -2.648804 -0.001203 -0.799321 0.172520
-1.989996 0.958710 2.093383 1.195459 3.182201 0.762858 0.554107 -0.194477 1.209494 0.191892 -5.911074 0.540658 0.190814 -0.090674 0.560138 0.186099 5.768696 0.422283 0.399892 13.868135 -0.782673 1.063165 -10.263942 -1.634187 -2.231113 9.688671 8.031823 -13.517426 -20.335720 71.707632 24.177011 51.739303 15.411925 1.182975 15.405548 -6.411523 0.881380 8.109915 -8.509744 11.823988 -16.602948 -71.435914 -38.942387 63.595515 -28.937071 -6.923308 12.522440 3.747382 -13.682045 0.027978 -1.355183 -2.505976 -2.174363 -0.046055 2.387188 -1.093142 -0.904639 0.000000 -0.000000 0.000000 5.971811 -2.089093 0.223521 -5.544575 0.334220 1.339562 -2.308341 -0.744007 -2.656912 -0.001194 -0.811263 0.168668
-1.989966 0.958723 2.093469 1.235001 3.133179 0.771817 0.557091 -0.177093 1.213787 0.192983 -5.903333 0.542550 0.191902 -0.082934 0.562140 0.187061 5.774502 0.423794 0.396899 13.852902 -0.758275 1.048161 -10.292688 -1.587230 -2.198548 9.703713 8.052501 -13.523364 -20.328074 71.712712 24.110508 51.809286 15.402937 1.181932 15.412434 -6.370456 0.896865 8.123562 -8.496479 11.808546 -16.618690 -71.436414 -38.988431 63.576408 -28.980707 -6.949935 12.517965 3.729855 -13.646889 0.098931 -1.376119 -2.584104 -2.199495 -0.053179 2.359091 -1.106587 -0.884445 -0.000000 -0.000000 -0.000000 6.026699 -2.068903 0.198473 -5.651073 0.392857 1.367893 -2.293639 -0.758273 -2.662235 -0.001179 -0.825471 0.163715
-1.989891 0.958737 2.093568 1.262468 3.072901 0.781729 0.561160 -0.156054 1.217282 0.194582 -5.893966 0.544078 0.193496 -0.073568 0.563831 0.188378 5.781528 0.425072 0.393096 13.841686 -0.729311 1.029744 -10.314051 -1.531265 -2.164560 9.716675 8.075345 -13.526368 -20.319929 71.715348 23.986677 51.877389 15.352684 1.180962 15.420780 -6.322107 0.912775 8.134742 -8.482485 11.805812 -16.642771 -71.431644 -39.048246 63.555407 -29.036210 -6.976565 12.511419 3.710742 -13.588515 0.177677 -1.403178 -2.683913 -2.220321 -0.062769 2.339453 -1.121666 -0.854554 0.000000 0.000000 0.000000 6.077823 -2.039088 0.169544 -5.752427 0.459995 1.397793 -2.268170 -0.775479 -2.664846 -0.001165 -0.842455 0.158430
