HIERARCHY
ROOT Hips
{
 OFFSET 0.000000 0.000000 0.000000
 CHANNELS 6 Xposition Yposition Zposition Yrotation Xrotation Zrotation
 JOINT Chest
 {
  OFFSET 0.000000 0.108577 -0.012064
  CHANNELS 3 Yrotation Xrotation Zrotation
  JOINT Chest2
  {
   OFFSET 0.000000 0.114566 0.000000
   CHANNELS 3 Yrotation Xrotation Zrotation
   JOINT Chest3
   {
    OFFSET 0.000000 0.104586 0.000080
    CHANNELS 3 Yrotation Xrotation Zrotation
    JOINT Chest4
    {
     OFFSET 0.000000 0.104469 0.000080
     CHANNELS 3 Yrotation Xrotation Zrotation
     JOINT Neck
     {
      OFFSET 0.000000 0.145826 0.000000
      CHANNELS 3 Yrotation Xrotation Zrotation
      JOINT Head
      {
       OFFSET 0.000000 0.094497 0.000047
       CHANNELS 3 Yrotation Xrotation Zrotation
       End Site
       {
        OFFSET 0.000000 0.173326 0.000036
       }
      }
     }
     JOINT RightCollar
     {
      OFFSET -0.031213 0.081695 0.000000
      CHANNELS 3 Yrotation Xrotation Zrotation
      JOINT RightShoulder
      {
       OFFSET -0.143577 0.000000 0.000000
       CHANNELS 3 Yrotation Xrotation Zrotation
       JOINT RightElbow
       {
        OFFSET -0.272032 0.000000 0.000000
        CHANNELS 3 Yrotation Xrotation Zrotation
        JOINT RightWrist
        {
         OFFSET -0.263092 0.000000 0.000091
         CHANNELS 3 Yrotation Xrotation Zrotation
         End Site
         {
          OFFSET -0.190430 0.000000 0.000000
         }
        }
       }
      }
     }
     JOINT LeftCollar
     {
      OFFSET 0.031213 0.081695 0.000000
      CHANNELS 3 Yrotation Xrotation Zrotation
      JOINT LeftShoulder
      {
       OFFSET 0.143577 0.000000 0.000000
       CHANNELS 3 Yrotation Xrotation Zrotation
       JOINT LeftElbow
       {
        OFFSET 0.272032 0.000000 0.000000
        CHANNELS 3 Yrotation Xrotation Zrotation
        JOINT LeftWrist
        {
         OFFSET 0.263092 0.000000 0.000091
         CHANNELS 3 Yrotation Xrotation Zrotation
         End Site
         {
          OFFSET 0.190430 0.000000 0.000000
         }
        }
       }
      }
     }
    }
   }
  }
 }
 JOINT RightHip
 {
  OFFSET -0.088949 -0.000184 0.000020
  CHANNELS 3 Yrotation Xrotation Zrotation
  JOINT RightKnee
  {
   OFFSET 0.000000 -0.415103 -0.000022
   CHANNELS 3 Yrotation Xrotation Zrotation
   JOINT RightAnkle
   {
    OFFSET 0.000000 -0.448133 -0.000277
    CHANNELS 3 Yrotation Xrotation Zrotation
    JOINT RightToe
    {
     OFFSET 0.000000 -0.076810 0.182379
     CHANNELS 3 Yrotation Xrotation Zrotation
     End Site
     {
      OFFSET 0.000000 -0.017923 0.081176
     }
    }
   }
  }
 }
 JOINT LeftHip
 {
  OFFSET 0.088949 -0.000208 0.000023
  CHANNELS 3 Yrotation Xrotation Zrotation
  JOINT LeftKnee
  {
   OFFSET 0.000000 -0.415103 -0.000022
   CHANNELS 3 Yrotation Xrotation Zrotation
   JOINT LeftAnkle
   {
    OFFSET 0.000000 -0.448133 -0.000277
    CHANNELS 3 Yrotation Xrotation Zrotation
    JOINT LeftToe
    {
     OFFSET 0.000000 -0.076810 0.182379
     CHANNELS 3 Yrotation Xrotation Zrotation
     End Site
     {
      OFFSET 0.000000 -0.017923 0.081176
     }
    }
   }
  }
 }
}
MOTION
Frames: 1422
Frame Time: 0.016667
-2.875651 0.959201 -0.247774 2.039525 3.558188 -0.477779 0.590237 -0.106452 0.996562 0.217343 -5.872211 0.445388 0.216154 -0.051821 0.467452 0.197963 5.797874 0.352425 -0.374564 15.252132 0.425554 -0.858920 -7.699214 0.935240 -2.129840 9.412305 8.615128 -11.649137 -19.455505 74.151631 21.884704 53.800673 14.415017 1.075368 15.129569 -5.948940 0.098525 7.575759 -7.757745 4.942345 -16.776364 -75.103310 -25.322231 65.462001 -18.761653 -6.642950 12.583298 4.157240 -10.898878 1.861989 -0.035880 0.006050 -2.003627 -0.201535 3.829071 -2.325128 -1.166414 0.007383 -0.329326 2.322454 7.671495 1.007576 1.971959 -4.956851 -1.591242 1.080767 -1.279436 -2.104224 -2.957552 -0.003760 -1.116512 0.385877
-2.875663 0.959218 -0.247190 2.058189 3.545520 -0.481807 0.593338 -0.117251 0.985002 0.219264 -5.877023 0.440242 0.218064 -0.056634 0.462500 0.199019 5.794267 0.348692 -0.390223 15.205728 0.420327 -0.886758 -7.785267 0.931811 -2.127452 9.401195 8.616063 -11.628282 -19.433491 74.139339 22.275417 53.687923 14.674597 1.081435 15.120728 -6.024047 0.106178 7.547807 -7.746794 4.937334 -16.801441 -75.005346 -25.321572 65.274962 -18.712763 -6.627582 12.582208 4.195976 -10.825244 1.925347 -0.026305 -0.061507 -2.024807 -0.216954 3.796325 -2.332489 -1.161877 0.007158 -0.346028 2.327198 7.645064 1.063392 1.963784 -4.961665 -1.605133 1.123077 -1.260997 -2.113248 -2.976952 -0.003790 -1.135719 0.382349
-2.875698 0.959241 -0.246601 2.080515 3.531318 -0.484261 0.601147 -0.131236 0.972752 0.223314 -5.883242 0.434794 0.222090 -0.062854 0.457463 0.201657 5.789605 0.344894 -0.413951 15.166503 0.412489 -0.928642 -7.857924 0.926454 -2.124803 9.389025 8.615204 -11.611594 -19.401965 74.122556 22.652747 53.599737 14.940509 1.089515 15.114249 -6.090858 0.121171 7.513116 -7.733538 4.947496 -16.828239 -74.903005 -25.462528 65.090707 -18.783169 -6.615924 12.582075 4.228987 -10.725260 1.995543 -0.014532 -0.148925 -2.055149 -0.235209 3.753734 -2.335311 -1.157297 0.006993 -0.361695 2.332026 7.560459 1.117685 1.955486 -4.924287 -1.609910 1.163582 -1.230061 -2.124506 -2.996192 -0.003819 -1.156617 0.378360
-2.875761 0.959260 -0.246027 2.108617 3.519320 -0.484855 0.608401 -0.148377 0.959738 0.227157 -5.890867 0.429009 0.225911 -0.070480 0.452069 0.204114 5.783889 0.340828 -0.438452 15.137427 0.404055 -0.971647 -7.911728 0.920178 -2.121902 9.373849 8.615059 -11.601980 -19.372778 74.111368 22.980541 53.549205 15.180017 1.098671 15.113194 -6.129006 0.138863 7.476962 -7.719855 4.976345 -16.858125 -74.814269 -25.661217 64.903480 -18.892498 -6.605086 12.581617 4.263848 -10.636131 2.066697 -0.003738 -0.232957 -2.091823 -0.250070 3.713790 -2.337321 -1.156298 0.006879 -0.374974 2.337234 7.473629 1.162884 1.959473 -4.893431 -1.606364 1.179998 -1.197183 -2.140274 -3.006490 -0.003847 -1.175282 0.375048
-2.875872 0.959271 -0.245473 2.144521 3.511545 -0.482810 0.613391 -0.169535 0.945143 0.230071 -5.900284 0.422525 0.228806 -0.079899 0.445880 0.205818 5.776828 0.336163 -0.462097 15.120499 0.395051 -1.012706 -7.942989 0.912386 -2.118507 9.353360 8.615557 -11.606131 -19.348695 74.113798 23.253985 53.555504 15.391265 1.110046 15.120592 -6.121480 0.159033 7.438493 -7.705170 5.036513 -16.892256 -74.746188 -25.914569 64.719421 -19.034021 -6.596097 12.582276 4.298127 -10.568266 2.139140 0.005452 -0.309926 -2.139069 -0.258982 3.681610 -2.337794 -1.161247 0.006838 -0.384681 2.342930 7.394645 1.193707 1.986912 -4.880927 -1.591722 1.152183 -1.163619 -2.162466 -3.000758 -0.003881 -1.190502 0.373525
-2.876012 0.959277 -0.244934 2.186199 3.505971 -0.478904 0.617830 -0.193843 0.929769 0.232780 -5.911104 0.415698 0.231497 -0.090720 0.439328 0.207341 5.768714 0.331223 -0.486499 15.113723 0.385452 -1.054844 -7.955393 0.903653 -2.114870 9.329864 8.616756 -11.617363 -19.326968 74.121778 23.480083 53.600045 15.578574 1.122660 15.133044 -6.085210 0.181889 7.398547 -7.690066 5.115404 -16.929550 -74.691664 -26.223947 64.531775 -19.212980 -6.587980 12.582656 4.334240 -10.511262 2.212557 0.013621 -0.383498 -2.192653 -0.264504 3.652075 -2.337465 -1.169789 0.006849 -0.392000 2.349005 7.313448 1.215465 2.026692 -4.875020 -1.568794 1.100287 -1.128114 -2.189190 -2.986091 -0.003914 -1.203491 0.372681
-2.876129 0.959276 -0.244417 2.229681 3.500285 -0.475191 0.621589 -0.218689 0.915974 0.235115 -5.922162 0.409577 0.233816 -0.101779 0.433445 0.208637 5.760422 0.326788 -0.509225 15.114075 0.377226 -1.094281 -7.954563 0.896775 -2.111743 9.308336 8.621361 -11.618521 -19.311194 74.121254 23.639827 53.639720 15.717922 1.132350 15.144007 -6.050744 0.203466 7.364957 -7.678115 5.178814 -16.967866 -74.647543 -26.514518 64.316234 -19.369038 -6.574933 12.577279 4.387076 -10.471116 2.280118 0.019266 -0.441447 -2.237026 -0.268131 3.622319 -2.342262 -1.178466 0.006828 -0.399140 2.355421 7.255802 1.236456 2.057930 -4.889020 -1.546721 1.062520 -1.097460 -2.217011 -2.974959 -0.003923 -1.213969 0.370325
-2.876200 0.959265 -0.243915 2.274144 3.492970 -0.473246 0.624625 -0.244441 0.905316 0.236989 -5.933619 0.404859 0.235675 -0.113237 0.428917 0.209692 5.751830 0.323375 -0.530452 15.124019 0.370219 -1.131254 -7.935921 0.891497 -2.108860 9.289902 8.632201 -11.597975 -19.302121 74.099831 23.722115 53.659868 15.801499 1.137780 15.152279 -6.024355 0.224174 7.340683 -7.671353 5.217137 -17.006830 -74.614175 -26.757668 64.057826 -19.476785 -6.553288 12.561960 4.469280 -10.456905 2.341229 0.021135 -0.473376 -2.267599 -0.269021 3.591620 -2.354182 -1.186211 0.006736 -0.407187 2.362102 7.243540 1.260975 2.071480 -4.938635 -1.529612 1.057416 -1.075807 -2.245629 -2.972916 -0.003888 -1.221088 0.364879
-2.876248 0.959248 -0.243434 2.320411 3.485545 -0.471495 0.626978 -0.270735 0.896233 0.238487 -5.945316 0.400846 0.237161 -0.124934 0.425055 0.210518 5.743058 0.320464 -0.549996 15.141083 0.364599 -1.165509 -7.904059 0.888087 -2.106499 9.273425 8.646450 -11.567331 -19.298952 74.069932 23.737590 53.675657 15.836690 1.140234 15.159146 -5.999789 0.243644 7.322785 -7.667713 5.240088 -17.046680 -74.591313 -26.981879 63.772014 -19.561169 -6.526989 12.541120 4.568294 -10.459563 2.396496 0.020388 -0.489684 -2.288954 -0.268079 3.560702 -2.371226 -1.194082 0.006613 -0.415056 2.369124 7.254820 1.284696 2.076537 -5.008100 -1.513329 1.066475 -1.058998 -2.275334 -2.974395 -0.003829 -1.225696 0.357920
-2.876294 0.959230 -0.242996 2.366987 3.480250 -0.467267 0.628644 -0.293862 0.886416 0.239708 -5.955608 0.396498 0.238371 -0.135226 0.420832 0.211108 5.735340 0.317281 -0.564902 15.154825 0.362814 -1.192559 -7.878370 0.890150 -2.106209 9.260499 8.658349 -11.544310 -19.303011 74.054720 23.699011 53.688764 15.821365 1.139293 15.161946 -5.988868 0.256760 7.310249 -7.664611 5.242465 -17.086113 -74.574974 -27.198842 63.480672 -19.637959 -6.501504 12.522131 4.661210 -10.457873 2.440893 0.019142 -0.509343 -2.299296 -0.269418 3.528879 -2.393321 -1.201804 0.006493 -0.421695 2.376679 7.249890 1.302963 2.079696 -5.063461 -1.494631 1.072350 -1.041354 -2.303564 -2.975174 -0.003778 -1.230060 0.351985
-2.876344 0.959213 -0.242614 2.413998 3.477768 -0.458421 0.630179 -0.312011 0.874192 0.240967 -5.963691 0.391067 0.239621 -0.143311 0.415529 0.211644 5.729278 0.313283 -0.572943 15.162043 0.367699 -1.209338 -7.864795 0.902201 -2.109069 9.253538 8.665979 -11.541769 -19.317804 74.069041 23.601424 53.700255 15.743486 1.133160 15.158384 -6.001252 0.260225 7.303561 -7.661077 5.218668 -17.125735 -74.563266 -27.408408 63.179951 -19.704580 -6.477865 12.506411 4.740578 -10.441666 2.468762 0.018372 -0.540809 -2.291137 -0.276712 3.494207 -2.423886 -1.209005 0.006344 -0.427691 2.385277 7.210910 1.314157 2.081316 -5.089835 -1.472387 1.070371 -1.020776 -2.328808 -2.974897 -0.003755 -1.235191 0.348343
-2.876392 0.959197 -0.242274 2.461318 3.477410 -0.447092 0.631028 -0.326988 0.861243 0.241948 -5.970368 0.385306 0.240595 -0.149988 0.409867 0.211943 5.724271 0.309016 -0.576356 15.165924 0.376430 -1.218940 -7.857421 0.919757 -2.113978 9.250141 8.671269 -11.546902 -19.339894 74.098004 23.449636 53.708963 15.614975 1.123574 15.150764 -6.027290 0.257345 7.302247 -7.658083 5.174351 -17.164870 -74.558099 -27.611325 62.873962 -19.763748 -6.454864 12.492508 4.813846 -10.421112 2.485764 0.017080 -0.575633 -2.271962 -0.286268 3.458629 -2.459499 -1.216048 0.006198 -0.432458 2.394406 7.155716 1.319895 2.081010 -5.102117 -1.447732 1.065183 -0.999366 -2.352580 -2.973919 -0.003742 -1.240078 0.345726
-2.876434 0.959180 -0.241961 2.507075 3.479361 -0.437029 0.629526 -0.340512 0.850292 0.241793 -5.976399 0.380434 0.240438 -0.156019 0.404979 0.211454 5.719747 0.305332 -0.578889 15.165627 0.382961 -1.226126 -7.857846 0.932926 -2.119219 9.244683 8.674233 -11.538938 -19.360237 74.120161 23.271110 53.713185 15.469695 1.115390 15.143324 -6.049837 0.252892 7.303851 -7.655972 5.121184 -17.200322 -74.561178 -27.820711 62.596356 -19.839380 -6.434374 12.483346 4.880380 -10.405501 2.503850 0.014461 -0.607422 -2.262429 -0.291148 3.427287 -2.489838 -1.223769 0.006192 -0.433189 2.402729 7.098069 1.320384 2.084225 -5.111041 -1.420852 1.053398 -0.977758 -2.376863 -2.969084 -0.003722 -1.243952 0.342866
-2.876473 0.959162 -0.241660 2.552761 3.482825 -0.430104 0.625119 -0.353520 0.842160 0.240219 -5.982202 0.376818 0.238870 -0.161821 0.401204 0.209992 5.715395 0.302485 -0.581939 15.161528 0.384985 -1.232638 -7.865388 0.937908 -2.124687 9.236573 8.674927 -11.502473 -19.373548 74.124526 23.066106 53.702607 15.311312 1.109959 15.136322 -6.066214 0.245033 7.310735 -7.654041 5.056263 -17.232963 -74.571608 -28.036801 62.347450 -19.938528 -6.424240 12.472434 4.938350 -10.398393 2.531332 0.009665 -0.635431 -2.273999 -0.286673 3.401772 -2.510188 -1.233067 0.006403 -0.428109 2.409370 7.034995 1.315036 2.095864 -5.116501 -1.388048 1.029510 -0.954324 -2.405054 -2.957057 -0.003687 -1.246092 0.339018
-2.876506 0.959143 -0.241386 2.596884 3.488603 -0.424439 0.618357 -0.365081 0.836032 0.237506 -5.987362 0.374093 0.236170 -0.166980 0.398204 0.207740 5.711524 0.300223 -0.584109 15.153257 0.384805 -1.236735 -7.880722 0.938495 -2.130484 9.226407 8.673294 -11.452886 -19.385096 74.122106 22.834589 53.687320 15.136466 1.105936 15.129496 -6.079096 0.235606 7.320541 -7.652989 4.982512 -17.261940 -74.590248 -28.259893 62.126893 -20.054567 -6.416453 12.466164 4.989524 -10.396227 2.559899 0.003545 -0.660396 -2.295216 -0.277537 3.380498 -2.525266 -1.243063 0.006757 -0.418994 2.415205 6.969470 1.304449 2.111036 -5.118626 -1.353029 0.999019 -0.930698 -2.433761 -2.941175 -0.003646 -1.247219 0.334928
-2.876526 0.959129 -0.241170 2.633095 3.499291 -0.418153 0.609232 -0.374112 0.832180 0.233637 -5.991399 0.372379 0.232321 -0.171015 0.396097 0.204694 5.708495 0.298633 -0.584959 15.138855 0.383289 -1.237944 -7.907477 0.936172 -2.135200 9.210346 8.669183 -11.415551 -19.401673 74.124430 22.603183 53.696460 14.968045 1.104135 15.126342 -6.079389 0.234886 7.323726 -7.655265 4.920361 -17.281487 -74.621468 -28.503708 61.967150 -20.191762 -6.389141 12.486799 5.038564 -10.397608 2.576554 -0.002153 -0.678137 -2.312361 -0.270868 3.363833 -2.538884 -1.251933 0.007152 -0.408367 2.421512 6.924185 1.290600 2.120494 -5.128485 -1.327085 0.975051 -0.912405 -2.454778 -2.928282 -0.003613 -1.248724 0.331559
-2.876527 0.959123 -0.241037 2.659011 3.515512 -0.410850 0.596660 -0.378419 0.831575 0.228085 -5.993336 0.372105 0.226798 -0.172950 0.395259 0.200488 5.707040 0.298000 -0.587238 15.111187 0.380391 -1.241475 -7.958867 0.931979 -2.137961 9.182985 8.660691 -11.403066 -19.426362 74.137076 22.384219 53.751066 14.817946 1.106246 15.129989 -6.056809 0.250494 7.312704 -7.662788 4.877094 -17.288523 -74.669603 -28.785308 61.893517 -20.359849 -6.325895 12.555748 5.083039 -10.401233 2.575387 -0.005748 -0.689094 -2.319217 -0.270704 3.353284 -2.552265 -1.258846 0.007589 -0.396320 2.429269 6.909788 1.274373 2.119148 -5.152146 -1.315650 0.966008 -0.901781 -2.463274 -2.922444 -0.003596 -1.251445 0.329284
-2.876514 0.959121 -0.240962 2.677018 3.536644 -0.402923 0.581725 -0.380201 0.833258 0.221376 -5.994153 0.372848 0.220126 -0.173764 0.395321 0.195489 5.706425 0.298044 -0.588184 15.077387 0.376173 -1.242093 -8.021681 0.924897 -2.139628 9.149726 8.649739 -11.402844 -19.456071 74.154470 22.164483 53.830191 14.673210 1.110593 15.137389 -6.021662 0.274809 7.295065 -7.673647 4.845425 -17.286151 -74.730331 -29.090203 61.880502 -20.552075 -6.243052 12.651548 5.125103 -10.408400 2.562303 -0.008945 -0.692826 -2.322001 -0.273015 3.347344 -2.564184 -1.264637 0.008069 -0.382761 2.437499 6.915635 1.254888 2.112067 -5.183513 -1.313278 0.963503 -0.896485 -2.464075 -2.919582 -0.003588 -1.254544 0.327731
-2.876494 0.959117 -0.240904 2.687918 3.563405 -0.393675 0.567665 -0.384970 0.834600 0.215077 -5.996296 0.373444 0.213860 -0.175905 0.395277 0.190787 5.704816 0.298009 -0.579112 15.056908 0.371644 -1.223671 -8.059897 0.913289 -2.141403 9.122937 8.641899 -11.402483 -19.488345 74.171388 21.932211 53.900053 14.519322 1.112912 15.142751 -5.995732 0.295239 7.284024 -7.684531 4.823930 -17.277865 -74.795060 -29.384533 61.884445 -20.747760 -6.167843 12.732188 5.176404 -10.421607 2.542031 -0.015084 -0.683824 -2.325652 -0.272825 3.341865 -2.574785 -1.269977 0.008498 -0.369938 2.444553 6.932485 1.231468 2.105240 -5.215396 -1.314946 0.955497 -0.895019 -2.463465 -2.914318 -0.003584 -1.256906 0.326742
-2.876468 0.959110 -0.240850 2.691524 3.598613 -0.381762 0.555309 -0.396704 0.834190 0.209624 -6.001534 0.373268 0.208435 -0.181141 0.394547 0.186666 5.700885 0.297457 -0.551916 15.061938 0.366911 -1.170928 -8.050976 0.894148 -2.144236 9.106823 8.640138 -11.399768 -19.523869 74.185975 21.677258 53.949915 14.348606 1.111457 15.143662 -5.988664 0.307698 7.285670 -7.695487 4.813300 -17.262876 -74.861120 -29.668699 61.897683 -20.949033 -6.105536 12.783682 5.254753 -10.446391 2.514315 -0.027061 -0.654260 -2.334052 -0.266995 3.334603 -2.582923 -1.275359 0.008808 -0.359308 2.449631 6.963373 1.201618 2.100759 -5.247553 -1.320240 0.934977 -0.900506 -2.462872 -2.903438 -0.003583 -1.258091 0.326362
-2.876435 0.959102 -0.240812 2.688030 3.639454 -0.368535 0.543831 -0.411426 0.833446 0.204581 -6.008098 0.372947 0.203417 -0.187704 0.393715 0.182842 5.695960 0.296827 -0.514720 15.080298 0.361854 -1.099192 -8.017417 0.870486 -2.147186 9.097184 8.641486 -11.396904 -19.561953 74.200097 21.409982 53.990345 14.168893 1.107963 15.142469 -5.990801 0.316264 7.293905 -7.706462 4.812794 -17.241975 -74.931169 -29.942913 61.927920 -21.154434 -6.050668 12.820010 5.342491 -10.477212 2.479398 -0.041936 -0.611963 -2.343327 -0.258673 3.327803 -2.589742 -1.280290 0.009064 -0.349413 2.453532 7.005270 1.167845 2.096491 -5.280221 -1.329578 0.908959 -0.909823 -2.460864 -2.890156 -0.003587 -1.258538 0.326546
-2.876401 0.959094 -0.240781 2.678801 3.678194 -0.357345 0.533990 -0.422712 0.833984 0.200202 -6.013131 0.373195 0.199061 -0.192735 0.393518 0.179563 5.692184 0.296677 -0.483188 15.094882 0.357119 -1.038238 -7.990775 0.849616 -2.148627 9.093778 8.642596 -11.388101 -19.598091 74.214088 21.149874 54.019489 13.989559 1.103369 15.140470 -5.994981 0.320577 7.303661 -7.713982 4.818846 -17.221029 -75.004612 -30.171448 61.954785 -21.336133 -6.014541 12.841055 5.398269 -10.499948 2.442769 -0.054320 -0.574914 -2.346764 -0.252314 3.324051 -2.598819 -1.283961 0.009370 -0.338131 2.457012 7.039837 1.136965 2.092129 -5.306935 -1.339189 0.886437 -0.912101 -2.459438 -2.878727 -0.003591 -1.258449 0.327002
-2.876366 0.959086 -0.240756 2.663679 3.711515 -0.349308 0.525924 -0.427812 0.836628 0.196509 -6.015409 0.374376 0.195387 -0.195011 0.394325 0.176871 5.690474 0.297283 -0.462130 15.100086 0.352379 -0.996997 -7.981415 0.832788 -2.148649 9.096907 8.642454 -11.369739 -19.632605 74.228692 20.893508 54.033064 13.804303 1.096788 15.137330 -6.000605 0.321032 7.313152 -7.715881 4.838978 -17.202646 -75.085546 -30.343686 61.967183 -21.488540 -6.004791 12.842205 5.401227 -10.505545 2.406425 -0.062224 -0.553407 -2.341541 -0.250014 3.324632 -2.611712 -1.285483 0.009995 -0.333528 2.551824 7.059700 1.113034 2.087411 -5.326933 -1.349931 0.870843 -0.900532 -2.458010 -2.870894 -0.003600 -1.257949 0.327887
-2.876330 0.959077 -0.240737 2.642816 3.742738 -0.343316 0.519493 -0.429471 0.840545 0.193480 -6.016152 0.376123 0.192375 -0.195753 0.395764 0.174723 5.689915 0.298367 -0.446734 15.101508 0.347955 -0.966513 -7.979000 0.818719 -2.147169 9.106270 8.642062 -11.345423 -19.665170 74.243134 20.644770 54.035294 13.619955 1.089116 15.133370 -6.008267 0.317237 7.324167 -7.714326 4.865624 -17.184203 -75.169875 -30.469853 61.976437 -21.616801 -6.013978 12.827893 5.372358 -10.503057 2.368378 -0.067670 -0.537146 -2.330476 -0.249670 3.328258 -2.626864 -1.285746 0.010664 -0.327542 2.646215 7.072227 1.091981 2.082648 -5.340977 -1.360948 0.858747 -0.881925 -2.457168 -2.864913 -0.003609 -1.256911 0.329043
-2.876300 0.959067 -0.240715 2.618036 3.774090 -0.339373 0.515034 -0.429506 0.844862 0.191307 -6.016170 0.378048 0.190213 -0.195770 0.397469 0.173233 5.689901 0.299651 -0.438228 15.098846 0.345456 -0.949685 -7.984068 0.810881 -2.142301 9.120721 8.641098 -11.320208 -19.690319 74.255458 20.434032 54.037356 13.465584 1.083941 15.130924 -6.012593 0.307653 7.337002 -7.712334 4.872612 -17.163780 -75.244701 -30.545157 61.995914 -21.708799 -6.030915 12.811549 5.333050 -10.505526 2.328148 -0.071297 -0.513231 -2.315311 -0.249429 3.333655 -2.643177 -1.286610 0.010700 -0.293837 2.465676 7.081184 1.068408 2.078432 -5.344896 -1.365899 0.848840 -0.865842 -2.460659 -2.859812 -0.003612 -1.255162 0.329708
-2.876275 0.959056 -0.240688 2.591157 3.806971 -0.337349 0.512227 -0.428553 0.849194 0.189866 -6.015745 0.379980 0.188780 -0.195345 0.399254 0.172295 5.690219 0.300996 -0.439533 15.090093 0.345600 -0.952274 -8.000306 0.811735 -2.131991 9.141863 8.638723 -11.295480 -19.704708 74.266773 20.272244 54.040394 13.348833 1.082390 15.130986 -6.012534 0.288869 7.352735 -7.711035 4.847001 -17.137918 -75.304272 -30.566777 62.027778 -21.758692 -6.054554 12.796844 5.287778 -10.519029 2.285463 -0.072889 -0.477103 -2.297734 -0.249537 3.340789 -2.659830 -1.288678 0.008839 -0.203485 1.735745 7.083256 1.039052 2.073580 -5.332173 -1.361137 0.842293 -0.857011 -2.470135 -2.855380 -0.003599 -1.252738 0.329172
-2.876256 0.959044 -0.240658 2.560358 3.839979 -0.337381 0.511393 -0.425974 0.853919 0.189281 -6.014594 0.382088 0.188198 -0.194194 0.401302 0.172015 5.691082 0.302539 -0.447714 15.077251 0.347693 -0.968507 -8.024038 0.818864 -2.118302 9.168095 8.635764 -11.269845 -19.711692 74.275945 20.148474 54.043605 13.262140 1.083322 15.132589 -6.009146 0.264297 7.370285 -7.709294 4.801730 -17.110176 -75.354318 -30.537412 62.069862 -21.772246 -6.086040 12.780166 5.232092 -10.537491 2.240597 -0.072624 -0.433320 -2.276058 -0.249743 3.349694 -2.677645 -1.291349 0.004427 -0.085408 0.730891 7.081757 1.007172 2.069298 -5.309328 -1.350303 0.837926 -0.850705 -2.483942 -2.851828 -0.003579 -1.249601 0.328144
-2.876249 0.959033 -0.240619 2.522006 3.871136 -0.339873 0.513824 -0.421671 0.859313 0.190114 -6.012669 0.384494 0.189027 -0.192269 0.403793 0.172827 5.692526 0.304417 -0.455213 15.066028 0.351215 -0.983985 -8.044754 0.828397 -2.105520 9.193457 8.634398 -11.244200 -19.715842 74.277671 20.059994 54.055434 13.211470 1.086914 15.135139 -6.000226 0.242632 7.386709 -7.706726 4.749480 -17.089183 -75.399141 -30.460546 62.128993 -21.754773 -6.117456 12.764067 5.173927 -10.555718 2.193886 -0.071717 -0.382659 -2.246972 -0.247448 3.359202 -2.697981 -1.294674 0.000000 -0.000000 0.000000 7.090403 0.977166 2.069737 -5.291746 -1.337982 0.830894 -0.842300 -2.500869 -2.848814 -0.003565 -1.245464 0.327989
-2.876244 0.959023 -0.240565 2.472422 3.900066 -0.344288 0.520859 -0.415962 0.865166 0.192970 -6.010110 0.387108 0.191868 -0.189711 0.406698 0.175179 5.694446 0.306608 -0.459591 15.059467 0.356480 -0.994228 -8.056827 0.839970 -2.093613 9.218908 8.634887 -11.217333 -19.720437 74.268159 20.010504 54.081459 13.206074 1.094187 15.138647 -5.983003 0.228343 7.402327 -7.703757 4.686257 -17.077275 -75.438067 -30.328770 62.211769 -21.702087 -6.149918 12.747967 5.113595 -10.572525 2.146315 -0.075402 -0.324585 -2.212328 -0.235674 3.370869 -2.719119 -1.299073 -0.001247 0.021766 -0.182642 7.122494 0.949220 2.074355 -5.283786 -1.323291 0.819910 -0.837456 -2.521043 -2.844412 -0.003552 -1.241242 0.327936
-2.876251 0.959015 -0.240503 2.415281 3.927138 -0.351172 0.531160 -0.408526 0.871678 0.197245 -6.006777 0.390017 0.196120 -0.186379 0.410040 0.178624 5.696947 0.309129 -0.463287 15.054528 0.363166 -1.003713 -8.065876 0.853930 -2.082606 9.243490 8.636969 -11.190484 -19.722200 74.251208 19.996317 54.116302 13.236674 1.104130 15.143125 -5.960251 0.216963 7.416823 -7.699962 4.616087 -17.072108 -75.471717 -30.148609 62.311332 -21.617638 -6.182366 12.732535 5.050771 -10.589098 2.096897 -0.078424 -0.259622 -2.170281 -0.221386 3.383144 -2.742778 -1.304130 -0.000611 0.010886 -0.091321 7.164725 0.923154 2.083662 -5.281095 -1.307117 0.806260 -0.830514 -2.544337 -2.840548 -0.003546 -1.236019 0.328755
-2.876300 0.959000 -0.240438 2.357980 3.951485 -0.362549 0.542012 -0.398307 0.879728 0.201691 -6.002203 0.393609 0.200543 -0.181807 0.414084 0.182249 5.700379 0.312179 -0.466064 15.047799 0.369787 -1.011474 -8.078259 0.867443 -2.076861 9.258367 8.642060 -11.168237 -19.715871 74.232922 20.003557 54.151920 13.281356 1.113861 15.147977 -5.938077 0.203789 7.426303 -7.693665 4.563695 -17.075248 -75.506357 -29.944608 62.414419 -21.518253 -6.203507 12.722139 4.992352 -10.603813 2.043035 -0.066279 -0.190157 -2.111951 -0.222886 3.390198 -2.775484 -1.308645 -0.000000 0.000000 -0.000000 7.190901 0.902827 2.103391 -5.285987 -1.296707 0.788951 -0.799878 -2.569156 -2.842661 -0.003577 -1.226754 0.334116
-2.876396 0.958977 -0.240352 2.297062 3.972470 -0.376814 0.554929 -0.387207 0.887229 0.207077 -5.997234 0.396955 0.205902 -0.176840 0.417977 0.186564 5.704108 0.315115 -0.467958 15.040474 0.377351 -1.017946 -8.091746 0.882400 -2.080187 9.263836 8.650816 -11.146223 -19.695766 74.219922 20.016684 54.184474 13.320453 1.122331 15.153290 -5.916236 0.191175 7.428217 -7.683235 4.562634 -17.083509 -75.550185 -29.737039 62.528373 -21.418870 -6.206916 12.722097 4.938135 -10.626356 1.995427 -0.038994 -0.096663 -2.055204 -0.243866 3.385530 -2.811570 -1.314728 -0.000000 0.000000 -0.000000 7.187599 0.893563 2.137358 -5.298135 -1.296816 0.758770 -0.728123 -2.594950 -2.848848 -0.003666 -1.213311 0.346210
-2.876534 0.958948 -0.240263 2.235981 3.990717 -0.395565 0.568401 -0.373325 0.896264 0.212637 -5.991024 0.400983 0.211433 -0.170632 0.422568 0.191061 5.708767 0.318579 -0.468932 15.031360 0.384850 -1.022693 -8.108567 0.896911 -2.088759 9.259606 8.662610 -11.128819 -19.667573 74.205590 20.051266 54.217795 13.373668 1.130582 15.158966 -5.894969 0.176780 7.425123 -7.670284 4.579397 -17.099996 -75.595084 -29.505058 62.645853 -21.303810 -6.198904 12.727050 4.888265 -10.647078 1.943444 0.003465 0.001262 -1.982111 -0.280571 3.375634 -2.856704 -1.320262 -0.000000 0.000000 -0.000000 7.168254 0.890101 2.181774 -5.317863 -1.302759 0.724951 -0.632670 -2.622277 -2.861025 -0.003787 -1.195825 0.362844
-2.876737 0.958917 -0.240239 2.192496 4.007255 -0.425615 0.575194 -0.349893 0.913973 0.214824 -5.980569 0.408866 0.213611 -0.160178 0.430674 0.193311 5.716608 0.324690 -0.468639 15.013461 0.387774 -1.023452 -8.141774 0.902487 -2.095480 9.235954 8.676954 -11.133750 -19.643115 74.176207 20.140136 54.255306 13.478209 1.138860 15.164115 -5.881110 0.148866 7.420777 -7.657970 4.538098 -17.135827 -75.622744 -29.212571 62.731425 -21.145174 -6.187281 12.725275 4.850105 -10.635462 1.852491 0.075671 0.042413 -1.830125 -0.340102 3.374161 -2.934425 -1.317715 -0.000000 -0.000000 -0.000000 7.146939 0.880405 2.230998 -5.348456 -1.307548 0.714153 -0.544169 -2.651175 -2.890361 -0.003897 -1.171658 0.381115
-2.877061 0.958891 -0.240322 2.171235 4.024299 -0.476849 0.573884 -0.315271 0.945320 0.212779 -5.965136 0.422818 0.211581 -0.144744 0.444418 0.192833 5.728181 0.335051 -0.468262 14.984436 0.384885 -1.021992 -8.195715 0.897280 -2.096883 9.181862 8.700979 -11.178854 -19.627543 74.121035 20.306110 54.305646 13.666288 1.145136 15.166939 -5.882013 0.101022 7.418035 -7.645554 4.414570 -17.199345 -75.623132 -28.842707 62.763842 -20.939002 -6.171451 12.706244 4.843049 -10.587595 1.717527 0.212766 -0.001157 -1.593600 -0.459093 3.397496 -3.044034 -1.296721 -0.000513 0.012802 -0.087193 7.146765 0.870196 2.287266 -5.430176 -1.336076 0.750549 -0.451423 -2.669719 -2.947647 -0.003940 -1.137253 0.396946
-2.877450 0.958863 -0.240469 2.167560 4.039650 -0.539364 0.565975 -0.271087 0.985350 0.207389 -5.945452 0.440632 0.206226 -0.125058 0.461684 0.190129 5.742940 0.348066 -0.466615 14.946621 0.377423 -1.016528 -8.266052 0.883129 -2.096392 9.108349 8.727574 -11.246375 -19.615881 74.050899 20.526894 54.359782 13.906273 1.151437 15.169235 -5.890320 0.039689 7.414020 -7.633658 4.232868 -17.282303 -75.605526 -28.415006 62.763453 -20.692521 -6.152043 12.680345 4.847588 -10.508047 1.543220 0.379276 -0.102339 -1.278486 -0.601425 3.429184 -3.186253 -1.267742 -0.001053 0.025613 -0.174385 7.144597 0.853696 2.348333 -5.522780 -1.363277 0.810008 -0.365559 -2.689761 -3.022044 -0.003964 -1.096163 0.414403
-2.877750 0.958814 -0.240618 2.185345 4.047734 -0.590284 0.548612 -0.215471 1.026339 0.197724 -5.920708 0.458852 0.196620 -0.100310 0.478923 0.184229 5.761491 0.361062 -0.459801 14.900036 0.364583 -0.999435 -8.352800 0.857041 -2.097255 9.038742 8.734886 -11.300679 -19.604644 73.984443 20.767316 54.394745 14.139219 1.164078 15.175505 -5.890782 -0.027606 7.403863 -7.627454 3.989368 -17.371082 -75.580340 -27.947910 62.756859 -20.394909 -6.138826 12.667413 4.812767 -10.378849 1.309471 0.483548 -0.239232 -0.839331 -0.664907 3.433704 -3.386717 -1.254440 -0.000000 -0.000000 0.000000 7.085025 0.801705 2.401917 -5.508726 -1.307356 0.846418 -0.350694 -2.747110 -3.092361 -0.004082 -1.056414 0.442810
-2.877749 0.958761 -0.240806 2.225882 4.047433 -0.619771 0.518911 -0.144575 1.070617 0.182384 -5.889198 0.478517 0.181371 -0.068796 0.497031 0.174156 5.785111 0.374715 -0.443935 14.840260 0.341826 -0.961734 -8.464257 0.809063 -2.100001 8.982004 8.701957 -11.315912 -19.594393 73.922256 21.024572 54.393610 14.344511 1.190332 15.190784 -5.869077 -0.100804 7.379042 -7.633032 3.661503 -17.456575 -75.562177 -27.406275 62.754900 -20.006492 -6.135322 12.679200 4.708775 -10.177621 0.957271 0.460291 -0.414728 -0.175726 -0.576945 3.401064 -3.675590 -1.266088 0.003949 -0.115654 0.784671 6.965278 0.683910 2.430983 -5.325058 -1.109101 0.841636 -0.467622 -2.859337 -3.148420 -0.004424 -1.027071 0.493586
-2.877660 0.958686 -0.240996 2.287897 4.039889 -0.637670 0.479756 -0.062265 1.115889 0.162759 -5.852643 0.498614 0.161857 -0.032234 0.515136 0.160880 5.812512 0.388369 -0.422887 14.771749 0.313613 -0.912268 -8.592029 0.748912 -2.104195 8.929135 8.649741 -11.317970 -19.584431 73.863729 21.300694 54.373256 14.541925 1.222933 15.210014 -5.839511 -0.179952 7.347964 -7.644134 3.271587 -17.548183 -75.535345 -26.825594 62.745317 -19.568387 -6.138781 12.704315 4.565431 -9.925590 0.546314 0.372857 -0.622462 0.612252 -0.409756 3.341808 -4.022747 -1.293261 0.007086 -0.270674 1.830783 6.788019 0.530732 2.452854 -5.034873 -0.827663 0.815464 -0.655642 -3.008914 -3.200014 -0.004842 -0.999065 0.555321
-2.877965 0.958519 -0.241015 2.371432 4.022909 -0.650641 0.436868 0.021743 1.147503 0.142072 -5.815366 0.512619 0.141287 0.005048 0.527041 0.146333 5.840453 0.397352 -0.404434 14.707814 0.292651 -0.870299 -8.711169 0.703215 -2.111584 8.876538 8.619274 -11.348769 -19.569265 73.825743 21.567732 54.361793 14.733099 1.246348 15.222587 -5.829801 -0.257723 7.331254 -7.647561 2.883398 -17.659343 -75.465174 -26.328757 62.721768 -19.188574 -6.149288 12.727936 4.421360 -9.670717 0.234151 0.323845 -0.828915 1.269441 -0.277582 3.251140 -4.363378 -1.331281 0.007235 -0.348788 2.353756 6.505861 0.404390 2.506877 -4.709800 -0.558785 0.777294 -0.796500 -3.179224 -3.256309 -0.005017 -0.953220 0.603085
-2.878918 0.958195 -0.240867 2.482968 3.997816 -0.661065 0.389159 0.107994 1.155501 0.120301 -5.777141 0.516086 0.119636 0.043278 0.528298 0.130159 5.869107 0.398311 -0.391885 14.645517 0.289419 -0.846101 -8.827017 0.692965 -2.121058 8.814269 8.633635 -11.428868 -19.543469 73.820211 21.827738 54.360029 14.919336 1.252322 15.223707 -5.856406 -0.338216 7.336260 -7.630224 2.495685 -17.794855 -75.323616 -25.982079 62.677223 -18.918708 -6.175382 12.746427 4.264633 -9.414753 0.081431 0.362778 -1.050209 1.688523 -0.228599 3.125932 -4.678157 -1.383794 0.005666 -0.271483 1.830672 6.058233 0.301993 2.612471 -4.360796 -0.298008 0.725038 -0.828297 -3.388929 -3.317037 -0.004729 -0.871866 0.621490
-2.880265 0.957778 -0.240547 2.616020 3.963281 -0.666633 0.337643 0.195968 1.149906 0.097451 -5.738176 0.513499 0.096909 0.082247 0.523391 0.112706 5.898316 0.394626 -0.381989 14.587755 0.293457 -0.829605 -8.934341 0.697312 -2.133654 8.752308 8.669761 -11.537562 -19.512366 73.835284 22.078999 54.367266 15.099820 1.249156 15.218196 -5.902878 -0.417271 7.355831 -7.605299 2.109460 -17.948296 -75.138059 -25.718839 62.620837 -18.705687 -6.208557 12.763289 4.107293 -9.156568 0.026529 0.442124 -1.273065 1.976426 -0.214135 2.969423 -4.986594 -1.446765 0.002736 -0.116355 0.784575 5.505540 0.227505 2.750145 -3.977474 -0.049105 0.659729 -0.812544 -3.619399 -3.382854 -0.004220 -0.772681 0.625884
-2.881722 0.957385 -0.239866 2.751178 3.913138 -0.666997 0.291180 0.274350 1.146001 0.076792 -5.703459 0.511692 0.076359 0.116968 0.519488 0.096967 5.924340 0.391698 -0.372701 14.556575 0.286108 -0.809635 -8.992405 0.680253 -2.154226 8.716960 8.699499 -11.654888 -19.486667 73.852278 22.288666 54.409558 15.273716 1.246084 15.209896 -5.947595 -0.475339 7.388829 -7.599264 1.792088 -18.116488 -74.958391 -25.462011 62.571646 -18.499185 -6.221848 12.774284 4.023932 -8.940831 0.043135 0.520648 -1.422813 2.199415 -0.202909 2.785890 -5.282096 -1.503928 -0.000000 0.000000 -0.000000 4.982119 0.253145 2.899671 -3.598876 0.079688 0.593162 -0.816091 -3.798280 -3.464678 -0.003836 -0.689509 0.637473
-2.883178 0.957054 -0.238695 2.884774 3.835997 -0.668134 0.253087 0.339941 1.153006 0.059381 -5.674395 0.514780 0.059036 0.146034 0.520808 0.084053 5.946124 0.392707 -0.366697 14.563014 0.258016 -0.787530 -8.980767 0.625142 -2.189324 8.728682 8.717657 -11.782173 -19.485423 73.853433 22.452800 54.493203 15.466185 1.246207 15.196239 -6.003743 -0.503561 7.448248 -7.630278 1.534773 -18.318426 -74.797898 -25.127833 62.548149 -18.240636 -6.199540 12.774612 4.068153 -8.782580 0.148255 0.589464 -1.466457 2.359994 -0.187804 2.566072 -5.563928 -1.538941 -0.000532 0.025895 -0.174345 4.479014 0.457381 3.067579 -3.193604 -0.022601 0.516523 -0.850473 -3.870430 -3.562549 -0.003679 -0.633065 0.665963
-2.884744 0.956748 -0.237162 3.020457 3.743227 -0.664207 0.220028 0.395907 1.161654 0.044152 -5.649596 0.518616 0.043884 0.170834 0.523098 0.072843 5.964711 0.394448 -0.361311 14.596088 0.218612 -0.762042 -8.919746 0.548809 -2.232419 8.766995 8.729422 -11.918158 -19.489649 73.856607 22.575906 54.612206 15.652389 1.246407 15.179759 -6.058131 -0.511012 7.521072 -7.680332 1.346189 -18.535975 -74.644873 -24.799188 62.532014 -17.987280 -6.156366 12.768577 4.186317 -8.666565 0.325181 0.658626 -1.436771 2.455965 -0.176016 2.319030 -5.832929 -1.567980 -0.000194 0.012966 -0.087170 4.006162 0.761716 3.244565 -2.791700 -0.244655 0.436356 -0.904410 -3.891072 -3.676478 -0.003629 -0.592630 0.701686
-2.886471 0.956468 -0.235460 3.149756 3.662735 -0.637036 0.190885 0.440460 1.159452 0.031191 -5.629869 0.517621 0.030987 0.190562 0.520787 0.062980 5.979497 0.392718 -0.346459 14.644810 0.177419 -0.718044 -8.829715 0.465418 -2.268773 8.796790 8.722187 -12.038916 -19.452933 73.896266 22.637548 54.774295 15.756100 1.246450 15.171973 -6.049599 -0.505071 7.567008 -7.721755 1.320748 -18.711692 -74.513727 -24.649390 62.487280 -17.862785 -6.110856 12.766011 4.292187 -8.592169 0.497702 0.714247 -1.357384 2.546682 -0.157412 2.076508 -6.084813 -1.623622 -0.000000 0.000000 0.000000 3.725604 1.000877 3.389190 -2.524840 -0.362197 0.389096 -1.010586 -3.953630 -3.817054 -0.003664 -0.569881 0.736823
-2.888369 0.956245 -0.233636 3.258170 3.608197 -0.569013 0.167939 0.466110 1.135215 0.022053 -5.618545 0.506799 0.021894 0.201886 0.509037 0.055255 5.987988 0.383865 -0.317458 14.712883 0.141387 -0.649436 -8.703760 0.386258 -2.286917 8.804692 8.685001 -12.119496 -19.340098 74.003081 22.563662 54.986306 15.683680 1.247507 15.177362 -5.932758 -0.479884 7.558951 -7.740296 1.537312 -18.817224 -74.431524 -24.701059 62.407429 -17.881341 -6.059301 12.777286 4.357968 -8.559702 0.628962 0.740389 -1.231825 2.659616 -0.129798 1.856223 -6.310029 -1.720502 0.000000 0.000000 -0.000000 3.695624 1.181559 3.482930 -2.394413 -0.422590 0.385126 -1.215786 -4.042849 -3.990699 -0.003750 -0.557161 0.771203
-2.890428 0.956049 -0.231643 3.360147 3.565784 -0.477606 0.148907 0.480382 1.100089 0.015187 -5.612273 0.491121 0.015063 0.208158 0.492663 0.048878 5.992694 0.371521 -0.278964 14.796626 0.103685 -0.562434 -8.548708 0.300386 -2.298326 8.804137 8.628774 -12.184245 -19.186268 74.145999 22.424265 55.240965 15.525124 1.249125 15.191801 -5.752847 -0.441203 7.523983 -7.750321 1.917678 -18.881932 -74.372258 -24.929816 62.298379 -18.027991 -6.005896 12.792450 4.411885 -8.569110 0.756068 0.752226 -1.056550 2.767456 -0.095592 1.640495 -6.518175 -1.844023 0.000000 0.000000 0.000000 3.857187 1.295868 3.547538 -2.399717 -0.379809 0.415867 -1.473010 -4.174703 -4.190347 -0.003949 -0.562124 0.805005
-2.892660 0.955784 -0.229527 3.490647 3.522126 -0.397215 0.125787 0.504014 1.075129 0.006013 -5.601842 0.479983 0.005934 0.218590 0.480593 0.041103 6.000516 0.362427 -0.234958 14.874009 0.053068 -0.460412 -8.405449 0.188429 -2.322712 8.800240 8.573697 -12.283349 -19.050184 74.266700 22.418585 55.525788 15.482815 1.248273 15.213595 -5.584719 -0.413739 7.503062 -7.767093 2.321154 -18.935505 -74.271527 -25.436210 62.141688 -18.381240 -5.980894 12.791247 4.451291 -8.619254 0.913689 0.782192 -0.844556 2.847211 -0.051333 1.408240 -6.733745 -1.982968 -0.000000 -0.000000 -0.000000 4.195729 1.155815 3.602762 -2.671356 0.129287 0.493414 -1.673595 -4.489133 -4.405409 -0.004419 -0.609425 0.830940
-2.895094 0.955471 -0.227256 3.646126 3.471814 -0.326806 0.096623 0.540573 1.058566 -0.006263 -5.585670 0.472596 -0.006282 0.234762 0.471960 0.031271 6.012640 0.355928 -0.179944 14.944855 -0.016821 -0.330727 -8.274273 0.036444 -2.369187 8.804888 8.528408 -12.430964 -18.962310 74.351959 22.627308 55.876259 15.648965 1.243429 15.248606 -5.449101 -0.410461 7.514534 -7.803808 2.737824 -18.989236 -74.087937 -26.307993 61.914366 -19.029574 -5.998643 12.757120 4.474952 -8.682930 1.109961 0.833672 -0.586404 2.896433 -0.004057 1.146723 -6.963484 -2.132506 -0.000000 -0.000000 0.000000 4.837758 0.763612 3.631109 -3.421121 1.135255 0.652533 -1.750481 -5.109561 -4.667579 -0.004628 -0.612101 0.862318
-2.897702 0.955090 -0.224861 3.830136 3.420228 -0.267501 0.063338 0.586458 1.052252 -0.020867 -5.565355 0.469791 -0.020816 0.255077 0.467673 0.020030 6.027867 0.352710 -0.119575 15.009554 -0.099675 -0.186374 -8.154313 -0.141595 -2.428684 8.806156 8.484322 -12.613284 -18.891986 74.415147 22.978797 56.256715 15.939868 1.236101 15.290608 -5.325190 -0.418473 7.540107 -7.847170 3.178102 -19.033495 -73.863765 -27.440043 61.629634 -19.870975 -6.044231 12.706298 4.483444 -8.787158 1.336583 0.903319 -0.291361 2.917681 0.052265 0.868982 -7.200823 -2.297472 0.000000 0.000000 0.000000 5.657034 0.117507 3.638903 -4.436553 2.606140 0.847842 -1.767708 -5.911943 -4.945530 -0.005124 -0.657118 0.885841
-2.900408 0.954488 -0.222487 4.088332 3.370349 -0.257055 0.023753 0.651533 1.082823 -0.040042 -5.536511 0.483463 -0.039905 0.283920 0.479398 0.006586 6.049478 0.361574 -0.074654 15.047040 -0.187922 -0.069089 -8.084640 -0.323715 -2.493675 8.773449 8.435806 -12.838962 -18.806212 74.437917 23.445567 56.548755 16.295328 1.226780 15.319375 -5.225764 -0.423681 7.565814 -7.872630 3.532085 -19.065502 -73.660911 -28.648611 61.325469 -20.701184 -6.103914 12.667516 4.476396 -9.011592 1.603576 1.013351 -0.000247 2.895022 0.140380 0.592904 -7.450620 -2.480945 0.000000 0.000000 0.000000 6.258460 -0.979016 3.676946 -5.216155 4.810741 0.977297 -1.817094 -6.664295 -5.133954 -0.007677 -1.030067 0.854032
-2.903267 0.953537 -0.220272 4.470314 3.339615 -0.305057 -0.034488 0.734556 1.159115 -0.069704 -5.499724 0.517578 -0.069437 0.320703 0.510501 -0.013221 6.077022 0.385066 -0.054838 15.046584 -0.285670 0.004769 -8.085236 -0.514159 -2.582529 8.658671 8.370722 -13.163807 -18.661083 74.437910 24.086384 56.746334 16.743006 1.219067 15.326404 -5.141638 -0.430568 7.568607 -7.858713 3.741455 -19.044790 -73.488127 -29.934546 61.000203 -21.470514 -6.179970 12.656043 4.424291 -9.464710 1.919434 1.168266 0.331203 2.785147 0.285306 0.299636 -7.714795 -2.704929 0.000000 -0.000000 0.000000 6.425963 -2.701570 3.770811 -5.611202 8.005061 0.999732 -1.983347 -7.464170 -5.117970 -0.011315 -1.730215 0.683825
-2.906225 0.952366 -0.218078 4.926581 3.311547 -0.401973 -0.098622 0.836150 1.272865 -0.103826 -5.454707 0.568440 -0.103413 0.365714 0.557898 -0.035130 6.110720 0.420862 -0.050620 15.019235 -0.389164 0.051714 -8.135640 -0.709586 -2.676670 8.509999 8.300951 -13.532412 -18.500746 74.397783 24.840093 56.853182 17.252983 1.208766 15.320093 -5.082188 -0.434464 7.571277 -7.826894 3.864637 -19.010381 -73.335877 -31.293443 60.652681 -22.223367 -6.270011 12.655906 4.356482 -10.036314 2.277439 1.362126 0.659186 2.630952 0.460569 0.008928 -7.992657 -2.946856 -0.000000 0.000000 -0.000000 6.366241 -4.875875 3.890429 -5.784104 11.934334 0.986749 -2.182468 -8.214473 -5.008908 -0.012893 -2.757334 0.453763
-2.909038 0.951202 -0.215627 5.354290 3.238501 -0.557348 -0.133030 0.968811 1.425169 -0.126708 -5.395812 0.636465 -0.126214 0.424606 0.623602 -0.047291 6.154816 0.470483 -0.053929 14.976423 -0.479044 0.079649 -8.214756 -0.876820 -2.713483 8.441359 8.256848 -13.787790 -18.424471 74.248541 25.486283 56.768588 17.664798 1.184346 15.305814 -5.088103 -0.407779 7.628936 -7.816810 3.967069 -19.077305 -73.239834 -32.552941 60.329898 -22.914701 -6.354011 12.649820 4.360921 -10.477743 2.663935 1.602088 0.810799 2.545660 0.614307 -0.204078 -8.284153 -3.142910 -0.000000 0.000000 -0.000000 6.317515 -7.175418 4.005308 -5.687474 16.101250 1.046572 -2.261643 -8.390521 -5.048598 -0.013200 -4.397007 0.343833
-2.911782 0.950039 -0.212832 5.733064 3.080887 -0.819951 -0.123127 1.157885 1.642996 -0.133302 -5.311690 0.733613 -0.132817 0.508725 0.720081 -0.045010 6.217811 0.543344 -0.068417 14.896686 -0.556070 0.082234 -8.362538 -1.016029 -2.653874 8.512411 8.262612 -13.892273 -18.489041 73.921833 26.045263 56.394193 17.994682 1.139995 15.286629 -5.203914 -0.343175 7.797787 -7.848794 4.057863 -19.348492 -73.224488 -33.687877 60.046196 -23.549652 -6.414380 12.633291 4.474794 -10.680576 3.101220 1.938419 0.667923 2.576971 0.738932 -0.304744 -8.596041 -3.270330 -0.000000 0.000000 0.000000 6.286795 -9.575022 4.167697 -5.123725 20.559148 1.309364 -2.171698 -7.538845 -5.441850 -0.024816 -7.129002 0.458498
-2.914382 0.948884 -0.209780 6.084316 2.879489 -1.141974 -0.082476 1.376725 1.900350 -0.128412 -5.214173 0.848246 -0.127981 0.606243 0.835210 -0.032778 6.290842 0.630295 -0.090132 14.801287 -0.619853 0.066509 -8.539490 -1.127886 -2.537250 8.663490 8.295061 -13.886166 -18.634160 73.485394 26.484061 55.831005 18.211797 1.081263 15.259653 -5.385106 -0.249223 8.022650 -7.901112 4.129831 -19.719616 -73.270286 -34.736176 59.790939 -24.136907 -6.470588 12.611689 4.660573 -10.751128 3.564074 2.324013 0.348574 2.677009 0.845339 -0.328337 -8.920037 -3.352339 -0.000000 -0.000000 -0.000000 6.253528 -12.100177 4.326652 -4.210881 25.247130 1.802046 -1.998734 -6.098480 -5.951295 -0.050528 -10.480467 0.590879
-2.916375 0.947982 -0.206461 6.367022 2.705404 -1.387648 -0.018910 1.561044 2.117872 -0.111458 -5.131848 0.944970 -0.111116 0.688574 0.933653 -0.012792 6.352509 0.704647 -0.099637 14.765330 -0.648533 0.059844 -8.606132 -1.178300 -2.419241 8.829798 8.313379 -13.727813 -18.783962 73.073535 26.516176 55.281189 18.100260 1.013609 15.220926 -5.538580 -0.121647 8.191697 -7.951345 4.222728 -19.994872 -73.345143 -35.630221 59.578606 -24.647164 -6.558587 12.582843 4.893705 -10.765901 3.967359 2.619594 0.033708 2.815836 0.910378 -0.305675 -9.232365 -3.394743 0.000000 0.000000 0.000000 6.445582 -14.501597 4.281935 -3.385038 29.498016 2.399268 -1.752387 -4.897893 -6.194456 -0.059205 -13.298366 0.507869
-2.917498 0.947451 -0.202861 6.554055 2.564015 -1.506357 0.074880 1.700337 2.271482 -0.077884 -5.069367 1.013034 -0.077689 0.751063 1.005126 0.017578 6.399351 0.758614 -0.087068 14.815356 -0.626059 0.074398 -8.513244 -1.140647 -2.306224 9.014916 8.303871 -13.284238 -18.929712 72.680361 25.936127 54.728743 17.502556 0.947339 15.144963 -5.647620 0.062800 8.262151 -7.999068 4.289254 -20.122821 -73.455276 -36.246533 59.412611 -24.993641 -6.689630 12.535458 5.196977 -10.656149 4.263856 2.775979 -0.268533 3.040011 0.915673 -0.264474 -9.548164 -3.401210 0.000000 -0.000000 0.000000 7.064208 -16.712748 3.889675 -2.882856 33.257208 3.008976 -1.304134 -4.314820 -5.946152 -0.005639 -15.224744 0.047311
-2.918014 0.947173 -0.198992 6.671548 2.448046 -1.547775 0.190290 1.806527 2.384297 -0.032614 -5.021471 1.062787 -0.032603 0.798963 1.059475 0.055408 6.435291 0.799629 -0.062156 14.924061 -0.567090 0.097862 -8.311540 -1.038912 -2.192237 9.215742 8.280787 -12.684998 -19.077415 72.305026 24.986095 54.179914 16.621115 0.872358 15.056572 -5.727990 0.281735 8.277164 -8.046586 4.374362 -20.153966 -73.589734 -36.718261 59.296204 -25.270759 -6.854793 12.480519 5.546025 -10.494101 4.501804 2.841854 -0.567094 3.303150 0.879050 -0.177881 -9.852106 -3.369591 0.000000 0.000000 0.000000 7.960833 -18.790131 3.263136 -2.470854 36.580160 3.652228 -0.734993 -4.002426 -5.471456 0.085402 -16.596834 -0.569777
-2.918250 0.947046 -0.194878 6.757317 2.408571 -1.525859 0.294626 1.850266 2.446425 0.010514 -5.001408 1.090017 0.010363 0.819025 1.091083 0.089977 6.450377 0.823451 -0.035050 15.085867 -0.495277 0.120328 -8.011280 -0.913763 -2.114187 9.357404 8.243442 -12.281283 -19.182633 72.097552 24.032089 53.876266 15.758716 0.763437 15.027564 -5.735762 0.472125 8.252476 -8.076506 4.653887 -20.046455 -73.686000 -37.360753 59.240873 -25.719761 -7.057676 12.448955 5.845631 -10.569814 4.742228 2.820092 -0.706415 3.436123 0.830649 0.005169 -10.074976 -3.297069 0.000000 -0.000000 -0.000000 8.846552 -20.673400 2.594085 -1.977320 38.977096 4.226728 -0.348364 -3.698633 -5.143928 0.136080 -17.318697 -0.893510
-2.918257 0.947127 -0.190500 6.831575 2.487671 -1.418511 0.369112 1.796393 2.436206 0.044429 -5.024977 1.085258 0.044154 0.795453 1.089768 0.115260 6.432759 0.822391 -0.002543 15.331472 -0.405201 0.145774 -7.555410 -0.756279 -2.092159 9.406901 8.188437 -12.206132 -19.227410 72.156850 23.052940 54.003198 14.891705 0.594305 15.109895 -5.611806 0.608560 8.180360 -8.072078 5.232993 -19.733363 -73.722398 -38.318245 59.262390 -26.451709 -7.301332 12.473008 6.047373 -11.095914 5.004739 2.675997 -0.564270 3.337792 0.777393 0.335753 -10.163569 -3.170384 0.000238 0.027557 -0.047070 9.735394 -22.359523 1.880920 -1.413078 40.228260 4.661596 -0.292286 -3.280113 -5.111590 0.102755 -17.499888 -0.681061
-2.917984 0.947357 -0.185875 6.874504 2.643053 -1.247458 0.432733 1.680927 2.374243 0.076343 -5.076070 1.057593 0.075943 0.744357 1.065343 0.137339 6.394517 0.803872 0.032674 15.630136 -0.301628 0.171597 -7.001030 -0.574652 -2.105409 9.396910 8.117758 -12.327293 -19.236343 72.390807 22.023244 54.375541 13.992148 0.392416 15.254495 -5.416627 0.716590 8.067257 -8.050094 6.002493 -19.283659 -73.707930 -39.454079 59.337231 -27.364257 -7.580803 12.520390 6.199073 -11.862655 5.265417 2.441742 -0.262975 3.108722 0.711358 0.763424 -10.171671 -3.003366 0.000270 0.055133 -0.094129 10.611747 -23.849214 1.136361 -0.870298 40.564193 4.904204 -0.427809 -2.848421 -5.217410 0.016044 -17.058942 -0.120780
-2.917601 0.947463 -0.181076 6.863623 2.799650 -1.092698 0.509283 1.580908 2.314170 0.113805 -5.120246 1.030719 0.113252 0.700176 1.042272 0.163644 6.361466 0.786381 0.050990 15.884669 -0.224667 0.176556 -6.528567 -0.436943 -2.129463 9.350850 8.038105 -12.598681 -19.232480 72.668079 21.300847 54.696980 13.347577 0.210985 15.379339 -5.286426 0.809729 7.949878 -8.042885 6.818909 -18.860566 -73.632406 -40.657236 59.415675 -28.374644 -7.886321 12.525391 6.350651 -12.524781 5.523631 2.218994 -0.013291 2.882613 0.640984 1.186963 -10.190248 -2.833489 -0.000000 -0.000000 0.000000 11.101327 -25.110570 0.615451 -0.316673 40.175631 4.870151 -0.638900 -2.462510 -5.362557 -0.081883 -15.625272 0.596778
-2.917204 0.947373 -0.176122 6.794572 2.947363 -0.974203 0.607298 1.506539 2.267665 0.160009 -5.152907 1.009800 0.159266 0.667503 1.026043 0.196975 6.337054 0.774059 0.039435 16.075260 -0.194156 0.143348 -6.174779 -0.375372 -2.175907 9.251156 7.943732 -13.139353 -19.206838 73.014379 21.068728 54.957675 13.111534 0.048535 15.464330 -5.275697 0.886032 7.835018 -8.064538 7.690612 -18.506511 -73.470340 -42.039113 59.530384 -29.606217 -8.251513 12.444738 6.479876 -13.032672 5.781163 2.033108 0.174082 2.680978 0.569763 1.576272 -10.235782 -2.672058 -0.000199 -0.194353 0.378281 11.004112 -26.129776 0.442874 0.271638 39.009132 4.471569 -0.904121 -2.242557 -5.539734 -0.140814 -12.523797 1.654562
-2.916697 0.947158 -0.170994 6.671489 3.096639 -0.872447 0.717986 1.447510 2.223163 0.211665 -5.178705 0.989728 0.210709 0.641690 1.011215 0.234472 6.317790 0.762801 0.010404 16.222120 -0.191419 0.087895 -5.902137 -0.359509 -2.233070 9.115283 7.840311 -13.829765 -19.163465 73.402221 21.164833 55.176979 13.150324 -0.094707 15.527255 -5.330493 0.947565 7.716087 -8.100924 8.611491 -18.183435 -73.251103 -43.492744 59.642719 -30.939095 -8.642432 12.322141 6.609226 -13.435202 6.038860 1.858371 0.309799 2.482360 0.495056 1.961334 -10.291856 -2.507838 -0.001275 -0.471562 0.897675 10.479314 -26.934277 0.542555 0.901245 37.122442 3.807808 -1.239096 -2.068422 -5.776882 -0.104988 -8.416457 2.823868
-2.915956 0.946759 -0.165700 6.483835 3.203298 -0.808276 0.838586 1.449792 2.199787 0.266424 -5.177176 0.978913 0.265250 0.643194 1.005959 0.274973 6.319011 0.758783 -0.018269 16.288189 -0.199437 0.037276 -5.779496 -0.364031 -2.242166 9.019290 7.751937 -14.265358 -19.151671 73.624480 21.452657 55.107323 13.345949 -0.164313 15.540394 -5.422544 1.014107 7.610046 -8.142058 9.419882 -17.929309 -73.060604 -44.552656 59.614043 -31.899541 -8.950627 12.222463 6.855061 -13.532384 6.301913 1.718914 0.215363 2.356813 0.418071 2.330488 -10.399742 -2.344851 -0.003788 -0.744947 1.270388 9.680006 -27.559923 0.878283 1.593187 34.871765 3.099088 -1.587687 -1.646017 -6.023225 -0.024195 -4.936370 3.319444
-2.914965 0.946124 -0.160329 6.210003 3.248748 -0.793995 0.980756 1.541627 2.209592 0.328763 -5.135663 0.982562 0.327362 0.684672 1.015937 0.322238 6.350216 0.766270 -0.049576 16.237219 -0.221654 -0.012802 -5.874194 -0.394209 -2.175852 8.999453 7.684323 -14.285795 -19.199655 73.588803 21.941227 54.548511 13.705040 -0.118536 15.470137 -5.571559 1.101340 7.523392 -8.193369 10.042236 -17.776459 -72.927911 -45.013977 59.389589 -32.277311 -9.122415 12.163774 7.241119 -13.142199 6.554216 1.640199 -0.264427 2.355187 0.342020 2.681095 -10.584843 -2.193147 -0.007442 -0.992798 1.350818 8.445317 -27.998787 1.562003 2.486507 32.285189 2.380369 -1.941119 -0.921728 -6.321606 -0.003999 -2.665839 2.548682
-2.913739 0.945305 -0.154793 5.871349 3.251227 -0.817007 1.132884 1.694658 2.240292 0.394227 -5.066829 0.995234 0.392613 0.753465 1.035254 0.372513 6.401912 0.780802 -0.080452 16.105411 -0.254620 -0.057997 -6.119004 -0.444644 -2.062132 9.019597 7.631159 -14.052104 -19.283205 73.387799 22.595923 53.698155 14.193373 0.002566 15.351827 -5.756653 1.193319 7.449710 -8.249693 10.554316 -17.687760 -72.833425 -45.074080 59.040131 -32.276746 -9.217161 12.125542 7.743522 -12.444903 6.814131 1.599586 -0.974178 2.427870 0.266259 3.015289 -10.821838 -2.043158 -0.011553 -1.236716 1.284653 6.932189 -28.232688 2.480877 3.479975 29.329198 1.659146 -2.303621 0.045234 -6.648024 -0.010231 -1.050261 1.097605
-2.912198 0.944396 -0.148833 5.521724 3.221739 -0.860580 1.257248 1.869900 2.274621 0.447050 -4.988223 1.009451 0.445296 0.832033 1.054835 0.413364 6.460923 0.795542 -0.083958 15.964367 -0.271071 -0.058171 -6.380928 -0.474219 -1.925231 9.047018 7.598533 -13.641880 -19.378171 73.094639 23.225014 52.906916 14.640960 0.128229 15.259678 -5.888546 1.262585 7.386350 -8.284748 11.017807 -17.593015 -72.790841 -44.861198 58.625019 -32.036457 -9.298553 12.114681 8.406089 -11.784096 7.139118 1.548489 -1.626582 2.494120 0.186572 3.328559 -11.075952 -1.869466 -0.014884 -1.454913 1.221063 5.782565 -28.305855 3.245467 4.175312 26.272766 1.061420 -2.654835 1.383113 -6.842831 0.000000 0.000000 -0.000000
-2.910318 0.943404 -0.142425 5.178788 3.181237 -0.918229 1.340494 2.055171 2.307526 0.481589 -4.905356 1.023075 0.479778 0.914871 1.071968 0.440368 6.523106 0.808450 -0.049447 15.819542 -0.264313 0.004090 -6.649786 -0.474422 -1.750046 9.086084 7.592351 -12.972223 -19.465655 72.678358 23.782929 52.224772 14.992715 0.241972 15.216940 -5.929110 1.298583 7.344883 -8.281349 11.449779 -17.478498 -72.827490 -44.327327 58.111375 -31.507888 -9.367879 12.135063 9.213661 -11.257058 7.540996 1.477175 -2.136825 2.503333 0.103014 3.613547 -11.339989 -1.675238 -0.017011 -1.614053 1.219293 5.313901 -28.258778 3.678817 4.363577 23.085935 0.621619 -3.095877 3.430636 -6.847854 0.011653 0.357450 -0.257580
-2.908122 0.942321 -0.135594 4.825006 3.108423 -0.995970 1.396166 2.262698 2.343558 0.503571 -4.812713 1.038061 0.501760 1.007495 1.089186 0.457981 6.592607 0.821435 0.012552 15.665658 -0.241166 0.111755 -6.935394 -0.454315 -1.551351 9.132347 7.606072 -12.125963 -19.559411 72.164795 24.323495 51.602832 15.308747 0.358431 15.198597 -5.917406 1.312296 7.313642 -8.255946 11.831761 -17.356089 -72.916330 -43.553496 57.524069 -30.771750 -9.430182 12.180253 10.180967 -10.766505 8.007572 1.395543 -2.589978 2.506167 0.015629 3.877239 -11.621210 -1.456887 -0.018560 -1.747461 1.220146 5.218269 -28.075568 3.945650 4.222458 19.801212 0.284157 -3.550197 5.853944 -6.751755 0.006431 0.177621 -0.130302
-2.905597 0.941221 -0.128152 4.461614 2.951065 -1.095383 1.426727 2.490104 2.380053 0.514234 -4.711348 1.053244 0.512480 1.108851 1.105453 0.467059 6.668641 0.833722 0.096935 15.558349 -0.195143 0.252725 -7.134504 -0.399836 -1.397791 9.139653 7.628368 -11.427634 -19.690728 71.718861 24.832419 51.244477 15.627142 0.451926 15.204500 -5.879458 1.308733 7.254901 -8.232045 12.171899 -17.195257 -72.986817 -42.832962 57.014894 -30.129826 -9.551696 12.245434 11.395228 -10.365132 8.560626 1.282252 -2.953699 2.572875 -0.081563 4.137336 -11.906659 -1.179212 -0.020167 -1.933342 1.195193 5.199640 -27.738207 4.169796 3.903159 16.783336 0.014497 -3.735270 7.777124 -6.552979 -0.000000 0.000000 -0.000000
-2.902763 0.940082 -0.120097 4.097248 2.671740 -1.211234 1.424630 2.750152 2.411635 0.510424 -4.595660 1.066254 0.508788 1.224545 1.118080 0.465030 6.755404 0.843292 0.208903 15.523627 -0.120434 0.434320 -7.198835 -0.301809 -1.325831 9.063007 7.664944 -10.985464 -19.892725 71.394948 25.339067 51.332646 16.018980 0.509578 15.250861 -5.789988 1.280971 7.134146 -8.211157 12.482875 -16.976266 -73.010053 -42.216789 56.624109 -29.665559 -9.784808 12.333877 12.928625 -10.093741 9.243254 1.138374 -3.207811 2.696405 -0.219629 4.394944 -12.214882 -0.824460 -0.021551 -2.161323 1.140075 5.093503 -27.211167 4.407384 3.389092 14.117077 -0.216319 -3.458227 8.730115 -6.087870 -0.000000 0.000000 0.000000
-2.899600 0.938925 -0.111431 3.724129 2.307458 -1.346800 1.397638 3.030242 2.442529 0.495428 -4.471202 1.079028 0.493943 1.349015 1.129334 0.454512 6.848725 0.851852 0.343266 15.535864 -0.023513 0.649295 -7.175996 -0.170357 -1.298678 8.947607 7.712219 -10.689619 -20.138529 71.145313 25.838013 51.682037 16.441546 0.545433 15.321323 -5.673425 1.235939 6.985954 -8.190335 12.752572 -16.719812 -73.014902 -41.634388 56.315195 -29.273710 -10.067526 12.452379 14.710287 -9.912344 10.011750 0.959418 -3.372831 2.882658 -0.370719 4.650012 -12.527446 -0.411201 -0.022600 -2.441866 1.059369 5.068339 -26.530710 4.598111 2.681199 11.718502 -0.366090 -2.918802 9.188554 -5.442178 -0.000000 -0.000000 -0.000000
-2.896035 0.937888 -0.101978 3.319039 1.917394 -1.516248 1.371145 3.290024 2.485080 0.480108 -4.355726 1.097092 0.478761 1.464503 1.145842 0.444145 6.935307 0.864386 0.479158 15.573209 0.083818 0.863228 -7.106657 -0.019886 -1.275273 8.882260 7.744645 -10.537800 -20.374978 70.986010 26.252635 51.945013 16.756508 0.572342 15.367330 -5.630189 1.199095 6.875838 -8.187365 12.952764 -16.456701 -73.016976 -41.165277 56.133261 -28.940738 -10.285060 12.599626 16.615410 -9.752291 10.757393 0.716144 -3.475426 3.222217 -0.454515 4.921297 -12.776232 0.039437 -0.023620 -2.884437 0.938128 5.324783 -25.784586 4.696652 1.950571 9.700952 -0.386987 -2.398002 9.689123 -4.962081 -0.000000 -0.000000 0.000000
-2.892106 0.937038 -0.091596 2.856304 1.497722 -1.736807 1.358798 3.527730 2.547623 0.470101 -4.249913 1.124053 0.468871 1.570323 1.171787 0.438463 7.014643 0.884042 0.609296 15.631387 0.206229 1.060829 -6.998849 0.161034 -1.238352 8.901646 7.753636 -10.581494 -20.604679 70.962858 26.539578 52.030205 16.893775 0.592856 15.370850 -5.717751 1.175315 6.831591 -8.211318 13.027711 -16.191664 -73.013615 -40.845216 56.151679 -28.651899 -10.381999 12.787405 18.745157 -9.587337 11.476812 0.398931 -3.517856 3.738985 -0.430647 5.237212 -12.945601 0.512454 -0.023532 -3.519870 0.765758 5.994478 -24.940572 4.714755 1.173333 8.017463 -0.274287 -1.926556 10.536254 -4.871755 -0.000000 0.000000 0.000000
-2.887775 0.936308 -0.080428 2.362731 1.050942 -1.989758 1.347033 3.745607 2.621904 0.459762 -4.152867 1.156311 0.458634 1.667376 1.202998 0.432919 7.087399 0.907683 0.740778 15.715073 0.338981 1.257065 -6.843856 0.361033 -1.205446 8.970666 7.746363 -10.771384 -20.824104 71.033115 26.733787 52.031307 16.916594 0.605147 15.349653 -5.878152 1.159533 6.824805 -8.254553 13.033874 -15.920387 -73.008568 -40.620887 56.300130 -28.405355 -10.379875 12.999516 21.007367 -9.443152 12.171191 0.015528 -3.490322 4.409856 -0.343578 5.576434 -13.052047 1.018353 -0.020831 -4.317268 0.552476 6.937931 -24.036078 4.661927 0.360408 6.718845 -0.066187 -1.458042 11.420684 -4.951438 -0.000000 0.000000 -0.000000
-2.882853 0.935628 -0.068720 1.892863 0.646247 -2.237176 1.320036 3.909263 2.696707 0.442832 -4.080003 1.189152 0.441787 1.740257 1.234122 0.422444 7.142013 0.931276 0.874074 15.815436 0.456604 1.462255 -6.657901 0.532389 -1.187825 9.073013 7.719604 -10.953239 -20.971454 71.076070 26.857478 51.880186 16.869553 0.613512 15.308899 -6.039105 1.162287 6.836483 -8.310791 13.110662 -15.660376 -73.025578 -40.444036 56.408406 -28.210776 -10.304003 13.186196 22.982075 -9.328457 12.738887 -0.433790 -3.399169 5.255266 -0.239988 5.885921 -13.075730 1.574116 -0.014535 -5.293462 0.314418 7.946160 -23.261594 4.488024 -0.266570 6.065076 0.190808 -1.141659 11.952274 -4.907089 0.000000 0.000000 -0.000000
-2.877179 0.934906 -0.056548 1.443402 0.337286 -2.486889 1.275133 3.987810 2.782843 0.417767 -4.045033 1.227550 0.416792 1.775249 1.269976 0.406283 7.168188 0.958456 1.016660 15.937164 0.541664 1.696585 -6.432068 0.640055 -1.183900 9.225116 7.643075 -11.036469 -21.005894 71.063530 26.850925 51.441740 16.672575 0.614679 15.236623 -6.184441 1.207730 6.866004 -8.383864 13.332688 -15.400914 -73.086284 -40.350548 56.423244 -28.096650 -10.153276 13.335723 24.531115 -9.215677 13.143865 -0.947981 -3.240710 6.244807 -0.115266 6.151424 -13.051364 2.260746 0.000668 -6.401700 -0.011451 9.020989 -22.775083 4.113379 -0.478641 6.381928 0.534378 -1.150862 11.879974 -4.655076 0.000000 0.000000 -0.000000
-2.870914 0.934235 -0.043837 1.016770 0.070726 -2.732968 1.214173 4.012463 2.871095 0.385749 -4.034125 1.267253 0.384847 1.786179 1.306427 0.385008 7.176295 0.986098 1.160685 16.075222 0.611721 1.938854 -6.175762 0.719791 -1.195484 9.409655 7.545750 -11.110286 -20.969461 71.019995 26.776258 50.850827 16.411055 0.612761 15.144608 -6.329917 1.271965 6.913672 -8.470132 13.624762 -15.153232 -73.166715 -40.309432 56.399041 -28.037185 -9.953426 13.459195 25.786968 -9.131438 13.420976 -1.525791 -3.008745 7.406465 0.027253 6.398211 -12.945181 2.995481 0.024477 -7.688484 -0.363688 10.159106 -22.413093 3.612623 -0.483318 7.336061 0.924736 -1.308215 11.451195 -4.286513 -0.000000 0.000000 0.000000
-2.864361 0.933828 -0.030610 0.675348 -0.242882 -2.917773 1.128274 4.041131 2.919859 0.344721 -4.021749 1.289588 0.343906 1.798579 1.324595 0.355633 7.185492 0.999952 1.283745 16.205969 0.694013 2.137646 -5.933240 0.830108 -1.238587 9.560972 7.514454 -11.288662 -20.927912 70.901810 26.824121 50.445685 16.363674 0.620223 15.074142 -6.451931 1.293471 6.962130 -8.551944 13.901526 -14.967929 -73.221561 -40.179872 56.325251 -27.966119 -9.795152 13.545809 26.730457 -9.165123 13.575957 -2.165417 -2.708169 8.847691 0.129856 6.630020 -12.633392 3.551877 0.043823 -9.310941 -0.538144 11.144194 -21.882643 3.161978 -0.730748 8.209755 1.180690 -1.233596 11.020509 -3.778459 -0.000000 -0.000000 -0.000000
-2.857518 0.933738 -0.016556 0.455326 -0.670617 -3.015039 0.995694 4.101748 2.908539 0.285954 -3.995673 1.285494 0.285266 1.824690 1.314534 0.310875 7.204959 0.992541 1.386714 16.314709 0.798658 2.291210 -5.732050 0.989057 -1.347001 9.634352 7.610308 -11.570820 -20.896077 70.599554 27.142368 50.349580 16.741938 0.645469 15.045939 -6.536718 1.239884 7.004702 -8.637256 14.259589 -14.852832 -73.241893 -39.979440 56.176902 -27.947924 -9.732479 13.591525 27.406071 -9.374541 13.715256 -2.885212 -2.300781 10.526264 0.159896 6.862437 -12.207049 3.910164 0.052102 -11.185512 -0.515419 12.124810 -20.986010 2.759725 -1.688997 8.684680 1.169962 -0.742883 10.788286 -3.026798 0.000404 0.017771 -0.011703
-2.850388 0.933913 -0.001987 0.319662 -1.143665 -3.051904 0.838726 4.165165 2.856629 0.218524 -3.968610 1.263584 0.217981 1.851785 1.285777 0.258259 7.225163 0.971031 1.468611 16.416266 0.915680 2.401396 -5.544546 1.178442 -1.487723 9.677506 7.772598 -11.954457 -20.866770 70.219229 27.577857 50.438315 17.328340 0.678401 15.039491 -6.598503 1.143718 7.048166 -8.719002 14.602181 -14.800664 -73.235329 -39.691945 55.977605 -27.918605 -9.717506 13.603186 27.768179 -9.697048 13.730147 -3.666918 -1.819869 12.481683 0.155800 7.074178 -11.574011 4.092791 0.039789 -13.396165 -0.312578 12.946821 -19.919647 2.419549 -2.907439 9.087724 1.020625 -0.014736 10.551828 -2.147245 0.000476 0.035559 -0.023387
-2.843275 0.934408 0.012145 0.220936 -1.547155 -3.050491 0.714885 4.203202 2.783049 0.167173 -3.952652 1.231847 0.166736 1.867756 1.248823 0.217088 7.237067 0.943269 1.504474 16.531343 1.041756 2.423138 -5.332152 1.401076 -1.575263 9.762504 7.906565 -12.554168 -20.866264 70.042573 27.865042 50.684091 17.747857 0.702826 15.034319 -6.656126 1.040232 7.096236 -8.756886 14.554275 -14.836997 -73.184322 -39.131077 55.787331 -27.624534 -9.682076 13.584188 27.663680 -10.034305 13.305310 -4.447402 -1.376024 14.946537 0.163805 7.200015 -10.332250 3.941051 -0.034200 -16.350228 0.238060 12.954247 -18.990463 2.308427 -3.478871 9.676598 0.901472 0.775129 10.062669 -1.452414 0.000000 0.000000 0.000000
-2.836252 0.935197 0.025442 0.172286 -1.841416 -3.003808 0.641321 4.209783 2.687075 0.139603 -3.950394 1.189793 0.139221 1.870018 1.203967 0.193149 7.238748 0.909453 1.470782 16.661202 1.182377 2.311174 -5.092342 1.675103 -1.566037 9.930060 7.990716 -13.584988 -20.946459 70.240279 27.946515 51.193573 17.900729 0.706218 15.022205 -6.752789 0.933663 7.172899 -8.729174 13.796552 -15.012806 -73.063199 -38.023795 55.609845 -26.834599 -9.653980 13.530587 27.072137 -10.372617 12.314631 -5.278786 -0.897719 18.031109 0.314402 7.254112 -8.042738 3.162141 -0.253653 -20.867642 1.356812 11.431798 -18.425083 2.597554 -2.742321 10.777573 0.856345 1.634831 9.107076 -1.121563 -0.000494 -0.141438 0.098609
-2.829247 0.936306 0.038301 0.159965 -2.066014 -2.919903 0.601092 4.190979 2.570929 0.128105 -3.959236 1.138530 0.127748 1.861180 1.151536 0.180698 7.232149 0.869857 1.391321 16.804691 1.331485 2.112169 -4.826773 1.980409 -1.501990 10.137336 8.048331 -14.836858 -21.037230 70.646112 27.883343 51.863060 17.878102 0.701068 15.010894 -6.845661 0.819258 7.255433 -8.657469 12.645758 -15.270081 -72.894404 -36.654825 55.427954 -25.798729 -9.616046 13.442283 26.011212 -10.702634 10.885159 -6.094446 -0.431419 21.626427 0.485263 7.122396 -5.147938 2.055525 -0.701580 -26.109550 2.950348 9.113272 -17.981358 3.065234 -1.359355 12.054099 0.810313 2.543524 7.902574 -0.985614 -0.001006 -0.336219 0.232291
-2.822352 0.937867 0.050958 0.096794 -2.225030 -2.842634 0.600222 4.137103 2.459075 0.134059 -3.983422 1.088903 0.133690 1.836995 1.102515 0.181579 7.214067 0.832775 1.312395 16.978554 1.468329 1.919530 -4.504103 2.262205 -1.424987 10.329293 8.051749 -15.785310 -20.983455 71.031385 27.575453 52.351780 17.584172 0.707459 15.005520 -6.824735 0.718175 7.277627 -8.565606 11.683811 -15.473367 -72.741003 -35.662760 55.287085 -24.966326 -9.431212 13.328977 24.382982 -10.941121 9.085965 -6.650657 -0.317768 25.643022 0.284016 6.639284 -2.573793 1.320922 -1.259780 -29.980283 4.702350 7.524457 -17.293498 3.274464 -0.403106 12.773656 0.752896 3.275190 6.846670 -0.819889 -0.001322 -0.480191 0.315511
-2.815498 0.940121 0.063685 -0.083198 -2.315441 -2.795279 0.665288 4.032211 2.366970 0.168517 -4.029907 1.047607 0.168073 1.790499 1.064720 0.204643 7.179287 0.804078 1.241796 17.213817 1.588017 1.749862 -4.066823 2.508678 -1.326412 10.520875 7.950263 -16.166842 -20.668732 71.358165 26.777890 52.396177 16.744548 0.722637 15.001185 -6.662504 0.620903 7.203805 -8.450768 11.101441 -15.537068 -72.679331 -35.197718 55.257203 -24.366246 -8.988908 13.191165 21.954980 -10.901333 6.801784 -6.823488 -1.010528 30.448696 -0.693474 5.635564 -0.381044 1.421173 -1.727320 -31.896721 6.457077 7.457301 -16.148312 3.011251 -0.408383 12.523774 0.710170 3.698932 6.086890 -0.516354 -0.001100 -0.516278 0.297736
-2.808753 0.942828 0.076210 -0.313730 -2.340125 -2.754521 0.769537 3.892289 2.279611 0.220288 -4.091780 1.008208 0.219720 1.728608 1.030578 0.240938 7.132982 0.778093 1.172314 17.479054 1.695667 1.587921 -3.573405 2.731524 -1.214349 10.697255 7.795500 -16.240139 -20.219823 71.663748 25.740810 52.244814 15.649739 0.747713 15.006429 -6.386949 0.535526 7.069464 -8.315377 10.710966 -15.551793 -72.639852 -35.093643 55.286295 -23.948316 -8.406744 13.050429 18.952610 -10.799438 4.153174 -6.743232 -2.322042 35.641908 -2.338054 4.413109 1.524228 1.873118 -1.987496 -32.389837 8.185643 8.093798 -14.771220 2.533315 -0.841972 11.725895 0.690459 3.945369 5.474843 -0.164653 -0.000889 -0.501550 0.229479
-2.802416 0.945392 0.087956 -0.483435 -2.311883 -2.694084 0.838935 3.755411 2.175440 0.257380 -4.152538 0.961650 0.256712 1.667836 0.987786 0.265599 7.087491 0.745623 1.127601 17.697100 1.785944 1.477925 -3.167660 2.913052 -1.157170 10.758781 7.710771 -16.264022 -19.855083 71.824386 25.075315 52.346750 15.022753 0.809318 15.047329 -5.971416 0.510035 6.914666 -8.190470 10.526297 -15.649316 -72.469296 -35.506842 55.248201 -24.024993 -7.871170 12.931586 15.972061 -11.163346 1.564304 -6.524723 -3.559238 39.997592 -4.157600 3.519362 2.403544 1.978701 -1.879554 -31.097123 9.570093 8.555588 -13.486224 2.096833 -1.174677 10.899293 0.654147 4.182052 4.961623 0.170053 -0.000775 -0.503188 0.176576
-2.796525 0.947538 0.098624 -0.572628 -2.226462 -2.545397 0.850290 3.625886 2.009064 0.271845 -4.210468 0.887857 0.271124 1.609903 0.915461 0.271132 7.044103 0.690915 1.120607 17.844912 1.863624 1.441231 -2.892787 3.058350 -1.206191 10.608587 7.773781 -16.309345 -19.644370 71.730539 25.050774 52.973701 15.245640 0.935301 15.147545 -5.312113 0.596134 6.723218 -8.087245 10.627836 -15.902807 -72.019911 -36.762885 55.097920 -24.997437 -7.400933 12.820157 12.986603 -12.438511 -0.968932 -6.219044 -4.549315 43.360216 -6.149652 3.172930 1.606150 1.277753 -1.228588 -26.883238 10.792901 8.559362 -12.403088 1.717979 -1.219644 10.195837 0.561071 4.487839 4.548314 0.468374 -0.000805 -0.547240 0.168482
-2.791042 0.949542 0.108513 -0.600564 -2.088196 -2.377214 0.826811 3.499358 1.825681 0.271600 -4.267246 0.806729 0.270862 1.553126 0.834309 0.264995 7.001556 0.629587 1.138291 17.945203 1.924570 1.455123 -2.706532 3.164493 -1.313123 10.344454 7.905985 -16.307263 -19.518073 71.491262 25.423179 53.865045 15.955507 1.110956 15.279639 -4.511395 0.742187 6.510179 -7.994046 10.926416 -16.244840 -71.434768 -38.510586 54.836795 -26.442707 -6.953482 12.708071 10.033637 -14.192435 -3.431881 -5.699095 -5.369090 45.876622 -8.184609 3.150596 -0.268213 0.305581 -0.194361 -20.959558 11.639316 8.393803 -11.417327 1.366106 -1.164535 9.460227 0.440419 4.786068 4.233548 0.750501 -0.000932 -0.607685 0.175696
-2.786151 0.951640 0.117938 -0.514975 -1.923138 -2.368780 0.763447 3.401255 1.739358 0.248312 -4.311300 0.769007 0.247614 1.509078 0.794221 0.244645 6.968501 0.599347 1.164827 17.989445 1.950117 1.496221 -2.624641 3.202563 -1.395118 10.157187 7.994858 -16.310519 -19.479912 71.305887 25.981645 54.691143 16.704046 1.291134 15.392713 -3.853135 0.843132 6.363257 -7.907271 11.187332 -16.588557 -70.996960 -39.899517 54.447151 -27.439586 -6.615485 12.613777 7.810996 -15.634870 -5.365454 -4.865074 -5.205318 46.922894 -9.005768 3.236554 -2.086096 -0.199750 0.475335 -16.515660 11.420410 8.067004 -10.539703 1.195931 -1.040011 8.745952 0.335985 5.011965 3.964796 1.007413 -0.001032 -0.673620 0.175598
-2.782064 0.953990 0.127014 -0.274767 -1.741042 -2.645402 0.641201 3.346965 1.823988 0.189670 -4.335731 0.807713 0.189105 1.484664 0.826971 0.203246 6.950096 0.624216 1.208691 17.961536 1.918290 1.587068 -2.677265 3.129399 -1.415268 10.142444 7.993992 -16.351044 -19.585331 71.247543 26.711697 55.436004 17.395632 1.473759 15.476391 -3.432600 0.872415 6.342773 -7.838054 11.380133 -16.943865 -70.834788 -40.668687 53.997949 -27.683906 -6.496549 12.555653 6.605608 -16.745689 -6.532845 -3.636785 -3.122557 46.174812 -7.689661 3.255640 -3.525887 0.058728 0.290347 -15.495486 9.624526 7.579461 -9.765060 1.338230 -0.844441 8.040951 0.251246 5.114747 3.744751 1.237873 -0.001055 -0.751911 0.159050
-2.778569 0.956433 0.135627 0.076919 -1.529557 -3.080348 0.479111 3.321924 2.006031 0.108103 -4.347183 0.890015 0.107734 1.473236 0.900990 0.147758 6.941365 0.680313 1.260896 17.877503 1.850940 1.704354 -2.834284 2.988034 -1.408691 10.203617 7.949378 -16.398869 -19.778132 71.244485 27.624180 56.112081 18.125281 1.652284 15.540661 -3.156602 0.858273 6.389172 -7.775239 11.544568 -17.295958 -70.823167 -41.104662 53.458725 -27.500404 -6.488557 12.517198 6.130372 -17.543952 -7.168673 -2.170567 -0.055956 43.958014 -5.153980 3.325047 -4.909646 0.689463 -0.092196 -15.909192 6.673301 6.950171 -9.091092 1.662537 -0.578453 7.357441 0.176427 5.146345 3.572133 1.445099 -0.001006 -0.835668 0.135169
-2.775216 0.958726 0.143756 0.465966 -1.282990 -3.474721 0.328697 3.306177 2.178135 0.032230 -4.354572 0.967778 0.032047 1.465860 0.971048 0.096233 6.935660 0.733403 1.279414 17.777144 1.795162 1.755738 -3.021031 2.879030 -1.398058 10.241898 7.886589 -16.415041 -19.893696 71.277886 28.464308 56.445163 18.653968 1.761286 15.569346 -3.026524 0.778559 6.411200 -7.681325 11.556683 -17.513923 -70.863426 -41.208987 52.708992 -26.933209 -6.359042 12.478565 6.220885 -17.288959 -7.571241 -0.793448 2.166911 40.710830 -2.739004 3.597622 -6.037702 1.381704 -0.140985 -14.967738 3.429115 6.212372 -8.532725 1.933354 -0.275772 6.785602 0.138427 5.195350 3.388747 1.626191 -0.000848 -0.893354 0.108820
-2.771940 0.960934 0.151271 0.845523 -0.983463 -3.783497 0.214465 3.295763 2.311961 -0.025559 -4.359569 1.028221 -0.025602 1.460863 1.025624 0.057077 6.931763 0.774758 1.250088 17.654540 1.774612 1.706961 -3.248356 2.850904 -1.377988 10.214729 7.805005 -16.356421 -19.838223 71.362730 29.043797 56.255927 18.739339 1.756364 15.549197 -3.061935 0.595415 6.364053 -7.514793 11.321580 -17.480459 -70.992645 -40.792844 51.644624 -25.738686 -5.991783 12.438838 7.051464 -15.362409 -7.834745 0.420402 2.682193 36.257931 -0.869964 4.036009 -6.968217 2.171639 -0.060163 -10.771048 -0.039547 5.322000 -8.083849 2.097995 0.077072 6.281060 0.160750 5.325195 3.221340 1.776128 -0.000562 -0.905828 0.076393
-2.768807 0.962992 0.158301 1.262487 -0.649557 -4.050592 0.112193 3.293776 2.435919 -0.077545 -4.360827 1.084166 -0.077459 1.459601 1.076291 0.021967 6.930671 0.813150 1.187223 17.515661 1.765927 1.592065 -3.505427 2.856119 -1.354274 10.165002 7.704960 -16.264228 -19.706594 71.483293 29.512172 55.733468 18.583266 1.678371 15.495923 -3.242460 0.347498 6.292830 -7.315545 10.931224 -17.316325 -71.171805 -40.130450 50.359580 -24.236744 -5.526281 12.396009 8.448908 -12.357537 -7.965649 1.519850 2.248697 30.726796 0.598739 4.597597 -7.675566 3.097094 -0.161463 -5.069678 -3.304435 4.315380 -7.750896 2.212750 0.467542 5.887580 0.221463 5.472599 3.043286 1.899690 -0.000269 -0.892276 0.041552
-2.765565 0.964457 0.165212 1.785444 -0.333201 -4.210832 -0.000803 3.290161 2.527328 -0.132584 -4.362948 1.125683 -0.132358 1.457470 1.112217 -0.016515 6.928928 0.840409 1.091553 17.418120 1.745876 1.420920 -3.685344 2.851718 -1.365703 10.122147 7.614159 -16.226535 -19.616342 71.573908 30.094789 55.158340 18.587423 1.590289 15.437266 -3.508323 0.126645 6.240296 -7.169261 10.543474 -17.243917 -71.185355 -39.835816 49.046283 -23.242051 -5.098445 12.340182 9.729894 -9.364026 -8.101392 2.367953 1.792664 25.135573 1.573588 5.489044 -7.794814 3.956202 -0.297201 -0.685251 -4.903626 3.335437 -7.576365 2.206039 0.824116 5.827334 0.282259 5.535271 2.716115 2.008301 -0.000113 -0.878628 0.020144
-2.762145 0.965205 0.172047 2.421176 -0.037832 -4.236495 -0.131794 3.276770 2.570616 -0.193057 -4.369578 1.145910 -0.192671 1.450825 1.126303 -0.060674 6.923817 0.851181 0.962822 17.380173 1.716594 1.192690 -3.754056 2.841610 -1.427808 10.119982 7.541654 -16.245942 -19.631741 71.618689 30.844283 54.566102 18.868742 1.503785 15.380997 -3.871401 -0.032771 6.202818 -7.117266 10.235124 -17.334428 -70.890329 -40.113006 47.705862 -23.078013 -4.678033 12.264025 10.738395 -6.382576 -8.207531 2.906153 1.743234 19.436706 2.120428 7.057987 -7.143425 5.025460 -0.182272 0.795603 -3.939067 2.404443 -7.539369 2.027050 1.133858 6.069514 0.368246 5.515979 2.215534 2.111802 -0.000011 -0.822479 0.002670
-2.758616 0.965361 0.178761 3.164867 0.237010 -4.154180 -0.274108 3.261672 2.581173 -0.256853 -4.377065 1.151638 -0.256299 1.443317 1.125558 -0.108420 6.918072 0.850758 0.801330 17.383618 1.676488 0.908272 -3.745319 2.822606 -1.524696 10.124710 7.479162 -16.321307 -19.687378 71.633757 31.690761 53.916568 19.291748 1.408478 15.322332 -4.319975 -0.166107 6.183580 -7.119392 9.931211 -17.513689 -70.429375 -40.650360 46.342603 -23.328408 -4.288944 12.182442 11.631747 -3.412993 -8.252662 3.202013 1.791327 13.743415 2.171311 8.953497 -5.994708 6.327231 -0.030450 0.517118 -1.672067 1.496950 -7.668279 1.728237 1.414519 6.644773 0.458421 5.411220 1.566160 2.202267 0.000006 -0.766210 -0.001378
-2.754930 0.964860 0.185591 4.068215 0.444315 -3.980931 -0.429799 3.258965 2.582701 -0.326201 -4.379143 1.153410 -0.325468 1.441195 1.120283 -0.160669 6.916358 0.846926 0.608325 17.431592 1.596676 0.579840 -3.653744 2.740709 -1.647520 10.064120 7.428190 -16.536742 -19.704569 71.602352 32.670492 53.372092 19.877577 1.331789 15.269234 -4.758728 -0.286752 6.234885 -7.139959 9.564883 -17.782400 -70.014001 -41.233914 45.172001 -23.647837 -4.121083 12.131094 12.193308 -1.552571 -8.322517 3.316919 1.837810 9.361096 1.856868 10.494134 -4.477769 7.108352 -0.000000 0.000000 -0.000000 0.687245 -8.080295 1.389156 1.641550 7.868363 0.451118 5.108469 0.703351 2.268357 -0.000204 -0.862870 0.052434
-2.751053 0.963544 0.192655 5.196633 0.598220 -3.649246 -0.614201 3.242775 2.540803 -0.405914 -4.387376 1.136037 -0.404927 1.432894 1.094815 -0.222099 6.910021 0.827859 0.378523 17.565505 1.476656 0.198509 -3.402313 2.596188 -1.861283 9.902240 7.370823 -16.965704 -19.629024 71.609040 33.824915 53.072481 20.666215 1.283869 15.220577 -5.172511 -0.433819 6.412353 -7.164372 9.066161 -18.170946 -69.656618 -41.753347 44.176210 -23.913176 -4.251660 12.108714 12.211505 -1.446813 -8.509153 3.239260 1.728239 6.863527 1.358823 11.617181 -1.918715 6.698322 -0.006427 -0.010911 0.369211 -0.069001 -8.859482 0.924460 1.767724 9.905583 0.379788 4.577788 -0.533187 2.341947 -0.000933 -1.096588 0.119559
-2.747019 0.961571 0.199834 6.484918 0.676236 -3.228323 -0.812041 3.238887 2.489439 -0.491203 -4.390143 1.114553 -0.489961 1.430057 1.064679 -0.288071 6.907796 0.805293 0.116598 17.744897 1.318524 -0.228069 -3.066239 2.391082 -2.100407 9.674596 7.322439 -17.534623 -19.515253 71.569030 35.121832 52.867959 21.629693 1.252035 15.178915 -5.576918 -0.568832 6.660600 -7.204209 8.504391 -18.650579 -69.344950 -42.326000 43.370538 -24.254192 -4.587511 12.106434 11.892343 -2.450993 -8.711667 2.995058 1.620213 5.667674 0.872307 12.489767 1.200917 5.561252 -0.000119 -0.006766 0.184628 -0.707676 -9.919042 0.402123 1.840214 12.594081 0.242013 3.845428 -1.980935 2.413463 -0.003107 -1.483000 0.245303
-2.742875 0.959362 0.207007 7.786740 0.584482 -2.945128 -0.980097 3.336300 2.557034 -0.570154 -4.347796 1.145930 -0.568814 1.472350 1.088030 -0.345560 6.939343 0.823188 -0.161921 17.850347 1.095874 -0.664448 -2.868461 2.072755 -2.160098 9.415834 7.332819 -18.108935 -19.447384 71.215022 36.475722 52.488237 22.670518 1.227723 15.155002 -5.922527 -0.588959 6.865653 -7.263822 8.025701 -19.133746 -69.257039 -43.126271 43.020948 -24.744350 -5.065129 12.151577 11.642964 -3.729784 -8.731451 2.697080 1.845980 5.328658 0.688250 12.846915 3.155843 4.418721 0.000000 -0.000000 0.000000 -1.002266 -11.114311 0.124863 1.962323 15.763213 -0.091870 2.880029 -3.217473 2.407695 -0.011783 -2.222806 0.607369
-2.738795 0.956742 0.214247 9.081148 0.193567 -2.924078 -1.097689 3.632557 2.825075 -0.638476 -4.217126 1.266442 -0.637214 1.602959 1.201574 -0.388683 7.036934 0.909385 -0.458635 17.781462 0.753186 -1.096900 -2.996483 1.541560 -1.883441 9.061598 7.442693 -18.830999 -19.410864 70.391246 38.152610 51.844420 23.962951 1.190711 15.169017 -6.139836 -0.384203 6.947094 -7.347514 7.690110 -19.613248 -69.475037 -44.430547 43.278718 -25.575510 -5.736633 12.311055 11.507429 -5.245344 -8.416767 2.357475 2.793181 6.064099 1.055018 12.395253 2.945012 3.334185 -0.000631 0.039826 0.063800 -1.016707 -12.459685 0.293891 2.208382 19.703436 -0.710867 1.384853 -4.113136 2.452111 -0.039243 -3.502666 1.186617
-2.734605 0.953887 0.221481 10.389682 -0.354786 -3.054958 -1.185784 4.022649 3.219285 -0.701269 -4.044888 1.443039 -0.700082 1.775114 1.371785 -0.423520 7.165507 1.038558 -0.771722 17.640915 0.343377 -1.538180 -3.259017 0.893452 -1.425946 8.676378 7.599747 -19.567852 -19.411770 69.261211 39.839487 51.015314 25.268374 1.161008 15.197996 -6.297310 -0.065402 6.991259 -7.455751 7.447025 -20.087538 -69.928601 -46.032917 43.964589 -26.623639 -6.555209 12.514394 11.444920 -7.032828 -7.914444 1.940534 4.094181 7.634229 1.752607 11.439379 1.547982 2.198835 -0.000643 0.079928 0.127429 -0.716717 -13.953576 0.686646 2.477291 24.151797 -1.405763 -0.352867 -4.775406 2.462477 -0.095152 -5.138812 1.997625
-2.729829 0.951734 0.228366 11.627728 -0.743235 -3.204295 -1.264317 4.292695 3.630174 -0.760324 -3.926061 1.626875 -0.759117 1.893861 1.549646 -0.454838 7.253958 1.173466 -1.081777 17.610853 0.003590 -1.996417 -3.316225 0.371844 -1.052757 8.488140 7.729104 -19.765223 -19.550495 68.028908 40.612445 50.018970 25.901165 1.189372 15.189222 -6.554515 0.138227 7.130889 -7.582856 7.274460 -20.478390 -70.562419 -47.367895 44.876927 -27.468501 -7.305716 12.605182 11.740550 -8.375241 -7.454440 1.512623 4.916305 8.942606 2.301589 10.651267 0.232916 1.494201 0.000000 0.000000 0.000000 0.275950 -15.423997 0.965793 2.639406 28.100979 -1.867954 -1.497225 -5.147109 1.959520 -0.191837 -6.802191 3.227083
-2.724243 0.950646 0.234783 12.763048 -0.845527 -3.368506 -1.325118 4.360288 4.058185 -0.811274 -3.897136 1.817958 -0.810043 1.922737 1.735566 -0.479390 7.274954 1.314224 -1.403966 17.774055 -0.215993 -2.515233 -3.013194 0.072514 -0.883622 8.672410 7.832668 -18.912623 -19.928251 66.534719 40.020487 48.626914 25.633121 1.363692 15.100005 -7.086753 0.071836 7.481661 -7.751929 7.160367 -20.832276 -71.469984 -48.007480 45.986859 -27.755830 -7.871336 12.471811 12.742390 -8.903378 -7.119066 1.158112 4.760102 9.642616 2.487814 10.303893 -0.578530 1.478713 0.001496 -0.300407 -0.526549 2.194615 -16.819973 1.060656 2.535142 31.218671 -2.097872 -1.722047 -5.063117 0.260754 -0.404313 -8.720274 5.431324
-2.718070 0.950261 0.240853 13.826313 -0.787900 -3.537627 -1.376662 4.308354 4.495006 -0.857607 -3.921307 2.012741 -0.856313 1.898501 1.925634 -0.500036 7.256033 1.457930 -1.725609 18.042897 -0.362071 -3.055700 -2.512550 -0.094550 -0.803264 9.052310 7.929231 -17.501074 -20.381028 64.891265 38.666664 47.066434 24.863602 1.594398 14.976970 -7.722464 -0.114064 7.922489 -7.932825 7.110671 -21.097864 -72.550566 -48.344329 47.357879 -27.800616 -8.356637 12.237832 14.108419 -8.992625 -6.817879 0.822238 4.092223 10.106983 2.504213 10.113859 -1.297130 1.866355 0.007868 -0.720734 -1.244232 4.837579 -18.186887 0.985475 2.376900 33.815323 -2.077121 -1.392480 -4.570683 -1.992441 -0.749154 -10.826067 7.940663
-2.711502 0.950433 0.246596 14.824852 -0.640928 -3.559591 -1.464060 4.178595 4.812555 -0.912387 -3.980327 2.154727 -0.910871 1.839373 2.062057 -0.530685 7.211019 1.560993 -1.985405 18.342734 -0.441842 -3.503373 -1.953198 -0.162436 -0.723065 9.328450 7.974797 -16.480730 -20.676619 63.745805 37.163872 46.068506 23.819228 1.666994 14.892177 -8.098073 -0.185183 8.227960 -8.037681 7.119870 -21.059493 -73.445389 -49.042532 48.948698 -28.183223 -8.866446 12.109634 15.093752 -9.051026 -6.520560 0.388812 3.472458 10.341282 2.446674 9.887436 -1.876011 2.264532 0.016224 -1.081588 -1.718760 7.966659 -19.452294 0.532960 2.647428 35.812639 -1.498209 -0.651907 -4.047477 -3.371930 -0.980827 -12.250729 9.120451
-2.704413 0.951355 0.251921 15.741553 -0.394665 -3.324956 -1.610115 3.951913 4.942277 -0.981915 -4.082830 2.213544 -0.980039 1.736739 2.113833 -0.578376 7.133608 1.599967 -2.140307 18.702476 -0.447284 -3.781805 -1.282376 -0.131428 -0.585215 9.369675 7.924524 -16.211140 -20.751025 63.471443 35.385459 46.060226 22.228807 1.490652 14.868049 -7.964453 0.011167 8.265062 -8.020457 7.151365 -20.513556 -74.034724 -50.425842 50.862279 -29.180746 -9.433427 12.238327 15.403947 -9.265008 -6.268366 -0.224006 3.151862 10.335939 2.319810 9.556283 -2.270892 2.551590 0.019280 -1.316552 -1.728729 11.969069 -20.501414 -0.625740 3.557843 37.069070 -0.078634 0.723813 -3.872290 -3.111582 -0.839158 -12.345191 8.150945
-2.696929 0.952833 0.256921 16.595887 -0.067891 -2.939372 -1.789501 3.653544 4.951080 -1.059082 -4.217353 2.218569 -1.056818 1.602084 2.111029 -0.635759 7.032366 1.597557 -2.231590 19.093800 -0.386686 -3.963226 -0.552515 -0.001878 -0.444183 9.310343 7.816213 -16.339813 -20.743644 63.730056 33.320424 46.585742 20.234078 1.161774 14.885181 -7.565563 0.327984 8.166657 -7.933331 7.228702 -19.670010 -74.418696 -52.319379 52.969867 -30.649927 -10.031749 12.474721 15.344007 -9.455946 -6.019103 -0.934870 2.873000 10.099032 2.113806 9.189695 -2.523381 2.849872 0.019038 -1.492262 -1.495046 16.490312 -21.287902 -2.176382 4.873913 37.579123 1.807777 2.561514 -3.988956 -2.010162 -0.499667 -11.335893 6.092606
-2.689627 0.954143 0.261893 17.449095 0.225652 -2.577929 -1.976335 3.393618 4.916625 -1.137694 -4.334768 2.204199 -1.135039 1.484524 2.088671 -0.695735 6.944019 1.580401 -2.321907 19.358032 -0.294778 -4.152870 -0.057379 0.187307 -0.377876 9.249265 7.723194 -16.758528 -20.781888 64.139736 31.715295 47.118974 18.624827 0.744244 14.936976 -7.277108 0.554168 8.108088 -7.836111 7.442594 -18.937330 -74.574155 -54.678908 54.868913 -32.579306 -10.678907 12.577654 15.069179 -9.485284 -5.614326 -1.616058 2.436994 9.658004 1.903399 8.800398 -2.714817 3.137348 0.017732 -1.630196 -1.246298 20.154543 -21.977010 -3.303401 6.399221 37.571440 3.470636 4.171407 -4.077165 -0.986778 -0.222753 -9.742309 4.145273
-2.682779 0.955124 0.266927 18.375504 0.452800 -2.289822 -2.186719 3.214940 4.847829 -1.225799 -4.416213 2.174640 -1.222730 1.402887 2.050155 -0.764104 6.882643 1.551181 -2.431772 19.407283 -0.169654 -4.391543 0.040916 0.448889 -0.455684 9.210394 7.668930 -17.553836 -20.951063 64.697126 30.889077 47.661745 17.708979 0.139649 15.043224 -7.234975 0.568069 8.169932 -7.737077 7.924975 -18.476133 -74.446515 -57.856682 56.425235 -35.286353 -11.463732 12.396894 14.445590 -9.215156 -4.943408 -2.232741 1.624239 8.932598 1.703001 8.393880 -2.825777 3.413102 0.016176 -1.748054 -1.058562 22.504689 -22.769833 -3.730062 8.222568 37.171668 4.724349 5.336639 -3.847292 -0.267577 -0.068226 -7.639082 2.505796
-2.676114 0.955936 0.271933 19.299526 0.648306 -2.027497 -2.405884 3.076424 4.737409 -1.316129 -4.479680 2.126557 -1.312661 1.339214 1.992904 -0.835613 6.834825 1.507883 -2.540206 19.329849 -0.016817 -4.639278 -0.094283 0.764496 -0.609137 9.168027 7.629691 -18.643331 -21.151833 65.408494 30.565613 48.259447 17.208418 -0.556653 15.177326 -7.310746 0.491725 8.270667 -7.627061 8.555062 -18.137133 -74.100944 -61.572756 57.696872 -38.514178 -12.316160 12.074257 13.612910 -8.789425 -4.108373 -2.805516 0.654439 8.005533 1.507011 7.965694 -2.875342 3.675900 0.013699 -1.828219 -0.855874 23.964472 -23.632367 -3.682707 10.191208 36.392464 5.640160 6.271900 -3.481621 0.454896 -0.001358 -5.069857 1.048769
-2.669397 0.956332 0.276951 20.054908 0.805589 -1.823996 -2.563785 2.961184 4.639100 -1.380154 -4.532103 2.083454 -1.376389 1.286649 1.943323 -0.886954 6.795408 1.470369 -2.647209 19.231469 0.117327 -4.879523 -0.268237 1.046649 -0.710874 9.144839 7.609084 -19.655609 -21.239686 65.899868 30.693027 48.493859 17.136837 -0.992383 15.244336 -7.478717 0.479191 8.342782 -7.537983 9.047897 -17.859674 -73.702518 -64.619785 58.663731 -41.194853 -12.989389 11.817124 13.115962 -8.484066 -3.276885 -3.298879 -0.012337 7.147273 1.352126 7.510810 -3.003853 3.904732 0.010257 -1.839638 -0.638880 24.461782 -24.528633 -3.079816 11.827703 35.438832 6.017367 6.960855 -3.104264 1.089383 0.005939 -2.881777 0.141089
-2.662628 0.956206 0.281962 20.568501 0.929421 -1.699518 -2.620567 2.863532 4.575469 -1.401177 -4.575797 2.055142 -1.397247 1.242913 1.912891 -0.904753 6.762672 1.447256 -2.766443 19.133187 0.215390 -5.131058 -0.442373 1.267244 -0.694733 9.160939 7.612205 -20.522907 -21.167947 66.029701 31.353817 48.103257 17.608883 -0.974585 15.181790 -7.815510 0.603774 8.358755 -7.481667 9.191862 -17.622791 -73.271210 -66.396699 59.390833 -42.794002 -13.373992 11.683049 13.160435 -8.387605 -2.495831 -3.704232 -0.175542 6.396975 1.260459 6.997189 -3.245548 4.086281 0.006220 -1.753130 -0.411591 23.626777 -25.496374 -1.724711 13.017720 34.406077 5.715501 7.319185 -2.657950 1.551109 0.005396 -1.481963 -0.128318
-2.655809 0.955663 0.286984 20.912636 1.018910 -1.636456 -2.616519 2.789012 4.524554 -1.396009 -4.608679 2.032146 -1.392005 1.210040 1.890417 -0.902412 6.738125 1.430136 -2.884278 19.014569 0.294762 -5.375197 -0.654557 1.454526 -0.626709 9.195546 7.634535 -21.307821 -20.992958 65.935913 32.435640 47.339944 18.490978 -0.689351 15.054925 -8.235533 0.791743 8.346071 -7.447008 9.198839 -17.446052 -72.790720 -67.273610 59.926252 -43.635404 -13.562473 11.615997 13.517687 -8.402516 -1.731067 -4.044642 -0.037757 5.710206 1.191450 6.454327 -3.566076 4.235089 0.002296 -1.597912 -0.170145 21.761746 -26.459395 0.271843 13.992388 33.244985 4.973856 7.432772 -2.125565 1.882713 0.004869 -0.580344 -0.072620
-2.648706 0.954775 0.292108 21.139252 1.059760 -1.611677 -2.601562 2.736820 4.473053 -1.386200 -4.631532 2.008901 -1.382165 1.187205 1.868162 -0.896639 6.721119 1.413216 -2.958562 18.918938 0.362579 -5.535697 -0.825841 1.606337 -0.577681 9.209846 7.664734 -21.828737 -20.741353 65.658277 33.606805 46.557337 19.435167 -0.360732 14.953102 -8.467471 0.975901 8.319441 -7.431680 9.414339 -17.325427 -72.365912 -67.421892 60.300714 -43.871345 -13.600731 11.661256 14.067140 -8.520390 -1.035479 -4.345206 0.256979 5.231010 1.083123 5.967235 -4.003496 4.374311 -0.001141 -1.430485 0.096614 19.831197 -27.220276 2.495206 14.787962 31.934497 4.158526 7.539662 -1.689950 2.169620 0.000000 0.000000 0.000000
-2.641371 0.953491 0.297483 21.209106 1.025487 -1.632307 -2.569150 2.714354 4.417153 -1.368712 -4.640984 1.983714 -1.364709 1.177795 1.844749 -0.885278 6.714210 1.395465 -2.966065 18.861768 0.423093 -5.570553 -0.928592 1.722076 -0.572077 9.182865 7.702738 -21.912069 -20.356883 65.117430 34.831089 45.761682 20.378485 -0.031497 14.890615 -8.380120 1.143072 8.270916 -7.436339 9.987205 -17.254858 -72.040571 -66.727355 60.521245 -43.399871 -13.459622 11.884719 14.836787 -8.812675 -0.423295 -4.586758 0.750698 5.025668 0.902243 5.602937 -4.597283 4.494372 -0.004145 -1.260907 0.403894 17.997016 -27.721587 4.968777 15.504815 30.508328 3.319122 7.768329 -1.491313 2.443353 -0.004653 0.213671 -0.004048
-2.633752 0.951862 0.302960 21.161421 0.942904 -1.691689 -2.525784 2.713846 4.361196 -1.346554 -4.640579 1.958517 -1.342615 1.178253 1.821800 -0.870428 6.714711 1.378097 -2.929628 18.827515 0.472677 -5.520724 -0.991165 1.802843 -0.585841 9.135888 7.748253 -21.736045 -19.894928 64.397459 36.136624 44.939320 21.363764 0.334590 14.843319 -8.108898 1.306352 8.208661 -7.460255 10.766672 -17.243903 -71.770114 -65.266280 60.580354 -42.291195 -13.183700 12.199504 15.808993 -9.203333 0.116502 -4.797785 1.403444 5.025938 0.684569 5.290932 -5.309275 4.606692 -0.006369 -1.079002 0.736428 16.120314 -27.988288 7.641792 16.078090 28.919276 2.421521 7.991622 -1.384639 2.673154 -0.003019 0.106825 -0.001807
-2.625471 0.950112 0.308177 21.165842 0.877249 -1.745945 -2.540924 2.712033 4.303852 -1.350340 -4.641298 1.933042 -1.346384 1.177526 1.795944 -0.875185 6.714260 1.358580 -2.875940 18.812883 0.506848 -5.433728 -1.018839 1.849001 -0.617128 9.093921 7.789250 -21.640847 -19.554061 63.776356 37.356888 44.428054 22.272861 0.625211 14.836930 -7.785508 1.438237 8.171874 -7.498538 11.648947 -17.312638 -71.527412 -63.540058 60.478132 -40.998161 -12.929909 12.433937 16.787723 -9.465559 0.571403 -5.066484 1.949970 5.176856 0.481323 4.909515 -6.059875 4.767460 -0.007396 -0.910955 1.059730 14.763310 -28.072775 9.933738 16.230868 27.027271 1.631624 8.060074 -1.139706 2.867482 -0.000000 -0.000000 -0.000000
-2.616436 0.948312 0.312981 21.268771 0.854551 -1.784567 -2.646000 2.701635 4.245175 -1.393997 -4.646643 1.907473 -1.389892 1.172077 1.765947 -0.910037 6.710169 1.335993 -2.804352 18.826377 0.521680 -5.306832 -0.996016 1.852776 -0.659316 9.101732 7.826540 -21.702302 -19.459100 63.349269 38.485601 44.428744 23.128215 0.810908 14.903687 -7.418659 1.531457 8.190399 -7.556402 12.692609 -17.519549 -71.346084 -61.501407 60.107021 -39.547817 -12.734250 12.512020 17.768237 -9.487758 0.898744 -5.404993 2.324353 5.526185 0.306372 4.371651 -6.847449 5.010289 -0.007177 -0.774828 1.463784 14.215884 -28.012721 11.611539 15.770981 24.652148 0.967763 7.905517 -0.608606 3.025824 0.000000 0.000000 -0.000000
-2.606738 0.946392 0.317526 21.423724 0.848921 -1.818147 -2.809650 2.690073 4.185011 -1.463629 -4.653000 1.881571 -1.459290 1.165545 1.732977 -0.964521 6.705206 1.311201 -2.715191 18.859387 0.521169 -5.142242 -0.938359 1.822037 -0.718779 9.114843 7.859249 -21.839678 -19.489817 63.017096 39.585632 44.741312 23.967181 0.926131 15.014145 -6.997817 1.593547 8.234439 -7.628695 13.840437 -17.804568 -71.200545 -59.257892 59.564452 -37.982668 -12.578171 12.512659 18.743906 -9.381660 1.144245 -5.795283 2.597015 6.027449 0.155252 3.760946 -7.669995 5.307084 -0.005793 -0.652621 1.858681 14.210598 -27.854625 12.893317 14.896072 21.936527 0.400028 7.597667 0.057250 3.117094 0.000000 -0.000000 0.000000
-2.596272 0.944356 0.321902 21.660851 0.847926 -1.834805 -3.007208 2.676413 4.121524 -1.548157 -4.660537 1.854355 -1.543530 1.157781 1.697179 -1.030343 6.699295 1.284294 -2.636751 18.883170 0.512606 -4.995080 -0.897669 1.780410 -0.813326 9.024223 7.873512 -22.152443 -19.482260 62.757951 40.603144 45.110370 24.713451 0.950210 15.107798 -6.624678 1.619227 8.254050 -7.694837 14.814037 -18.008916 -70.969374 -57.484465 59.182634 -36.714644 -12.503190 12.519680 19.506003 -9.258305 1.429273 -6.274666 2.707050 6.485626 0.049941 3.213816 -8.447739 5.618702 -0.003208 -0.516713 1.940153 14.465576 -27.709200 13.883293 13.862820 19.229833 -0.015502 7.197254 0.635162 3.101792 -0.000000 0.000000 -0.000000
-2.584997 0.942199 0.326138 22.033988 0.855505 -1.823260 -3.264406 2.652593 4.049801 -1.658708 -4.673012 1.823741 -1.653696 1.144992 1.655346 -1.116047 6.689583 1.252859 -2.569139 18.897482 0.496490 -4.865655 -0.874421 1.728832 -0.966577 8.743463 7.860483 -22.703118 -19.370791 62.579938 41.533698 45.578882 25.364409 0.860475 15.165408 -6.305396 1.594786 8.231098 -7.743729 15.464933 -18.023337 -70.611566 -56.182442 59.090192 -35.620761 -12.507527 12.586462 19.952924 -9.195039 1.797269 -6.868147 2.626473 6.830730 0.008907 2.779697 -9.181353 5.921147 0.000003 -0.297150 1.275053 15.138109 -27.661650 14.475193 12.532636 16.574287 -0.264023 6.649557 1.030506 2.923978 0.000000 0.000000 -0.000000
-2.572954 0.939927 0.330205 22.489305 0.867402 -1.794681 -3.555487 2.626690 3.974707 -1.784154 -4.686593 1.791790 -1.778703 1.131031 1.610665 -1.213091 6.678977 1.219290 -2.512287 18.902596 0.472355 -4.753665 -0.868117 1.666372 -1.155250 8.358902 7.831511 -23.426347 -19.222031 62.465323 42.390289 46.108416 25.931141 0.675043 15.212680 -6.035222 1.533789 8.184056 -7.786269 15.941635 -17.953860 -70.161509 -55.292211 59.167610 -34.760327 -12.562005 12.676904 20.189824 -9.118037 2.209492 -7.548173 2.385043 7.136217 0.013474 2.410172 -9.872301 6.234422 0.000552 -0.064042 0.296595 16.066734 -27.629472 14.777690 10.997792 13.920372 -0.381481 6.026260 1.329679 2.628862 -0.000000 -0.000000 -0.000000
-2.560157 0.937562 0.334119 22.895448 0.859093 -1.771205 -3.778563 2.622039 3.908987 -1.880019 -4.690118 1.763747 -1.874251 1.127195 1.572892 -1.287551 6.676022 1.190922 -2.494426 18.870848 0.446118 -4.713489 -0.928824 1.613867 -1.327072 8.020528 7.801403 -24.230788 -19.069418 62.355601 43.096524 46.328236 26.316996 0.428849 15.254137 -5.901470 1.471793 8.118075 -7.834636 16.408140 -17.968765 -69.605278 -55.350694 59.400489 -34.763190 -12.648735 12.745587 20.321606 -8.912220 2.663419 -8.272916 2.006027 7.422943 0.025594 2.098689 -10.444147 6.580891 -0.000000 -0.000000 0.000000 16.488316 -27.462555 15.220775 9.831385 11.507691 -0.392908 5.572223 1.587472 2.359548 -0.000000 -0.000000 0.000000
-2.546657 0.935042 0.337877 23.217557 0.815068 -1.764412 -3.895710 2.651750 3.858985 -1.929853 -4.677545 1.742325 -1.923967 1.139598 1.546410 -1.326834 6.685319 1.171072 -2.532689 18.783784 0.418563 -4.777293 -1.090226 1.578961 -1.461634 7.785330 7.777637 -25.152674 -18.933807 62.249867 43.637777 46.125447 26.496988 0.104763 15.295844 -5.990204 1.414149 8.028504 -7.903614 16.914707 -18.164143 -68.880602 -56.844398 59.868327 -36.163568 -12.783864 12.771923 20.335867 -8.488275 3.189113 -9.034823 1.435142 7.685079 0.061106 1.846229 -10.905353 6.967271 0.004939 -0.146727 1.036388 15.984070 -27.104704 16.017570 9.440888 9.449337 -0.256167 5.508867 1.836573 2.281607 0.000000 -0.000000 0.000000
-2.532403 0.932429 0.341480 23.490479 0.751058 -1.763120 -3.944875 2.702760 3.818571 -1.950105 -4.654996 1.724938 -1.944231 1.162077 1.526966 -1.343526 6.702219 1.156533 -2.610239 18.660234 0.388755 -4.913476 -1.318048 1.554070 -1.579258 7.596279 7.750387 -26.157384 -18.791146 62.153148 43.998909 45.619878 26.477971 -0.277838 15.328257 -6.220674 1.355362 7.920252 -7.978677 17.406465 -18.451101 -68.051830 -59.397425 60.438222 -38.519796 -12.951526 12.779756 20.246904 -7.937135 3.761882 -9.836614 0.727418 7.936008 0.106367 1.657705 -11.249465 7.383213 0.009272 -0.462522 2.754623 14.985164 -26.595177 16.941821 9.378657 7.660975 -0.009767 5.603883 2.056607 2.261695 -0.000000 -0.000000 0.000000
-2.517261 0.929940 0.344952 23.687397 0.689640 -1.755345 -3.938028 2.759157 3.781764 -1.945659 -4.629610 1.708877 -1.939885 1.187481 1.511358 -1.341483 6.721359 1.144861 -2.704366 18.528517 0.360047 -5.080751 -1.560370 1.537109 -1.688764 7.432368 7.706582 -27.048988 -18.607701 62.022498 44.087946 44.793458 26.201333 -0.631032 15.330912 -6.428632 1.314746 7.812608 -8.028188 17.890772 -18.721623 -67.295105 -62.175297 60.810278 -40.928989 -13.086333 12.786510 20.196330 -7.411788 4.292352 -10.656534 0.068544 8.221170 0.076471 1.537762 -11.377652 7.824630 -0.000375 -1.004304 4.196759 14.001851 -25.940793 17.769220 8.946468 6.087367 0.224863 5.423401 2.214335 1.986160 -0.000000 -0.000000 -0.000000
-2.501256 0.927652 0.348341 23.786133 0.624727 -1.734766 -3.867884 2.822759 3.742632 -1.912984 -4.600494 1.691445 -1.907408 1.216710 1.497241 -1.318243 6.743428 1.134276 -2.810901 18.391294 0.329586 -5.270561 -1.812458 1.521459 -1.789243 7.292539 7.635134 -27.755757 -18.349970 61.847470 43.818546 43.551721 25.620913 -0.949400 15.272160 -6.589920 1.297741 7.713271 -8.038903 18.383488 -18.955809 -66.664636 -64.854753 60.901129 -43.039646 -13.178697 12.802454 20.185249 -6.908955 4.773826 -11.481699 -0.550984 8.551933 -0.082203 1.522405 -11.274759 8.342071 -0.031589 -1.788275 4.887697 13.128851 -25.084302 18.476302 7.883094 4.656737 0.423273 4.804857 2.271729 1.379189 0.000000 0.000000 -0.000000
-2.484363 0.925486 0.351597 23.808840 0.562401 -1.707425 -3.741774 2.891755 3.707281 -1.855634 -4.568576 1.675360 -1.850334 1.248817 1.486972 -1.276277 6.767693 1.126554 -2.934031 18.245975 0.300125 -5.491675 -2.078779 1.513780 -1.881500 7.178031 7.546910 -28.350508 -18.050438 61.641601 43.320515 41.985511 24.834088 -1.239408 15.183733 -6.729197 1.298882 7.614255 -8.024473 18.871779 -19.171438 -66.106985 -67.641082 60.793306 -45.096430 -13.236974 12.817037 20.210426 -6.430808 5.209299 -12.329674 -1.123518 8.914713 -0.319379 1.593970 -10.960828 8.879563 -0.084058 -2.797517 5.304199 12.277435 -24.085526 19.076860 6.445756 3.437762 0.653187 3.924649 2.205455 0.507707 -0.000000 -0.000000 0.000000
-2.466374 0.923431 0.354600 23.795218 0.543425 -1.679721 -3.593601 2.944702 3.687383 -1.789121 -4.543731 1.665886 -1.784094 1.273875 1.484247 -1.226862 6.786659 1.124473 -3.063346 18.112759 0.283628 -5.728292 -2.321659 1.531867 -1.976845 7.071126 7.462200 -28.854440 -17.776906 61.397679 42.815730 40.356697 23.979508 -1.438786 15.144351 -6.751482 1.321212 7.511107 -7.993519 19.323826 -19.311526 -65.634326 -70.373910 60.507073 -46.986569 -13.216965 12.817498 20.404369 -6.136594 5.517153 -13.231886 -1.437276 9.308817 -0.567172 1.678458 -10.387608 9.274862 -0.162663 -4.038200 5.917291 11.662619 -23.147389 19.428442 4.721620 2.577214 0.922352 2.866409 1.976682 -0.732379 -0.000000 0.000000 -0.000000
-2.447194 0.921559 0.357434 23.793552 0.563966 -1.658101 -3.440333 2.976162 3.687882 -1.721212 -4.528532 1.665320 -1.716431 1.289287 1.490575 -1.175687 6.798356 1.129182 -3.193052 18.010149 0.284845 -5.970704 -2.506688 1.581624 -2.084318 6.967972 7.390621 -29.247931 -17.531918 61.106004 42.290491 38.721725 23.046228 -1.527307 15.197874 -6.581477 1.369053 7.411044 -7.935589 19.733613 -19.352958 -65.312078 -72.504604 59.931592 -48.212943 -13.110857 12.775052 20.762492 -6.164889 5.729636 -14.217243 -1.338315 9.649113 -0.799311 1.781680 -9.527721 9.516178 -0.277321 -5.527303 6.844395 11.382149 -22.349534 19.489640 2.447422 2.245463 1.244565 1.492832 1.328925 -2.288507 -0.000000 0.000000 -0.000000
-2.426917 0.919798 0.360013 23.755610 0.627882 -1.636137 -3.264966 2.991432 3.703358 -1.644111 -4.520441 1.671173 -1.639576 1.297607 1.504254 -1.117061 6.804725 1.139388 -3.328668 17.919325 0.299205 -6.228224 -2.668593 1.657275 -2.194731 6.872251 7.322635 -29.552535 -17.313319 60.779161 41.768536 37.021469 22.048202 -1.533347 15.301531 -6.290461 1.438231 7.306413 -7.861534 20.108224 -19.313534 -65.071368 -74.529930 59.208770 -49.229815 -12.925681 12.722331 21.288748 -6.374248 5.802422 -15.260978 -0.979905 10.006378 -1.044625 1.909948 -8.408722 9.618724 -0.442905 -7.245493 7.974164 11.318649 -21.620250 19.322669 -0.116575 2.291581 1.569284 -0.060806 0.423489 -4.125124 0.000000 -0.000000 0.000000
-2.405614 0.917914 0.361961 23.576406 0.787544 -1.601338 -3.050431 2.985199 3.729285 -1.549941 -4.521641 1.681293 -1.545672 1.296671 1.523927 -1.045185 6.804174 1.154044 -3.476555 17.804355 0.324998 -6.513414 -2.873668 1.759696 -2.292007 6.777258 7.250010 -29.850903 -17.183470 60.442377 41.481042 35.353181 21.107991 -1.466236 15.403122 -6.000073 1.519104 7.171093 -7.811987 20.435438 -19.199679 -64.721809 -77.847206 58.685977 -51.322302 -12.626624 12.741399 22.126657 -6.498521 5.540338 -16.312554 -0.604256 10.615248 -1.315741 1.978531 -7.057368 9.459871 -0.681845 -9.135845 9.446940 11.355578 -20.939247 18.949497 -2.102056 2.369210 1.789864 -1.333514 -0.112408 -6.467475 0.000000 -0.000000 -0.000000
-2.382851 0.915597 0.363062 23.220524 1.085048 -1.578515 -2.775046 2.929910 3.796267 -1.430396 -4.544322 1.709111 -1.426410 1.274302 1.563882 -0.952736 6.787538 1.183887 -3.643636 17.668390 0.345347 -6.833281 -3.116801 1.860141 -2.323363 6.654744 7.133669 -30.222104 -17.109768 60.021006 41.498941 33.717031 20.246818 -1.304462 15.474621 -5.694620 1.691612 6.957115 -7.779391 20.757033 -18.949414 -64.241932 -83.654766 58.494179 -55.493204 -12.086185 12.906841 23.405111 -6.306540 4.925192 -17.354685 -0.284168 11.539760 -1.608340 2.025855 -5.513722 8.821641 -1.042729 -11.290322 11.487463 11.434597 -20.208656 18.334946 -3.114668 2.205102 1.848764 -2.186456 0.047807 -10.086289 -0.000000 -0.000000 0.000000
-2.359063 0.913157 0.363531 22.723525 1.478579 -1.546225 -2.460128 2.853455 3.871870 -1.293519 -4.576029 1.740536 -1.289858 1.242921 1.609206 -0.846900 6.764180 1.217722 -3.822264 17.507832 0.377980 -7.180169 -3.403721 1.989215 -2.341499 6.533037 7.012519 -30.587424 -17.126094 59.590789 41.721362 32.117852 19.405754 -1.067156 15.536233 -5.382712 1.876341 6.713479 -7.772725 21.031843 -18.627285 -63.650358 -90.759319 58.185925 -60.689787 -11.349941 13.153332 24.976323 -6.016958 3.975993 -18.402204 0.066939 12.714939 -1.924423 1.986875 -3.734836 7.918291 -1.538192 -13.582849 13.918110 11.600484 -19.530426 17.515014 -3.557452 2.052649 1.784299 -2.855235 0.604402 -14.318117 0.000000 0.000000 -0.000000
-2.335628 0.911305 0.363639 22.087736 1.895917 -1.422956 -2.153783 2.834159 3.857260 -1.156325 -4.581999 1.732079 -1.153067 1.237254 1.614673 -0.743923 6.760276 1.221553 -3.996730 17.277417 0.474250 -7.545366 -3.815217 2.239646 -2.489016 6.488766 6.997444 -30.791818 -17.394891 59.403434 42.111410 30.663474 18.574148 -0.815636 15.608866 -5.221827 1.823938 6.559028 -7.853036 21.130712 -18.427379 -62.828207 -96.836700 57.467921 -64.981952 -10.663148 13.355853 26.583398 -6.025081 2.547957 -19.434820 0.445013 14.185053 -2.299443 1.638405 -1.626873 7.238682 -2.065728 -15.591086 16.304740 11.902616 -19.183507 16.613001 -3.754222 2.341666 1.633713 -3.417163 1.359041 -17.314472 -0.000000 -0.000000 0.000000
-2.312449 0.910027 0.363628 21.335511 2.308351 -1.127582 -1.869467 2.895847 3.683886 -1.021452 -4.551742 1.653208 -1.018657 1.267783 1.549483 -0.648090 6.783750 1.172151 -4.169061 16.952304 0.695768 -7.956204 -4.392050 2.728786 -2.944147 6.563474 7.185335 -30.806403 -18.127446 59.461352 42.751155 29.514085 17.895847 -0.501606 15.749824 -5.153055 1.345946 6.553191 -8.139863 21.051108 -18.468751 -61.532010 -101.237052 56.313711 -67.790910 -10.113355 13.465150 28.279118 -6.504251 0.545807 -20.479706 0.943679 16.099963 -2.876225 0.710788 1.188125 7.001237 -2.645064 -17.587785 18.611818 12.477771 -19.366524 15.575250 -3.856817 3.342287 1.417539 -3.792835 2.593129 -18.173312 0.000000 -0.000000 0.000000
-2.289623 0.909335 0.363257 20.447063 2.750324 -0.744521 -1.597815 3.013583 3.418665 -0.887817 -4.496675 1.533540 -0.885489 1.323076 1.443379 -0.556276 6.825871 1.091913 -4.336311 16.561130 0.986093 -8.388642 -5.084103 3.351417 -3.523437 6.721984 7.484382 -30.667589 -19.107724 59.775348 43.557160 28.508335 17.222797 -0.160040 15.899177 -5.227736 0.626420 6.630878 -8.504844 20.816100 -18.597078 -60.008723 -104.630998 55.060719 -69.705117 -9.612595 13.552370 30.030139 -7.239845 -1.964933 -21.432980 1.448717 18.290587 -3.574478 -0.492734 4.345843 6.848223 -3.148697 -19.193974 20.942380 13.213958 -19.875711 14.450795 -3.700341 4.776264 1.103453 -3.940638 4.157221 -17.792839 -0.000000 0.000000 0.000000
-2.268818 0.909980 0.362065 19.360630 3.243077 -0.441154 -1.352614 3.191556 3.165857 -0.766829 -4.415340 1.419575 -0.764923 1.404573 1.341706 -0.473603 6.887536 1.015092 -4.474847 16.138648 1.221121 -8.755145 -5.838031 3.868067 -3.830022 6.918847 7.719132 -30.311667 -19.853948 60.590884 44.287343 27.287400 16.127245 0.031755 15.919768 -5.775263 -0.021058 6.729707 -8.635753 20.330350 -18.602821 -58.878395 -106.834253 54.261451 -70.772749 -9.224064 13.657750 31.471676 -8.062332 -4.881824 -22.059828 1.634207 20.334422 -4.120288 -1.384329 6.783138 6.440691 -3.087521 -19.094773 22.824558 13.783286 -20.396170 13.524496 -3.132230 6.253511 0.648715 -3.982910 5.212630 -17.010216 -0.000000 0.000000 0.000000
-2.251103 0.912448 0.359372 17.982219 3.820070 -0.236076 -1.130920 3.470607 2.911734 -0.656697 -4.289457 1.305153 -0.655224 1.530600 1.238480 -0.399263 6.982545 0.937181 -4.599458 15.611582 1.373733 -9.078394 -6.791821 4.239567 -3.618125 7.143651 7.800597 -29.711891 -20.149169 62.359175 44.764277 25.583156 14.129965 -0.060458 15.678298 -7.204717 -0.485067 6.827348 -8.322558 19.519634 -18.423474 -58.426027 -107.487007 54.199640 -70.870875 -9.007080 13.785950 32.507271 -9.095672 -8.542085 -22.205210 1.271592 22.421865 -4.630237 -1.852621 7.962647 5.532425 -2.001740 -16.164575 24.149766 13.990143 -20.959232 12.964623 -1.892234 7.885861 -0.119931 -4.059113 5.272569 -15.952239 -0.000000 -0.000000 0.000000
-2.235411 0.916251 0.355858 16.403402 4.445368 -0.121074 -0.937960 3.805664 2.663076 -0.559676 -4.139065 1.193214 -0.558596 1.681102 1.136385 -0.334652 7.095836 0.860121 -4.694264 15.052711 1.481139 -9.336431 -7.809603 4.523211 -3.139340 7.397970 7.799393 -28.837916 -20.232265 64.582016 45.330089 23.694701 11.773743 -0.227390 15.333889 -9.106933 -0.859209 6.967775 -7.775814 18.428778 -18.167494 -58.351888 -107.074540 54.596127 -70.331014 -8.954801 13.919882 33.243491 -10.296436 -12.570859 -21.887745 0.525783 24.363886 -5.121219 -2.051021 8.337088 4.481513 -0.316159 -11.628683 24.675215 14.019084 -21.543591 12.623873 -0.253476 9.549351 -1.015232 -4.069411 4.822493 -14.485895 0.000000 -0.000000 -0.000000
-2.220202 0.920684 0.353113 14.836833 5.026016 -0.218371 -0.790767 4.077388 2.560638 -0.490169 -4.017387 1.146519 -0.489321 1.802834 1.096732 -0.285829 7.187331 0.830185 -4.690632 14.709960 1.500209 -9.363584 -8.442773 4.588575 -2.746647 7.650432 7.785878 -27.652661 -20.294823 66.077884 46.376054 22.138507 10.088237 -0.215119 15.196975 -10.595575 -1.144868 7.181241 -7.323930 17.134908 -17.896705 -58.404853 -106.723337 55.144564 -69.949352 -9.054504 14.049322 33.617003 -11.257620 -15.781973 -21.293761 -0.250992 25.263433 -4.954062 -1.808210 8.403257 3.934637 0.932609 -7.843643 23.831617 14.093043 -21.764055 12.299940 1.142659 10.492692 -1.578062 -3.853470 4.470988 -13.076618 0.000000 -0.000000 -0.000000
-2.204915 0.925830 0.351819 13.361896 5.535433 -0.646671 -0.697309 4.234250 2.721439 -0.458109 -3.947282 1.217286 -0.457352 1.872951 1.170753 -0.256490 7.239832 0.886154 -4.540958 14.730368 1.336763 -9.020508 -8.431755 4.225026 -2.597266 7.887852 7.808564 -25.984140 -20.382876 66.176931 47.982804 21.026888 9.547490 0.033840 15.460792 -11.285596 -1.338847 7.506526 -7.118949 15.406785 -17.574462 -58.509053 -106.735521 55.975897 -69.977532 -9.420551 14.161370 33.497748 -11.685166 -17.521141 -20.650182 -0.397959 24.446010 -3.176769 -0.553808 8.155383 4.512747 1.144167 -6.081400 21.259973 14.332082 -21.419679 11.892292 1.950514 10.266036 -1.579035 -3.275621 4.434824 -11.850905 0.000000 0.000000 -0.000000
-2.190113 0.931606 0.351293 11.893254 5.981250 -1.282178 -0.639588 4.340520 3.036157 -0.450213 -3.899839 1.356774 -0.449531 1.920402 1.311042 -0.240379 7.275159 0.992247 -4.302986 14.960406 1.060684 -8.455303 -8.047180 3.600914 -2.535334 8.126469 7.826438 -24.049798 -20.416785 65.555208 49.897973 20.227502 9.577466 0.380272 15.921591 -11.562133 -1.461049 7.889754 -7.023195 13.468146 -17.269211 -58.742078 -106.801607 56.953227 -70.200501 -9.982847 14.251702 33.031661 -11.833284 -18.442807 -19.921859 -0.578676 22.702409 -0.525976 1.150768 7.763624 5.667396 0.914349 -5.132199 17.530380 14.619494 -20.711178 11.469728 2.500003 9.328302 -1.258463 -2.473287 4.486563 -10.685571 0.000000 -0.000000 -0.000000
-2.175941 0.937047 0.351070 10.399394 6.325768 -1.874698 -0.593953 4.449830 3.310148 -0.445663 -3.850974 1.478197 -0.445069 1.969284 1.432925 -0.228176 7.311580 1.084452 -4.060188 15.198443 0.869550 -7.914795 -7.638080 3.135893 -2.441301 8.382365 7.787114 -22.439281 -20.395220 65.083732 51.885597 19.889278 9.616556 0.707354 16.286783 -11.711927 -1.557461 8.209871 -6.928381 12.101148 -17.146698 -59.092706 -107.256599 57.428275 -70.758177 -10.431535 14.319467 32.550300 -12.085005 -19.332327 -18.994903 -2.226897 21.429664 1.318415 1.769132 8.007757 6.171106 0.760721 -3.851123 13.555716 14.824575 -19.857755 11.066510 3.180154 8.281586 -0.893744 -1.664599 4.567454 -9.672982 -0.000000 0.000000 -0.000000
-2.162525 0.941990 0.350954 8.829754 6.563984 -2.381518 -0.556757 4.579681 3.503510 -0.440621 -3.792984 1.563785 -0.440061 2.027288 1.519028 -0.218195 7.354913 1.149642 -3.817827 15.386874 0.861984 -7.448330 -7.304807 3.019442 -2.233356 8.704880 7.630851 -21.313361 -20.329455 65.103614 53.921127 20.214355 9.472760 1.080955 16.437861 -11.695085 -1.623758 8.414994 -6.789254 11.886552 -17.322677 -59.697866 -108.665919 57.068533 -72.080045 -10.628604 14.365638 32.114631 -12.367735 -20.450889 -17.709428 -6.483647 21.060594 1.473236 0.131067 9.404782 5.023712 0.639669 -1.918516 8.918338 14.737293 -18.899562 10.768469 4.304252 7.280193 -0.533740 -0.891317 4.692434 -8.888054 0.000000 -0.000000 0.000000
-2.149739 0.946599 0.351140 7.239354 6.704769 -2.837775 -0.534267 4.709385 3.655600 -0.439952 -3.735166 1.631116 -0.439422 2.085103 1.586428 -0.212880 7.398120 1.200714 -3.565166 15.589950 0.941715 -6.995124 -6.937883 3.062296 -1.996619 9.040607 7.414143 -20.507164 -20.219469 65.290047 56.047375 20.984077 9.406027 1.434308 16.479159 -11.568974 -1.661983 8.559261 -6.645731 12.259553 -17.646928 -60.433585 -110.415679 56.190242 -73.619416 -10.710842 14.372084 31.643673 -12.774199 -21.509885 -16.206403 -12.134782 20.948610 0.777249 -2.744548 10.913537 2.846318 0.326372 -0.476760 3.752003 14.575254 -17.794523 10.472167 5.556173 6.159236 -0.144697 -0.112974 4.847240 -8.253751 0.000000 -0.000000 -0.000000
-2.137355 0.950402 0.351749 5.758939 6.747454 -3.107880 -0.521716 4.824274 3.689135 -0.437207 -3.684013 1.645804 -0.436774 2.136252 1.601384 -0.209951 7.436451 1.212121 -3.352698 15.788343 1.023658 -6.618460 -6.576835 3.125223 -1.856227 9.253091 7.264103 -20.111452 -20.073046 65.523851 58.155202 21.720856 9.564796 1.450070 16.477994 -11.769045 -1.721574 8.684026 -6.511989 12.280673 -17.872910 -60.889156 -111.220123 55.188192 -74.139219 -10.752336 14.323976 31.243523 -13.965930 -22.438651 -14.754043 -16.964634 21.056578 0.183105 -4.878979 11.378683 1.198031 0.000000 0.000000 -0.000000 14.828402 -16.644648 9.953074 6.406442 5.038439 0.113769 0.577804 4.929451 -7.638987 0.000000 -0.000000 -0.000000
-2.125239 0.953138 0.352859 4.458885 6.686734 -3.094574 -0.524062 4.915905 3.542037 -0.430849 -3.643321 1.580350 -0.430499 2.176952 1.536570 -0.210123 7.467143 1.163187 -3.204862 15.983405 1.087454 -6.356064 -6.219369 3.178743 -1.887857 9.262675 7.252078 -20.274209 -19.874750 65.807356 60.259800 22.143141 10.125469 0.913434 16.466679 -12.441885 -1.854264 8.840566 -6.374609 11.495256 -17.886351 -60.820784 -110.299451 54.095651 -72.819110 -10.756396 14.189038 30.969763 -16.399509 -23.218223 -13.540413 -20.743108 21.634454 -0.042736 -5.275625 10.785122 1.185132 -0.105256 -0.010532 -1.053086 15.817896 -15.445997 9.067668 6.555589 3.897287 0.184659 1.098387 4.920660 -7.000163 -0.000000 -0.000000 -0.000000
-2.113524 0.955068 0.354391 3.270173 6.544774 -2.888284 -0.538098 4.983291 3.278479 -0.422834 -3.613479 1.463285 -0.422480 2.206804 1.420322 -0.212675 7.489806 1.075335 -3.095848 16.171995 1.156169 -6.168374 -5.871373 3.256294 -2.009887 9.154034 7.318477 -20.850526 -19.636651 66.137818 62.352713 22.474697 10.924651 0.043132 16.428566 -13.441261 -2.008330 8.976979 -6.246532 10.357246 -17.782737 -60.478503 -108.676555 52.890213 -70.658945 -10.706717 14.010126 30.773623 -19.604867 -23.852897 -12.364642 -23.747209 22.569341 -0.282617 -4.731505 9.749213 2.059201 -0.053843 -0.033605 -0.526372 17.185858 -14.185045 8.005550 6.311894 2.774352 0.149867 1.526966 4.841818 -6.381440 0.000000 -0.000000 0.000000
-2.102381 0.956499 0.356229 2.114216 6.363242 -2.636391 -0.546691 5.023421 3.011466 -0.411951 -3.595686 1.344660 -0.411586 2.224597 1.302805 -0.213130 7.503409 0.986483 -3.001541 16.324472 1.211502 -6.005374 -5.590378 3.316730 -2.108129 9.038093 7.395710 -21.495855 -19.413684 66.393920 64.300907 23.016201 11.583246 -0.836035 16.367021 -14.748198 -2.078329 8.976483 -6.178373 9.277327 -17.659762 -60.183470 -107.719360 51.970738 -69.149146 -10.650964 13.891358 30.602225 -22.842395 -24.281367 -10.926376 -24.493446 23.506814 -0.432785 -3.826752 8.488675 2.831081 -0.000000 -0.000000 0.000000 18.406781 -12.967340 7.041456 6.066136 1.881818 0.062457 2.011151 4.647673 -5.786510 -0.000000 0.000000 0.000000
-2.091904 0.957416 0.358351 0.994790 6.145722 -2.382603 -0.537968 5.033669 2.783202 -0.395350 -3.591053 1.243085 -0.394998 2.229233 1.202915 -0.208015 7.507105 0.910907 -2.928139 16.413672 1.247394 -5.877565 -5.426652 3.352379 -2.132979 8.935933 7.469872 -22.188894 -19.194461 66.519264 66.153473 24.145939 11.932316 -1.689273 16.296639 -16.602932 -1.988116 8.721942 -6.197773 8.243921 -17.511440 -60.002843 -107.953508 51.597390 -68.845119 -10.608705 13.896965 30.425788 -26.233531 -24.484254 -8.885242 -21.357587 24.342982 -0.373475 -2.478234 6.843609 3.093832 -0.008230 0.019040 -0.133756 19.290623 -11.847787 6.274659 5.916993 1.323648 -0.101727 2.624973 4.292387 -5.191188 0.000000 0.000000 0.000000
-2.081998 0.957835 0.360779 -0.092533 5.889985 -2.081286 -0.522324 5.018081 2.553247 -0.375413 -3.597834 1.140691 -0.375063 2.222469 1.102545 -0.200405 7.502251 0.834938 -2.869040 16.466098 1.272785 -5.774288 -5.331058 3.375726 -2.134300 8.826307 7.554386 -22.951309 -19.002552 66.569522 67.907493 25.501918 12.159660 -2.580532 16.182706 -18.755541 -1.810714 8.327025 -6.267097 7.270967 -17.348481 -59.883985 -108.703341 51.521796 -69.115003 -10.567900 13.966113 30.263105 -29.625930 -24.409087 -6.640698 -15.950298 25.240276 -0.178617 -0.840122 4.865551 3.003344 -0.016324 0.044960 -0.266234 20.042305 -10.780653 5.592780 5.773410 0.991927 -0.324473 3.290152 3.820131 -4.624452 0.000000 -0.000000 -0.000000
-2.072556 0.958105 0.363453 -1.237948 5.624911 -1.747054 -0.516247 4.985751 2.310236 -0.358956 -3.612095 1.032604 -0.358613 2.208224 0.996135 -0.195849 7.491773 0.754406 -2.781626 16.532737 1.291200 -5.615254 -5.211321 3.375402 -2.146754 8.753484 7.618382 -23.505816 -18.943370 66.609491 69.320517 26.314960 12.386165 -3.298761 15.972088 -20.448772 -1.665957 8.019910 -6.339418 6.799494 -17.320581 -59.940782 -109.359975 51.420492 -69.529391 -10.529849 14.012707 30.132888 -31.858812 -24.044299 -5.029954 -11.590031 26.175450 0.104643 0.156439 2.931075 2.540045 -0.000000 0.000000 -0.000000 20.745241 -9.742560 4.926028 5.741823 0.776364 -0.501265 3.928713 3.320616 -4.169788 -0.000000 0.000000 -0.000000
-2.063404 0.958276 0.366431 -2.461323 5.344122 -1.340275 -0.536312 4.945854 2.027053 -0.351886 -3.629817 0.906931 -0.351532 2.190506 0.871184 -0.199672 7.478686 0.659889 -2.642061 16.629860 1.302648 -5.355932 -5.038100 3.342541 -2.175932 8.751219 7.657217 -23.724423 -19.090226 66.678830 70.158035 26.213007 12.545129 -3.690866 15.591684 -21.393278 -1.604131 7.903617 -6.408447 7.153197 -17.597165 -60.233305 -109.842216 51.127152 -70.126746 -10.492128 14.004648 30.066601 -32.155562 -23.468285 -4.588666 -9.385097 27.187829 0.657908 -0.071822 1.113852 1.654970 0.068822 -0.185770 1.160393 21.432239 -8.703867 4.207850 5.872319 0.667012 -0.594676 4.495760 2.820792 -3.868523 0.000000 -0.000000 -0.000000
-2.054715 0.958297 0.369655 -3.743564 5.058018 -0.898940 -0.564756 4.886448 1.731637 -0.347821 -3.656175 0.775877 -0.347434 2.164151 0.740542 -0.206138 7.459106 0.561071 -2.474360 16.741288 1.306939 -5.041709 -4.839697 3.286348 -2.216460 8.784607 7.672718 -23.736785 -19.362389 66.754953 70.576099 25.608131 12.645051 -3.881739 15.126751 -21.885108 -1.576679 7.874113 -6.486138 8.009886 -18.010926 -60.677753 -110.206719 50.794569 -70.843767 -10.450615 13.977526 30.037079 -31.310961 -22.735035 -4.773288 -8.172866 28.179635 1.368974 -0.921321 -0.686275 0.587251 0.154105 -0.444911 2.718598 22.071282 -7.697340 3.499998 6.117822 0.673400 -0.649907 5.038492 2.296858 -3.680095 -0.000000 -0.000000 0.000000
-2.046898 0.958372 0.372899 -5.114752 4.816964 -0.555619 -0.567400 4.786590 1.495871 -0.335556 -3.700405 0.671029 -0.335152 2.119927 0.636940 -0.204489 7.426079 0.482654 -2.308322 16.869609 1.305796 -4.728190 -4.609830 3.220296 -2.285652 8.793457 7.644364 -23.652924 -19.628767 66.812026 70.884120 24.907283 12.897699 -4.047042 14.783696 -22.054458 -1.557347 7.849755 -6.554946 8.834167 -18.213246 -61.158957 -110.071449 50.606313 -71.093201 -10.400701 13.945441 29.978828 -30.514761 -21.877505 -4.803800 -7.888827 28.879801 1.744023 -1.491152 -2.349629 -0.068771 0.192120 -0.662436 3.580516 22.650798 -6.793336 2.923566 6.437909 0.715937 -0.685051 5.619562 1.763540 -3.563281 0.000000 0.000000 -0.000000
-2.040236 0.958645 0.376094 -6.566944 4.657195 -0.401620 -0.537634 4.623341 1.367954 -0.314758 -3.772754 0.613772 -0.314354 2.047603 0.581802 -0.192897 7.371926 0.440827 -2.156884 17.034346 1.304211 -4.440276 -4.311363 3.157329 -2.417236 8.738407 7.552389 -23.497089 -19.839132 66.832204 71.122931 24.227345 13.375659 -4.286260 14.679944 -21.842604 -1.553927 7.830969 -6.594084 9.431792 -18.060625 -61.696485 -109.229747 50.703825 -70.590478 -10.336751 13.908056 29.871498 -30.169710 -20.845837 -4.412378 -9.131143 29.115046 1.473560 -1.329336 -3.825584 0.072262 0.156233 -0.723878 3.049890 23.182333 -6.056740 2.553355 6.816912 0.762409 -0.696448 6.233873 1.227594 -3.534653 0.000000 0.000000 0.000000
-2.034446 0.958972 0.379309 -8.106289 4.533943 -0.348430 -0.483040 4.424829 1.303494 -0.286347 -3.860769 0.584488 -0.285939 1.959613 0.555408 -0.173468 7.305993 0.420696 -2.008139 17.216088 1.295655 -4.155082 -3.981168 3.082590 -2.574945 8.654381 7.418369 -23.244723 -20.042236 66.834355 71.230334 23.459397 13.996114 -4.521991 14.700979 -21.318166 -1.559070 7.818080 -6.625011 9.991311 -17.701699 -62.277965 -107.895092 50.941852 -69.617719 -10.263469 13.865370 29.736124 -29.848505 -19.684203 -3.891135 -11.307339 29.031610 0.916056 -0.879937 -5.120927 0.635616 0.086677 -0.805592 1.824208 23.665572 -5.422004 2.310047 7.271327 0.845571 -0.689761 6.888416 0.684308 -3.578150 0.000000 0.000000 0.000000
-2.029080 0.959113 0.382524 -9.783309 4.376872 -0.257401 -0.390852 4.247366 1.234594 -0.241052 -3.939397 0.552907 -0.240668 1.880984 0.528422 -0.141450 7.247075 0.400080 -1.853739 17.358629 1.265844 -3.854705 -3.724790 2.969281 -2.671680 8.594168 7.284939 -22.932319 -20.257647 66.842287 71.376437 22.652905 14.746988 -4.650703 14.701382 -20.797385 -1.521340 7.729179 -6.687051 10.545873 -17.228353 -62.740279 -106.346954 51.081919 -68.465978 -10.193013 13.830459 29.568424 -29.475338 -18.571256 -3.321513 -12.629964 28.889540 0.475013 -0.589551 -6.230597 0.991558 0.036001 -1.172206 0.913342 24.071643 -4.764774 2.079806 7.807707 0.982995 -0.696077 7.663440 0.129844 -3.605060 0.000000 -0.000000 0.000000
-2.023970 0.958990 0.385668 -11.679406 4.159627 -0.074274 -0.237588 4.114111 1.132349 -0.166956 -3.998264 0.505999 -0.166679 1.822110 0.489032 -0.088846 7.202994 0.370038 -1.687508 17.426925 1.213417 -3.527918 -3.607143 2.813638 -2.647888 8.574655 7.149311 -22.568717 -20.482330 66.863875 71.616762 21.655786 15.646423 -4.622662 14.604843 -20.393286 -1.392036 7.472402 -6.805439 11.057191 -16.573917 -62.968195 -104.687026 51.015280 -67.181512 -10.109950 13.815826 29.366428 -29.033171 -17.638784 -2.628338 -12.206376 28.956768 0.196037 -0.812161 -7.190369 0.873072 0.019556 -1.956677 0.730298 24.414802 -3.997967 1.813067 8.422797 1.113119 -0.735922 8.637769 -0.410921 -3.553658 -0.000000 0.000000 -0.000000
-2.019283 0.958683 0.388812 -13.713645 3.914958 0.152180 -0.046365 4.001081 1.024835 -0.075801 -4.048057 0.456503 -0.075695 1.772340 0.448796 -0.023581 7.165765 0.339339 -1.513237 17.455226 1.143296 -3.181515 -3.563801 2.624155 -2.563998 8.580579 7.014242 -22.144963 -20.716775 66.891639 71.876655 20.613288 16.668748 -4.484369 14.478208 -19.982647 -1.214410 7.138362 -6.945387 11.561449 -15.798998 -63.081579 -102.840821 50.832015 -65.744516 -10.028387 13.808467 29.132618 -28.541991 -16.741899 -1.885340 -10.964942 29.004402 -0.050814 -1.211542 -8.004236 0.516354 0.009990 -2.967974 0.866145 24.679604 -3.211857 1.546956 9.119241 1.296778 -0.792442 9.733399 -0.962419 -3.490365 -0.000000 0.000000 -0.000000
-2.015080 0.958192 0.392150 -15.693476 3.665462 0.406910 0.126393 3.891952 0.927683 0.006529 -4.096185 0.411863 0.006472 1.724247 0.412525 0.035366 7.129789 0.311683 -1.337172 17.490778 1.050902 -2.824076 -3.507052 2.392819 -2.515651 8.619814 6.928017 -21.670202 -20.985506 66.925900 72.166909 20.013207 17.751603 -4.262209 14.387569 -19.519519 -1.077683 6.918729 -7.060422 12.203889 -15.183505 -63.257341 -100.834915 50.607417 -64.364571 -10.004706 13.782931 28.868694 -27.995692 -15.659995 -1.391964 -9.862479 28.569058 -0.185860 -1.195581 -8.672113 0.012781 -0.004298 -3.900953 1.100228 24.790938 -2.549577 1.301425 9.912563 1.735041 -0.844563 10.795140 -1.602145 -3.520101 -0.000000 -0.000000 0.000000
-2.011397 0.957488 0.395867 -17.588770 3.432063 0.714188 0.264566 3.772549 0.824414 0.073745 -4.149072 0.364856 0.073535 1.671352 0.372346 0.082693 7.090172 0.281127 -1.151200 17.545672 0.936772 -2.440929 -3.414516 2.117825 -2.560081 8.718035 6.922249 -21.110376 -21.345238 66.929575 72.573583 20.040129 18.975157 -3.935553 14.349325 -18.900567 -1.034400 6.913607 -7.142357 13.163328 -14.873464 -63.530329 -98.636886 50.237101 -63.159968 -10.055667 13.721675 28.562096 -27.336690 -14.301553 -1.321296 -9.421516 27.463249 -0.117350 -0.256799 -9.134860 -0.839759 -0.033239 -4.912950 1.463415 24.676215 -1.966151 1.047756 10.850530 2.348703 -0.904382 11.797738 -2.340961 -3.673672 0.000332 0.032808 -0.040482
-2.008198 0.956600 0.399777 -19.430199 3.196279 1.048923 0.384335 3.657234 0.730997 0.132184 -4.200238 0.322429 0.131827 1.620159 0.335853 0.123712 7.051808 0.253393 -0.963326 17.606886 0.799945 -2.046839 -3.309462 1.800598 -2.643524 8.852448 6.959878 -20.496543 -21.735230 66.941427 73.068414 20.499102 20.287596 -3.515277 14.342862 -18.226691 -1.038425 7.022883 -7.212117 14.261708 -14.716638 -63.854244 -96.293416 49.824306 -62.034594 -10.160365 13.643343 28.223740 -26.644759 -12.779521 -1.501563 -9.098459 25.865568 0.109364 1.105736 -9.428471 -1.854984 -0.081353 -5.850729 1.910552 24.410062 -1.508486 0.818063 11.884393 3.218090 -0.968123 12.769225 -3.165121 -3.922447 0.000648 0.065551 -0.081017
-2.005433 0.955628 0.403521 -21.116072 2.914403 1.320999 0.476314 3.575394 0.710108 0.174380 -4.236465 0.312508 0.173936 1.583940 0.330216 0.154895 7.024679 0.249023 -0.805440 17.683550 0.631037 -1.697309 -3.174140 1.434458 -2.694133 8.957442 6.988661 -19.939184 -22.003173 67.072512 73.515983 21.320910 21.436112 -3.071564 14.387956 -17.759142 -1.033681 7.139075 -7.269892 15.108378 -14.553952 -64.282048 -93.889962 49.756191 -60.811925 -10.322350 13.578077 27.889175 -26.114634 -11.191677 -1.717387 -8.253566 23.833653 0.348617 1.981843 -9.719967 -2.356929 -0.110085 -5.942490 2.120678 24.143776 -1.445775 0.751142 12.886165 4.784601 -0.994722 13.635771 -4.113217 -4.284899 0.000000 0.000000 -0.000000
-2.003065 0.954562 0.406975 -22.593256 2.547801 1.561051 0.530432 3.553105 0.755809 0.196098 -4.246196 0.332467 0.195607 1.574210 0.352377 0.172796 7.017396 0.265707 -0.699950 17.774473 0.415289 -1.429093 -3.010837 0.999987 -2.715233 8.994865 6.972063 -19.472803 -22.070282 67.444119 73.936018 22.668254 22.328602 -2.606818 14.530799 -17.607049 -1.053792 7.240080 -7.300001 15.583190 -14.331525 -64.849025 -91.339036 50.184870 -59.293427 -10.584418 13.542202 27.533534 -26.063816 -9.456978 -1.931654 -6.213865 20.957206 0.476725 1.867970 -10.150654 -1.868369 -0.077137 -4.444761 1.869041 23.984960 -1.802126 0.887400 13.742017 7.241415 -1.062892 14.431185 -5.501752 -4.840995 0.001938 0.103075 0.440982
-2.001131 0.953411 0.410262 -23.914790 2.128274 1.740776 0.554044 3.568668 0.869770 0.200523 -4.239094 0.383004 0.200000 1.581291 0.403361 0.179855 7.022689 0.304211 -0.625425 17.879005 0.165527 -1.207220 -2.821098 0.513729 -2.701337 9.002455 6.951175 -19.068614 -22.011021 67.927752 74.335374 24.390434 23.065813 -2.116501 14.735649 -17.664424 -1.065921 7.349346 -7.317706 15.808173 -14.119810 -65.529076 -88.612130 50.930163 -57.564591 -10.908381 13.523690 27.180288 -26.174588 -7.665325 -2.196186 -3.720075 17.632832 0.458475 1.218397 -10.598190 -0.880883 -0.027550 -2.094657 1.405764 23.820649 -2.534961 1.222688 14.565229 10.396421 -1.093287 15.131200 -7.009994 -5.521533 0.005610 0.107099 1.003574
-1.999691 0.952306 0.413392 -25.135666 1.707510 1.681361 0.562260 3.584398 1.126093 0.190589 -4.231698 0.497052 0.190090 1.588701 0.516405 0.180813 7.028239 0.389641 -0.548827 18.008039 -0.086869 -0.981305 -2.584579 0.022315 -2.567061 9.030849 6.993588 -18.742938 -21.910044 68.257114 74.524044 25.964516 23.649532 -1.662542 14.904627 -17.865953 -0.910755 7.430359 -7.360776 15.757189 -13.955155 -66.286622 -85.855433 51.888196 -55.840173 -11.180977 13.508498 26.939065 -25.665514 -6.151470 -2.381218 -2.198329 15.133465 0.391633 0.608606 -10.856619 -0.158277 -0.003302 -0.341991 1.106452 23.460243 -3.798218 1.852753 15.593808 14.115112 -0.790413 15.556206 -7.723494 -6.101249 -0.002650 -0.885264 1.093509
-1.999120 0.951186 0.416242 -26.243962 1.260869 1.169219 0.563110 3.603907 1.648853 0.163290 -4.222141 0.729767 0.162882 1.598308 0.746349 0.177494 7.035380 0.563429 -0.445142 18.187603 -0.377992 -0.693838 -2.253376 -0.548600 -2.191294 9.110434 7.149545 -18.536659 -21.795868 68.227431 74.466817 27.164131 23.997058 -1.269784 15.008997 -18.211767 -0.454430 7.476390 -7.437075 15.241420 -13.864096 -67.154734 -83.028366 53.124993 -54.131493 -11.358489 13.480808 26.895378 -23.956937 -5.054829 -2.293758 -2.487542 14.167976 0.445308 0.282687 -10.796234 -0.067503 0.001417 0.128831 1.196229 22.690752 -5.840708 3.035700 17.222961 18.658218 0.145312 15.600942 -7.043657 -6.662769 -0.009011 -3.611562 0.513103
-1.999043 0.950110 0.418935 -27.244370 0.795488 0.416520 0.544569 3.633413 2.313352 0.119704 -4.207864 1.025704 0.119379 1.612594 1.037853 0.166478 7.045838 0.783771 -0.341907 18.393052 -0.672923 -0.408098 -1.871814 -1.124632 -1.697748 9.220301 7.371570 -18.409017 -21.653752 68.041247 74.165351 28.223344 24.149923 -0.910151 15.075136 -18.698144 0.171729 7.503825 -7.531117 14.461045 -13.840768 -68.109917 -80.082458 54.578897 -52.347964 -11.486250 13.452017 26.965706 -21.611564 -4.253067 -2.032788 -3.701842 14.035592 0.583121 0.035602 -10.546998 -0.226086 0.000105 -0.000814 1.431645 21.614181 -8.356817 4.590188 19.189443 23.752311 1.559988 15.292199 -5.587101 -7.093150 0.041240 -7.335368 -0.537633
-1.998394 0.949397 0.421848 -28.221785 0.417390 -0.119942 0.494805 3.634124 2.822943 0.070443 -4.206801 1.252992 0.070151 1.613627 1.260142 0.146010 7.046258 0.951840 -0.283439 18.560132 -0.833344 -0.250091 -1.559443 -1.437637 -1.368845 9.329658 7.576476 -18.249806 -21.500971 68.044100 73.469958 29.317538 24.267641 -0.560740 15.084424 -19.248371 0.730649 7.504696 -7.645802 13.969014 -13.849009 -69.020783 -77.240203 55.987555 -50.624515 -11.584700 13.448489 27.006088 -19.557698 -3.642988 -1.919012 -4.642719 13.896928 0.723016 -0.175889 -10.295516 -0.248782 -0.001758 -0.137562 1.464760 20.592891 -10.711873 5.913896 20.670497 28.487030 2.917556 14.723601 -4.262388 -6.882193 0.188586 -10.759831 -2.002318
-1.996626 0.949141 0.425178 -29.230680 0.158317 -0.218754 0.417854 3.584083 3.043927 0.024751 -4.229093 1.352117 0.024522 1.591318 1.354631 0.118831 7.029290 1.023319 -0.284276 18.677473 -0.781225 -0.269448 -1.341144 -1.341478 -1.336397 9.443848 7.730241 -17.924017 -21.343832 68.355863 72.236903 30.550563 24.313733 -0.178927 14.979564 -19.822197 1.148278 7.442617 -7.809556 14.042165 -13.864764 -69.863708 -74.844680 57.417778 -49.244170 -11.654686 13.497188 26.968661 -18.112004 -3.226621 -2.187743 -4.811662 13.571326 0.863988 -0.425577 -10.151740 0.035079 -0.001127 -0.081657 1.057273 19.620351 -12.752327 6.783516 21.492842 32.834786 3.881717 13.973989 -3.300415 -5.455195 0.512184 -13.813427 -4.301266
-1.994286 0.949248 0.428727 -30.223157 0.001470 -0.106896 0.314312 3.493788 3.112575 -0.024333 -4.269782 1.383673 -0.024425 1.550635 1.381197 0.084207 6.998639 1.043454 -0.330136 18.760944 -0.595115 -0.413759 -1.187712 -0.985384 -1.468148 9.550090 7.860547 -17.566631 -21.161911 68.856711 70.580639 31.832779 24.251791 0.206251 14.807691 -20.448594 1.500988 7.344940 -7.994517 14.398578 -13.887066 -70.649423 -72.597147 58.842049 -47.952812 -11.695145 13.572245 26.902187 -16.963581 -2.969962 -2.648726 -4.709387 13.236209 1.005305 -0.639407 -10.004763 0.454901 -0.000506 -0.033217 0.447258 18.795401 -14.687586 7.386449 21.679609 36.858405 4.537631 13.091696 -2.386379 -3.412642 1.013274 -16.664917 -6.933701
-1.991949 0.949745 0.432282 -31.135302 -0.015417 -0.003235 0.169337 3.369019 3.138391 -0.089365 -4.326156 1.396493 -0.089284 1.494271 1.387415 0.036166 6.956225 1.048230 -0.419179 18.785863 -0.369926 -0.649755 -1.141699 -0.543646 -1.647958 9.585390 7.977061 -17.468880 -20.927317 69.527847 68.751909 33.068667 24.247616 0.508593 14.702580 -21.159289 1.774130 7.292338 -8.124790 14.742539 -13.901433 -71.292628 -69.802428 59.832640 -46.118176 -11.724563 13.624035 26.806151 -16.100099 -2.680384 -3.024057 -4.641137 12.588511 1.069100 -0.635021 -9.708973 0.882054 0.000000 -0.000000 0.000000 18.749958 -16.492624 7.641784 20.514590 39.820164 4.755722 12.117362 -1.650109 -2.021676 1.362545 -18.337014 -8.427176
-1.989882 0.950791 0.435660 -31.899585 0.149642 -0.008733 -0.046278 3.195448 3.154411 -0.185014 -4.404722 1.405452 -0.184687 1.415691 1.386673 -0.035266 6.897081 1.047781 -0.552975 18.749552 -0.105732 -0.980088 -1.206818 -0.016012 -1.860868 9.520531 8.107316 -17.766810 -20.639131 70.442206 66.785501 34.369491 24.383837 0.690996 14.732180 -22.048000 1.962427 7.333384 -8.175689 15.011232 -13.932166 -71.742071 -66.147103 60.079716 -43.491016 -11.740762 13.630707 26.658980 -15.549749 -2.259788 -3.169304 -4.795991 11.414706 1.010456 -0.285958 -9.148332 1.256419 0.000190 0.010216 -0.108498 20.070176 -18.215330 7.332833 17.033104 41.412211 4.301527 10.891696 -1.358854 -1.999251 1.209763 -18.067435 -7.909012
-1.987817 0.952229 0.439043 -32.583335 0.452480 -0.028744 -0.303128 2.985942 3.130978 -0.296672 -4.499583 1.396958 -0.295989 1.320785 1.366845 -0.119992 6.825688 1.032886 -0.728826 18.658674 0.201077 -1.401579 -1.371202 0.603917 -2.119971 9.385834 8.229585 -18.321040 -20.280565 71.511083 64.631419 35.674618 24.527489 0.800866 14.801043 -23.028792 2.067746 7.419406 -8.177801 15.260642 -13.953634 -72.050244 -62.149220 59.805508 -40.523823 -11.743367 13.614585 26.481522 -15.282228 -1.811434 -3.236522 -4.983285 9.928782 0.893685 0.282701 -8.442287 1.646439 0.000114 0.005121 -0.054248 22.245408 -19.805370 6.548604 12.106217 41.930393 3.352489 9.519543 -1.379431 -2.628215 0.807573 -16.414923 -6.462040
-1.985533 0.953614 0.442760 -33.323552 0.797267 0.011729 -0.529261 2.790627 3.081506 -0.393432 -4.587922 1.376415 -0.392401 1.232375 1.336464 -0.194363 6.759215 1.009963 -0.935594 18.496718 0.463980 -1.868485 -1.665036 1.155865 -2.349481 9.205982 8.283792 -19.004833 -19.817393 72.468147 62.442427 36.625388 24.602482 0.872533 14.812601 -23.867042 2.084228 7.487918 -8.138921 15.372567 -13.883529 -72.294006 -58.284228 59.366922 -37.572956 -11.756498 13.591758 26.335049 -15.199935 -1.450258 -3.387009 -4.942994 8.471274 0.793485 0.875942 -7.798762 2.113347 -0.000000 0.000000 0.000000 24.223520 -21.105109 5.710230 7.855689 41.559624 2.541547 8.355671 -1.228931 -3.050629 0.512374 -14.461438 -5.436568
-1.982912 0.954930 0.446893 -34.121116 1.185451 0.167058 -0.715017 2.609143 2.993345 -0.470410 -4.669766 1.338216 -0.469089 1.150472 1.290451 -0.255154 6.697715 0.975203 -1.183244 18.244848 0.650242 -2.389200 -2.122995 1.584204 -2.544618 8.940983 8.228367 -19.923140 -19.208591 73.276544 60.292600 37.028074 24.757495 0.884334 14.730063 -24.476917 1.956161 7.527585 -8.037100 15.257425 -13.641723 -72.513864 -54.432333 58.773001 -34.477487 -11.783575 13.562822 26.274897 -15.426042 -1.224832 -3.684024 -4.468873 7.088264 0.712188 1.414869 -7.280015 2.713305 -0.000000 -0.000000 -0.000000 25.867120 -22.074190 4.822780 4.940671 40.215073 2.315511 7.490320 -0.592118 -2.945168 0.369352 -12.688554 -5.514813
-1.980072 0.956194 0.451359 -34.973507 1.619063 0.380085 -0.869885 2.439458 2.878456 -0.532420 -4.746066 1.287795 -0.530834 1.074126 1.233746 -0.305563 6.640452 0.932350 -1.458109 17.918127 0.800152 -2.951484 -2.717713 1.958922 -2.707364 8.624960 8.110308 -20.960321 -18.505558 73.951359 58.127112 37.098171 24.937252 0.855710 14.607287 -24.943294 1.739219 7.552886 -7.893989 15.002946 -13.310872 -72.679333 -50.804818 58.001839 -31.504682 -11.824539 13.526323 26.244627 -15.841652 -1.094764 -4.059192 -3.771888 5.728992 0.634533 1.976048 -6.825333 3.389839 0.000000 0.000000 -0.000000 27.289640 -22.761053 3.926281 2.821455 38.010126 2.450109 6.803584 0.285968 -2.680836 0.256305 -10.738914 -5.943817
-1.977141 0.957008 0.456241 -36.013320 2.003389 0.559763 -0.950738 2.330618 2.783214 -0.562897 -4.794856 1.245655 -0.561141 1.025297 1.188502 -0.331583 6.603860 0.898136 -1.712398 17.547485 0.936880 -3.476063 -3.393170 2.307513 -2.773169 8.393266 7.996551 -21.665816 -17.844098 74.333428 55.943620 37.023061 24.829165 0.868759 14.506084 -25.284108 1.595297 7.537675 -7.778989 14.758942 -13.050733 -72.755291 -48.063145 57.472693 -29.348590 -11.900566 13.496377 26.137589 -15.987651 -1.039091 -4.479078 -3.220473 4.591699 0.597624 2.597503 -6.456646 4.028420 0.000000 -0.000000 0.000000 27.759230 -23.210269 3.591879 1.834799 35.431425 2.566186 6.307908 1.142785 -2.441514 0.163259 -8.539367 -5.711561
-1.974137 0.957203 0.461582 -37.340518 2.296479 0.691780 -0.911058 2.316652 2.716594 -0.541798 -4.800790 1.215706 -0.540091 1.019365 1.160674 -0.317870 6.599496 0.877067 -1.943567 17.114056 1.063698 -3.960911 -4.183871 2.636513 -2.681411 8.339920 7.884187 -21.857009 -17.253831 74.384488 53.740205 36.634475 24.252507 0.944907 14.467850 -25.529643 1.605919 7.447869 -7.721614 14.531751 -12.901601 -72.683769 -46.460086 57.434449 -28.244147 -12.046236 13.479292 25.858634 -15.651090 -1.060883 -4.968648 -3.007180 3.770295 0.633701 3.362727 -6.191527 4.590610 0.000000 -0.000000 -0.000000 26.876070 -23.388643 4.090779 2.574465 32.500974 2.686529 6.051255 1.917064 -2.231989 0.086096 -5.600393 -4.033566
-1.971043 0.956950 0.467337 -38.856374 2.539858 0.790482 -0.798156 2.365158 2.663801 -0.489216 -4.778526 1.191634 -0.487714 1.041681 1.141943 -0.280046 6.616372 0.862887 -2.151328 16.635543 1.182883 -4.404935 -5.057348 2.949101 -2.495794 8.372115 7.767241 -21.728432 -16.727897 74.173894 51.587345 36.019091 23.503645 1.042534 14.466345 -25.656470 1.690566 7.315268 -7.688902 14.316829 -12.813583 -72.515369 -45.556467 57.745016 -27.769213 -12.233988 13.470779 25.505830 -15.042125 -1.155428 -5.504993 -2.937654 3.176223 0.714039 4.187735 -6.013460 5.113086 0.000000 0.000000 -0.000000 25.026217 -23.293319 5.167738 4.469282 29.180802 2.816782 5.985955 2.673177 -1.999152 0.036867 -2.339035 -1.681121
-1.967945 0.956358 0.473460 -40.396974 2.760004 0.809248 -0.709382 2.427018 2.635896 -0.448669 -4.750481 1.178792 -0.447324 1.069774 1.133237 -0.250459 6.637544 0.856312 -2.293561 16.199360 1.310610 -4.731790 -5.854035 3.256154 -2.337996 8.348151 7.708091 -21.403707 -16.354970 73.724727 49.557726 35.739646 22.902266 1.141690 14.465975 -25.602594 1.767687 7.210555 -7.657066 14.248253 -12.809830 -72.369173 -44.862024 58.270672 -27.517753 -12.385829 13.469064 25.261632 -14.334750 -1.283069 -5.988194 -2.798021 2.734163 0.785417 4.861320 -5.891248 5.590959 -0.000000 -0.000000 0.000000 22.655076 -23.023013 6.612125 6.208088 25.844058 2.631360 6.001786 3.328644 -1.841687 0.000000 -0.000000 -0.000000
-1.964916 0.955399 0.479846 -41.953013 2.943511 0.710856 -0.661258 2.502661 2.646229 -0.428180 -4.716605 1.183157 -0.426908 1.103659 1.139676 -0.234712 6.662978 0.861197 -2.349420 15.824791 1.448867 -4.902489 -6.539163 3.551957 -2.238943 8.222264 7.750227 -20.805149 -16.168735 72.969895 47.664075 36.012707 22.465593 1.227904 14.473729 -25.340977 1.818237 7.161121 -7.625574 14.453024 -12.937824 -72.296763 -44.403307 59.101947 -27.538285 -12.454960 13.473376 25.241691 -13.524310 -1.421314 -6.357742 -2.483946 2.437710 0.822045 5.263883 -5.812225 5.993699 0.000000 0.000000 -0.000000 19.675992 -22.549202 8.514290 7.584997 22.566575 2.004945 6.191057 3.880578 -1.782997 -0.029938 0.656361 0.384592
-1.961884 0.954102 0.486600 -43.534610 3.096466 0.534671 -0.636625 2.593579 2.680572 -0.419485 -4.676087 1.198333 -0.418272 1.144174 1.155723 -0.227103 6.693344 0.873362 -2.341406 15.493576 1.591398 -4.956231 -7.145799 3.832277 -2.165923 8.044660 7.855922 -20.009640 -16.138345 71.985163 45.861352 36.647378 22.107880 1.308634 14.502943 -24.904245 1.860715 7.139476 -7.596976 14.804779 -13.149027 -72.242108 -44.172209 60.153607 -27.799058 -12.477617 13.481834 25.329379 -12.614205 -1.590779 -6.672801 -2.096006 2.289590 0.842180 5.515732 -5.785544 6.347109 -0.000000 -0.000000 -0.000000 16.227345 -21.767616 10.719806 8.930631 19.227909 1.217387 6.475457 4.329940 -1.785100 -0.021765 0.332678 0.184091
-1.958708 0.952662 0.493983 -45.007086 3.275568 0.347371 -0.682086 2.651465 2.713158 -0.441736 -4.650614 1.213154 -0.440495 1.169647 1.168301 -0.242879 6.712395 0.882958 -2.294785 15.237478 1.736557 -4.935867 -7.615041 4.099894 -2.143247 7.816747 7.971447 -19.365925 -16.262210 71.005597 44.092533 37.640745 21.903468 1.396998 14.529680 -24.317343 1.869479 7.135022 -7.553026 15.056144 -13.326502 -72.163418 -43.589448 61.010843 -27.746632 -12.499703 13.491504 25.356108 -11.791681 -1.816675 -7.013168 -1.728583 2.225213 0.858257 5.765651 -5.812891 6.730669 0.000000 0.000000 -0.000000 13.063950 -20.789096 12.691531 9.743523 15.908013 0.577916 6.496817 4.592147 -1.900311 0.000000 0.000000 -0.000000
-1.955279 0.951134 0.502047 -46.307726 3.525095 0.163901 -0.840889 2.648868 2.742815 -0.513899 -4.652683 1.227321 -0.512443 1.167542 1.175166 -0.296313 6.710684 0.888290 -2.201386 15.068313 1.881420 -4.824038 -7.925956 4.345117 -2.193622 7.514358 8.098236 -18.967366 -16.629540 70.044170 42.382688 39.206725 22.008855 1.533555 14.566421 -23.580567 1.835308 7.147598 -7.487467 15.112941 -13.402990 -72.057023 -42.250993 61.442513 -27.013085 -12.543680 13.506157 25.266985 -11.100894 -2.140045 -7.404750 -1.446981 2.252340 0.886577 6.061066 -5.932526 7.188501 -0.000000 -0.000000 -0.000000 10.121128 -19.646899 14.369406 9.815483 12.551152 0.132217 6.094410 4.552913 -2.113584 -0.000000 -0.000000 0.000000
-1.951706 0.949463 0.510741 -47.499851 3.801671 -0.032360 -1.069806 2.613657 2.775240 -0.617175 -4.669735 1.243039 -0.615377 1.150381 1.180394 -0.373068 6.697600 0.892387 -2.071446 14.974434 2.022511 -4.639187 -8.099297 4.565855 -2.294009 7.162908 8.241774 -18.703264 -17.168575 69.099192 40.727422 41.175417 22.213153 1.683504 14.618827 -22.693046 1.767146 7.178850 -7.407905 15.068609 -13.445755 -71.927648 -40.543571 61.659244 -25.960681 -12.593900 13.523187 25.115886 -10.497874 -2.520282 -7.820635 -1.183489 2.363529 0.909787 6.352615 -6.107158 7.675712 -0.000000 -0.000000 0.000000 7.461810 -18.387622 15.814156 9.319855 9.211962 -0.109291 5.450504 4.291857 -2.446026 -0.000000 0.000000 -0.000000
-1.948189 0.947672 0.520178 -48.637322 4.034192 -0.221715 -1.286125 2.578673 2.795117 -0.714207 -4.686639 1.253040 -0.712081 1.133343 1.180524 -0.445538 6.684620 0.892608 -1.958249 14.951568 2.156135 -4.478713 -8.140374 4.774846 -2.400640 6.833383 8.349829 -18.629873 -17.634470 68.377100 38.978016 42.946522 22.025427 1.732584 14.653109 -21.675424 1.666783 7.221291 -7.316091 14.956152 -13.539202 -71.743383 -39.018009 61.922167 -25.075182 -12.648412 13.531758 24.897341 -10.037491 -2.860665 -8.260773 -0.835148 2.470632 0.891014 6.645889 -6.227266 8.138877 0.000000 0.000000 0.000000 5.952426 -17.305407 16.771219 8.243776 6.179933 -0.034995 4.728661 3.997385 -3.032777 -0.000000 -0.000000 -0.000000
-1.944860 0.945798 0.530453 -49.718756 4.188242 -0.397461 -1.474812 2.552061 2.797628 -0.798120 -4.699603 1.255167 -0.795714 1.120269 1.174135 -0.508703 6.674670 0.887905 -1.872449 15.025452 2.278619 -4.359523 -8.001290 4.967625 -2.506544 6.518200 8.393830 -18.827339 -17.929474 67.989902 37.012294 44.443788 21.239398 1.605396 14.668889 -20.368070 1.518852 7.282037 -7.213289 14.742456 -13.709566 -71.470211 -37.778997 62.361712 -24.480772 -12.733121 13.522913 24.595151 -9.785394 -3.131830 -8.714784 -0.321512 2.575643 0.805137 6.930369 -6.278285 8.559758 -0.000000 -0.000000 0.000000 6.169630 -16.550308 17.090078 6.105410 3.410040 0.382443 3.944236 3.718989 -3.995509 0.000000 -0.000000 0.000000
-1.941587 0.943805 0.541472 -50.744671 4.299443 -0.562556 -1.651073 2.524389 2.786577 -0.875802 -4.712925 1.251162 -0.873126 1.106840 1.162252 -0.567614 6.664486 0.879042 -1.804857 15.168904 2.387781 -4.265631 -7.732902 5.138533 -2.618924 6.220474 8.399076 -19.230200 -18.136915 67.816232 34.892021 45.690271 20.021645 1.345205 14.703556 -18.939640 1.338491 7.354820 -7.099541 14.459129 -13.925311 -71.135519 -36.723511 62.861026 -24.051543 -12.831348 13.505559 24.225116 -9.675294 -3.364929 -9.190916 0.276640 2.671826 0.676943 7.220460 -6.275807 8.955704 0.000000 0.000000 0.000000 7.469296 -16.065303 17.011530 3.319144 0.982596 0.999134 3.109709 3.358952 -5.210751 -0.000000 -0.000000 -0.000000
-1.938168 0.941610 0.553058 -51.771394 4.401975 -0.711201 -1.777625 2.500924 2.757298 -0.930477 -4.724042 1.238723 -0.927605 1.095626 1.144252 -0.609793 6.656013 0.865510 -1.778085 15.297747 2.485408 -4.244484 -7.489642 5.303972 -2.716050 6.025463 8.385880 -19.687867 -18.275887 67.704764 32.743402 46.204514 18.518330 1.006033 14.739356 -17.903782 1.173613 7.411691 -6.972705 14.236303 -14.185726 -70.797425 -36.067987 63.334385 -23.862211 -12.875701 13.493728 23.826578 -9.564117 -3.554765 -9.718028 0.817546 2.658360 0.545245 7.562809 -6.156532 9.326952 0.000000 -0.000000 -0.000000 8.872218 -15.850518 16.885446 1.216885 -0.641360 1.484960 2.362090 2.928320 -6.450995 -0.000000 0.000000 -0.000000
-1.934701 0.939106 0.565076 -52.808732 4.508230 -0.850332 -1.834493 2.479146 2.708372 -0.953172 -4.733925 1.217146 -0.950210 1.085697 1.120360 -0.628519 6.648581 0.847477 -1.816456 15.381771 2.574125 -4.343810 -7.325833 5.479132 -2.791760 6.002294 8.338946 -20.197281 -18.324245 67.679282 30.636799 45.700293 16.786325 0.591525 14.731470 -17.506260 1.049109 7.454229 -6.820852 14.121667 -14.517656 -70.462017 -36.024719 63.897113 -24.047295 -12.861683 13.499062 23.403108 -9.427657 -3.693559 -10.293218 1.273176 2.499535 0.442587 7.978335 -5.877743 9.601908 -0.000000 0.000000 -0.000000 10.068030 -15.946192 16.907305 0.539260 -1.258809 1.525002 1.665976 2.461173 -7.572543 0.000000 0.000000 -0.000000
-1.931089 0.936400 0.577662 -53.846766 4.606586 -0.972840 -1.841744 2.460284 2.640621 -0.952859 -4.742134 1.186940 -0.949880 1.077494 1.090194 -0.630518 6.642514 0.824686 -1.895065 15.450418 2.653262 -4.515234 -7.188492 5.651622 -2.853163 6.080282 8.264160 -20.763426 -18.294912 67.710950 28.665553 44.425554 15.010986 0.116766 14.660659 -17.508738 0.940359 7.481355 -6.654135 14.066347 -14.896616 -70.121997 -36.400950 64.441624 -24.476848 -12.796663 13.508093 22.944677 -9.290898 -3.791315 -10.921692 1.667568 2.232419 0.338005 8.452313 -5.485270 9.852557 -0.000000 0.000000 0.000000 11.368448 -16.311118 16.877387 0.565335 -1.105463 1.288907 1.012924 2.000817 -8.717396 -0.000000 0.000000 0.000000
-1.926847 0.933735 0.591039 -54.912385 4.695715 -1.052983 -1.822174 2.454980 2.552452 -0.939664 -4.744113 1.147520 -0.936720 1.075540 1.052116 -0.623501 6.641174 0.795913 -1.962037 15.509059 2.722421 -4.661751 -7.070945 5.801500 -2.898642 6.137309 8.214584 -21.245486 -18.275121 67.575884 26.975653 42.738844 13.541938 -0.336605 14.517994 -17.684189 0.821198 7.460369 -6.501121 14.057129 -15.248776 -69.819139 -36.754735 64.553201 -24.772922 -12.622514 13.496501 22.467023 -9.084784 -3.869811 -11.645448 1.935857 1.868128 0.176756 8.980203 -5.050308 10.294644 0.000000 -0.000000 -0.000000 12.739389 -16.819529 16.538997 0.451939 -0.401781 1.138370 0.563750 1.586104 -10.079226 -0.000000 -0.000000 -0.000000
-1.921588 0.930996 0.605416 -55.966154 4.792673 -1.107368 -1.797307 2.456771 2.462243 -0.924051 -4.742894 1.107185 -0.921153 1.076790 1.013369 -0.614733 6.642238 0.766638 -1.997063 15.563001 2.769951 -4.741000 -6.965445 5.899566 -2.905899 6.098179 8.192677 -21.613656 -18.242295 67.146435 25.575867 40.541563 12.485554 -0.755681 14.240335 -18.084660 0.693928 7.369495 -6.355686 14.126074 -15.536724 -69.612253 -36.936102 64.067242 -24.745820 -12.303956 13.467651 21.987616 -8.739843 -3.905827 -12.482311 1.989210 1.369498 -0.068097 9.603413 -4.655555 11.071182 0.000502 0.036733 -0.161662 14.254396 -17.571524 15.688485 -0.137754 1.010660 1.247219 0.302967 1.188436 -12.053246 0.000000 0.000000 -0.000000
-1.915698 0.928299 0.620585 -57.047317 4.882425 -1.119306 -1.745795 2.471432 2.350861 -0.895581 -4.735759 1.057310 -0.892782 1.083980 0.966391 -0.596989 6.647797 0.731144 -2.020280 15.605967 2.808259 -4.795383 -6.881573 5.976757 -2.897132 6.039543 8.198523 -21.896908 -18.232636 66.551184 24.412724 37.969274 11.751462 -1.115993 13.871742 -18.639327 0.556282 7.229704 -6.220444 14.242365 -15.801802 -69.446309 -37.044866 63.155618 -24.523024 -11.862752 13.422600 21.491980 -8.327031 -3.923069 -13.416432 1.912193 0.777098 -0.362954 10.287851 -4.226633 12.040375 0.000115 0.073445 -0.323330 15.860580 -18.454462 14.517996 -0.831609 2.983436 1.431007 0.197152 0.834048 -14.244810 0.000000 -0.000000 0.000000
-1.909852 0.926230 0.636148 -58.300473 4.918428 -1.012055 -1.626484 2.526267 2.159388 -0.833082 -4.710301 0.971438 -0.830517 1.109518 0.886854 -0.556295 6.667225 0.671040 -2.040360 15.626850 2.873149 -4.854910 -6.836996 6.103674 -2.937213 6.069888 8.282520 -22.044277 -18.426491 65.960871 23.440357 35.752393 11.247497 -1.379546 13.597992 -18.940555 0.375347 7.071222 -6.136623 14.297810 -16.085012 -69.191145 -36.989655 61.911192 -24.177992 -11.322116 13.332153 20.949382 -7.984613 -4.019679 -14.436462 1.903693 0.214206 -0.672451 10.924376 -3.588419 12.986205 -0.000000 -0.000000 -0.000000 17.316515 -19.032604 13.387452 -1.433305 4.824304 1.499063 0.425163 0.612092 -15.667149 0.000000 -0.000000 -0.000000
-1.904381 0.924794 0.652341 -59.744309 4.863286 -0.672722 -1.442501 2.638941 1.813745 -0.734179 -4.658532 0.816617 -0.731994 1.161433 0.742069 -0.493327 6.706604 0.561652 -2.050687 15.612592 3.014394 -4.926195 -6.852927 6.371454 -3.118958 6.256170 8.513685 -21.925866 -18.964497 65.287997 22.670066 34.157384 11.017791 -1.572175 13.520674 -18.736684 0.104477 6.899542 -6.147094 14.263480 -16.410605 -68.761497 -36.637672 60.179525 -23.631076 -10.650346 13.172456 20.348809 -7.684611 -4.091339 -15.663970 2.371146 -0.426769 -1.092688 11.641601 -2.817674 13.929193 0.008522 -0.325668 1.452772 18.715649 -19.153208 12.326096 -2.200674 6.293026 1.350842 1.194931 0.653319 -15.821673 0.000000 0.000000 -0.000000
-1.898953 0.923986 0.668929 -61.360555 4.767609 -0.209677 -1.192794 2.786416 1.385045 -0.601714 -4.591096 0.624425 -0.600000 1.229052 0.563333 -0.407784 6.757785 0.426560 -2.057312 15.578712 3.183764 -5.002307 -6.903186 6.691630 -3.346537 6.539075 8.816881 -21.671170 -19.704850 64.632574 22.038429 32.927377 10.930069 -1.718435 13.561915 -18.287619 -0.209736 6.706140 -6.206177 14.164776 -16.745240 -68.237918 -36.190268 58.113231 -23.012658 -9.863439 12.969501 19.715577 -7.448468 -4.261921 -16.973393 2.908905 -1.050014 -1.528559 12.333319 -1.834691 14.845231 0.029556 -0.750478 3.392957 19.940768 -18.979823 11.325686 -2.905070 7.620538 1.063123 2.354697 0.821180 -15.232680 -0.000000 0.000000 0.000000
-1.893250 0.924383 0.684806 -63.237340 4.710812 0.120427 -0.829232 2.937385 1.031821 -0.422172 -4.522493 0.465010 -0.421010 1.297782 0.422142 -0.284157 6.809641 0.319667 -2.088011 15.555074 3.269553 -5.092660 -6.938289 6.864325 -3.404245 6.830845 9.026475 -21.627758 -20.389336 64.451575 21.435383 31.985926 10.618246 -1.799962 13.640837 -17.957983 -0.459955 6.501236 -6.223956 13.976224 -17.044006 -67.738930 -35.986159 56.265292 -22.651992 -9.071738 12.761869 19.057835 -7.469510 -4.978371 -17.961444 2.505744 -1.215007 -1.643996 12.552458 -0.159528 15.384460 0.067657 -0.868849 4.389217 20.413871 -18.586978 10.694063 -2.649892 8.801616 0.725516 3.567683 0.801871 -14.443099 0.000000 0.000000 0.000000
-1.886858 0.926495 0.699572 -65.527281 4.740836 0.227633 -0.282709 3.090440 0.806798 -0.167631 -4.453327 0.361288 -0.167191 1.367014 0.344257 -0.099690 6.861756 0.260363 -2.174058 15.514213 3.215184 -5.236597 -7.011231 6.797273 -3.143332 7.108770 9.064810 -22.135477 -20.946274 65.117545 20.852350 31.423523 9.839681 -1.778070 13.728957 -17.945425 -0.562967 6.249694 -6.156926 13.678696 -17.304608 -67.295674 -36.166853 54.808740 -22.739043 -8.288369 12.524433 18.351501 -7.629362 -6.497648 -18.424159 0.561686 -0.710802 -1.406796 11.924209 2.893242 15.288136 0.105768 -0.497203 3.451866 19.579850 -17.955710 10.642014 -0.694945 9.875846 0.308041 4.753213 0.420033 -13.519272 -0.000000 -0.000000 -0.000000
-1.880191 0.929812 0.713626 -68.077475 4.795380 0.196957 0.378498 3.251613 0.654497 0.134250 -4.380692 0.288843 0.133879 1.439668 0.302468 0.122881 6.916427 0.228150 -2.285095 15.477722 3.077739 -5.396070 -7.080528 6.584090 -2.716896 7.387411 9.008960 -22.864160 -21.408253 66.265872 20.345434 31.120884 8.836415 -1.669786 13.841948 -18.038770 -0.601013 5.988702 -6.048884 13.294342 -17.533354 -66.878982 -36.515906 53.566265 -23.015497 -7.516364 12.275811 17.603337 -8.055069 -8.539131 -18.463238 -2.309910 0.330934 -1.013941 10.702046 6.555234 14.332956 0.072396 -0.105777 1.492773 18.016718 -17.092715 10.887803 2.216625 10.751686 -0.151099 5.977739 -0.155662 -12.394514 -0.000000 -0.000000 -0.000000
-1.874165 0.933376 0.727063 -70.516330 4.776466 0.037529 0.998699 3.404319 0.574495 0.414213 -4.312024 0.248503 0.413155 1.508256 0.290565 0.331336 6.968032 0.218490 -2.357675 15.547799 2.911222 -5.465307 -6.957552 6.295282 -2.364018 7.628881 8.930660 -23.153101 -21.697329 67.226842 19.913022 30.689991 7.994462 -1.537237 13.960156 -17.988529 -0.715010 5.838031 -5.944336 12.862259 -17.703909 -66.520285 -36.800058 52.573084 -23.116334 -6.867843 12.116936 16.852216 -9.316799 -10.730479 -18.112982 -5.294974 1.869384 -0.477285 9.377997 9.096701 12.489694 -0.000000 0.000000 -0.000000 16.839291 -16.143648 11.023254 4.767368 11.253121 -0.440926 7.099415 -0.711279 -11.393453 0.000000 -0.000000 0.000000
-1.868991 0.936996 0.739854 -72.735043 4.627764 -0.268988 1.539384 3.563866 0.581336 0.654310 -4.240431 0.247015 0.652751 1.579616 0.313467 0.512630 7.021679 0.235158 -2.367542 15.784378 2.709301 -5.394337 -6.532722 5.907109 -2.191858 7.790036 8.851191 -22.629249 -21.781322 67.716951 19.485772 29.847677 7.447714 -1.428594 14.043066 -17.755438 -1.030611 5.883070 -5.851129 12.316186 -17.815260 -66.237913 -36.885945 51.866237 -22.817904 -6.418035 12.105634 16.071488 -11.933786 -13.117976 -17.263342 -8.352981 4.087081 0.158363 8.348185 9.528306 9.956660 -0.018566 -0.028977 -0.334274 16.441205 -15.161566 10.934133 6.524726 11.313919 -0.425417 8.055352 -1.207270 -10.624464 -0.000000 0.000000 -0.000000
-1.864458 0.940864 0.752028 -74.839787 4.391318 -0.693272 2.040920 3.717951 0.663803 0.872959 -4.170996 0.279135 0.870994 1.648733 0.367789 0.680226 7.073676 0.275566 -2.342729 16.126515 2.470333 -5.240616 -5.916514 5.432173 -2.092709 7.913286 8.752953 -21.656694 -21.719557 67.998355 19.123551 28.888543 7.065696 -1.305554 14.133140 -17.380871 -1.423196 6.037667 -5.769679 11.723679 -17.873897 -66.015471 -36.921199 51.420307 -22.371996 -6.113103 12.179081 15.279350 -15.499469 -15.523601 -15.886577 -11.539733 6.871856 0.608129 7.374061 8.487499 7.179270 -0.007847 -0.028711 -0.166047 16.422938 -14.108272 10.760979 7.916236 11.032200 -0.227643 8.904276 -1.671434 -9.963060 0.000000 0.000000 -0.000000
-1.860849 0.944595 0.763769 -76.781504 4.124004 -1.151899 2.465638 3.808076 0.787172 1.055226 -4.129607 0.330122 1.052902 1.689841 0.437281 0.821698 7.104729 0.327532 -2.296717 16.498365 2.254152 -5.056199 -5.244338 4.992227 -1.981619 8.090150 8.649922 -20.679284 -21.598223 68.210876 18.991731 28.306165 6.828066 -1.109444 14.337149 -16.740183 -1.659049 6.162143 -5.731731 11.324926 -17.862938 -65.839535 -37.115505 51.176577 -22.146932 -5.857859 12.261015 14.588907 -19.116198 -17.297198 -14.310243 -14.176767 9.695303 0.812679 6.054753 6.971227 4.755318 0.000000 -0.000000 -0.000000 16.683962 -13.030237 10.534300 8.918448 10.516587 -0.013667 9.697192 -1.984525 -9.379604 -0.000000 0.000000 -0.000000
-1.858444 0.948164 0.775158 -78.514425 3.824396 -1.662839 2.791193 3.810913 0.975730 1.190006 -4.126563 0.411362 1.187380 1.692649 0.532207 0.929534 7.107092 0.398885 -2.238081 16.898254 2.081881 -4.865069 -4.516979 4.630223 -1.817951 8.390572 8.539204 -19.734413 -21.428632 68.354520 19.117835 28.264690 6.698715 -0.768467 14.751412 -15.673371 -1.624876 6.214048 -5.756570 11.174934 -17.773747 -65.727267 -37.556676 51.185485 -22.281806 -5.601024 12.342540 14.036397 -22.683901 -18.193579 -12.776615 -15.918268 12.468324 1.103957 3.870779 5.378834 2.764277 -0.000000 0.000000 0.000000 17.226631 -11.926816 10.289708 9.463496 9.765688 0.206878 10.437600 -2.070512 -8.883604 -0.000000 0.000000 0.000000
-1.856963 0.951598 0.786114 -80.083107 3.494246 -2.208176 3.037863 3.753377 1.210060 1.287421 -4.150046 0.514044 1.284534 1.668931 0.644775 1.010738 7.089547 0.483708 -2.157847 17.329838 1.932052 -4.643434 -3.729558 4.303457 -1.643344 8.745011 8.421751 -18.788250 -21.195898 68.434152 19.454240 28.606438 6.702332 -0.329025 15.262210 -14.331137 -1.433257 6.234412 -5.820721 11.218788 -17.617556 -65.668672 -38.172699 51.383697 -22.660049 -5.380424 12.435672 13.591484 -26.189126 -18.471272 -11.274209 -17.075309 15.299138 1.372460 1.331247 3.476693 1.257724 0.000000 0.000000 0.000000 18.044399 -10.802252 10.018315 9.613847 8.801717 0.464415 11.127934 -2.002062 -8.460493 0.000000 0.000000 0.000000
-1.855848 0.954591 0.796574 -81.577576 3.204954 -2.656768 3.232378 3.649541 1.390239 1.364650 -4.194368 0.593467 1.361470 1.624418 0.732039 1.074935 7.056372 0.549505 -2.039476 17.726289 1.804756 -4.363670 -3.007490 4.009697 -1.495214 9.036103 8.316962 -18.176303 -20.947100 68.595109 20.050640 29.341211 6.911042 0.076897 15.666736 -13.059466 -1.188725 6.208499 -5.887071 11.531544 -17.403475 -65.610714 -38.936746 51.533663 -23.258060 -5.216772 12.497970 13.273360 -28.782237 -18.379024 -9.849253 -17.970714 17.859721 1.229233 -0.604519 1.615563 0.279130 -0.000000 -0.000000 0.000000 19.016204 -9.706820 9.679539 9.547651 7.762322 0.650265 11.819970 -1.886608 -8.048592 0.000000 -0.000000 -0.000000
-1.855092 0.957039 0.806488 -83.022551 2.992273 -2.959728 3.385211 3.477740 1.476713 1.428524 -4.269577 0.632134 1.424988 1.549061 0.777187 1.126006 7.000005 0.583575 -1.868806 18.076967 1.707833 -4.001876 -2.370463 3.758942 -1.387263 9.222315 8.229375 -18.115728 -20.669582 68.922737 21.011378 30.619852 7.422085 0.392768 15.890731 -11.998758 -0.910804 6.118744 -5.935776 12.212875 -17.108653 -65.533246 -39.935779 51.558859 -24.165834 -5.108953 12.516891 13.126614 -30.073664 -17.978426 -8.518369 -18.985179 20.010229 0.509005 -1.618969 0.209125 -0.540038 0.000000 -0.000000 0.000000 20.283325 -8.635834 9.223391 9.157995 6.606584 0.734622 12.514053 -1.729095 -7.635186 -0.000000 0.000000 -0.000000
-1.854703 0.959047 0.815905 -84.396270 2.830089 -3.171520 3.487019 3.256500 1.511812 1.472619 -4.367319 0.648811 1.468727 1.451196 0.798330 1.160523 6.926691 0.599599 -1.657079 18.393775 1.637720 -3.577060 -1.795508 3.548016 -1.303617 9.345053 8.157354 -18.388154 -20.373576 69.320641 22.278370 32.275025 8.207369 0.666241 16.009031 -11.015499 -0.579016 5.982611 -5.982149 13.159217 -16.757706 -65.441681 -41.076004 51.519958 -25.289166 -5.047328 12.507757 13.113592 -30.417980 -17.313442 -7.286334 -19.764648 21.834098 -0.401941 -2.098706 -0.940181 -1.182596 -0.000000 0.000000 -0.000000 21.690606 -7.587086 8.714914 8.555432 5.379238 0.765442 13.210654 -1.525255 -7.231198 0.000000 -0.000000 -0.000000
-1.854146 0.960630 0.824912 -85.720592 2.699637 -3.317285 3.536594 3.057980 1.515764 1.495051 -4.455350 0.651883 1.490875 1.363107 0.803675 1.177665 6.860663 0.603734 -1.424884 18.643076 1.578453 -3.122986 -1.345272 3.355207 -1.236639 9.411549 8.112069 -18.674783 -20.144755 69.665355 23.646141 33.839756 9.130201 0.893997 16.055775 -10.052188 -0.238638 5.837064 -6.045376 14.142827 -16.428797 -65.328600 -42.044711 51.399808 -26.306737 -5.040207 12.468115 13.130781 -30.122188 -16.625963 -6.106646 -19.535874 23.327406 -1.021163 -2.112161 -2.328077 -1.200067 -0.000000 0.000000 -0.000000 22.674550 -6.616075 8.262711 8.248486 4.333230 0.725720 13.959892 -1.370948 -6.813331 0.000000 -0.000000 0.000000
-1.853135 0.961693 0.833511 -87.041789 2.604593 -3.389495 3.541257 2.903396 1.479862 1.499399 -4.524322 0.637147 1.495022 1.294124 0.789377 1.179809 6.808905 0.593042 -1.163549 18.803909 1.532318 -2.623909 -1.058936 3.181628 -1.182179 9.398837 8.107521 -18.927224 -20.018255 69.920639 25.096797 35.142196 10.176087 1.056980 16.028909 -9.027019 0.145018 5.660479 -6.139438 15.143988 -16.141475 -65.161284 -42.874979 51.166115 -27.241638 -5.121528 12.385473 13.142724 -29.132381 -16.089701 -4.960150 -17.696121 24.684634 -1.098091 -1.604710 -4.374588 -0.507880 -0.000000 0.000000 -0.000000 22.908909 -5.739551 7.914121 8.515561 3.572927 0.545750 14.844939 -1.284736 -6.354762 0.000000 0.000000 -0.000000
-1.851957 0.962330 0.841698 -88.314320 2.546093 -3.398361 3.494581 2.769290 1.410842 1.482525 -4.584638 0.607777 1.478040 1.233843 0.758284 1.164844 6.763614 0.569696 -0.880698 18.897611 1.499863 -2.092252 -0.895983 3.029184 -1.144513 9.331639 8.132706 -19.194093 -19.962312 70.128364 26.652335 36.338825 11.365686 1.159526 15.931896 -8.026831 0.537665 5.472979 -6.250303 16.183955 -15.877317 -64.976641 -43.524652 50.862238 -28.061081 -5.257528 12.273096 13.185837 -27.511451 -15.571004 -3.841200 -14.763867 25.784089 -0.775641 -0.615679 -6.723187 0.522916 0.000000 0.000000 -0.000000 22.723247 -4.945060 7.599418 9.083506 2.980136 0.271906 15.782158 -1.250987 -5.885489 -0.000000 0.000000 -0.000000
-1.850938 0.962839 0.849549 -89.421749 2.498705 -3.394048 3.374108 2.662788 1.349375 1.432349 -4.632799 0.581954 1.427902 1.185821 0.727372 1.125016 6.727493 0.546535 -0.622219 18.953316 1.460635 -1.604843 -0.801570 2.873739 -1.129347 9.288281 8.158377 -19.303825 -19.964592 70.295465 28.123702 37.477059 12.549802 1.238604 15.814392 -7.243315 0.789562 5.374050 -6.361173 17.101213 -15.651609 -64.889291 -43.591010 50.606458 -28.374237 -5.356158 12.165402 13.263176 -25.743971 -14.826012 -2.723140 -11.654637 26.149108 -0.268402 0.687650 -8.710540 1.818257 -0.000000 0.000000 0.000000 22.542851 -4.248075 7.249841 9.632493 2.474732 0.047041 16.568797 -1.311346 -5.467693 -0.000000 -0.000000 -0.000000
-1.850210 0.963329 0.857028 -90.343073 2.464320 -3.403202 3.161312 2.583636 1.304423 1.340159 -4.668892 0.563745 1.335912 1.149970 0.699811 1.054031 6.700463 0.525957 -0.401377 18.973252 1.420973 -1.187498 -0.771756 2.730487 -1.130740 9.312863 8.181645 -19.136466 -20.052992 70.409777 29.412849 38.532870 13.667730 1.304985 15.685350 -6.776810 0.825740 5.418457 -6.482476 17.926996 -15.465804 -64.957236 -42.914299 50.409867 -28.011290 -5.378001 12.066212 13.460731 -24.081385 -13.682497 -1.531274 -8.521829 25.399172 0.268107 2.413219 -10.156850 3.715924 0.000000 -0.000000 0.000000 22.499711 -3.631801 6.856173 10.094545 1.979345 -0.084703 17.132399 -1.489456 -5.119431 -0.000000 0.000000 -0.000000
-1.849643 0.963692 0.864170 -91.099350 2.441268 -3.400176 2.874409 2.532768 1.264916 1.214634 -4.692566 0.548083 1.210725 1.126573 0.671402 0.958066 6.682730 0.504763 -0.204540 18.954924 1.375455 -0.812804 -0.811777 2.584718 -1.155071 9.361157 8.202363 -18.812042 -20.199286 70.490975 30.602029 39.544218 14.748959 1.352542 15.548957 -6.525790 0.719051 5.549611 -6.613312 18.632172 -15.317134 -65.134141 -41.677650 50.249734 -27.167946 -5.363218 11.970170 13.691143 -22.258777 -12.327828 -0.321868 -5.277753 23.907126 0.734091 4.419488 -11.431755 5.970459 0.000000 0.000000 0.000000 22.461531 -3.110327 6.440452 10.538237 1.575792 -0.172388 17.541448 -1.756656 -4.821097 0.000000 -0.000000 0.000000
-1.849167 0.963895 0.871155 -91.637090 2.397598 -3.355288 2.545759 2.520792 1.240387 1.069697 -4.698945 0.539016 1.066240 1.120476 0.647619 0.847962 6.677966 0.487069 -0.037603 18.919245 1.284378 -0.478647 -0.883077 2.365164 -1.226212 9.376886 8.194774 -18.519349 -20.305574 70.591404 31.777623 40.664215 15.776937 1.401768 15.450000 -6.375248 0.541084 5.701984 -6.720253 18.964993 -15.213331 -65.379097 -39.996254 50.191606 -26.007432 -5.337599 11.898419 13.697600 -19.998638 -11.052303 0.746575 -2.473298 22.318618 1.032457 6.200444 -12.513706 7.837264 0.000000 -0.000000 -0.000000 22.457508 -2.741444 5.993595 10.848624 1.429675 -0.207803 17.804699 -2.072634 -4.577103 0.000000 0.000000 -0.000000
-1.848796 0.963981 0.877942 -91.919548 2.310789 -3.273372 2.166689 2.559071 1.234409 0.901278 -4.682971 0.538224 0.898391 1.136751 0.629735 0.720757 6.689985 0.473855 0.100955 18.863768 1.137927 -0.179120 -0.990542 2.053171 -1.370650 9.314142 8.147997 -18.273749 -20.322734 70.731595 32.972409 42.027793 16.734962 1.468863 15.418411 -6.305812 0.304645 5.842979 -6.776019 18.791541 -15.142949 -65.698487 -37.620536 50.177364 -24.401171 -5.312013 11.866404 13.488706 -17.038488 -9.915244 1.668383 -0.265331 20.750423 1.194395 7.488761 -13.273233 9.586515 -0.000000 -0.000000 -0.000000 22.504711 -2.517734 5.531958 10.968628 1.549463 -0.181679 17.928304 -2.401814 -4.385327 0.000000 -0.000000 -0.000000
-1.848516 0.963909 0.884572 -91.983708 2.203459 -3.149789 1.745538 2.636295 1.240912 0.713393 -4.649725 0.543128 0.711136 1.170270 0.615568 0.579256 6.714927 0.463478 0.209954 18.789404 0.946102 0.081105 -1.132230 1.667142 -1.560810 9.216247 8.076321 -18.059493 -20.299662 70.887194 34.170819 43.507344 17.651484 1.537595 15.427025 -6.336112 -0.003714 6.006931 -6.807876 18.243798 -15.132537 -66.080711 -34.788333 50.199931 -22.497326 -5.281340 11.863943 13.054425 -13.665015 -8.871715 2.494218 1.528616 19.076114 1.205066 8.556577 -13.762019 11.070210 0.000000 -0.000000 -0.000000 22.590353 -2.440540 5.046396 10.961167 1.929985 -0.102213 17.906979 -2.777068 -4.246085 -0.000000 0.000000 -0.000000
-1.848219 0.963520 0.891341 -91.886756 2.111518 -2.940341 1.340155 2.728577 1.255580 0.532053 -4.609754 0.551650 0.530389 1.210428 0.605671 0.442948 6.744849 0.456323 0.278939 18.721827 0.697561 0.287015 -1.259755 1.189490 -1.739886 9.160527 7.991028 -18.018328 -20.287554 71.040700 35.383132 44.859926 18.576997 1.580457 15.432021 -6.407338 -0.351829 6.228837 -6.861243 17.469530 -15.243138 -66.450757 -32.296574 50.465379 -20.818414 -5.260384 11.880487 12.107639 -10.439548 -8.029093 3.123415 2.911572 17.554469 1.099710 9.779169 -13.839333 10.934162 -0.000000 -0.000000 -0.000000 22.701252 -2.580353 4.488700 10.895070 2.716186 0.014831 17.733433 -3.261068 -4.166848 -0.000000 -0.000000 -0.000000
-1.847845 0.962772 0.898454 -91.646594 2.053119 -2.597323 0.971819 2.825664 1.258064 0.367807 -4.567606 0.554671 0.366670 1.252695 0.592015 0.319134 6.776378 0.446323 0.310280 18.685445 0.397655 0.441014 -1.327867 0.629363 -1.897709 9.229568 7.884730 -18.239567 -20.359509 71.243238 36.597420 46.031594 19.523992 1.586512 15.423158 -6.545183 -0.813280 6.563970 -6.970336 16.459668 -15.539091 -66.764681 -30.191071 51.090275 -19.347693 -5.292162 11.912644 10.374548 -7.235456 -7.486941 3.501462 3.727235 16.316224 0.942700 11.668881 -12.919675 7.982267 -0.000000 0.000000 -0.000000 22.958314 -2.886112 3.759107 10.702395 3.820362 0.194600 17.396271 -3.906263 -4.133482 0.001377 0.118375 -0.044019
-1.847453 0.961708 0.905706 -91.245438 2.006969 -2.168876 0.618671 2.936106 1.269824 0.209800 -4.519443 0.561872 0.209150 1.300946 0.583182 0.200329 6.812421 0.439985 0.300179 18.656750 0.039723 0.537883 -1.380496 -0.024034 -2.046837 9.340820 7.762034 -18.633359 -20.445446 71.447090 37.801307 47.082115 20.453280 1.566217 15.410881 -6.723247 -1.318284 6.953170 -7.101809 15.222151 -15.963071 -67.042853 -28.343935 52.007547 -18.034569 -5.422610 11.975845 8.114688 -4.186393 -7.091271 3.645123 4.146652 15.191304 0.774781 13.597078 -10.986727 3.680309 0.000000 -0.000000 -0.000000 23.254025 -3.397914 2.951535 10.466072 5.330789 0.421908 16.906510 -4.659859 -4.151358 0.002662 0.236719 -0.088121
-1.847112 0.960309 0.912773 -90.686960 1.950083 -1.754547 0.274107 3.064577 1.350116 0.051971 -4.463197 0.599669 0.051766 1.357233 0.604945 0.083895 6.854478 0.456769 0.229604 18.589605 -0.405369 0.552586 -1.502923 -0.818237 -2.162738 9.325416 7.652262 -19.072856 -20.387814 71.482489 38.983218 47.939357 21.318159 1.527092 15.381296 -6.803631 -1.617761 7.262710 -7.195738 13.934704 -16.383362 -67.322327 -27.299962 53.233681 -17.317936 -5.653977 12.072555 5.844844 -2.244168 -6.559450 3.546732 4.658006 13.983130 0.635302 14.419020 -9.088374 0.444119 -0.000000 -0.000000 -0.000000 23.236002 -4.337275 2.304151 10.486815 7.651892 0.631098 16.290747 -5.428041 -4.253014 -0.000000 -0.000000 -0.000000
-1.846863 0.958325 0.919321 -89.866468 1.887089 -1.338926 -0.086920 3.203808 1.506395 -0.117231 -4.402349 0.671588 -0.116995 1.418049 0.659669 -0.038616 6.899864 0.498507 0.069075 18.463966 -0.973977 0.443886 -1.732087 -1.811034 -2.279759 9.025480 7.550670 -19.614918 -19.992497 71.360902 40.197011 48.624004 22.069971 1.463019 15.312935 -6.679792 -1.561385 7.412668 -7.187562 12.513668 -16.734661 -67.575313 -27.510791 55.017666 -17.556934 -6.009886 12.202209 3.431711 -2.184396 -5.657160 3.129361 5.589045 12.354536 0.507959 13.424411 -7.913088 -0.983649 -0.000215 0.006326 0.036459 22.710446 -5.928317 1.844846 10.882573 11.191683 0.864405 15.538179 -6.433243 -4.470898 -0.006381 -0.576939 0.342545
-1.846665 0.956007 0.925685 -88.888846 1.809509 -0.938362 -0.439279 3.358832 1.732672 -0.286381 -4.334686 0.774849 -0.285732 1.485645 0.745759 -0.158782 6.950271 0.563999 -0.150116 18.301207 -1.629070 0.257998 -2.028850 -2.944758 -2.355956 8.600286 7.461838 -20.212363 -19.464188 71.067464 41.358858 49.123701 22.727289 1.382416 15.225586 -6.457735 -1.295458 7.492049 -7.138135 11.049824 -17.086644 -67.848827 -28.738923 57.128336 -18.562509 -6.511592 12.327645 1.013746 -3.244010 -4.639960 2.442222 6.594712 10.617566 0.444465 11.491004 -7.169623 -1.639757 -0.000177 0.013325 0.072784 21.880832 -7.962313 1.541958 11.574993 15.533838 1.161542 14.656235 -7.458705 -4.744895 -0.015713 -1.507893 0.819561
-1.846463 0.954086 0.932542 -88.072307 1.682662 -0.700587 -0.713618 3.555434 2.067299 -0.426884 -4.248579 0.926009 -0.425963 1.571692 0.882656 -0.253853 7.014449 0.667875 -0.355009 18.116426 -2.289234 0.102876 -2.365103 -4.093718 -2.256047 8.359769 7.429408 -20.583114 -19.241269 70.399171 42.240007 49.316255 23.328113 1.315169 15.168236 -6.318046 -1.016151 7.623394 -7.172979 9.985216 -17.499007 -68.305631 -30.429120 58.877457 -19.868403 -6.978536 12.406513 -0.468348 -4.052275 -3.958185 1.695902 7.156994 9.561264 0.595781 10.052435 -6.789711 -1.943461 -0.000000 0.000000 -0.000000 20.960873 -10.020009 1.558621 12.544801 19.847318 1.438051 13.691770 -7.750345 -4.977711 -0.033501 -3.191246 1.202615
-1.846201 0.952747 0.940199 -87.567290 1.451241 -0.800348 -0.857534 3.859478 2.620453 -0.521921 -4.114615 1.173607 -0.520956 1.705621 1.120581 -0.307657 7.114355 0.848094 -0.532721 17.871646 -2.967310 0.008587 -2.809822 -5.287041 -1.832804 8.498151 7.499232 -20.590816 -19.608645 69.018206 42.914798 48.937798 24.066656 1.288560 15.174008 -6.368288 -0.782494 7.896867 -7.381354 9.619287 -18.097620 -69.144279 -32.457683 60.091992 -21.330168 -7.150709 12.497137 -0.488312 -4.008012 -3.850765 0.977937 7.008959 9.742917 1.215169 9.666627 -6.921744 -1.860543 -0.000132 -0.028530 -0.318891 19.683698 -12.044580 2.206797 14.080695 24.075360 1.618609 12.630804 -6.742626 -5.139213 -0.070393 -6.204641 1.381236
-1.845936 0.951805 0.948349 -87.221543 1.178949 -1.063110 -0.920245 4.207233 3.282291 -0.587705 -3.961047 1.468856 -0.586796 1.859126 1.409136 -0.335979 7.228723 1.066647 -0.694874 17.605976 -3.650614 -0.050650 -3.289497 -6.498052 -1.244276 8.831566 7.625223 -20.370779 -20.246383 67.251733 43.295581 48.254646 24.725967 1.272393 15.210959 -6.501531 -0.545593 8.226954 -7.673832 9.661527 -18.722758 -70.183916 -34.886780 60.927700 -23.030839 -7.134749 12.579501 0.429273 -3.688682 -4.062581 0.201650 6.453816 10.618973 2.091296 9.763718 -7.425236 -1.389067 0.000257 -0.077788 -0.746773 18.232856 -14.063293 3.228212 15.894999 28.279279 1.824641 11.477570 -4.999541 -5.269701 -0.125491 -9.971092 1.478762
-1.845780 0.951438 0.956744 -86.901874 1.011357 -1.111734 -0.988782 4.433293 3.759207 -0.645847 -3.861536 1.681758 -0.644927 1.958529 1.616153 -0.364486 7.302573 1.223547 -0.809347 17.449371 -4.220320 -0.062270 -3.565224 -7.514979 -0.814189 9.095468 7.715256 -20.036926 -20.702029 65.907959 42.933396 47.940652 24.760066 1.212500 15.229833 -6.575515 -0.332143 8.465331 -7.905636 9.649720 -19.017210 -70.994680 -37.147535 61.235694 -24.559706 -7.229891 12.517564 1.652660 -3.482234 -4.272953 -0.656126 5.808644 11.328641 2.672768 10.067419 -7.795165 -0.931100 0.001610 -0.188067 -0.980804 17.556548 -15.829629 3.873588 17.034163 31.811994 2.132392 10.309636 -3.457961 -5.396747 -0.186154 -13.157371 1.614034
-1.845711 0.951845 0.965436 -86.602502 1.016906 -0.712157 -1.091567 4.457719 3.889628 -0.698891 -3.851671 1.740799 -0.697872 1.968304 1.669830 -0.400227 7.309592 1.264328 -0.862621 17.480416 -4.614904 -0.029353 -3.494766 -8.224257 -0.682954 9.181510 7.735067 -19.425096 -20.804901 65.321672 41.320175 48.286111 23.696424 1.133514 15.180642 -6.539314 -0.134057 8.525381 -8.011640 9.318885 -18.766323 -71.367733 -38.732442 60.738210 -25.461433 -7.574505 12.195726 3.262307 -3.547029 -4.435836 -1.670581 5.044963 11.622483 2.675155 10.646876 -7.842130 -0.619125 0.003139 -0.417841 -0.867865 18.326833 -17.278777 3.666122 16.918447 34.515474 2.445095 9.045174 -2.514686 -5.618155 -0.263547 -15.305409 1.956584
-1.845751 0.952827 0.974373 -86.329264 1.122634 -0.096296 -1.201647 4.362194 3.833632 -0.744057 -3.894963 1.716886 -0.742916 1.924966 1.641323 -0.436000 7.277057 1.242798 -0.872073 17.620478 -4.896158 0.039115 -3.223564 -8.734965 -0.705195 9.188166 7.719695 -18.690450 -20.743392 65.166798 38.891702 48.938720 21.954818 1.014467 15.114056 -6.440944 0.052174 8.487862 -8.056614 8.917899 -18.195580 -71.504607 -39.974437 59.747875 -26.008434 -8.070027 11.756551 5.176361 -3.728355 -4.606140 -2.765151 4.167984 11.742091 2.381354 11.436117 -7.762761 -0.322706 0.003467 -0.708659 -0.560807 19.973563 -18.467040 2.992527 16.029789 36.552607 2.703206 7.770445 -1.773584 -5.852104 -0.347223 -16.870777 2.336307
-1.846078 0.953967 0.983161 -85.969660 1.260317 0.414037 -1.327290 4.223769 3.779238 -0.795904 -3.957420 1.693716 -0.794595 1.862453 1.612875 -0.476704 7.230129 1.221271 -0.853153 17.763653 -5.130418 0.142762 -2.945885 -9.167737 -0.770666 9.154254 7.679686 -18.424918 -20.641726 65.278757 36.659744 49.660165 20.362075 0.733517 15.129742 -6.287873 0.201206 8.451547 -8.089995 8.743530 -17.629341 -71.565816 -41.541204 59.004197 -26.857086 -8.636232 11.418576 6.530396 -3.958088 -4.610717 -3.731681 3.507330 11.549242 2.104837 11.953921 -7.622335 -0.039581 0.001746 -0.927044 -0.215780 21.616264 -19.407045 2.369728 14.980613 37.756906 2.978080 6.826914 -0.979522 -5.866214 -0.367523 -17.897054 2.333701
-1.846784 0.955278 0.991621 -85.446723 1.422065 0.676527 -1.490836 4.054029 3.798826 -0.868358 -4.034239 1.703687 -0.866793 1.785523 1.615488 -0.530460 7.172231 1.223234 -0.812276 17.895984 -5.331639 0.275446 -2.687663 -9.546702 -0.859779 9.076412 7.607143 -18.941900 -20.551481 65.715082 34.931843 50.574114 19.132399 0.126990 15.318852 -6.021187 0.286699 8.455223 -8.128326 8.979369 -17.136638 -71.596642 -43.839499 58.749220 -28.366554 -9.295626 11.248923 6.967518 -4.247019 -4.352708 -4.454834 3.260846 10.921183 1.961068 11.931189 -7.412313 0.216678 -0.001166 -1.024196 0.138299 23.139002 -20.117464 1.896782 13.774459 37.953983 3.317356 6.412847 0.043306 -5.503211 -0.277934 -18.554187 1.696920
-1.847778 0.956747 0.999933 -84.837961 1.617039 0.835062 -1.670501 3.841760 3.819140 -0.947670 -4.130094 1.713936 -0.945790 1.689541 1.617687 -0.589305 7.100029 1.224825 -0.741315 18.031351 -5.484912 0.446607 -2.423628 -9.846715 -0.991351 8.958042 7.509345 -19.926980 -20.420404 66.412056 33.398076 51.601707 18.016100 -0.647898 15.596030 -5.715391 0.334746 8.458567 -8.154854 9.442936 -16.646193 -71.541454 -46.511652 58.695326 -30.236926 -10.000855 11.137487 6.848358 -4.594489 -3.926087 -5.046336 3.223810 9.978570 1.832463 11.638131 -7.130280 0.461446 -0.004184 -1.049037 0.530098 24.628951 -20.599043 1.494627 12.386608 37.309510 3.634251 6.332216 1.114292 -4.920001 -0.108341 -18.663389 0.658701
-1.848953 0.957919 1.008233 -84.264359 1.803023 0.995854 -1.810011 3.629823 3.809844 -1.007517 -4.225395 1.710535 -1.005337 1.594141 1.608219 -0.634434 7.028354 1.217531 -0.633196 18.106367 -5.613970 0.681902 -2.268972 -10.116810 -1.113979 8.849885 7.420082 -21.026792 -20.222873 67.018714 32.281796 52.282445 17.284799 -1.231965 15.783102 -5.570291 0.397285 8.442956 -8.168927 9.881437 -16.271510 -71.406652 -49.095255 58.785910 -32.155680 -10.526450 11.014060 6.393252 -4.918495 -3.436810 -5.640687 3.125808 8.958211 1.692338 11.399293 -6.846788 0.743759 -0.005839 -1.014956 0.889607 25.473523 -20.915382 1.451957 11.424036 36.174828 3.845156 6.332587 1.959566 -4.367265 0.071900 -17.755809 -0.460305
-1.850292 0.958695 1.016569 -83.777990 1.973707 1.219357 -1.879655 3.426463 3.748254 -1.033582 -4.316173 1.683207 -1.031165 1.503318 1.578254 -0.655818 6.960267 1.194671 -0.498752 18.080992 -5.726829 0.967437 -2.298586 -10.369776 -1.213284 8.770020 7.347495 -22.295048 -19.969343 67.460917 31.885183 52.477446 17.265204 -1.481897 15.796977 -5.681772 0.506787 8.392772 -8.169866 10.232018 -16.072139 -71.187781 -51.594854 59.075305 -34.183354 -10.759679 10.840533 5.517245 -5.164056 -2.894433 -6.316648 2.833728 7.873348 1.542707 11.349875 -6.560080 1.100964 -0.004647 -0.893610 1.178010 25.381029 -21.088061 1.886340 11.281608 34.594508 4.009996 6.319219 2.407966 -3.953299 0.190894 -15.318860 -1.815307
-1.851814 0.959175 1.024895 -83.326697 2.135331 1.444339 -1.908915 3.224588 3.656608 -1.040178 -4.405878 1.642119 -1.037574 1.413600 1.536501 -0.663536 6.893096 1.162861 -0.327042 17.994891 -5.816714 1.318588 -2.438409 -10.595587 -1.304240 8.700882 7.283387 -23.673266 -19.649708 67.806066 31.970762 52.351640 17.718857 -1.531008 15.713314 -5.939767 0.630511 8.323162 -8.158779 10.558069 -15.993190 -70.894492 -54.085675 59.502877 -36.333610 -10.820261 10.655448 4.301138 -5.390017 -2.289317 -6.995523 2.480344 6.712417 1.391280 11.354389 -6.275081 1.496655 -0.000774 -0.713416 1.434048 24.631332 -21.112818 2.703963 11.610279 32.542957 4.094414 6.375232 2.633806 -3.575839 0.210124 -11.866856 -3.196013
-1.853472 0.959202 1.033211 -82.875292 2.264174 1.593101 -1.930342 3.043641 3.572623 -1.043934 -4.486227 1.604395 -1.041174 1.333244 1.498395 -0.668910 6.832943 1.133832 -0.078626 17.904411 -5.885128 1.804367 -2.579391 -10.808584 -1.379999 8.639604 7.237520 -24.640978 -19.228035 67.928701 31.993792 51.899601 18.123292 -1.434220 15.584379 -6.221486 0.722616 8.261969 -8.137493 10.797237 -15.973592 -70.560997 -56.144779 59.894895 -38.153916 -10.827039 10.520998 3.214495 -5.680170 -1.700447 -7.578777 2.199654 5.675581 1.227617 11.328500 -6.076276 1.871014 0.003480 -0.572749 1.704063 23.472508 -21.019551 3.877534 11.933232 30.269044 3.909977 6.516239 2.890307 -3.182383 0.166227 -8.496584 -3.766950
-1.855296 0.958669 1.041391 -82.457342 2.336544 1.633415 -1.936083 2.902095 3.506120 -1.041973 -4.548977 1.574446 -1.039105 1.270503 1.468650 -0.669452 6.785989 1.111169 0.266532 17.816932 -5.930054 2.460622 -2.706128 -11.010964 -1.424884 8.617518 7.213926 -24.902664 -18.654851 67.749156 31.767802 50.896096 18.282931 -1.143631 15.395335 -6.537696 0.764282 8.216897 -8.099811 10.890620 -16.000088 -70.188417 -57.497884 60.225197 -39.379931 -10.803901 10.475104 2.384022 -6.063547 -1.134777 -8.007961 2.057904 4.811478 1.018164 11.263188 -5.990106 2.191134 0.006069 -0.514749 2.018750 21.863635 -20.791543 5.510309 12.220010 27.836727 3.375977 6.812075 3.267609 -2.743276 0.116274 -5.291006 -2.883385
-1.857257 0.957684 1.049561 -82.039974 2.378179 1.596519 -1.934756 2.781304 3.447780 -1.037469 -4.602475 1.548132 -1.034511 1.217014 1.442799 -0.667831 6.745966 1.091475 0.687761 17.722991 -5.953518 3.250666 -2.837540 -11.199609 -1.454788 8.603012 7.209063 -24.761793 -17.983320 67.368493 31.504583 49.562965 18.420114 -0.704644 15.168885 -6.874066 0.774127 8.180092 -8.051985 10.896615 -16.083792 -69.778929 -58.377871 60.569479 -40.232600 -10.725333 10.490235 1.681522 -6.502476 -0.586698 -8.344730 1.991881 4.069267 0.791075 11.163930 -5.988786 2.490347 0.007403 -0.495972 2.347454 19.864666 -20.395270 7.484013 12.605228 25.179752 2.654158 7.185497 3.683085 -2.273360 0.060359 -2.173549 -1.230889
-1.859218 0.956418 1.058103 -81.488602 2.440137 1.500530 -1.984080 2.644563 3.406397 -1.056263 -4.663501 1.529594 -1.053129 1.155947 1.422350 -0.683198 6.700182 1.075876 1.164215 17.653713 -5.961239 4.135072 -2.915810 -11.376912 -1.510910 8.498775 7.220258 -24.595931 -17.337583 66.931887 31.250763 48.565862 18.622132 -0.327646 15.005193 -7.079071 0.762793 8.156492 -8.014132 10.929990 -16.199092 -69.367241 -59.072193 60.924312 -40.939578 -10.627201 10.525734 1.197965 -6.977154 -0.115523 -8.669098 1.941730 3.499822 0.621998 10.966978 -6.073075 2.808111 0.008647 -0.485016 2.644474 17.874090 -19.865616 9.443153 12.844296 22.331788 1.915409 7.431924 4.129518 -1.799065 -0.000000 0.000000 0.000000
-1.861151 0.954907 1.067040 -80.754065 2.546282 1.339168 -2.116183 2.473314 3.385687 -1.112699 -4.740519 1.520584 -1.109236 1.078819 1.407610 -0.726222 6.642252 1.064603 1.721999 17.633001 -5.951827 5.158671 -2.893341 -11.546522 -1.610991 8.252492 7.251175 -24.440124 -16.736547 66.417837 31.018301 48.137917 18.945122 -0.088063 14.934151 -7.072792 0.726924 8.150981 -7.996143 11.060110 -16.344030 -68.966454 -59.650589 61.326902 -41.568441 -10.506978 10.567986 1.013457 -7.504913 0.245199 -8.999830 1.920977 3.133909 0.558665 10.645064 -6.252638 3.163077 0.010566 -0.464308 2.873767 15.824931 -19.203649 11.402670 12.986182 19.251283 1.131308 7.462347 4.718239 -1.322222 -0.038309 0.630482 0.274037
-1.863084 0.953115 1.076350 -79.885914 2.675810 1.120328 -2.299783 2.286579 3.381027 -1.192749 -4.824825 1.518848 -1.188847 0.994353 1.397757 -0.786494 6.578755 1.057023 2.335986 17.634388 -5.924132 6.277339 -2.822430 -11.698152 -1.739884 7.916823 7.295876 -24.257701 -16.159455 65.847340 30.789347 48.046889 19.321482 0.082564 14.920267 -6.941021 0.670224 8.159317 -7.988010 11.216468 -16.522543 -68.563772 -60.036691 61.747299 -42.043736 -10.363621 10.627144 1.049385 -8.066315 0.533070 -9.315711 1.918316 2.940498 0.551306 10.222766 -6.514847 3.539159 0.012438 -0.451652 3.071387 13.803456 -18.416652 13.343479 13.012770 15.961629 0.352237 7.362903 5.339313 -0.872242 -0.025504 0.315881 0.134678
-1.864964 0.951113 1.086346 -78.897501 2.812331 0.883957 -2.497316 2.103909 3.388141 -1.279605 -4.907481 1.522279 -1.275220 0.911507 1.392373 -0.851508 6.516440 1.052806 2.908129 17.615141 -5.885464 7.317916 -2.792793 -11.816732 -1.889378 7.552130 7.336199 -24.310324 -15.678737 65.408728 30.545605 48.262292 19.633040 0.184414 14.959010 -6.782412 0.613991 8.172589 -7.979839 11.304853 -16.718704 -68.154933 -60.300089 62.071124 -42.381757 -10.234451 10.695987 1.158913 -8.588746 0.796423 -9.634115 1.835908 2.880470 0.530891 9.714726 -6.825771 3.924272 0.013871 -0.468799 3.299752 12.407100 -17.628952 14.887981 12.502080 12.577417 -0.174377 7.202678 5.648659 -0.520265 0.000000 0.000000 0.000000
-1.866825 0.948885 1.097150 -77.760943 2.958565 0.638528 -2.717616 1.921848 3.409544 -1.377270 -4.990120 1.531998 -1.372336 0.828632 1.392172 -0.924191 6.454060 1.052489 3.419557 17.565061 -5.844444 8.249380 -2.824328 -11.914204 -2.069422 7.164012 7.351437 -24.770338 -15.350729 65.196645 30.358355 48.975208 19.915786 0.202665 15.088162 -6.567287 0.557974 8.201889 -7.977256 11.280921 -16.930261 -67.721957 -60.404094 62.263261 -42.548470 -10.133935 10.777932 1.326320 -9.049787 1.055653 -9.953053 1.655998 2.947293 0.482558 9.079998 -7.198720 4.294935 0.015153 -0.507044 3.596082 11.820384 -16.801079 15.870977 10.918464 8.877247 -0.338122 6.924183 5.426448 -0.276189 -0.000000 0.000000 0.000000
-1.868634 0.946446 1.108640 -76.504247 3.114262 0.376924 -2.952072 1.743718 3.441929 -1.481771 -5.071180 1.546536 -1.476237 0.747309 1.396107 -1.001656 6.392816 1.055284 3.887868 17.494746 -5.795123 9.101418 -2.897479 -11.984583 -2.270441 6.747376 7.360350 -25.460952 -15.122715 65.100457 30.161451 49.994926 20.132160 0.155665 15.271450 -6.324100 0.502653 8.236136 -7.974221 11.188809 -17.158361 -67.283983 -60.368208 62.361153 -42.563339 -10.049202 10.867697 1.567844 -9.471523 1.293221 -10.272912 1.400525 3.151063 0.425488 8.356956 -7.615701 4.679934 0.015732 -0.574850 3.923236 11.826899 -16.027872 16.492895 8.733612 5.053442 -0.195744 6.610216 4.887308 -0.116821 0.000000 -0.000000 0.000000
-1.870226 0.943918 1.120770 -75.224237 3.256623 0.114237 -3.136218 1.598452 3.472880 -1.564057 -5.137263 1.560288 -1.558030 0.681012 1.401521 -1.062461 6.342888 1.059209 4.268295 17.394142 -5.726255 9.790312 -3.040583 -11.993698 -2.454178 6.345621 7.403936 -26.120319 -14.905932 65.001583 29.699067 50.718697 20.031880 0.085456 15.390651 -6.239028 0.469787 8.232195 -7.943813 11.068366 -17.391779 -66.893218 -60.346103 62.355845 -42.525041 -9.977070 10.948591 1.784077 -9.848825 1.499438 -10.615512 1.030413 3.480613 0.342150 7.681813 -7.997279 5.143153 0.013527 -0.719594 4.232221 12.399500 -15.660059 16.925664 6.968020 1.856049 0.070610 6.545002 4.338350 -0.049594 0.000000 0.000000 -0.000000
-1.871525 0.941319 1.133492 -73.957096 3.384924 -0.148937 -3.246932 1.489980 3.501756 -1.613842 -5.186465 1.572952 -1.607477 0.631670 1.409133 -1.098874 6.305736 1.064805 4.543031 17.263034 -5.638981 10.283105 -3.256241 -11.938779 -2.615498 5.963576 7.493623 -26.685328 -14.670728 64.879818 28.850382 50.945072 19.501164 0.008893 15.384334 -6.409275 0.474541 8.163514 -7.884898 10.906422 -17.627977 -66.557239 -60.344219 62.252910 -42.435618 -9.922985 11.014867 1.910032 -10.130332 1.646585 -10.985594 0.476958 3.988327 0.233536 7.110330 -8.372427 5.712318 0.010334 -0.904965 4.491953 13.865622 -15.851249 17.127623 5.672381 -0.585528 0.281022 6.902509 3.881762 -0.192363 0.000000 -0.000000 -0.000000
-1.872608 0.938631 1.146853 -72.666484 3.500191 -0.414132 -3.306700 1.413280 3.530194 -1.641176 -5.221183 1.585378 -1.634595 0.596869 1.418778 -1.118414 6.279530 1.071961 4.728276 17.101996 -5.535806 10.609851 -3.540879 -11.829821 -2.760329 5.594163 7.615980 -27.221049 -14.445023 64.762435 27.725774 50.865858 18.655508 -0.095704 15.307709 -6.736496 0.500459 8.054578 -7.801110 10.717508 -17.869075 -66.270736 -60.355424 62.043852 -42.296703 -9.881872 11.073627 2.010353 -10.367367 1.763899 -11.380450 -0.185835 4.628123 0.099278 6.589884 -8.712888 6.359009 0.003781 -1.167157 4.733963 15.895990 -16.443162 17.083730 4.751224 -2.388424 0.426488 7.521922 3.436294 -0.433160 -0.000000 -0.000000 0.000000
-1.873548 0.935915 1.160946 -71.340152 3.580871 -0.671304 -3.318912 1.383739 3.550435 -1.647353 -5.234519 1.594291 -1.640715 0.583521 1.427075 -1.122353 6.269475 1.078179 4.829768 16.901803 -5.408613 10.780198 -3.913848 -11.653851 -2.866806 5.261273 7.775271 -27.659159 -14.225344 64.611183 26.410040 50.466142 17.592306 -0.249305 15.215624 -7.114529 0.521804 7.937584 -7.672770 10.584697 -18.111742 -66.067211 -60.513678 61.695734 -42.209723 -9.836071 11.128276 2.180051 -10.708883 1.926810 -11.810276 -0.786633 5.238677 -0.081698 6.102105 -8.855498 7.057784 -0.016417 -1.662235 5.003850 17.479243 -17.320576 17.004612 5.000250 -3.150534 0.483829 8.156757 3.011484 -0.455045 -0.000000 -0.000000 0.000000
-1.874379 0.933207 1.175686 -69.988904 3.613542 -0.908692 -3.273981 1.413415 3.552586 -1.627712 -5.220988 1.595302 -1.621192 0.597115 1.430089 -1.107508 6.279708 1.080498 4.834708 16.652077 -5.253611 10.769377 -4.396207 -11.400652 -2.915970 4.952192 7.999466 -27.955106 -13.986226 64.414876 24.827818 49.599246 16.245539 -0.481573 15.121238 -7.546313 0.539557 7.818803 -7.470518 10.573216 -18.376588 -65.978765 -60.888296 61.182382 -42.247665 -9.788442 11.183285 2.478061 -11.241761 2.137464 -12.262917 -1.208971 5.796021 -0.357261 5.633637 -8.784699 7.828643 -0.055835 -2.428329 5.299397 18.070307 -18.539871 16.999073 7.216591 -2.450194 0.619746 8.810927 2.493716 0.131122 -0.000000 0.000000 -0.000000
-1.875067 0.930470 1.191159 -68.601541 3.611303 -1.140812 -3.180521 1.490046 3.550152 -1.586632 -5.186209 1.594329 -1.580367 0.632005 1.433274 -1.076711 6.305955 1.082996 4.754425 16.362826 -5.077522 10.597487 -4.965245 -11.084335 -2.925810 4.673852 8.259584 -28.155841 -13.749492 64.192018 23.133688 48.391929 14.775439 -0.760804 15.007961 -8.028131 0.553195 7.687163 -7.224941 10.620989 -18.640095 -65.977067 -61.398502 60.521474 -42.340740 -9.744777 11.233512 2.844298 -11.878756 2.394791 -12.750658 -1.572078 6.321338 -0.680198 5.217178 -8.517029 8.646737 -0.114538 -3.426846 5.625315 18.210330 -20.037923 16.959553 10.575151 -0.711415 0.947425 9.474811 1.903444 0.877028 0.000000 -0.000000 0.000000
-1.875575 0.927664 1.207714 -67.132781 3.593489 -1.397151 -3.069189 1.591978 3.570521 -1.538950 -5.140164 1.603586 -1.533018 0.678180 1.447368 -1.040237 6.340640 1.093767 4.631157 16.054671 -4.887840 10.342246 -5.576303 -10.728510 -2.928018 4.482361 8.478012 -28.329771 -13.581363 63.946451 21.696052 47.261026 13.554180 -1.021086 14.891982 -8.444269 0.535290 7.551345 -7.004555 10.619520 -18.833513 -66.000911 -61.958795 59.745168 -42.380628 -9.690403 11.268401 3.196413 -12.507928 2.771739 -13.316394 -2.060575 6.721451 -0.928974 4.912606 -7.939949 9.416395 -0.198771 -4.698403 6.038604 18.514779 -21.531182 16.796611 13.443220 1.232186 1.257215 9.863553 1.551080 0.904261 0.000000 -0.000000 -0.000000
-1.875781 0.924602 1.225500 -65.593093 3.578520 -1.744612 -2.933943 1.721306 3.656749 -1.484130 -5.082071 1.642250 -1.478617 0.736423 1.491610 -0.996246 6.384282 1.127334 4.472435 15.713254 -4.691689 10.021030 -6.253600 -10.350079 -2.905122 4.417458 8.601419 -28.486066 -13.497979 63.687111 20.564824 46.233803 12.616038 -1.262163 14.761889 -8.772901 0.484113 7.409846 -6.816999 10.513833 -18.897798 -66.062067 -62.571242 58.793123 -42.285878 -9.602865 11.275157 3.498559 -13.096711 3.294062 -13.941850 -2.745700 6.954752 -1.040344 4.803132 -7.054396 10.136614 -0.316200 -6.249455 6.523601 19.190911 -22.999344 16.547153 15.637799 3.331444 1.374194 9.721704 1.569895 -0.376884 -0.000000 -0.000000 0.000000
-1.875807 0.921470 1.244369 -63.971858 3.552876 -2.117169 -2.779809 1.871808 3.768741 -1.422342 -5.014491 1.692307 -1.417251 0.804160 1.547936 -0.946125 6.435017 1.170030 4.270605 15.351691 -4.483811 9.614630 -6.973465 -9.934495 -2.870899 4.442839 8.691361 -28.617156 -13.478923 63.401109 19.637228 45.302274 11.873961 -1.488879 14.633781 -9.033488 0.401700 7.266118 -6.654648 10.357682 -18.888399 -66.140292 -63.246748 57.717746 -42.158689 -9.502826 11.268970 3.789041 -13.677803 3.943187 -14.638245 -3.558877 7.073277 -1.078231 4.831664 -5.870061 10.806942 -0.474167 -8.072349 7.101360 20.048010 -24.454907 16.144390 17.350492 5.675803 1.462916 9.224858 2.023159 -2.263885 -0.000000 -0.000000 0.000000
-1.875987 0.918785 1.264225 -62.192186 3.482946 -2.345734 -2.655388 2.013975 3.807087 -1.370014 -4.950474 1.709461 -1.365223 0.868304 1.570380 -0.905522 6.483171 1.187133 4.046024 15.030988 -4.250876 9.148405 -7.621734 -9.455588 -2.903045 4.500824 8.844457 -28.765558 -13.534349 63.054891 18.971369 44.849807 11.423235 -1.646501 14.570125 -9.173731 0.265555 7.142142 -6.561137 10.205518 -18.914616 -66.127202 -63.910367 56.727452 -42.155274 -9.437181 11.280009 4.095672 -14.241602 4.729827 -15.487155 -4.474547 7.127552 -1.111301 4.851652 -4.283949 11.335509 -0.687484 -10.184769 7.888706 21.124504 -25.642765 15.338957 17.489283 7.700631 1.443375 8.772330 3.084689 -3.624801 0.000000 0.000000 0.000000
-1.876622 0.916601 1.285414 -60.187570 3.297485 -2.350012 -2.590035 2.160726 3.713705 -1.337478 -4.884332 1.668088 -1.332932 0.934518 1.532295 -0.884296 6.533056 1.158581 3.801819 14.771208 -3.966382 8.616463 -8.163035 -8.862659 -3.052173 4.591708 9.152949 -28.855397 -13.709198 62.489787 18.635915 45.067431 11.413730 -1.690104 14.612107 -9.150571 0.011168 7.065060 -6.579671 10.116733 -19.021844 -65.916230 -64.731622 55.844975 -42.472436 -9.459217 11.319993 4.423403 -14.779252 5.830645 -16.592155 -5.580139 6.968743 -1.106505 4.893201 -2.171642 11.688219 -1.003287 -12.782969 8.941336 23.025399 -26.409490 13.796313 14.661346 9.038136 1.010574 8.587384 5.200016 -3.992262 -0.000000 0.000000 -0.000000
-1.877411 0.914862 1.307591 -58.025720 3.052095 -2.218941 -2.555159 2.310362 3.547611 -1.314893 -4.816846 1.594461 -1.310600 1.002055 1.460960 -0.873059 6.584022 1.104947 3.536050 14.549360 -3.653562 8.025738 -8.635756 -8.201278 -3.264482 4.707817 9.529447 -28.963334 -13.947714 61.855681 18.568497 45.768246 11.677521 -1.654663 14.721553 -9.011873 -0.297301 7.017619 -6.663309 10.031960 -19.176805 -65.619558 -65.516413 55.052792 -42.890161 -9.518589 11.374499 4.761995 -15.318725 7.086883 -17.829115 -6.795928 6.757073 -1.095448 4.953760 0.344571 11.917277 -1.426266 -15.661579 10.235425 25.154781 -26.797049 11.889389 10.218333 10.069163 0.270825 8.549384 7.799415 -3.907082 -0.000000 0.000000 0.000000
-1.877777 0.913923 1.329627 -55.830142 2.900064 -2.030304 -2.513863 2.413095 3.380722 -1.288920 -4.770152 1.520273 -1.284815 1.048814 1.389416 -0.859180 6.619409 1.051065 3.262618 14.363361 -3.371365 7.424510 -9.035372 -7.587164 -3.464586 4.783093 9.794982 -29.358888 -14.126841 61.590940 18.596690 46.769085 11.808694 -1.607869 14.841567 -8.841339 -0.489966 6.951041 -6.722897 9.828267 -19.362457 -65.461509 -65.675417 54.517154 -42.952807 -9.508493 11.431425 5.119233 -15.893263 7.995798 -18.956741 -7.827732 6.991304 -1.246289 4.829345 3.012327 12.052573 -1.876835 -18.233263 11.764568 25.728623 -26.965465 10.454875 7.184732 11.375401 -0.335995 8.587922 9.436720 -3.724258 0.000000 0.000000 0.000000
-1.877389 0.913866 1.351252 -53.606298 2.944025 -1.788792 -2.457562 2.418789 3.229577 -1.256223 -4.766581 1.452617 -1.252184 1.052460 1.325079 -0.839513 6.622438 1.002450 2.976653 14.213969 -3.118550 6.804940 -9.361738 -7.016834 -3.657131 4.744633 9.877872 -30.363556 -14.243839 61.953195 18.621732 48.366410 11.597273 -1.587534 14.959252 -8.654228 -0.450581 6.810209 -6.710578 9.405219 -19.546354 -65.526970 -64.996050 54.337613 -42.554993 -9.431308 11.452732 5.560348 -16.648461 8.374926 -19.996161 -8.587329 7.649464 -1.570354 4.412398 6.039832 12.230577 -2.350735 -20.584874 13.520365 23.096913 -27.152048 10.200672 7.390620 13.526244 -0.673307 8.732070 9.308634 -3.496241 -0.000000 0.000000 -0.000000
-1.876578 0.914608 1.372735 -51.346668 3.073852 -1.474919 -2.395531 2.378020 3.069719 -1.220280 -4.783628 1.380864 -1.216314 1.035488 1.256972 -0.817694 6.610007 0.950917 2.685395 14.101717 -2.892671 6.180573 -9.613727 -6.489695 -3.842166 4.678746 9.842937 -31.653035 -14.317473 62.692617 18.687829 50.269515 11.229214 -1.550487 15.086840 -8.433056 -0.296677 6.642260 -6.682406 8.865159 -19.738649 -65.734439 -63.706614 54.431522 -41.774074 -9.290272 11.467865 6.027332 -17.421956 8.396379 -20.954880 -9.144030 8.740274 -2.048930 3.826749 9.239852 12.307045 -2.796890 -22.609409 15.517911 18.878982 -27.252209 10.446664 9.035004 15.937877 -0.878758 8.925883 8.216978 -3.152141 -0.000000 0.000000 -0.000000
-1.875761 0.916247 1.393756 -49.155242 3.131101 -1.130219 -2.318014 2.386624 2.914352 -1.178097 -4.778678 1.311234 -1.174320 1.040530 1.191627 -0.791146 6.614083 0.901537 2.421509 14.028968 -2.750123 5.634465 -9.780324 -6.125293 -3.937664 4.763669 9.722114 -32.522444 -14.284528 63.495831 18.803645 51.418547 10.860617 -1.455161 15.203453 -8.212404 -0.207487 6.551033 -6.700283 8.388732 -19.977520 -66.056490 -61.907164 54.677845 -40.445049 -8.968619 11.571954 6.361623 -17.764174 8.076612 -21.595782 -9.426662 10.799693 -2.778583 3.130314 11.770479 11.910966 -2.929052 -23.482488 17.653256 16.214518 -27.044921 9.891906 9.694955 17.515922 -0.938965 8.931844 7.122392 -2.761739 0.000000 -0.000000 -0.000000
-1.874899 0.919076 1.414527 -47.082027 3.047197 -0.734192 -2.200883 2.490913 2.765368 -1.119154 -4.731007 1.244605 -1.115682 1.088341 1.130999 -0.751810 6.650252 0.855824 2.190056 13.997227 -2.732164 5.193869 -9.857558 -6.003900 -3.875617 5.145472 9.490547 -32.706354 -14.115395 64.381271 18.895371 51.267844 10.361545 -1.318257 15.314297 -8.061872 -0.274059 6.602757 -6.811633 7.986191 -20.307780 -66.522409 -59.370567 55.067219 -38.246009 -8.375282 11.850756 6.433281 -17.468189 7.307595 -21.930216 -9.552783 14.248784 -3.776978 1.662621 13.266968 10.511103 -2.343758 -22.112539 20.539442 16.788938 -26.336578 7.708294 8.094463 17.738345 -0.742296 8.629705 6.286265 -2.303667 0.000025 0.000268 -0.005460
-1.874031 0.922803 1.434836 -45.079353 2.888536 -0.317616 -2.068762 2.643813 2.628440 -1.054315 -4.661774 1.183367 -1.051161 1.157705 1.076346 -0.707615 6.702554 0.814647 1.986816 14.013449 -2.792909 4.834129 -9.837959 -6.037960 -3.724111 5.687595 9.196195 -32.449585 -13.896245 65.332485 19.036089 50.372752 9.817756 -1.130763 15.411302 -7.916097 -0.403486 6.739168 -6.954992 7.645946 -20.675991 -67.105640 -56.268599 55.516486 -35.403772 -7.575712 12.241051 6.426212 -16.737504 6.181298 -22.002098 -9.448250 18.697739 -4.868450 -0.072164 14.131656 8.672231 -0.976656 -19.802796 23.376290 18.820966 -25.123244 4.840968 5.510487 17.171585 -0.341656 8.136595 5.451036 -1.786959 0.000041 0.000539 -0.010921
-1.873693 0.926656 1.453731 -43.105536 2.708908 -0.005588 -1.984423 2.797563 2.525297 -1.012392 -4.592652 1.137361 -1.009482 1.226876 1.034568 -0.679580 6.754598 0.783193 1.831061 14.087376 -2.857529 4.561267 -9.707483 -6.094389 -3.600898 6.132332 8.973426 -31.826625 -13.723619 65.983323 19.469506 49.315847 9.699419 -0.810182 15.447600 -7.613924 -0.496699 6.876245 -7.025983 7.515431 -20.984423 -67.692846 -53.368845 55.832994 -32.678189 -6.695851 12.600873 6.643031 -15.752961 4.989421 -21.611901 -8.737616 23.482152 -5.768981 -0.236456 14.683391 7.655638 0.292117 -19.255123 24.099974 20.315253 -23.659477 2.558322 3.312857 16.361254 -0.032866 7.586807 4.799684 -1.318828 -0.000000 0.000000 -0.000000
-1.874113 0.930455 1.470654 -41.160966 2.530915 0.165725 -1.978442 2.936392 2.449237 -1.006587 -4.530680 1.103842 -1.003802 1.288842 1.001621 -0.677866 6.801159 0.758455 1.745397 14.239750 -2.905410 4.408190 -9.427608 -6.141801 -3.539405 6.362638 8.883397 -30.691885 -13.578477 66.115237 20.270906 48.128892 10.209996 -0.280732 15.349914 -7.023046 -0.505165 6.981196 -6.970584 7.730736 -21.215714 -68.282094 -50.948062 56.048047 -30.356229 -5.729491 12.870574 7.226426 -14.396725 3.752984 -20.584562 -6.999850 28.699247 -6.206941 2.686092 14.873677 7.931279 0.552122 -22.057532 21.367059 20.609519 -22.134350 1.279854 2.033726 15.398611 -0.015063 6.997612 4.429753 -0.937333 -0.000078 0.008048 0.039598
-1.875064 0.934382 1.486164 -39.244262 2.344066 0.232127 -2.019406 3.071852 2.405067 -1.023241 -4.470516 1.084878 -1.020506 1.348991 0.980975 -0.692001 6.846309 0.743065 1.709454 14.448712 -2.952555 4.344687 -9.039551 -6.203247 -3.505125 6.485309 8.846802 -29.208945 -13.440038 65.946529 21.331436 46.750482 11.056657 0.393725 15.165148 -6.297504 -0.475566 7.077172 -6.845759 8.157656 -21.390258 -68.874834 -48.779206 56.174314 -28.218809 -4.710781 13.072661 8.027709 -12.834589 2.351005 -19.123344 -4.476185 34.288694 -5.935118 7.202409 14.462789 8.725448 0.399460 -25.583259 15.979679 20.434574 -20.514945 0.513247 1.122845 14.166197 -0.140641 6.355900 4.245361 -0.607958 -0.000066 0.015305 0.095574
-1.876404 0.938210 1.500984 -37.309698 2.158995 0.179612 -2.076434 3.193902 2.428536 -1.050503 -4.416651 1.096133 -1.047802 1.402807 0.989464 -0.711907 6.886605 0.749681 1.678145 14.655904 -2.981217 4.283060 -8.655706 -6.231973 -3.511981 6.574666 8.775064 -27.930166 -13.373322 65.763664 22.617977 45.619515 12.002936 1.086417 15.036667 -5.698848 -0.451745 7.161794 -6.719158 8.537833 -21.478953 -69.356436 -46.951368 56.069960 -26.382215 -3.838655 13.178550 8.866046 -11.669934 0.882170 -17.548744 -1.811726 39.307165 -5.010808 10.729926 13.651257 9.576500 0.416337 -26.541884 10.104478 19.994134 -18.922938 0.016969 0.320391 12.870080 -0.235556 5.755777 4.135928 -0.329206 -0.000009 -0.007234 0.147431
-1.878203 0.941953 1.515371 -35.282190 1.973779 -0.034444 -2.163024 3.292523 2.555870 -1.096256 -4.373804 1.153769 -1.093539 1.445535 1.042431 -0.742324 6.918408 0.789894 1.631277 14.864435 -2.991712 4.185190 -8.271583 -6.221083 -3.592280 6.652751 8.627316 -27.080782 -13.416152 65.641733 24.311795 45.082151 13.123995 1.797244 15.088514 -5.208612 -0.481207 7.269453 -6.608166 8.814834 -21.480449 -69.704698 -45.498233 55.669357 -24.912889 -3.148370 13.161184 9.772834 -11.190951 -0.559936 -15.862802 1.113877 43.484554 -3.495758 12.227889 12.564109 10.802774 0.433044 -23.442584 4.756078 19.283759 -17.378393 -0.239592 -0.436923 11.526518 -0.236100 5.212939 4.098269 -0.108129 -0.000145 -0.099874 0.200616
-1.880390 0.945599 1.529069 -33.235565 1.804228 -0.367353 -2.265639 3.370645 2.748893 -1.152484 -4.340417 1.240747 -1.149695 1.478806 1.123694 -0.778428 6.943021 0.851500 1.588991 15.069785 -2.983956 4.089638 -7.894150 -6.178381 -3.714895 6.702311 8.442239 -26.436305 -13.521418 65.500110 26.259379 44.766812 14.389952 2.522706 15.204739 -4.837143 -0.516931 7.366691 -6.495203 9.042596 -21.409918 -69.931135 -44.423599 55.075072 -23.822396 -2.615631 13.052925 10.680673 -11.130475 -2.053938 -14.032935 4.173710 47.034791 -1.561074 12.755421 11.124034 12.248112 -0.136128 -18.349736 0.056743 18.345708 -15.874830 -0.254644 -1.086036 10.116293 -0.211221 4.712567 4.132353 0.059488 -0.000477 -0.222325 0.249702
-1.882615 0.948885 1.542032 -31.348102 1.680808 -0.702318 -2.312775 3.439372 2.932349 -1.183500 -4.310823 1.323085 -1.180688 1.508372 1.202907 -0.795813 6.964918 0.911516 1.564810 15.201207 -2.944841 4.021896 -7.654443 -6.088656 -3.798321 6.741297 8.255399 -25.870811 -13.649194 65.386581 27.908318 44.075313 15.417624 3.100594 15.212326 -4.875509 -0.463060 7.352733 -6.399992 9.127739 -21.271927 -69.968131 -43.763683 54.402489 -23.143437 -2.316245 12.949822 11.251975 -11.228483 -3.696551 -12.307249 5.891575 49.815888 -0.220886 12.949752 9.573921 13.079707 -0.908439 -14.451030 -2.959111 17.430612 -14.474573 -0.207423 -1.695814 8.795464 -0.166131 4.301449 4.130326 0.194451 -0.000636 -0.282736 0.257882
-1.884728 0.951742 1.554199 -29.696987 1.605390 -1.011383 -2.263913 3.505088 3.091233 -1.170568 -4.281878 1.393738 -1.167861 1.537367 1.274890 -0.780901 6.986478 0.965965 1.564105 15.220972 -2.869052 3.991637 -7.622478 -5.945730 -3.813238 6.762115 8.061290 -25.403941 -13.788362 65.329029 29.035199 42.745858 16.053257 3.449791 15.065458 -5.545996 -0.244074 7.150207 -6.344922 8.913473 -21.040815 -69.740153 -43.484379 53.616572 -22.854231 -2.286756 12.915536 11.264609 -11.439394 -5.542111 -10.759762 4.871149 51.814749 -0.731037 13.094394 8.033057 13.026889 -1.194574 -13.213578 -4.045705 16.635225 -13.187869 -0.161447 -2.350755 7.591739 -0.076926 4.053256 4.059201 0.297692 -0.000341 -0.219351 0.189678
-1.886879 0.954240 1.565631 -28.205637 1.572067 -1.317651 -2.159396 3.562514 3.240167 -1.132338 -4.256208 1.459435 -1.129792 1.563103 1.344459 -0.747249 7.005631 1.018499 1.578680 15.164210 -2.770085 3.985532 -7.732848 -5.769395 -3.789476 6.772296 7.863708 -25.016599 -13.952091 65.298517 29.841971 41.068481 16.430313 3.630684 14.859571 -6.616786 0.060421 6.837492 -6.322708 8.558369 -20.757302 -69.318552 -43.567200 52.768119 -22.944223 -2.443400 12.915150 10.928626 -11.806278 -7.498994 -9.298170 1.879974 53.067895 -2.744853 12.976589 6.491027 12.518781 -1.065106 -13.437990 -3.968872 15.864967 -12.008026 -0.067568 -2.964715 6.477246 0.038983 3.893784 3.950293 0.367992 -0.000045 -0.093959 0.080522
-1.889158 0.956323 1.576469 -26.822446 1.590755 -1.578784 -2.048746 3.610170 3.348845 -1.089171 -4.234627 1.507091 -1.086761 1.584758 1.396485 -0.711159 7.021796 1.057753 1.601342 15.069851 -2.664372 3.994146 -7.912759 -5.585506 -3.733595 6.808410 7.714463 -24.524193 -14.143479 65.256280 30.392715 39.302173 16.572271 3.681326 14.634021 -7.698390 0.314132 6.547267 -6.304904 8.441554 -20.527126 -68.857443 -44.058482 52.094656 -23.436297 -2.675416 12.902005 10.562510 -12.178922 -9.447003 -7.932261 -1.277889 53.610659 -4.814083 12.508543 5.058334 11.741864 -0.793324 -14.232725 -3.493868 15.068415 -10.971707 0.067466 -3.350254 5.524255 0.107977 3.647649 3.793039 0.424604 -0.000000 -0.000000 0.000000
-1.891592 0.957930 1.586612 -25.578595 1.700352 -1.788828 -1.933517 3.635585 3.406485 -1.041104 -4.222653 1.531931 -1.038811 1.596835 1.426212 -0.673015 7.030880 1.080130 1.637921 14.933876 -2.552387 4.028979 -8.169279 -5.397373 -3.634018 6.880556 7.637783 -23.802182 -14.352210 65.169310 30.643205 37.377888 16.444670 3.584577 14.346717 -8.705799 0.489528 6.298718 -6.272750 8.802852 -20.378895 -68.380124 -45.245703 51.697275 -24.583504 -2.999638 12.855677 10.229965 -12.468044 -11.449711 -6.636272 -4.204209 53.542652 -6.544325 11.594850 3.770076 10.546092 -0.424787 -15.701845 -2.593273 14.219440 -10.143681 0.261451 -3.365553 4.767292 0.074744 3.232210 3.585033 0.479307 -0.000011 0.020935 -0.019111
-1.894156 0.959123 1.596160 -24.443390 1.857202 -1.949913 -1.812414 3.655198 3.422401 -0.988212 -4.213087 1.538116 -0.986065 1.606498 1.437769 -0.632637 7.038216 1.088755 1.681080 14.760185 -2.436397 4.076342 -8.495613 -5.206053 -3.500984 6.972896 7.610925 -22.974378 -14.591597 65.063927 30.684117 35.372136 16.136141 3.366729 14.026218 -9.718372 0.614869 6.072786 -6.239422 9.402513 -20.298492 -67.866767 -46.826474 51.449345 -26.116798 -3.402925 12.792863 9.862231 -12.745977 -13.435774 -5.426633 -7.063015 52.771311 -8.112751 10.411663 2.541130 9.049548 -0.104923 -17.739641 -1.206888 13.342229 -9.461143 0.486465 -3.151219 4.171524 -0.023619 2.730062 3.329076 0.522336 -0.000003 0.010467 -0.009556
-1.896866 0.960028 1.605556 -23.271876 1.946273 -2.034825 -1.730527 3.712594 3.398251 -0.950934 -4.186940 1.526819 -0.948931 1.632695 1.430246 -0.605418 7.057963 1.083048 1.705735 14.601130 -2.331291 4.091726 -8.795302 -5.027027 -3.373204 7.081821 7.616893 -22.228799 -14.900805 64.988449 30.763855 33.759492 15.849209 3.115460 13.800826 -10.594974 0.640579 5.945063 -6.212137 9.900218 -20.314638 -67.411854 -47.993146 51.276217 -27.287298 -3.748686 12.722799 9.584660 -13.082224 -15.091244 -4.382924 -8.775104 51.232513 -8.694256 9.207985 1.364480 7.759891 -0.002173 -19.139095 -0.174375 12.458095 -8.769647 0.670004 -2.943623 3.703641 -0.124368 2.213739 3.022528 0.541171 -0.000000 -0.000000 0.000000
-1.899670 0.960625 1.614916 -22.020895 1.912627 -2.013861 -1.712072 3.843939 3.318296 -0.939419 -4.128243 1.491335 -0.937544 1.691405 1.395926 -0.599541 7.102121 1.057257 1.711688 14.445726 -2.236425 4.075521 -9.088636 -4.859760 -3.265170 7.212576 7.664145 -21.591083 -15.324933 64.959493 30.959733 32.715152 15.646332 2.824270 13.726548 -11.276271 0.515950 5.973221 -6.183779 10.237193 -20.446649 -67.042901 -48.564123 51.176256 -27.868849 -4.014551 12.630391 9.468166 -13.576667 -16.298183 -3.531533 -8.927855 48.856820 -7.945401 7.852563 0.202018 6.765449 0.002186 -19.692819 0.146068 11.586254 -8.000069 0.767621 -2.831799 3.349246 -0.210644 1.712254 2.666970 0.531553 -0.000000 -0.000000 -0.000000
-1.902621 0.960935 1.624124 -20.733518 1.805959 -1.922230 -1.732906 4.016425 3.201810 -0.943658 -4.051416 1.440039 -0.941897 1.768231 1.344201 -0.606772 7.159887 1.018409 1.699813 14.306171 -2.150687 4.028182 -9.352979 -4.701722 -3.160907 7.357679 7.745322 -21.036717 -15.819501 64.954855 31.183398 32.061866 15.484883 2.492257 13.736427 -11.812921 0.295279 6.102130 -6.151226 10.474213 -20.659990 -66.741892 -48.750015 51.176272 -28.094097 -4.230866 12.531716 9.444845 -14.095099 -17.166980 -2.835756 -8.180385 45.753044 -6.436441 6.451418 -0.874440 5.885070 0.012077 -19.615411 0.013599 10.702977 -7.223532 0.821552 -2.726680 3.122491 -0.294070 1.196893 2.260279 0.499188 0.000000 0.000000 -0.000000
-1.905890 0.961145 1.633272 -19.393753 1.670184 -1.831817 -1.765077 4.168496 3.103013 -0.953668 -3.983780 1.396694 -0.951989 1.835849 1.299834 -0.617728 7.210704 0.985099 1.649376 14.270537 -2.083438 3.909282 -9.425597 -4.557696 -3.054707 7.496871 7.819574 -20.679159 -16.285839 64.973417 31.414627 31.743419 15.396765 2.208294 13.775618 -12.231614 0.085918 6.237895 -6.128802 10.447335 -20.888223 -66.529131 -48.332716 51.277709 -27.895051 -4.340262 12.486184 9.436236 -14.348574 -17.731115 -2.286624 -7.131004 42.157892 -4.774683 5.501282 -1.625484 5.261873 0.064046 -18.343735 -0.570971 9.766625 -6.495501 0.890860 -2.597346 3.031080 -0.349126 0.653977 1.793614 0.446353 -0.000000 -0.000000 -0.000000
-1.909576 0.961304 1.642336 -17.990950 1.527314 -1.764767 -1.807146 4.278443 3.036864 -0.969527 -3.935025 1.367887 -0.967897 1.884566 1.269405 -0.631980 7.247288 0.962281 1.555691 14.372508 -2.041371 3.711669 -9.243610 -4.437352 -2.937934 7.630086 7.878184 -20.608861 -16.708999 65.040256 31.687643 31.811297 15.434565 2.012647 13.835666 -12.554296 -0.082458 6.352689 -6.121635 9.986421 -21.083498 -66.387538 -47.035307 51.462466 -27.047491 -4.286292 12.529923 9.456046 -14.244416 -18.001929 -1.860887 -5.790540 38.004525 -3.110538 5.230896 -1.954358 5.146837 0.143986 -15.076612 -1.876648 8.767864 -5.835833 0.997382 -2.425357 3.062695 -0.372332 0.060341 1.270976 0.372557 0.000000 0.000000 0.000000
-1.913580 0.961363 1.651340 -16.535824 1.355691 -1.700854 -1.860395 4.366686 2.986576 -0.991065 -3.896003 1.346227 -0.989466 1.923551 1.245557 -0.649973 7.276552 0.944436 1.427167 14.580001 -2.010202 3.448245 -8.866725 -4.319674 -2.820025 7.758091 7.930187 -20.736548 -17.098746 65.142313 31.976376 32.207760 15.572235 1.869262 13.920662 -12.760131 -0.240189 6.474317 -6.125505 9.257152 -21.280909 -66.325230 -45.111652 51.721212 -25.740258 -4.124169 12.625282 9.499908 -13.869595 -17.966985 -1.569178 -4.324759 33.317002 -1.558397 5.286254 -1.950762 5.397063 0.154502 -10.524155 -3.344451 7.716945 -5.224683 1.116528 -2.229063 3.229125 -0.363739 -0.559625 0.687041 0.280968 -0.000000 0.000000 -0.000000
-1.917785 0.961362 1.660441 -15.044117 1.136402 -1.647688 -1.900668 4.433069 2.957028 -1.007799 -3.866651 1.333646 -1.006220 1.952883 1.231281 -0.663630 7.298564 0.933785 1.264101 14.881903 -1.965412 3.111188 -8.316705 -4.160271 -2.723823 7.863855 7.960589 -20.904382 -17.392194 65.226387 32.169756 32.713380 15.716995 1.755972 13.995530 -12.815529 -0.371832 6.591304 -6.144405 8.598896 -21.540800 -66.401645 -43.131741 52.092865 -24.513700 -3.960118 12.725963 9.461214 -13.211182 -17.623396 -1.449930 -3.334072 28.505837 -0.425705 5.301526 -1.619868 5.592548 0.100815 -6.487096 -3.900001 6.603712 -4.656772 1.236745 -2.032208 3.573489 -0.302445 -1.147866 0.018828 0.179261 -0.000000 -0.000000 -0.000000
-1.922173 0.961316 1.669719 -13.501824 0.845365 -1.618143 -1.922320 4.476548 2.957981 -1.017772 -3.847469 1.334390 -1.016215 1.972047 1.231008 -0.671176 7.312916 0.933662 1.051896 15.324558 -1.898236 2.669682 -7.507777 -3.937366 -2.656956 7.938537 7.960729 -21.050428 -17.547591 65.258782 32.198044 33.225169 15.830373 1.688889 14.033806 -12.705038 -0.485992 6.716476 -6.177299 8.112199 -21.937191 -66.702772 -41.092128 52.675956 -23.433233 -3.800590 12.833208 9.307070 -12.201536 -16.848602 -1.489588 -2.922325 23.486811 0.243568 5.168726 -0.758366 5.552078 0.061850 -3.614890 -2.978107 5.297609 -4.124999 1.352920 -1.764811 4.142641 -0.147417 -1.663009 -0.774349 0.070187 0.000052 0.027461 0.003032
-1.926762 0.961209 1.679094 -11.922906 0.507719 -1.604263 -1.931290 4.496455 2.978177 -1.023011 -3.838750 1.343506 -1.021468 1.980750 1.239588 -0.674502 7.319404 0.940186 0.808363 15.860749 -1.810052 2.162524 -6.525760 -3.664854 -2.612644 7.993395 7.937969 -21.234807 -17.604820 65.279421 32.131865 33.843410 15.959043 1.666072 14.057951 -12.444514 -0.574217 6.837679 -6.225202 7.703421 -22.388824 -67.155564 -38.946464 53.388164 -22.361670 -3.633643 12.952156 9.072836 -10.929514 -15.746640 -1.637909 -2.851331 18.372360 0.573107 5.030443 0.448189 5.498988 0.027905 -1.419391 -1.300493 3.929463 -3.635117 1.462578 -1.494076 4.888000 0.065799 -2.144106 -1.652607 -0.047991 0.000052 0.054922 0.006059
-1.931479 0.961038 1.688490 -10.365141 0.177751 -1.580451 -1.920636 4.494075 2.991158 -1.018948 -3.839770 1.349180 -1.017400 1.979745 1.245682 -0.670995 7.318646 0.944781 0.580330 16.337860 -1.696553 1.681880 -5.652078 -3.357761 -2.592145 8.041918 7.901080 -21.482007 -17.626016 65.342625 32.066184 34.656001 16.130966 1.641795 14.106089 -12.043944 -0.595869 6.906264 -6.296930 7.418883 -22.729419 -67.580959 -37.249867 54.046246 -21.595563 -3.537257 13.046568 8.746344 -9.610195 -14.650108 -1.905396 -3.104109 13.885358 0.749090 4.937405 1.437457 5.535382 -0.000000 0.000000 -0.000000 2.880193 -3.203068 1.566650 -1.451675 5.709614 0.244494 -2.655361 -2.517417 -0.174991 -0.000000 0.000000 0.000000
-1.936191 0.960854 1.697881 -8.831352 -0.124345 -1.540092 -1.885067 4.464032 2.996227 -1.003190 -3.852896 1.351025 -1.001637 1.966655 1.249135 -0.658898 7.308855 0.947308 0.380707 16.699609 -1.553795 1.250587 -4.990830 -3.013537 -2.609379 8.079723 7.837002 -21.837090 -17.625811 65.464808 32.036908 35.730340 16.386614 1.611295 14.193361 -11.468571 -0.508441 6.869980 -6.410950 7.267594 -22.908021 -67.937454 -36.222002 54.641985 -21.314496 -3.529722 13.106173 8.250568 -8.053204 -13.617639 -2.437050 -3.870536 10.211600 1.014006 4.822051 1.919553 5.627154 -0.015172 0.450754 0.334084 2.313902 -2.840649 1.662373 -1.752585 6.572065 0.364745 -3.227951 -3.325257 -0.296079 0.000051 -0.192072 -0.036217
-1.941032 0.960606 1.707294 -7.318850 -0.419979 -1.488278 -1.829778 4.412412 2.992529 -0.978059 -3.875479 1.348713 -0.976518 1.944110 1.249372 -0.640020 7.291993 0.947342 0.193920 17.000323 -1.390820 0.840458 -4.441055 -2.640794 -2.650352 8.113068 7.757860 -22.255001 -17.590863 65.630531 32.015199 36.996951 16.699127 1.600687 14.302275 -10.746983 -0.354935 6.783444 -6.553690 7.238859 -22.977299 -68.258947 -35.694159 55.209314 -21.408001 -3.584232 13.142691 7.657227 -6.454917 -12.558837 -3.084028 -4.948372 7.161005 1.295317 4.736755 2.177620 5.765495 -0.010671 0.222290 0.171072 2.064995 -2.538812 1.765089 -2.285070 7.509133 0.456711 -3.832726 -4.119092 -0.424896 0.000335 -0.466432 -0.082088
-1.946340 0.960129 1.716726 -5.877415 -0.718652 -1.414268 -1.762947 4.359855 2.954354 -0.945890 -3.898309 1.330967 -0.944363 1.921333 1.234892 -0.616944 7.275015 0.936233 0.022329 17.254234 -1.227769 0.462080 -3.976052 -2.276463 -2.674309 8.168794 7.711946 -22.625689 -17.544418 65.844492 31.993527 38.340786 16.991183 1.605176 14.422777 -9.982702 -0.222943 6.756613 -6.683027 7.340946 -22.937353 -68.468663 -35.693166 55.631705 -21.813741 -3.719521 13.147804 7.170660 -5.581000 -11.623348 -3.495151 -5.723362 4.894470 1.386262 4.893336 2.495752 6.079767 -0.000000 0.000000 -0.000000 2.019179 -2.284754 1.908987 -2.945323 8.525088 0.507769 -4.444764 -4.929963 -0.603433 0.000544 -0.741189 -0.084095
-1.952315 0.959388 1.726166 -4.539100 -1.016073 -1.313580 -1.685679 4.310704 2.866803 -0.906401 -3.919433 1.291184 -0.904894 1.900276 1.199124 -0.589951 7.259401 0.909024 -0.123279 17.469359 -1.061783 0.133176 -3.581206 -1.917934 -2.649231 8.286550 7.724883 -22.914842 -17.524828 66.145162 31.933082 39.774329 17.209259 1.630390 14.557836 -9.176043 -0.142479 6.853685 -6.777948 7.629870 -22.794895 -68.516903 -36.383572 55.783102 -22.622330 -3.974876 13.122052 6.837414 -5.754984 -10.968737 -3.566587 -6.057980 3.643637 1.169320 5.622505 2.957519 7.029331 -0.000000 -0.000000 0.000000 2.183135 -2.050484 2.124686 -3.700486 9.564899 0.499976 -5.084106 -5.779551 -0.862480 0.000065 -0.948935 -0.008837
-1.958757 0.958417 1.735626 -3.272212 -1.318085 -1.189515 -1.595996 4.263554 2.745275 -0.859590 -3.939539 1.236178 -0.858133 1.880240 1.148872 -0.558571 7.244593 0.870852 -0.255199 17.638364 -0.899424 -0.167408 -3.270517 -1.572514 -2.606484 8.422944 7.774122 -23.157324 -17.499468 66.494978 31.861655 41.286271 17.406680 1.679580 14.703763 -8.325104 -0.082278 7.008236 -6.853098 8.044779 -22.560743 -68.439560 -37.620274 55.767824 -23.795997 -4.321007 13.057761 6.600377 -6.629385 -10.475431 -3.474215 -6.069651 3.188641 0.853805 6.604482 3.456898 8.166781 -0.000000 -0.000000 0.000000 2.549345 -1.867838 2.383892 -4.590860 10.680501 0.452634 -5.731307 -6.646194 -1.169451 -0.001135 -1.157448 0.110387
-1.965404 0.957159 1.745144 -2.031052 -1.649670 -1.044189 -1.497345 4.230686 2.610805 -0.808202 -3.953257 1.175371 -0.806822 1.866598 1.093283 -0.524191 7.234593 0.828652 -0.405500 17.754686 -0.775044 -0.487215 -3.056487 -1.292302 -2.601921 8.479536 7.832531 -23.346413 -17.383514 66.787227 31.873305 42.727278 17.662120 1.727820 14.840951 -7.532311 -0.038701 7.132707 -6.918916 8.417917 -22.240962 -68.288960 -38.973398 55.818500 -25.074696 -4.684915 12.934880 6.509705 -7.952523 -9.905817 -3.311264 -5.509390 3.021940 0.693532 7.065124 4.039312 8.273519 0.000000 0.000000 -0.000000 2.982223 -1.811873 2.625446 -5.623854 12.036637 0.405237 -6.302399 -7.495954 -1.472203 -0.002949 -1.487637 0.227158
-1.972256 0.955358 1.754892 -0.771382 -2.040897 -0.809992 -1.398674 4.217845 2.426461 -0.754185 -3.958030 1.092418 -0.752876 1.861896 1.015816 -0.489447 7.231340 0.769935 -0.596806 17.798538 -0.704530 -0.863298 -2.976309 -1.098322 -2.693567 8.352482 7.879617 -23.489794 -17.036157 67.019524 32.064705 44.122397 18.008112 1.742483 14.969761 -6.776679 -0.043505 7.168793 -6.956205 8.650278 -21.730746 -67.998780 -40.415890 55.907079 -26.394713 -5.080377 12.699843 6.625780 -10.013803 -9.140842 -3.113394 -3.892356 3.021679 0.854661 6.506174 4.970271 6.398980 0.000000 -0.000000 -0.000000 3.525863 -1.863334 2.765590 -6.973832 13.690947 0.353565 -6.719788 -8.531918 -1.733812 -0.004720 -1.793495 0.297474
-1.979313 0.953268 1.764698 0.461475 -2.464573 -0.556842 -1.290378 4.221375 2.230621 -0.695358 -3.955516 1.004293 -0.694141 1.864482 0.933666 -0.451472 7.233547 0.707681 -0.808787 17.793064 -0.676740 -1.263261 -2.986967 -0.976039 -2.827063 8.146810 7.926203 -23.579770 -16.595801 67.203814 32.351517 45.447206 18.418756 1.748602 15.088784 -6.077535 -0.066357 7.174202 -6.988687 8.843081 -21.140357 -67.626716 -41.992687 56.054483 -27.830362 -5.506046 12.408418 6.888527 -12.520504 -8.306667 -2.879580 -1.705458 3.317332 1.157072 5.314729 5.987987 3.480900 0.000000 -0.000000 -0.000000 4.137131 -2.035654 2.880214 -8.478030 15.579565 0.287385 -7.061048 -9.550426 -1.994637 -0.007203 -2.220879 0.365038
-1.986314 0.951596 1.774087 1.581303 -2.852672 -0.491361 -1.149958 4.233297 2.157427 -0.628986 -3.949402 0.970464 -0.627923 1.870681 0.906577 -0.403855 7.238354 0.687023 -1.007834 17.796140 -0.683146 -1.628142 -2.981015 -0.921104 -2.887686 8.076961 7.996665 -23.586101 -16.390282 67.247754 32.563542 46.475477 18.877008 1.782923 15.179173 -5.605334 -0.009971 7.238038 -7.090215 9.124942 -20.784555 -67.422740 -43.432114 56.592919 -29.352026 -5.862636 12.205716 7.172826 -14.351174 -7.514648 -2.604322 -0.155371 3.774091 1.339084 4.148827 6.408337 1.149103 -0.000000 -0.000000 -0.000000 4.547212 -2.461143 3.134563 -9.633119 17.692344 0.243978 -7.484791 -9.907511 -2.312133 -0.014906 -3.328574 0.513009
-1.993283 0.950519 1.782959 2.547073 -3.190777 -0.778214 -0.953154 4.253588 2.312908 -0.550001 -3.939653 1.037870 -0.549141 1.880527 0.982007 -0.339278 7.245729 0.743810 -1.182517 17.833305 -0.739464 -1.931261 -2.911956 -0.966697 -2.800218 8.290641 8.151227 -23.543716 -16.666246 67.004128 32.749806 47.107025 19.557654 1.856625 15.244483 -5.474719 0.224417 7.427897 -7.340925 9.537697 -20.894733 -67.471274 -44.754768 57.740567 -31.141197 -6.133767 12.154915 7.496940 -14.947327 -6.798309 -2.198211 0.182895 4.474819 1.280444 3.337647 5.791419 0.114307 -0.000000 0.000000 0.000000 4.607512 -3.224752 3.661976 -10.200516 20.116477 0.256424 -8.119930 -9.270238 -2.621510 -0.034940 -5.459646 0.715057
-2.000197 0.949860 1.791413 3.403914 -3.480989 -1.248162 -0.726869 4.270354 2.591475 -0.464521 -3.931277 1.159742 -0.463835 1.888982 1.112562 -0.265717 7.251972 0.842233 -1.343359 17.879967 -0.828100 -2.197872 -2.825849 -1.076694 -2.635608 8.635574 8.345113 -23.413154 -17.162760 66.595251 32.868903 47.435096 20.271525 1.922461 15.290216 -5.582252 0.538366 7.684224 -7.652647 10.041457 -21.221558 -67.719297 -46.059942 59.294792 -33.099340 -6.331271 12.190077 7.848284 -14.863719 -6.120769 -1.704242 -0.123171 5.326495 1.128312 2.660446 4.605082 -0.322403 0.000000 -0.000000 0.000000 4.444984 -4.247910 4.317382 -10.411608 22.775705 0.318797 -8.860312 -7.972065 -2.972275 -0.073762 -8.271245 0.996235
-2.006720 0.949787 1.799276 4.193996 -3.680828 -1.603395 -0.525491 4.259924 2.808031 -0.386557 -3.934852 1.254229 -0.385981 1.885449 1.214963 -0.199775 7.249268 0.919375 -1.488863 17.916359 -0.888834 -2.445362 -2.758503 -1.140496 -2.497800 8.879733 8.442902 -23.056938 -17.455671 66.339006 32.583182 47.533530 20.433364 1.926787 15.299935 -5.772039 0.734935 7.898013 -7.849296 10.635707 -21.347377 -68.195796 -47.146450 60.972074 -34.731004 -6.391270 12.261871 8.057557 -14.651958 -5.468552 -1.294313 -0.564965 5.924269 1.027780 2.070757 3.584803 -0.643409 0.000000 0.000000 -0.000000 4.215161 -5.422678 4.844597 -10.461288 25.419336 0.419057 -9.533443 -6.367368 -3.588059 -0.149001 -11.295133 1.506664
-2.012753 0.950544 1.806414 4.962935 -3.770921 -1.711615 -0.377294 4.220549 2.887237 -0.324638 -3.951454 1.288125 -0.324152 1.868877 1.255146 -0.150421 7.236884 0.949525 -1.628056 17.928196 -0.900726 -2.697571 -2.736059 -1.116216 -2.435500 8.915217 8.356024 -22.338665 -17.339607 66.414224 31.555247 47.370977 19.617442 1.861229 15.238497 -6.049229 0.679567 8.027173 -7.826098 11.455817 -21.090747 -69.068442 -47.707781 62.830748 -35.594807 -6.189322 12.373835 8.153333 -14.461341 -4.836796 -1.069593 -0.996306 6.121276 1.055427 1.513096 2.978221 -0.996333 0.000000 0.000000 -0.000000 3.904743 -6.823012 5.139637 -10.314510 28.111030 0.570477 -10.221201 -4.228560 -4.666292 -0.310614 -14.767223 2.420633
-2.018396 0.951888 1.812960 5.662490 -3.777834 -1.700758 -0.252782 4.160596 2.902256 -0.269681 -3.977312 1.293732 -0.269294 1.843055 1.266338 -0.108432 7.217616 0.957777 -1.752308 17.928001 -0.885444 -2.931486 -2.735487 -1.046677 -2.401738 8.858294 8.162546 -21.399847 -17.045596 66.669947 30.113992 46.966900 18.259192 1.733482 15.138901 -6.405324 0.506499 8.103408 -7.695251 12.349999 -20.608924 -70.137400 -47.894198 64.822793 -35.973724 -5.844317 12.520388 8.113153 -14.147715 -4.223462 -0.929497 -1.556041 6.060843 1.129084 1.041067 2.536576 -1.242464 -0.000000 0.000000 -0.000000 3.546524 -8.369626 5.309502 -9.992369 30.789746 0.787667 -10.913313 -1.776307 -5.997975 -0.574668 -18.459799 3.555253
-2.023616 0.953263 1.819132 6.192236 -3.731986 -1.663612 -0.118860 4.077096 2.890030 -0.208918 -4.013598 1.287181 -0.208641 1.806797 1.265959 -0.062929 7.190551 0.957255 -1.833689 17.935065 -0.847004 -3.094173 -2.720931 -0.948952 -2.358649 8.814808 7.970331 -20.524588 -16.805720 66.934232 28.893589 46.500867 17.038312 1.527252 15.083358 -6.658672 0.422732 8.123197 -7.611476 12.891437 -20.024168 -70.865447 -48.189877 66.505714 -36.491400 -5.660943 12.653860 7.685454 -13.822473 -3.606297 -0.761316 -2.159295 5.776586 1.147269 0.766033 2.248593 -1.437372 -0.000000 -0.000000 0.000000 3.382191 -9.727244 5.410949 -9.785924 33.012936 1.010648 -11.239208 -0.030492 -7.212879 -0.842885 -21.211649 4.499156
-2.028469 0.954521 1.824975 6.486722 -3.637002 -1.650860 0.046608 3.965981 2.869886 -0.133510 -4.061981 1.276919 -0.133364 1.758435 1.263354 -0.006596 7.154439 0.954999 -1.850366 17.971699 -0.779074 -3.147312 -2.651328 -0.819054 -2.268840 8.828518 7.801143 -19.757567 -16.669299 67.149875 28.009602 45.998755 16.046612 1.185817 15.122856 -6.664680 0.535244 8.057429 -7.645500 12.776372 -19.352141 -70.987173 -48.694964 67.643624 -37.334077 -5.750318 12.807794 6.675546 -13.472556 -2.954229 -0.492108 -2.853309 5.218238 1.055241 0.780407 2.153301 -1.593327 -0.000000 -0.000000 -0.000000 3.470788 -10.808166 5.484921 -9.879655 34.751618 1.144039 -10.896620 0.488824 -8.322767 -1.038210 -22.547583 5.209138
-2.032900 0.955809 1.830445 6.611474 -3.489211 -1.611418 0.221529 3.831801 2.822146 -0.052296 -4.120600 1.254423 -0.052309 1.699834 1.249109 0.053225 7.110678 0.943934 -1.823984 18.014859 -0.687382 -3.128915 -2.569724 -0.659870 -2.169523 8.853859 7.634620 -19.053932 -16.581110 67.366031 27.337762 45.456241 15.168549 0.773559 15.208571 -6.564529 0.736730 7.937440 -7.728604 12.328580 -18.603899 -70.787416 -49.362977 68.468606 -38.395124 -6.015278 12.955525 5.273243 -13.107391 -2.298515 -0.201130 -3.587336 4.435085 0.916204 0.989272 2.214699 -1.702560 -0.000000 -0.000000 0.000000 3.757106 -11.698601 5.492002 -10.100146 36.034316 1.231213 -10.107467 0.318662 -9.355772 -1.158200 -22.946556 5.719702
-2.036713 0.957007 1.835625 6.662938 -3.306441 -1.486360 0.372600 3.683639 2.725705 0.020934 -4.185707 1.210555 0.020762 1.634726 1.212678 0.105426 7.062037 0.916133 -1.792175 18.016413 -0.594571 -3.101110 -2.565400 -0.499668 -2.134943 8.859161 7.517410 -18.563104 -16.596528 67.551774 27.113799 45.039479 14.722005 0.452744 15.272242 -6.608389 0.912937 7.851830 -7.804019 12.069493 -17.917511 -70.558258 -50.649293 69.238350 -40.054141 -6.445348 12.964636 3.802592 -12.872779 -1.710626 -0.007760 -4.133883 3.614578 0.797299 1.223095 2.309420 -1.789866 0.000000 -0.000000 -0.000000 4.308295 -12.322475 5.362849 -10.200176 36.502714 1.403540 -9.224303 0.015934 -9.957089 -1.148153 -22.665767 5.724256
-2.039743 0.958102 1.840537 6.666616 -3.087930 -1.219338 0.492252 3.517994 2.549794 0.084415 -4.258982 1.131660 0.084096 1.561440 1.140227 0.147668 7.007271 0.861158 -1.770122 17.951823 -0.502911 -3.091506 -2.683683 -0.337027 -2.229188 8.817645 7.483250 -18.442273 -16.759127 67.695604 27.562689 44.924924 14.962558 0.275772 15.297050 -6.916082 1.019167 7.845145 -7.855863 12.186292 -17.368417 -70.324618 -53.234740 70.046181 -42.959171 -7.162440 12.717162 2.243636 -12.828179 -1.219715 0.011364 -4.420165 2.801985 0.708429 1.438114 2.408850 -1.855001 -0.000000 -0.000000 -0.000000 5.347182 -12.631684 4.974598 -10.113234 35.950847 1.776683 -8.305018 -0.336427 -9.820551 -0.949548 -21.618476 4.933017
-2.042156 0.959106 1.845159 6.598501 -2.833930 -0.867405 0.588810 3.338761 2.325791 0.140088 -4.338579 1.031605 0.139631 1.481834 1.045827 0.182429 6.947753 0.789647 -1.743570 17.846142 -0.411044 -3.074327 -2.878284 -0.174532 -2.388842 8.754995 7.497445 -18.534827 -17.015640 67.805522 28.448963 44.926343 15.626251 0.187420 15.303966 -7.372072 1.100398 7.872196 -7.898590 12.488129 -16.886939 -70.057472 -56.623564 70.742305 -46.644778 -8.045091 12.313859 0.631955 -12.921099 -0.794867 -0.072259 -4.521312 1.955443 0.631208 1.678269 2.541290 -1.897755 0.000000 0.000000 -0.000000 6.648378 -12.655934 4.451911 -9.934916 34.578247 2.185279 -7.300384 -0.866358 -9.240796 -0.657136 -19.839170 3.723542
-2.044249 0.959938 1.849520 6.480293 -2.564014 -0.541435 0.652516 3.165693 2.126137 0.179667 -4.415605 0.942638 0.179089 1.404799 0.960880 0.205809 6.890105 0.725340 -1.705852 17.726103 -0.336414 -3.031270 -3.100080 -0.047086 -2.496581 8.717705 7.503960 -18.518890 -17.275552 67.878946 29.297293 44.676853 16.226165 0.185987 15.277839 -7.875295 1.176631 7.886287 -7.920146 12.916275 -16.393336 -69.954320 -59.373909 71.279008 -49.687951 -8.698798 11.972998 -0.640792 -13.129971 -0.416586 -0.155130 -4.435389 1.134607 0.578279 1.906099 2.668064 -1.943426 -0.000000 -0.000000 0.000000 7.606165 -12.455006 4.100089 -9.635304 32.643851 2.371274 -6.400579 -1.317634 -8.725891 -0.428922 -17.795994 2.739155
-2.046174 0.960582 1.853595 6.309272 -2.274065 -0.272484 0.675186 3.005247 1.975377 0.198254 -4.487136 0.875705 0.197602 1.333261 0.895832 0.214943 6.836518 0.676129 -1.652419 17.581573 -0.289664 -2.950320 -3.368223 0.024203 -2.502276 8.732699 7.483827 -18.274727 -17.514523 67.907026 29.984231 44.006185 16.610257 0.320310 15.201000 -8.442778 1.257212 7.871524 -7.904493 13.543838 -15.861913 -70.134625 -60.777795 71.685957 -51.403448 -8.923788 11.785208 -1.412662 -13.489840 -0.078592 -0.193261 -4.113405 0.329894 0.534949 2.117693 2.797980 -1.994165 0.000000 -0.000000 0.000000 8.010201 -12.025139 4.070845 -9.188000 30.073658 2.203174 -5.572948 -1.581975 -8.400682 -0.288502 -15.574812 2.105802
-2.047780 0.961055 1.857408 6.087925 -1.967673 -0.030357 0.664577 2.849637 1.850182 0.200609 -4.556603 0.820350 0.199934 1.263792 0.840716 0.212676 6.784450 0.634466 -1.587000 17.423068 -0.259181 -2.841835 -3.662864 0.061555 -2.455766 8.772525 7.456374 -17.920576 -17.757044 67.897896 30.612957 43.092943 16.902292 0.549568 15.095188 -9.055176 1.332554 7.843935 -7.867851 14.289910 -15.310545 -70.475754 -61.317842 71.998671 -52.255173 -8.906921 11.673432 -1.860403 -13.963684 0.211801 -0.230634 -3.605650 -0.447993 0.507435 2.317075 2.922116 -2.047667 0.000000 -0.000000 -0.000000 8.071174 -11.388115 4.214748 -8.577931 26.953780 1.831485 -4.844774 -1.750879 -8.114182 -0.193940 -13.121689 1.666070
-2.048913 0.961326 1.861059 5.844465 -1.676724 0.166526 0.634387 2.697273 1.751005 0.192831 -4.624635 0.776673 0.192163 1.195764 0.796250 0.203617 6.733442 0.600874 -1.515000 17.308236 -0.229104 -2.720407 -3.876535 0.094827 -2.389126 8.801635 7.423425 -17.491309 -17.987465 67.873921 31.046457 42.114848 17.019210 0.733541 14.994929 -9.558443 1.394117 7.804661 -7.846706 14.866362 -14.725748 -70.815146 -61.221690 72.235832 -52.431179 -8.832143 11.619769 -2.118181 -14.419203 0.455246 -0.295319 -3.060210 -1.109707 0.541092 2.478697 2.975295 -2.123223 -0.000000 0.000000 -0.000000 7.819287 -10.661159 4.382200 -7.778171 23.787416 1.461238 -4.457719 -1.825817 -7.972500 -0.145101 -10.741023 1.543399
-2.049398 0.961346 1.864573 5.572302 -1.415008 0.321856 0.583431 2.549045 1.677772 0.174413 -4.690837 0.744632 0.173783 1.129570 0.762341 0.187378 6.683790 0.575275 -1.432082 17.255592 -0.196800 -2.578881 -3.974870 0.127166 -2.292062 8.803444 7.374650 -16.947032 -18.174394 67.831479 31.208710 41.028768 16.878142 0.815782 14.901149 -9.879104 1.441052 7.744791 -7.857585 15.147121 -14.060000 -71.116194 -60.187888 72.372593 -51.615797 -8.736847 11.634019 -2.158516 -14.862592 0.656304 -0.439404 -2.469406 -1.635044 0.699442 2.600522 2.929193 -2.250267 -0.000000 0.000000 -0.000000 7.068452 -9.845917 4.551189 -6.639916 20.649363 1.134426 -4.657169 -1.823823 -8.194582 -0.137978 -8.414944 1.953955
-2.049411 0.961165 1.867925 5.277197 -1.169093 0.431892 0.512779 2.404155 1.631114 0.145838 -4.755566 0.724489 0.145282 1.064849 0.739296 0.164358 6.635225 0.557896 -1.342580 17.246798 -0.165196 -2.424468 -3.991837 0.155075 -2.174718 8.794428 7.320738 -16.327437 -18.348089 67.775104 31.199415 39.882751 16.581864 0.847994 14.804820 -10.093056 1.474460 7.672996 -7.883513 15.260585 -13.365999 -71.425895 -58.497895 72.412874 -50.105459 -8.584852 11.704703 -2.008693 -15.287802 0.809712 -0.610239 -1.842942 -2.046031 0.918353 2.685102 2.812089 -2.399829 0.000000 -0.000000 0.000000 6.009724 -8.939600 4.728177 -5.322674 17.457920 0.820768 -5.168820 -1.722997 -8.607104 -0.128245 -6.158570 2.599545
-2.049322 0.960910 1.871130 5.005422 -0.930745 0.467747 0.439406 2.259050 1.611931 0.114654 -4.820345 0.716555 0.114191 1.000076 0.728195 0.140288 6.586613 0.549533 -1.265342 17.284136 -0.127540 -2.294201 -3.922806 0.197524 -2.099898 8.788791 7.294953 -15.787107 -18.586215 67.739611 31.143501 38.990068 16.332838 0.846860 14.721203 -10.272999 1.488607 7.616605 -7.911101 15.305550 -12.784567 -71.708146 -57.287243 72.437069 -49.041344 -8.451505 11.784819 -1.887072 -15.542949 0.905163 -0.679146 -1.354199 -2.315840 1.056209 2.713387 2.643596 -2.503910 -0.000000 -0.000000 0.000000 5.232046 -8.055097 4.821722 -4.298732 14.478245 0.606542 -5.474721 -1.456272 -8.716340 -0.093956 -4.341762 2.868228
-2.049293 0.960597 1.874182 4.766013 -0.692624 0.404582 0.365772 2.104661 1.624157 0.081810 -4.889200 0.722594 0.081448 0.931227 0.730899 0.116018 6.534935 0.551586 -1.198923 17.397454 -0.077292 -2.187340 -3.712368 0.265694 -2.106158 8.774522 7.317513 -15.367362 -18.930105 67.724859 31.048341 38.475449 16.205397 0.798438 14.651074 -10.436300 1.479699 7.589868 -7.938775 15.320130 -12.369497 -71.947348 -57.075774 72.519859 -48.963358 -8.384062 11.854410 -1.891860 -15.533672 0.914361 -0.572773 -1.081533 -2.385107 1.044417 2.663504 2.403645 -2.532657 -0.000000 0.000000 -0.000000 4.940266 -7.172305 4.796575 -3.766783 11.626231 0.547180 -5.364262 -0.821512 -8.202339 -0.056410 -3.195969 2.444369
-2.049162 0.960209 1.877088 4.548901 -0.463149 0.267651 0.288901 1.950868 1.663734 0.046177 -4.957772 0.740798 0.045931 0.862659 0.745485 0.090560 6.483458 0.562604 -1.144957 17.556957 -0.022053 -2.104757 -3.415952 0.346704 -2.155237 8.764237 7.367861 -15.026817 -19.338685 67.732243 30.900780 38.212522 16.127956 0.714354 14.592626 -10.566658 1.451396 7.578483 -7.968675 15.268774 -12.067100 -72.158788 -57.352458 72.604755 -49.341482 -8.335847 11.934735 -1.926464 -15.352676 0.867550 -0.365025 -0.946087 -2.311832 0.955299 2.556540 2.112313 -2.515463 0.000000 0.000000 0.000000 4.925923 -6.313263 4.702640 -3.550833 8.985848 0.600319 -5.074895 -0.020209 -7.353657 -0.030030 -2.497497 1.679182
-2.048821 0.959823 1.879879 4.371906 -0.257611 0.103618 0.217722 1.822467 1.718885 0.012252 -5.015037 0.765850 0.012127 0.805396 0.767093 0.066906 6.440452 0.578916 -1.126843 17.675285 0.024331 -2.085803 -3.195611 0.424242 -2.194729 8.808872 7.417414 -14.796741 -19.767277 67.797335 30.783979 38.136836 16.078010 0.651609 14.558372 -10.684365 1.408904 7.567214 -7.993263 15.139764 -11.854986 -72.347714 -57.681889 72.602772 -49.686461 -8.240956 12.042386 -1.918301 -15.127628 0.844530 -0.148063 -0.884462 -2.244050 0.859069 2.437577 1.849354 -2.473450 -0.000000 0.000000 -0.000000 5.153864 -5.656577 4.592226 -3.554018 7.077425 0.696256 -4.777576 0.418911 -6.570106 -0.013863 -1.949922 1.002161
-2.048193 0.959426 1.882570 4.252957 -0.086365 -0.090207 0.150965 1.732624 1.796758 -0.020930 -5.055142 0.800945 -0.020931 0.765289 0.798819 0.044559 6.410304 0.602869 -1.165769 17.717203 0.058388 -2.168575 -3.116513 0.499419 -2.214612 8.941315 7.460439 -14.741882 -20.253230 67.943599 30.754336 38.293917 16.085576 0.635424 14.562929 -10.797544 1.345259 7.558294 -8.014361 14.923950 -11.741269 -72.529101 -58.028744 72.519136 -49.942230 -8.045638 12.205445 -1.842679 -14.870761 0.873846 0.066308 -0.895405 -2.214459 0.769474 2.299191 1.635029 -2.405924 0.000000 -0.000000 0.000000 5.759089 -5.342287 4.453011 -3.828377 6.352618 0.846856 -4.499614 0.140535 -5.955141 -0.005310 -1.461759 0.531360
-2.047354 0.959030 1.885146 4.174101 0.061163 -0.310471 0.090078 1.668247 1.889422 -0.052298 -5.083911 0.842572 -0.052181 0.736518 0.837262 0.024060 6.388651 0.631892 -1.240374 17.717780 0.084432 -2.314804 -3.113787 0.572458 -2.224755 9.128447 7.501963 -14.799981 -20.759050 68.149460 30.758139 38.637690 16.124665 0.639971 14.590828 -10.897241 1.267360 7.549618 -8.030140 14.630530 -11.717840 -72.685563 -58.420307 72.351404 -50.153822 -7.802989 12.397151 -1.726349 -14.569399 0.925249 0.290192 -0.980105 -2.190260 0.673226 2.148747 1.449291 -2.313558 0.000000 0.000000 0.000000 6.606009 -5.230950 4.299632 -4.304919 6.362470 1.042619 -4.207980 -0.503142 -5.423049 -0.001114 -1.121990 0.150577
-2.046422 0.958749 1.887585 4.099830 0.201401 -0.501505 0.048312 1.614186 1.962265 -0.074211 -5.108050 0.875268 -0.074012 0.712377 0.867733 0.010020 6.370486 0.654888 -1.310217 17.694999 0.100911 -2.449384 -3.154643 0.626721 -2.202363 9.321639 7.529834 -14.810490 -21.128806 68.377558 30.711494 38.966657 16.086079 0.646173 14.609465 -10.977662 1.201229 7.519677 -8.027216 14.274992 -11.736928 -72.774312 -58.512337 72.002648 -49.978062 -7.606818 12.552746 -1.571793 -14.313497 0.993389 0.467942 -1.078060 -2.221866 0.598601 2.054024 1.311014 -2.220441 -0.000000 0.000000 0.000000 7.254523 -5.081822 4.225686 -4.700928 6.273861 1.170262 -3.977863 -0.970007 -5.089915 0.000386 -0.911200 -0.066749
-2.045461 0.958665 1.889846 4.017640 0.334119 -0.645016 0.034697 1.572364 2.005603 -0.082203 -5.126662 0.894689 -0.081971 0.693764 0.886342 0.005482 6.356495 0.668920 -1.370740 17.649574 0.101819 -2.561963 -3.237913 0.649686 -2.109892 9.536081 7.541390 -14.698832 -21.301935 68.623811 30.567142 39.144405 15.858917 0.654391 14.611727 -11.061963 1.157047 7.458064 -7.994910 13.802640 -11.778987 -72.775147 -58.149979 71.418722 -49.251240 -7.480282 12.657860 -1.297044 -14.122782 1.094367 0.575167 -1.199320 -2.352228 0.568992 2.059261 1.246022 -2.141089 0.000000 0.000000 0.000000 7.531771 -4.805991 4.304873 -4.943163 5.778491 1.164966 -3.850251 -1.005757 -5.070113 0.000201 -0.888885 -0.029927
-2.044406 0.958696 1.891970 3.940351 0.459697 -0.759263 0.040281 1.540406 2.028831 -0.080713 -5.140823 0.905062 -0.080486 0.679603 0.896867 0.007410 6.345866 0.676847 -1.426495 17.580695 0.093392 -2.662982 -3.364967 0.654405 -1.984658 9.756285 7.540147 -14.536224 -21.341396 68.887448 30.367554 39.306092 15.550628 0.663843 14.604535 -11.127168 1.124537 7.375401 -7.943755 13.267995 -11.861105 -72.707337 -57.553041 70.653880 -48.196716 -7.401164 12.729279 -0.981670 -13.977759 1.213830 0.636422 -1.333877 -2.538479 0.561464 2.120600 1.228059 -2.061515 0.000000 -0.000000 0.000000 7.612702 -4.491660 4.464204 -5.105601 5.182637 1.091964 -3.779315 -0.859291 -5.241763 -0.001354 -0.998487 0.167549
-2.043184 0.958709 1.894068 3.870514 0.595413 -0.843614 0.051180 1.496582 2.026149 -0.075547 -5.160254 0.903870 -0.075339 0.660173 0.896199 0.011246 6.331302 0.676318 -1.450856 17.504117 0.092021 -2.708626 -3.506743 0.661761 -1.916352 9.887659 7.523073 -14.380195 -21.276390 69.134029 30.159474 39.658779 15.375472 0.654538 14.576555 -11.097991 1.098981 7.281767 -7.892149 12.850280 -11.989601 -72.588574 -56.937933 69.773600 -47.052353 -7.396453 12.745697 -0.868440 -13.909973 1.302542 0.669083 -1.390907 -2.702767 0.533676 2.173608 1.197738 -1.963283 0.000000 -0.000000 -0.000000 7.577995 -4.163500 4.581216 -5.137680 4.574391 1.025573 -3.708937 -0.739275 -5.352477 -0.002943 -1.049244 0.321412
-2.041737 0.958652 1.896193 3.809567 0.745431 -0.894366 0.063184 1.431358 1.990256 -0.068193 -5.189219 0.887877 -0.068009 0.631209 0.880952 0.015628 6.309605 0.664777 -1.421039 17.430353 0.103990 -2.658790 -3.644003 0.675321 -1.953994 9.863938 7.485067 -14.234717 -21.068308 69.346820 29.947151 40.258515 15.397190 0.615536 14.504509 -10.956871 1.084023 7.170481 -7.843208 12.632301 -12.167507 -72.402889 -56.477240 68.775003 -45.972158 -7.489648 12.676509 -1.123408 -13.976307 1.355741 0.678262 -1.291810 -2.837209 0.459645 2.193481 1.140713 -1.833621 0.000000 -0.000000 -0.000000 7.424308 -3.820547 4.616215 -4.972471 3.979788 0.979408 -3.637841 -0.731056 -5.298514 -0.002986 -0.953634 0.352004
-2.040123 0.958577 1.898292 3.756263 0.905721 -0.915198 0.080411 1.354208 1.928418 -0.057227 -5.223488 0.860304 -0.057081 0.596942 0.854493 0.021867 6.283946 0.644770 -1.360093 17.348689 0.122744 -2.553914 -3.796331 0.690946 -2.048948 9.751642 7.431357 -14.096007 -20.755027 69.544225 29.727583 41.050621 15.550512 0.562079 14.412604 -10.719028 1.075665 7.048153 -7.793956 12.529563 -12.391725 -72.166294 -56.013739 67.657709 -44.821916 -7.648118 12.541290 -1.578324 -14.120426 1.378699 0.659242 -1.115093 -2.950150 0.364144 2.204816 1.071412 -1.685274 0.000000 0.000000 -0.000000 7.153184 -3.463637 4.607928 -4.678392 3.372667 0.934827 -3.567676 -0.749067 -5.183357 -0.002391 -0.799550 0.338742
-2.038428 0.958507 1.900318 3.709044 1.081250 -0.916581 0.101424 1.272001 1.856771 -0.044105 -5.260000 0.828350 -0.044007 0.560430 0.823871 0.029399 6.256608 0.621621 -1.310194 17.243200 0.145344 -2.471096 -3.992608 0.717830 -2.144439 9.655382 7.373703 -14.011706 -20.478722 69.744795 29.540132 42.077983 15.857485 0.515528 14.361380 -10.358266 1.057977 6.944854 -7.753599 12.470935 -12.660034 -71.944710 -55.276062 66.488678 -43.415515 -7.818635 12.396224 -1.976093 -14.204108 1.336939 0.614451 -1.005346 -2.988102 0.280809 2.217066 0.973725 -1.538087 -0.000000 0.000000 -0.000000 6.850945 -3.121144 4.552590 -4.410195 2.763808 0.917680 -3.446130 -0.744755 -5.064327 -0.001817 -0.660421 0.315248
-2.036638 0.958438 1.902241 3.667882 1.283357 -0.894279 0.125820 1.182878 1.773939 -0.028944 -5.299587 0.791403 -0.028903 0.520845 0.788463 0.038092 6.226970 0.594862 -1.287450 17.098547 0.176203 -2.441918 -4.260945 0.770022 -2.237477 9.602537 7.311978 -14.043187 -20.303397 69.966024 29.425998 43.432887 16.405723 0.477457 14.374508 -9.867397 1.024065 6.877648 -7.730004 12.455459 -12.984861 -71.751309 -54.202851 65.263156 -41.697510 -8.014935 12.251275 -2.268569 -14.151423 1.195503 0.535928 -1.030160 -2.912384 0.222582 2.222388 0.831864 -1.397878 0.000000 0.000000 0.000000 6.475051 -2.796463 4.425740 -4.193499 2.141056 0.963308 -3.210559 -0.696948 -4.956073 -0.001367 -0.557967 0.280767
-2.034768 0.958375 1.904091 3.633022 1.500748 -0.852505 0.153988 1.088758 1.681196 -0.011648 -5.341397 0.750032 -0.011675 0.479036 0.748848 0.048056 6.195667 0.564930 -1.276101 16.930205 0.210817 -2.435587 -4.572972 0.833628 -2.330962 9.565756 7.246149 -14.129249 -20.163780 70.189309 29.370230 45.024879 17.123682 0.457958 14.431180 -9.251590 0.981120 6.829540 -7.715323 12.483912 -13.354718 -71.573361 -52.948395 63.971653 -39.816930 -8.223832 12.097621 -2.507038 -14.038362 0.989391 0.430602 -1.121540 -2.761228 0.177003 2.228375 0.661608 -1.258846 0.000000 -0.000000 -0.000000 6.066155 -2.487960 4.252283 -4.003864 1.516821 1.039724 -2.923381 -0.627019 -4.843317 -0.000969 -0.470476 0.236065
-2.032951 0.958348 1.905906 3.603137 1.704388 -0.814391 0.185718 1.002179 1.598682 0.006684 -5.379842 0.713217 0.006581 0.440590 0.713895 0.059137 6.166879 0.538521 -1.270190 16.768665 0.232959 -2.434999 -4.872535 0.875976 -2.376690 9.567252 7.187657 -14.133670 -20.009625 70.379200 29.312476 46.621056 17.787023 0.492007 14.525406 -8.505173 0.934539 6.779546 -7.695125 12.489358 -13.730491 -71.437407 -51.573439 62.673553 -37.899652 -8.366759 11.974318 -2.585019 -13.954567 0.788875 0.323663 -1.220757 -2.596449 0.140061 2.267794 0.494023 -1.123571 -0.000000 0.000000 0.000000 5.836774 -2.214308 4.103680 -3.919593 0.938945 1.073456 -2.719344 -0.550182 -4.738978 -0.000769 -0.406214 0.217039
-2.031224 0.958389 1.907709 3.571259 1.886552 -0.786105 0.226336 0.927773 1.533065 0.028098 -5.412840 0.683919 0.027903 0.407591 0.686771 0.073102 6.142173 0.518026 -1.269440 16.613730 0.234193 -2.436631 -5.160208 0.881280 -2.340921 9.630304 7.138236 -13.985357 -19.819961 70.517739 29.201833 48.151597 18.295641 0.617069 14.675625 -7.568027 0.888079 6.712897 -7.662564 12.455176 -14.103642 -71.367598 -49.973603 61.350358 -35.874518 -8.430450 11.903245 -2.479648 -13.925177 0.602171 0.221204 -1.325141 -2.415136 0.112627 2.370923 0.331629 -0.992577 0.000000 0.000000 -0.000000 5.895443 -1.977839 4.017903 -3.968693 0.409492 1.009671 -2.669036 -0.458564 -4.647758 -0.000812 -0.373997 0.248780
-2.029550 0.958466 1.909478 3.544271 2.054952 -0.761428 0.270577 0.860931 1.477627 0.050597 -5.442463 0.659159 0.050302 0.377967 0.664295 0.088223 6.119994 0.501041 -1.273790 16.465635 0.222932 -2.443225 -5.435376 0.865071 -2.257211 9.731427 7.096330 -13.755323 -19.617928 70.624275 29.071058 49.684027 18.741410 0.813920 14.865675 -6.501614 0.837980 6.644309 -7.624514 12.399397 -14.482490 -71.339762 -48.283076 60.009017 -33.840164 -8.443126 11.868889 -2.214123 -13.924997 0.420892 0.117940 -1.437181 -2.220199 0.093338 2.507629 0.171586 -0.865779 -0.000000 0.000000 0.000000 6.134978 -1.774004 3.957851 -4.121353 -0.073309 0.902311 -2.701541 -0.359636 -4.565796 -0.000975 -0.365002 0.306217
-2.027952 0.958522 1.911179 3.541450 2.203681 -0.744813 0.302376 0.800285 1.432539 0.067043 -5.469368 0.639044 0.066673 0.351061 0.645849 0.099125 6.099842 0.487104 -1.277258 16.355460 0.208346 -2.446340 -5.640223 0.841586 -2.178341 9.822611 7.068236 -13.520493 -19.420067 70.719633 28.967660 51.190774 19.176954 1.019665 15.035274 -5.483617 0.778358 6.597030 -7.587088 12.307122 -14.852595 -71.306962 -46.834526 58.763295 -32.091834 -8.394087 11.857850 -1.749005 -13.968387 0.290134 0.023149 -1.506365 -2.082571 0.075361 2.620267 0.037018 -0.744582 0.000000 -0.000000 -0.000000 6.445240 -1.609441 3.882499 -4.368772 -0.467584 0.840510 -2.739556 -0.291716 -4.493552 -0.001103 -0.361027 0.350006
-2.026421 0.958532 1.912790 3.576318 2.326884 -0.737944 0.312768 0.748003 1.398761 0.073405 -5.492612 0.624009 0.073004 0.327816 0.631460 0.102801 6.082422 0.476236 -1.278186 16.303834 0.193220 -2.443538 -5.736407 0.814933 -2.118190 9.886033 7.057413 -13.263785 -19.226325 70.797382 28.900678 52.692675 19.619555 1.211091 15.159197 -4.528363 0.697775 6.582905 -7.552580 12.164792 -15.218745 -71.254137 -45.663145 57.659629 -30.662637 -8.283459 11.864261 -1.048654 -14.087719 0.234111 -0.062316 -1.491280 -2.036266 0.058186 2.685033 -0.059641 -0.627970 -0.000000 0.000000 -0.000000 6.838601 -1.490038 3.765566 -4.752756 -0.752554 0.874221 -2.770813 -0.268148 -4.435619 -0.001135 -0.357801 0.363629
-2.024967 0.958519 1.914334 3.635285 2.430405 -0.738953 0.310764 0.701901 1.375444 0.073740 -5.513134 0.613656 0.073336 0.307293 0.621141 0.102285 6.067036 0.468443 -1.277967 16.290126 0.174923 -2.436830 -5.762276 0.781148 -2.062933 9.939504 7.060273 -13.002990 -19.036047 70.864148 28.862378 54.168405 20.055774 1.404607 15.260400 -3.621455 0.607830 6.590122 -7.518686 11.985886 -15.575985 -71.195162 -44.649078 56.664840 -29.436743 -8.117994 11.894750 -0.147225 -14.250718 0.228597 -0.139094 -1.433739 -2.047576 0.042733 2.725931 -0.130579 -0.516563 0.000000 0.000000 0.000000 7.302800 -1.409030 3.633161 -5.231816 -0.948142 0.954384 -2.807814 -0.275627 -4.387342 -0.001141 -0.359592 0.363605
-2.023636 0.958495 1.915840 3.696953 2.525886 -0.746955 0.307251 0.654072 1.360077 0.073033 -5.534419 0.606857 0.072630 0.286008 0.614270 0.101253 6.051075 0.463250 -1.275231 16.283498 0.154535 -2.424579 -5.775087 0.742427 -2.023878 9.988515 7.072266 -12.867076 -18.863980 70.959255 28.882773 55.528700 20.494449 1.573436 15.348871 -2.897914 0.537215 6.606403 -7.484607 11.795569 -15.895200 -71.126809 -43.839549 55.785469 -28.435384 -7.892614 11.954105 0.890909 -14.374810 0.246165 -0.200418 -1.408267 -2.085797 0.024881 2.757019 -0.189458 -0.413939 -0.000000 0.000000 0.000000 7.690538 -1.355163 3.522714 -5.672663 -1.074200 1.021730 -2.810631 -0.312819 -4.335092 -0.001135 -0.360993 0.360139
-2.022469 0.958455 1.917319 3.767118 2.617346 -0.766279 0.302847 0.601911 1.355046 0.071457 -5.557620 0.604677 0.071058 0.262807 0.611931 0.099918 6.033674 0.461475 -1.269638 16.274269 0.130385 -2.405713 -5.792849 0.695757 -2.010550 10.030824 7.095438 -12.938366 -18.723799 71.099712 29.037196 56.807108 21.003522 1.685695 15.429785 -2.407452 0.495370 6.630944 -7.447430 11.568066 -16.168045 -71.038101 -43.238135 55.023098 -27.655342 -7.578031 12.058938 2.111718 -14.440478 0.291182 -0.235642 -1.441153 -2.160631 -0.000193 2.779046 -0.233515 -0.321395 -0.000000 0.000000 -0.000000 7.945054 -1.332970 3.452963 -6.046190 -1.127864 1.055893 -2.755662 -0.383345 -4.275707 -0.001119 -0.359659 0.356472
-2.021425 0.958403 1.918760 3.839947 2.700798 -0.792597 0.296935 0.547998 1.357953 0.068845 -5.581595 0.606045 0.068456 0.238832 0.613033 0.098073 6.015689 0.462296 -1.261498 16.272132 0.104163 -2.381256 -5.797519 0.644176 -2.013472 10.068705 7.127679 -13.134278 -18.600619 71.267187 29.256306 57.971006 21.518078 1.751371 15.495423 -2.101167 0.472855 6.664424 -7.410060 11.329371 -16.402822 -70.940637 -42.800476 54.382154 -27.061419 -7.198092 12.188501 3.471444 -14.467103 0.359376 -0.255612 -1.506223 -2.262182 -0.027396 2.791345 -0.265446 -0.237581 -0.000000 0.000000 -0.000000 8.123485 -1.339052 3.404949 -6.381008 -1.112593 1.076116 -2.666603 -0.483706 -4.212510 -0.001091 -0.357935 0.349365
-2.020432 0.958360 1.920162 3.876626 2.775820 -0.812161 0.298559 0.492204 1.359113 0.069670 -5.606386 0.606625 0.069274 0.214041 0.613697 0.098760 5.997097 0.462784 -1.250469 16.275286 0.081946 -2.352780 -5.792319 0.598899 -2.015429 10.114456 7.158235 -13.335976 -18.466637 71.447638 29.328915 58.833458 21.822628 1.798803 15.536420 -1.967370 0.469995 6.696771 -7.380417 11.182691 -16.595690 -70.866452 -42.506437 53.872754 -26.631853 -6.827098 12.293009 4.770157 -14.430543 0.410356 -0.285921 -1.599127 -2.330154 -0.045886 2.805755 -0.307182 -0.162197 -0.000000 0.000000 -0.000000 8.249333 -1.350953 3.359825 -6.630476 -1.058505 1.082242 -2.574480 -0.601888 -4.141589 -0.001058 -0.357453 0.339307
-2.019470 0.958338 1.921519 3.858691 2.843670 -0.819560 0.314442 0.431742 1.355677 0.077059 -5.633216 0.605145 0.076624 0.187211 0.612968 0.104243 5.976981 0.462218 -1.237266 16.284826 0.066914 -2.322744 -5.775133 0.566076 -2.005864 10.178833 7.183123 -13.510943 -18.301262 71.647353 29.122097 59.278635 21.771394 1.831937 15.544141 -2.055096 0.496727 6.719571 -7.361436 11.178932 -16.739176 -70.833891 -42.392863 53.527512 -26.392021 -6.469474 12.354667 5.984804 -14.286974 0.423521 -0.337842 -1.746899 -2.335730 -0.047954 2.825166 -0.367500 -0.097145 -0.000000 -0.000000 -0.000000 8.336290 -1.373092 3.313133 -6.776072 -0.956063 1.065983 -2.493401 -0.743115 -4.055943 -0.001018 -0.359046 0.324890
-2.018558 0.958325 1.922836 3.804635 2.903057 -0.820366 0.337889 0.369397 1.350556 0.087894 -5.660862 0.602913 0.087402 0.159563 0.611835 0.112266 5.956257 0.461349 -1.221168 16.299633 0.055911 -2.288700 -5.748117 0.539611 -1.995347 10.251103 7.206320 -13.691399 -18.124924 71.859698 28.745125 59.421159 21.486942 1.842822 15.525766 -2.315121 0.543099 6.741234 -7.350109 11.267810 -16.841103 -70.825707 -42.409500 53.314517 -26.304756 -6.117527 12.390437 7.137538 -14.080292 0.419552 -0.400416 -1.922308 -2.307563 -0.041352 2.846659 -0.437634 -0.040550 -0.000000 -0.000000 -0.000000 8.370708 -1.401217 3.269597 -6.836362 -0.815249 1.034969 -2.409362 -0.902188 -3.962658 -0.000971 -0.361879 0.307524
-2.017687 0.958305 1.924132 3.731101 2.949697 -0.817333 0.357833 0.313415 1.342732 0.097275 -5.685695 0.599473 0.096734 0.134729 0.609348 0.119099 5.937642 0.459460 -1.199685 16.314561 0.045495 -2.244869 -5.720941 0.512325 -1.998332 10.311357 7.228951 -13.855960 -17.971931 72.051737 28.336638 59.421246 21.143801 1.844328 15.496573 -2.588842 0.579608 6.776972 -7.345521 11.400792 -16.920720 -70.820679 -42.413029 53.146332 -26.261558 -5.830237 12.406833 8.094940 -13.918050 0.419889 -0.465739 -2.039585 -2.271763 -0.038605 2.873315 -0.513235 0.013531 0.000000 -0.000000 0.000000 8.334967 -1.399721 3.224279 -6.820354 -0.695375 1.013313 -2.311121 -1.051411 -3.878833 -0.000930 -0.365081 0.291931
-2.016846 0.958273 1.925426 3.641019 2.979235 -0.811025 0.370708 0.267055 1.331316 0.103651 -5.706276 0.594425 0.103075 0.114146 0.604947 0.123537 5.922213 0.456132 -1.170659 16.328641 0.035120 -2.187066 -5.695439 0.482457 -2.022552 10.353733 7.251515 -13.993208 -17.852385 72.211571 27.907919 59.284543 20.765616 1.837979 15.453160 -2.838953 0.594824 6.837367 -7.348662 11.590523 -16.984524 -70.814084 -42.385267 52.986377 -26.246152 -5.633743 12.401248 8.814132 -13.842322 0.433970 -0.533141 -2.062769 -2.235725 -0.043109 2.907442 -0.594676 0.066724 -0.000000 0.000000 -0.000000 8.197086 -1.351470 3.171682 -6.708885 -0.614710 1.016952 -2.187798 -1.182766 -3.813464 -0.000900 -0.368977 0.279659
-2.016046 0.958235 1.926700 3.531463 2.996047 -0.800855 0.380094 0.227037 1.317257 0.108577 -5.724053 0.588192 0.107974 0.096369 0.599214 0.126790 5.908887 0.451801 -1.136248 16.342825 0.025338 -2.119483 -5.669787 0.451786 -2.060317 10.384154 7.273364 -14.115162 -17.756255 72.351296 27.461097 59.005001 20.341840 1.824609 15.398888 -3.102252 0.600184 6.911838 -7.358723 11.824408 -17.026039 -70.810683 -42.344351 52.871485 -26.274876 -5.499570 12.378909 9.337192 -13.811023 0.452146 -0.603106 -2.027827 -2.192339 -0.051670 2.946702 -0.681600 0.117380 0.000000 -0.000000 0.000000 7.988959 -1.273959 3.116957 -6.521032 -0.555120 1.029748 -2.050157 -1.304269 -3.757623 -0.000877 -0.373240 0.269161
-2.015310 0.958191 1.927916 3.410286 3.008946 -0.787812 0.385618 0.191791 1.302278 0.111813 -5.739722 0.581545 0.111192 0.080699 0.592895 0.128735 5.897141 0.447030 -1.100430 16.354848 0.014337 -2.048894 -5.648163 0.418405 -2.102948 10.400387 7.293914 -14.235957 -17.687805 72.474272 27.108425 58.728671 19.983737 1.812319 15.359970 -3.332389 0.600475 6.983861 -7.372147 12.015899 -17.045029 -70.803283 -42.204092 52.824684 -26.290064 -5.404009 12.359202 9.658384 -13.805461 0.467109 -0.669253 -1.956980 -2.146109 -0.066903 2.987209 -0.768559 0.166547 -0.000000 -0.000000 -0.000000 7.788752 -1.183326 3.071179 -6.323179 -0.521184 1.027970 -1.919356 -1.412269 -3.701406 -0.000855 -0.376027 0.260518
-2.014654 0.958142 1.929067 3.274740 3.019728 -0.772669 0.388366 0.161283 1.286674 0.113829 -5.753293 0.574613 0.113195 0.067128 0.586168 0.129736 5.886967 0.441952 -1.063845 16.364442 0.001822 -1.976383 -5.631058 0.381991 -2.152328 10.398823 7.312788 -14.373166 -17.654070 72.586543 26.896412 58.518811 19.736037 1.802105 15.352125 -3.502770 0.597248 7.047728 -7.387926 12.131823 -17.037342 -70.783793 -41.910770 52.825713 -26.256534 -5.344359 12.346115 9.740143 -13.833110 0.475296 -0.727257 -1.838693 -2.095368 -0.093264 3.027679 -0.855399 0.215838 0.000000 -0.000000 -0.000000 7.601927 -1.078441 3.043680 -6.114771 -0.521539 0.996355 -1.799360 -1.503205 -3.638682 -0.000834 -0.376204 0.254045
-2.014061 0.958088 1.930160 3.127572 3.026624 -0.754640 0.387254 0.135526 1.270149 0.114157 -5.764765 0.567265 0.113520 0.055656 0.578854 0.129430 5.878366 0.436432 -1.025858 16.371860 -0.011921 -1.900863 -5.617993 0.342843 -2.206567 10.383086 7.330481 -14.509486 -17.648114 72.682437 26.772408 58.313947 19.548484 1.791212 15.360023 -3.640534 0.588933 7.109111 -7.407148 12.205365 -17.007043 -70.760222 -41.518098 52.894066 -26.209240 -5.320988 12.337418 9.620022 -13.886465 0.480149 -0.781410 -1.684548 -2.041847 -0.126342 3.069398 -0.942272 0.263644 0.000000 -0.000000 0.000000 7.423046 -0.960251 3.024842 -5.896513 -0.547532 0.950187 -1.686197 -1.580642 -3.575425 -0.000816 -0.374904 0.249428
-2.013508 0.958037 1.931190 2.984871 3.033086 -0.732403 0.378655 0.113028 1.253526 0.111152 -5.774808 0.559871 0.110529 0.045613 0.571155 0.126606 5.870834 0.430624 -0.988530 16.375624 -0.027832 -1.825847 -5.611703 0.299969 -2.251301 10.361766 7.347763 -14.606593 -17.653440 72.747766 26.692244 58.073864 19.382361 1.780676 15.363432 -3.780186 0.575628 7.168556 -7.429314 12.249436 -16.966232 -70.749397 -41.099639 53.112412 -26.193973 -5.315106 12.342400 9.405123 -13.924375 0.485000 -0.838264 -1.551434 -1.995054 -0.155381 3.112362 -1.024184 0.306186 0.000000 -0.000000 -0.000000 7.313923 -0.847809 2.998013 -5.736716 -0.577698 0.911894 -1.589134 -1.651583 -3.519815 -0.000802 -0.373685 0.245810
-2.012985 0.957993 1.932162 2.850902 3.038770 -0.702676 0.359808 0.093265 1.235452 0.103649 -5.783664 0.551826 0.103063 0.036758 0.562348 0.120341 5.864189 0.423981 -0.952153 16.375207 -0.046069 -1.751811 -5.613166 0.253173 -2.280751 10.333947 7.366218 -14.641791 -17.664726 72.771641 26.637768 57.780560 19.223510 1.772434 15.354100 -3.929830 0.556058 7.226315 -7.453650 12.264880 -16.919306 -70.751697 -40.655375 53.511885 -26.226133 -5.325549 12.370024 9.127865 -13.936184 0.491849 -0.903431 -1.458000 -1.957754 -0.176619 3.160460 -1.100560 0.341724 0.000000 -0.000000 -0.000000 7.321804 -0.742662 2.955197 -5.680726 -0.611827 0.889284 -1.514062 -1.715655 -3.475338 -0.000793 -0.373028 0.243612
-2.012502 0.957953 1.933071 2.721402 3.044051 -0.668735 0.333474 0.076736 1.217261 0.092814 -5.791102 0.543724 0.092283 0.029323 0.553146 0.111558 5.858607 0.417040 -0.916430 16.371117 -0.066461 -1.678253 -5.621426 0.202655 -2.300674 10.300539 7.384369 -14.637691 -17.687700 72.765235 26.626072 57.452219 19.085307 1.764575 15.340450 -4.081343 0.531473 7.282086 -7.480979 12.250828 -16.861951 -70.766865 -40.179949 54.060399 -26.285366 -5.356444 12.412974 8.755650 -13.932561 0.498762 -0.971313 -1.385585 -1.927129 -0.193778 3.209839 -1.171970 0.372004 0.000000 0.000000 -0.000000 7.399370 -0.643058 2.904954 -5.683159 -0.650018 0.874945 -1.455047 -1.773151 -3.438418 -0.000788 -0.372451 0.242412
-2.012065 0.957912 1.933894 2.599667 3.053430 -0.639125 0.304305 0.063511 1.203807 0.080495 -5.797070 0.537734 0.080027 0.023356 0.545905 0.101817 5.854124 0.411578 -0.882548 16.363442 -0.089450 -1.607215 -5.636315 0.148005 -2.314012 10.272839 7.398284 -14.623857 -17.722490 72.747343 26.666920 57.102638 18.971270 1.752972 15.327236 -4.244759 0.505765 7.335592 -7.513150 12.217515 -16.793356 -70.810707 -39.737612 54.746506 -26.362612 -5.398147 12.455300 8.297762 -13.904344 0.503312 -1.031673 -1.335081 -1.904273 -0.207290 3.248906 -1.235114 0.398502 -0.000000 -0.000000 -0.000000 7.466633 -0.563271 2.855659 -5.676196 -0.671278 0.868456 -1.403615 -1.832058 -3.406683 -0.000780 -0.372067 0.240092
-2.011670 0.957868 1.934616 2.487918 3.068105 -0.616667 0.270997 0.054543 1.198267 0.065966 -5.801148 0.535273 0.065572 0.019280 0.541969 0.090678 5.851055 0.408608 -0.849639 16.354558 -0.118737 -1.535737 -5.653475 0.082007 -2.317659 10.257595 7.403951 -14.600568 -17.771988 72.722772 26.764410 56.729145 18.874755 1.734677 15.316998 -4.422289 0.480501 7.385892 -7.553597 12.161877 -16.710743 -70.891788 -39.337837 55.596309 -26.449956 -5.452076 12.490828 7.733332 -13.840338 0.503867 -1.082132 -1.313639 -1.888091 -0.216154 3.271324 -1.288853 0.421161 -0.000000 0.000000 0.000000 7.498290 -0.510762 2.806460 -5.634627 -0.664115 0.874513 -1.362080 -1.896432 -3.380147 -0.000763 -0.372022 0.235117
-2.011321 0.957824 1.935252 2.383936 3.086835 -0.598561 0.234843 0.048931 1.197442 0.049948 -5.803736 0.534914 0.049636 0.016693 0.539984 0.078576 5.849102 0.407110 -0.818576 16.342073 -0.150626 -1.466769 -5.677282 0.011856 -2.314709 10.248001 7.405309 -14.567498 -17.833344 72.686783 26.912188 56.334326 18.800244 1.712869 15.307446 -4.611789 0.454071 7.433854 -7.598845 12.086696 -16.617368 -71.001607 -38.965372 56.583161 -26.551898 -5.524465 12.527405 7.082337 -13.751723 0.502224 -1.125091 -1.314109 -1.879627 -0.221315 3.283464 -1.334293 0.440080 -0.000000 0.000000 -0.000000 7.519748 -0.478138 2.758248 -5.583606 -0.640025 0.888323 -1.328110 -1.962189 -3.358777 -0.000744 -0.372169 0.229021
-2.011045 0.957781 1.935832 2.284361 3.110428 -0.584932 0.204392 0.043992 1.196633 0.036463 -5.806011 0.534560 0.036220 0.014420 0.538261 0.068384 5.847386 0.405809 -0.793149 16.318964 -0.174444 -1.411195 -5.720636 -0.041207 -2.317398 10.235026 7.410330 -14.553366 -17.898075 72.643808 27.103989 55.939683 18.767837 1.692839 15.296052 -4.816676 0.425613 7.481980 -7.640348 12.010940 -16.521424 -71.130239 -38.651795 57.617478 -26.681771 -5.610378 12.568702 6.415439 -13.662892 0.501098 -1.157464 -1.315944 -1.883202 -0.226126 3.292800 -1.371495 0.456975 0.000000 0.000000 0.000000 7.527149 -0.457551 2.721829 -5.530895 -0.612534 0.895066 -1.286276 -2.025122 -3.340183 -0.000728 -0.372181 0.224279
-2.010863 0.957741 1.936361 2.188067 3.142049 -0.578587 0.182068 0.038258 1.195564 0.026604 -5.808618 0.534089 0.026412 0.011813 0.536789 0.060917 5.845423 0.404698 -0.774754 16.277012 -0.185734 -1.373239 -5.798782 -0.068336 -2.332883 10.212554 7.424253 -14.577528 -17.966678 72.590164 27.363508 55.555764 18.807733 1.678203 15.282920 -5.041680 0.391843 7.532984 -7.673530 11.938521 -16.423872 -71.283382 -38.419065 58.712034 -26.851573 -5.712336 12.619135 5.725324 -13.572549 0.500255 -1.174002 -1.319785 -1.902120 -0.231968 3.299977 -1.398865 0.472934 -0.000000 0.000000 -0.000000 7.510176 -0.450328 2.706440 -5.477687 -0.584945 0.885245 -1.223710 -2.083946 -3.323414 -0.000724 -0.372048 0.222885
-2.010755 0.957701 1.936834 2.096172 3.178503 -0.576744 0.165445 0.033210 1.194505 0.019277 -5.810905 0.533621 0.019122 0.009526 0.535578 0.055359 5.843702 0.403783 -0.761981 16.224497 -0.188883 -1.348664 -5.896424 -0.078258 -2.354002 10.186740 7.441885 -14.620611 -18.038844 72.529594 27.663363 55.171326 18.886755 1.665794 15.268146 -5.281908 0.356065 7.584239 -7.702926 11.865237 -16.323894 -71.455189 -38.250655 59.854734 -27.055853 -5.830398 12.673828 5.019519 -13.481977 0.499909 -1.179977 -1.324998 -1.933076 -0.237453 3.304369 -1.417993 0.486874 0.000000 -0.000000 -0.000000 7.479201 -0.455096 2.702927 -5.422836 -0.553955 0.868347 -1.153275 -2.139954 -3.309451 -0.000723 -0.371780 0.222845
-2.010685 0.957661 1.937259 2.008694 3.211095 -0.571133 0.155806 0.030557 1.189562 0.015223 -5.812113 0.531416 0.015090 0.008319 0.532961 0.052135 5.842794 0.401809 -0.754428 16.179171 -0.186518 -1.335708 -5.980623 -0.076147 -2.371510 10.166954 7.455546 -14.653324 -18.104742 72.477582 27.922910 54.775745 18.931826 1.650555 15.249008 -5.526390 0.327336 7.630291 -7.733616 11.798158 -16.226550 -71.618354 -38.126250 60.919415 -27.284965 -5.947633 12.720649 4.391599 -13.419450 0.503416 -1.188036 -1.309132 -1.970498 -0.241810 3.311532 -1.433723 0.497240 -0.000000 0.000000 -0.000000 7.461358 -0.459980 2.694427 -5.370600 -0.523161 0.858055 -1.098132 -2.192806 -3.298785 -0.000715 -0.371080 0.220657
-2.010645 0.957618 1.937638 1.925171 3.234011 -0.557654 0.154737 0.032276 1.178228 0.015259 -5.811360 0.526351 0.015126 0.009072 0.527900 0.051774 5.843362 0.397994 -0.756678 16.150437 -0.177916 -1.343134 -6.033883 -0.059077 -2.380282 10.157793 7.462437 -14.665876 -18.159508 72.441284 28.113488 54.349106 18.910921 1.628639 15.221897 -5.780570 0.310254 7.667598 -7.768218 11.737961 -16.134801 -71.763587 -38.066817 61.890145 -27.566389 -6.056818 12.755402 3.861479 -13.406038 0.516285 -1.204730 -1.255044 -2.016642 -0.243929 3.325892 -1.446258 0.503014 -0.000000 -0.000000 0.000000 7.472345 -0.460118 2.672834 -5.321597 -0.490044 0.861293 -1.073046 -2.244175 -3.291803 -0.000692 -0.369898 0.214303
-2.010644 0.957574 1.937970 1.846070 3.253085 -0.540375 0.160642 0.036377 1.162984 0.018566 -5.809534 0.519537 0.018416 0.010898 0.521422 0.053744 5.844737 0.393111 -0.764177 16.128917 -0.163873 -1.362251 -6.073659 -0.030064 -2.385455 10.154621 7.465288 -14.668146 -18.207795 72.413394 28.266541 53.912018 18.858105 1.603831 15.190330 -6.039136 0.300247 7.699743 -7.804016 11.684181 -16.045246 -71.900075 -38.061710 62.783518 -27.880963 -6.158206 12.780472 3.409706 -13.420685 0.532975 -1.223469 -1.179871 -2.069256 -0.244967 3.343029 -1.455395 0.505217 -0.000000 0.000000 0.000000 7.496459 -0.460375 2.646218 -5.275179 -0.457110 0.871182 -1.063236 -2.292370 -3.288057 -0.000661 -0.368284 0.205800
-2.010677 0.957532 1.938256 1.772807 3.277101 -0.523276 0.170028 0.038615 1.147424 0.023439 -5.808528 0.512584 0.023265 0.011904 0.514963 0.056886 5.845499 0.388242 -0.762829 16.104161 -0.149343 -1.365119 -6.119498 -0.003283 -2.393191 10.152933 7.464680 -14.660370 -18.253904 72.387634 28.393607 53.515198 18.801031 1.581730 15.162003 -6.275135 0.292614 7.731933 -7.838091 11.642349 -15.953206 -72.028279 -38.035647 63.522418 -28.139780 -6.240178 12.792949 3.070872 -13.428467 0.540316 -1.237142 -1.112574 -2.116001 -0.247553 3.355226 -1.465371 0.505353 -0.000000 -0.000000 0.000000 7.513721 -0.463512 2.621935 -5.233703 -0.435465 0.880704 -1.047548 -2.331990 -3.286783 -0.000632 -0.366101 0.197700
-2.010752 0.957492 1.938498 1.703545 3.305096 -0.508189 0.183687 0.040598 1.132289 0.030193 -5.807624 0.505820 0.029985 0.012807 0.508885 0.061459 5.846185 0.383660 -0.747518 16.071630 -0.135572 -1.341793 -6.179883 0.017139 -2.408319 10.150719 7.459248 -14.640636 -18.297525 72.359591 28.490904 53.129025 18.743806 1.561240 15.144471 -6.480471 0.284927 7.765708 -7.868606 11.616970 -15.856318 -72.150344 -37.947482 64.066312 -28.296887 -6.290324 12.787363 2.875457 -13.411261 0.535924 -1.242136 -1.067357 -2.149132 -0.254656 3.360304 -1.479416 0.504071 -0.000000 0.000000 0.000000 7.512804 -0.463913 2.603595 -5.197442 -0.432996 0.888716 -1.012295 -2.359115 -3.288969 -0.000606 -0.363598 0.190892
-2.010862 0.957453 1.938694 1.640122 3.338026 -0.493293 0.200826 0.040729 1.116836 0.038512 -5.807538 0.498915 0.038262 0.012893 0.502824 0.067203 5.846259 0.379092 -0.723378 16.035838 -0.121358 -1.302227 -6.246382 0.035226 -2.426013 10.149982 7.450362 -14.610859 -18.338951 72.333615 28.563149 52.783256 18.683165 1.542452 15.129889 -6.663393 0.279624 7.799560 -7.897374 11.603566 -15.756753 -72.264058 -37.831418 64.456275 -28.389652 -6.315480 12.768045 2.792882 -13.387169 0.522223 -1.242050 -1.030009 -2.176383 -0.263281 3.360445 -1.494299 0.500719 -0.000000 0.000000 0.000000 7.505036 -0.467202 2.587602 -5.166131 -0.441808 0.896370 -0.971164 -2.377658 -3.293630 -0.000580 -0.360526 0.184485
-2.010979 0.957418 1.938842 1.589470 3.387544 -0.477115 0.215581 0.029953 1.102456 0.045748 -5.812304 0.492499 0.045461 0.008126 0.497143 0.072171 5.842692 0.374807 -0.691691 15.999905 -0.107969 -1.248312 -6.313200 0.049038 -2.437949 10.152255 7.442707 -14.576989 -18.383414 72.316601 28.633895 52.617595 18.635015 1.531666 15.102700 -6.821557 0.279293 7.834111 -7.926973 11.594208 -15.656715 -72.363387 -37.720163 64.737714 -28.449208 -6.333230 12.747105 2.766158 -13.375591 0.493287 -1.240548 -0.986878 -2.208634 -0.267091 3.354479 -1.504558 0.494836 -0.000000 0.000000 0.000000 7.504445 -0.493007 2.570531 -5.141324 -0.449335 0.900067 -0.944062 -2.393979 -3.297065 -0.000554 -0.355990 0.178367
-2.011099 0.957387 1.938922 1.556043 3.461897 -0.459232 0.224465 0.004996 1.089740 0.050330 -5.823386 0.486839 0.050020 -0.002956 0.491948 0.075200 5.834387 0.370886 -0.653043 15.960966 -0.095544 -1.181094 -6.385659 0.058539 -2.439240 10.161065 7.437502 -14.535668 -18.437752 72.312920 28.700694 52.664769 18.594692 1.532596 15.038885 -6.947782 0.284262 7.872501 -7.959681 11.582204 -15.553980 -72.444040 -37.596824 64.888746 -28.451520 -6.345840 12.726556 2.798949 -13.384793 0.441075 -1.238219 -0.930752 -2.247618 -0.262211 3.339146 -1.508214 0.485028 0.000000 0.000000 -0.000000 7.510491 -0.554653 2.551448 -5.117029 -0.449102 0.897316 -0.941386 -2.411218 -3.297416 -0.000524 -0.348496 0.172365
-2.011226 0.957360 1.938955 1.535410 3.552827 -0.440063 0.230976 -0.030861 1.078106 0.053832 -5.839317 0.481673 0.053502 -0.018887 0.487137 0.077456 5.822443 0.367253 -0.606853 15.921881 -0.083969 -1.099510 -6.458443 0.063689 -2.434769 10.172886 7.433517 -14.490245 -18.495125 72.318145 28.766775 52.892172 18.567862 1.540037 14.962202 -7.049540 0.294203 7.911606 -7.993203 11.574410 -15.450705 -72.510296 -37.481509 64.931439 -28.423289 -6.350696 12.704230 2.887559 -13.406510 0.373626 -1.234383 -0.868849 -2.291608 -0.252545 3.317708 -1.507252 0.472682 0.000000 0.000000 0.000000 7.523767 -0.638787 2.531267 -5.099244 -0.447587 0.890615 -0.952741 -2.426245 -3.296527 -0.000494 -0.339539 0.166651
-2.011350 0.957336 1.938994 1.521169 3.647236 -0.419394 0.239739 -0.076836 1.067184 0.058323 -5.859739 0.476835 0.057968 -0.039311 0.482755 0.080485 5.807131 0.363942 -0.552631 15.894368 -0.074088 -1.002273 -6.509776 0.062636 -2.430863 10.178668 7.431767 -14.456726 -18.540226 72.326049 28.865091 53.341423 18.586945 1.546443 14.928730 -7.146553 0.310754 7.942657 -8.023251 11.583288 -15.355693 -72.568986 -37.462702 64.977448 -28.472440 -6.358593 12.686301 2.964102 -13.435346 0.309133 -1.230808 -0.809153 -2.346291 -0.243446 3.298781 -1.502146 0.461509 -0.000000 0.000000 -0.000000 7.559992 -0.724984 2.509262 -5.107505 -0.451672 0.883836 -0.966847 -2.436020 -3.296250 -0.000469 -0.332709 0.161625
-2.011468 0.957318 1.939059 1.512736 3.745736 -0.396514 0.251776 -0.138724 1.055767 0.064323 -5.887228 0.471793 0.063934 -0.066800 0.478322 0.084640 5.786520 0.360590 -0.481264 15.888969 -0.066279 -0.872229 -6.520114 0.051311 -2.432386 10.172072 7.433024 -14.446681 -18.565969 72.336785 29.047170 54.141893 18.699126 1.549307 14.972626 -7.255603 0.335445 7.960994 -8.049767 11.623913 -15.268328 -72.619727 -37.595967 65.072066 -28.661925 -6.374597 12.675212 3.004470 -13.476349 0.250691 -1.226490 -0.749945 -2.417221 -0.238269 3.285801 -1.491507 0.453329 -0.000000 0.000000 0.000000 7.643150 -0.813340 2.483027 -5.165303 -0.461773 0.879201 -0.983416 -2.439340 -3.297226 -0.000452 -0.330095 0.156980
-2.011582 0.957304 1.939131 1.510710 3.847708 -0.372105 0.266088 -0.210722 1.045023 0.071323 -5.919204 0.467064 0.070893 -0.098777 0.474305 0.089575 5.762544 0.357551 -0.401827 15.895145 -0.060031 -0.726535 -6.508963 0.034070 -2.434478 10.159435 7.436508 -14.448552 -18.579432 72.350253 29.272920 55.163707 18.869925 1.549530 15.059546 -7.360532 0.366795 7.971303 -8.072761 11.681331 -15.189191 -72.662749 -37.827828 65.169888 -28.931007 -6.393481 12.668532 3.032807 -13.524468 0.195204 -1.222380 -0.692939 -2.498840 -0.233676 3.275329 -1.476722 0.446323 0.000000 0.000000 -0.000000 7.749271 -0.903643 2.454631 -5.249145 -0.477491 0.874502 -1.002736 -2.437409 -3.298816 -0.000440 -0.329607 0.153022
-2.011689 0.957289 1.939209 1.510446 3.938204 -0.348059 0.284268 -0.274649 1.038144 0.079847 -5.947582 0.464061 0.079369 -0.127156 0.472167 0.095788 5.741267 0.355932 -0.341137 15.893011 -0.054958 -0.615356 -6.513139 0.021497 -2.428865 10.150725 7.440917 -14.443642 -18.586538 72.359906 29.426446 56.060155 18.997051 1.546359 15.142995 -7.431029 0.401914 7.978829 -8.088058 11.722912 -15.128839 -72.705933 -38.080736 65.246814 -29.199682 -6.410314 12.665108 3.053666 -13.559151 0.151566 -1.223319 -0.651275 -2.580166 -0.224943 3.265670 -1.462438 0.438746 -0.000000 0.000000 -0.000000 7.822093 -0.975105 2.430378 -5.308087 -0.504483 0.866960 -1.014389 -2.430800 -3.300956 -0.000433 -0.328573 0.151075
-2.011784 0.957270 1.939304 1.507746 4.010803 -0.324389 0.309219 -0.324696 1.036447 0.091117 -5.969771 0.463369 0.090575 -0.149347 0.472619 0.104244 5.724633 0.356268 -0.309853 15.876432 -0.050040 -0.558923 -6.544014 0.019368 -2.409446 10.151666 7.445892 -14.425907 -18.588502 72.364663 29.464344 56.751298 19.037883 1.538906 15.215256 -7.451533 0.444297 7.984152 -8.091060 11.741291 -15.092095 -72.756114 -38.347084 65.305484 -29.460138 -6.423674 12.666144 3.060814 -13.569525 0.127952 -1.233822 -0.632410 -2.664304 -0.207931 3.257983 -1.447529 0.430092 0.000000 0.000000 0.000000 7.842117 -1.012954 2.414070 -5.322327 -0.554793 0.852923 -1.014038 -2.416063 -3.303639 -0.000435 -0.325947 0.152850
-2.011872 0.957249 1.939405 1.506788 4.071925 -0.301081 0.338030 -0.366671 1.038605 0.103913 -5.988360 0.464399 0.103297 -0.167937 0.474948 0.113979 5.710699 0.358022 -0.297334 15.851552 -0.046418 -0.536988 -6.590237 0.021664 -2.382319 10.156539 7.451822 -14.401386 -18.584093 72.365624 29.415626 57.317510 19.020213 1.530247 15.284301 -7.436905 0.490425 7.986682 -8.086383 11.743871 -15.074093 -72.806643 -38.633868 65.342999 -29.719590 -6.434972 12.670347 3.060467 -13.566481 0.116183 -1.249513 -0.628915 -2.748156 -0.186730 3.251110 -1.433121 0.420871 0.000000 0.000000 0.000000 7.828782 -1.032096 2.402267 -5.311647 -0.616361 0.836028 -1.006019 -2.396646 -3.306868 -0.000441 -0.322775 0.156635
-2.011963 0.957226 1.939475 1.515483 4.125884 -0.279986 0.363547 -0.399835 1.043871 0.115087 -6.003036 0.466811 0.114407 -0.182616 0.478494 0.122596 5.699697 0.360694 -0.298476 15.816915 -0.047079 -0.538966 -6.654560 0.020988 -2.357500 10.158140 7.458516 -14.369495 -18.575547 72.359523 29.259521 57.653025 18.932433 1.526866 15.327308 -7.401961 0.526858 7.989911 -8.083704 11.720144 -15.070901 -72.845360 -38.882604 65.327696 -29.917556 -6.443551 12.672863 3.075859 -13.562097 0.100616 -1.261954 -0.631584 -2.811439 -0.168947 3.239885 -1.427247 0.410859 0.000000 -0.000000 0.000000 7.784219 -1.056358 2.390700 -5.284507 -0.658672 0.824420 -0.992926 -2.383461 -3.310585 -0.000442 -0.319518 0.158618
-2.012058 0.957197 1.939495 1.536670 4.172946 -0.261776 0.384265 -0.422159 1.052774 0.123945 -6.012901 0.470834 0.123214 -0.192482 0.483416 0.129587 5.692303 0.364405 -0.314011 15.768014 -0.054062 -0.565498 -6.745361 0.013838 -2.337083 10.151782 7.465545 -14.324514 -18.561078 72.339062 28.969693 57.672388 18.761772 1.534038 15.326220 -7.346738 0.547252 7.994712 -8.087777 11.661267 -15.082111 -72.867789 -39.064659 65.241179 -30.019065 -6.448674 12.672051 3.114918 -13.553919 0.075608 -1.268598 -0.641814 -2.844874 -0.157362 3.220448 -1.433824 0.399514 0.000000 0.000000 -0.000000 7.687549 -1.094586 2.376713 -5.225430 -0.666389 0.823193 -0.972741 -2.382469 -3.314786 -0.000433 -0.316061 0.156871
-2.012156 0.957165 1.939484 1.567496 4.212836 -0.245757 0.401679 -0.435689 1.064812 0.131177 -6.018859 0.476246 0.130404 -0.198443 0.489563 0.135457 5.687837 0.369039 -0.343166 15.709343 -0.065333 -0.615887 -6.854279 0.003736 -2.318968 10.142147 7.473297 -14.272195 -18.542393 72.311559 28.578638 57.459891 18.526200 1.546247 15.299138 -7.271170 0.557946 8.000215 -8.093873 11.576087 -15.108262 -72.878438 -39.206652 65.102363 -30.056868 -6.451140 12.669636 3.169711 -13.544389 0.046803 -1.272015 -0.658186 -2.857740 -0.149183 3.196666 -1.448937 0.387382 0.000000 0.000000 0.000000 7.559661 -1.137989 2.363101 -5.149917 -0.654843 0.827263 -0.947481 -2.387704 -3.319480 -0.000418 -0.312519 0.153321
-2.012271 0.957137 1.939462 1.607342 4.249049 -0.231733 0.413139 -0.445808 1.077701 0.135718 -6.023314 0.482029 0.134919 -0.202899 0.495807 0.139327 5.684497 0.373746 -0.378587 15.652953 -0.077732 -0.677564 -6.958940 -0.006147 -2.306878 10.136067 7.482801 -14.229124 -18.527042 72.295642 28.153910 57.164561 18.260010 1.553385 15.277398 -7.190083 0.564536 8.007305 -8.097450 11.480610 -15.146888 -72.878591 -39.332308 64.935793 -30.071369 -6.452596 12.665872 3.239695 -13.552911 0.015473 -1.271386 -0.667252 -2.857593 -0.143676 3.174964 -1.468872 0.375868 0.000000 0.000000 -0.000000 7.465356 -1.183869 2.353623 -5.112916 -0.639522 0.829497 -0.925793 -2.392195 -3.324644 -0.000405 -0.309696 0.149943
-2.012416 0.957116 1.939434 1.658243 4.283248 -0.219404 0.418039 -0.453952 1.090277 0.137355 -6.026906 0.487665 0.136545 -0.206491 0.501609 0.140996 5.681802 0.378118 -0.421418 15.599371 -0.091197 -0.752688 -7.058362 -0.015266 -2.303095 10.140099 7.495606 -14.199917 -18.520979 72.299453 27.696186 56.804734 17.956721 1.551004 15.274420 -7.102097 0.566500 8.017300 -8.096525 11.376649 -15.200858 -72.866303 -39.446896 64.743136 -30.072775 -6.453808 12.659737 3.331463 -13.592263 -0.020194 -1.265664 -0.660400 -2.843283 -0.141047 3.157480 -1.494402 0.365115 -0.000000 0.000000 0.000000 7.437932 -1.235091 2.350066 -5.146252 -0.621253 0.826003 -0.911039 -2.394869 -3.330261 -0.000397 -0.308306 0.147591
-2.012578 0.957098 1.939395 1.718159 4.313769 -0.209060 0.416981 -0.458693 1.103723 0.136299 -6.028999 0.493679 0.135494 -0.208583 0.507516 0.140664 5.680230 0.382569 -0.470514 15.548054 -0.105742 -0.839126 -7.153549 -0.024052 -2.305336 10.147669 7.510190 -14.179901 -18.518345 72.314798 27.211852 56.361276 17.629635 1.542923 15.276761 -7.008862 0.564361 8.028859 -8.093074 11.262371 -15.267314 -72.843414 -39.544853 64.522804 -30.050484 -6.454097 12.652342 3.438413 -13.649671 -0.058389 -1.255840 -0.646248 -2.815953 -0.141078 3.142078 -1.524753 0.354986 -0.000000 0.000000 0.000000 7.444088 -1.288724 2.350422 -5.218105 -0.599233 0.820638 -0.899858 -2.396802 -3.336346 -0.000390 -0.307635 0.145409
-2.012733 0.957084 1.939349 1.780350 4.339116 -0.201387 0.409123 -0.461123 1.119260 0.132123 -6.030077 0.500618 0.131340 -0.209661 0.514031 0.138050 5.679417 0.387477 -0.515129 15.509471 -0.118337 -0.917903 -7.225086 -0.030873 -2.310471 10.145914 7.522976 -14.171710 -18.509028 72.335799 26.766258 55.928264 17.332046 1.532068 15.275444 -6.929636 0.565297 8.038886 -8.088503 11.148319 -15.335169 -72.816942 -39.633687 64.294337 -30.013815 -6.452876 12.647071 3.540211 -13.706215 -0.092415 -1.244138 -0.637187 -2.786599 -0.142413 3.128761 -1.553880 0.346467 -0.000000 0.000000 -0.000000 7.448714 -1.333334 2.352725 -5.287952 -0.586506 0.817897 -0.890813 -2.394242 -3.342915 -0.000382 -0.306342 0.142810
-2.012873 0.957076 1.939290 1.843512 4.355844 -0.197514 0.392650 -0.459044 1.138064 0.123965 -6.029170 0.509003 0.123226 -0.208752 0.521587 0.132545 5.680090 0.393169 -0.553268 15.490421 -0.126237 -0.986263 -7.260336 -0.031420 -2.320789 10.123478 7.530966 -14.177296 -18.487925 72.365044 26.363053 55.524042 17.067724 1.518517 15.265504 -6.872198 0.572917 8.044256 -8.083397 11.035647 -15.400647 -72.789585 -39.711615 64.060345 -29.956684 -6.449572 12.646124 3.625813 -13.759261 -0.119610 -1.230498 -0.636793 -2.754561 -0.145615 3.119820 -1.581260 0.340282 -0.000000 -0.000000 -0.000000 7.443553 -1.362018 2.357223 -5.344780 -0.589187 0.819925 -0.885417 -2.385025 -3.350126 -0.000370 -0.303584 0.139513
-2.013007 0.957071 1.939223 1.908943 4.367408 -0.196332 0.369376 -0.454654 1.158971 0.112685 -6.027251 0.518318 0.112008 -0.206830 0.529757 0.124758 5.681518 0.399323 -0.586963 15.484106 -0.132186 -1.047001 -7.271937 -0.030039 -2.333983 10.091725 7.537154 -14.194727 -18.460135 72.399955 25.994727 55.131013 16.828952 1.502593 15.251852 -6.828717 0.583615 8.048103 -8.077185 10.923199 -15.467522 -72.758620 -39.780737 63.818288 -29.885421 -6.444714 12.647261 3.706266 -13.811446 -0.142636 -1.215006 -0.641493 -2.720502 -0.150126 3.112960 -1.607415 0.335704 0.000000 -0.000000 -0.000000 7.436849 -1.381688 2.363715 -5.399596 -0.601149 0.824599 -0.882160 -2.371317 -3.357818 -0.000356 -0.300204 0.135799
-2.013136 0.957067 1.939167 1.973813 4.382665 -0.195168 0.343899 -0.455631 1.179680 0.100447 -6.027725 0.527549 0.099837 -0.207301 0.537746 0.116244 5.681151 0.405339 -0.611516 15.480612 -0.141407 -1.089450 -7.278366 -0.038162 -2.340054 10.071885 7.546917 -14.220831 -18.430848 72.426945 25.702058 54.790422 16.644167 1.488129 15.240322 -6.794762 0.593736 8.056727 -8.069538 10.818066 -15.536029 -72.723016 -39.854065 63.579896 -29.827744 -6.439320 12.647182 3.794384 -13.851744 -0.162787 -1.200133 -0.652956 -2.697406 -0.152915 3.101309 -1.627872 0.331536 -0.000000 -0.000000 -0.000000 7.418245 -1.401634 2.369668 -5.444903 -0.617044 0.830043 -0.875062 -2.355862 -3.365525 -0.000342 -0.297384 0.131914
-2.013258 0.957062 1.939121 2.039854 4.408492 -0.193718 0.316069 -0.465839 1.200481 0.087184 -6.032310 0.536829 0.086645 -0.211884 0.545679 0.106963 5.677699 0.411311 -0.624755 15.475346 -0.157998 -1.108064 -7.288206 -0.064205 -2.329986 10.077825 7.563079 -14.252930 -18.402122 72.437791 25.504958 54.506958 16.521222 1.475976 15.232221 -6.772299 0.602291 8.073402 -8.060487 10.726371 -15.608375 -72.681965 -39.944945 63.344462 -29.802005 -6.432632 12.644389 3.902217 -13.877553 -0.184180 -1.185625 -0.670761 -2.690021 -0.152256 3.080072 -1.640616 0.327532 -0.000000 0.000000 0.000000 7.377193 -1.428630 2.374124 -5.476229 -0.636660 0.836210 -0.859954 -2.338721 -3.373140 -0.000329 -0.294856 0.127967
-2.013376 0.957057 1.939086 2.105337 4.438013 -0.192266 0.286035 -0.481412 1.221082 0.072963 -6.039287 0.546022 0.072502 -0.218860 0.553429 0.096958 5.672452 0.417143 -0.628854 15.472928 -0.177876 -1.108385 -7.292832 -0.099785 -2.312827 10.095695 7.582816 -14.293730 -18.371937 72.440737 25.378104 54.276879 16.447058 1.465599 15.226238 -6.759207 0.610257 8.094851 -8.049994 10.641982 -15.682319 -72.636290 -40.039245 63.112584 -29.789155 -6.425425 12.640416 4.017720 -13.891470 -0.202712 -1.171748 -0.695320 -2.693602 -0.149878 3.054041 -1.647663 0.323938 0.000000 0.000000 -0.000000 7.324242 -1.455897 2.378082 -5.498046 -0.660203 0.843157 -0.841007 -2.319829 -3.380763 -0.000317 -0.292890 0.123849
-2.013497 0.957055 1.939088 2.162241 4.459448 -0.189030 0.258838 -0.498425 1.238301 0.060159 -6.046903 0.553705 0.059767 -0.226474 0.559813 0.087904 5.666726 0.421946 -0.625626 15.477269 -0.194003 -1.096382 -7.284908 -0.131119 -2.305690 10.105143 7.603003 -14.348123 -18.339391 72.446877 25.292850 54.128915 16.417252 1.458659 15.224295 -6.744881 0.616915 8.117539 -8.037622 10.553590 -15.751415 -72.587437 -40.109254 62.897976 -29.761325 -6.420954 12.636450 4.117571 -13.890256 -0.207350 -1.161742 -0.729544 -2.706895 -0.147919 3.030729 -1.650589 0.320304 0.000000 0.000000 0.000000 7.280684 -1.472404 2.381917 -5.516269 -0.682957 0.849163 -0.824748 -2.301749 -3.388249 -0.000306 -0.293474 0.119473
-2.013629 0.957055 1.939139 2.208545 4.471462 -0.183300 0.235994 -0.518152 1.250920 0.049501 -6.055720 0.559339 0.049167 -0.235290 0.564364 0.080311 5.660103 0.425367 -0.613488 15.491955 -0.202840 -1.070400 -7.257755 -0.152204 -2.318495 10.096504 7.622891 -14.427109 -18.301731 72.460750 25.260307 54.097400 16.451346 1.456756 15.228184 -6.727130 0.621228 8.141925 -8.022186 10.445558 -15.809972 -72.534414 -40.125965 62.697039 -29.687706 -6.421538 12.632112 4.191169 -13.868883 -0.194073 -1.156064 -0.779406 -2.734223 -0.146679 3.012674 -1.648243 0.315890 -0.000000 -0.000000 -0.000000 7.257256 -1.475702 2.386436 -5.533563 -0.706399 0.852006 -0.816947 -2.283990 -3.395041 -0.000298 -0.297234 0.114803
-2.013765 0.957057 1.939226 2.246267 4.475386 -0.175818 0.215983 -0.539314 1.260145 0.040257 -6.065170 0.563458 0.039974 -0.244740 0.567545 0.073669 5.653005 0.427755 -0.594028 15.513412 -0.207904 -1.032126 -7.218027 -0.168986 -2.341331 10.079436 7.643210 -14.519657 -18.261743 72.477646 25.267478 54.148216 16.527958 1.458324 15.236128 -6.708082 0.624229 8.167547 -8.004874 10.333478 -15.863624 -72.478248 -40.119830 62.513482 -29.600541 -6.424737 12.627657 4.249132 -13.832379 -0.166894 -1.154213 -0.838930 -2.771265 -0.145839 2.997337 -1.641773 0.311432 0.000000 -0.000000 -0.000000 7.243220 -1.468241 2.390816 -5.547259 -0.729053 0.853902 -0.811835 -2.267045 -3.401700 -0.000291 -0.303544 0.109872
-2.013895 0.957061 1.939343 2.273447 4.463440 -0.167014 0.199292 -0.554160 1.266429 0.032602 -6.071808 0.566260 0.032361 -0.251377 0.569570 0.068121 5.648019 0.429274 -0.573816 15.534804 -0.212752 -0.992539 -7.178414 -0.185624 -2.361560 10.062565 7.663036 -14.597604 -18.226786 72.494852 25.250067 54.207276 16.581713 1.460159 15.244701 -6.683648 0.628328 8.189496 -7.988798 10.252877 -15.922932 -72.423417 -40.151979 62.371972 -29.566241 -6.426623 12.625192 4.299963 -13.792591 -0.126809 -1.157970 -0.893104 -2.803807 -0.146626 2.984609 -1.636196 0.308687 0.000000 0.000000 -0.000000 7.227655 -1.446340 2.392947 -5.555271 -0.741771 0.859790 -0.798628 -2.254937 -3.409769 -0.000286 -0.312517 0.104694
-2.014020 0.957065 1.939500 2.289346 4.432034 -0.157176 0.185911 -0.560676 1.269631 0.026533 -6.074738 0.567680 0.026325 -0.254307 0.570374 0.063658 5.645816 0.429876 -0.554197 15.553871 -0.218416 -0.953780 -7.143112 -0.203538 -2.375068 10.048429 7.681718 -14.649056 -18.198506 72.514702 25.175678 54.259031 16.583990 1.461758 15.253609 -6.650983 0.636163 8.205068 -7.975600 10.227465 -15.995214 -72.370540 -40.261197 62.292082 -29.630567 -6.424890 12.625849 4.349517 -13.757173 -0.070554 -1.168340 -0.932074 -2.830733 -0.148541 2.973559 -1.632579 0.307647 0.000000 -0.000000 -0.000000 7.209186 -1.405498 2.392466 -5.558984 -0.744704 0.872227 -0.774192 -2.248506 -3.420947 -0.000282 -0.323916 0.099636
-2.014139 0.957071 1.939686 2.294691 4.384761 -0.146025 0.175852 -0.560874 1.269888 0.022052 -6.074853 0.567783 0.021870 -0.254422 0.570022 0.060289 5.645726 0.429608 -0.533818 15.572867 -0.223864 -0.913695 -7.107934 -0.221314 -2.385972 10.034497 7.699913 -14.685923 -18.175197 72.534964 25.076541 54.318959 16.563157 1.463631 15.263161 -6.612936 0.645102 8.216969 -7.963633 10.233502 -16.073185 -72.319041 -40.408485 62.253849 -29.747684 -6.421819 12.628485 4.391938 -13.718503 -0.001368 -1.184267 -0.965695 -2.853155 -0.152093 2.965118 -1.629853 0.308322 -0.000000 0.000000 -0.000000 7.189184 -1.350215 2.389703 -5.557012 -0.737694 0.888654 -0.741661 -2.246902 -3.433548 -0.000278 -0.337977 0.094329
-2.014237 0.957085 1.939871 2.289721 4.324616 -0.133132 0.169630 -0.553039 1.268065 0.019348 -6.071390 0.566955 0.019181 -0.250958 0.568919 0.058184 5.648321 0.428778 -0.515200 15.591718 -0.229575 -0.876809 -7.073012 -0.238920 -2.393966 10.021791 7.718678 -14.715761 -18.159174 72.546208 24.985340 54.359559 16.539340 1.464069 15.270825 -6.573983 0.649650 8.228401 -7.951085 10.235374 -16.145503 -72.271556 -40.537433 62.222819 -29.845741 -6.420397 12.631808 4.418156 -13.665518 0.070010 -1.204433 -1.008523 -2.860198 -0.160033 2.961981 -1.629832 0.312501 -0.000000 0.000000 0.000000 7.160842 -1.290310 2.383557 -5.543119 -0.711129 0.906338 -0.699658 -2.251614 -3.444042 -0.000272 -0.355523 0.087676
-2.014315 0.957098 1.940046 2.271759 4.248622 -0.118667 0.169429 -0.533851 1.264507 0.019365 -6.062865 0.565349 0.019199 -0.242434 0.567315 0.058067 5.654716 0.427573 -0.498554 15.611149 -0.236746 -0.843079 -7.037008 -0.258512 -2.397586 10.011237 7.737867 -14.738564 -18.151716 72.546109 24.907209 54.365654 16.513130 1.462539 15.275475 -6.529965 0.646845 8.241593 -7.936590 10.219691 -16.211190 -72.233382 -40.611511 62.189215 -29.884027 -6.421482 12.636614 4.425741 -13.578696 0.142814 -1.226576 -1.073352 -2.845529 -0.177316 2.959744 -1.635529 0.321109 -0.000000 0.000000 -0.000000 7.118753 -1.225592 2.374310 -5.511730 -0.659343 0.924944 -0.639217 -2.265426 -3.451290 -0.000257 -0.375912 0.078489
-2.014372 0.957119 1.940220 2.243468 4.159765 -0.102414 0.173065 -0.506631 1.258871 0.021158 -6.050762 0.562813 0.020982 -0.230331 0.564961 0.059213 5.663796 0.425806 -0.483671 15.630431 -0.244193 -0.812546 -7.001268 -0.277960 -2.398291 10.001911 7.757634 -14.754315 -18.151552 72.537034 24.837341 54.352453 16.484301 1.459548 15.278239 -6.485051 0.639651 8.254321 -7.921529 10.199893 -16.271208 -72.199205 -40.667605 62.163081 -29.903589 -6.424256 12.642075 4.417118 -13.477571 0.217885 -1.252800 -1.147403 -2.815496 -0.199008 2.962811 -1.643932 0.333218 -0.000000 0.000000 0.000000 7.068327 -1.156272 2.361537 -5.468401 -0.587999 0.944783 -0.569295 -2.285548 -3.456494 -0.000237 -0.399781 0.067948
-2.014387 0.957185 1.940386 2.213093 4.069980 -0.083375 0.174500 -0.479631 1.250989 0.022075 -6.038765 0.559270 0.021894 -0.218333 0.561511 0.059621 5.672796 0.423213 -0.472439 15.647312 -0.248838 -0.789863 -6.969964 -0.290822 -2.400174 9.992057 7.779480 -14.770529 -18.157211 72.516560 24.793627 54.338124 16.471903 1.454969 15.279947 -6.456198 0.631452 8.263106 -7.908215 10.180603 -16.317077 -72.155730 -40.758787 62.139869 -29.954509 -6.429202 12.644456 4.390500 -13.409638 0.286828 -1.288521 -1.206865 -2.778233 -0.213030 2.987087 -1.647820 0.347834 0.000000 -0.000000 -0.000000 7.018992 -1.092782 2.343137 -5.423584 -0.504488 0.964096 -0.515397 -2.305120 -3.459592 -0.000220 -0.429872 0.058513
-2.014352 0.957325 1.940550 2.184237 3.985848 -0.059502 0.170676 -0.457559 1.240771 0.020771 -6.028973 0.554682 0.020599 -0.208542 0.556791 0.058278 5.680141 0.419660 -0.466643 15.660280 -0.251595 -0.778024 -6.945904 -0.298144 -2.404044 9.985397 7.805618 -14.784973 -18.171454 72.479863 24.787400 54.331438 16.487037 1.449030 15.280484 -6.453693 0.624259 8.269112 -7.899777 10.157622 -16.344352 -72.099867 -40.855184 62.100559 -30.016168 -6.434445 12.641680 4.357682 -13.398219 0.346327 -1.338320 -1.238044 -2.740649 -0.212666 3.038922 -1.642840 0.362748 -0.000000 -0.000000 0.000000 6.962356 -1.043519 2.316553 -5.373355 -0.405488 0.982288 -0.488442 -2.323146 -3.460577 -0.000210 -0.468929 0.051259
-2.014276 0.957510 1.940706 2.153283 3.900794 -0.032843 0.164659 -0.435716 1.228289 0.018595 -6.019292 0.549081 0.018436 -0.198860 0.550969 0.056200 5.687404 0.415277 -0.464501 15.670845 -0.251563 -0.774027 -6.926288 -0.298914 -2.409103 9.978227 7.833834 -14.799820 -18.191572 72.431770 24.807284 54.323624 16.518612 1.441573 15.279962 -6.467236 0.616062 8.271175 -7.893083 10.135134 -16.357416 -72.034744 -40.986442 62.064057 -30.108886 -6.441907 12.635780 4.306875 -13.419966 0.399525 -1.397933 -1.254605 -2.695806 -0.204683 3.111976 -1.633351 0.380140 -0.000000 -0.000000 -0.000000 6.906823 -1.000127 2.284366 -5.321620 -0.294330 0.999959 -0.477514 -2.340641 -3.459393 -0.000203 -0.514217 0.045142
-2.014165 0.957684 1.940838 2.117653 3.807011 -0.008559 0.159603 -0.408250 1.213613 0.016931 -6.007109 0.542497 0.016782 -0.186677 0.544216 0.054430 5.696543 0.410192 -0.462546 15.681290 -0.242941 -0.773524 -6.906856 -0.283599 -2.417033 9.957650 7.859010 -14.829198 -18.207922 72.384297 24.836972 54.306559 16.552260 1.431901 15.279549 -6.482902 0.604201 8.262339 -7.881043 10.130301 -16.361022 -71.956394 -41.295202 62.082012 -30.344319 -6.457978 12.629066 4.200906 -13.452341 0.447683 -1.459645 -1.273754 -2.631062 -0.197264 3.203118 -1.625209 0.405580 0.000000 0.000000 0.000000 6.887007 -0.947840 2.252357 -5.290593 -0.188385 1.017154 -0.475368 -2.353769 -3.455869 -0.000193 -0.560251 0.039451
-2.014041 0.957823 1.940955 2.076277 3.702595 0.011383 0.158110 -0.376076 1.196767 0.016937 -5.992826 0.534943 0.016789 -0.172395 0.536663 0.053842 5.707259 0.404507 -0.458799 15.695570 -0.224548 -0.773247 -6.880265 -0.250737 -2.431639 9.922487 7.877900 -14.889681 -18.218245 72.348529 24.872227 54.285446 16.583830 1.418224 15.280347 -6.498903 0.587747 8.240362 -7.859670 10.151624 -16.349932 -71.866336 -41.836032 62.179898 -30.770180 -6.491496 12.618372 4.025424 -13.498621 0.495568 -1.518144 -1.311419 -2.549897 -0.194967 3.332265 -1.617326 0.443238 -0.000000 -0.000000 -0.000000 6.940445 -0.883182 2.223931 -5.302747 -0.092060 1.033945 -0.490296 -2.363667 -3.452945 -0.000186 -0.604758 0.035328
-2.013883 0.957951 1.941048 2.030235 3.589450 0.028996 0.157588 -0.338283 1.177718 0.017461 -5.976045 0.526402 0.017311 -0.155614 0.528174 0.053568 5.719849 0.398118 -0.455242 15.709750 -0.197569 -0.776460 -6.853817 -0.201805 -2.449129 9.873919 7.893791 -14.964668 -18.224847 72.313269 24.917196 54.255029 16.617456 1.402356 15.281270 -6.517053 0.567596 8.207521 -7.832920 10.190580 -16.329400 -71.763027 -42.561782 62.328605 -31.345790 -6.534946 12.606187 3.794779 -13.555477 0.538330 -1.578845 -1.351651 -2.448832 -0.193472 3.479532 -1.610821 0.488863 0.000000 -0.000000 0.000000 7.029593 -0.809531 2.196069 -5.335608 -0.000943 1.050276 -0.514006 -2.369198 -3.447654 -0.000179 -0.650010 0.031622
-2.013628 0.958093 1.941061 1.980177 3.465468 0.045101 0.153391 -0.286276 1.156416 0.016421 -5.952958 0.516841 0.016279 -0.132526 0.518508 0.052032 5.737169 0.390843 -0.454353 15.714303 -0.159756 -0.788626 -6.845173 -0.131656 -2.459803 9.802582 7.911415 -15.018533 -18.224938 72.257136 24.967920 54.191528 16.651011 1.388945 15.280201 -6.528830 0.543833 8.163644 -7.805586 10.238751 -16.319890 -71.637885 -43.463211 62.496649 -32.050728 -6.570764 12.603171 3.514593 -13.590389 0.562950 -1.649896 -1.363824 -2.304782 -0.187582 3.582084 -1.614844 0.535419 -0.000000 -0.000000 -0.000000 7.076434 -0.722420 2.164661 -5.343962 0.080823 1.065971 -0.514359 -2.363105 -3.431028 -0.000147 -0.697343 0.024146
-2.013247 0.958257 1.941013 1.935052 3.327444 0.062422 0.143154 -0.221832 1.132279 0.012799 -5.924359 0.506004 0.012678 -0.103927 0.507303 0.048449 5.758621 0.382410 -0.455552 15.714342 -0.111255 -0.808589 -6.844831 -0.040802 -2.456347 9.703118 7.932399 -15.042230 -18.210002 72.170545 25.002980 54.082364 16.675311 1.380271 15.274160 -6.531216 0.512995 8.109308 -7.780427 10.303566 -16.317383 -71.481575 -44.626407 62.705254 -32.948825 -6.592674 12.617639 3.149497 -13.619042 0.574099 -1.740523 -1.304575 -2.118209 -0.170739 3.603958 -1.633431 0.580101 0.000000 0.000000 0.000000 7.032520 -0.615605 2.125488 -5.324902 0.152340 1.081599 -0.453388 -2.343193 -3.399804 -0.000076 -0.748401 0.011610
-2.012771 0.958434 1.940886 1.885908 3.178582 0.078272 0.129238 -0.143191 1.105799 0.007621 -5.889459 0.494113 0.007530 -0.069027 0.494887 0.043608 5.784797 0.373066 -0.459402 15.704831 -0.051889 -0.837509 -6.862114 0.071338 -2.446148 9.580883 7.955214 -15.044724 -18.188564 72.063116 25.043162 53.940106 16.699089 1.373977 15.266127 -6.527225 0.478539 8.043975 -7.754563 10.377549 -16.325828 -71.303404 -45.977339 62.924906 -33.987401 -6.610482 12.640235 2.733841 -13.625516 0.567157 -1.841326 -1.217107 -1.888742 -0.148870 3.581107 -1.662505 0.625853 -0.000000 -0.000000 0.000000 6.946318 -0.495462 2.082027 -5.281325 0.214491 1.096527 -0.369009 -2.311693 -3.357303 0.000033 -0.801539 -0.004701
-2.012230 0.958628 1.940573 1.806584 3.026401 0.085454 0.114069 -0.036470 1.078428 0.001872 -5.842081 0.481813 0.001813 -0.021649 0.482003 0.038297 5.820332 0.363375 -0.470072 15.661095 0.021183 -0.884408 -6.942742 0.211810 -2.441537 9.442618 7.979981 -15.017458 -18.183447 71.942433 25.147336 53.778498 16.746706 1.367735 15.262933 -6.517381 0.450984 7.965820 -7.724234 10.429962 -16.377422 -71.122797 -47.246504 63.054493 -34.951437 -6.627720 12.655918 2.378319 -13.529794 0.515521 -1.932065 -1.200633 -1.591916 -0.135790 3.558557 -1.699030 0.674256 -0.000000 0.000000 -0.000000 6.885203 -0.376446 2.041698 -5.176726 0.265715 1.108935 -0.342895 -2.267945 -3.304412 0.000187 -0.853162 -0.025104
-2.011589 0.958846 1.940105 1.702993 2.852968 0.086062 0.095246 0.109417 1.049318 -0.005497 -5.777303 0.468721 -0.005518 0.043129 0.468162 0.031691 5.868917 0.352972 -0.490390 15.577885 0.107806 -0.954644 -7.096392 0.381520 -2.456168 9.275404 8.005528 -14.962782 -18.199855 71.805898 25.326133 53.629748 16.835768 1.362437 15.270945 -6.489571 0.435891 7.869347 -7.694334 10.465189 -16.483586 -70.928837 -48.428591 63.070593 -35.842857 -6.641145 12.656522 2.084119 -13.296481 0.443683 -2.027918 -1.305696 -1.233889 -0.117347 3.545659 -1.742278 0.721133 0.000105 0.020022 -0.067956 6.813880 -0.243119 2.000711 -4.951147 0.315446 1.122984 -0.406763 -2.216415 -3.238341 0.000410 -0.904992 -0.051945
-2.010884 0.959081 1.939450 1.569301 2.676182 0.078290 0.075169 0.283336 1.018911 -0.013408 -5.700067 0.455050 -0.013390 0.120364 0.453687 0.024626 5.926845 0.342095 -0.517382 15.460773 0.208699 -1.043144 -7.312645 0.580885 -2.476399 9.092268 8.033618 -14.878421 -18.232785 71.656252 25.567508 53.460803 16.947589 1.357168 15.283829 -6.455930 0.427727 7.760102 -7.659707 10.478781 -16.632458 -70.732053 -49.504606 63.001689 -36.635005 -6.650969 12.650811 1.850687 -12.960722 0.327785 -2.113096 -1.481610 -0.808302 -0.108820 3.533073 -1.792976 0.770655 0.000082 0.040049 -0.135910 6.767700 -0.110913 1.962809 -4.664560 0.353953 1.134927 -0.528834 -2.152492 -3.161891 0.000691 -0.955311 -0.082872
-2.010249 0.959315 1.938403 1.361801 2.557226 0.049160 0.063486 0.465819 0.990463 -0.017674 -5.619004 0.442261 -0.017635 0.201428 0.440466 0.020378 5.987646 0.332165 -0.546429 15.301479 0.328352 -1.143432 -7.606716 0.816976 -2.473521 8.938881 8.068550 -14.749163 -18.289780 71.509050 25.894616 53.187078 17.050702 1.346987 15.289349 -6.453359 0.420503 7.652972 -7.601402 10.426942 -16.821038 -70.583492 -50.169823 62.838624 -37.056003 -6.661343 12.651014 1.787154 -12.548801 0.068151 -2.121676 -1.676503 -0.271988 -0.169036 3.537821 -1.850290 0.836778 -0.000000 -0.000000 0.000000 6.919968 -0.040423 1.948625 -4.460426 0.351210 1.130882 -0.695549 -2.061831 -3.084412 0.000966 -0.995363 -0.111155
-2.009734 0.959530 1.936919 1.085681 2.512568 -0.001897 0.056769 0.654009 0.963547 -0.019796 -5.535389 0.430158 -0.019748 0.285044 0.428149 0.017798 6.050362 0.322916 -0.589404 15.083133 0.469977 -1.279583 -8.009557 1.100869 -2.434023 8.828937 8.113345 -14.571159 -18.378599 71.372826 26.294126 52.776561 17.113813 1.328775 15.280751 -6.503070 0.410786 7.560253 -7.506751 10.299759 -17.054111 -70.500542 -50.346233 62.567055 -37.022138 -6.658209 12.656896 1.899394 -12.039716 -0.352841 -2.017744 -1.920874 0.377413 -0.353279 3.557049 -1.933628 0.930168 0.000749 -0.111253 0.555101 7.334117 -0.053536 1.959663 -4.378474 0.305794 1.111275 -0.934997 -1.943650 -3.010825 0.001207 -1.022156 -0.135274
-2.009291 0.959743 1.935042 0.735691 2.525312 -0.074806 0.058534 0.850689 0.937920 -0.018204 -5.447982 0.418617 -0.018167 0.372451 0.416769 0.018061 6.115925 0.314372 -0.633986 14.823447 0.632169 -1.428372 -8.488309 1.425634 -2.371158 8.748752 8.164244 -14.348704 -18.491777 71.238223 26.774187 52.260010 17.163771 1.306191 15.264843 -6.583833 0.402674 7.470315 -7.388080 10.106898 -17.327588 -70.462367 -50.125309 62.208957 -36.630423 -6.652796 12.671010 2.181968 -11.457309 -0.919429 -1.840127 -2.187279 1.136550 -0.608786 3.593614 -2.023630 1.040022 0.000750 -0.282454 1.314095 7.946527 -0.129016 1.994413 -4.378955 0.219600 1.074937 -1.219033 -1.798564 -2.936848 0.001421 -1.038682 -0.156751
-2.008906 0.959993 1.932697 0.252357 2.606177 -0.182089 0.088924 1.044810 0.916928 -0.004073 -5.361659 0.409082 -0.004097 0.458773 0.408669 0.027944 6.180678 0.308289 -0.639234 14.565918 0.811702 -1.511477 -8.962976 1.769193 -2.296268 8.702907 8.214926 -14.078978 -18.614154 71.093650 27.386565 51.646226 17.253144 1.284444 15.249756 -6.668894 0.401403 7.362232 -7.263749 9.833629 -17.625481 -70.461520 -49.469251 61.810116 -35.893523 -6.685911 12.711251 2.727344 -10.896179 -1.681173 -1.634292 -2.336599 2.040502 -0.831078 3.673484 -2.061383 1.147830 -0.002463 -0.540292 1.834908 8.739810 -0.263199 2.068870 -4.485995 0.067914 1.005180 -1.449720 -1.614428 -2.858001 0.001582 -1.045166 -0.173421
-2.008535 0.960264 1.929789 -0.381568 2.759614 -0.323766 0.159881 1.236197 0.898061 0.028019 -5.276470 0.400367 0.027860 0.543961 0.403212 0.051443 6.244593 0.304181 -0.596898 14.337962 1.009373 -1.513004 -9.382947 2.129061 -2.217172 8.684349 8.266246 -13.762036 -18.740131 70.917391 28.165467 50.930583 17.417752 1.260881 15.238271 -6.757533 0.432934 7.218180 -7.125588 9.431223 -17.951482 -70.524080 -48.315288 61.394714 -34.783894 -6.793979 12.805324 3.627301 -10.363155 -2.736467 -1.406666 -2.353726 3.248402 -1.009205 3.798677 -2.099845 1.224006 -0.009355 -0.903127 1.929110 9.778033 -0.445114 2.180966 -4.796198 -0.191733 0.890428 -1.577431 -1.371389 -2.765190 0.001681 -1.037146 -0.185733
-2.008223 0.960572 1.926413 -1.149646 2.979242 -0.502735 0.259681 1.424776 0.882435 0.072800 -5.192474 0.392955 0.072463 0.627957 0.400346 0.084620 6.307622 0.302005 -0.514625 14.112568 1.223459 -1.446955 -9.798479 2.505090 -2.125747 8.700164 8.316320 -13.398271 -18.876276 70.729344 29.062887 50.113825 17.609274 1.238527 15.227770 -6.850459 0.471572 7.056457 -6.981260 8.946261 -18.304838 -70.617069 -46.771012 60.916604 -33.374766 -6.938044 12.930697 4.790171 -9.857989 -3.986071 -1.144476 -2.254504 4.601799 -1.153002 3.967580 -2.086021 1.297314 -0.017760 -1.352776 1.785192 10.996877 -0.688296 2.326199 -5.211961 -0.517309 0.742625 -1.651547 -1.089407 -2.667371 0.001719 -1.019081 -0.193252
-2.008091 0.960994 1.922779 -2.061155 3.258539 -0.736609 0.373157 1.599772 0.878769 0.123130 -5.114492 0.390764 0.122608 0.705927 0.403264 0.122395 6.366129 0.304173 -0.375797 13.851310 1.445999 -1.279696 -10.281902 2.876232 -2.009612 8.776000 8.354157 -12.984827 -19.025748 70.580089 30.010358 49.213305 17.757338 1.230614 15.218109 -6.922956 0.444568 6.910234 -6.871521 8.507273 -18.660007 -70.646290 -45.058767 60.316466 -31.834811 -7.047531 13.027597 6.033382 -9.462866 -5.181025 -0.858426 -1.940186 5.660810 -1.182475 4.201485 -1.802028 1.437431 -0.023904 -1.861199 1.526037 12.186030 -1.025501 2.518096 -5.466270 -0.806590 0.580043 -1.722785 -0.816117 -2.586941 0.001687 -1.004572 -0.192468
-2.008150 0.961622 1.918888 -3.137006 3.613076 -1.052428 0.508029 1.759237 0.897161 0.181936 -5.043351 0.398267 0.181210 0.777044 0.416737 0.167312 6.419499 0.314283 -0.151019 13.526216 1.669621 -0.953451 -10.886473 3.217095 -1.841616 8.965740 8.367914 -12.494940 -19.212331 70.483912 30.979688 48.158896 17.805614 1.237812 15.206876 -6.982979 0.315624 6.798315 -6.825404 8.150051 -19.041052 -70.581587 -43.212062 59.562236 -30.204110 -7.095481 13.064683 7.344376 -9.211901 -6.253310 -0.526299 -1.348904 6.231729 -1.031798 4.506488 -1.010990 1.620245 -0.028388 -2.614408 1.215138 13.363093 -1.507561 2.769391 -5.500825 -1.006330 0.408707 -1.854150 -0.569159 -2.532637 0.001563 -1.001555 -0.179009
-2.008391 0.962365 1.914739 -4.358689 4.021788 -1.429158 0.657246 1.905383 0.926262 0.246603 -4.978059 0.410417 0.245658 0.842312 0.435453 0.217004 6.468495 0.328332 0.129780 13.165474 1.901111 -0.525938 -11.558953 3.550757 -1.649475 9.214754 8.364823 -11.953780 -19.413189 70.422325 31.999938 47.020279 17.811672 1.259219 15.196136 -7.022115 0.120521 6.701358 -6.810662 7.838583 -19.418849 -70.450568 -41.264997 58.667198 -28.510526 -7.114897 13.069772 8.734868 -9.074332 -7.265039 -0.156249 -0.539271 6.508152 -0.756693 4.875948 0.050716 1.875621 -0.024641 -3.425649 0.787246 14.508708 -2.083934 3.065363 -5.373868 -1.169020 0.222574 -1.982806 -0.330893 -2.495951 0.001372 -1.002068 -0.157237
-2.008904 0.963024 1.910532 -5.675420 4.424463 -1.810405 0.783044 2.033780 0.943660 0.301451 -4.920696 0.417391 0.300331 0.899656 0.447995 0.258901 6.511546 0.337723 0.394452 12.816067 2.156179 -0.138297 -12.209719 3.934554 -1.503002 9.386410 8.365342 -11.435964 -19.559915 70.400950 33.096221 46.023892 17.886049 1.304202 15.191896 -6.990999 -0.105029 6.596292 -6.775302 7.596834 -19.684712 -70.254186 -39.422431 57.656654 -26.886026 -7.123328 13.068683 10.059614 -9.028445 -8.162981 0.192762 0.409740 6.630723 -0.458703 5.316297 0.889837 2.353484 -0.005603 -3.706907 0.173142 15.357875 -2.629808 3.390439 -4.993483 -1.350554 0.021788 -1.970957 -0.096205 -2.472737 0.001185 -0.995874 -0.136754
-2.009782 0.963523 1.906246 -7.110591 4.819412 -2.197683 0.875789 2.145014 0.936747 0.342846 -4.871090 0.413644 0.341611 0.949236 0.448450 0.289852 6.548761 0.338001 0.621535 12.489702 2.474288 0.151830 -12.815550 4.452968 -1.438437 9.401730 8.373900 -10.916877 -19.600219 70.444043 34.276929 45.218128 18.070018 1.369607 15.191342 -6.872349 -0.378131 6.462471 -6.690612 7.492433 -19.760915 -69.991556 -37.774665 56.484293 -25.352890 -7.116509 13.073515 11.339402 -9.115694 -8.944105 0.524381 1.709148 6.621221 -0.134561 5.966433 1.387771 3.305050 0.015953 -3.002608 -0.929536 15.804948 -3.111116 3.774008 -4.313492 -1.588474 -0.203755 -1.730065 0.140135 -2.459404 0.001022 -0.972058 -0.120671
-2.010934 0.963938 1.901902 -8.641052 5.206117 -2.591344 0.944374 2.238038 0.919077 0.374072 -4.829657 0.405219 0.372759 0.990644 0.443196 0.312784 6.579836 0.333981 0.833712 12.179288 2.819899 0.400517 -13.390813 5.030497 -1.419068 9.340725 8.393048 -10.420127 -19.582507 70.530417 35.540344 44.547385 18.336570 1.454874 15.195528 -6.683148 -0.680831 6.323697 -6.582161 7.464780 -19.718891 -69.679187 -36.250810 55.201611 -23.907693 -7.095597 13.070660 12.554186 -9.290307 -9.607946 0.837420 3.145597 6.452185 0.211879 6.683882 1.652337 4.482162 -0.004924 -1.758434 -2.203711 15.956417 -3.549004 4.205026 -3.379110 -1.843789 -0.441898 -1.348841 0.372630 -2.457163 0.000869 -0.941546 -0.105899
-2.012171 0.964306 1.897767 -10.143416 5.532143 -2.927303 0.978422 2.306612 0.909204 0.389583 -4.799126 0.400482 0.388234 1.021172 0.440035 0.324124 6.602747 0.331565 1.024880 11.901600 3.096928 0.637357 -13.906243 5.486027 -1.404504 9.306599 8.440869 -10.094824 -19.588094 70.604058 36.901814 44.078583 18.702026 1.572586 15.215463 -6.424999 -0.924784 6.222284 -6.484245 7.343659 -19.675735 -69.341674 -34.760498 53.990501 -22.595526 -7.078971 13.047037 13.498985 -9.392954 -10.114609 1.052046 4.006677 6.199269 0.462085 7.052951 1.557486 5.269140 -0.039766 -0.769068 -2.820567 15.867038 -3.901268 4.610645 -2.236144 -2.057309 -0.659548 -0.955404 0.590321 -2.469319 0.000750 -0.926878 -0.092717
-2.013443 0.964640 1.893925 -11.562765 5.779684 -3.170484 0.961273 2.350767 0.907773 0.381940 -4.779522 0.399823 0.380626 1.040791 0.438601 0.318295 6.617462 0.330491 1.196771 11.656341 3.262517 0.885692 -14.363700 5.735773 -1.378499 9.354270 8.537102 -10.015896 -19.668484 70.649289 38.457941 43.870150 19.234166 1.742549 15.269060 -6.037367 -1.081943 6.194003 -6.416318 6.992512 -19.678861 -68.919422 -33.199924 52.817413 -21.394326 -7.077303 12.976042 14.083497 -9.304253 -10.427802 1.137917 3.968996 5.863765 0.565106 6.850895 0.889005 5.397738 -0.023792 -0.350740 -2.201714 15.434907 -4.134899 4.972608 -0.774297 -2.219970 -0.859734 -0.610076 0.801343 -2.492305 0.000663 -0.939560 -0.080851
-2.014801 0.964927 1.890292 -12.951508 5.972894 -3.350298 0.909522 2.371514 0.916757 0.358434 -4.770387 0.404041 0.357206 1.049937 0.440433 0.300867 6.624303 0.331910 1.347167 11.439649 3.359514 1.123660 -14.769246 5.862237 -1.357256 9.431507 8.658765 -10.110417 -19.773215 70.688882 40.137523 43.847675 19.899664 1.942342 15.334104 -5.578999 -1.181430 6.200022 -6.365997 6.545884 -19.677055 -68.467174 -31.643650 51.716522 -20.309293 -7.079010 12.882515 14.398086 -9.135628 -10.594827 1.106965 3.357771 5.454270 0.578858 6.307480 -0.137065 5.167255 -0.000134 -0.148724 -0.942237 14.763059 -4.281418 5.308848 0.895004 -2.337547 -1.039102 -0.252717 0.997834 -2.530328 0.000596 -0.968092 -0.070540
-2.016205 0.965170 1.886877 -14.346317 6.124669 -3.496886 0.863071 2.365588 0.957158 0.335746 -4.773035 0.422303 0.334591 1.047297 0.456391 0.285109 6.622304 0.343995 1.463511 11.260011 3.418730 1.314101 -15.105701 5.929887 -1.349426 9.479228 8.757576 -10.306323 -19.832435 70.723185 41.700219 43.888375 20.554288 2.123902 15.365301 -5.230975 -1.220747 6.168509 -6.320762 6.234832 -19.651979 -68.176193 -30.201519 50.976907 -19.363262 -7.066745 12.829891 14.509126 -9.073924 -10.707440 0.941375 2.435072 5.065335 0.546229 5.686136 -0.981084 4.787709 0.000000 0.000000 0.000000 14.213280 -4.404780 5.594163 2.391913 -2.375962 -1.155933 0.169153 1.145154 -2.599519 0.000549 -1.000503 -0.062829
-2.017569 0.965391 1.883685 -15.741130 6.241804 -3.618534 0.828412 2.327917 1.045934 0.315931 -4.789654 0.462146 0.314826 1.030693 0.494224 0.273138 6.609840 0.372593 1.527608 11.131137 3.439845 1.422856 -15.346827 5.945741 -1.366609 9.460910 8.811196 -10.633758 -19.809573 70.762345 43.126183 43.987212 21.195358 2.272585 15.339143 -5.088540 -1.176419 6.054780 -6.273514 6.130148 -19.607674 -68.146240 -28.811529 50.806544 -18.494409 -7.048686 12.862270 14.377872 -9.128365 -10.797908 0.615455 1.017024 4.731705 0.456206 4.994130 -1.552068 4.180896 -0.003511 0.074821 0.203665 13.863709 -4.544318 5.805871 3.585316 -2.301627 -1.175916 0.700340 1.225764 -2.709169 0.000528 -1.036696 -0.058368
-2.018979 0.965568 1.880711 -17.141242 6.319841 -3.704192 0.799368 2.266272 1.168049 0.297017 -4.816857 0.516875 0.295955 1.003503 0.547034 0.262975 6.589431 0.412490 1.557479 11.036535 3.421128 1.485084 -15.523909 5.898777 -1.396846 9.410569 8.845278 -11.062147 -19.746470 70.789579 44.443108 44.156344 21.830815 2.408242 15.283222 -5.056169 -1.070697 5.904176 -6.228100 6.158582 -19.555732 -68.280660 -27.446217 51.007308 -17.682060 -7.025827 12.938547 14.041208 -9.290309 -10.845552 0.153947 -0.712999 4.427944 0.327810 4.225111 -1.981267 3.412536 -0.002073 0.040989 0.100526 13.635915 -4.668472 5.962627 4.605071 -2.150750 -1.134696 1.295953 1.258519 -2.851041 0.000531 -1.076772 -0.056523
-2.020658 0.965638 1.877952 -18.600718 6.353331 -3.755571 0.796825 2.196562 1.295737 0.289669 -4.847581 0.573971 0.288613 0.972777 0.603380 0.261731 6.566371 0.455032 1.595195 10.941419 3.391787 1.567280 -15.702349 5.827642 -1.413877 9.374178 8.884067 -11.428069 -19.689432 70.763648 45.462794 44.319183 22.301747 2.534782 15.232270 -5.029900 -0.969811 5.779983 -6.187258 6.334370 -19.492757 -68.478060 -26.259786 51.267038 -16.994795 -6.964099 12.992284 13.678594 -9.721251 -10.864850 -0.379127 -1.943897 4.152159 0.234227 3.609219 -2.009321 2.832174 -0.000000 0.000000 0.000000 13.656677 -4.735996 6.099129 5.462735 -1.995972 -1.096231 1.873989 1.263277 -3.014746 0.000546 -1.109057 -0.056410
-2.022637 0.965593 1.875444 -20.145336 6.338205 -3.769445 0.831597 2.122720 1.420259 0.299123 -4.880027 0.629504 0.298010 0.940322 0.659870 0.273054 6.542028 0.497655 1.659626 10.826731 3.363841 1.699810 -15.917948 5.747604 -1.406460 9.369911 8.934760 -11.655753 -19.643936 70.662091 46.091246 44.439504 22.507275 2.661807 15.196893 -4.980562 -0.903453 5.706890 -6.150246 6.742359 -19.429541 -68.740077 -25.348186 51.546827 -16.486267 -6.832736 13.001975 13.342676 -10.534476 -10.863368 -0.975597 -2.248351 3.905867 0.196187 3.231160 -1.367305 2.507461 -0.000000 -0.000000 0.000000 13.990406 -4.728697 6.221663 6.154465 -1.858329 -1.089960 2.401397 1.240775 -3.191147 0.000566 -1.128533 -0.057611
-2.024884 0.965441 1.873150 -21.748837 6.281280 -3.745525 0.892794 2.041490 1.550951 0.320084 -4.915620 0.687715 0.318870 0.904720 0.720212 0.293271 6.515340 0.543168 1.732669 10.711597 3.326001 1.853731 -16.134749 5.644312 -1.386737 9.380437 8.988686 -11.820766 -19.606663 70.508558 46.414280 44.572399 22.523123 2.779944 15.167160 -4.937175 -0.842864 5.659604 -6.119957 7.297176 -19.350477 -69.063066 -24.613442 51.896739 -16.090958 -6.663220 12.989294 12.977002 -11.616817 -10.855855 -1.645141 -2.055318 3.668593 0.182506 3.017860 -0.284848 2.288797 -0.000000 -0.000000 -0.000000 14.572697 -4.664987 6.318837 6.683970 -1.717375 -1.088140 2.911526 1.190646 -3.389907 0.000600 -1.140216 -0.060541
-2.027528 0.965142 1.870954 -23.387354 6.193154 -3.690127 0.968655 1.957033 1.686456 0.347391 -4.952542 0.748043 0.346053 0.867784 0.783311 0.318449 6.487660 0.590749 1.800803 10.619582 3.272837 2.006003 -16.308559 5.512842 -1.364315 9.399539 9.044756 -11.986266 -19.608762 70.335557 46.506956 44.782766 22.444069 2.861172 15.147307 -4.884884 -0.767443 5.625402 -6.106103 7.756618 -19.211624 -69.339947 -23.948487 52.137836 -15.726000 -6.506597 12.949138 12.598825 -12.789594 -10.863233 -2.349195 -1.838860 3.404925 0.187477 2.957099 0.788435 2.199835 0.000000 -0.000000 0.000000 15.337171 -4.556291 6.398174 7.074253 -1.583147 -1.068202 3.421956 1.130918 -3.628142 0.000653 -1.147488 -0.065549
-2.030571 0.964671 1.868881 -25.059046 6.071254 -3.604844 1.058460 1.871751 1.830319 0.380539 -4.989705 0.812079 0.379053 0.830599 0.850710 0.348319 6.459800 0.641565 1.848507 10.559576 3.199131 2.129411 -16.422487 5.350040 -1.346403 9.421788 9.103434 -12.164433 -19.669302 70.146145 46.351755 45.103092 22.270720 2.887552 15.144029 -4.806714 -0.669427 5.603277 -6.114272 8.009916 -18.982474 -69.534728 -23.312536 52.134724 -15.346812 -6.380247 12.863032 12.218062 -14.053314 -10.863065 -3.081319 -1.615207 3.055419 0.209620 3.172842 1.786010 2.373144 -0.000000 0.000000 0.000000 16.353132 -4.407283 6.453315 7.260560 -1.454129 -1.019801 3.926119 1.056560 -3.913657 0.000701 -1.147609 -0.070312
-2.034010 0.964054 1.866905 -26.765735 5.920945 -3.485151 1.162845 1.784162 1.979511 0.419960 -5.027749 0.878495 0.418292 0.792528 0.921129 0.383103 6.431287 0.694656 1.890679 10.521243 3.108313 2.250909 -16.495991 5.156007 -1.326283 9.452798 9.163814 -12.340685 -19.771489 69.939972 45.957360 45.507364 21.977800 2.875697 15.153118 -4.723131 -0.556681 5.593782 -6.139253 8.166205 -18.696651 -69.689171 -22.754174 52.024169 -15.004230 -6.266023 12.748575 11.825579 -15.406666 -10.891294 -3.849288 -1.370723 2.680643 0.258095 3.547908 2.792085 2.685616 0.000000 -0.000000 -0.000000 17.550366 -4.211041 6.492699 7.307715 -1.333017 -0.953760 4.430979 0.973813 -4.238787 0.000768 -1.143317 -0.077147
-2.037959 0.963326 1.864840 -28.489214 5.764557 -3.329648 1.272200 1.691881 2.122699 0.461957 -5.067800 0.942276 0.460090 0.752444 0.989174 0.419638 6.401274 0.745949 1.958889 10.499678 3.007442 2.427820 -16.538667 4.930224 -1.292703 9.502841 9.222667 -12.538277 -19.892395 69.744440 45.439428 45.970126 21.626347 2.850245 15.161744 -4.675306 -0.431578 5.586673 -6.173666 8.313280 -18.408508 -69.813337 -22.299951 52.033661 -14.761012 -6.163104 12.654206 11.411035 -16.667183 -11.042324 -4.627453 -1.530141 2.450247 0.340495 3.684043 3.573854 2.799885 -0.000000 0.000000 0.000000 18.653362 -3.962428 6.544385 7.433219 -1.234491 -0.878635 4.973967 0.918276 -4.597007 0.000934 -1.146198 -0.093379
-2.042424 0.962500 1.862713 -30.242308 5.605857 -3.138002 1.391109 1.590375 2.260268 0.508580 -5.111855 1.003597 0.506492 0.708349 1.055221 0.459494 6.368265 0.795726 2.056277 10.496579 2.898549 2.665240 -16.547370 4.675551 -1.229999 9.590737 9.284803 -12.763187 -20.039592 69.564133 44.798271 46.510144 21.202010 2.820195 15.162013 -4.686067 -0.284542 5.584503 -6.217959 8.461025 -18.123778 -69.903664 -21.954955 52.168598 -14.637351 -6.067749 12.599435 10.950144 -17.717051 -11.344575 -5.410100 -2.230930 2.428629 0.419949 3.377463 4.026177 2.598447 0.000000 0.000000 0.000000 19.578344 -3.642776 6.607305 7.699020 -1.174011 -0.788909 5.592437 0.900207 -4.986444 0.001235 -1.158188 -0.122139
-2.047400 0.961563 1.860496 -32.012485 5.444403 -2.909904 1.515244 1.484047 2.392644 0.557855 -5.157969 1.062675 0.555524 0.662188 1.119301 0.501187 6.333718 0.844019 2.179266 10.510851 2.779155 2.957379 -16.523719 4.388969 -1.155129 9.698401 9.344128 -13.008686 -20.206159 69.395515 44.022435 47.109023 20.697824 2.779410 15.160090 -4.732308 -0.124940 5.584835 -6.271271 8.599423 -17.834683 -69.963529 -21.715871 52.424667 -14.612097 -5.989255 12.564682 10.466255 -18.670286 -11.766077 -6.187229 -3.327585 2.576849 0.504096 2.814109 4.225136 2.224846 -0.000000 -0.000000 -0.000000 20.408205 -3.270442 6.678325 8.043460 -1.133573 -0.689586 6.248312 0.911770 -5.408427 0.001647 -1.177332 -0.160307
-2.052986 0.960511 1.857921 -33.743571 5.295906 -2.646008 1.621769 1.382475 2.508008 0.600139 -5.202058 1.114275 0.597581 0.618057 1.175198 0.537031 6.300687 0.886151 2.349546 10.534685 2.650518 3.345137 -16.481763 4.063092 -1.104582 9.779491 9.381922 -13.281114 -20.346286 69.251353 43.216247 47.685933 20.200630 2.730450 15.163362 -4.785138 0.016826 5.569577 -6.323861 8.787125 -17.572906 -70.008638 -21.597664 53.014460 -14.688389 -5.948483 12.539777 10.020269 -19.692137 -12.303355 -6.918626 -4.815393 2.927518 0.648743 2.169215 4.195144 1.740228 -0.000000 -0.000000 0.000000 21.118059 -2.896864 6.780110 8.498262 -1.075966 -0.604906 6.865213 0.960790 -5.860849 0.002173 -1.209382 -0.205842
-2.059183 0.959362 1.854942 -35.438259 5.174634 -2.344052 1.708989 1.281299 2.600323 0.634993 -5.246131 1.155680 0.632237 0.573946 1.220139 0.566505 6.267662 0.920018 2.581321 10.569578 2.511094 3.856413 -16.418196 3.688913 -1.091167 9.814269 9.389395 -13.575301 -20.445369 69.132501 42.391575 48.238686 19.733261 2.671832 15.177925 -4.843893 0.138923 5.518336 -6.374649 9.105585 -17.340031 -70.054015 -21.698688 54.115526 -14.950613 -5.957602 12.503790 9.625787 -20.847870 -12.992479 -7.614912 -6.833851 3.527562 0.891835 1.500685 3.851354 1.177647 -0.000000 0.000000 -0.000000 21.682098 -2.528376 6.913770 9.097023 -1.003038 -0.549294 7.433137 1.050546 -6.342091 0.002812 -1.261965 -0.253902
-2.065990 0.958098 1.851606 -37.094041 5.068855 -2.007988 1.778927 1.182804 2.675303 0.663024 -5.289160 1.189417 0.660101 0.530884 1.256715 0.590260 6.235415 0.947580 2.860282 10.615515 2.363138 4.462344 -16.332075 3.277813 -1.099906 9.819852 9.377217 -13.897946 -20.517293 69.034714 41.531701 48.772582 19.267748 2.605485 15.197322 -4.910326 0.244172 5.450628 -6.423591 9.473291 -17.130852 -70.080148 -21.966188 55.547153 -15.357717 -6.006639 12.476731 9.272415 -22.071653 -13.797123 -8.245393 -9.237564 4.366716 1.117701 0.755735 3.237063 0.586460 0.000000 -0.000000 -0.000000 22.125944 -2.157975 7.075373 9.805472 -0.909219 -0.507571 7.960619 1.177538 -6.853107 0.003621 -1.327464 -0.309332
-2.073505 0.956668 1.847774 -38.647027 4.953817 -1.647861 1.813983 1.105516 2.737337 0.676066 -5.323003 1.217412 0.673043 0.497027 1.286042 0.602258 6.210044 0.969694 3.165533 10.662581 2.213913 5.119020 -16.240800 2.853242 -1.124543 9.804371 9.356811 -14.274433 -20.558876 68.961120 40.707226 49.219302 18.832829 2.537244 15.211609 -4.959402 0.308243 5.407542 -6.464191 9.705768 -16.968711 -70.052551 -22.161715 56.987360 -15.703108 -6.079047 12.509971 8.985904 -23.335480 -14.596718 -8.717148 -11.599237 5.357164 1.168478 -0.059996 2.586837 0.014798 -0.000000 0.000000 -0.000000 22.502596 -1.816502 7.283732 10.552425 -0.746685 -0.459392 8.398778 1.337729 -7.395848 0.004661 -1.388767 -0.384610
-2.081695 0.955040 1.843482 -40.064192 4.830376 -1.244148 1.803360 1.050257 2.776632 0.669760 -5.347433 1.235267 0.666725 0.472604 1.303264 0.598872 6.191710 0.982692 3.497187 10.706697 2.064750 5.825946 -16.151386 2.417665 -1.170437 9.773633 9.329545 -14.719112 -20.568577 68.909168 39.946245 49.532168 18.451539 2.467886 15.219487 -4.976328 0.298645 5.423473 -6.492634 9.712700 -16.870327 -69.949957 -22.205737 58.418705 -15.927551 -6.187085 12.652412 8.823442 -24.688513 -15.391541 -9.032378 -13.939546 6.483343 0.981461 -1.005640 1.986824 -0.714571 0.000000 -0.000000 0.000000 22.796958 -1.488972 7.520069 11.349654 -0.530793 -0.407154 8.714220 1.521323 -7.967232 0.005677 -1.415896 -0.476723
-2.090593 0.953244 1.838696 -41.378982 4.697708 -0.816166 1.757475 1.013655 2.800999 0.648403 -5.363861 1.246417 0.645439 0.456199 1.312240 0.583624 6.179357 0.989470 3.855110 10.752678 1.914643 6.583163 -16.054475 1.969573 -1.231226 9.720748 9.295206 -15.218661 -20.548276 68.877416 39.224515 49.760005 18.114015 2.394608 15.223473 -4.976717 0.245939 5.462635 -6.516525 9.586076 -16.820102 -69.795158 -22.158745 59.861281 -16.079959 -6.307290 12.854816 8.734498 -26.086423 -16.162269 -9.192943 -16.255831 7.694965 0.595012 -2.027828 1.329476 -1.416954 -0.000000 0.000000 0.000000 23.024002 -1.189802 7.804992 12.182971 -0.243221 -0.345673 8.938497 1.735590 -8.570625 0.006758 -1.438837 -0.588670
-2.100402 0.951319 1.833177 -42.627355 4.525487 -0.430327 1.689838 1.009145 2.839984 0.616518 -5.366090 1.263984 0.613699 0.454008 1.326569 0.560920 6.177642 1.000299 4.217890 10.803363 1.766777 7.347745 -15.944940 1.525000 -1.283273 9.636060 9.263161 -15.757061 -20.499670 68.870749 38.537142 49.976553 17.804361 2.317853 15.219516 -4.980478 0.220834 5.461492 -6.545135 9.415370 -16.794958 -69.622081 -21.924929 61.054481 -16.051415 -6.378054 13.022242 8.574067 -27.362537 -16.741358 -9.133812 -18.087899 8.822326 0.086733 -2.955267 0.667562 -1.567336 -0.000000 -0.000000 -0.000000 23.282618 -0.991131 8.222118 12.939808 0.211756 -0.242969 9.118582 2.002560 -9.217921 0.008702 -1.530350 -0.741989
-2.111110 0.949090 1.826685 -43.788106 4.324062 -0.054082 1.593049 1.035983 2.871788 0.571783 -5.354623 1.278287 0.569147 0.465516 1.336338 0.528211 6.186169 1.007709 4.575059 10.861256 1.629129 8.095744 -15.818912 1.104247 -1.336397 9.485773 9.232018 -16.382433 -20.395621 68.929053 37.952728 50.230542 17.564966 2.248443 15.201092 -4.973326 0.229334 5.356503 -6.569512 9.167670 -16.746690 -69.402531 -21.350603 61.899355 -15.685257 -6.399281 13.117487 8.230303 -28.504803 -17.090935 -8.824998 -19.497251 9.832546 -0.608381 -3.650687 0.047770 -0.684702 -0.000000 0.000000 0.000000 23.567331 -0.922985 8.751637 13.553627 0.880551 -0.094918 9.299218 2.246109 -9.950687 0.010918 -1.630780 -0.902626
-2.122730 0.946730 1.819461 -44.882810 4.079613 0.281791 1.473618 1.094847 2.915662 0.516214 -5.329029 1.297890 0.513820 0.491157 1.350301 0.487709 6.205267 1.018293 4.936533 10.923661 1.492889 8.850085 -15.680724 0.685902 -1.379126 9.304091 9.206335 -17.047207 -20.261162 69.006913 37.402355 50.474037 17.356316 2.175392 15.174673 -4.969068 0.267738 5.212175 -6.593887 8.875576 -16.722469 -69.165010 -20.534069 62.496293 -15.087723 -6.384274 13.181092 7.804868 -29.524070 -17.219347 -8.332832 -20.433202 10.744226 -1.352578 -4.232847 -0.422106 0.704988 -0.000000 -0.000000 -0.000000 23.881104 -0.951880 9.420582 14.083345 1.714706 0.095744 9.431298 2.542251 -10.727730 0.014524 -1.799590 -1.104814
-2.135496 0.944800 1.811992 -46.010762 3.720127 0.419625 1.365128 1.206453 3.061623 0.460382 -5.279506 1.362811 0.458305 0.540740 1.409546 0.450488 6.242303 1.063054 5.311681 10.985354 1.336205 9.638577 -15.537923 0.223637 -1.357727 9.185394 9.201709 -17.591871 -20.178878 68.989168 36.671967 50.633409 17.032253 2.070228 15.153567 -5.030072 0.391691 5.157928 -6.648318 8.727117 -16.845890 -69.021300 -19.762259 62.885367 -14.539255 -6.291238 13.234006 7.466598 -30.284635 -17.024636 -7.760524 -20.238851 11.534446 -1.708446 -4.923833 -0.646734 1.573811 -0.000000 -0.000000 -0.000000 24.332657 -1.051084 10.386021 14.603795 2.666495 0.353157 9.408759 3.139520 -11.437339 0.025575 -2.287648 -1.473378
-2.149860 0.943408 1.804438 -47.205835 3.142574 0.217467 1.284776 1.423103 3.398016 0.407132 -5.182404 1.512218 0.405404 0.637905 1.553534 0.421537 6.314951 1.171804 5.697206 11.019479 1.116308 10.475398 -15.436339 -0.365202 -1.227588 9.198477 9.235207 -18.006463 -20.233049 68.803588 35.766745 50.673317 16.610379 1.933738 15.138582 -5.221779 0.665111 5.288546 -6.781378 8.718922 -17.268705 -68.945939 -19.136491 63.027796 -14.182344 -6.088707 13.288529 7.232381 -30.890811 -16.341649 -7.081709 -17.905105 12.178621 -1.307230 -5.974540 -0.482602 1.373813 -0.000000 0.000000 -0.000000 25.003279 -1.160579 11.851645 15.197225 3.705823 0.703517 9.033912 4.064822 -12.208929 0.050436 -3.215932 -1.935973
-2.165371 0.942445 1.796638 -48.427349 2.435066 -0.171934 1.214201 1.702759 3.831168 0.352586 -5.056958 1.704533 0.351136 0.763386 1.740310 0.394620 6.408724 1.312928 6.097404 11.052806 0.876867 11.348055 -15.328082 -0.996581 -1.037170 9.278647 9.284818 -18.300068 -20.343741 68.533655 34.684493 50.624641 16.077814 1.772685 15.123278 -5.479495 1.019548 5.510921 -6.949983 8.859105 -17.841722 -68.953918 -18.566636 62.964084 -13.875967 -5.794451 13.333448 7.085058 -31.225742 -15.326505 -6.361892 -14.401761 12.730199 -0.478811 -7.175183 -0.160671 0.641659 -0.000000 0.000000 0.000000 25.793079 -1.346951 13.620054 15.775866 4.861666 1.133755 8.470227 5.275658 -12.918061 0.097566 -4.461203 -2.570399
-2.180915 0.942145 1.788597 -49.667588 1.817185 -0.468440 1.133657 1.921943 4.181457 0.297614 -4.958903 1.860210 0.296339 0.861454 1.890422 0.364512 6.481906 1.426421 6.531101 11.161821 0.724896 12.239173 -15.079838 -1.465252 -0.871703 9.318270 9.307428 -18.343333 -20.340157 68.296675 33.202572 50.503603 15.237366 1.563704 15.111547 -5.673836 1.314002 5.671359 -7.047424 9.354042 -18.239660 -69.220570 -18.059970 62.853236 -13.477398 -5.430504 13.349718 7.144434 -30.835979 -14.380598 -5.801407 -12.038075 13.343360 0.174958 -8.051307 -0.227081 -0.041492 0.000000 -0.000000 -0.000000 26.538152 -1.764823 15.245915 16.162302 6.173032 1.600260 8.154939 6.931507 -13.068606 0.188678 -5.901762 -3.734030
-2.196166 0.942718 1.780228 -50.937787 1.388464 -0.586143 1.034479 2.020853 4.397259 0.241922 -4.915036 1.956490 0.240849 0.905349 1.981062 0.329583 6.514518 1.494983 7.019712 11.388360 0.702686 13.166043 -14.618468 -1.692779 -0.746372 9.264309 9.279734 -17.964179 -20.092136 68.094635 31.059105 50.193468 13.868387 1.289900 15.095579 -5.808406 1.497873 5.684955 -7.014658 10.513775 -18.328745 -69.987042 -17.437504 62.827735 -12.709083 -4.918110 13.334502 7.570164 -28.981353 -13.721090 -5.562628 -12.280623 14.289527 0.421211 -8.346126 -1.060505 -0.508749 -0.000000 -0.000000 -0.000000 27.274333 -2.514097 16.636541 16.223773 7.612821 2.023237 8.315282 9.416567 -12.527842 0.380516 -7.979444 -5.521606
-2.211450 0.943954 1.771618 -52.231707 1.056661 -0.618809 0.926211 2.052553 4.536225 0.186621 -4.901464 2.018802 0.185777 0.918952 2.037755 0.292530 6.524452 1.537873 7.538484 11.693332 0.765776 14.103173 -14.015991 -1.756077 -0.642958 9.166221 9.229191 -17.342081 -19.711418 67.925929 28.558091 49.765594 12.226225 0.960849 15.085004 -5.886254 1.623942 5.638384 -6.906495 12.027138 -18.230039 -71.008448 -16.879858 62.754001 -11.845370 -4.334873 13.287938 8.207763 -26.419487 -13.144869 -5.423134 -13.679506 15.297987 0.505353 -8.287814 -2.281745 -0.956174 -0.000000 0.000000 -0.000000 27.958261 -3.488857 17.890866 16.089314 9.202531 2.452758 8.766035 12.362135 -11.400769 0.681753 -10.207593 -7.891114
-2.226630 0.945461 1.763031 -53.521876 0.762890 -0.561697 0.816695 2.055627 4.585701 0.135379 -4.901014 2.041334 0.134690 0.919405 2.055075 0.255506 6.524581 1.551014 8.036026 12.031464 0.889525 14.967892 -13.359921 -1.685808 -0.595561 9.067839 9.189569 -16.871390 -19.390795 67.891802 26.268895 49.547195 10.762184 0.580270 15.120050 -5.782508 1.709101 5.632631 -6.787559 13.163220 -18.023418 -71.744678 -16.927105 62.397121 -11.567580 -3.933016 13.198074 8.700783 -24.944640 -12.434899 -5.013405 -14.171625 15.777030 0.552774 -8.104297 -3.322787 -1.368671 0.000000 0.000000 -0.000000 28.324390 -4.519027 18.853292 15.984564 11.059373 3.029076 9.369517 14.813081 -9.561285 0.903370 -11.097513 -10.907157
-2.241858 0.947199 1.754467 -54.775503 0.488949 -0.399339 0.690701 2.032853 4.518487 0.082818 -4.912595 2.012036 0.082268 0.907826 2.020457 0.213599 6.515779 1.524949 8.506108 12.409000 1.094387 15.740500 -12.643131 -1.441247 -0.619850 8.987678 9.188153 -16.650876 -19.203240 68.061224 24.202709 49.722635 9.467835 0.085656 15.250243 -5.356235 1.743012 5.715556 -6.659782 13.633961 -17.707079 -71.962774 -17.800568 61.477136 -12.146001 -3.791302 13.026480 8.981760 -25.728620 -11.453517 -4.112806 -12.539070 15.398285 0.570130 -7.861847 -3.959040 -1.728933 -0.000000 0.000000 -0.000000 28.243671 -5.618347 19.475250 16.214351 13.293882 3.890771 10.384531 16.636094 -6.405183 0.650337 -9.694703 -15.140374
-2.256981 0.949208 1.745925 -56.026644 0.259089 -0.149639 0.565245 1.973787 4.364131 0.035252 -4.940475 1.943953 0.034898 0.879961 1.947554 0.172695 6.494872 1.469944 8.956143 12.819686 1.357459 16.446531 -11.874590 -1.071002 -0.701743 8.907703 9.195574 -16.580431 -19.073982 68.361878 22.271893 50.135813 8.260557 -0.478475 15.447641 -4.762377 1.735107 5.839370 -6.526592 13.726931 -17.295236 -71.917938 -19.159359 60.261978 -13.163454 -3.826623 12.812959 9.122279 -27.565866 -10.291820 -3.037999 -10.001642 14.525563 0.488314 -7.498858 -4.412396 -2.056562 0.000000 -0.000000 -0.000000 27.866967 -6.776287 19.821587 16.510456 15.808056 4.891818 11.643404 17.941562 -2.526221 -0.336870 -7.117840 -19.871385
-2.271402 0.951209 1.737666 -57.347479 0.077305 0.144135 0.495868 1.899545 4.193220 0.013547 -4.974563 1.868194 0.013304 0.845872 1.869566 0.150751 6.469382 1.411031 9.355375 13.197434 1.589703 17.071650 -11.168588 -0.740437 -0.830952 8.815843 9.158987 -16.747774 -18.984496 68.671912 20.863064 50.656574 7.454515 -0.941646 15.624875 -4.309673 1.733008 5.956860 -6.455540 13.575769 -16.913019 -71.812105 -20.748750 59.342470 -14.330133 -4.042418 12.657269 8.969314 -28.697193 -9.124710 -2.197849 -8.130476 13.610641 0.374003 -7.061039 -4.786629 -2.384635 0.000000 -0.000000 -0.000000 27.360265 -7.789403 19.899678 16.228098 18.426144 5.675887 12.240071 18.279675 0.289900 -1.581331 -5.080668 -23.319137
-2.284765 0.953132 1.729790 -58.756975 -0.043206 0.473933 0.506900 1.809234 4.024802 0.027514 -5.015039 1.793262 0.027219 0.805386 1.796039 0.155756 6.439185 1.355440 9.688098 13.515846 1.757103 17.602674 -10.570669 -0.511878 -1.041357 8.683105 9.049009 -17.304508 -18.963040 68.982508 20.213716 51.424183 7.298995 -1.233470 15.742095 -4.089703 1.749268 6.061008 -6.495803 13.043461 -16.599902 -71.643475 -22.503444 58.854732 -15.591254 -4.542880 12.571633 8.355762 -28.369845 -8.066711 -1.733456 -7.672716 12.807705 0.314987 -6.512608 -5.118865 -2.726481 -0.000000 -0.000000 -0.000000 26.762732 -8.585204 19.699236 14.920058 21.197938 5.906946 11.520426 17.100955 1.254185 -2.545641 -3.813945 -24.707066
-2.297426 0.955047 1.722195 -60.235661 -0.111605 0.844738 0.574299 1.703897 3.841492 0.067355 -5.061737 1.711558 0.066915 0.758690 1.718396 0.179796 6.404411 1.296730 9.969958 13.799531 1.893977 18.053075 -10.038004 -0.324477 -1.296998 8.534050 8.895565 -18.096028 -18.982798 69.294018 20.120329 52.325776 7.601716 -1.410274 15.823719 -3.992999 1.773289 6.153419 -6.596529 12.269689 -16.309727 -71.418842 -24.552099 58.648896 -17.062838 -5.250753 12.500951 7.463148 -27.361331 -7.039691 -1.443935 -7.865170 11.935654 0.294496 -5.890983 -5.369646 -3.069176 -0.000000 0.000000 -0.000000 26.053644 -9.268230 19.220209 12.970900 24.086613 5.689988 10.137090 14.967371 1.348343 -3.248252 -2.949000 -24.971253
-2.309849 0.956885 1.714843 -61.797867 -0.158931 1.234138 0.679831 1.610834 3.657681 0.124011 -5.102731 1.629440 0.123360 0.717690 1.642028 0.216471 6.373935 1.238972 10.216192 14.058453 2.014361 18.445154 -9.552619 -0.156604 -1.482752 8.436413 8.734392 -18.746280 -18.952374 69.499289 20.323494 52.855552 8.049639 -1.482337 15.863691 -4.015556 1.817893 6.199995 -6.671258 11.797021 -16.057097 -71.335091 -27.069044 58.884181 -18.885662 -5.889821 12.460891 6.646454 -26.227184 -5.973403 -1.173082 -8.007404 10.926916 0.265421 -5.351378 -5.531046 -3.404786 0.000000 0.000000 0.000000 25.307385 -9.902934 18.476597 10.988514 26.809379 5.358928 9.006132 13.211391 1.211701 -3.469428 -3.172199 -24.796817
-2.322189 0.958754 1.707774 -63.479792 -0.207890 1.669795 0.836008 1.545519 3.459897 0.203564 -5.131150 1.540825 0.202594 0.689237 1.561466 0.269869 6.352905 1.178043 10.424600 14.295481 2.120516 18.773570 -9.109593 -0.003118 -1.542262 8.437749 8.569902 -19.168667 -18.836991 69.572981 20.819487 52.785566 8.609193 -1.411739 15.848724 -4.199208 1.905127 6.170260 -6.677029 11.923689 -15.872458 -71.495247 -30.471200 59.849217 -21.457591 -6.362909 12.502133 5.978294 -25.073942 -4.829991 -0.902145 -7.883438 9.725467 0.178747 -4.977023 -5.585198 -3.723234 -0.000000 0.000000 -0.000000 24.571152 -10.490029 17.397956 9.041028 29.326374 5.060883 8.487766 12.392305 0.721056 -2.991699 -4.982703 -24.061347
-2.334291 0.960544 1.700948 -65.245067 -0.231409 2.123345 1.029855 1.492540 3.260555 0.299808 -5.153931 1.451430 0.298447 0.666412 1.481845 0.335783 6.336112 1.117840 10.597236 14.507413 2.209611 19.043707 -8.714090 0.128861 -1.533330 8.490948 8.394742 -19.447317 -18.679408 69.543482 21.591931 52.331874 9.323807 -1.221784 15.790953 -4.487750 2.012539 6.097425 -6.652912 12.347867 -15.735637 -71.780612 -34.696076 61.164484 -24.777688 -6.772070 12.587459 5.371558 -23.797497 -3.644160 -0.652119 -7.707248 8.389788 0.072663 -4.687238 -5.553462 -4.030544 -0.000000 -0.000000 0.000000 23.809546 -11.072863 16.049786 7.075939 31.706071 4.666790 8.157276 11.869076 -0.180070 -2.062888 -7.725760 -22.607233
-2.346159 0.961860 1.694203 -66.998885 -0.192409 2.487655 1.204238 1.434222 3.112217 0.384961 -5.179154 1.384938 0.383266 0.641149 1.424017 0.395086 6.317426 1.074111 10.755479 14.695891 2.287820 19.293231 -8.361894 0.243027 -1.512823 8.523574 8.227487 -19.462468 -18.508889 69.390475 22.341185 51.659123 9.965479 -1.023482 15.723002 -4.738206 2.085504 6.044456 -6.636914 12.709717 -15.595959 -72.054284 -38.922244 62.039321 -28.098274 -7.105702 12.637268 4.927102 -22.625183 -2.456866 -0.344359 -7.429446 7.032043 0.004912 -4.391070 -5.487774 -4.342568 0.000000 -0.000000 -0.000000 22.966346 -11.762245 14.661540 5.599979 33.841436 4.286197 7.669127 11.296725 -0.995717 -1.134558 -10.498562 -21.017793
-2.357803 0.962535 1.687445 -68.699175 -0.072067 2.710716 1.336495 1.358970 3.039397 0.447787 -5.211988 1.352354 0.445827 0.608275 1.397818 0.440098 6.292939 1.054264 10.931884 14.859386 2.350859 19.584558 -8.052005 0.319096 -1.493609 8.509111 8.064686 -19.091908 -18.265611 69.093905 22.970395 50.683095 10.405710 -0.853836 15.646080 -4.894031 2.095733 6.033801 -6.645824 12.925970 -15.420899 -72.284141 -42.655198 62.248682 -30.879910 -7.316893 12.653291 4.682984 -21.642723 -1.263630 0.067626 -7.002939 5.638104 -0.003595 -4.083008 -5.376777 -4.672802 -0.000054 0.009904 -0.069685 21.981692 -12.601366 13.321263 5.009271 35.705962 4.141065 6.768649 10.609639 -1.578833 -0.305198 -13.159463 -19.463697
-2.369211 0.962734 1.680768 -70.387477 0.100665 2.838995 1.448530 1.281892 3.017711 0.499106 -5.245608 1.342671 0.496895 0.574608 1.393340 0.478123 6.267805 1.050817 11.093978 14.999192 2.403710 19.854961 -7.785745 0.378687 -1.462614 8.474323 7.911784 -18.460456 -18.008651 68.681419 23.567901 49.489623 10.760737 -0.681796 15.558334 -5.014427 2.071434 6.041832 -6.665390 13.079377 -15.244488 -72.506663 -46.017142 62.094799 -33.258565 -7.428527 12.655613 4.593229 -20.752008 -0.072932 0.531192 -6.477445 4.224580 0.017818 -3.769658 -5.231412 -5.007154 -0.000297 0.019846 -0.139364 20.909413 -13.551667 11.962194 4.993667 37.315645 4.191105 5.712020 9.909304 -2.074598 0.472297 -15.864317 -17.765691
-2.380352 0.962561 1.674296 -72.094298 0.287174 2.913094 1.549937 1.226003 3.025916 0.544154 -5.269757 1.346300 0.541734 0.550415 1.401540 0.512425 6.249756 1.056951 11.165227 15.121930 2.465517 19.954181 -7.561177 0.486136 -1.437596 8.427826 7.802033 -17.815951 -17.947262 68.205176 24.133779 48.504039 11.183431 -0.524400 15.486082 -5.138358 2.042838 6.061440 -6.688892 13.059550 -15.117374 -72.693461 -48.763311 61.674232 -35.123984 -7.519805 12.597294 4.642856 -19.903097 1.051480 0.975702 -5.952522 2.949031 0.058108 -3.376555 -5.135131 -5.321631 0.000000 -0.000000 -0.000000 19.858792 -14.580810 10.585403 4.993742 38.616299 4.174616 4.937472 9.177370 -2.383568 1.078493 -18.213179 -16.089698
-2.391102 0.961965 1.668061 -73.825562 0.492524 2.938093 1.644912 1.192466 3.060757 0.584935 -5.283882 1.361755 0.582335 0.536251 1.421134 0.544392 6.239218 1.071694 11.149249 15.220413 2.537889 19.888646 -7.392205 0.639283 -1.438958 8.357365 7.749012 -17.217887 -18.168450 67.637379 24.718288 47.879404 11.810019 -0.377525 15.440411 -5.277564 2.018389 6.095418 -6.722571 12.758939 -15.057873 -72.825377 -50.617979 60.922374 -36.245983 -7.606582 12.434935 4.881965 -19.104663 2.085133 1.385621 -5.469545 1.829971 0.133913 -2.847232 -5.099352 -5.615220 0.002681 -0.053544 0.568571 18.859375 -15.723761 9.186333 4.822828 39.632835 4.008156 4.671346 8.391837 -2.401036 1.522181 -20.158893 -14.637644
-2.401583 0.960997 1.662031 -75.575877 0.707113 2.907486 1.729168 1.182255 3.123669 0.619437 -5.287566 1.389657 0.616674 0.532529 1.452535 0.572524 6.236492 1.095352 11.042375 15.302376 2.618873 19.651979 -7.263694 0.837552 -1.446720 8.278404 7.740168 -16.597390 -18.589135 67.011797 25.276207 47.460153 12.508682 -0.245998 15.410054 -5.422510 1.989341 6.140384 -6.761211 12.284798 -15.049456 -72.917926 -51.839795 59.961796 -36.815076 -7.660630 12.228119 5.267998 -18.348976 3.051142 1.777049 -4.991249 0.848517 0.234924 -2.236558 -5.110775 -5.890481 0.006532 -0.137453 1.346113 17.879618 -16.946079 7.779214 4.666559 40.335606 3.818447 4.671652 7.616117 -2.241166 1.832015 -21.788191 -13.277766
-2.412131 0.959908 1.656241 -77.358566 0.873387 2.848614 1.799602 1.216857 3.198758 0.646948 -5.271339 1.422813 0.644089 0.548726 1.488488 0.595772 6.248690 1.122464 10.756375 15.397571 2.719705 19.074334 -7.127593 1.140878 -1.418901 8.242247 7.767072 -16.008862 -19.165080 66.471872 25.679895 47.212551 13.043713 -0.158491 15.387916 -5.581145 1.960268 6.181368 -6.779820 11.849263 -15.089351 -72.992866 -53.034146 59.143065 -37.418103 -7.699011 12.075175 5.648730 -17.568260 3.956629 2.131176 -4.500560 0.104651 0.311663 -1.635427 -5.216670 -6.130618 0.007788 -0.270260 1.881044 16.939304 -18.108175 6.375939 4.488072 40.596945 3.621732 4.680021 6.949053 -2.137199 1.943829 -22.881430 -11.720318
-2.422838 0.958743 1.650753 -79.177924 0.958326 2.774050 1.849916 1.312895 3.281988 0.664712 -5.227879 1.459323 0.661835 0.592168 1.526808 0.611884 6.281301 1.151383 10.246013 15.507128 2.837661 18.071216 -6.984698 1.555523 -1.338859 8.262946 7.836101 -15.478429 -19.927628 66.055280 25.885491 47.225042 13.352608 -0.128896 15.373604 -5.748995 1.935454 6.216170 -6.767774 11.533191 -15.190177 -73.071388 -54.424901 58.593136 -38.296312 -7.725727 12.009409 6.008992 -16.754115 4.810552 2.436355 -3.970280 -0.357635 0.344694 -1.088247 -5.448725 -6.338019 0.004528 -0.457610 1.948548 16.057246 -19.172028 4.916240 4.269099 40.396639 3.529356 4.670372 6.382999 -2.206612 1.850784 -23.393462 -9.952895
-2.433610 0.957456 1.645504 -81.029529 0.992856 2.676595 1.886488 1.454825 3.372890 0.675619 -5.164070 1.499008 0.672762 0.655964 1.567598 0.622998 6.329158 1.182176 9.555875 15.630863 2.972715 16.726582 -6.826912 2.063534 -1.224229 8.329999 7.936728 -14.980027 -20.842496 65.734014 25.965094 47.415788 13.512193 -0.143661 15.367509 -5.933750 1.910661 6.249080 -6.735418 11.255560 -15.337610 -73.126440 -55.811425 58.169346 -39.246921 -7.734707 11.994416 6.357589 -15.918979 5.602222 2.709557 -3.431634 -0.583161 0.348554 -0.548747 -5.777123 -6.513648 -0.001098 -0.693304 1.773481 15.215118 -20.176668 3.442796 4.022139 39.769864 3.508207 4.678486 5.904936 -2.346890 1.598861 -23.334677 -8.100006
-2.444502 0.956164 1.640337 -82.913437 1.016528 2.554684 1.925177 1.614746 3.461253 0.687422 -5.092252 1.537412 0.684599 0.727765 1.607197 0.634681 6.383019 1.212073 8.731499 15.798194 3.136699 15.123173 -6.587193 2.679814 -1.085055 8.456121 8.032415 -14.498599 -21.762990 65.549471 25.962405 47.498256 13.494722 -0.188052 15.363630 -6.161172 1.877919 6.275715 -6.688376 10.985974 -15.484704 -73.110773 -57.135131 57.804213 -40.175919 -7.737201 12.011136 6.573932 -15.026863 6.309024 2.977463 -2.955291 -0.606175 0.323070 0.028124 -6.157813 -6.639609 -0.006748 -0.977635 1.578735 14.371054 -21.089299 2.113161 3.765091 38.656868 3.380506 4.543726 5.595981 -2.482849 1.219753 -22.524614 -6.119641
-2.455461 0.954909 1.635204 -84.836015 1.034857 2.398807 1.972264 1.793161 3.547720 0.702884 -5.012140 1.574797 0.700111 0.807857 1.646154 0.649050 6.443110 1.241492 7.747447 15.999766 3.328868 13.213421 -6.279711 3.406975 -0.903349 8.666671 8.118091 -14.026268 -22.673583 65.536714 25.815310 47.364147 13.187369 -0.269701 15.373808 -6.440562 1.825558 6.293703 -6.618119 10.712119 -15.614334 -73.011359 -58.427996 57.478921 -41.091819 -7.746587 12.063756 6.578252 -14.013562 6.891113 3.272844 -2.616552 -0.379235 0.246429 0.662993 -6.590105 -6.693491 -0.011989 -1.333623 1.430245 13.506790 -21.901717 0.960344 3.538839 37.010637 3.165977 4.163594 5.536630 -2.603193 0.787869 -20.949480 -3.985861
-2.466540 0.953647 1.630154 -86.790848 1.039375 2.219279 2.021755 1.989511 3.629734 0.719418 -4.924041 1.610029 0.716692 0.895936 1.683066 0.664027 6.509197 1.269371 6.628208 16.249604 3.544263 11.046596 -5.872324 4.220226 -0.698226 8.935866 8.192746 -13.580132 -23.581998 65.662924 25.596557 47.119747 12.709409 -0.375797 15.385766 -6.764190 1.765561 6.307181 -6.532423 10.446576 -15.735369 -72.841762 -59.672126 57.210043 -42.004082 -7.766736 12.135361 6.445288 -12.943650 7.386726 3.570265 -2.344640 0.047717 0.138557 1.336168 -7.075227 -6.702485 -0.016376 -1.738190 1.261875 12.629618 -22.603923 -0.059573 3.317838 34.858599 2.950738 3.641628 5.648702 -2.784356 0.376401 -18.581652 -1.946171
-2.477947 0.952360 1.625174 -88.759045 1.049879 2.041386 2.070858 2.173151 3.695159 0.736613 -4.841670 1.637882 0.733916 0.978285 1.712665 0.678931 6.570993 1.291724 5.492003 16.613908 3.780368 8.851933 -5.228041 5.076229 -0.535290 9.196526 8.228353 -13.185312 -24.377152 65.861892 25.536048 46.800286 12.377495 -0.458919 15.357134 -7.129140 1.725273 6.319837 -6.461457 10.196254 -15.836902 -72.598316 -60.732408 56.988867 -42.818730 -7.795653 12.175358 6.289673 -11.973785 7.890865 3.804273 -1.987991 0.495692 0.063233 2.031697 -7.571150 -6.722139 -0.018748 -2.122561 1.098466 11.730607 -23.150112 -0.905394 3.046946 32.231027 2.674770 3.125678 5.776352 -3.074539 0.055421 -15.260504 -0.413693
-2.489720 0.951031 1.620348 -90.736761 1.076478 1.880897 2.117492 2.329742 3.737619 0.754029 -4.771461 1.655625 0.751356 1.048472 1.732176 0.693272 6.623674 1.306456 4.350625 17.160959 4.043014 6.654605 -4.217297 5.977787 -0.449058 9.418294 8.207090 -12.859715 -25.033468 66.160869 25.627838 46.346513 12.243241 -0.522329 15.248516 -7.604269 1.725027 6.329342 -6.413700 9.920664 -15.913995 -72.251117 -61.579448 56.789390 -43.540581 -7.838221 12.153507 6.137156 -11.199383 8.438498 3.922556 -1.438332 0.894775 0.055553 2.743539 -8.080298 -6.778755 -0.018976 -2.428572 0.952998 10.790612 -23.514327 -1.600965 2.830723 29.046357 2.454109 2.628021 5.882019 -3.584160 -0.108691 -10.154558 0.299910
-2.501821 0.949677 1.615592 -92.727959 1.109648 1.720840 2.163451 2.472047 3.765196 0.772000 -4.707684 1.666788 0.769358 1.112225 1.745165 0.707566 6.671534 1.316261 3.186303 17.827411 4.302150 4.433282 -2.960199 6.860315 -0.405151 9.627263 8.148077 -12.590287 -25.571510 66.530886 25.864979 45.817107 12.255067 -0.552743 15.099291 -8.116134 1.744380 6.336508 -6.380516 9.660759 -15.962038 -71.833080 -62.259924 56.633544 -44.191198 -7.891224 12.100604 5.965162 -10.527616 8.992306 3.970705 -0.801092 1.316566 0.077009 3.478156 -8.599779 -6.847454 -0.018081 -2.714415 0.812609 9.828482 -23.703563 -2.145810 2.577773 25.376979 2.267522 2.165140 5.976942 -4.205140 -0.087427 -4.222384 0.287194
-2.514352 0.948328 1.610645 -94.725539 1.139839 1.536817 2.211662 2.610004 3.788580 0.791206 -4.645845 1.676061 0.788592 1.174037 1.756390 0.722656 6.717943 1.324726 2.073660 18.477546 4.507915 2.342393 -1.712744 7.602235 -0.365442 9.841069 8.081075 -12.350006 -25.957766 66.814446 26.458846 45.422935 12.568741 -0.493934 14.986488 -8.447324 1.749292 6.347936 -6.366987 9.545824 -15.975316 -71.436771 -62.754633 56.588036 -44.711147 -7.930672 12.062956 5.816548 -9.831646 9.540415 4.027817 -0.243625 1.795234 0.082568 4.237729 -9.079223 -6.905377 -0.016799 -3.085993 0.663688 8.894771 -23.713278 -2.466722 1.998420 21.470371 1.869511 1.864380 6.003084 -4.608872 -0.000000 -0.000000 -0.000000
-2.527227 0.947021 1.605441 -96.744153 1.180594 1.319100 2.270125 2.745440 3.811297 0.815005 -4.585051 1.684948 0.812405 1.234790 1.767687 0.741182 6.763568 1.333230 1.011657 19.068762 4.648337 0.382653 -0.555423 8.189913 -0.311802 10.077174 8.014595 -12.117017 -26.179110 66.937687 27.571129 45.175035 13.303128 -0.348764 14.938856 -8.513641 1.722571 6.359806 -6.378877 9.645829 -15.948475 -71.085967 -63.104246 56.664954 -45.114276 -7.943753 12.064068 5.696580 -9.045301 10.055678 4.134186 0.142129 2.339228 0.048916 5.046981 -9.513322 -6.949165 -0.014740 -3.545819 0.507365 8.003759 -23.512663 -2.534575 0.992816 17.241264 1.096052 1.898375 5.988054 -4.446485 0.035201 1.126367 -0.127522
-2.540532 0.945718 1.600045 -98.769238 1.215422 1.077088 2.330980 2.876286 3.830167 0.840092 -4.526289 1.692104 0.837505 1.293513 1.777389 0.760557 6.807678 1.340524 0.001941 19.638184 4.742108 -1.454224 0.573298 8.658901 -0.262483 10.317774 7.938987 -11.906725 -26.258998 66.959418 29.034390 45.040473 14.347265 -0.134667 14.927122 -8.399823 1.681365 6.373725 -6.410658 9.892136 -15.889937 -70.761826 -63.272554 56.852311 -45.407205 -7.939614 12.081831 5.597473 -8.233361 10.565468 4.251530 0.446288 2.938460 -0.002834 5.881485 -9.906965 -6.984697 -0.011487 -4.091681 0.343380 7.155238 -23.100647 -2.411229 -0.238856 12.726654 0.249104 2.026957 5.966239 -4.027341 0.021400 0.560785 -0.083730
-2.554625 0.944344 1.594390 -100.749426 1.189149 0.818574 2.373485 3.007224 3.845296 0.857191 -4.467637 1.697695 0.854642 1.352148 1.784729 0.773784 6.851708 1.346056 -0.873145 20.166775 4.800244 -3.030006 1.621363 9.005022 -0.233421 10.529290 7.857830 -11.745182 -26.224072 66.918825 30.586147 45.167160 15.522873 0.171209 14.940858 -8.143181 1.643045 6.404693 -6.451592 10.205439 -15.821119 -70.491939 -63.120815 57.180499 -45.521771 -7.923734 12.095059 5.541412 -7.464189 11.140812 4.342389 0.773876 3.599288 -0.050405 6.669299 -10.225449 -7.002181 -0.006231 -4.822428 0.156176 6.379320 -22.516233 -2.158601 -1.552412 8.380624 -0.289964 1.788747 5.868634 -4.032388 0.000000 0.000000 0.000000
-2.569633 0.942877 1.588476 -102.693501 1.089162 0.533908 2.396404 3.140914 3.867123 0.865219 -4.407892 1.706341 0.862750 1.411882 1.794192 0.780401 6.896530 1.353204 -1.560454 20.639094 4.828926 -4.252889 2.555103 9.233275 -0.225958 10.703182 7.769561 -11.608817 -26.062137 66.790226 32.279349 45.647217 16.848841 0.631354 14.988650 -7.682109 1.622258 6.451177 -6.504287 10.602499 -15.740721 -70.293281 -62.596614 57.644563 -45.444576 -7.888716 12.094979 5.577387 -6.790657 11.819707 4.391054 1.206560 4.293284 -0.082620 7.397353 -10.448004 -6.996672 0.002846 -5.785516 -0.058374 5.726776 -21.654364 -1.760162 -3.164969 4.087079 -0.456442 0.934481 5.544922 -4.844371 -0.000000 0.000000 0.000000
-2.585430 0.941339 1.582302 -104.591610 0.926791 0.239057 2.401078 3.274993 3.885294 0.865299 -4.348162 1.713453 0.862930 1.471604 1.801306 0.780896 6.941315 1.358589 -2.110445 21.068261 4.831539 -5.215555 3.403659 9.371703 -0.237689 10.847593 7.678755 -11.518431 -25.792574 66.588168 34.126447 46.375124 18.350495 1.183873 15.058076 -7.079694 1.604278 6.513760 -6.567848 11.065683 -15.655693 -70.148838 -61.729499 58.237199 -45.179247 -7.837753 12.090128 5.656428 -6.160293 12.562479 4.409066 1.663383 5.049197 -0.113599 8.078907 -10.595586 -6.973498 0.017717 -6.933647 -0.295417 5.167841 -20.605177 -1.262720 -4.909369 0.002364 -0.334704 -0.184818 5.017348 -6.099454 -0.000000 -0.000000 -0.000000
-2.602000 0.939718 1.575804 -106.364051 0.686639 -0.016540 2.370498 3.405288 3.868905 0.851478 -4.290609 1.705482 0.849212 1.529185 1.791942 0.769734 6.984469 1.351571 -2.595754 21.479732 4.814310 -6.054860 4.212415 9.450632 -0.278155 10.954964 7.600360 -11.566939 -25.484442 66.415644 35.799931 47.230596 19.846333 1.666248 15.114260 -6.559918 1.562285 6.611967 -6.628105 11.463128 -15.600422 -70.032048 -60.490448 58.979815 -44.673591 -7.795770 12.086106 5.654248 -5.483974 13.323323 4.403594 2.005435 5.959587 -0.158142 8.681509 -10.696553 -6.936948 0.040089 -8.223420 -0.557663 4.590038 -19.713304 -0.793039 -6.104248 -2.990330 -0.029746 -1.123093 4.488735 -7.367667 0.000000 0.000000 0.000000
-2.619374 0.937988 1.569000 -107.948346 0.361949 -0.196271 2.277765 3.530997 3.799437 0.812853 -4.235915 1.674424 0.810746 1.583956 1.756984 0.738133 7.025464 1.325290 -3.036941 21.880124 4.770764 -6.807086 4.993643 9.465111 -0.361769 11.004823 7.541018 -11.794488 -25.149035 66.302875 37.267682 48.279219 21.339155 2.041047 15.151387 -6.179510 1.468028 6.765078 -6.676433 11.773800 -15.589538 -69.931752 -58.836198 59.877548 -43.901359 -7.784748 12.084651 5.541656 -4.634877 14.125853 4.407358 2.103104 6.995782 -0.248914 9.153409 -10.811099 -6.869330 0.070852 -9.568839 -0.843744 3.814519 -19.134761 -0.326605 -6.195090 -4.564960 0.182869 -1.715917 3.927263 -8.703835 -0.000000 -0.000000 -0.000000
-2.637521 0.936175 1.561872 -109.406880 -0.034437 -0.332244 2.149928 3.649913 3.695670 0.760556 -4.184722 1.628440 0.758656 1.635222 1.705692 0.695142 7.063789 1.286692 -3.411367 22.262349 4.710959 -7.433703 5.735873 9.430429 -0.473134 11.019640 7.497801 -12.156307 -24.774028 66.208930 38.589407 49.479365 22.827869 2.346015 15.183123 -5.883610 1.349792 6.954816 -6.726199 12.017591 -15.611245 -69.855437 -56.727267 60.898016 -42.820815 -7.788384 12.086675 5.347809 -3.738979 14.947243 4.400187 2.083749 8.185493 -0.351342 9.547503 -10.879992 -6.785489 0.112198 -11.055846 -1.156084 2.998503 -18.714279 0.141471 -5.675551 -5.090316 0.285561 -2.183252 3.423059 -10.037490 0.000000 -0.000000 -0.000000
-2.656337 0.934347 1.554297 -110.847121 -0.488314 -0.477890 2.050933 3.755340 3.583647 0.721680 -4.139319 1.578670 0.719939 1.680655 1.651955 0.662016 7.097767 1.246196 -3.727353 22.633405 4.663293 -7.958961 6.451502 9.399407 -0.577394 11.057059 7.469103 -12.618481 -24.388297 66.134716 39.496794 50.582323 24.056693 2.527294 15.208325 -5.726507 1.265857 7.144171 -6.794593 12.123749 -15.659680 -69.803096 -54.120784 62.002055 -41.338268 -7.778912 12.098037 5.034854 -3.088389 15.670848 4.305807 2.195921 9.706880 -0.387667 9.986701 -10.751230 -6.743511 0.169964 -12.898955 -1.503456 2.518138 -18.346756 0.478188 -5.418810 -4.727914 0.459348 -2.741727 3.454587 -10.776627 0.000000 0.000000 -0.000000
-2.675927 0.932328 1.546138 -112.315777 -1.004527 -0.698567 2.013113 3.839473 3.500322 0.708699 -4.102692 1.541360 0.707045 1.717288 1.613317 0.649398 7.125217 1.217043 -3.979570 22.992795 4.629394 -8.374236 7.139482 9.375023 -0.647783 11.149416 7.433570 -13.206946 -23.989159 66.079401 39.879563 51.546795 24.930857 2.535176 15.216496 -5.762402 1.256473 7.313544 -6.892283 11.965233 -15.714579 -69.748147 -50.893864 63.190067 -39.336808 -7.777962 12.113723 4.504753 -2.740438 16.326951 4.159037 2.537267 11.574704 -0.353051 10.506433 -10.505235 -6.852173 0.240589 -15.050741 -1.814101 2.647516 -18.082283 0.585623 -5.886575 -3.214278 0.781870 -3.684582 4.525321 -10.531893 0.000000 0.000000 -0.000000
-2.696186 0.930294 1.537531 -113.764964 -1.580805 -0.924572 2.004558 3.910494 3.410945 0.709187 -4.071669 1.501233 0.707584 1.748317 1.573247 0.646765 7.148511 1.186779 -4.171133 23.342964 4.612347 -8.684530 7.807495 9.365237 -0.711144 11.265178 7.409955 -13.892902 -23.576804 66.037379 39.768942 52.453950 25.457365 2.422362 15.210646 -5.938616 1.282638 7.480954 -7.005651 11.668132 -15.796057 -69.715738 -47.001240 64.406724 -36.776915 -7.773041 12.145437 3.853607 -2.640027 16.880916 3.914316 3.016128 13.776188 -0.271940 11.059956 -10.059443 -7.013026 0.335945 -17.558532 -2.162278 3.104023 -17.891913 0.586579 -6.572286 -0.796229 1.089052 -4.680186 6.219223 -9.744481 0.000000 -0.000000 -0.000000
-2.716698 0.928843 1.528764 -115.162108 -2.188895 -1.007670 1.993520 3.983587 3.233892 0.713246 -4.040232 1.422103 0.711665 1.779752 1.494536 0.643919 7.172132 1.127304 -4.323437 23.697955 4.641356 -8.934715 8.484928 9.426567 -0.813996 11.368538 7.455125 -14.563708 -23.183511 66.010558 39.050937 53.243300 25.488402 2.287587 15.210863 -6.148533 1.283727 7.665876 -7.114600 11.540521 -15.963644 -69.780126 -42.538857 65.535402 -33.687992 -7.674794 12.218193 3.334491 -2.912088 17.109002 3.371077 3.603942 16.449464 -0.124763 11.652386 -9.013385 -6.986730 0.510051 -20.779280 -2.781354 3.436246 -17.550975 0.663489 -6.939356 1.602481 1.271011 -5.070678 7.577308 -9.046005 -0.000000 0.000000 0.000000
-2.737816 0.928054 1.519866 -116.462105 -2.869684 -0.864974 1.964853 4.067677 2.922644 0.716692 -4.004729 1.283352 0.715148 1.815240 1.356135 0.636218 7.198788 1.022714 -4.441431 24.076977 4.739245 -9.137600 9.210438 9.599603 -1.011524 11.436076 7.637990 -15.146676 -22.801340 65.883773 37.659804 53.891106 25.012874 2.201929 15.228500 -6.344284 1.240137 7.901913 -7.226144 11.730816 -16.307018 -69.997881 -37.389531 66.641954 -29.991846 -7.434001 12.337634 3.036481 -3.688780 16.980450 2.437917 4.481841 19.698993 0.098724 12.235045 -7.274696 -6.892827 0.843852 -25.250984 -3.672004 3.503178 -16.979607 0.870211 -6.884578 3.788015 1.327332 -4.438736 8.253708 -8.677748 -0.000000 0.000000 0.000000
-2.759188 0.927847 1.510807 -117.716065 -3.570675 -0.578379 1.936531 4.147179 2.523573 0.725229 -3.971602 1.105583 0.723738 1.848356 1.179237 0.629538 7.223655 0.889009 -4.518657 24.465002 4.885069 -9.277510 9.954248 9.847188 -1.251566 11.500591 7.888456 -15.715871 -22.440380 65.774714 35.597909 54.412243 23.972246 2.098040 15.248100 -6.575570 1.172470 8.156562 -7.336127 12.088410 -16.746626 -70.305936 -31.522611 67.588872 -25.592606 -7.085298 12.488482 2.874740 -4.807145 16.480429 1.233060 5.488778 23.420077 0.368484 12.858464 -4.927217 -6.644471 1.384701 -30.430154 -4.910120 3.448464 -16.249335 1.133584 -6.549380 5.940751 1.291427 -3.253085 8.550159 -8.402896 0.000000 -0.000000 -0.000000
-2.779346 0.928588 1.501779 -119.035132 -4.120957 -0.252355 1.925315 4.198983 2.094358 0.743262 -3.950732 0.914429 0.741791 1.869212 0.989915 0.629073 7.239312 0.745875 -4.559613 24.824613 5.041895 -9.357011 10.642061 10.107620 -1.416650 11.605420 8.056743 -16.383728 -22.139741 66.042191 32.860660 54.766146 22.154816 1.867027 15.251859 -6.886026 1.078612 8.352204 -7.407553 12.473668 -17.089523 -70.599717 -25.510399 67.989069 -20.833932 -6.657344 12.657285 2.841970 -5.933401 15.411246 -0.094818 6.066115 27.441177 0.580672 13.754762 -1.814223 -5.737177 2.149504 -35.061302 -6.797474 3.255167 -15.354126 1.425231 -5.787573 7.687402 1.161979 -2.268652 8.426833 -8.081990 0.000000 -0.000000 0.000000
-2.797591 0.930623 1.492839 -120.469684 -4.435997 0.081587 1.946287 4.208528 1.641103 0.777133 -3.948587 0.712511 0.775614 1.871313 0.791434 0.639783 7.240870 0.595770 -4.568773 25.153264 5.218357 -9.384419 11.271780 10.398155 -1.408826 11.807370 8.078630 -17.298029 -21.916989 67.010847 29.105254 54.901280 19.122588 1.455550 15.223305 -7.359218 0.949428 8.448966 -7.411033 12.903383 -17.259101 -70.910412 -19.604199 67.669834 -15.884531 -6.074570 12.871444 3.031499 -6.961210 13.573391 -1.528753 5.828164 31.853183 0.595681 15.373011 2.688437 -3.858667 3.344462 -39.424650 -9.978076 2.680105 -14.281240 1.798341 -4.241108 8.913656 0.872899 -1.775997 7.704758 -7.554872 0.000000 0.000000 -0.000000
-2.814622 0.933605 1.483929 -121.966178 -4.597396 0.443835 1.982158 4.187419 1.160015 0.819251 -3.960129 0.498229 0.817658 1.859705 0.581429 0.655825 7.232077 0.436945 -4.539868 25.454166 5.409408 -9.348175 11.848030 10.708220 -1.321632 12.038429 8.018593 -18.316063 -21.692549 68.363793 24.768672 54.691922 15.368506 0.934656 15.158947 -7.927782 0.791877 8.491670 -7.371366 13.363547 -17.332468 -71.214128 -14.292640 66.818262 -11.304398 -5.410989 13.092951 3.358764 -7.923700 11.150036 -2.981187 5.033070 36.569624 0.258500 17.467972 8.039867 -1.435350 4.772692 -43.292649 -13.788426 1.978499 -13.036939 2.164742 -2.277854 9.733029 0.487553 -1.490741 6.562673 -6.947528 0.000000 -0.000000 0.000000
-2.831073 0.936865 1.475074 -123.476929 -4.687639 0.806103 1.999232 4.154334 0.693879 0.852193 -3.976924 0.290821 0.850544 1.842866 0.377371 0.665444 7.219292 0.282655 -4.462087 25.694986 5.559292 -9.222504 12.300724 10.938489 -1.323793 12.150892 7.923926 -19.113700 -21.380900 69.493810 21.047340 54.101042 12.151045 0.368170 15.076767 -8.412598 0.627252 8.528667 -7.332102 13.669083 -17.338169 -71.325481 -10.538905 65.731868 -8.078707 -4.923360 13.226210 3.533339 -8.735380 8.556620 -4.222788 4.075031 41.141603 -0.504765 19.181596 12.638361 0.951768 5.267494 -44.731328 -16.088183 1.871010 -11.658083 2.311792 -0.815209 10.112237 0.219375 -1.285831 5.500880 -6.512606 -0.000000 -0.000000 0.000000
-2.847267 0.940313 1.466347 -125.053991 -4.712780 1.198118 2.010493 4.105592 0.232376 0.882211 -4.000662 0.085584 0.880489 1.819065 0.175185 0.672985 7.201213 0.129805 -4.317209 25.859788 5.645899 -8.969417 12.596543 11.047709 -1.509305 12.047651 7.792004 -19.508835 -20.938220 70.226509 18.126760 53.049663 9.776363 -0.383734 14.989047 -8.867047 0.464691 8.570166 -7.300669 13.681507 -17.220571 -71.123719 -8.555197 64.462602 -6.402775 -4.733625 13.215963 3.321898 -9.312017 5.869191 -5.232389 2.853058 45.533504 -1.864693 20.117616 16.071949 3.470648 3.808277 -42.450961 -15.792174 2.851153 -10.081582 2.077290 -0.349353 9.868713 0.232824 -1.089047 4.679995 -6.361358 0.001324 0.041966 -0.130708
-2.862881 0.944038 1.457673 -126.643603 -4.665543 1.584777 2.001863 4.044449 -0.213537 0.902420 -4.029787 -0.112512 0.900625 1.789891 -0.020858 0.673608 7.179054 -0.018355 -4.123211 25.959690 5.697078 -8.624802 12.763850 11.089186 -1.785109 11.825278 7.637139 -19.682716 -20.445807 70.733651 15.868332 51.751080 8.050578 -1.196029 14.897442 -9.261995 0.295066 8.605643 -7.269075 13.545161 -17.014491 -70.738240 -7.817203 63.119971 -5.759248 -4.725040 13.127878 2.947215 -9.768664 3.039402 -6.039333 1.284685 49.725965 -3.770641 20.623836 18.764578 6.008509 1.329601 -37.710775 -14.381676 4.392996 -8.374248 1.677270 -0.362554 9.186142 0.406659 -0.971112 3.940923 -6.375356 0.001910 0.083859 -0.261444
-2.877577 0.947637 1.448856 -128.041243 -4.616770 1.846605 1.899190 4.005508 -0.571436 0.875987 -4.048399 -0.270757 0.874241 1.771355 -0.181793 0.641942 7.164926 -0.139864 -3.924531 26.002271 5.732399 -8.274977 12.823120 11.106130 -2.041193 11.632747 7.528925 -19.856997 -20.050555 70.928716 14.764793 50.779700 7.315138 -1.648997 14.848960 -9.259306 0.113082 8.648586 -7.260152 13.493831 -16.887712 -70.348980 -7.869854 62.122854 -5.761656 -4.794708 13.059030 2.792663 -10.379020 0.317012 -6.544551 0.065982 53.345894 -5.534435 20.728887 20.268686 7.616149 -0.807931 -32.396037 -13.012483 5.701070 -6.785176 1.474433 -0.242667 8.576372 0.528512 -1.008930 3.303872 -6.466549 -0.000000 0.000000 -0.000000
-2.891191 0.951000 1.439749 -129.155509 -4.603439 1.932674 1.648492 4.010367 -0.815942 0.777612 -4.046668 -0.377444 0.776092 1.773272 -0.298481 0.559750 7.166244 -0.227769 -3.721593 25.972152 5.758015 -7.923187 12.745212 11.109680 -2.237035 11.538039 7.508565 -20.086805 -19.863543 70.670341 15.156077 50.377271 7.903685 -1.559415 14.888581 -8.552723 -0.091775 8.710735 -7.299128 13.701484 -16.911050 -69.970651 -8.791389 61.753566 -6.476976 -4.938821 13.052864 3.040328 -11.351412 -2.211311 -6.668219 -0.021640 56.383816 -6.460736 20.120225 19.936447 7.698314 -2.226428 -26.324690 -11.503030 6.514191 -5.428777 1.621174 0.247441 8.254149 0.474117 -1.284112 2.783417 -6.615934 -0.002709 -0.287041 1.031587
-2.903888 0.954236 1.430498 -130.078275 -4.599840 1.895344 1.302758 4.046819 -0.975334 0.632399 -4.030273 -0.445470 0.631193 1.789836 -0.381252 0.445015 7.178616 -0.289923 -3.513258 25.884497 5.772007 -7.562423 12.559624 11.095037 -2.413409 11.477341 7.530327 -20.321430 -19.810937 70.117060 16.560197 50.318474 9.387111 -1.155449 14.990064 -7.407223 -0.309222 8.776761 -7.361092 13.990852 -17.014951 -69.580259 -10.422898 61.715647 -7.741988 -5.143132 13.075962 3.517486 -12.544956 -4.597497 -6.505526 0.682606 58.947151 -6.670742 19.095142 18.283807 6.988000 -3.162424 -19.569538 -10.014932 7.123329 -4.196266 1.957300 0.865940 8.006953 0.350304 -1.716701 2.364299 -6.833144 -0.005009 -0.698042 2.455898
-2.915829 0.957272 1.421351 -130.880897 -4.586814 1.772724 0.948372 4.102107 -1.058477 0.479275 -4.005146 -0.479440 0.478391 1.815082 -0.430762 0.326819 7.197567 -0.326917 -3.342217 25.794730 5.778943 -7.266117 12.375211 11.076040 -2.582727 11.400932 7.527599 -20.623654 -19.745849 69.628196 18.216088 50.484375 10.915095 -0.630275 15.108292 -6.319290 -0.513072 8.820815 -7.392746 14.060732 -17.171394 -69.288673 -11.994851 61.560522 -8.881151 -5.292506 13.110911 4.067782 -13.710173 -6.806310 -6.241279 1.295075 60.875488 -6.598236 18.468199 16.618683 6.448015 -3.745032 -14.511157 -9.294369 7.581818 -3.012465 2.350312 1.504026 7.700904 0.266503 -2.141348 2.021610 -7.076774 -0.008967 -1.124445 3.532087
-2.926968 0.960102 1.412454 -131.561544 -4.557338 1.544328 0.596854 4.184508 -1.043187 0.322192 -3.967708 -0.469584 0.321636 1.852640 -0.436860 0.208883 7.225847 -0.331105 -3.231174 25.701603 5.769625 -7.074833 12.189637 11.041276 -2.753375 11.277694 7.465584 -21.034682 -19.608957 69.304923 20.093548 50.980858 12.333643 0.094905 15.255905 -5.329895 -0.706186 8.840960 -7.371124 13.790796 -17.381253 -69.172912 -13.167293 61.190203 -9.587434 -5.344031 13.157450 4.729960 -14.788640 -8.845448 -5.926520 1.449309 62.108063 -6.416427 18.744695 15.456072 6.448985 -4.127228 -12.280320 -9.645880 7.809627 -1.866209 2.778191 2.223611 7.294713 0.283960 -2.533385 1.739872 -7.351462 -0.016408 -1.510616 3.906039
-2.937351 0.962731 1.403659 -132.122228 -4.520895 1.230339 0.237473 4.292370 -0.952244 0.157541 -3.918932 -0.425877 0.157307 1.901498 -0.409879 0.087716 7.262635 -0.310257 -3.157188 25.606519 5.753039 -6.947955 12.003051 11.001290 -2.916474 11.134912 7.381504 -21.514714 -19.449525 69.043399 22.320218 51.677761 13.878344 0.967213 15.402842 -4.390286 -0.885047 8.841725 -7.316347 13.297231 -17.657748 -69.142308 -14.239082 60.717494 -10.125596 -5.334936 13.219484 5.460660 -15.850194 -10.701058 -5.544953 1.550931 62.719849 -5.898753 19.373266 14.334306 6.580605 -4.221479 -11.789307 -10.442571 7.893770 -0.765613 3.260214 2.966049 6.828513 0.339494 -2.917691 1.533234 -7.655701 -0.028635 -1.913745 3.932208
-2.947282 0.965101 1.394771 -132.640000 -4.480539 0.929446 -0.077259 4.393567 -0.860475 0.012647 -3.873375 -0.382063 0.012665 1.947056 -0.380777 -0.018543 7.296897 -0.287832 -3.096107 25.569866 5.756531 -6.842154 11.928517 10.995968 -3.058912 11.009592 7.316688 -22.003041 -19.260249 68.885825 24.304833 52.167717 15.198822 1.602180 15.473858 -3.874881 -1.013583 8.809276 -7.238787 12.632359 -17.988335 -69.055399 -15.333167 60.031342 -10.616156 -5.300152 13.272966 5.969717 -16.809354 -12.325630 -5.193777 1.704693 62.733145 -5.081505 19.478453 13.122022 6.546353 -3.965649 -12.124151 -10.974864 8.129216 0.330446 3.730403 3.444915 6.286994 0.367192 -3.202337 1.422234 -7.945180 -0.045997 -2.395465 3.932261
-2.956884 0.967230 1.385733 -133.104334 -4.447504 0.664003 -0.336172 4.481854 -0.784613 -0.106590 -3.833753 -0.345751 -0.106380 1.986657 -0.356572 -0.105976 7.326667 -0.269167 -3.042653 25.622533 5.791319 -6.749301 12.023722 11.042628 -3.175774 10.917935 7.273246 -22.513880 -19.004423 68.871582 25.807928 52.311865 16.086001 1.813611 15.433732 -4.068262 -1.081339 8.717671 -7.131313 11.681212 -18.348339 -68.851326 -16.319547 59.008128 -10.942023 -5.270432 13.302300 6.060057 -17.658399 -13.680180 -4.944866 2.063609 62.125902 -3.774952 18.701451 11.663813 6.154437 -3.257636 -13.369371 -10.904615 8.703251 1.442806 4.185109 3.428777 5.631637 0.352659 -3.350758 1.449733 -8.216415 -0.069764 -3.001698 4.021922
-2.966034 0.969100 1.376600 -133.525743 -4.409339 0.411708 -0.550727 4.561709 -0.707073 -0.206213 -3.797993 -0.309062 -0.205851 2.022404 -0.330005 -0.178562 7.353547 -0.248769 -3.003498 25.734652 5.842309 -6.681419 12.231728 11.117778 -3.272462 10.845447 7.245940 -23.030743 -18.706756 68.958414 27.005492 52.284223 16.681431 1.806602 15.332349 -4.692812 -1.098610 8.593566 -6.999863 10.556100 -18.757420 -68.585867 -17.278160 57.774466 -11.157626 -5.238772 13.309166 5.924342 -18.384750 -14.814604 -4.757764 2.419115 60.928878 -2.189582 17.453676 10.052606 5.576204 -2.235415 -15.405684 -10.454721 9.426702 2.541599 4.642175 3.152617 4.897649 0.333564 -3.400856 1.574153 -8.477883 -0.098606 -3.686523 4.085464
-2.974665 0.970590 1.367339 -134.012849 -4.333077 0.203753 -0.703390 4.613517 -0.650340 -0.277218 -3.774838 -0.282232 -0.276762 2.045526 -0.310391 -0.230265 7.370922 -0.233708 -2.973058 25.875774 5.896132 -6.626928 12.494713 11.198266 -3.351539 10.785651 7.263521 -23.447713 -18.452998 69.069196 27.857272 52.176287 17.087967 1.767020 15.240401 -5.282125 -1.061035 8.500990 -6.876448 9.651207 -19.260179 -68.298194 -18.623629 56.578319 -11.618151 -5.188847 13.296777 5.857912 -18.889951 -15.819475 -4.556539 2.390799 59.237506 -0.915517 15.997894 8.518498 5.042073 -1.315517 -17.033689 -9.794034 10.023269 3.593669 5.061886 3.028204 4.182063 0.317740 -3.371242 1.690547 -8.703587 -0.127427 -4.373144 4.096770
-2.982704 0.971687 1.357896 -134.604020 -4.206653 0.052454 -0.781234 4.620699 -0.625781 -0.313219 -3.771596 -0.270521 -0.312718 2.048739 -0.302335 -0.256628 7.373340 -0.227499 -2.944604 26.064243 5.959901 -6.573048 12.846644 11.294042 -3.412286 10.743498 7.352514 -23.745642 -18.261955 69.190960 28.276551 51.956607 17.277078 1.704061 15.178749 -5.794851 -0.953032 8.478802 -6.772175 9.098505 -19.922684 -67.979915 -20.522840 55.523303 -12.482301 -5.111268 13.280085 5.918889 -19.101697 -16.694570 -4.305975 1.934831 57.022320 -0.043433 14.214202 7.092268 4.612124 -0.628487 -18.027427 -8.984684 10.361835 4.603826 5.421027 3.234850 3.494860 0.299764 -3.269084 1.801651 -8.885027 -0.154730 -5.066579 4.040606
-2.990224 0.972404 1.348325 -135.260918 -4.041511 -0.056126 -0.797702 4.597986 -0.620947 -0.320841 -3.781663 -0.268253 -0.320319 2.038677 -0.300843 -0.262219 7.365804 -0.226349 -2.924984 26.281743 6.025715 -6.532979 13.253410 11.393742 -3.455383 10.716255 7.485207 -23.945083 -18.113830 69.341906 28.344703 51.668155 17.263446 1.605291 15.125728 -6.275307 -0.790631 8.486812 -6.678492 8.765244 -20.678241 -67.644240 -22.765743 54.464352 -13.557820 -5.011941 13.251831 6.051081 -19.084659 -17.445059 -4.055718 1.198876 54.305843 0.625427 12.188504 5.738860 4.159236 -0.119090 -18.599664 -7.970475 10.566356 5.575252 5.729594 3.592682 2.828921 0.274085 -3.086017 1.906162 -9.032315 -0.179538 -5.761848 3.930960
-2.997374 0.972663 1.338750 -135.977143 -3.840192 -0.130796 -0.774828 4.572774 -0.622852 -0.310581 -3.792898 -0.269376 -0.310065 2.027448 -0.300923 -0.254542 7.357379 -0.226446 -2.928728 26.442118 6.059597 -6.533385 13.554089 11.445272 -3.485249 10.685455 7.609932 -24.001674 -18.040143 69.495642 28.272889 51.510573 17.213220 1.595557 15.096294 -6.385013 -0.616937 8.470236 -6.598226 8.653202 -21.374909 -67.369803 -25.193285 53.273479 -14.668529 -4.891351 13.195476 6.380405 -18.951883 -18.167153 -3.847487 0.202558 51.259173 1.037836 10.449737 4.631851 3.652278 0.159400 -18.231195 -6.884241 10.740610 6.477176 5.990135 3.972321 2.257242 0.238626 -2.815146 1.893079 -9.146960 -0.197469 -6.367150 3.785453
-3.004234 0.972393 1.329222 -136.773264 -3.595303 -0.172207 -0.711198 4.544656 -0.629542 -0.281937 -3.805482 -0.273030 -0.281463 2.014871 -0.301666 -0.233166 7.347927 -0.227102 -2.960284 26.519782 6.049989 -6.580881 13.700494 11.430242 -3.510920 10.650242 7.709944 -23.882981 -18.066639 69.657451 28.034608 51.537442 17.127794 1.731347 15.102524 -5.962705 -0.424890 8.410219 -6.531838 8.860769 -21.977142 -67.215433 -27.877425 51.965778 -15.823069 -4.739612 13.125904 6.958397 -18.684760 -18.922143 -3.720137 -1.157636 47.911999 1.125101 9.226587 3.872877 3.067998 0.208873 -16.588854 -5.954335 10.909660 7.304854 6.206145 4.319637 1.792483 0.172165 -2.410251 1.722809 -9.216945 -0.207437 -6.854820 3.607308
-3.010723 0.971665 1.319690 -137.628304 -3.313099 -0.182059 -0.608304 4.513636 -0.643397 -0.235423 -3.819378 -0.280254 -0.235019 2.001001 -0.304166 -0.198544 7.337504 -0.229145 -3.014649 26.539208 6.011118 -6.667319 13.738670 11.371306 -3.523250 10.610717 7.802057 -23.621659 -18.167455 69.824231 27.648755 51.694804 16.993648 1.941414 15.135941 -5.170647 -0.221573 8.325263 -6.478641 9.297303 -22.523378 -67.138414 -30.709297 50.502868 -16.989270 -4.575781 13.047999 7.735625 -18.297659 -19.651636 -3.639829 -2.653282 44.224687 1.097663 8.283240 3.382583 2.432387 0.142432 -14.019614 -5.144046 11.042876 8.063164 6.371967 4.687061 1.421757 0.097266 -1.914747 1.436309 -9.258060 -0.210203 -7.252312 3.393061
-3.016754 0.970616 1.310136 -138.473610 -3.016766 -0.169826 -0.492365 4.508310 -0.658764 -0.182973 -3.821879 -0.288229 -0.182646 1.998523 -0.306814 -0.159478 7.335622 -0.231316 -3.091819 26.488975 5.949304 -6.796277 13.648399 11.280660 -3.499245 10.548900 7.885527 -23.270744 -18.297915 69.956042 27.390910 52.022309 16.954020 2.156735 15.182445 -4.155117 -0.071121 8.217032 -6.438815 9.681033 -22.972800 -67.060613 -33.260946 48.721113 -17.912176 -4.445782 12.931384 8.687259 -17.956181 -20.269557 -3.532780 -3.836542 40.272712 1.253675 7.443282 3.079314 1.811690 0.081013 -11.030048 -4.180038 11.161286 8.733617 6.481654 5.104588 1.179464 0.078858 -1.455485 1.042935 -9.312415 -0.205459 -7.550503 3.150839
-3.022229 0.969262 1.300678 -139.294799 -2.708809 -0.140658 -0.369943 4.542792 -0.673136 -0.127640 -3.806715 -0.295774 -0.127402 2.013700 -0.308737 -0.118198 7.346976 -0.232949 -3.195248 26.349162 5.865678 -6.975415 13.393197 11.162595 -3.427345 10.441300 7.958228 -22.822577 -18.453319 70.032654 27.333361 52.589996 17.061817 2.391202 15.242369 -2.840211 -0.010974 8.075995 -6.411933 9.933107 -23.283697 -66.955717 -35.444053 46.493907 -18.497473 -4.369754 12.752609 9.913936 -17.644173 -20.772187 -3.405674 -4.543646 36.056867 1.732587 6.653133 3.013353 1.205285 0.038019 -7.238934 -2.714878 11.196088 9.280519 6.503627 5.658451 1.130154 0.161282 -1.056633 0.499708 -9.382815 -0.191586 -7.709556 2.870044
-3.027246 0.967588 1.291197 -140.105924 -2.385793 -0.089779 -0.234613 4.603103 -0.690405 -0.066376 -3.780091 -0.304730 -0.066240 2.040336 -0.311470 -0.072541 7.366921 -0.235218 -3.320024 26.139033 5.762626 -7.193539 13.008057 11.019363 -3.319031 10.310904 8.021772 -22.283925 -18.639856 70.070731 27.410341 53.328553 17.273556 2.658253 15.309810 -1.299082 -0.003346 7.911356 -6.396891 10.131802 -23.497751 -66.848757 -37.368169 43.984713 -18.838464 -4.355267 12.550562 11.312310 -17.375273 -21.161968 -3.254176 -5.034826 31.579298 2.308032 5.949353 3.149781 0.598739 0.013967 -3.016590 -1.098195 11.212430 9.737230 6.472793 6.262405 1.210876 0.296059 -0.690862 -0.150055 -9.467274 -0.171889 -7.768858 2.561829
-3.032010 0.965687 1.281322 -140.881073 -2.062074 -0.010226 -0.093112 4.675849 -0.714435 -0.001965 -3.747956 -0.316785 -0.001929 2.072475 -0.316984 -0.024725 7.390992 -0.239608 -3.453962 25.906246 5.647354 -7.426929 12.580615 10.858394 -3.185920 10.209495 8.080553 -21.729520 -18.829603 70.085568 27.697493 54.070429 17.595807 2.880827 15.362107 0.097668 0.000377 7.752950 -6.393427 10.227929 -23.699749 -66.731482 -38.945866 41.490604 -18.997809 -4.410085 12.367664 12.552476 -17.361192 -21.357815 -2.983305 -5.494317 26.921429 2.730019 5.283461 3.275042 0.033256 0.000000 0.000000 0.000000 11.434656 10.190665 6.484918 6.687865 1.264303 0.411430 -0.409145 -0.768561 -9.596218 -0.152991 -7.838522 2.266744
-3.036598 0.963508 1.271022 -141.618208 -1.727725 0.097607 0.058361 4.757245 -0.740626 0.067032 -3.712012 -0.329942 0.066971 2.108414 -0.323132 0.026487 7.417907 -0.244502 -3.598853 25.649359 5.512291 -7.677815 12.107753 10.667001 -3.022993 10.161105 8.130654 -21.168923 -19.024631 70.072151 28.275889 54.807307 18.073028 3.014805 15.390125 1.309066 0.018475 7.605946 -6.408456 10.158341 -23.916842 -66.591441 -40.153774 38.997587 -19.010554 -4.544495 12.189914 13.562836 -17.681182 -21.274152 -2.582214 -5.719561 21.903987 3.091238 4.633601 3.357805 -0.461020 -0.019858 0.832098 0.266679 11.989551 10.672173 6.580831 6.844290 1.206107 0.476624 -0.257485 -1.344835 -9.782008 -0.136574 -7.902680 2.013251
-3.040934 0.961101 1.260326 -142.318895 -1.391660 0.234577 0.215672 4.851279 -0.773926 0.139049 -3.670477 -0.346369 0.138897 2.149937 -0.332242 0.079750 7.449006 -0.251656 -3.752723 25.369620 5.365423 -7.943560 11.592188 10.459162 -2.835624 10.141604 8.174224 -20.592074 -19.223441 70.032185 29.082515 55.545634 18.678184 3.105405 15.401964 2.378304 0.032370 7.464932 -6.435827 9.985187 -24.122625 -66.437979 -41.090795 36.529266 -18.922074 -4.735526 12.009777 14.412739 -18.247205 -20.986849 -2.069360 -5.863939 16.700263 3.363828 4.005806 3.435397 -0.910963 -0.015633 0.417926 0.127038 12.752308 11.153063 6.723087 6.822285 1.117276 0.530001 -0.190069 -1.891784 -10.007356 -0.120996 -7.977680 1.772954
-3.044990 0.958720 1.248949 -142.962709 -1.096368 0.410997 0.359993 4.955964 -0.831754 0.206689 -3.624215 -0.373632 0.206465 2.196179 -0.352633 0.128924 7.483638 -0.267338 -3.898917 25.119282 5.234882 -8.195980 11.131611 10.277522 -2.650825 10.130551 8.225404 -20.044982 -19.392568 69.994520 29.963629 56.141353 19.296008 3.176202 15.406652 3.055476 0.035209 7.344072 -6.456715 9.847471 -24.321692 -66.296361 -41.853733 34.430257 -18.832793 -4.907673 11.857216 14.990720 -19.021676 -20.652332 -1.389487 -6.501654 11.908132 3.265621 3.395697 3.385179 -1.346823 0.000000 -0.000000 0.000000 13.570902 11.632036 6.890256 6.664270 1.087479 0.606446 -0.123503 -2.307205 -10.257084 -0.105516 -8.222154 1.500248
-3.048704 0.956405 1.236927 -143.535806 -0.848710 0.639243 0.486671 5.075401 -0.923548 0.268440 -3.571426 -0.415869 0.268168 2.248942 -0.388598 0.172567 7.523145 -0.294791 -4.039105 24.908876 5.130266 -8.440098 10.746995 10.138560 -2.469709 10.114225 8.291259 -19.518883 -19.512216 69.961167 30.848141 56.529968 19.856668 3.207536 15.413815 3.177756 0.012454 7.241341 -6.463091 9.783549 -24.523319 -66.175433 -42.486961 32.779044 -18.791128 -5.004095 11.719697 15.190037 -20.135882 -20.269034 -0.380935 -7.858047 7.466389 2.568425 2.842785 3.163785 -1.798896 -0.000000 0.000000 0.000000 14.446910 12.111833 7.060400 6.314968 1.108443 0.739519 -0.010447 -2.573892 -10.530235 -0.087832 -8.662605 1.178552
-3.052138 0.954116 1.224224 -144.051919 -0.641031 0.909200 0.599584 5.205242 -1.039411 0.325489 -3.514056 -0.468704 0.325188 2.306281 -0.435635 0.211897 7.566068 -0.330617 -4.172461 24.728520 5.040368 -8.673076 10.418812 10.022699 -2.290908 10.106130 8.365009 -19.023056 -19.602302 69.932120 31.790280 56.777275 20.410927 3.191365 15.422177 2.902951 -0.021365 7.158818 -6.462916 9.755524 -24.718414 -66.068221 -42.962546 31.493052 -18.790886 -5.055910 11.589282 15.124541 -21.448735 -19.816443 0.786543 -9.576984 3.347851 1.673258 2.297731 2.806413 -2.196463 0.000000 -0.000000 -0.000000 15.378975 12.590775 7.260454 5.829752 1.184747 0.900420 0.096504 -2.708642 -10.827656 -0.066201 -9.272331 0.823187
-3.055453 0.951983 1.210441 -144.532468 -0.494272 1.198386 0.692995 5.330532 -1.167223 0.374583 -3.458718 -0.526666 0.374271 2.361590 -0.488606 0.244850 7.607459 -0.370912 -4.279224 24.600087 4.960609 -8.856190 10.184549 9.915170 -2.137505 10.126690 8.441305 -18.631051 -19.688836 69.937069 32.816021 56.934646 21.017422 3.162539 15.425644 2.459589 -0.029540 7.116954 -6.461840 9.788714 -24.883836 -65.978970 -43.254889 30.672271 -18.846532 -5.119281 11.505210 15.014186 -22.532818 -19.448422 1.687982 -11.426267 0.251610 1.138957 1.611033 2.315142 -2.411915 -0.000000 -0.000000 -0.000000 16.210865 13.059091 7.541428 5.414045 1.427351 1.025169 0.126807 -2.660712 -11.137153 -0.038523 -10.130062 0.435757
-3.058729 0.950096 1.195490 -144.957992 -0.415662 1.529849 0.757490 5.450620 -1.318178 0.412180 -3.405688 -0.594605 0.411876 2.414595 -0.552726 0.268393 7.647107 -0.419607 -4.351685 24.537410 4.889410 -8.974254 10.068899 9.809874 -2.022421 10.183636 8.524722 -18.392447 -19.788006 70.009601 33.918858 57.011820 21.674293 3.134467 15.424201 1.847252 0.010024 7.121854 -6.467484 9.890652 -25.041773 -65.897253 -43.375992 30.411464 -18.996518 -5.231066 11.498007 14.890726 -23.308320 -19.296475 2.126129 -13.716146 -1.391711 1.082523 0.499029 1.541116 -2.123781 0.000000 0.000000 -0.000000 16.891413 13.543810 7.913069 5.135723 1.823627 1.057790 0.013608 -2.411118 -11.455617 -0.003567 -11.239997 0.035856
-3.061886 0.948365 1.179460 -145.348852 -0.397988 1.882319 0.802770 5.565816 -1.480439 0.441934 -3.354822 -0.667343 0.441653 2.465436 -0.622439 0.285670 7.685119 -0.472510 -4.398341 24.526916 4.826286 -9.043875 10.047810 9.708787 -1.932725 10.269297 8.611622 -18.258237 -19.883362 70.120292 35.100434 56.995277 22.380337 3.095413 15.423228 1.066553 0.074917 7.167497 -6.473305 10.054139 -25.170099 -65.835516 -43.320416 30.616050 -19.216032 -5.356633 11.539158 14.721823 -23.872741 -19.260950 2.313389 -16.237683 -1.953938 1.152082 -0.788638 0.699719 -1.585912 -0.000000 -0.000000 -0.000000 17.472756 14.015892 8.366986 4.917795 2.387113 1.050370 -0.188357 -1.983812 -11.783025 0.043842 -12.598067 -0.397777
-3.064843 0.946657 1.162222 -145.786592 -0.440970 2.166792 0.852817 5.662738 -1.607270 0.471790 -3.312066 -0.724375 0.471525 2.508169 -0.676433 0.304163 7.717062 -0.513524 -4.423666 24.549165 4.768161 -9.073674 10.085264 9.608921 -1.853133 10.381201 8.684482 -18.154364 -19.951781 70.204688 36.403445 56.897638 23.200973 3.050394 15.420317 0.348700 0.135086 7.256207 -6.463961 10.281885 -25.178821 -65.832021 -43.033596 31.102853 -19.419027 -5.449892 11.583191 14.629092 -24.073979 -19.164423 2.443665 -18.039947 -1.895215 1.088467 -1.576620 0.242744 -1.623371 0.000000 0.000000 -0.000000 17.954554 14.380038 8.922974 4.744401 3.270210 1.095720 -0.370112 -1.392111 -12.113142 0.116021 -14.270321 -0.926817
-3.067585 0.944908 1.143676 -146.292710 -0.579982 2.367410 0.917080 5.757771 -1.683665 0.505135 -3.270151 -0.759189 0.504898 2.550058 -0.707854 0.326934 7.748395 -0.537485 -4.430953 24.594290 4.702649 -9.067694 10.162141 9.489946 -1.781109 10.533302 8.717823 -18.072007 -19.985927 70.268956 37.896547 56.699158 24.169843 2.994912 15.411709 -0.212861 0.146158 7.408914 -6.415697 10.587511 -25.041366 -65.933247 -42.458991 31.822452 -19.521045 -5.481342 11.611906 14.700445 -23.691484 -19.072177 2.527447 -18.901109 -0.969367 0.658921 -1.248271 0.210790 -2.877992 0.000000 -0.000000 -0.000000 18.314990 14.691165 9.588194 4.595246 4.472216 1.244642 -0.514861 -0.714352 -12.570817 0.207701 -16.208544 -1.470152
-3.070128 0.943182 1.123922 -146.846314 -0.780762 2.502111 0.987112 5.834969 -1.724253 0.538945 -3.236156 -0.778178 0.538731 2.584022 -0.723405 0.351198 7.773805 -0.549440 -4.417180 24.672187 4.641426 -9.022556 10.297923 9.371171 -1.720070 10.711626 8.736742 -18.020715 -19.992994 70.307798 39.493391 56.409650 25.238296 2.937512 15.400454 -0.711001 0.152233 7.605029 -6.353031 10.954331 -24.783126 -66.091814 -41.641531 32.823462 -19.587458 -5.477243 11.639482 14.848448 -22.947380 -18.916463 2.556234 -19.066829 0.576051 0.053068 -0.472338 0.537193 -4.785400 0.000000 -0.000000 0.000000 18.574115 14.896800 10.352050 4.478814 5.996154 1.435649 -0.659915 0.125739 -13.036530 0.340850 -18.460392 -2.116317
-3.072440 0.941534 1.103128 -147.464527 -0.939552 2.531348 1.060566 5.832696 -1.726196 0.571710 -3.237448 -0.779969 0.571455 2.582695 -0.721871 0.375821 7.772772 -0.548417 -4.377199 24.793183 4.617681 -8.935552 10.514705 9.309586 -1.663481 10.872225 8.799568 -17.954415 -19.972275 70.238578 41.008172 56.086422 26.352424 2.901908 15.391182 -1.194065 0.256013 7.784431 -6.332146 11.340026 -24.392558 -66.203727 -40.679870 34.072884 -19.755642 -5.475968 11.671401 14.930959 -22.350778 -18.316613 2.687405 -18.246711 1.529125 -0.280409 -0.443800 1.400435 -6.378354 -0.000000 0.000000 -0.000000 18.791271 14.741580 11.207197 4.416833 8.000096 1.591258 -0.763934 1.356151 -13.141990 0.601291 -21.230048 -3.207508
-3.074770 0.939795 1.080572 -148.133838 -1.056139 2.457106 1.132988 5.699771 -1.697444 0.601779 -3.296730 -0.767920 0.601427 2.523385 -0.706776 0.399317 7.728280 -0.537031 -4.304871 25.006400 4.647019 -8.795379 10.904318 9.328071 -1.615527 10.990586 8.971552 -17.941266 -19.866989 69.948337 42.612139 55.775347 27.755987 2.909489 15.392804 -1.660175 0.543577 7.942352 -6.378725 11.647252 -23.793964 -66.132238 -39.598696 35.536594 -20.100064 -5.496818 11.719504 14.922953 -22.207549 -16.847632 2.943488 -15.599638 1.036199 -0.132744 -1.966566 3.317899 -7.196664 -0.000000 0.000000 -0.000000 19.011414 14.224697 12.251569 4.420167 10.520217 1.582272 -0.879015 3.010842 -12.751923 1.080720 -24.777046 -4.889307
-3.076870 0.938134 1.056976 -148.867032 -1.134365 2.276442 1.208074 5.488097 -1.627164 0.630454 -3.390925 -0.737263 0.629986 2.429164 -0.673210 0.423090 7.657641 -0.511604 -4.207442 25.263661 4.712700 -8.615828 11.376709 9.403514 -1.573453 11.093100 9.187429 -17.912638 -19.738136 69.548779 44.118619 55.420721 29.196636 2.941292 15.395956 -2.110060 0.930072 8.083429 -6.462727 11.975562 -23.065027 -66.010775 -38.370543 37.259897 -20.520382 -5.522744 11.777523 14.850567 -22.187619 -14.933269 3.270979 -11.950653 -0.094205 0.127818 -4.185535 5.766530 -7.634413 -0.000000 -0.000000 0.000000 19.170467 13.354423 13.391632 4.441886 13.522100 1.530479 -0.901858 5.064732 -12.003188 1.858297 -28.803286 -7.162503
-3.077965 0.937119 1.034668 -149.720812 -1.078872 1.939021 1.295447 5.291304 -1.484975 0.660619 -3.478401 -0.674726 0.660019 2.341645 -0.607606 0.450318 7.592079 -0.461961 -4.098960 25.429547 4.800130 -8.429511 11.681258 9.523540 -1.517549 11.211068 9.309999 -17.617912 -19.753344 69.298927 44.832262 54.963931 29.893981 2.961700 15.376435 -2.596129 1.260972 8.161170 -6.560055 12.574050 -22.423653 -66.137285 -37.005358 39.327603 -20.879331 -5.543822 11.832186 14.647254 -21.850878 -13.471492 3.736576 -9.453769 -0.528826 0.292497 -5.744624 7.287263 -8.004883 -0.000000 -0.000000 0.000000 19.161350 11.890247 14.345456 4.443628 17.057560 1.724220 -0.538754 7.667753 -10.944545 2.987878 -32.654591 -10.175189
-3.077401 0.937080 1.014714 -150.747329 -0.810074 1.328247 1.408544 5.126532 -1.211928 0.695019 -3.551350 -0.554286 0.694246 2.268637 -0.483678 0.484962 7.537493 -0.368262 -3.970250 25.446522 4.911897 -8.223810 11.710343 9.693248 -1.433434 11.385991 9.273477 -16.886540 -20.043319 69.319363 44.259797 54.385957 29.407906 3.003508 15.300113 -3.230201 1.528038 8.122092 -6.704230 13.697713 -22.033635 -66.671902 -35.413700 41.911056 -21.183316 -5.586904 11.889842 14.345661 -20.603688 -13.061634 4.392234 -9.551345 0.681797 0.468241 -6.008472 7.028898 -8.433055 0.000000 0.000000 0.000000 19.085463 9.533575 15.232636 4.475529 21.310233 2.172650 0.394588 11.304500 -9.668950 4.737125 -36.921421 -14.296755
-3.075833 0.937688 0.996047 -151.899902 -0.420753 0.551812 1.534408 4.980927 -0.867549 0.731392 -3.615380 -0.402193 0.730472 2.204563 -0.327896 0.523483 7.489660 -0.250512 -3.828181 25.373469 5.048004 -8.006301 11.573677 9.909189 -1.335497 11.572757 9.141380 -15.887261 -20.470836 69.485591 42.975498 53.714576 28.242593 3.043075 15.195718 -3.897976 1.739158 8.018161 -6.863952 15.084214 -21.719066 -67.453016 -33.587981 44.832112 -21.299933 -5.634411 11.957634 13.912235 -19.060761 -13.139358 5.210285 -10.789768 2.621261 0.690930 -5.609838 5.828546 -8.850051 0.000000 0.000000 0.000000 18.811204 6.593046 15.999942 4.538180 26.104837 2.834087 1.793991 15.492016 -8.049173 6.998768 -40.841094 -19.453025
-3.074454 0.938523 0.977799 -153.083311 -0.066597 -0.101664 1.644409 4.900596 -0.601787 0.765469 -3.650367 -0.284960 0.764488 2.169546 -0.207200 0.557840 7.463566 -0.159331 -3.709916 25.248978 5.190890 -7.837780 11.345404 10.146359 -1.243597 11.671400 8.972816 -14.881582 -20.795912 69.696985 41.882480 52.994233 27.027901 2.949252 15.132346 -4.319295 1.761702 7.961545 -6.923093 16.195575 -21.196969 -68.297150 -31.628416 47.611598 -20.915352 -5.624745 12.029877 13.174278 -18.582377 -12.799875 6.168320 -10.965975 3.872949 0.910093 -5.124536 4.756608 -9.297011 -0.000000 -0.000000 0.000000 17.951848 3.724982 16.140409 4.579201 30.971014 3.852962 3.501200 18.954789 -5.886795 8.334464 -42.036428 -24.158087
-3.073670 0.939564 0.959628 -154.237261 0.219735 -0.500524 1.703837 4.912345 -0.491883 0.785861 -3.644782 -0.236763 0.784885 2.175129 -0.156929 0.576832 7.467833 -0.121404 -3.627286 25.046746 5.347657 -7.743886 10.978845 10.422499 -1.164256 11.598463 8.763026 -13.901257 -20.873570 70.004826 41.078136 52.233200 25.714052 2.587188 15.149127 -4.315090 1.452241 8.018212 -6.770780 16.940772 -20.289547 -69.289971 -29.288330 49.951935 -19.628146 -5.535648 12.132976 12.126033 -20.197726 -11.512493 7.344734 -8.760279 3.764372 1.117939 -4.738393 4.195809 -9.827865 -0.000000 0.000000 0.000000 16.221694 1.080766 15.323329 4.711188 35.947082 5.383568 5.963208 21.395194 -2.638471 6.956212 -38.965619 -27.766464
-3.073074 0.940833 0.941876 -155.418177 0.481052 -0.774220 1.748056 4.984842 -0.464093 0.804039 -3.612497 -0.225136 0.803067 2.207399 -0.143456 0.591438 7.492058 -0.111330 -3.566558 24.793748 5.515187 -7.695759 10.521605 10.726177 -1.089781 11.434795 8.522044 -12.915041 -20.852210 70.360061 40.474312 51.427536 24.358999 2.072945 15.214027 -4.078896 0.956357 8.130009 -6.517448 17.380295 -19.203120 -70.364951 -26.649115 52.053681 -17.789536 -5.440629 12.262294 10.756791 -22.799842 -9.679861 8.541994 -5.500740 2.964974 1.268196 -4.262686 3.764123 -10.384739 -0.000000 -0.000000 0.000000 14.014810 -1.593954 13.976022 4.924960 41.081116 7.113093 8.767674 23.190837 1.088034 3.279999 -34.036077 -30.226169
-3.072636 0.941975 0.924707 -156.700927 0.682043 -1.019795 1.853137 5.074682 -0.442088 0.849651 -3.572661 -0.216821 0.848669 2.247131 -0.130506 0.626558 7.521846 -0.101763 -3.528598 24.606769 5.656612 -7.676203 10.186250 10.983387 -1.016905 11.330719 8.330425 -12.093713 -20.927513 70.519261 40.599426 50.645841 23.671602 1.649223 15.284232 -3.885540 0.570961 8.215246 -6.380969 17.233944 -18.241399 -71.108874 -24.441094 54.253654 -16.375877 -5.466129 12.364476 8.876231 -24.563378 -7.829387 9.411973 -2.946287 2.071187 1.372350 -3.720465 3.385474 -10.820790 0.000000 -0.000000 0.000000 11.981785 -4.224423 12.674512 4.877754 45.898450 8.434091 10.274792 24.135009 3.641175 -0.278621 -30.448881 -30.657467
-3.072274 0.942854 0.908375 -158.114716 0.796385 -1.267242 2.059520 5.187693 -0.401222 0.939370 -3.522502 -0.201387 0.938388 2.297125 -0.105950 0.695613 7.559348 -0.083605 -3.528101 24.527501 5.769275 -7.708218 10.052191 11.190624 -0.924133 11.360983 8.235125 -11.525987 -21.203007 70.329192 41.793103 49.879582 24.012843 1.390620 15.355051 -3.746731 0.397786 8.224032 -6.470811 16.115594 -17.510253 -71.252180 -22.913997 56.706545 -15.771933 -5.828892 12.399487 6.168678 -24.773274 -6.190727 9.890664 -1.844395 1.219794 1.494320 -3.084569 3.059643 -11.071025 0.000000 -0.000000 0.000000 10.371165 -6.748841 11.555993 4.095878 50.272355 8.969673 9.317394 23.792572 4.223887 -2.201144 -28.595492 -28.086549
-3.072071 0.943606 0.892627 -159.629282 0.850424 -1.482733 2.326688 5.317588 -0.367772 1.056527 -3.464810 -0.190138 1.055529 2.354626 -0.082795 0.785100 7.602507 -0.066637 -3.552117 24.512609 5.851823 -7.772119 10.036941 11.345403 -0.833232 11.454481 8.184913 -11.124629 -21.576676 69.946333 43.613006 49.116933 24.932671 1.228055 15.424449 -3.640848 0.331260 8.196028 -6.677997 14.455961 -16.882382 -71.066516 -22.083286 59.351717 -15.855545 -6.518361 12.373089 2.949435 -24.200690 -4.619912 10.139637 -1.445641 0.273241 1.648403 -2.380748 2.787926 -11.200813 0.000000 0.000000 0.000000 8.921152 -9.218397 10.438175 2.747566 54.299847 8.830831 7.053695 22.407123 3.814262 -3.168763 -26.920700 -23.815121
-3.072247 0.944289 0.876869 -161.231010 0.884542 -1.668089 2.609663 5.404860 -0.339050 1.180876 -3.426083 -0.181105 1.179805 2.393115 -0.061133 0.879802 7.631408 -0.050811 -3.562359 24.549407 5.865102 -7.790310 10.107127 11.368724 -0.805997 11.543482 8.111148 -10.797740 -21.931974 69.593225 45.411432 48.443606 25.927818 1.197394 15.445842 -3.783847 0.354317 8.176501 -6.894995 13.220383 -16.312319 -70.939850 -22.530929 62.292789 -16.976346 -7.228899 12.285393 -0.034144 -23.297565 -3.150446 10.257425 -1.257663 -0.584768 1.831467 -1.713768 2.495898 -11.261319 0.000000 0.000000 0.000000 7.469501 -11.659674 9.381154 1.473348 57.789527 8.334492 5.172411 20.896908 3.253780 -3.536529 -25.437077 -20.075291
-3.072965 0.944876 0.860831 -162.946456 0.922176 -1.825061 2.910151 5.407442 -0.310819 1.312968 -3.425037 -0.172084 1.311743 2.393846 -0.038697 0.980306 7.631982 -0.034359 -3.554740 24.659058 5.782299 -7.746829 10.299598 11.210362 -0.899254 11.610800 7.987106 -10.522551 -22.238872 69.324930 47.079091 47.923445 26.991988 1.391230 15.385338 -4.367055 0.512564 8.197935 -7.098182 12.758974 -15.839148 -70.975311 -25.480217 65.939069 -20.224783 -7.779671 12.057294 -2.775090 -22.023898 -1.788800 10.246063 -1.264921 -1.368413 2.077777 -1.138951 2.184673 -11.263508 -0.000000 -0.000000 0.000000 5.973645 -14.080937 8.385153 0.622534 60.656883 7.818754 4.224979 19.636250 2.560801 -3.332455 -24.598991 -17.398914
-3.074061 0.945395 0.844783 -164.748910 0.941646 -1.951216 3.226204 5.367780 -0.283460 1.452072 -3.442699 -0.163343 1.450676 2.375843 -0.015825 1.086112 7.618527 -0.017557 -3.536741 24.816990 5.626043 -7.664234 10.573033 10.915185 -1.055844 11.670525 7.840263 -10.321316 -22.528235 69.091021 48.744288 47.484609 28.161381 1.727759 15.284208 -5.193501 0.761210 8.229553 -7.312494 12.715131 -15.427861 -71.058867 -31.342615 69.734930 -26.090475 -8.306790 11.717791 -5.292299 -20.434022 -0.533827 10.124180 -1.483720 -2.060855 2.362432 -0.600702 1.852632 -11.195691 -0.000000 0.000000 -0.000000 4.463179 -16.478293 7.457472 0.028209 62.959341 7.248417 3.642876 18.276723 1.627174 -2.688962 -24.244697 -14.930070
-3.075272 0.945981 0.828941 -166.545034 0.916335 -2.042292 3.507343 5.353440 -0.261515 1.576014 -3.449033 -0.156748 1.574511 2.369200 0.003356 1.180348 7.613606 -0.003513 -3.486321 24.942117 5.433496 -7.519702 10.777898 10.550286 -1.166407 11.701124 7.685918 -10.170244 -22.769580 68.952810 50.167738 47.057099 29.043961 1.977652 15.202378 -5.899803 0.948742 8.223011 -7.503064 12.979941 -14.949704 -71.255670 -38.238683 72.452250 -32.776500 -8.703715 11.493572 -6.901630 -19.110681 0.604360 9.980802 -1.465736 -2.437936 2.552181 -0.038321 1.420176 -11.077886 0.000000 0.000000 0.000000 2.874236 -18.851231 6.682187 -0.223597 64.722017 6.648476 3.242926 16.869362 0.840429 -2.052070 -23.979955 -12.834566
-3.076508 0.946737 0.813502 -168.334751 0.825015 -2.088019 3.741817 5.401817 -0.251709 1.679901 -3.427595 -0.155494 1.678386 2.390334 0.015160 1.259070 7.629486 0.004952 -3.390805 24.996266 5.208769 -7.293594 10.843728 10.122548 -1.169046 11.687885 7.520402 -10.059180 -22.935960 68.960846 51.242253 46.631575 29.424115 2.034681 15.153482 -6.365201 1.005729 8.144164 -7.644704 13.693987 -14.318841 -71.660583 -44.001167 73.808618 -38.023000 -8.667458 11.574195 -7.258387 -18.361788 1.599117 9.840678 -0.940149 -2.341559 2.553766 0.592108 0.840127 -10.902644 0.000217 0.046000 -0.038580 1.002179 -21.258399 6.085933 0.449668 66.038909 6.474820 2.994593 15.401586 0.319051 -1.538922 -23.701350 -11.275758
-3.077859 0.947560 0.798269 -170.118012 0.692641 -2.093999 3.941178 5.475434 -0.249691 1.768572 -3.395009 -0.157535 1.767075 2.422630 0.022130 1.326034 7.653721 0.009785 -3.261449 25.016459 4.950132 -7.001324 10.841932 9.628800 -1.124777 11.645930 7.349463 -9.999773 -23.048932 69.062237 52.108468 46.240048 29.544651 2.000631 15.116459 -6.714666 1.003020 8.026526 -7.759428 14.706028 -13.615217 -72.174811 -48.559069 74.308398 -41.845584 -8.277687 11.822983 -6.738823 -17.882759 2.477359 9.665113 -0.177446 -1.936764 2.435538 1.244891 0.157228 -10.683750 0.000215 0.092002 -0.077158 -0.974315 -23.627661 5.658355 1.815311 66.801697 6.724600 2.899989 13.929513 -0.088379 -1.025315 -23.608916 -10.062042
-3.079328 0.948278 0.782865 -171.801522 0.561496 -2.080801 4.090006 5.529641 -0.244070 1.834492 -3.370915 -0.157262 1.832994 2.446538 0.029103 1.375921 7.671693 0.014731 -3.110651 25.036258 4.687766 -6.669628 10.838426 9.123397 -1.108633 11.600298 7.203070 -10.001474 -23.151140 69.162389 52.894832 45.885863 29.695044 1.951008 15.090716 -6.955866 0.998900 7.921799 -7.884620 15.476912 -12.968878 -72.584227 -51.174323 74.185977 -43.861489 -7.938542 12.013822 -5.733436 -17.333868 3.310749 9.443431 0.461337 -1.487221 2.299703 1.846112 -0.569905 -10.472296 0.000000 0.000000 0.000000 -2.529177 -25.747281 5.368504 2.575257 66.740846 6.559654 2.776612 12.616878 -0.418309 -0.548063 -23.718069 -8.917227
-3.080999 0.948885 0.767191 -173.346222 0.440965 -2.050952 4.176581 5.552567 -0.230321 1.872251 -3.360612 -0.152394 1.870752 2.456740 0.037806 1.404847 7.679388 0.021131 -2.937832 25.060598 4.432115 -6.300189 10.843568 8.624632 -1.153913 11.561834 7.094448 -10.069307 -23.274974 69.221480 53.638032 45.541211 29.973420 1.889894 15.083691 -7.057863 1.009387 7.849928 -8.045416 15.778177 -12.409420 -72.800974 -50.998397 73.339980 -43.364596 -7.804516 12.078481 -4.084359 -16.565880 4.097227 9.163067 0.822792 -1.043037 2.194555 2.362558 -1.334920 -10.286923 -0.000611 -0.337346 0.298589 -3.429063 -27.558249 5.134945 2.050692 65.763352 5.505728 2.579199 11.508255 -0.618280 -0.087900 -24.356128 -7.812259
-3.082789 0.949387 0.751345 -174.791303 0.322954 -2.003058 4.212782 5.556507 -0.211208 1.887292 -3.358742 -0.144373 1.885795 2.458540 0.047353 1.416822 7.680755 0.028284 -2.742733 25.085493 4.173382 -5.890103 10.850234 8.115144 -1.226964 11.520530 7.010453 -10.197983 -23.390446 69.279653 54.297014 45.236035 30.279884 1.806392 15.088274 -7.054674 1.018330 7.789729 -8.218016 15.847443 -11.913625 -72.921160 -49.048924 71.915638 -41.214352 -7.743296 12.106168 -1.941784 -15.729234 4.840594 8.848760 1.060947 -0.553120 2.077770 2.826398 -2.143884 -10.106811 -0.003338 -0.812799 0.712814 -3.873605 -29.105206 4.929572 1.102030 63.967314 4.259763 2.309733 10.565286 -0.787303 0.311092 -25.213737 -6.730079
-3.084452 0.949636 0.735243 -176.160737 0.221819 -1.954514 4.218858 5.533457 -0.184289 1.888437 -3.368754 -0.132276 1.886899 2.448521 0.059568 1.418541 7.673277 0.037550 -2.539155 25.131748 3.910018 -5.462093 10.897912 7.594183 -1.302518 11.470363 6.941046 -10.381368 -23.448737 69.361391 54.875999 45.058056 30.599447 1.756987 15.080447 -7.046607 1.035087 7.732117 -8.368305 15.852694 -11.540187 -73.008591 -47.350549 70.506934 -39.344414 -7.732557 12.095608 -0.148781 -14.932979 5.622556 8.548767 1.276851 -0.128105 1.922012 3.262809 -2.955583 -9.920042 -0.007700 -1.242304 1.041375 -3.967876 -30.329036 4.755357 0.518084 61.401767 3.508095 1.880620 9.804371 -1.203713 0.505548 -25.325151 -5.474219
-3.085844 0.949586 0.718806 -177.465219 0.139177 -1.901727 4.203299 5.478641 -0.156258 1.879870 -3.392849 -0.119144 1.878246 2.424460 0.071825 1.412957 7.655269 0.046928 -2.328647 25.203134 3.643569 -5.019847 10.994000 7.065181 -1.372520 11.417293 6.888501 -10.629910 -23.424791 69.498085 55.380337 45.036149 30.918597 1.775217 15.039234 -7.082013 1.064993 7.682032 -8.478238 15.832926 -11.313525 -73.065487 -46.151755 69.251280 -37.991050 -7.776056 11.994879 1.011963 -14.243063 6.501232 8.279346 1.546753 0.153302 1.692761 3.672052 -3.750466 -9.722743 -0.011595 -1.541837 1.197197 -3.663972 -31.197098 4.584597 0.538416 58.008481 3.523806 1.178771 9.297970 -2.191073 0.495739 -24.696429 -3.948077
-3.087109 0.949282 0.702111 -178.694027 0.073263 -1.849826 4.157822 5.397106 -0.118560 1.857460 -3.428756 -0.101136 1.855741 2.388612 0.087549 1.397261 7.628417 0.059012 -2.110034 25.296213 3.371930 -4.561391 11.132365 6.524588 -1.444820 11.356382 6.850757 -10.933029 -23.343014 69.651717 55.814793 45.147403 31.251374 1.828454 14.983638 -7.108953 1.102566 7.636636 -8.566174 15.751046 -11.207923 -73.082200 -45.017822 68.024010 -36.736200 -7.862618 11.841191 1.826702 -13.594114 7.418968 8.022186 1.790667 0.369019 1.425756 4.053373 -4.547892 -9.516354 -0.015444 -1.795289 1.267583 -2.989397 -31.737328 4.394690 0.664544 53.870625 3.789785 0.400347 8.954900 -3.490180 0.344837 -23.334258 -2.353874
-3.088440 0.948725 0.685309 -179.838879 0.031720 -1.829936 4.077390 5.296536 -0.045885 1.817514 -3.472787 -0.067023 1.815692 2.344722 0.117604 1.369469 7.595586 0.082026 -1.894307 25.420547 3.086720 -4.103707 11.330982 5.959609 -1.517364 11.264736 6.812383 -11.252889 -23.230807 69.741606 56.187644 45.402558 31.624221 1.875946 14.949119 -7.076087 1.141334 7.575770 -8.651694 15.659465 -11.207204 -73.099807 -44.274990 67.084176 -35.867608 -7.906856 11.750693 2.311702 -12.896316 8.282937 7.773300 1.876307 0.643490 1.199510 4.431567 -5.364844 -9.297795 -0.019578 -2.070293 1.313022 -2.173318 -31.982483 4.215980 0.557625 49.258928 3.787240 -0.115567 8.558491 -4.465724 0.142304 -20.269773 -1.078074
-3.089942 0.947894 0.668571 179.106259 0.035914 -1.848844 3.956900 5.169304 0.072020 1.757194 -3.528296 -0.012155 1.755243 2.289418 0.166344 1.327754 7.554237 0.119269 -1.685106 25.589508 2.778679 -3.651339 11.614678 5.354637 -1.593796 11.121161 6.765359 -11.570670 -23.086908 69.728707 56.502093 45.803512 32.050678 1.899359 14.957572 -6.974228 1.178282 7.488336 -8.744232 15.603329 -11.327845 -73.141668 -44.074259 66.601539 -35.529257 -7.869404 11.775667 2.346843 -12.121963 9.029437 7.523180 1.756363 1.033102 1.060545 4.822937 -6.232993 -9.072293 -0.023528 -2.357131 1.353446 -1.272700 -31.950427 4.058999 0.281004 44.205732 3.428556 -0.263952 8.018068 -4.756234 0.010220 -13.880807 -0.387281
-3.091510 0.946809 0.651725 178.135386 0.062461 -1.901622 3.801216 5.025353 0.226134 1.679261 -3.591041 0.059274 1.677198 2.226899 0.229847 1.273945 7.507478 0.167732 -1.481128 25.789697 2.454873 -3.205372 11.959390 4.723277 -1.668598 10.946450 6.720362 -11.904356 -22.920518 69.648202 56.763545 46.355238 32.512430 1.914271 14.989683 -6.814843 1.217398 7.385496 -8.833064 15.539162 -11.553800 -73.177040 -44.146722 66.412113 -35.468242 -7.799847 11.856346 2.046584 -11.295118 9.722605 7.288280 1.482716 1.484376 0.966845 5.212215 -7.120037 -8.834819 -0.027399 -2.665545 1.369215 -0.230359 -31.623038 3.907768 -0.098901 38.674250 2.892270 -0.273141 7.448828 -4.687677 -0.019365 -5.814556 -0.111697
-3.093023 0.945525 0.634399 177.238813 0.050751 -2.000382 3.619851 4.899481 0.411305 1.588275 -3.645618 0.144563 1.586176 2.172582 0.305890 1.211344 7.466882 0.225680 -1.285708 25.990361 2.131600 -2.776630 12.308926 4.096351 -1.726483 10.780860 6.689479 -12.271109 -22.776426 69.534487 56.985327 47.072496 32.988087 1.928952 15.020945 -6.579175 1.262716 7.280195 -8.907354 15.385461 -11.820722 -73.168331 -44.154998 66.279121 -35.343065 -7.734716 11.943619 1.780710 -10.401128 10.461371 7.107816 1.072490 1.957301 0.865967 5.578247 -7.946793 -8.567399 -0.032449 -3.092329 1.361766 0.890499 -30.981226 3.764036 -0.749228 32.828149 2.250895 -0.333729 6.952666 -4.634287 -0.000000 -0.000000 0.000000
-3.094479 0.944046 0.616589 176.433766 -0.007280 -2.152514 3.400857 4.798412 0.633694 1.478531 -3.689047 0.246530 1.476457 2.129469 0.396715 1.135807 7.434693 0.294828 -1.104218 26.191133 1.799138 -2.372170 12.661877 3.457430 -1.754811 10.632364 6.674698 -12.684992 -22.677212 69.385485 57.222376 47.989325 33.506887 1.953139 15.046854 -6.212462 1.331629 7.166489 -8.964565 15.069457 -12.106946 -73.105416 -44.008726 66.171339 -35.069295 -7.681998 12.028787 1.650114 -9.345194 11.262891 7.025058 0.423471 2.416089 0.750007 5.910880 -8.698142 -8.280176 -0.038992 -3.647446 1.344828 2.104344 -29.999791 3.598863 -1.744435 26.512045 1.525055 -0.512162 6.641726 -4.774133 0.015002 1.503269 0.036203
-3.095880 0.942368 0.598300 175.703376 -0.105182 -2.348953 3.155447 4.717442 0.885318 1.355454 -3.723588 0.361546 1.353447 2.095237 0.499228 1.051154 7.409119 0.372811 -0.931560 26.392196 1.466944 -1.985483 13.018977 2.822462 -1.766988 10.494406 6.673157 -13.131083 -22.605253 69.205144 57.436979 49.075570 34.039257 1.975294 15.078199 -5.770023 1.406637 7.051601 -9.006959 14.663064 -12.433771 -72.996516 -43.800694 66.121506 -34.738116 -7.629587 12.121497 1.554896 -8.215382 12.108058 7.007608 -0.362282 2.898782 0.633791 6.223026 -9.388309 -7.961804 -0.046127 -4.321053 1.305753 3.389970 -28.706203 3.459274 -2.941495 19.874738 0.788260 -0.719012 6.403137 -4.942708 0.010141 0.751814 0.009774
-3.097114 0.940539 0.579171 174.987181 -0.281860 -2.574887 2.927728 4.673227 1.137969 1.240221 -3.742014 0.476519 1.238333 2.077058 0.602490 0.972471 7.395528 0.451281 -0.752876 26.564695 1.182376 -1.601203 13.327675 2.273131 -1.788589 10.385830 6.687370 -13.583705 -22.540112 69.038957 57.490598 50.251296 34.463756 1.972841 15.110882 -5.397522 1.438093 6.967833 -9.032737 14.300073 -12.798634 -72.832964 -43.465783 65.991799 -34.264626 -7.563289 12.201174 1.569156 -7.273202 13.042799 6.976015 -0.964223 3.472520 0.491754 6.530663 -9.982167 -7.563421 -0.052299 -5.180346 1.206318 4.636968 -27.162476 3.457378 -4.214782 13.535368 0.197675 -0.873718 6.002120 -4.995008 -0.000000 0.000000 -0.000000
-3.097992 0.938531 0.559015 174.240839 -0.569636 -2.855014 2.732729 4.681477 1.394247 1.139268 -3.737214 0.592402 1.137545 2.082067 0.708119 0.904686 7.399312 0.531460 -0.546670 26.692548 0.964864 -1.184376 13.556128 1.838938 -1.821488 10.322987 6.720898 -14.021014 -22.495016 68.895510 57.357292 51.535511 34.747713 1.953752 15.133373 -5.129764 1.399094 6.926247 -9.039287 14.044074 -13.186687 -72.598622 -43.011328 65.720398 -33.629850 -7.467925 12.256210 1.749136 -6.601452 14.138596 6.945406 -1.275410 4.110959 0.276048 6.866845 -10.469472 -7.047207 -0.054360 -6.242526 1.019094 5.968696 -25.152200 3.701815 -6.072634 7.231358 -0.303486 -0.963614 5.234424 -4.678464 0.000000 -0.000000 -0.000000
-3.098703 0.936372 0.538018 173.510282 -0.937633 -3.161246 2.555104 4.726510 1.648746 1.045989 -3.716188 0.707092 1.044429 2.103284 0.813340 0.842582 7.415225 0.611296 -0.331960 26.794083 0.797665 -0.764048 13.738045 1.493422 -1.865646 10.290201 6.767555 -14.465460 -22.453729 68.767799 57.039174 52.915857 34.886087 1.912389 15.154554 -4.931680 1.314816 6.915402 -9.032257 13.829138 -13.606378 -72.305703 -42.432889 65.369624 -32.855401 -7.348803 12.298199 2.039836 -6.117254 15.324915 6.889998 -1.406472 4.835756 0.022641 7.208746 -10.860193 -6.456001 -0.050134 -7.490583 0.770760 7.282509 -22.900850 4.092446 -8.034141 1.218376 -0.558936 -1.052725 4.317265 -4.215539 0.000000 -0.000000 0.000000
-3.099693 0.934194 0.516376 172.869478 -1.327605 -3.400526 2.393657 4.774981 1.862006 0.962117 -3.693997 0.803274 0.960690 2.125616 0.901002 0.786199 7.431917 0.677830 -0.154063 26.892524 0.674344 -0.419388 13.917900 1.234707 -1.943779 10.257334 6.815153 -14.958496 -22.347875 68.673871 56.405898 54.266696 34.772315 1.806247 15.194807 -4.845557 1.213197 6.933165 -9.023389 13.594302 -14.090269 -71.987585 -41.653785 64.986687 -31.922293 -7.222903 12.341534 2.348837 -5.843666 16.437016 6.660491 -1.358825 5.785274 -0.176382 7.489898 -11.149424 -5.861384 -0.039333 -8.940244 0.503122 8.124579 -21.120235 4.387626 -8.611722 -3.077751 -0.453184 -1.117122 3.620326 -4.191009 -0.000000 0.000000 -0.000000
-3.101210 0.931980 0.494127 172.355208 -1.718906 -3.535430 2.241216 4.817764 2.017541 0.885457 -3.674744 0.873754 0.884156 2.144988 0.963694 0.733394 7.446359 0.725474 -0.021781 26.987804 0.598891 -0.166885 14.093458 1.071674 -2.095542 10.192402 6.851659 -15.477652 -22.134916 68.620655 55.365722 55.591009 34.311257 1.604418 15.260210 -4.898306 1.076505 6.982424 -9.013835 13.329164 -14.657716 -71.649382 -40.636827 64.583748 -30.821692 -7.103260 12.385263 2.660777 -5.828306 17.466824 6.180115 -1.052044 6.952156 -0.291638 7.655107 -11.419067 -5.251139 -0.019008 -10.496939 0.206830 8.125854 -20.142806 4.449248 -6.645766 -4.891582 -0.026781 -0.988259 3.082513 -5.163411 0.000000 -0.000000 0.000000
-3.103008 0.929748 0.471233 171.929225 -2.128842 -3.605029 2.105287 4.860176 2.132304 0.818399 -3.655871 0.925961 0.817217 2.163972 1.009094 0.686520 7.460515 0.760023 0.073656 27.080537 0.567323 0.010532 14.264170 0.994929 -2.281303 10.126461 6.888592 -16.045308 -21.854130 68.593436 53.930035 56.877294 33.515829 1.339670 15.332500 -5.067575 0.921790 7.060197 -9.004401 13.041294 -15.289354 -71.282995 -39.442954 64.144216 -29.589150 -6.979008 12.429667 2.991802 -6.037781 18.417923 5.513372 -0.553464 8.340996 -0.356059 7.767296 -11.586747 -4.634213 0.012092 -12.254616 -0.113190 7.644110 -19.623051 4.377416 -3.314078 -5.039363 0.534836 -0.785073 2.821724 -6.601770 -0.000000 0.000000 0.000000
-3.104786 0.927675 0.447769 171.551795 -2.554573 -3.632535 2.006760 4.889299 2.218564 0.769609 -3.642947 0.965187 0.768504 2.176962 1.043363 0.652494 7.470183 0.786096 0.112279 27.194017 0.559812 0.081793 14.474677 0.973198 -2.405191 10.124484 6.948788 -16.769715 -21.561876 68.576137 52.124553 57.977160 32.453703 1.065440 15.394286 -5.322150 0.829702 7.155838 -9.004765 12.696416 -15.963017 -70.904298 -38.144605 63.671926 -28.273448 -6.836657 12.492456 3.296421 -6.372633 19.142726 4.730992 -0.078049 10.111824 -0.370536 7.938202 -11.400879 -4.116866 0.050140 -14.511921 -0.393808 7.299369 -19.246176 4.277829 -0.642294 -4.402691 0.930088 -0.899961 3.347473 -7.430453 -0.000000 0.000000 -0.000000
-3.106406 0.925670 0.423605 171.192320 -2.998307 -3.672142 1.973915 4.895781 2.311490 0.749781 -3.639749 1.006807 0.748699 2.180185 1.082965 0.640542 7.472570 0.816102 0.065761 27.328714 0.563407 -0.000931 14.725687 0.989201 -2.406654 10.224820 7.033187 -17.765965 -21.253593 68.548532 50.042214 58.830879 31.199449 0.781097 15.438197 -5.679746 0.851873 7.258910 -9.028159 12.184656 -16.659960 -70.493115 -36.730475 63.179208 -26.850111 -6.690639 12.589967 3.479786 -6.754531 19.631556 3.921563 0.341464 12.310411 -0.337083 8.196915 -10.924196 -3.805077 0.087129 -17.243788 -0.566748 7.388154 -19.008607 4.213092 0.684452 -2.963366 0.982142 -1.813952 5.213299 -7.004843 -0.000000 -0.000000 -0.000000
-3.108006 0.923825 0.398872 170.880888 -3.457328 -3.670189 1.978674 4.887946 2.377360 0.748274 -3.642855 1.036086 0.747191 2.177092 1.112092 0.641554 7.470257 0.838130 -0.038662 27.483805 0.589249 -0.191141 15.014457 1.056655 -2.347434 10.390014 7.140674 -18.917919 -20.935696 68.529050 47.585068 59.480442 29.686306 0.494663 15.459501 -6.122387 0.937244 7.380558 -9.058870 11.611646 -17.400099 -70.073693 -35.226467 62.651402 -25.356075 -6.531748 12.708143 3.637584 -7.251405 19.888839 3.004687 0.756515 14.892296 -0.258611 8.511367 -10.094026 -3.602925 0.129292 -20.475465 -0.704539 7.608945 -18.914298 4.134141 1.356168 -0.686256 0.907054 -2.955832 7.813161 -5.939069 -0.000000 -0.000000 -0.000000
-3.109709 0.922594 0.374039 170.667359 -3.920828 -3.488380 1.958439 4.879167 2.324724 0.742236 -3.647150 1.012950 0.741156 2.172795 1.088346 0.635299 7.467017 0.820201 -0.137588 27.680882 0.653628 -0.378710 15.381590 1.191053 -2.315515 10.572012 7.289727 -19.987211 -20.678542 68.565351 44.514117 59.925049 27.794462 0.272439 15.453552 -6.561650 1.012370 7.542442 -9.063227 11.268996 -18.222739 -69.730387 -33.756414 62.054227 -23.923811 -6.311117 12.818844 4.010693 -7.970458 19.783620 1.808953 1.080040 17.886612 -0.148342 8.919022 -8.469661 -3.328604 0.208337 -24.581244 -0.956249 7.686288 -18.657972 3.980075 1.397002 1.642680 0.860902 -3.230801 9.778969 -5.043527 0.000000 -0.000000 -0.000000
-3.111657 0.922013 0.348919 170.653422 -4.406683 -3.017977 1.865603 4.866829 2.082880 0.714430 -3.654297 0.906479 0.713387 2.165662 0.979052 0.606487 7.461593 0.737672 -0.208223 27.957331 0.781835 -0.527540 15.897054 1.432204 -2.366654 10.766484 7.542802 -20.930796 -20.546916 68.613323 40.687304 60.100828 25.566016 0.160814 15.424162 -7.081953 1.057741 7.794637 -9.032724 11.303902 -19.226530 -69.502510 -32.322521 61.449530 -22.606898 -6.012811 12.930674 4.745761 -9.028024 19.312951 0.187748 1.383890 21.329890 0.036758 9.429208 -5.837350 -3.060294 0.385248 -30.445342 -1.364388 7.540551 -18.161146 3.675887 0.325876 3.908807 0.871489 -1.974905 10.551414 -4.766396 0.000000 0.000000 -0.000000
-3.113706 0.922046 0.323698 170.732055 -4.897951 -2.370489 1.751703 4.851837 1.721750 0.683893 -3.663046 0.747188 0.682898 2.156956 0.816661 0.571744 7.454979 0.615013 -0.272380 28.276735 0.948844 -0.671164 16.493083 1.740003 -2.445524 10.978372 7.835978 -21.792473 -20.469613 68.723279 36.316533 60.020960 23.033436 0.124893 15.369228 -7.589278 1.093631 8.086893 -8.976123 11.572988 -20.319253 -69.361458 -30.924985 60.777005 -21.346575 -5.669131 13.030984 5.699586 -10.251466 18.447508 -1.681623 1.620137 25.189844 0.226483 10.051121 -2.407675 -2.753679 0.682980 -37.182116 -1.943635 7.245863 -17.507597 3.289419 -1.392395 6.224273 0.798130 0.030093 10.677602 -4.768755 0.000000 -0.000000 -0.000000
-3.115555 0.923040 0.299408 170.641585 -5.327489 -1.735496 1.701304 4.852854 1.361196 0.681518 -3.664246 0.587392 0.680542 2.155776 0.656620 0.558246 7.454037 0.494031 -0.333366 28.550146 1.096325 -0.804751 17.003859 2.012211 -2.471546 11.172598 7.998446 -22.465238 -20.301903 69.085851 31.696842 59.762420 20.061720 0.083525 15.297863 -7.734960 1.104803 8.290388 -8.888079 11.937079 -21.253861 -69.284615 -29.702592 59.818318 -20.126746 -5.299880 13.062423 6.678163 -11.301836 17.026642 -3.469800 1.475922 29.396518 0.172425 10.896819 1.630026 -2.078522 1.056687 -42.515377 -2.715756 6.759006 -16.637409 2.962557 -2.298811 8.143203 0.613792 1.603253 10.400214 -4.618211 -0.000000 0.000000 -0.000000
-3.117079 0.925398 0.276574 170.283979 -5.651497 -1.176829 1.765137 4.878377 1.037967 0.727855 -3.654070 0.442888 0.726843 2.165899 0.516823 0.582692 7.461599 0.388175 -0.400422 28.742901 1.213464 -0.943440 17.365113 2.231861 -2.395165 11.333502 7.925187 -22.941891 -19.935179 69.950392 26.519263 59.209978 16.202956 -0.065644 15.209309 -7.441545 1.073525 8.324333 -8.747534 12.457539 -21.945107 -69.335011 -28.700819 58.504413 -18.918415 -4.872645 12.998182 7.674824 -12.032172 14.852618 -5.099097 0.480074 34.123141 -0.409695 12.342682 6.745797 -0.745880 1.515181 -46.053541 -3.939258 5.778879 -15.515887 2.811767 -1.488401 9.521492 0.300655 2.280414 9.668574 -3.978980 0.000941 0.008994 -0.045170
-3.118401 0.928716 0.254671 169.760071 -5.907952 -0.627862 1.889934 4.920226 0.716409 0.801246 -3.636596 0.298423 0.800174 2.183272 0.379815 0.627601 7.474574 0.284322 -0.463765 28.889589 1.312098 -1.072071 17.640833 2.417742 -2.263696 11.474907 7.723341 -23.221504 -19.469355 71.067356 21.340260 58.331796 12.156486 -0.262221 15.138211 -6.801820 1.015954 8.270533 -8.575700 13.080646 -22.476556 -69.450298 -27.916829 56.901442 -17.793714 -4.433331 12.870117 8.700102 -12.529709 12.136437 -6.599666 -1.135015 39.172311 -1.599184 14.169627 12.502372 0.873037 1.866378 -48.218333 -5.173890 4.611651 -14.184770 2.679678 0.136904 10.505331 -0.070287 2.546696 8.524356 -3.111554 0.001162 0.018039 -0.090340
-3.119591 0.932132 0.233151 169.108879 -6.148637 -0.079766 2.001938 4.971133 0.408143 0.868262 -3.615183 0.159956 0.867154 2.204582 0.248158 0.668147 7.490447 0.184523 -0.499409 29.004603 1.367252 -1.143700 17.855994 2.521192 -2.141253 11.604936 7.540721 -23.216119 -19.073960 71.881763 17.506674 57.506720 9.276988 -0.362817 15.159748 -5.728979 0.967419 8.244201 -8.431477 13.488799 -22.853696 -69.406893 -27.406665 54.995760 -16.882356 -4.094479 12.715267 9.581151 -12.856656 9.351857 -7.823432 -2.579507 43.921073 -3.165072 15.503512 17.333768 2.163233 1.672473 -47.932177 -5.322727 4.113623 -12.693263 2.328612 1.354873 11.096733 -0.301823 2.683371 7.336301 -2.408051 -0.000000 -0.000000 -0.000000
-3.120805 0.935410 0.211706 168.268458 -6.397130 0.516140 2.100957 5.034828 0.098042 0.929669 -3.588252 0.020737 0.928548 2.231390 0.115178 0.704419 7.510384 0.083727 -0.490738 29.082309 1.356716 -1.125095 17.999529 2.500130 -2.036376 11.734779 7.409672 -22.788664 -18.796106 72.162225 15.287313 56.959867 7.869267 -0.322134 15.329767 -3.988340 0.942283 8.284369 -8.349087 13.472989 -23.021412 -69.049304 -27.173313 52.542129 -16.159746 -3.882575 12.540759 10.211184 -12.967501 6.632119 -8.771048 -3.560294 48.274463 -4.897128 15.736956 20.903780 3.006238 0.852692 -43.892375 -3.848460 4.841575 -10.967772 1.589829 1.657439 11.196056 -0.222777 2.711246 6.187961 -2.029472 -0.001114 -0.053062 0.366451
-3.121886 0.938786 0.190645 167.300574 -6.624905 1.112804 2.186570 5.104931 -0.199791 0.984494 -3.558490 -0.112914 0.983371 2.261048 -0.012900 0.736128 7.532432 -0.013356 -0.454435 29.127050 1.303216 -1.049840 18.080943 2.398007 -1.941361 11.852706 7.296404 -22.086120 -18.594488 72.147445 14.146709 56.670564 7.383866 -0.166249 15.587548 -1.805892 0.926948 8.351714 -8.295120 13.240548 -23.027452 -68.531178 -27.169233 49.791368 -15.592736 -3.749764 12.342591 10.693805 -12.951246 3.858129 -9.452169 -4.343721 52.333788 -6.826482 15.344888 23.529678 3.575934 0.144834 -37.293158 -2.068138 6.195713 -9.051285 0.703825 1.574519 10.907336 0.031431 2.606474 4.997633 -1.804051 -0.001858 -0.133504 0.868363
-3.122424 0.942105 0.170349 166.430317 -6.812676 1.573863 2.185351 5.159205 -0.430084 0.996934 -3.535361 -0.215504 0.995843 2.284191 -0.114225 0.738059 7.549640 -0.090055 -0.417086 29.168410 1.248223 -0.972470 18.156082 2.293043 -1.895958 11.933532 7.249233 -21.456281 -18.503247 71.987319 13.980408 56.775867 7.650148 0.145204 15.811064 0.220091 0.915489 8.444044 -8.227828 13.092964 -23.038299 -68.087597 -27.324503 47.475270 -15.257165 -3.683589 12.140688 11.166058 -13.127324 1.123868 -9.747939 -4.689262 55.820788 -8.662453 14.963488 24.593307 3.774682 -0.180357 -30.865013 -1.083024 7.315834 -7.185631 0.048633 1.445431 10.539689 0.212549 2.591131 3.885401 -1.645616 -0.002605 -0.244812 1.219372
-3.122171 0.945379 0.151017 165.720898 -6.961601 1.844680 2.061761 5.191787 -0.573873 0.950061 -3.521325 -0.278171 0.949055 2.298332 -0.181654 0.698061 7.560152 -0.140892 -0.377882 29.220550 1.196781 -0.892380 18.250575 2.193940 -1.920536 11.965143 7.325195 -20.979832 -18.585314 71.626157 15.088221 57.535416 8.955401 0.734426 15.941173 2.090636 0.910786 8.586342 -8.132672 13.172038 -23.138200 -67.789393 -27.647880 45.827225 -15.227177 -3.713071 11.902006 11.707178 -13.837052 -1.566006 -9.532787 -4.082278 58.707614 -10.153930 14.836751 23.283240 3.449791 -0.348982 -24.961528 -0.899302 7.894667 -5.474286 -0.239932 1.324963 10.208300 0.193722 2.838028 2.880724 -1.542808 -0.003741 -0.406405 1.269233
-3.121375 0.948596 0.132451 165.111460 -7.079192 1.977129 1.851035 5.210865 -0.650339 0.860603 -3.512895 -0.309864 0.859714 2.306888 -0.222433 0.628119 7.566516 -0.171407 -0.337972 29.269154 1.143398 -0.810872 18.338935 2.091441 -1.994776 11.963523 7.468238 -20.572574 -18.781288 71.120219 17.300307 58.651148 11.147009 1.497995 15.984383 3.805364 0.909591 8.754890 -8.026400 13.336147 -23.245983 -67.564580 -28.091066 44.610004 -15.395795 -3.799128 11.660244 12.237872 -14.827332 -4.191839 -8.907635 -2.654009 61.098467 -11.081675 14.740173 20.402208 2.801823 -0.437344 -19.280580 -1.007020 8.280339 -3.829007 -0.326226 1.152840 9.797611 0.106343 3.173991 1.954209 -1.514589 -0.005757 -0.598690 1.168396
-3.120371 0.951568 0.114441 164.641870 -7.161089 1.992859 1.586047 5.217279 -0.660828 0.743248 -3.509731 -0.311565 0.742485 2.310212 -0.236055 0.539256 7.569031 -0.181272 -0.327017 29.302373 1.113485 -0.785599 18.400858 2.036245 -2.096949 11.943308 7.557539 -20.337476 -18.940179 70.784979 19.676959 59.439273 13.265895 2.082943 15.962078 4.761550 0.896914 8.874880 -7.911936 13.457608 -23.289465 -67.430329 -28.511556 43.849092 -15.595324 -3.828083 11.532367 12.654646 -15.521155 -6.651110 -8.134658 -1.106726 62.893366 -11.214388 14.596665 17.749040 2.270494 -0.493145 -15.635747 -1.235751 8.622752 -2.228300 -0.315956 1.090326 9.270567 0.067928 3.302176 1.137614 -1.518897 -0.007232 -0.766300 1.081419
-3.119282 0.954301 0.096964 164.327270 -7.199537 1.862085 1.267745 5.208604 -0.581637 0.597080 -3.512916 -0.272769 0.596459 2.307221 -0.212111 0.431552 7.566889 -0.162618 -0.350395 29.318586 1.110703 -0.826388 18.431321 2.035455 -2.231052 11.905916 7.526867 -20.352731 -19.017412 70.759323 21.818543 59.727729 14.860692 2.335800 15.920941 4.634254 0.872916 8.912003 -7.788817 13.545961 -23.234224 -67.442036 -28.869526 43.665147 -15.796763 -3.720706 11.585176 12.957742 -15.673112 -8.946972 -7.280508 0.333884 64.032207 -10.444212 14.408407 15.994259 2.032790 -0.590149 -15.299489 -1.670345 8.957356 -0.654541 -0.206895 1.303221 8.562064 0.122720 3.028258 0.478266 -1.533049 -0.007722 -0.890656 1.065685
-3.117984 0.956789 0.080043 164.152964 -7.204448 1.613315 0.894973 5.191746 -0.435563 0.422903 -3.519680 -0.203626 0.422459 2.300613 -0.160664 0.304895 7.562035 -0.123061 -0.402299 29.320287 1.132228 -0.922283 18.434981 2.083063 -2.392288 11.845071 7.443823 -20.543450 -19.052188 70.903011 23.989923 59.709815 16.262699 2.412470 15.867497 3.755662 0.837921 8.900933 -7.654180 13.590868 -23.120972 -67.547443 -29.226818 43.936983 -16.063520 -3.549700 11.745659 13.140310 -15.542361 -11.094278 -6.345776 1.893051 64.537403 -8.887606 14.151382 14.465001 1.891836 -0.655297 -16.994174 -2.299705 9.264679 0.872834 0.007017 1.624899 7.736844 0.203985 2.546889 -0.071577 -1.567623 -0.007826 -0.990255 1.063698
-3.116442 0.958827 0.063537 164.113757 -7.196001 1.355952 0.497631 5.179186 -0.293809 0.238051 -3.524781 -0.136151 0.237804 2.295601 -0.111966 0.170055 7.558335 -0.085545 -0.495243 29.302682 1.194369 -1.098983 18.406136 2.210783 -2.545753 11.762848 7.387909 -20.787047 -19.015283 71.109173 26.008289 59.318711 17.438900 2.407313 15.796255 2.516655 0.777419 8.869818 -7.505693 13.434912 -22.990595 -67.602780 -29.598293 44.330383 -16.368551 -3.437836 11.918070 13.087617 -15.261467 -13.028690 -5.529341 3.346248 64.398349 -6.887188 13.679666 12.935914 1.745697 -0.612923 -18.716459 -2.864442 9.597580 2.320237 0.236579 1.721378 6.954944 0.273519 2.145133 -0.622857 -1.628781 -0.007706 -1.065129 1.067522
-3.114618 0.960355 0.047417 164.251074 -7.196570 1.113573 0.064697 5.180307 -0.177289 0.038786 -3.524022 -0.079517 0.038754 2.296408 -0.075574 0.023525 7.558986 -0.057287 -0.634432 29.264464 1.309523 -1.367951 18.341527 2.441303 -2.677104 11.661942 7.383375 -21.065070 -18.865381 71.371814 27.744848 58.425387 18.234433 2.344387 15.720909 0.895257 0.673534 8.819621 -7.333110 12.988387 -22.829797 -67.553878 -29.953734 44.728586 -16.672153 -3.451802 12.079466 12.694549 -14.814031 -14.715698 -4.929228 4.705551 63.611878 -4.399615 12.932683 11.283469 1.534357 -0.459347 -20.122042 -3.269984 9.966558 3.679412 0.461626 1.384833 6.278915 0.342832 1.979465 -1.209469 -1.734832 -0.007158 -1.100177 1.080646
-3.112551 0.961433 0.031712 164.523398 -7.181847 0.862664 -0.392620 5.184650 -0.065041 -0.171095 -3.522003 -0.024510 -0.170904 2.298412 -0.041891 -0.131156 7.560516 -0.031039 -0.813980 29.208501 1.466516 -1.716517 18.245122 2.753643 -2.800653 11.541918 7.406670 -21.394594 -18.641101 71.690871 29.279294 57.179344 18.747353 2.259014 15.642103 -1.076916 0.544377 8.749663 -7.145657 12.342382 -22.652718 -67.458574 -30.327660 45.247362 -17.021823 -3.552392 12.244626 12.066353 -14.181116 -16.199486 -4.477874 5.573580 62.148397 -1.865196 11.985123 9.622622 1.289124 -0.224159 -21.560516 -3.572288 10.359343 4.956442 0.713337 0.826989 5.646505 0.428237 1.894121 -1.797443 -1.872733 -0.006353 -1.110495 1.099533
-3.110309 0.962037 0.016369 164.800854 -7.102518 0.642505 -0.810974 5.172058 0.034835 -0.362937 -3.527712 0.024539 -0.362539 2.292603 -0.012333 -0.272634 7.556145 -0.007978 -1.029686 29.136126 1.646388 -2.134226 18.122139 3.114098 -2.924871 11.402965 7.465136 -21.706957 -18.439220 71.971478 30.725507 55.928871 19.304010 2.213923 15.518976 -2.938206 0.429187 8.684687 -6.971736 11.610642 -22.538241 -67.336043 -30.831856 45.900153 -17.512875 -3.699970 12.377582 11.409945 -13.481035 -17.523861 -4.107539 5.282737 60.014314 -0.203320 10.899617 8.083326 1.061358 0.000752 -22.079122 -3.649230 10.784527 6.141015 0.975766 0.344166 5.030930 0.506054 1.707978 -2.396133 -2.002670 -0.006084 -1.141425 1.105742
-3.107893 0.962137 0.001442 165.062957 -6.930836 0.449969 -1.177946 5.127650 0.125783 -0.531387 -3.547720 0.068951 -0.530792 2.272451 0.014966 -0.396752 7.541004 0.013271 -1.283127 29.052694 1.852062 -2.624318 17.983779 3.528003 -3.064569 11.241887 7.569711 -22.009010 -18.295255 72.180914 32.149384 54.699349 20.047886 2.189374 15.291805 -4.640866 0.349508 8.631625 -6.822634 10.781190 -22.516822 -67.160595 -31.516223 46.697037 -18.212345 -3.894848 12.453527 10.769594 -12.644392 -18.699791 -3.809679 3.608424 57.185723 0.395227 9.591540 6.649005 0.864750 0.117594 -21.490189 -3.498078 11.346527 7.234712 1.270721 -0.004928 4.368216 0.567969 1.276715 -2.985825 -2.108017 -0.006747 -1.211126 1.088148
-3.105302 0.961763 -0.013122 165.329467 -6.694985 0.289288 -1.505813 5.065044 0.205671 -0.681785 -3.575885 0.107894 -0.680988 2.244134 0.038632 -0.507600 7.519745 0.031685 -1.572198 28.953200 2.081568 -3.182963 17.819535 3.991616 -3.205062 11.063015 7.709664 -22.294902 -18.177290 72.355352 33.461813 53.464922 20.811822 2.187882 15.018647 -6.240701 0.283865 8.582119 -6.687595 9.864622 -22.555272 -66.950633 -32.362351 47.618378 -19.084430 -4.140213 12.494582 10.107088 -11.727799 -19.714318 -3.596678 1.163651 53.708077 0.481738 8.138900 5.322739 0.662996 0.152340 -19.972243 -3.150481 11.938493 8.235204 1.574513 -0.279744 3.721641 0.610144 0.744703 -3.587202 -2.200659 -0.007900 -1.301449 1.057890
-3.102615 0.960971 -0.027537 165.531235 -6.431245 0.210340 -1.768282 5.006094 0.257958 -0.801508 -3.602388 0.133790 -0.800532 2.217475 0.052367 -0.596199 7.499724 0.042468 -1.886912 28.822362 2.308996 -3.788684 17.601074 4.458325 -3.310519 10.877234 7.859343 -22.478169 -18.082795 72.507557 34.561894 52.495505 21.469562 2.227718 14.816376 -7.445330 0.207016 8.537346 -6.562514 9.007511 -22.639042 -66.787211 -33.380918 48.633615 -20.069895 -4.381387 12.542144 9.503573 -11.050091 -20.569670 -3.408652 -1.267465 49.722689 0.448320 6.838141 4.269107 0.458530 0.165041 -17.116597 -2.554919 12.244986 9.133480 1.789765 -0.363336 3.256121 0.604655 0.363655 -4.269742 -2.283276 -0.009174 -1.403274 1.029939
-3.099875 0.959729 -0.041807 165.647865 -6.138228 0.240055 -1.956185 4.955763 0.269094 -0.885734 -3.624909 0.140565 -0.884619 2.194822 0.050588 -0.659358 7.482722 0.041390 -2.230638 28.643483 2.531137 -4.447726 17.299375 4.924077 -3.370830 10.681163 8.021402 -22.528931 -18.014309 72.638119 35.446618 51.886297 22.006029 2.284307 14.704381 -8.136442 0.119126 8.499029 -6.441632 8.243780 -22.788798 -66.690650 -34.620289 49.781957 -21.197198 -4.598156 12.618927 8.977161 -10.631034 -21.283925 -3.280383 -3.579776 45.208323 0.460111 5.736651 3.615267 0.192164 0.141910 -11.698168 -1.567114 12.080293 9.909376 1.876154 -0.195882 3.042540 0.495339 0.254420 -5.068314 -2.346159 -0.010546 -1.510307 1.013092
-3.097037 0.958069 -0.055927 165.701134 -5.818162 0.350553 -2.078841 4.907964 0.251941 -0.939341 -3.646152 0.134044 -0.938121 2.173496 0.038622 -0.700342 7.466746 0.032499 -2.598877 28.432517 2.753234 -5.152504 16.943575 5.396922 -3.396121 10.477543 8.191963 -22.477063 -17.969542 72.748195 36.164219 51.550475 22.468435 2.326593 14.639438 -8.443638 0.020257 8.464727 -6.330676 7.538533 -22.986417 -66.636483 -36.069539 51.015781 -22.478611 -4.803451 12.705387 8.507768 -10.452157 -21.832367 -3.155603 -5.740479 40.191293 0.545073 4.777410 3.233040 -0.083561 0.084025 -4.907727 -0.561485 11.617256 10.586838 1.857993 0.158359 3.012232 0.332160 0.296461 -5.946870 -2.405577 -0.012068 -1.628841 0.998559
-3.094051 0.956146 -0.070092 165.685496 -5.512893 0.508572 -2.137686 4.868078 0.228862 -0.964223 -3.663806 0.124230 -0.962940 2.155803 0.026283 -0.719853 7.453499 0.023230 -2.970086 28.222172 2.961286 -5.860986 16.591194 5.847064 -3.380838 10.285683 8.334901 -22.325556 -17.937774 72.851076 36.714746 51.487970 22.843633 2.345005 14.637245 -8.447112 -0.115026 8.429390 -6.242487 6.936296 -23.161932 -66.642758 -37.620022 52.183172 -23.799845 -4.983384 12.783241 8.114956 -10.784161 -22.151917 -2.819646 -7.217640 34.896246 0.742473 4.069593 2.931101 -0.153729 0.000000 -0.000000 0.000000 11.075003 11.225999 1.731087 0.632111 3.121086 0.249052 0.380419 -6.867840 -2.505102 -0.013508 -1.768621 0.974855
-3.091021 0.953952 -0.084212 165.574134 -5.220120 0.703709 -2.115947 4.841626 0.208713 -0.953411 -3.675460 0.114926 -0.952122 2.144169 0.018078 -0.712348 7.444787 0.016971 -3.343323 28.012652 3.153185 -6.571566 16.243790 6.271147 -3.312983 10.108033 8.425997 -22.044811 -17.915016 72.968804 37.044550 51.741543 23.073653 2.332899 14.718318 -8.105724 -0.317907 8.389681 -6.188241 6.465373 -23.307566 -66.729082 -39.244535 53.261044 -25.105161 -5.108473 12.856643 7.819486 -11.829595 -22.211405 -2.161572 -7.604368 29.240164 1.137973 3.671766 2.720966 0.255381 -0.061519 1.277765 0.100358 10.448366 11.815401 1.448969 1.281092 3.376555 0.313851 0.500802 -7.856784 -2.663598 -0.014438 -1.898463 0.937937
-3.087844 0.951495 -0.098377 165.394533 -4.941284 0.945142 -2.030558 4.823613 0.181484 -0.913882 -3.683308 0.101847 -0.912633 2.136386 0.009014 -0.683416 7.438965 0.009970 -3.719534 27.802212 3.330411 -7.286136 15.898610 6.671800 -3.204704 9.941599 8.487604 -21.663890 -17.906130 73.078429 37.211890 52.270414 23.224886 2.304702 14.854433 -7.456956 -0.557299 8.347999 -6.156149 6.098173 -23.431824 -66.879254 -40.958483 54.275834 -26.438944 -5.196774 12.925761 7.597574 -13.380883 -22.020761 -1.288703 -7.373834 23.320815 1.600258 3.425632 2.632280 0.919971 -0.043283 0.638904 0.042507 9.736196 12.359140 1.053832 2.054250 3.770999 0.454239 0.666402 -8.887293 -2.866585 -0.015184 -2.049495 0.891644
-3.084152 0.948961 -0.113054 165.221772 -4.724008 1.229771 -1.933320 4.803718 0.141683 -0.868381 -3.691952 0.083056 -0.867180 2.127812 -0.005154 -0.650386 7.432555 -0.000911 -4.081286 27.620309 3.482074 -7.969317 15.605519 7.023856 -3.086630 9.797532 8.554118 -21.274373 -17.912361 73.126250 37.385884 52.947287 23.471952 2.285737 14.992504 -6.698438 -0.765453 8.308139 -6.125392 5.796289 -23.488815 -67.061425 -42.681299 55.156239 -27.797248 -5.304832 12.966079 7.404481 -15.092038 -21.583575 -0.320783 -7.267619 17.622492 1.857082 3.169215 2.501849 1.321452 -0.000000 0.000000 -0.000000 9.166830 12.948095 0.676950 2.726047 4.237250 0.600049 0.788278 -9.844480 -3.102330 -0.016467 -2.324915 0.836079
-3.079815 0.946320 -0.128321 165.063196 -4.585875 1.568564 -1.828264 4.782611 0.080727 -0.818230 -3.701068 0.054781 -0.817081 2.118771 -0.028334 -0.614536 7.425803 -0.018618 -4.424380 27.477824 3.602243 -8.611594 15.383552 7.315053 -2.958170 9.676016 8.639900 -20.880716 -17.937014 73.080444 37.640037 53.774529 23.904462 2.290990 15.121768 -5.822627 -0.932152 8.261705 -6.085147 5.544887 -23.451388 -67.262365 -44.374089 55.839599 -29.149612 -5.438382 12.966119 7.252633 -17.011959 -20.770852 0.820653 -7.408633 11.936609 1.807748 3.012985 2.251113 1.147043 0.000000 0.000000 0.000000 8.747047 13.656148 0.315967 3.305913 4.691221 0.752048 0.848176 -10.717041 -3.372046 -0.017939 -2.706685 0.770790
-3.074964 0.943603 -0.144100 164.910733 -4.509035 1.951285 -1.711210 4.760083 0.007441 -0.762061 -3.710790 0.020900 -0.760975 2.109127 -0.056511 -0.574551 7.418602 -0.040123 -4.754603 27.363027 3.694157 -9.224498 15.212268 7.552770 -2.820100 9.576724 8.730839 -20.478748 -17.973966 72.972938 37.919525 54.745437 24.454895 2.321311 15.251066 -4.833588 -1.067854 8.217113 -6.047378 5.358951 -23.345320 -67.498275 -46.041280 56.390844 -30.488001 -5.586599 12.939052 7.132053 -19.063843 -19.698215 2.010703 -7.586346 6.446938 1.669212 2.944844 1.932934 0.743578 -0.000000 0.000000 0.000000 8.468225 14.414766 -0.026794 3.784720 5.216706 0.915201 0.862414 -11.516660 -3.671353 -0.019406 -3.212754 0.695395
-3.069623 0.941079 -0.160620 164.815712 -4.489092 2.343879 -1.621313 4.723835 -0.056927 -0.718482 -3.726669 -0.008775 -0.717436 2.093306 -0.081757 -0.543773 7.406759 -0.059375 -5.070178 27.271533 3.759654 -9.804880 15.081521 7.739321 -2.705019 9.510039 8.819866 -20.147728 -18.009804 72.847178 38.204921 55.719773 25.059657 2.357449 15.359168 -3.952727 -1.136037 8.203904 -6.026268 5.245012 -23.203740 -67.781408 -47.673586 56.928458 -31.847530 -5.785209 12.895137 6.967339 -20.748837 -18.780242 2.865863 -8.059406 2.219746 1.597364 2.634530 1.581399 0.541115 0.000000 0.000000 0.000000 8.544487 15.113916 -0.203639 3.904162 5.998001 1.036840 0.788913 -12.164488 -3.973289 -0.021299 -4.000372 0.609856
-3.063848 0.938884 -0.178058 164.800343 -4.522917 2.757731 -1.572752 4.661843 -0.114266 -0.693702 -3.754035 -0.034978 -0.692654 2.065969 -0.105440 -0.526944 7.386275 -0.077388 -5.370791 27.208988 3.792215 -10.350221 15.000275 7.862318 -2.626077 9.487551 8.907008 -19.900863 -18.054804 72.707454 38.520930 56.708985 25.757284 2.379749 15.440244 -3.237683 -1.094892 8.235781 -6.032879 5.178349 -23.044907 -68.113305 -49.238929 57.472381 -33.235951 -6.063406 12.827950 6.737288 -22.017213 -18.177020 3.282632 -9.054833 -0.334615 1.501415 1.658289 1.066802 1.066622 -0.000000 0.000000 0.000000 9.226948 15.765899 -0.135454 3.417611 7.036324 1.108667 0.588067 -12.659931 -4.264642 -0.023045 -5.080998 0.519219
-3.057583 0.936884 -0.196237 164.841204 -4.614958 3.181690 -1.550702 4.585635 -0.162573 -0.681238 -3.787750 -0.056944 -0.680165 2.032267 -0.126137 -0.519115 7.361017 -0.093109 -5.657671 27.169080 3.796566 -10.864149 14.957784 7.930965 -2.570602 9.497642 8.993121 -19.724688 -18.099241 72.550188 38.852085 57.700002 26.516723 2.393869 15.502730 -2.634005 -0.986563 8.300241 -6.055483 5.183257 -22.847735 -68.491149 -50.770619 58.003206 -34.646778 -6.392453 12.742664 6.464714 -22.952901 -17.765949 3.405096 -10.420831 -1.638065 1.307000 0.385695 0.582269 1.795402 -0.000000 0.000000 -0.000000 10.277548 16.364676 0.121145 2.564753 8.323699 1.157233 0.290152 -13.006399 -4.546161 -0.023534 -6.443262 0.418442
-3.050684 0.934948 -0.214851 164.921199 -4.772606 3.547766 -1.551199 4.517661 -0.174772 -0.680809 -3.817913 -0.062603 -0.679702 2.002108 -0.131755 -0.519192 7.338406 -0.097389 -5.930996 27.129554 3.791896 -11.352198 14.914190 7.980905 -2.532298 9.516037 9.072395 -19.659410 -18.102292 72.408048 39.086350 58.521629 27.133225 2.398198 15.549650 -2.199567 -0.900657 8.386996 -6.074406 5.338609 -22.585667 -68.918935 -52.383597 58.577040 -36.120276 -6.724245 12.665821 6.139678 -23.283052 -17.553835 3.261555 -11.892337 -1.858335 1.080888 -0.314617 0.538986 1.524460 0.000000 -0.000000 0.000000 11.179144 16.770717 0.502235 1.809826 10.032880 1.177991 -0.045585 -13.131398 -4.810606 -0.020979 -8.210219 0.292310
-3.043177 0.932906 -0.233761 165.082536 -5.005762 3.875886 -1.592586 4.473102 -0.161257 -0.699982 -3.837744 -0.056348 -0.698819 1.982253 -0.127450 -0.533212 7.323513 -0.094097 -6.199860 27.058905 3.772504 -11.831447 14.811134 8.007083 -2.527502 9.536803 9.129426 -19.734738 -18.040088 72.327237 39.233852 59.136805 27.532527 2.376344 15.588069 -1.946296 -0.906948 8.496435 -6.067598 5.751588 -22.232605 -69.423637 -54.234846 59.206148 -37.720413 -7.039322 12.614591 5.709843 -22.611237 -17.758390 2.709099 -13.927893 -0.528596 0.737729 0.350923 1.022217 -0.664896 -0.000000 -0.000000 0.000000 11.707998 16.957557 0.933441 1.250468 12.243306 1.160468 -0.391539 -13.165752 -5.078016 -0.015888 -10.299297 0.166783
-3.035035 0.930930 -0.253106 165.282364 -5.305169 4.145206 -1.657330 4.436036 -0.112018 -0.731501 -3.854373 -0.033952 -0.730264 1.965581 -0.108254 -0.555374 7.310991 -0.079506 -6.454794 26.988425 3.743901 -12.284145 14.706349 8.014231 -2.540015 9.565726 9.179360 -19.922347 -17.940377 72.261591 39.252129 59.588177 27.751654 2.332290 15.613816 -1.865337 -0.936418 8.627234 -6.057821 6.308643 -21.807484 -69.970439 -56.194872 59.872091 -39.408189 -7.359754 12.571326 5.225970 -21.320793 -18.129739 1.886710 -16.093482 1.884322 0.245970 1.452708 1.909995 -3.900355 0.000000 0.000000 -0.000000 12.082982 16.945108 1.474631 0.765952 14.876862 1.106071 -0.785006 -12.980460 -5.321032 -0.003481 -12.793215 0.017252
-3.026036 0.929405 -0.273000 165.377438 -5.647524 4.227503 -1.688738 4.382728 0.030971 -0.753301 -3.878583 0.029765 -0.752005 1.941347 -0.046747 -0.567154 7.292753 -0.032975 -6.669213 26.990350 3.742000 -12.665333 14.734762 8.052766 -2.514770 9.596527 9.262398 -20.175626 -17.840714 72.105177 38.927747 59.826181 27.727377 2.293857 15.613799 -1.984213 -0.870071 8.766983 -6.092275 6.760256 -21.356536 -70.473484 -57.950941 60.591919 -41.070911 -7.698429 12.513125 4.833241 -20.335425 -18.002785 1.274432 -16.751483 3.843797 -0.108208 1.403861 3.181360 -6.658540 0.000000 0.000000 -0.000000 12.443012 16.661652 2.247693 0.490174 17.876775 1.027903 -1.267083 -12.112154 -5.464568 0.036293 -16.062479 -0.257222
-3.015845 0.928504 -0.294120 165.324965 -6.097627 4.073184 -1.655075 4.314012 0.296638 -0.752792 -3.910041 0.147403 -0.751473 1.909896 0.070944 -0.558095 7.269024 0.055934 -6.837515 27.118787 3.782729 -12.964343 14.997452 8.144786 -2.428748 9.609703 9.435158 -20.627146 -17.723993 71.757137 38.368543 59.838911 27.645581 2.281820 15.576979 -2.410325 -0.632762 8.932854 -6.219706 6.901182 -20.893162 -70.832736 -59.364541 61.360343 -42.680573 -8.107194 12.423485 4.607622 -20.300359 -16.897965 1.121968 -14.372473 4.496794 -0.104234 -0.785520 5.332149 -8.291978 0.000000 0.000000 -0.000000 12.780529 16.191136 3.344472 0.464813 21.284499 0.887025 -1.865795 -10.608283 -5.459281 0.116559 -20.125066 -0.701099
-3.004797 0.928053 -0.315788 165.171850 -6.590658 3.733781 -1.592180 4.229646 0.656870 -0.744309 -3.948653 0.306830 -0.742970 1.871295 0.231234 -0.539902 7.239850 0.176993 -6.968950 27.320029 3.849065 -13.197259 15.393977 8.268361 -2.306797 9.625308 9.642191 -21.142421 -17.616720 71.314547 37.465859 59.637149 27.314929 2.286729 15.515443 -3.033506 -0.297881 9.112031 -6.385986 6.941632 -20.410326 -71.153284 -60.578222 62.197020 -44.266640 -8.530666 12.324650 4.475103 -20.572834 -15.321261 1.173511 -10.460334 4.667833 0.041500 -4.004392 7.898876 -9.343136 -0.000000 0.000000 -0.000000 13.072258 15.450406 4.664031 0.623332 25.067563 0.742181 -2.549874 -8.421819 -5.347703 0.274533 -24.959892 -1.315397
-2.993672 0.927917 -0.336093 164.908893 -6.908860 3.233616 -1.543936 4.105895 1.084210 -0.745732 -4.004896 0.496181 -0.744330 1.815045 0.420441 -0.526940 7.197369 0.319896 -7.058709 27.505388 3.927705 -13.358904 15.758165 8.407426 -2.163747 9.697879 9.756074 -21.274082 -17.605225 70.974830 35.713830 59.188193 26.134082 2.286046 15.447801 -3.556426 0.030117 9.245356 -6.486769 7.255582 -19.923986 -71.654728 -61.696697 63.165534 -45.799141 -8.820092 12.251655 4.353051 -20.184336 -14.128209 1.223749 -7.879033 5.397233 0.171937 -6.508234 9.327507 -10.045527 0.000000 0.000000 0.000000 13.421396 14.114562 6.036228 0.977518 29.058418 0.785453 -3.281219 -4.947546 -5.194053 0.608692 -30.873018 -2.204102
-2.982643 0.927951 -0.354138 164.516938 -6.925246 2.477226 -1.521692 3.909965 1.634239 -0.764825 -4.093520 0.740247 -0.763285 1.726393 0.662571 -0.523202 7.130446 0.502761 -7.096847 27.663236 4.006906 -13.430534 16.065255 8.538876 -1.986589 9.888637 9.703154 -20.722736 -17.745315 70.819150 32.572071 58.339260 23.610048 2.310511 15.356118 -3.941407 0.370609 9.293353 -6.481157 8.125775 -19.463600 -72.541727 -62.896107 64.461248 -47.491414 -8.879619 12.201775 4.253873 -18.169941 -13.891190 1.127564 -8.284465 7.541390 0.362547 -7.634890 8.607539 -10.444788 -0.000000 -0.000000 0.000000 13.951139 11.907084 7.567534 1.684717 33.274659 1.153190 -4.238689 0.695160 -5.056628 1.350425 -39.560185 -3.560312
-2.971538 0.928299 -0.370819 164.010011 -6.773960 1.558020 -1.515083 3.680427 2.252942 -0.793937 -4.197109 1.015085 -0.792220 1.622767 0.934457 -0.524659 7.052128 0.708049 -7.092285 27.807135 4.099067 -13.429828 16.343154 8.686309 -1.787656 10.137120 9.556074 -19.786582 -17.962087 70.768634 28.832919 57.129666 20.477588 2.326561 15.254678 -4.225670 0.703342 9.294358 -6.412927 9.262153 -18.978051 -73.594556 -64.054788 65.896711 -49.177405 -8.805338 12.174931 4.159086 -15.506216 -14.080736 1.046101 -9.985383 10.288763 0.610927 -8.038797 6.715123 -10.547041 -0.000000 -0.000000 0.000000 14.456676 9.102081 9.138257 2.706143 37.691530 1.863300 -5.245142 7.623177 -4.834478 2.828527 -49.274499 -5.876315
-2.960611 0.929258 -0.386905 163.429192 -6.625496 0.783635 -1.530021 3.498986 2.747311 -0.825802 -4.278964 1.234974 -0.823919 1.540866 1.151112 -0.532235 6.990120 0.871608 -7.065314 27.886700 4.228194 -13.401322 16.505052 8.902731 -1.616165 10.314667 9.406337 -18.918662 -18.139009 70.789750 25.840923 55.893634 17.827809 2.191487 15.212983 -4.237500 0.862422 9.300416 -6.311556 10.174738 -18.384432 -74.403109 -64.667646 66.969287 -50.111424 -8.738159 12.210381 3.939196 -14.151252 -13.866409 1.306677 -10.835991 12.205174 0.796620 -7.979216 5.042593 -10.566688 -0.000000 0.000000 -0.000000 14.617739 6.214025 10.275080 3.770717 42.072879 2.856807 -5.716200 13.796696 -4.385945 4.759477 -55.166288 -9.096653
-2.949807 0.931133 -0.402685 162.827256 -6.529466 0.291635 -1.589323 3.397383 3.022229 -0.866041 -4.325101 1.357672 -0.864003 1.494674 1.269737 -0.553398 6.955085 0.961200 -7.002687 27.867704 4.422385 -13.329043 16.489387 9.237932 -1.489514 10.366645 9.278432 -18.268114 -18.225237 70.953556 23.764390 54.806496 15.693347 1.737102 15.297622 -3.759176 0.696760 9.338332 -6.152313 10.763917 -17.569853 -74.872753 -64.228935 67.459065 -49.580751 -8.713751 12.391493 3.481817 -15.426934 -12.713337 2.177236 -9.785868 12.486551 0.818498 -7.273088 4.113877 -10.569888 0.000000 0.000000 -0.000000 14.220315 3.336689 10.815120 4.976781 46.526761 4.118901 -5.329553 18.691978 -3.626199 5.607184 -54.650435 -12.012150
-2.939183 0.933619 -0.417870 162.153183 -6.432213 -0.055618 -1.665441 3.340391 3.171783 -0.907372 -4.351302 1.424723 -0.905196 1.468416 1.332599 -0.579564 6.935141 1.008715 -6.915447 27.786762 4.656322 -13.224992 16.361427 9.644096 -1.388156 10.344983 9.148439 -17.690408 -18.277690 71.193846 22.287977 53.773180 13.894181 1.102547 15.465670 -3.035828 0.356934 9.382235 -5.964386 11.133326 -16.671597 -75.129495 -63.052639 67.582193 -48.122332 -8.699561 12.635199 2.899657 -17.941674 -11.033198 3.289055 -7.932939 11.917323 0.718236 -6.086524 3.397535 -10.520632 -0.000000 -0.000000 0.000000 13.567399 0.385799 11.001480 6.313420 50.944431 5.644699 -4.359673 22.833648 -2.644971 4.767562 -50.458156 -13.781909
-2.929164 0.936093 -0.432368 161.296834 -6.346454 -0.361592 -1.687175 3.306085 3.285479 -0.922746 -4.367016 1.475416 -0.920507 1.452665 1.381714 -0.587364 6.923148 1.045796 -6.859826 27.698782 4.873633 -13.174704 16.222680 10.027379 -1.304315 10.281396 9.036291 -17.198107 -18.345017 71.275056 21.761828 52.837933 12.945724 0.618512 15.601483 -2.575999 0.129725 9.399580 -5.857398 11.109722 -16.002606 -75.102185 -61.779328 67.504410 -46.790076 -8.734243 12.732079 2.402245 -19.628400 -9.454405 4.145925 -6.358699 11.429451 0.654140 -5.185405 2.710353 -10.446488 0.000000 0.000000 0.000000 13.175347 -2.390180 10.958513 7.149715 54.788798 7.107058 -3.183847 25.769684 -1.679449 3.169404 -45.731819 -14.503220
-2.919960 0.938338 -0.445971 160.234717 -6.280870 -0.684079 -1.623049 3.297480 3.400208 -0.900125 -4.370662 1.526035 -0.897929 1.449050 1.434628 -0.566485 6.920331 1.085698 -6.866570 27.611658 5.070493 -13.231940 16.092116 10.386774 -1.227061 10.162809 8.965681 -16.828532 -18.460552 71.058215 22.410022 52.052062 13.164077 0.437439 15.641582 -2.568754 0.152690 9.360579 -5.900252 10.407854 -15.723193 -74.608514 -60.527951 67.130892 -45.922602 -8.869780 12.526401 2.039084 -19.660935 -8.293640 4.652027 -5.423993 11.391784 0.739826 -5.001269 1.965820 -10.347236 0.000375 0.026942 -0.071794 13.323966 -4.950196 10.667561 6.881727 57.947193 8.151466 -1.776911 27.136935 -0.810468 1.353649 -40.720158 -14.587046
-2.911360 0.940571 -0.458886 158.990637 -6.228772 -0.965398 -1.504084 3.309658 3.477890 -0.851326 -4.364520 1.559829 -0.849259 1.455279 1.473391 -0.527118 6.925015 1.114890 -6.904523 27.517808 5.251358 -13.342327 15.950937 10.724387 -1.167428 10.002989 8.915068 -16.539518 -18.596319 70.681221 23.864360 51.358719 14.115224 0.430873 15.630985 -2.799712 0.289292 9.289091 -6.020814 9.320820 -15.643799 -73.821845 -59.279804 66.549785 -45.268538 -9.056416 12.172457 1.767746 -18.914909 -7.311414 4.998793 -4.756065 11.440970 0.888939 -5.101653 1.253285 -10.204188 0.000503 0.053927 -0.143573 13.767125 -7.355640 10.106506 5.750001 60.590961 8.685471 -0.240630 27.333601 -0.046178 -0.547195 -35.153937 -14.366738
-2.903165 0.942821 -0.471645 157.525319 -6.180151 -1.136066 -1.353846 3.309807 3.496646 -0.785503 -4.363374 1.567090 -0.783634 1.456515 1.487323 -0.476901 6.926058 1.125257 -6.937315 27.446649 5.370471 -13.429710 15.840644 10.949016 -1.150451 9.873660 8.834980 -16.224435 -18.707301 70.323990 25.586320 50.650495 15.192217 0.523410 15.594271 -3.153859 0.414931 9.230042 -6.116215 8.545199 -15.576025 -73.196144 -58.366169 66.233089 -44.904833 -9.175026 11.927698 1.653239 -17.933127 -6.380030 5.232591 -4.326712 11.419724 0.985920 -4.959707 0.649934 -10.020705 -0.000000 0.000000 -0.000000 14.213136 -9.510736 9.375926 4.308135 62.601335 8.727165 0.815105 27.049562 0.454141 -1.762930 -31.283256 -13.993649
-2.895330 0.945171 -0.484451 155.790798 -6.131358 -1.138685 -1.163433 3.281583 3.428468 -0.697046 -4.374433 1.535290 -0.695417 1.445550 1.464479 -0.412456 6.918096 1.107752 -6.962255 27.416294 5.411633 -13.483949 15.794472 11.029915 -1.198371 9.820164 8.702390 -15.817393 -18.768520 70.050038 27.456908 49.870189 16.243563 0.757516 15.527375 -3.675280 0.492679 9.215776 -6.141550 8.349553 -15.510045 -72.897672 -58.049231 66.441376 -45.017700 -9.168220 11.903018 1.743801 -16.803937 -5.461812 5.319028 -4.326606 11.267679 0.976974 -4.258576 0.206715 -9.795683 -0.000699 -0.202346 0.577195 14.865975 -11.331125 8.419854 2.486612 63.776672 8.286572 1.061376 26.304045 0.631551 -1.826163 -30.222172 -13.164853
-2.887900 0.947538 -0.497100 153.835461 -6.076287 -1.031446 -0.942042 3.236461 3.302666 -0.591616 -4.392741 1.477670 -0.590225 1.427366 1.417572 -0.337035 6.904826 1.072041 -6.981927 27.404997 5.389758 -13.515312 15.774320 10.996206 -1.288625 9.793923 8.537941 -15.385859 -18.805563 69.797203 29.577948 49.048514 17.415286 1.101903 15.437088 -4.311240 0.559147 9.215806 -6.142796 8.463226 -15.479984 -72.756466 -58.008101 66.925922 -45.379004 -9.079872 11.988109 1.983868 -15.450102 -4.594638 5.290267 -4.565745 11.048211 0.932528 -3.313383 -0.130579 -9.541735 -0.001644 -0.486271 1.369506 15.541399 -12.916696 7.293297 0.376639 64.296513 7.429367 0.886340 25.043917 0.611595 -1.220679 -30.721792 -11.900042
-2.880804 0.949709 -0.509509 151.764597 -6.002862 -0.919250 -0.740708 3.185356 3.184076 -0.495461 -4.413941 1.423460 -0.494283 1.406275 1.373146 -0.268356 6.889339 1.038234 -6.967329 27.380477 5.306472 -13.476517 15.713228 10.848128 -1.378383 9.724577 8.358937 -15.025565 -18.845979 69.557418 31.788782 48.242629 18.588269 1.359515 15.358865 -4.810484 0.599944 9.182368 -6.152843 8.779562 -15.394168 -72.734089 -57.602924 67.406643 -45.358879 -8.943333 12.108145 2.274315 -14.155105 -3.750202 5.268854 -4.451018 10.788504 0.904085 -2.546035 -0.443186 -9.286875 -0.002818 -0.730780 1.937216 15.335964 -14.459967 6.326475 -1.068213 64.566383 6.440704 0.730167 23.843234 0.485780 -0.618019 -31.508035 -10.695265
-2.874042 0.951621 -0.521641 149.593503 -5.908230 -0.827997 -0.575907 3.131023 3.092105 -0.416992 -4.436948 1.381363 -0.416010 1.383330 1.339015 -0.212172 6.872373 1.012233 -6.901207 27.326862 5.139686 -13.332125 15.578596 10.544897 -1.451243 9.578480 8.154155 -14.762019 -18.878838 69.335949 34.078842 47.455258 19.743682 1.418200 15.297368 -5.065815 0.607160 9.082372 -6.175980 9.393978 -15.196488 -72.877830 -56.708856 67.856795 -44.802270 -8.745032 12.276859 2.602731 -13.004944 -2.921655 5.296753 -3.670570 10.489985 0.895744 -2.199206 -0.758874 -9.031414 -0.003854 -0.878275 2.057712 13.603779 -16.033051 5.709607 -1.064659 64.690763 5.595500 0.739160 22.920643 0.187764 -0.152424 -32.407429 -9.723791
-2.867616 0.953336 -0.533533 147.307214 -5.795041 -0.734310 -0.431217 3.071354 3.008065 -0.347864 -4.462527 1.342962 -0.347050 1.357792 1.307629 -0.162760 6.853426 0.988325 -6.798301 27.253808 4.914847 -13.110749 15.397990 10.133656 -1.521878 9.385945 7.941007 -14.568932 -18.916576 69.126308 36.469130 46.659527 20.929474 1.376697 15.246273 -5.195637 0.589379 8.948152 -6.203569 10.210638 -14.949151 -73.142305 -55.389949 68.296817 -43.806137 -8.496409 12.477597 2.981039 -11.911828 -2.115099 5.323544 -2.540393 10.145940 0.881183 -2.030918 -1.047793 -8.766301 -0.005276 -0.985688 1.953781 10.938482 -17.568672 5.366168 -0.125460 64.484338 4.936095 0.786445 22.044975 -0.216909 0.326496 -33.608435 -8.779958
-2.861453 0.954827 -0.545207 144.965398 -5.666952 -0.669300 -0.308411 3.013151 2.938773 -0.289250 -4.487615 1.311324 -0.288575 1.332744 1.281951 -0.120778 6.834817 0.968767 -6.677921 27.170208 4.705645 -12.861752 15.198768 9.747517 -1.594800 9.176503 7.781519 -14.463515 -19.023153 68.904339 38.867912 45.880444 22.147644 1.350149 15.218653 -5.288813 0.557072 8.828218 -6.249596 10.838181 -14.734137 -73.355790 -53.278232 68.501363 -42.102132 -8.279195 12.592702 3.347543 -10.893153 -1.322763 5.330873 -1.409665 9.769724 0.859933 -1.736848 -1.304672 -8.503758 -0.007312 -1.103377 1.853946 8.289265 -19.045748 5.220523 0.664305 63.935941 4.282492 0.845184 21.143757 -0.488129 0.698754 -34.459133 -8.016904
-2.855558 0.956062 -0.556586 142.593474 -5.519921 -0.649227 -0.214116 2.956118 2.886208 -0.244228 -4.512379 1.287353 -0.243668 1.308012 1.262560 -0.088510 6.816400 0.953993 -6.541902 27.076810 4.540007 -12.594557 14.985355 9.436011 -1.682359 8.944670 7.712253 -14.505788 -19.243033 68.648552 41.377517 45.176345 23.534267 1.380162 15.232634 -5.316631 0.503941 8.742075 -6.329554 11.108657 -14.579946 -73.442612 -50.057923 68.254061 -39.437165 -8.126854 12.553297 3.721233 -10.015816 -0.542073 5.320988 -0.371373 9.354028 0.835558 -1.183530 -1.518080 -8.258703 -0.010164 -1.256715 1.836995 5.813274 -20.492687 5.285114 0.988177 63.077154 3.493307 0.960624 20.214873 -0.519523 0.955745 -34.883515 -7.601487
-2.849927 0.957072 -0.567747 140.166001 -5.361925 -0.659932 -0.141752 2.902101 2.848410 -0.209767 -4.535971 1.270095 -0.209302 1.284429 1.248796 -0.063732 6.798803 0.943487 -6.388249 26.974312 4.391249 -12.299118 14.756871 9.151240 -1.773231 8.702544 7.699444 -14.634128 -19.538538 68.387326 43.899622 44.460207 24.977676 1.424577 15.265755 -5.304510 0.436415 8.667026 -6.429733 11.191197 -14.456170 -73.481032 -46.279804 67.687817 -36.296077 -8.012903 12.431093 4.084131 -9.212750 0.222816 5.286794 0.667730 8.904791 0.810909 -0.504103 -1.701406 -8.018349 -0.013555 -1.420375 1.824175 3.338729 -21.840381 5.535112 1.247072 61.889162 2.828720 1.068328 19.277208 -0.419453 1.171194 -35.002222 -7.457024
-2.844482 0.957931 -0.578950 137.666108 -5.215717 -0.685108 -0.073225 2.861563 2.825127 -0.177820 -4.553597 1.259327 -0.177430 1.266809 1.241269 -0.040358 6.785661 0.937709 -6.232035 26.874530 4.249140 -11.999582 14.534849 8.876829 -1.837549 8.506933 7.693997 -14.685523 -19.845280 68.172705 46.043688 43.587110 26.093842 1.484015 15.269522 -5.415409 0.383701 8.589049 -6.522166 11.201008 -14.356637 -73.531162 -42.763337 67.133433 -33.410439 -7.929899 12.321123 4.318338 -8.301444 0.966655 5.200282 1.639542 8.456752 0.794563 0.205919 -1.888118 -7.756239 -0.016665 -1.568822 1.807659 1.363823 -22.956841 5.745081 1.274507 60.358579 2.543238 0.965579 18.284407 -0.283285 1.347748 -34.463507 -7.455627
-2.839204 0.958645 -0.590277 135.092097 -5.102201 -0.717412 -0.000412 2.846802 2.816568 -0.144870 -4.559726 1.255080 -0.144560 1.260687 1.240367 -0.015759 6.781137 0.936953 -6.085124 26.774633 4.113424 -11.717925 14.315856 8.615377 -1.861958 8.389027 7.678189 -14.617608 -20.153609 68.029841 47.704631 42.519882 26.748932 1.590482 15.222409 -5.716405 0.348859 8.510074 -6.592868 11.115267 -14.294417 -73.615785 -39.483041 66.678814 -30.766300 -7.891324 12.243611 4.367325 -7.183915 1.710667 5.048048 2.500581 7.993089 0.802603 0.895592 -2.086862 -7.469592 -0.019150 -1.686943 1.785991 0.167830 -23.837710 5.745878 1.032221 58.522243 2.846052 0.476374 17.128189 -0.162009 1.448365 -33.047668 -7.638743
-2.834112 0.959208 -0.601646 132.445421 -5.001831 -0.762176 0.068780 2.847173 2.820331 -0.114290 -4.559142 1.256326 -0.114076 1.261276 1.244716 0.007417 6.781632 0.940175 -5.935902 26.677674 3.984042 -11.432720 14.103604 8.363816 -1.860568 8.317152 7.663127 -14.476682 -20.464188 67.937032 49.011887 41.352635 27.086697 1.727919 15.144387 -6.133082 0.328781 8.429293 -6.655326 10.956178 -14.260293 -73.708940 -36.381505 66.255179 -28.308453 -7.888427 12.178611 4.287812 -5.960534 2.427699 4.846957 3.294386 7.530965 0.823293 1.615384 -2.289838 -7.160748 -0.021331 -1.789857 1.760653 -0.486925 -24.526786 5.615647 0.442777 56.436038 3.463245 -0.209998 15.881482 -0.019709 1.488597 -31.023323 -8.123238
-2.829186 0.959676 -0.613062 129.714089 -4.875903 -0.823432 0.128356 2.838472 2.833049 -0.088400 -4.562626 1.261643 -0.088270 1.257801 1.252665 0.027359 6.779070 0.946123 -5.765030 26.603242 3.849033 -11.105017 13.929197 8.094690 -1.844170 8.250205 7.641926 -14.233898 -20.722357 67.870246 49.943811 40.175851 27.138206 1.828343 15.052424 -6.619184 0.343695 8.329640 -6.720738 10.906503 -14.214703 -73.799443 -33.934433 66.038990 -26.414564 -7.877807 12.159323 4.129661 -4.746994 3.038903 4.617345 4.084146 7.155633 0.822047 2.421757 -2.506336 -6.811741 -0.023336 -1.897381 1.728210 -0.860708 -24.983810 5.472391 -0.684112 54.117575 3.956652 -0.753977 14.775969 0.175497 1.517936 -28.755638 -8.869972
-2.824477 0.960073 -0.624490 126.886576 -4.696644 -0.913815 0.176963 2.804851 2.864049 -0.068158 -4.577230 1.275212 -0.068085 1.243200 1.268288 0.043690 6.768140 0.957861 -5.565601 26.563582 3.697582 -10.720063 13.815544 7.787066 -1.807001 8.171243 7.606311 -13.829817 -20.887175 67.809958 50.453365 38.978153 26.845510 1.877047 14.939706 -7.199904 0.416654 8.191079 -6.798387 11.049404 -14.139480 -73.903809 -32.294557 66.228335 -25.196996 -7.850795 12.219138 3.846676 -3.583741 3.500520 4.375778 4.887740 6.887576 0.787237 3.347980 -2.727475 -6.411142 -0.025258 -2.024672 1.680608 -0.847364 -25.226749 5.214955 -2.179749 51.518370 4.566961 -0.933191 13.907156 0.469859 1.530642 -26.094228 -10.003470
-2.819935 0.960375 -0.635966 123.974556 -4.495108 -1.026482 0.215947 2.764155 2.906095 -0.052718 -4.595024 1.293776 -0.052689 1.225403 1.288416 0.056772 6.754794 0.973004 -5.346191 26.544767 3.536965 -10.296664 13.740247 7.457289 -1.754560 8.095782 7.565190 -13.324376 -20.994240 67.770527 50.640521 37.795063 26.299216 1.900474 14.809205 -7.850818 0.525537 8.032615 -6.874727 11.301881 -14.050367 -74.007742 -31.155050 66.678452 -24.394538 -7.829621 12.323007 3.480269 -2.431427 3.852533 4.109851 5.688789 6.704013 0.730965 4.360794 -2.965291 -5.972887 -0.026908 -2.156586 1.625920 -0.533191 -25.249421 4.899457 -4.121966 48.724136 5.204179 -1.004958 13.213364 0.808789 1.480069 -23.253059 -11.450047
-2.815389 0.960574 -0.647603 121.000933 -4.319330 -1.135361 0.243247 2.740588 2.930817 -0.041698 -4.605281 1.304683 -0.041707 1.215151 1.300446 0.065923 6.747115 0.982055 -5.110603 26.527034 3.382512 -9.845741 13.666984 7.134329 -1.714403 8.032370 7.539469 -12.867228 -21.105645 67.778200 50.692427 36.781079 25.742434 1.880824 14.695882 -8.459891 0.622210 7.896378 -6.928503 11.597805 -13.953105 -74.056698 -30.290996 67.066189 -23.800922 -7.803565 12.401675 3.212606 -1.285985 4.142398 3.796347 6.499859 6.623877 0.651518 5.416434 -3.260860 -5.518551 -0.028106 -2.267478 1.584899 -0.467291 -24.941270 4.883023 -6.797109 45.856404 5.188033 -1.358020 12.683453 1.058413 1.433163 -21.105673 -12.804138
-2.810794 0.960697 -0.659439 117.961822 -4.176647 -1.222141 0.255815 2.734443 2.922979 -0.035689 -4.607934 1.301135 -0.035729 1.212504 1.297511 0.070182 6.745150 0.979826 -4.856036 26.512805 3.238101 -9.361716 13.600442 6.824375 -1.698783 7.993719 7.540840 -12.495465 -21.246926 67.853516 50.654039 35.998942 25.228087 1.784647 14.616681 -9.008297 0.691661 7.807166 -6.950291 11.974396 -13.846688 -74.042226 -29.766704 67.330251 -23.462535 -7.748008 12.427022 3.127150 -0.189066 4.374354 3.420497 7.356047 6.660256 0.542875 6.521655 -3.631059 -5.058749 -0.028733 -2.340707 1.566819 -0.665149 -24.178370 5.182058 -10.433708 42.755900 4.382152 -2.131303 12.243660 1.156147 1.482251 -19.850661 -13.792476
-2.806196 0.960717 -0.671437 114.861039 -4.057871 -1.301587 0.256622 2.742031 2.895538 -0.033980 -4.604607 1.288878 -0.034028 1.215827 1.285423 0.070545 6.747659 0.970696 -4.585629 26.499510 3.099369 -8.850556 13.537671 6.521121 -1.696103 7.969661 7.555037 -12.173915 -21.387280 67.977905 50.489225 35.393287 24.694864 1.638269 14.555210 -9.525219 0.747694 7.743146 -6.953987 12.395058 -13.723000 -73.975528 -29.537087 67.543309 -23.335293 -7.671129 12.428486 3.141438 0.900219 4.539471 3.002649 8.223902 6.796823 0.407058 7.668049 -4.061470 -4.586629 -0.029072 -2.392899 1.562406 -1.059562 -23.038513 5.699903 -14.428815 39.420222 3.391382 -3.189467 11.895284 1.113197 1.632608 -19.251508 -14.582011
-2.801567 0.960546 -0.683600 111.732867 -3.985485 -1.391577 0.252729 2.780184 2.859233 -0.034057 -4.587734 1.272653 -0.034086 1.232698 1.269192 0.069267 6.760333 0.958463 -4.310646 26.461134 2.972572 -8.336361 13.431328 6.239490 -1.698098 7.934501 7.565208 -11.943225 -21.507656 68.119128 50.242842 34.940484 24.199149 1.503080 14.498748 -9.971280 0.784924 7.676627 -6.954629 12.683495 -13.574155 -73.832712 -29.237044 67.573941 -23.095576 -7.600629 12.424054 3.192250 2.110336 4.666858 2.571340 9.013220 7.009775 0.254375 8.788531 -4.544966 -4.096958 -0.029641 -2.448308 1.564614 -2.059532 -21.661143 6.609851 -17.832561 36.139585 2.566412 -4.499459 11.690344 0.880903 1.904311 -19.501048 -15.322235
-2.796849 0.960140 -0.695884 108.589652 -3.978285 -1.501024 0.241535 2.859686 2.815350 -0.037241 -4.552520 1.253039 -0.037249 1.267920 1.249265 0.065349 6.786775 0.943473 -4.027336 26.385101 2.862751 -7.812517 13.256762 5.987962 -1.698125 7.869000 7.563960 -11.851673 -21.593418 68.298731 49.944423 34.656247 23.762200 1.397004 14.444043 -10.333097 0.802582 7.593281 -6.952461 12.731264 -13.348030 -73.585545 -28.734656 67.301715 -22.588305 -7.545084 12.419455 3.279960 3.524513 4.786594 2.156492 9.660231 7.275613 0.074622 9.861945 -5.082945 -3.588887 -0.030630 -2.507588 1.575575 -3.923284 -19.932758 8.025264 -20.759747 32.855925 1.766462 -6.139723 11.613948 0.594845 2.451715 -21.043681 -16.221932
-2.792100 0.959544 -0.708334 105.418697 -4.019236 -1.612608 0.225900 2.968255 2.756868 -0.041834 -4.504445 1.226888 -0.041837 1.315996 1.222648 0.059829 6.822859 0.923442 -3.737852 26.285218 2.769059 -7.280635 13.040724 5.764398 -1.702470 7.791363 7.561798 -11.850143 -21.658040 68.489789 49.567960 34.535839 23.344844 1.291596 14.395965 -10.625370 0.801465 7.507801 -6.945967 12.650096 -13.084666 -73.271016 -28.170471 66.849690 -21.967105 -7.490121 12.410258 3.406633 5.060995 4.868218 1.732983 10.230142 7.618980 -0.123174 10.907643 -5.674591 -3.064523 -0.031871 -2.570067 1.593178 -6.289447 -17.820819 9.679298 -23.114739 29.532624 1.136974 -8.051489 11.570435 0.047254 3.186399 -23.385295 -16.667532
-2.787463 0.958798 -0.721088 102.216670 -4.076627 -1.705392 0.221068 3.088580 2.682011 -0.040808 -4.451120 1.193345 -0.040820 1.369311 1.189198 0.057997 6.862883 0.898236 -3.462046 26.175787 2.689531 -6.776428 12.811915 5.568554 -1.722213 7.731640 7.568306 -11.831446 -21.735214 68.588330 49.069821 34.526662 22.912438 1.176296 14.354694 -10.847805 0.778845 7.434027 -6.946600 12.591290 -12.918831 -72.951228 -27.585994 66.445878 -21.379801 -7.437159 12.398117 3.511710 6.600960 4.849662 1.247621 10.827591 8.089076 -0.300310 11.920131 -6.307696 -2.522009 -0.033312 -2.658020 1.604114 -8.685333 -15.612276 11.240010 -23.932954 26.581338 0.958310 -9.950658 11.422177 -1.274456 3.553826 -25.170227 -15.822115
-2.782921 0.957783 -0.734169 98.908399 -4.153805 -1.768869 0.259458 3.219685 2.584587 -0.019375 -4.392847 1.149400 -0.019436 1.427540 1.147396 0.070815 6.906616 0.866661 -3.200316 26.062686 2.629131 -6.301716 12.579129 5.409058 -1.751603 7.715989 7.582041 -11.737521 -21.847753 68.544510 48.443037 34.613058 22.450475 1.047586 14.328835 -10.991843 0.736957 7.374696 -6.953498 12.613095 -12.888328 -72.616603 -27.101876 66.183343 -20.992336 -7.389944 12.375040 3.585421 8.192924 4.725187 0.692848 11.506376 8.705728 -0.454677 12.882440 -7.045503 -1.975775 -0.034542 -2.722391 1.624203 -11.437984 -13.295814 12.809258 -22.527205 24.071551 1.033468 -11.917994 11.352442 -3.981355 3.143495 -25.914756 -13.214279
-2.778490 0.956619 -0.747555 95.568834 -4.243917 -1.810795 0.308446 3.359196 2.468492 0.007754 -4.330781 1.097075 0.007627 1.489586 1.097813 0.087311 6.953243 0.829205 -2.952222 25.941844 2.583584 -5.854192 12.334094 5.278666 -1.796869 7.719369 7.599871 -11.624706 -21.989813 68.412405 47.697258 34.824183 21.954264 0.899666 14.318425 -11.070739 0.673374 7.325706 -6.969519 12.653986 -12.951893 -72.256642 -26.604818 65.964897 -20.650648 -7.348100 12.348519 3.637624 9.790472 4.495059 0.085540 12.218630 9.446858 -0.593244 13.810285 -7.823283 -1.411979 -0.035971 -2.812219 1.637786 -14.224518 -10.854888 14.244338 -19.795805 21.918471 1.100512 -13.811443 11.010182 -7.424860 2.263375 -25.796796 -9.653133
-2.774370 0.955705 -0.761312 92.420189 -4.299066 -1.844901 0.285504 3.489867 2.350584 0.003073 -4.272894 1.044578 0.002958 1.547538 1.044887 0.079784 6.996799 0.789327 -2.736739 25.811793 2.535783 -5.464732 12.076513 5.151278 -1.886937 7.696465 7.630193 -11.557440 -22.156012 68.247261 46.812682 35.175032 21.401424 0.720326 14.310697 -11.117348 0.578357 7.288043 -7.013028 12.681586 -13.134669 -71.916813 -25.786623 65.728652 -20.037752 -7.313589 12.342221 3.635814 11.132764 4.105293 -0.587388 12.918657 10.298688 -0.693365 14.754322 -8.435183 -0.787227 -0.038602 -3.097174 1.585244 -15.739660 -8.770865 15.106237 -17.256935 20.357286 1.131621 -14.936952 9.745763 -10.040502 1.445186 -24.653004 -6.606542
-2.770658 0.955267 -0.775438 89.497757 -4.324441 -1.860085 0.168953 3.618796 2.220355 -0.042530 -4.216280 0.987309 -0.042534 1.604179 0.983001 0.041001 7.039285 0.742754 -2.551000 25.675216 2.490794 -5.128773 11.808967 5.034802 -2.042537 7.621752 7.705422 -11.493499 -22.345113 68.013909 45.781936 35.715484 20.778861 0.513527 14.306763 -11.089654 0.442954 7.254086 -7.104388 12.705748 -13.467128 -71.575732 -24.559978 65.490759 -19.097860 -7.316278 12.371028 3.545437 12.183159 3.509394 -1.343576 13.635172 11.337156 -0.740767 15.794562 -8.838890 -0.102600 -0.041057 -3.623979 1.449455 -15.544926 -7.409120 15.379534 -15.326286 19.796023 0.947895 -14.779770 7.296189 -11.160117 0.902639 -22.415066 -4.607765
-2.767256 0.955079 -0.789934 86.766614 -4.313186 -1.873333 -0.019835 3.740269 2.090120 -0.120172 -4.163341 0.930643 -0.119999 1.657065 0.918422 -0.021935 7.078869 0.694203 -2.397468 25.529374 2.444516 -4.849790 11.525173 4.923094 -2.242199 7.525238 7.799661 -11.474186 -22.567442 67.751082 44.615120 36.405644 20.062236 0.269805 14.316353 -11.034434 0.275852 7.225372 -7.224319 12.711632 -13.920536 -71.230153 -23.040259 65.223885 -17.934054 -7.335134 12.419430 3.401598 12.984600 2.749930 -2.147610 14.349399 12.486402 -0.757600 16.866905 -9.074985 0.635204 -0.042340 -4.346898 1.250608 -14.193092 -6.556975 15.342465 -13.613137 19.823473 0.614594 -14.008286 4.254124 -11.524348 0.531834 -19.469386 -3.136616
-2.764059 0.954870 -0.804876 84.344196 -4.204838 -1.948884 -0.298408 3.825025 2.016021 -0.240562 -4.126921 0.899895 -0.240134 1.693460 0.875462 -0.115226 7.106053 0.662121 -2.302261 25.361906 2.367203 -4.669163 11.205322 4.770197 -2.451335 7.438399 7.834530 -11.692103 -22.820517 67.624256 43.315110 37.119641 19.212421 -0.034204 14.324624 -11.117308 0.093661 7.218439 -7.333175 12.630800 -14.442170 -70.954362 -21.237189 64.799195 -16.484823 -7.293770 12.465726 3.271827 13.391818 1.909711 -2.934695 14.936612 13.509309 -0.777853 17.813258 -9.052017 1.466866 -0.042483 -5.299108 0.992970 -11.908362 -5.907090 15.108554 -12.416678 19.462697 0.529732 -13.656559 1.422883 -11.560717 0.297881 -16.477034 -2.057137
-2.760881 0.954516 -0.820538 82.328116 -3.982110 -2.132655 -0.709781 3.863763 2.035658 -0.424857 -4.111399 0.912113 -0.424045 1.708955 0.869002 -0.253594 7.117482 0.657794 -2.292304 25.169950 2.239785 -4.629831 10.842966 4.548041 -2.663848 7.377646 7.759907 -12.243429 -23.121391 67.727234 41.830281 37.910225 18.186618 -0.386667 14.302903 -11.396491 -0.104149 7.259034 -7.436809 12.455157 -15.037894 -70.800724 -18.974652 64.146547 -14.586438 -7.157299 12.493563 3.165551 13.233884 1.010188 -3.688565 15.416406 14.344173 -0.810240 18.649911 -8.667382 2.441170 -0.036387 -6.614862 0.653018 -8.247913 -5.442465 14.625604 -11.867113 18.349894 0.966889 -14.409302 -0.992847 -11.207644 0.170987 -13.571706 -1.453353
-2.757909 0.954141 -0.836645 80.619997 -3.669091 -2.387572 -1.209686 3.878310 2.120053 -0.651913 -4.107273 0.953870 -0.650624 1.712864 0.887692 -0.422075 7.120052 0.672541 -2.338164 24.951320 2.085310 -4.683638 10.430510 4.291069 -2.886161 7.312652 7.624035 -13.038774 -23.430015 67.973795 40.202520 38.714147 16.985579 -0.782266 14.252396 -11.814481 -0.318129 7.322329 -7.534438 12.192565 -15.720534 -70.700668 -16.515587 63.317198 -12.502079 -6.959171 12.521096 3.065791 12.677225 0.032733 -4.407373 15.760739 15.058803 -0.849663 19.384707 -7.996759 3.498371 -0.019864 -8.168579 0.288675 -3.663518 -5.173134 13.955512 -11.883457 16.839405 1.589834 -15.619580 -3.180418 -10.538906 0.109427 -10.623323 -1.190424
-2.755592 0.953844 -0.852441 79.043389 -3.268965 -2.656442 -1.684540 3.886199 2.226167 -0.868957 -4.106344 1.005062 -0.867211 1.713421 0.916811 -0.582292 7.120030 0.695118 -2.381072 24.695770 1.938090 -4.734693 9.949745 4.047913 -3.102070 7.203781 7.496504 -13.989830 -23.656314 68.248192 38.579131 39.221474 15.689884 -1.244821 14.189992 -12.366704 -0.530587 7.356776 -7.573351 11.800466 -16.447507 -70.554676 -14.469860 62.390478 -10.733920 -6.720504 12.578661 2.997957 12.078140 -0.994437 -5.059717 15.763530 15.619281 -0.905876 19.834766 -7.202003 4.526352 -0.002822 -9.603529 0.033592 0.290792 -4.837980 13.356911 -12.431674 15.071606 1.936024 -16.165537 -4.926121 -10.004820 0.063983 -7.839135 -0.933815
-2.754189 0.953591 -0.867646 77.636478 -2.755715 -2.957960 -2.138096 3.887377 2.359695 -1.077950 -4.108527 1.068348 -1.075753 1.710872 0.958900 -0.735504 7.117693 0.727504 -2.398365 24.391444 1.807682 -4.745748 9.378840 3.830941 -3.329539 6.979394 7.396794 -15.132143 -23.755737 68.515268 37.028752 39.360513 14.410245 -1.821942 14.101882 -13.121562 -0.757916 7.350434 -7.511147 11.219010 -17.186071 -70.366012 -12.847742 61.367281 -9.237842 -6.423905 12.690995 2.939009 11.567507 -2.060804 -5.611234 15.231172 16.027595 -0.974130 19.929267 -6.336960 5.472106 0.005776 -10.781842 -0.068212 3.215438 -4.375442 12.972365 -14.018432 13.000448 1.855857 -15.357917 -6.190292 -9.765730 0.024684 -5.100016 -0.573445
-2.753442 0.953417 -0.882541 76.359232 -2.154597 -3.277604 -2.565425 3.882877 2.517608 -1.276553 -4.113371 1.142255 -1.273924 1.705659 1.012669 -0.880078 7.113340 0.768680 -2.411692 24.052378 1.686776 -4.751994 8.743665 3.631128 -3.548887 6.714308 7.314202 -16.423218 -23.774877 68.791169 35.500065 39.188788 13.116296 -2.436118 13.971750 -14.018839 -0.981336 7.325650 -7.384577 10.507359 -17.970726 -70.121577 -11.557939 60.273599 -7.959177 -6.086452 12.836630 2.908474 11.009956 -3.165814 -6.098018 14.351339 16.299356 -1.047461 19.731961 -5.319569 6.365691 0.004172 -11.832900 -0.039768 5.512155 -3.857826 12.655859 -16.092573 10.720123 1.672617 -13.833817 -7.037588 -9.578229 0.004273 -2.521740 -0.251428
-2.753023 0.953526 -0.897215 74.920525 -1.542825 -3.510675 -2.841527 3.882991 2.638115 -1.405903 -4.115480 1.198138 -1.403010 1.703206 1.055367 -0.973700 7.111113 0.801253 -2.430566 23.710418 1.581592 -4.770415 8.104804 3.460503 -3.689659 6.596409 7.261675 -17.655851 -23.773433 69.038093 33.980230 38.581157 11.751400 -2.937615 13.834150 -14.859942 -1.129915 7.282493 -7.257004 9.799695 -18.839711 -69.704344 -10.933886 59.253880 -7.233889 -5.773757 12.974501 3.001005 10.366810 -4.304092 -6.596110 13.489958 16.417731 -1.127229 19.250745 -4.106104 7.218377 -0.016145 -12.792447 0.144019 6.825251 -3.242222 12.255189 -17.020233 8.585663 1.596485 -12.424264 -7.418194 -9.273136 -0.000107 -0.665789 -0.032217
-2.752753 0.953978 -0.911816 73.217278 -0.928717 -3.602529 -2.904348 3.882536 2.695357 -1.436935 -4.116396 1.224087 -1.433984 1.702165 1.078127 -0.995243 7.110164 0.818505 -2.474700 23.369687 1.498599 -4.839810 7.471087 3.336487 -3.716583 6.723582 7.240004 -18.845071 -23.802237 69.192322 32.577156 37.385406 10.431177 -3.266312 13.722304 -15.586490 -1.164479 7.218175 -7.154039 9.061508 -19.820161 -69.046890 -11.064090 58.402583 -7.152245 -5.494886 13.103242 3.265609 9.611655 -5.491051 -7.169233 12.800798 16.335454 -1.224156 18.483182 -2.594359 8.131675 -0.055021 -13.766427 0.418529 6.652838 -2.391750 11.698859 -15.882705 6.565252 1.641971 -11.412339 -7.159750 -8.780886 0.000242 0.063163 0.041535
-2.752812 0.954713 -0.926197 71.355781 -0.296756 -3.615131 -2.817984 3.879283 2.709176 -1.399208 -4.117355 1.229554 -1.396327 1.701338 1.087460 -0.966314 7.109606 0.825473 -2.526119 23.027872 1.428210 -4.926192 6.835602 3.237576 -3.668933 7.001760 7.226448 -19.980164 -23.814217 69.331837 31.230984 35.737372 9.177629 -3.488139 13.617106 -16.246190 -1.124236 7.133823 -7.050759 8.319464 -20.864758 -68.214108 -11.743193 57.619348 -7.474897 -5.227743 13.226493 3.659146 8.775231 -6.727885 -7.728269 12.131590 16.095067 -1.298889 17.432344 -0.865423 8.921571 -0.118245 -14.618761 0.864793 5.481399 -1.471508 11.043808 -13.615888 4.622744 1.697128 -10.496479 -6.428401 -8.184500 0.000029 0.068600 0.022425
-2.753412 0.955763 -0.939999 69.360168 0.310671 -3.618372 -2.648010 3.884731 2.683611 -1.322229 -4.113824 1.216773 -1.319522 1.705063 1.082497 -0.909107 7.112562 0.821529 -2.539688 22.706569 1.349678 -4.940576 6.235095 3.112751 -3.589752 7.329979 7.191583 -20.808852 -23.711744 69.623341 29.703735 33.922736 7.785619 -3.669178 13.498291 -16.799236 -1.056822 7.032291 -6.935511 7.802100 -21.893442 -67.303881 -12.834182 56.754159 -8.007655 -4.987872 13.309143 4.143082 7.904192 -7.984344 -8.115921 11.389481 15.813920 -1.285421 16.088121 0.797543 9.190424 -0.220975 -14.990413 1.679438 4.442847 -0.874054 10.358516 -11.371699 3.108425 1.685245 -9.639567 -5.678272 -7.582743 -0.000000 0.000000 -0.000000
-2.754803 0.957290 -0.953149 67.198220 0.903364 -3.607204 -2.385149 3.897309 2.601319 -1.200944 -4.106427 1.177921 -1.198527 1.712703 1.055923 -0.820390 7.118570 0.801118 -2.505080 22.405854 1.255155 -4.862482 5.670468 2.945101 -3.482992 7.718928 7.112005 -21.159772 -23.417018 70.167122 27.857867 31.792756 6.014550 -3.823226 13.360592 -17.277973 -0.964473 6.899759 -6.800473 7.614089 -22.922180 -66.331110 -14.384402 55.821547 -8.745362 -4.795016 13.348516 4.688544 7.061111 -9.273154 -8.320814 10.572362 15.476934 -1.127312 14.227223 2.366238 8.754551 -0.386785 -14.955612 3.178691 3.844960 -0.808165 9.658810 -9.398952 2.277080 1.569598 -8.836916 -5.029606 -7.011098 0.000041 0.049326 0.002218
-2.756735 0.959133 -0.965722 64.902235 1.473452 -3.588976 -2.040707 3.914416 2.475598 -1.041015 -4.096431 1.119130 -1.038953 1.723028 1.013382 -0.703924 7.126714 0.768569 -2.436014 22.124802 1.147575 -4.717918 5.140893 2.743719 -3.345776 8.155788 7.007151 -21.177833 -22.997483 70.829936 25.940795 29.432152 4.200314 -3.955612 13.224025 -17.650315 -0.844963 6.750559 -6.652877 7.654023 -23.938689 -65.307342 -16.271780 54.774358 -9.612654 -4.630583 13.351384 5.330111 6.175908 -10.561836 -8.340929 9.683580 15.118183 -0.869841 12.013979 3.685728 7.766089 -0.554884 -14.287576 4.903514 3.393686 -1.062559 8.977015 -7.418097 1.886020 1.394127 -8.084744 -4.362817 -6.445904 0.000045 0.024662 0.001118
-2.758677 0.960830 -0.977585 62.590945 1.944107 -3.643265 -1.709608 3.948146 2.359356 -0.887567 -4.079315 1.064716 -0.885830 1.740421 0.974574 -0.592011 7.140114 0.738878 -2.323745 21.882359 1.021355 -4.487362 4.679951 2.494168 -3.208769 8.504274 6.920711 -21.090441 -22.569251 71.422051 24.180204 27.522177 2.834861 -4.143023 13.120025 -17.795486 -0.739279 6.630645 -6.503252 7.850357 -24.824971 -64.336004 -18.097094 53.395792 -10.305854 -4.456151 13.297933 6.124961 5.087678 -11.724969 -8.045938 8.637431 14.924450 -0.629620 10.032905 4.270199 6.485457 -0.569034 -12.344186 5.709619 3.328022 -1.355251 8.410393 -5.783357 1.573153 1.222377 -7.362180 -3.773662 -5.894202 -0.000000 0.000000 -0.000000
-2.760602 0.962264 -0.988572 60.290334 2.277774 -3.813782 -1.409571 4.016014 2.275912 -0.749853 -4.047476 1.025136 -0.748419 1.772442 0.948976 -0.490919 7.164394 0.719219 -2.159237 21.683540 0.865921 -4.151698 4.297551 2.174168 -3.067536 8.696514 6.876078 -20.968033 -22.137233 71.919127 22.498091 26.227831 1.903508 -4.516427 13.091461 -17.773898 -0.676061 6.562311 -6.341462 8.229898 -25.522525 -63.460149 -19.842543 51.588976 -10.717858 -4.267222 13.183539 7.096567 3.789713 -12.726768 -7.323163 7.271603 14.978381 -0.511992 8.522329 3.719882 4.972461 -0.347476 -8.299631 4.555786 3.730570 -1.600942 8.022005 -4.599921 1.261518 1.049775 -6.675754 -3.300514 -5.353509 -0.000000 0.000000 0.000000
-2.762537 0.963554 -0.998849 57.973669 2.502655 -4.043271 -1.121619 4.101295 2.201855 -0.618123 -4.008059 0.989777 -0.616996 1.812011 0.926986 -0.394073 7.194314 0.702297 -1.953277 21.521337 0.687621 -3.732979 3.982844 1.798851 -2.923787 8.802657 6.858362 -20.751135 -21.701270 72.348509 20.841956 25.445031 1.251644 -4.978243 13.124219 -17.548746 -0.626936 6.524240 -6.179281 8.778196 -26.095407 -62.658191 -21.489240 49.467404 -10.911907 -4.082898 13.021262 8.223725 2.276532 -13.535629 -6.299021 5.741996 15.176255 -0.453607 7.359462 2.382051 3.463486 -0.095641 -3.381246 2.096779 4.522485 -1.861345 7.731600 -3.760516 1.043135 0.877128 -6.023313 -2.902084 -4.829427 0.000000 0.000000 -0.000000
-2.764032 0.964595 -1.008788 55.680567 2.640818 -4.254367 -0.884534 4.166576 2.123949 -0.508734 -3.977787 0.953083 -0.507866 1.842417 0.901410 -0.314203 7.217343 0.682708 -1.725433 21.397188 0.507294 -3.271450 3.739379 1.411297 -2.816610 8.894831 6.856112 -20.492887 -21.370436 72.613847 19.351219 25.521995 1.005469 -5.274650 13.192234 -16.845736 -0.548079 6.495326 -6.060334 9.358705 -26.606973 -61.925976 -22.693842 47.161502 -10.897824 -3.902328 12.817791 9.495680 0.397892 -14.037951 -5.222282 4.443919 15.432857 -0.320261 6.545200 1.065796 2.455865 -0.000000 0.000000 -0.000000 5.695841 -2.069645 7.394108 -3.309786 0.812903 0.770936 -5.376550 -2.553976 -4.337585 0.000000 0.000000 -0.000000
-2.764857 0.965326 -1.018568 53.433226 2.690841 -4.425371 -0.722383 4.203255 2.047108 -0.432559 -3.960643 0.917468 -0.431840 1.859644 0.873543 -0.259284 7.230431 0.661456 -1.472967 21.321117 0.324961 -2.762709 3.586407 1.010726 -2.773514 9.001586 6.861643 -20.185246 -21.233832 72.630966 18.025100 26.643977 1.243633 -5.313106 13.287297 -15.505465 -0.420403 6.472020 -6.013065 9.918763 -27.076507 -61.234355 -23.412269 44.637367 -10.745307 -3.740645 12.553464 11.022487 -2.021159 -14.178515 -4.191340 3.582641 15.713124 -0.020102 6.136351 0.192913 2.171345 -0.002729 0.817460 -0.596862 7.470990 -2.211603 6.932235 -3.472393 0.531174 0.792563 -4.749398 -2.251374 -3.891891 -0.000000 0.000000 -0.000000
-2.765242 0.965809 -1.028009 51.210866 2.658058 -4.567858 -0.610606 4.220447 1.970334 -0.378695 -3.952485 0.882283 -0.378064 1.867829 0.843821 -0.221165 7.236684 0.638841 -1.198338 21.283172 0.138877 -2.212290 3.506934 0.595548 -2.766951 9.095810 6.883362 -19.847016 -21.213113 72.498364 16.830736 28.678863 1.766903 -5.151920 13.461121 -13.669587 -0.264012 6.453679 -6.009302 10.506353 -27.487428 -60.609411 -23.778657 41.942997 -10.473804 -3.616300 12.252961 12.690668 -4.775359 -13.996270 -3.179871 2.958426 16.086327 0.347830 6.019419 -0.471943 2.296041 -0.007007 0.394721 -0.317620 9.628356 -2.293740 6.416362 -4.026041 0.252072 0.879783 -4.130074 -1.997297 -3.479613 -0.000000 0.000000 -0.000000
-2.765426 0.966127 -1.036935 48.988520 2.580825 -4.657923 -0.515374 4.206101 1.873850 -0.331048 -3.958432 0.838474 -0.330517 1.861904 0.804848 -0.188402 7.232354 0.609234 -0.927604 21.256222 -0.030643 -1.673145 3.451001 0.210914 -2.753930 9.166386 6.931872 -19.571854 -21.162768 72.391771 15.860684 31.485161 2.289147 -4.751529 13.773881 -11.509537 -0.093995 6.423370 -6.006193 11.130586 -27.851185 -60.121248 -23.770922 39.334413 -10.079650 -3.511756 11.978788 14.156344 -7.437371 -13.562410 -2.254643 2.359776 16.625604 0.636631 5.869446 -1.106138 2.412174 0.000000 0.000000 -0.000000 11.498771 -2.289364 5.926409 -4.345137 0.000293 0.914449 -3.450909 -1.780991 -3.075001 -0.000000 -0.000000 -0.000000
-2.765418 0.966267 -1.045210 46.753464 2.464255 -4.677379 -0.430848 4.150431 1.744672 -0.286250 -3.982782 0.780231 -0.285807 1.837584 0.751158 -0.158835 7.214244 0.568498 -0.665061 21.243291 -0.167347 -1.157491 3.423480 -0.112332 -2.713671 9.202950 7.029068 -19.390132 -21.021492 72.345818 15.166930 35.262256 2.731799 -3.967759 14.272925 -8.891626 0.095720 6.372546 -5.980775 11.824900 -28.175085 -59.806178 -23.390174 36.837087 -9.600151 -3.410669 11.736461 15.345011 -9.946494 -12.895849 -1.412291 1.817964 17.372856 0.766167 5.569812 -1.832678 2.403768 0.008941 0.227917 -0.002762 12.885946 -2.164539 5.490869 -4.225554 -0.244994 0.846368 -2.703787 -1.603124 -2.666031 -0.000000 -0.000000 -0.000000
-2.765210 0.966242 -1.052971 44.518436 2.310079 -4.639752 -0.362021 4.060785 1.599932 -0.247455 -4.022343 0.715202 -0.247050 1.798039 0.690067 -0.134242 7.184699 0.522174 -0.405769 21.243026 -0.286969 -0.652881 3.421603 -0.403797 -2.667004 9.219621 7.155955 -19.271838 -20.848688 72.321630 14.719858 39.792690 3.185958 -2.812716 14.865875 -5.958078 0.299302 6.310633 -5.953433 12.555511 -28.461144 -59.626511 -22.707566 34.421008 -9.076556 -3.315880 11.505334 16.333079 -12.347856 -12.011028 -0.713278 1.284675 18.256577 0.774475 5.233711 -2.553425 2.399234 0.012112 0.454740 -0.026757 13.984741 -1.957667 5.082566 -3.869398 -0.472849 0.725267 -1.897534 -1.464628 -2.265344 -0.000000 0.000000 -0.000000
-2.765005 0.966168 -1.060441 42.296276 2.151232 -4.572958 -0.291585 3.951226 1.464544 -0.208444 -4.070788 0.654338 -0.208081 1.749605 0.633167 -0.109180 7.148473 0.479018 -0.160903 21.221351 -0.414923 -0.172386 3.381998 -0.706149 -2.633034 9.239924 7.261213 -19.219299 -20.671489 72.378930 14.466743 44.290248 3.651028 -1.584041 15.400467 -3.294918 0.484058 6.248354 -5.946603 13.232511 -28.714621 -59.542828 -21.803687 32.256744 -8.513705 -3.201297 11.299111 17.009532 -14.388545 -11.008034 -0.284800 0.430804 19.165581 0.708710 4.882588 -3.186790 2.374754 -0.000000 -0.000000 0.000000 14.712927 -1.759940 4.698482 -3.258745 -0.621239 0.581685 -0.989201 -1.356855 -1.883785 -0.000000 -0.000000 0.000000
-2.764881 0.966081 -1.067662 40.093081 2.000858 -4.480551 -0.213626 3.819734 1.341861 -0.166805 -4.128989 0.599098 -0.166518 1.691416 0.582157 -0.081753 7.104918 0.440310 0.067502 21.173529 -0.558476 0.283551 3.295469 -1.032504 -2.625639 9.274464 7.323125 -19.283861 -20.491677 72.578696 14.478186 48.808964 4.211974 -0.378546 15.860984 -1.032005 0.643377 6.183448 -5.970618 13.830045 -28.962200 -59.543654 -20.646751 30.365802 -7.907888 -3.023262 11.113067 17.265235 -16.000040 -9.938999 -0.162767 -0.883735 20.097038 0.585328 4.486162 -3.719412 2.296626 -0.008759 -1.607754 0.255395 14.927399 -1.609133 4.344833 -2.299971 -0.645702 0.408692 0.063337 -1.284673 -1.525295 0.000000 0.000000 -0.000000
-2.764760 0.965945 -1.074594 37.902508 1.848760 -4.359066 -0.133547 3.669645 1.230525 -0.124828 -4.195485 0.548920 -0.124614 1.624930 0.536241 -0.053686 7.055127 0.405455 0.283316 21.103789 -0.707746 0.719131 3.169723 -1.366209 -2.630816 9.309523 7.362655 -19.414618 -20.299443 72.857617 14.746170 53.286937 4.901986 0.830382 16.247287 0.957180 0.784579 6.115910 -6.014968 14.376713 -29.184343 -59.642052 -19.286372 28.710912 -7.291808 -2.793596 10.941378 17.215550 -17.269568 -8.809806 -0.303924 -2.513236 21.056898 0.404470 4.059623 -4.181806 2.180597 -0.010277 -3.851702 0.801761 14.772113 -1.475853 4.013503 -1.085438 -0.595175 0.211082 1.217639 -1.245237 -1.187803 -0.000000 -0.000000 0.000000
-2.764619 0.965773 -1.081336 35.718842 1.690087 -4.227547 -0.051780 3.525338 1.146080 -0.083577 -4.259425 0.510734 -0.083429 1.561000 0.502246 -0.025273 7.007240 0.379624 0.485295 20.990712 -0.860510 1.131098 2.965271 -1.703089 -2.625295 9.330110 7.392218 -19.460526 -20.106243 73.092792 15.017014 56.767841 5.573714 1.778131 16.475227 2.499042 0.895760 6.058938 -6.072832 14.866162 -29.316188 -59.840313 -17.905390 27.377194 -6.709206 -2.569693 10.797745 17.083934 -18.187153 -7.658873 -0.690646 -4.340482 21.965627 0.224209 3.690785 -4.553074 2.054816 -0.026041 -5.929942 1.508822 14.596198 -1.348678 3.682054 0.123537 -0.544858 0.037396 2.390059 -1.217094 -0.872330 0.000000 0.000000 0.000000
-2.764351 0.965558 -1.087924 33.535674 1.513649 -4.086450 0.035222 3.399597 1.093570 -0.041783 -4.315124 0.486762 -0.041721 1.505304 0.482518 0.004578 6.965512 0.364587 0.676893 20.828410 -1.017423 1.527292 2.670817 -2.046241 -2.598467 9.330448 7.407758 -19.358401 -19.911003 73.256951 15.125531 58.815346 6.121596 2.242734 16.486637 3.515578 0.969489 6.017064 -6.149105 15.303734 -29.359397 -60.159170 -16.482663 26.374908 -6.152497 -2.374474 10.680338 16.916721 -18.612454 -6.498961 -1.393194 -6.537037 22.850244 0.105890 3.428361 -4.822471 1.901037 -0.071584 -7.647709 2.202412 14.436196 -1.199319 3.338144 1.321213 -0.524587 -0.096244 3.556876 -1.193993 -0.576335 -0.000000 0.000000 0.000000
-2.764061 0.965306 -1.094323 31.359258 1.331539 -3.934021 0.123531 3.282599 1.066664 -0.000821 -4.366941 0.474219 -0.000866 1.453484 0.474133 0.034618 6.926680 0.358131 0.857576 20.622852 -1.173765 1.906161 2.297190 -2.387430 -2.560130 9.315562 7.415395 -19.172444 -19.716382 73.380864 15.153178 59.865308 6.593970 2.358814 16.355991 4.104173 1.013239 5.983836 -6.240727 15.688162 -29.321506 -60.587108 -15.020930 25.680818 -5.632320 -2.188419 10.589193 16.661923 -18.707052 -5.339045 -2.319599 -8.908248 23.724836 0.021874 3.214302 -5.004841 1.700265 -0.148938 -9.200549 2.986024 14.255608 -1.056550 2.992930 2.513229 -0.502783 -0.205841 4.741600 -1.180540 -0.302531 -0.000000 -0.000000 0.000000
-2.764041 0.965049 -1.100535 29.203080 1.171773 -3.787332 0.201122 3.165330 1.062932 0.034160 -4.418874 0.472118 0.034019 1.401557 0.475586 0.060917 6.887766 0.359127 1.020419 20.370648 -1.318334 2.251116 1.838014 -2.704274 -2.517753 9.288753 7.443525 -18.942340 -19.545723 73.431761 15.143872 60.273190 6.989938 2.384182 16.210446 4.367270 1.036928 5.957037 -6.329651 16.002852 -29.145763 -61.083447 -13.721841 25.342070 -5.204530 -2.015563 10.541077 16.391482 -18.903261 -4.200252 -3.216937 -10.791602 24.462048 -0.092217 2.979860 -5.108438 1.472839 -0.237782 -10.385526 3.984864 14.294453 -0.986535 2.665500 3.455220 -0.458678 -0.290659 5.931537 -1.169650 -0.058533 -0.000000 -0.000000 -0.000000
-2.764365 0.964796 -1.106500 27.068422 1.044780 -3.655743 0.264426 3.041720 1.085042 0.061457 -4.473639 0.481667 0.061236 1.346794 0.487907 0.082281 6.846714 0.368353 1.164523 20.064900 -1.447771 2.560420 1.279431 -2.991038 -2.464026 9.253299 7.510788 -18.643935 -19.403670 73.369214 15.040774 59.927648 7.266826 2.392657 16.085105 4.258431 1.029010 5.944365 -6.409243 16.255898 -28.805012 -61.653233 -12.598161 25.392789 -4.872896 -1.858009 10.544495 16.145500 -19.342505 -3.081224 -4.021500 -11.984472 25.029223 -0.265068 2.664783 -5.116923 1.185336 -0.316954 -11.073485 5.260561 14.642791 -1.011501 2.370536 4.026414 -0.373551 -0.350663 7.155780 -1.164191 0.150049 -0.000000 0.000000 0.000000
-2.764958 0.964539 -1.112279 24.954175 0.938679 -3.532696 0.316779 2.920108 1.130372 0.082681 -4.527528 0.501662 0.082386 1.292896 0.510056 0.099828 6.806294 0.385015 1.293715 19.713000 -1.560822 2.841477 0.634705 -3.246908 -2.406280 9.208647 7.599603 -18.300829 -19.289789 73.236853 14.908329 58.939479 7.480255 2.340520 15.945938 3.828257 1.000496 5.937851 -6.487593 16.438278 -28.336748 -62.306384 -11.603790 25.803021 -4.623618 -1.720691 10.589003 15.878609 -19.879777 -1.981233 -4.803291 -12.693956 25.421983 -0.448479 2.323843 -5.051174 0.851847 -0.369368 -11.380185 6.632828 15.211918 -1.099933 2.101632 4.347775 -0.261302 -0.388284 8.385196 -1.158744 0.328829 0.000000 -0.000000 0.000000
-2.765886 0.964284 -1.118050 22.870361 0.847266 -3.412653 0.356526 2.812296 1.188345 0.097655 -4.575277 0.527384 0.097311 1.245146 0.537298 0.113095 6.770486 0.405540 1.407045 19.333342 -1.650352 3.088976 -0.061836 -3.457755 -2.374001 9.152008 7.683663 -18.023230 -19.221285 73.127660 14.973740 57.998016 7.775720 2.303875 15.818433 3.329647 0.995468 5.913195 -6.566899 16.507227 -27.779819 -63.011019 -10.848588 26.537775 -4.477435 -1.614922 10.661509 15.534535 -20.506621 -0.915244 -5.519986 -12.879684 25.522463 -0.581312 2.069103 -4.959880 0.569033 -0.385199 -11.493192 7.852822 15.974138 -1.233722 1.849593 4.537548 -0.149284 -0.405789 9.519880 -1.133126 0.487949 0.000000 0.000000 0.000000
-2.767182 0.964040 -1.123865 20.818828 0.772088 -3.295849 0.377200 2.723413 1.257671 0.103539 -4.614629 0.558277 0.103174 1.205802 0.568792 0.119882 6.740976 0.429297 1.503316 18.922753 -1.713727 3.299512 -0.817037 -3.618198 -2.383451 9.070193 7.751819 -17.869540 -19.218903 73.083040 15.308579 57.319196 8.201248 2.313030 15.712317 2.840680 1.030202 5.857035 -6.645396 16.421393 -27.099864 -63.770804 -10.342818 27.571958 -4.414975 -1.556104 10.751583 15.095056 -21.286849 0.117907 -6.144673 -12.355506 25.278552 -0.621296 1.945006 -4.884890 0.352560 -0.354107 -11.370095 8.845169 17.018063 -1.414005 1.606601 4.548602 -0.043754 -0.396618 10.515955 -1.081037 0.630686 0.000000 -0.000000 0.000000
-2.768814 0.963799 -1.129672 18.797800 0.710905 -3.183651 0.385067 2.649264 1.337963 0.103132 -4.647464 0.594120 0.102752 1.172965 0.604593 0.122270 6.716332 0.456318 1.584616 18.485572 -1.751069 3.477216 -1.623432 -3.728993 -2.417379 8.974849 7.816785 -17.779780 -19.263298 73.064719 15.834260 56.684559 8.710720 2.342862 15.620962 2.286880 1.089201 5.783608 -6.722308 16.220176 -26.343975 -64.596666 -10.053410 28.944517 -4.449833 -1.548369 10.864867 14.576012 -22.151933 1.127346 -6.705327 -11.315415 24.728161 -0.607897 1.914761 -4.766452 0.176498 -0.294575 -11.117136 9.660897 18.255704 -1.633940 1.380627 4.427905 0.063911 -0.367973 11.417374 -1.006233 0.755090 0.000000 0.000000 0.000000
-2.770755 0.963550 -1.135497 16.811794 0.652358 -3.071291 0.397572 2.586588 1.419486 0.104725 -4.675184 0.630472 0.104332 1.145238 0.641104 0.126213 6.695517 0.483869 1.652687 18.051725 -1.762462 3.623674 -2.424862 -3.789370 -2.455519 8.899428 7.886311 -17.686814 -19.310602 73.044265 16.542683 56.131360 9.298261 2.357780 15.544914 1.687277 1.169036 5.710489 -6.800704 15.983592 -25.667186 -65.455981 -10.037181 30.722631 -4.658720 -1.590647 11.009268 13.971837 -22.894529 2.114457 -7.235894 -10.280382 23.901235 -0.581418 1.973778 -4.491967 0.071111 -0.278510 -11.157178 10.291071 19.394029 -1.866803 1.186246 4.434748 0.166646 -0.339842 12.256059 -0.904055 0.864046 -0.000000 -0.000000 0.000000
-2.772964 0.963307 -1.141286 14.851574 0.587855 -2.965147 0.425098 2.533678 1.505031 0.112799 -4.698499 0.668526 0.112377 1.121919 0.679975 0.135183 6.678016 0.513191 1.696905 17.623416 -1.753523 3.719777 -3.217836 -3.805185 -2.494637 8.861340 7.964890 -17.583252 -19.352778 72.996396 17.496519 55.691770 10.008206 2.336129 15.497233 1.041523 1.294511 5.635117 -6.888670 15.727386 -25.125687 -66.350407 -10.289834 33.012371 -5.090775 -1.702390 11.175273 13.256710 -23.457983 3.103915 -7.764906 -9.350112 22.775477 -0.482786 2.149921 -4.012129 -0.066242 -0.339353 -11.607292 10.831964 20.373190 -2.089383 1.036740 4.624585 0.243247 -0.315986 13.046318 -0.770176 0.956863 0.000000 0.000000 0.000000
-2.775483 0.963057 -1.147092 12.926372 0.525533 -2.858774 0.457142 2.492234 1.590656 0.122847 -4.716685 0.706587 0.122384 1.103731 0.719056 0.145632 6.664367 0.542671 1.726265 17.199436 -1.720280 3.780328 -4.004994 -3.771500 -2.539003 8.843371 8.045331 -17.476377 -19.398743 72.946193 18.644393 55.326588 10.814624 2.298343 15.467035 0.346211 1.440779 5.560626 -6.978204 15.436595 -24.664172 -67.267980 -10.848864 35.712557 -5.753394 -1.894869 11.359758 12.458027 -23.897644 4.082156 -8.255559 -8.422663 21.380748 -0.353560 2.416162 -3.370847 -0.141428 -0.467422 -12.366796 11.217972 21.252594 -2.325192 0.920447 4.941778 0.314300 -0.289927 13.773887 -0.608000 1.035067 0.000000 -0.000000 -0.000000
-2.778407 0.962752 -1.153100 11.068371 0.480507 -2.728368 0.479883 2.462586 1.656633 0.129718 -4.729674 0.735931 0.129223 1.090744 0.749100 0.153023 6.654621 0.565337 1.769631 16.805380 -1.651933 3.853946 -4.737596 -3.676958 -2.579977 8.827190 8.117035 -17.321998 -19.426522 72.938122 19.808999 54.969789 11.601425 2.267790 15.417600 -0.386552 1.528869 5.512546 -7.050662 15.145386 -24.261966 -68.145856 -11.863384 38.579750 -6.676410 -2.145409 11.578974 11.647214 -24.172690 4.998513 -8.633810 -7.698635 19.831441 -0.355394 2.690314 -2.588314 0.166557 -0.669273 -13.527530 11.219111 21.918283 -2.620484 0.817741 5.479107 0.434190 -0.264499 14.427847 -0.424979 1.104559 -0.000000 -0.000000 -0.000000
-2.781834 0.962399 -1.159399 9.274493 0.473131 -2.571943 0.493964 2.437155 1.695905 0.134081 -4.740865 0.753407 0.133564 1.079549 0.767017 0.157631 6.646219 0.578850 1.829775 16.452487 -1.539207 3.941069 -5.394945 -3.504467 -2.612602 8.812666 8.179572 -17.095988 -19.421886 72.993468 20.944711 54.596952 12.318720 2.252525 15.329035 -1.196081 1.519678 5.511010 -7.099647 14.937544 -23.920867 -68.996929 -13.496328 41.662333 -7.957428 -2.445369 11.856355 10.815846 -24.204638 5.844187 -8.817624 -7.278192 18.153355 -0.600424 2.891681 -1.479934 1.008664 -1.003212 -15.594236 10.800899 22.238136 -3.017588 0.732885 6.365043 0.638467 -0.237151 15.013670 -0.229493 1.166682 0.000000 0.000000 -0.000000
-2.785666 0.961991 -1.165898 7.547937 0.484815 -2.393788 0.498705 2.421178 1.714709 0.135296 -4.747921 0.761790 0.134772 1.072489 0.775522 0.159182 6.640919 0.585264 1.900535 16.132097 -1.395895 4.034734 -5.993087 -3.277379 -2.641712 8.799159 8.233362 -16.823191 -19.393071 73.089118 22.104373 54.233952 13.018772 2.245956 15.223852 -2.043399 1.450776 5.535599 -7.135146 14.726837 -23.634006 -69.801354 -15.736847 44.895280 -9.646921 -2.817475 12.155670 9.972537 -24.063087 6.648978 -8.871657 -7.035811 16.318254 -0.951361 3.116084 -0.210992 2.228728 -1.341429 -18.099641 10.033114 22.344980 -3.475651 0.670031 7.471084 0.891858 -0.204100 15.525810 -0.012528 1.219820 0.000000 0.000000 0.000000
-2.789705 0.961469 -1.172519 5.930148 0.473717 -2.178378 0.478170 2.433146 1.712482 0.126237 -4.742674 0.760888 0.125748 1.077744 0.773704 0.152276 6.644853 0.583912 1.996974 15.839772 -1.247068 4.172690 -6.538405 -3.048113 -2.672631 8.766832 8.270917 -16.533186 -19.350486 73.202560 23.252218 53.894552 13.728274 2.243480 15.125733 -2.799344 1.358219 5.550814 -7.162662 14.293356 -23.366014 -70.452018 -18.442316 47.867654 -11.643610 -3.256617 12.412493 9.217213 -23.931521 7.416123 -8.940569 -6.832808 14.362353 -1.193177 3.528898 0.672981 3.704058 -1.416489 -19.674166 8.770313 22.522866 -3.915743 0.604972 8.504637 1.142292 -0.168655 15.936910 0.244245 1.265092 0.000000 0.000000 -0.000000
-2.793880 0.960798 -1.179182 4.432038 0.412587 -1.908511 0.425378 2.483992 1.679578 0.104237 -4.720315 0.746418 0.103826 1.100110 0.757002 0.134562 6.661611 0.571353 2.119253 15.579498 -1.093219 4.355279 -7.023299 -2.817581 -2.703546 8.711666 8.287839 -16.222851 -19.292743 73.338474 24.371241 53.566934 14.440085 2.229918 15.029904 -3.433720 1.249370 5.543325 -7.178508 13.494075 -23.072930 -70.894254 -21.605383 50.440158 -13.872714 -3.715412 12.613209 8.442645 -23.898000 8.170839 -9.114022 -6.592230 12.195376 -1.221183 4.253258 0.938937 5.773318 -1.090594 -19.646347 6.506558 22.852389 -4.289092 0.528875 9.386087 1.372651 -0.140059 16.236724 0.540287 1.302833 -0.000000 0.000000 0.000000
-2.798262 0.960012 -1.185965 3.042209 0.330799 -1.598886 0.346662 2.560354 1.623136 0.071812 -4.686741 0.721567 0.071510 1.133685 0.728856 0.108183 6.686767 0.550178 2.265832 15.347262 -0.937310 4.580685 -7.455262 -2.590962 -2.735592 8.636187 8.290281 -15.895368 -19.220404 73.491558 25.477963 53.263215 15.158235 2.207384 14.937502 -3.981033 1.117218 5.527029 -7.185035 12.475481 -22.791343 -71.186780 -25.275611 52.729300 -16.405146 -4.226445 12.770657 7.769371 -23.877539 8.885503 -9.297099 -6.393131 9.915046 -1.137993 5.097437 0.809800 8.132494 -0.601391 -18.654893 3.714991 23.253569 -4.642865 0.444847 10.194957 1.600331 -0.109166 16.435606 0.876224 1.331844 0.000000 0.000000 0.000000
-2.802871 0.959155 -1.193024 1.768773 0.270450 -1.281738 0.246082 2.645263 1.567859 0.029594 -4.649414 0.697381 0.029430 1.171018 0.700384 0.074461 6.714737 0.528780 2.450283 15.124926 -0.807427 4.886143 -7.866191 -2.427100 -2.778036 8.530335 8.287818 -15.589623 -19.149817 73.625112 26.584448 53.031913 15.925373 2.189983 14.877742 -4.409678 0.976765 5.506961 -7.195259 11.452257 -22.605078 -71.388577 -29.317142 54.708396 -19.266488 -4.814059 12.910226 7.661840 -23.793294 9.482380 -9.355945 -6.336496 7.841598 -1.048613 5.782070 0.427810 9.695618 -0.252320 -17.301859 1.658306 23.770203 -5.040773 0.341039 10.877323 1.824324 -0.056135 16.537262 1.271930 1.350836 -0.000000 0.000000 0.000000
-2.807729 0.958214 -1.200466 0.613103 0.253096 -0.957140 0.120373 2.727919 1.512958 -0.023806 -4.613139 0.673558 -0.023806 1.207297 0.671143 0.032319 6.741909 0.506827 2.698377 14.915896 -0.709110 5.322417 -8.248069 -2.346353 -2.837519 8.383170 8.281841 -15.318921 -19.084317 73.731150 27.733934 52.904902 16.795724 2.175192 14.865646 -4.676203 0.836634 5.473146 -7.220464 10.459079 -22.547321 -71.459826 -33.768038 56.415095 -22.535762 -5.437822 13.155625 8.427522 -23.585428 9.912778 -9.226617 -6.529177 6.107929 -0.982358 6.302590 -0.254923 9.873486 -0.128021 -15.660354 0.922357 24.498123 -5.516708 0.189712 11.365740 2.055206 0.033265 16.517082 1.738820 1.352172 0.000000 -0.000000 -0.000000
-2.812814 0.957202 -1.208183 -0.425766 0.255635 -0.626903 -0.027385 2.819083 1.459345 -0.087091 -4.573130 0.650484 -0.086908 1.247297 0.641642 -0.017240 6.771862 0.484703 2.984059 14.715313 -0.639242 5.840115 -8.610572 -2.333708 -2.906421 8.205058 8.273454 -15.069796 -19.023223 73.817889 28.887574 52.847732 17.719161 2.153596 14.881665 -4.826058 0.688358 5.434880 -7.248572 9.459891 -22.569335 -71.425114 -38.563617 57.759864 -26.070270 -5.962224 13.496061 9.787054 -23.304849 10.234431 -8.959941 -6.857471 4.575914 -0.915246 6.751613 -1.200109 9.252537 -0.108689 -13.662947 0.901967 25.344112 -6.033408 0.014807 11.727158 2.281630 0.142677 16.399782 2.265657 1.341700 0.000000 -0.000000 0.000000
-2.818081 0.956191 -1.216007 -1.343062 0.250865 -0.326538 -0.183383 2.936271 1.434539 -0.155574 -4.521541 0.640346 -0.155195 1.298869 0.624547 -0.069759 6.810483 0.471972 3.244332 14.491366 -0.611296 6.328288 -9.014572 -2.392814 -2.972711 8.018578 8.271046 -14.840699 -18.978619 73.873340 29.933987 52.812498 18.579731 2.131780 14.904061 -4.959430 0.520850 5.426229 -7.259008 8.560883 -22.641152 -71.434476 -43.277278 58.560865 -29.433755 -6.282995 13.754772 11.309160 -23.037884 10.531770 -8.593444 -7.088358 3.158412 -0.883518 7.025580 -2.126191 8.494493 -0.106342 -11.732056 1.035020 26.066604 -6.550689 -0.115658 12.109397 2.469588 0.246732 16.263341 2.838286 1.338984 -0.000000 0.000000 -0.000000
-2.823639 0.955187 -1.223895 -2.125224 0.199677 -0.071826 -0.353290 3.105910 1.446398 -0.232293 -4.446666 0.646722 -0.231713 1.373723 0.623132 -0.127293 6.866549 0.471135 3.464404 14.222102 -0.636320 6.765100 -9.500758 -2.540597 -3.034919 7.818547 8.284069 -14.642049 -18.967272 73.898734 30.886092 52.817768 19.387877 2.113187 14.931848 -5.096935 0.317754 5.463970 -7.240088 7.825862 -22.773270 -71.534176 -47.649980 58.790694 -32.302068 -6.374844 13.820929 13.010290 -22.857806 10.870898 -8.089096 -7.099022 1.800673 -0.961719 7.008044 -2.966469 7.731289 -0.106375 -9.974080 1.220230 26.577302 -7.043315 -0.158607 12.534968 2.615335 0.345422 16.153894 3.452421 1.342419 0.000000 -0.000000 0.000000
-2.829379 0.954184 -1.231890 -2.786090 0.137793 0.153841 -0.531574 3.303435 1.485814 -0.314301 -4.359454 0.665571 -0.313548 1.460897 0.633654 -0.187942 6.931836 0.479361 3.660268 13.927219 -0.702950 7.175929 -10.032116 -2.761127 -3.094110 7.610561 8.302840 -14.462944 -18.975047 73.893499 31.734134 52.850550 20.130259 2.093150 14.965254 -5.218142 0.094810 5.531989 -7.205087 7.189412 -22.959925 -71.671029 -51.583942 58.568382 -34.617191 -6.303476 13.800152 14.852274 -22.689045 11.186397 -7.482358 -7.009072 0.560197 -1.097823 6.819677 -3.799164 6.819616 -0.112280 -8.280968 1.552349 26.961245 -7.539265 -0.157053 12.981298 2.722727 0.439572 16.025893 4.112444 1.353298 0.000000 0.000000 0.000000
-2.834924 0.953243 -1.239959 -3.361707 0.149975 0.362726 -0.687116 3.470923 1.556163 -0.387778 -4.285588 0.698143 -0.386902 1.534711 0.658762 -0.241146 6.987084 0.498590 3.815464 13.637213 -0.790345 7.520248 -10.554264 -3.006888 -3.142891 7.433147 8.304418 -14.270017 -18.967756 73.842110 32.327547 52.822494 20.645382 2.070345 14.985928 -5.360966 -0.111331 5.615129 -7.171806 6.564043 -23.156805 -71.850824 -54.843958 57.979784 -36.302517 -6.216824 13.771300 16.302303 -22.396828 11.361303 -6.921956 -6.960560 -0.479837 -1.141114 6.654991 -4.545670 6.004310 -0.105025 -6.757077 1.778890 27.236317 -8.081054 -0.169887 13.529279 2.769392 0.507753 15.820552 4.817380 1.395419 -0.000000 0.000000 -0.000000
-2.840105 0.952356 -1.248118 -3.860542 0.274886 0.563206 -0.807952 3.589822 1.660989 -0.447509 -4.233277 0.745843 -0.446537 1.586974 0.700393 -0.282818 7.026156 0.530256 3.917082 13.350217 -0.903134 7.775406 -11.071422 -3.281306 -3.184802 7.310407 8.270745 -14.009626 -18.938549 73.732124 32.580993 52.661090 20.838324 2.051085 14.982816 -5.562714 -0.299757 5.721656 -7.145775 5.922883 -23.365391 -72.097651 -57.187132 56.960502 -37.147933 -6.204398 13.696641 17.109361 -21.910779 11.350511 -6.494374 -7.051750 -1.294270 -1.001085 6.612652 -5.171278 5.392141 -0.084423 -5.429562 1.790830 27.422119 -8.685997 -0.230867 14.233781 2.738912 0.539390 15.478804 5.564696 1.487689 0.000000 0.000000 -0.000000
-2.845091 0.951531 -1.256352 -4.273270 0.472570 0.744788 -0.904794 3.679752 1.799403 -0.498276 -4.193834 0.808323 -0.497221 1.626378 0.757718 -0.316600 7.055564 0.573754 3.978274 13.067004 -1.037620 7.964552 -11.581885 -3.582199 -3.217683 7.217426 8.216761 -13.736426 -18.894864 73.574669 32.583733 52.443360 20.800218 2.030430 14.966080 -5.785937 -0.472134 5.842868 -7.121825 5.292628 -23.588067 -72.387918 -58.858313 55.635652 -37.355512 -6.257690 13.552960 17.517053 -21.302918 11.193482 -6.114085 -7.202394 -1.910505 -0.773912 6.574132 -5.701685 4.872323 -0.062282 -4.272651 1.708354 27.501110 -9.338126 -0.306073 15.040879 2.647710 0.547062 15.061752 6.358315 1.607861 0.000000 0.000000 0.000000
-2.850013 0.950851 -1.264573 -4.609101 0.710275 0.890778 -0.980163 3.740000 1.969337 -0.541104 -4.167596 0.884653 -0.539985 1.652577 0.829699 -0.343356 7.075041 0.628293 4.020506 12.823009 -1.161528 8.112464 -12.021202 -3.853832 -3.225497 7.119495 8.168324 -13.580260 -18.825105 73.390143 32.442458 52.305956 20.643595 1.989358 14.948967 -5.957049 -0.595182 5.938451 -7.101120 4.667188 -23.780089 -72.661379 -60.396310 54.341357 -37.527069 -6.384224 13.429058 17.731994 -20.653291 10.898192 -5.671954 -7.291295 -2.326069 -0.585220 6.397405 -6.143990 4.364558 -0.045099 -3.313521 1.625649 27.435969 -10.030015 -0.351467 15.868437 2.522678 0.544242 14.691047 7.206479 1.719023 -0.000000 -0.000000 0.000000
-2.854930 0.950289 -1.272897 -4.867065 0.996377 0.986004 -1.027245 3.763734 2.181339 -0.573466 -4.157569 0.979444 -0.572299 1.662572 0.921203 -0.360820 7.082328 0.697531 4.044645 12.635362 -1.270472 8.216944 -12.358188 -4.086117 -3.203290 6.984428 8.119200 -13.630656 -18.699943 73.209518 32.190733 52.308072 20.384739 1.913209 14.930691 -6.044564 -0.651456 5.978297 -7.087321 4.009130 -23.923066 -72.889858 -61.849548 53.068179 -37.776836 -6.590437 13.359611 17.782542 -19.895519 10.403905 -5.090569 -7.290382 -2.454049 -0.497018 5.952235 -6.525604 3.837579 -0.034061 -2.585367 1.574099 27.134758 -10.806217 -0.342738 16.776974 2.377332 0.542528 14.511633 8.109594 1.814272 0.000000 0.000000 0.000000
-2.859782 0.949873 -1.281208 -5.048420 1.321388 1.046036 -1.051861 3.757749 2.425550 -0.597405 -4.160698 1.088357 -0.596190 1.659419 1.027685 -0.370838 7.079720 0.778038 4.048095 12.487097 -1.370657 8.276296 -12.624226 -4.290620 -3.155428 6.845661 8.074549 -13.800339 -18.552948 73.004128 31.789923 52.386760 19.999724 1.813971 14.911270 -6.081100 -0.657485 5.993871 -7.076284 3.357604 -24.031839 -73.108447 -63.182006 51.805184 -38.018798 -6.877062 13.289810 17.637451 -19.102399 9.764378 -4.456343 -7.231318 -2.380009 -0.445826 5.361869 -6.824940 3.320464 -0.026664 -2.055127 1.520361 26.686796 -11.623179 -0.296473 17.706218 2.198007 0.531270 14.380553 9.066175 1.905460 -0.000000 0.000000 0.000000
-2.864521 0.949767 -1.289081 -5.165906 1.625987 1.101016 -1.076212 3.741470 2.668893 -0.621118 -4.168406 1.196871 -0.619851 1.651686 1.133791 -0.380705 7.073657 0.858251 4.046614 12.363205 -1.445900 8.314596 -12.847453 -4.443968 -3.080020 6.767619 8.077610 -13.953628 -18.467235 72.706356 31.232608 52.496353 19.536436 1.711189 14.905440 -6.089660 -0.631079 6.037664 -7.057592 2.821753 -24.107494 -73.354512 -64.749784 50.864477 -38.517322 -7.232059 13.192882 17.415257 -18.557589 9.166415 -3.894411 -7.076273 -2.358770 -0.371069 4.866417 -6.975345 2.824133 -0.021017 -1.650916 1.458643 26.326499 -12.340274 -0.237462 18.393025 1.972125 0.485101 13.984427 10.083345 1.971364 0.000000 0.000000 -0.000000
-2.869193 0.950058 -1.296384 -5.199367 1.890642 1.151395 -1.113645 3.724696 2.909564 -0.650495 -4.176422 1.304301 -0.649167 1.643637 1.238236 -0.394935 7.067332 0.937220 4.047240 12.250213 -1.491477 8.343963 -13.052802 -4.541052 -2.960674 6.792685 8.166337 -14.033311 -18.490628 72.245309 30.542734 52.608695 19.038345 1.618986 14.920448 -6.071991 -0.572904 6.145773 -7.022030 2.448753 -24.158609 -73.665691 -66.714175 50.306116 -39.399232 -7.669119 13.051802 17.163021 -18.403585 8.697192 -3.437427 -6.779392 -2.509814 -0.238088 4.542174 -6.910194 2.355755 -0.016552 -1.367509 1.376625 26.112381 -12.931583 -0.171889 18.915021 1.699949 0.377679 13.204296 11.169074 2.039715 -0.000444 0.034347 -0.076059
-2.873753 0.950660 -1.303250 -5.169071 2.134672 1.197877 -1.151242 3.696786 3.149350 -0.679799 -4.189404 1.411331 -0.678400 1.630622 1.342289 -0.409118 7.057262 1.015879 4.042225 12.161669 -1.512566 8.350471 -13.215417 -4.587119 -2.815295 6.879107 8.302286 -14.096840 -18.574054 71.692941 29.691579 52.748145 18.458458 1.522451 14.949815 -6.026495 -0.483320 6.282959 -6.978981 2.190743 -24.170147 -74.007934 -68.931213 50.035833 -40.577999 -8.176985 12.880188 16.842609 -18.493248 8.277114 -3.040047 -6.385098 -2.711781 -0.082879 4.303403 -6.691934 1.910304 -0.013646 -1.210112 1.286744 25.986471 -13.422223 -0.103572 19.196547 1.382856 0.227864 12.153176 12.319403 2.052120 -0.001590 0.067445 -0.152667
-2.878014 0.951473 -1.309641 -5.148059 2.357299 1.270604 -1.172559 3.646768 3.360430 -0.700143 -4.212070 1.505436 -0.698677 1.607931 1.434331 -0.417452 7.039965 1.085414 4.025020 12.123062 -1.507502 8.318783 -13.288766 -4.573754 -2.694067 6.964535 8.414515 -14.178375 -18.654144 71.195122 28.590486 52.946150 17.706472 1.397948 14.987404 -5.971224 -0.379729 6.394183 -6.945936 2.014213 -24.106278 -74.311150 -71.313944 50.130402 -42.017479 -8.707715 12.705347 16.446863 -18.670590 7.848283 -2.702079 -5.988470 -2.858760 0.046261 4.149321 -6.443684 1.481052 -0.011957 -1.122469 1.220596 26.010494 -13.747643 -0.062302 18.744549 1.007279 0.074438 10.853929 13.518035 1.828074 0.000000 0.000000 0.000000
-2.881870 0.952527 -1.315550 -5.153630 2.565864 1.373255 -1.170407 3.561552 3.540505 -0.708091 -4.250162 1.585527 -0.706568 1.569830 1.513619 -0.417410 7.011164 1.145238 3.990384 12.161602 -1.458101 8.229033 -13.224362 -4.461705 -2.621318 7.032457 8.485313 -14.252955 -18.719018 70.763384 27.138544 53.235296 16.715391 1.250415 15.027406 -5.902710 -0.267085 6.460860 -6.931120 1.885872 -23.938441 -74.554420 -73.968026 50.684734 -43.828731 -9.282589 12.531617 15.992032 -18.949593 7.375159 -2.422465 -5.581681 -2.905783 0.130759 4.100698 -6.190272 1.062236 -0.011637 -1.108697 1.196485 26.360954 -13.852204 -0.091527 17.203037 0.443582 -0.084716 9.142404 15.003359 1.247058 0.013726 -0.275202 0.697892
-2.885428 0.953792 -1.320985 -5.168270 2.753083 1.501984 -1.152469 3.454240 3.691607 -0.707247 -4.297904 1.652592 -0.705673 1.522091 1.580771 -0.411651 6.975183 1.195837 3.941967 12.249597 -1.382706 8.098242 -13.071435 -4.290280 -2.573010 7.098593 8.532847 -14.342742 -18.779878 70.384960 25.415574 53.567556 15.529393 1.074752 15.076319 -5.825033 -0.139585 6.501758 -6.925913 1.838224 -23.690626 -74.759739 -76.916621 51.558328 -46.033741 -9.892038 12.357982 15.468839 -19.314841 6.893797 -2.198426 -5.173383 -2.897172 0.190921 4.135049 -5.904369 0.661488 -0.012278 -1.164685 1.196094 26.860463 -13.789221 -0.149626 14.930615 -0.195802 -0.224343 7.136761 16.476179 0.332016 0.040577 -0.589204 1.647342
-2.888813 0.955076 -1.325934 -5.212656 2.896431 1.675107 -1.124712 3.353603 3.792467 -0.699385 -4.342529 1.697236 -0.697778 1.477473 1.626212 -0.402254 6.941612 1.230021 3.886946 12.330377 -1.334382 7.966939 -12.929894 -4.168595 -2.526342 7.149068 8.539780 -14.552250 -18.810651 70.169740 23.610332 53.854362 14.227985 0.831732 15.144924 -5.768951 0.002160 6.517529 -6.922782 1.937335 -23.405830 -74.920686 -79.925758 52.492473 -48.434305 -10.445324 12.203286 14.819745 -19.566705 6.451041 -2.033069 -4.883522 -2.862696 0.236555 4.190625 -5.631738 0.291395 -0.012754 -1.221843 1.196079 27.040484 -13.660809 -0.137101 12.500740 -0.557035 -0.280909 5.322146 17.111106 -0.770825 0.058480 -0.684370 2.142145
-2.892056 0.956371 -1.330356 -5.297584 2.989858 1.910036 -1.086494 3.264603 3.828860 -0.683555 -4.381811 1.713120 -0.681942 1.438208 1.643706 -0.388987 6.912154 1.243093 3.821959 12.390786 -1.334087 7.838453 -12.822780 -4.136050 -2.465623 7.171258 8.485132 -14.973669 -18.786887 70.227118 21.689942 54.119204 12.728563 0.459463 15.253381 -5.747749 0.171714 6.489970 -6.916405 2.249488 -23.072115 -75.029271 -83.208911 53.496414 -51.217080 -10.945351 12.091281 13.975931 -19.613116 6.049089 -1.941853 -4.792826 -2.796336 0.272357 4.266639 -5.383544 -0.040819 -0.012574 -1.259596 1.186030 26.814820 -13.472192 -0.035690 9.811626 -0.528553 -0.269620 4.005798 16.372522 -1.881130 0.042281 -0.471922 1.685186
-2.895126 0.957685 -1.334293 -5.412439 3.039940 2.189300 -1.038488 3.182481 3.815111 -0.660802 -4.417898 1.706618 -0.659206 1.402150 1.639517 -0.372169 6.885185 1.239781 3.750815 12.444192 -1.361010 7.710244 -12.726838 -4.153412 -2.405902 7.178016 8.389906 -15.514174 -18.731628 70.446281 19.690709 54.326522 11.109619 0.018141 15.379583 -5.754308 0.356067 6.437095 -6.912112 2.707142 -22.698585 -75.087790 -86.633140 54.526885 -54.259522 -11.406352 12.002660 12.993387 -19.544651 5.684958 -1.913718 -4.820713 -2.706742 0.291890 4.364418 -5.148317 -0.342357 -0.012233 -1.298520 1.176354 26.270158 -13.220828 0.132761 6.959615 -0.217901 -0.214179 3.004614 14.772988 -2.908009 0.014460 -0.174588 0.729906
-2.898061 0.958850 -1.337857 -5.545993 3.043094 2.478915 -0.988763 3.121410 3.772888 -0.635983 -4.444600 1.687439 -0.634422 1.375476 1.622857 -0.354766 6.865291 1.227071 3.692226 12.474081 -1.405422 7.614990 -12.672143 -4.211233 -2.370628 7.193623 8.299576 -16.001749 -18.692588 70.608417 17.946512 54.324929 9.738439 -0.347285 15.470361 -5.785476 0.514335 6.413535 -6.918381 3.178108 -22.360966 -75.108976 -89.252021 55.349271 -56.718494 -11.737874 11.892286 11.986838 -19.436464 5.397247 -1.914610 -4.844535 -2.645873 0.288139 4.426789 -4.939043 -0.622995 -0.012065 -1.331752 1.174925 25.199662 -12.999062 0.404327 4.812028 0.421845 -0.107478 2.069873 13.107775 -3.818684 0.000000 -0.000000 -0.000000
-2.900845 0.959820 -1.341023 -5.700464 2.984862 2.787933 -0.939135 3.092685 3.694845 -0.609619 -4.456915 1.652324 -0.608113 1.363187 1.590417 -0.337429 6.856226 1.202481 3.654408 12.469099 -1.471835 7.570932 -12.678822 -4.322320 -2.378321 7.231576 8.227547 -16.377245 -18.694514 70.648648 16.584485 54.040773 8.778650 -0.587274 15.502382 -5.858473 0.627493 6.446844 -6.940244 3.638081 -22.089280 -75.075640 -90.548840 55.895393 -58.137641 -11.873590 11.735175 10.928824 -19.296207 5.215238 -1.951369 -4.833462 -2.644881 0.247346 4.428005 -4.759887 -0.881033 -0.012163 -1.353162 1.187959 23.416477 -12.822402 0.800177 3.730351 1.470976 0.043031 1.039840 11.608542 -4.669579 -0.002452 0.027355 -0.164887
-2.903494 0.960641 -1.343816 -5.874445 2.880110 3.107679 -0.887938 3.084894 3.588398 -0.581257 -4.459901 1.604558 -0.579821 1.360231 1.545531 -0.319554 6.854196 1.168513 3.629660 12.440848 -1.555525 7.560637 -12.726287 -4.473540 -2.410635 7.277803 8.160169 -16.699827 -18.713159 70.632436 15.515323 53.578689 8.113454 -0.748257 15.499068 -5.950753 0.714281 6.508869 -6.972585 4.114345 -21.855923 -75.008617 -90.878070 56.345627 -58.826649 -11.849947 11.571615 9.834794 -19.116983 5.110467 -2.017289 -4.817563 -2.672364 0.183446 4.394967 -4.607358 -1.118593 -0.012430 -1.368878 1.209242 21.109555 -12.663762 1.286727 3.351889 2.868814 0.187266 0.050661 10.060416 -5.423410 -0.001293 0.011019 -0.082887
-2.906087 0.961289 -1.346423 -6.050901 2.768666 3.377476 -0.838215 3.078078 3.497315 -0.554357 -4.462489 1.563647 -0.552989 1.357673 1.507354 -0.302275 6.852440 1.139616 3.612689 12.407259 -1.632822 7.562959 -12.783539 -4.616309 -2.436052 7.315105 8.102366 -16.975163 -18.726018 70.537914 14.753381 53.071341 7.700488 -0.829457 15.479778 -5.994427 0.790293 6.570714 -7.008615 4.553349 -21.649550 -74.982163 -90.508664 56.892139 -59.011404 -11.720087 11.451994 8.883376 -18.952875 5.033693 -2.056911 -4.765654 -2.685275 0.131858 4.349599 -4.483213 -1.351231 -0.012915 -1.390421 1.228008 18.634751 -12.549011 1.826780 3.457172 4.452362 0.287209 -0.765936 8.606307 -6.057249 -0.000000 0.000000 0.000000
-2.908691 0.961726 -1.348938 -6.228863 2.659375 3.577515 -0.787808 3.070992 3.433124 -0.528548 -4.465227 1.534711 -0.527245 1.354960 1.481037 -0.284929 6.850531 1.119678 3.605473 12.364892 -1.698556 7.579839 -12.857199 -4.741938 -2.444063 7.332977 8.056850 -17.202139 -18.719058 70.342920 14.355721 52.518806 7.579630 -0.806037 15.442844 -5.939618 0.855302 6.621727 -7.046261 4.921624 -21.464987 -75.023939 -89.295236 57.587365 -58.551535 -11.469949 11.375510 8.141238 -18.836101 4.968809 -2.051963 -4.646319 -2.665326 0.103965 4.298585 -4.395235 -1.589663 -0.013766 -1.423424 1.242785 16.011141 -12.517119 2.448351 4.095585 6.259059 0.344690 -1.383158 7.255469 -6.662084 0.001745 0.245678 0.017496
-2.911238 0.961990 -1.351268 -6.409021 2.542890 3.727670 -0.739004 3.064806 3.384299 -0.504256 -4.467599 1.512633 -0.503016 1.352609 1.461426 -0.268219 6.848871 1.104809 3.606013 12.317223 -1.757836 7.609294 -12.940581 -4.859018 -2.445096 7.341999 8.021002 -17.381337 -18.707012 70.069277 14.242394 51.928218 7.692678 -0.704855 15.391711 -5.833018 0.909610 6.672433 -7.087716 5.253133 -21.306735 -75.107701 -87.298778 58.363360 -57.502088 -11.104337 11.343035 7.549717 -18.735112 4.931150 -2.020540 -4.491374 -2.630271 0.088686 4.235737 -4.335693 -1.823184 -0.014850 -1.462260 1.255039 13.216909 -12.509695 3.132337 5.214164 8.251711 0.372151 -1.855566 6.025199 -7.213983 0.003493 0.491837 0.025880
-2.913605 0.962166 -1.353324 -6.576287 2.431263 3.826490 -0.701507 3.043206 3.360018 -0.486159 -4.476916 1.501569 -0.484960 1.343309 1.452201 -0.255349 6.841960 1.097783 3.602797 12.292493 -1.802541 7.623730 -12.982937 -4.944873 -2.439018 7.356731 7.991904 -17.520763 -18.710746 69.760947 14.223037 51.437497 7.846381 -0.603216 15.353866 -5.753537 0.969652 6.725901 -7.132446 5.594587 -21.176511 -75.225755 -85.142596 59.235018 -56.420832 -10.720545 11.397119 7.097952 -18.608105 4.917979 -1.961777 -4.364817 -2.591463 0.087714 4.163276 -4.282937 -2.035096 -0.015779 -1.501561 1.258403 10.548531 -12.419201 3.773956 6.442188 10.148216 0.373975 -2.179697 5.086430 -7.556882 -0.000000 -0.000000 0.000000
-2.915762 0.962250 -1.355046 -6.728328 2.328427 3.862037 -0.675566 2.998520 3.369809 -0.474801 -4.496589 1.505764 -0.473617 1.323647 1.457550 -0.246405 6.827229 1.101757 3.588407 12.301177 -1.827805 7.606124 -12.965869 -4.986224 -2.422912 7.388209 7.972181 -17.612405 -18.730128 69.399925 14.302024 51.109260 8.030737 -0.512937 15.342358 -5.714897 1.039518 6.794448 -7.183653 5.979969 -21.097404 -75.391216 -83.073814 60.263875 -55.551379 -10.330389 11.585882 6.829696 -18.436456 4.933429 -1.867846 -4.281919 -2.551222 0.106610 4.075044 -4.233573 -2.219792 -0.016368 -1.538946 1.248451 7.862984 -12.219158 4.400039 7.940784 11.938955 0.347799 -2.309863 4.611718 -7.593187 -0.006668 -1.824081 -0.045155
-2.917739 0.962246 -1.356494 -6.867150 2.229938 3.846137 -0.661170 2.938451 3.404161 -0.469733 -4.523192 1.520983 -0.468543 1.297047 1.473283 -0.241370 6.807255 1.113568 3.569979 12.332781 -1.838690 7.573021 -12.907833 -4.996574 -2.399772 7.425441 7.959282 -17.663255 -18.764940 69.004189 14.475212 50.878860 8.253455 -0.420910 15.343603 -5.703907 1.115202 6.865791 -7.237941 6.375884 -21.045557 -75.591115 -80.808184 61.396973 -54.604873 -9.924772 11.846113 6.709414 -18.238993 4.972940 -1.746343 -4.227386 -2.507815 0.139664 3.977209 -4.191081 -2.382855 -0.016763 -1.576796 1.229610 5.308602 -11.936788 4.974502 9.555720 13.630428 0.323675 -2.298019 4.453073 -7.479965 -0.004760 -4.387032 -0.080596
-2.919505 0.962259 -1.357765 -6.984234 2.135384 3.812872 -0.667544 2.869736 3.443652 -0.474098 -4.553789 1.538628 -0.472872 1.266447 1.490486 -0.243267 6.784256 1.126501 3.557795 12.384092 -1.841981 7.547052 -12.813419 -4.993370 -2.378258 7.449908 7.942469 -17.703817 -18.836002 68.671711 14.552567 50.694836 8.358394 -0.365458 15.345654 -5.760277 1.201067 6.906136 -7.284764 6.727279 -20.952829 -75.777413 -78.210939 62.493038 -53.383700 -9.574908 12.058092 6.596413 -18.029952 5.020906 -1.619584 -4.219245 -2.466894 0.171409 3.890211 -4.144008 -2.524352 -0.017058 -1.616885 1.208801 3.619249 -11.583385 5.300236 10.447368 14.963996 0.353992 -2.287182 4.297748 -7.427646 0.004266 -6.645958 -0.096147
-2.921019 0.962315 -1.358848 -7.088794 2.040286 3.760295 -0.697272 2.792582 3.490247 -0.489144 -4.588310 1.559583 -0.487846 1.231914 1.509916 -0.252968 6.758277 1.141127 3.556328 12.462345 -1.836518 7.535685 -12.668978 -4.975655 -2.354613 7.453873 7.912345 -17.743144 -18.955237 68.425438 14.462387 50.595275 8.285871 -0.361183 15.349237 -5.903497 1.311675 6.892946 -7.323020 7.003001 -20.785533 -75.949368 -75.182083 63.524410 -51.798125 -9.310046 12.181248 6.456929 -17.770251 5.083762 -1.486337 -4.298646 -2.433582 0.200971 3.824356 -4.083942 -2.641309 -0.017273 -1.662070 1.186193 3.185142 -11.192081 5.284040 10.171706 15.916367 0.500518 -2.350925 4.030643 -7.521845 0.009556 -8.347226 -0.107267
-2.922321 0.962387 -1.359754 -7.171535 1.949062 3.690249 -0.747926 2.706889 3.541933 -0.513679 -4.626795 1.582921 -0.512275 1.193407 1.530763 -0.269641 6.729287 1.156827 3.560940 12.560375 -1.823589 7.531286 -12.488029 -4.944625 -2.332372 7.445001 7.878394 -17.771988 -19.110494 68.242722 14.281237 50.543363 8.098477 -0.392323 15.353906 -6.114465 1.432664 6.848756 -7.353470 7.234038 -20.578237 -76.107336 -71.757211 64.487407 -49.877500 -9.103623 12.258428 6.316018 -17.498841 5.154508 -1.347465 -4.424364 -2.403054 0.229026 3.769298 -4.019111 -2.736673 -0.017388 -1.709496 1.161619 3.608527 -10.755532 5.042197 9.186617 16.517825 0.732907 -2.419941 3.762608 -7.674854 0.010746 -9.744467 -0.116665
-2.923500 0.962496 -1.360608 -7.196382 1.874945 3.642369 -0.820840 2.618751 3.573216 -0.547039 -4.666542 1.597273 -0.545497 1.153627 1.541727 -0.293642 6.699341 1.165073 3.568494 12.653339 -1.813428 7.534097 -12.316002 -4.920544 -2.331227 7.427834 7.857965 -17.794657 -19.286513 68.153477 14.042071 50.376790 7.824254 -0.450826 15.346426 -6.374882 1.524776 6.807239 -7.368795 7.457793 -20.365936 -76.204618 -68.051043 65.267975 -47.656235 -8.942976 12.305711 6.115130 -17.347161 5.198321 -1.229406 -4.490889 -2.365754 0.242524 3.714510 -3.962956 -2.819400 -0.017458 -1.752359 1.141495 4.438070 -10.237108 4.698058 8.000622 16.587732 0.966393 -2.426634 3.517247 -7.825175 0.009636 -10.555152 -0.104316
-2.924586 0.962665 -1.361429 -7.147130 1.820835 3.634546 -0.926713 2.528811 3.569716 -0.593273 -4.707327 1.596276 -0.591544 1.112796 1.536039 -0.328504 6.668615 1.160763 3.584465 12.737841 -1.803953 7.553857 -12.158947 -4.901928 -2.366781 7.394819 7.863125 -17.802654 -19.490119 68.182131 13.702411 50.064223 7.417174 -0.539501 15.326356 -6.674044 1.570245 6.773726 -7.362427 7.713345 -20.149596 -76.217600 -64.085105 65.786475 -45.156923 -8.834425 12.330512 5.822787 -17.393489 5.199183 -1.145282 -4.440212 -2.308382 0.228324 3.662199 -3.922419 -2.887531 -0.017543 -1.792109 1.127755 5.765452 -9.577707 4.230924 6.640689 15.906160 1.209604 -2.329214 3.280790 -7.972000 0.006171 -10.495333 -0.063259
-2.925549 0.962871 -1.362197 -7.040111 1.783907 3.648685 -1.054519 2.436216 3.545682 -0.648206 -4.749435 1.586200 -0.646253 1.070629 1.520386 -0.370605 6.636893 1.148936 3.603584 12.817243 -1.797096 7.581069 -12.010887 -4.889988 -2.423771 7.353639 7.881529 -17.807306 -19.713492 68.305665 13.312781 49.636574 6.927658 -0.652077 15.294800 -7.023130 1.586418 6.742812 -7.341514 7.961497 -19.928843 -76.170348 -59.944400 66.096466 -42.471884 -8.768391 12.332086 5.467087 -17.559609 5.173746 -1.082791 -4.330409 -2.243811 0.199763 3.610286 -3.890502 -2.943001 -0.017600 -1.827297 1.118466 7.489105 -8.819437 3.684360 5.074563 14.690476 1.472880 -2.167071 3.070254 -8.120950 0.001251 -9.849138 -0.013855
-2.926385 0.963056 -1.362977 -6.888125 1.768892 3.670430 -1.172891 2.344722 3.518519 -0.698796 -4.790967 1.574622 -0.696623 1.029036 1.503672 -0.409535 6.605617 1.136292 3.606763 12.876753 -1.808956 7.587259 -11.899373 -4.908750 -2.475606 7.331595 7.893732 -17.842741 -19.919652 68.482081 13.042822 49.025445 6.527071 -0.765552 15.241340 -7.436148 1.586634 6.731952 -7.319750 8.122358 -19.736478 -76.088517 -55.865032 66.300179 -39.766770 -8.707948 12.314697 5.080989 -17.742324 5.136687 -1.030738 -4.230029 -2.201740 0.183504 3.541833 -3.859812 -3.000621 -0.017539 -1.846769 1.114249 8.877271 -8.094884 3.252641 3.717970 13.408635 1.658657 -1.995041 2.955831 -8.220598 -0.001383 -9.185549 0.017211
-2.927114 0.963213 -1.363742 -6.695276 1.776210 3.694347 -1.275430 2.253287 3.492855 -0.742426 -4.832343 1.563586 -0.740051 0.987603 1.488206 -0.443171 6.574476 1.124576 3.589205 12.911691 -1.846428 7.566451 -11.832868 -4.969707 -2.515914 7.337744 7.895787 -17.953571 -20.107036 68.718807 12.943161 48.179970 6.257127 -0.881244 15.160001 -7.940147 1.569179 6.755510 -7.299165 8.141415 -19.580943 -75.967035 -51.800219 66.398446 -36.989609 -8.649102 12.263421 4.648400 -17.924047 5.098739 -0.986652 -4.152388 -2.195010 0.189253 3.458142 -3.827358 -3.065472 -0.017228 -1.842858 1.115198 9.696112 -7.398122 2.999802 2.709727 12.071014 1.703167 -1.839119 2.987127 -8.226014 0.000052 -8.638568 -0.000161
-2.927715 0.963350 -1.364520 -6.457428 1.805336 3.726060 -1.368548 2.163021 3.463946 -0.781723 -4.873111 1.551019 -0.779157 0.946783 1.471652 -0.473652 6.543811 1.112031 3.555807 12.926765 -1.902564 7.524715 -11.802859 -5.061275 -2.550931 7.362968 7.891667 -18.095872 -20.277041 69.007944 12.959610 47.151965 6.070262 -0.989899 15.059224 -8.507397 1.535866 6.799112 -7.277941 8.073878 -19.453357 -75.812810 -47.868427 66.392790 -34.268730 -8.596075 12.195146 4.183137 -18.122292 5.049111 -0.952810 -4.084042 -2.210964 0.207128 3.357947 -3.796172 -3.132517 -0.016797 -1.823230 1.121215 10.187101 -6.749792 2.843247 1.914434 10.663174 1.663509 -1.675328 3.113451 -8.179933 0.002739 -8.073994 -0.038471
-2.928122 0.963438 -1.365458 -6.174984 1.859581 3.767930 -1.440208 2.080992 3.435094 -0.811545 -4.910046 1.538357 -0.808820 0.909806 1.455963 -0.496996 6.516052 1.100131 3.501958 12.921327 -1.972725 7.451521 -11.811309 -5.172883 -2.572773 7.407164 7.873960 -18.168829 -20.398702 69.283002 13.094340 46.027483 5.996553 -1.057025 14.950457 -9.068853 1.505494 6.836966 -7.263776 8.004267 -19.360867 -75.669170 -44.459259 66.425510 -31.939782 -8.528419 12.157235 3.765161 -18.286543 4.970137 -0.925270 -4.053336 -2.241295 0.234308 3.220453 -3.767980 -3.201450 -0.016551 -1.799731 1.132628 10.340487 -6.338267 2.732745 1.338293 9.616042 1.614026 -1.484289 3.253286 -8.162925 0.002981 -7.658063 -0.044544
-2.928295 0.963450 -1.366638 -5.846890 1.937455 3.821127 -1.486110 2.013764 3.407636 -0.830097 -4.940210 1.526199 -0.827260 0.879614 1.441922 -0.511818 6.493403 1.089473 3.422689 12.889684 -2.057342 7.338139 -11.869148 -5.303832 -2.579784 7.474916 7.836825 -18.131077 -20.456528 69.526110 13.370715 44.735050 6.058691 -1.070743 14.828179 -9.640007 1.484415 6.857570 -7.261470 7.948683 -19.316340 -75.546696 -41.664656 66.612627 -30.079107 -8.437938 12.164951 3.414729 -18.381351 4.863536 -0.902224 -4.089483 -2.297563 0.270485 3.038017 -3.732423 -3.269950 -0.016854 -1.791689 1.147468 10.095686 -6.252470 2.659515 0.995587 9.121480 1.555618 -1.184675 3.384209 -8.214159 -0.000983 -7.461183 0.015424
-2.928273 0.963413 -1.367979 -5.474082 2.040166 3.885032 -1.510602 1.954882 3.380089 -0.839192 -4.966504 1.513911 -0.836283 0.853306 1.428711 -0.519525 6.473687 1.079442 3.322801 12.837898 -2.156040 7.193024 -11.964822 -5.454795 -2.573621 7.561877 7.786646 -18.021823 -20.468657 69.754056 13.750610 43.345536 6.214585 -1.044756 14.701184 -10.204379 1.466302 6.872434 -7.266054 7.890800 -19.307511 -75.434430 -39.328111 66.891189 -28.539638 -8.337243 12.198687 3.112494 -18.442215 4.727549 -0.886197 -4.163325 -2.368404 0.315714 2.818373 -3.699934 -3.340601 -0.017354 -1.779776 1.167704 9.516448 -6.406520 2.625950 0.869906 8.987024 1.475023 -0.857322 3.528649 -8.295480 -0.006924 -7.412916 0.107661
-2.928104 0.963377 -1.369386 -5.059908 2.175028 3.959497 -1.514612 1.891913 3.351426 -0.839094 -4.994457 1.501029 -0.836142 0.825355 1.415841 -0.520332 6.452760 1.069652 3.212266 12.783036 -2.262973 7.031330 -12.066427 -5.617248 -2.551350 7.654543 7.734398 -17.860540 -20.455310 69.952040 14.147758 42.158222 6.405083 -0.996002 14.598866 -10.646713 1.450916 6.890230 -7.270453 7.866287 -19.304444 -75.342803 -37.442911 67.153376 -27.295008 -8.238274 12.249992 2.880343 -18.525072 4.539321 -0.879879 -4.215664 -2.411136 0.367945 2.563860 -3.703442 -3.420374 -0.017246 -1.717864 1.199572 8.778743 -6.724761 2.599688 0.917671 9.069029 1.422900 -0.725391 3.672546 -8.373811 -0.012020 -7.467959 0.184351
-2.927777 0.963377 -1.370879 -4.601123 2.355464 4.051173 -1.497050 1.817341 3.318939 -0.829135 -5.027405 1.486328 -0.826167 0.792423 1.402153 -0.513817 6.428123 1.059218 3.090271 12.723854 -2.376693 6.851069 -12.176470 -5.788244 -2.506667 7.755243 7.679391 -17.636617 -20.410890 70.112589 14.556016 41.233784 6.629107 -0.932547 14.519919 -10.928579 1.433475 6.918889 -7.273038 7.890761 -19.305891 -75.281788 -36.064074 67.412229 -26.383822 -8.138273 12.327774 2.736965 -18.651812 4.270760 -0.890714 -4.222007 -2.401964 0.432247 2.272247 -3.760989 -3.512846 -0.015869 -1.574815 1.244256 7.857105 -7.190995 2.578132 1.279008 9.315283 1.429446 -0.932224 3.835712 -8.477043 -0.017509 -7.630752 0.262919
-2.927303 0.963378 -1.372438 -4.100654 2.567575 4.154610 -1.459037 1.738895 3.284745 -0.809982 -5.061932 1.470782 -0.807035 0.757922 1.388550 -0.500428 6.402327 1.048834 2.957426 12.662133 -2.498697 6.653878 -12.291500 -5.970721 -2.445916 7.861934 7.622817 -17.359972 -20.342303 70.243177 14.985410 40.511122 6.892584 -0.857576 14.461490 -11.091339 1.418801 6.950477 -7.275192 7.948678 -19.313222 -75.241691 -35.161968 67.675676 -25.791738 -8.041763 12.418999 2.663771 -18.800593 3.950174 -0.911879 -4.206820 -2.364951 0.504085 1.946026 -3.854559 -3.614377 -0.013619 -1.381782 1.300623 6.776939 -7.822852 2.573160 1.813836 9.778715 1.467289 -1.335241 3.997163 -8.579402 -0.022541 -7.896412 0.327942
-2.926774 0.963327 -1.373913 -3.571256 2.777938 4.251173 -1.404803 1.666906 3.255113 -0.783898 -5.093488 1.457240 -0.781009 0.726403 1.377658 -0.481673 6.378776 1.040502 2.825884 12.619454 -2.627379 6.460335 -12.370698 -6.164743 -2.385037 7.954234 7.578054 -17.081805 -20.287187 70.351317 15.382900 40.106864 7.163293 -0.785030 14.446985 -11.140153 1.421059 6.969770 -7.274565 8.028968 -19.300604 -75.202928 -34.641612 67.821260 -25.455164 -7.970760 12.482814 2.625804 -18.961810 3.639226 -0.924079 -4.184300 -2.329043 0.567047 1.594584 -3.962929 -3.720935 -0.011256 -1.186068 1.371407 5.790766 -8.593945 2.567907 2.057694 10.473721 1.496558 -1.727785 4.083148 -8.566383 -0.020269 -8.206627 0.282544
-2.926271 0.963173 -1.375286 -2.993877 2.983028 4.336769 -1.339416 1.600298 3.230286 -0.753131 -5.122588 1.445823 -0.750319 0.697345 1.369365 -0.459227 6.357074 1.034134 2.689775 12.599423 -2.762967 6.259094 -12.407817 -6.368043 -2.342010 8.008401 7.552449 -16.832556 -20.238605 70.440771 15.759002 40.140175 7.458293 -0.717933 14.499110 -11.043781 1.452696 6.960260 -7.267364 8.124340 -19.251706 -75.148743 -34.553555 67.801683 -25.423336 -7.941803 12.500022 2.602433 -19.141572 3.347872 -0.912567 -4.147364 -2.297165 0.611995 1.196195 -4.090761 -3.842881 -0.009030 -1.005269 1.535398 5.002507 -9.530843 2.550057 1.727480 11.450646 1.486464 -2.015089 4.041218 -8.306473 0.000376 -8.540890 -0.006565
-2.925713 0.962967 -1.376575 -2.387648 3.186459 4.415796 -1.257835 1.540071 3.209838 -0.715427 -5.148758 1.436327 -0.712727 0.671223 1.363693 -0.431414 6.337580 1.029746 2.554801 12.599057 -2.904712 6.060935 -12.408014 -6.581891 -2.298803 8.047795 7.538073 -16.582216 -20.202548 70.507605 16.111446 40.490907 7.777051 -0.647967 14.591249 -10.831891 1.501161 6.938257 -7.258194 8.241945 -19.183447 -75.094760 -34.867973 67.665408 -25.674980 -7.939904 12.489246 2.611898 -19.333959 3.066006 -0.892002 -4.103069 -2.266245 0.648092 0.772653 -4.233276 -3.969725 -0.006487 -0.821797 1.713771 4.309381 -10.605773 2.525716 1.100762 12.658576 1.439764 -2.289254 3.931005 -7.926392 0.031362 -8.926580 -0.402271
-2.924945 0.962802 -1.377680 -1.822939 3.366059 4.481118 -1.149089 1.499389 3.199593 -0.666288 -5.166073 1.431348 -0.663766 0.653969 1.363706 -0.394666 6.324749 1.029665 2.450503 12.629879 -3.049300 5.919537 -12.347819 -6.811235 -2.217178 8.122554 7.525821 -16.291379 -20.235497 70.545257 16.366639 40.916901 8.061511 -0.573383 14.674291 -10.601359 1.543180 6.937953 -7.256831 8.392340 -19.119384 -75.070088 -35.368749 67.430455 -26.041327 -7.940106 12.467117 2.677364 -19.511264 2.825263 -0.886557 -4.086855 -2.256045 0.685753 0.398294 -4.354901 -4.066274 -0.003698 -0.630117 1.672791 3.653638 -11.709826 2.500472 0.555911 13.960362 1.372530 -2.624670 3.842066 -7.699942 0.048931 -9.370808 -0.597012
-2.923884 0.962700 -1.378582 -1.313456 3.508030 4.524951 -1.009369 1.489342 3.208967 -0.604543 -5.169585 1.435073 -0.602271 0.650527 1.373702 -0.347792 6.322282 1.037140 2.390430 12.691527 -3.206245 5.864322 -12.225859 -7.079469 -2.071710 8.258937 7.518079 -15.966237 -20.379275 70.524223 16.530684 41.375537 8.339312 -0.486022 14.732748 -10.378766 1.562705 6.986093 -7.266779 8.604919 -19.079981 -75.099578 -36.026792 67.058283 -26.491896 -7.929045 12.437565 2.842982 -19.678606 2.651068 -0.906005 -4.107553 -2.286916 0.734126 0.099088 -4.443140 -4.119125 -0.001117 -0.402263 1.199470 2.984300 -12.852425 2.489287 0.221177 15.436462 1.284643 -3.109504 3.757559 -7.806105 0.032662 -9.922460 -0.379065
-2.922614 0.962640 -1.379300 -0.845777 3.626784 4.553887 -0.842379 1.498305 3.229251 -0.531322 -5.164463 1.443585 -0.529348 0.655721 1.389644 -0.291913 6.326304 1.049105 2.360728 12.784906 -3.365236 5.864547 -12.042193 -7.361061 -1.887557 8.430584 7.514192 -15.599866 -20.590411 70.466519 16.599818 41.908481 8.588882 -0.391823 14.782634 -10.138554 1.575842 7.056334 -7.283125 8.850135 -19.042890 -75.159514 -36.855234 66.582971 -27.048046 -7.924809 12.396518 3.063712 -19.830749 2.518320 -0.939784 -4.156460 -2.338338 0.783574 -0.151296 -4.510215 -4.141800 0.000035 -0.166131 0.506799 2.350931 -14.023450 2.477658 -0.029373 17.006814 1.185387 -3.659464 3.684700 -8.063369 -0.004406 -10.520044 0.043990
-2.921230 0.962652 -1.379788 -0.449599 3.742538 4.581871 -0.648484 1.505661 3.238998 -0.445610 -5.159848 1.447300 -0.443979 0.660410 1.402060 -0.226963 6.329990 1.058397 2.350322 12.922502 -3.492847 5.884409 -11.777369 -7.587080 -1.702371 8.609068 7.500795 -15.132495 -20.800425 70.442259 16.474381 42.400957 8.669027 -0.316109 14.823709 -9.899819 1.607589 7.103414 -7.303258 9.049985 -18.967914 -75.205110 -37.712332 66.134694 -27.624082 -7.946147 12.348695 3.229771 -19.924366 2.382893 -0.981787 -4.242607 -2.368625 0.816370 -0.357157 -4.557573 -4.139476 -0.000000 -0.000000 -0.000000 1.847478 -15.085172 2.427284 -0.190062 18.295078 1.133595 -4.089611 3.748097 -8.215343 -0.032855 -11.006063 0.341497
-2.919734 0.962782 -1.380044 -0.146428 3.860520 4.614492 -0.415411 1.506921 3.233020 -0.341674 -5.157662 1.443874 -0.340459 0.662671 1.409191 -0.148800 6.331911 1.063682 2.355719 13.100455 -3.575901 5.912042 -11.440122 -7.731206 -1.518605 8.798773 7.470980 -14.515056 -20.989322 70.465904 16.074884 42.783558 8.497799 -0.263135 14.852535 -9.674408 1.672142 7.103402 -7.330880 9.124956 -18.833826 -75.215319 -38.507496 65.725169 -28.143221 -8.002217 12.286843 3.298591 -19.906495 2.213646 -1.030750 -4.402801 -2.336133 0.820732 -0.513909 -4.584231 -4.110381 0.000034 0.046681 -0.123907 1.531833 -15.998041 2.301766 -0.268286 19.197397 1.184517 -4.336603 4.066265 -8.156855 -0.035675 -11.496596 0.360334
-2.918123 0.962984 -1.380069 0.085213 3.975616 4.645657 -0.155536 1.507001 3.216253 -0.225288 -5.155831 1.435543 -0.224539 0.664561 1.412676 -0.061614 6.333589 1.066197 2.381617 13.321217 -3.625814 5.960849 -11.024556 -7.816736 -1.333787 8.995750 7.432146 -13.794911 -21.182966 70.519509 15.467734 43.121318 8.157915 -0.228468 14.873305 -9.448697 1.755073 7.080408 -7.363899 9.154381 -18.662819 -75.208189 -39.336457 65.342988 -28.684694 -8.079344 12.218238 3.312539 -19.830046 2.041658 -1.088690 -4.600016 -2.282021 0.808572 -0.626172 -4.591148 -4.056068 0.000043 0.023339 -0.061954 1.349517 -16.801480 2.131348 -0.250487 19.818045 1.299935 -4.460698 4.524531 -8.000160 -0.024480 -11.882151 0.243755
-2.916485 0.963151 -1.379819 0.280176 4.092357 4.672082 0.093675 1.499832 3.182049 -0.112747 -5.157341 1.419468 -0.112443 0.663082 1.408021 0.022098 6.332745 1.062562 2.430033 13.605859 -3.645536 6.034371 -10.491152 -7.848728 -1.178321 9.158994 7.390566 -13.057729 -21.384800 70.629808 14.766024 43.502662 7.748704 -0.224841 14.896897 -9.201475 1.838544 7.060846 -7.391383 9.298580 -18.481537 -75.196697 -40.349758 65.083891 -29.405735 -8.158427 12.169221 3.289981 -19.810552 1.915978 -1.153765 -4.732589 -2.289019 0.798023 -0.712014 -4.582718 -3.986691 0.000000 -0.000000 -0.000000 1.225883 -17.476612 1.977003 -0.099370 20.092724 1.402394 -4.460690 4.902014 -7.818533 -0.009920 -11.673635 0.099894
-2.914851 0.963266 -1.379254 0.443976 4.212626 4.696692 0.323397 1.477930 3.123906 -0.007615 -5.165607 1.392816 -0.007726 0.654826 1.392040 0.099437 6.326817 1.050384 2.518964 13.991547 -3.630903 6.161625 -9.769872 -7.823138 -1.068671 9.263563 7.343779 -12.311140 -21.589047 70.822720 13.923221 43.967990 7.244810 -0.267270 14.923947 -8.917040 1.918659 7.051897 -7.405719 9.653483 -18.293711 -75.189246 -41.751752 65.026107 -30.494891 -8.241257 12.157682 3.202867 -19.907868 1.872693 -1.229785 -4.747334 -2.424398 0.798206 -0.771301 -4.541011 -3.903233 -0.000000 -0.000000 0.000000 1.148883 -17.997842 1.849093 0.218285 19.953323 1.476330 -4.300665 5.095226 -7.612004 0.003952 -10.594495 -0.051763
-2.913190 0.963346 -1.378413 0.571064 4.334623 4.716367 0.542365 1.449049 3.048254 0.093616 -5.177139 1.358430 0.093101 0.643288 1.367934 0.173248 6.318423 1.032082 2.633028 14.439647 -3.583585 6.317758 -8.933608 -7.739762 -0.988588 9.334308 7.292261 -11.549353 -21.806988 71.076284 12.976172 44.472978 6.667223 -0.337761 14.954133 -8.607041 1.999461 7.045805 -7.414106 10.123358 -18.097701 -75.176851 -43.362241 65.080344 -31.787414 -8.324482 12.165450 3.079766 -20.062224 1.875495 -1.311540 -4.697962 -2.621350 0.799945 -0.804056 -4.484088 -3.804766 0.000000 0.000000 0.000000 1.128998 -18.390641 1.737198 0.665138 19.467001 1.533196 -4.019755 5.203460 -7.374780 0.012981 -8.919197 -0.209507
-2.911489 0.963331 -1.377375 0.679661 4.457363 4.718931 0.739443 1.429758 2.968056 0.185260 -5.184632 1.322078 0.184375 0.635771 1.340884 0.239663 6.313018 1.011573 2.723128 14.858083 -3.517643 6.424930 -8.156103 -7.614552 -0.919347 9.404501 7.246145 -10.838508 -22.064328 71.346662 12.170299 44.987905 6.180390 -0.400476 14.995957 -8.292548 2.075155 7.046527 -7.427081 10.581383 -17.912049 -75.148542 -44.737277 65.100589 -32.891879 -8.383516 12.165563 3.024218 -20.209668 1.864917 -1.383109 -4.642976 -2.761584 0.794203 -0.828812 -4.470281 -3.698587 0.000000 0.000000 -0.000000 1.123528 -18.713097 1.673180 1.173249 18.773470 1.534697 -3.729439 5.311796 -7.172091 0.010256 -6.986697 -0.295149
-2.909765 0.963205 -1.376210 0.775793 4.581877 4.704430 0.910166 1.426680 2.883771 0.265279 -5.185162 1.283946 0.264075 0.635209 1.310874 0.297162 6.312798 0.988849 2.768016 15.228954 -3.432056 6.445467 -7.472474 -7.440546 -0.859923 9.480377 7.208457 -10.216575 -22.389612 71.643226 11.560557 45.556098 5.817690 -0.453491 15.061625 -7.952058 2.146119 7.056437 -7.448775 10.998031 -17.746859 -75.093538 -45.756928 65.037000 -33.693379 -8.408478 12.144556 3.091118 -20.344185 1.808205 -1.438844 -4.584224 -2.791604 0.772759 -0.852953 -4.524720 -3.587766 0.000000 -0.000000 -0.000000 1.123134 -18.974691 1.679058 1.753751 17.862594 1.447609 -3.454299 5.486634 -7.034843 -0.000806 -4.567741 -0.254248
-2.908002 0.962985 -1.374847 0.853315 4.707221 4.672708 1.058930 1.432942 2.795291 0.335681 -5.181744 1.243986 0.334199 0.638590 1.278062 0.347261 6.315510 0.964027 2.788695 15.570439 -3.330748 6.418716 -6.846772 -7.231773 -0.811259 9.555402 7.175917 -9.647042 -22.752427 71.956729 11.098132 46.141917 5.542333 -0.499239 15.137998 -7.607630 2.212008 7.073226 -7.474900 11.403874 -17.592696 -75.025178 -46.530215 64.952330 -34.292628 -8.412395 12.116268 3.225824 -20.471738 1.738203 -1.484412 -4.519396 -2.764938 0.743949 -0.869545 -4.622314 -3.469140 0.000000 -0.000000 0.000000 1.136246 -19.166202 1.733340 2.397446 16.747864 1.294826 -3.167927 5.662419 -6.928078 -0.005522 -1.894984 -0.122371
-2.906144 0.962669 -1.373149 0.912119 4.829488 4.611327 1.187944 1.444580 2.714869 0.396881 -5.176079 1.207657 0.395160 0.644215 1.247947 0.390686 6.319874 0.941247 2.797062 15.845396 -3.237777 6.378502 -6.344593 -7.040032 -0.757314 9.643456 7.149820 -9.082306 -23.085829 72.214217 10.885856 46.603534 5.417083 -0.514834 15.194725 -7.349764 2.265913 7.094080 -7.503360 11.762170 -17.436885 -74.969443 -46.936963 64.882513 -34.599503 -8.405229 12.095028 3.367659 -20.546240 1.693994 -1.521335 -4.500442 -2.723492 0.723732 -0.875795 -4.746027 -3.340647 -0.000000 -0.000000 0.000000 1.146795 -19.317717 1.802889 3.007437 15.603364 1.130973 -2.904732 5.729473 -6.825067 -0.000000 -0.000000 0.000000
-2.904187 0.962244 -1.371122 0.947936 4.951322 4.515355 1.297575 1.465124 2.647216 0.448800 -5.166562 1.177046 0.446880 0.653692 1.222605 0.427536 6.327100 0.922079 2.793479 16.023847 -3.165133 6.331803 -6.020360 -6.889854 -0.689767 9.753334 7.131393 -8.495982 -23.372294 72.395218 10.988757 46.867519 5.465059 -0.493158 15.221893 -7.216042 2.305412 7.121081 -7.535260 12.051075 -17.274272 -74.933746 -46.882169 64.812293 -34.517124 -8.381785 12.086545 3.522584 -20.529326 1.680386 -1.547630 -4.563721 -2.675822 0.720921 -0.869328 -4.893548 -3.208004 0.000000 -0.000000 -0.000000 1.109784 -19.442843 1.898953 3.588182 14.451729 0.971410 -2.678649 5.602786 -6.726189 0.003580 0.516788 0.035907
-2.902134 0.961723 -1.368759 0.964831 5.070073 4.389572 1.387572 1.490707 2.587790 0.491569 -5.154911 1.150142 0.489491 0.665309 1.200045 0.457762 6.335908 0.905018 2.775510 16.136419 -3.102965 6.267750 -5.818381 -6.759597 -0.616644 9.875950 7.119310 -7.913384 -23.625637 72.521959 11.349946 47.009213 5.659237 -0.450454 15.229930 -7.173065 2.332959 7.152218 -7.569399 12.292346 -17.108245 -74.911204 -46.465017 64.757684 -34.142287 -8.347319 12.084280 3.685122 -20.459232 1.692266 -1.565665 -4.672692 -2.612874 0.726818 -0.852849 -5.067293 -3.065525 0.000000 0.000000 0.000000 1.070129 -19.527819 2.010694 4.135047 13.269225 0.802556 -2.478564 5.368592 -6.639131 0.002094 0.258303 0.019235
-2.899935 0.961144 -1.365912 0.975217 5.173907 4.236137 1.459273 1.506261 2.534927 0.525941 -5.147812 1.126258 0.523735 0.672377 1.179650 0.481887 6.341283 0.889595 2.750629 16.236793 -3.042267 6.192577 -5.639352 -6.630765 -0.546389 9.998373 7.111196 -7.363811 -23.824609 72.587420 11.892662 47.108390 5.989783 -0.401866 15.219501 -7.206098 2.348989 7.178555 -7.600212 12.514129 -16.938305 -74.905332 -45.849982 64.801823 -33.667925 -8.324496 12.084980 3.777428 -20.404613 1.753976 -1.583491 -4.770130 -2.550189 0.731098 -0.831129 -5.257313 -2.894050 -0.000000 -0.000000 -0.000000 1.146897 -19.562218 2.071138 4.534283 12.157523 0.643080 -2.301831 5.174027 -6.550749 0.000000 -0.000000 0.000000
-2.897574 0.960533 -1.362540 0.991936 5.261289 4.056228 1.506292 1.508041 2.488873 0.549079 -5.146955 1.105547 0.546783 0.673212 1.161287 0.497781 6.341959 0.875714 2.717865 16.331781 -2.982792 6.103808 -5.470728 -6.501972 -0.484511 10.117065 7.106012 -6.819367 -23.951681 72.577125 12.612745 47.134105 6.460605 -0.354855 15.180002 -7.352070 2.347484 7.195063 -7.625444 12.732340 -16.763371 -74.926778 -45.029446 64.980917 -33.111773 -8.318599 12.091054 3.782195 -20.403185 1.877778 -1.604160 -4.829103 -2.505645 0.734004 -0.807241 -5.454600 -2.685964 -0.000000 0.000000 0.000000 1.370690 -19.549168 2.059641 4.741947 11.132131 0.490351 -2.149229 5.102094 -6.458481 0.000000 -0.000000 0.000000
-2.895068 0.959863 -1.358683 1.002141 5.333755 3.848644 1.535039 1.499804 2.449489 0.563816 -5.150625 1.087918 0.561460 0.669527 1.145154 0.507575 6.339227 0.863525 2.677837 16.414869 -2.925164 6.003353 -5.324440 -6.375153 -0.425413 10.235557 7.104665 -6.308820 -24.021185 72.510338 13.512544 47.110365 7.061233 -0.305591 15.124631 -7.575556 2.334494 7.206853 -7.647323 12.930808 -16.584042 -74.964799 -43.982250 65.253706 -32.425346 -8.321763 12.101374 3.716911 -20.416628 2.051631 -1.624582 -4.876562 -2.461512 0.735291 -0.778489 -5.668244 -2.448901 -0.000000 -0.000000 -0.000000 1.711153 -19.486400 1.996702 4.799744 10.176883 0.350944 -2.018243 5.070233 -6.364159 -0.000000 0.000000 0.000000
-2.892413 0.959085 -1.354306 0.979831 5.383960 3.611982 1.565980 1.477695 2.414479 0.579383 -5.160436 1.072294 0.576956 0.659701 1.131111 0.518153 6.331889 0.852912 2.641308 16.519530 -2.861290 5.905921 -5.138233 -6.236669 -0.360943 10.351527 7.107851 -5.947278 -24.059521 72.432374 14.535115 47.198117 7.774966 -0.249278 15.087743 -7.751806 2.328605 7.220087 -7.667051 13.089788 -16.402820 -74.990434 -42.847637 65.591709 -31.698100 -8.335658 12.108588 3.555714 -20.399450 2.263484 -1.643446 -4.936031 -2.380081 0.723848 -0.741140 -5.915456 -2.186565 0.000000 -0.000000 0.000000 2.195868 -19.355922 1.877246 4.720545 9.345556 0.258729 -1.901134 4.976748 -6.260430 0.000000 -0.000000 0.000000
-2.889657 0.958188 -1.349460 0.916775 5.421428 3.337541 1.605833 1.435504 2.386454 0.598666 -5.179101 1.059847 0.596144 0.641015 1.120621 0.531782 6.317912 0.844975 2.613700 16.664901 -2.789944 5.819924 -4.876263 -6.084976 -0.280746 10.465443 7.116381 -5.789675 -24.071283 72.357074 15.713109 47.456064 8.636261 -0.186250 15.084399 -7.839528 2.336901 7.238121 -7.680706 13.171184 -16.223632 -74.996551 -41.613101 66.003309 -30.921864 -8.368740 12.109787 3.257406 -20.333533 2.497054 -1.642906 -5.018280 -2.247707 0.694312 -0.691590 -6.200368 -1.903749 0.000000 0.000000 -0.000000 2.802711 -19.183877 1.717219 4.572609 8.675513 0.243564 -1.799431 4.727164 -6.190881 -0.000000 -0.000000 -0.000000
-2.886751 0.957182 -1.344093 0.821384 5.436096 3.034001 1.647689 1.379284 2.362888 0.618686 -5.203975 1.049456 0.616057 0.616120 1.112261 0.546128 6.299278 0.838645 2.590063 16.831902 -2.712594 5.738179 -4.574154 -5.922535 -0.195079 10.576626 7.129589 -5.781356 -24.049505 72.272832 17.037002 47.813285 9.635415 -0.113771 15.097417 -7.879005 2.352406 7.257431 -7.692206 13.213650 -16.042023 -74.990495 -40.265498 66.476733 -30.080392 -8.412325 12.109897 2.863099 -20.236267 2.768109 -1.640618 -5.112112 -2.077835 0.651931 -0.634268 -6.519068 -1.595792 -0.000000 0.000000 0.000000 3.553050 -18.944494 1.503640 4.286224 8.129488 0.280411 -1.712550 4.416545 -6.115530 -0.000000 -0.000000 0.000000
-2.883553 0.956058 -1.338013 0.693016 5.391076 2.726170 1.691689 1.323487 2.333802 0.639918 -5.228678 1.036602 0.637176 0.591393 1.101564 0.561201 6.280772 0.830553 2.565692 16.996643 -2.625157 5.652248 -4.276875 -5.741767 -0.126768 10.681183 7.145969 -5.872868 -24.003690 72.186051 18.394484 48.239918 10.700161 -0.020635 15.110500 -7.867420 2.372646 7.273753 -7.714499 13.312935 -15.848891 -74.964602 -38.964351 66.960375 -29.271783 -8.442306 12.112162 2.470423 -20.115688 3.112510 -1.688374 -5.207826 -1.873277 0.601494 -0.577829 -6.876675 -1.252156 -0.000000 -0.000000 0.000000 4.538178 -18.540695 1.192634 3.668078 7.651241 0.324546 -1.630641 4.226031 -5.900038 0.000000 0.000000 -0.000000
-2.880015 0.954700 -1.331020 0.516214 5.279188 2.391538 1.738547 1.260695 2.312122 0.662089 -5.256447 1.027088 0.659223 0.563599 1.094300 0.577234 6.259966 0.825053 2.543353 17.157054 -2.530750 5.568561 -3.987752 -5.549526 -0.078969 10.778568 7.149959 -6.065353 -23.916726 72.107126 19.792671 48.747266 11.841182 0.100204 15.115722 -7.784068 2.414390 7.277551 -7.750258 13.523419 -15.604449 -74.921740 -37.845545 67.474568 -28.595750 -8.451369 12.117679 2.065883 -19.965453 3.589026 -1.786228 -5.313173 -1.695377 0.567104 -0.505060 -7.270152 -0.870509 0.000000 0.000000 -0.000000 5.985214 -17.899357 0.735238 2.508185 7.200438 0.359746 -1.636913 4.339200 -5.423016 -0.000000 -0.000000 -0.000000
-2.876184 0.953223 -1.323313 0.307591 5.106885 2.053370 1.787587 1.198212 2.285195 0.685472 -5.284097 1.015235 0.682476 0.535922 1.084821 0.594002 6.239250 0.817883 2.519911 17.315451 -2.426656 5.480267 -3.702842 -5.339671 -0.048647 10.869659 7.156895 -6.355956 -23.804500 72.023238 21.246183 49.317128 13.070602 0.243517 15.119022 -7.649930 2.461005 7.278069 -7.796569 13.791437 -15.350786 -74.857573 -36.777297 68.004893 -27.955939 -8.446732 12.124479 1.663110 -19.791617 4.138535 -1.933766 -5.419849 -1.482533 0.524621 -0.434648 -7.702739 -0.453175 0.000000 0.000000 0.000000 7.657694 -17.087945 0.206010 1.019545 6.826256 0.423034 -1.638536 4.574226 -4.803336 -0.000000 -0.000000 0.000000
-2.872058 0.951959 -1.315304 0.114637 4.858670 1.805241 1.837753 1.172542 2.204516 0.711755 -5.295644 0.979221 0.708638 0.524342 1.051474 0.611116 6.230608 0.792705 2.481512 17.454777 -2.299911 5.358412 -3.455567 -5.084693 -0.049640 10.953210 7.211298 -6.690112 -23.727041 71.906880 22.639916 49.885350 14.304072 0.400893 15.125866 -7.525132 2.460075 7.299704 -7.858462 14.049656 -15.201982 -74.754693 -35.533476 68.447603 -27.170967 -8.425306 12.129280 1.400610 -19.623097 4.620812 -2.181946 -5.493220 -1.053794 0.405691 -0.429315 -8.188096 0.004228 -0.000000 -0.000000 0.000000 8.955731 -16.221756 -0.265355 -0.355961 6.604316 0.542509 -1.371424 4.559395 -4.267127 -0.000000 0.000000 -0.000000
-2.867569 0.950993 -1.307063 -0.043860 4.516775 1.689920 1.887774 1.199912 2.043517 0.741591 -5.284020 0.907106 0.738372 0.535926 0.982387 0.628160 6.239334 0.740557 2.426367 17.560771 -2.142161 5.197721 -3.272791 -4.769332 -0.111123 11.033229 7.360776 -7.017440 -23.731779 71.675854 23.995609 50.447353 15.610533 0.586182 15.144282 -7.428821 2.364013 7.378542 -7.950904 14.309014 -15.232768 -74.598184 -34.036870 68.760586 -26.205264 -8.384538 12.122451 1.387440 -19.496282 5.032575 -2.549473 -5.465023 -0.406751 0.156701 -0.554473 -8.747985 0.518968 0.001067 0.065398 -0.127129 9.736493 -15.337961 -0.708412 -1.664182 6.615841 0.774387 -0.592741 4.064536 -3.898306 -0.000000 -0.000000 0.000000
-2.862785 0.950240 -1.298519 -0.187498 4.100128 1.664980 1.940534 1.264124 1.828774 0.775111 -5.256291 0.810816 0.771799 0.563609 0.889501 0.646146 6.260119 0.670441 2.355678 17.648494 -1.961842 5.002413 -3.125475 -4.408601 -0.204657 11.107389 7.556946 -7.388335 -23.772688 71.412810 25.294933 51.010630 16.922557 0.784957 15.166586 -7.342106 2.221234 7.479821 -8.060034 14.554941 -15.369111 -74.404512 -32.380429 68.979420 -25.109185 -8.328844 12.111185 1.514436 -19.376662 5.378211 -3.017375 -5.404081 0.455518 -0.167661 -0.747499 -9.357631 1.077590 0.001778 0.130730 -0.254294 10.147410 -14.401506 -1.112522 -2.853899 6.782683 1.052922 0.445264 3.317662 -3.626439 0.000000 -0.000000 0.000000
-2.857911 0.949768 -1.289878 -0.326889 3.648923 1.695888 2.001437 1.353098 1.591392 0.813324 -5.217671 0.704273 0.809918 0.602177 0.786838 0.666904 6.289052 0.592930 2.260519 17.745072 -1.771093 4.758701 -2.962677 -4.020532 -0.257443 11.163475 7.701050 -7.901503 -23.766618 71.338405 26.333989 51.548422 17.925094 0.945313 15.176260 -7.267169 2.122437 7.521342 -8.147025 14.682129 -15.498692 -74.203972 -30.599892 69.111984 -23.837176 -8.263799 12.118006 1.593219 -19.185135 5.530558 -3.578613 -5.477872 1.705866 -0.475850 -0.875406 -9.962483 1.636538 0.000000 0.000000 0.000000 10.035566 -13.426229 -1.317393 -3.344020 6.920530 1.206846 1.254035 2.629893 -3.437449 0.000000 0.000000 -0.000000
-2.852961 0.949583 -1.281290 -0.458789 3.179171 1.803351 2.075915 1.465516 1.322214 0.859148 -5.168795 0.583373 0.855642 0.650987 0.670591 0.692340 6.325642 0.505143 2.129919 17.859737 -1.562624 4.443645 -2.767907 -3.587851 -0.218812 11.188476 7.745729 -8.709283 -23.664152 71.621862 27.011848 52.127479 18.443728 1.041909 15.160431 -7.215028 2.119561 7.438621 -8.189226 14.576930 -15.560302 -73.998580 -28.554838 69.146615 -22.231136 -8.198274 12.154471 1.523212 -18.795106 5.447493 -4.249869 -5.854939 3.419121 -0.747297 -0.881809 -10.699677 2.191796 0.003996 -0.202678 0.992011 9.073116 -12.474922 -1.205341 -2.634987 7.018726 1.119196 1.617939 2.115055 -3.357583 0.000000 0.000000 -0.000000
-2.847919 0.949678 -1.272605 -0.588065 2.675288 1.966656 2.158734 1.603098 1.030774 0.909853 -5.108888 0.452374 0.906256 0.710814 0.544740 0.720720 6.370458 0.410073 1.975380 17.984181 -1.343877 4.081633 -2.554989 -3.128724 -0.139189 11.193205 7.739349 -9.657831 -23.501398 72.088954 27.398148 52.703965 18.623358 1.099452 15.133366 -7.173144 2.158340 7.294889 -8.208620 14.353491 -15.609305 -73.786464 -26.428231 69.085092 -20.491548 -8.121471 12.210275 1.405840 -18.321861 5.178645 -5.012592 -6.359700 5.523113 -1.017232 -0.819730 -11.435444 2.742485 0.009532 -0.601099 2.365546 7.602078 -11.480749 -0.945304 -1.235663 7.073593 0.886172 1.752857 1.660127 -3.348530 -0.000000 -0.000000 -0.000000
-2.842946 0.950101 -1.263571 -0.736046 2.129669 2.089486 2.238689 1.757909 0.776010 0.957633 -5.041212 0.337642 0.953973 0.778410 0.434859 0.748144 6.421078 0.327024 1.821987 18.118556 -1.149173 3.730450 -2.320574 -2.714781 -0.097030 11.200621 7.727021 -10.389045 -23.331670 72.448195 27.526298 53.092605 18.613145 1.141323 15.119777 -7.107995 2.170805 7.199402 -8.232223 14.249146 -15.710699 -73.590341 -24.730888 68.972092 -19.101476 -8.008203 12.275489 1.356174 -18.045827 4.726440 -5.807132 -6.639082 7.967404 -1.275694 -0.702802 -11.711348 3.243780 -0.014110 -1.761818 3.434802 6.472242 -10.270013 -0.788350 -0.080055 6.898865 0.662716 1.817974 1.234170 -3.289485 0.000000 0.000000 0.000000
-2.838057 0.950998 -1.253810 -0.924409 1.483739 2.147148 2.322779 1.947822 0.571622 1.004896 -4.957732 0.245155 1.001211 0.861811 0.347174 0.776891 6.483554 0.260685 1.670880 18.276837 -0.992030 3.396183 -2.038564 -2.370835 -0.128605 11.223904 7.724423 -10.717958 -23.169485 72.596868 27.270573 53.157816 18.356609 1.168675 15.135958 -7.029845 2.122893 7.208447 -8.277361 14.399802 -15.931400 -73.408338 -23.687487 68.873543 -18.288958 -7.835050 12.356685 1.409157 -18.141409 4.103849 -6.673135 -6.495150 10.779779 -1.477665 -0.469180 -11.312765 3.754017 -0.094983 -4.074003 3.767413 6.054335 -8.658266 -0.824331 0.481833 6.348900 0.503686 1.830765 0.822578 -3.122392 0.000000 -0.000000 0.000000
-2.833236 0.952222 -1.243701 -1.130232 0.795763 2.165725 2.403911 2.154569 0.403843 1.049181 -4.866642 0.168877 1.045513 0.952821 0.275395 0.804651 6.551738 0.206317 1.520932 18.444469 -0.859285 3.072779 -1.737060 -2.072929 -0.197605 11.251040 7.715269 -10.831852 -23.012664 72.643763 26.744341 53.037282 17.903057 1.180245 15.166688 -6.928770 2.050390 7.266473 -8.326866 14.667802 -16.209949 -73.242296 -23.066200 68.745808 -17.820311 -7.627080 12.447133 1.530699 -18.418346 3.281705 -7.568622 -6.113138 13.925974 -1.659590 -0.146537 -10.457808 4.202925 -0.217248 -7.148262 3.808933 5.970113 -6.834292 -0.930494 0.799668 5.568838 0.359267 1.773094 0.440719 -2.903927 0.000000 -0.000000 0.000000
-2.828585 0.953382 -1.234137 -1.306167 0.232957 2.123826 2.448968 2.315678 0.289367 1.074904 -4.795623 0.116747 1.071290 1.023789 0.225875 0.820220 6.604899 0.168785 1.393051 18.577881 -0.744983 2.797627 -1.496794 -1.818023 -0.273734 11.267751 7.696579 -10.933629 -22.898855 72.617707 26.340110 52.955897 17.560046 1.195746 15.189919 -6.741104 1.991063 7.315418 -8.355457 14.881338 -16.419664 -73.118179 -22.684940 68.478916 -17.478190 -7.433097 12.516316 1.731167 -18.620943 2.199697 -8.311351 -5.724924 17.261787 -1.924717 0.106004 -9.333163 4.361370 -0.381195 -10.379739 4.194987 5.943578 -5.191406 -1.016521 0.993886 4.803866 0.239176 1.751590 0.101170 -2.689246 0.000000 -0.000000 -0.000000
-2.824113 0.954364 -1.225523 -1.441315 -0.119696 1.997264 2.443252 2.397717 0.243808 1.074640 -4.759412 0.096021 1.071100 1.059998 0.205122 0.818500 6.632022 0.153059 1.297729 18.661812 -0.649297 2.590011 -1.346227 -1.609643 -0.351904 11.261996 7.665474 -11.075648 -22.855658 72.496827 26.186103 53.004873 17.455438 1.224793 15.193747 -6.385015 1.967084 7.331817 -8.349102 14.997954 -16.493946 -73.071341 -22.464479 67.986229 -17.156953 -7.239448 12.576512 2.060023 -18.729010 0.758882 -8.814346 -5.269886 20.834617 -2.331455 0.129190 -7.844650 4.128385 -0.654473 -13.918884 5.234414 5.813522 -3.908022 -1.049921 1.132321 4.150615 0.161566 1.857230 -0.188943 -2.492312 0.000000 -0.000000 0.000000
-2.819812 0.955283 -1.217454 -1.545620 -0.347596 1.808171 2.400078 2.434582 0.250596 1.055082 -4.743012 0.099077 1.051635 1.076435 0.206194 0.803977 6.644346 0.153878 1.223637 18.710518 -0.571418 2.428114 -1.259643 -1.441835 -0.437331 11.245397 7.625045 -11.205863 -22.857130 72.303415 26.153096 53.094328 17.458372 1.256517 15.192456 -5.942276 1.955733 7.338883 -8.321563 15.063089 -16.496681 -73.066085 -22.485394 67.356801 -16.962213 -7.062087 12.617268 2.466628 -18.780395 -0.934853 -9.164902 -4.820932 24.598327 -2.807660 0.042493 -6.080839 3.621238 -1.062001 -17.600337 6.669526 5.744866 -2.805052 -1.057456 1.148697 3.513090 0.116773 2.000257 -0.437713 -2.300252 0.000000 0.000000 0.000000
-2.815767 0.956089 -1.209604 -1.603052 -0.538881 1.603381 2.328163 2.464847 0.277689 1.021709 -4.729460 0.111377 1.018394 1.090050 0.215108 0.779714 6.654560 0.160645 1.158663 18.724670 -0.503510 2.286827 -1.236496 -1.296104 -0.515205 11.238828 7.581454 -11.370363 -22.857674 72.130105 26.241134 53.178546 17.479519 1.280600 15.201313 -5.594233 1.926946 7.348390 -8.289033 15.037575 -16.494049 -73.020429 -22.798348 66.741140 -16.986310 -6.991503 12.573666 2.809455 -18.614647 -2.624571 -9.453197 -4.838504 28.272227 -3.314643 0.081757 -4.503926 2.936031 -1.480993 -20.350621 8.237653 5.953549 -1.740682 -1.044138 0.964251 2.847647 0.072676 2.016848 -0.655191 -2.127634 0.000000 0.000000 0.000000
-2.811929 0.956757 -1.201889 -1.606433 -0.710113 1.390321 2.225133 2.499690 0.324155 0.973509 -4.713809 0.132466 0.970374 1.105786 0.231304 0.744913 6.666368 0.172933 1.102454 18.690007 -0.449441 2.166851 -1.303278 -1.179556 -0.574796 11.254798 7.522117 -11.586755 -22.841324 72.010379 26.501016 53.277181 17.497012 1.293433 15.233516 -5.378523 1.857316 7.361025 -8.256811 14.920439 -16.473216 -72.916634 -23.489761 66.182064 -17.277373 -7.034344 12.415717 3.036317 -18.016960 -4.255396 -9.740388 -5.827273 31.884800 -3.958147 0.321539 -3.234555 1.882014 -1.806202 -21.704492 10.066395 6.637901 -0.652190 -1.001150 0.474717 2.084058 0.018623 1.801635 -0.821935 -1.973199 0.000000 -0.000000 0.000000
-2.808347 0.957312 -1.194394 -1.563153 -0.844216 1.161048 2.093257 2.528416 0.390850 0.911445 -4.700823 0.162775 0.908528 1.118875 0.255313 0.700332 6.676191 0.191152 1.055384 18.620424 -0.404554 2.067143 -1.434355 -1.083368 -0.626842 11.280476 7.459522 -11.838065 -22.823747 71.910942 26.884793 53.366700 17.536428 1.299936 15.273171 -5.257454 1.770264 7.376294 -8.219715 14.712846 -16.445537 -72.772773 -24.427624 65.634098 -17.738848 -7.178659 12.172307 3.202587 -17.206743 -5.880284 -9.991222 -7.376386 35.403063 -4.786072 0.645797 -2.164073 0.632788 -1.972501 -22.139269 11.934471 7.600968 0.392046 -0.913766 -0.215061 1.294770 -0.029363 1.460469 -0.955524 -1.836637 0.000000 0.000000 -0.000000
-2.805251 0.957774 -1.187044 -1.478831 -0.978672 0.939593 1.948597 2.556326 0.448268 0.844157 -4.688291 0.189037 0.841470 1.131511 0.274744 0.651500 6.685661 0.205928 1.006382 18.559252 -0.348718 1.960117 -1.549936 -0.966171 -0.688726 11.299323 7.437361 -12.118640 -22.805676 71.823560 27.239585 53.337672 17.576574 1.303206 15.289393 -5.299110 1.706095 7.404167 -8.178403 14.377512 -16.512426 -72.558553 -25.342879 65.114260 -18.256298 -7.484839 11.864943 3.329378 -16.671019 -7.406032 -10.138364 -8.520605 38.459136 -5.592519 1.066169 -1.396668 -0.165904 -1.897461 -22.026738 13.014220 8.464127 1.338745 -0.784258 -0.869314 0.649006 -0.067070 1.145974 -1.121642 -1.733012 0.000000 -0.000000 -0.000000
-2.802763 0.958111 -1.179812 -1.340640 -1.136382 0.735994 1.788493 2.588261 0.483124 0.771134 -4.674113 0.205328 0.768695 1.145793 0.283621 0.597589 6.696348 0.212747 0.952846 18.519237 -0.273885 1.838116 -1.626519 -0.812132 -0.769577 11.311966 7.488825 -12.423198 -22.803435 71.728909 27.514478 53.112831 17.623282 1.304866 15.261977 -5.602990 1.687324 7.460579 -8.133562 13.847775 -16.726245 -72.225022 -26.206043 64.627773 -18.863037 -8.073383 11.450375 3.410645 -16.752578 -8.799829 -10.111502 -8.778941 40.919730 -6.274914 1.723278 -1.059543 -0.137524 -1.534186 -21.195795 12.879408 9.108360 2.170183 -0.617147 -1.434755 0.223173 -0.096221 0.913589 -1.349081 -1.669556 0.000000 -0.000000 0.000000
-2.800760 0.958355 -1.172724 -1.161395 -1.294008 0.539819 1.615645 2.619327 0.508588 0.692912 -4.660392 0.217530 0.690735 1.159616 0.287882 0.539447 6.706682 0.216094 0.897242 18.487905 -0.188389 1.708613 -1.686962 -0.637598 -0.860430 11.318807 7.580725 -12.756962 -22.801229 71.646186 27.753601 52.770969 17.667710 1.310385 15.208788 -6.067307 1.691590 7.529439 -8.084579 13.186329 -17.029448 -71.814820 -27.048027 64.164605 -19.525863 -8.819001 10.966947 3.467927 -17.121841 -10.094608 -9.954854 -8.536866 42.930910 -6.775193 2.533600 -1.023755 0.349017 -1.039664 -19.798618 12.015521 9.651752 2.905481 -0.417501 -1.962972 -0.060639 -0.116989 0.707985 -1.609996 -1.638679 0.000000 -0.000000 -0.000000
-2.799111 0.958620 -1.165792 -0.985190 -1.419961 0.344699 1.454141 2.639879 0.534961 0.619698 -4.651345 0.230131 0.617757 1.168748 0.293050 0.485110 6.713500 0.220124 0.836015 18.470924 -0.097158 1.566713 -1.720615 -0.450421 -0.951472 11.302863 7.657447 -13.129639 -22.750578 71.623642 27.947085 52.438828 17.665762 1.323624 15.156785 -6.459334 1.691747 7.572710 -8.030043 12.550432 -17.361389 -71.436002 -27.717789 63.723950 -20.062456 -9.418538 10.562037 3.548901 -17.255035 -11.299259 -9.767626 -8.033184 44.555351 -6.817026 3.202362 -0.987930 0.840747 -0.679973 -18.703258 10.961959 10.069707 3.551381 -0.201504 -2.375055 -0.266031 -0.126755 0.515468 -1.885978 -1.633232 0.000000 0.000000 -0.000000
-2.797799 0.958989 -1.159021 -0.818920 -1.499954 0.142585 1.313077 2.641610 0.568512 0.555227 -4.650636 0.245883 0.553484 1.169523 0.302257 0.437607 6.714055 0.227194 0.762908 18.477161 -0.001468 1.401330 -1.710989 -0.250879 -1.045283 11.252507 7.695386 -13.576823 -22.615333 71.699820 28.092475 52.141332 17.585635 1.337458 15.110320 -6.713896 1.680904 7.573277 -7.968058 11.980867 -17.717993 -71.118329 -28.147030 63.303981 -20.426993 -9.751033 10.292018 3.655409 -16.954089 -12.417288 -9.561187 -7.077583 45.824502 -6.106601 3.598198 -0.836332 1.216006 -0.513389 -18.329991 9.739293 10.325335 4.097100 0.023053 -2.622044 -0.398903 -0.115492 0.327691 -2.172103 -1.658564 -0.000000 0.000000 0.000000
-2.796840 0.959380 -1.152406 -0.656066 -1.548320 -0.058112 1.183253 2.632665 0.603317 0.495705 -4.654675 0.262162 0.494141 1.165539 0.312492 0.393881 6.711043 0.235035 0.684307 18.497760 0.099738 1.223976 -1.674416 -0.039312 -1.139314 11.178916 7.718530 -14.061730 -22.428886 71.832792 28.197840 51.853907 17.463012 1.354869 15.065966 -6.897181 1.665682 7.548301 -7.900223 11.436664 -18.106241 -70.832635 -28.424310 62.910216 -20.689205 -9.942095 10.103809 3.770016 -16.414375 -13.451069 -9.338963 -5.806379 46.682296 -4.862824 3.844189 -0.685327 1.611204 -0.428132 -18.238881 8.287186 10.453649 4.556481 0.255866 -2.752348 -0.454064 -0.096979 0.153300 -2.473656 -1.709191 0.000000 0.000000 0.000000
-2.796150 0.959664 -1.145936 -0.520709 -1.576794 -0.238777 1.061367 2.627985 0.631542 0.440046 -4.656841 0.275449 0.438652 1.163420 0.320128 0.352848 6.709429 0.240904 0.615698 18.511682 0.205221 1.063660 -1.649807 0.176746 -1.215944 11.098799 7.742818 -14.486182 -22.247424 71.951492 28.270741 51.629389 17.354109 1.386527 15.040040 -6.975729 1.639127 7.511336 -7.830299 10.955940 -18.486703 -70.602732 -28.640292 62.557348 -20.848427 -10.062040 9.983681 3.898059 -15.693300 -14.409397 -9.200141 -5.010694 47.075974 -3.669820 4.023810 -0.559543 1.965699 -0.369878 -18.063404 6.976035 10.538063 4.973274 0.492620 -2.833720 -0.478157 -0.104325 0.003968 -2.787304 -1.761985 -0.000000 -0.000000 -0.000000
-2.795737 0.959796 -1.139650 -0.420056 -1.583479 -0.390111 0.946718 2.630225 0.645924 0.388303 -4.655966 0.282506 0.387069 1.164333 0.321932 0.314307 6.710087 0.242361 0.563630 18.509288 0.321686 0.930228 -1.655091 0.407461 -1.264432 11.013304 7.772937 -14.834417 -22.074855 72.047811 28.331514 51.482167 17.282949 1.430192 15.043922 -6.918640 1.596148 7.456406 -7.753129 10.572535 -18.842254 -70.449896 -28.827898 62.284252 -20.888048 -10.117173 9.951867 4.027230 -14.680932 -15.296161 -9.210222 -5.092821 46.995170 -2.763934 4.162972 -0.448644 2.259514 -0.344142 -17.846735 5.930442 10.604468 5.351300 0.738256 -2.886678 -0.483039 -0.163310 -0.120432 -3.109749 -1.809090 0.000000 0.000000 -0.000000
-2.795594 0.959821 -1.133510 -0.347103 -1.570676 -0.521255 0.840091 2.636542 0.653857 0.340453 -4.653291 0.286634 0.339368 1.167038 0.321201 0.278484 6.712091 0.241897 0.521683 18.500201 0.442695 0.813893 -1.672444 0.643213 -1.295487 10.921169 7.804355 -15.122901 -21.908091 72.131849 28.358238 51.398982 17.222268 1.484111 15.067386 -6.757913 1.541849 7.389680 -7.673616 10.254914 -19.192991 -70.354416 -28.963079 62.054775 -20.835275 -10.102896 9.989150 4.165962 -13.478059 -16.103763 -9.311214 -5.735409 46.467197 -2.023427 4.231519 -0.353364 2.509001 -0.332217 -17.580212 5.019917 10.625736 5.687931 0.985996 -2.891466 -0.456735 -0.248966 -0.219734 -3.444274 -1.858854 -0.000000 -0.000000 0.000000
-2.795611 0.959741 -1.127395 -0.304478 -1.556576 -0.641346 0.740507 2.653655 0.669383 0.295334 -4.645797 0.294090 0.294393 1.174557 0.324076 0.244974 6.717707 0.244150 0.485899 18.492110 0.547418 0.714137 -1.687629 0.847089 -1.323559 10.835600 7.839106 -15.303494 -21.795034 72.163380 28.292351 51.391881 17.148123 1.560150 15.094203 -6.554164 1.484852 7.342809 -7.610794 9.943573 -19.555100 -70.278099 -29.045918 61.770543 -20.748443 -10.071532 10.022264 4.354139 -12.460743 -16.822522 -9.405394 -6.654390 45.530725 -1.513506 4.231914 -0.307314 2.703970 -0.292565 -16.846478 4.262273 10.606241 6.016466 1.215509 -2.855356 -0.410055 -0.317439 -0.281822 -3.797285 -1.912881 0.000000 0.000000 0.000000
-2.795727 0.959536 -1.121263 -0.296811 -1.546702 -0.755021 0.645375 2.680750 0.698160 0.251505 -4.633844 0.307416 0.250703 1.186532 0.332952 0.212873 6.726665 0.250933 0.456235 18.494306 0.629054 0.633161 -1.683483 1.006612 -1.353111 10.763916 7.881775 -15.329154 -21.761729 72.102592 28.119052 51.474807 17.076567 1.679277 15.122302 -6.304507 1.427810 7.336098 -7.576368 9.629135 -19.950745 -70.204421 -29.076679 61.390725 -20.658970 -10.038009 10.021601 4.625844 -11.749049 -17.450096 -9.470082 -7.930928 44.176703 -1.321405 4.138877 -0.385664 2.819973 -0.234548 -15.460255 3.728315 10.557824 6.344684 1.422831 -2.798819 -0.339706 -0.359547 -0.290827 -4.179634 -1.964079 0.000000 0.000000 -0.000000
-2.796003 0.959226 -1.115156 -0.319463 -1.535738 -0.857665 0.557365 2.718627 0.734456 0.210439 -4.617090 0.324044 0.209767 1.203304 0.345411 0.183102 6.739222 0.260417 0.432809 18.497194 0.694395 0.568938 -1.677922 1.134188 -1.379470 10.698823 7.927771 -15.247794 -21.783059 71.991490 27.850933 51.634598 16.987964 1.821546 15.154357 -6.011877 1.368234 7.348899 -7.558890 9.321262 -20.358492 -70.148528 -29.057034 60.955899 -20.536226 -9.987161 10.017949 4.947268 -11.226961 -17.989134 -9.514089 -9.422606 42.420379 -1.293305 3.983947 -0.512529 2.874380 -0.177210 -13.617639 3.326852 10.467887 6.665777 1.610752 -2.701060 -0.248949 -0.385198 -0.262187 -4.580407 -2.020598 0.000000 -0.000000 0.000000
-2.796514 0.958867 -1.109078 -0.361092 -1.525548 -0.944577 0.483437 2.776437 0.775138 0.175378 -4.591461 0.342529 0.174819 1.228944 0.360335 0.157999 6.758431 0.271754 0.411925 18.479990 0.743087 0.514624 -1.709660 1.230407 -1.403300 10.631554 7.965361 -15.154010 -21.830300 71.912827 27.469445 51.841765 16.803724 1.938015 15.181067 -5.745302 1.307149 7.351336 -7.542636 8.988720 -20.728757 -70.119459 -28.988458 60.489354 -20.343803 -9.925380 10.027917 5.257617 -10.921702 -18.440752 -9.478314 -10.515545 40.340114 -1.131866 3.851178 -0.494545 2.919542 -0.112863 -11.467277 2.858894 10.304221 6.991177 1.769006 -2.506693 -0.158348 -0.379589 -0.230578 -4.973383 -2.106703 -0.000000 -0.000000 0.000000
-2.797261 0.958486 -1.103058 -0.429235 -1.524014 -1.017325 0.428061 2.862244 0.822073 0.148192 -4.553360 0.363667 0.147723 1.267052 0.378713 0.139035 6.786993 0.285690 0.394192 18.440786 0.774342 0.471596 -1.782273 1.293630 -1.425265 10.555452 7.987153 -15.072292 -21.906379 71.903392 26.929697 52.119227 16.469301 2.011504 15.197765 -5.521060 1.245364 7.330133 -7.524597 8.598850 -21.040526 -70.120853 -28.831094 59.977708 -20.026404 -9.860179 10.051851 5.546393 -10.890441 -18.803293 -9.337408 -11.039760 37.938298 -0.745996 3.736686 -0.316260 2.941200 -0.037852 -8.768842 2.239943 10.032543 7.327841 1.888025 -2.160191 -0.067015 -0.330957 -0.208637 -5.350163 -2.234316 0.000000 0.000000 0.000000
-2.798243 0.958056 -1.097067 -0.516337 -1.523299 -1.074337 0.386864 2.967913 0.873218 0.127042 -4.506412 0.386581 0.126643 1.314006 0.399481 0.124750 6.822192 0.301423 0.379091 18.381238 0.789187 0.438584 -1.892684 1.325919 -1.444584 10.476991 8.000573 -14.977994 -22.007935 71.926295 26.268368 52.440340 16.030530 2.059512 15.209619 -5.322954 1.182185 7.298461 -7.507414 8.184945 -21.316484 -70.149522 -28.634086 59.434559 -19.648107 -9.784451 10.088747 5.823867 -11.078906 -19.076735 -9.109977 -11.193022 35.216898 -0.243107 3.640740 0.006856 2.950955 0.017952 -5.759230 1.572563 9.686061 7.669285 1.975370 -1.716263 0.024611 -0.253068 -0.183277 -5.719078 -2.391632 0.000000 -0.000000 -0.000000
-2.799540 0.957555 -1.091027 -0.588441 -1.501561 -1.106246 0.353493 3.078180 0.919703 0.109582 -4.457417 0.407376 0.109238 1.363004 0.418502 0.113086 6.858925 0.315835 0.361307 18.285905 0.790191 0.404847 -2.069581 1.333793 -1.459804 10.407070 8.016016 -14.892159 -22.096998 71.953576 25.593858 52.701326 15.564676 2.084138 15.221441 -5.171198 1.116463 7.266264 -7.483672 7.815138 -21.572487 -70.205798 -28.526145 58.924124 -19.346187 -9.682692 10.152359 6.060159 -11.346420 -19.265284 -8.805456 -10.961316 32.253725 0.310724 3.639170 0.626140 3.049126 0.035111 -3.295976 0.988224 9.333886 8.006322 2.047402 -1.284920 0.094064 -0.169003 -0.150623 -6.079030 -2.566931 0.000000 -0.000000 -0.000000
-2.801183 0.956978 -1.084933 -0.653657 -1.454655 -1.109145 0.332124 3.191005 0.957278 0.097901 -4.407276 0.424127 0.097597 1.413147 0.434067 0.105484 6.896520 0.327629 0.338897 18.157855 0.780143 0.365903 -2.307246 1.323005 -1.469203 10.353763 8.038046 -14.802470 -22.168781 71.978690 24.903768 52.857126 15.064509 2.076141 15.235609 -5.084791 1.047042 7.235230 -7.447505 7.522686 -21.816981 -70.303992 -28.531836 58.471690 -19.144053 -9.555387 10.244909 6.231292 -11.673978 -19.391527 -8.395016 -10.215924 29.033534 0.873089 3.752896 1.743266 3.394508 0.029180 -1.718410 0.543548 8.985497 8.350018 2.104364 -0.891484 0.115530 -0.083760 -0.087918 -6.422993 -2.755888 -0.000291 0.013421 -0.078019
-2.803141 0.956329 -1.078789 -0.703847 -1.386618 -1.086999 0.318443 3.308299 0.990318 0.089851 -4.355139 0.438805 0.089576 1.465286 0.447928 0.100467 6.935615 0.338131 0.313971 17.993920 0.756408 0.326584 -2.611579 1.288014 -1.474486 10.308995 8.061849 -14.721073 -22.228145 72.007770 24.206678 52.950871 14.544730 2.044473 15.248413 -5.044809 0.975268 7.203651 -7.404658 7.274946 -22.041907 -70.431791 -28.620167 58.051887 -19.012979 -9.402463 10.363329 6.361098 -12.078680 -19.430433 -7.908450 -9.117823 25.568018 1.409623 3.943566 3.150491 3.871931 0.014514 -0.677788 0.211577 8.630701 8.688403 2.146517 -0.510463 0.115114 0.007719 -0.017587 -6.757753 -2.963205 -0.000678 0.026869 -0.156033
-2.805398 0.955599 -1.072531 -0.680666 -1.287880 -1.042171 0.293324 3.420646 1.023210 0.076708 -4.305229 0.453509 0.076471 1.515197 0.461297 0.091599 6.973034 0.348276 0.287439 17.769338 0.713409 0.290428 -3.028621 1.218293 -1.479358 10.259468 8.083702 -14.706113 -22.251819 72.032498 23.633818 53.015604 14.121979 2.018311 15.255503 -5.014512 0.903648 7.176358 -7.365300 7.041272 -22.237455 -70.550202 -28.827721 57.652875 -19.003858 -9.207379 10.513434 6.491419 -12.471605 -19.318515 -7.446115 -8.074758 21.973023 1.877160 4.208762 4.394267 4.165764 0.000000 -0.000000 -0.000000 8.309684 8.977546 2.192787 -0.176091 0.147954 0.098912 -0.003560 -7.103266 -3.190119 0.000000 0.000000 0.000000
-2.807882 0.954790 -1.066220 -0.564665 -1.139172 -0.973822 0.248841 3.520833 1.058767 0.054821 -4.260768 0.469569 0.054641 1.559662 0.475135 0.076228 7.006361 0.358798 0.271547 17.482500 0.646610 0.281686 -3.561448 1.101218 -1.482314 10.199411 8.097274 -14.782339 -22.228795 72.050254 23.243111 53.044258 13.840648 2.009206 15.252801 -4.980840 0.831605 7.153561 -7.337506 6.824174 -22.400368 -70.646789 -29.197352 57.256531 -19.162891 -8.945039 10.707719 6.640524 -12.824198 -19.037096 -7.055139 -7.089444 18.213454 2.329252 4.617370 5.256485 4.023163 -0.003767 0.246954 -0.063551 8.059010 9.185157 2.243149 0.090987 0.225466 0.192661 -0.083762 -7.462787 -3.431451 0.002903 -0.096171 0.625505
-2.810665 0.953900 -1.059795 -0.375047 -0.960083 -0.882144 0.192895 3.615859 1.094691 0.027812 -4.218631 0.485903 0.027699 1.601801 0.488727 0.057008 7.037939 0.369152 0.254532 17.135190 0.559868 0.277747 -4.206603 0.947568 -1.484844 10.134549 8.108727 -14.925633 -22.170307 72.064972 22.980026 53.048040 13.659890 2.005766 15.244315 -4.956648 0.759644 7.134865 -7.313210 6.621073 -22.533269 -70.735073 -29.678936 56.879258 -19.437282 -8.639870 10.932884 6.790812 -13.161271 -18.607788 -6.690462 -6.153272 14.323091 2.692188 5.139374 5.973568 3.712551 -0.000823 0.123970 -0.029945 7.842388 9.342990 2.300188 0.311176 0.335675 0.287886 -0.220019 -7.833916 -3.691017 0.005810 -0.233223 1.484963
-2.813944 0.952904 -1.053011 -0.111527 -0.799472 -0.771015 0.130064 3.717590 1.127839 -0.002150 -4.173545 0.501069 -0.002197 1.646887 0.500849 0.035459 7.071723 0.378407 0.201687 16.707602 0.460549 0.212245 -5.000684 0.782884 -1.495034 10.068745 8.133205 -15.121114 -22.086513 72.078681 22.803541 53.089695 13.564294 2.002758 15.238379 -4.944027 0.691871 7.124182 -7.278510 6.393443 -22.635199 -70.814368 -30.172216 56.561321 -19.732166 -8.349449 11.156205 6.930020 -13.473592 -18.030074 -6.314634 -5.609551 10.525621 2.818056 5.607135 6.766683 3.658745 -0.000000 -0.000000 0.000000 7.591170 9.503298 2.387263 0.511330 0.498752 0.372657 -0.361944 -8.228201 -3.983462 0.006522 -0.365231 2.105997
-2.817880 0.951810 -1.045784 0.240904 -0.678958 -0.648125 0.056540 3.840006 1.158468 -0.036807 -4.119304 0.515210 -0.036785 1.701125 0.511469 0.010272 7.112366 0.386551 0.111730 16.178918 0.352482 0.081409 -5.982421 0.615237 -1.522734 10.005512 8.186641 -15.375375 -21.992190 72.085585 22.751729 53.203864 13.592417 1.998604 15.237779 -4.949801 0.633049 7.128136 -7.220422 6.110399 -22.714674 -70.889290 -30.644081 56.307638 -20.009541 -8.082685 11.378889 7.065211 -13.750556 -17.212990 -5.867639 -5.545420 6.683005 2.647416 5.914651 7.872822 4.052432 0.000000 0.000000 -0.000000 7.259249 9.694849 2.528665 0.697979 0.707022 0.431823 -0.481344 -8.649103 -4.315968 0.005579 -0.456239 2.253146
-2.822313 0.950611 -1.038197 0.667203 -0.577675 -0.505619 -0.024068 3.968930 1.186840 -0.074521 -4.062194 0.528441 -0.074426 1.758232 0.520870 -0.017295 7.155159 0.393793 -0.012848 15.569851 0.231677 -0.109058 -7.113399 0.437019 -1.557753 9.940984 8.253220 -15.682425 -21.872837 72.092688 22.785199 53.357866 13.703915 1.994807 15.239557 -4.967201 0.578646 7.139898 -7.151958 5.802282 -22.763518 -70.954773 -31.131130 56.113112 -20.311570 -7.830150 11.599089 7.189329 -14.000442 -16.249740 -5.407275 -5.807515 2.931033 2.325577 6.140362 9.041988 4.668115 0.000000 0.000000 -0.000000 6.893053 9.888045 2.700351 0.863242 0.968520 0.481677 -0.605665 -9.093065 -4.681603 0.003616 -0.541582 2.161859
-2.826962 0.949264 -1.030253 1.122536 -0.480871 -0.324357 -0.096137 4.074100 1.209424 -0.108073 -4.015628 0.539072 -0.107916 1.804793 0.528094 -0.041901 7.190047 0.399378 -0.200499 14.922437 0.095065 -0.411554 -8.315463 0.253878 -1.578395 9.868085 8.300165 -16.007906 -21.694559 72.120215 22.744297 53.511848 13.762765 1.990675 15.243461 -4.977999 0.518599 7.143281 -7.098357 5.522715 -22.755448 -70.996379 -31.641958 56.003402 -20.668189 -7.622818 11.780157 7.268236 -14.248396 -15.415013 -5.072656 -6.392314 -0.096387 2.064974 6.367911 9.753904 5.282479 0.000000 0.000000 -0.000000 6.562326 10.047527 2.852763 1.012336 1.326982 0.557837 -0.768084 -9.561037 -5.073850 0.000317 -0.682145 2.066033
-2.831667 0.947696 -1.021999 1.628746 -0.363074 -0.100184 -0.166255 4.140452 1.231034 -0.140618 -3.986323 0.549288 -0.140405 1.834089 0.535003 -0.065769 7.211983 0.404714 -0.484304 14.216904 -0.051732 -0.891427 -9.625206 0.091084 -1.582539 9.778200 8.300583 -16.367957 -21.425985 72.190179 22.607829 53.662270 13.732850 1.986196 15.251025 -4.978859 0.434160 7.138145 -7.061084 5.266901 -22.667769 -71.024162 -32.141254 55.949302 -21.037814 -7.471014 11.901792 7.307474 -14.470047 -14.826420 -4.958481 -7.646654 -2.108570 1.990711 6.668440 9.463151 5.937429 -0.000000 0.000000 -0.000000 6.235747 10.156228 2.950426 1.175331 1.767103 0.691445 -0.982640 -10.087320 -5.498450 -0.003330 -0.845420 2.048183
-2.836589 0.945979 -1.013388 2.164259 -0.251147 0.163051 -0.227804 4.183022 1.246411 -0.168959 -3.967568 0.556674 -0.168699 1.852834 0.539509 -0.086662 7.226013 0.408218 -0.828750 13.472038 -0.213164 -1.482067 -11.007747 -0.070772 -1.572686 9.680518 8.280498 -16.745745 -21.098566 72.280222 22.395158 53.810917 13.649176 1.981326 15.260754 -4.973140 0.343739 7.124554 -7.038855 5.039596 -22.522562 -71.029215 -32.668941 55.979212 -21.466654 -7.365373 11.984809 7.301191 -14.698684 -14.365576 -4.967911 -9.269449 -3.399883 2.020804 6.969631 8.730631 6.590289 -0.000000 -0.000000 0.000000 5.944204 10.230684 3.028745 1.322337 2.303045 0.854672 -1.234741 -10.638443 -5.948275 -0.008217 -1.063976 2.025500
-2.841921 0.944296 -1.004288 2.618798 -0.208300 0.471354 -0.245486 4.217321 1.236376 -0.176373 -3.952365 0.552368 -0.176103 1.868039 0.534453 -0.092597 7.237418 0.404432 -1.160463 12.788257 -0.408173 -2.037211 -12.277209 -0.297167 -1.534317 9.594563 8.286352 -17.057939 -20.772742 72.343512 22.007876 53.923632 13.483586 1.975533 15.267916 -4.952585 0.292646 7.087296 -7.053439 4.909963 -22.359680 -70.969927 -33.353212 56.202782 -22.122311 -7.308291 12.055011 7.197875 -15.047666 -13.953443 -4.957031 -10.305692 -4.212873 2.007811 7.163837 8.679881 6.870168 0.000000 0.000000 -0.000000 5.850396 10.286878 3.143779 1.367048 3.022373 0.996670 -1.517981 -11.114232 -6.395554 -0.017159 -1.496673 1.983403
-2.847819 0.942476 -0.994603 2.973002 -0.273967 0.867710 -0.202149 4.254227 1.170119 -0.153578 -3.935845 0.522488 -0.153350 1.884567 0.506889 -0.077584 7.249856 0.383546 -1.475897 12.198759 -0.649215 -2.543010 -13.372470 -0.615702 -1.444242 9.514404 8.337005 -17.344141 -20.418327 72.390857 21.458928 53.988854 13.258200 1.968939 15.269370 -4.936462 0.293017 6.997369 -7.116234 4.863510 -22.175045 -70.750827 -34.400909 56.669733 -23.217981 -7.325309 12.116189 6.910639 -15.587963 -13.602704 -4.870652 -10.328159 -4.506613 1.787216 7.228649 10.088912 6.592923 -0.000000 -0.000000 -0.000000 5.991278 10.368538 3.284256 1.281044 3.948871 1.099401 -1.828886 -11.571244 -6.847283 -0.030368 -2.146802 1.926618
-2.854127 0.940690 -0.984429 3.244706 -0.408338 1.307474 -0.114870 4.284587 1.078370 -0.109817 -3.922149 0.480853 -0.109668 1.898272 0.469697 -0.047591 7.260194 0.355312 -1.779238 11.671641 -0.926190 -3.010027 -14.353021 -1.007009 -1.325902 9.445210 8.413664 -17.566365 -20.065693 72.412814 20.740304 54.012612 12.957618 1.961705 15.268247 -4.905388 0.332998 6.885414 -7.217199 4.914746 -21.974748 -70.465888 -35.657356 57.316909 -24.586867 -7.394057 12.165673 6.526302 -16.247234 -13.304217 -4.769521 -9.769136 -4.313782 1.471521 7.162510 12.168112 5.923730 0.000000 -0.000000 0.000000 6.329384 10.434151 3.462355 1.086247 5.056853 1.186651 -2.176749 -11.954282 -7.291661 -0.046325 -3.010976 1.849190
-2.860574 0.939630 -0.973918 3.379810 -0.553316 1.665059 0.000253 4.293105 1.034049 -0.056188 -3.918111 0.460064 -0.056134 1.902318 0.454355 -0.008595 7.263279 0.343556 -2.009487 11.210158 -1.224518 -3.326200 -15.213154 -1.471410 -1.234621 9.422868 8.507506 -17.526058 -19.864707 72.331375 19.725761 53.983529 12.502000 1.953914 15.269437 -4.792970 0.421786 6.826066 -7.344961 5.176460 -21.810873 -70.357319 -36.692573 58.097315 -25.812013 -7.441732 12.220290 6.254126 -16.921588 -12.945103 -4.686440 -8.947743 -3.994553 1.314170 6.912698 13.673552 4.988696 -0.000000 -0.000000 -0.000000 6.916056 10.370676 3.767390 0.769785 6.359349 1.269897 -2.583025 -11.996436 -7.669193 -0.063650 -4.237957 1.720134
-2.867067 0.939617 -0.962743 3.307608 -0.713934 1.889724 0.162336 4.276435 1.070700 0.013993 -3.925133 0.474882 0.013919 1.895303 0.476302 0.045542 7.258063 0.359925 -2.138622 10.810798 -1.563911 -3.427250 -15.959229 -2.061519 -1.195943 9.510161 8.648474 -17.066647 -19.936638 72.035599 18.287106 53.879639 11.899018 1.970763 15.266196 -4.596594 0.606981 6.894321 -7.537568 5.698418 -21.773502 -70.473539 -37.463864 59.108547 -26.899841 -7.449797 12.291238 6.198948 -17.655825 -12.448304 -4.695998 -7.756697 -3.626963 1.521345 6.389089 14.060253 3.622587 -0.000000 0.000000 -0.000000 7.868120 10.213783 4.249196 0.266804 7.823377 1.375630 -3.049320 -11.690333 -7.992702 -0.078850 -5.798428 1.542089
-2.873700 0.940330 -0.951232 3.099411 -0.882558 2.033464 0.352140 4.237090 1.154946 0.093979 -3.942088 0.510663 0.093754 1.878339 0.520205 0.108638 7.245387 0.392855 -2.193216 10.478006 -1.923655 -3.371602 -16.581390 -2.727819 -1.185212 9.644026 8.808010 -16.338496 -20.148178 71.627934 16.572390 53.708264 11.166316 1.988628 15.266436 -4.318597 0.840678 7.017266 -7.753719 6.431816 -21.763709 -70.766037 -38.010692 60.270157 -27.832866 -7.433236 12.365805 6.256865 -18.403435 -11.889391 -4.732559 -6.291007 -3.143746 1.881543 5.701317 13.866889 2.004492 0.000000 -0.000000 0.000000 9.064474 9.919244 4.854282 -0.363478 9.477740 1.475817 -3.587756 -11.046260 -8.242956 -0.089245 -7.721694 1.312040
-2.880485 0.941502 -0.940515 2.915449 -0.981991 2.124436 0.496060 4.167151 1.258388 0.152596 -3.972664 0.555490 0.152250 1.847748 0.570987 0.156259 7.222476 0.431047 -2.196142 10.225791 -2.227485 -3.237822 -17.052129 -3.312922 -1.181359 9.672914 8.888815 -15.609164 -20.275190 71.357848 14.857622 53.503522 10.223632 1.934501 15.296661 -3.899506 0.989123 7.043752 -7.865076 7.337876 -21.540922 -71.322998 -37.912527 61.287596 -28.052898 -7.367202 12.425609 6.323848 -18.922785 -11.376161 -4.609496 -5.175221 -2.680672 2.027655 5.142380 13.476755 0.768594 -0.000000 0.000000 0.000000 10.195768 9.253974 5.504549 -0.951096 11.431029 1.500079 -4.235621 -9.822814 -8.313071 -0.088465 -10.244061 0.986923
-2.887568 0.943224 -0.931187 2.795534 -0.965842 2.139474 0.561590 4.055591 1.387599 0.175080 -4.021855 0.612608 0.174670 1.798551 0.630389 0.177497 7.185581 0.475857 -2.142680 10.069005 -2.446653 -3.031973 -17.343611 -3.762177 -1.169287 9.501792 8.829833 -14.890210 -20.215186 71.357139 13.000588 53.253441 8.809664 1.764809 15.377032 -3.201348 0.969280 6.872420 -7.787941 8.582436 -20.926575 -72.353128 -36.625248 62.079237 -26.947992 -7.186211 12.473464 6.507221 -18.971924 -10.999008 -4.163543 -4.780388 -2.176645 1.708771 4.844918 12.924758 0.263611 0.000000 -0.000000 0.000000 11.247412 8.079935 6.216443 -1.510230 13.739166 1.380954 -5.033360 -7.804859 -8.086350 -0.059432 -13.565633 0.496845
-2.894803 0.945404 -0.922654 2.700232 -0.881090 2.100987 0.581171 3.913167 1.535592 0.176268 -4.084835 0.678582 0.175828 1.735572 0.696482 0.183316 7.138324 0.525775 -2.041471 9.992300 -2.608649 -2.759861 -17.484561 -4.123583 -1.160411 9.226617 8.691873 -14.178645 -20.080256 71.507348 11.144798 52.959343 7.182452 1.523872 15.492863 -2.362410 0.863838 6.601209 -7.608214 9.975070 -20.072671 -73.614125 -34.543602 62.686328 -24.974955 -6.958405 12.502386 6.702682 -18.788240 -10.665575 -3.547510 -4.756055 -1.685083 1.185967 4.695859 12.182760 0.136378 -0.000000 -0.000000 0.000000 12.215570 6.531638 6.947371 -2.045207 16.349623 1.188482 -5.906527 -5.202768 -7.688472 0.015857 -17.484173 -0.111327
-2.901767 0.947504 -0.914262 2.671040 -0.790732 2.104837 0.579175 3.764247 1.652867 0.169607 -4.150818 0.731105 0.169157 1.669589 0.748327 0.182227 7.088805 0.564938 -1.937069 9.963436 -2.722185 -2.504198 -17.535888 -4.392564 -1.174357 8.982754 8.559344 -13.723811 -19.978768 71.683852 9.959584 52.713209 5.996503 1.267386 15.610167 -1.737679 0.788573 6.375458 -7.455097 10.958859 -19.264789 -74.539213 -32.698122 63.038282 -23.245424 -6.850662 12.495603 6.484263 -18.849579 -10.200885 -3.043625 -4.639973 -1.497802 0.857904 4.608315 11.543251 -0.042963 0.000000 -0.000000 -0.000000 12.817882 4.799694 7.541503 -2.365405 19.212786 1.067251 -6.739226 -2.414957 -7.372056 0.135558 -21.632259 -0.709526
-2.908298 0.949431 -0.905659 2.754581 -0.717044 2.212524 0.543586 3.607533 1.703749 0.151617 -4.220508 0.754361 0.151188 1.599899 0.769758 0.170427 7.036501 0.581146 -1.832866 9.999835 -2.772925 -2.279078 -17.465929 -4.538897 -1.226413 8.834132 8.454217 -13.659458 -19.958855 71.888796 9.671660 52.642874 5.426455 0.974713 15.736144 -1.395200 0.783924 6.246230 -7.363788 11.263833 -18.592246 -74.908804 -31.326994 62.996280 -22.081491 -6.922074 12.457735 5.603556 -19.495188 -9.475082 -2.791970 -4.192797 -1.843457 0.927200 4.618625 11.148383 -0.441680 -0.000000 -0.000000 0.000000 12.902216 2.873087 7.954563 -2.352026 22.447711 1.068102 -7.606870 0.632448 -7.220081 0.290478 -26.145546 -1.248957
-2.914557 0.951278 -0.897197 2.904491 -0.638079 2.362894 0.487061 3.443941 1.723580 0.126002 -4.293389 0.763938 0.125614 1.527025 0.776734 0.151861 6.981809 0.586443 -1.726958 10.083569 -2.774937 -2.074507 -17.308125 -4.590666 -1.302981 8.716469 8.353928 -13.848633 -19.974018 72.111157 10.031962 52.654451 5.272793 0.664462 15.859273 -1.267716 0.809512 6.162635 -7.299168 11.182910 -17.997181 -74.979851 -30.303208 62.734700 -21.293836 -7.102532 12.394718 4.305811 -20.388304 -8.616776 -2.661646 -3.638231 -2.493503 1.181652 4.690240 10.856514 -0.895512 -0.000000 -0.000000 0.000000 12.638018 0.773663 8.261749 -2.110079 25.941017 1.171143 -8.461064 3.862925 -7.147699 0.498993 -30.887277 -1.810003
-2.920605 0.952776 -0.889284 3.022853 -0.549819 2.467890 0.470728 3.301112 1.769149 0.116860 -4.356852 0.784613 0.116479 1.463569 0.796478 0.146556 6.934197 0.601343 -1.654803 10.129325 -2.780583 -1.933113 -17.221384 -4.634243 -1.382906 8.573066 8.275164 -14.128969 -19.989639 72.199539 10.975737 52.522195 5.606330 0.449589 15.910042 -1.506480 0.861206 6.116933 -7.285734 11.023282 -17.565463 -74.920833 -30.107628 62.719222 -21.235006 -7.368774 12.295860 2.901593 -20.992639 -7.829741 -2.522293 -3.195956 -3.049954 1.395709 4.626187 10.531790 -1.332876 -0.000000 -0.000000 0.000000 12.235088 -1.252397 8.500769 -1.764778 29.292414 1.405225 -9.032746 6.649977 -7.144642 0.775188 -35.080629 -2.452225
-2.926591 0.953735 -0.882109 3.094694 -0.435940 2.475339 0.519464 3.177683 1.865348 0.133990 -4.411354 0.827356 0.133547 1.409065 0.840960 0.162731 6.893316 0.634871 -1.641358 10.105910 -2.804939 -1.895275 -17.264219 -4.688022 -1.478103 8.352327 8.229413 -14.568261 -19.957808 72.112522 12.665340 52.217497 6.584571 0.399665 15.873728 -2.244203 0.941609 6.121889 -7.349399 10.819803 -17.359723 -74.689073 -31.216566 63.195972 -22.319682 -7.817424 12.107607 1.237062 -21.108004 -7.175552 -2.294287 -2.912317 -3.397242 1.493934 4.292053 10.120244 -1.731339 -0.000000 -0.000000 -0.000000 11.589867 -3.137332 8.724234 -1.202787 32.404253 1.778781 -9.253351 8.833509 -7.272156 1.126281 -38.831305 -3.149259
-2.932365 0.954345 -0.875482 3.134699 -0.312345 2.437298 0.607954 3.074887 1.987050 0.167452 -4.456445 0.881192 0.166900 1.363964 0.898195 0.192061 6.859502 0.678000 -1.661257 10.044203 -2.833931 -1.918940 -17.378928 -4.736028 -1.576740 8.105791 8.204674 -15.095966 -19.930197 71.889254 14.891857 51.725462 8.010663 0.459293 15.785879 -3.344871 1.048251 6.165892 -7.463766 10.538934 -17.317571 -74.326745 -33.240860 63.894574 -24.211872 -8.382542 11.855574 -0.526426 -20.932899 -6.593707 -2.046269 -2.742259 -3.652171 1.556230 3.824100 9.673146 -2.109104 0.000000 0.000000 0.000000 10.804237 -4.946471 8.900758 -0.498606 35.372832 2.289258 -9.204871 10.577936 -7.471278 1.550523 -42.027481 -3.954352
-2.937537 0.954911 -0.869232 3.089478 -0.222904 2.421641 0.721781 3.024733 2.116495 0.211610 -4.477959 0.938226 0.210923 1.342434 0.959711 0.229684 6.843382 0.724350 -1.673870 9.952418 -2.876634 -1.921302 -17.549119 -4.814552 -1.621946 7.931864 8.183084 -15.342425 -20.018987 71.505371 16.999513 50.859476 9.373152 0.551129 15.645110 -4.558374 1.169570 6.204296 -7.575446 10.380991 -17.335774 -74.119358 -35.245517 64.531983 -26.022496 -8.779164 11.675720 -1.615580 -20.528896 -6.100867 -1.862518 -2.769382 -3.765840 1.598260 3.430878 9.212664 -2.455839 -0.000000 0.000000 0.000000 10.399627 -6.638025 8.908756 -0.067449 38.084176 2.906910 -8.819359 11.745240 -7.547811 1.985851 -43.561884 -4.967159
-2.941933 0.955488 -0.863309 2.926512 -0.194123 2.442589 0.872469 3.053367 2.260014 0.271098 -4.464171 1.001092 0.270245 1.356198 1.028614 0.279273 6.853762 0.776266 -1.675066 9.812147 -2.941725 -1.889656 -17.808683 -4.942865 -1.584072 7.887796 8.160488 -15.171444 -20.264628 70.892665 18.877533 49.458080 10.583770 0.678792 15.410924 -5.924058 1.321369 6.223857 -7.683797 10.465449 -17.431514 -74.194131 -36.970104 65.135324 -27.511871 -8.849979 11.656031 -1.640261 -19.795644 -5.711317 -1.782027 -3.124097 -3.674500 1.633191 3.173685 8.727950 -2.786819 -0.000000 0.000000 -0.000000 10.647176 -8.218652 8.647881 -0.185072 40.599975 3.622608 -7.881333 12.178642 -7.440978 2.282045 -42.560636 -6.161061
-2.945726 0.956021 -0.857763 2.678398 -0.199336 2.485857 1.048642 3.135268 2.411647 0.341218 -4.426451 1.067206 0.340187 1.393881 1.101851 0.337103 6.882106 0.831446 -1.668226 9.642084 -3.020765 -1.834585 -18.123070 -5.102939 -1.494012 7.917312 8.141608 -14.716376 -20.613199 70.114736 20.552214 47.695328 11.621385 0.852114 15.134499 -7.402788 1.487412 6.238461 -7.790333 10.674738 -17.584183 -74.425517 -38.636860 65.692788 -28.887716 -8.726064 11.730878 -0.999521 -18.837615 -5.409020 -1.763531 -3.677918 -3.443138 1.655179 2.989955 8.231599 -3.088799 0.000000 -0.000000 -0.000000 11.298490 -9.680805 8.180588 -0.580022 42.863175 4.401943 -6.589375 12.034973 -7.239501 2.334608 -39.891664 -7.290384
-2.949050 0.956647 -0.852576 2.389644 -0.202496 2.576369 1.201514 3.225438 2.535342 0.402336 -4.385161 1.120931 0.401166 1.435129 1.161783 0.387209 6.913122 0.876595 -1.624640 9.506453 -3.096664 -1.709819 -18.372394 -5.273978 -1.385420 7.948561 8.122206 -14.010214 -21.032593 69.346551 21.660655 45.942058 12.154343 0.977558 14.917040 -8.631755 1.608766 6.241980 -7.845083 10.851737 -17.636166 -74.716412 -39.824614 65.921618 -29.729684 -8.537542 11.831503 -0.115160 -18.025076 -5.162742 -1.775957 -4.125846 -3.215210 1.650234 2.900799 7.782687 -3.311847 0.000000 -0.000000 -0.000000 12.099444 -10.965057 7.616176 -0.862266 44.575418 5.178732 -5.482261 11.640250 -6.948436 2.228282 -37.069611 -8.191260
-2.951838 0.957466 -0.847769 2.060216 -0.204417 2.741844 1.314102 3.324978 2.616304 0.447679 -4.340012 1.155796 0.446427 1.480241 1.201250 0.423996 6.947023 0.906318 -1.533146 9.404172 -3.170373 -1.493154 -18.558064 -5.463250 -1.253952 7.976945 8.101413 -12.903916 -21.526299 68.572843 22.059608 44.231123 12.062353 1.011375 14.766268 -9.472855 1.652969 6.233391 -7.817560 10.938850 -17.505365 -75.101500 -40.004764 65.626818 -29.481845 -8.272701 11.966099 1.089733 -17.452291 -4.974301 -1.831625 -4.404836 -3.011788 1.592070 2.942885 7.401447 -3.415397 0.000000 -0.000000 -0.000000 13.174996 -12.059295 6.912625 -0.934971 45.625433 6.058498 -4.789786 11.034404 -6.475932 2.058306 -34.417626 -8.959055
-2.954155 0.958378 -0.843320 1.690153 -0.203100 2.954536 1.402931 3.433049 2.668880 0.483858 -4.291277 1.178108 0.482554 1.528948 1.227236 0.452917 6.983615 0.925879 -1.405726 9.336799 -3.240885 -1.208647 -18.677289 -5.663028 -1.104012 8.007328 8.079726 -11.536358 -22.078499 67.792747 22.008398 42.557618 11.579353 0.975108 14.646930 -10.068244 1.653305 6.212112 -7.737771 10.987756 -17.277733 -75.543573 -39.665408 65.020829 -28.659055 -7.954103 12.121638 2.539589 -17.025253 -4.840781 -1.922187 -4.578461 -2.811163 1.503715 3.077873 7.068390 -3.442935 0.000000 0.000000 -0.000000 14.404716 -12.964112 6.109067 -0.921032 46.115762 6.931055 -4.295608 10.166213 -5.904092 1.818886 -31.625974 -9.589874
-2.956337 0.959224 -0.839155 1.324331 -0.158821 3.155558 1.469772 3.501393 2.700937 0.511523 -4.260387 1.191590 0.510172 1.559814 1.243532 0.474767 7.006815 0.938135 -1.249745 9.372426 -3.287884 -0.883436 -18.604230 -5.827697 -0.980964 7.981007 8.055225 -10.377736 -22.651244 67.221644 21.791136 41.241361 10.964403 0.859575 14.580623 -10.476794 1.649716 6.171816 -7.646128 11.006618 -17.050518 -75.835218 -39.796562 64.447753 -28.333441 -7.759272 12.210856 3.580922 -16.830895 -4.726671 -1.987965 -4.530378 -2.691235 1.443726 3.214643 6.782906 -3.469906 0.000000 0.000000 0.000000 15.146467 -13.661972 5.461675 -0.765318 46.068975 7.417239 -3.859424 9.230865 -5.462865 1.601603 -29.263627 -9.915347
-2.958510 0.959973 -0.835264 0.976394 -0.049784 3.329992 1.506832 3.501263 2.708127 0.527627 -4.260199 1.194517 0.526232 1.559988 1.248097 0.487143 7.006977 0.941546 -1.049847 9.584694 -3.297345 -0.498563 -18.201983 -5.933380 -0.896920 7.855144 8.028990 -9.573837 -23.254120 66.978777 21.367469 40.473292 10.195807 0.626129 14.599647 -10.634547 1.654764 6.102536 -7.541107 11.009643 -16.817880 -75.880215 -40.772558 63.985205 -28.900268 -7.765645 12.184867 3.925385 -16.986511 -4.621871 -2.007792 -4.136092 -2.702743 1.441398 3.327107 6.557297 -3.520104 -0.000000 -0.000000 0.000000 15.113558 -14.145708 5.097499 -0.425522 45.445994 7.335928 -3.433929 8.281009 -5.220522 1.490039 -27.673994 -9.876061
-2.960547 0.960656 -0.831655 0.633119 0.101814 3.491863 1.522364 3.460808 2.695493 0.535434 -4.278142 1.188956 0.534005 1.542039 1.243328 0.492654 6.993532 0.937917 -0.822558 9.899868 -3.283232 -0.077793 -17.607730 -6.000297 -0.838640 7.671713 8.001252 -8.989564 -23.898259 66.965001 20.785610 40.059880 9.315966 0.308004 14.669606 -10.608039 1.655660 6.014647 -7.423872 10.986277 -16.584061 -75.776701 -42.144821 63.547425 -29.885620 -7.889657 12.096612 3.861648 -17.374208 -4.538809 -2.002564 -3.518838 -2.793920 1.464395 3.441473 6.379329 -3.569212 -0.000000 0.000000 0.000000 14.573058 -14.443004 4.910464 0.075763 44.285833 6.889787 -3.060438 7.270984 -5.089192 1.443892 -26.513982 -9.562981
-2.962400 0.961211 -0.828279 0.299065 0.268743 3.625605 1.542468 3.417273 2.685073 0.545175 -4.297419 1.184361 0.543708 1.522752 1.239719 0.499701 6.979088 0.935161 -0.622827 10.164577 -3.267126 0.289209 -17.107934 -6.050395 -0.813363 7.498760 7.968746 -8.680329 -24.561648 67.081483 20.429837 39.744756 8.649939 0.008930 14.714076 -10.650479 1.654179 5.932024 -7.339313 10.912089 -16.459603 -75.607855 -43.613059 63.243679 -31.005251 -8.056264 12.019673 3.598958 -17.727910 -4.475430 -1.975799 -2.933496 -2.888684 1.480871 3.545482 6.211565 -3.619496 -0.000000 0.000000 -0.000000 13.707338 -14.602768 4.812959 0.707456 42.733067 6.284765 -2.714187 6.253965 -5.054857 1.380069 -25.319569 -9.036211
-2.964055 0.961590 -0.825170 -0.027306 0.453993 3.722884 1.579835 3.374459 2.683362 0.562127 -4.316240 1.183521 0.560598 1.503913 1.240599 0.512466 6.964992 0.935779 -0.470656 10.337972 -3.256556 0.570103 -16.779287 -6.092008 -0.845378 7.344239 7.925930 -8.797106 -25.283522 67.380898 20.425191 39.551613 8.328636 -0.255812 14.700302 -10.867346 1.654157 5.858256 -7.315836 10.776968 -16.503998 -75.351556 -45.320466 63.175570 -32.413819 -8.295166 11.976242 3.067654 -18.008939 -4.434777 -1.917419 -2.416324 -2.982755 1.483820 3.639106 6.051949 -3.675057 0.000000 -0.000000 0.000000 12.329640 -14.636030 4.814980 1.668129 40.798426 5.586400 -2.309206 5.183675 -5.115666 1.284389 -23.966066 -8.321357
-2.965524 0.961841 -0.822295 -0.344650 0.653992 3.791839 1.621731 3.328650 2.683764 0.581001 -4.336356 1.183611 0.579403 1.483778 1.242605 0.526754 6.949929 0.937244 -0.345318 10.460443 -3.243939 0.800259 -16.546318 -6.119047 -0.910695 7.199745 7.878386 -9.202122 -26.022775 67.825316 20.640253 39.454134 8.223255 -0.498068 14.660403 -11.153720 1.651802 5.789144 -7.325182 10.590695 -16.656306 -75.027134 -47.173161 63.224709 -34.004841 -8.588657 11.934508 2.338729 -18.255572 -4.412345 -1.837021 -1.931190 -3.080612 1.481286 3.722304 5.902457 -3.731631 -0.000000 0.000000 0.000000 10.626415 -14.527245 4.901848 2.798825 38.457048 4.778503 -1.918507 4.104627 -5.258348 1.163646 -22.570568 -7.403099
-2.966795 0.962044 -0.819498 -0.644302 0.831596 3.842244 1.655918 3.306101 2.688151 0.596112 -4.346159 1.185429 0.594467 1.473960 1.245958 0.538318 6.942595 0.939740 -0.240355 10.500464 -3.228193 0.993851 -16.467366 -6.134220 -0.944785 7.109193 7.838209 -9.503318 -26.639756 68.165046 21.068195 39.123232 8.259688 -0.653949 14.611702 -11.443990 1.637625 5.736632 -7.327542 10.359446 -16.848897 -74.779043 -48.510314 63.205996 -35.104471 -8.777877 11.902307 1.826999 -18.317350 -4.395025 -1.769591 -1.624848 -3.119695 1.467147 3.782784 5.731605 -3.779031 0.000000 0.000000 0.000000 9.342810 -14.288369 4.942513 3.508677 35.811620 3.917228 -1.754505 3.207091 -5.466709 0.990105 -21.026195 -6.304535
-2.967892 0.962213 -0.816747 -0.920006 0.967488 3.878420 1.680773 3.329112 2.697117 0.606580 -4.335748 1.189133 0.604922 1.484359 1.250726 0.546491 6.950415 0.943318 -0.159277 10.416768 -3.207402 1.145906 -16.619342 -6.134641 -0.927781 7.099763 7.813264 -9.565853 -27.099682 68.301681 21.768093 38.358760 8.438403 -0.685963 14.552282 -11.733994 1.609315 5.709008 -7.307241 10.081780 -17.089107 -74.669478 -49.021406 63.076732 -35.402406 -8.773770 11.892828 1.689331 -18.087658 -4.375416 -1.731069 -1.593139 -3.071511 1.435861 3.802610 5.523886 -3.815915 -0.000000 0.000000 -0.000000 8.824580 -13.919662 4.894045 3.504972 32.824866 2.963829 -1.935611 2.579033 -5.782766 0.764486 -19.338077 -4.984342
-2.968791 0.962334 -0.814075 -1.178217 1.080690 3.896641 1.697848 3.375388 2.709740 0.613258 -4.315027 1.194402 0.611605 1.505073 1.256673 0.551901 6.965962 0.947799 -0.097982 10.250514 -3.182818 1.262831 -16.925666 -6.122977 -0.880196 7.144652 7.794563 -9.514947 -27.441538 68.322471 22.656185 37.355271 8.731499 -0.629784 14.483867 -12.023304 1.569119 5.698083 -7.280063 9.759810 -17.372280 -74.633705 -49.011507 62.907422 -35.209325 -8.653590 11.904123 1.764374 -17.673262 -4.361797 -1.706769 -1.740599 -2.964956 1.395115 3.799617 5.294747 -3.843416 0.000000 -0.000000 0.000000 8.725384 -13.421515 4.795626 3.114129 29.539252 1.985280 -2.326890 2.132517 -6.196649 0.515127 -17.473756 -3.528312
-2.969404 0.962448 -0.811431 -1.429323 1.191647 3.894764 1.699689 3.404292 2.725776 0.613069 -4.302096 1.201387 0.611428 1.518005 1.263639 0.552257 6.975660 0.953064 -0.038854 10.093928 -3.158291 1.375250 -17.214139 -6.110253 -0.798134 7.207023 7.768622 -9.338224 -27.642184 68.244212 23.517784 36.380528 9.023095 -0.536692 14.426625 -12.251907 1.514333 5.691267 -7.253371 9.406327 -17.613891 -74.628212 -48.710648 62.703419 -34.752367 -8.495973 11.930657 1.987513 -17.243925 -4.365338 -1.686274 -1.926983 -2.823542 1.358736 3.815118 5.059134 -3.855304 0.000000 0.000000 0.000000 8.750772 -12.812191 4.640074 2.633759 26.188924 1.161122 -2.768219 1.795387 -6.619261 0.285452 -15.276108 -2.167309
-2.969661 0.962577 -0.808852 -1.686113 1.315673 3.879791 1.688322 3.404658 2.744151 0.607042 -4.301915 1.209652 0.605414 1.518193 1.271292 0.548317 6.975786 0.958859 0.019655 9.961037 -3.137858 1.487227 -17.458483 -6.104326 -0.658038 7.290410 7.724081 -8.964535 -27.650845 68.027650 24.337998 35.399201 9.274774 -0.410741 14.381011 -12.408070 1.431640 5.683956 -7.229173 8.988766 -17.778126 -74.659080 -48.001394 62.425646 -33.912110 -8.296843 11.978789 2.435146 -16.788892 -4.414316 -1.675658 -2.163222 -2.632961 1.328439 3.866994 4.811485 -3.848743 -0.000000 0.000000 -0.000000 8.791701 -12.061391 4.414990 2.127912 22.755118 0.520736 -3.282854 1.559581 -7.078671 0.098909 -12.519623 -0.870757
-2.969633 0.962699 -0.806301 -1.935909 1.437223 3.844697 1.661759 3.387714 2.766301 0.594156 -4.309503 1.219794 0.592552 1.510617 1.280125 0.539346 6.970074 0.965560 0.075881 9.837804 -3.117273 1.594289 -17.685022 -6.096775 -0.483573 7.391340 7.672218 -8.466415 -27.516646 67.711637 25.136211 34.448982 9.524208 -0.252472 14.343730 -12.504085 1.334272 5.680749 -7.205560 8.539698 -17.902256 -74.721751 -47.024277 62.105255 -32.831201 -8.057521 12.041654 3.031412 -16.319005 -4.480841 -1.669170 -2.438140 -2.407317 1.302075 3.937116 4.557305 -3.826937 -0.000000 -0.000000 -0.000000 8.953588 -11.199181 4.134884 1.494792 19.262960 0.030188 -3.845813 1.428666 -7.558890 -0.011373 -9.427793 0.277541
-2.969442 0.962793 -0.803615 -2.150926 1.530332 3.766372 1.606511 3.346484 2.796074 0.568244 -4.328022 1.233657 0.566684 1.492126 1.291357 0.520825 6.956148 0.974102 0.142145 9.774429 -3.088682 1.713590 -17.800301 -6.075249 -0.341202 7.462191 7.634147 -8.046058 -27.367873 67.431165 25.772195 33.908874 9.803682 -0.111373 14.326791 -12.518747 1.259258 5.682905 -7.184182 8.169756 -18.008431 -74.759470 -46.365249 61.862671 -32.097613 -7.866872 12.095110 3.483453 -16.036392 -4.491755 -1.637101 -2.578115 -2.212723 1.287392 4.012838 4.328144 -3.792801 -0.000000 0.000000 0.000000 9.265587 -10.334775 3.832376 0.742790 16.017325 -0.264149 -4.247463 1.355960 -7.874795 -0.039869 -6.555986 0.936453
-2.969140 0.962822 -0.800713 -2.305421 1.599302 3.632775 1.503268 3.265111 2.837370 0.520612 -4.364629 1.253170 0.519134 1.455567 1.306035 0.486342 6.928624 0.985292 0.219611 9.782577 -3.051324 1.846303 -17.782662 -6.038072 -0.265683 7.457755 7.618167 -7.741619 -27.221519 67.223937 26.191274 33.962217 10.141833 -0.003271 14.335084 -12.436092 1.229652 5.685781 -7.161906 7.956983 -18.082469 -74.759187 -46.275458 61.764454 -31.965909 -7.759694 12.131878 3.673558 -16.057453 -4.422351 -1.562264 -2.490198 -2.087919 1.294306 4.087668 4.131529 -3.746884 0.000123 0.014102 -0.048048 9.816420 -9.481349 3.493239 -0.223263 13.013920 -0.320672 -4.410806 1.293087 -7.934194 -0.024606 -3.850062 0.871162
-2.968675 0.962822 -0.797675 -2.425175 1.639618 3.456391 1.370961 3.159952 2.886707 0.459789 -4.411976 1.276532 0.458427 1.408273 1.323220 0.442206 6.893013 0.998389 0.306806 9.850648 -3.006560 1.990860 -17.653666 -5.987753 -0.221924 7.423140 7.616770 -7.513615 -27.062456 67.052598 26.469028 34.425391 10.537501 0.087836 14.362240 -12.273302 1.222293 5.694115 -7.142046 7.823575 -18.136327 -74.736200 -46.482705 61.749589 -32.160911 -7.704027 12.159586 3.719194 -16.265162 -4.295651 -1.461643 -2.267112 -1.994688 1.312448 4.168137 3.959904 -3.688566 0.000205 0.028194 -0.096099 10.517016 -8.623530 3.141559 -1.345289 10.269955 -0.203247 -4.438568 1.299007 -7.809482 -0.004884 -1.404302 0.383391
-2.968011 0.962890 -0.794578 -2.559441 1.611908 3.251163 1.253529 3.072215 2.936406 0.405486 -4.451515 1.299830 0.404241 1.368773 1.341001 0.402990 6.863256 1.011914 0.412082 9.993916 -2.950164 2.160435 -17.384708 -5.918945 -0.171504 7.446092 7.626848 -7.444332 -26.973354 66.936128 26.664640 35.125952 10.987672 0.160574 14.403703 -12.058861 1.204963 5.723141 -7.136251 7.645971 -18.229294 -74.675388 -46.764790 61.757376 -32.452857 -7.689508 12.177976 3.679986 -16.511459 -4.110452 -1.356364 -2.013840 -1.883734 1.319614 4.261279 3.822196 -3.618895 -0.000000 -0.000000 -0.000000 11.135447 -7.830152 2.862296 -2.375883 8.117870 -0.050884 -4.397841 1.494171 -7.553340 -0.000000 0.000000 -0.000000
-2.967127 0.963075 -0.791368 -2.735589 1.485871 3.012833 1.169849 3.018070 2.987477 0.365942 -4.475926 1.323350 0.364788 1.344388 1.360504 0.374917 6.844865 1.026712 0.553475 10.254006 -2.875130 2.384063 -16.897896 -5.823697 -0.087960 7.583902 7.652151 -7.619190 -27.030340 66.878323 26.821201 36.096248 11.556633 0.209875 14.465780 -11.795913 1.152508 5.789003 -7.157045 7.365132 -18.395723 -74.553698 -47.058716 61.775545 -32.802506 -7.730530 12.181334 3.552384 -16.794083 -3.839982 -1.244206 -1.712566 -1.748979 1.302674 4.371478 3.729433 -3.541799 -0.000240 -0.084640 0.386731 11.660083 -7.095293 2.669997 -3.359112 6.689705 0.074210 -4.326082 2.109791 -7.088246 -0.004357 -0.337494 -0.047160
-2.966044 0.963327 -0.788098 -2.925202 1.291293 2.746416 1.101001 2.981271 3.038273 0.332913 -4.492548 1.346570 0.331838 1.327787 1.380371 0.351729 6.832325 1.041774 0.713822 10.589002 -2.788510 2.634164 -16.271644 -5.709734 0.002507 7.779268 7.688194 -7.952851 -27.157004 66.874962 26.913145 37.307568 12.185304 0.244208 14.544300 -11.480727 1.090403 5.875304 -7.192716 7.038053 -18.598760 -74.392126 -47.430048 61.813470 -33.251887 -7.815393 12.172515 3.341168 -17.114426 -3.510144 -1.130989 -1.381144 -1.596841 1.274565 4.494646 3.670466 -3.453519 -0.000423 -0.211274 0.917682 12.108719 -6.428132 2.545767 -4.238519 5.850806 0.204237 -4.174585 2.917822 -6.496520 -0.005783 -1.707600 0.059304
-2.964790 0.963596 -0.785001 -3.093997 1.079092 2.479510 1.034585 2.953998 3.076849 0.301542 -4.504976 1.364285 0.300546 1.315377 1.394900 0.329377 6.822934 1.052803 0.848425 10.888900 -2.707331 2.838949 -15.711745 -5.596109 0.059218 7.948001 7.718911 -8.270680 -27.206723 66.930715 26.874574 38.496719 12.669758 0.280492 14.619234 -11.131638 1.062336 5.948536 -7.218060 6.715910 -18.791940 -74.242070 -47.846073 61.846872 -33.689510 -7.892483 12.165743 3.117679 -17.330951 -3.201551 -1.046235 -1.177891 -1.396009 1.252945 4.625131 3.620974 -3.343631 -0.001369 -0.379450 1.297682 12.295792 -5.920842 2.513605 -4.603219 5.520302 0.321120 -3.886181 3.339854 -6.063355 -0.002281 -2.768442 0.204348
-2.963383 0.963876 -0.782121 -3.228414 0.859678 2.220672 0.967509 2.934661 3.099777 0.270639 -4.513941 1.374997 0.269726 1.306427 1.402474 0.306854 6.816143 1.058578 0.936289 11.120260 -2.641797 2.964884 -15.280901 -5.495600 0.056607 8.053751 7.739165 -8.480782 -27.129204 67.050039 26.606708 39.607765 12.879522 0.333600 14.689364 -10.719004 1.099942 5.992538 -7.220858 6.369757 -18.964391 -74.117349 -48.282891 61.892118 -34.067654 -7.951636 12.167364 2.858433 -17.377462 -2.926570 -1.002410 -1.181532 -1.148110 1.248411 4.764719 3.578783 -3.206135 -0.003852 -0.597706 1.379731 12.031812 -5.656003 2.604125 -4.034685 5.880930 0.401334 -3.363478 2.998407 -5.924307 -0.002798 -2.931096 0.351219
-2.961804 0.964173 -0.779413 -3.341854 0.623003 1.961168 0.903142 2.924626 3.110339 0.241521 -4.518797 1.380147 0.240688 1.301584 1.404667 0.285257 6.812442 1.060291 0.998254 11.316592 -2.581958 3.045798 -14.916241 -5.396640 0.020101 8.133131 7.753838 -8.673730 -26.973368 67.225822 26.179991 40.698329 12.918925 0.389614 14.759258 -10.272685 1.171454 6.023330 -7.212174 6.029186 -19.127513 -74.005627 -48.763699 61.934755 -34.434051 -8.003293 12.170289 2.586122 -17.320896 -2.674995 -0.982544 -1.312712 -0.850435 1.250125 4.912011 3.546025 -3.047180 -0.007240 -0.857816 1.310898 11.505030 -5.544704 2.779425 -2.941724 6.737952 0.461535 -2.715138 2.264407 -5.960839 -0.005580 -2.788774 0.528885
-2.960022 0.964459 -0.776975 -3.441118 0.389627 1.702190 0.838879 2.920464 3.106786 0.213138 -4.521086 1.378985 0.212386 1.299307 1.400624 0.263740 6.810673 1.057294 1.051638 11.468514 -2.514829 3.109931 -14.634866 -5.282503 -0.014631 8.211317 7.762004 -8.946345 -26.741099 67.441992 25.772392 41.675164 12.934603 0.417311 14.815205 -9.900533 1.225320 6.055953 -7.201514 5.834708 -19.270969 -73.920074 -49.320488 61.906543 -34.813583 -8.022501 12.172899 2.440459 -17.220336 -2.494572 -0.969085 -1.492361 -0.464965 1.243510 5.056416 3.504890 -2.874506 -0.010648 -1.134378 1.237061 11.096582 -5.424710 2.959932 -2.161219 7.444151 0.528596 -2.202697 1.678423 -6.042077 -0.008736 -2.771455 0.697521
-2.958067 0.964717 -0.774780 -3.529620 0.161071 1.438381 0.776774 2.917827 3.088372 0.186471 -4.522724 1.371181 0.185795 1.297678 1.390111 0.243022 6.809402 1.049407 1.101288 11.576788 -2.436361 3.164785 -14.435287 -5.147517 -0.027528 8.311001 7.756833 -9.344432 -26.413037 67.710677 25.435825 42.488970 12.953437 0.383249 14.846173 -9.652476 1.239509 6.105036 -7.190177 5.890860 -19.392359 -73.881255 -50.027998 61.791143 -35.249110 -7.986976 12.184807 2.482356 -17.054273 -2.395789 -0.954758 -1.734390 0.032378 1.225294 5.194476 3.445845 -2.689137 -0.014054 -1.433086 1.202887 10.912953 -5.228592 3.146801 -2.007046 7.737259 0.604835 -1.969201 1.463960 -6.142423 -0.014703 -3.072471 0.852233
-2.955909 0.964963 -0.772855 -3.603986 -0.064018 1.174917 0.715002 2.920942 3.055841 0.160643 -4.521834 1.357068 0.160043 1.298575 1.373375 0.222464 6.810034 1.036823 1.141847 11.640783 -2.350338 3.201726 -14.318744 -4.996675 -0.038307 8.409285 7.745309 -9.816824 -26.005028 68.013812 25.117409 43.188765 12.949251 0.316181 14.860691 -9.478258 1.236174 6.156276 -7.177324 6.093830 -19.497373 -73.868742 -50.803974 61.603744 -35.690636 -7.916519 12.201825 2.650793 -16.844957 -2.368698 -0.945791 -2.024203 0.617913 1.196878 5.329828 3.378398 -2.490148 -0.017387 -1.748227 1.163701 10.848203 -5.027653 3.341134 -2.169586 7.884246 0.677595 -1.868244 1.398527 -6.264861 -0.023561 -3.494573 0.996623
-2.953428 0.965223 -0.771377 -3.661190 -0.269381 0.928730 0.645159 2.939289 3.009669 0.131832 -4.514250 1.336888 0.131318 1.306168 1.350271 0.199188 6.815691 1.019443 1.175063 11.649071 -2.255355 3.224072 -14.306406 -4.828615 -0.071279 8.463067 7.747366 -10.315929 -25.572479 68.290440 24.851667 43.831510 13.001914 0.276247 14.872442 -9.335782 1.229940 6.181455 -7.169496 6.271481 -19.587491 -73.833777 -51.441252 61.325771 -36.017741 -7.847693 12.203148 2.903061 -16.717265 -2.429345 -0.947236 -2.240205 1.257066 1.151498 5.462310 3.313283 -2.282225 -0.020115 -2.037178 1.131322 10.966030 -4.874610 3.465066 -2.554470 8.034281 0.730314 -1.722751 1.351421 -6.289771 -0.032022 -3.879077 1.090398
-2.950602 0.965523 -0.770309 -3.678343 -0.465530 0.705547 0.559044 2.974053 2.946829 0.096542 -4.499498 1.309347 0.096133 1.320927 1.319146 0.170455 6.826720 0.996027 1.193706 11.599746 -2.146154 3.215569 -14.402428 -4.630102 -0.145093 8.447907 7.772569 -10.842575 -25.106387 68.524208 24.659386 44.421639 13.156354 0.294810 14.884220 -9.225468 1.225250 6.170609 -7.170925 6.374012 -19.651897 -73.749885 -51.886298 60.922303 -36.197948 -7.792535 12.174383 3.259180 -16.762884 -2.549503 -0.967710 -2.315932 1.922360 1.089916 5.596624 3.235393 -2.074279 -0.021996 -2.259310 1.117765 11.391542 -4.766556 3.492001 -3.312016 8.220399 0.740692 -1.431513 1.296335 -6.174638 -0.038009 -4.195702 1.118076
-2.947453 0.965837 -0.769689 -3.678735 -0.641616 0.499350 0.465058 3.024050 2.870230 0.058378 -4.478028 1.275707 0.058083 1.342401 1.281629 0.139086 6.842786 0.967796 1.203945 11.495113 -2.027571 3.189680 -14.601853 -4.412650 -0.242057 8.389104 7.811964 -11.394653 -24.615797 68.728176 24.524096 44.957329 13.372620 0.339638 14.892045 -9.147226 1.217221 6.133648 -7.177027 6.451477 -19.700658 -73.643812 -52.194441 60.431764 -36.262496 -7.741203 12.132662 3.699564 -16.890407 -2.756435 -0.999800 -2.317642 2.640363 1.012597 5.727938 3.159716 -1.857326 -0.023507 -2.455237 1.110948 11.998545 -4.709148 3.451229 -4.291899 8.412651 0.729636 -1.095298 1.259087 -5.962640 -0.041576 -4.475217 1.093927
-2.943926 0.966115 -0.769799 -3.729049 -0.749662 0.309714 0.379596 3.095069 2.789307 0.024124 -4.447134 1.240070 0.023930 1.373299 1.242517 0.110507 6.865937 0.938368 1.227777 11.329843 -1.913109 3.194492 -14.912783 -4.211726 -0.332017 8.318132 7.857868 -11.925033 -24.185633 68.891700 24.426481 45.486714 13.603459 0.376194 14.900992 -9.058626 1.206274 6.072038 -7.180801 6.481245 -19.764636 -73.546511 -52.329109 59.948287 -36.191757 -7.695677 12.101349 4.122068 -16.950656 -3.149266 -1.024291 -2.323041 3.457328 0.912756 5.842435 3.142263 -1.608957 -0.025206 -2.704198 1.086607 12.473182 -4.766013 3.345422 -4.947392 8.663286 0.744887 -0.840421 1.188172 -5.663772 -0.041350 -4.651760 1.018041
-2.939860 0.966319 -0.770697 -3.820373 -0.793358 0.161929 0.296871 3.195274 2.696728 -0.008452 -4.403234 1.199196 -0.008555 1.417204 1.198337 0.082780 6.898859 0.905126 1.265863 11.106703 -1.803142 3.231108 -15.330180 -4.028292 -0.412907 8.219272 7.911215 -12.468329 -23.837665 69.008457 24.380260 46.063513 13.875627 0.388155 14.912119 -8.944512 1.196475 5.976831 -7.181336 6.435260 -19.850875 -73.469288 -52.245979 59.494137 -35.960674 -7.656781 12.085460 4.512410 -16.891845 -3.754495 -1.070905 -2.390080 4.408809 0.782692 5.927178 3.163719 -1.344084 -0.027744 -3.015722 1.066531 12.636963 -4.950867 3.121207 -4.999631 9.034441 0.838719 -0.728534 1.034352 -5.240793 -0.035178 -4.674241 0.854828
-2.935417 0.966487 -0.772327 -3.962308 -0.769340 0.030653 0.222352 3.316095 2.599745 -0.037223 -4.350101 1.156304 -0.037251 1.470339 1.152523 0.057761 6.938712 0.870648 1.317187 10.822775 -1.696378 3.297209 -15.859615 -3.859653 -0.486640 8.108271 7.972088 -12.993849 -23.551667 69.090901 24.374360 46.634388 14.163470 0.391726 14.925081 -8.820169 1.183412 5.857034 -7.178860 6.341426 -19.951180 -73.399918 -52.006253 59.045985 -35.609387 -7.622870 12.078179 4.884579 -16.766805 -4.546182 -1.109632 -2.460714 5.459332 0.628933 5.996704 3.243773 -1.047439 -0.030239 -3.380313 1.029197 12.668808 -5.248475 2.830426 -4.724184 9.458047 0.963804 -0.699658 0.846328 -4.730766 -0.025776 -4.593202 0.639897
-2.931030 0.966678 -0.774792 -4.249753 -0.620017 -0.160794 0.189348 3.438109 2.529654 -0.048884 -4.296159 1.125128 -0.048879 1.524272 1.120161 0.046549 6.979173 0.846292 1.401420 10.463709 -1.603649 3.436788 -16.526264 -3.736480 -0.527947 8.063089 8.030449 -13.359484 -23.350461 69.163384 24.347825 47.083708 14.339655 0.401204 14.943492 -8.689085 1.155115 5.741253 -7.167994 6.260922 -20.073760 -73.333821 -51.729641 58.629785 -35.215129 -7.589299 12.082188 5.178866 -16.588548 -5.545483 -1.029184 -2.438862 6.548615 0.467280 6.081174 3.496814 -0.651283 -0.029743 -3.848775 0.885193 12.789368 -5.678320 2.631447 -4.408622 9.791256 1.016235 -0.697222 0.720902 -4.254370 -0.018832 -4.495779 0.479762
-2.926928 0.966953 -0.778204 -4.745279 -0.290113 -0.454591 0.224210 3.548459 2.502730 -0.032535 -4.246973 1.112690 -0.032572 1.573451 1.109380 0.057891 7.016095 0.838160 1.534890 9.997129 -1.533950 3.688211 -17.389050 -3.686696 -0.521578 8.119897 8.083879 -13.525182 -23.247665 69.237504 24.287302 47.354356 14.352792 0.419235 14.974714 -8.554783 1.128996 5.628924 -7.140617 6.233309 -20.219513 -73.297869 -51.504035 58.285026 -34.837410 -7.553879 12.102408 5.355537 -16.382615 -6.834259 -0.734882 -2.241436 7.720175 0.275330 6.181832 3.965393 -0.132090 -0.023737 -4.467209 0.607640 13.025712 -6.292977 2.616266 -4.085329 9.995186 0.921802 -0.702117 0.700906 -3.848105 -0.016089 -4.420683 0.416849
-2.922882 0.967251 -0.782452 -5.389058 0.161424 -0.813571 0.301164 3.659725 2.501425 0.001183 -4.197106 1.111309 0.001061 1.623323 1.111419 0.083169 7.053560 0.839667 1.700542 9.454687 -1.477590 4.014179 -18.390315 -3.684320 -0.481452 8.241907 8.132102 -13.533591 -23.232054 69.306536 24.202661 47.497855 14.258840 0.442928 15.011712 -8.414099 1.088195 5.521107 -7.104015 6.219016 -20.388062 -73.264522 -51.240878 57.971260 -34.417468 -7.517109 12.131126 5.454354 -16.144069 -8.330012 -0.311877 -1.951584 8.930125 0.082916 6.305770 4.606097 0.487894 -0.010102 -5.189253 0.222293 13.346577 -7.040312 2.693643 -3.724598 10.109916 0.753647 -0.732285 0.745018 -3.474969 -0.015445 -4.329728 0.408524
-2.918647 0.967448 -0.787316 -6.091766 0.621000 -1.194271 0.375580 3.790913 2.506456 0.033347 -4.138387 1.112703 0.033159 1.682044 1.116086 0.107482 7.097658 0.843173 1.868537 8.918290 -1.417104 4.345241 -19.380140 -3.677872 -0.426057 8.397377 8.167505 -13.366124 -23.289903 69.366226 24.065020 47.560540 14.091452 0.478509 15.036413 -8.260021 0.969656 5.449231 -7.075246 6.161153 -20.584597 -73.146604 -50.798176 57.593279 -33.857794 -7.478126 12.152018 5.535022 -15.834927 -9.809607 0.077703 -1.720830 9.986613 -0.018818 6.492925 5.403663 1.208288 0.014586 -5.926876 -0.281760 13.885736 -7.784016 2.739378 -3.524344 10.115581 0.622635 -0.785805 0.824665 -3.145107 -0.015867 -4.195334 0.433202
-2.913961 0.967519 -0.792919 -6.885547 1.076991 -1.594800 0.449935 3.966239 2.519977 0.064815 -4.060062 1.117740 0.064585 1.760354 1.124328 0.131529 7.156430 0.849396 2.047241 8.356421 -1.354444 4.701152 -20.416400 -3.677278 -0.345151 8.606143 8.180229 -12.944135 -23.463887 69.397807 23.824878 47.449271 13.808330 0.527116 15.036294 -8.122126 0.740369 5.418899 -7.071842 6.081172 -20.823354 -72.915920 -50.185241 57.087461 -33.160720 -7.436087 12.157598 5.626746 -15.419079 -11.350713 0.384720 -1.623599 10.931562 0.010129 6.768015 6.592791 2.036451 0.058474 -7.039807 -1.118733 14.857678 -8.524572 2.678361 -3.642590 10.014996 0.582679 -0.890645 0.933130 -2.883896 -0.017682 -4.010369 0.505213
-2.909086 0.967490 -0.799137 -7.738951 1.538841 -2.018956 0.522575 4.161762 2.538324 0.095115 -3.972743 1.124815 0.094838 1.847664 1.134481 0.154807 7.221955 0.857061 2.229198 7.801008 -1.286287 5.063362 -21.440604 -3.670873 -0.249684 8.847699 8.177195 -12.344875 -23.715531 69.411256 23.536283 47.254231 13.461555 0.587815 15.023811 -7.969928 0.433715 5.425009 -7.073447 5.959797 -21.084567 -72.596216 -49.420873 56.507721 -32.351576 -7.391921 12.154761 5.700365 -14.930748 -12.879768 0.654653 -1.584584 11.723845 0.123037 7.116354 7.937470 2.970306 0.126172 -8.167557 -2.076950 16.050904 -9.265369 2.567626 -3.923660 9.807873 0.576821 -1.018623 1.078007 -2.666904 -0.020129 -3.781827 0.609873
-2.904562 0.967318 -0.805381 -8.464326 1.928938 -2.425062 0.541462 4.324523 2.536392 0.102724 -3.900280 1.123378 0.102427 1.920143 1.133808 0.160307 7.276342 0.856590 2.361815 7.430021 -1.188297 5.301758 -22.127217 -3.570385 -0.189755 9.030428 8.180033 -11.784436 -23.906877 69.452279 23.316209 47.301860 13.209091 0.664182 15.020002 -7.706469 0.086807 5.484224 -7.042442 5.678159 -21.319290 -72.174946 -48.383527 55.928502 -31.375167 -7.347676 12.149244 5.728002 -14.411194 -13.949128 0.850668 -1.532047 12.046051 0.281939 7.498611 8.712157 3.996139 0.177908 -8.139036 -2.524845 16.961120 -9.873571 2.492123 -4.094956 9.467959 0.550025 -1.084479 1.251077 -2.428745 -0.020868 -3.503470 0.682317
-2.900533 0.966912 -0.811558 -9.015498 2.242912 -2.801114 0.473438 4.439855 2.505213 0.073525 -3.849421 1.109885 0.073280 1.971027 1.117352 0.137155 7.314481 0.844293 2.432283 7.308310 -1.056049 5.382210 -22.356949 -3.352520 -0.189043 9.106214 8.196831 -11.241459 -23.977658 69.537647 23.162236 47.695278 13.041972 0.756582 15.023845 -7.279969 -0.336836 5.626993 -6.943364 5.189085 -21.481628 -71.639477 -46.948888 55.279402 -30.114245 -7.298529 12.136424 5.731799 -13.692605 -14.373617 0.924393 -1.524500 11.549811 0.503183 8.027673 8.707439 5.383099 0.158384 -5.879474 -1.976129 17.430010 -10.277683 2.491858 -4.063144 8.899864 0.480005 -1.045675 1.440074 -2.130055 -0.018845 -3.124308 0.690864
-2.896856 0.966362 -0.817760 -9.436625 2.488934 -3.154050 0.350501 4.522953 2.456777 0.021040 -3.813232 1.089360 0.020892 2.007218 1.091502 0.095926 7.341553 0.824960 2.456036 7.372904 -0.898190 5.344331 -22.245013 -3.046346 -0.223775 9.124234 8.223991 -10.738186 -23.986022 69.657328 23.070403 48.334819 12.954929 0.869194 15.038677 -6.742267 -0.798854 5.827095 -6.817090 4.540391 -21.604431 -70.997638 -45.275277 54.603452 -28.729521 -7.250036 12.120534 5.689188 -12.921012 -14.340390 0.913939 -1.516398 10.581361 0.763636 8.533110 8.110901 6.846590 0.075712 -2.481550 -0.863268 17.615097 -10.545347 2.543675 -3.922053 8.196805 0.390743 -0.945910 1.655632 -1.807991 -0.015711 -2.695462 0.667649
-2.893640 0.965900 -0.823678 -9.673574 2.611623 -3.466425 0.217549 4.565534 2.399228 -0.035184 -3.795108 1.064979 -0.035239 2.025324 1.061401 0.051608 7.355055 0.802403 2.423237 7.610155 -0.711661 5.169323 -21.816926 -2.643749 -0.272037 9.139384 8.267553 -10.559122 -23.967170 69.827766 23.157678 49.246823 13.106732 1.012167 15.091741 -6.152792 -1.151444 6.012735 -6.742463 3.749588 -21.758947 -70.266867 -43.603568 54.159717 -27.524717 -7.220616 12.121500 5.505198 -12.601344 -13.954271 0.912506 -1.269705 9.863740 0.979178 8.568717 6.830693 7.534044 0.000000 -0.000000 0.000000 17.483463 -10.749723 2.652877 -3.677537 7.613395 0.298089 -0.828065 1.923623 -1.511591 -0.013280 -2.364063 0.643622
-2.890980 0.965585 -0.829079 -9.656693 2.576771 -3.716731 0.058280 4.558133 2.325910 -0.102007 -3.799298 1.033936 -0.101958 2.021119 1.023561 -0.001185 7.351828 0.774009 2.327905 8.065317 -0.494992 4.845648 -20.987907 -2.139957 -0.332471 9.166765 8.357555 -10.891379 -23.954264 70.045674 23.595809 50.578823 13.708345 1.200404 15.220003 -5.489238 -1.325335 6.165715 -6.762290 2.649979 -21.985075 -69.332187 -41.880834 54.046968 -26.576661 -7.248337 12.144049 5.098452 -13.120524 -13.105790 1.004130 -0.328639 9.450872 1.107573 7.858388 4.468028 6.935388 -0.017951 0.599548 0.196506 16.878459 -10.903815 2.840460 -3.267889 7.270083 0.195636 -0.674849 2.256837 -1.255012 -0.012046 -2.200511 0.627240
-2.888782 0.965357 -0.834195 -9.453503 2.421925 -3.925129 -0.111083 4.510621 2.243205 -0.172612 -3.821302 0.998866 -0.172441 1.999100 0.981322 -0.057092 7.335250 0.742287 2.179703 8.693918 -0.253252 4.404416 -19.838119 -1.558341 -0.407138 9.191805 8.463372 -11.548628 -23.907100 70.312380 24.287260 52.177385 14.615517 1.427299 15.382453 -4.774079 -1.391184 6.298848 -6.833621 1.394558 -22.229830 -68.310686 -40.094300 54.179519 -25.751012 -7.302348 12.187308 4.550071 -14.082429 -11.895218 1.086304 0.857810 9.284677 1.177665 6.763565 1.430636 5.627951 -0.007421 0.300277 0.096898 15.956649 -10.987029 3.085227 -2.752413 7.045612 0.092031 -0.501073 2.642457 -1.023793 -0.011362 -2.134408 0.609934
-2.886875 0.965265 -0.839409 -9.215515 2.198768 -4.136674 -0.196815 4.443109 2.178711 -0.206910 -3.851731 0.971071 -0.206663 1.968664 0.950051 -0.084997 7.312411 0.718727 1.990375 9.346440 0.010910 3.882015 -18.643037 -0.922178 -0.478294 9.223376 8.498905 -12.254364 -23.750503 70.650885 24.896100 53.624092 15.411865 1.663270 15.488991 -4.135024 -1.412826 6.384125 -6.903908 0.482894 -22.459315 -67.573876 -38.480914 54.567431 -24.958073 -7.292315 12.263185 4.008603 -14.829475 -10.745150 0.991913 1.193351 9.926238 1.262223 5.780136 -1.141952 4.406314 -0.000000 -0.000000 0.000000 15.154432 -11.026478 3.328247 -2.318668 6.833135 0.023914 -0.396776 3.069084 -0.826054 -0.010948 -2.101708 0.596831
-2.885283 0.965386 -0.844893 -8.973895 1.908825 -4.384263 -0.152622 4.366270 2.149851 -0.185308 -3.885684 0.957866 -0.185084 1.934718 0.939039 -0.069584 7.286998 0.710294 1.741352 10.000437 0.305619 3.241211 -17.443586 -0.210380 -0.535544 9.259702 8.411010 -13.001929 -23.418587 71.149538 25.232349 54.781475 15.870149 1.897841 15.481379 -3.692476 -1.413678 6.397950 -6.951758 0.062347 -22.715116 -67.293594 -37.014665 55.393197 -24.054839 -7.186617 12.380538 3.421097 -15.096635 -9.838358 0.663206 -0.114289 11.745864 1.407714 4.954396 -2.792195 3.467987 -0.001602 0.200096 -0.068765 14.502658 -11.037017 3.597814 -1.934520 6.622076 -0.002572 -0.395475 3.537993 -0.663544 -0.010677 -2.090457 0.585199
-2.883981 0.965643 -0.850474 -8.696505 1.551041 -4.636153 -0.025234 4.268266 2.139907 -0.127629 -3.928664 0.952334 -0.127500 1.891751 0.939362 -0.026338 7.254859 0.710308 1.451123 10.676619 0.627195 2.521171 -16.198936 0.559425 -0.587201 9.302881 8.253480 -13.792198 -22.975396 71.713940 25.423003 55.793519 16.166125 2.133385 15.417039 -3.328231 -1.370999 6.364049 -6.997469 -0.005449 -22.987719 -67.307604 -35.663999 56.492493 -23.098538 -7.012130 12.538458 2.842801 -15.159639 -8.993874 0.181340 -2.249147 14.406252 1.515324 4.170305 -4.010645 2.663867 -0.002832 0.396324 -0.147743 13.970948 -11.006547 3.863377 -1.633034 6.423872 0.004893 -0.463807 4.048698 -0.536365 -0.010653 -2.112609 0.577754
-2.882721 0.965861 -0.856019 -8.440720 1.171847 -4.838986 0.139520 4.135389 2.125770 -0.052934 -3.986977 0.944710 -0.052930 1.833453 0.939331 0.029645 7.211253 0.710005 1.182879 11.289102 0.956892 1.854096 -15.066635 1.320673 -0.643133 9.366430 8.100974 -14.365368 -22.549815 72.104339 25.546947 56.672232 16.432145 2.359521 15.379901 -2.811104 -1.279543 6.326336 -7.051016 0.357247 -23.187595 -67.481749 -34.702848 57.362856 -22.340054 -6.753460 12.724664 2.587561 -15.181847 -8.093236 -0.389769 -3.886692 17.388323 1.525794 3.628140 -5.024684 2.176859 -0.000000 -0.000000 -0.000000 13.904130 -10.933336 3.984394 -1.701493 6.165964 0.057452 -0.592243 4.587523 -0.451130 -0.010979 -2.139978 0.587834
-2.881381 0.966080 -0.861230 -8.230546 0.766214 -4.966741 0.340278 3.956942 2.098965 0.038660 -4.065400 0.931314 0.038490 1.755039 0.935246 0.097994 7.152594 0.706591 0.989938 11.800494 1.280436 1.345317 -14.117185 2.026274 -0.712410 9.481656 7.973622 -14.556379 -22.166212 72.204991 25.582214 57.368111 16.682464 2.606382 15.403807 -2.000409 -1.136504 6.320862 -7.121404 1.309219 -23.310080 -67.832430 -34.324043 57.908189 -21.936483 -6.356702 12.980054 2.809373 -15.157244 -7.088811 -1.083303 -4.420192 20.656525 1.538350 3.457826 -5.886147 1.999848 0.014710 -1.415503 0.620055 14.650229 -10.760816 3.864923 -2.435069 5.756173 0.179898 -0.800841 5.174031 -0.418286 -0.011686 -2.171402 0.616622
-2.880082 0.966260 -0.866404 -8.042945 0.338198 -5.045140 0.578827 3.744000 2.068188 0.147396 -4.159029 0.916049 0.146976 1.661391 0.931021 0.179141 7.082525 0.703029 0.813729 12.245254 1.613045 0.872450 -13.287694 2.734725 -0.785460 9.617387 7.851859 -14.536560 -21.806751 72.147295 25.548254 57.929529 16.903387 2.860618 15.449234 -1.033485 -0.943514 6.311852 -7.196840 2.692359 -23.352051 -68.320355 -34.409495 58.224875 -21.812276 -5.888933 13.252835 3.368112 -15.099918 -6.027282 -1.863419 -4.417625 24.221206 1.543686 3.553046 -6.503923 2.027543 0.038431 -3.417228 1.480126 15.860711 -10.547645 3.617451 -3.541830 5.290090 0.341702 -1.070494 5.788727 -0.429883 -0.012777 -2.208035 0.662951
-2.878935 0.966103 -0.872304 -7.865446 -0.052653 -5.097414 0.814296 3.516222 2.035147 0.254907 -4.259304 0.900048 0.254203 1.561071 0.925932 0.259294 7.007446 0.698848 0.547840 12.647354 1.975054 0.223248 -12.530821 3.530258 -0.846273 9.691607 7.749417 -14.554017 -21.540460 72.060545 25.611616 58.513389 17.207675 3.045941 15.491445 -0.093481 -0.702474 6.234926 -7.257051 4.099043 -23.235514 -68.720914 -34.779983 58.100455 -21.906224 -5.514422 13.382529 4.125064 -15.200921 -4.938107 -2.576007 -4.362620 27.611544 1.363815 3.789890 -6.863704 2.272923 0.065734 -5.286307 2.142670 16.837708 -10.470958 3.401577 -4.426586 4.974865 0.469427 -1.332482 6.359361 -0.463588 -0.014306 -2.225159 0.736640
-2.878001 0.965517 -0.879204 -7.679883 -0.378468 -5.122241 1.032077 3.267570 1.996338 0.354903 -4.368975 0.881903 0.353898 1.451347 0.917944 0.333611 6.925308 0.692535 0.206150 13.007024 2.354171 -0.570721 -11.844445 4.382283 -0.896154 9.662839 7.680887 -14.728600 -21.395888 71.963656 25.916263 59.242699 17.740812 3.110672 15.528259 0.862506 -0.393662 6.051240 -7.285680 5.441620 -22.909071 -68.960970 -35.446226 57.381505 -22.273515 -5.308452 13.268730 5.130998 -15.588110 -3.832643 -3.154192 -4.468603 30.717970 0.827738 4.200613 -6.958571 2.816406 0.085384 -6.929305 2.378537 17.357578 -10.604526 3.245663 -4.883008 4.886219 0.540010 -1.590887 6.863664 -0.522132 -0.016484 -2.217678 0.851893
-2.877220 0.964593 -0.886829 -7.505009 -0.667383 -5.120424 1.247091 3.004489 1.954335 0.453829 -4.485115 0.862621 0.452479 1.335137 0.908707 0.407006 6.838301 0.685317 -0.229008 13.325987 2.755583 -1.544319 -11.221039 5.308044 -0.935679 9.571638 7.629475 -14.937369 -21.343643 71.828887 26.349713 59.988726 18.388837 3.106434 15.564008 1.797284 -0.038568 5.798511 -7.301274 6.794021 -22.435224 -69.084113 -36.308731 56.209629 -22.821161 -5.238868 13.010618 6.310445 -16.132690 -2.706648 -3.679888 -4.622373 33.642521 0.033221 4.815031 -6.800835 3.537589 0.105717 -8.440966 2.419698 17.646025 -10.875518 3.106782 -5.114343 4.945889 0.579129 -1.841406 7.324008 -0.602159 -0.019002 -2.190654 0.994485
-2.876517 0.963310 -0.895124 -7.383337 -0.943590 -5.118039 1.462282 2.764977 1.920237 0.552263 -4.590793 0.846986 0.550526 1.229370 0.903059 0.480247 6.759120 0.680842 -0.911410 13.635087 3.218424 -2.999901 -10.585710 6.441401 -0.947618 9.458984 7.561985 -15.064689 -21.367441 71.710754 26.663230 60.537049 18.844185 3.088557 15.588991 2.402273 0.299140 5.527713 -7.338086 7.993801 -21.920315 -69.065255 -37.030645 54.829256 -23.256304 -5.268250 12.749623 7.331003 -16.637518 -1.567616 -4.223522 -4.844696 36.243680 -0.835165 5.479254 -6.400194 4.195236 0.158087 -9.370462 2.546332 17.680197 -11.247647 3.023352 -5.137390 5.127543 0.588395 -2.001993 7.735134 -0.669635 -0.021064 -2.134641 1.131561
-2.875894 0.961691 -0.903977 -7.326376 -1.210094 -5.130515 1.691396 2.552463 1.895537 0.656269 -4.684401 0.835562 0.654112 1.135654 0.902193 0.557989 6.688989 0.680006 -1.933159 13.937182 3.771873 -5.118571 -9.909810 7.865425 -0.919030 9.345758 7.463625 -15.147628 -21.444344 71.666575 26.736102 60.834867 18.957657 3.055801 15.604748 2.491065 0.598216 5.266719 -7.416919 8.931888 -21.392820 -68.856940 -37.535046 53.196273 -23.494576 -5.393069 12.514475 8.070446 -17.118595 -0.392678 -4.823955 -5.166877 38.456918 -1.767973 6.121981 -5.688230 4.713155 0.288693 -9.385302 2.947757 17.465457 -11.710834 3.016538 -4.952521 5.424519 0.562350 -2.067921 8.082878 -0.719518 -0.022556 -2.042896 1.265930
-2.875350 0.959713 -0.913500 -7.322571 -1.463884 -5.141558 1.920388 2.363247 1.879572 0.759666 -4.767635 0.828126 0.757077 1.052294 0.905258 0.635554 6.626625 0.682170 -3.206023 14.239240 4.373238 -7.710927 -9.168825 9.455802 -0.861988 9.211434 7.350165 -15.151625 -21.598508 71.640725 26.640504 60.944676 18.828747 2.986319 15.616688 2.244551 0.881311 4.989291 -7.518305 9.722533 -20.832478 -68.524875 -37.912702 51.362533 -23.633239 -5.586109 12.276887 8.649020 -17.562349 0.794494 -5.443333 -5.558228 40.343189 -2.771026 6.807629 -4.732985 5.175296 0.490832 -8.816761 3.408635 16.993180 -12.274673 3.069128 -4.557624 5.842800 0.514056 -2.043582 8.381107 -0.754454 -0.023392 -1.922172 1.394753
-2.874810 0.957294 -0.923968 -7.379775 -1.720012 -5.129440 2.110239 2.224436 1.881070 0.844558 -4.828559 0.828561 0.841594 0.991244 0.914304 0.699696 6.580962 0.688885 -4.610810 14.577811 4.954575 -10.515645 -8.296894 11.030945 -0.796054 9.034918 7.235103 -14.854420 -21.883330 71.524073 26.383237 60.831826 18.487829 2.898564 15.620685 1.901399 1.151339 4.665809 -7.615964 10.543431 -20.265099 -68.229322 -38.158191 49.726773 -23.693496 -5.735442 12.090656 9.117381 -17.725997 1.923276 -6.021882 -5.875522 41.965642 -3.618333 7.548857 -3.747909 5.612558 0.682417 -8.212103 3.617517 16.218286 -12.932221 3.165906 -3.966136 6.374964 0.472469 -1.860585 8.666307 -0.750257 -0.022984 -1.783309 1.476719
-2.874282 0.954356 -0.935538 -7.514836 -1.972209 -5.082835 2.267144 2.138027 1.890039 0.914212 -4.866289 0.832287 0.910937 0.953396 0.925089 0.752552 6.552679 0.696933 -6.180155 14.977086 5.522603 -13.586250 -7.234857 12.601910 -0.737280 8.822743 7.126379 -14.104443 -22.318196 71.280331 25.787685 60.415940 17.785663 2.807254 15.611297 1.506088 1.405544 4.266711 -7.694128 11.429308 -19.682576 -67.993309 -38.329120 48.404177 -23.704050 -5.787330 11.986223 9.445508 -17.484550 2.929953 -6.540828 -6.026076 43.462835 -4.197651 8.388889 -2.764189 6.142598 0.796674 -7.331847 3.388309 14.972938 -13.729939 3.332512 -3.051842 7.105455 0.448482 -1.465145 8.915688 -0.674001 -0.021552 -1.651865 1.531507
-2.873759 0.950976 -0.948053 -7.711298 -2.226504 -5.012168 2.384763 2.102200 1.916698 0.965333 -4.881582 0.843843 0.961849 0.938017 0.941835 0.792008 6.541232 0.709509 -7.878987 15.414554 6.068696 -16.853862 -6.026936 14.127608 -0.669292 8.567777 7.016454 -13.045066 -22.875363 70.942517 25.037215 59.781866 16.870534 2.697915 15.597065 1.013738 1.647312 3.821522 -7.768961 12.346260 -19.083784 -67.797402 -38.407066 47.283087 -23.651626 -5.774016 11.933789 9.677341 -16.959115 3.887638 -7.000397 -6.039773 44.710076 -4.552086 9.280569 -1.762805 6.675311 0.827156 -6.410553 2.943813 13.417657 -14.615941 3.562715 -1.938249 7.947560 0.441848 -0.911074 9.151408 -0.554873 -0.019269 -1.502314 1.539474
-2.873147 0.947303 -0.961324 -7.927191 -2.516411 -4.928389 2.404928 2.138492 1.999576 0.970050 -4.864872 0.880497 0.966590 0.954730 0.978978 0.798340 6.553805 0.737536 -9.484314 15.844286 6.511586 -19.885906 -4.820088 15.388494 -0.561963 8.228226 6.896221 -11.891492 -23.534160 70.505771 24.656919 59.144176 16.196939 2.550593 15.594564 0.530266 1.889864 3.389389 -7.860191 13.366406 -18.495360 -67.734743 -38.290392 46.423791 -23.498916 -5.722700 11.895557 9.977484 -16.274744 4.933360 -7.362272 -5.943136 45.382447 -4.673458 10.065231 -0.871519 6.944901 0.789364 -6.712061 2.578285 12.006009 -15.440468 3.779116 -1.015936 8.638597 0.453284 -0.290918 9.477601 -0.460385 -0.015508 -1.268900 1.400335
-2.872324 0.943267 -0.975305 -8.144331 -2.868267 -4.821304 2.292151 2.267315 2.149224 0.911870 -4.807262 0.946989 0.908696 1.012433 1.039563 0.759377 6.597016 0.783327 -10.941666 16.240977 6.829611 -22.585664 -3.691506 16.344461 -0.387930 7.730261 6.749316 -10.691722 -24.253639 69.943603 24.829442 58.598951 15.903311 2.337676 15.629492 0.146506 2.168077 2.946769 -7.987790 14.617776 -17.903062 -67.877617 -38.022586 45.922362 -23.263076 -5.637821 11.868665 10.408926 -15.355687 6.101507 -7.640713 -5.886521 45.467430 -4.566440 10.669370 -0.099224 6.853040 0.671979 -8.652714 2.309628 10.841363 -16.177132 3.935382 -0.421306 9.153262 0.480374 0.410308 9.977241 -0.397603 -0.008197 -0.854732 0.979806
-2.871412 0.938938 -0.990042 -8.381446 -3.255484 -4.700348 2.080944 2.469447 2.351473 0.806800 -4.717357 1.037074 0.804081 1.102484 1.118975 0.686710 6.664385 0.843413 -12.304521 16.613559 7.056091 -25.069707 -2.620915 17.078462 -0.167891 7.148411 6.597382 -9.380380 -25.062537 69.278443 25.336965 58.048812 15.813728 2.090604 15.682410 -0.227564 2.451098 2.518303 -8.127470 15.968572 -17.301921 -68.157505 -37.576252 45.683608 -22.924016 -5.515501 11.849539 10.910185 -14.274708 7.360386 -7.804204 -5.731221 44.973258 -4.241697 11.127730 0.585052 6.524184 0.487708 -11.815343 2.060230 9.826133 -16.857357 4.064709 -0.021264 9.519041 0.512158 1.179134 10.567563 -0.352838 -0.002317 -0.356825 0.412137
-2.870684 0.934673 -1.005483 -8.651410 -3.632516 -4.606156 1.818242 2.707558 2.607866 0.675728 -4.611617 1.151571 0.673565 1.208412 1.220178 0.596235 6.743598 0.920064 -13.512223 16.961473 7.197247 -27.238596 -1.639327 17.591737 0.053359 6.663694 6.486807 -7.999761 -26.048241 68.574188 26.076462 57.416870 15.885292 1.877990 15.703440 -0.758449 2.651027 2.234639 -8.232839 17.103468 -16.734367 -68.470753 -36.746759 45.479634 -22.397835 -5.376566 11.795952 11.453715 -13.377858 8.738744 -7.760597 -5.118051 43.601688 -3.758504 11.431491 1.127028 6.026684 0.314569 -16.222969 1.918955 9.118611 -17.422074 4.191049 0.194568 9.554557 0.530564 1.880732 11.104415 -0.362491 0.000000 0.000000 -0.000000
-2.870255 0.930536 -1.021534 -8.974466 -4.008440 -4.568209 1.507026 2.981937 2.929973 0.519191 -4.490039 1.295703 0.517629 1.330179 1.348434 0.488664 6.834574 1.017276 -14.524102 17.291231 7.252971 -29.021785 -0.755122 17.882531 0.247043 6.416426 6.438606 -6.503444 -27.356523 67.798416 27.123028 56.701961 16.199205 1.760770 15.696799 -1.475654 2.683324 2.211444 -8.275036 18.000504 -16.258602 -68.876326 -35.260595 45.050741 -21.527265 -5.191570 11.689596 12.284843 -12.812791 10.333218 -7.436329 -3.819217 40.928038 -3.182155 11.622130 1.836570 5.232017 0.133684 -23.304863 1.924542 8.910695 -17.816598 4.309459 0.114195 9.150246 0.532852 2.476939 11.641164 -0.468284 0.001377 0.094007 -0.103704
-2.870011 0.926463 -1.038289 -9.329682 -4.374618 -4.556401 1.145010 3.296013 3.303132 0.336660 -4.351426 1.463032 0.335658 1.468917 1.497219 0.362982 6.938086 1.130140 -15.382136 17.589858 7.229099 -30.503520 0.015912 17.984614 0.436456 6.267911 6.428494 -4.904274 -28.832851 66.958911 28.370483 55.890832 16.645089 1.687100 15.669116 -2.349361 2.624827 2.329873 -8.288562 18.680908 -15.821193 -69.341550 -33.421883 44.627271 -20.520970 -4.987399 11.530181 13.153470 -12.417083 12.041540 -6.924122 -2.191851 37.375996 -2.663362 11.692109 2.428277 4.277456 -0.164869 -31.633620 1.831734 9.012973 -18.097397 4.417674 -0.151453 8.416680 0.521786 3.009273 12.124915 -0.625028 0.001199 0.047029 -0.051822
-2.869879 0.922623 -1.055980 -9.667962 -4.658814 -4.523278 0.771906 3.615678 3.693107 0.147745 -4.210900 1.638296 0.147234 1.609515 1.653295 0.232950 7.042857 1.248657 -16.148377 17.830278 7.141853 -31.812245 0.638941 17.955691 0.655766 5.980906 6.435756 -3.357371 -30.121799 66.193231 29.461982 54.904973 16.903167 1.560740 15.579649 -3.460455 2.631020 2.369928 -8.318912 18.899322 -15.312275 -69.631870 -31.840586 44.740745 -19.789074 -4.854755 11.339779 13.287851 -12.076583 13.590166 -6.391877 -0.692258 33.922303 -2.292955 11.540341 1.931554 3.570756 -0.397255 -36.949271 1.481080 9.010458 -18.369261 4.544585 -0.256218 7.501779 0.495488 3.461006 12.251637 -0.743868 0.000000 0.000000 -0.000000
-2.869764 0.918856 -1.074825 -10.023171 -4.815629 -4.400311 0.398192 3.910979 4.076054 -0.041354 -4.081732 1.810909 -0.041434 1.738735 1.806716 0.102538 7.139010 1.365288 -16.844274 18.003908 6.955184 -32.981196 1.090362 17.744200 0.934398 5.371831 6.457473 -1.914662 -31.020964 65.583287 30.244548 53.716076 16.808285 1.359085 15.407230 -4.941150 2.776427 2.198378 -8.391800 18.386720 -14.604406 -69.552423 -30.460452 45.427551 -19.285269 -4.874928 11.120680 12.358222 -11.792108 14.883966 -5.940401 0.808244 30.841190 -2.026142 11.060672 -0.418553 3.403709 -0.327928 -37.105113 0.856794 8.701171 -18.683493 4.689742 0.011617 6.445454 0.449260 3.841309 11.865231 -0.800521 0.000000 0.000000 0.000000
-2.869762 0.915321 -1.094607 -10.361409 -4.889706 -4.257856 0.014651 4.211219 4.478081 -0.236426 -3.951018 1.992429 -0.236168 1.869417 1.968418 -0.031878 7.236088 1.488306 -17.447418 18.116316 6.712036 -33.980559 1.386711 17.423197 1.256180 4.628267 6.503799 -0.558158 -31.734986 65.077419 30.915996 52.372157 16.553598 1.146582 15.196302 -6.659489 2.993566 1.952750 -8.476497 17.418130 -13.842302 -69.321951 -29.295575 46.670052 -19.015468 -5.051370 10.936917 10.684970 -11.568032 16.019102 -5.474467 2.242397 27.865734 -1.836839 10.303197 -3.879325 3.390325 -0.143288 -34.255872 0.341066 8.287531 -18.987764 4.855251 0.443438 5.207552 0.394352 4.136748 11.121499 -0.824860 -0.000000 0.000000 0.000000
-2.870087 0.912664 -1.114905 -10.531963 -4.945272 -4.257609 -0.367297 4.569774 4.941935 -0.435397 -3.795030 2.201692 -0.434938 2.025238 2.157459 -0.167455 7.351758 1.632188 -17.948773 18.169807 6.550624 -34.831316 1.573683 17.237826 1.582314 4.068369 6.568783 0.651179 -32.530189 64.611306 31.650915 50.917665 16.360877 0.943690 14.994735 -8.304619 3.224154 1.821465 -8.532999 16.561181 -13.330646 -69.291759 -29.033540 48.961380 -19.383929 -5.380802 10.920950 8.477437 -11.294716 17.004681 -4.852564 2.949180 25.143067 -1.642072 9.474194 -7.174038 2.946542 -0.114600 -30.622314 0.418586 7.960312 -19.228697 5.070981 0.753147 3.816017 0.348192 4.292566 10.184093 -0.816205 0.000000 0.000000 -0.000000
-2.871066 0.911274 -1.135953 -10.419673 -4.979984 -4.531880 -0.753314 5.021106 5.521977 -0.644470 -3.598555 2.462983 -0.643952 2.221453 2.397519 -0.307179 7.497349 1.814983 -18.326374 18.151327 6.539986 -35.515054 1.646687 17.311392 1.878502 3.823430 6.677599 1.663534 -33.601190 64.155198 32.551306 49.293242 16.337443 0.706065 14.798393 -9.901858 3.435935 1.933411 -8.534299 15.994497 -13.298956 -69.615930 -30.305404 52.901984 -20.816884 -6.092519 11.211607 5.468260 -10.901619 17.862823 -3.913704 2.408262 22.684845 -1.265321 8.686955 -9.998076 1.652991 -0.323357 -26.493591 1.412178 7.722759 -19.405017 5.421217 0.800856 2.216117 0.300555 4.198475 8.973452 -0.765638 -0.000000 -0.000000 -0.000000
-2.872372 0.910762 -1.157518 -10.139353 -4.994993 -4.948899 -1.129993 5.530684 6.167120 -0.854882 -3.376802 2.753472 -0.854455 2.442942 2.666631 -0.446108 7.661599 2.020067 -18.593355 18.087462 6.615092 -36.032632 1.637915 17.525238 2.166401 3.761218 6.792266 2.546016 -34.766280 63.717227 33.508319 47.552865 16.373015 0.485401 14.603946 -11.428722 3.651938 2.161150 -8.515532 15.543762 -13.526745 -70.102395 -33.102623 57.843728 -23.439775 -7.262748 11.641946 1.961814 -10.446011 18.556363 -2.805369 1.184111 20.458399 -0.733150 8.011667 -12.711857 0.008412 -0.517293 -21.563075 2.747995 7.571978 -19.520129 5.817572 0.727173 0.462770 0.246477 3.955740 7.570388 -0.697903 -0.000000 -0.000000 0.000000
-2.873242 0.910605 -1.178481 -9.884756 -5.063101 -5.274175 -1.461940 6.047641 6.759596 -1.043801 -3.151884 3.020341 -1.043658 2.667591 2.914258 -0.570825 7.828173 2.209053 -18.794173 18.043218 6.710397 -36.432065 1.654264 17.753937 2.479876 3.802175 6.806427 3.413958 -35.728735 63.276255 34.371345 45.907357 16.360678 0.384811 14.431644 -12.506384 3.895281 2.307029 -8.530658 15.235485 -13.635090 -70.568789 -37.039892 62.416405 -27.079175 -8.379758 11.881579 -1.008405 -10.019810 19.013245 -1.851925 0.234721 18.539256 -0.283292 7.537013 -14.976593 -1.190018 -0.542553 -17.200939 3.586120 7.691115 -19.528889 6.027899 0.661907 -1.251489 0.203010 3.832830 6.378052 -0.663508 0.000000 0.000000 0.000000
-2.873319 0.910543 -1.198510 -9.741895 -5.248293 -5.432368 -1.734405 6.577729 7.280989 -1.203551 -2.920876 3.255165 -1.203859 2.898300 3.132796 -0.676077 7.999361 2.376160 -18.928459 18.038605 6.800137 -36.699939 1.719732 17.944927 2.856878 3.951030 6.602085 4.304420 -36.354256 62.853656 35.102029 44.248309 16.223245 0.409596 14.220229 -13.022135 4.246290 2.233072 -8.635933 15.136493 -13.429408 -70.963277 -42.752414 66.429220 -32.356392 -8.971468 11.759540 -3.209503 -9.686008 19.218154 -1.194743 -0.012676 16.974679 -0.072496 7.175724 -16.592853 -1.517599 -0.447260 -13.930783 3.630475 8.262786 -19.276894 5.935771 0.519817 -3.196084 0.172006 3.954963 5.459098 -0.666829 -0.000000 0.000000 0.000000
-2.872960 0.910836 -1.217936 -9.624539 -5.488481 -5.499260 -1.968292 7.112550 7.748256 -1.344096 -2.687613 3.465695 -1.344959 3.131251 3.329024 -0.768733 8.172298 2.526527 -18.999119 18.055731 6.904042 -36.850877 1.808736 18.139543 3.245966 4.203813 6.294961 5.151375 -36.782007 62.434918 35.770019 42.686829 16.067086 0.495410 13.993389 -13.094664 4.630594 2.079996 -8.774510 15.169822 -13.084363 -71.347869 -50.594766 69.879692 -39.632664 -9.272865 11.452732 -4.951315 -9.403389 19.197779 -0.706145 0.000978 15.724372 0.015843 6.838781 -17.716560 -1.408571 -0.329509 -11.250171 3.325150 9.102515 -18.914853 5.667755 0.382938 -5.101224 0.132649 4.203378 4.750208 -0.701475 -0.000000 0.000000 0.000000
-2.872474 0.911752 -1.236638 -9.468115 -5.670501 -5.467277 -2.188336 7.578889 8.095559 -1.471015 -2.484755 3.623031 -1.472491 3.333769 3.473444 -0.854918 8.322648 2.637619 -19.059239 18.099667 7.024377 -36.980661 1.948753 18.352773 3.557447 4.464221 6.134191 5.902923 -37.123422 61.954457 36.367872 41.758862 16.060648 0.608790 13.885380 -12.691057 4.839015 2.060805 -8.824173 15.141418 -12.777878 -71.720808 -57.335099 72.038897 -45.967857 -9.507742 11.195061 -6.041680 -9.115496 18.953596 -0.314098 -0.078523 14.731553 0.108595 6.537076 -18.488427 -1.387018 -0.244795 -9.028260 3.099886 9.848434 -18.854076 5.342110 0.630905 -5.965777 0.079935 4.488452 4.466623 -0.796979 0.000000 0.000000 0.000000
-2.871967 0.913369 -1.254616 -9.261900 -5.740129 -5.307073 -2.406867 7.953477 8.274576 -1.585834 -2.322506 3.705979 -1.587885 3.495694 3.544702 -0.937094 8.442997 2.693141 -19.126698 18.163766 7.182086 -37.128156 2.141187 18.627277 3.772916 4.730781 6.270115 6.649815 -37.453429 61.300040 36.891629 41.657784 16.243334 0.746057 13.987860 -11.607090 4.713274 2.301706 -8.706700 15.047480 -12.561149 -72.083002 -59.275909 72.736520 -47.788347 -9.593368 11.089316 -6.188873 -8.724222 18.413477 -0.008082 -0.438611 14.051714 0.277163 6.302980 -18.949117 -1.668334 -0.197021 -7.256614 3.104029 10.353755 -19.334675 4.956790 1.667635 -5.304692 0.059379 4.853267 4.923974 -0.998372 -0.000000 -0.000000 0.000000
-2.871334 0.915608 -1.271869 -9.016997 -5.752831 -5.047520 -2.615230 8.257107 8.335824 -1.687703 -2.191400 3.736823 -1.690247 3.626514 3.565169 -1.012955 8.540398 2.710007 -19.183644 18.255489 7.355300 -37.253458 2.385495 18.917579 3.923976 4.999579 6.557019 7.289301 -37.702849 60.596588 37.322949 42.181506 16.577355 0.924690 14.201264 -10.041450 4.410941 2.668731 -8.495775 14.894006 -12.389043 -72.432771 -57.424742 72.557890 -46.036245 -9.472318 11.022757 -5.689470 -8.327420 17.652102 0.191121 -0.898627 13.626758 0.449980 6.113657 -19.057799 -2.034271 -0.165322 -5.944515 3.179053 10.782519 -20.113035 4.492357 3.080238 -3.604987 0.131021 5.246225 5.818960 -1.224554 -0.000000 0.000000 0.000000
-2.870570 0.918493 -1.288273 -8.701627 -5.759887 -4.768539 -2.805078 8.482745 8.362876 -1.777839 -2.094578 3.752355 -1.780791 3.723061 3.571502 -1.080798 8.612244 2.715913 -19.230897 18.399473 7.483137 -37.337104 2.704669 19.109126 4.002088 5.167112 6.802780 7.477449 -37.777932 60.147289 37.615757 43.269090 17.106231 1.144045 14.387316 -8.566575 4.191888 2.980008 -8.293858 14.510246 -12.306356 -72.761682 -54.116106 72.207346 -43.067861 -9.404389 10.922235 -5.197180 -8.159069 16.887772 0.316359 -1.257521 13.227358 0.546294 5.934348 -18.834472 -2.362337 -0.142560 -4.990113 3.270758 11.239241 -20.878615 4.029854 4.028287 -1.322140 0.278965 5.443095 6.425965 -1.363248 0.000000 0.000000 0.000000
-2.869681 0.922177 -1.303737 -8.278837 -5.779231 -4.489928 -2.978311 8.613345 8.377159 -1.858126 -2.039698 3.761979 -1.861375 3.777672 3.572932 -1.141331 8.652717 2.717813 -19.262600 18.636438 7.535713 -37.351710 3.157591 19.135682 3.963991 5.159604 6.955259 6.996328 -37.653012 60.095968 37.791062 45.039666 17.971665 1.451362 14.507084 -7.430332 4.152184 3.175483 -8.127562 13.669109 -12.341336 -73.078706 -49.161314 71.782320 -38.851743 -9.532355 10.722666 -4.816395 -8.379483 16.183910 0.377054 -1.384036 12.792968 0.513928 5.726883 -18.231337 -2.617059 -0.130133 -4.422245 3.382919 11.760131 -21.584772 3.620458 4.155585 1.536057 0.423942 5.344448 6.433631 -1.346905 -0.000000 0.000000 0.000000
-2.868660 0.926508 -1.318352 -7.785586 -5.794378 -4.191951 -3.132137 8.666266 8.357329 -1.926263 -2.018853 3.756141 -1.929693 3.798288 3.560162 -1.193515 8.667866 2.708696 -19.287278 18.925004 7.542951 -37.329618 3.682731 19.064545 3.851515 5.048537 7.068620 6.062657 -37.363652 60.301804 37.865929 47.386050 19.027390 1.808944 14.624526 -6.392219 4.195622 3.315132 -7.969444 12.606275 -12.470558 -73.371495 -43.135196 71.021422 -33.808087 -9.725121 10.494203 -4.449356 -8.822516 15.474750 0.372993 -1.401986 12.387525 0.413187 5.519100 -17.295978 -2.831171 -0.127765 -4.211945 3.510550 12.309317 -22.275671 3.210159 3.815275 4.979031 0.593804 5.065344 6.138899 -1.262438 -0.000000 0.000000 0.000000
-2.867479 0.931047 -1.332266 -7.301191 -5.803895 -3.895485 -3.250106 8.686679 8.322634 -1.976903 -2.011723 3.743067 -1.980431 3.805253 3.541955 -1.232838 8.672924 2.695278 -19.327966 19.165984 7.533293 -37.342815 4.121469 18.981410 3.778841 4.949082 7.109318 4.983893 -36.910273 60.645599 37.738124 49.903995 19.850197 2.069514 14.756047 -5.290201 4.291120 3.396768 -7.840718 11.847756 -12.652139 -73.602409 -38.768286 70.356481 -30.202301 -9.809301 10.386324 -4.435589 -9.234723 14.784342 0.327689 -1.491394 11.968137 0.333101 5.374426 -16.191579 -2.983655 -0.127904 -4.170634 3.586656 12.867565 -22.776776 2.735093 3.247769 8.581603 0.849015 4.705784 5.719959 -1.272053 -0.000000 0.000000 -0.000000
-2.866040 0.935876 -1.345399 -6.835766 -5.818535 -3.602231 -3.328305 8.692170 8.277474 -2.008910 -2.010478 3.724580 -2.012485 3.806383 3.520217 -1.258389 8.673733 2.679021 -19.398963 19.328636 7.511956 -37.427066 4.426040 18.908326 3.798716 4.896648 7.032435 3.806284 -36.258192 61.167617 37.253671 52.614325 20.180437 2.164112 14.913994 -4.026053 4.448506 3.399136 -7.763560 11.658723 -12.894831 -73.779360 -36.678077 70.182131 -28.482846 -9.658466 10.508965 -5.092754 -9.528672 14.141886 0.228516 -1.762746 11.500730 0.305898 5.339384 -14.882851 -3.040958 -0.129498 -4.307049 3.571486 13.522797 -22.998563 2.080314 2.307973 12.252439 1.219299 4.234832 5.172878 -1.424599 0.000000 -0.000000 0.000000
-2.864441 0.940912 -1.357830 -6.379158 -5.827308 -3.310411 -3.370183 8.666194 8.217037 -2.023264 -2.022509 3.698559 -2.026825 3.794293 3.492729 -1.271027 8.664764 2.658206 -19.485667 19.443972 7.473469 -37.547535 4.644931 18.822974 3.857714 4.857822 6.882263 2.503057 -35.430168 61.813199 36.400444 55.484059 20.118704 2.186110 15.103333 -2.685211 4.657591 3.343751 -7.717210 11.776450 -13.176298 -73.903935 -35.753251 70.267702 -27.693048 -9.379021 10.769603 -6.086588 -9.791338 13.519958 0.087047 -2.108812 11.018143 0.297079 5.365351 -13.404588 -3.031976 -0.133878 -4.612534 3.505029 14.174033 -23.025295 1.375323 1.166374 16.087552 1.631880 3.676183 4.494203 -1.637685 -0.000000 0.000000 0.000000
-2.862945 0.945471 -1.369945 -5.980044 -5.794750 -3.035248 -3.370666 8.602722 8.146986 -2.017935 -2.050403 3.667454 -2.021380 3.766427 3.462179 -1.268977 8.644108 2.634860 -19.567392 19.505232 7.429065 -37.669764 4.763642 18.742439 3.910937 4.843914 6.759490 1.256529 -34.521635 62.337151 35.279480 58.020780 19.806768 2.216674 15.316975 -1.379519 4.857326 3.292405 -7.657919 11.931941 -13.406440 -73.926999 -35.650277 70.261485 -27.514561 -9.138086 10.998820 -6.776113 -10.033579 12.859735 -0.039575 -2.385580 10.576491 0.293091 5.373595 -12.025256 -3.029116 -0.136890 -4.872475 3.439766 14.514396 -22.958158 0.926271 0.543048 19.937043 2.050406 3.190407 3.870091 -1.912538 0.000000 0.000000 0.000000
-2.861653 0.949418 -1.381852 -5.674089 -5.700765 -2.770233 -3.309369 8.495968 8.069464 -1.983915 -2.096426 3.631833 -1.987132 3.720541 3.430050 -1.245375 8.610112 2.610037 -19.650214 19.489727 7.374282 -37.808546 4.741778 18.667129 3.970348 4.871491 6.690977 0.125214 -33.552024 62.654422 33.982322 60.139033 19.359255 2.257216 15.576032 -0.052091 5.052906 3.256252 -7.566368 12.037799 -13.555230 -73.822897 -36.540604 70.102201 -28.094086 -9.008818 11.114648 -6.947602 -10.227762 12.110354 -0.136594 -2.578291 10.225622 0.287033 5.354115 -10.801792 -3.048883 -0.138865 -5.067087 3.383920 14.335882 -22.842327 0.896559 0.867626 23.771886 2.501090 2.792348 3.380417 -2.359568 0.014986 0.481081 0.011206
-2.860463 0.952887 -1.393442 -5.425046 -5.564210 -2.521261 -3.206343 8.352558 7.981363 -1.930096 -2.158032 3.590683 -1.933025 3.659117 3.394384 -1.207094 8.564578 2.582313 -19.728312 19.420498 7.312124 -37.949672 4.619729 18.594600 4.024184 4.922962 6.650830 -0.957546 -32.506738 62.857171 32.410484 61.914784 18.668182 2.286805 15.855654 1.235496 5.238947 3.222838 -7.461322 12.178781 -13.657568 -73.614415 -38.230452 69.832813 -29.273973 -8.928316 11.184479 -6.823214 -10.402100 11.322977 -0.217437 -2.702048 9.916317 0.287396 5.316922 -9.677350 -3.075436 -0.139628 -5.216140 3.329183 13.845163 -22.648458 1.121664 1.713413 27.620539 3.017093 2.438005 2.951381 -2.892529 0.028296 0.962170 0.024173
-2.859343 0.955595 -1.404779 -5.173793 -5.407744 -2.321874 -3.117371 8.184495 7.880739 -1.881383 -2.230823 3.544211 -1.884005 3.586479 3.352861 -1.172998 8.510628 2.550118 -19.763048 19.358935 7.265538 -38.014942 4.503459 18.538539 3.992018 4.956442 6.660121 -2.009106 -31.437046 62.969604 30.529710 63.107094 17.688995 2.310087 16.060793 2.182824 5.338752 3.218614 -7.354344 12.343200 -13.722590 -73.320997 -39.829245 69.261896 -30.285200 -8.863662 11.246961 -6.422772 -10.653047 10.590690 -0.265275 -2.656407 9.556792 0.306006 5.213410 -8.750008 -3.135266 -0.135092 -5.164295 3.303073 13.361408 -22.374194 1.411140 2.505269 31.410974 3.588929 2.217617 2.545748 -3.255661 0.000000 -0.000000 -0.000000
-2.858291 0.957355 -1.415858 -4.900742 -5.233986 -2.178520 -3.061028 7.992735 7.760117 -1.845613 -2.314631 3.489467 -1.847906 3.502791 3.301766 -1.149211 8.448381 2.510708 -19.735461 19.317242 7.250823 -37.971329 4.415074 18.519978 3.814833 4.946278 6.729844 -2.946347 -30.343580 62.933670 28.482217 63.612933 16.648596 2.314666 16.094309 2.673200 5.296819 3.248314 -7.238794 12.539868 -13.707957 -72.913722 -41.051298 68.236832 -30.826828 -8.830138 11.322769 -5.684272 -11.049420 9.951226 -0.281285 -2.347335 9.106024 0.349854 5.011117 -8.094781 -3.248610 -0.121939 -4.800178 3.323980 13.007768 -22.057211 1.680916 3.037421 35.221769 4.233944 2.298610 2.122455 -3.328505 -0.055439 -3.464984 -0.012667
-2.857307 0.958354 -1.426682 -4.625785 -5.039684 -2.084380 -3.018953 7.776090 7.626761 -1.815111 -2.409706 3.429309 -1.817057 3.407816 3.244734 -1.129741 8.377673 2.466791 -19.664470 19.282403 7.252354 -37.851991 4.331456 18.519124 3.550913 4.918987 6.847569 -3.852880 -29.228338 62.798737 26.350447 63.538538 15.563696 2.285253 16.024015 2.825652 5.168938 3.308958 -7.121023 12.760438 -13.658088 -72.419676 -42.126018 66.919632 -31.147546 -8.831908 11.396671 -4.674695 -11.525211 9.366796 -0.260130 -1.869179 8.606297 0.413666 4.745080 -7.636881 -3.398454 -0.102982 -4.235205 3.373998 12.663083 -21.658861 2.015021 3.525108 38.971851 4.935427 2.549744 1.730823 -3.276859 -0.052571 -8.373280 -0.120948
-2.856361 0.958866 -1.437328 -4.349455 -4.838734 -2.053102 -2.991776 7.542753 7.501363 -1.791591 -2.512491 3.372864 -1.793192 3.305104 3.190699 -1.115282 8.301093 2.425150 -19.567602 19.277878 7.246439 -37.677194 4.290984 18.490402 3.295873 4.910395 6.998769 -4.986271 -28.141252 62.736310 24.054591 62.939531 14.116561 2.209963 15.994820 2.686539 5.045841 3.415750 -7.031417 12.966365 -13.709642 -71.944188 -42.977733 65.616727 -31.338798 -8.812896 11.453009 -3.603125 -11.976304 8.817526 -0.176613 -1.404025 8.090458 0.490776 4.467685 -7.249801 -3.555470 -0.083874 -3.648154 3.425742 12.281167 -21.062322 2.475447 3.999646 42.347571 5.594123 2.623160 1.460811 -3.240919 0.037175 -12.985470 -0.556818
-2.855476 0.958834 -1.447845 -4.086675 -4.628561 -2.096720 -2.977069 7.297164 7.392575 -1.774560 -2.620988 3.323926 -1.775808 3.196661 3.143505 -1.105177 8.220134 2.388700 -19.451229 19.309269 7.230745 -37.456753 4.305225 18.429476 3.116921 4.909407 7.183547 -6.411121 -27.010491 62.752880 21.647540 61.675845 12.208972 2.150262 16.065343 2.313731 4.971832 3.569854 -6.984943 13.131490 -13.911141 -71.482484 -43.622392 64.352890 -31.465576 -8.757113 11.474922 -2.509006 -12.385335 8.321647 -0.014890 -0.990852 7.519765 0.579672 4.201287 -6.919599 -3.718177 -0.065706 -3.054063 3.475232 11.877818 -20.244097 3.106520 4.451109 45.327403 6.165741 2.361251 1.340297 -3.189364 0.183706 -16.819317 -1.519189
-2.854629 0.958315 -1.458183 -3.823250 -4.410798 -2.203069 -2.978039 7.034466 7.291876 -1.764826 -2.737366 3.278770 -1.765695 3.080316 3.099361 -1.100274 8.133193 2.354570 -19.307893 19.370730 7.209216 -37.179658 4.363228 18.343705 2.946423 4.926873 7.401726 -8.049914 -25.902781 62.817657 19.384552 59.845624 10.278126 2.073038 16.149988 1.648036 4.903927 3.770367 -6.966191 13.277959 -14.213043 -71.041168 -44.085028 63.109942 -31.498834 -8.683744 11.483049 -1.351040 -12.772716 7.862895 0.207538 -0.591496 6.932415 0.680433 3.924403 -6.660498 -3.888646 -0.047461 -2.437833 3.525846 11.453622 -19.225285 3.857349 4.845138 47.935824 6.656421 1.917938 1.329186 -3.101566 0.381160 -20.359272 -2.758768
-2.853718 0.957762 -1.468268 -3.515992 -4.205595 -2.349504 -3.003709 6.748954 7.194108 -1.766010 -2.864283 3.235171 -1.766474 2.953394 3.055669 -1.103473 8.038254 2.320790 -19.133628 19.469052 7.168218 -36.833849 4.470794 18.206107 2.679235 5.031864 7.638048 -9.944060 -25.066563 63.047976 17.327252 57.864424 8.627871 1.839727 16.165252 0.550167 4.802298 4.028763 -6.959752 13.438576 -14.603101 -70.743920 -44.343197 62.131869 -31.422404 -8.572054 11.512161 -0.211638 -13.091759 7.368771 0.462278 -0.272550 6.475813 0.789829 3.621247 -6.388203 -4.041388 -0.032798 -1.932969 3.560787 10.942283 -17.955074 4.644619 5.149408 49.930987 7.008805 1.385827 1.410071 -3.106000 0.577264 -23.317344 -3.755335
-2.852845 0.957235 -1.477929 -3.141720 -4.027344 -2.549431 -3.056701 6.427176 7.102118 -1.779265 -3.007742 3.194336 -1.779274 2.809891 3.013515 -1.115519 7.930808 2.288143 -18.943671 19.630773 7.108793 -36.441174 4.681258 18.014369 2.241198 5.285580 7.905876 -12.265025 -24.647685 63.575677 15.407522 55.870808 7.288973 1.425796 16.018549 -1.225955 4.644856 4.383382 -6.964961 13.658471 -15.124892 -70.648509 -44.409801 61.570210 -31.275536 -8.405835 11.568829 0.922092 -13.331041 6.844605 0.758134 -0.037772 6.188414 0.917170 3.265907 -6.082042 -4.172958 -0.024672 -1.606798 3.570160 10.220523 -16.358912 5.512407 5.492055 51.207620 7.226707 0.711192 1.683715 -3.274690 0.716196 -25.617467 -4.314357
-2.851909 0.956673 -1.487337 -2.723918 -3.860387 -2.789216 -3.135108 6.082921 7.012410 -1.803755 -3.161551 3.154663 -1.803260 2.656006 2.971379 -1.135920 7.815524 2.255496 -18.720534 19.829412 7.033184 -35.977781 4.943668 17.777205 1.708806 5.631919 8.186036 -14.855225 -24.467618 64.289339 13.598731 53.751011 6.125614 1.008648 15.731205 -3.415503 4.455929 4.797196 -6.983965 13.892300 -15.732633 -70.699298 -44.307438 61.277169 -31.046411 -8.190708 11.644552 2.040722 -13.505444 6.283125 1.081722 0.115728 6.030683 1.054190 2.882890 -5.762875 -4.286606 -0.020683 -1.391999 3.563891 9.435419 -14.505742 6.403751 5.708094 51.874775 7.252450 -0.078407 2.042918 -3.533958 0.783407 -27.339704 -4.584913
-2.850502 0.956342 -1.496930 -2.289045 -3.680540 -3.005475 -3.240295 5.751518 6.910634 -1.839783 -3.309963 3.109819 -1.838784 2.507480 2.922895 -1.165475 7.704246 2.218119 -18.411331 19.992183 6.929564 -35.362061 5.108216 17.483464 1.203032 5.962740 8.416888 -17.261532 -24.301825 64.945636 11.892306 51.555242 5.045177 0.664215 15.418360 -5.414578 4.263713 5.168423 -7.005718 14.040291 -16.278368 -70.847156 -44.037231 61.047501 -30.648790 -7.930716 11.748665 3.029416 -13.607722 5.591577 1.369688 0.131666 6.033206 1.172378 2.530898 -5.408161 -4.365731 -0.016672 -1.220127 3.555168 8.901325 -12.569678 7.102416 5.345452 52.003435 6.958266 -0.763738 2.166676 -3.818701 0.779783 -28.424923 -4.568692
-2.848396 0.956392 -1.506814 -1.841183 -3.489285 -3.184430 -3.378785 5.444946 6.802460 -1.890766 -3.447755 3.062401 -1.889267 2.369517 2.870321 -1.206604 7.600844 2.177769 -18.011246 20.101450 6.784466 -34.584158 5.138856 17.113474 0.760826 6.262762 8.583653 -19.374075 -24.153046 65.440364 10.285823 49.235772 4.034573 0.339086 15.138267 -7.103211 4.073234 5.470242 -7.027857 14.073601 -16.715891 -71.148013 -43.412033 60.851845 -29.892345 -7.567284 11.904043 3.916227 -13.531839 4.696302 1.598325 -0.150273 6.299943 1.268205 2.265007 -5.025427 -4.391773 -0.011318 -1.083705 3.537901 8.695252 -10.582402 7.521889 4.130269 51.629671 6.268016 -1.263082 1.834856 -4.144910 0.660654 -28.482089 -4.140393
-2.845818 0.956671 -1.516884 -1.376121 -3.285615 -3.339447 -3.543425 5.151428 6.682989 -1.953064 -3.579987 3.010065 -1.951040 2.237071 2.811683 -1.256679 7.501569 2.132896 -17.524311 20.174558 6.612844 -33.650447 5.075290 16.687821 0.345235 6.545197 8.703271 -21.307179 -24.032638 65.887446 8.761107 46.841689 3.088506 0.016606 14.859000 -8.627434 3.877790 5.729325 -7.053403 14.024842 -17.089251 -71.542458 -42.629460 60.715992 -28.972255 -7.150085 12.084731 4.675765 -13.385445 3.669004 1.781933 -0.569369 6.727607 1.340352 2.029884 -4.606371 -4.381029 -0.005986 -0.990211 3.518210 8.709984 -8.521253 7.781585 2.447098 50.692033 5.396477 -1.641257 1.270178 -4.508976 0.487252 -27.886232 -3.458496
-2.843046 0.956998 -1.527265 -0.907715 -3.042823 -3.447472 -3.714248 4.870663 6.522607 -2.016144 -3.706302 2.939387 -2.013581 2.110541 2.734612 -1.308732 7.406853 2.074106 -16.912052 20.189669 6.444535 -32.503687 4.879419 16.252918 -0.034999 6.741885 8.767313 -22.925948 -23.749879 66.344460 7.309321 44.556493 2.144913 -0.323700 14.608025 -9.820361 3.686358 5.923726 -7.078195 13.884415 -17.385266 -71.805338 -42.267711 60.525944 -28.384968 -6.843876 12.229177 5.109269 -13.478074 2.638448 1.924677 -0.699428 7.035848 1.372146 1.719075 -4.104400 -4.370791 -0.000374 -0.893624 3.527581 8.963796 -6.486513 7.991721 0.841718 49.120399 4.655561 -1.890638 0.828481 -4.837368 0.388983 -27.742907 -2.912839
-2.840189 0.957381 -1.537883 -0.433419 -2.769387 -3.476925 -3.890841 4.604222 6.293755 -2.078397 -3.825791 2.838113 -2.075297 1.990830 2.627035 -1.362468 7.317450 1.992290 -16.158552 20.148756 6.286240 -31.115281 4.554347 15.814768 -0.363788 6.858555 8.751970 -24.128538 -23.184301 66.881331 5.866171 42.319523 1.055010 -0.834440 14.412792 -10.692365 3.477917 6.039150 -7.100707 13.608385 -17.565013 -71.834157 -42.463617 60.216995 -28.234926 -6.698343 12.303665 5.061587 -14.048661 1.701104 2.011154 -0.244656 7.079072 1.362346 1.275365 -3.489533 -4.381198 0.006620 -0.784623 3.734115 9.616550 -4.498010 8.185335 -0.627441 46.885260 4.136204 -1.893208 0.710045 -5.133169 0.407612 -28.676072 -2.704624
-2.837136 0.957811 -1.548813 0.044833 -2.458220 -3.458481 -4.073160 4.350923 6.024574 -2.141430 -3.939064 2.718748 -2.137785 1.877319 2.501292 -1.418179 7.232806 1.896788 -15.281305 20.044893 6.130340 -29.513923 4.092686 15.362907 -0.658113 6.888457 8.684325 -25.005112 -22.462203 67.419513 4.506246 40.176066 -0.038193 -1.462035 14.279500 -11.276738 3.271996 6.090557 -7.121667 13.239793 -17.662931 -71.730581 -43.063170 59.861087 -28.403136 -6.658739 12.329643 4.685273 -14.852736 0.763544 2.077415 0.501712 7.003905 1.325217 0.757194 -2.791080 -4.397300 0.014468 -0.672421 3.969669 10.496290 -2.535741 8.355682 -1.997990 44.027001 3.749270 -1.765736 0.725621 -5.412123 0.471991 -30.075714 -2.613843
-2.833839 0.958074 -1.560409 0.506024 -2.058744 -3.461738 -4.242585 4.106318 5.769002 -2.199842 -4.048164 2.605085 -2.195649 1.767995 2.381711 -1.470022 7.151297 1.805949 -14.294380 19.841639 5.981817 -27.731362 3.437221 14.911316 -0.961133 6.745770 8.633594 -25.710073 -21.765123 67.787794 3.361829 38.484013 -0.831311 -1.946523 14.225319 -11.427879 3.138584 6.098753 -7.139088 12.896230 -17.777576 -71.574976 -44.199390 59.550804 -29.049444 -6.734427 12.332451 4.240689 -15.476960 -0.327842 2.205658 1.082137 6.967341 1.271583 0.231504 -2.051533 -4.404395 0.020155 -0.539134 3.761348 11.135041 -0.640966 8.525982 -2.945227 40.595848 3.433016 -1.857015 0.647437 -5.631714 0.489361 -31.210338 -2.328491
-2.830224 0.958099 -1.572892 0.968407 -1.526198 -3.508944 -4.407297 3.850054 5.543433 -2.257840 -4.162416 2.504388 -2.253052 1.653514 2.275131 -1.520585 7.065851 1.724900 -13.173708 19.516618 5.821375 -25.721458 2.537870 14.417254 -1.316659 6.276482 8.629425 -26.283487 -21.085963 67.866916 2.356827 37.458970 -1.282312 -2.229048 14.304327 -11.062251 3.137687 6.047890 -7.152750 12.605178 -17.943604 -71.342467 -46.137050 59.349398 -30.461836 -6.993737 12.315504 3.711289 -15.825223 -1.656728 2.435895 1.405716 7.029394 1.181068 -0.333486 -1.297918 -4.410210 0.018025 -0.337563 2.526975 11.338306 1.238484 8.681015 -3.298962 36.296482 3.152296 -2.456325 0.576718 -5.748218 0.407101 -32.238685 -1.680611
-2.826365 0.957957 -1.586040 1.412856 -0.904643 -3.575600 -4.560707 3.602533 5.332014 -2.311900 -4.272597 2.409736 -2.306526 1.543110 2.175006 -1.567779 6.983446 1.648750 -11.951106 19.087737 5.655856 -23.536210 1.439223 13.890763 -1.688207 5.635985 8.647230 -26.694281 -20.445815 67.785730 1.470944 36.909992 -1.542619 -2.408769 14.502341 -10.256857 3.207665 5.950870 -7.162277 12.337872 -18.128218 -71.057634 -48.592542 59.150140 -32.342911 -7.370761 12.262326 3.117272 -16.002376 -3.141181 2.712875 1.563845 7.130471 1.069494 -0.905238 -0.502547 -4.408594 0.007407 -0.116357 0.848637 11.301540 3.052653 8.807873 -3.299719 31.430819 2.844179 -3.274063 0.413833 -5.839178 0.218037 -32.989933 -0.797137
-2.822429 0.957645 -1.599546 1.761768 -0.276031 -3.662986 -4.662340 3.419893 5.140093 -2.344933 -4.353352 2.323702 -2.339147 1.462225 2.085641 -1.598654 6.923202 1.580856 -10.726985 18.579930 5.525175 -21.360303 0.221490 13.419750 -1.993939 5.201811 8.671776 -26.998650 -20.062981 67.754067 0.885063 36.597057 -1.627638 -2.451010 14.731925 -9.085790 3.237406 5.872120 -7.165019 12.126896 -18.333117 -70.873539 -50.870059 58.820045 -33.967551 -7.669254 12.195050 2.770570 -15.897984 -4.687313 2.959116 1.369737 7.245860 0.991242 -1.321304 0.373038 -4.358663 -0.000000 -0.000000 -0.000000 11.147466 4.605998 8.909818 -3.225880 26.944073 2.437219 -3.787293 -0.376334 -6.007021 -0.042284 -32.242862 0.146293
-2.818421 0.957184 -1.613279 1.980166 0.338248 -3.793644 -4.696271 3.326126 4.983892 -2.350808 -4.394105 2.253664 -2.344830 1.421442 2.015016 -1.608055 6.893005 1.527287 -9.516090 17.969244 5.443650 -19.228482 -1.155463 13.035777 -2.197433 5.115256 8.696725 -27.350414 -20.097295 67.851064 0.725548 36.565742 -1.481946 -2.287647 14.983281 -7.323062 3.199220 5.826866 -7.164967 12.081737 -18.542845 -70.887273 -52.954510 58.382196 -35.230955 -7.808308 12.139901 2.790349 -15.406061 -6.278207 3.147673 0.663335 7.386492 0.961545 -1.506101 1.317141 -4.249733 0.013143 -0.002223 0.857254 10.934840 5.850588 9.021374 -3.302987 23.118423 1.834562 -3.646614 -2.282013 -6.309902 -0.283469 -28.966991 1.082443
-2.814336 0.956552 -1.627369 2.102123 0.959418 -3.948540 -4.678214 3.296117 4.846727 -2.335247 -4.406122 2.192182 -2.329244 1.409476 1.955107 -1.600791 6.884420 1.481931 -8.313270 17.276951 5.379652 -17.118220 -2.663928 12.673041 -2.326574 5.232177 8.725786 -27.608979 -20.385662 68.016144 0.868610 36.766851 -1.163010 -1.959152 15.250486 -5.180221 3.121791 5.801394 -7.157063 12.093232 -18.775672 -71.002995 -54.858185 57.843840 -36.232071 -7.867298 12.096905 3.054313 -14.630875 -7.936721 3.276677 -0.399404 7.541681 0.941780 -1.535550 2.340518 -4.085352 0.036146 -0.107017 2.544397 10.603161 6.835883 9.094137 -3.285870 19.666425 1.170811 -3.198215 -4.819110 -6.647594 -0.425757 -24.201285 1.966342
-2.810330 0.955682 -1.641892 2.154777 1.569051 -4.068421 -4.615152 3.312257 4.684135 -2.298859 -4.396923 2.119430 -2.292993 1.418843 1.886050 -1.578782 6.891968 1.429747 -7.185875 16.597233 5.310654 -15.128754 -4.123631 12.295743 -2.390232 5.500443 8.755336 -27.382669 -20.667829 68.242475 1.124701 36.814366 -0.839647 -1.594450 15.444679 -3.389592 2.980389 5.818990 -7.123801 11.864846 -19.081623 -71.077518 -55.940274 57.106544 -36.550064 -7.888967 12.064255 3.507412 -13.770319 -9.624713 3.313961 -1.531513 7.653017 0.907679 -1.474178 3.514545 -3.842746 0.042704 -0.394078 3.707010 10.090770 7.511089 9.008733 -2.765908 16.684363 0.700894 -2.972725 -7.063595 -6.860315 -0.464055 -19.839870 2.653007
-2.806484 0.954458 -1.657134 2.120182 2.181403 -4.113253 -4.497011 3.374486 4.462638 -2.235343 -4.366236 2.020402 -2.229776 1.449820 1.793468 -1.538354 6.915931 1.359845 -6.146409 15.935902 5.246415 -13.285618 -5.521814 11.929788 -2.365280 5.981042 8.799458 -26.341310 -20.887720 68.527520 1.408567 36.336506 -0.611461 -1.197678 15.516789 -2.196939 2.754387 5.898455 -7.048148 11.225379 -19.493682 -71.019528 -55.894969 56.026633 -35.937394 -7.889905 12.049678 4.237532 -12.724711 -11.407054 3.213725 -2.828524 7.692647 0.832645 -1.416464 4.965571 -3.491621 0.015859 -1.026678 3.722531 9.159074 7.788127 8.652820 -1.248337 14.304755 0.519658 -3.295631 -8.650308 -6.907071 -0.457484 -16.626065 3.115695
-2.802717 0.952996 -1.672808 2.017772 2.781871 -4.125432 -4.335448 3.482799 4.214360 -2.151431 -4.314606 1.909424 -2.146260 1.501770 1.690992 -1.483462 6.955672 1.282512 -5.183344 15.287070 5.176083 -11.566655 -6.875281 11.555812 -2.267242 6.610260 8.844445 -24.798313 -21.149825 68.833834 1.792468 35.702512 -0.397946 -0.760445 15.505270 -1.364379 2.468101 6.023898 -6.943677 10.338209 -19.972451 -70.894402 -55.163981 54.747227 -34.751508 -7.866033 12.053571 5.153820 -11.578776 -13.212239 3.008812 -4.194940 7.688270 0.735447 -1.263697 6.567276 -3.058860 -0.019829 -1.843200 3.214735 8.040538 7.742628 8.149659 0.725849 12.390552 0.461231 -3.856301 -9.938091 -6.854716 -0.418920 -13.819629 3.429643
-2.798949 0.951567 -1.688129 1.930885 3.308729 -4.167487 -4.169092 3.619998 3.994200 -2.067006 -4.250501 1.811091 -2.062260 1.566158 1.601223 -1.427272 7.004624 1.214820 -4.320146 14.731671 5.059117 -9.991445 -8.038460 11.099450 -2.171090 7.150767 8.844693 -23.326383 -21.419399 69.115943 2.327622 35.640315 -0.093012 -0.409515 15.470142 -0.901911 2.163267 6.165774 -6.839738 9.409648 -20.460879 -70.796677 -54.184412 53.607164 -33.440518 -7.820983 12.049477 5.935452 -10.817314 -14.797632 2.832375 -5.055069 7.664681 0.690476 -0.790191 8.006906 -2.585094 -0.037527 -2.431288 2.689958 7.378093 7.583127 7.722222 2.000312 10.646272 0.379059 -4.241080 -11.088612 -6.697881 -0.351315 -11.085527 3.619029
-2.795127 0.950193 -1.703116 1.890123 3.742900 -4.287125 -4.007137 3.806359 3.829895 -1.987830 -4.165093 1.737948 -1.983582 1.651846 1.536125 -1.373287 7.069408 1.165864 -3.550228 14.291587 4.892255 -8.545333 -8.972378 10.554155 -2.123525 7.504063 8.747899 -22.113487 -21.651709 69.435248 3.092059 36.470996 0.383227 -0.261299 15.406007 -0.963948 1.819805 6.320190 -6.726223 8.450080 -20.975250 -70.767728 -52.878076 52.627636 -31.942415 -7.758136 11.997167 6.510278 -10.748093 -16.084329 2.791833 -5.158554 7.554629 0.799938 0.302946 9.325985 -2.012532 -0.033018 -2.652325 2.326412 7.544071 7.289212 7.463125 1.967393 9.095302 0.254207 -4.252617 -12.264781 -6.395850 -0.249500 -8.147050 3.773262
-2.791304 0.948854 -1.717749 1.864122 4.103418 -4.435779 -3.838012 4.021197 3.694909 -1.907118 -4.067258 1.677855 -1.903383 1.749969 1.484214 -1.317189 7.143451 1.126878 -2.873292 13.951776 4.689292 -7.237896 -9.703818 9.952759 -2.086983 7.770173 8.605413 -20.976451 -21.879150 69.747720 4.059148 37.865447 0.989011 -0.239935 15.332040 -1.399207 1.458167 6.491098 -6.612176 7.446204 -21.502477 -70.761671 -51.317560 51.755947 -30.323380 -7.668011 11.923370 6.953193 -11.081941 -17.151596 2.836995 -4.757092 7.423450 0.993835 1.723181 10.464924 -1.346258 -0.020492 -2.633613 1.945309 8.167450 6.893906 7.258980 1.243692 7.726548 0.148207 -4.106179 -13.308859 -5.963655 -0.137569 -5.280667 3.806791
-2.787552 0.947762 -1.731184 1.843381 4.385692 -4.530293 -3.668374 4.186183 3.563450 -1.825810 -3.991718 1.618858 -1.822458 1.825768 1.433445 -1.260393 7.200716 1.088604 -2.316197 13.741809 4.445227 -6.118972 -10.177377 9.298863 -2.013047 8.010420 8.526567 -19.946481 -22.139054 69.884967 5.137666 39.575568 1.670638 -0.158423 15.343177 -1.755413 1.175994 6.657014 -6.560640 6.578247 -21.945268 -70.772796 -49.999681 51.263379 -29.078774 -7.518718 11.894614 7.167204 -11.412561 -18.000531 2.877017 -4.022329 7.495489 1.102390 2.796164 10.964177 -0.765098 -0.011921 -2.360300 1.517932 8.774725 6.700521 7.018169 0.517180 6.198619 0.044209 -3.999772 -13.903008 -5.471671 -0.054404 -2.981481 3.472335
-2.783827 0.946841 -1.743066 1.813014 4.557934 -4.533699 -3.493165 4.283800 3.426023 -1.741104 -3.946139 1.556671 -1.738039 1.871605 1.379843 -1.201132 7.235513 1.048033 -1.902965 13.704305 4.142270 -5.226990 -10.314470 8.570183 -1.857234 8.229598 8.569442 -19.022485 -22.414001 69.716640 6.385245 41.719948 2.479571 0.113952 15.519935 -1.806807 1.005562 6.805206 -6.610795 5.836038 -22.274774 -70.786014 -48.942870 51.257820 -28.256151 -7.266784 11.940306 7.062410 -11.688673 -18.620539 2.940945 -2.621779 7.901797 1.016766 3.170592 10.541747 -0.394108 -0.009043 -1.660817 0.967259 9.250274 6.925530 6.703327 -0.019732 4.236449 -0.052843 -3.988987 -13.860337 -4.885605 -0.017209 -1.494803 2.434200
-2.780174 0.946168 -1.753748 1.788937 4.652022 -4.482764 -3.317114 4.332220 3.292417 -1.655845 -3.922513 1.495864 -1.653011 1.895497 1.327695 -1.141283 7.253842 1.008465 -1.601977 13.802456 3.813326 -4.523092 -10.185025 7.824598 -1.662184 8.420865 8.676753 -18.209680 -22.690283 69.383632 7.825713 44.168294 3.455420 0.468843 15.774660 -1.788847 0.910427 6.945598 -6.727712 5.239081 -22.520762 -70.841210 -48.018248 51.656301 -27.712134 -6.947803 12.029107 6.729994 -11.955274 -19.023599 2.993680 -0.882446 8.517551 0.866602 3.170261 9.494328 -0.191163 -0.005223 -0.703031 0.392522 9.708052 7.354484 6.362546 -0.562198 2.113448 -0.140838 -4.001630 -13.365239 -4.246716 -0.005895 -0.580330 1.024917
-2.776795 0.946190 -1.763456 1.808339 4.758806 -4.404945 -3.162425 4.306985 3.164960 -1.579877 -3.931905 1.437582 -1.577149 1.886321 1.277131 -1.088127 7.247319 0.969988 -1.355505 13.945346 3.529908 -3.937486 -9.960027 7.184249 -1.506860 8.628365 8.785833 -17.549877 -23.011235 69.123715 9.238478 46.310776 4.461359 0.747897 15.951042 -1.937558 0.883886 7.089340 -6.865348 5.018536 -22.675943 -71.031662 -47.459024 52.479406 -27.613892 -6.646733 12.137786 6.344351 -11.940697 -19.249082 2.828350 0.037511 9.173897 0.808161 3.134304 8.244387 -0.101869 0.000000 -0.000000 0.000000 10.022096 7.643251 6.040360 -0.998131 0.302464 -0.254785 -4.027554 -12.656124 -3.748622 -0.000000 -0.000000 -0.000000
-2.773692 0.947192 -1.772053 1.882035 4.912377 -4.280692 -3.049409 4.174081 3.031007 -1.521389 -3.989484 1.376257 -1.518600 1.828891 1.221749 -1.048230 7.204566 0.927743 -1.144522 14.138447 3.325660 -3.447969 -9.630562 6.705726 -1.424294 8.911042 8.909968 -17.068971 -23.492840 68.987140 10.421422 48.018394 5.421758 0.865701 15.992129 -2.416958 0.958322 7.286258 -7.033018 5.367165 -22.806616 -71.427169 -47.465283 53.908210 -28.210633 -6.377028 12.266720 5.976380 -11.389248 -19.287808 2.249512 -0.600068 9.812056 0.925816 3.181330 6.828906 -0.118234 0.002228 0.178269 -0.106966 10.138582 7.699193 5.755178 -1.261964 -1.077122 -0.477940 -4.061284 -11.689356 -3.487881 0.003480 0.219625 -0.258149
-2.770863 0.948889 -1.779674 1.999600 5.078315 -4.129143 -2.956861 3.967727 2.902339 -1.471917 -4.079909 1.317144 -1.468985 1.738600 1.167666 -1.014900 7.137143 0.886407 -0.985091 14.375487 3.170431 -3.073315 -9.210460 6.338980 -1.382004 9.210994 9.037048 -16.741095 -24.021041 68.928151 11.513135 49.428382 6.367034 0.887467 15.968099 -3.053485 1.102460 7.486655 -7.219873 6.097207 -22.844515 -71.964335 -47.914668 55.775598 -29.312127 -6.127819 12.418739 5.554180 -10.560730 -19.135367 1.451276 -2.051816 10.499244 1.112159 3.207896 5.214386 -0.202967 0.001466 0.088832 -0.053982 10.114631 7.612292 5.486205 -1.407175 -2.147427 -0.737980 -4.091880 -10.509827 -3.370656 0.001897 0.109815 -0.129072
-2.768512 0.950878 -1.786947 2.166019 5.244799 -4.035730 -2.845672 3.765428 2.817499 -1.416625 -4.168681 1.277463 -1.413583 1.649978 1.133607 -0.975764 7.070907 0.860216 -0.873987 14.546842 3.035505 -2.802795 -8.906802 6.034015 -1.361419 9.399125 9.065318 -16.534839 -24.307297 69.044110 12.693938 50.346049 7.206867 0.879172 15.915660 -3.566923 1.213726 7.551990 -7.351768 6.864345 -22.582480 -72.524714 -48.525423 57.580259 -30.402040 -5.946548 12.573881 5.038886 -9.954052 -18.852728 0.810603 -3.258109 11.232642 1.214539 3.222909 3.714191 -0.254101 -0.000000 0.000000 0.000000 9.994216 7.311108 5.214833 -1.502907 -2.798147 -0.843841 -4.108871 -9.490094 -3.301349 -0.000000 -0.000000 0.000000
-2.766790 0.953270 -1.794144 2.412637 5.435768 -4.039207 -2.706279 3.576822 2.794052 -1.352169 -4.251543 1.265039 -1.349067 1.567276 1.127734 -0.927711 7.009020 0.855335 -0.817734 14.623818 2.923677 -2.650366 -8.773174 5.798840 -1.383128 9.363585 8.924117 -16.494897 -24.148995 69.486421 13.846676 50.604899 7.675387 0.852339 15.815530 -3.889123 1.246928 7.368486 -7.381952 7.588612 -21.831553 -73.117418 -49.182402 59.260793 -31.236621 -5.839954 12.754267 4.413407 -9.838694 -18.460387 0.520605 -3.836563 11.965338 1.137699 3.221104 2.443788 -0.233362 -0.000000 -0.000000 -0.000000 9.645284 6.659064 4.896316 -1.469310 -2.834504 -0.665038 -4.106067 -8.778904 -3.268397 -0.000000 0.000000 0.000000
-2.765546 0.955954 -1.800993 2.707525 5.627908 -4.100228 -2.549188 3.391105 2.813530 -1.282136 -4.333230 1.271722 -1.279012 1.485750 1.141529 -0.874047 6.947957 0.865318 -0.811043 14.635402 2.829382 -2.601414 -8.756697 5.618920 -1.427098 9.219735 8.680294 -16.577278 -23.755208 70.114524 14.988472 50.397484 7.924594 0.815751 15.679793 -4.084400 1.244660 7.048674 -7.363322 8.336085 -20.776617 -73.697281 -49.987439 60.875541 -32.048258 -5.801965 12.943537 3.696167 -9.941123 -17.950748 0.389187 -4.178709 12.733064 0.976124 3.201116 1.288803 -0.192256 -0.000000 0.000000 0.000000 9.203192 5.791877 4.579498 -1.388222 -2.452057 -0.331374 -4.096764 -8.227653 -3.281340 -0.000000 -0.000000 0.000000
-2.764529 0.958187 -1.807304 2.960514 5.738629 -4.188123 -2.365895 3.254961 2.861790 -1.202262 -4.392832 1.291363 -1.199225 1.426324 1.169284 -0.812084 6.903451 0.885909 -0.834012 14.559410 2.709082 -2.602735 -8.902291 5.405575 -1.414470 9.178614 8.440562 -16.621501 -23.454333 70.588242 16.498293 50.052314 8.481407 0.838393 15.583198 -4.071206 1.236759 6.793808 -7.370984 8.987384 -19.782293 -74.080550 -50.881043 62.105885 -32.950809 -5.856654 13.061855 2.900993 -9.941590 -17.357669 0.213278 -4.386970 13.640882 0.861327 3.169319 0.219475 -0.196361 -0.000000 0.000000 -0.000000 9.108404 5.049633 4.375242 -1.579235 -2.122840 -0.045989 -4.103093 -7.762838 -3.276620 -0.000000 0.000000 -0.000000
-2.763715 0.959734 -1.812946 3.151157 5.709450 -4.333029 -2.143633 3.209691 2.962714 -1.108355 -4.411943 1.334609 -1.105547 1.407411 1.222069 -0.737903 6.889292 0.925509 -0.892544 14.350654 2.536907 -2.657420 -9.294806 5.114226 -1.292676 9.359248 8.219482 -16.612586 -23.366122 70.797126 18.623667 49.553920 9.566047 0.966312 15.561837 -3.668683 1.207091 6.691778 -7.438799 9.505326 -18.978435 -74.199947 -51.929019 62.772129 -34.028507 -6.033518 13.075143 1.948700 -9.727799 -16.676906 -0.074136 -4.418973 14.825009 0.879074 3.122232 -0.773898 -0.291284 -0.000696 0.117188 -0.221526 9.644374 4.554002 4.373752 -2.247833 -1.985717 0.118550 -4.179173 -7.375785 -3.233094 -0.000000 0.000000 -0.000000
-2.763128 0.960831 -1.818049 3.300314 5.598990 -4.506038 -1.894973 3.212743 3.094951 -1.004621 -4.409397 1.391795 -1.002099 1.410152 1.289785 -0.655308 6.891359 0.976428 -0.980390 14.055335 2.335506 -2.759563 -9.847674 4.782755 -1.115523 9.643404 8.008315 -16.566606 -23.365398 70.847979 21.062533 48.879776 10.879880 1.162147 15.554248 -3.054799 1.173257 6.655878 -7.529667 9.936438 -18.246528 -74.142383 -53.020929 63.051636 -35.166718 -6.292493 13.013602 0.916515 -9.414398 -15.911556 -0.400458 -4.301527 16.146980 0.955760 3.060199 -1.680519 -0.440325 -0.004748 0.235912 -0.442203 10.521838 4.178647 4.475636 -3.189053 -1.898736 0.227487 -4.270481 -7.075137 -3.172617 -0.000000 0.000000 -0.000000
-2.762595 0.961448 -1.822827 3.379512 5.499300 -4.588275 -1.649087 3.187194 3.176365 -0.899266 -4.419323 1.426295 -0.897000 1.400396 1.334980 -0.573119 6.884132 1.010298 -1.059347 13.788189 2.135996 -2.843349 -10.348589 4.449646 -0.963480 9.881803 7.878739 -16.374293 -23.409723 70.725024 23.422137 48.334068 12.241640 1.362720 15.508609 -2.689171 1.217611 6.626094 -7.609150 10.296411 -17.583593 -73.976931 -53.824453 63.169758 -36.173424 -6.553527 12.893186 0.051663 -9.028628 -15.104918 -0.758250 -4.246365 17.304749 0.977179 2.998250 -2.500793 -0.582564 -0.000000 0.000000 0.000000 11.323072 3.900222 4.502618 -4.111310 -1.911338 0.283209 -4.234506 -6.813490 -3.095467 0.000000 -0.000000 0.000000
-2.761986 0.961425 -1.827281 3.366294 5.430998 -4.534324 -1.409482 3.111388 3.179177 -0.792270 -4.451387 1.425775 -0.790242 1.368489 1.345326 -0.492244 6.860406 1.017790 -1.118197 13.583896 1.947025 -2.889310 -10.733342 4.125228 -0.862660 10.013560 7.874491 -15.926698 -23.480271 70.311966 25.701523 47.977304 13.739154 1.554525 15.426935 -2.733534 1.398173 6.585291 -7.667207 10.540753 -16.995234 -73.691857 -54.212372 63.104967 -36.998121 -6.831817 12.672038 -0.572983 -8.441243 -14.272911 -1.200152 -4.464571 18.292906 0.890505 2.937308 -3.244762 -0.707572 0.031170 -0.814058 1.743376 11.990932 3.755522 4.404447 -5.008171 -2.086204 0.272565 -3.998873 -6.587888 -2.984324 0.000000 -0.000000 -0.000000
-2.761431 0.960922 -1.831409 3.282671 5.373228 -4.389275 -1.172002 3.009421 3.130548 -0.683389 -4.495007 1.402400 -0.681606 1.325016 1.333008 -0.411633 6.828074 1.008146 -1.167865 13.407085 1.761650 -2.917152 -11.067235 3.802238 -0.786657 10.095587 7.948498 -15.330399 -23.583722 69.723016 27.945587 47.728276 15.334187 1.737731 15.337828 -3.033957 1.657079 6.550214 -7.712826 10.716500 -16.479976 -73.305367 -54.286275 62.892522 -37.672545 -7.114542 12.391430 -1.034076 -7.790118 -13.395327 -1.670543 -4.759489 19.120086 0.741036 2.878520 -3.903293 -0.821177 0.057681 -1.990507 4.145481 12.585614 3.715585 4.237346 -5.885871 -2.362613 0.215361 -3.636538 -6.402000 -2.853569 -0.000000 0.000000 -0.000000
-2.761149 0.960389 -1.835413 3.166435 5.355597 -4.169807 -0.954187 2.874366 3.029188 -0.580354 -4.553468 1.355728 -0.578799 1.266667 1.296797 -0.337146 6.784616 0.980451 -1.204175 13.266754 1.589501 -2.922713 -11.333276 3.496876 -0.735937 10.154089 8.032807 -14.799850 -23.727409 69.289845 29.902170 47.712424 16.758829 1.862568 15.253496 -3.576987 1.902799 6.510762 -7.741442 10.973971 -16.021225 -72.926446 -54.089228 62.846511 -38.146700 -7.289013 12.195590 -1.306963 -7.499394 -12.468873 -2.012728 -4.749314 19.506209 0.541139 2.843050 -4.449802 -0.885290 0.031258 -3.225363 5.947241 12.868251 3.665387 3.981277 -6.472233 -2.605382 0.164066 -3.222639 -6.218083 -2.750834 0.000000 -0.000000 -0.000000
-2.761186 0.959937 -1.839402 3.026439 5.402945 -3.856614 -0.769791 2.689033 2.858797 -0.488410 -4.634537 1.278586 -0.487044 1.185678 1.228993 -0.273269 6.724204 0.928902 -1.218252 13.176054 1.437096 -2.891552 -11.507134 3.217540 -0.727358 10.186381 8.125026 -14.429139 -23.967187 69.120909 31.514024 48.111701 18.032396 1.900549 15.176320 -4.493186 2.129909 6.455377 -7.749775 11.391937 -15.610446 -72.568718 -53.666112 63.074590 -38.454114 -7.308934 12.133196 -1.337609 -7.735637 -11.514437 -2.143611 -4.243394 19.361289 0.225029 2.822491 -4.909683 -0.982590 -0.077966 -4.556775 6.663348 12.664458 3.552917 3.588852 -6.618833 -2.759176 0.142744 -2.741363 -6.028094 -2.698459 0.000000 0.000000 -0.000000
-2.761495 0.959455 -1.843267 2.854542 5.491381 -3.469282 -0.603492 2.471075 2.635456 -0.401789 -4.730305 1.178050 -0.400610 1.089981 1.137255 -0.215164 6.652774 0.859303 -1.219141 13.121030 1.299136 -2.839455 -11.614509 2.958595 -0.744669 10.195481 8.226283 -14.125776 -24.257918 69.108494 32.908241 48.762487 19.238606 1.863426 15.119842 -5.651066 2.343455 6.394502 -7.740900 11.889740 -15.257367 -72.217499 -52.969047 63.472253 -38.545126 -7.228430 12.148249 -1.175166 -8.325395 -10.521268 -2.168755 -3.443214 18.775865 -0.167606 2.829954 -5.258067 -1.032221 -0.232631 -5.940009 6.783565 12.150208 3.418029 3.108600 -6.474198 -2.879936 0.128466 -2.208381 -5.839684 -2.673753 -0.000000 0.000000 0.000000
-2.762156 0.959059 -1.846884 2.662822 5.576973 -3.082845 -0.430118 2.265417 2.406324 -0.312010 -4.820709 1.075001 -0.311062 0.999638 1.043321 -0.154921 6.585338 0.788091 -1.229912 13.070190 1.167015 -2.808062 -11.713300 2.714388 -0.737331 10.217217 8.275322 -13.828999 -24.467118 69.262135 34.074883 49.305818 20.174041 1.780478 15.095329 -6.636452 2.467511 6.351266 -7.721209 12.378899 -14.968143 -71.939930 -51.896302 64.025173 -38.231410 -7.083439 12.229549 -0.946181 -9.179021 -9.445832 -2.223455 -2.550918 17.734686 -0.465074 2.923342 -5.393999 -0.752593 -0.340627 -6.946427 6.511449 11.611934 3.286856 2.661533 -6.211646 -2.998676 0.099382 -1.745549 -5.637913 -2.658794 -0.000000 0.000000 0.000000
-2.763188 0.958812 -1.850137 2.448618 5.637271 -2.710807 -0.238307 2.089181 2.176030 -0.214319 -4.898110 0.971451 -0.213662 0.922282 0.949689 -0.088808 6.527613 0.717155 -1.262025 13.020026 1.041587 -2.819642 -11.809704 2.491375 -0.679307 10.275996 8.234159 -13.535335 -24.538274 69.690973 34.839113 49.649967 20.558583 1.654052 15.102369 -7.331583 2.442986 6.338894 -7.687058 12.900071 -14.725195 -71.781731 -50.392492 64.781312 -37.393684 -6.864943 12.398203 -0.660391 -10.491909 -8.238104 -2.386609 -1.396367 16.147730 -0.554448 3.113361 -5.187429 0.139585 -0.350296 -7.455535 5.732116 11.096801 3.195237 2.284697 -5.810657 -3.140516 0.030088 -1.417736 -5.405967 -2.648080 -0.000000 -0.000000 0.000000
-2.764571 0.958650 -1.853143 2.214361 5.695081 -2.339652 -0.039862 1.925278 1.940104 -0.113628 -4.970177 0.865468 -0.113301 0.850243 0.853930 -0.020660 6.473844 0.644657 -1.304386 12.973947 0.921789 -2.852659 -11.897938 2.282985 -0.595322 10.348053 8.141877 -13.252276 -24.536232 70.289647 35.332221 49.920066 20.627273 1.500232 15.123886 -7.847315 2.328818 6.344891 -7.643496 13.413486 -14.540572 -71.702506 -48.412070 65.666588 -36.044403 -6.578192 12.625269 -0.300111 -12.071620 -6.960412 -2.604150 -0.149519 14.100093 -0.543945 3.388182 -4.762590 1.362410 -0.295597 -7.595339 4.558068 10.556649 3.108235 1.940281 -5.291181 -3.279553 -0.053944 -1.160048 -5.160251 -2.648671 0.000000 -0.000000 0.000000
-2.766328 0.958503 -1.856124 1.979358 5.773524 -2.003801 0.154357 1.767138 1.731874 -0.016370 -5.039849 0.771952 -0.016387 0.780583 0.770289 0.045795 6.421804 0.581345 -1.346246 12.911121 0.795673 -2.882544 -12.017441 2.062876 -0.510661 10.396646 8.053064 -12.933651 -24.505504 70.745241 35.974023 50.079299 20.905527 1.384160 15.136688 -8.111146 2.226456 6.353890 -7.609889 13.711255 -14.461590 -71.645250 -45.878796 66.474276 -34.212507 -6.279718 12.833140 0.044367 -13.247368 -5.723888 -2.786593 0.495354 11.838821 -0.549043 3.766678 -4.402685 2.352758 -0.225673 -7.307248 3.533074 10.134814 2.958833 1.636392 -4.887585 -3.370845 -0.099396 -0.899838 -4.935481 -2.661825 0.000000 0.000000 -0.000000
-2.768532 0.958370 -1.859148 1.762782 5.874521 -1.721959 0.341662 1.616621 1.565936 0.075578 -5.106261 0.697422 0.075211 0.714167 0.705093 0.109638 6.372149 0.531993 -1.392969 12.820931 0.656114 -2.916773 -12.187960 1.819997 -0.437793 10.400834 7.983922 -12.556905 -24.439011 70.935048 36.917201 50.032014 21.579888 1.328933 15.112135 -8.022668 2.168246 6.364484 -7.593253 13.630718 -14.526768 -71.599446 -42.491508 67.127052 -31.690472 -5.970632 12.999441 0.367943 -13.727407 -4.476820 -2.893791 0.099699 9.244444 -0.539502 4.350100 -4.215898 2.940495 -0.158970 -6.413958 2.795218 9.902827 2.728851 1.384352 -4.727108 -3.397537 -0.075204 -0.597538 -4.740479 -2.695536 -0.000000 -0.000000 0.000000
-2.771111 0.958252 -1.862147 1.545576 5.995573 -1.475626 0.523956 1.471371 1.427509 0.163833 -5.170432 0.635277 0.163111 0.649978 0.651910 0.171603 6.324130 0.491739 -1.439110 12.713960 0.510159 -2.947410 -12.389781 1.565045 -0.364657 10.381537 7.917532 -12.142526 -24.337245 70.982498 38.000861 49.858619 22.443696 1.321773 15.064246 -7.682769 2.122071 6.377889 -7.586122 13.334802 -14.694479 -71.580326 -38.519838 67.645464 -28.667104 -5.650218 13.148166 0.673324 -13.799243 -3.253568 -2.935994 -0.870507 6.436468 -0.447330 5.029938 -4.093035 3.311324 -0.099544 -5.090313 2.199189 9.790150 2.442995 1.173450 -4.683289 -3.376762 -0.013899 -0.293084 -4.565659 -2.741977 -0.000000 0.000000 -0.000000
-2.773867 0.958069 -1.865143 1.289947 6.153135 -1.243709 0.697244 1.318221 1.305830 0.247200 -5.238209 0.580743 0.246118 0.582170 0.605838 0.230431 6.273372 0.456879 -1.457542 12.601075 0.367349 -2.926397 -12.603138 1.304502 -0.280196 10.364408 7.858480 -11.708135 -24.250492 70.941932 39.194234 49.774581 23.454386 1.370737 15.040498 -7.321749 2.092759 6.382170 -7.585501 13.103942 -14.893189 -71.569623 -34.863517 68.019458 -25.886305 -5.374858 13.282528 0.876211 -13.655205 -2.282808 -2.879967 -1.747318 4.020311 -0.378904 5.520429 -4.002524 3.422644 -0.061944 -3.797883 1.868147 9.728063 2.100039 0.980223 -4.610267 -3.315314 0.042756 -0.032975 -4.418376 -2.778536 0.000000 -0.000000 -0.000000
-2.776848 0.957752 -1.868247 0.947186 6.391047 -1.032298 0.874742 1.133019 1.202025 0.331570 -5.320264 0.534347 0.330094 0.500071 0.568005 0.290617 6.211883 0.428258 -1.435262 12.486705 0.228571 -2.829101 -12.819916 1.034344 -0.167286 10.360718 7.807075 -11.259462 -24.188338 70.790969 40.626663 49.862200 24.738461 1.500000 15.069478 -6.989132 2.087813 6.368508 -7.589072 13.058373 -15.115707 -71.560913 -31.867796 68.316628 -23.661642 -5.161509 13.423302 0.894324 -13.252432 -1.708670 -2.626377 -2.344083 2.249925 -0.503303 5.707050 -3.976753 3.118401 -0.039846 -2.597100 2.062826 9.761329 1.652752 0.804003 -4.468352 -3.209395 0.083056 0.143189 -4.310314 -2.792728 -0.000000 0.000000 0.000000
-2.780007 0.957370 -1.871348 0.566267 6.665842 -0.836626 1.043204 0.939522 1.115168 0.411048 -5.406057 0.495688 0.409174 0.414226 0.537414 0.347678 6.147569 0.405132 -1.385080 12.366223 0.093395 -2.679656 -13.048157 0.758998 -0.043126 10.359167 7.763180 -10.790017 -24.137219 70.550663 42.190862 50.021405 26.192658 1.688139 15.122449 -6.635785 2.099808 6.345715 -7.599004 13.078146 -15.369814 -71.560227 -29.290363 68.522817 -21.781575 -4.993361 13.561046 0.807540 -12.624917 -1.386184 -2.271014 -2.845254 0.865796 -0.722361 5.722292 -3.992412 2.538259 -0.014252 -1.422390 2.527231 9.846205 1.149691 0.645877 -4.297484 -3.062643 0.119137 0.275286 -4.230202 -2.797835 0.000000 0.000000 0.000000
-2.783015 0.957058 -1.874130 0.255868 6.863130 -0.617848 1.159014 0.796335 1.031760 0.466775 -5.469654 0.458638 0.464606 0.350586 0.506023 0.386919 6.099880 0.381436 -1.318711 12.236808 -0.030512 -2.503505 -13.292529 0.497864 0.051834 10.351387 7.730714 -10.298999 -24.115532 70.338927 43.506858 50.213823 27.445498 1.868604 15.172249 -6.343063 2.111141 6.328281 -7.619140 13.083578 -15.607139 -71.567891 -27.211381 68.552978 -20.261150 -4.877298 13.653480 0.772669 -12.085266 -1.110806 -2.078195 -3.154888 -0.292256 -0.804177 5.646122 -3.935754 2.070104 0.009542 -0.547079 2.616593 9.780607 0.729837 0.487199 -4.071000 -2.892780 0.145868 0.436137 -4.151164 -2.809843 -0.000000 0.000000 -0.000000
-2.785665 0.956840 -1.876430 0.060710 6.920970 -0.331189 1.197551 0.738576 0.934872 0.488567 -5.495522 0.415488 0.486281 0.324700 0.465084 0.400080 6.080471 0.350556 -1.231420 12.089963 -0.141500 -2.292354 -13.568816 0.252120 0.098003 10.332372 7.719904 -9.762302 -24.147332 70.168124 44.525056 50.476129 28.446816 2.029239 15.224300 -6.126717 2.125355 6.317395 -7.661790 13.064857 -15.829905 -71.571997 -25.738937 68.379458 -19.192180 -4.829198 13.676545 0.837051 -11.693758 -0.794924 -2.224383 -3.262249 -1.277843 -0.609743 5.468123 -3.717426 1.894622 0.013409 -0.143359 1.895786 9.428815 0.456905 0.296575 -3.771311 -2.680794 0.153048 0.698713 -4.075413 -2.830013 -0.000031 0.015509 -0.053595
-2.788163 0.956692 -1.878412 -0.064764 6.900695 -0.019661 1.182842 0.730409 0.841571 0.486417 -5.499449 0.373877 0.484141 0.320774 0.423255 0.395295 6.077510 0.319009 -1.127992 11.934153 -0.241079 -2.054415 -13.861186 0.020552 0.114849 10.306935 7.720225 -9.203190 -24.208626 70.024192 45.294503 50.790832 29.253355 2.177622 15.278792 -5.970961 2.138927 6.311769 -7.714639 13.031968 -16.035963 -71.583872 -24.824191 68.052548 -18.544860 -4.834992 13.652852 0.949726 -11.396437 -0.523887 -2.530270 -3.195392 -2.033654 -0.292698 5.189863 -3.426114 1.828862 0.005588 -0.041017 0.802531 8.925254 0.262608 0.104684 -3.416150 -2.445312 0.150878 0.990110 -4.000475 -2.857213 -0.000151 0.031026 -0.107188
-2.790800 0.956666 -1.880256 -0.147079 6.872391 0.225073 1.144289 0.724237 0.789469 0.471729 -5.502405 0.350692 0.469522 0.317831 0.398579 0.382456 6.075284 0.300406 -1.034622 11.791933 -0.326458 -1.840702 -14.127429 -0.180701 0.120542 10.281302 7.704343 -8.692916 -24.248975 69.986270 45.559903 51.061945 29.633831 2.272305 15.304449 -5.908930 2.123510 6.322146 -7.744765 12.935093 -16.170751 -71.638771 -24.316235 67.594999 -18.156952 -4.857178 13.606740 1.119840 -11.334782 -0.354654 -2.725082 -2.917576 -2.549409 -0.048794 4.903939 -3.212905 1.718910 0.000000 -0.000000 0.000000 8.471574 0.090396 -0.012776 -3.031475 -2.260402 0.165584 1.164037 -3.892520 -2.903430 -0.000000 -0.000000 -0.000000
-2.793713 0.956825 -1.881981 -0.193831 6.857053 0.356424 1.086554 0.706792 0.800864 0.445554 -5.510225 0.355917 0.443461 0.310032 0.401147 0.363113 6.069420 0.302358 -0.955260 11.663446 -0.390570 -1.662126 -14.367387 -0.336116 0.115334 10.260970 7.651340 -8.250495 -24.249703 70.103419 45.181707 51.251910 29.445911 2.289015 15.280588 -5.973792 2.051890 6.368560 -7.735056 12.762242 -16.201820 -71.758536 -24.185204 66.962065 -17.966441 -4.866971 13.537651 1.396109 -11.667453 -0.347691 -2.705005 -2.250619 -2.739355 0.062905 4.597362 -3.158561 1.488860 -0.000521 0.040154 -0.193903 8.084186 -0.071090 -0.016263 -2.542366 -2.154915 0.214757 1.138934 -3.735755 -2.977477 0.000961 -0.115141 0.438999
-2.796764 0.957106 -1.883569 -0.197348 6.833012 0.420947 1.004850 0.691632 0.853430 0.406790 -5.516975 0.379550 0.404869 0.303311 0.420845 0.335675 6.064358 0.317233 -0.886113 11.548519 -0.440442 -1.508690 -14.581700 -0.460499 0.099090 10.240160 7.582129 -7.857985 -24.231431 70.327349 44.280360 51.398220 28.809933 2.251164 15.229031 -6.131477 1.950954 6.430886 -7.703097 12.525199 -16.164102 -71.922343 -24.427618 66.202003 -17.996684 -4.893423 13.448883 1.730470 -12.232685 -0.444477 -2.573589 -1.370678 -2.685051 0.106408 4.284615 -3.182403 1.216889 -0.000186 0.020053 -0.096957 7.744623 -0.205545 0.053750 -2.023433 -2.099855 0.281946 0.995767 -3.547146 -3.070872 0.001727 -0.277036 1.038720
-2.799840 0.957375 -1.885152 -0.160684 6.806502 0.466496 0.914722 0.671727 0.918070 0.363729 -5.525841 0.408592 0.361997 0.294475 0.445516 0.305408 6.057705 0.335859 -0.841956 11.469066 -0.494588 -1.400801 -14.729867 -0.582908 0.089446 10.208445 7.532160 -7.531999 -24.203510 70.592088 42.984489 51.515715 27.880976 2.188806 15.181679 -6.314173 1.873707 6.459780 -7.667596 12.210390 -16.104047 -72.101959 -24.930709 65.472571 -18.212517 -4.984161 13.369323 1.987512 -12.689143 -0.526169 -2.373520 -0.767168 -2.626156 0.070086 4.101131 -3.191634 0.980622 0.000000 -0.000000 0.000000 7.602289 -0.324979 0.154059 -1.724666 -2.083182 0.341685 0.832019 -3.341921 -3.169404 0.001463 -0.419639 1.446798
-2.802970 0.957614 -1.886822 -0.081126 6.780593 0.507696 0.819644 0.644146 0.985626 0.318352 -5.538145 0.438954 0.316821 0.282197 0.471271 0.273498 6.048466 0.355303 -0.831948 11.439245 -0.563462 -1.351688 -14.785734 -0.719263 0.094821 10.154867 7.516652 -7.288992 -24.158521 70.893415 41.284983 51.587023 26.645247 2.107028 15.150075 -6.496461 1.846519 6.419918 -7.628567 11.774831 -16.005160 -72.273959 -25.763553 64.842756 -18.684158 -5.171175 13.313599 2.105356 -12.909564 -0.561083 -2.079052 -0.685770 -2.636664 -0.112453 4.156854 -3.146866 0.822825 -0.000000 0.000000 -0.000000 7.787465 -0.420680 0.278579 -1.806178 -2.137904 0.378926 0.672749 -3.104986 -3.271860 0.000771 -0.500799 1.481132
-2.806124 0.957840 -1.888487 0.038622 6.752164 0.529862 0.716084 0.611799 1.065211 0.268662 -5.552590 0.474698 0.267353 0.267779 0.501971 0.238749 6.037612 0.378476 -0.847421 11.444581 -0.636960 -1.349363 -14.776224 -0.853655 0.106831 10.090673 7.520441 -7.112940 -24.103888 71.235580 39.193297 51.597937 25.111699 2.002621 15.120193 -6.704210 1.843381 6.346858 -7.585442 11.262382 -15.885287 -72.464774 -26.821276 64.239625 -19.301584 -5.420658 13.263625 2.147510 -13.021356 -0.581608 -1.716845 -0.880223 -2.647619 -0.376400 4.341296 -3.085696 0.701117 0.000000 -0.000000 0.000000 8.169649 -0.502737 0.432261 -2.107327 -2.233005 0.406205 0.492748 -2.851546 -3.379818 -0.000283 -0.562455 1.323867
-2.809096 0.957969 -1.890012 0.187366 6.718220 0.536872 0.609134 0.576260 1.155152 0.217002 -5.568477 0.515063 0.215925 0.251914 0.537092 0.202869 6.025665 0.404979 -0.876404 11.464033 -0.702806 -1.376309 -14.740422 -0.967534 0.117797 10.038958 7.533350 -6.971428 -24.071027 71.565153 36.867005 51.576997 23.471236 1.892194 15.085910 -6.946495 1.838839 6.297542 -7.555795 10.790467 -15.841014 -72.717927 -27.760638 63.610748 -19.794709 -5.681090 13.197663 2.165562 -13.064432 -0.567189 -1.409976 -1.100728 -2.683473 -0.541228 4.458924 -3.030408 0.564318 -0.000000 0.000000 0.000000 8.507425 -0.611703 0.588362 -2.397452 -2.259981 0.439584 0.314665 -2.641549 -3.482678 -0.002076 -0.664534 1.169035
-2.811782 0.957935 -1.891354 0.373938 6.679310 0.517618 0.495281 0.533279 1.266883 0.161294 -5.587696 0.565164 0.160469 0.232714 0.581537 0.164684 6.011203 0.438511 -0.926783 11.493560 -0.758964 -1.448553 -14.685858 -1.053552 0.118893 10.003922 7.555529 -6.896500 -24.079664 71.863807 34.350970 51.528826 21.806941 1.783115 15.040413 -7.256011 1.828699 6.292979 -7.550978 10.456016 -15.923667 -73.066710 -28.531461 62.975688 -20.142236 -5.967645 13.100574 2.145246 -13.032343 -0.511320 -1.207661 -1.273300 -2.742931 -0.513398 4.425101 -2.993516 0.386958 -0.000000 0.000000 0.000000 8.743769 -0.778924 0.745138 -2.627678 -2.157559 0.488911 0.137012 -2.504797 -3.576059 -0.005095 -0.858722 1.081429
-2.814286 0.957804 -1.892556 0.589532 6.635061 0.483104 0.377880 0.487058 1.388863 0.103566 -5.608402 0.619833 0.103005 0.212021 0.630346 0.125330 5.995608 0.475329 -0.990896 11.537071 -0.807680 -1.550388 -14.605300 -1.119406 0.118720 9.981323 7.586701 -6.855828 -24.110094 72.149423 31.604129 51.429800 20.036947 1.671560 14.986369 -7.599148 1.816993 6.312056 -7.559805 10.164070 -16.081509 -73.474984 -29.201468 62.318133 -20.384755 -6.264369 12.984641 2.100491 -12.931093 -0.421333 -1.060043 -1.472213 -2.825662 -0.386397 4.324603 -2.963171 0.194219 -0.000000 -0.000000 -0.000000 8.935160 -0.973088 0.903614 -2.847459 -1.986653 0.544943 -0.038121 -2.411392 -3.663906 -0.008342 -1.093351 0.996249
-2.816719 0.957684 -1.893606 0.796461 6.580896 0.470380 0.272497 0.451838 1.485017 0.052368 -5.624266 0.662924 0.052047 0.196164 0.668240 0.090019 5.983640 0.503910 -1.033229 11.585839 -0.842772 -1.616348 -14.514924 -1.168630 0.135665 9.981617 7.616069 -6.720055 -24.134947 72.423031 28.654118 51.271378 18.111772 1.553457 14.934174 -7.885816 1.790429 6.348365 -7.566241 9.742810 -16.257676 -73.879300 -29.628315 61.539680 -20.367149 -6.474273 12.875516 2.123599 -12.819089 -0.296341 -0.941597 -1.669968 -2.952903 -0.259870 4.216030 -2.925197 0.010709 0.000000 -0.000000 -0.000000 9.010890 -1.138408 1.042260 -2.973982 -1.820733 0.596274 -0.182540 -2.331460 -3.747805 -0.010147 -1.273337 0.913119
-2.819139 0.957603 -1.894460 0.992475 6.509508 0.498260 0.180462 0.435583 1.539380 0.008990 -5.631735 0.687308 0.008876 0.188697 0.688220 0.059174 5.977979 0.518982 -1.046432 11.635632 -0.860509 -1.633973 -14.422554 -1.197204 0.180259 10.020636 7.644845 -6.418586 -24.164920 72.690407 25.389011 50.983701 15.938809 1.426515 14.879693 -8.128191 1.740664 6.407364 -7.564599 9.091806 -16.443215 -74.280174 -29.610334 60.533358 -19.882928 -6.538938 12.784526 2.261756 -12.700991 -0.107975 -0.850581 -1.870664 -3.167205 -0.163991 4.104632 -2.867610 -0.155600 0.000000 -0.000000 0.000000 8.908681 -1.252515 1.151371 -2.952174 -1.673683 0.640524 -0.285073 -2.263137 -3.827998 -0.010011 -1.348061 0.829893
-2.821487 0.957533 -1.895161 1.179715 6.427914 0.547818 0.100642 0.430319 1.567961 -0.027798 -5.634318 0.700151 -0.027736 0.186114 0.697329 0.032414 5.975994 0.525859 -1.037810 11.690988 -0.864361 -1.615776 -14.319774 -1.208616 0.241899 10.082601 7.671997 -6.021221 -24.190858 72.945169 21.960708 50.593674 13.663251 1.289482 14.827862 -8.314713 1.675958 6.483545 -7.560690 8.309875 -16.650453 -74.674326 -29.404406 59.411756 -19.181813 -6.519132 12.707376 2.467148 -12.572316 0.116059 -0.787932 -2.069951 -3.425962 -0.068527 3.985083 -2.802450 -0.312828 -0.000000 -0.000000 -0.000000 8.691403 -1.336452 1.241647 -2.837059 -1.530844 0.680880 -0.356742 -2.207951 -3.904140 -0.009051 -1.368128 0.748734
-2.823698 0.957500 -1.895829 1.327108 6.352942 0.599666 0.045039 0.426441 1.582748 -0.053187 -5.636219 0.706811 -0.053002 0.184211 0.701411 0.013779 5.974535 0.528942 -0.993705 11.756568 -0.858673 -1.533748 -14.197944 -1.217064 0.307378 10.130628 7.683344 -5.609618 -24.155600 73.171332 18.755993 50.266883 11.560558 1.132355 14.810349 -8.322412 1.608012 6.554055 -7.555686 7.522305 -16.853097 -74.993615 -29.504934 58.409389 -18.745544 -6.496776 12.648757 2.689021 -12.477791 0.292769 -0.733648 -2.227525 -3.622262 0.017623 3.900047 -2.750929 -0.460171 -0.000000 -0.000000 0.000000 8.476519 -1.399064 1.322984 -2.710758 -1.422882 0.713975 -0.402889 -2.141018 -3.977087 -0.008199 -1.390281 0.675723
-2.825760 0.957522 -1.896518 1.417332 6.291849 0.649351 0.024232 0.422106 1.583831 -0.062472 -5.638216 0.707317 -0.062242 0.182213 0.700975 0.006818 5.973026 0.528613 -0.907029 11.822514 -0.841565 -1.375206 -14.075314 -1.221815 0.376288 10.147141 7.670945 -5.160548 -24.025024 73.367338 15.749468 50.038755 9.592305 0.930824 14.854916 -8.099083 1.537547 6.609852 -7.551563 6.737062 -17.045913 -75.198961 -30.038199 57.595214 -18.703046 -6.491496 12.613502 2.921742 -12.400617 0.380297 -0.685834 -2.354511 -3.700665 0.095444 3.864242 -2.723167 -0.599002 -0.000000 0.000000 -0.000000 8.284203 -1.443437 1.397977 -2.589784 -1.361773 0.737605 -0.410461 -2.050738 -4.048979 -0.007698 -1.435229 0.614550
-2.827686 0.957582 -1.897173 1.467754 6.237493 0.701549 0.027698 0.419266 1.571243 -0.060339 -5.639474 0.701693 -0.060119 0.180954 0.695568 0.007998 5.972089 0.524535 -0.784731 11.898622 -0.814581 -1.152897 -13.933632 -1.222756 0.449157 10.149752 7.642647 -4.697678 -23.834089 73.537267 12.918589 49.901883 7.759424 0.705974 14.947337 -7.699358 1.463954 6.660055 -7.546259 5.944748 -17.229339 -75.329371 -30.824032 56.897914 -18.877479 -6.482129 12.598161 3.170308 -12.357629 0.420729 -0.647681 -2.440060 -3.716211 0.163950 3.862989 -2.708605 -0.727680 -0.000000 0.000000 0.000000 8.094436 -1.466440 1.464156 -2.457381 -1.335463 0.753616 -0.392586 -1.948478 -4.117631 -0.007264 -1.482268 0.561521
-2.829450 0.957644 -1.897746 1.499400 6.185218 0.750658 0.035752 0.413991 1.556878 -0.056078 -5.641801 0.695274 -0.055878 0.178629 0.689581 0.010725 5.970355 0.520017 -0.634211 12.019090 -0.787004 -0.877278 -13.709337 -1.234343 0.514173 10.154377 7.607850 -4.373248 -23.627287 73.673273 10.582043 50.017062 6.311888 0.516340 15.059002 -7.159755 1.396937 6.709030 -7.534858 5.245466 -17.383918 -75.436750 -31.850639 56.340128 -19.254923 -6.488074 12.592042 3.399853 -12.443833 0.456692 -0.607829 -2.410945 -3.727361 0.211335 3.894888 -2.697217 -0.840692 -0.000000 -0.000000 -0.000000 7.964302 -1.467743 1.523932 -2.345696 -1.338958 0.764306 -0.393928 -1.843986 -4.177485 -0.006814 -1.526031 0.511619
-2.831038 0.957704 -1.898213 1.509467 6.135896 0.797472 0.047480 0.403013 1.541602 -0.050122 -5.646650 0.688448 -0.049950 0.173780 0.683360 0.014701 5.966729 0.515321 -0.444029 12.218962 -0.759269 -0.526924 -13.337155 -1.261668 0.575116 10.169900 7.565624 -4.227946 -23.411719 73.763913 8.816538 50.523991 5.300647 0.378938 15.187443 -6.419404 1.336751 6.756231 -7.510913 4.673768 -17.494918 -75.542442 -33.162827 55.945749 -19.861838 -6.522343 12.596226 3.593086 -12.734756 0.501528 -0.561909 -2.196551 -3.759568 0.225430 3.967076 -2.684178 -0.933005 0.000000 0.000000 -0.000000 7.935644 -1.444464 1.573477 -2.269778 -1.376966 0.769891 -0.436851 -1.738621 -4.223901 -0.006299 -1.565356 0.461097
-2.832464 0.957766 -1.898599 1.500777 6.088707 0.841255 0.063811 0.389601 1.524560 -0.042032 -5.652568 0.680833 -0.041898 0.167862 0.676566 0.020227 5.962305 0.510191 -0.225335 12.463146 -0.729907 -0.124219 -12.882113 -1.296379 0.628233 10.187425 7.516923 -4.220431 -23.178448 73.818676 7.480412 51.340831 4.594796 0.291922 15.340577 -5.534065 1.283136 6.802231 -7.480879 4.195423 -17.576038 -75.627134 -34.718424 55.676940 -20.681339 -6.571229 12.608257 3.767443 -13.154870 0.541871 -0.514955 -1.867449 -3.786646 0.218380 4.072431 -2.674135 -1.009613 -0.000000 0.000000 -0.000000 7.966658 -1.399515 1.616805 -2.214411 -1.444944 0.769879 -0.498897 -1.631153 -4.261606 -0.005782 -1.601401 0.413702
-2.833752 0.957823 -1.898929 1.502788 6.036396 0.874037 0.067785 0.379570 1.515015 -0.039793 -5.657020 0.676573 -0.039669 0.163411 0.672533 0.021596 5.958972 0.507147 -0.019706 12.680868 -0.706034 0.254983 -12.475873 -1.334755 0.650370 10.196109 7.473932 -4.379454 -22.946727 73.858592 6.568987 52.311695 4.166236 0.277078 15.495294 -4.716940 1.245003 6.853035 -7.459195 3.807857 -17.651603 -75.682136 -36.382098 55.463341 -21.642347 -6.614535 12.611269 3.940756 -13.572607 0.580286 -0.469567 -1.562147 -3.789866 0.214948 4.188153 -2.671358 -1.080102 0.000000 -0.000000 -0.000000 7.988929 -1.341299 1.668046 -2.166406 -1.524090 0.765563 -0.557454 -1.527519 -4.299128 -0.005351 -1.632287 0.375660
-2.834898 0.957868 -1.899223 1.523017 5.978409 0.892022 0.054209 0.374218 1.517090 -0.045906 -5.659441 0.677515 -0.045752 0.160989 0.672854 0.017061 5.957149 0.507388 0.160762 12.845888 -0.689606 0.589148 -12.167348 -1.376252 0.629637 10.189586 7.440864 -4.739634 -22.718882 73.880954 6.183323 53.503959 4.090984 0.360954 15.650327 -3.986650 1.229992 6.910165 -7.451782 3.524730 -17.731057 -75.700292 -38.166084 55.278771 -22.772541 -6.641054 12.596838 4.119634 -14.004011 0.608882 -0.428766 -1.289935 -3.752119 0.228958 4.332858 -2.680394 -1.149428 -0.000000 -0.000000 -0.000000 7.971655 -1.268874 1.734654 -2.112574 -1.619325 0.753229 -0.603803 -1.423873 -4.339460 -0.005086 -1.657442 0.351636
-2.835907 0.957906 -1.899462 1.553971 5.915290 0.898968 0.028238 0.372229 1.526621 -0.057884 -5.660405 0.681794 -0.057672 0.160025 0.675917 0.008356 5.956410 0.509700 0.327881 12.984598 -0.679519 0.900284 -11.907469 -1.423810 0.577898 10.174089 7.413364 -5.265327 -22.492574 73.884690 6.271989 54.864033 4.334986 0.512741 15.796597 -3.326954 1.230465 6.972094 -7.452653 3.332241 -17.803985 -75.688925 -40.066083 55.132924 -24.055731 -6.661707 12.573394 4.298086 -14.433036 0.635732 -0.389600 -1.041631 -3.690782 0.246572 4.487945 -2.696658 -1.212746 -0.000000 0.000000 0.000000 7.945713 -1.183191 1.809108 -2.066051 -1.725737 0.736562 -0.646590 -1.324013 -4.379604 -0.004933 -1.677447 0.336973
-2.836810 0.957939 -1.899616 1.602588 5.841410 0.898185 -0.011583 0.375481 1.540403 -0.076232 -5.659083 0.687979 -0.075931 0.161344 0.680240 -0.005010 5.957376 0.512964 0.475666 13.105258 -0.679122 1.178455 -11.680974 -1.481445 0.507589 10.157654 7.390712 -5.880040 -22.280029 73.893697 6.604462 56.046105 4.714551 0.647714 15.895344 -2.902137 1.232420 7.040237 -7.458407 3.186523 -17.865056 -75.660520 -41.920518 55.019365 -25.352174 -6.689640 12.549524 4.475074 -14.679979 0.687316 -0.345395 -0.928057 -3.639466 0.251106 4.574781 -2.710927 -1.264896 -0.000000 -0.000000 0.000000 7.935194 -1.095587 1.883020 -2.053284 -1.809813 0.728134 -0.689241 -1.245307 -4.419048 -0.004784 -1.692157 0.323921
-2.837613 0.957967 -1.899665 1.679418 5.752349 0.891915 -0.069700 0.387261 1.557243 -0.102883 -5.654034 0.695543 -0.102453 0.166389 0.685099 -0.024535 5.961126 0.516637 0.602397 13.202809 -0.695872 1.423661 -11.497191 -1.562890 0.414576 10.141607 7.370835 -6.603243 -22.087901 73.923905 7.180954 56.968898 5.233023 0.729598 15.922205 -2.811800 1.229245 7.120932 -7.468116 3.081652 -17.914503 -75.613331 -43.738825 54.934955 -26.662941 -6.728701 12.528025 4.655697 -14.639071 0.779125 -0.292823 -1.023168 -3.615290 0.233183 4.549494 -2.718827 -1.301474 -0.000000 0.000000 0.000000 7.957543 -1.008908 1.951396 -2.094099 -1.858942 0.734720 -0.739431 -1.195028 -4.457922 -0.004593 -1.700718 0.309420
-2.838312 0.957990 -1.899630 1.773930 5.652554 0.877789 -0.141680 0.404305 1.578248 -0.135907 -5.646695 0.704980 -0.135319 0.173721 0.691183 -0.048727 5.966582 0.521238 0.709717 13.282334 -0.722696 1.636182 -11.346801 -1.655517 0.302970 10.124587 7.355773 -7.415027 -21.909512 73.958056 8.025242 57.707802 5.920167 0.784280 15.899204 -2.956420 1.227528 7.207826 -7.482784 3.023587 -17.951945 -75.549261 -45.522464 54.882506 -27.998974 -6.774937 12.505607 4.835121 -14.416018 0.895223 -0.233539 -1.252989 -3.601635 0.202296 4.455934 -2.724986 -1.326769 -0.000000 0.000000 -0.000000 7.995323 -0.920485 2.019519 -2.168816 -1.885863 0.749636 -0.789405 -1.165906 -4.496068 -0.004410 -1.703983 0.296534
-2.838924 0.958006 -1.899536 1.861447 5.549701 0.852251 -0.215654 0.418669 1.603671 -0.170014 -5.640560 0.716398 -0.169264 0.179847 0.699139 -0.073584 5.971131 0.527251 0.796724 13.367250 -0.741020 1.806425 -11.186815 -1.723418 0.197554 10.110680 7.350962 -8.180535 -21.737145 73.972360 8.887570 58.154891 6.579790 0.816784 15.859381 -3.200935 1.233093 7.283290 -7.501898 2.986293 -17.971306 -75.486221 -47.101610 54.879631 -29.238843 -6.830234 12.480882 4.997201 -14.148318 1.014923 -0.168675 -1.506444 -3.581517 0.170061 4.347037 -2.733759 -1.348580 0.000000 -0.000000 0.000000 8.020270 -0.833354 2.094337 -2.244697 -1.895088 0.765321 -0.819454 -1.153487 -4.532523 -0.004265 -1.704371 0.286699
-2.839458 0.958016 -1.899396 1.939624 5.447154 0.810386 -0.291818 0.428789 1.636579 -0.205429 -5.636327 0.731164 -0.204510 0.184068 0.710310 -0.099170 5.974245 0.535688 0.861511 13.459246 -0.745332 1.928609 -11.014402 -1.755449 0.105333 10.103027 7.355939 -8.851819 -21.560495 73.961635 9.673724 58.219007 7.116786 0.828482 15.806556 -3.545723 1.247944 7.342191 -7.526821 2.957479 -17.969353 -75.426686 -48.434715 54.932890 -30.355442 -6.906521 12.447515 5.154711 -13.843473 1.131563 -0.092522 -1.777374 -3.548621 0.137651 4.226734 -2.746854 -1.368744 -0.000000 0.000000 -0.000000 8.017541 -0.755310 2.181660 -2.320006 -1.879179 0.780226 -0.814110 -1.160740 -4.568286 -0.004179 -1.701607 0.281382
-2.839906 0.958019 -1.899199 2.010883 5.341593 0.757149 -0.370010 0.436292 1.673879 -0.241941 -5.633276 0.747896 -0.240848 0.187104 0.723336 -0.125431 5.976466 0.545522 0.905939 13.556587 -0.741345 2.008706 -10.832700 -1.763335 0.019239 10.098586 7.371103 -9.477380 -21.391000 73.932006 10.440400 57.992211 7.593619 0.825185 15.737023 -3.988645 1.270129 7.389651 -7.556116 2.949459 -17.949348 -75.368325 -49.576631 55.047486 -31.390536 -6.992467 12.410650 5.295122 -13.493902 1.251329 -0.010236 -2.071966 -3.509214 0.103925 4.091094 -2.762549 -1.385363 0.000000 -0.000000 0.000000 8.002002 -0.678448 2.275461 -2.396495 -1.845538 0.795896 -0.788794 -1.184637 -4.602350 -0.004131 -1.695966 0.279117
-2.840264 0.958022 -1.898931 2.057694 5.230617 0.703921 -0.437818 0.437992 1.706659 -0.273607 -5.632777 0.762601 -0.272363 0.187589 0.734826 -0.148191 5.976778 0.554195 0.934773 13.677547 -0.727248 2.054691 -10.607754 -1.745231 -0.057088 10.092258 7.403167 -10.067449 -21.254095 73.877859 11.150798 57.646273 8.032901 0.814604 15.672305 -4.392140 1.299595 7.423455 -7.584974 2.973042 -17.915047 -75.321762 -50.504634 55.245315 -32.329142 -7.056184 12.384496 5.363325 -13.214580 1.373678 0.058973 -2.297646 -3.465001 0.076874 3.981254 -2.779996 -1.400716 -0.000000 0.000000 0.000000 7.990024 -0.582145 2.364786 -2.446627 -1.820899 0.809468 -0.770165 -1.211728 -4.630735 -0.004086 -1.690688 0.276936
-2.840511 0.958029 -1.898575 2.072021 5.110267 0.653319 -0.490647 0.431787 1.732495 -0.298263 -5.635741 0.774187 -0.296900 0.184613 0.743909 -0.165896 5.974506 0.561047 0.945212 13.843278 -0.698473 2.059108 -10.300479 -1.691031 -0.116897 10.084295 7.462617 -10.628493 -21.163314 73.774829 11.800218 57.198083 8.452379 0.792847 15.620954 -4.709017 1.338290 7.440873 -7.610347 3.035045 -17.865077 -75.291974 -51.207258 55.544050 -33.176095 -7.085331 12.372517 5.326584 -13.056148 1.500636 0.104921 -2.413267 -3.412765 0.062397 3.915296 -2.799504 -1.416927 -0.000000 -0.000000 0.000000 7.994799 -0.453789 2.446030 -2.458074 -1.817520 0.820428 -0.776259 -1.236455 -4.650539 -0.004023 -1.687654 0.273140
-2.840668 0.958035 -1.898148 2.061927 4.984428 0.602880 -0.533097 0.419748 1.753872 -0.318076 -5.641261 0.783767 -0.316615 0.179082 0.751478 -0.180099 5.970324 0.566752 0.940041 14.032671 -0.659916 2.029873 -9.949865 -1.611810 -0.167141 10.074623 7.538941 -11.154156 -21.106387 73.648586 12.381938 56.631658 8.823435 0.761927 15.574498 -4.987632 1.384349 7.444640 -7.635127 3.128573 -17.800949 -75.273665 -51.703763 55.934038 -33.934623 -7.094409 12.369339 5.216118 -12.968022 1.630921 0.136593 -2.459935 -3.355594 0.054510 3.875140 -2.820728 -1.431937 -0.000000 0.000000 0.000000 8.003278 -0.305927 2.522763 -2.443154 -1.823120 0.829310 -0.789048 -1.264400 -4.664647 -0.003962 -1.684983 0.269427
-2.840797 0.958031 -1.897694 2.033988 4.862436 0.556391 -0.566520 0.404900 1.769284 -0.333589 -5.647996 0.790672 -0.332050 0.172338 0.756808 -0.191260 5.965240 0.570766 0.932457 14.200577 -0.623727 1.997763 -9.639118 -1.536833 -0.224664 10.057616 7.607370 -11.635523 -21.068504 73.568702 12.872878 56.070432 9.112402 0.732183 15.528775 -5.235011 1.431992 7.440733 -7.663439 3.243864 -17.730793 -75.262023 -52.014484 56.395925 -34.584230 -7.091894 12.375654 5.072291 -12.913383 1.759512 0.162949 -2.468466 -3.304633 0.043335 3.847696 -2.841835 -1.441799 0.000000 -0.000000 0.000000 7.992452 -0.155625 2.594702 -2.411291 -1.827617 0.834876 -0.781103 -1.298834 -4.677750 -0.003929 -1.680263 0.267919
-2.840917 0.958014 -1.897233 1.988226 4.748728 0.515884 -0.592756 0.387331 1.778494 -0.345609 -5.655911 0.794798 -0.344007 0.164416 0.759713 -0.199997 5.959280 0.572949 0.928039 14.333753 -0.595264 1.975583 -9.392580 -1.478595 -0.299946 10.028049 7.655192 -12.077733 -21.051085 73.582705 13.227373 55.549161 9.270623 0.701632 15.479180 -5.454150 1.486774 7.428546 -7.701225 3.383310 -17.658623 -75.248438 -52.160017 56.941174 -35.141103 -7.078804 12.397316 4.889007 -12.900378 1.884750 0.186349 -2.433610 -3.267209 0.024872 3.835515 -2.860431 -1.444405 -0.000000 -0.000000 0.000000 7.936595 -0.008301 2.661687 -2.355490 -1.828421 0.835027 -0.733267 -1.341245 -4.691437 -0.003941 -1.671826 0.270126
-2.841009 0.957987 -1.896746 1.924586 4.638835 0.479424 -0.609922 0.366910 1.781817 -0.353314 -5.665054 0.796283 -0.351668 0.155268 0.760417 -0.205679 5.952408 0.573469 0.921235 14.445426 -0.569045 1.950381 -9.185950 -1.424257 -0.382434 9.991111 7.695128 -12.476262 -21.050090 73.643958 13.502018 55.035633 9.353534 0.669922 15.430458 -5.642775 1.543204 7.408656 -7.742487 3.544488 -17.580581 -75.241156 -52.113000 57.563139 -35.580607 -7.054453 12.429513 4.672231 -12.920908 2.008398 0.203825 -2.360620 -3.235977 0.003074 3.836053 -2.878902 -1.441902 0.000000 0.000000 -0.000000 7.861390 0.141683 2.723362 -2.282753 -1.828110 0.831821 -0.664696 -1.390132 -4.704172 -0.003981 -1.661340 0.274539
-2.841069 0.957956 -1.896218 1.849507 4.528749 0.444809 -0.613760 0.346318 1.778574 -0.354790 -5.674219 0.794823 -0.353131 0.146102 0.758807 -0.206889 5.945534 0.572243 0.908570 14.530118 -0.540685 1.913996 -9.029572 -1.364320 -0.457356 9.956756 7.740556 -12.807640 -21.042167 73.680537 13.829426 54.552160 9.485581 0.649002 15.392488 -5.799496 1.578843 7.388818 -7.773606 3.710531 -17.492858 -75.260923 -51.811799 58.214381 -35.811534 -7.023513 12.456900 4.480841 -12.913772 2.130429 0.217006 -2.296090 -3.200098 -0.019954 3.828580 -2.902590 -1.436681 0.000000 -0.000000 0.000000 7.820887 0.293738 2.779403 -2.223504 -1.824353 0.830287 -0.605423 -1.444281 -4.715948 -0.004017 -1.651404 0.278744
-2.841093 0.957920 -1.895630 1.762259 4.415180 0.412467 -0.598915 0.327441 1.766913 -0.347581 -5.682544 0.789591 -0.345951 0.137781 0.754307 -0.201839 5.939308 0.568837 0.885408 14.581430 -0.508521 1.857187 -8.935436 -1.293995 -0.519572 9.926723 7.800072 -13.068673 -21.014726 73.660480 14.276617 54.087290 9.722334 0.641763 15.372758 -5.912275 1.578184 7.372014 -7.784224 3.886117 -17.391388 -75.327110 -51.207997 58.893008 -35.779516 -6.984205 12.468548 4.342201 -12.856570 2.250363 0.225302 -2.247430 -3.150665 -0.045144 3.798442 -2.937286 -1.429557 -0.000000 0.000000 0.000000 7.848436 0.451368 2.828303 -2.195985 -1.818274 0.833380 -0.569502 -1.503639 -4.727393 -0.004043 -1.642965 0.281973
-2.841085 0.957879 -1.895002 1.663568 4.301405 0.382043 -0.570688 0.308345 1.748771 -0.334125 -5.690913 0.781457 -0.332556 0.129421 0.747538 -0.192301 5.933063 0.563720 0.856334 14.605785 -0.474122 1.788998 -8.891464 -1.217816 -0.574314 9.899282 7.865074 -13.262481 -20.980672 73.616303 14.771253 53.651016 10.002475 0.642942 15.363670 -5.993208 1.556566 7.355335 -7.784935 4.066679 -17.280047 -75.420276 -50.314854 59.598517 -35.502571 -6.937320 12.475319 4.229124 -12.771711 2.368659 0.229669 -2.207243 -3.096581 -0.071522 3.760284 -2.977189 -1.419673 0.000000 -0.000000 -0.000000 7.910663 0.610847 2.872087 -2.181950 -1.808761 0.838180 -0.542880 -1.568267 -4.737861 -0.004067 -1.635076 0.284996
-2.841054 0.957839 -1.894377 1.562067 4.193272 0.350117 -0.540829 0.285990 1.729119 -0.319864 -5.700725 0.772648 -0.318359 0.119617 0.740177 -0.182205 5.925737 0.558155 0.831710 14.616929 -0.437920 1.728736 -8.871922 -1.140240 -0.622329 9.879191 7.923156 -13.374823 -20.955580 73.572879 15.235621 53.297536 10.274658 0.652660 15.352565 -6.076742 1.537832 7.337670 -7.793551 4.221614 -17.166953 -75.503329 -49.160002 60.283295 -34.996054 -6.890788 12.494211 4.118996 -12.665172 2.486663 0.234431 -2.199897 -3.053744 -0.094135 3.737331 -3.010259 -1.406928 -0.000000 0.000000 0.000000 7.961537 0.760691 2.915837 -2.157092 -1.790140 0.840907 -0.513430 -1.637119 -4.745426 -0.004086 -1.627495 0.287707
-2.841009 0.957806 -1.893760 1.456100 4.093353 0.312968 -0.511918 0.258929 1.710606 -0.306061 -5.712635 0.764348 -0.304618 0.107715 0.733278 -0.172413 5.916836 0.552937 0.814429 14.612911 -0.399988 1.681858 -8.880391 -1.062508 -0.660538 9.873344 7.969067 -13.382559 -20.945623 73.537714 15.649984 53.052963 10.530143 0.674356 15.329159 -6.188410 1.532946 7.318132 -7.819320 4.325613 -17.052386 -75.557297 -47.690602 60.919906 -34.212597 -6.845559 12.537014 4.002977 -12.521767 2.607359 0.244158 -2.252047 -3.032436 -0.110662 3.743521 -3.028466 -1.389702 -0.000228 0.009980 -0.069791 7.989041 0.896560 2.965166 -2.112160 -1.759368 0.837813 -0.477038 -1.710736 -4.748867 -0.004102 -1.620745 0.289990
-2.840941 0.957775 -1.893147 1.347324 3.999053 0.274300 -0.481381 0.228598 1.690597 -0.291458 -5.725994 0.755380 -0.290079 0.094363 0.725793 -0.162067 5.906849 0.547275 0.801523 14.595668 -0.360182 1.642667 -8.913334 -0.983149 -0.691885 9.874779 8.008098 -13.309200 -20.944163 73.504395 16.040425 52.891936 10.782319 0.703870 15.303916 -6.302928 1.531049 7.297563 -7.852927 4.404190 -16.936166 -75.601616 -45.930095 61.522470 -33.170258 -6.799726 12.592336 3.890978 -12.356639 2.727720 0.254540 -2.337011 -3.022396 -0.123424 3.764930 -3.039855 -1.369672 -0.000494 0.019953 -0.139583 8.005173 1.022876 3.014261 -2.056419 -1.719488 0.832603 -0.437830 -1.788582 -4.749425 -0.004113 -1.614303 0.291962
-2.840823 0.957738 -1.892565 1.249327 3.908504 0.241757 -0.453241 0.196294 1.666087 -0.277709 -5.740239 0.744405 -0.276391 0.080125 0.716214 -0.152519 5.896197 0.540035 0.794633 14.584753 -0.318609 1.613975 -8.934425 -0.902649 -0.726144 9.867488 8.043648 -13.210507 -20.947527 73.476797 16.401329 52.792392 11.016614 0.730443 15.295086 -6.378370 1.523292 7.277399 -7.884273 4.502917 -16.825872 -75.656699 -44.033211 62.109355 -31.995371 -6.757210 12.642574 3.788311 -12.221285 2.840124 0.256287 -2.399138 -3.008715 -0.134498 3.782994 -3.056495 -1.351717 0.000000 -0.000000 -0.000000 7.999889 1.141371 3.050782 -1.993328 -1.673953 0.832654 -0.396041 -1.867996 -4.748870 -0.004120 -1.606355 0.293859
-2.840630 0.957693 -1.892026 1.167616 3.819073 0.221100 -0.429616 0.162745 1.633066 -0.265578 -5.755054 0.729634 -0.264312 0.065316 0.702674 -0.144480 5.885120 0.529808 0.800281 14.588364 -0.275120 1.607867 -8.928359 -0.823110 -0.769233 9.841329 8.075352 -13.093928 -20.954795 73.454208 16.729230 52.786108 11.233090 0.750668 15.317955 -6.385159 1.499941 7.258863 -7.909389 4.653392 -16.723499 -75.739180 -42.016511 62.697281 -30.699393 -6.719582 12.680677 3.698756 -12.143404 2.943277 0.240343 -2.414613 -2.986116 -0.143293 3.795814 -3.083747 -1.337962 0.001606 -0.079587 0.557179 7.961196 1.253305 3.063775 -1.916605 -1.619472 0.845186 -0.351883 -1.949355 -4.748553 -0.004118 -1.597210 0.295459
-2.840388 0.957642 -1.891518 1.096636 3.733448 0.206491 -0.408341 0.127230 1.595515 -0.254283 -5.770751 0.712842 -0.253065 0.049624 0.687028 -0.137226 5.873381 0.517994 0.812003 14.598244 -0.229803 1.612383 -8.910578 -0.742372 -0.815279 9.806464 8.103572 -12.952163 -20.966896 73.437667 17.031835 52.841716 11.436148 0.768058 15.356486 -6.352622 1.470681 7.240783 -7.932326 4.823944 -16.627099 -75.832044 -39.847321 63.261819 -29.253171 -6.685393 12.713482 3.618251 -12.095358 3.038511 0.215392 -2.407240 -2.959879 -0.150435 3.805274 -3.116251 -1.326274 0.002577 -0.189077 1.323739 7.900994 1.357376 3.064046 -1.832479 -1.559350 0.862965 -0.305146 -2.032282 -4.747132 -0.004112 -1.586559 0.296985
-2.840150 0.957586 -1.891047 1.033383 3.657743 0.188144 -0.387046 0.088896 1.562401 -0.243177 -5.787706 0.698033 -0.242007 0.032674 0.673347 -0.129962 5.860696 0.507660 0.811996 14.609312 -0.183209 1.594388 -8.890756 -0.654739 -0.856393 9.777344 8.132778 -12.818732 -20.983013 73.433185 17.316455 52.842646 11.614005 0.782167 15.381921 -6.327161 1.455766 7.220992 -7.954983 4.965156 -16.538330 -75.905196 -37.625841 63.768725 -27.742078 -6.654480 12.744137 3.539762 -12.045634 3.122190 0.198652 -2.392805 -2.930931 -0.159857 3.798472 -3.149978 -1.315118 0.002367 -0.269198 1.884402 7.845087 1.451496 3.072025 -1.763201 -1.506925 0.871714 -0.255429 -2.112989 -4.742337 -0.004106 -1.571658 0.299347
-2.839952 0.957522 -1.890610 0.974451 3.594704 0.160776 -0.363926 0.046872 1.537017 -0.231605 -5.806299 0.686678 -0.230485 0.014085 0.663167 -0.122082 5.846778 0.499966 0.793186 14.620871 -0.133786 1.540028 -8.870269 -0.554607 -0.889970 9.759645 8.165444 -12.705413 -21.005605 73.447472 17.574626 52.735716 11.749743 0.791675 15.381702 -6.318623 1.465367 7.198982 -7.979824 5.043849 -16.460660 -75.940951 -35.352021 64.201717 -26.175184 -6.629983 12.772498 3.460115 -11.979121 3.192116 0.200487 -2.373473 -2.898122 -0.175495 3.765857 -3.184524 -1.304539 0.002077 -0.300792 2.104210 7.796188 1.534532 3.099991 -1.712808 -1.466222 0.861811 -0.197668 -2.192021 -4.732181 -0.004097 -1.550277 0.302794
-2.839759 0.957453 -1.890209 0.923248 3.541576 0.129611 -0.340845 0.002043 1.516050 -0.220246 -5.826143 0.677300 -0.219176 -0.005754 0.654942 -0.114211 5.831919 0.493745 0.762616 14.633694 -0.083209 1.463162 -8.847520 -0.447816 -0.918571 9.747637 8.199124 -12.600500 -21.032269 73.473615 17.811835 52.574899 11.856676 0.797527 15.368584 -6.317464 1.489328 7.175212 -8.004263 5.093184 -16.390524 -75.957428 -33.045464 64.576320 -24.564417 -6.608863 12.798763 3.382286 -11.910892 3.250469 0.210585 -2.347089 -2.862588 -0.193378 3.716976 -3.220273 -1.294455 0.002039 -0.303052 2.118111 7.751608 1.607682 3.135831 -1.677325 -1.433220 0.842900 -0.136952 -2.268849 -4.718646 -0.004086 -1.524646 0.307075
-2.839516 0.957390 -1.889848 0.887003 3.496221 0.100618 -0.320963 -0.043810 1.498555 -0.210468 -5.846454 0.669476 -0.209440 -0.026061 0.648111 -0.107412 5.816706 0.488576 0.723637 14.644932 -0.036929 1.372203 -8.827649 -0.345922 -0.942021 9.738625 8.230920 -12.502147 -21.054867 73.496941 18.054015 52.404211 11.965907 0.802302 15.352233 -6.341174 1.517393 7.148931 -8.022584 5.163221 -16.319062 -75.978200 -30.850319 64.915472 -23.014480 -6.581672 12.826500 3.308606 -11.854693 3.300213 0.215250 -2.322953 -2.828696 -0.205593 3.667590 -3.254372 -1.283141 0.002304 -0.274258 1.915684 7.729069 1.672327 3.163575 -1.667004 -1.409165 0.829633 -0.088108 -2.338071 -4.705379 -0.004085 -1.498714 0.312353
-2.839190 0.957339 -1.889524 0.867637 3.458678 0.075811 -0.305686 -0.090894 1.484949 -0.202911 -5.867329 0.663393 -0.201914 -0.046933 0.642794 -0.102155 5.801065 0.484548 0.674987 14.653737 0.003831 1.265250 -8.812212 -0.250742 -0.959115 9.731917 8.260254 -12.412154 -21.069760 73.508356 18.320139 52.221895 12.093923 0.806635 15.333451 -6.405338 1.548748 7.118552 -8.031456 5.277227 -16.241702 -76.020354 -28.788437 65.241556 -21.537925 -6.540869 12.858537 3.241161 -11.815580 3.341639 0.207802 -2.301747 -2.797843 -0.207542 3.621316 -3.286182 -1.269554 0.002554 -0.193338 1.350393 7.744563 1.729442 3.175796 -1.693072 -1.396938 0.829541 -0.057677 -2.397920 -4.694075 -0.004099 -1.473043 0.318877
-2.838814 0.957294 -1.889240 0.863209 3.428933 0.053130 -0.293628 -0.138983 1.474771 -0.196939 -5.888663 0.658842 -0.195966 -0.068265 0.638850 -0.097976 5.785076 0.481555 0.617949 14.660951 0.040252 1.144242 -8.799636 -0.160535 -0.971007 9.728155 8.287754 -12.328612 -21.080551 73.516827 18.590742 52.029627 12.223599 0.810031 15.311921 -6.494386 1.584146 7.085660 -8.034224 5.411814 -16.162962 -76.066372 -26.852319 65.542173 -20.136082 -6.494048 12.891663 3.177994 -11.788506 3.374475 0.194864 -2.282764 -2.768656 -0.203828 3.574537 -3.316341 -1.254748 0.001617 -0.081413 0.568772 7.782069 1.777947 3.180126 -1.744280 -1.393616 0.835161 -0.039112 -2.450150 -4.682995 -0.004122 -1.447070 0.326398
-2.838435 0.957256 -1.889006 0.875148 3.404778 0.032437 -0.283738 -0.185637 1.465746 -0.191990 -5.909365 0.654807 -0.191035 -0.088966 0.635318 -0.094529 5.769559 0.478873 0.559728 14.666222 0.070551 1.023383 -8.790501 -0.081397 -0.981044 9.726647 8.312333 -12.244105 -21.089988 73.534816 18.835773 51.876460 12.337748 0.813360 15.295498 -6.578948 1.615669 7.054292 -8.035251 5.547016 -16.087797 -76.087795 -25.149653 65.795973 -18.904597 -6.454549 12.920336 3.115222 -11.772066 3.400857 0.182681 -2.273215 -2.741348 -0.200367 3.532161 -3.343935 -1.240169 -0.000000 0.000000 -0.000000 7.811274 1.816109 3.183149 -1.797141 -1.391729 0.838644 -0.027602 -2.494630 -4.670629 -0.004152 -1.423053 0.334330
-2.838064 0.957226 -1.888831 0.906773 3.386292 0.013386 -0.276912 -0.230599 1.457738 -0.188454 -5.929326 0.651228 -0.187512 -0.108925 0.632097 -0.092115 5.754596 0.476427 0.500657 14.670829 0.093252 0.903845 -8.782439 -0.016209 -0.990791 9.728025 8.332934 -12.158625 -21.098957 73.569491 19.054242 51.790167 12.434014 0.816064 15.287551 -6.653771 1.640121 7.025920 -8.035889 5.685001 -16.018726 -76.072236 -23.746422 66.005279 -17.909223 -6.427370 12.942546 3.046534 -11.769996 3.421219 0.173522 -2.277678 -2.717276 -0.198577 3.499648 -3.367652 -1.226543 -0.000523 0.020296 -0.141905 7.817156 1.841323 3.186927 -1.841301 -1.387910 0.837490 -0.022176 -2.530274 -4.656197 -0.004191 -1.402388 0.342412
-2.837689 0.957201 -1.888707 0.954757 3.373411 -0.003691 -0.272259 -0.274117 1.450844 -0.185941 -5.948652 0.648146 -0.185005 -0.128250 0.629270 -0.090434 5.740108 0.474279 0.440460 14.673462 0.109872 0.784532 -8.777918 0.037979 -0.998639 9.731643 8.350639 -12.072226 -21.106687 73.613651 19.249065 51.743338 12.517083 0.818511 15.284564 -6.724069 1.660693 6.999086 -8.034836 5.823464 -15.953489 -76.032119 -22.602984 66.181802 -17.111983 -6.407739 12.960256 2.977777 -11.778566 3.435138 0.165096 -2.291580 -2.695064 -0.197054 3.471542 -3.388810 -1.213159 -0.000253 0.010148 -0.070952 7.814719 1.856213 3.189364 -1.887118 -1.385532 0.834185 -0.023801 -2.558161 -4.640470 -0.004237 -1.383678 0.350907
-2.837319 0.957180 -1.888610 1.010559 3.363702 -0.017904 -0.266040 -0.314508 1.443147 -0.182706 -5.966584 0.644706 -0.181782 -0.146181 0.626159 -0.088239 5.726666 0.471918 0.385436 14.669881 0.123174 0.676216 -8.784828 0.083932 -1.003185 9.734899 8.367561 -11.977621 -21.113471 73.658247 19.396698 51.702379 12.581035 0.822889 15.283692 -6.776147 1.679074 6.973429 -8.032485 5.935806 -15.889931 -75.976516 -21.674569 66.318629 -16.459855 -6.394490 12.973765 2.923086 -11.785170 3.443455 0.156817 -2.308407 -2.670824 -0.197467 3.436380 -3.410430 -1.199297 -0.000000 0.000000 0.000000 7.818698 1.866910 3.190759 -1.942169 -1.387268 0.828346 -0.030576 -2.581407 -4.624262 -0.004289 -1.364994 0.360007
-2.836956 0.957160 -1.888531 1.072631 3.356843 -0.028277 -0.257317 -0.351426 1.433623 -0.178290 -5.982964 0.640454 -0.177384 -0.162560 0.622355 -0.085217 5.714390 0.469037 0.335103 14.657358 0.132375 0.578277 -8.808254 0.120374 -1.004267 9.734784 8.385218 -11.874392 -21.118871 73.697626 19.492153 51.655781 12.630582 0.831327 15.284419 -6.802940 1.695221 6.947581 -8.028086 6.006519 -15.821162 -75.902114 -20.973627 66.413672 -15.957471 -6.390543 12.981119 2.882941 -11.782117 3.446999 0.148896 -2.327484 -2.644738 -0.201659 3.386925 -3.433390 -1.184072 0.000000 -0.000000 0.000000 7.835679 1.876605 3.191714 -2.010160 -1.397096 0.818091 -0.043566 -2.600064 -4.607641 -0.004348 -1.345362 0.370285
-2.836597 0.957143 -1.888479 1.142519 3.353151 -0.035781 -0.247021 -0.385209 1.423288 -0.173150 -5.997947 0.635842 -0.172267 -0.177541 0.618265 -0.081680 5.703163 0.465942 0.289961 14.638603 0.138302 0.491322 -8.843185 0.148690 -1.002037 9.734289 8.402108 -11.762916 -21.123387 73.737413 19.540798 51.615079 12.661472 0.841789 15.286976 -6.811488 1.709169 6.922908 -8.022417 6.051183 -15.754047 -75.812550 -20.500817 66.473821 -15.614727 -6.393240 12.983845 2.856583 -11.777102 3.444942 0.141113 -2.349488 -2.616613 -0.207773 3.330412 -3.456800 -1.168358 -0.000000 0.000000 -0.000000 7.859072 1.882101 3.191626 -2.087388 -1.411030 0.805303 -0.061701 -2.614073 -4.590543 -0.004410 -1.325754 0.381168
-2.836241 0.957129 -1.888468 1.216328 3.351152 -0.042442 -0.234214 -0.415210 1.413301 -0.166923 -6.011241 0.631389 -0.166070 -0.190834 0.614444 -0.077313 5.693203 0.463052 0.257774 14.617518 0.146147 0.427931 -8.882403 0.175673 -0.995551 9.739814 8.415828 -11.637077 -21.128767 73.785472 19.534272 51.581250 12.653885 0.850292 15.289600 -6.809261 1.722738 6.903153 -8.018147 6.089863 -15.706952 -75.727417 -20.190414 66.502729 -15.383086 -6.393095 12.987252 2.856396 -11.780605 3.435648 0.132232 -2.369935 -2.582008 -0.211934 3.277085 -3.481032 -1.154077 -0.000000 0.000000 -0.000000 7.883853 1.879942 3.188988 -2.170317 -1.419786 0.795247 -0.079883 -2.626388 -4.573586 -0.004462 -1.307157 0.391142
-2.835882 0.957120 -1.888512 1.292826 3.352980 -0.048911 -0.218183 -0.441583 1.404523 -0.159330 -6.022914 0.627480 -0.158514 -0.202504 0.611306 -0.071877 5.684461 0.460680 0.242173 14.591679 0.158243 0.394031 -8.930426 0.204300 -0.982470 9.757322 8.424628 -11.494311 -21.138996 73.847277 19.463734 51.549779 12.594855 0.854862 15.291656 -6.794512 1.737130 6.890810 -8.016516 6.131394 -15.688019 -75.652171 -20.044392 66.508409 -15.264010 -6.385764 12.995313 2.892379 -11.795531 3.412199 0.121478 -2.386789 -2.533751 -0.211848 3.229291 -3.508365 -1.142475 -0.000000 -0.000000 0.000000 7.909548 1.864023 3.181656 -2.261193 -1.417296 0.791012 -0.094457 -2.638798 -4.556837 -0.004496 -1.289706 0.399461
-2.835525 0.957115 -1.888596 1.373245 3.356501 -0.054529 -0.199642 -0.464174 1.396098 -0.150649 -6.032898 0.623733 -0.149879 -0.212486 0.608441 -0.065611 5.676985 0.458515 0.239521 14.563461 0.172269 0.383683 -8.982858 0.231601 -0.965090 9.780856 8.430331 -11.337103 -21.150382 73.917182 19.338318 51.524956 12.498033 0.857595 15.293698 -6.768945 1.751166 6.883397 -8.016261 6.166919 -15.689076 -75.581566 -20.063186 66.483590 -15.258999 -6.375855 13.003867 2.954510 -11.818976 3.381520 0.109598 -2.402071 -2.479023 -0.209799 3.184683 -3.536531 -1.132306 0.000000 -0.000000 -0.000000 7.936627 1.840465 3.171718 -2.357765 -1.409613 0.789481 -0.109074 -2.649518 -4.540229 -0.004521 -1.273264 0.406869
-2.835189 0.957113 -1.888681 1.457388 3.353846 -0.059380 -0.179799 -0.481876 1.386626 -0.141359 -6.040708 0.619522 -0.140638 -0.220293 0.605172 -0.058924 5.671142 0.456049 0.246690 14.543952 0.186472 0.391696 -9.019108 0.255489 -0.949425 9.798946 8.435858 -11.166957 -21.153132 73.986492 19.176402 51.520986 12.383395 0.860538 15.295831 -6.745223 1.763096 6.877195 -8.016287 6.189928 -15.703975 -75.519098 -20.176391 66.408064 -15.316951 -6.367285 13.006101 3.025189 -11.852702 3.362737 0.097664 -2.417383 -2.434902 -0.208796 3.146465 -3.559094 -1.121773 -0.000000 -0.000000 -0.000000 7.961486 1.824139 3.164046 -2.449749 -1.405651 0.786613 -0.129592 -2.656138 -4.524174 -0.004548 -1.258409 0.414086
-2.834883 0.957112 -1.888746 1.545602 3.340436 -0.063520 -0.157279 -0.493841 1.374965 -0.130801 -6.045960 0.614335 -0.130136 -0.225543 0.601057 -0.051359 5.667218 0.452948 0.265483 14.537165 0.202561 0.420811 -9.031733 0.278478 -0.938383 9.805518 8.442164 -10.979023 -21.138970 74.052065 18.972861 51.539608 12.250175 0.864691 15.297239 -6.731477 1.769996 6.871664 -8.015403 6.191923 -15.734123 -75.466592 -20.350198 66.265658 -15.410740 -6.362403 12.997155 3.101202 -11.903447 3.365937 0.085920 -2.430859 -2.409381 -0.210407 3.118949 -3.573286 -1.110120 -0.000000 -0.000000 -0.000000 7.989550 1.823849 3.162111 -2.535734 -1.412043 0.779380 -0.162899 -2.656732 -4.508659 -0.004582 -1.245229 0.421592
-2.834598 0.957114 -1.888812 1.637540 3.320848 -0.066929 -0.133451 -0.500907 1.362292 -0.119631 -6.049032 0.608698 -0.119027 -0.228612 0.596554 -0.043371 5.664930 0.449556 0.294143 14.539049 0.218913 0.468358 -9.028258 0.298186 -0.929079 9.806645 8.448231 -10.778181 -21.116275 74.117287 18.732447 51.578530 12.099397 0.869016 15.298787 -6.719602 1.774790 6.867347 -8.014802 6.181404 -15.777971 -75.422371 -20.614896 66.072077 -15.564280 -6.359055 12.982108 3.185719 -11.964471 3.381027 0.074137 -2.444386 -2.394468 -0.213093 3.097830 -3.581885 -1.098119 -0.000000 0.000000 -0.000000 8.015397 1.830770 3.162510 -2.617135 -1.422168 0.770817 -0.202099 -2.653217 -4.493707 -0.004618 -1.233634 0.428907
-2.834322 0.957121 -1.888904 1.731956 3.300945 -0.069581 -0.113639 -0.504505 1.350688 -0.110304 -6.050575 0.603534 -0.109751 -0.230154 0.592337 -0.036737 5.663787 0.446380 0.324229 14.548649 0.228807 0.521059 -9.010440 0.305239 -0.918841 9.809068 8.453985 -10.580547 -21.100051 74.183219 18.487966 51.646199 11.953189 0.872511 15.303119 -6.697903 1.784498 6.862150 -8.016980 6.177377 -15.824952 -75.384601 -20.995122 65.854698 -15.801904 -6.354272 12.969086 3.270738 -12.017316 3.396868 0.062713 -2.465203 -2.383269 -0.215214 3.073392 -3.586765 -1.086263 0.000000 -0.000000 -0.000000 8.019158 1.833334 3.159814 -2.687913 -1.425063 0.765993 -0.232371 -2.648954 -4.479778 -0.004650 -1.223933 0.435303
-2.834048 0.957133 -1.889041 1.831286 3.281371 -0.071361 -0.101443 -0.503414 1.341542 -0.104483 -6.050057 0.599459 -0.103962 -0.229635 0.588853 -0.032663 5.664184 0.443758 0.359432 14.571434 0.229200 0.586994 -8.968096 0.292535 -0.904602 9.817419 8.458915 -10.384968 -21.100697 74.249935 18.238485 51.748878 11.809488 0.874672 15.312587 -6.655294 1.807337 6.853375 -8.024979 6.196409 -15.877349 -75.352847 -21.517305 65.623765 -16.147217 -6.345645 12.964094 3.349610 -12.054221 3.411206 0.051844 -2.497100 -2.374692 -0.216543 3.039219 -3.587625 -1.074418 0.000000 -0.000000 0.000000 7.985932 1.826710 3.151048 -2.744468 -1.413956 0.768113 -0.245017 -2.645263 -4.467412 -0.004677 -1.216474 0.440580
-2.833782 0.957149 -1.889204 1.933094 3.261478 -0.072389 -0.093265 -0.498863 1.333482 -0.100505 -6.048013 0.595865 -0.100007 -0.227590 0.585662 -0.029944 5.665724 0.441357 0.396094 14.602000 0.223205 0.658093 -8.911268 0.267329 -0.889421 9.827070 8.463551 -10.192506 -21.107756 74.317052 17.983949 51.880226 11.669647 0.876282 15.324818 -6.602767 1.835089 6.843741 -8.035771 6.221969 -15.932883 -75.327595 -22.147890 65.367096 -16.569963 -6.335632 12.961349 3.429002 -12.082945 3.426298 0.041357 -2.536291 -2.369821 -0.217311 3.001731 -3.584763 -1.062724 -0.000000 -0.000000 0.000000 7.930619 1.815755 3.139137 -2.790395 -1.395628 0.773963 -0.248735 -2.640838 -4.456060 -0.004702 -1.210909 0.444938
-2.833536 0.957167 -1.889359 2.028828 3.245187 -0.072958 -0.083632 -0.495956 1.324430 -0.095832 -6.046696 0.591829 -0.095360 -0.226272 0.582101 -0.026734 5.666720 0.438675 0.414727 14.623118 0.213244 0.696857 -8.871986 0.241573 -0.879811 9.830876 8.469387 -10.022629 -21.104819 74.384974 17.758782 52.030318 11.560744 0.878137 15.335356 -6.561776 1.850122 6.839266 -8.042726 6.223441 -15.974113 -75.308246 -22.822429 65.078874 -17.014184 -6.328489 12.951304 3.520922 -12.108308 3.437770 0.031094 -2.578648 -2.365031 -0.216555 2.970461 -3.580957 -1.052079 0.000000 0.000000 -0.000000 7.878052 1.803439 3.127469 -2.830439 -1.379448 0.778994 -0.254801 -2.635108 -4.444541 -0.004720 -1.206493 0.448257
-2.833311 0.957187 -1.889495 2.116561 3.235781 -0.073336 -0.070376 -0.497500 1.313675 -0.089461 -6.047348 0.587037 -0.089024 -0.226923 0.577955 -0.022300 5.666241 0.435553 0.406566 14.629414 0.201566 0.686000 -8.860267 0.222800 -0.879231 9.824968 8.478236 -9.891075 -21.083967 74.456286 17.580906 52.201855 11.498441 0.880146 15.342299 -6.545796 1.841496 6.844702 -8.041282 6.182346 -15.989598 -75.296406 -23.520929 64.734614 -17.451973 -6.324438 12.927225 3.637178 -12.129961 3.441881 0.021525 -2.626968 -2.357962 -0.213395 2.949992 -3.578294 -1.043117 -0.000000 0.000000 0.000000 7.835198 1.788588 3.117502 -2.863563 -1.368365 0.780982 -0.269262 -2.627926 -4.432053 -0.004728 -1.202968 0.450374
-2.833105 0.957209 -1.889623 2.198221 3.229976 -0.073228 -0.055667 -0.500684 1.301911 -0.082396 -6.048726 0.581796 -0.081997 -0.228300 0.573432 -0.017376 5.665218 0.432146 0.380345 14.626297 0.185825 0.642808 -8.866046 0.203275 -0.884243 9.813214 8.488236 -9.782154 -21.052938 74.528648 17.432710 52.392573 11.466975 0.882071 15.347576 -6.541441 1.820163 6.855283 -8.035963 6.117211 -15.990641 -75.290329 -24.256771 64.358686 -17.903518 -6.323332 12.896308 3.766085 -12.148253 3.442369 0.012169 -2.678452 -2.350972 -0.208713 2.935742 -3.574695 -1.035205 -0.000000 -0.000000 0.000000 7.795088 1.772370 3.107789 -2.890809 -1.359440 0.782166 -0.286069 -2.619435 -4.419401 -0.004730 -1.200591 0.451451
-2.832916 0.957234 -1.889745 2.271043 3.221841 -0.072086 -0.040535 -0.502185 1.289163 -0.075103 -6.049355 0.576115 -0.074744 -0.228928 0.568492 -0.012316 5.664757 0.428426 0.342799 14.612709 0.161481 0.581671 -8.891258 0.171899 -0.891023 9.800086 8.495368 -9.668246 -21.018807 74.595238 17.295848 52.585246 11.446612 0.884420 15.352465 -6.529895 1.801325 6.862733 -8.033751 6.052923 -15.993900 -75.284316 -25.020888 64.019070 -18.390314 -6.328654 12.869655 3.884353 -12.169046 3.446068 0.001430 -2.720579 -2.347516 -0.204187 2.923498 -3.566697 -1.027337 -0.000000 0.000000 0.000000 7.761635 1.761262 3.097380 -2.920059 -1.353214 0.784697 -0.298360 -2.609497 -4.407813 -0.004730 -1.199393 0.451851
-2.832745 0.957261 -1.889860 2.334901 3.208440 -0.068959 -0.024589 -0.500056 1.274754 -0.067386 -6.048370 0.569693 -0.067069 -0.227942 0.562852 -0.006994 5.665507 0.424179 0.293432 14.584916 0.124454 0.503222 -8.942840 0.121202 -0.899046 9.786145 8.497985 -9.535323 -20.982110 74.652921 17.158768 52.773697 11.429382 0.887324 15.355758 -6.504976 1.788643 6.865513 -8.038415 5.995614 -16.007848 -75.270137 -25.844874 63.737028 -18.952594 -6.344126 12.850015 3.984309 -12.196401 3.457360 -0.012124 -2.746476 -2.350880 -0.200218 2.910341 -3.551919 -1.019499 0.000000 -0.000000 0.000000 7.738465 1.759516 3.085052 -2.958695 -1.351934 0.790468 -0.301956 -2.597420 -4.398216 -0.004725 -1.199117 0.451528
-2.832591 0.957291 -1.889968 2.389919 3.192707 -0.064805 -0.008220 -0.496243 1.259375 -0.059441 -6.046637 0.562835 -0.059169 -0.226208 0.556801 -0.001535 5.666819 0.419624 0.232749 14.546669 0.078816 0.406841 -9.013844 0.058671 -0.908836 9.770850 8.497735 -9.397424 -20.942275 74.704888 17.033403 52.964197 11.423506 0.890848 15.358650 -6.472827 1.778449 6.865176 -8.046203 5.939135 -16.024008 -75.256029 -26.700298 63.489627 -19.553537 -6.365661 12.834422 4.073583 -12.226258 3.471857 -0.027061 -2.763019 -2.357788 -0.196400 2.899193 -3.532742 -1.011709 -0.000000 -0.000000 -0.000000 7.721954 1.762879 3.072041 -2.999339 -1.353349 0.797586 -0.301035 -2.583900 -4.389681 -0.004718 -1.200019 0.450529
-2.832446 0.957327 -1.890077 2.433704 3.177514 -0.061939 0.006370 -0.493265 1.245098 -0.052334 -6.045280 0.556469 -0.052101 -0.224851 0.551156 0.003331 5.667847 0.415373 0.168998 14.508119 0.032274 0.305041 -9.085428 -0.004347 -0.918122 9.757020 8.495558 -9.269021 -20.904721 74.753722 16.936635 53.158186 11.433554 0.895564 15.366000 -6.433076 1.774946 6.858074 -8.052844 5.889963 -16.033625 -75.261033 -27.495390 63.279691 -20.106941 -6.384901 12.825038 4.151716 -12.252294 3.483243 -0.040674 -2.778310 -2.361851 -0.193205 2.894614 -3.512845 -1.003006 0.000000 -0.000000 -0.000000 7.705147 1.765071 3.061070 -3.027719 -1.351252 0.802512 -0.301272 -2.570875 -4.380655 -0.004717 -1.202903 0.449357
-2.832311 0.957372 -1.890188 2.463621 3.165072 -0.061502 0.019111 -0.492319 1.233118 -0.046145 -6.044831 0.551128 -0.045945 -0.224401 0.546444 0.007584 5.668193 0.411824 0.101289 14.469564 -0.014382 0.195848 -9.157039 -0.066026 -0.926490 9.746308 8.490059 -9.148608 -20.870670 74.801489 16.868315 53.360769 11.455709 0.902518 15.382027 -6.378617 1.783409 6.837923 -8.057058 5.857682 -16.030496 -75.296889 -28.217417 63.123179 -20.597947 -6.398405 12.826085 4.218745 -12.267929 3.487307 -0.051201 -2.797396 -2.359469 -0.190976 2.897976 -3.492986 -0.992301 0.000000 -0.000000 -0.000000 7.687186 1.762881 3.054172 -3.036713 -1.343732 0.802565 -0.306709 -2.558124 -4.370270 -0.004730 -1.208987 0.448273
-2.832185 0.957423 -1.890300 2.482308 3.153174 -0.062343 0.030071 -0.492222 1.222234 -0.040793 -6.044765 0.546275 -0.040622 -0.224334 0.542134 0.011245 5.668250 0.408579 0.030531 14.430659 -0.061909 0.081256 -9.229320 -0.128126 -0.934344 9.737062 8.482650 -9.037690 -20.838781 74.846059 16.829082 53.567039 11.494056 0.910806 15.402488 -6.316526 1.798550 6.810987 -8.060150 5.832766 -16.020816 -75.351867 -28.887848 63.005867 -21.050321 -6.409516 12.833073 4.274533 -12.279741 3.488256 -0.060404 -2.815228 -2.354241 -0.189372 2.907908 -3.472408 -0.980681 -0.000000 0.000000 -0.000000 7.668927 1.759513 3.049313 -3.033439 -1.332711 0.800436 -0.313301 -2.545867 -4.359395 -0.004748 -1.217053 0.447017
-2.832060 0.957470 -1.890416 2.495287 3.138080 -0.063331 0.037253 -0.491935 1.210916 -0.037101 -6.044624 0.541224 -0.036951 -0.224193 0.537458 0.013639 5.668362 0.405056 -0.032357 14.400593 -0.104938 -0.020300 -9.285199 -0.184760 -0.940645 9.727135 8.478480 -8.955253 -20.810533 74.883649 16.837392 53.763474 11.565249 0.917839 15.419553 -6.267749 1.808736 6.792440 -8.061699 5.793025 -16.014469 -75.409826 -29.466098 62.887272 -21.435290 -6.420085 12.835037 4.318444 -12.301143 3.492405 -0.070864 -2.824760 -2.350574 -0.187833 2.924854 -3.452520 -0.970452 0.000000 -0.000000 -0.000000 7.645988 1.758304 3.043107 -3.024986 -1.317744 0.800653 -0.314597 -2.536706 -4.349091 -0.004758 -1.224258 0.445308
-2.831930 0.957510 -1.890537 2.504126 3.117619 -0.064239 0.039303 -0.490508 1.198713 -0.035653 -6.043991 0.535772 -0.035510 -0.223560 0.532153 0.014311 5.668842 0.401059 -0.085165 14.381803 -0.141791 -0.105310 -9.320135 -0.233649 -0.943860 9.715424 8.480834 -8.912438 -20.788305 74.911125 16.911512 53.953730 11.686918 0.922226 15.430553 -6.239879 1.808610 6.790432 -8.060351 5.728663 -16.016546 -75.468604 -29.927431 62.745357 -21.730947 -6.430167 12.825322 4.349572 -12.345492 3.503798 -0.084178 -2.819973 -2.351853 -0.185774 2.954501 -3.432817 -0.962405 0.000000 0.000000 0.000000 7.616145 1.760903 3.033833 -3.013472 -1.297609 0.806151 -0.307715 -2.531790 -4.340129 -0.004754 -1.229981 0.442852
-2.831801 0.957547 -1.890663 2.507256 3.093961 -0.065292 0.037577 -0.488896 1.186074 -0.035864 -6.043285 0.530121 -0.035719 -0.222854 0.526481 0.013717 5.669374 0.396784 -0.130119 14.371841 -0.174167 -0.177299 -9.338676 -0.277144 -0.945528 9.703026 8.486433 -8.898092 -20.769545 74.931513 17.034547 54.134042 11.842508 0.925058 15.438177 -6.225370 1.803545 6.796819 -8.057438 5.649450 -16.022053 -75.530351 -30.298002 62.603996 -21.960036 -6.439612 12.810340 4.368980 -12.399433 3.518373 -0.098782 -2.806888 -2.354697 -0.183772 2.991158 -3.413806 -0.955741 -0.000000 0.000000 -0.000000 7.581624 1.765658 3.023199 -2.996774 -1.273529 0.813994 -0.295539 -2.529971 -4.331737 -0.004741 -1.234843 0.439944
-2.831673 0.957579 -1.890798 2.505492 3.069873 -0.066047 0.034140 -0.488903 1.172820 -0.036804 -6.043303 0.524194 -0.036653 -0.222873 0.520458 0.012553 5.669363 0.392244 -0.162974 14.372587 -0.201791 -0.228391 -9.337328 -0.316377 -0.949212 9.691097 8.490581 -8.897760 -20.748324 74.950271 17.171648 54.279814 11.996811 0.927288 15.442656 -6.222498 1.798000 6.802333 -8.056549 5.562538 -16.025737 -75.585434 -30.611759 62.491475 -22.158860 -6.449980 12.798739 4.379012 -12.436311 3.530286 -0.112486 -2.796526 -2.353366 -0.183014 3.018196 -3.398415 -0.950386 -0.000000 -0.000000 0.000000 7.544715 1.770965 3.012957 -2.975617 -1.248720 0.819893 -0.280264 -2.530408 -4.322656 -0.004723 -1.237859 0.437186
-2.831551 0.957604 -1.890941 2.499094 3.045293 -0.066185 0.029756 -0.491829 1.158622 -0.038115 -6.044622 0.517845 -0.037957 -0.224191 0.513976 0.011078 5.668377 0.387358 -0.180046 14.390122 -0.224448 -0.251752 -9.304786 -0.352373 -0.955991 9.679252 8.491057 -8.909278 -20.717972 74.969287 17.318297 54.373751 12.141135 0.928962 15.443008 -6.234760 1.793485 6.802272 -8.059691 5.459999 -16.023663 -75.628143 -30.874904 62.418658 -22.337726 -6.463123 12.793973 4.377286 -12.440122 3.538460 -0.123813 -2.795107 -2.345473 -0.184936 3.025491 -3.388483 -0.946522 0.000000 -0.000000 0.000000 7.501903 1.777392 3.004242 -2.946392 -1.223826 0.821364 -0.261954 -2.533644 -4.312095 -0.004698 -1.238201 0.434736
-2.831431 0.957623 -1.891094 2.487801 3.020283 -0.066019 0.023664 -0.496380 1.143808 -0.040155 -6.046666 0.511220 -0.039984 -0.226236 0.507144 0.009033 5.666846 0.382206 -0.185016 14.418361 -0.242365 -0.254217 -9.252345 -0.384135 -0.964782 9.667879 8.490084 -8.934779 -20.685126 74.986600 17.478081 54.433109 12.283274 0.929969 15.440255 -6.258679 1.788492 6.801334 -8.064857 5.349781 -16.019730 -75.664250 -31.083494 62.374910 -22.488823 -6.477233 12.792444 4.366122 -12.426865 3.543991 -0.134199 -2.796409 -2.333405 -0.188107 3.023165 -3.382165 -0.943974 -0.000000 0.000000 -0.000000 7.456701 1.784368 2.995908 -2.912711 -1.198206 0.820895 -0.240547 -2.539137 -4.300846 -0.004667 -1.236697 0.432436
-2.831304 0.957642 -1.891260 2.471643 2.997798 -0.066052 0.015635 -0.500472 1.129192 -0.043065 -6.048511 0.504681 -0.042877 -0.228081 0.500309 0.006338 5.665463 0.377053 -0.184689 14.440940 -0.255925 -0.248411 -9.210409 -0.409744 -0.975890 9.659291 8.489615 -8.966272 -20.663851 75.001960 17.627722 54.485345 12.412189 0.931066 15.437610 -6.282051 1.782952 6.804339 -8.069610 5.262838 -16.020413 -75.701298 -31.256150 62.355824 -22.621446 -6.488378 12.792312 4.354852 -12.417881 3.544303 -0.145798 -2.792794 -2.318582 -0.189428 3.024951 -3.376864 -0.942127 0.000000 0.000000 -0.000000 7.421942 1.788583 2.986307 -2.886132 -1.173152 0.821652 -0.218048 -2.544417 -4.290012 -0.004638 -1.234843 0.430422
-2.831164 0.957661 -1.891440 2.450713 2.978262 -0.066022 0.004600 -0.503059 1.114700 -0.047320 -6.049694 0.498193 -0.047108 -0.229264 0.493390 0.002634 5.664577 0.371835 -0.178619 14.452842 -0.264381 -0.233769 -9.188293 -0.427969 -0.991027 9.656048 8.490341 -9.004379 -20.662707 75.016026 17.767343 54.541318 12.529915 0.933168 15.436682 -6.299154 1.776592 6.815290 -8.073673 5.221420 -16.032290 -75.743146 -31.415211 62.369738 -22.755908 -6.494403 12.794142 4.346308 -12.421212 3.538577 -0.160827 -2.782736 -2.300551 -0.186463 3.037076 -3.372167 -0.941042 0.000000 -0.000000 0.000000 7.405112 1.788740 2.973902 -2.873870 -1.147722 0.825772 -0.195177 -2.549143 -4.280309 -0.004615 -1.233362 0.428730
-2.831016 0.957681 -1.891633 2.424919 2.961249 -0.066189 -0.008375 -0.505193 1.100405 -0.052447 -6.050679 0.491791 -0.052206 -0.230249 0.486467 -0.001722 5.663837 0.366615 -0.167262 14.459081 -0.268461 -0.210869 -9.176680 -0.440008 -1.008478 9.655597 8.491564 -9.048513 -20.673125 75.028193 17.896698 54.590230 12.634325 0.935385 15.435841 -6.315700 1.769689 6.830183 -8.077338 5.203234 -16.048819 -75.785843 -31.539201 62.408324 -22.873045 -6.497466 12.797397 4.337623 -12.428810 3.527619 -0.177071 -2.767761 -2.279766 -0.181647 3.053314 -3.368489 -0.940657 0.000000 -0.000000 0.000000 7.398727 1.786136 2.960256 -2.868709 -1.122852 0.831106 -0.171214 -2.553655 -4.271022 -0.004593 -1.231530 0.427324
-2.830870 0.957699 -1.891842 2.394018 2.948437 -0.067839 -0.020322 -0.507938 1.087341 -0.057171 -6.051931 0.485940 -0.056903 -0.231502 0.480137 -0.005731 5.662898 0.361841 -0.158786 14.458348 -0.270762 -0.194055 -9.178019 -0.447597 -1.023419 9.652587 8.493169 -9.088884 -20.683500 75.036336 17.992089 54.627229 12.708179 0.935761 15.433429 -6.336636 1.763000 6.841836 -8.079014 5.172406 -16.056827 -75.825179 -31.580178 62.442276 -22.922006 -6.500070 12.798654 4.329602 -12.437878 3.511292 -0.190052 -2.744812 -2.259011 -0.179179 3.068717 -3.364465 -0.940170 -0.000000 -0.000000 0.000000 7.393162 1.781347 2.948383 -2.860558 -1.102652 0.834401 -0.146000 -2.556495 -4.261111 -0.004570 -1.228676 0.426221
-2.830729 0.957717 -1.892071 2.356716 2.941046 -0.072274 -0.030367 -0.512322 1.076472 -0.061143 -6.053907 0.481073 -0.060851 -0.233478 0.474866 -0.009097 5.661416 0.357866 -0.156160 14.450475 -0.272547 -0.188414 -9.192632 -0.451970 -1.033620 9.643522 8.495782 -9.125565 -20.689167 75.039205 18.045943 54.649110 12.744692 0.932767 15.427802 -6.368697 1.756740 6.847193 -8.077373 5.105727 -16.047459 -75.861027 -31.496875 62.452018 -22.860936 -6.502990 12.794398 4.324413 -12.445097 3.489081 -0.196274 -2.712290 -2.239780 -0.182057 3.079922 -3.359386 -0.939093 0.000000 0.000000 0.000000 7.384895 1.774134 2.939819 -2.845616 -1.089004 0.834949 -0.118294 -2.557246 -4.250329 -0.004544 -1.224224 0.425325
-2.830588 0.957734 -1.892316 2.314306 2.937850 -0.078197 -0.039388 -0.517315 1.066839 -0.064714 -6.056149 0.476759 -0.064402 -0.235721 0.470190 -0.012118 5.659733 0.354338 -0.156423 14.435640 -0.272537 -0.188875 -9.220183 -0.451863 -1.041314 9.631894 8.498797 -9.158467 -20.694822 75.038040 18.065485 54.659271 12.750231 0.927968 15.420580 -6.405142 1.750686 6.849318 -8.073729 5.026420 -16.029586 -75.893588 -31.330253 62.456944 -22.731414 -6.505451 12.788162 4.319900 -12.453793 3.461507 -0.199213 -2.671796 -2.220581 -0.187265 3.090293 -3.353962 -0.937915 0.000000 0.000000 0.000000 7.377444 1.764739 2.933036 -2.827689 -1.080031 0.833467 -0.089337 -2.556328 -4.238919 -0.004517 -1.218748 0.424732
-2.830445 0.957750 -1.892569 2.270428 2.936860 -0.083005 -0.047053 -0.520885 1.056596 -0.067658 -6.057757 0.472173 -0.067329 -0.237329 0.465305 -0.014688 5.658528 0.350655 -0.158850 14.413062 -0.269513 -0.194549 -9.262123 -0.445262 -1.048368 9.622826 8.500244 -9.177553 -20.702900 75.034451 18.049142 54.662841 12.727152 0.923996 15.415002 -6.430718 1.744932 6.850202 -8.070442 4.968258 -16.016579 -75.919101 -31.154925 62.486435 -22.606878 -6.507631 12.787097 4.310386 -12.471129 3.429986 -0.204840 -2.625080 -2.199728 -0.189977 3.104976 -3.348961 -0.937298 -0.000000 0.000000 0.000000 7.371751 1.754459 2.926442 -2.808101 -1.074214 0.828848 -0.062691 -2.553531 -4.226579 -0.004498 -1.213306 0.424758
-2.830299 0.957762 -1.892827 2.224134 2.939065 -0.084728 -0.052147 -0.523647 1.043849 -0.069351 -6.058999 0.466471 -0.069012 -0.238571 0.459431 -0.016402 5.657598 0.346226 -0.163981 14.381213 -0.261561 -0.207197 -9.321288 -0.428354 -1.056428 9.619974 8.499199 -9.174420 -20.714938 75.029091 17.987822 54.659272 12.669136 0.922236 15.412684 -6.436657 1.738907 6.850831 -8.067912 4.953099 -16.014479 -75.935756 -31.012146 62.563695 -22.530480 -6.509822 12.796793 4.290056 -12.505838 3.391452 -0.217190 -2.565674 -2.173941 -0.187276 3.127271 -3.346649 -0.938111 0.000000 -0.000000 -0.000000 7.367662 1.742515 2.919233 -2.784745 -1.071225 0.818468 -0.039613 -2.548663 -4.212558 -0.004492 -1.208401 0.425910
-2.830150 0.957773 -1.893094 2.176369 2.943480 -0.085340 -0.055887 -0.524990 1.030488 -0.070419 -6.059607 0.460496 -0.070073 -0.239180 0.453347 -0.017665 5.657145 0.341640 -0.171291 14.341638 -0.250568 -0.225112 -9.394806 -0.404878 -1.063844 9.619675 8.496576 -9.157483 -20.729411 75.021337 17.890609 54.649087 12.582473 0.921251 15.412038 -6.431739 1.733183 6.850217 -8.065734 4.959071 -16.017195 -75.945312 -30.859827 62.665627 -22.458229 -6.511741 12.811676 4.264726 -12.549175 3.348948 -0.232180 -2.500045 -2.146504 -0.182066 3.153877 -3.344759 -0.939482 -0.000000 0.000000 -0.000000 7.365332 1.729684 2.912216 -2.759727 -1.071394 0.804956 -0.018844 -2.541918 -4.197606 -0.004492 -1.203530 0.427681
-2.830001 0.957787 -1.893363 2.133609 2.945148 -0.088146 -0.061588 -0.521039 1.020331 -0.072512 -6.057866 0.455949 -0.072154 -0.237439 0.448588 -0.019594 5.658451 0.338054 -0.178440 14.298147 -0.241028 -0.242177 -9.475590 -0.384176 -1.067544 9.616071 8.493169 -9.141933 -20.744157 75.010880 17.783193 54.639010 12.488442 0.919418 15.411493 -6.427037 1.729565 6.847382 -8.065069 4.954346 -16.019874 -75.949293 -30.647149 62.752277 -22.332417 -6.512681 12.822135 4.246158 -12.582096 3.313066 -0.243661 -2.449349 -2.125565 -0.178274 3.180043 -3.337264 -0.939467 -0.000000 -0.000000 -0.000000 7.366153 1.719606 2.906206 -2.740687 -1.074184 0.795083 -0.000171 -2.533665 -4.183665 -0.004485 -1.198242 0.428856
-2.829847 0.957808 -1.893638 2.096866 2.939956 -0.094992 -0.071518 -0.507234 1.015737 -0.076750 -6.051754 0.453882 -0.076369 -0.231327 0.446091 -0.022952 5.663033 0.336173 -0.184372 14.248559 -0.235475 -0.255417 -9.567691 -0.371428 -1.064216 9.604557 8.487720 -9.128960 -20.760416 74.997388 17.666298 54.629338 12.386716 0.915557 15.410611 -6.425479 1.731743 6.839323 -8.069037 4.925969 -16.020285 -75.945360 -30.352543 62.803858 -22.129045 -6.512460 12.822673 4.241711 -12.596632 3.289371 -0.249238 -2.422501 -2.113608 -0.177919 3.205645 -3.321611 -0.937058 -0.000000 0.000000 -0.000000 7.372720 1.716278 2.901687 -2.731842 -1.080257 0.792158 0.017275 -2.524179 -4.171294 -0.004459 -1.191820 0.428733
-2.829694 0.957831 -1.893915 2.065128 2.932014 -0.104022 -0.083406 -0.488124 1.014329 -0.082012 -6.043287 0.453237 -0.081602 -0.222861 0.444912 -0.026973 5.669380 0.335287 -0.190123 14.195045 -0.231351 -0.267770 -9.667082 -0.361426 -1.057175 9.589729 8.481496 -9.117373 -20.776951 74.981187 17.539212 54.619710 12.277637 0.910852 15.409828 -6.424139 1.736024 6.829032 -8.074510 4.886896 -16.020629 -75.935834 -29.997740 62.839456 -21.872369 -6.511245 12.818761 4.244009 -12.600768 3.272320 -0.251369 -2.410587 -2.108144 -0.179009 3.230808 -3.300355 -0.933258 0.000000 -0.000000 0.000000 7.382437 1.715704 2.898166 -2.728980 -1.088944 0.792870 0.032626 -2.513183 -4.159934 -0.004426 -1.184982 0.428015
-2.829550 0.957858 -1.894187 2.041828 2.928695 -0.112984 -0.093770 -0.473490 1.012833 -0.086582 -6.036806 0.452555 -0.086148 -0.216380 0.443766 -0.030475 5.674238 0.334425 -0.196494 14.147939 -0.225550 -0.281964 -9.754572 -0.348011 -1.053291 9.579540 8.479080 -9.118793 -20.787876 74.962957 17.425360 54.615969 12.183349 0.907246 15.408847 -6.425299 1.733146 6.824533 -8.073285 4.844147 -16.022714 -75.929236 -29.596604 62.877235 -21.576869 -6.508836 12.817240 4.242723 -12.599409 3.255857 -0.251229 -2.408016 -2.109860 -0.179468 3.251158 -3.275131 -0.929137 -0.000000 0.000000 -0.000000 7.388911 1.709541 2.894983 -2.727101 -1.097711 0.794063 0.043495 -2.500212 -4.149860 -0.004401 -1.179433 0.427598
-2.829421 0.957890 -1.894453 2.030573 2.934617 -0.120863 -0.101811 -0.467351 1.010084 -0.090047 -6.034095 0.451317 -0.089594 -0.213670 0.442176 -0.033184 5.676269 0.333227 -0.205166 14.108973 -0.217001 -0.301592 -9.826942 -0.328507 -1.055931 9.577473 8.484175 -9.137808 -20.790456 74.938317 17.340078 54.616935 12.116592 0.906003 15.407694 -6.429976 1.714587 6.831515 -8.058938 4.796185 -16.027506 -75.933817 -29.127946 62.921186 -21.222503 -6.504499 12.820810 4.235722 -12.590634 3.237471 -0.248200 -2.418244 -2.122138 -0.178980 3.264123 -3.244579 -0.924667 -0.000000 0.000000 -0.000000 7.385815 1.692727 2.891169 -2.722069 -1.106261 0.795199 0.048441 -2.483931 -4.141707 -0.004394 -1.176109 0.428058
-2.829301 0.957924 -1.894713 2.027753 2.945167 -0.128679 -0.108331 -0.465688 1.007263 -0.092822 -6.033371 0.450050 -0.092354 -0.212946 0.440627 -0.035374 5.676811 0.332059 -0.214469 14.076416 -0.206822 -0.323070 -9.887404 -0.305674 -1.061722 9.580057 8.493068 -9.169834 -20.787438 74.911643 17.267944 54.623876 12.064532 0.905868 15.406326 -6.437145 1.688884 6.844319 -8.037902 4.744535 -16.034084 -75.941306 -28.612252 62.966409 -20.828724 -6.498954 12.826804 4.225165 -12.576368 3.219669 -0.242917 -2.437817 -2.141593 -0.177865 3.272275 -3.210056 -0.919882 -0.000000 -0.000000 0.000000 7.379475 1.670326 2.887697 -2.718020 -1.114891 0.796814 0.048906 -2.465672 -4.134847 -0.004394 -1.174073 0.428819
-2.829191 0.957959 -1.894954 2.025969 2.953879 -0.137237 -0.112248 -0.466237 1.004633 -0.094444 -6.033623 0.448871 -0.093967 -0.213199 0.439283 -0.036687 5.676621 0.331045 -0.220185 14.055408 -0.195225 -0.338369 -9.926411 -0.281569 -1.067424 9.584812 8.499221 -9.212730 -20.781145 74.896739 17.186136 54.646342 12.010804 0.905005 15.404341 -6.446022 1.672363 6.853929 -8.021255 4.700828 -16.041392 -75.935484 -28.125373 63.018705 -20.468511 -6.494166 12.834063 4.207174 -12.567276 3.203932 -0.238423 -2.450784 -2.158762 -0.174995 3.278951 -3.177264 -0.915946 -0.000000 0.000000 -0.000000 7.382470 1.649181 2.886826 -2.722357 -1.121951 0.797357 0.046825 -2.448980 -4.127656 -0.004389 -1.172224 0.429056
-2.829091 0.957993 -1.895171 2.023055 2.959000 -0.148219 -0.112489 -0.469297 1.002780 -0.094463 -6.034984 0.448043 -0.093985 -0.214560 0.438453 -0.036763 5.675601 0.330419 -0.219793 14.049839 -0.181557 -0.342983 -9.936738 -0.255963 -1.072909 9.590278 8.499251 -9.274065 -20.770355 74.901847 17.088328 54.694875 11.951822 0.902137 15.400412 -6.460458 1.674548 6.853685 -8.014803 4.661373 -16.047577 -75.903990 -27.692898 63.083796 -20.172402 -6.492625 12.843453 4.171053 -12.570035 3.191307 -0.235117 -2.448542 -2.171249 -0.168511 3.285105 -3.147174 -0.913395 0.000000 -0.000000 0.000000 7.406530 1.630726 2.891413 -2.743924 -1.126807 0.795680 0.041526 -2.435453 -4.119385 -0.004374 -1.170028 0.428356
-2.828999 0.958027 -1.895369 2.021179 2.962282 -0.159944 -0.110127 -0.474569 1.001116 -0.093328 -6.037322 0.447302 -0.092856 -0.216898 0.437828 -0.035963 5.673848 0.329947 -0.215806 14.055809 -0.166486 -0.341375 -9.925633 -0.229139 -1.078306 9.597912 8.496539 -9.346245 -20.756225 74.918693 16.980550 54.758914 11.890786 0.898543 15.395849 -6.476596 1.685900 6.850220 -8.012737 4.629859 -16.054446 -75.859226 -27.288937 63.157018 -19.909242 -6.491846 12.854224 4.127516 -12.577967 3.180751 -0.232593 -2.439695 -2.181453 -0.160270 3.289780 -3.118814 -0.911693 -0.000000 -0.000000 -0.000000 7.439923 1.613517 2.898582 -2.773875 -1.130090 0.792923 0.033681 -2.423491 -4.110787 -0.004354 -1.168020 0.427132
-2.828906 0.958059 -1.895561 2.019448 2.962517 -0.168177 -0.107294 -0.478889 0.998138 -0.091928 -6.039236 0.445974 -0.091464 -0.218812 0.436642 -0.035009 5.672415 0.329052 -0.211559 14.066769 -0.152209 -0.338963 -9.905259 -0.203920 -1.080768 9.609603 8.494693 -9.404385 -20.744655 74.936330 16.858572 54.816301 11.821606 0.896207 15.394235 -6.482104 1.694144 6.854450 -8.008705 4.629011 -16.066430 -75.822129 -26.912385 63.229274 -19.659552 -6.486323 12.862676 4.104778 -12.581703 3.170604 -0.232669 -2.434096 -2.187111 -0.154713 3.293442 -3.094968 -0.910398 0.000000 0.000000 0.000000 7.460040 1.600099 2.901999 -2.793074 -1.132048 0.790973 0.027246 -2.411845 -4.102493 -0.004335 -1.166689 0.425797
-2.828807 0.958086 -1.895752 2.016528 2.958216 -0.170313 -0.104601 -0.480232 0.992342 -0.090472 -6.039828 0.443387 -0.090015 -0.219404 0.434203 -0.034109 5.671973 0.327214 -0.207187 14.081245 -0.137778 -0.336370 -9.878356 -0.178470 -1.078084 9.626966 8.495455 -9.436956 -20.739963 74.951699 16.711831 54.857102 11.736262 0.896181 15.397848 -6.470332 1.694520 6.872406 -8.000821 4.680508 -16.088752 -75.802116 -26.568707 63.302092 -19.418899 -6.471904 12.867143 4.122232 -12.576386 3.160027 -0.236889 -2.435525 -2.185888 -0.154245 3.295800 -3.077783 -0.909593 0.000000 0.000000 0.000000 7.455306 1.593159 2.897859 -2.790833 -1.133524 0.791113 0.024326 -2.399429 -4.094808 -0.004320 -1.166419 0.424428
-2.828706 0.958110 -1.895937 2.013754 2.950868 -0.168958 -0.101435 -0.480623 0.985233 -0.088749 -6.039996 0.440213 -0.088302 -0.219571 0.431204 -0.033055 5.671850 0.324955 -0.202546 14.100711 -0.124138 -0.332956 -9.842185 -0.154624 -1.072461 9.648383 8.497089 -9.455500 -20.737864 74.967889 16.550970 54.891131 11.642953 0.897403 15.404479 -6.447951 1.691797 6.898061 -7.990970 4.762703 -16.116233 -75.789840 -26.252549 63.374242 -19.191584 -6.452775 12.869001 4.160467 -12.566868 3.149858 -0.243712 -2.440198 -2.180117 -0.156465 3.297145 -3.065113 -0.909197 -0.000000 0.000000 0.000000 7.437303 1.590016 2.889978 -2.777841 -1.133680 0.792067 0.022816 -2.387330 -4.087426 -0.004307 -1.166828 0.422948
-2.828609 0.958135 -1.896106 2.014247 2.943730 -0.167693 -0.098095 -0.482970 0.979815 -0.087020 -6.041033 0.437795 -0.086581 -0.220608 0.428962 -0.031936 5.671076 0.323265 -0.200565 14.123050 -0.116323 -0.332265 -9.800685 -0.140719 -1.067682 9.670894 8.497983 -9.469761 -20.731383 74.983206 16.403724 54.925906 11.560118 0.898685 15.411000 -6.422603 1.687993 6.924239 -7.978447 4.833338 -16.137692 -75.778007 -25.947127 63.432217 -18.971975 -6.435885 12.869136 4.189476 -12.558344 3.140947 -0.250335 -2.446623 -2.174530 -0.158613 3.298811 -3.053309 -0.908523 -0.000000 -0.000000 0.000000 7.418162 1.585176 2.883456 -2.767032 -1.130241 0.791889 0.020354 -2.377562 -4.080057 -0.004294 -1.167263 0.421540
-2.828521 0.958161 -1.896251 2.018832 2.936548 -0.167603 -0.094233 -0.488089 0.977039 -0.085170 -6.043300 0.436559 -0.084741 -0.222875 0.427913 -0.030635 5.669377 0.322474 -0.203410 14.148187 -0.116927 -0.337370 -9.754003 -0.140790 -1.065858 9.693290 8.497768 -9.477950 -20.716449 74.995762 16.274706 54.961078 11.490839 0.899741 15.416369 -6.393678 1.684770 6.948107 -7.962474 4.870964 -16.147593 -75.763030 -25.629946 63.462201 -18.742592 -6.423375 12.866029 4.199420 -12.551177 3.135603 -0.255790 -2.456491 -2.171415 -0.160249 3.301974 -3.040757 -0.906925 0.000000 0.000000 -0.000000 7.398443 1.579504 2.880972 -2.759775 -1.123974 0.788545 0.016960 -2.370377 -4.072480 -0.004285 -1.167601 0.420573
-2.828436 0.958189 -1.896381 2.026684 2.929576 -0.167606 -0.090197 -0.495164 0.975952 -0.083314 -6.046437 0.436079 -0.082895 -0.226011 0.427621 -0.029271 5.667027 0.322253 -0.208921 14.176200 -0.123358 -0.345219 -9.701985 -0.150798 -1.064883 9.716781 8.496817 -9.481853 -20.697144 75.007445 16.159371 54.997058 11.432132 0.900877 15.421622 -6.361776 1.680458 6.972494 -7.943826 4.897015 -16.151453 -75.748429 -25.324682 63.478028 -18.522291 -6.413076 12.861338 4.200113 -12.545004 3.131517 -0.261045 -2.468113 -2.168483 -0.161813 3.305458 -3.029072 -0.905048 0.000000 -0.000000 0.000000 7.377585 1.572138 2.879848 -2.754701 -1.114113 0.784065 0.012614 -2.365522 -4.064917 -0.004278 -1.167965 0.419678
-2.828349 0.958216 -1.896515 2.038452 2.926837 -0.168028 -0.087328 -0.504659 0.976707 -0.082052 -6.050650 0.436421 -0.081640 -0.230224 0.428091 -0.028291 5.663867 0.322605 -0.213539 14.205213 -0.132871 -0.350190 -9.648118 -0.166958 -1.062219 9.742038 8.494635 -9.496566 -20.678705 75.022216 16.071639 55.042630 11.393207 0.901792 15.426711 -6.336352 1.672062 6.998722 -7.924124 4.933528 -16.154669 -75.737513 -25.083468 63.507886 -18.359666 -6.405405 12.860875 4.191046 -12.543939 3.122610 -0.266202 -2.474923 -2.163608 -0.161865 3.307069 -3.019447 -0.904144 -0.000000 0.000000 0.000000 7.366042 1.554992 2.877163 -2.760631 -1.096088 0.782591 0.004890 -2.364256 -4.057738 -0.004260 -1.168065 0.417929
-2.828256 0.958243 -1.896659 2.056398 2.929617 -0.169400 -0.086582 -0.517612 0.980074 -0.081843 -6.056405 0.437928 -0.081431 -0.235979 0.429620 -0.028013 5.659550 0.323755 -0.216714 14.237006 -0.146120 -0.350996 -9.589094 -0.190712 -1.057547 9.769261 8.490761 -9.535253 -20.662016 75.042341 16.024655 55.109542 11.385504 0.902121 15.431827 -6.323208 1.656035 7.028513 -7.903507 4.994961 -16.159561 -75.732172 -24.934407 63.568624 -18.283301 -6.400940 12.869216 4.167203 -12.550198 3.108352 -0.270720 -2.474552 -2.158475 -0.159976 3.304468 -3.010457 -0.904752 -0.000000 -0.000000 0.000000 7.369433 1.522938 2.870896 -2.784378 -1.064492 0.788058 -0.006963 -2.368139 -4.051526 -0.004225 -1.168229 0.414453
-2.828161 0.958271 -1.896807 2.078260 2.936630 -0.171188 -0.087004 -0.532987 0.985278 -0.082228 -6.063238 0.440256 -0.081813 -0.242812 0.431909 -0.028119 5.654424 0.325475 -0.219002 14.269802 -0.162446 -0.348951 -9.528211 -0.220592 -1.051192 9.798253 8.485663 -9.584745 -20.646183 75.065546 16.005361 55.186143 11.397648 0.902213 15.436749 -6.316541 1.635916 7.060145 -7.881848 5.066859 -16.163771 -75.730522 -24.849418 63.643904 -18.264548 -6.399092 12.881853 4.133628 -12.561565 3.089274 -0.275143 -2.469370 -2.151401 -0.156568 3.299993 -3.003525 -0.906335 0.000000 -0.000000 0.000000 7.382142 1.481107 2.863041 -2.819122 -1.024725 0.796510 -0.022194 -2.375612 -4.045694 -0.004181 -1.168129 0.410122
-2.828066 0.958296 -1.896957 2.097907 2.948046 -0.172119 -0.087064 -0.548131 0.990149 -0.082438 -6.069968 0.442435 -0.082022 -0.249543 0.434066 -0.028105 5.649375 0.327097 -0.218499 14.296381 -0.177132 -0.342306 -9.478870 -0.248451 -1.041576 9.829089 8.480243 -9.620635 -20.633780 75.088984 15.988294 55.246107 11.404543 0.902830 15.440803 -6.308407 1.619345 7.089785 -7.860368 5.127901 -16.165692 -75.730209 -24.795810 63.712215 -18.265582 -6.398536 12.890919 4.104903 -12.575504 3.060878 -0.281189 -2.459922 -2.135205 -0.151479 3.298473 -3.004123 -0.908533 -0.000000 0.000000 0.000000 7.397771 1.436802 2.856718 -2.853237 -0.988437 0.800263 -0.040977 -2.383247 -4.038862 -0.004139 -1.166497 0.406623
-2.827982 0.958323 -1.897105 2.113419 2.964263 -0.173591 -0.086395 -0.562264 0.995084 -0.082329 -6.076248 0.444643 -0.081912 -0.255822 0.436286 -0.027848 5.644664 0.328766 -0.213764 14.313417 -0.188554 -0.328976 -9.447245 -0.271791 -1.026675 9.864218 8.475239 -9.632584 -20.626702 75.110825 15.964001 55.276575 11.395737 0.904824 15.443234 -6.294595 1.610006 7.116980 -7.838530 5.168153 -16.163686 -75.730383 -24.768235 63.766279 -18.278620 -6.399350 12.892162 4.085873 -12.582154 3.029880 -0.286296 -2.456513 -2.122940 -0.144543 3.302050 -3.004442 -0.910196 0.000000 -0.000000 -0.000000 7.416771 1.393544 2.856576 -2.882262 -0.963131 0.794600 -0.066525 -2.387652 -4.030358 -0.004109 -1.163467 0.404725
-2.827900 0.958348 -1.897256 2.126717 2.984883 -0.174203 -0.085363 -0.576166 0.999687 -0.082044 -6.082423 0.446704 -0.081628 -0.261997 0.438375 -0.027470 5.640032 0.330338 -0.206234 14.324234 -0.198340 -0.311028 -9.427160 -0.293123 -1.008517 9.901194 8.469920 -9.630928 -20.623075 75.132898 15.941996 55.290394 11.381768 0.907352 15.444794 -6.279312 1.604220 7.142182 -7.816858 5.197541 -16.159411 -75.731888 -24.772403 63.813329 -18.311895 -6.401468 12.889785 4.071665 -12.591377 2.989565 -0.293025 -2.448833 -2.101554 -0.135921 3.308582 -3.012291 -0.912478 -0.000000 -0.000000 -0.000000 7.438688 1.347806 2.857955 -2.910666 -0.941308 0.784247 -0.095626 -2.392214 -4.020857 -0.004082 -1.158902 0.403657
-2.827793 0.958355 -1.897416 2.137431 3.008872 -0.168489 -0.083540 -0.589520 1.000603 -0.081246 -6.088354 0.447118 -0.080834 -0.267928 0.438870 -0.026832 5.635584 0.330708 -0.198325 14.331587 -0.206657 -0.292937 -9.413506 -0.311834 -0.991601 9.932748 8.462967 -9.622277 -20.619835 75.157860 15.925154 55.299785 11.368922 0.908636 15.447071 -6.267242 1.598585 7.162917 -7.798150 5.224535 -16.156225 -75.734917 -24.791919 63.853531 -18.351373 -6.403331 12.888564 4.062269 -12.630192 2.915283 -0.310727 -2.406479 -2.024716 -0.125888 3.316469 -3.056564 -0.918494 -0.000000 -0.000000 -0.000000 7.455774 1.296318 2.850034 -2.940235 -0.912122 0.775686 -0.118824 -2.403684 -4.010997 -0.004046 -1.151121 0.402786
-2.827634 0.958333 -1.897599 2.143195 3.038430 -0.153095 -0.080101 -0.604099 0.996051 -0.079486 -6.094827 0.445090 -0.079083 -0.274401 0.437021 -0.025657 5.630731 0.329311 -0.189675 14.337030 -0.212764 -0.274310 -9.403393 -0.326670 -0.978224 9.954641 8.451976 -9.610916 -20.613103 75.189602 15.912140 55.311917 11.356565 0.907361 15.451567 -6.260241 1.593455 7.175149 -7.782907 5.259138 -16.150545 -75.741146 -24.835347 63.891891 -18.403973 -6.405049 12.891190 4.057577 -12.720541 2.798032 -0.353405 -2.304928 -1.882126 -0.098797 3.326274 -3.147883 -0.936230 0.000000 -0.000000 -0.000000 7.462848 1.237113 2.825603 -2.969088 -0.874549 0.771569 -0.130610 -2.423531 -3.999764 -0.003993 -1.138824 0.401810
-2.827450 0.958294 -1.897791 2.146388 3.071355 -0.131377 -0.075869 -0.618126 0.987812 -0.077213 -6.101054 0.441415 -0.076822 -0.280627 0.433577 -0.024222 5.626065 0.326713 -0.180644 14.339004 -0.217408 -0.255534 -9.399719 -0.338899 -0.966091 9.971111 8.439332 -9.592556 -20.606775 75.224228 15.904297 55.319633 11.345338 0.904833 15.456777 -6.256448 1.588475 7.182917 -7.770631 5.291346 -16.145957 -75.748897 -24.894191 63.923357 -18.462883 -6.406506 12.894959 4.057700 -12.840320 2.646675 -0.406666 -2.168575 -1.684159 -0.069961 3.337467 -3.275614 -0.957787 -0.000000 0.000000 0.000000 7.465141 1.172164 2.791900 -2.999100 -0.829611 0.769217 -0.136500 -2.450286 -3.988158 -0.003931 -1.123311 0.401025
-2.827304 0.958253 -1.897960 2.153760 3.100012 -0.107920 -0.072895 -0.625957 0.977872 -0.075437 -6.104530 0.436978 -0.075055 -0.284103 0.429320 -0.023222 5.623462 0.323504 -0.174731 14.335591 -0.222994 -0.242247 -9.406048 -0.351692 -0.952813 9.987597 8.430894 -9.560946 -20.609443 75.252716 15.908517 55.313686 11.343424 0.903206 15.459786 -6.254975 1.579183 7.195871 -7.762627 5.299624 -16.156592 -75.753352 -24.926159 63.933062 -18.493163 -6.405802 12.896557 4.062966 -12.950531 2.463485 -0.437377 -2.040596 -1.415370 -0.086043 3.346725 -3.436789 -0.962462 0.000000 0.000000 -0.000000 7.470526 1.104129 2.759757 -3.037692 -0.769530 0.767091 -0.143580 -2.486293 -3.979823 -0.003870 -1.106795 0.400698
-2.827279 0.958215 -1.898056 2.168638 3.124191 -0.085929 -0.072103 -0.628403 0.965116 -0.074519 -6.105618 0.431278 -0.074141 -0.285191 0.423713 -0.022968 5.622650 0.319278 -0.173619 14.326151 -0.228215 -0.238119 -9.423577 -0.361943 -0.937456 10.011021 8.436965 -9.509898 -20.627231 75.268294 15.925336 55.287526 11.355960 0.903257 15.458113 -6.258432 1.565776 7.225501 -7.758892 5.270085 -16.193666 -75.746716 -24.909238 63.914061 -18.477601 -6.402239 12.893017 4.078519 -13.054477 2.269567 -0.405386 -1.909035 -1.106522 -0.204227 3.336965 -3.621769 -0.933614 -0.000000 -0.000000 0.000000 7.466875 1.028810 2.745669 -3.077605 -0.682242 0.749296 -0.150583 -2.542919 -3.966794 -0.003747 -1.086300 0.395307
-2.827291 0.958177 -1.898129 2.187689 3.144096 -0.062195 -0.072578 -0.624651 0.950665 -0.074102 -6.103954 0.424817 -0.073726 -0.283527 0.417295 -0.023152 5.623902 0.314443 -0.175628 14.311325 -0.234382 -0.239486 -9.451115 -0.372765 -0.920937 10.034447 8.447242 -9.445584 -20.654014 75.277629 15.954216 55.247707 11.377740 0.904204 15.454246 -6.264218 1.548060 7.260321 -7.759421 5.216590 -16.245966 -75.736677 -24.865459 63.873302 -18.433432 -6.396519 12.887305 4.099213 -13.149125 2.043992 -0.350904 -1.787055 -0.726468 -0.366931 3.324950 -3.840222 -0.887884 -0.000000 0.000000 -0.000000 7.466314 0.950404 2.733121 -3.126143 -0.579835 0.731664 -0.158777 -2.608798 -3.957003 -0.003627 -1.064805 0.390367
-2.827144 0.958144 -1.898294 2.207666 3.152706 -0.031689 -0.073616 -0.606630 0.939863 -0.074124 -6.095949 0.419985 -0.073748 -0.275522 0.412461 -0.023546 5.629908 0.310804 -0.179213 14.291118 -0.247825 -0.240983 -9.488643 -0.396664 -0.903696 10.042551 8.436657 -9.380296 -20.680025 75.291870 16.000397 55.204650 11.401388 0.905870 15.452707 -6.263612 1.520967 7.275498 -7.765509 5.159255 -16.294026 -75.741698 -24.818473 63.816811 -18.377244 -6.388844 12.885010 4.109940 -13.185662 1.725942 -0.361825 -1.754877 -0.167376 -0.449261 3.358273 -4.118228 -0.854828 -0.000000 -0.000000 0.000000 7.513132 0.884254 2.683320 -3.212427 -0.490685 0.760247 -0.179004 -2.652205 -3.977953 -0.003702 -1.053442 0.402713
-2.826652 0.958159 -1.898703 2.215368 3.158409 0.004777 -0.069607 -0.572754 0.940716 -0.072448 -6.080884 0.420366 -0.072084 -0.260457 0.413012 -0.022265 5.641208 0.311229 -0.185063 14.259935 -0.275316 -0.241257 -9.546553 -0.446120 -0.885846 10.027411 8.382603 -9.312885 -20.704829 75.319797 16.049661 55.160181 11.404758 0.908909 15.456045 -6.249529 1.482328 7.258899 -7.783777 5.102116 -16.334002 -75.785425 -24.739493 63.753461 -18.279641 -6.374332 12.889063 4.114747 -13.128664 1.212426 -0.492917 -1.896186 0.720775 -0.375109 3.514101 -4.477359 -0.849287 0.000000 -0.000000 -0.000000 7.723978 0.843195 2.556700 -3.443294 -0.476584 0.892385 -0.214350 -2.624187 -4.048772 -0.004044 -1.062949 0.435871
-2.826001 0.958181 -1.899204 2.223982 3.152818 0.048007 -0.066186 -0.524610 0.945227 -0.071225 -6.059479 0.422378 -0.070870 -0.239052 0.415148 -0.021204 5.657261 0.312851 -0.192488 14.223375 -0.310078 -0.241633 -9.614441 -0.508669 -0.867366 9.997024 8.307611 -9.244478 -20.728941 75.352594 16.116078 55.112529 11.409804 0.912697 15.461680 -6.229039 1.434327 7.222597 -7.807508 5.041130 -16.369883 -75.844187 -24.657760 63.674342 -18.170415 -6.357862 12.896531 4.109586 -13.010945 0.606913 -0.691031 -2.122517 1.788502 -0.225716 3.716049 -4.895861 -0.858653 -0.000000 0.000000 -0.000000 7.982289 0.815340 2.392771 -3.711969 -0.475140 1.070672 -0.261794 -2.573834 -4.150447 -0.004595 -1.082544 0.486344
-2.825551 0.958090 -1.899455 2.269789 3.103711 0.105422 -0.079552 -0.458905 0.934763 -0.076832 -6.030306 0.417677 -0.076449 -0.209879 0.409877 -0.025812 5.679140 0.308891 -0.197899 14.198240 -0.338131 -0.240830 -9.661105 -0.559383 -0.848468 9.959915 8.254327 -9.190837 -20.743970 75.375172 16.247185 55.066649 11.475145 0.915125 15.466440 -6.214649 1.378416 7.178107 -7.817996 4.984368 -16.393847 -75.865635 -24.683050 63.559044 -18.153948 -6.354276 12.904192 4.067214 -12.887238 0.158077 -0.881659 -2.258292 2.692546 -0.105117 3.781185 -5.335143 -0.869009 -0.000000 -0.000000 0.000000 7.982724 0.777342 2.271492 -3.726241 -0.329761 1.169073 -0.322816 -2.616393 -4.253049 -0.005336 -1.091074 0.560414
-2.825443 0.957828 -1.899325 2.374918 2.988156 0.197871 -0.121574 -0.368488 0.891137 -0.093740 -5.990208 0.398134 -0.093269 -0.169784 0.388618 -0.040086 5.709212 0.292883 -0.199244 14.190444 -0.352636 -0.237690 -9.675569 -0.586171 -0.823901 9.921504 8.240189 -9.134997 -20.744779 75.389103 16.443799 55.000823 11.597917 0.913681 15.468458 -6.209061 1.309801 7.125294 -7.800399 4.941220 -16.392214 -75.828708 -24.875457 63.392558 -18.281214 -6.380159 12.910453 3.963498 -12.831809 -0.017077 -1.051045 -2.169037 3.269753 -0.050234 3.626901 -5.764170 -0.888447 0.000000 -0.000000 0.000000 7.499124 0.701110 2.219152 -3.243355 0.075915 1.104349 -0.447487 -2.787657 -4.313398 -0.006328 -1.113546 0.716435
-2.825537 0.957455 -1.898945 2.516928 2.828827 0.304094 -0.180487 -0.260528 0.832520 -0.117501 -5.942334 0.371904 -0.116907 -0.121914 0.359976 -0.060042 5.745115 0.271313 -0.198581 14.194069 -0.360435 -0.233414 -9.668824 -0.601105 -0.798868 9.876284 8.247762 -9.093967 -20.736423 75.392941 16.704478 54.936308 11.780222 0.910849 15.469624 -6.209577 1.233258 7.064427 -7.769477 4.902394 -16.378405 -75.754621 -25.170351 63.189461 -18.496464 -6.418876 12.916479 3.822545 -12.772449 -0.035387 -1.211538 -1.992297 3.682191 -0.016666 3.335306 -6.214148 -0.905887 -0.000000 0.000000 -0.000000 6.757668 0.612672 2.208252 -2.507502 0.626478 0.964888 -0.585955 -3.051564 -4.373966 -0.007517 -1.125025 0.896035
-2.825767 0.957026 -1.898371 2.665474 2.662102 0.368463 -0.236929 -0.153177 0.794876 -0.141084 -5.894715 0.355077 -0.140373 -0.074301 0.340755 -0.079142 5.780822 0.256846 -0.198493 14.208176 -0.368062 -0.230329 -9.642613 -0.615475 -0.789201 9.816350 8.267447 -9.134567 -20.725615 75.367204 17.074366 54.941744 12.089387 0.911977 15.472444 -6.220611 1.164573 7.007591 -7.751088 4.847886 -16.385121 -75.654375 -25.490352 62.973860 -18.744033 -6.435433 12.923439 3.689491 -12.546203 0.001366 -1.326330 -1.964166 4.073111 0.019012 2.969767 -6.740330 -0.875730 -0.000000 0.000000 -0.000000 6.131267 0.570230 2.238315 -1.954856 1.128048 0.876889 -0.589010 -3.415640 -4.534743 -0.008360 -1.029600 0.930434
-2.826116 0.956509 -1.897636 2.810972 2.498324 0.358086 -0.282214 -0.053925 0.797637 -0.161508 -5.850681 0.356328 -0.160702 -0.030273 0.339933 -0.094474 5.813833 0.256249 -0.203621 14.235960 -0.378174 -0.236142 -9.591018 -0.632471 -0.805430 9.732484 8.300566 -9.300894 -20.717404 75.286340 17.632229 55.058447 12.621320 0.921263 15.479287 -6.246795 1.110075 6.963312 -7.761537 4.748070 -16.428984 -75.510009 -25.826833 62.747859 -19.030095 -6.412405 12.932480 3.582087 -11.997225 0.069640 -1.371726 -2.237875 4.489084 0.070698 2.505857 -7.388273 -0.760536 0.000000 0.000000 -0.000000 5.806217 0.614963 2.318606 -1.816709 1.471783 0.899715 -0.345906 -3.871474 -4.868706 -0.007022 -0.721040 0.681049
-2.826602 0.955937 -1.896707 2.963458 2.327549 0.305816 -0.324824 0.044733 0.821440 -0.181701 -5.806917 0.366999 -0.180804 0.013486 0.348554 -0.108912 5.846635 0.262774 -0.209317 14.274235 -0.388073 -0.243150 -9.519940 -0.648828 -0.837043 9.633903 8.345836 -9.548744 -20.707309 75.175690 18.306898 55.240782 13.288438 0.934459 15.487917 -6.283499 1.063427 6.922995 -7.784670 4.632281 -16.493173 -75.339271 -26.185547 62.508616 -19.345743 -6.367197 12.942803 3.482653 -11.281775 0.191966 -1.367410 -2.660117 4.883571 0.123812 1.966438 -8.112272 -0.594005 -0.000000 0.000000 0.000000 5.596022 0.707241 2.440428 -1.860333 1.765137 0.968477 0.036903 -4.424751 -5.307886 -0.003582 -0.303854 0.288264
-2.827213 0.955457 -1.895535 3.122176 2.155847 0.254926 -0.371108 0.147173 0.844098 -0.203492 -5.761481 0.377177 -0.202501 0.058914 0.356520 -0.124598 5.880688 0.268810 -0.204262 14.312497 -0.396280 -0.230598 -9.448847 -0.666168 -0.868257 9.540399 8.389777 -9.812663 -20.687266 75.092292 18.915690 55.429946 13.879824 0.944277 15.493845 -6.321254 1.021448 6.872933 -7.797701 4.569054 -16.560703 -75.206781 -26.515084 62.273737 -19.617465 -6.316963 12.953020 3.383257 -10.704403 0.336679 -1.344188 -3.006930 5.260194 0.158397 1.486567 -8.830962 -0.438946 0.000000 -0.000000 0.000000 5.314128 0.785518 2.576580 -1.824309 2.136442 1.017998 0.382810 -5.106073 -5.741302 0.000000 -0.000000 -0.000000
-2.827970 0.955154 -1.894138 3.303151 1.981743 0.219840 -0.429754 0.257565 0.858208 -0.230415 -5.712534 0.383567 -0.229308 0.107851 0.360177 -0.144449 5.917373 0.271604 -0.183189 14.346037 -0.403176 -0.188431 -9.386462 -0.687235 -0.899830 9.455274 8.430240 -10.086268 -20.656020 75.063343 19.411553 55.626432 14.328754 0.948120 15.495394 -6.360337 0.984627 6.802461 -7.788333 4.615267 -16.625661 -75.154655 -26.813959 62.083157 -19.825360 -6.266939 12.964504 3.282227 -10.372109 0.496949 -1.311892 -3.207877 5.621595 0.166619 1.107407 -9.522712 -0.317616 0.000000 -0.000000 0.000000 4.788405 0.806983 2.724413 -1.540497 2.687787 1.015561 0.641310 -5.993559 -6.143213 0.001622 0.076730 -0.068389
-2.828851 0.954943 -1.892499 3.490303 1.806680 0.186013 -0.492081 0.371757 0.871168 -0.258936 -5.661907 0.389476 -0.257711 0.158466 0.363190 -0.165547 5.955315 0.273919 -0.151366 14.379555 -0.408419 -0.126718 -9.324063 -0.709322 -0.930965 9.375240 8.469420 -10.376022 -20.614353 75.061702 19.839252 55.833090 14.699426 0.948625 15.494145 -6.400476 0.952468 6.722235 -7.768872 4.714309 -16.694297 -75.141104 -27.087051 61.897457 -19.993261 -6.211585 12.976056 3.181470 -10.177909 0.679659 -1.262942 -3.334172 5.965399 0.155312 0.788461 -10.209269 -0.209433 0.000000 0.000000 0.000000 4.190543 0.815777 2.885429 -1.178460 3.317740 0.995119 0.865149 -7.010468 -6.540273 0.001088 0.038394 -0.034156
-2.829787 0.954725 -1.890519 3.634519 1.640888 0.153547 -0.538450 0.481656 0.882949 -0.280309 -5.613160 0.394868 -0.279005 0.207203 0.366412 -0.181295 5.991852 0.276394 -0.113261 14.416654 -0.409470 -0.054864 -9.254976 -0.725906 -0.943512 9.310192 8.500295 -10.635953 -20.556580 75.063211 20.145287 55.999008 14.968080 0.946394 15.490370 -6.431368 0.920334 6.650528 -7.753367 4.764591 -16.768215 -75.104877 -27.292412 61.616081 -20.113033 -6.151706 12.982270 3.078492 -10.105460 0.875522 -1.205755 -3.374585 6.287866 0.125793 0.543536 -10.874585 -0.115589 -0.000000 0.000000 0.000000 3.849880 0.879552 3.038763 -0.982833 3.848689 0.991461 1.028331 -7.958015 -6.896098 -0.000000 -0.000000 -0.000000
-2.830749 0.954480 -1.888155 3.711714 1.480119 0.117721 -0.557023 0.588126 0.896374 -0.289403 -5.565887 0.400975 -0.288079 0.254471 0.371597 -0.187730 6.027293 0.280346 -0.069561 14.458787 -0.405454 0.025484 -9.176509 -0.735060 -0.923770 9.268358 8.516424 -10.847516 -20.476497 75.065709 20.283350 56.084803 15.091130 0.938786 15.479798 -6.456271 0.889650 6.590003 -7.748432 4.720462 -16.847167 -75.014027 -27.397214 61.166993 -20.174507 -6.086535 12.979695 2.970104 -10.181321 1.087237 -1.140426 -3.311487 6.591387 0.072721 0.400838 -11.516473 -0.037192 0.000000 0.000000 0.000000 3.981157 1.026843 3.181532 -1.095939 4.213372 1.025698 1.082072 -8.773505 -7.194601 0.000000 -0.000000 0.000000
-2.831764 0.954226 -1.885449 3.745974 1.328530 0.083737 -0.559654 0.690284 0.908611 -0.291350 -5.520499 0.406532 -0.290042 0.299858 0.376955 -0.188817 6.061328 0.284426 -0.019553 14.504483 -0.397246 0.116011 -9.091386 -0.738694 -0.885438 9.241500 8.524145 -11.029230 -20.380101 75.071480 20.295139 56.131359 15.107195 0.928499 15.466609 -6.471889 0.859000 6.537999 -7.747432 4.627359 -16.931212 -74.900143 -27.434609 60.622847 -20.187927 -6.016282 12.971748 2.859905 -10.378892 1.312694 -1.069860 -3.163179 6.873760 -0.000410 0.332643 -12.137130 0.025361 0.000000 0.000000 0.000000 4.370426 1.226090 3.320970 -1.374057 4.477786 1.077095 1.072433 -9.520795 -7.448201 0.000000 -0.000000 -0.000000
-2.832849 0.953924 -1.882433 3.760354 1.208911 0.066742 -0.562280 0.777429 0.911091 -0.292812 -5.481776 0.407719 -0.291517 0.338581 0.377994 -0.189865 6.090368 0.285243 0.034414 14.552958 -0.384927 0.212335 -9.001084 -0.736050 -0.851464 9.214802 8.535603 -11.190818 -20.280245 75.062970 20.258299 56.208123 15.114721 0.924056 15.463860 -6.458146 0.819493 6.504818 -7.744479 4.520224 -17.022567 -74.797068 -27.460119 60.100192 -20.173597 -5.943600 12.963210 2.755296 -10.602146 1.535262 -1.005735 -2.972000 7.124378 -0.078642 0.268802 -12.727065 0.072404 -0.000000 0.000000 -0.000000 4.704292 1.454742 3.450135 -1.632033 4.663901 1.115975 1.113492 -10.190561 -7.662868 -0.000000 -0.000000 0.000000
-2.833996 0.953570 -1.879110 3.759611 1.127471 0.075121 -0.568754 0.845715 0.898196 -0.295221 -5.451428 0.402033 -0.293931 0.368927 0.372063 -0.192142 6.113132 0.280797 0.093209 14.607913 -0.366844 0.315427 -8.898727 -0.724330 -0.827440 9.185173 8.558139 -11.314229 -20.182310 75.023956 20.178483 56.334042 15.138319 0.931196 15.480365 -6.394487 0.762411 6.502690 -7.735714 4.388323 -17.125940 -74.714533 -27.452304 59.619760 -20.095505 -5.870434 12.950150 2.649132 -10.854638 1.756484 -0.954421 -2.717422 7.328563 -0.161147 0.187783 -13.292360 0.103926 0.000000 0.000000 -0.000000 4.900401 1.716951 3.560673 -1.839330 4.761726 1.133504 1.254766 -10.775017 -7.839888 -0.000000 0.000000 -0.000000
-2.835211 0.953168 -1.875477 3.738880 1.077992 0.100596 -0.575300 0.898978 0.875463 -0.297165 -5.427747 0.391944 -0.295877 0.392607 0.361777 -0.194395 6.130899 0.273060 0.156003 14.665630 -0.344687 0.424396 -8.791226 -0.706395 -0.807760 9.155719 8.584482 -11.417651 -20.081100 74.970581 20.049206 56.490483 15.152037 0.944116 15.507749 -6.301616 0.696500 6.519427 -7.724989 4.242351 -17.236535 -74.642281 -27.436282 59.161017 -19.992244 -5.795292 12.936449 2.548244 -11.132936 1.974662 -0.909721 -2.420083 7.501278 -0.249450 0.111397 -13.826996 0.119701 0.000000 0.000000 -0.000000 5.041095 2.009764 3.659207 -2.026438 4.781444 1.138266 1.444966 -11.281802 -7.977971 -0.000000 0.000000 -0.000000
-2.836531 0.952686 -1.871547 3.706763 1.064641 0.133197 -0.586435 0.938046 0.851032 -0.301036 -5.410380 0.381096 -0.299739 0.409971 0.350536 -0.198154 6.143930 0.264598 0.217852 14.714208 -0.323595 0.532026 -8.700685 -0.690083 -0.798573 9.120931 8.604917 -11.565066 -19.973706 74.933539 19.930124 56.690732 15.178297 0.953884 15.533165 -6.221350 0.639034 6.528682 -7.717924 4.149617 -17.342625 -74.584729 -27.531086 58.778493 -19.989871 -5.716369 12.938626 2.480606 -11.330452 2.168035 -0.862187 -2.183665 7.676220 -0.330858 0.034543 -14.303341 0.120255 0.000000 0.000000 -0.000000 5.059809 2.301490 3.757495 -2.100412 4.776022 1.125012 1.647099 -11.724335 -8.080298 0.000000 0.000000 0.000000
-2.837964 0.952117 -1.867335 3.667331 1.093392 0.174476 -0.604727 0.958563 0.824450 -0.307949 -5.401268 0.369288 -0.306625 0.419080 0.338026 -0.204273 6.150768 0.255173 0.277299 14.752026 -0.302377 0.635152 -8.630137 -0.672638 -0.804903 9.075834 8.617669 -11.789505 -19.862062 74.927261 19.828094 56.962240 15.226485 0.959149 15.553756 -6.171099 0.600931 6.516458 -7.717093 4.154155 -17.441627 -74.542328 -27.794266 58.518254 -20.154479 -5.630918 12.971367 2.458604 -11.404190 2.319455 -0.812298 -2.049922 7.868966 -0.399232 -0.044385 -14.697468 0.102502 -0.000000 0.000000 -0.000000 4.887520 2.581632 3.857648 -1.970089 4.757047 1.082535 1.830861 -12.093601 -8.154409 0.000000 0.000000 0.000000
-2.839501 0.951468 -1.862827 3.616590 1.158306 0.222807 -0.627621 0.964843 0.796218 -0.316803 -5.398488 0.356739 -0.315440 0.421855 0.324578 -0.211906 6.152856 0.245037 0.335757 14.780743 -0.282282 0.736897 -8.576475 -0.656951 -0.821716 9.025421 8.624656 -12.057591 -19.744114 74.936633 19.735210 57.277941 15.284932 0.961164 15.572190 -6.133458 0.571249 6.496705 -7.719888 4.212143 -17.536358 -74.515333 -28.163465 58.333120 -20.415790 -5.542248 13.020122 2.469381 -11.396996 2.446056 -0.758329 -1.976902 8.063652 -0.459893 -0.123523 -15.033376 0.069194 0.000000 -0.000000 0.000000 4.593173 2.861151 3.955448 -1.726974 4.713829 1.019939 2.025396 -12.398823 -8.192106 -0.000000 -0.000000 -0.000000
-2.841156 0.950728 -1.857991 3.551038 1.245669 0.263413 -0.651923 0.970753 0.775894 -0.326655 -5.395880 0.347724 -0.325249 0.424458 0.314563 -0.220024 6.154811 0.237490 0.392525 14.793407 -0.272140 0.839370 -8.552537 -0.659390 -0.840071 8.979101 8.621688 -12.333613 -19.610950 74.948038 19.690231 57.569013 15.346317 0.954855 15.583634 -6.097910 0.534467 6.484962 -7.724112 4.259214 -17.623256 -74.508136 -28.573768 58.138153 -20.691151 -5.457619 13.057562 2.503118 -11.330829 2.577618 -0.687031 -1.942626 8.246608 -0.516755 -0.202729 -15.355311 0.029695 -0.000000 -0.000000 -0.000000 4.317377 3.140448 4.053578 -1.552176 4.665402 0.962970 2.283423 -12.680682 -8.173539 0.000000 0.000000 0.000000
-2.842932 0.949901 -1.852843 3.470996 1.355322 0.295455 -0.677264 0.979018 0.763071 -0.337329 -5.392234 0.342062 -0.335878 0.428098 0.307818 -0.228509 6.157541 0.232412 0.446501 14.787236 -0.274173 0.941404 -8.563450 -0.683770 -0.859523 8.955579 8.605705 -12.609194 -19.473105 74.969800 19.677219 57.811107 15.384872 0.939166 15.581522 -6.078105 0.486489 6.498461 -7.724388 4.282299 -17.720717 -74.531803 -28.975976 57.900624 -20.934188 -5.375966 13.067311 2.559294 -11.186518 2.716198 -0.595596 -1.963011 8.416401 -0.570885 -0.285996 -15.680391 -0.011037 -0.000000 0.000000 -0.000000 4.082869 3.426248 4.146227 -1.499597 4.595314 0.916698 2.639785 -12.934746 -8.057775 -0.000000 -0.000000 -0.000000
-2.844826 0.948983 -1.847367 3.376140 1.487421 0.319611 -0.703986 0.986946 0.758182 -0.348993 -5.388748 0.339946 -0.347492 0.431577 0.304518 -0.237471 6.160148 0.229933 0.498726 14.765004 -0.286165 1.044119 -8.604048 -0.726351 -0.880563 8.936046 8.579743 -12.892578 -19.319836 74.993545 19.713418 58.028010 15.428272 0.915235 15.572251 -6.060304 0.431402 6.519945 -7.726120 4.294410 -17.810509 -74.575041 -29.418233 57.653771 -21.189272 -5.298232 13.065944 2.638494 -10.982822 2.859491 -0.486917 -2.021989 8.574270 -0.620631 -0.369321 -15.991523 -0.057965 0.000000 -0.000000 -0.000000 3.867106 3.711898 4.239526 -1.515030 4.519192 0.877912 3.060094 -13.164963 -7.887014 0.000000 -0.000000 -0.000000
-2.846836 0.947940 -1.841487 3.261911 1.628679 0.323387 -0.729907 1.000365 0.771977 -0.361197 -5.382844 0.346177 -0.359647 0.437472 0.309509 -0.246209 6.164559 0.233712 0.551688 14.728086 -0.310297 1.153034 -8.671705 -0.792199 -0.895569 8.873637 8.548885 -13.173208 -19.111035 74.980175 19.890155 58.222796 15.553381 0.880961 15.570840 -5.993082 0.365932 6.513124 -7.743074 4.270186 -17.834080 -74.608503 -29.979419 57.412207 -21.506628 -5.234465 13.075552 2.732514 -10.798363 3.030839 -0.356369 -2.049682 8.710749 -0.666527 -0.440537 -16.281619 -0.116658 0.000000 0.000000 -0.000000 3.743204 3.977830 4.355094 -1.617393 4.503517 0.861118 3.493819 -13.424205 -7.766897 0.000000 0.000000 -0.000000
-2.848961 0.946791 -1.835159 3.111799 1.757189 0.308294 -0.747441 1.033502 0.803644 -0.370557 -5.368187 0.360394 -0.368977 0.452124 0.322776 -0.252205 6.175530 0.243739 0.604101 14.668728 -0.345170 1.265370 -8.780799 -0.878377 -0.902278 8.746188 8.523029 -13.448551 -18.827087 74.916075 20.233826 58.420736 15.766805 0.833782 15.583255 -5.844532 0.280119 6.449779 -7.776830 4.178087 -17.757159 -74.626236 -30.641521 57.172339 -21.849764 -5.174413 13.105051 2.813648 -10.655506 3.250138 -0.206986 -2.016542 8.827508 -0.719584 -0.490393 -16.541328 -0.189047 0.000000 -0.000000 0.000000 3.744595 4.303748 4.491835 -1.845134 4.452877 0.877471 3.968103 -13.713793 -7.741640 -0.000000 0.000000 0.000000
-2.851202 0.945518 -1.828427 2.942166 1.894712 0.272628 -0.763985 1.072325 0.853865 -0.380378 -5.351028 0.382900 -0.378769 0.469276 0.344285 -0.257924 6.188369 0.259988 0.657289 14.594660 -0.392104 1.384135 -8.916894 -0.987864 -0.902602 8.575841 8.492810 -13.721786 -18.489023 74.813149 20.722581 58.595224 16.067634 0.775645 15.604147 -5.646949 0.184058 6.357755 -7.825017 4.049678 -17.614141 -74.635142 -31.418478 56.938062 -22.248644 -5.127775 13.145829 2.909186 -10.531063 3.497724 -0.035968 -1.952197 8.923067 -0.769641 -0.528268 -16.779986 -0.273543 -0.000000 -0.000000 -0.000000 3.838726 4.609767 4.651324 -2.159351 4.462520 0.917635 4.456620 -14.031362 -7.768475 0.000000 -0.000000 0.000000
-2.853572 0.944036 -1.821349 2.797563 2.093374 0.199024 -0.799697 1.080394 0.935890 -0.400180 -5.347625 0.419605 -0.398491 0.472666 0.378980 -0.270083 6.190865 0.286178 0.717593 14.530501 -0.457465 1.523396 -9.034017 -1.134735 -0.895030 8.382099 8.434516 -13.991125 -18.118287 74.670162 21.374909 58.671156 16.522168 0.710744 15.631359 -5.445476 0.104392 6.284723 -7.895847 3.954361 -17.449101 -74.625077 -32.434751 56.731823 -22.850794 -5.133556 13.194880 3.093786 -10.434806 3.737675 0.170223 -1.875109 8.983306 -0.785864 -0.569886 -17.018583 -0.370346 -0.000000 0.000000 0.000000 3.999346 4.636759 4.859906 -2.464863 4.884916 0.958633 4.829081 -14.424982 -7.823017 0.000000 0.000000 0.000000
-2.855989 0.942378 -1.813886 2.672573 2.376997 0.108570 -0.855626 1.031911 1.038862 -0.429841 -5.369434 0.465627 -0.428012 0.450839 0.421990 -0.288946 6.174431 0.318621 0.786356 14.495627 -0.538772 1.684386 -9.096049 -1.314489 -0.874629 8.149796 8.341023 -14.284345 -17.686089 74.467930 22.162678 58.634661 17.167934 0.644032 15.638475 -5.286442 0.040023 6.238997 -8.000370 3.930216 -17.267003 -74.588130 -33.704236 56.588983 -23.700970 -5.202041 13.268286 3.344106 -10.350561 3.959646 0.390790 -1.812262 8.976223 -0.773300 -0.600458 -17.237549 -0.465531 0.000000 0.000000 -0.000000 4.226965 4.401403 5.089259 -2.764173 5.649966 1.001646 5.073056 -14.895645 -7.904224 0.000276 0.111171 0.022714
-2.858534 0.940512 -1.806076 2.571914 2.721641 -0.020048 -0.930439 0.953090 1.174425 -0.469343 -5.404844 0.526182 -0.467319 0.415400 0.478536 -0.314108 6.147758 0.361259 0.862053 14.470663 -0.638664 1.865484 -9.138786 -1.531747 -0.845520 7.893816 8.219890 -14.574472 -17.222702 74.223919 23.103961 58.495621 17.960819 0.569848 15.651072 -5.123970 -0.008262 6.211825 -8.128135 3.939568 -17.062333 -74.532701 -35.211697 56.463302 -24.751658 -5.319594 13.354320 3.684762 -10.292801 4.174033 0.646624 -1.735676 8.933733 -0.727101 -0.634772 -17.456521 -0.572979 0.000000 -0.000000 0.000000 4.517829 3.885456 5.364654 -3.058321 6.827351 1.040493 5.201486 -15.443784 -8.011403 0.000390 0.222337 0.045454
-2.861461 0.938249 -1.798100 2.554422 3.107858 -0.267197 -1.040256 0.885904 1.389796 -0.528160 -5.435382 0.622438 -0.525856 0.384804 0.568821 -0.351125 6.124636 0.429355 0.946621 14.422192 -0.771334 2.076519 -9.223720 -1.814676 -0.820356 7.678596 8.068828 -14.777638 -16.836503 73.995524 24.279582 58.212318 18.838073 0.475627 15.744257 -4.865146 -0.011605 6.225784 -8.256046 3.937856 -16.863417 -74.471999 -37.027089 56.249313 -26.000333 -5.486876 13.413404 4.264032 -10.315614 4.376256 1.014667 -1.580485 8.937442 -0.602090 -0.732844 -17.755621 -0.733459 -0.000000 0.000000 0.000000 4.831647 2.775712 5.789323 -3.256628 8.978998 1.040511 5.121923 -16.118287 -8.117919 0.000000 0.000000 0.000000
-2.865018 0.935506 -1.789959 2.658436 3.574919 -0.673529 -1.204753 0.806450 1.704525 -0.615845 -5.471837 0.763090 -0.613113 0.348265 0.700566 -0.406508 6.096940 0.528711 1.046760 14.362207 -0.936109 2.329876 -9.327944 -2.164604 -0.819442 7.545708 7.859609 -14.919984 -16.519311 73.850330 25.657521 57.825808 19.738805 0.312663 15.989432 -4.410306 0.047710 6.301866 -8.366596 3.895309 -16.655563 -74.421302 -39.130108 55.931035 -27.403459 -5.668070 13.451961 5.103111 -10.480542 4.538981 1.546389 -1.244203 9.003904 -0.360942 -0.963027 -18.172848 -0.984820 -0.000000 0.000000 -0.000000 5.084795 0.863677 6.467079 -3.253369 12.432445 0.959276 4.629127 -17.242847 -8.298577 -0.002091 -0.413848 -0.022797
-2.868956 0.932366 -1.781650 2.841858 4.085473 -1.196384 -1.402378 0.740038 2.100137 -0.722006 -5.502993 0.939902 -0.718763 0.316997 0.866596 -0.473069 6.073051 0.653925 1.155477 14.279069 -1.134077 2.613381 -9.472717 -2.581421 -0.824053 7.452905 7.619756 -14.975206 -16.277330 73.724079 27.242921 57.287555 20.696858 0.129989 16.312173 -3.857974 0.150480 6.420212 -8.478634 3.841116 -16.453804 -74.364402 -41.506371 55.506990 -28.964571 -5.892295 13.480499 6.184190 -10.721042 4.693276 2.192704 -0.826482 9.114993 -0.043190 -1.256288 -18.671945 -1.285898 -0.000000 -0.000000 -0.000000 5.313101 -1.649202 7.275331 -3.175072 16.862906 0.903003 3.920777 -18.499198 -8.443704 -0.002453 -1.160981 -0.115594
-2.872783 0.928890 -1.773343 3.044168 4.504909 -1.791617 -1.585205 0.802005 2.565549 -0.825494 -5.477501 1.148173 -0.821850 0.342331 1.064375 -0.535377 6.091434 0.803212 1.254457 14.104089 -1.382208 2.902052 -9.785178 -3.092769 -0.788662 7.340225 7.429869 -14.782719 -16.239104 73.480492 29.140372 56.417730 21.753152 0.063084 16.565968 -3.408719 0.269271 6.542512 -8.623896 3.819930 -16.330970 -74.266725 -44.204592 54.886327 -30.720886 -6.259101 13.476901 7.598854 -10.898819 4.919199 2.878431 -0.565568 9.301303 0.284021 -1.466136 -19.220613 -1.560455 -0.000000 -0.000000 0.000000 5.660610 -4.464118 7.969648 -3.249944 21.847964 1.049229 3.519812 -18.967753 -8.290658 0.016690 -2.996466 -0.638126
-2.876494 0.924943 -1.765290 3.293580 4.760086 -2.505655 -1.766478 1.072681 3.135294 -0.934790 -5.359842 1.403599 -0.930881 0.459782 1.308720 -0.598783 6.178639 0.987906 1.349147 13.790668 -1.696410 3.216488 -10.350137 -3.734548 -0.687799 7.126698 7.308237 -14.318772 -16.402927 73.036391 31.410699 55.139964 22.921996 0.234893 16.725075 -3.065291 0.377189 6.641170 -8.826032 3.834921 -16.373948 -74.129250 -47.152425 53.995418 -32.633855 -6.850005 13.485909 9.516293 -10.960514 5.255433 3.634933 -0.615033 9.608800 0.626719 -1.530608 -19.820017 -1.794624 0.000000 -0.000000 0.000000 6.243641 -7.578872 8.517210 -3.617639 27.459634 1.493024 3.697510 -18.072819 -7.773745 0.111931 -6.640880 -1.870272
-2.880094 0.920660 -1.757238 3.564236 4.926219 -3.292766 -1.923792 1.470985 3.774367 -1.038473 -5.185756 1.690279 -1.034451 0.633689 1.584864 -0.655880 6.307983 1.196852 1.434888 13.386232 -2.061810 3.543321 -11.079145 -4.477817 -0.545465 6.895787 7.233781 -13.605158 -16.760870 72.461875 33.868696 53.523122 24.033339 0.524585 16.808483 -2.820381 0.496923 6.744733 -9.063125 3.887515 -16.495683 -73.953072 -50.324336 52.875953 -34.641172 -7.587112 13.516105 11.767821 -10.956069 5.656900 4.431262 -0.818814 9.993460 0.983900 -1.509447 -20.467513 -2.005811 0.000000 0.000000 0.000000 6.931649 -11.006156 8.909467 -4.028172 33.614662 2.202901 4.244584 -16.399378 -7.000673 0.372008 -11.312136 -3.715119
-2.883096 0.916507 -1.748595 3.716466 5.086450 -3.972037 -1.960106 1.867183 4.365831 -1.087052 -5.011577 1.955265 -1.083195 0.807815 1.844907 -0.673229 6.437573 1.393733 1.478411 12.962960 -2.448620 3.805716 -11.841132 -5.250806 -0.391507 6.834915 7.228085 -12.542885 -17.427307 71.836487 36.247858 51.620029 24.829724 0.700091 16.749697 -2.866410 0.675797 6.900406 -9.298787 4.020702 -16.508429 -73.705645 -53.825351 51.594843 -36.737535 -8.344033 13.469404 13.939227 -10.906093 6.077423 5.095824 -0.953709 10.351618 1.278663 -1.439984 -21.123324 -2.167621 0.000000 -0.000000 -0.000000 7.561472 -14.454155 8.963527 -4.075467 39.654950 3.150546 4.980677 -14.768070 -6.017646 0.805051 -15.518971 -5.902952
-2.885376 0.912390 -1.739224 3.719944 5.222074 -4.548102 -1.840847 2.261308 4.924550 -1.065770 -4.836614 2.204780 -1.062390 0.982803 2.096601 -0.639230 6.567930 1.584342 1.450971 12.503746 -2.892677 3.965155 -12.668166 -6.110780 -0.227422 7.088384 7.352375 -10.785197 -18.555603 71.024554 38.115822 49.233181 24.811222 0.689856 16.540221 -3.261641 0.952509 7.225232 -9.542338 3.985028 -16.506719 -73.423466 -57.412523 50.087196 -38.662827 -9.158291 13.227250 15.987817 -10.704410 6.525580 5.651192 -1.000738 10.697248 1.487310 -1.379962 -21.845074 -2.294042 0.000865 0.059391 -0.042947 8.139286 -17.859405 8.611257 -3.420544 45.661064 4.609910 6.066038 -13.421507 -4.617959 1.458656 -19.050644 -8.723638
-2.887059 0.908405 -1.729263 3.606187 5.347186 -5.017266 -1.604444 2.649474 5.434881 -0.990731 -4.662467 2.431608 -0.987945 1.157063 2.331045 -0.566402 6.697964 1.761879 1.382002 12.026383 -3.357813 4.062700 -13.527707 -7.000649 -0.052310 7.510632 7.548496 -8.630943 -19.949576 70.049316 39.937376 46.638794 24.407673 0.556508 16.230465 -3.967940 1.283877 7.607590 -9.784541 4.033271 -16.400640 -73.069266 -61.246207 48.378794 -40.604313 -10.015471 12.897569 17.961561 -10.460863 6.993205 6.073594 -0.981936 11.015840 1.631901 -1.272681 -22.574581 -2.374538 0.001603 0.118857 -0.085793 8.737888 -21.267175 7.932766 -2.036571 51.520537 6.644786 7.408237 -12.159229 -3.044905 2.261999 -22.046156 -11.887428
-2.888024 0.905298 -1.718533 3.326659 5.591236 -5.186910 -1.275579 2.897884 5.731390 -0.862557 -4.548416 2.561856 -0.860310 1.271364 2.474270 -0.460355 6.783665 1.870202 1.323439 11.654788 -3.706084 4.128674 -14.196241 -7.669165 0.103837 7.854174 7.659012 -6.983038 -21.255785 69.324625 42.696884 44.550339 24.718744 0.264446 15.866876 -5.038098 1.606745 7.748590 -9.962161 4.963988 -15.729194 -72.506889 -65.980028 46.573141 -43.199752 -10.707866 12.659429 19.576045 -10.529603 7.421434 6.114506 -0.739571 11.160185 1.698130 -0.985328 -23.098831 -2.346565 -0.000000 0.000000 -0.000000 9.337929 -24.537851 7.006328 -0.289967 56.321043 8.620510 8.319651 -11.078741 -1.968913 2.733347 -23.749487 -13.882973
-2.888024 0.903299 -1.707050 2.827346 5.997142 -4.945557 -0.860859 2.959996 5.733785 -0.678909 -4.515665 2.560219 -0.677219 1.304398 2.491257 -0.321919 6.809147 1.882761 1.307156 11.441935 -3.883906 4.191967 -14.578814 -8.019601 0.220862 8.015885 7.614407 -6.355932 -22.458496 69.182396 46.880785 43.351378 26.288688 -0.377535 15.497369 -6.752819 1.929781 7.517784 -10.060956 7.319212 -14.295688 -71.708608 -72.069076 44.581154 -46.884154 -11.145890 12.547978 20.661407 -11.222538 7.772536 5.597301 -0.062786 11.118453 1.670053 -0.420490 -23.401446 -2.187614 -0.004084 -0.347821 0.364530 10.102758 -27.676980 5.711123 1.323098 59.853820 10.007622 8.355466 -10.140035 -1.673211 2.485059 -23.723926 -13.778281
-2.887307 0.902180 -1.694798 2.167668 6.529102 -4.409957 -0.362807 2.890239 5.516599 -0.445290 -4.540812 2.460392 -0.444259 1.279456 2.415157 -0.152862 6.791611 1.824731 1.299995 11.333510 -3.944462 4.213717 -14.775891 -8.141317 0.317097 8.100117 7.483318 -6.288192 -23.635210 69.405267 51.948085 42.430630 28.622232 -1.214918 15.173753 -8.832934 2.254616 7.040197 -10.101694 10.549606 -12.368225 -70.559968 -78.721075 42.116080 -50.958634 -11.412448 12.472209 21.380242 -12.253229 8.053968 4.698915 0.830971 10.897929 1.552490 0.328243 -23.501375 -1.926171 -0.009842 -0.874408 0.857262 10.961119 -30.676655 4.164481 2.800883 62.378068 10.822891 7.856427 -9.319789 -1.833527 1.850707 -22.536289 -12.322048
-2.886503 0.902003 -1.681554 1.469271 7.198250 -3.730474 0.198009 2.708363 5.144741 -0.174687 -4.615843 2.291668 -0.174394 1.204567 2.273926 0.039210 6.736878 1.717360 1.255507 11.291612 -3.909597 4.117186 -14.859798 -8.058465 0.418727 8.171945 7.312943 -6.252025 -24.620955 69.663752 57.150859 41.003852 31.067819 -1.744052 14.894942 -10.503131 2.512972 6.395121 -10.074920 13.842624 -10.209444 -68.820439 -84.772569 39.101820 -54.391593 -11.550806 12.407401 21.940477 -13.079304 8.298224 3.696358 1.457918 10.382443 1.370259 1.109431 -23.238554 -1.573947 -0.016203 -1.606759 1.155473 11.468073 -33.397930 2.865703 4.045080 63.730758 10.800754 7.249522 -8.702195 -2.170639 1.289312 -21.070993 -10.392165
-2.885963 0.902792 -1.667377 0.693426 8.074210 -2.904909 0.860850 2.391691 4.586080 0.151717 -4.751206 2.039942 0.151025 1.069240 2.055337 0.267333 6.637043 1.551465 1.157586 11.302737 -3.758177 3.863196 -14.858001 -7.724557 0.535481 8.278898 7.106275 -6.210022 -25.355003 69.979426 62.409521 38.763382 33.382928 -1.731850 14.549245 -11.440059 2.632836 5.568116 -9.954950 17.156241 -7.869380 -66.203642 -90.079784 35.396826 -56.999396 -11.514382 12.340789 22.382839 -13.557224 8.555468 2.614026 1.721751 9.352900 1.140552 1.918774 -22.609097 -1.092803 -0.018656 -2.383972 1.055730 11.327905 -35.878926 2.174898 4.943245 63.744606 9.479370 6.658036 -8.363420 -2.689508 0.930168 -19.926579 -7.967291
-2.885336 0.904524 -1.652207 -0.110157 9.094868 -1.941914 1.588006 1.972194 3.864505 0.514903 -4.934000 1.716617 0.512875 0.886228 1.768879 0.517684 6.501305 1.334426 1.024756 11.378483 -3.508868 3.494455 -14.744832 -7.183060 0.658990 8.374772 6.861621 -6.205491 -25.903285 70.334232 67.599994 36.022875 35.480892 -1.393713 14.162770 -12.011966 2.673272 4.569164 -9.774604 20.618196 -5.483228 -62.913217 -94.808744 31.285306 -58.961388 -11.345728 12.280630 22.669680 -13.848899 8.786158 1.421607 1.721098 8.028317 0.879070 2.774819 -21.619032 -0.521343 -0.018959 -3.366593 0.761703 10.718440 -38.114942 1.871615 5.597396 62.578917 7.304486 5.984883 -8.225574 -3.416996 0.583489 -18.492885 -5.068560
-2.884206 0.907191 -1.635642 -0.695161 10.060880 -0.997773 2.244924 1.545102 3.134847 0.845983 -5.122775 1.391101 0.842515 0.697027 1.476982 0.743345 6.360402 1.113629 0.862209 11.519849 -3.243253 3.057851 -14.510679 -6.594066 0.787956 8.383118 6.617870 -5.801343 -26.288111 70.299726 71.957496 33.166736 36.908163 -0.871875 13.888720 -12.475586 2.765761 3.514414 -9.610514 23.656003 -3.315618 -59.594452 -98.677542 27.618839 -60.142653 -11.224729 12.237853 22.888685 -13.847180 8.943021 0.304791 1.266909 6.956327 0.613111 3.569233 -20.121665 0.009245 -0.022974 -5.063588 0.561180 9.858706 -39.916238 1.577266 6.166519 60.560941 5.332634 5.317735 -8.155629 -4.090440 0.227728 -15.871624 -2.638954
-2.882313 0.910982 -1.617584 -0.956066 10.956291 -0.090673 2.797434 1.083205 2.434592 1.127919 -5.329230 1.080101 1.122983 0.490072 1.194614 0.932782 6.205715 0.900405 0.653998 11.775920 -2.982773 2.530981 -14.063077 -5.990747 0.916253 8.243184 6.369605 -4.591701 -26.418664 69.564792 75.259261 30.287644 37.446036 -0.114709 13.799643 -12.795903 3.015575 2.278614 -9.478855 25.962027 -1.133123 -56.356625 -101.850706 24.806715 -60.594178 -11.273435 12.208002 22.945511 -13.329470 9.075003 -0.652723 0.121386 6.149970 0.307575 4.271109 -18.018241 0.540946 -0.030607 -7.654430 0.493899 8.639954 -41.317877 1.179476 6.743309 57.614936 3.848188 4.708750 -8.109481 -4.597994 -0.037079 -10.786458 -1.162346
-2.879915 0.915708 -1.598131 -1.000369 11.784709 0.811048 3.283888 0.613000 1.729021 1.379250 -5.541156 0.767670 1.372745 0.277597 0.907687 1.098673 6.046509 0.684057 0.418876 12.098469 -2.703694 1.944972 -13.490758 -5.341178 1.048887 8.016273 6.117094 -2.974032 -26.350823 68.460979 77.962824 27.478571 37.449099 0.836917 13.789459 -12.994252 3.311672 0.983818 -9.377112 27.840836 0.927276 -53.144582 -104.505222 22.579493 -60.558070 -11.368082 12.188648 22.933188 -12.504829 9.180572 -1.549134 -1.477675 5.605554 0.012310 4.948025 -15.409468 1.021070 -0.046933 -10.959663 0.519151 7.143574 -42.303395 0.773157 7.247348 53.807047 2.634198 4.103169 -8.141614 -5.063273 -0.089141 -4.515678 -0.373880
-2.877374 0.920793 -1.577181 -0.914939 12.369189 1.631093 3.674086 0.300257 1.076322 1.583665 -5.684174 0.478327 1.575815 0.134048 0.639070 1.230659 5.938663 0.481651 0.210464 12.343259 -2.422593 1.417414 -13.057504 -4.707046 1.200102 7.806181 5.908380 -1.706430 -26.349336 67.488743 80.383761 25.077739 37.526182 1.693862 13.810635 -13.376091 3.482238 0.122135 -9.328030 29.540181 2.225551 -50.498724 -106.494317 20.798703 -60.325567 -11.322831 12.191586 23.217239 -11.887082 9.128142 -2.456991 -3.004917 5.846655 -0.168352 5.610062 -12.442828 1.172107 -0.106277 -14.949569 0.817712 5.933813 -42.592757 0.173366 7.268698 49.707371 1.695732 3.403039 -8.272271 -5.563381 0.000000 0.000000 0.000000
-2.874720 0.926431 -1.554574 -0.692757 12.647257 2.380178 3.951371 0.199041 0.481762 1.734308 -5.733730 0.213495 1.725587 0.084046 0.389519 1.323956 5.900735 0.293567 0.034695 12.462392 -2.134843 0.957547 -12.852765 -4.081226 1.360527 7.539001 5.757480 -1.062602 -26.532598 66.783578 82.626160 23.175458 38.086192 2.215849 13.917645 -14.080642 3.491804 -0.076140 -9.316364 31.145070 2.501060 -48.673952 -107.850259 19.449369 -60.130826 -11.063538 12.224446 23.986706 -11.576625 8.900224 -3.380667 -4.394682 6.951278 -0.234427 6.306580 -9.087575 0.692770 -0.283056 -20.106733 1.604841 5.277947 -41.958572 -0.867829 6.371884 45.218053 1.002802 2.423006 -8.536637 -6.170643 0.049965 1.187026 0.108591
-2.871922 0.932428 -1.530468 -0.353651 12.676966 3.045692 4.127700 0.248095 -0.049337 1.837035 -5.716512 -0.024253 1.827886 0.100942 0.162199 1.383294 5.912857 0.122120 -0.117806 12.503920 -1.848056 0.546356 -12.788077 -3.470318 1.537702 7.284968 5.649892 -0.766880 -26.799156 66.189526 84.570909 21.548296 38.880774 2.632501 14.088322 -14.945197 3.395273 0.164981 -9.325121 32.484114 2.180787 -47.581806 -108.625939 18.590206 -59.862262 -10.675208 12.265742 25.055421 -11.444202 8.500497 -4.303074 -5.701007 8.844272 -0.256032 6.873591 -5.371502 -0.119272 -0.644529 -25.940216 2.758535 4.876473 -40.603293 -2.137131 4.973801 40.471326 0.644104 1.356663 -8.929359 -6.818261 0.027259 0.594958 0.038003
-2.869249 0.937623 -1.505235 -0.029790 12.467953 3.511351 4.212826 0.434059 -0.454817 1.893799 -5.637523 -0.207075 1.884647 0.179747 -0.014862 1.412307 5.971449 -0.011636 -0.219592 12.467550 -1.599542 0.249862 -12.863356 -2.955323 1.776772 7.361332 5.601271 -0.752934 -27.118718 65.738304 86.140377 20.009798 39.567778 3.367441 14.184378 -15.828432 3.164013 0.660301 -9.359631 33.392361 1.693372 -47.261992 -108.686920 18.185073 -59.293580 -10.215491 12.291183 26.226114 -11.644998 7.797978 -5.250504 -6.570410 11.812415 -0.272883 7.039788 -1.529007 -0.672560 -1.097828 -30.954559 3.963283 4.496209 -38.878120 -3.175648 3.804254 36.384577 0.560100 0.641612 -9.379560 -7.325809 -0.000000 -0.000000 0.000000
-2.866789 0.942031 -1.478712 0.263682 11.943922 3.731942 4.193940 0.810324 -0.703556 1.897765 -5.472474 -0.321442 1.889159 0.344784 -0.128826 1.406973 6.094868 -0.098116 -0.256290 12.302395 -1.421554 0.109030 -13.173787 -2.603521 2.163037 8.006613 5.618064 -1.127087 -27.579099 65.525572 87.378086 18.441719 40.081507 4.813082 14.124480 -16.816719 2.696575 1.380649 -9.495757 33.831014 1.192821 -47.808127 -107.786947 18.266254 -58.200725 -9.681020 12.299473 27.566974 -12.366968 6.782693 -6.326533 -6.629438 16.095018 -0.184920 6.753330 2.518263 -0.736300 -1.491454 -35.345099 4.769527 4.106012 -36.774086 -3.873954 3.055550 33.283239 0.661490 0.440963 -9.848219 -7.765573 0.000000 0.000000 -0.000000
-2.864455 0.945636 -1.451061 0.540511 11.184928 3.748628 4.086221 1.317606 -0.826634 1.856933 -5.247899 -0.380522 1.849262 0.569494 -0.192039 1.372238 6.263209 -0.146499 -0.244994 12.059851 -1.283131 0.076927 -13.625913 -2.347653 2.623239 8.978888 5.704245 -1.800117 -28.098169 65.485316 88.258691 16.968159 40.596857 6.623030 14.001683 -17.800367 2.094039 2.356442 -9.665101 33.822074 0.564370 -49.098693 -106.184188 18.762135 -56.763351 -9.106103 12.285242 29.016348 -13.386389 5.438905 -7.416260 -6.200855 21.440971 -0.092991 6.153651 6.701176 -0.572206 -1.830195 -38.911225 5.624167 3.776408 -34.284674 -4.357928 2.430431 30.838494 0.836423 0.543115 -10.338932 -8.012524 -0.000000 0.000000 -0.000000
-2.862254 0.947239 -1.423136 0.716345 10.437946 3.579150 3.942081 1.773106 -0.858134 1.795494 -5.045464 -0.397906 1.788722 0.772123 -0.215651 1.325040 6.415126 -0.164901 -0.203518 11.893366 -1.125722 0.092091 -13.936354 -2.066621 2.964678 9.876530 5.869645 -2.404657 -28.394829 65.389968 88.615133 15.805651 41.127024 8.106500 13.883478 -18.365521 1.634415 3.492080 -9.663061 33.314571 -0.199531 -50.801177 -104.490981 19.511530 -55.369837 -8.568533 12.247238 30.177444 -14.257401 3.637030 -8.213242 -6.065895 27.402987 -0.424064 5.335684 10.567451 -0.361770 -1.876516 -39.536366 7.255025 3.491409 -31.773849 -4.567360 1.885217 28.963412 0.865440 0.784070 -10.809722 -7.569793 0.000000 -0.000000 -0.000000
-2.860251 0.946118 -1.395006 0.723522 9.834941 3.110252 3.792797 2.057126 -0.747702 1.724280 -4.918106 -0.350327 1.718135 0.899684 -0.175303 1.275114 6.510930 -0.134755 -0.130382 11.915977 -0.925794 0.146132 -13.895544 -1.715168 3.141018 10.734557 6.136171 -2.749110 -28.436509 65.025163 88.310602 14.830084 41.699343 8.998883 13.726993 -18.343396 1.422039 5.215684 -9.320691 32.233433 -1.416049 -53.178036 -102.852944 20.584479 -54.176603 -8.014409 12.194144 30.846147 -14.780621 1.181977 -8.528912 -7.007832 34.218524 -1.739560 3.930633 14.507259 -0.097606 -0.891429 -35.521259 10.155704 3.279512 -29.298453 -4.324997 1.448364 27.545203 0.510875 1.131518 -11.051200 -5.820342 0.000000 0.000000 -0.000000
-2.858381 0.942994 -1.366602 0.637601 9.243020 2.461065 3.607306 2.291858 -0.549040 1.632285 -4.811985 -0.262685 1.626754 1.006070 -0.096993 1.212452 6.590956 -0.075813 -0.025072 12.016042 -0.707180 0.252961 -13.710564 -1.341026 3.195945 11.524402 6.470144 -3.019492 -28.267660 64.587343 87.491200 14.189768 42.332034 9.538202 13.521764 -17.911169 1.373104 7.102379 -8.819765 30.696327 -2.886718 -55.885190 -101.081921 21.930654 -52.999767 -7.457637 12.136232 31.222798 -15.220171 -1.713008 -8.539869 -8.747139 41.582013 -4.052861 2.328102 18.155725 0.159719 1.583264 -28.462856 12.591715 3.176771 -26.802407 -3.832432 1.085289 26.688978 -0.024084 1.649916 -11.296955 -3.404394 0.000000 0.000000 0.000000
-2.856458 0.938825 -1.338564 0.585306 8.512968 1.998625 3.344680 2.655851 -0.453667 1.511190 -4.649210 -0.221399 1.506541 1.169205 -0.067978 1.124498 6.713423 -0.054127 0.093997 12.010155 -0.480962 0.384419 -13.722214 -0.959365 3.061777 11.751822 6.797850 -3.391186 -27.720313 64.424468 86.418991 14.510159 42.958201 9.762238 13.360881 -17.213022 1.461865 7.774573 -8.457813 28.909070 -3.753370 -57.757105 -99.309019 23.266136 -51.793481 -7.049548 12.088040 31.510457 -15.807727 -4.555797 -8.490387 -10.329283 48.293504 -6.678083 1.703136 19.883199 0.281912 4.036641 -21.359995 13.148083 3.123894 -24.481743 -3.585419 0.679278 26.635139 -0.261640 2.266032 -12.136331 -1.706339 -0.000000 -0.000000 -0.000000
-2.854278 0.933128 -1.311041 0.609834 7.479461 1.926335 2.972360 3.272367 -0.587835 1.353343 -4.375677 -0.282831 1.349881 1.443152 -0.145401 1.001271 6.918740 -0.112932 0.215507 11.799975 -0.219375 0.506857 -14.113511 -0.512525 2.598841 10.926613 7.095821 -3.869749 -26.530893 64.670695 85.260466 16.421268 43.623904 9.730491 13.315509 -15.877480 1.778347 5.995587 -8.315596 26.900210 -2.954373 -58.140889 -97.486640 24.454322 -50.509619 -6.919501 12.045505 31.788962 -16.722297 -7.090168 -8.513170 -11.031658 54.174389 -9.059341 2.863312 18.503274 0.133875 5.325571 -14.130630 11.804519 3.038263 -22.508666 -3.901136 0.235249 27.959320 0.194246 3.021740 -13.997708 -1.467215 0.000000 -0.000000 0.000000
-2.852045 0.926386 -1.283885 0.658620 6.308652 2.037509 2.521788 4.013194 -0.836298 1.167312 -4.047144 -0.394044 1.165013 1.772083 -0.275478 0.853033 7.165193 -0.211472 0.349312 11.485601 0.053908 0.646984 -14.698259 -0.048437 1.934079 9.550164 7.437259 -4.409820 -24.942130 65.109326 83.913496 19.331934 44.117708 9.392363 13.428119 -14.293848 2.190260 2.994199 -8.273586 24.654165 -1.360639 -57.942279 -95.651955 25.628926 -49.223250 -6.934026 12.020182 31.976153 -17.746772 -9.583294 -8.473564 -11.274414 59.510103 -11.235181 4.915975 15.185642 -0.252391 5.710270 -6.857431 9.810150 2.944729 -20.710568 -4.446343 -0.191601 30.098018 0.944493 3.877026 -16.414804 -1.976392 0.000000 -0.000000 0.000000
-2.850186 0.921009 -1.257290 0.716811 5.350975 2.082997 2.050397 4.679882 -1.023308 0.969164 -3.750726 -0.475811 0.967762 2.068875 -0.377366 0.697700 7.387675 -0.288496 0.509712 11.178567 0.249989 0.870476 -15.268883 0.256468 1.407585 8.608179 7.856848 -5.116461 -23.543303 65.595296 82.143861 21.992429 43.959843 8.601296 13.611260 -13.761499 2.351467 1.091769 -8.318603 22.177071 -1.032094 -58.174903 -94.080090 26.940870 -48.127174 -6.853657 12.043669 32.028891 -18.498256 -12.320242 -8.220826 -11.078201 63.903534 -12.589683 6.559295 11.797444 -0.449556 5.198615 -2.951491 7.986342 2.907689 -18.761510 -4.723262 -0.697876 31.569373 1.288438 4.538483 -18.605219 -2.385040 -0.000000 0.000000 0.000000
-2.848838 0.917719 -1.231660 0.791617 4.718811 1.987344 1.577435 5.256044 -1.091334 0.763846 -3.493800 -0.502915 0.763149 2.326123 -0.425322 0.540954 7.580661 -0.324501 0.705237 10.857547 0.335224 1.210778 -15.864867 0.331830 1.225009 8.659336 8.437369 -5.869679 -22.796035 66.171810 79.439737 24.257032 42.663302 7.047371 13.610000 -15.281078 2.055283 1.556409 -8.573039 19.027747 -3.485386 -58.919343 -92.494311 28.686962 -47.193423 -6.432238 12.106221 31.923393 -18.956280 -15.511978 -7.660550 -9.628772 67.318381 -12.206074 7.548858 8.825490 0.060030 3.486633 -5.265166 5.902529 2.962257 -16.528563 -4.518883 -1.521031 31.844650 0.790287 4.914534 -20.424811 -2.269764 0.000911 0.028038 -0.110591
-2.847863 0.915794 -1.206591 0.879332 4.300115 1.826689 1.084331 5.761647 -1.091149 0.545543 -3.267945 -0.498105 0.545317 2.552214 -0.442671 0.376564 7.750343 -0.337092 0.928359 10.540769 0.341310 1.641102 -16.451955 0.240348 1.200690 9.140619 9.045968 -6.799648 -22.233632 66.859819 76.151065 26.089548 40.583639 5.157938 13.276553 -17.882326 1.514756 3.112123 -8.973329 15.631504 -7.352927 -59.475187 -91.138825 30.586558 -46.555803 -5.936755 12.195262 31.648383 -19.210804 -18.938703 -6.889044 -6.607279 69.797204 -9.805732 8.107844 5.732989 0.846275 1.479126 -11.042012 3.396032 3.102125 -14.147063 -4.039994 -2.482968 31.431731 -0.096232 5.048520 -22.028822 -1.999277 0.001827 0.055915 -0.221223
-2.847282 0.915483 -1.181078 0.955842 4.109000 1.581336 0.574174 6.057904 -0.999423 0.313740 -3.134999 -0.451232 0.313660 2.685345 -0.419346 0.204656 7.850391 -0.318599 1.170415 10.397200 0.272827 2.141742 -16.715276 -0.003765 1.078295 9.341107 9.357014 -8.397105 -21.067293 67.471655 73.442350 26.541035 38.874225 3.778974 12.850167 -19.908761 1.061285 4.278834 -9.203536 13.216064 -10.450066 -59.922716 -91.192804 32.014074 -46.683018 -5.891298 12.346847 31.216925 -19.056378 -22.234353 -6.067935 -3.265571 71.018929 -6.326384 7.765949 2.863797 1.270710 0.386443 -15.337096 1.513694 3.342722 -11.692580 -3.415247 -3.111093 30.406453 -0.751356 4.817484 -23.096008 -1.876523 0.000000 -0.000000 -0.000000
-2.847086 0.916898 -1.154902 1.030918 4.212828 1.213935 0.033047 6.055454 -0.771434 0.059553 -3.134969 -0.342958 0.059504 2.685493 -0.336916 0.020110 7.850747 -0.255136 1.425022 10.506528 0.105326 2.708144 -16.505002 -0.440844 0.725039 8.937401 9.190911 -11.058115 -18.859341 67.866041 71.672030 24.842260 38.263456 3.155030 12.700761 -20.733436 0.846677 4.439579 -9.052451 12.657504 -11.880070 -60.916917 -93.900288 33.004830 -48.199911 -6.693943 12.653888 30.533440 -18.275748 -25.453840 -5.297440 -0.424944 70.924049 -2.360007 5.925181 0.160627 0.990037 0.173411 -16.454444 1.216609 3.649126 -9.162283 -2.604634 -3.058611 28.638295 -0.999898 4.018813 -23.684723 -2.038346 0.003321 0.141352 0.881720
-2.847283 0.919927 -1.128281 1.091065 4.544475 0.762560 -0.526382 5.849782 -0.439666 -0.208932 -3.225908 -0.188625 -0.208816 2.594509 -0.209868 -0.171765 7.782641 -0.157872 1.694449 10.787624 -0.142523 3.333109 -15.970443 -1.032540 0.277304 8.226030 8.754710 -14.322986 -16.077422 67.889393 70.504059 22.001027 38.532426 2.923119 12.731658 -21.003642 0.737922 4.229811 -8.690953 13.137120 -12.509583 -62.258362 -98.156133 33.400314 -50.535996 -7.969075 12.979405 29.764375 -17.063108 -28.574600 -4.567569 1.259494 69.509405 1.125020 3.336561 -2.333427 0.294385 0.181848 -16.082687 1.874534 4.100754 -6.568134 -1.644784 -2.686449 26.271708 -1.118259 2.853634 -23.733065 -2.335321 0.016847 0.197491 2.095381
-2.847910 0.924485 -1.100860 1.078754 4.915391 0.320114 -1.061638 5.577062 -0.099246 -0.466889 -3.347425 -0.031307 -0.466521 2.472814 -0.078747 -0.355382 7.691353 -0.057683 1.983391 11.169372 -0.401556 3.992122 -15.244143 -1.645241 -0.138001 7.432277 8.311831 -17.444439 -13.321525 67.393935 70.222079 19.855830 39.355975 2.844923 12.782378 -21.000777 0.669744 4.057291 -8.329895 13.337853 -12.802765 -63.196286 -101.519043 32.571060 -52.088451 -9.006740 13.089434 29.319961 -15.801767 -31.106759 -3.843482 0.708517 66.671606 2.432037 1.557409 -4.043045 -0.378217 0.160556 -14.328649 2.304418 4.848921 -4.007723 -0.769147 -2.559081 23.799740 -1.119596 1.818393 -22.745315 -2.653782 0.011101 -0.758107 2.985568
-2.849096 0.931082 -1.072464 0.968088 5.320566 -0.106350 -1.579469 5.231913 0.234419 -0.716319 -3.501817 0.122028 -0.715628 2.318192 0.049264 -0.532820 7.575300 0.039953 2.306123 11.662974 -0.665492 4.705920 -14.304109 -2.269239 -0.529715 6.475405 7.908416 -20.248191 -10.655982 66.267714 71.375013 19.067791 40.663154 2.907529 12.814262 -20.648268 0.673774 4.027365 -8.018923 12.610005 -12.793773 -63.354673 -102.799351 30.103069 -51.851514 -9.444088 12.866602 29.489736 -14.467095 -32.925523 -3.072476 -2.277212 62.187802 1.233813 1.144314 -4.510174 -0.774585 0.148383 -10.323714 1.998222 6.303670 -1.301145 -0.057910 -3.195426 20.909751 -0.854252 1.055882 -20.411580 -2.993227 -0.040625 -3.023606 3.259345
-2.850713 0.939208 -1.043269 0.784175 5.763223 -0.525736 -2.074877 4.819827 0.580323 -0.955807 -3.686706 0.279636 -0.954567 2.132964 0.182552 -0.702165 7.436153 0.141310 2.644941 12.257899 -0.943327 5.441940 -13.169635 -2.911383 -0.879966 5.436524 7.505372 -22.980050 -8.126872 64.655678 73.509086 18.770723 42.292053 3.089827 12.884794 -20.005101 0.715617 4.034276 -7.712730 11.572466 -12.438197 -63.141381 -103.306081 26.654239 -50.664463 -9.602462 12.520790 29.966198 -13.056402 -34.158857 -2.277189 -5.733841 56.263389 -0.529392 1.415716 -4.140280 -0.950807 0.158845 -4.946700 1.456067 8.038031 1.357657 0.609496 -4.049683 17.900697 -0.389001 0.385050 -17.050011 -3.355592 -0.126220 -6.298848 3.214220
-2.852414 0.947250 -1.013447 0.551599 6.067021 -0.868430 -2.485480 4.486681 0.883903 -1.154720 -3.836858 0.417264 -1.152857 1.982395 0.299980 -0.842112 7.322874 0.230428 2.961100 12.852115 -1.184560 6.109677 -12.035319 -3.464074 -1.059153 4.808674 7.199093 -25.550788 -6.216861 63.101001 75.545500 18.489541 43.599134 3.182166 12.945234 -19.566451 0.631639 4.156758 -7.497429 10.801668 -12.129156 -62.921419 -104.140230 23.457693 -49.574435 -9.761864 12.321218 30.199723 -12.008441 -34.662494 -1.443116 -7.656338 49.565402 -1.267818 1.940806 -3.597958 -0.837102 0.126333 -0.953156 0.959565 8.896090 3.343384 1.231303 -4.081019 16.183906 -0.037279 -0.174597 -13.108261 -3.622499 -0.231893 -10.610211 3.073445
-2.854031 0.955250 -0.983146 0.201890 6.194461 -1.107951 -2.767336 4.279085 1.116681 -1.292397 -3.930977 0.522428 -1.290081 1.887947 0.391173 -0.938221 7.251717 0.299559 3.258448 13.406447 -1.372898 6.714512 -10.976226 -3.902695 -0.967143 4.845252 7.026239 -27.964795 -5.036461 61.911267 77.218119 18.180340 44.305798 3.085598 12.985686 -19.558758 0.321587 4.362868 -7.433561 10.467876 -11.902940 -62.754746 -105.633279 20.958053 -48.850105 -9.964527 12.303095 29.930123 -11.648694 -34.274202 -0.391777 -7.903455 41.906569 -1.024521 2.529250 -2.883848 -0.361925 0.055024 0.317188 0.582414 8.092416 4.484252 1.724652 -2.619400 16.212876 0.026503 -0.613937 -8.538739 -3.670285 -0.389239 -16.660313 2.907428
-2.855732 0.963166 -0.952219 -0.193042 6.183292 -1.268936 -2.962899 4.144772 1.299884 -1.389018 -3.992219 0.604982 -1.386401 1.826498 0.463925 -1.005053 7.205394 0.354672 3.535298 13.961927 -1.521045 7.257992 -9.916587 -4.249928 -0.731213 5.307637 6.918711 -30.197892 -4.355914 60.999072 78.807303 17.921434 44.691497 2.909865 13.004977 -19.756868 -0.114493 4.673850 -7.469874 10.401518 -11.712422 -62.561899 -107.344450 18.697493 -48.226104 -10.175682 12.362686 29.388510 -11.616109 -33.121826 0.708473 -7.351253 33.536891 -0.448588 3.256684 -2.010292 0.493084 0.006300 0.209549 0.241170 6.360488 4.998910 2.095551 -0.361437 17.557895 -0.052142 -0.917403 -3.385327 -3.628025 -0.531720 -23.746816 2.636961
-2.857670 0.969252 -0.920393 -0.395757 5.971891 -1.356166 -3.138648 4.078429 1.447417 -1.474999 -4.023122 0.671793 -1.472145 1.795387 0.522001 -1.065034 7.181837 0.398716 3.747709 14.536945 -1.618843 7.654448 -8.827389 -4.470619 -0.575402 5.953469 6.800451 -32.090663 -4.063899 60.379634 79.996857 17.578913 44.989748 2.748721 12.969030 -19.979110 -0.540911 5.247697 -7.531307 10.671180 -11.841590 -62.450948 -108.942742 16.495130 -47.879133 -10.549042 12.517782 28.742176 -11.365321 -31.502176 1.397731 -6.422754 25.838810 0.273322 4.141983 -1.682928 1.606402 -0.000000 -0.000000 0.000000 4.810460 4.858137 2.452844 1.688828 20.299507 -0.107303 -1.061429 1.770811 -3.701909 -0.515271 -29.782626 2.147340
-2.859867 0.973266 -0.887411 -0.278670 5.512132 -1.334106 -3.342276 4.086857 1.538724 -1.570567 -4.020628 0.714259 -1.567517 1.797611 0.554754 -1.134098 7.183311 0.423742 3.886703 15.154675 -1.620829 7.872200 -7.671701 -4.478056 -0.572365 6.747007 6.661342 -33.619194 -4.122905 60.131942 80.545936 17.037138 45.264024 2.621630 12.830729 -20.245760 -1.031349 6.395908 -7.613090 11.493903 -12.672614 -62.468068 -110.339099 14.097307 -47.989205 -11.226858 12.878680 27.963389 -10.589032 -29.257747 1.372782 -5.005031 18.828633 1.235720 5.306094 -2.554291 2.988142 0.001733 0.075101 -0.067567 3.650998 3.888650 2.855353 3.388931 24.830050 -0.048219 -1.044788 7.246925 -4.028424 -0.317907 -34.661156 1.420506
-2.862301 0.975452 -0.853529 0.029165 4.852741 -1.242045 -3.526276 4.160501 1.591030 -1.655552 -3.988869 0.739668 -1.652431 1.829133 0.571535 -1.196529 7.206826 0.436775 3.964334 15.791404 -1.567806 7.954099 -6.490205 -4.358010 -0.651643 7.722674 6.511706 -34.793782 -4.509582 60.216972 80.696454 16.463020 45.466115 2.510372 12.636678 -20.534192 -1.519449 7.807815 -7.728461 12.669160 -13.817448 -62.598319 -111.521110 11.670278 -48.390284 -12.073400 13.321023 27.052785 -9.689386 -26.540924 1.044884 -3.370561 12.450586 2.050706 6.587503 -4.066393 4.526210 0.001931 0.038832 -0.032358 2.655299 2.251483 3.270394 4.952282 30.745742 0.235855 -0.903542 12.735198 -4.377871 -0.013790 -38.455383 0.320612
-2.865065 0.974792 -0.819251 0.381561 4.078374 -1.196333 -3.615425 4.270585 1.676759 -1.700304 -3.940864 0.779396 -1.697261 1.877012 0.606722 -1.227577 7.242583 0.463664 3.967504 16.394684 -1.578770 7.923175 -5.371140 -4.332914 -0.818546 8.739510 6.309685 -35.508646 -5.164104 60.423361 80.858119 16.147242 45.656266 2.440413 12.500473 -20.599625 -1.650253 8.716107 -7.799696 13.618258 -14.415438 -62.808309 -112.296730 9.657956 -48.775600 -12.807899 13.554102 26.252750 -9.154990 -24.146789 0.985174 -2.249549 8.028164 2.240371 7.725592 -5.044020 5.944898 0.000000 0.000000 -0.000000 2.286140 0.409264 3.660748 5.942983 36.903992 0.885411 -0.637408 16.707741 -4.430439 0.258024 -39.339347 -1.245085
-2.868393 0.970162 -0.784397 0.739906 3.208273 -1.183423 -3.593375 4.383944 1.792339 -1.697208 -3.891253 0.831392 -1.694289 1.926598 0.659026 -1.221490 7.279569 0.503352 3.902152 16.988079 -1.699209 7.804684 -4.266062 -4.488384 -1.125901 10.171307 5.916059 -35.881855 -6.395634 60.948976 81.456267 16.287481 46.187467 2.443760 12.495452 -20.288138 -1.173840 8.800498 -7.716276 14.132881 -14.083587 -63.029514 -112.658355 8.073949 -49.107709 -13.343334 13.445930 25.545947 -9.128372 -22.405139 1.383065 -2.142970 6.258808 1.683291 8.988118 -4.841508 7.742614 0.000000 0.000000 0.000000 2.745107 -1.617492 4.030543 6.259023 43.360625 1.985017 -0.131719 18.436847 -4.135421 0.120863 -34.951476 -3.253361
-2.872050 0.962686 -0.749146 1.144338 2.223910 -1.220152 -3.477684 4.532868 1.946543 -1.654759 -3.825685 0.899864 -1.652072 1.992265 0.731798 -1.184493 7.328593 0.558442 3.763344 17.549144 -1.880243 7.574012 -3.221383 -4.734536 -1.528936 11.645532 5.476105 -35.819309 -7.906110 61.568373 82.084466 16.671307 46.713614 2.498364 12.541695 -19.751643 -0.329612 8.385438 -7.573376 14.398493 -13.208736 -63.262017 -112.625941 6.925144 -49.494730 -13.743967 13.167799 24.976217 -9.411253 -20.994744 1.966613 -2.467731 6.458540 0.858635 10.307425 -4.030030 9.423510 0.000000 -0.000000 -0.000000 3.825292 -3.864016 4.329327 6.181299 50.034931 3.536517 0.549225 18.634487 -3.664563 -0.684997 -27.659799 -5.051623
-2.875423 0.954727 -0.714539 1.573671 1.156183 -1.464429 -3.245491 4.785003 2.234240 -1.568520 -3.714398 1.027045 -1.566376 2.103858 0.867727 -1.110430 7.411985 0.661292 3.520036 17.956730 -2.102466 7.174587 -2.466621 -5.033927 -1.859661 11.900781 5.377174 -34.826552 -8.741269 61.393713 81.883067 17.013226 46.223717 2.532373 12.527098 -19.206900 0.515407 7.679651 -7.594606 14.411308 -12.092970 -63.535570 -112.123801 6.674937 -49.861612 -13.961909 12.913033 24.894605 -9.906501 -19.749239 2.531805 -2.245554 7.942231 0.404556 10.895112 -3.150680 9.328415 -0.000000 -0.000000 -0.000000 5.383074 -5.951790 4.441313 5.687723 55.598012 5.261410 1.165601 17.925817 -3.054658 -1.484956 -22.771736 -6.204107
-2.878314 0.946088 -0.680550 2.063088 -0.108455 -2.086224 -2.866930 5.215549 2.785911 -1.433317 -3.524093 1.270458 -1.432015 2.294593 1.124818 -0.991239 7.554431 0.855810 3.114806 18.130817 -2.426245 6.524767 -2.149490 -5.484184 -2.113275 9.659955 5.870843 -32.253172 -7.837617 59.497533 80.378829 17.149634 43.905881 2.574744 12.414408 -18.547912 1.351051 6.505516 -7.978018 14.059463 -10.680602 -63.772780 -110.995036 7.522018 -50.212295 -14.062218 12.731797 25.670708 -10.620459 -18.681004 3.005757 -0.791817 11.110930 0.780751 9.822689 -2.000196 5.983426 0.004333 0.016468 -0.058218 7.911859 -7.611833 4.310264 4.156872 59.648760 6.958738 1.567427 16.315099 -2.143953 -1.591287 -22.887488 -6.837119
-2.880921 0.936966 -0.647205 2.596451 -1.449165 -2.920965 -2.371546 5.733233 3.488158 -1.256271 -3.293881 1.578634 -1.255699 2.525195 1.450924 -0.835676 7.726591 1.102495 2.606497 18.152564 -2.796143 5.709956 -2.118883 -5.996641 -2.308451 6.178113 6.611084 -28.828294 -5.871243 57.115789 78.039939 17.193747 40.553224 2.593744 12.232265 -17.885022 2.211727 5.072967 -8.580274 13.475714 -9.016868 -64.054563 -109.480968 9.320707 -50.462989 -14.005834 12.515437 26.923027 -11.534948 -17.765623 3.434204 1.327424 15.536746 1.706322 7.512493 -0.817768 1.010002 0.004741 0.031844 -0.116865 10.927511 -9.138305 4.001069 1.800464 62.668004 8.326423 1.832801 13.805457 -1.081216 -1.158677 -25.413862 -7.189735
-2.883218 0.930308 -0.615627 3.061515 -2.488255 -3.615210 -1.823379 6.165109 4.060282 -1.048801 -3.099343 1.826744 -1.048631 2.720117 1.720153 -0.661233 7.872348 1.305963 2.136540 18.140193 -3.018583 4.920410 -2.159726 -6.252905 -2.269432 4.005272 7.163584 -25.863865 -4.948354 56.172633 75.380754 17.296968 37.538472 2.396049 11.999380 -17.758364 2.769366 4.144819 -9.052561 13.006802 -7.551037 -64.670578 -108.098109 11.969663 -50.370932 -13.589320 12.259982 27.878078 -12.515580 -16.786595 3.809252 3.149825 19.367443 2.514319 5.624575 -0.700637 -2.699690 -0.000000 -0.000000 0.000000 12.829267 -10.948925 3.568550 -0.432587 64.643853 8.663669 2.085995 11.025716 -0.290245 -0.536833 -27.864046 -7.170229
-2.885159 0.927307 -0.586557 3.363415 -3.054695 -4.029887 -1.196468 6.463866 4.405745 -0.792737 -2.961459 1.971863 -0.792872 2.858457 1.891375 -0.457521 7.976325 1.434859 1.750946 18.115409 -3.025991 4.216604 -2.232101 -6.141576 -1.790399 4.570883 7.471602 -23.728911 -6.836359 57.307689 72.136145 17.836968 35.169182 1.723778 11.711764 -18.618948 2.751749 4.179044 -9.191643 12.533561 -6.507688 -66.181919 -106.753697 16.373541 -49.505111 -12.371609 12.016035 28.223776 -13.630060 -15.661116 4.190911 4.243349 22.010419 2.736194 5.342387 -2.425934 -4.061497 -0.000270 0.025588 0.516676 12.800365 -13.323630 2.997556 -2.316266 65.613891 7.437078 2.471067 7.899459 0.152727 0.127706 -30.031607 -6.649787
-2.886791 0.926771 -0.559253 3.578359 -3.326515 -4.291976 -0.513077 6.688641 4.608422 -0.502760 -2.855038 2.051877 -0.503084 2.965207 2.000838 -0.232809 8.056981 1.516606 1.404678 18.051795 -2.883842 3.537071 -2.380885 -5.769624 -1.040561 6.452918 7.752245 -22.000397 -10.286101 59.254255 68.524168 18.322810 33.097562 0.835614 11.363176 -20.005171 2.407771 4.681226 -9.130355 12.104652 -5.645450 -68.031653 -105.377805 21.516523 -48.009169 -10.782453 11.825047 28.260807 -14.808167 -14.473208 4.520129 4.889011 24.099346 2.616374 5.933825 -5.109398 -4.353567 -0.000148 0.002943 1.208812 11.675172 -15.949809 2.370159 -4.013320 65.456347 5.258981 2.848579 4.504211 0.423538 0.675844 -32.125043 -5.541936
-2.888228 0.928069 -0.532621 3.835835 -3.454728 -4.441469 0.089544 6.841721 4.645718 -0.238175 -2.781032 2.059173 -0.238441 3.039353 2.034950 -0.032219 8.113349 1.541241 1.101006 17.994125 -2.595371 2.886272 -2.520079 -5.141649 -0.392062 7.943794 7.991051 -20.513479 -13.174718 60.841904 65.891479 17.800530 31.788505 0.304273 11.042554 -21.101552 2.160917 4.956211 -8.996146 12.372891 -4.720796 -68.832540 -104.730820 24.466202 -46.967956 -9.906537 11.706141 28.182345 -15.720620 -13.273814 4.639740 5.030630 25.684080 2.344391 6.660423 -7.187907 -4.349574 -0.005830 -0.423171 1.578646 10.336526 -18.314586 1.830076 -4.981131 63.917151 3.389630 3.002863 1.685056 0.412316 0.746701 -32.294859 -3.942029
-2.889599 0.931308 -0.506476 4.215047 -3.414942 -4.436142 0.574973 6.896166 4.440370 -0.010188 -2.752511 1.960704 -0.010268 3.067990 1.959662 0.133355 8.135793 1.483183 0.850968 17.950611 -2.075073 2.256283 -2.635268 -4.103125 -0.033669 8.344733 8.096928 -19.226725 -14.513286 61.956638 64.661592 15.449557 31.540791 0.249589 10.706930 -21.818809 2.205474 4.646834 -8.809464 13.948391 -3.684787 -67.773158 -105.459585 23.552740 -47.417511 -10.424869 11.642486 27.989850 -16.351604 -11.906972 4.504024 4.677162 26.354052 1.944041 7.288447 -8.389362 -4.204027 -0.007468 -0.952076 1.393371 8.845827 -20.405144 1.397636 -4.831803 60.860378 2.337662 2.980200 -0.343574 -0.123639 0.443528 -29.522535 -1.731166
-2.890774 0.936381 -0.481001 4.635787 -3.233413 -4.315809 0.977066 6.891523 4.061499 0.191513 -2.752063 1.786731 0.191476 3.068439 1.806218 0.273468 8.137045 1.366066 0.645444 17.910972 -1.408290 1.657895 -2.738045 -2.808343 0.198583 8.365462 8.086167 -18.153565 -15.210321 62.983603 64.506138 12.248280 31.991548 0.559265 10.464196 -22.261121 2.333085 4.103576 -8.577523 16.315981 -2.787575 -65.623442 -106.928297 20.491550 -48.683075 -11.652870 11.595147 27.673478 -16.743791 -10.537563 4.192258 3.828116 26.514094 1.432197 8.048937 -8.987359 -3.747321 -0.010229 -1.883796 0.887851 7.134701 -22.244404 1.065329 -3.852007 56.448720 1.768037 2.894746 -1.804451 -1.032717 0.030972 -24.826509 0.677965
-2.891473 0.942335 -0.455654 4.990143 -3.134312 -4.247844 1.265267 6.921897 3.713080 0.340333 -2.737576 1.627738 0.340267 3.082755 1.662327 0.374501 8.148311 1.256417 0.455529 17.899499 -0.854823 1.123920 -2.775629 -1.726111 0.436292 8.416569 8.008996 -17.097844 -15.835385 63.700985 65.653223 10.076132 32.670151 1.389886 10.628549 -21.898224 2.367250 3.705820 -8.415274 18.496097 -2.107999 -63.420136 -108.438104 17.548383 -49.702240 -12.625517 11.524583 27.469217 -16.653686 -9.698111 3.745563 2.442809 27.446043 0.994707 8.876387 -8.244229 -3.192292 -0.009237 -4.468911 0.268739 5.904474 -23.347431 0.805478 -2.828818 50.950064 1.355163 2.589030 -2.503629 -1.927478 -0.316524 -19.402688 2.164350
-2.891622 0.949737 -0.430543 5.255748 -3.191487 -4.295340 1.404809 7.037898 3.466225 0.416376 -2.686033 1.515560 0.416362 3.134183 1.557858 0.423865 8.187135 1.176986 0.253692 17.916667 -0.525324 0.642002 -2.750784 -1.051967 0.835127 8.541440 7.848331 -15.955320 -16.402567 63.926217 68.553777 9.691731 33.562495 3.141005 11.363542 -20.121585 2.284610 3.528605 -8.382970 20.195234 -1.510200 -61.373656 -110.164938 15.416928 -50.162001 -12.969197 11.423819 27.580864 -15.648713 -9.592490 3.083218 -0.038428 29.590270 0.596381 10.102509 -5.193225 -2.745289 0.039139 -10.556839 -0.381479 5.443306 -23.385772 0.605632 -2.209895 43.837593 0.757820 2.082127 -2.136755 -2.640108 -0.441133 -12.691591 1.963395
-2.891295 0.958020 -0.405559 5.454933 -3.329852 -4.397012 1.431885 7.182993 3.251614 0.440367 -2.622208 1.419285 0.440435 3.198028 1.464046 0.435026 8.235185 1.105911 0.066360 17.969322 -0.309626 0.224900 -2.656383 -0.592165 1.239520 8.697851 7.621890 -14.814182 -16.846660 63.856072 72.704536 10.327303 34.761971 5.591364 12.266611 -17.564451 2.119150 3.505752 -8.405909 21.709641 -1.020289 -59.327443 -112.061645 13.419788 -50.324090 -13.061127 11.329310 27.835711 -14.140959 -9.993973 2.273077 -3.093508 32.532928 0.138936 11.437524 -0.797348 -2.250424 0.204416 -18.294053 -1.198886 5.464564 -22.675655 0.436927 -1.691003 35.654901 0.079705 1.378593 -0.984886 -3.449436 -0.281695 -5.264103 0.856625
-2.890439 0.964521 -0.379836 5.546067 -3.548617 -4.535808 1.424495 7.283720 3.065927 0.447677 -2.578227 1.336596 0.447801 3.242028 1.382106 0.434577 8.268277 1.043871 -0.055713 18.092664 -0.137584 -0.056987 -2.428506 -0.234691 1.332045 9.166144 7.452434 -13.775628 -17.617149 63.763842 76.908386 11.542466 36.094792 7.792791 12.921641 -15.560557 1.798793 3.814120 -8.382625 22.913280 -0.731528 -57.813200 -113.390304 11.813937 -50.154289 -13.066459 11.305698 27.947574 -13.141030 -10.812303 1.573548 -5.138465 36.263785 -0.297379 11.939450 2.789292 -1.370731 0.447871 -23.387241 -2.163656 5.815127 -21.688320 0.212542 -1.029397 28.272764 -0.418155 0.223312 0.270641 -4.682225 0.000000 -0.000000 -0.000000
-2.888880 0.968654 -0.352823 5.526421 -3.870277 -4.698069 1.390510 7.312615 2.887783 0.443203 -2.566320 1.258022 0.443341 3.253933 1.303066 0.425544 8.277237 0.984057 -0.094781 18.337699 0.019453 -0.180188 -1.973327 0.066959 0.801276 10.456911 7.364367 -12.742145 -19.306828 63.780639 81.293168 13.493034 37.806389 9.279563 13.353405 -14.592335 1.129528 4.857167 -8.253682 23.669497 -0.731183 -57.233405 -113.824526 10.799180 -49.438511 -13.004522 11.413877 27.739228 -13.054481 -12.181975 1.034962 -5.265203 41.321035 -0.471601 10.924129 4.956232 0.502410 0.594838 -23.905415 -3.464146 6.674923 -20.355306 -0.127860 -0.231546 22.015825 -0.678987 -1.918402 1.242598 -7.326007 0.161936 1.430077 -0.177061
-2.886792 0.971004 -0.325072 5.399787 -4.273130 -4.896156 1.322669 7.296027 2.737676 0.422242 -2.574665 1.192643 0.422371 3.245610 1.235560 0.405014 8.270993 0.933066 -0.068600 18.651244 0.130117 -0.167538 -1.390830 0.261064 -0.036328 12.068074 7.293063 -11.827710 -21.313682 63.793970 85.896302 15.807634 39.878596 10.360542 13.717694 -14.191967 0.317061 6.239910 -8.113202 24.080483 -0.861252 -57.192013 -113.742216 10.175690 -48.471382 -12.852091 11.589901 27.389231 -13.475159 -13.994118 0.627795 -4.191233 47.142689 -0.368586 9.249738 6.373377 2.915684 0.428405 -21.848872 -4.813708 7.850423 -18.743977 -0.485731 0.603111 16.554710 -0.905244 -4.453502 2.292908 -10.514635 0.108909 0.711364 -0.095967
-2.884646 0.970667 -0.297367 5.134285 -4.690834 -5.151122 1.275273 7.241939 2.675930 0.405205 -2.599212 1.166262 0.405306 3.221076 1.207454 0.390261 8.252574 0.911878 0.018999 18.910288 0.175950 -0.021364 -0.909942 0.316318 -0.557150 12.756396 7.288100 -11.427151 -22.294110 63.705274 89.193496 17.481437 41.511525 11.047006 13.961308 -14.157201 -0.125898 6.929918 -8.046294 24.372140 -0.848801 -57.014818 -113.429823 9.601201 -48.033436 -12.717374 11.706251 27.139473 -14.224301 -15.812322 0.511854 -2.898612 52.057300 -0.343417 8.069645 6.741227 4.524792 0.015412 -18.751559 -5.403569 8.653602 -17.534537 -0.768989 1.549815 12.759622 -1.059997 -6.216498 3.918837 -11.617460 0.000000 0.000000 -0.000000
-2.882633 0.966823 -0.269677 4.615937 -5.051952 -5.500491 1.305795 7.051512 2.752575 0.415181 -2.683424 1.200592 0.415162 3.136833 1.242785 0.400303 8.189379 0.938533 0.179973 19.127327 0.119349 0.291829 -0.507059 0.161254 -0.401976 11.624778 7.477223 -12.037725 -21.245059 63.315007 90.400377 18.233879 42.373941 11.297389 14.092437 -14.468811 0.134268 6.289760 -8.044036 24.723615 -0.496410 -56.232261 -112.909543 8.740399 -48.704852 -12.680726 11.698956 27.055719 -15.639884 -17.570161 0.904545 -1.882679 55.727869 -0.953864 7.544789 5.519072 4.325330 -0.395495 -14.306006 -4.699455 8.870463 -17.006964 -0.995037 3.082880 10.907903 -0.931235 -7.058191 7.199507 -8.648270 0.009064 0.050796 -0.054080
-2.880563 0.960290 -0.242033 3.959689 -5.432116 -5.903407 1.352745 6.825609 2.920454 0.427336 -2.782908 1.275359 0.427206 3.037331 1.318772 0.414966 8.114724 0.995927 0.402721 19.288776 0.002588 0.736186 -0.206172 -0.122105 0.056007 9.566468 7.782169 -13.139178 -19.191318 62.727957 90.126104 18.611926 42.596055 11.141256 14.099376 -15.071285 0.757577 4.948180 -8.072518 24.937563 -0.006561 -55.299820 -112.112090 7.937980 -49.893550 -12.666475 11.633487 27.070561 -17.451508 -19.292125 1.650147 -0.862650 58.481651 -1.864835 7.327025 3.163343 3.288680 -0.584926 -8.711149 -3.415672 8.729881 -16.883065 -1.189302 4.778651 10.682697 -0.537932 -6.945027 11.008077 -3.309769 0.010864 0.103070 -0.107286
-2.878327 0.952624 -0.215311 3.477558 -5.981776 -6.264041 1.295812 6.872008 3.088408 0.391750 -2.761956 1.350494 0.391711 3.058342 1.390311 0.393544 8.130378 1.050270 0.644901 19.233074 -0.073822 1.203021 -0.307448 -0.338031 0.363651 8.020619 8.004907 -13.594338 -17.780421 62.432242 88.764660 19.037439 41.907357 10.738503 13.871759 -15.687198 1.237308 3.763312 -8.139519 24.715984 0.317227 -54.964733 -111.207584 7.884748 -50.621246 -12.554439 11.577181 27.221500 -18.517400 -20.726232 2.256616 0.240041 59.693221 -2.199879 7.565203 0.856404 2.814630 -0.506367 -4.228349 -2.331081 8.223387 -17.004114 -1.314676 5.406724 12.103850 -0.078432 -5.465355 12.628909 1.446688 0.000000 0.000000 -0.000000
-2.875894 0.943364 -0.189457 3.263003 -6.926357 -6.564180 1.064353 7.430602 3.216893 0.277376 -2.514712 1.408576 0.277598 3.305720 1.436830 0.310972 8.315658 1.086299 0.937753 18.784931 -0.053290 1.735364 -1.137278 -0.397990 0.246010 7.557756 8.006247 -12.681151 -17.690303 62.779353 86.158699 19.616987 39.979599 10.077793 13.210973 -16.130276 1.412678 2.943295 -8.290467 24.013296 0.398208 -55.613242 -110.265958 9.001021 -50.524205 -12.257632 11.539279 27.589423 -18.319179 -21.742612 2.515112 1.410559 58.962549 -1.609236 8.157224 -1.318837 3.305887 -0.304366 -1.871471 -1.487896 7.090914 -17.385700 -1.297965 4.040865 15.965112 0.279774 -2.166772 10.458845 4.320029 -0.005706 -0.363399 0.463110
-2.873295 0.932971 -0.164524 3.225315 -8.036051 -6.826005 0.733935 8.262585 3.329130 0.117538 -2.146908 1.460585 0.117727 3.673589 1.472595 0.192922 8.591143 1.114646 1.251400 18.121698 0.008760 2.298109 -2.365825 -0.396538 -0.010957 7.603607 7.918064 -11.113792 -18.210118 63.488001 82.440963 20.047801 37.050736 9.171325 12.324082 -16.565149 1.444519 2.276452 -8.478085 22.892521 0.269096 -56.860104 -109.193427 10.844867 -49.942102 -11.861688 11.503988 28.091293 -17.316455 -22.512330 2.569295 2.487794 56.692478 -0.603989 9.027050 -3.480550 4.297778 -0.099163 -0.688020 -0.633126 5.586464 -17.998631 -1.219130 1.587270 21.558669 0.242663 2.063433 6.210780 6.151892 -0.005135 -0.885796 1.083018
-2.870523 0.924380 -0.141546 3.396191 -8.774072 -7.018352 0.405871 8.954684 3.437379 -0.040568 -1.841539 1.512180 -0.040801 3.978894 1.508041 0.075843 8.819630 1.142814 1.447146 17.609151 0.037746 2.656342 -3.314742 -0.418913 -0.001546 7.887374 7.947109 -9.904448 -18.848058 64.252598 78.483431 20.131016 33.752500 8.230495 11.693762 -17.273314 1.300196 1.991611 -8.581903 21.250217 -0.201152 -58.293847 -107.946335 12.804784 -48.959154 -11.503446 11.504651 28.518271 -15.775211 -23.285834 2.378378 3.430460 53.480805 0.515200 10.259825 -4.752659 5.882053 0.000000 -0.000000 -0.000000 4.481544 -18.634088 -1.260203 -0.422882 26.632226 -0.143848 5.106881 2.258132 7.263941 -0.002903 -1.413577 1.424257
-2.867489 0.918975 -0.121428 3.723223 -8.884588 -7.095506 0.139235 9.361726 3.542097 -0.169167 -1.662385 1.562587 -0.169796 4.158032 1.545353 -0.018621 8.953594 1.172206 1.445023 17.372202 0.003649 2.667678 -3.753691 -0.486181 0.608319 8.471483 8.270351 -9.364659 -19.591559 65.047061 74.291815 19.932784 29.904044 7.267275 11.519876 -18.623415 0.846267 2.283780 -8.556167 18.741500 -1.196931 -59.870965 -106.184390 14.925056 -47.308904 -11.146123 11.583446 28.781349 -13.217821 -24.224453 1.742112 4.153077 48.986714 1.722109 12.112319 -4.783730 8.607190 0.007483 0.292105 0.214419 4.117218 -19.223095 -1.480741 -1.032229 30.316391 -0.325352 5.885427 -0.717190 7.893567 -0.002122 -1.842376 1.194900
-2.864282 0.915372 -0.103266 4.253376 -8.623213 -7.100702 -0.125717 9.625344 3.658956 -0.296698 -1.546978 1.619058 -0.297639 4.273454 1.588872 -0.111547 9.039785 1.206292 1.321691 17.283448 -0.065737 2.464767 -3.919125 -0.573871 1.493633 9.294302 8.709994 -9.164978 -20.462452 65.893538 69.988169 19.177545 25.763634 6.357945 11.511664 -20.307227 0.212432 2.958660 -8.456727 15.728990 -2.639780 -61.488205 -104.153531 17.109112 -45.216790 -10.823994 11.700049 28.968723 -10.072705 -25.111305 0.768845 4.361114 43.512175 2.527185 14.181374 -4.310641 12.247371 -0.001879 0.140378 0.115282 4.161195 -19.843129 -1.818880 -1.057527 33.463540 -0.318069 5.477327 -3.430447 8.129706 -0.006060 -2.274407 0.689061
-2.861159 0.912355 -0.085383 5.164173 -8.219669 -7.133372 -0.466174 9.760750 3.835440 -0.460791 -1.489590 1.703793 -0.462129 4.330655 1.656869 -0.230073 9.082064 1.259090 1.169596 17.329022 -0.163100 2.216158 -3.835315 -0.700865 2.062915 9.911576 8.942822 -9.396170 -21.000406 66.639640 66.620677 17.604780 22.751023 5.779711 11.475492 -21.582754 -0.239032 3.665090 -8.320794 13.177091 -4.128314 -62.767513 -102.872065 18.648669 -43.624791 -10.781779 11.779807 29.140536 -8.006514 -25.688381 -0.059501 4.284787 38.681127 2.636614 15.844787 -3.769485 15.548696 -0.000000 -0.000000 0.000000 4.382699 -20.514227 -2.269486 -1.506194 36.398609 -0.417141 5.011541 -5.680292 8.310642 -0.008721 -2.864113 0.348855
-2.858220 0.910000 -0.067365 6.556210 -7.664285 -7.220380 -0.925720 9.706902 4.097076 -0.681890 -1.517606 1.829034 -0.683687 4.302359 1.759603 -0.388707 9.059933 1.338460 1.016932 17.590311 -0.298272 1.976226 -3.350034 -0.894045 1.967140 10.073685 8.775173 -10.203435 -20.884169 67.357898 64.372085 14.865950 21.530734 5.573822 11.421913 -22.149120 -0.329106 4.318850 -8.131372 11.469480 -5.442110 -63.683292 -103.024880 19.296579 -43.073285 -11.196422 11.766318 29.340622 -7.991462 -25.948351 -0.418362 4.185078 34.943818 2.110832 17.360265 -2.645720 18.385039 -0.000000 0.000000 0.000000 4.856535 -21.103425 -2.998440 -3.138430 38.932023 -0.765326 4.938334 -7.562816 8.568207 -0.008076 -3.335233 0.219576
-2.855366 0.908232 -0.049627 8.325064 -6.963524 -7.315331 -1.459688 9.517436 4.416456 -0.938706 -1.606848 1.981374 -0.940969 4.212835 1.885866 -0.572301 8.991677 1.435720 0.831450 17.986860 -0.459824 1.682767 -2.613599 -1.122887 1.546864 10.030424 8.400561 -11.458809 -20.416845 67.994496 62.900360 11.712168 21.511872 5.616547 11.430393 -22.274490 -0.237161 5.003859 -7.897283 10.226717 -6.686153 -64.403904 -104.073459 19.382808 -43.104169 -11.886320 11.724675 29.545711 -9.105697 -25.959982 -0.542162 4.171449 31.884603 1.379347 18.828387 -1.152631 20.768770 -0.000000 -0.000000 -0.000000 5.518816 -21.711504 -3.867538 -5.251089 41.247921 -1.273233 4.806129 -8.982288 8.751941 -0.011932 -3.964026 0.255285
-2.852557 0.905608 -0.031733 10.342387 -6.369370 -7.419684 -2.013981 9.380295 4.760778 -1.206772 -1.673975 2.144716 -1.209639 4.145167 2.021884 -0.763866 8.939533 1.540362 0.618662 18.262807 -0.611585 1.337955 -2.102227 -1.327269 1.227903 10.098533 8.068725 -12.874976 -20.078279 68.250068 62.388782 9.743662 22.096727 5.864357 11.486313 -22.043657 -0.138707 5.622289 -7.695275 9.254834 -7.857986 -64.968694 -105.308852 19.151155 -43.228236 -12.564578 11.761405 29.701683 -10.208815 -25.636820 -0.721276 4.380152 29.855492 0.952282 19.515397 -0.347474 21.319369 0.000000 0.000000 -0.000000 5.945977 -22.744418 -4.428065 -6.757288 44.235373 -2.007380 4.405550 -9.449753 8.688614 -0.037625 -5.734685 0.751185
-2.849949 0.901473 -0.012988 12.710873 -5.943325 -7.522778 -2.628955 9.322034 5.106838 -1.502269 -1.707892 2.309736 -1.505627 4.110337 2.156712 -0.975933 8.911710 1.644314 0.384785 18.324597 -0.739333 0.949167 -1.989433 -1.484486 1.152678 10.576112 7.825226 -14.713287 -20.097647 68.059562 63.477637 9.908577 23.446972 6.453111 11.631141 -21.373680 -0.100595 6.209450 -7.532852 8.611358 -8.943958 -65.295309 -106.702178 18.415978 -43.333877 -13.189585 11.950576 29.639879 -11.135882 -24.711193 -1.034727 5.164316 28.964993 1.203526 18.838632 -0.446974 18.436813 -0.006117 0.073489 0.078630 5.710611 -24.541161 -4.443577 -7.099047 48.518357 -3.002861 3.368117 -8.403384 8.385390 -0.167054 -9.648223 1.886632
-2.847386 0.896482 0.005913 15.329272 -5.620688 -7.642443 -3.266452 9.309994 5.477139 -1.809660 -1.722174 2.486189 -1.813492 4.095142 2.301900 -1.196174 8.898483 1.756334 0.127349 18.266132 -0.860526 0.516262 -2.100143 -1.623614 1.174546 11.171060 7.635439 -16.744841 -20.251965 67.537636 65.614201 11.188225 25.282167 7.270551 11.824220 -20.373603 -0.055418 6.729957 -7.399893 8.228776 -9.935929 -65.500822 -108.248919 17.335223 -43.478866 -13.817747 12.199457 29.511262 -12.075370 -23.444090 -1.369401 6.142441 29.081722 1.767603 17.317751 -1.027159 13.634568 -0.005046 0.146197 0.158132 5.255789 -26.810220 -4.204984 -6.800745 53.535425 -3.976544 2.058553 -6.360002 7.950263 -0.466230 -14.721657 3.447999
-2.844365 0.891149 0.023315 17.766231 -5.460691 -7.846408 -3.754002 9.447741 5.916239 -2.057184 -1.668872 2.690958 -2.061985 4.147808 2.481602 -1.369980 8.936125 1.894534 -0.158525 18.112001 -0.988622 0.035094 -2.389078 -1.766238 1.286383 11.315679 7.613420 -17.944611 -20.363681 66.641352 67.165017 12.271612 26.270522 7.892993 11.923605 -19.402229 0.022032 6.983841 -7.360793 7.720626 -10.856245 -65.881596 -109.317316 16.719188 -43.514732 -14.300696 12.383756 29.729079 -12.393060 -22.522277 -1.768612 6.303152 30.225316 2.023152 15.866903 -2.214277 10.134798 -0.000000 0.000000 -0.000000 5.482690 -29.030866 -4.070569 -6.310778 58.371977 -4.474171 1.345221 -4.458091 7.310071 -0.841248 -19.001109 5.023668
-2.840628 0.885274 0.038283 19.920775 -5.599349 -8.238903 -3.993450 9.877802 6.505619 -2.208853 -1.484266 2.958264 -2.215317 4.331933 2.733439 -1.468154 9.072059 2.087536 -0.513490 17.797215 -1.144488 -0.561666 -2.977544 -1.936438 1.532802 10.495023 7.845564 -17.726817 -20.173588 65.032027 67.435127 12.825933 25.709486 8.148408 11.864089 -18.404423 0.188554 6.739505 -7.497231 6.978115 -11.727187 -66.538817 -109.741146 16.742151 -43.526823 -14.583039 12.455638 30.596759 -11.286928 -22.280949 -2.405536 4.642135 32.965394 1.601531 14.857179 -4.382793 9.466015 -0.002376 -0.579007 -0.637849 6.585034 -31.000684 -4.077344 -5.512693 62.922195 -4.201853 1.462717 -3.023631 6.124156 -1.202317 -21.814498 6.725270
-2.836433 0.879057 0.051752 21.899576 -5.888667 -8.741265 -4.077015 10.452107 7.182571 -2.299423 -1.234656 3.261080 -2.307198 4.581096 3.026899 -1.517399 9.256533 2.312177 -0.895316 17.386238 -1.308544 -1.206062 -3.744260 -2.110759 1.876578 9.211196 8.184686 -16.681309 -19.845052 63.022672 66.973669 13.244273 24.299448 8.208829 11.711839 -17.408620 0.387363 6.240871 -7.758023 6.107863 -12.516274 -67.366114 -109.727241 17.254087 -43.480133 -14.706388 12.462459 31.812591 -9.527930 -22.351695 -3.139833 2.103028 36.740515 0.883831 13.975145 -7.221983 10.115716 0.008618 -1.375421 -1.514244 8.383733 -32.921433 -4.220741 -3.876380 67.228339 -2.805137 2.139579 -1.686029 4.703231 -1.524151 -23.942488 8.304754
-2.832052 0.873619 0.064878 23.576463 -5.972365 -9.132136 -4.121330 10.850562 7.763541 -2.363785 -1.061975 3.519748 -2.371900 4.753501 3.279001 -1.548606 9.383776 2.504971 -1.187075 17.098120 -1.430579 -1.701754 -4.281067 -2.236146 2.189229 8.427208 8.431253 -15.484700 -19.923501 61.455167 65.907727 13.396137 22.785290 8.083518 11.531109 -16.864796 0.469961 5.993635 -7.986929 5.040627 -13.177020 -68.315939 -109.240877 18.603892 -43.089047 -14.657917 12.436922 32.887775 -8.832634 -22.408129 -3.581287 0.674108 39.909387 0.440836 13.219868 -9.832802 10.662484 0.029942 -1.957829 -2.145630 11.286818 -34.827568 -4.843778 -1.345918 70.521134 -0.024484 3.516137 -0.648031 3.848733 -1.649783 -25.530167 8.728904
-2.827704 0.869386 0.078151 24.876862 -5.665074 -9.300792 -4.166613 10.915326 8.165802 -2.411960 -1.036378 3.698480 -2.420030 4.778950 3.452890 -1.572487 9.401385 2.637417 -1.352047 17.066685 -1.486678 -1.988065 -4.340480 -2.282954 2.431648 8.701358 8.557961 -14.141955 -20.897838 60.610633 63.901938 13.151494 21.236347 7.625918 11.299598 -17.111352 0.334777 6.280124 -8.101309 3.434231 -13.750689 -69.498540 -107.683305 21.307297 -41.876040 -14.336027 12.354287 33.604354 -10.337956 -22.414808 -3.425929 1.637526 41.822259 0.614365 12.608456 -11.905377 10.557492 0.036891 -2.119247 -2.301140 16.475467 -36.623414 -6.720997 1.384309 72.404548 3.973635 6.093356 -0.246438 3.980717 -1.392751 -26.370080 7.304625
-2.823170 0.865932 0.091082 25.870619 -5.168873 -9.339263 -4.177018 10.819560 8.453319 -2.434855 -1.080952 3.825182 -2.442984 4.734234 3.577228 -1.580976 9.366753 2.731534 -1.428280 17.158041 -1.497706 -2.125761 -4.171696 -2.277397 2.639483 9.481336 8.654931 -12.580936 -22.364001 60.075942 61.377177 12.536141 19.623660 6.959951 11.017149 -17.808450 0.081514 6.807651 -8.156976 1.604770 -14.233704 -70.756182 -105.473453 24.774525 -40.091688 -13.849665 12.225871 34.169618 -12.913393 -22.433838 -2.975267 3.797025 43.128064 1.084510 12.139673 -13.753508 10.317823 0.037533 -2.066998 -2.211054 22.958145 -38.142828 -9.291978 4.095622 73.110119 8.307167 9.377593 -0.491926 4.611985 -0.879450 -26.216562 4.867334
-2.818061 0.863095 0.103351 26.642889 -4.716935 -9.320700 -4.160456 10.748484 8.651685 -2.440019 -1.113445 3.912075 -2.448199 4.701709 3.663585 -1.578859 9.341659 2.796809 -1.412865 17.190298 -1.483031 -2.101907 -4.111609 -2.255732 2.794283 10.071560 8.732721 -11.355322 -23.633391 59.692668 59.633778 11.774728 18.501124 6.469598 10.811381 -18.403222 -0.136958 7.210479 -8.186061 0.479284 -14.482186 -71.672756 -104.293979 27.805711 -38.808546 -13.492367 12.156931 34.742863 -14.883168 -22.338891 -2.763729 5.555524 44.150800 1.567083 11.783807 -15.413162 10.091391 0.036199 -1.987649 -2.086478 27.767270 -39.650944 -10.740945 7.258362 72.993453 11.819284 12.066981 -0.949755 5.211879 -0.449852 -25.318572 2.710059
-2.812308 0.860751 0.114725 27.181935 -4.398074 -9.273698 -4.120345 10.786700 8.761869 -2.430331 -1.096330 3.959871 -2.438539 4.718883 3.712385 -1.568307 9.354235 2.833877 -1.263763 17.076669 -1.456339 -1.834240 -4.321092 -2.257388 2.903572 10.185939 8.766880 -10.748133 -24.500656 59.573896 59.132997 10.991497 18.054940 6.315896 10.788212 -18.766985 -0.267162 7.341516 -8.217692 0.606437 -14.372361 -72.151906 -105.127481 30.077217 -38.802811 -13.386819 12.222051 35.390620 -15.551234 -22.098018 -3.033902 6.276276 44.997835 1.996135 11.552867 -16.926097 9.879903 0.032877 -1.884512 -1.971174 29.329932 -41.648658 -9.926135 11.729154 72.333602 14.266224 13.622353 -1.358411 5.673389 -0.224409 -24.137963 1.396249
-2.805979 0.859025 0.125438 27.500916 -4.124598 -9.176840 -4.054145 10.854732 8.784716 -2.403723 -1.065015 3.968548 -2.412008 4.750291 3.723747 -1.547820 9.377849 2.842505 -1.024341 16.903274 -1.410041 -1.405690 -4.641095 -2.254352 2.958239 10.111759 8.766600 -10.514351 -25.193835 59.707724 59.388271 10.169512 18.038977 6.329814 10.868605 -19.032529 -0.360690 7.348350 -8.229830 1.451948 -14.000496 -72.328511 -107.265498 31.965098 -39.593027 -13.384305 12.362288 36.064534 -15.617029 -21.753019 -3.554350 6.589396 45.567193 2.432996 11.431760 -18.248584 9.669008 0.028095 -1.754424 -1.821278 28.870643 -43.931976 -7.595046 16.589487 71.178555 15.755435 14.572630 -1.797377 6.135225 -0.069704 -22.459395 0.475693
-2.798888 0.858124 0.135877 27.721952 -3.862309 -9.031344 -3.960447 10.889078 8.749636 -2.360272 -1.047809 3.950929 -2.368480 4.767685 3.710530 -1.516219 9.391265 2.832254 -0.819357 16.747743 -1.331762 -1.051898 -4.928373 -2.180909 2.914992 10.012700 8.777131 -10.441200 -25.654196 59.832868 60.238078 9.406983 18.321847 6.380542 10.926602 -19.044100 -0.421671 7.308553 -8.181623 2.336805 -13.525255 -72.166632 -110.049878 33.454062 -40.626293 -13.365041 12.487876 36.755663 -15.492394 -21.316534 -4.176601 6.806554 45.880316 2.817000 11.337729 -19.286408 9.590089 0.026583 -1.774317 -1.716526 27.616322 -46.021423 -4.734757 20.189877 69.599870 16.219926 15.308123 -2.074255 6.547350 0.039764 -19.814022 -0.334059
-2.791149 0.858100 0.146149 27.879239 -3.596919 -8.823866 -3.830159 10.881304 8.652625 -2.295518 -1.048285 3.905062 -2.303483 4.767514 3.671258 -1.470255 9.391854 2.801965 -0.680285 16.624337 -1.192164 -0.841785 -5.156693 -1.971234 2.712891 9.926905 8.821336 -10.412935 -25.861285 59.850645 61.777251 8.785837 18.899282 6.461837 10.893242 -18.636148 -0.440544 7.237663 -8.041717 2.976628 -13.035586 -71.545320 -113.534281 34.622561 -41.803815 -13.291627 12.576068 37.526462 -15.245759 -20.858247 -4.903283 6.921763 46.033878 3.128641 11.324792 -19.954753 9.707716 0.031633 -2.079662 -1.742298 25.700855 -47.832216 -1.419273 22.134352 67.552950 15.538063 16.053708 -2.129331 6.911658 0.046752 -15.450538 -1.226816
-2.782649 0.858901 0.156147 27.939341 -3.342439 -8.569049 -3.673022 10.841366 8.496395 -2.214261 -1.062358 3.832390 -2.221904 4.753768 3.606863 -1.413570 9.382499 2.752403 -0.574879 16.517795 -1.017816 -0.706681 -5.354090 -1.685318 2.413039 9.817592 8.878852 -10.546462 -25.832790 59.869638 63.896366 8.190799 19.755541 6.580422 10.809264 -17.979035 -0.426999 7.118632 -7.843184 3.669109 -12.464204 -70.579740 -117.616752 35.351829 -43.149600 -13.182558 12.665597 38.311650 -14.817875 -20.302967 -5.728347 6.925661 45.934113 3.376561 11.338686 -20.339055 9.954583 0.040140 -2.534789 -1.813860 22.891916 -49.339708 2.550871 23.281931 65.064634 14.213876 16.607041 -1.966177 7.279636 -0.034604 -10.152821 -1.886744
-2.772861 0.860582 0.165937 27.922541 -3.107118 -8.308670 -3.514778 10.732055 8.320135 -2.129992 -1.107299 3.750763 -2.137194 4.709112 3.533825 -1.355001 9.349988 2.696066 -0.531040 16.463096 -0.876246 -0.675058 -5.455711 -1.438172 2.156057 9.734716 8.930216 -10.968435 -25.563344 59.922905 66.133046 7.426986 20.749408 6.618759 10.723883 -17.424217 -0.414229 6.980546 -7.640508 4.601735 -11.731686 -69.581460 -121.287930 35.415531 -44.220820 -13.045401 12.748296 38.896685 -14.428787 -19.456446 -6.489061 7.104194 45.311031 3.519888 11.127523 -20.598866 10.274811 0.044592 -2.910078 -1.755415 20.248600 -50.293733 6.208947 23.469821 62.203609 12.714274 16.738468 -1.497381 7.671725 -0.077305 -5.762371 -1.987968
-2.761596 0.863075 0.175602 27.865509 -2.934522 -8.071029 -3.374564 10.554412 8.146793 -2.052792 -1.183015 3.670808 -2.059440 4.633672 3.461755 -1.301424 9.294340 2.640337 -0.562537 16.478124 -0.812697 -0.756257 -5.428207 -1.308995 2.012124 9.712626 8.985298 -11.698472 -25.049436 59.929008 68.399602 6.382763 21.839980 6.525414 10.678483 -17.083094 -0.442242 6.847398 -7.452062 5.855250 -10.849356 -68.612358 -124.138810 34.660850 -44.812813 -12.925723 12.822917 39.129292 -14.235237 -18.185874 -7.082818 7.647416 44.056897 3.510326 10.510443 -20.912104 10.682882 0.039670 -3.021098 -1.504264 18.304412 -50.691042 9.014711 22.626219 58.910919 11.380611 16.300906 -0.837998 8.073903 -0.034363 -3.007611 -1.428610
-2.749044 0.866449 0.185060 27.731128 -2.780246 -7.828425 -3.231548 10.306724 7.953870 -1.971983 -1.289783 3.582112 -1.977977 4.527216 3.381320 -1.245530 9.215506 2.578074 -0.655104 16.547063 -0.780870 -0.939653 -5.300677 -1.217258 1.910811 9.715985 9.032229 -12.706532 -24.291360 59.950931 70.758239 5.143892 23.048856 6.348155 10.646045 -16.842541 -0.473261 6.695864 -7.259695 7.342671 -9.819245 -67.575790 -126.480808 33.288538 -45.045473 -12.822968 12.888544 39.157661 -14.087192 -16.631068 -7.613662 8.311054 42.280140 3.325374 9.663586 -21.088381 11.169822 0.029918 -3.052575 -1.122547 16.758430 -50.624577 11.275738 20.993398 55.135390 10.057908 15.439318 0.154818 8.372985 0.002299 -1.185793 -0.599495
-2.735254 0.870968 0.194132 27.429696 -2.519858 -7.539335 -3.050806 9.947065 7.712328 -1.869672 -1.445649 3.471013 -1.874887 4.371688 3.280668 -1.174694 9.100058 2.500087 -0.794944 16.655050 -0.711282 -1.223780 -5.100268 -1.039242 1.781904 9.689533 9.016940 -14.035060 -23.282184 60.223627 72.967252 3.837609 24.358578 6.112554 10.598609 -16.715278 -0.424422 6.484113 -7.062381 8.995604 -8.542135 -66.529397 -128.404288 31.630461 -45.023336 -12.694655 12.929325 39.217652 -13.749005 -15.009429 -8.225143 8.738772 40.032219 2.979688 8.882170 -20.737568 11.639379 0.018049 -3.328646 -0.621169 15.546356 -50.083367 13.165988 18.820007 50.931102 8.409266 14.374683 1.948553 8.411502 -0.000000 0.000000 -0.000000
-2.720377 0.876768 0.202797 26.944763 -2.084058 -7.179421 -2.810538 9.423888 7.397499 -1.733812 -1.673139 3.326291 -1.737955 4.144627 3.149842 -1.080330 8.931276 2.398689 -1.001520 16.812550 -0.568921 -1.656485 -4.806686 -0.703973 1.583755 9.573505 8.914454 -15.825411 -21.870683 60.904808 74.933792 2.427842 25.835935 5.781598 10.517015 -16.775294 -0.268727 6.169609 -6.815771 10.841660 -6.885672 -65.476058 -129.846483 29.639294 -44.733014 -12.518608 12.925833 39.365706 -13.130906 -13.237891 -8.933700 8.920614 37.056888 2.478633 8.084671 -19.869960 12.177070 0.002173 -3.793505 -0.049310 14.934321 -49.103407 14.480744 16.041623 46.145246 6.480161 13.100445 4.982549 7.843269 -0.010635 0.430808 0.136821
-2.704262 0.883713 0.211075 26.296162 -1.538132 -6.778943 -2.529734 8.788129 7.034826 -1.575726 -1.950156 3.159823 -1.578675 3.868101 2.999530 -0.970445 8.725563 2.282265 -1.257089 17.011058 -0.392872 -2.190058 -4.434486 -0.291454 1.359382 9.428824 8.747706 -17.886702 -20.172032 61.745377 76.707923 0.954298 27.459150 5.396634 10.429554 -16.955656 -0.038702 5.792050 -6.563431 12.862666 -5.006160 -64.338576 -130.908549 27.358263 -44.293302 -12.317828 12.897580 39.549033 -12.343163 -11.394069 -9.722099 8.892121 33.613055 1.847030 7.396521 -18.473760 12.673587 -0.024972 -4.502353 0.643222 14.700705 -47.678166 15.369587 13.119456 40.811683 4.715528 11.564708 8.741095 6.747227 -0.006753 0.217371 0.062141
-2.686510 0.891662 0.218854 25.448667 -0.958528 -6.379725 -2.236109 8.150559 6.671702 -1.412977 -2.228246 2.993228 -1.414989 3.590423 2.849505 -0.857401 8.518873 2.166211 -1.492167 17.206084 -0.223289 -2.681417 -4.066434 0.099754 1.166716 9.380440 8.535741 -19.790639 -18.594072 62.419988 78.297741 -0.330409 29.088825 5.094776 10.376981 -17.051626 0.265702 5.434430 -6.433531 14.925905 -3.230218 -63.091493 -131.930642 25.253746 -43.981097 -12.111627 12.884755 39.838140 -11.446932 -9.935056 -10.685306 8.414569 30.515420 1.250063 7.437549 -16.155673 12.753103 -0.083049 -5.942499 1.599924 14.105382 -45.695053 16.484604 10.970697 35.300315 3.222899 9.941621 12.312997 5.743841 -0.000000 -0.000000 -0.000000
-2.666748 0.901146 0.226004 24.398877 -0.348620 -5.953952 -1.946722 7.524079 6.300959 -1.252793 -2.501840 2.823804 -1.254070 3.317187 2.696408 -0.746771 8.315411 2.048110 -1.703350 17.397177 -0.067870 -3.121801 -3.704021 0.454724 1.021692 9.503211 8.249044 -21.477502 -17.241320 62.950918 79.707578 -1.365025 30.727490 4.858960 10.356086 -17.082224 0.737153 5.035610 -6.495782 17.004545 -1.576039 -61.681340 -133.056610 23.463531 -43.893831 -11.925984 12.898191 40.226519 -10.227243 -8.875412 -11.962490 7.270768 27.809514 0.791478 8.852803 -12.598425 11.942644 -0.221970 -8.709014 3.088615 12.718180 -42.884497 18.114547 10.078754 29.506249 1.819216 8.356177 15.490930 5.283239 -0.000000 0.000000 0.000000
-2.645348 0.911634 0.232653 23.151070 0.299731 -5.537224 -1.644412 6.892332 5.935092 -1.087850 -2.777962 2.656820 -1.088430 3.041432 2.546260 -0.632407 8.109997 1.932437 -1.894696 17.584756 0.080484 -3.521833 -3.347357 0.788402 0.910838 9.718387 7.916966 -23.032614 -16.022940 63.355768 80.970603 -2.199724 32.375272 4.702129 10.368920 -17.020897 1.293406 4.658293 -6.673754 19.138750 -0.043827 -60.179662 -134.146355 21.857632 -43.922436 -11.736151 12.920403 40.719777 -8.895899 -8.195905 -13.430127 5.705803 25.463522 0.500932 10.924031 -8.143891 10.827403 -0.485452 -12.202990 4.866086 11.192852 -39.469121 19.710869 9.780109 23.547156 0.579274 6.656813 18.553139 4.918178 -0.000000 -0.000000 -0.000000
-2.623032 0.921389 0.239075 21.677221 0.922909 -5.264479 -1.309971 6.321796 5.651015 -0.915023 -3.027071 2.526025 -0.915089 2.792624 2.433018 -0.509777 7.924564 1.844929 -2.006432 17.723434 0.208972 -3.768469 -3.083372 1.058826 0.845533 9.919966 7.649119 -24.294362 -15.098801 63.388130 82.190699 -2.763340 33.863597 4.797959 10.459761 -16.584727 1.676795 4.574015 -6.877561 21.275363 1.116136 -58.839301 -135.112847 20.515071 -43.984636 -11.485316 12.945914 41.404810 -8.105265 -8.339808 -14.791759 4.174771 24.168552 0.427823 12.306613 -3.418494 10.387508 -0.758420 -15.052249 6.427257 10.330119 -36.093971 20.781322 9.046744 18.164725 -0.215695 4.640752 21.330173 4.085342 -0.000000 0.000000 0.000000
-2.599915 0.930411 0.245579 19.961990 1.521727 -5.267857 -0.938688 5.788791 5.529589 -0.736368 -3.259469 2.467549 -0.736168 2.560481 2.392693 -0.377821 7.751310 1.812814 -1.998230 17.824955 0.310464 -3.784684 -2.891942 1.239755 0.872027 9.956747 7.512255 -25.339475 -14.469049 62.746130 83.507852 -3.006297 35.291877 5.339116 10.673493 -15.480887 1.780966 4.950749 -7.126270 23.558634 1.869738 -57.772640 -136.009943 19.468323 -44.125723 -11.130178 12.977011 42.404539 -8.005364 -9.609629 -15.822770 3.091687 24.438126 0.509126 12.598703 1.831486 10.911667 -0.958297 -17.386676 7.764848 10.367460 -32.892984 21.255648 7.015442 13.406745 -0.473613 1.849028 24.054020 2.968611 -0.000000 0.000000 0.000000
-2.575882 0.938699 0.251856 18.014217 2.081618 -5.420204 -0.539671 5.318297 5.491608 -0.551128 -3.463816 2.446588 -0.550864 2.356365 2.390597 -0.238395 7.598962 1.809846 -1.909066 17.876729 0.397023 -3.647678 -2.795206 1.367701 0.941149 9.981385 7.442717 -26.111528 -14.184206 61.780594 84.842764 -3.001809 36.545472 6.170810 10.936784 -14.005210 1.707670 5.617268 -7.419975 25.819213 2.321555 -56.959223 -136.808119 18.699200 -44.311575 -10.714397 12.998090 43.596446 -8.406704 -11.744291 -16.648558 2.031165 25.774460 0.605461 12.264838 7.432308 11.624143 -0.992656 -18.974013 8.990940 10.913707 -29.774753 21.366802 4.352580 9.289684 -0.202030 -1.355641 26.328426 1.313195 0.000000 0.000000 0.000000
-2.551301 0.944512 0.257251 15.843779 2.522662 -5.460760 -0.114888 5.047476 5.367036 -0.351879 -3.579408 2.387052 -0.351705 2.240920 2.351294 -0.091571 7.513268 1.779028 -1.796613 17.796681 0.487784 -3.473548 -2.943910 1.500030 0.917188 10.343136 7.344874 -26.261941 -14.446528 61.261270 85.951321 -2.829957 37.145649 6.916986 11.134739 -12.753113 1.508557 6.338537 -7.642441 27.517491 2.479035 -56.488930 -137.308030 18.215916 -44.355866 -10.314492 12.993266 44.698889 -9.427928 -14.379853 -17.461284 0.161748 27.367089 0.589380 11.187579 12.069327 11.661509 -0.666694 -17.930856 9.499691 11.678278 -27.072044 21.239832 2.245902 6.508225 0.394760 -3.694488 26.909928 -1.604207 -0.000000 -0.000000 0.000000
-2.525899 0.947024 0.261351 13.273106 2.803996 -5.240325 0.393682 5.076992 5.050376 -0.108047 -3.561503 2.240401 -0.108125 2.258818 2.229296 0.082030 7.527878 1.685873 -1.656690 17.501865 0.595445 -3.260222 -3.492097 1.660638 0.714764 11.601019 7.127736 -25.504001 -15.761914 61.691701 86.813956 -2.322608 36.841705 7.446924 11.263178 -11.869761 1.161504 7.262121 -7.718321 28.463219 2.198554 -56.519035 -137.403776 17.991319 -44.072928 -9.928783 12.965032 45.671268 -11.275205 -17.782091 -18.389151 -3.227207 29.347459 0.246453 8.799937 15.200177 10.548923 0.066475 -12.323867 7.836058 12.609050 -24.917484 20.901491 1.046238 5.590949 0.997331 -4.123396 25.114088 -6.583671 0.000000 -0.000000 -0.000000
-2.499950 0.947060 0.264569 10.482686 2.988859 -4.897623 0.920515 5.296431 4.626822 0.147993 -3.459891 2.045302 0.147633 2.360378 2.060185 0.261027 7.605277 1.557235 -1.490050 17.076490 0.717169 -3.004523 -4.282783 1.841016 0.399443 13.188296 6.828413 -24.151982 -17.601167 62.567608 87.427159 -1.588700 35.910042 7.869921 11.345859 -11.208942 0.687866 8.246069 -7.741606 28.840770 1.640075 -56.888036 -137.204844 18.046777 -43.654827 -9.563431 12.931752 46.554994 -13.781235 -21.745931 -19.007608 -7.640826 31.587987 -0.709794 5.447093 16.839686 8.709984 0.379469 -4.839738 3.835474 13.699643 -23.184973 20.364905 0.364545 5.977975 1.403415 -3.185568 21.706750 -12.196995 0.000000 0.000000 -0.000000
-2.474647 0.945348 0.267496 8.022404 3.152815 -4.600775 1.284431 5.526514 4.218919 0.331003 -3.355474 1.858971 0.330547 2.464864 1.892595 0.385594 7.684579 1.430018 -1.362590 16.689201 0.845028 -2.822247 -5.001135 2.044421 0.087743 13.769959 6.603407 -22.722982 -18.560553 63.174817 87.556630 -1.104932 34.662851 8.114197 11.339410 -10.914541 0.210673 8.621478 -7.803098 28.669684 1.256368 -57.187565 -136.819243 18.461240 -43.481852 -9.299658 12.918705 47.189835 -16.509243 -25.130477 -18.907630 -11.900726 32.893490 -1.889361 2.579833 16.862606 7.086400 0.000000 0.000000 -0.000000 14.743950 -21.810307 19.735098 0.273620 6.639693 1.423710 -1.971805 17.816593 -15.645322 -0.000000 -0.000000 0.000000
-2.449910 0.941178 0.270286 6.027216 3.359731 -4.432676 1.429557 5.665418 3.892773 0.413063 -3.293710 1.711767 0.412584 2.526640 1.753782 0.436782 7.731349 1.324782 -1.287571 16.402170 0.963490 -2.732670 -5.532472 2.246000 -0.192655 12.306478 6.576204 -21.385459 -17.579968 63.010061 87.091451 -1.121459 33.203525 8.136872 11.225757 -11.041189 -0.180307 7.818282 -7.932667 28.037889 1.441123 -57.101024 -136.346699 19.172479 -43.846737 -9.149756 12.911203 47.583387 -19.570452 -27.470284 -18.023658 -15.553226 32.452275 -2.554064 1.176108 15.311853 6.639485 -0.193944 1.000048 -1.138883 15.755584 -20.685859 19.082084 1.131502 6.910713 0.815616 -1.131033 13.587287 -15.433301 0.000000 0.000000 0.000000
-2.425819 0.935260 0.272784 4.361609 3.533050 -4.306048 1.416060 5.818292 3.590229 0.423188 -3.227308 1.576693 0.422723 2.592948 1.619666 0.434418 7.781182 1.223302 -1.252164 16.153639 1.085866 -2.717985 -5.991176 2.468189 -0.436155 9.852926 6.763273 -20.005774 -15.683381 62.633568 86.179346 -1.417195 31.415471 7.970025 11.032367 -11.528424 -0.562382 6.403988 -8.014335 26.852882 1.815834 -56.985396 -135.642371 20.203705 -44.457951 -9.092159 12.925488 47.725935 -22.861996 -29.085879 -16.638759 -18.682266 31.184992 -2.588145 0.691268 12.728584 7.078094 -0.097879 0.466124 -0.598754 16.723613 -19.916543 18.379412 2.546344 7.416147 -0.190162 -0.533733 9.020058 -13.365080 0.000000 0.000000 0.000000
-2.403808 0.930451 0.275125 3.169627 3.525592 -4.129843 1.242548 6.121487 3.255533 0.363224 -3.095228 1.428823 0.362956 2.725089 1.465729 0.378194 7.880308 1.107250 -1.284360 15.926959 1.242126 -2.841048 -6.405395 2.777708 -0.550081 8.226741 7.134173 -18.542312 -14.577937 62.930552 85.003277 -1.786735 29.263672 7.656186 10.782042 -12.345769 -1.074169 5.419887 -7.935515 24.857902 1.631642 -57.392678 -134.422818 21.767971 -44.804383 -9.153185 13.016257 47.426828 -25.517467 -30.032520 -15.207738 -20.817948 30.525245 -2.341963 0.235446 10.044317 7.222166 -0.000000 -0.000000 -0.000000 17.422394 -19.757088 17.596575 3.476348 9.061856 -0.935538 0.018487 5.037189 -11.485281 0.000000 0.000000 0.000000
-2.385046 0.927755 0.276969 2.661822 3.182477 -3.867502 0.860468 6.753104 2.842290 0.213558 -2.818310 1.248265 0.213604 3.002188 1.270096 0.251681 8.088071 0.960255 -1.411943 15.672546 1.470156 -3.170522 -6.864007 3.257880 -0.416647 8.441256 7.681501 -16.717408 -15.342563 64.531939 83.398250 -2.161582 26.272097 7.133598 10.399525 -13.695813 -1.894460 5.395556 -7.629289 21.631601 0.253426 -58.637711 -132.217890 24.383461 -44.637854 -9.400032 13.205691 46.394088 -26.938040 -30.201693 -14.011507 -21.623247 30.949220 -2.061010 -0.652509 7.282496 6.249610 0.000000 0.000000 -0.000000 17.563953 -20.696202 16.779829 3.490428 12.994059 -1.087071 0.981958 1.973622 -10.422961 -0.000000 0.000000 0.000000
-2.368364 0.926168 0.278655 2.624677 2.655189 -3.550345 0.313873 7.536331 2.387617 -0.006586 -2.474277 1.052891 -0.006543 3.346230 1.052332 0.070500 8.345871 0.796851 -1.604104 15.445267 1.736233 -3.636235 -7.265731 3.834001 -0.128382 9.485299 8.307905 -14.724270 -16.956509 66.675537 81.656196 -2.729977 22.870526 6.531776 9.941044 -15.380627 -2.835112 5.827411 -7.213785 17.637606 -1.917710 -60.035292 -129.306168 27.437592 -44.050459 -9.779236 13.410751 44.909645 -27.598942 -29.800578 -12.977728 -21.521916 31.929934 -1.692880 -1.569448 4.324486 4.747102 0.000000 -0.000000 0.000000 17.486990 -22.244572 15.883335 3.125073 18.083576 -0.973336 2.141040 -0.505897 -9.564250 0.000000 -0.000000 0.000000
-2.351696 0.925533 0.281333 2.568181 2.261567 -3.183910 -0.257318 8.072498 1.964115 -0.237225 -2.238995 0.874147 -0.237597 3.581388 0.850013 -0.117513 8.522036 0.645098 -1.804286 15.381156 1.953310 -4.092586 -7.363453 4.315823 0.051862 10.134932 8.793711 -13.179525 -17.919139 68.248170 80.511251 -3.508469 20.436897 6.125473 9.649232 -16.769031 -3.510782 6.188467 -6.898407 13.913507 -3.944334 -60.807393 -126.725916 29.562233 -43.185785 -10.131826 13.542535 43.646336 -28.244340 -29.406952 -12.009020 -21.314425 33.290646 -1.469694 -2.206252 1.678814 3.532631 0.000000 0.000000 -0.000000 17.889801 -23.184750 14.735913 2.738950 21.803052 -0.897683 2.990047 -2.421102 -8.881987 0.000000 0.000000 0.000000
-2.334040 0.925805 0.285454 2.432182 2.150401 -2.762009 -0.869672 8.179193 1.604400 -0.487725 -2.193621 0.725612 -0.488509 3.626672 0.675946 -0.317998 8.555980 0.514765 -1.997285 15.586961 2.081522 -4.488044 -6.963540 4.615029 -0.049468 9.833909 9.103083 -12.237985 -17.456392 68.863294 80.065093 -4.614702 19.556975 5.968282 9.704988 -17.789569 -3.752667 6.279265 -6.797738 10.485348 -5.348946 -60.769237 -124.946680 30.451997 -41.960260 -10.383511 13.582157 42.895432 -29.086092 -29.336275 -11.183243 -21.523061 35.380935 -1.630381 -2.498626 -0.461157 2.959856 -0.000098 0.124424 -0.039156 19.274204 -22.987722 13.129533 2.128561 22.922660 -0.987045 3.231764 -3.662798 -8.269469 0.000683 0.028565 -0.048484
-2.316398 0.927029 0.290566 2.279925 2.173939 -2.291102 -1.496449 8.037437 1.292129 -0.746637 -2.257876 0.598065 -0.747583 3.562188 0.522084 -0.522934 8.507657 0.399683 -2.207451 15.948058 2.138012 -4.879901 -6.277803 4.776446 -0.285165 9.134215 9.311067 -11.795786 -16.302956 68.993610 80.020067 -5.791477 19.700696 5.960562 9.950349 -18.508261 -3.744648 6.274652 -6.798620 7.289634 -6.418035 -60.386130 -123.772898 30.585818 -40.630031 -10.604559 13.572671 42.374965 -29.912620 -29.274754 -10.410635 -21.685521 37.844221 -1.994783 -2.621330 -2.250279 2.625686 -0.001560 0.248309 -0.079959 21.055824 -22.122294 11.323178 1.409203 22.675868 -1.102237 3.175831 -4.312634 -7.728523 0.001392 0.057257 -0.096892
-2.299705 0.929190 0.296463 1.808479 2.212897 -1.790106 -1.929852 7.793951 1.030213 -0.922716 -2.366447 0.488787 -0.923653 3.453230 0.394949 -0.663821 8.425937 0.304260 -2.439261 16.262439 2.121140 -5.287345 -5.681400 4.809553 -0.475678 8.472884 9.377065 -12.099951 -15.165803 68.933125 80.393415 -6.378713 20.602305 6.051362 10.139985 -18.504837 -3.651700 6.193700 -6.755151 5.219966 -7.260755 -60.194982 -123.446636 29.852212 -40.006770 -10.840194 13.545661 41.899039 -30.821472 -28.817099 -9.353211 -21.055077 39.456760 -2.126303 -2.609320 -3.734496 2.275928 -0.000000 0.000000 -0.000000 22.296654 -20.931897 9.828032 1.348317 22.205590 -1.145357 3.185666 -4.675635 -7.334888 -0.000000 0.000000 0.000000
-2.284468 0.932351 0.303280 0.930599 2.252402 -1.276999 -2.078148 7.460969 0.839435 -0.976460 -2.513999 0.405514 -0.977245 3.305532 0.306253 -0.710314 8.315248 0.237141 -2.714814 16.468903 2.032704 -5.755289 -5.286270 4.729820 -0.552064 7.979861 9.247579 -13.593908 -14.218430 68.731444 81.474079 -5.911242 22.487181 6.282518 10.148089 -17.216993 -3.482960 5.979839 -6.563597 4.952055 -7.993280 -60.544889 -124.290028 27.782390 -40.673243 -11.113597 13.506000 41.406779 -32.086007 -27.688339 -7.695751 -18.956178 39.668413 -1.822744 -2.373443 -4.858526 1.760094 0.008783 -1.045811 0.323024 22.511531 -19.535359 8.862411 2.365827 21.824485 -1.123589 3.379325 -4.865906 -7.151698 -0.003634 -0.106316 0.359555
-2.270179 0.936448 0.310882 -0.266152 2.317408 -0.734965 -2.028941 7.033165 0.705103 -0.945676 -2.703362 0.343481 -0.946092 3.116317 0.247359 -0.691160 8.173524 0.192040 -3.009976 16.622056 1.875502 -6.237930 -4.993390 4.532015 -0.571535 7.515385 8.965917 -15.805537 -13.347422 68.253381 83.090828 -4.988566 25.131122 6.629238 10.063726 -15.213262 -3.229991 5.694795 -6.321561 5.845736 -8.503642 -61.149528 -125.784151 24.757776 -41.836190 -11.392141 13.452913 40.957663 -33.345175 -26.102107 -5.854128 -16.068088 39.045202 -1.370775 -2.014059 -5.659092 1.171800 0.013625 -2.472320 0.738499 22.208766 -17.891882 8.127046 4.021790 21.193038 -1.078878 3.648880 -4.770968 -7.119198 -0.005554 -0.299131 0.864208
-2.256248 0.941276 0.318662 -1.824561 2.354448 -0.128943 -1.847721 6.630834 0.570456 -0.856370 -2.881518 0.279524 -0.856438 2.938264 0.192478 -0.627889 8.040098 0.149752 -3.253535 16.695669 1.663205 -6.611023 -4.856413 4.219261 -0.548399 7.112495 8.618788 -17.601310 -12.798707 67.601942 84.508929 -4.460214 27.574801 6.874666 9.991807 -13.775202 -3.030316 5.536518 -6.192092 6.806320 -8.633626 -61.552674 -127.072172 21.976853 -42.409081 -11.641128 13.404120 40.540653 -33.797497 -24.429963 -4.548390 -13.549858 38.037105 -0.906859 -1.824510 -6.338463 0.651289 0.014096 -3.374931 1.003720 21.988213 -16.160302 7.316529 5.818339 20.468391 -0.965461 4.014972 -4.366575 -7.142854 -0.007171 -0.776282 1.306213
-2.242316 0.946967 0.326425 -3.845969 2.357674 0.570383 -1.522748 6.304011 0.417240 -0.702338 -3.026105 0.205923 -0.702207 2.793781 0.134555 -0.516484 7.931795 0.105005 -3.401327 16.639492 1.385629 -6.791948 -4.971393 3.760910 -0.485315 6.740888 8.182797 -18.694179 -12.608297 66.804954 85.373869 -4.673190 29.616118 6.811715 10.022327 -13.529255 -2.995122 5.629306 -6.266332 7.316776 -8.223042 -61.565650 -128.035565 19.960179 -41.897317 -11.860067 13.386414 40.119252 -33.076360 -22.789829 -4.069734 -11.589014 36.603677 -0.197649 -2.003178 -7.025731 0.238790 0.019100 -3.247338 1.035638 22.064185 -14.233569 6.270023 7.816693 19.483653 -0.701133 4.503063 -3.737982 -7.187203 -0.008014 -1.353191 1.619957
-2.228742 0.953388 0.334366 -6.229880 2.353452 1.335972 -1.065413 6.006400 0.265474 -0.489672 -3.157537 0.131705 -0.489463 2.662623 0.081957 -0.360865 7.833549 0.064126 -3.488414 16.503158 1.063209 -6.847802 -5.240894 3.202731 -0.377420 6.428487 7.681128 -19.365870 -12.717174 65.915391 85.932909 -5.191626 31.439086 6.604103 10.106269 -13.844195 -3.014799 5.839779 -6.463705 7.862737 -7.436651 -61.393997 -128.993637 18.281701 -40.973972 -12.051149 13.387519 39.725088 -31.640117 -21.109068 -4.071570 -9.972020 34.758255 0.580724 -2.342008 -7.607673 -0.077231 0.026003 -2.587329 0.947967 22.204033 -12.237845 5.116533 9.947540 18.399228 -0.381672 5.086904 -2.799650 -7.288589 -0.014064 -2.214760 1.868548
-2.216007 0.959940 0.342456 -8.717206 2.332291 2.121300 -0.577167 5.709036 0.113769 -0.263450 -3.289132 0.057646 -0.263277 2.531238 0.030876 -0.195070 7.735100 0.024436 -3.567267 16.412146 0.752917 -6.888653 -5.425374 2.660358 -0.242539 6.299163 7.267134 -19.352426 -13.162522 65.154353 86.242720 -5.540196 32.664641 6.523049 10.174574 -14.110921 -2.889619 5.982853 -6.685531 8.834749 -6.643549 -61.167419 -129.906644 16.774355 -40.466526 -12.188504 13.377857 39.451561 -29.986012 -19.520511 -4.246136 -9.117249 33.041931 0.913525 -2.523487 -7.935766 -0.215327 0.031489 -1.985545 0.830700 22.347474 -10.658529 4.050874 11.559065 17.885420 -0.149983 5.705858 -1.270686 -7.474174 -0.047588 -4.110608 2.045181
-2.204298 0.966939 0.350966 -11.344243 2.278933 2.978406 -0.054150 5.378820 -0.075217 -0.019919 -3.435940 -0.032763 -0.019937 2.384395 -0.034776 -0.017501 7.624928 -0.026214 -3.618421 16.435748 0.451081 -6.875179 -5.398958 2.117285 -0.079582 6.397954 6.980960 -18.363285 -13.826748 64.605041 86.286610 -5.669169 33.013635 6.701970 10.181885 -14.129943 -2.500420 5.924526 -6.926018 10.550246 -5.849584 -60.826500 -130.785682 15.324877 -40.744197 -12.254352 13.358641 39.379496 -27.994473 -18.053946 -4.608736 -9.452788 31.536058 0.603730 -2.411718 -7.887650 -0.137430 0.039235 -1.437205 0.745289 22.554865 -9.491535 3.116987 12.504095 17.995776 -0.138364 6.704719 1.138947 -8.049090 -0.123064 -7.584624 2.474971
-2.193428 0.974068 0.359625 -14.075925 2.218700 3.859553 0.502354 5.049168 -0.259540 0.238027 -3.582791 -0.120791 0.237693 2.237460 -0.096585 0.171059 7.514663 -0.073872 -3.666257 16.505106 0.156690 -6.857030 -5.286398 1.584661 0.093441 6.685062 6.772173 -16.680934 -14.759210 64.193537 86.110681 -5.573632 32.773804 7.008838 10.167634 -14.103853 -1.956320 5.809050 -7.176033 12.684809 -5.046179 -60.366850 -131.563607 13.999541 -41.431278 -12.267699 13.343190 39.428383 -25.807804 -16.667521 -5.122381 -10.460093 30.150876 0.024291 -2.144466 -7.577645 0.109138 0.041949 -0.949742 0.619120 22.801305 -8.725053 2.311512 12.951107 18.693522 -0.192593 7.671335 4.134002 -8.778322 -0.260783 -12.087345 2.899889
-2.183321 0.979778 0.367600 -16.545478 2.173437 4.567040 0.977326 4.789642 -0.328747 0.453249 -3.698285 -0.156291 0.452628 2.121965 -0.110248 0.331187 7.428071 -0.084898 -3.835225 16.536149 -0.075259 -7.088103 -5.233349 1.211981 0.220744 7.159313 6.652043 -14.892536 -16.255591 63.884879 85.889111 -4.861313 32.444383 7.321903 10.178016 -14.029182 -1.406412 5.875320 -7.333064 14.676945 -4.567705 -60.030590 -132.040687 12.876227 -42.219387 -12.259563 13.320667 39.451621 -24.262608 -15.414779 -5.421863 -11.143107 29.194504 -0.519300 -1.817346 -7.209637 0.480084 0.025371 -1.134827 0.363082 22.937612 -8.802100 1.823366 12.737874 20.540173 -0.040322 7.454079 7.115082 -8.955112 -0.374663 -16.738446 2.580077
-2.174322 0.983920 0.374517 -18.555074 2.092228 4.980441 1.309358 4.654660 -0.222298 0.595167 -3.758046 -0.112081 0.594339 2.062169 -0.051653 0.441743 7.383318 -0.041045 -4.193764 16.496666 -0.212366 -7.706581 -5.297223 1.085483 0.214906 7.943562 6.659416 -13.140510 -18.699917 63.638834 85.773445 -3.124773 32.260925 7.675728 10.251090 -13.934282 -0.903175 6.330491 -7.304283 16.467468 -4.718744 -60.022257 -132.096620 11.915949 -43.163760 -12.230126 13.280675 39.373068 -23.763271 -14.289822 -5.294811 -11.039916 28.907436 -0.999946 -1.442150 -6.603923 1.122235 -0.013803 -2.628953 -0.193130 22.960186 -10.046548 1.914375 11.451939 24.122830 0.243947 4.886010 10.269668 -8.184449 -0.331454 -22.209963 1.225737
-2.166086 0.986642 0.380750 -20.302327 1.991254 5.221517 1.550551 4.593077 -0.012879 0.690908 -3.784943 -0.021144 0.689871 2.035111 0.049017 0.520743 7.363101 0.034769 -4.674361 16.414651 -0.286557 -8.575202 -5.430787 1.122091 0.147170 8.916371 6.737683 -11.221231 -21.705017 63.424251 85.623328 -0.767143 32.072070 8.040293 10.344623 -13.800045 -0.412376 6.970484 -7.196450 18.143153 -5.165464 -60.206532 -131.877013 11.171544 -44.255654 -12.180784 13.233696 39.267688 -23.865576 -13.318022 -4.968391 -10.667082 29.051253 -1.542011 -0.984055 -5.935124 1.876129 -0.033251 -4.803265 -0.836857 22.856095 -12.086307 2.421700 9.359394 28.884109 0.331986 1.179429 13.447886 -7.024752 -0.022173 -28.043759 -0.347839
-2.157503 0.986841 0.386583 -22.012568 1.983774 5.449336 1.753800 4.515689 0.207126 0.769206 -3.818592 0.075025 0.767953 2.001316 0.153155 0.586920 7.337856 0.113280 -5.195896 16.295313 -0.338084 -9.530794 -5.626864 1.218224 0.209497 9.710703 6.768783 -9.229208 -24.436325 63.247702 85.151267 1.378227 31.738475 8.202610 10.384695 -13.535585 0.045536 7.411373 -7.211510 19.346298 -5.301876 -60.332197 -131.575785 10.854808 -45.081997 -12.144931 13.199316 39.216569 -24.121134 -12.626425 -4.735553 -10.515994 29.225521 -2.117584 -0.507353 -5.946117 2.266049 -0.019215 -6.364242 -1.076079 22.487042 -14.329084 2.902757 7.393495 33.689424 0.274213 -1.164217 15.545793 -5.978781 0.496739 -31.557553 -1.860927
-2.148049 0.983742 0.392007 -23.781465 2.124069 5.702032 1.954426 4.377290 0.417075 0.847054 -3.879119 0.167061 0.845565 1.940676 0.253092 0.652478 7.292512 0.188638 -5.759603 16.141177 -0.375976 -10.572807 -5.879653 1.357848 0.538067 10.289341 6.709532 -7.262478 -26.668160 63.184687 84.153155 3.048543 31.057871 8.001105 10.320059 -13.028866 0.457786 7.583733 -7.430029 19.766388 -4.925490 -60.294015 -131.220025 11.127715 -45.351634 -12.134887 13.190900 39.280908 -24.394006 -12.372203 -4.707317 -11.306276 29.484257 -2.834883 0.203721 -7.008848 2.002269 0.003512 -6.863225 -0.536401 21.627979 -16.767260 3.200772 5.841734 38.615808 0.267554 -0.769807 16.047179 -5.017413 0.971182 -31.097979 -3.874561
-2.138247 0.978120 0.397031 -25.512365 2.357502 5.931598 2.118503 4.223289 0.639264 0.908124 -3.946406 0.265098 0.906409 1.873274 0.357321 0.705813 7.242097 0.267297 -6.361670 15.948319 -0.387257 -11.699168 -6.196546 1.566523 1.008200 10.697170 6.621048 -5.258889 -28.630225 63.182637 82.815398 4.511038 30.127649 7.595128 10.213599 -12.378232 0.851626 7.550331 -7.764662 19.696465 -4.276733 -60.200690 -130.751765 11.812370 -45.340280 -12.136266 13.194590 39.400685 -24.826379 -12.410647 -4.736505 -12.312262 29.752473 -3.584547 0.929378 -8.777735 1.452473 0.011846 -6.705938 0.374847 20.495354 -19.418018 3.542391 4.373652 43.610285 0.076518 1.080381 15.547385 -3.978305 1.100514 -28.276473 -6.347589
-2.128554 0.971196 0.401961 -27.141937 2.643748 6.165376 2.197065 4.097958 0.847979 0.931986 -4.000919 0.357907 0.930139 1.818745 0.452558 0.730681 7.201335 0.339265 -6.912551 15.715849 -0.377851 -12.743153 -6.584978 1.802771 1.438123 10.687820 6.556501 -3.125584 -30.167922 63.126400 81.424570 5.731390 29.199224 7.253865 10.153359 -11.800115 1.283354 7.124216 -8.154115 19.660931 -3.432456 -60.083838 -130.237481 12.602341 -45.470223 -12.142847 13.188469 39.475655 -25.396167 -12.420984 -4.729730 -11.803883 29.475140 -3.925702 0.901381 -10.907093 1.127374 -0.004038 -5.918791 0.953574 19.676009 -21.743483 3.961465 3.362059 47.351395 -0.204950 2.880014 14.531596 -2.976478 0.931402 -25.190403 -8.690828
-2.119372 0.962746 0.406939 -28.652096 3.016859 6.486673 2.155630 3.977371 0.986150 0.906236 -4.053859 0.420403 0.904291 1.765860 0.512450 0.715736 7.161715 0.384665 -7.357470 15.456748 -0.324642 -13.611291 -7.021528 2.088247 1.773804 9.921777 6.532305 -0.749508 -30.922974 63.039096 80.064335 6.727026 28.252599 7.074268 10.196300 -11.391570 1.884483 5.989213 -8.598509 19.934619 -2.248764 -59.751595 -129.702571 13.252583 -45.962097 -12.160189 13.145944 39.506955 -26.858614 -12.037114 -4.445020 -7.798506 27.685350 -3.568380 -0.640254 -13.545153 1.197179 -0.029155 -4.124206 0.820990 19.453797 -23.483653 4.416700 3.727587 49.245122 0.111132 4.345582 12.838567 -1.802521 0.728132 -22.174802 -11.076922
-2.110299 0.952994 0.411823 -30.059697 3.444003 6.809014 2.029251 3.880894 1.110103 0.843476 -4.096449 0.477121 0.841543 1.723344 0.562786 0.672429 7.129798 0.422912 -7.748734 15.165153 -0.243978 -14.394721 -7.515642 2.411811 2.101048 8.736686 6.563168 1.670488 -31.241042 63.013227 78.661566 7.474914 27.292637 6.956551 10.278509 -11.058702 2.561817 4.462005 -9.072316 20.248155 -0.865077 -59.395780 -129.132999 14.008721 -46.597356 -12.184797 13.094381 39.493064 -28.452799 -11.612474 -4.139270 -2.398872 25.336502 -3.023228 -2.996791 -16.501941 1.395568 -0.026180 -1.733467 0.355782 19.586193 -24.902149 4.840601 4.989379 49.904603 1.025729 5.693794 10.531093 -0.672261 0.449853 -18.767221 -13.307887
-2.100589 0.943835 0.416498 -31.356908 3.777112 6.912886 1.871482 3.922801 1.357494 0.760032 -4.077114 0.588350 0.758393 1.742807 0.665536 0.617746 7.144399 0.500760 -8.154769 14.809373 -0.196936 -15.201502 -8.128761 2.689445 2.432003 7.899716 6.673693 3.838524 -32.019828 62.949245 77.269528 7.889489 26.638084 6.875786 10.292579 -10.733474 3.008852 3.301215 -9.487889 20.300849 0.215304 -59.622835 -128.540865 15.303166 -47.138277 -12.197117 13.091996 39.329478 -27.900383 -11.940221 -4.439295 0.260609 24.814331 -2.531988 -4.762221 -18.931997 1.633754 0.000000 -0.000000 -0.000000 19.883687 -26.250903 5.164441 5.493790 49.819101 1.739023 6.222871 8.418139 -0.141110 0.231628 -15.946987 -14.514834
-2.089409 0.935578 0.420523 -32.423179 3.883024 6.656805 1.668595 4.221982 1.833710 0.643215 -3.942728 0.800700 0.642082 1.877396 0.866039 0.545282 7.245323 0.652559 -8.634889 14.309220 -0.233479 -16.133997 -9.008742 2.862010 2.735916 7.796489 6.890887 5.812120 -33.915047 62.564219 75.722333 7.797839 26.436037 6.839334 10.153386 -10.384645 2.977341 2.876445 -9.853224 19.942972 0.644844 -60.936990 -127.841710 17.608481 -47.517976 -12.151670 13.181557 38.987010 -22.721768 -13.618925 -6.067947 -2.859495 28.046234 -1.920921 -5.357176 -20.575516 1.997387 0.010373 0.451608 -0.167460 20.329163 -27.717365 5.274930 4.315975 49.132052 1.939021 5.516683 6.743005 -0.420301 0.262195 -14.496239 -14.564127
-2.077593 0.927913 0.424339 -33.380811 3.879390 6.192714 1.439039 4.671183 2.420895 0.506869 -3.741731 1.062123 0.506118 2.078542 1.113623 0.461236 7.395957 0.840125 -9.120487 13.737926 -0.286235 -17.086033 -10.017003 3.023838 3.019413 8.045655 7.152018 7.681061 -36.268725 62.010275 74.160620 7.390354 26.534140 6.825831 9.944806 -10.047196 2.673627 2.797396 -10.181863 19.302698 0.680125 -62.820524 -127.046845 20.441547 -47.765715 -12.092986 13.319655 38.495033 -15.250280 -15.841359 -8.552043 -8.664102 33.235406 -1.480512 -5.332962 -21.719780 2.441141 0.004867 0.246235 -0.225928 20.940821 -29.130390 5.253489 2.353934 47.719178 1.908929 4.105238 5.210400 -1.231425 0.431073 -13.601026 -13.665172
-2.066895 0.921815 0.429153 -34.590409 3.989938 5.739417 1.279309 5.046777 2.922194 0.405659 -3.573861 1.285034 0.405046 2.246426 1.326241 0.400643 7.521512 1.001275 -9.495764 13.297774 -0.254591 -17.856715 -10.780017 3.291730 3.337716 8.262122 7.329868 9.140743 -38.033857 61.848825 73.100947 7.117799 26.823781 6.773006 9.815625 -9.753184 2.460736 2.692514 -10.404199 18.494677 0.760682 -64.377233 -126.319048 22.800259 -47.817446 -12.137930 13.432579 37.835611 -10.626167 -17.676637 -10.356798 -11.772758 37.072495 -1.247120 -4.970448 -22.370997 2.800540 -0.000000 0.000000 -0.000000 21.562432 -30.200140 5.364547 0.694493 45.656320 1.719952 2.764828 3.899369 -2.296523 0.445866 -11.898707 -11.681953
-2.058371 0.917758 0.435368 -36.200136 4.293815 5.353461 1.227236 5.265123 3.272937 0.361352 -3.475889 1.440558 0.360844 2.344398 1.477266 0.378331 7.594749 1.115700 -9.712900 13.093200 -0.107648 -18.350021 -11.108077 3.683585 3.756801 8.286402 7.370241 9.721711 -38.747658 62.623677 72.833448 7.207593 27.349444 6.636294 9.853326 -9.583841 2.517526 2.428397 -10.469497 17.367085 1.143072 -65.346403 -125.712142 24.443892 -47.564896 -12.387835 13.491754 36.867095 -12.097751 -19.034980 -10.235148 -8.841915 37.950564 -0.663366 -4.363514 -22.434215 2.972376 0.001993 -0.105859 0.795844 22.333000 -30.834790 5.679467 -0.140418 42.782643 1.526507 1.710343 2.926071 -3.781672 0.198150 -8.171006 -7.897671
-2.050967 0.915268 0.442581 -38.065729 4.707213 4.964274 1.240941 5.404956 3.542945 0.351222 -3.412568 1.559778 0.350801 2.407764 1.595476 0.379314 7.642165 1.205190 -9.833567 13.034199 0.098678 -18.667004 -11.168660 4.127047 4.212659 8.272898 7.334061 9.756617 -38.891137 63.878282 73.067244 7.411989 28.110299 6.473012 9.973604 -9.457405 2.670606 2.157764 -10.427385 16.075516 1.602870 -66.019844 -125.199512 25.621948 -47.154199 -12.748352 13.501975 35.731176 -16.648440 -20.110507 -9.022785 -3.082384 37.296590 0.111397 -3.416961 -22.003292 3.071345 -0.001395 -0.252317 1.876196 23.126790 -31.116934 6.118890 -0.574020 39.235398 1.301261 0.779325 2.165623 -5.570857 0.018629 -3.478164 -3.239228
-2.043263 0.913884 0.450791 -40.111588 5.213086 4.592809 1.290878 5.480764 3.742692 0.361403 -3.377712 1.647552 0.360931 2.442606 1.684265 0.393253 7.668228 1.272319 -9.912561 13.036147 0.323285 -18.904657 -11.117775 4.579197 4.571513 8.303580 7.277618 10.036802 -38.866619 64.752654 73.466828 7.452734 28.933272 6.375691 10.066868 -9.157748 2.769865 1.948822 -10.351616 15.210652 1.958956 -66.348699 -124.907263 26.077016 -46.948366 -13.037027 13.449506 34.834805 -20.145722 -20.978684 -8.105752 1.429741 36.362091 0.712572 -2.153195 -21.362687 3.287438 -0.008209 -0.367344 2.560252 23.388967 -30.999433 6.740988 -0.870457 35.509406 0.932437 0.054223 1.410553 -6.907992 -0.000000 -0.000000 0.000000
-2.034660 0.913585 0.459955 -42.278122 5.841732 4.251342 1.354909 5.476011 3.871711 0.382494 -3.378746 1.704159 0.381934 2.441566 1.743027 0.413237 7.667443 1.316684 -9.973260 13.077114 0.562323 -19.108440 -10.993898 5.044849 4.735723 8.376524 7.202833 10.896608 -38.780841 64.863557 73.970426 7.166500 29.826290 6.402036 10.076428 -8.581338 2.727860 1.821652 -10.267565 15.071568 2.164832 -66.179905 -125.004277 25.472509 -47.131998 -13.162658 13.311572 34.430983 -20.917371 -21.943111 -8.140076 3.071295 35.808808 1.058630 -0.519173 -20.669578 3.708889 -0.009390 -0.400965 2.488891 22.869246 -30.339085 7.564837 -1.052435 31.472332 0.380469 -0.469112 0.526795 -7.176665 -0.028962 0.962875 0.773561
-2.025758 0.914394 0.470115 -44.628207 6.562459 3.910768 1.453819 5.400910 3.937249 0.423504 -3.410926 1.732567 0.422939 2.409409 1.775643 0.446475 7.643442 1.341184 -9.995769 13.182588 0.812740 -19.234586 -10.753864 5.505182 4.801342 8.485624 7.105428 12.003995 -38.554047 64.589139 74.636419 6.700880 30.775879 6.491753 10.052247 -7.827965 2.628768 1.756130 -10.154551 15.372899 2.344844 -65.651492 -125.410418 24.163482 -47.503092 -13.213719 13.129221 34.273006 -20.577325 -22.874747 -8.579692 3.484011 35.081503 1.260182 1.429158 -19.773217 4.266424 -0.007320 -0.403415 2.021169 21.879707 -29.235762 8.491418 -1.022038 27.223476 -0.123305 -0.937896 -0.276492 -6.945345 -0.030786 0.494735 0.369674
-2.016946 0.915912 0.481399 -47.268817 7.265721 3.534821 1.622704 5.311004 3.958248 0.498243 -3.449466 1.740334 0.497584 2.370749 1.790948 0.503651 7.614616 1.352400 -9.967357 13.334645 1.040912 -19.247907 -10.438590 5.895877 4.921583 8.710951 7.024620 13.148753 -38.327852 64.230146 75.314766 6.256863 31.565588 6.555885 10.046928 -6.984886 2.579081 1.755480 -10.019830 15.829534 2.569662 -65.135984 -125.866377 22.922785 -47.863517 -13.268457 12.990849 34.011563 -19.866410 -23.500960 -9.115377 3.611959 33.716922 1.386734 3.511885 -18.502475 4.910203 -0.006150 -0.453638 1.553409 20.691556 -28.002372 9.422878 -0.903702 23.617834 -0.330678 -1.465175 -0.761128 -7.231105 0.000000 -0.000000 0.000000
-2.008240 0.918195 0.493906 -50.292583 7.930545 3.115069 1.905591 5.218523 3.940199 0.625905 -3.488464 1.729481 0.625058 2.331514 1.792976 0.599437 7.585496 1.353367 -9.892453 13.518748 1.217340 -19.148739 -10.079762 6.166315 5.191972 9.118167 6.950407 14.327802 -38.155422 63.822041 75.975411 5.877149 32.084448 6.582603 10.099861 -6.064153 2.650421 1.806515 -9.880930 16.362502 2.902931 -64.748301 -126.441508 22.116362 -48.215544 -13.372767 12.931379 33.451993 -18.764390 -23.660167 -9.766705 3.690895 31.438974 1.597229 5.582727 -16.785937 5.644440 -0.006292 -0.572521 1.200633 19.228682 -26.688665 10.376963 -0.942579 20.925006 -0.194120 -2.246849 -0.760727 -8.796503 0.000000 0.000000 -0.000000
-1.999624 0.921187 0.507538 -53.609354 8.566969 2.651370 2.257715 5.105640 3.878404 0.787113 -3.536005 1.698858 0.786080 2.283795 1.778754 0.719255 7.550203 1.342005 -9.769498 13.747853 1.366298 -18.942514 -9.650123 6.359453 5.511623 9.644558 6.878053 15.545745 -37.986869 63.327701 76.658121 5.519911 32.441996 6.591679 10.176998 -5.052675 2.769251 1.926206 -9.727188 17.048512 3.278795 -64.378062 -127.047937 21.383461 -48.569627 -13.478566 12.899621 32.782272 -17.279054 -23.524969 -10.560372 3.462367 28.539334 1.814013 7.791802 -14.708723 6.512868 -0.005876 -0.738659 0.847481 17.596019 -25.217263 11.273731 -0.964821 18.918720 0.150973 -3.052010 -0.678975 -10.936929 -0.000000 0.000000 -0.000000
-1.991440 0.924328 0.522119 -57.049169 9.109501 2.133499 2.581057 4.983047 3.774119 0.937826 -3.588358 1.649969 0.936521 2.231299 1.745233 0.829706 7.511329 1.316139 -9.576652 14.046503 1.534464 -18.602094 -9.100008 6.551167 5.740245 10.182318 6.853230 16.607127 -37.804374 62.938243 77.322175 5.263570 32.761936 6.540358 10.232401 -4.000456 2.824077 2.165070 -9.528258 17.833205 3.550989 -64.059245 -127.185757 20.383534 -48.775024 -13.512204 12.846302 32.224585 -16.205467 -23.302590 -11.159289 3.159161 25.349834 1.794881 10.411298 -12.342726 7.535050 -0.004602 -0.968195 0.544681 16.280217 -23.746856 11.949066 -0.516616 17.687340 0.480603 -3.280056 -0.977801 -12.399433 0.000000 -0.000000 0.000000
-1.984067 0.927705 0.537858 -60.634207 9.551415 1.593477 2.857718 4.823820 3.598865 1.071721 -3.658234 1.570307 1.069992 2.161150 1.679128 0.925021 7.459073 1.265670 -9.299445 14.460045 1.736583 -18.101060 -8.344734 6.757828 5.829457 10.744846 6.907219 17.687341 -37.520383 62.627976 77.872525 5.053351 32.879713 6.380704 10.245099 -2.825448 2.794819 2.611899 -9.257818 18.808007 3.665893 -63.837953 -126.621582 18.874884 -48.802130 -13.415166 12.764714 31.885947 -15.827208 -22.961886 -11.488141 2.976913 21.677296 1.482080 13.960195 -9.628962 8.749357 -0.003761 -1.405516 0.300188 15.301641 -22.296592 12.417316 0.755273 17.415235 0.500424 -2.688462 -1.596669 -12.482953 0.000000 -0.000000 0.000000
-1.977127 0.931230 0.554546 -64.339038 9.890844 1.012560 3.106280 4.645236 3.387290 1.195325 -3.737426 1.475101 1.193252 2.081664 1.596440 1.011552 7.399744 1.202748 -8.955888 14.948002 1.947505 -17.472004 -7.459832 6.948097 5.828129 11.324767 6.996572 18.612412 -37.224408 62.419896 78.408489 4.938311 32.959439 6.167138 10.264728 -1.607105 2.699897 3.187104 -8.969477 19.884508 3.677753 -63.660985 -125.645000 17.050333 -48.702354 -13.237341 12.669931 31.667073 -15.848435 -22.516028 -11.639252 2.774609 17.669689 1.102158 17.966725 -6.706028 10.225826 -0.002278 -1.905373 0.102338 14.608389 -20.885727 12.689468 2.479706 17.833948 0.284955 -1.561787 -2.362860 -11.877179 0.000000 -0.000000 -0.000000
-1.969826 0.934079 0.571387 -67.918227 10.067625 0.321524 3.282425 4.531676 3.228361 1.283526 -3.787780 1.403745 1.281373 2.031197 1.534106 1.073266 7.362142 1.155408 -8.570485 15.407817 2.159108 -16.771499 -6.632710 7.133100 5.746088 11.780797 7.069832 18.667659 -37.162428 62.575108 79.201892 5.129416 33.615614 6.017385 10.341001 -0.636830 2.486212 3.683324 -8.742584 20.740995 3.602490 -63.406890 -124.557089 15.212156 -48.430591 -13.065627 12.550414 31.480947 -16.197440 -22.214429 -11.488967 2.321815 14.159933 0.786634 21.227951 -3.836420 11.833243 0.000121 -2.056169 -0.010623 14.534722 -19.709921 12.689589 4.034263 18.347588 0.186151 -0.086202 -3.381675 -11.362304 -0.000000 -0.000000 0.000000
-1.961700 0.935931 0.588307 -71.315061 10.079653 -0.537927 3.361306 4.494201 3.163393 1.322522 -3.804313 1.374481 1.320306 2.014640 1.508841 1.100654 7.349847 1.136218 -8.143700 15.833751 2.374803 -16.001280 -5.872947 7.320369 5.571660 12.101056 7.123695 17.228804 -37.519161 63.359436 80.621370 5.805471 35.370536 5.999889 10.488980 0.010454 2.089909 4.112335 -8.572104 21.288968 3.400154 -63.039605 -123.404316 13.337741 -47.922525 -12.903890 12.380212 31.317564 -16.881400 -22.053968 -10.866188 1.804876 11.232537 0.387935 23.589788 -0.814217 13.520219 0.002388 -1.528523 -0.021798 15.247133 -18.931768 12.451865 5.476260 18.805988 0.416258 1.777332 -4.859595 -11.266184 0.000542 0.010718 0.034053
-1.953215 0.937106 0.605379 -74.575535 9.913857 -1.477383 3.367131 4.532384 3.139000 1.326056 -3.787598 1.363179 1.323780 2.031291 1.497854 1.102341 7.362300 1.127859 -7.672769 16.232787 2.595553 -15.157056 -5.166652 7.510150 5.320501 12.296961 7.179191 14.875811 -38.039109 64.556508 82.459041 6.634459 37.699064 6.058427 10.671900 0.405546 1.575655 4.455257 -8.455770 21.620886 3.121250 -62.574445 -122.196204 11.425089 -47.222659 -12.753962 12.186240 31.189764 -17.901876 -21.959076 -9.920222 1.071855 8.786040 0.001610 25.251505 2.320814 15.036200 0.002587 -0.650299 0.006134 16.540944 -18.423411 12.039309 6.774937 19.382094 0.798336 3.978217 -6.624131 -11.335824 0.000532 0.020733 0.068318
-1.944968 0.937749 0.622026 -77.603779 9.507456 -2.333451 3.328439 4.715869 3.087964 1.310550 -3.706762 1.339238 1.308550 2.112152 1.472351 1.088892 7.422888 1.108575 -7.172437 16.519281 2.822484 -14.277171 -4.670347 7.720665 5.048608 12.259235 7.248600 12.748326 -38.354648 65.644645 84.016173 7.181754 39.634404 6.107777 10.843773 0.475468 1.086641 4.447274 -8.427502 21.681943 2.920284 -61.975182 -121.116365 9.841005 -46.422825 -12.697591 12.034919 31.032137 -19.203109 -22.089116 -8.962283 -0.628395 7.446308 -0.002329 25.414636 5.103254 15.657352 -0.000000 0.000000 0.000000 18.189738 -17.945750 11.439458 7.179773 20.036058 1.152766 6.196378 -8.215294 -11.394811 -0.000000 -0.000000 0.000000
-1.936978 0.937659 0.637936 -80.355578 8.787029 -3.047537 3.231007 5.126480 2.957881 1.272108 -3.525858 1.278969 1.270744 2.293220 1.408271 1.055531 7.558613 1.060174 -6.594036 16.639912 3.108043 -13.292579 -4.482376 8.036642 4.718561 11.869873 7.370953 11.306201 -38.389269 66.413125 84.956364 7.374816 40.834715 6.147656 10.983211 0.152676 0.619809 3.810960 -8.487801 21.405953 2.900749 -61.101395 -120.095757 8.639007 -45.527677 -12.829323 11.953277 30.814561 -20.863508 -22.636175 -8.034519 -4.372755 7.692849 0.330622 23.171319 7.232059 14.953240 -0.002453 0.152025 -0.027665 20.544960 -17.490777 10.508894 5.770959 20.869788 1.429022 8.485669 -9.425612 -11.354289 0.000393 -0.090240 -0.308270
-1.929228 0.937037 0.653420 -82.863849 7.851353 -3.647327 3.089824 5.676648 2.775431 1.216293 -3.283646 1.194962 1.215495 2.535552 1.318614 1.006988 7.740177 0.992390 -5.980173 16.647423 3.415254 -12.261746 -4.504407 8.395450 4.376106 11.254362 7.557467 10.139296 -38.267615 67.004818 85.502024 7.446337 41.647388 6.148319 11.084874 -0.498262 0.184056 2.813585 -8.551358 20.850492 2.997778 -60.114817 -119.143603 7.786167 -44.522410 -13.052493 11.920649 30.554643 -22.853024 -23.406991 -7.031352 -9.109863 9.165478 0.525357 19.208851 8.528487 13.104117 -0.001659 0.074589 -0.022345 23.248061 -17.062840 9.439919 3.470121 21.877946 1.653297 10.803864 -10.451806 -11.265966 0.001518 -0.210751 -0.719239
-1.922262 0.936617 0.668841 -85.155513 6.911690 -4.112183 2.976552 6.179953 2.603857 1.172761 -3.061998 1.116117 1.172322 2.757217 1.235293 0.967981 7.906226 0.929311 -5.482551 16.609292 3.614700 -11.414875 -4.609523 8.600448 4.200467 10.663705 7.760152 9.138375 -38.006730 67.365498 85.678585 7.585296 42.143265 5.976041 11.142736 -1.343136 -0.059034 2.011197 -8.554964 20.146594 3.057767 -59.431527 -118.460785 7.564143 -43.488568 -13.160017 11.923077 30.255621 -24.932766 -24.034361 -6.065892 -12.398146 11.204056 0.496640 15.119862 8.865494 10.581066 0.000000 0.000000 0.000000 25.016153 -16.444839 8.668886 2.274675 22.798624 1.775184 12.681117 -11.437641 -11.086265 0.002191 -0.271605 -0.924548
-1.916208 0.936363 0.684420 -87.254314 5.965173 -4.410230 2.915790 6.628983 2.467474 1.151408 -2.863796 1.052877 1.151433 2.955429 1.169867 0.947202 8.054774 0.879710 -5.172126 16.510755 3.643203 -10.862646 -4.825195 8.559413 4.319862 10.152901 7.988589 8.404324 -37.666562 67.388709 85.320794 7.912175 42.161412 5.514785 11.097021 -2.470257 0.007528 1.652038 -8.509359 19.037627 2.911585 -59.330121 -118.094388 8.724843 -42.319413 -13.035759 11.979361 29.837824 -27.205300 -24.431815 -5.183741 -12.803902 13.772733 0.413505 11.108016 8.156730 7.432274 -0.000000 0.000000 0.000000 25.077333 -15.474684 8.398516 3.291348 23.574838 1.814778 13.870998 -12.527386 -10.743815 0.001455 -0.178003 -0.757391
-1.910938 0.936311 0.699935 -89.145561 5.033401 -4.585246 2.881446 7.036057 2.354762 1.140870 -2.683825 1.000293 1.141336 3.135439 1.116247 0.935457 8.189736 0.839031 -4.975888 16.354949 3.571020 -10.491142 -5.145759 8.375968 4.604197 9.662148 8.212494 7.841615 -37.225640 67.179032 84.582110 8.355626 41.874823 4.883175 10.987056 -3.780988 0.266107 1.491325 -8.457482 17.786936 2.643425 -59.507741 -117.838555 10.571116 -41.192394 -12.811641 12.064217 29.369434 -29.537098 -24.716188 -4.383013 -11.733581 16.846362 0.289376 7.070864 6.542629 4.185599 0.000000 -0.000000 -0.000000 24.230442 -14.292248 8.323865 5.403490 24.153608 1.779142 14.607451 -13.572026 -10.278374 0.000206 -0.023786 -0.384946
-1.906618 0.937308 0.715082 -90.803710 4.357975 -4.756026 2.869922 7.250016 2.298678 1.137864 -2.589170 0.974028 1.138405 3.230115 1.089707 0.931093 8.260729 0.818889 -4.832260 16.235194 3.462844 -10.199216 -5.396864 8.139061 4.844036 9.257638 8.296860 7.054250 -36.571748 66.981862 83.998643 8.791805 41.850762 4.305330 10.991571 -4.870572 0.527384 1.346332 -8.424819 17.303116 2.475688 -59.511111 -117.647536 11.185351 -40.549982 -12.631234 12.096746 29.094456 -31.303547 -24.845864 -3.739093 -10.968717 19.786578 0.168873 4.123363 4.910113 1.827500 0.000000 0.000000 0.000000 23.532088 -13.161062 8.136616 7.261472 24.237884 1.631385 15.141433 -14.281812 -9.810110 -0.000000 0.000000 -0.000000
-1.903470 0.939688 0.729649 -92.221324 4.064450 -5.028756 2.893214 7.178675 2.347463 1.145417 -2.620452 0.995825 1.145765 3.198807 1.112258 0.938201 8.237275 0.835948 -4.729437 16.190751 3.337862 -9.969369 -5.504992 7.876766 4.978638 8.960509 8.143885 5.709133 -35.638970 66.975595 83.754094 9.175981 42.468133 3.790093 11.287252 -5.736430 0.743383 1.136745 -8.426656 18.196518 2.526016 -59.167850 -117.509332 9.407844 -40.635633 -12.507312 12.043199 29.229739 -32.175784 -24.893191 -3.314421 -11.242583 22.621298 0.110563 2.828859 3.967651 0.421406 -0.000000 0.000000 0.000000 23.283758 -12.240803 7.870086 8.315100 23.773470 1.242982 15.641793 -14.602926 -9.371108 -0.000261 -0.187867 0.312699
-1.901271 0.943117 0.743847 -93.410923 4.026307 -5.327660 2.939384 6.920632 2.472469 1.159855 -2.734008 1.052522 1.160021 3.085223 1.170402 0.953325 8.152158 0.879979 -4.679565 16.181495 3.172756 -9.820299 -5.546534 7.554490 5.073259 8.737774 7.842293 4.175084 -34.480846 66.923157 83.688363 9.554878 43.346224 3.327489 11.715766 -6.407066 0.963185 0.941282 -8.447610 19.849161 2.688955 -58.639737 -117.470026 6.373610 -41.155908 -12.419922 11.955962 29.571745 -32.472316 -24.819526 -3.046301 -11.800782 25.350239 0.122903 2.562277 3.380267 -0.449365 -0.000000 0.000000 0.000000 23.162096 -11.377945 7.542111 9.098158 22.840071 0.752230 15.952852 -14.584490 -8.924109 -0.002861 -0.505671 0.639419
-1.899524 0.947445 0.758012 -94.374929 4.106233 -5.501754 2.971003 6.609375 2.591733 1.168631 -2.871279 1.107423 1.168590 2.947945 1.226198 0.964111 8.049259 0.922290 -4.658973 16.184984 2.965109 -9.709097 -5.565392 7.162190 5.105154 8.573689 7.537716 3.088669 -33.176413 66.471519 83.811625 9.915812 43.909728 3.119980 12.006208 -6.514721 1.142750 0.814250 -8.459454 21.321106 2.896149 -58.010930 -117.735457 3.577165 -41.662209 -12.428580 11.873947 29.746407 -32.535235 -24.410468 -2.825318 -12.224097 27.295491 0.142505 2.669532 2.532560 -0.684345 0.000000 0.000000 -0.000000 23.254728 -10.395658 6.890644 9.876080 21.379478 0.511381 15.853550 -14.088882 -8.495743 -0.008208 -0.900445 1.044492
-1.898240 0.952936 0.772439 -95.171397 4.285206 -5.463238 3.017967 6.258936 2.662525 1.187293 -3.026225 1.141008 1.186920 2.792962 1.261687 0.980758 7.933083 0.949202 -4.667828 16.210608 2.699776 -9.629889 -5.545750 6.671039 5.064840 8.444294 7.259750 2.851355 -31.644805 65.382735 84.065318 10.140442 43.814641 3.324606 12.050596 -5.719469 1.296597 0.730154 -8.463772 22.313543 3.224217 -57.214478 -118.566955 1.438903 -41.999845 -12.583405 11.802839 29.589087 -32.484073 -23.501073 -2.674662 -12.585467 28.141508 0.212321 2.832933 0.970713 -0.277176 -0.000000 -0.000000 0.000000 23.673555 -9.042833 5.661204 10.770189 18.979281 0.734106 15.334170 -12.961857 -8.082891 -0.011083 -1.189201 1.535782
-1.897408 0.959326 0.786832 -95.741917 4.590030 -5.303760 3.052988 5.853522 2.725915 1.201480 -3.205712 1.171957 1.200706 2.613446 1.294054 0.993833 7.798494 0.973768 -4.705466 16.249432 2.390863 -9.587886 -5.502739 6.108065 4.959426 8.374939 6.973114 2.985870 -29.966387 63.992144 84.459334 10.323247 43.393344 3.807352 12.002282 -4.345936 1.408831 0.714295 -8.462814 23.124039 3.595743 -56.327422 -119.744737 -0.469282 -42.262522 -12.826459 11.721275 29.265346 -32.193863 -22.262929 -2.578001 -12.786420 28.202400 0.395257 3.395784 -0.818166 0.713114 -0.000000 0.000000 -0.000000 24.251215 -7.559728 4.133238 11.596678 16.051229 1.138855 14.437366 -11.339798 -7.716046 -0.012814 -1.554344 2.105373
-1.896496 0.965667 0.800643 -95.912766 4.952449 -5.132703 2.952876 5.479614 2.820837 1.153700 -3.371791 1.218295 1.152622 2.447464 1.335505 0.961194 7.673929 1.005429 -4.747198 16.251703 2.081327 -9.556460 -5.526105 5.548992 4.784051 8.425784 6.725870 2.816390 -28.493873 62.797890 85.100089 10.756206 43.078637 4.339069 11.990910 -3.008355 1.386519 0.896116 -8.433257 23.711707 3.737461 -55.690820 -120.864958 -1.926631 -42.373030 -13.037650 11.620309 28.895949 -31.636401 -20.978116 -2.361054 -12.186622 27.720390 0.617709 4.716947 -2.131790 2.306334 -0.000000 0.000000 -0.000000 24.698340 -6.511884 2.835774 12.217432 13.781985 1.367248 13.016381 -9.512663 -7.480417 -0.032449 -2.486115 2.800340
-1.895397 0.971989 0.813493 -95.658059 5.353543 -5.039760 2.685974 5.161174 2.986107 1.027493 -3.513718 1.297281 1.026264 2.305823 1.401685 0.871659 7.567463 1.056055 -4.790516 16.194408 1.779139 -9.534974 -5.658156 5.009410 4.529721 8.665291 6.508986 2.235071 -27.363891 61.939176 86.263587 11.751520 42.982962 4.924260 12.074160 -1.750329 1.152181 1.364812 -8.374451 24.171929 3.564488 -55.423532 -121.936392 -2.773898 -42.329180 -13.168411 11.491534 28.502424 -30.854271 -19.684086 -1.791821 -10.474452 26.604496 0.642926 7.215522 -2.886172 4.658358 -0.000000 -0.000000 0.000000 24.983908 -6.010985 1.953674 12.589974 12.359694 1.354037 10.943474 -7.466796 -7.313510 -0.092060 -4.192053 3.585076
-1.894218 0.978261 0.825761 -95.002913 5.809412 -4.926937 2.282917 4.872098 3.180949 0.839007 -3.643500 1.390358 0.837763 2.176391 1.475640 0.736089 7.469965 1.112695 -4.837906 16.101355 1.476764 -9.522954 -5.855556 4.473662 4.197413 9.023641 6.326701 1.369220 -26.455677 61.250979 87.700414 12.980871 42.984151 5.573663 12.188769 -0.537280 0.777892 2.027892 -8.296277 24.420348 3.170052 -55.419147 -122.956287 -3.154702 -42.178505 -13.273455 11.344863 28.062648 -29.797057 -18.367669 -1.065081 -8.047206 24.982379 0.476069 10.458545 -3.611703 7.545838 0.000000 0.000000 0.000000 25.188708 -5.936988 1.298325 12.816805 11.611484 1.211605 8.347558 -5.200552 -7.318430 -0.206125 -6.444596 4.549965
-1.892743 0.983447 0.838039 -93.848694 6.298253 -4.617088 1.713197 4.621588 3.324884 0.579177 -3.758200 1.461599 0.578151 2.061937 1.520425 0.545052 7.383430 1.147381 -4.873064 15.993418 1.194083 -9.495310 -6.078920 3.970889 3.798119 9.354250 6.249802 -0.056631 -25.764185 60.713117 88.752267 13.773084 43.161844 6.015781 12.278887 0.147410 0.395809 2.742949 -8.187827 24.150934 2.546070 -55.679709 -123.501900 -3.304515 -41.962312 -13.381243 11.205862 27.629643 -28.321413 -17.220691 -0.634368 -5.325438 23.385380 0.416752 13.557409 -4.446832 10.417773 -0.000000 0.000000 0.000000 25.246688 -6.518875 0.816574 13.041827 12.194434 0.925977 5.422742 -3.037769 -7.765183 -0.406958 -9.074079 5.929080
-1.890796 0.987708 0.850533 -92.039518 6.868556 -3.961210 0.926288 4.375789 3.346343 0.229642 -3.873149 1.479829 0.229157 1.947165 1.503116 0.282472 7.296464 1.135325 -4.909307 15.907694 0.963975 -9.486315 -6.255750 3.563742 3.270654 9.521820 6.359240 -2.394118 -25.334259 60.445141 89.107823 13.884137 43.785947 6.070759 12.303953 0.119766 0.054338 3.443353 -8.016491 23.101926 1.679941 -56.193581 -123.251059 -3.317730 -41.668154 -13.496886 11.076720 27.165376 -26.448088 -16.224466 -0.654770 -1.840062 21.656937 0.746614 16.403357 -5.321058 13.733341 0.000000 0.000000 0.000000 25.033911 -7.959135 0.417290 13.533089 14.529950 0.605011 1.738596 -0.926134 -8.673573 -0.798327 -12.510807 7.856753
-1.888552 0.990883 0.863038 -89.720986 7.438667 -3.088694 -0.025885 4.160930 3.317425 -0.190987 -3.975385 1.476446 -0.190691 1.844996 1.457070 -0.035407 7.218910 1.101703 -4.935268 15.808914 0.752522 -9.465270 -6.455644 3.188380 2.679746 9.662686 6.578569 -5.285215 -25.137901 60.341128 89.065771 13.614759 44.622688 5.896686 12.269898 -0.423997 -0.291694 4.196113 -7.807346 21.556483 0.538077 -56.929931 -122.520890 -3.118110 -41.325378 -13.609583 10.956997 26.706467 -24.198392 -15.335449 -0.950154 1.901336 19.913906 1.017875 19.096794 -6.575756 16.997960 0.000000 0.000000 -0.000000 24.724742 -10.061377 0.116469 14.047157 18.212078 0.332210 -2.361247 1.065854 -9.895638 -1.404272 -16.281341 10.288335
-1.886326 0.991448 0.875536 -87.254393 7.802912 -2.256477 -1.021593 4.076310 3.372976 -0.636735 -4.020086 1.510071 -0.635634 1.799989 1.445399 -0.369762 7.184130 1.094078 -4.896806 15.610957 0.478531 -9.306792 -6.848554 2.681062 2.226149 10.037657 6.744233 -7.955212 -25.070543 60.064488 88.865363 13.074306 44.993130 5.707751 12.183282 -1.382001 -0.651688 5.060023 -7.631939 20.030048 -0.917745 -57.860664 -121.847875 -2.681783 -41.038022 -13.722231 10.871553 26.418352 -21.442440 -14.670511 -1.494333 4.154080 19.056994 0.934700 21.153708 -7.992022 18.279636 0.000000 0.000000 0.000000 24.679582 -12.457130 0.016427 13.935014 22.655516 -0.022154 -5.536409 2.429639 -11.404145 -2.004737 -18.924678 12.991532
-1.884454 0.988768 0.888115 -84.630865 7.856060 -1.561413 -2.072809 4.188122 3.588922 -1.117293 -3.978891 1.615503 -1.115415 1.840361 1.501894 -0.725384 7.213053 1.138220 -4.773879 15.252104 0.083602 -8.953269 -7.553358 1.928018 1.985354 11.072861 6.753023 -10.240698 -25.361336 59.570609 88.555554 12.056095 44.631396 5.566683 11.986766 -2.951610 -1.081382 6.319334 -7.463543 18.838836 -3.031206 -59.140994 -121.508398 -1.962577 -40.968812 -13.821161 10.849496 26.426677 -17.600245 -14.362395 -2.420108 3.759770 19.798472 0.657038 22.727154 -8.442680 16.511883 -0.002418 0.008318 -0.029082 24.809350 -15.143975 0.290370 12.685568 28.071467 -0.793086 -7.419658 2.861060 -13.804150 -2.311908 -19.540720 16.393609
-1.882599 0.983478 0.900686 -81.873144 7.708973 -0.936983 -3.170436 4.425595 3.890726 -1.624093 -3.883504 1.760901 -1.621509 1.934515 1.595828 -1.098020 7.282035 1.211109 -4.583923 14.800617 -0.379661 -8.448164 -8.435107 1.023633 1.864780 12.343988 6.713474 -12.355903 -25.776786 59.001167 88.084241 10.696613 43.867002 5.475955 11.684182 -4.914620 -1.536149 7.686300 -7.327452 17.722463 -5.474120 -60.589642 -121.221932 -1.001049 -40.973577 -13.915141 10.869127 26.606528 -13.233247 -14.145530 -3.619575 1.976164 21.346173 0.509722 23.623237 -8.057831 13.076847 -0.006085 0.019358 -0.057100 25.174686 -18.155448 0.684539 10.635736 34.237798 -1.873748 -8.443020 2.673639 -16.507233 -2.255100 -19.225871 19.850345
-1.880063 0.975971 0.912965 -79.395575 7.512501 -0.402627 -4.161693 4.689604 4.186414 -2.083723 -3.776483 1.904003 -2.080698 2.040111 1.692382 -1.435318 7.359585 1.286119 -4.330074 14.364031 -0.824986 -7.821299 -9.285297 0.119683 1.836086 12.835328 6.773162 -14.058840 -25.533982 58.183998 87.551484 9.560163 42.849124 5.489123 11.423773 -6.557074 -1.870009 8.364878 -7.374118 16.246823 -7.255235 -61.698885 -120.677399 0.113130 -40.692517 -14.049630 10.878564 26.747217 -9.932994 -13.669642 -4.675973 0.729100 22.355055 0.559947 23.092429 -8.317977 9.681689 -0.000000 -0.000000 -0.000000 26.374736 -21.142998 0.679568 8.540000 39.931030 -2.687527 -8.324185 2.328116 -17.791903 -2.173474 -19.480428 21.463476
-1.876065 0.965504 0.924614 -77.290527 7.366671 0.062987 -5.008639 4.949801 4.458201 -2.478309 -3.670971 2.035710 -2.475191 2.144012 1.784016 -1.724541 7.435870 1.357278 -3.999773 13.979178 -1.241287 -7.051287 -10.033792 -0.770519 2.004950 11.941992 6.992636 -15.211186 -24.061244 56.800216 87.105997 8.815457 41.399793 5.625772 11.330737 -7.656521 -2.014634 7.761361 -7.754677 13.955347 -7.712595 -62.102037 -119.793902 1.305441 -39.698270 -14.269085 10.864965 26.769260 -8.581226 -12.684058 -5.402765 0.824103 21.757525 0.764151 20.392729 -10.272426 6.501669 0.015614 -0.080763 0.178289 29.197416 -23.984043 -0.214837 6.447325 44.917135 -2.918871 -6.442773 1.663137 -16.675106 -2.330900 -20.832683 20.053403
-1.871386 0.952819 0.935970 -75.464661 7.188998 0.440963 -5.748466 5.243186 4.724575 -2.825533 -3.550669 2.164837 -2.822577 2.262627 1.877816 -1.978322 7.523194 1.430125 -3.609366 13.609706 -1.642405 -6.165112 -10.746892 -1.664863 2.291983 10.270558 7.289631 -15.978846 -21.930070 55.074215 86.602388 8.260865 39.644818 5.803323 11.325090 -8.456677 -2.006649 6.477396 -8.321284 11.233301 -7.454634 -62.272498 -118.629145 2.631626 -38.378345 -14.533079 10.838943 26.750243 -8.302264 -11.578911 -5.992247 1.405317 20.629771 0.965713 16.511771 -13.224790 3.353043 0.018806 -0.191569 0.442898 32.999147 -26.671030 -1.647123 4.582447 49.405049 -2.592159 -3.339962 0.478663 -14.344741 -2.346872 -22.336642 16.606814
-1.867672 0.940528 0.947762 -74.050652 6.866959 0.659866 -6.341200 5.579390 4.944236 -3.105215 -3.409756 2.273008 -3.102657 2.402147 1.957652 -2.182680 7.626471 1.492537 -3.205899 13.246352 -1.973432 -5.274230 -11.438314 -2.440909 2.406751 8.618935 7.614693 -16.480989 -20.083769 53.551042 85.684821 7.943355 38.139232 5.863444 11.283319 -8.958698 -1.873372 5.511909 -8.775271 8.841334 -7.442895 -62.878846 -117.073241 4.188942 -37.561812 -14.767581 10.782322 26.713377 -8.047384 -11.061124 -6.607055 1.945642 20.882862 1.100571 13.377078 -16.181745 1.220787 0.006832 -0.284624 0.763526 36.136968 -29.144534 -2.690927 4.258471 52.848150 -1.320605 -0.369047 -0.567139 -12.172215 -2.067110 -23.252638 12.691853
-1.865643 0.929111 0.960269 -73.141559 6.254677 0.607471 -6.766920 6.021587 5.118793 -3.309387 -3.219762 2.361062 -3.307705 2.591068 2.025040 -2.331834 7.767057 1.545748 -2.777423 12.827900 -2.219694 -4.363204 -12.222899 -3.073933 2.143282 7.030344 8.018760 -16.460355 -18.729773 52.268166 83.930840 8.040061 37.009012 5.692812 11.148853 -9.027955 -1.551642 5.273029 -9.011581 6.990551 -8.252337 -64.255717 -114.969858 6.280179 -37.672685 -14.971921 10.668959 26.708917 -7.122383 -11.567238 -7.358073 2.185845 23.892965 1.309126 11.476834 -18.936717 0.720048 -0.002465 -0.366083 1.180825 38.170608 -31.523777 -3.006227 6.518079 54.956101 1.770709 2.128942 -0.937544 -10.262464 -1.628030 -23.956881 8.722686
-1.864579 0.918089 0.973211 -72.640373 5.511692 0.395814 -7.044947 6.514169 5.241292 -3.445801 -3.005589 2.425000 -3.445381 2.804375 2.075028 -2.431873 7.926176 1.585740 -2.335284 12.408921 -2.391926 -3.448815 -13.001033 -3.580481 1.693466 5.464667 8.485529 -16.117331 -17.630348 51.193872 81.754989 8.406001 36.088749 5.384785 11.020530 -8.805098 -1.124433 5.351694 -9.134447 5.480003 -9.341593 -65.997935 -112.498251 8.643802 -38.168198 -15.148305 10.526139 26.681430 -6.172512 -12.663271 -8.199619 2.535978 28.282243 1.655877 10.153476 -21.676465 1.290533 -0.006131 -0.433544 1.652914 39.316383 -33.857349 -2.676457 10.351193 55.855021 5.863457 4.475389 -1.073450 -8.238964 -0.907144 -24.013766 4.405243
-1.863964 0.908629 0.986485 -72.399766 4.980381 0.291067 -7.196188 6.887689 5.258393 -3.518370 -2.841615 2.439304 -3.518998 2.967856 2.081871 -2.486918 8.048476 1.592486 -1.960976 12.150838 -2.468933 -2.699301 -13.476041 -3.884147 1.365391 4.589869 8.864879 -16.165415 -17.090989 50.716876 80.070699 8.643545 35.527208 5.110465 10.975426 -8.701268 -0.863389 5.515471 -9.152441 4.415492 -10.034745 -67.569801 -110.035040 10.510488 -38.472296 -15.221967 10.419600 26.498457 -6.168188 -13.737989 -9.030548 3.418315 31.828181 1.952777 9.516107 -23.868790 2.013913 -0.007775 -0.441018 2.019886 38.743521 -36.091974 -1.194562 13.842952 55.915258 8.576842 6.395991 -1.270898 -6.610917 -0.166134 -21.986230 0.855221
-1.863691 0.901107 0.999779 -72.472898 4.809470 0.465804 -7.195231 7.096189 5.099555 -3.510647 -2.746769 2.371476 -3.511853 3.062775 2.014809 -2.486587 8.120244 1.542431 -1.685068 12.132724 -2.402096 -2.200406 -13.505409 -3.873383 1.351922 4.915144 9.064797 -17.063583 -17.555050 51.244987 79.246297 8.770022 35.525851 4.905521 11.073621 -8.934438 -0.945992 5.742752 -9.009690 3.781521 -10.088361 -69.000213 -107.252127 11.646476 -38.307502 -15.058482 10.417246 26.061602 -8.126686 -14.785396 -9.725819 5.252379 33.749096 1.923076 10.026022 -25.291679 2.518404 -0.008629 -0.342582 2.290720 35.343970 -38.249105 2.359315 16.863479 55.569192 8.801329 7.871843 -1.494493 -5.662293 0.148912 -16.543818 -1.425031
-1.863867 0.895148 1.013404 -72.808590 4.850038 0.753501 -7.069481 7.185147 4.836562 -3.439703 -2.702311 2.254012 -3.441150 3.107667 1.904528 -2.441619 8.154982 1.458946 -1.475219 12.272469 -2.235498 -1.872748 -13.243279 -3.643359 1.472102 5.926844 9.160083 -18.354040 -18.542005 52.417601 78.918723 8.809802 35.892346 4.745681 11.233660 -9.290722 -1.189596 6.056281 -8.760169 3.553753 -9.722120 -70.285434 -104.472826 12.240792 -37.986049 -14.758707 10.472891 25.495739 -11.058984 -15.881387 -10.324247 7.474737 34.786386 1.663131 11.280251 -26.192027 3.078886 -0.005059 -0.184846 2.455941 29.888044 -39.913609 7.475999 19.792965 54.653467 7.770948 8.959862 -1.566845 -5.088074 0.058909 -9.396671 -2.738172
-1.864298 0.890798 1.028183 -73.108422 4.993542 0.909910 -6.918268 7.121031 4.632702 -3.359443 -2.726539 2.160446 -3.360714 3.083897 1.819104 -2.387443 8.138002 1.393709 -1.320192 12.491319 -2.085981 -1.643756 -12.835371 -3.421927 1.475845 6.754566 9.229686 -19.332519 -19.034759 53.369866 78.904411 8.359961 36.230995 4.720902 11.298605 -9.523679 -1.329784 6.286370 -8.577932 3.830054 -8.928653 -70.859605 -103.056247 12.186281 -38.034498 -14.626170 10.460672 24.971335 -12.933082 -16.500296 -11.044372 8.916875 35.053241 1.471782 12.085014 -26.732264 3.752319 -0.001244 -0.061229 2.328065 24.703672 -40.642034 12.189422 21.416621 52.805030 6.474456 9.530367 -1.469503 -4.629538 -0.090325 -3.863789 -3.182986
-1.864867 0.888221 1.044400 -73.269154 5.230136 0.809466 -6.774329 6.860196 4.557504 -3.288353 -2.840071 2.121737 -3.288945 2.970775 1.787621 -2.335737 8.053584 1.368706 -1.227703 12.778836 -1.997279 -1.509428 -12.300599 -3.289597 1.171477 7.041746 9.295412 -19.437094 -18.586583 53.628309 79.143370 7.064612 36.315734 4.932214 11.179227 -9.502632 -1.271056 6.370337 -8.576519 4.752733 -7.576447 -70.295957 -103.871322 11.288798 -38.790629 -14.891558 10.272621 24.556953 -12.697210 -16.343928 -12.084243 9.012768 34.582015 1.572114 11.854427 -27.030700 4.570339 0.002372 0.074344 1.489850 20.702092 -40.467168 15.610929 20.985934 49.599259 5.046934 9.313063 -1.097407 -4.374498 -0.073195 -1.420715 -2.475762
-1.865691 0.887253 1.061772 -73.395653 5.567477 0.577092 -6.605606 6.445629 4.540825 -3.208284 -3.022479 2.107040 -3.207823 2.788837 1.781099 -2.275087 7.917414 1.362106 -1.189763 13.146304 -1.923177 -1.473763 -11.618107 -3.162240 0.743427 7.148072 9.329460 -19.207624 -17.682458 53.618248 79.702228 5.268836 36.363105 5.270550 10.967241 -9.353572 -1.111935 6.367921 -8.640250 6.231709 -5.838259 -68.957300 -106.027203 9.740157 -39.956828 -15.353663 9.989430 24.164734 -11.420227 -15.644417 -13.300318 8.292837 33.408474 1.750492 11.179844 -26.944797 5.511210 0.004989 0.172691 0.358650 17.363312 -39.637670 18.248916 19.537870 45.326328 3.669769 8.604983 -0.559884 -4.384106 -0.004659 -0.522663 -1.051694
-1.866920 0.887443 1.080267 -73.501839 5.920249 0.345714 -6.411563 5.974132 4.537370 -3.117144 -3.230116 2.097540 -3.115550 2.581718 1.780931 -2.205562 7.762344 1.360170 -1.174778 13.547751 -1.845566 -1.482926 -10.872875 -3.019209 0.499755 7.276855 9.338169 -19.537924 -16.757114 53.716343 80.560475 3.605650 36.653872 5.510526 10.785786 -9.212103 -0.886535 6.287197 -8.599313 8.012840 -4.140193 -67.467195 -108.264698 8.093107 -41.195950 -15.695710 9.751511 23.689362 -10.225627 -14.649616 -14.499662 7.270205 31.698239 1.697068 10.640153 -26.246544 6.560050 -0.000000 0.000000 -0.000000 15.010014 -38.496616 20.065796 17.980460 40.729395 2.832448 8.086086 -0.145700 -4.281570 -0.000000 -0.000000 0.000000
-1.868630 0.888778 1.099698 -73.637520 6.263011 0.203304 -6.143513 5.468079 4.501831 -2.990870 -3.452014 2.072859 -2.988160 2.360486 1.769127 -2.110513 7.596841 1.349259 -1.203295 13.978607 -1.753106 -1.579425 -10.073666 -2.831617 0.629833 7.495525 9.323985 -21.021520 -15.890035 54.155570 81.818730 2.287193 37.407277 5.545721 10.671535 -9.146357 -0.570842 6.073701 -8.341873 10.188649 -2.584765 -65.951142 -110.371565 6.511000 -42.599635 -15.793929 9.627335 22.988955 -9.468924 -13.360823 -15.662345 5.993096 29.332643 1.256095 10.518129 -25.007866 7.807633 -0.000963 -0.212484 1.071919 14.112572 -37.119406 20.785136 16.054419 35.702865 2.533606 7.918497 0.073380 -3.802344 -0.029559 0.307691 0.207588
-1.870746 0.891271 1.120254 -73.752407 6.621439 0.061958 -5.850054 4.905059 4.477168 -2.853372 -3.699146 2.052663 -2.849533 2.114055 1.762916 -2.006569 7.412438 1.342447 -1.254648 14.443346 -1.655805 -1.719444 -9.211525 -2.627785 0.947190 7.733223 9.298274 -23.047512 -14.985094 54.658601 83.334592 1.070780 38.403994 5.484728 10.589621 -9.090790 -0.198338 5.774764 -7.981657 12.640582 -1.117197 -64.211357 -112.546562 4.780359 -44.030020 -15.786778 9.557328 22.197810 -8.811011 -11.785586 -16.801401 4.440430 26.434323 0.676398 10.611775 -23.170249 9.126751 0.003030 -0.684760 2.918811 14.101109 -35.553077 20.767583 13.857974 30.393054 2.699249 7.901350 0.214670 -3.132638 -0.021214 0.155705 0.100178
-1.873194 0.894516 1.142465 -73.709691 6.987535 -0.207679 -5.676680 4.314608 4.552391 -2.774485 -3.960721 2.078421 -2.769497 1.852908 1.796727 -1.943589 7.216627 1.366099 -1.236847 14.908885 -1.566813 -1.724836 -8.346863 -2.467820 1.196959 7.984952 9.280649 -24.707584 -14.235475 54.837568 84.714309 -0.088616 39.284291 5.428448 10.560273 -8.975062 0.114852 5.556756 -7.685327 14.768786 0.178855 -62.495891 -114.208084 3.030649 -44.996048 -15.731463 9.493276 21.613323 -8.297966 -10.209652 -17.800115 3.008335 23.515922 0.203738 10.819106 -20.330864 10.168199 -0.042823 -2.329403 4.644219 13.730607 -34.064614 20.945070 12.406042 25.980348 3.105213 8.168545 0.314425 -2.442503 0.000000 -0.000000 -0.000000
-1.876181 0.898681 1.166494 -73.422681 7.414432 -0.707388 -5.708112 3.649714 4.790015 -2.794321 -4.259107 2.177825 -2.787875 1.554467 1.894202 -1.949569 6.992158 1.437947 -1.084874 15.399119 -1.479601 -1.478217 -7.435044 -2.361727 1.301068 8.336942 9.278784 -25.552207 -13.770883 54.450770 85.827559 -1.243115 39.904233 5.372329 10.613321 -8.744915 0.343702 5.500497 -7.511749 16.374123 1.446436 -60.922310 -114.994108 1.205670 -45.286563 -15.591167 9.401468 21.409470 -8.009734 -8.622798 -18.559717 1.747921 20.450395 -0.132443 11.246131 -16.154626 10.799879 -0.234555 -5.780803 5.873588 12.308131 -32.668646 21.812280 12.035918 22.834790 3.455563 8.997757 0.376713 -1.504112 0.000000 0.000000 0.000000
-1.879500 0.903598 1.192178 -72.981467 7.854081 -1.331768 -5.868652 2.958668 5.128380 -2.875764 -4.571609 2.322667 -2.867545 1.241549 2.030831 -1.998395 6.756298 1.539276 -0.865381 15.890515 -1.396411 -1.104770 -6.520431 -2.286387 1.335187 8.704162 9.278320 -26.041960 -13.482137 53.771875 86.826650 -2.331659 40.391549 5.323642 10.713570 -8.448907 0.520024 5.532127 -7.398170 17.653235 2.614091 -59.449703 -115.299639 -0.556534 -45.230303 -15.388515 9.314206 21.414860 -7.833936 -7.038395 -19.178309 0.566391 17.367258 -0.417199 11.883768 -10.997572 11.214277 -0.603308 -10.401509 7.031236 10.587062 -31.318470 22.840358 12.234584 20.588559 3.723156 10.142561 0.386390 -0.517158 -0.000000 -0.000000 -0.000000
-1.882456 0.908348 1.219565 -72.511448 8.144616 -1.900724 -6.058243 2.412645 5.472227 -2.971125 -4.820216 2.471304 -2.961281 0.992428 2.169778 -2.057581 6.568142 1.642595 -0.684956 16.279143 -1.348532 -0.791001 -5.796895 -2.261006 1.273338 8.826050 9.254390 -26.648169 -13.228289 53.204001 87.753106 -3.212387 40.809209 5.398366 10.785790 -8.172642 0.620674 5.592351 -7.328447 18.595971 3.338545 -58.173657 -115.701857 -1.782664 -45.162886 -15.256241 9.273755 21.410687 -7.524631 -5.775525 -19.838508 -0.366699 15.157320 -0.681397 12.446865 -5.477534 11.530069 -1.105270 -15.197928 8.434715 9.505296 -30.220312 23.402556 12.679911 19.299620 3.901037 10.998688 0.321448 -0.320262 -0.000000 -0.000000 0.000000
-1.884833 0.913024 1.249070 -72.118338 8.213191 -2.345386 -6.217488 2.072428 5.789916 -3.053504 -4.976913 2.610119 -3.042519 0.835309 2.300254 -2.108223 6.449078 1.740062 -0.587323 16.522962 -1.353603 -0.611104 -5.342822 -2.303972 1.096143 8.442221 9.181557 -27.657947 -12.890375 52.817884 88.685088 -3.834502 41.340064 5.666243 10.799137 -7.972393 0.645586 5.654596 -7.310059 19.235387 3.500485 -57.127517 -116.511878 -2.260301 -45.211752 -15.258242 9.313937 21.326840 -7.111734 -4.983549 -20.671490 -0.820958 14.044116 -0.897779 13.066077 0.753418 11.844205 -1.818848 -20.749130 10.145520 9.185241 -29.442088 23.401413 13.822847 19.288352 3.996559 11.296182 0.174425 -1.502152 0.000000 0.000000 0.000000
-1.886847 0.917533 1.280278 -71.691550 8.130815 -2.737927 -6.398496 1.876665 6.114158 -3.147370 -5.069987 2.753390 -3.135542 0.741733 2.434052 -2.167632 6.377553 1.840487 -0.529414 16.664854 -1.400750 -0.489221 -5.078077 -2.410929 0.828202 7.811385 9.082715 -28.784179 -12.602586 52.525137 89.542552 -4.257908 41.829586 6.055458 10.782229 -7.795483 0.596518 5.745766 -7.339497 19.521436 3.258982 -56.332915 -117.439593 -2.202471 -45.228376 -15.334047 9.398157 21.234825 -6.565257 -4.507022 -21.554975 -0.981470 13.784830 -1.129961 13.654207 7.357584 12.131025 -2.756930 -26.447647 12.250257 9.439304 -28.942663 22.979513 15.201555 20.221908 3.969473 11.255348 -0.004410 -3.499243 0.000000 -0.000000 0.000000
-1.888451 0.920685 1.311987 -71.029102 7.949921 -3.112681 -6.661745 1.811135 6.445426 -3.279818 -5.106627 2.901399 -3.267302 0.704321 2.568604 -2.256188 6.347893 1.941869 -0.487161 16.728082 -1.482505 -0.383246 -4.959158 -2.576781 0.504164 7.452026 9.004294 -29.646384 -12.586281 52.510579 90.137366 -4.484286 41.849516 6.466345 10.751193 -7.566145 0.451816 5.885455 -7.385968 19.318921 2.683357 -55.868037 -118.148747 -1.772801 -45.104545 -15.431143 9.462230 21.124956 -5.562305 -4.203176 -22.283842 -1.263170 14.579520 -1.538760 13.457197 12.744435 12.148675 -3.440513 -29.538229 14.842916 10.690931 -28.784822 21.903305 15.124870 21.194828 3.764983 11.054168 -0.199948 -5.421119 -0.000000 0.000000 -0.000000
-1.889365 0.921818 1.344404 -69.998369 7.692825 -3.539361 -7.066473 1.904193 6.858977 -3.481705 -5.076200 3.088569 -3.468658 0.733523 2.735232 -2.394748 6.367531 2.068021 -0.447080 16.684172 -1.644646 -0.251275 -5.037984 -2.891771 0.127550 7.738544 8.917042 -30.094578 -13.152676 52.923040 90.466635 -4.561800 41.191499 6.926035 10.718073 -7.178081 0.165368 6.185905 -7.462237 18.627247 1.647298 -55.878180 -118.654417 -0.916574 -44.850865 -15.538859 9.483309 20.995808 -3.871381 -4.057514 -22.843084 -2.198674 16.637025 -2.114969 11.005738 16.529596 11.477638 -3.079238 -27.858030 18.531983 13.898899 -29.123163 19.635479 12.201721 21.709758 3.369945 10.685722 -0.254014 -7.174038 -0.000000 -0.000000 -0.000000
-1.889868 0.921594 1.377323 -68.730935 7.343339 -3.955274 -7.549982 2.126393 7.279528 -3.721208 -4.990371 3.281189 -3.707843 0.817845 2.903589 -2.561744 6.428218 2.196102 -0.421713 16.562237 -1.842930 -0.131959 -5.260871 -3.269868 -0.315525 8.294807 8.848628 -30.287191 -13.962538 53.648906 90.559466 -4.418750 40.064741 7.404516 10.663306 -6.735590 -0.219686 6.532100 -7.555944 17.475484 0.264352 -56.180842 -118.921729 0.328993 -44.513501 -15.670102 9.484096 20.850946 -1.719673 -4.092118 -23.242371 -3.210412 19.774997 -2.793922 7.508148 19.181762 10.375352 -1.350035 -23.649154 21.932582 18.170638 -29.592312 16.640613 7.841093 22.325787 2.876515 10.170032 -0.373934 -8.833378 -0.000000 -0.000000 0.000000
-1.890749 0.920795 1.408928 -67.423185 6.891128 -4.196490 -7.991513 2.377588 7.481315 -3.931727 -4.888653 3.376830 -3.918219 0.918146 2.977959 -2.714241 6.501771 2.253497 -0.427493 16.470678 -1.933501 -0.108543 -5.429632 -3.437130 -0.811498 8.518968 8.931919 -30.301683 -14.251026 54.481807 90.278996 -3.866646 38.656671 7.717080 10.573312 -6.477356 -0.584555 6.607122 -7.596159 15.750897 -1.024605 -56.368480 -118.534289 1.661059 -44.013915 -15.807218 9.467498 20.683680 0.521415 -4.231474 -23.306437 -3.046097 23.612923 -3.508273 6.249784 20.409941 9.735274 0.543314 -21.020093 22.824788 21.067042 -29.688221 14.303395 4.500478 23.687948 2.256319 9.835219 -1.155018 -9.781616 0.000000 -0.000000 -0.000000
-1.892360 0.919023 1.438471 -66.127772 6.258716 -4.151248 -8.329870 2.642549 7.314618 -4.078064 -4.773842 3.308111 -4.064784 1.031906 2.894419 -2.830793 6.587184 2.191763 -0.495532 16.452197 -1.820388 -0.274348 -5.467660 -3.203254 -1.397857 8.074814 9.284450 -30.061827 -13.538424 55.404954 89.456573 -2.795100 36.750800 7.797959 10.409342 -6.412761 -0.873966 6.099367 -7.528479 13.038627 -1.904046 -56.260356 -116.942621 2.947679 -43.200561 -15.976175 9.406741 20.503555 2.931664 -4.451522 -22.986575 -0.773771 28.598947 -3.947974 9.186917 19.493287 9.403346 1.476856 -21.541006 20.274072 21.139700 -29.503537 13.487324 3.331632 26.544908 1.255311 9.899317 -3.140008 -9.625398 -0.000986 0.011136 0.058382
-1.894348 0.916677 1.466699 -64.798379 5.509323 -3.941716 -8.623603 2.943000 6.931575 -4.194051 -4.638743 3.143677 -4.181385 1.166163 2.718202 -2.931872 6.689034 2.060194 -0.595151 16.462723 -1.598918 -0.537888 -5.452888 -2.756749 -2.047928 7.310154 9.789686 -29.640026 -12.316602 56.438671 88.234126 -1.379787 34.499993 7.713231 10.226088 -6.529412 -1.151243 5.325999 -7.412027 9.722620 -2.620205 -56.071323 -114.682527 4.270201 -42.143664 -16.147758 9.326972 20.298981 5.414920 -4.819354 -22.331137 2.966710 34.328886 -3.577751 14.014958 16.965866 8.751795 1.725245 -22.618946 15.337140 19.809443 -29.159180 13.343865 3.100328 30.084277 0.001594 10.162567 -5.796390 -8.793878 -0.001250 0.022102 0.116805
-1.896446 0.915742 1.494048 -63.480443 4.842318 -3.745966 -8.934797 3.231998 6.557613 -4.317734 -4.508584 2.983732 -4.305723 1.295393 2.545715 -3.038392 6.787076 1.931425 -0.651071 16.479287 -1.411694 -0.708307 -5.424363 -2.389389 -2.629190 6.647316 10.233900 -29.326960 -11.277721 57.405944 86.930524 0.184030 32.669396 7.487189 10.148468 -7.036955 -1.456045 4.916769 -7.337265 6.866235 -3.600133 -55.952292 -112.978046 5.698042 -41.136475 -16.224062 9.307156 20.028868 7.332287 -5.402381 -21.336546 6.858190 39.110293 -2.498487 18.067718 14.332164 8.748359 1.446726 -22.618266 9.726844 18.854338 -28.414201 12.817184 2.734094 32.568507 -0.979064 10.355225 -8.089889 -7.891194 -0.000000 -0.000000 -0.000000
-1.898548 0.916872 1.520617 -62.136267 4.308525 -3.610505 -9.328866 3.505567 6.244185 -4.480650 -4.386989 2.851519 -4.469146 1.415708 2.397003 -3.172347 6.878089 1.820657 -0.642782 16.502821 -1.301751 -0.732189 -5.381341 -2.188118 -3.112913 6.185003 10.588731 -29.175345 -10.711661 58.264428 85.461578 2.154076 31.590608 7.003120 10.219737 -8.330293 -1.818485 5.230437 -7.360405 4.758362 -5.217841 -55.808327 -112.413054 7.759515 -40.276119 -16.130989 9.423376 19.609473 8.306670 -6.270132 -19.917028 10.468341 42.513405 -1.330001 20.830613 11.902020 11.193339 0.562165 -21.501823 3.258586 18.999679 -27.084344 11.496107 1.846415 33.255086 -1.405093 10.333476 -9.683615 -7.017883 0.001014 -0.026741 -0.475639
-1.900760 0.919414 1.546307 -60.801063 3.858628 -3.481643 -9.741987 3.766036 5.939042 -4.651897 -4.271038 2.723429 -4.640870 1.530271 2.251544 -3.312184 6.964788 1.712313 -0.590527 16.531723 -1.226104 -0.662323 -5.327674 -2.066052 -3.517294 5.820941 10.884355 -29.132099 -10.323052 59.042661 83.904331 4.324083 30.918645 6.360569 10.319597 -10.022139 -2.190744 5.909559 -7.419073 3.093451 -7.130624 -55.653494 -112.412606 9.989877 -39.572442 -15.964153 9.598535 19.111101 8.684080 -7.361351 -18.193514 13.887196 45.020119 -0.109800 22.859773 8.895109 14.706478 -0.766219 -19.806137 -3.706613 19.441430 -25.313089 9.898189 0.892115 32.905954 -1.481342 10.260086 -10.907505 -6.054445 0.001704 -0.086688 -1.126511
-1.903134 0.923387 1.571248 -59.624082 3.549099 -3.375325 -10.045027 3.969592 5.711429 -4.777302 -4.179958 2.628444 -4.766711 1.620318 2.143837 -3.414694 7.032951 1.632131 -0.481664 16.538478 -1.199215 -0.469910 -5.313670 -2.054725 -3.754715 5.664276 10.995543 -29.317525 -9.919266 59.644138 82.839841 5.863664 30.514337 5.934727 10.405231 -11.150722 -2.483530 6.506608 -7.414519 2.075532 -8.769435 -55.810082 -112.515102 11.002249 -39.167080 -15.855738 9.681538 18.739275 8.933806 -8.529599 -16.486434 15.996542 46.323221 0.876053 23.611681 5.579626 16.601230 -1.652562 -18.090861 -8.415111 19.665054 -23.366238 8.378988 0.129877 32.056960 -1.360510 10.349667 -11.723457 -5.256321 0.004093 -0.297375 -1.577106
-1.905571 0.928944 1.595510 -58.698244 3.441119 -3.310347 -10.179274 4.106516 5.618585 -4.833881 -4.118892 2.590939 -4.823697 1.680903 2.100586 -3.460749 7.078628 1.600195 -0.320273 16.461057 -1.246284 -0.152191 -5.454753 -2.199922 -3.736520 5.811071 10.835062 -29.853112 -9.433184 60.001508 82.634228 6.297460 30.434409 5.942269 10.571296 -11.196495 -2.668468 6.850129 -7.271306 2.170245 -10.005975 -56.620947 -112.521894 9.728357 -39.216654 -15.837252 9.575426 18.656462 9.213104 -9.786697 -14.876590 15.822364 46.180497 0.924303 23.072514 2.094194 15.771043 -1.411932 -17.377448 -9.476416 19.511452 -21.284340 6.916314 -0.516016 30.702750 -1.025585 10.954232 -12.236969 -4.759080 0.008301 -0.579854 -1.675989
-1.908170 0.935933 1.619025 -57.928883 3.475663 -3.256840 -10.204219 4.182847 5.603829 -4.845154 -4.084988 2.586017 -4.835248 1.714701 2.094505 -3.469940 7.103994 1.595969 -0.104279 16.363059 -1.345097 0.285912 -5.632085 -2.461131 -3.548508 6.164662 10.493119 -30.608208 -8.919431 60.185741 82.953606 6.126537 30.696693 6.185902 10.806429 -10.681249 -2.777428 7.106079 -7.062483 2.962037 -10.963829 -57.855597 -112.564721 7.216024 -39.508222 -15.849069 9.380630 18.715132 9.378071 -11.097554 -13.275797 14.094343 44.821413 0.230852 21.749795 -1.368502 13.702896 -0.697307 -17.174009 -8.305673 19.134500 -19.059684 5.491853 -0.998664 28.852980 -0.484020 11.740723 -12.348634 -4.439683 0.014821 -1.012648 -1.574208
-1.911275 0.943924 1.641714 -57.183942 3.528329 -3.158370 -10.168073 4.179303 5.565231 -4.826859 -4.085350 2.568437 -4.816956 1.714502 2.078791 -3.457372 7.104068 1.584058 0.189686 16.404294 -1.435122 0.861930 -5.546853 -2.731984 -3.360919 6.542430 10.109098 -31.321144 -8.376381 60.305360 83.322127 5.969494 31.144672 6.443680 10.983124 -10.206475 -2.818294 7.332641 -6.909819 3.334064 -11.493602 -58.972788 -112.800125 5.225311 -39.533351 -15.859470 9.236747 18.667361 9.475276 -12.250967 -11.749702 12.185216 42.637101 -0.184919 20.009913 -4.103313 11.609628 -0.286863 -15.592673 -6.469305 18.563717 -16.919011 4.394502 -0.884242 27.025775 -0.010527 11.908315 -11.711624 -4.167435 0.022952 -1.948627 -1.349508
-1.915023 0.953269 1.663429 -56.476515 3.588363 -3.031402 -10.059534 4.065669 5.489312 -4.773050 -4.133016 2.531535 -4.762855 1.667312 2.047366 -3.419035 7.069176 1.559713 0.592371 16.676078 -1.484698 1.618681 -5.029510 -2.960365 -3.222625 6.892104 9.695697 -31.900223 -7.763182 60.335954 83.613990 5.973510 31.762063 6.660782 11.028641 -9.945035 -2.750036 7.519823 -6.860702 2.575321 -11.374986 -59.734390 -113.478887 4.513641 -38.874300 -15.868542 9.200285 18.379626 9.649682 -13.197949 -10.328006 10.531432 39.566441 0.198639 17.321045 -5.822799 9.428302 -0.251258 -10.850885 -4.233137 17.818269 -14.865047 3.764304 0.100854 25.145501 0.210921 11.137706 -10.089339 -3.761429 0.029405 -3.434523 -1.111953
-1.919277 0.963616 1.684318 -55.793274 3.665194 -2.858988 -9.889532 3.873871 5.385508 -4.689517 -4.214237 2.480223 -4.678858 1.586790 2.004518 -3.359092 7.009474 1.526330 1.079892 17.085045 -1.509452 2.517820 -4.253652 -3.164467 -3.081532 7.270625 9.244658 -32.438733 -7.123450 60.303931 83.964142 5.987612 32.563904 6.893819 11.015962 -9.724856 -2.615732 7.678818 -6.867157 1.381305 -10.848643 -60.348955 -114.456822 4.325526 -37.952321 -15.880231 9.206811 17.981211 9.775923 -13.980341 -8.973933 8.699294 35.660577 0.872668 14.295285 -6.969503 6.954705 -0.162819 -4.583214 -1.692099 16.926784 -12.906821 3.423668 1.652047 23.258853 0.223648 9.791383 -7.696923 -3.409908 0.029220 -5.423386 -0.749634
-1.923972 0.973475 1.704752 -54.963223 3.660651 -2.538710 -9.738810 3.682088 5.187366 -4.609490 -4.293990 2.387179 -4.598329 1.507678 1.919584 -3.304855 6.951199 1.461202 1.594470 17.511685 -1.519315 3.456472 -3.440658 -3.343231 -2.951387 7.652398 8.860065 -32.954374 -6.595647 60.387054 84.275673 6.174661 33.450244 7.078680 11.030639 -9.631489 -2.548643 7.902423 -6.905691 0.726452 -10.498317 -60.896477 -115.404455 4.109866 -37.459507 -15.864070 9.217774 17.617523 9.497095 -14.523620 -7.649452 6.714711 31.532086 1.315302 12.530838 -7.647521 5.318683 0.000000 0.000000 -0.000000 15.949453 -11.274611 3.194375 3.373331 22.052393 0.102168 8.056803 -4.868521 -3.521875 0.000175 -8.126942 -0.003040
-1.929147 0.982844 1.724643 -53.948087 3.525678 -2.005948 -9.628116 3.516675 4.837114 -4.539686 -4.359661 2.227297 -4.528117 1.442566 1.766795 -3.263435 6.903996 1.345020 2.151404 17.936300 -1.499350 4.458220 -2.627117 -3.474641 -2.839187 7.960746 8.621453 -33.451723 -6.180402 60.641870 84.498303 6.639119 34.411479 7.176481 11.112856 -9.736447 -2.637859 8.191740 -6.979798 1.142814 -10.503161 -61.372527 -116.291129 3.655787 -37.742286 -15.805098 9.238073 17.357759 8.814418 -14.781515 -6.414353 4.265414 27.273469 1.448725 12.484987 -7.434800 5.494835 0.011471 1.175523 0.435104 14.716160 -10.041631 3.091735 5.536579 21.774759 -0.074065 5.730601 -1.349822 -4.298016 -0.121664 -12.204754 1.315958
-1.934764 0.991726 1.744078 -52.789322 3.297697 -1.330891 -9.533051 3.360274 4.392441 -4.472377 -4.419761 2.025632 -4.460512 1.383011 1.571957 -3.227164 6.861275 1.197166 2.739529 18.374274 -1.458848 5.506876 -1.786456 -3.571611 -2.735439 8.267303 8.449511 -33.931176 -5.885503 61.008779 84.680829 7.265104 35.469937 7.214583 11.220074 -9.967153 -2.791641 8.549677 -7.082463 2.098398 -10.689592 -61.785697 -117.105880 3.139973 -38.434546 -15.720950 9.273502 17.132428 7.734795 -14.791928 -5.206734 1.832722 22.761931 1.547515 13.197253 -6.512879 6.839784 -0.018845 0.588775 0.215493 13.405972 -9.142931 3.093243 7.907200 22.212339 -0.289819 2.895687 2.594396 -5.523952 -0.412815 -16.987607 3.076352
-1.940645 0.998633 1.763690 -51.435807 3.006055 -0.615246 -9.467437 3.224426 3.961958 -4.419398 -4.471369 1.830831 -4.407266 1.331819 1.382516 -3.201288 6.824659 1.053521 3.254609 18.764763 -1.457135 6.432955 -1.033346 -3.712459 -2.628591 8.770306 8.216378 -34.408157 -5.862071 61.486415 84.870249 7.885753 36.575633 7.228403 11.311956 -10.191480 -2.870202 9.069065 -7.167070 2.967525 -11.100567 -62.233266 -117.530685 2.593262 -39.145026 -15.622624 9.294172 16.881477 5.906036 -14.598994 -3.809520 0.644438 18.333105 1.548935 14.066250 -5.753985 8.232939 -0.000000 -0.000000 0.000000 12.588176 -8.592592 2.996454 9.355338 23.328191 -0.475454 0.148111 5.832964 -6.954826 -0.811645 -20.694912 5.026797
-1.946822 1.003311 1.783564 -49.890509 2.684867 0.111664 -9.435460 3.101919 3.584793 -4.384433 -4.518385 1.660292 -4.372004 1.285075 1.215531 -3.187241 6.791092 0.926942 3.659472 19.093220 -1.531239 7.180724 -0.393212 -3.955377 -2.513080 9.706610 7.850144 -34.932329 -6.286852 62.210823 85.105669 8.435925 37.771076 7.228833 11.366044 -10.372325 -2.796059 9.927587 -7.184232 3.598047 -11.922471 -62.799965 -117.379708 1.961846 -39.830059 -15.504608 9.290267 16.536392 2.583862 -14.084420 -1.893823 1.674201 13.844356 1.180968 15.048221 -5.434764 9.235315 -0.000000 0.000000 0.000000 12.611491 -8.466437 2.707996 9.350242 25.152963 -0.562829 -2.309111 7.998056 -8.559099 -1.161521 -22.616056 7.071633
-1.953263 1.006015 1.803614 -48.153100 2.290324 0.872186 -9.433307 3.000117 3.221560 -4.363833 -4.556662 1.496554 -4.351155 1.246967 1.053900 -3.183646 6.763892 0.804531 3.986551 19.383767 -1.650394 7.799543 0.177409 -4.254968 -2.393865 10.849179 7.452272 -35.479274 -6.989292 63.032708 85.352938 8.969180 39.017376 7.208154 11.403370 -10.545483 -2.640219 10.943236 -7.154549 4.148279 -12.949514 -63.448174 -116.836490 1.369026 -40.556598 -15.367553 9.282343 16.166920 -1.462797 -13.317308 0.152024 3.961814 9.590823 0.543631 16.243406 -5.338385 10.325902 0.000000 0.000000 0.000000 13.140910 -8.656962 2.329086 8.431612 27.618863 -0.570766 -4.693474 9.429321 -10.324970 -1.397750 -23.467915 9.209841
-1.959701 1.006025 1.824225 -46.168096 1.736495 1.637459 -9.464560 2.949152 2.864348 -4.358926 -4.572652 1.336574 -4.346132 1.231006 0.894401 -3.191791 6.753215 0.683934 4.232546 19.637598 -1.777388 8.272971 0.675539 -4.543932 -2.274042 11.700526 7.142075 -35.935700 -7.595110 63.521202 85.544683 9.502229 40.138962 7.179349 11.449684 -10.688477 -2.492832 11.670019 -7.153047 4.450967 -13.631488 -64.043353 -116.168645 1.108723 -41.091163 -15.233042 9.278838 15.919475 -4.352005 -12.716204 1.532745 5.645715 6.508884 0.013774 17.434513 -5.668477 11.621672 -0.000000 0.000000 0.000000 13.712780 -8.904031 1.967093 7.064169 30.517486 -0.593464 -6.951901 10.072332 -12.005684 -1.476492 -23.625380 11.265690
-1.966151 1.003008 1.845702 -43.864043 0.974984 2.414631 -9.567910 2.947996 2.499927 -4.386034 -4.566695 1.174720 -4.373141 1.236719 0.729755 -3.224313 6.758750 0.559676 4.409848 19.863330 -1.904519 8.620694 1.119075 -4.812332 -2.155173 11.992425 6.947915 -36.313160 -7.939776 63.410792 85.679683 10.003571 41.199657 7.176277 11.527466 -10.760336 -2.404139 11.898527 -7.244140 4.391506 -13.642637 -64.516049 -115.527562 1.366634 -41.243271 -15.108997 9.276912 15.878930 -5.278338 -12.492644 1.958868 5.755081 4.883362 -0.303561 18.863862 -7.144280 13.660713 0.000000 0.000000 0.000000 14.329104 -9.143842 1.588995 5.054387 33.915500 -0.682099 -9.355690 9.818710 -13.750448 -1.320712 -22.858710 13.546975
-1.972597 0.997296 1.867739 -41.319611 0.042543 3.168095 -9.704780 2.999680 2.144813 -4.428859 -4.537354 1.018393 -4.416014 1.265716 0.569089 -3.268430 6.781707 0.438660 4.504520 20.055400 -2.042993 8.822084 1.496369 -5.077676 -2.040788 11.987129 6.802598 -36.574684 -8.162775 62.965510 85.753761 10.498801 42.141985 7.165734 11.613360 -10.801156 -2.335159 11.846801 -7.402000 4.080918 -13.316490 -64.874335 -114.805784 1.940146 -41.173470 -14.989694 9.266578 15.958265 -5.065567 -12.459612 1.785396 5.071137 4.328123 -0.536859 20.273503 -9.140578 15.746856 0.000000 0.000000 0.000000 14.992737 -9.434379 1.223357 2.539882 37.732228 -0.850495 -11.583017 8.776918 -15.325441 -0.874120 -21.418980 15.679756
-1.978717 0.989171 1.889798 -38.702415 -1.009473 3.804912 -9.764618 3.140462 1.841546 -4.440646 -4.468851 0.886617 -4.428377 1.334169 0.436153 -3.287659 6.834103 0.338847 4.473275 20.191350 -2.185856 8.799983 1.756828 -5.317624 -1.934419 11.979737 6.673421 -36.521734 -8.355458 62.553326 85.667456 11.111434 42.613141 7.057873 11.660844 -10.907245 -2.247925 11.713233 -7.582405 3.679916 -13.106775 -65.075602 -113.890870 2.526941 -41.169632 -14.879124 9.240919 16.044464 -4.305684 -12.499638 1.244538 4.267216 4.672200 -0.588668 20.888055 -9.670608 16.224064 -0.000000 -0.000000 -0.000000 15.223948 -9.744948 1.076393 0.516888 41.555413 -1.066004 -12.661939 7.297209 -16.028745 -0.454737 -20.416325 16.630883
-1.984308 0.977371 1.912129 -36.016793 -2.174620 4.422032 -9.737741 3.370624 1.555243 -4.414751 -4.360683 0.763583 -4.403333 1.442483 0.315722 -3.277761 6.916231 0.248654 4.284056 20.247710 -2.333513 8.497053 1.857501 -5.526442 -1.903329 12.187421 6.422673 -36.111744 -8.569758 62.449765 85.506709 11.833106 42.578194 6.772099 11.650481 -11.140437 -2.117440 11.584837 -7.735443 3.220600 -13.167187 -65.016637 -112.802398 2.761508 -41.236704 -14.794367 9.202478 16.094512 -2.875910 -12.552722 0.065984 3.401452 5.779491 -0.197767 20.405057 -6.790173 14.350630 -0.000000 -0.000000 0.000000 14.668530 -10.096044 1.168264 -0.558713 45.542086 -1.362388 -12.061039 5.131705 -15.761245 -0.293736 -20.048358 15.990417
-1.989575 0.963157 1.934482 -33.255230 -3.451608 4.903866 -9.637621 3.689710 1.337593 -4.359842 -4.214218 0.672316 -4.349562 1.589291 0.229961 -3.243637 7.026940 0.184817 3.965026 20.250468 -2.494928 7.964032 1.852418 -5.725843 -1.879424 12.399520 6.198961 -35.393350 -8.783497 62.377202 85.115180 12.702379 42.083306 6.387187 11.587446 -11.425374 -1.971174 11.378237 -7.921857 2.664314 -13.362535 -64.823443 -111.516307 3.049385 -41.396540 -14.716738 9.147615 16.149446 -0.875840 -12.543217 -1.459987 2.418686 7.748679 0.509017 18.850917 -2.227719 11.161594 0.000000 -0.000000 0.000000 13.669323 -10.508126 1.452086 -1.090668 49.557887 -1.588181 -10.352318 2.460165 -14.966906 -0.304282 -19.997667 14.229828
-1.994810 0.950593 1.955565 -30.549587 -4.757046 4.854976 -9.389352 4.116801 1.369657 -4.252822 -4.024187 0.693004 -4.244411 1.780262 0.261466 -3.162504 7.170094 0.209760 3.563627 20.251516 -2.673742 7.286319 1.836739 -5.931532 -1.663042 12.238990 6.388020 -34.308930 -8.945588 61.872175 83.968143 13.888127 40.907405 6.056996 11.465222 -11.657453 -1.848489 11.043207 -8.256860 2.065488 -13.694546 -64.820046 -109.925339 4.302866 -41.929286 -14.596608 9.066927 16.219797 0.742250 -12.535561 -2.282811 1.838156 10.809848 1.099549 16.313899 0.524127 7.585344 0.000000 -0.000000 0.000000 12.773325 -10.966714 2.044391 -1.229283 52.751810 -1.313422 -8.176354 0.294744 -13.729528 -0.445473 -20.586989 11.652992
-2.000291 0.940707 1.974786 -27.911723 -6.147943 3.875047 -8.903852 4.736890 1.866199 -4.066810 -3.756279 0.921001 -4.061212 2.049704 0.508268 -3.007292 7.370687 0.397713 3.037153 20.259429 -2.928647 6.403545 1.827618 -6.237757 -1.034617 11.316229 7.309904 -32.715836 -8.827086 60.366740 81.652273 15.124471 38.558447 5.854257 11.231056 -11.742332 -1.765576 10.503192 -8.951949 1.252446 -14.358726 -65.046736 -107.989147 7.023199 -42.924882 -14.439347 8.852829 16.318452 1.875455 -12.864858 -1.759857 2.036930 15.944744 1.567004 12.350029 -0.543399 3.261843 0.000751 0.007708 -0.029231 12.039718 -11.434805 3.253463 -0.845751 54.844515 -0.287416 -5.345247 -1.017112 -11.541702 -0.604653 -22.502341 7.684550
-2.005742 0.932472 1.992737 -25.281246 -7.478452 2.359626 -8.261322 5.398984 2.648420 -3.828191 -3.472739 1.273130 -3.824996 2.334846 0.884485 -2.802754 7.582078 0.683355 2.427925 20.271788 -3.197764 5.374274 1.824459 -6.545983 -0.259192 9.907299 8.507849 -30.770306 -8.410828 58.482697 78.368942 16.444055 35.526758 5.725431 10.945647 -11.780051 -1.707447 9.883305 -9.829768 0.405135 -15.111921 -65.507821 -106.050537 10.841830 -44.163380 -14.234768 8.610245 16.410303 2.568613 -13.429035 -0.581533 2.719099 22.192848 2.316514 7.680491 -3.627411 -1.236639 0.001252 0.015014 -0.058569 11.361609 -11.979775 4.782417 0.033527 56.068120 1.282973 -2.049430 -2.077689 -8.765893 -0.309495 -24.797551 2.494091
-2.010626 0.926863 2.009902 -22.713141 -8.390954 1.149092 -7.649890 5.802865 3.266571 -3.593490 -3.299218 1.546646 -3.591114 2.509787 1.181737 -2.605434 7.711435 0.908441 1.914171 20.311271 -3.300161 4.468846 1.869244 -6.578404 0.170512 8.701799 9.278533 -28.816766 -8.180039 57.475893 74.472848 18.471893 33.041309 5.615541 10.777123 -11.966180 -1.668792 9.389859 -10.398687 0.127324 -15.280160 -66.407939 -104.589021 15.334859 -45.392625 -13.922199 8.656738 16.466761 2.146226 -13.646551 0.285867 3.254140 26.936078 2.988769 4.546346 -6.366434 -4.138161 -0.000000 0.000000 -0.000000 11.065939 -12.727426 5.848812 0.945169 56.329188 3.007547 0.559704 -3.023188 -6.548039 0.359172 -25.610604 -2.046883
-2.014822 0.924554 2.026355 -20.273755 -8.745664 0.665977 -7.166485 5.841763 3.463796 -3.389557 -3.281315 1.628755 -3.387083 2.528902 1.284536 -2.444779 7.725412 0.985473 1.581946 20.414411 -3.113780 3.803186 2.026720 -6.135455 -0.036093 8.055191 9.378024 -26.805097 -8.763937 57.991232 69.686557 22.042448 31.607408 5.467855 10.805985 -12.498473 -1.734023 9.104444 -10.365774 0.753793 -14.412458 -68.108879 -104.083706 21.316012 -46.538187 -13.419212 9.274566 16.387813 -0.089503 -13.148798 0.459618 3.045016 29.088750 2.760172 4.488581 -7.827518 -4.853082 -0.001857 -0.003710 0.232971 11.514640 -13.820829 6.046238 1.589630 55.516667 4.737878 2.057919 -3.631260 -5.265424 0.847723 -24.405317 -4.856267
-2.018451 0.924872 2.042023 -17.939873 -8.748868 0.552575 -6.720351 5.682216 3.437516 -3.188472 -3.348627 1.609410 -3.185937 2.462732 1.285582 -2.294021 7.676181 0.984997 1.349921 20.516730 -2.758132 3.269992 2.182283 -5.415284 -0.551723 7.716976 9.164525 -24.797268 -9.909483 59.242343 64.134638 26.261750 30.536592 5.272905 10.922599 -13.192336 -1.821263 8.863573 -9.995455 1.898090 -12.875917 -70.059668 -104.190874 27.881054 -47.527837 -12.820358 10.199443 16.399369 -3.398805 -12.233338 0.322063 2.437704 29.781262 1.862534 6.074328 -8.842174 -4.434376 -0.002007 -0.029925 0.553917 12.422227 -15.056585 5.731588 1.889062 53.731607 6.175429 2.897785 -3.887221 -4.404570 1.059180 -22.060436 -6.455468
-2.021348 0.926769 2.057172 -15.663289 -8.600664 0.493157 -6.227965 5.471652 3.394862 -2.965501 -3.437968 1.581984 -2.962851 2.374684 1.280812 -2.127204 7.610699 0.979981 1.139608 20.488415 -2.427031 2.793315 2.102871 -4.753018 -0.904961 7.530568 8.936939 -23.210685 -10.904344 60.295504 59.000656 29.363088 29.431038 5.073263 11.036259 -13.659981 -1.681426 8.471999 -9.629479 3.137671 -11.344896 -71.096814 -103.724892 32.067649 -48.183199 -12.322695 10.851985 16.917546 -6.234959 -11.194160 0.100574 2.093666 29.794982 1.126684 6.988711 -9.563882 -3.909630 -0.001377 -0.199337 0.791612 13.151406 -16.044912 5.305385 1.821119 51.269675 6.806096 3.283447 -3.997337 -3.815727 1.009057 -19.160160 -7.005560
-2.023398 0.930267 2.071861 -13.425352 -8.322457 0.390929 -5.635913 5.222567 3.404363 -2.700487 -3.544266 1.576721 -2.697468 2.269834 1.302528 -1.926498 7.532568 0.994823 0.918159 20.283491 -2.203604 2.334275 1.702858 -4.287974 -0.875624 7.470999 8.809115 -22.205009 -11.382034 60.878317 54.785924 30.656183 28.224491 4.946305 11.147104 -13.721331 -1.121306 7.791617 -9.408501 4.475370 -10.214469 -70.615407 -101.320560 31.905026 -48.563516 -12.059342 10.773970 18.207195 -8.073250 -10.053973 -0.071465 2.556339 29.261946 0.903469 6.114817 -10.066264 -3.559029 -0.002929 -0.547976 0.907663 13.452160 -16.670542 4.968766 1.557345 48.174084 6.451144 3.252762 -4.077272 -3.543807 0.719383 -15.670042 -6.341130
-2.024715 0.935344 2.086031 -11.247379 -7.895904 0.359137 -4.998165 4.922163 3.385513 -2.413354 -3.672939 1.558464 -2.410123 2.142454 1.313442 -1.710157 7.437576 1.001357 0.704578 19.954927 -2.030356 1.903414 1.077231 -3.916592 -0.679224 7.554677 8.686935 -21.580835 -11.620363 61.327235 51.365020 30.997317 27.233394 4.864359 11.291023 -13.554799 -0.346389 6.958171 -9.243245 5.935811 -9.366801 -69.234561 -97.919595 29.683273 -49.224426 -12.041905 10.277898 19.843223 -9.452060 -8.775782 -0.283260 3.289739 28.077067 0.806080 4.557301 -10.259885 -3.038661 -0.007488 -1.039225 0.941021 13.550489 -17.057057 4.576832 1.162955 44.478678 5.457926 2.824267 -3.923631 -3.584016 0.354014 -11.741165 -4.755083
-2.025470 0.940886 2.099775 -9.136319 -7.440580 0.377137 -4.393242 4.660281 3.343701 -2.140004 -3.784749 1.531317 -2.136822 2.031634 1.313985 -1.505172 7.354964 1.000240 0.494262 19.533770 -1.895836 1.491109 0.284146 -3.616641 -0.505652 7.665845 8.528452 -21.149907 -11.746696 61.677404 49.105807 31.057317 26.783907 4.755663 11.458966 -13.296597 0.301014 6.215179 -9.115442 7.212262 -8.699073 -67.759026 -95.654415 28.666041 -50.211028 -12.127676 9.967159 21.196561 -10.410925 -7.516646 -0.625290 3.382305 26.721532 0.628788 3.315892 -10.066598 -2.375651 -0.011542 -1.683259 0.835670 13.479389 -17.218005 4.063172 0.591957 40.472930 4.286836 2.161017 -3.308035 -3.722622 0.110846 -8.153926 -3.193468
-2.025649 0.946813 2.112941 -7.054664 -6.955418 0.468030 -3.839256 4.460770 3.273887 -1.888139 -3.868929 1.493361 -1.885063 1.948362 1.301600 -1.317239 7.293111 0.989682 0.271941 18.973555 -1.797230 1.072219 -0.765683 -3.379297 -0.452983 7.748685 8.295474 -20.930314 -11.669618 61.943785 48.409989 31.091687 27.011288 4.580231 11.648158 -12.908708 0.691213 5.616496 -8.977276 8.165812 -8.050753 -66.378190 -95.944756 29.885704 -51.286952 -12.157674 10.247086 22.128070 -10.892712 -6.251614 -1.199287 2.373478 25.125186 0.373074 2.825777 -9.407140 -1.550444 -0.009697 -2.388428 0.526155 13.104336 -17.162960 3.378678 -0.299400 36.114128 2.970887 1.341431 -2.032704 -3.844681 -0.012771 -4.941540 -1.916050
-2.025265 0.953204 2.125681 -5.038490 -6.447029 0.610278 -3.318072 4.302362 3.188671 -1.650335 -3.935060 1.449613 -1.647422 1.883038 1.282047 -1.140404 7.244742 0.973927 0.047910 18.325888 -1.749977 0.663609 -1.976632 -3.232271 -0.425555 7.867324 8.026726 -20.897394 -11.444778 62.146475 48.878137 31.013124 27.636315 4.399951 11.849233 -12.413615 0.964181 5.113722 -8.842270 8.955322 -7.525808 -64.964073 -97.548565 31.846497 -52.316058 -12.138683 10.790817 22.899344 -10.973348 -4.980136 -1.887546 0.762974 23.357761 0.142948 2.680422 -8.377965 -0.601571 -0.001919 -3.245124 0.074731 12.536803 -16.885268 2.603241 -1.267366 31.422565 1.632465 0.334510 -0.287070 -4.134644 -0.041374 -2.021893 -0.768621
-2.024525 0.959185 2.138546 -3.204856 -6.039515 0.701304 -2.853407 4.200814 3.133539 -1.439906 -3.976831 1.420237 -1.437318 1.841769 1.274002 -0.983465 7.214208 0.967037 -0.133918 17.768131 -1.749201 0.339639 -3.016449 -3.178557 -0.323500 8.084237 7.788641 -20.812704 -11.438842 62.281210 49.589200 30.951347 28.343650 4.269294 12.044867 -12.044130 1.192274 4.802597 -8.737206 9.741942 -7.233086 -63.871474 -98.614723 33.814989 -52.859575 -12.035150 11.155039 23.550209 -10.870525 -3.906748 -2.480657 -0.899262 22.106468 -0.059467 2.622210 -7.181622 0.351930 0.012958 -4.537054 -0.385319 12.184026 -16.362894 1.855017 -1.969213 26.777584 0.697793 -0.888231 1.546198 -4.791527 0.000000 0.000000 -0.000000
-2.023442 0.964739 2.151653 -1.607452 -5.780251 0.716520 -2.454820 4.175110 3.124851 -1.261959 -3.985623 1.412590 -1.259751 1.833341 1.284379 -0.849622 7.208178 0.974295 -0.254280 17.337240 -1.792242 0.141147 -3.817954 -3.223099 -0.048569 8.466062 7.611381 -20.668117 -11.847314 62.314197 50.394654 31.001191 29.149306 4.198098 12.255003 -11.937981 1.395874 4.782573 -8.640512 10.545151 -7.174950 -63.303653 -98.290950 35.674595 -52.547345 -11.836802 11.132236 23.949417 -10.464000 -3.092808 -2.932577 -2.612262 21.570692 -0.294320 2.570128 -5.791928 1.313013 0.042208 -6.447570 -0.838664 12.229346 -15.498012 1.144975 -2.331639 22.125149 0.273717 -2.526197 3.607043 -6.022324 0.032724 0.607907 0.224138
-2.022002 0.969883 2.164885 -0.192479 -5.615307 0.666852 -2.112115 4.198565 3.157738 -1.111334 -3.972920 1.424260 -1.109409 1.846420 1.311384 -0.734925 7.218261 0.994324 -0.323043 16.998529 -1.862088 0.047422 -4.447932 -3.333768 0.304034 8.937194 7.475688 -20.483779 -12.463029 62.238709 51.438511 31.062288 30.027161 4.146641 12.473402 -11.967806 1.562724 4.958270 -8.535293 11.345039 -7.251028 -63.104804 -97.254182 37.602544 -51.655660 -11.571061 10.978434 24.177420 -9.849469 -2.483792 -3.315471 -4.382790 21.553176 -0.524263 2.630175 -4.238320 2.281038 0.093792 -8.792709 -1.309849 12.478518 -14.380716 0.484216 -2.581813 17.517341 0.103557 -4.387829 5.734713 -7.669914 0.020656 0.304543 0.109857
-2.020378 0.973789 2.178447 1.083166 -5.509845 0.498112 -1.818968 4.213486 3.245192 -0.985669 -3.964543 1.460553 -0.983969 1.855031 1.360442 -0.637265 7.224845 1.031050 -0.333499 16.818864 -1.916507 0.051208 -4.781040 -3.433594 0.545190 9.341574 7.367606 -20.065742 -13.063103 62.071633 52.241876 30.949246 30.673458 4.086672 12.648716 -11.976741 1.713361 5.136592 -8.462753 12.235929 -7.412348 -63.085835 -95.897420 39.498369 -50.744715 -11.299298 10.898496 24.563022 -9.549008 -2.134376 -3.622726 -5.686440 22.138948 -0.659265 2.804932 -2.801464 3.133117 0.164234 -11.306336 -1.726278 12.792868 -13.269967 -0.026853 -2.878285 13.506990 0.006157 -5.930805 7.106441 -9.251542 0.000000 -0.000000 0.000000
-2.018552 0.976354 2.192479 2.225051 -5.440804 0.152583 -1.580408 4.177607 3.416601 -0.888538 -3.979274 1.534543 -0.887010 1.840421 1.444266 -0.558376 7.213835 1.094045 -0.266126 16.881362 -1.941038 0.181431 -4.662371 -3.501293 0.566558 9.649032 7.255278 -19.244899 -13.588291 61.788322 52.579518 30.559152 30.978498 4.020349 12.759560 -11.918485 1.828821 5.283425 -8.469829 13.322398 -7.681009 -63.238122 -94.287491 41.386109 -50.047646 -11.037401 10.960667 25.401643 -9.764347 -2.053989 -3.823880 -6.281888 23.331274 -0.658931 3.057701 -1.585290 3.800690 0.243794 -13.910015 -2.041561 13.276212 -12.198199 -0.374966 -3.366357 10.157112 0.014951 -6.954375 7.117640 -10.812162 -0.000000 0.000000 -0.000000
-2.016542 0.977682 2.206841 3.228025 -5.424248 -0.315909 -1.392006 4.127899 3.641968 -0.816505 -4.000344 1.633094 -0.815090 1.819488 1.550151 -0.496601 7.198025 1.173802 -0.133687 17.099838 -1.932273 0.418047 -4.253338 -3.527364 0.475136 9.887726 7.158534 -18.181827 -14.093701 61.416750 52.668099 30.003581 31.057002 3.953037 12.825677 -11.842231 1.926267 5.438597 -8.511395 14.500422 -8.011465 -63.577758 -92.355609 43.296383 -49.316620 -10.792832 11.038057 26.417840 -10.287547 -2.242280 -3.971287 -6.394691 25.118431 -0.572994 3.405276 -0.487079 4.349173 0.335868 -16.682483 -2.312700 13.846307 -11.148398 -0.580404 -3.896774 7.399357 0.149935 -7.648907 6.386387 -12.195136 -0.000000 0.000000 -0.000000
-2.014561 0.977251 2.221310 4.119559 -5.486012 -0.792759 -1.232592 4.128390 3.844215 -0.756499 -3.999129 1.721691 -0.755211 1.820799 1.644854 -0.444725 7.198901 1.245203 0.020045 17.284749 -1.871296 0.677332 -3.907176 -3.464211 0.404002 9.988769 7.132248 -17.174748 -14.536743 61.070833 52.684485 29.430693 30.949480 3.875831 12.850631 -11.732000 2.077790 5.517924 -8.505346 15.549423 -8.286470 -63.934228 -90.366188 45.149516 -48.473274 -10.602332 11.060572 27.093691 -11.028045 -2.740872 -4.184144 -6.195499 27.560627 -0.446078 3.917978 0.522215 4.851576 0.453042 -19.592914 -2.623354 14.097720 -10.310163 -0.624839 -4.132459 5.594420 0.267657 -8.132450 5.935917 -12.551347 -0.000000 0.000000 0.000000
-2.012743 0.974666 2.236036 4.896982 -5.633375 -1.314022 -1.104951 4.186942 4.043130 -0.710968 -3.972281 1.809081 -0.709814 1.847679 1.736845 -0.403975 7.218898 1.314642 0.217436 17.413448 -1.758954 1.000005 -3.664733 -3.321554 0.444584 9.892535 7.186486 -16.357519 -14.842216 60.769950 52.673125 28.851794 30.605636 3.777396 12.820590 -11.513875 2.382899 5.532806 -8.390357 16.418357 -8.482156 -64.344753 -88.513815 46.989197 -47.622088 -10.483754 11.080397 27.199560 -12.056598 -3.644442 -4.466943 -5.511382 30.859649 -0.147855 4.570024 1.405150 5.285223 0.610331 -22.660539 -3.037741 13.927389 -9.763648 -0.446268 -3.762911 4.963981 0.401863 -8.647849 6.308003 -11.297551 -0.000000 -0.000000 -0.000000
-2.010956 0.970321 2.250869 5.565585 -5.861057 -1.846934 -1.005083 4.298414 4.221961 -0.677222 -3.921995 1.887768 -0.676200 1.898004 1.818953 -0.372850 7.256496 1.376726 0.435361 17.505745 -1.598718 1.345046 -3.490694 -3.097742 0.502981 9.654595 7.301934 -15.597401 -15.087070 60.514996 52.587277 28.266173 30.081984 3.670102 12.748123 -11.264298 2.741404 5.466634 -8.233659 17.157500 -8.621999 -64.759541 -86.578922 48.753748 -46.668979 -10.387291 11.130209 26.966262 -13.301508 -4.857536 -4.808626 -4.445476 34.802002 0.247027 5.377679 2.199275 5.650481 0.807638 -25.863452 -3.515540 13.445313 -9.427571 -0.135936 -3.072061 5.280681 0.563848 -8.957817 6.929174 -8.984906 0.000000 -0.000000 0.000000
-2.009015 0.964885 2.265144 6.164090 -6.182131 -2.173994 -0.899823 4.511941 4.251636 -0.633914 -3.826137 1.899947 -0.633076 1.993943 1.835552 -0.339551 7.328560 1.389430 0.557715 17.435738 -1.386959 1.501108 -3.623024 -2.750040 0.435036 9.378569 7.492911 -14.795640 -15.467930 60.383466 52.461455 27.801289 29.579886 3.577527 12.680267 -11.191963 2.924238 5.194470 -8.152379 17.692900 -8.690030 -64.869345 -84.183882 50.155745 -45.264668 -10.229118 11.149115 26.560423 -14.444456 -6.146622 -5.310375 -3.668568 38.840482 0.297500 6.491062 3.039158 6.047477 1.033715 -29.109699 -3.979859 12.558538 -9.241173 0.082945 -2.608535 6.241327 0.569929 -8.549660 7.150437 -6.495748 0.000000 -0.000000 -0.000000
-2.006467 0.957640 2.278756 6.713792 -6.662728 -2.164922 -0.772407 4.896927 4.049081 -0.569410 -3.653825 1.808427 -0.568852 2.166349 1.750606 -0.298095 7.458318 1.325498 0.528274 17.067542 -1.098097 1.356995 -4.314748 -2.214004 0.052911 8.972727 7.781925 -13.784041 -16.007780 60.270145 52.389211 27.385247 29.224712 3.477654 12.649452 -11.405897 2.819678 4.465767 -8.208955 18.015146 -8.465562 -64.452356 -81.067268 50.811407 -43.040148 -9.927298 11.104738 25.983388 -15.303144 -7.498586 -6.132008 -3.852146 43.004012 -0.491693 8.209990 4.199026 6.654637 1.365285 -33.131828 -4.510012 11.008917 -9.225306 0.052369 -2.774533 7.955121 0.278961 -6.832466 6.702424 -3.856082 0.001872 0.028475 -0.063234
-2.003765 0.949304 2.291808 7.189383 -7.244709 -1.951752 -0.641392 5.391374 3.701945 -0.495667 -3.432920 1.652413 -0.495393 2.387315 1.602071 -0.254430 7.624614 1.213453 0.395538 16.539626 -0.763125 1.003878 -5.303851 -1.555846 -0.457012 8.535578 8.154362 -12.732406 -16.694014 60.270675 52.274268 27.084421 28.896906 3.384611 12.632520 -11.798394 2.530442 3.539190 -8.342446 18.138114 -8.189736 -63.724523 -77.545536 51.000623 -40.493122 -9.542056 11.048639 25.241169 -16.016079 -8.943083 -7.121559 -4.576336 47.254399 -1.913895 10.259623 5.384493 7.250465 1.752247 -37.197023 -5.063286 9.055576 -9.370618 -0.088066 -3.188299 10.302385 -0.257866 -4.430696 5.834713 -1.120880 0.001963 0.057468 -0.126257
-2.002085 0.942691 2.303945 7.560032 -7.754603 -1.707870 -0.525499 5.845952 3.334534 -0.426436 -3.229998 1.487497 -0.426345 2.590275 1.444157 -0.214605 7.777345 1.094153 0.205744 16.139140 -0.460234 0.547971 -6.053419 -0.929784 -0.668236 8.447723 8.564772 -12.054999 -17.682860 60.746431 51.863821 27.226337 28.443157 3.377056 12.591940 -12.253843 2.157071 3.055507 -8.479288 18.002582 -8.538797 -63.043204 -73.987080 51.488049 -38.444747 -9.227858 11.015028 24.492107 -16.767458 -10.314878 -7.913625 -4.792316 50.977291 -3.210378 11.873114 5.894669 7.375814 1.859712 -39.024802 -5.247961 7.374864 -9.560955 -0.099772 -3.227391 12.653642 -0.867099 -2.747682 4.738199 0.807809 0.000000 0.000000 0.000000
-2.002193 0.938736 2.314849 7.771588 -8.165218 -1.449870 -0.421236 6.248336 2.937436 -0.359604 -3.050483 1.309531 -0.359643 2.769860 1.272988 -0.177373 7.912550 0.964728 -0.040408 15.963386 -0.174743 -0.012198 -6.382685 -0.310592 -0.273828 9.025299 9.078594 -12.156418 -19.345619 62.100437 51.018531 28.078508 27.782624 3.534347 12.461577 -12.826427 1.671743 3.415976 -8.602944 17.436825 -10.056458 -62.382190 -70.193570 52.522461 -37.053364 -9.121005 10.997481 24.050071 -17.597343 -11.603548 -8.358313 -3.719734 54.232049 -3.786233 12.819763 5.332683 6.727401 1.466937 -37.139503 -4.841259 6.017355 -9.860017 0.222987 -2.317957 15.140987 -1.491463 -2.482350 3.303958 1.468989 -0.001483 -0.218669 0.512936
-2.003322 0.936506 2.324837 7.878100 -8.502555 -1.156954 -0.332819 6.608697 2.515277 -0.297457 -2.889852 1.120693 -0.297590 2.930538 1.090473 -0.144339 8.033501 0.826614 -0.334948 15.920257 0.085718 -0.654876 -6.461794 0.281025 0.448730 9.930232 9.638255 -12.674868 -21.310667 63.960311 49.836882 29.349705 26.962491 3.781606 12.304213 -13.463016 1.118216 4.221268 -8.725756 16.576626 -12.174873 -61.709296 -66.261932 53.902631 -36.068459 -9.114121 10.984248 23.584322 -18.498954 -12.819012 -8.587707 -1.842823 56.990167 -3.851073 13.275121 4.135020 5.640304 0.889302 -33.023710 -3.974433 4.922996 -10.191025 0.692401 -1.048400 17.668198 -2.076307 -2.954285 1.684654 1.407521 -0.005813 -0.523879 1.215088
-2.004353 0.936010 2.334505 8.016158 -8.670977 -0.945969 -0.286038 6.807817 2.210192 -0.259451 -2.801169 0.984530 -0.259601 3.019204 0.958150 -0.125534 8.100224 0.726395 -0.616515 16.007706 0.208097 -1.222544 -6.295919 0.610007 1.023393 10.570834 9.993083 -12.825084 -22.642716 65.470161 48.431696 30.525835 26.045475 3.963359 12.269166 -13.888356 0.704882 4.903299 -8.817371 15.836092 -13.919637 -61.438994 -62.824952 55.816007 -35.470628 -9.017563 11.025194 22.276607 -19.624025 -13.822289 -8.651725 0.101783 58.529488 -3.729870 13.068690 2.843318 4.698529 0.448191 -28.840420 -2.768228 4.602724 -10.217131 0.962011 -0.481351 19.258692 -2.387184 -3.488132 0.489376 1.268410 -0.011602 -0.781046 1.701995
-2.004756 0.937692 2.344165 8.259090 -8.623716 -0.859928 -0.302826 6.766139 2.083513 -0.259141 -2.819792 0.928613 -0.259258 3.000554 0.902249 -0.129266 8.086286 0.684045 -0.880024 16.309714 0.097311 -1.669603 -5.733312 0.495018 1.219053 10.678458 9.992721 -12.094599 -22.855330 66.260379 46.576781 31.385148 24.877264 3.990817 12.405823 -14.057529 0.513017 5.257629 -8.866696 15.416416 -14.987248 -61.915928 -60.017469 58.754231 -35.271377 -8.800687 11.190633 19.561752 -21.438831 -14.616380 -8.475783 2.092264 58.526337 -3.687065 11.867868 1.512768 4.186472 0.156132 -25.164392 -1.167039 5.699812 -9.734033 0.804177 -1.326889 19.375640 -2.292668 -3.935407 -0.022603 1.244063 -0.013833 -0.939200 1.762726
-2.005062 0.941109 2.353506 8.535080 -8.407029 -0.854393 -0.359222 6.561132 2.071653 -0.282642 -2.911148 0.924272 -0.282723 2.909198 0.895530 -0.147220 8.017754 0.678967 -1.134105 16.737477 -0.156748 -2.046837 -4.939870 0.107171 1.241713 10.539883 9.775445 -10.957156 -22.445091 66.701505 44.489856 32.104756 23.627770 3.948786 12.662560 -14.018313 0.454596 5.482902 -8.885358 15.161232 -15.699903 -62.859495 -57.598686 62.269278 -35.329134 -8.591210 11.493954 15.987398 -23.497419 -15.177150 -8.120357 4.011661 57.298641 -3.620479 10.026938 0.073897 3.863449 -0.017548 -21.363562 0.597962 7.563952 -8.934251 0.471031 -2.829303 18.534129 -1.924689 -4.439465 -0.113775 1.128092 -0.014716 -1.049515 1.607881
-2.005737 0.944946 2.362186 8.763840 -8.065266 -0.916290 -0.411058 6.309511 2.130468 -0.308082 -3.023217 0.951180 -0.308117 2.797132 0.919863 -0.164356 7.933648 0.697360 -1.339305 17.026922 -0.389428 -2.343223 -4.404075 -0.256980 1.243637 10.412640 9.509751 -10.049743 -21.964909 66.967052 43.001371 32.842365 22.893857 3.942335 13.042362 -13.634983 0.475918 5.612546 -8.871831 14.964070 -16.037574 -63.817490 -55.742072 65.155839 -35.495273 -8.369883 11.862302 12.416796 -24.567466 -15.342047 -7.876041 4.821630 55.087715 -3.495266 8.418645 -1.150129 3.521252 -0.063268 -17.830243 2.071509 8.784345 -8.107630 0.302396 -3.842266 17.312831 -1.515022 -4.758881 0.039716 0.925590 -0.014484 -1.133446 1.464161
-2.006899 0.949096 2.370035 8.913674 -7.575112 -1.057620 -0.440850 6.031136 2.271365 -0.328274 -3.147108 1.014206 -0.328241 2.673233 0.980846 -0.174854 7.840609 0.743420 -1.482280 17.071311 -0.548533 -2.552348 -4.322915 -0.502725 1.285569 10.384453 9.227319 -9.569298 -21.542132 66.982664 42.520316 33.637713 23.011768 4.021932 13.670283 -12.668326 0.592907 5.614605 -8.812215 14.827186 -15.942146 -64.691532 -54.833154 67.005165 -36.086853 -7.946610 12.243483 8.994111 -24.003359 -15.001385 -7.951019 3.845304 51.764125 -3.264901 7.338259 -2.051605 2.941664 -0.022160 -14.871653 3.438828 8.730668 -7.338654 0.417260 -3.880024 15.769949 -1.155201 -4.745591 0.477077 0.611652 -0.013699 -1.219916 1.415417
-2.008431 0.953666 2.377223 9.013999 -6.959486 -1.266034 -0.466268 5.705993 2.483410 -0.350195 -3.291775 1.108813 -0.350070 2.528553 1.073230 -0.184290 7.731916 0.813175 -1.574237 16.977315 -0.684134 -2.676137 -4.498817 -0.720212 1.306349 10.367578 8.896735 -9.315721 -21.033675 66.808845 42.698649 34.516274 23.674773 4.172634 14.424562 -11.349358 0.789590 5.521450 -8.720614 14.732602 -15.469544 -65.577394 -54.846968 68.239084 -37.166759 -7.457537 12.605596 5.576946 -22.442496 -14.282853 -8.154158 1.789381 47.467877 -2.916676 6.529961 -2.752632 2.299278 0.029678 -12.210089 4.630868 8.051461 -6.553424 0.670992 -3.442079 13.852694 -0.781381 -4.554564 1.162721 0.211968 -0.012088 -1.280141 1.377861
-2.010452 0.957656 2.383926 9.077157 -6.332482 -1.493385 -0.495974 5.391615 2.689692 -0.373470 -3.431690 1.200932 -0.373246 2.388619 1.162982 -0.194900 7.626765 0.880908 -1.610108 16.802547 -0.782276 -2.709418 -4.824599 -0.886587 1.271557 10.354554 8.592518 -9.313531 -20.591552 66.772101 43.232633 35.661595 24.503560 4.382218 14.939257 -10.250998 0.964884 5.462979 -8.637410 14.526124 -14.776588 -66.306248 -55.364562 68.892724 -38.235468 -7.269764 12.835407 2.618009 -20.562870 -13.406668 -8.199111 -0.329621 42.834874 -2.524376 6.003024 -3.262237 1.982449 0.063655 -9.434736 4.923836 7.267170 -5.829466 0.978607 -2.863020 11.975305 -0.415514 -4.394560 1.808273 -0.192103 -0.008952 -1.249417 1.326869
-2.013099 0.960883 2.390096 9.090269 -5.703802 -1.768291 -0.536543 5.098800 2.891424 -0.401181 -3.562118 1.291142 -0.400851 2.258168 1.250374 -0.208984 7.528709 0.946862 -1.568767 16.539326 -0.834884 -2.615617 -5.314483 -0.994602 1.162147 10.355376 8.323584 -9.642307 -20.276124 67.009468 44.273348 37.328967 25.533093 4.697385 15.003068 -9.543638 1.067785 5.524382 -8.572145 14.073524 -13.806224 -66.847355 -56.309796 68.915415 -38.997379 -7.592153 12.839633 0.271323 -18.439470 -12.413956 -7.935964 -2.270122 37.850648 -2.164450 5.758661 -3.673837 2.305254 0.070869 -6.028893 3.638718 6.483366 -5.215086 1.359663 -2.086964 10.237387 -0.035740 -4.418214 2.360192 -0.590753 -0.003040 -1.055646 1.256136
-2.016235 0.963531 2.395782 9.065308 -5.064220 -2.063414 -0.581505 4.817400 3.088356 -0.430398 -3.687510 1.379275 -0.429947 2.132754 1.335543 -0.224323 7.434420 1.011122 -1.471123 16.195963 -0.849707 -2.430271 -5.952822 -1.052170 0.996330 10.357732 8.080820 -10.217313 -20.022406 67.374331 45.742364 39.242826 26.798157 5.049865 14.825007 -9.068319 1.149033 5.620267 -8.515368 13.503384 -12.622521 -67.243171 -57.703575 68.375024 -39.675910 -8.177697 12.652159 -1.596385 -15.979999 -11.297495 -7.498896 -4.285680 32.502789 -1.848096 5.696220 -3.887379 2.985404 0.036450 -2.499194 1.532205 5.598008 -4.655555 1.796493 -1.168964 8.539730 0.322656 -4.470926 2.869758 -0.996488 0.003550 -0.770941 1.172108
-2.019574 0.965149 2.401310 9.055963 -4.499126 -2.246345 -0.619967 4.572922 3.200608 -0.452082 -3.796429 1.429684 -0.451516 2.023824 1.383758 -0.236735 7.352575 1.047423 -1.377314 15.853796 -0.837262 -2.261126 -6.588456 -1.058785 0.795859 10.321407 7.911979 -10.814001 -19.799327 67.767888 46.890356 40.813749 27.832126 5.218106 14.675149 -8.901358 1.260125 5.623831 -8.478033 13.072016 -11.559481 -67.429368 -59.185478 67.468485 -40.469222 -8.694520 12.383776 -2.968548 -13.613833 -10.183304 -7.046894 -6.128471 27.423491 -1.611695 5.688073 -3.602880 3.519167 0.000000 -0.000000 -0.000000 4.808426 -4.088508 2.148079 -0.598500 6.998197 0.585318 -4.292282 3.206287 -1.362000 0.006951 -0.546911 1.069262
-2.023151 0.965440 2.406659 9.073561 -4.015289 -2.308354 -0.642751 4.372974 3.213431 -0.461564 -3.885425 1.435668 -0.460912 1.934827 1.388780 -0.243232 7.285795 1.051063 -1.291713 15.516913 -0.793366 -2.118437 -7.213893 -1.004594 0.534715 10.200808 7.826790 -11.411692 -19.598744 68.174454 47.453993 41.885438 28.462332 5.069564 14.646083 -9.157742 1.445732 5.423685 -8.449197 12.908183 -10.655384 -67.344475 -60.762425 66.122907 -41.510013 -9.035919 12.060590 -3.864062 -11.172460 -9.064415 -6.551350 -7.938463 22.664561 -1.508698 5.820090 -2.331393 3.747361 -0.001817 0.708516 -0.346417 4.135619 -3.500041 2.389272 -0.608082 5.601272 0.773451 -3.674936 3.315801 -1.673047 0.005861 -0.450513 0.928255
-2.026931 0.964702 2.411849 9.110399 -3.605836 -2.257929 -0.659007 4.209492 3.140716 -0.463738 -3.958163 1.403488 -0.463022 1.862089 1.356380 -0.247060 7.231306 1.026434 -1.212277 15.180748 -0.723242 -1.996996 -7.837733 -0.899511 0.238791 10.043759 7.816629 -12.032403 -19.427158 68.610081 47.609426 42.638709 28.774603 4.727902 14.636798 -9.715555 1.660591 5.130465 -8.440982 12.899113 -9.865961 -67.037669 -62.298303 64.390402 -42.548412 -9.288484 11.695682 -4.265666 -8.831995 -7.930098 -6.033740 -9.538512 18.171977 -1.487131 6.052642 -0.557864 3.885723 0.001131 0.356282 -0.169085 3.548902 -2.913605 2.542954 -0.956262 4.359752 0.912481 -2.819288 3.258963 -1.939219 0.003187 -0.414929 0.768324
-2.030514 0.963378 2.417264 9.194663 -3.335586 -1.987708 -0.684915 4.084015 2.944939 -0.463846 -4.014060 1.316611 -0.463070 1.806183 1.269498 -0.253399 7.189556 0.960668 -1.189459 14.913601 -0.651154 -1.982308 -8.333164 -0.770265 0.007884 9.951407 7.900298 -12.517171 -19.284303 69.027987 47.169051 43.017299 28.596477 4.358805 14.631760 -10.286464 1.822413 4.950773 -8.496981 12.941608 -9.396596 -66.602369 -63.336445 62.641431 -43.345350 -9.424566 11.411558 -4.124987 -7.563412 -6.839751 -5.754651 -10.250121 14.447262 -1.386807 6.127771 0.572958 3.907995 0.000000 -0.000000 -0.000000 3.158550 -2.333801 2.537850 -1.418875 3.419924 0.935511 -2.076070 3.074959 -2.150968 0.001247 -0.391026 0.641831
-2.033640 0.961211 2.423197 9.352496 -3.270866 -1.338609 -0.736379 4.012497 2.536801 -0.464301 -4.045974 1.135414 -0.463472 1.774255 1.088258 -0.267029 7.165961 0.823656 -1.232234 14.740106 -0.558880 -2.098346 -8.654049 -0.579044 -0.114055 9.971168 8.107881 -12.815795 -19.147079 69.461025 46.031663 42.848999 27.777205 3.997134 14.650718 -10.789844 1.858312 4.961516 -8.645711 13.051850 -9.325312 -65.911402 -63.807385 60.763203 -43.897291 -9.418045 11.286214 -3.361327 -8.034954 -5.772938 -5.940189 -9.613148 11.796041 -1.103798 5.891616 0.406537 3.665007 -0.000000 0.000000 0.000000 3.010497 -1.705287 2.271051 -1.993451 2.835811 0.712748 -1.524510 2.731883 -2.262443 0.000119 -0.357578 0.570057
-2.036568 0.958459 2.429353 9.556273 -3.348413 -0.470164 -0.795869 3.979910 2.005526 -0.462032 -4.060288 0.899452 -0.461172 1.759943 0.852526 -0.282706 7.155638 0.645498 -1.331475 14.636432 -0.464460 -2.321349 -8.844458 -0.362630 -0.170573 10.055119 8.408222 -12.979648 -19.044697 69.880730 44.327472 42.271850 26.497299 3.616771 14.672748 -11.312842 1.842612 5.086789 -8.857080 13.204460 -9.579657 -65.094845 -63.862238 58.877650 -44.308349 -9.341147 11.270550 -2.067667 -9.610919 -4.763526 -6.415305 -8.135093 9.930960 -0.743484 5.517189 -0.402874 3.253653 -0.000000 -0.000000 0.000000 3.043654 -1.081840 1.849758 -2.686580 2.543782 0.356820 -1.086461 2.256138 -2.325002 -0.000831 -0.335733 0.531740
-2.039681 0.956345 2.435233 9.755391 -3.436643 0.247409 -0.829779 3.941165 1.581514 -0.454210 -4.077100 0.710986 -0.453340 1.743150 0.664855 -0.290692 7.143333 0.503644 -1.508534 14.598462 -0.445872 -2.661200 -8.912660 -0.259347 -0.193243 10.160279 8.727152 -13.003531 -19.059400 70.150581 42.194757 41.694193 25.063335 3.286765 14.628479 -11.811890 1.914682 5.304242 -9.084277 13.229172 -10.129944 -64.636268 -63.497817 57.716123 -44.600218 -9.305751 11.285177 -0.460506 -11.295370 -3.904313 -6.833050 -6.615101 8.472160 -0.436403 5.214960 -1.030766 2.952750 -0.000000 -0.000000 -0.000000 3.218694 -0.631787 1.517219 -3.289585 2.520911 0.140921 -0.876875 1.771340 -2.476871 -0.001528 -0.339792 0.515456
-2.043149 0.955309 2.440718 9.953153 -3.538263 0.705863 -0.826629 3.906689 1.334450 -0.439451 -4.092076 0.600956 -0.438591 1.728188 0.556323 -0.287649 7.132268 0.421575 -1.804811 14.619401 -0.548615 -3.177767 -8.871821 -0.339192 -0.193808 10.337207 9.130638 -12.835697 -19.359229 70.124822 39.583213 41.143169 23.577694 3.076317 14.454711 -12.320172 2.167029 5.702543 -9.354763 13.025927 -11.239719 -64.664678 -62.799227 57.643735 -45.073040 -9.416845 11.223883 1.565376 -12.923509 -3.202263 -7.132231 -5.128962 7.417107 -0.179028 5.021840 -1.166523 2.885266 0.000000 -0.000000 -0.000000 3.535075 -0.430573 1.326998 -3.692363 2.894256 0.185230 -1.004240 1.266452 -2.804783 -0.001921 -0.362311 0.539578
-2.046802 0.954910 2.445927 10.146873 -3.648530 1.013319 -0.798741 3.865815 1.194648 -0.419432 -4.109993 0.538451 -0.418593 1.710282 0.495851 -0.277117 7.118929 0.375803 -2.177849 14.705349 -0.727983 -3.808049 -8.710794 -0.535411 -0.160346 10.532904 9.553997 -12.523515 -19.773710 69.943777 36.554421 40.550263 21.958207 2.920278 14.211487 -12.792367 2.505833 6.195417 -9.634982 12.700035 -12.634371 -65.058285 -61.689990 58.304672 -45.405136 -9.562787 11.175266 3.903013 -14.642395 -2.629824 -7.368923 -3.596857 6.765162 0.042485 4.885223 -1.117347 2.929647 -0.000000 -0.000000 -0.000000 4.006581 -0.400945 1.224275 -4.006755 3.542612 0.364418 -1.358249 0.749596 -3.217016 -0.002217 -0.410715 0.585742
-2.050506 0.955051 2.450708 10.281563 -3.621151 1.125418 -0.749195 3.740540 1.182926 -0.396428 -4.165542 0.532682 -0.395598 1.654751 0.492421 -0.260096 7.077308 0.373090 -2.523121 14.870819 -0.926565 -4.377433 -8.403270 -0.781205 -0.092420 10.552283 9.724669 -12.220402 -19.881066 69.909941 33.329112 40.193192 20.150415 2.669301 14.017123 -13.069227 2.791947 6.494934 -9.791912 12.406072 -13.471388 -65.916762 -59.892966 59.325504 -44.637168 -9.492840 11.325653 6.025970 -15.904287 -2.149029 -7.332440 -2.577223 6.143704 0.136936 4.862755 -0.977933 2.985866 -0.000000 0.000000 0.000000 4.623837 -0.490090 1.284229 -4.353759 4.077078 0.581277 -1.725897 0.375914 -3.586227 -0.002674 -0.521619 0.587362
-2.054381 0.955944 2.454885 10.363491 -3.358679 0.922531 -0.677881 3.470069 1.377583 -0.374247 -4.285774 0.618533 -0.373394 1.534541 0.580531 -0.236828 6.987077 0.439467 -2.827116 15.170944 -1.164681 -4.852401 -7.847955 -1.121523 0.020564 10.215929 9.445067 -12.019418 -19.384077 70.245145 29.656442 40.151684 17.862426 2.254693 13.915732 -13.221788 2.945280 6.440225 -9.732889 12.138793 -13.271578 -67.597752 -56.502511 60.852939 -41.511878 -9.021387 11.818737 7.864549 -16.433617 -1.784951 -6.798701 -2.416170 5.507177 0.038895 5.029658 -0.764756 3.034020 -0.000000 0.000000 -0.000000 5.529126 -0.782241 1.605451 -4.885267 4.404101 0.846512 -2.088472 0.229903 -3.881487 -0.003308 -0.745357 0.505975
-2.058307 0.957376 2.458634 10.384161 -2.957371 0.524941 -0.587822 3.113341 1.699119 -0.349805 -4.444288 0.760877 -0.348926 1.376043 0.725360 -0.207566 6.868049 0.548612 -3.106079 15.549212 -1.423187 -5.272241 -7.149027 -1.512599 0.178297 9.710147 8.910889 -11.835965 -18.589944 70.747375 25.710507 40.259453 15.321352 1.730933 13.872737 -13.185917 3.045580 6.188801 -9.557817 11.900187 -12.522985 -69.738669 -51.938296 62.560101 -36.786557 -8.298464 12.461992 9.523446 -16.490478 -1.494860 -5.976349 -2.761209 4.899237 -0.158831 5.310373 -0.460329 3.094120 -0.000000 0.000000 -0.000000 6.577896 -1.212293 2.072039 -5.447838 4.615622 1.148261 -2.468781 0.227285 -4.135349 -0.003440 -1.031251 0.379305
-2.061795 0.958617 2.462334 10.270029 -2.562506 0.247350 -0.484098 2.773375 1.932555 -0.314379 -4.595094 0.864127 -0.313526 1.225251 0.832204 -0.172887 6.754850 0.629022 -3.297229 15.854407 -1.583507 -5.565913 -6.584447 -1.751255 0.351933 9.386628 8.439538 -11.564395 -17.983699 71.084879 22.312846 40.536170 13.209195 1.123389 13.918669 -12.607386 3.196248 5.928883 -9.426393 11.862715 -11.821852 -71.345074 -48.575155 63.558888 -33.208269 -7.589238 12.980958 10.716266 -16.334719 -1.129943 -5.299404 -3.122364 4.088562 -0.312388 5.536291 -0.109099 3.125719 -0.000000 0.000000 -0.000000 7.334132 -1.485678 2.455400 -5.706574 4.605300 1.348740 -2.715921 0.274407 -4.321792 -0.002819 -1.264524 0.255466
-2.064604 0.959499 2.466195 9.949333 -2.231216 0.249942 -0.350835 2.489807 1.974313 -0.256041 -4.720576 0.881973 -0.255313 1.099793 0.855972 -0.127310 6.660800 0.646696 -3.353061 16.042388 -1.575300 -5.670362 -6.234298 -1.721998 0.560487 9.458094 8.127681 -11.048768 -17.779153 71.109095 19.688266 41.032650 11.699375 0.345909 14.145342 -11.134857 3.482093 5.700516 -9.402628 12.168741 -11.365909 -71.973773 -48.004797 63.595057 -32.525912 -6.822195 13.380624 11.245109 -16.009814 -0.601108 -4.960756 -3.315831 2.917471 -0.393186 5.629021 0.308454 3.118889 -0.000000 0.000000 -0.000000 7.685103 -1.429146 2.661522 -5.517609 4.267392 1.355638 -2.771195 0.399164 -4.396102 -0.001684 -1.424721 0.139085
-2.066975 0.960189 2.470006 9.497418 -1.905549 0.369659 -0.201118 2.224118 1.929791 -0.186084 -4.838036 0.861427 -0.185540 0.982362 0.842531 -0.075853 6.572842 0.636297 -3.318708 16.158944 -1.466517 -5.643999 -6.014869 -1.536013 0.774580 9.707745 7.880909 -10.441974 -17.756124 70.955937 17.575901 41.826544 10.579976 -0.457778 14.542957 -9.102406 3.819435 5.464276 -9.420956 12.676972 -10.953615 -72.054549 -49.153299 63.114046 -33.541523 -6.073741 13.706010 11.292631 -15.479799 0.001623 -4.769740 -3.525171 1.545809 -0.431758 5.666791 0.772223 3.083542 -0.000000 0.000000 0.000000 7.746549 -1.199915 2.798736 -5.024165 3.713708 1.253365 -2.692432 0.575781 -4.404410 -0.000326 -1.532272 0.025950
-2.069137 0.960454 2.473511 9.064354 -1.559891 0.436499 -0.081402 1.963186 1.898256 -0.130188 -4.953519 0.846952 -0.129803 0.866898 0.833733 -0.034576 6.486333 0.629452 -3.267598 16.188645 -1.345161 -5.592194 -5.956539 -1.329757 0.879878 9.837493 7.728770 -10.101946 -17.740496 70.713987 16.080354 43.080544 9.934787 -0.946757 14.947378 -7.192490 4.060331 5.290360 -9.444445 13.153109 -10.566464 -71.904580 -51.034289 62.505947 -35.217930 -5.848670 13.769234 11.097099 -14.887685 0.566493 -4.584914 -3.815168 0.224288 -0.378970 5.715422 1.178063 3.009362 -0.000000 -0.000000 -0.000000 7.431005 -0.981594 2.960823 -4.323761 3.165870 1.170452 -2.501820 0.631705 -4.458615 0.000594 -1.534327 -0.047993
-2.071217 0.960074 2.476583 8.700795 -1.172728 0.375290 -0.009942 1.692726 1.913207 -0.098046 -5.073420 0.853522 -0.097758 0.747004 0.843565 -0.009655 6.396447 0.636709 -3.218367 16.111983 -1.227534 -5.544236 -6.095694 -1.126076 0.804462 9.682038 7.708843 -10.215857 -17.644900 70.373463 15.436638 45.142735 9.958074 -0.953419 15.248872 -5.476930 4.131737 5.203025 -9.459407 13.606845 -10.165357 -71.524631 -53.829568 61.777437 -37.643491 -6.544500 13.367349 10.648589 -14.190509 1.088373 -4.351509 -4.366146 -1.031229 -0.171195 5.860726 1.508471 2.877988 0.000000 -0.000000 -0.000000 6.458167 -0.826246 3.202275 -3.237334 2.682105 1.162411 -2.179344 0.469257 -4.617334 0.000677 -1.372684 -0.061722
-2.073089 0.959268 2.479349 8.354578 -0.767187 0.261364 0.030612 1.427054 1.941729 -0.080315 -5.191309 0.866323 -0.080081 0.629118 0.858167 0.004854 6.308042 0.647593 -3.152718 15.948750 -1.096683 -5.472077 -6.395367 -0.900621 0.619347 9.406844 7.783359 -10.591925 -17.563431 69.937460 15.512481 47.696491 10.509341 -0.651199 15.489498 -3.893421 4.106517 5.177841 -9.480209 14.031539 -9.790743 -70.921976 -57.198894 60.846493 -40.556121 -7.752625 12.672927 9.984843 -13.429060 1.568054 -4.123250 -5.005134 -2.234550 0.135858 6.016956 1.781441 2.708695 0.000000 -0.000000 -0.000000 5.110385 -0.673152 3.475859 -1.944939 2.205456 1.171977 -1.742723 0.187337 -4.822484 0.000317 -1.105899 -0.035973
-2.074605 0.958459 2.481929 8.020728 -0.386285 0.151893 0.046719 1.196219 1.982925 -0.074175 -5.293802 0.884867 -0.073952 0.526626 0.877336 0.011037 6.231162 0.661951 -3.088006 15.742200 -0.991240 -5.393751 -6.776377 -0.720413 0.426958 9.209544 7.866701 -11.023286 -17.591324 69.525629 15.792830 49.895499 11.111914 -0.314150 15.685096 -2.943575 4.055447 5.212075 -9.512254 14.167441 -9.530163 -70.432973 -59.671789 60.081680 -42.674348 -8.788665 12.080436 9.372065 -12.869569 1.904389 -3.921615 -5.264141 -3.182477 0.396865 5.992781 1.945134 2.545893 -0.000000 0.000000 0.000000 4.144807 -0.544807 3.720705 -1.084473 1.780324 1.169155 -1.272274 -0.091925 -5.011959 -0.000019 -0.856454 0.002840
-2.075611 0.957703 2.484387 7.712763 -0.040420 0.065019 0.033904 1.012921 2.041655 -0.081892 -5.375276 0.911274 -0.081625 0.445151 0.902961 0.007337 6.170020 0.681206 -3.031355 15.478184 -0.926310 -5.317358 -7.265399 -0.610591 0.240777 9.158378 7.947267 -11.507571 -17.811895 69.136634 16.207374 51.632890 11.738049 -0.018987 15.845498 -2.899211 3.982930 5.343778 -9.573690 13.794562 -9.423326 -70.164301 -60.779409 59.640201 -43.581473 -9.484824 11.736338 8.886982 -12.648960 2.055673 -3.770872 -4.828589 -3.789634 0.562758 5.599559 1.954151 2.389684 0.000000 0.000000 -0.000000 3.850401 -0.457228 3.906804 -1.010165 1.416349 1.148641 -0.704770 -0.344282 -5.170700 -0.000311 -0.664037 0.063002
-2.076261 0.956943 2.486659 7.417495 0.281087 -0.016616 -0.002880 0.864851 2.112982 -0.100974 -5.441195 0.943311 -0.100617 0.379229 0.933060 -0.004528 6.120517 0.703852 -2.974155 15.170727 -0.885583 -5.231967 -7.835964 -0.544722 0.047799 9.184932 8.034875 -12.049672 -18.144192 68.782935 16.807487 53.009119 12.418115 0.252291 15.949545 -3.494647 3.883859 5.534222 -9.648118 13.130516 -9.426925 -70.008408 -61.183075 59.442539 -43.888377 -10.026187 11.515207 8.425457 -12.634665 2.068633 -3.645553 -4.008820 -4.144631 0.661786 5.026937 1.852371 2.238577 -0.000000 0.000000 -0.000000 3.936342 -0.404054 4.058491 -1.368229 1.099541 1.128389 -0.104482 -0.594586 -5.314190 -0.000533 -0.488950 0.136249
-2.076866 0.956432 2.488668 7.090646 0.567278 -0.089074 -0.042688 0.744427 2.180939 -0.121323 -5.494852 0.973813 -0.120866 0.325567 0.961496 -0.017475 6.080207 0.725249 -2.909914 14.905179 -0.861396 -5.126183 -8.329526 -0.514191 -0.087939 9.279729 8.073788 -12.460240 -18.420360 68.607775 17.049464 53.506443 12.577499 0.356285 15.981487 -4.413677 3.815499 5.666151 -9.687222 12.568615 -9.504717 -69.982286 -61.284096 59.570478 -44.047451 -10.273693 11.429826 7.922068 -12.690089 1.978073 -3.493228 -3.270007 -4.305020 0.660967 4.650505 1.722272 2.133630 0.000000 0.000000 -0.000000 4.288725 -0.383129 4.191417 -1.734494 0.837700 1.112236 0.254867 -0.795378 -5.426209 -0.000501 -0.334635 0.171673
-2.077584 0.956340 2.490295 6.699982 0.813898 -0.151166 -0.074582 0.656426 2.244805 -0.138077 -5.534074 1.002441 -0.137536 0.286341 0.988423 -0.027868 6.050729 0.745519 -2.832239 14.695194 -0.862624 -4.984395 -8.721163 -0.538642 -0.121164 9.472353 8.032719 -12.650016 -18.577574 68.701945 16.578112 52.754088 11.811497 0.232868 15.926388 -5.692999 3.821969 5.681880 -9.664374 12.291967 -9.693788 -70.139965 -61.234579 60.186398 -44.312574 -10.091972 11.539316 7.355988 -12.792862 1.741668 -3.263553 -2.793473 -4.207777 0.501815 4.664922 1.577926 2.104199 -0.000000 0.000000 0.000000 4.991406 -0.422860 4.308672 -1.975335 0.659802 1.099240 0.177323 -0.918685 -5.491341 -0.000213 -0.196797 0.133343
-2.078258 0.956497 2.491660 6.277994 1.025244 -0.203982 -0.109410 0.596106 2.304846 -0.156070 -5.561018 1.029336 -0.155440 0.259393 1.013491 -0.039345 6.030456 0.764397 -2.747609 14.526827 -0.880937 -4.821983 -9.036179 -0.599674 -0.098317 9.731992 7.941039 -12.709842 -18.666647 68.969892 15.802784 51.112035 10.583643 0.010893 15.786049 -7.283426 3.859891 5.640413 -9.604174 12.119063 -9.962774 -70.426975 -60.885367 61.122616 -44.447379 -9.624314 11.792660 6.727442 -12.967120 1.404136 -3.002655 -2.400005 -3.914154 0.250589 4.874815 1.406038 2.120534 -0.000000 0.000000 -0.000000 5.959705 -0.496692 4.403514 -2.224796 0.537345 1.084976 -0.141970 -0.993597 -5.524138 -0.000016 -0.079792 0.057154
-2.078728 0.956651 2.493050 5.877526 1.203229 -0.246921 -0.159146 0.541227 2.346718 -0.179861 -5.585635 1.048128 -0.179115 0.234769 1.029869 -0.055816 6.011928 0.776725 -2.670043 14.444238 -0.884266 -4.676554 -9.191184 -0.633072 -0.092077 9.958166 7.835241 -12.721524 -18.685661 69.268640 15.210657 49.179455 9.509648 -0.188456 15.580257 -8.742318 3.855973 5.599980 -9.534022 11.894948 -10.171721 -70.703606 -60.143656 61.959952 -44.124111 -9.147687 12.033871 6.004093 -13.143951 1.128102 -2.807141 -2.012221 -3.666053 0.065059 5.070523 1.249029 2.135132 0.000000 0.000000 0.000000 6.827418 -0.517561 4.481363 -2.459975 0.392836 1.063398 -0.390021 -1.057932 -5.553523 0.000000 -0.000000 0.000000
-2.078888 0.956743 2.494606 5.519496 1.341768 -0.277730 -0.236123 0.485715 2.362707 -0.214547 -5.610689 1.055382 -0.213628 0.209703 1.033604 -0.081377 5.993066 0.779520 -2.608190 14.494488 -0.859577 -4.568855 -9.098334 -0.612066 -0.116684 10.112361 7.711367 -12.653646 -18.591362 69.570401 14.833932 46.941547 8.654420 -0.426142 15.282783 -10.024209 3.768666 5.570614 -9.449589 11.545928 -10.228302 -70.964038 -58.769431 62.567297 -42.991387 -8.713412 12.231685 5.075957 -13.339651 0.980413 -2.732630 -1.558900 -3.557007 0.021019 5.176749 1.127548 2.133394 -0.000000 -0.000000 -0.000000 7.526569 -0.442324 4.545207 -2.726554 0.184555 1.030917 -0.464948 -1.114678 -5.590963 0.000007 0.024775 -0.012741
-2.078843 0.956832 2.496187 5.183159 1.447227 -0.297723 -0.328137 0.435136 2.360467 -0.255089 -5.633638 1.054487 -0.253965 0.186738 1.028594 -0.111975 5.975781 0.775720 -2.554243 14.630796 -0.822263 -4.479447 -8.845204 -0.566823 -0.156965 10.232443 7.574390 -12.536624 -18.427125 69.900404 14.622365 44.422288 7.932852 -0.642727 14.930594 -11.180736 3.639314 5.542859 -9.355313 11.143900 -10.226786 -71.216984 -56.937677 63.055008 -41.340072 -8.272833 12.424813 4.054489 -13.536878 0.891373 -2.726406 -1.109380 -3.493940 0.042635 5.268982 1.021169 2.130417 -0.000000 -0.000000 0.000000 8.125109 -0.313047 4.595893 -2.978823 -0.045756 0.992103 -0.468681 -1.160558 -5.625409 0.000008 0.012387 -0.006372
-2.078760 0.956831 2.497657 4.858820 1.540207 -0.311654 -0.410426 0.384589 2.348942 -0.290880 -5.656521 1.049414 -0.289570 0.163837 1.019885 -0.139308 5.958558 0.769126 -2.497557 14.756657 -0.782098 -4.386235 -8.611450 -0.516827 -0.240334 10.333489 7.475262 -12.548122 -18.321665 70.197791 14.742623 42.300408 7.557710 -0.624917 14.656374 -11.917168 3.518883 5.544400 -9.292854 10.749947 -10.301492 -71.341716 -55.216597 63.383372 -39.836843 -7.942630 12.549774 3.244792 -13.614935 0.817187 -2.726168 -0.794695 -3.437189 0.061438 5.363975 0.911169 2.124553 -0.000000 -0.000000 -0.000000 8.460959 -0.169569 4.638052 -3.056718 -0.250314 0.952905 -0.393802 -1.223665 -5.652627 -0.000000 0.000000 -0.000000
-2.078693 0.956673 2.498933 4.547065 1.626011 -0.318674 -0.476238 0.333512 2.326583 -0.318847 -5.679551 1.039474 -0.317388 0.140792 1.007106 -0.161112 5.941247 0.759459 -2.441265 14.838377 -0.734599 -4.297306 -8.459402 -0.451559 -0.402352 10.411163 7.437824 -12.800060 -18.337039 70.443180 15.285129 40.824640 7.635485 -0.279047 14.526770 -12.013749 3.421582 5.588910 -9.288050 10.344813 -10.512251 -71.246131 -53.846754 63.518344 -38.765046 -7.784461 12.539752 2.741938 -13.519497 0.742472 -2.713479 -0.692649 -3.370998 0.055891 5.483803 0.785527 2.111064 0.000000 0.000000 0.000000 8.400284 -0.019036 4.673998 -2.865784 -0.412608 0.907955 -0.202063 -1.319357 -5.669055 -0.000000 0.000000 0.000000
-2.078587 0.956426 2.500099 4.247348 1.699453 -0.319397 -0.532321 0.282255 2.294781 -0.342058 -5.702602 1.025296 -0.340468 0.117728 0.990572 -0.179652 5.923937 0.746960 -2.382050 14.909622 -0.683497 -4.204435 -8.326768 -0.380289 -0.607191 10.471394 7.438594 -13.182740 -18.410395 70.658614 16.068673 39.744282 7.989492 0.229860 14.469590 -11.684411 3.333318 5.661438 -9.316017 9.945961 -10.789723 -71.017123 -52.655531 63.511342 -37.899988 -7.722776 12.451327 2.455803 -13.304865 0.682394 -2.708143 -0.725524 -3.310994 0.047805 5.606375 0.656237 2.094684 0.000000 -0.000000 -0.000000 8.076776 0.146081 4.700569 -2.500576 -0.548950 0.860894 0.068267 -1.432326 -5.678483 -0.000000 -0.000000 0.000000
-2.078439 0.956214 2.501274 3.948215 1.765300 -0.321047 -0.574162 0.227552 2.266944 -0.359107 -5.727109 1.012865 -0.357415 0.093210 0.976410 -0.193408 5.905543 0.736245 -2.299431 14.974547 -0.649475 -4.061409 -8.206836 -0.349574 -0.775397 10.545003 7.457065 -13.541955 -18.483491 70.845519 16.834137 38.993199 8.389394 0.714504 14.417303 -11.288272 3.262712 5.746226 -9.342409 9.670993 -11.074673 -70.801930 -51.613068 63.473135 -37.163329 -7.662570 12.399015 2.414243 -13.013360 0.639848 -2.704762 -0.791350 -3.264104 0.034061 5.682122 0.540563 2.088017 -0.000000 0.000000 0.000000 7.729663 0.307787 4.713806 -2.084589 -0.660660 0.830271 0.309884 -1.544599 -5.687628 -0.000000 -0.000000 0.000000
-2.078240 0.956071 2.502524 3.640982 1.821737 -0.324000 -0.597988 0.164640 2.246943 -0.368473 -5.755176 1.003911 -0.366715 0.065137 0.966506 -0.201100 5.884489 0.728733 -2.184853 15.038976 -0.643138 -3.848219 -8.089140 -0.382539 -0.879684 10.654340 7.499134 -13.855520 -18.557638 71.001462 17.536509 38.575505 8.800706 1.153774 14.346674 -10.909474 3.217661 5.858937 -9.364883 9.592248 -11.384021 -70.633773 -50.797228 63.458191 -36.632801 -7.586424 12.432623 2.696319 -12.607221 0.627246 -2.703711 -0.879185 -3.242449 0.010748 5.669518 0.446195 2.097356 -0.000000 -0.000000 -0.000000 7.375388 0.471430 4.705341 -1.590150 -0.748206 0.830626 0.486021 -1.650491 -5.700646 -0.000000 -0.000000 0.000000
-2.077999 0.955963 2.503784 3.334334 1.870563 -0.327758 -0.607555 0.098394 2.230889 -0.371670 -5.784657 0.996710 -0.369877 0.035654 0.958980 -0.204006 5.862384 0.723013 -2.046769 15.096731 -0.653368 -3.585080 -7.984457 -0.454932 -0.947360 10.777282 7.558849 -14.145217 -18.633775 71.128813 18.238984 38.487691 9.270730 1.572366 14.282178 -10.474719 3.190256 5.983955 -9.385850 9.638151 -11.703848 -70.482868 -50.127814 63.419700 -36.224984 -7.507830 12.499675 3.224736 -12.124202 0.632166 -2.704834 -1.000002 -3.233846 -0.018003 5.610055 0.365493 2.116656 -0.000000 -0.000000 -0.000000 6.997331 0.631148 4.683339 -1.044951 -0.811158 0.846685 0.633477 -1.755609 -5.713377 0.000000 -0.000000 -0.000000
-2.077745 0.955904 2.504974 3.042843 1.921860 -0.338356 -0.609669 0.040143 2.220501 -0.371855 -5.810550 0.992039 -0.370042 0.009760 0.954291 -0.204452 5.842970 0.719437 -1.890248 15.133877 -0.668318 -3.286143 -7.918070 -0.542368 -0.980816 10.876945 7.598251 -14.321682 -18.653312 71.233408 18.863074 38.661156 9.696793 1.872898 14.244429 -10.113902 3.165378 6.059278 -9.377293 9.713053 -11.932902 -70.404856 -49.325861 63.310544 -35.609830 -7.381565 12.562425 3.791109 -11.719913 0.620161 -2.701663 -1.084691 -3.208826 -0.043362 5.578692 0.292695 2.139989 0.000000 0.000000 0.000000 6.785319 0.752646 4.670711 -0.655556 -0.849407 0.853474 0.755305 -1.858871 -5.719920 0.000000 -0.000000 0.000000
-2.077480 0.955922 2.506076 2.762777 1.978418 -0.359680 -0.604886 -0.004277 2.218374 -0.369417 -5.830269 0.991064 -0.367604 -0.009956 0.953563 -0.202651 5.828188 0.718857 -1.704930 15.142882 -0.688137 -2.931935 -7.903952 -0.648981 -0.968716 10.936728 7.595098 -14.319913 -18.575818 71.315440 19.367860 39.105245 10.028874 1.996825 14.238696 -9.913519 3.136506 6.045157 -9.316769 9.809506 -12.002522 -70.462934 -48.203332 63.112016 -34.559332 -7.172971 12.608631 4.372149 -11.428494 0.575708 -2.691341 -1.120989 -3.149211 -0.061841 5.602299 0.226600 2.168012 0.000000 0.000000 0.000000 6.854357 0.821364 4.680411 -0.531070 -0.860302 0.838621 0.850228 -1.959306 -5.715643 0.000000 -0.000000 0.000000
-2.077201 0.955990 2.507109 2.497842 2.037338 -0.387856 -0.592673 -0.040604 2.221686 -0.363963 -5.846357 0.992526 -0.362168 -0.026041 0.955579 -0.198398 5.816129 0.720353 -1.501180 15.131313 -0.712633 -2.541653 -7.927720 -0.770888 -0.922269 10.972717 7.572548 -14.204446 -18.442551 71.373687 19.804080 39.814603 10.321028 2.009102 14.266008 -9.789286 3.110019 5.981878 -9.225640 9.936122 -11.982315 -70.595614 -46.970159 62.832804 -33.322182 -6.921637 12.648423 4.991937 -11.215834 0.514266 -2.676464 -1.121121 -3.073240 -0.077105 5.654036 0.168355 2.199938 -0.000000 -0.000000 -0.000000 7.089611 0.852177 4.700793 -0.562468 -0.846513 0.815812 0.919478 -2.057921 -5.705094 0.000000 -0.000000 -0.000000
-2.076926 0.956040 2.508049 2.273759 2.100184 -0.417308 -0.578222 -0.074900 2.223986 -0.357480 -5.861532 0.993539 -0.355709 -0.041212 0.957250 -0.193404 5.804759 0.721590 -1.315237 15.107916 -0.729658 -2.187469 -7.972585 -0.872101 -0.877662 10.996949 7.560870 -14.080177 -18.316822 71.411086 20.228617 40.699542 10.623914 1.999452 14.342464 -9.613513 3.090267 5.927391 -9.141640 10.021666 -11.977830 -70.670640 -45.941897 62.471413 -32.282502 -6.692553 12.681445 5.512112 -11.135154 0.447900 -2.658583 -1.052701 -3.006162 -0.091141 5.728299 0.115665 2.227579 0.000000 0.000000 -0.000000 7.336247 0.855408 4.718656 -0.629133 -0.815761 0.799604 0.969865 -2.156618 -5.696114 0.000000 -0.000000 -0.000000
-2.076665 0.956050 2.508874 2.099256 2.167056 -0.449137 -0.562139 -0.107973 2.223641 -0.350156 -5.876153 0.993373 -0.348415 -0.055829 0.957827 -0.187869 5.793807 0.722004 -1.153902 15.069023 -0.734579 -1.883805 -8.045495 -0.941450 -0.848989 11.003984 7.571120 -13.954864 -18.209820 71.411090 20.677326 41.808540 10.969705 1.989511 14.495099 -9.336140 3.080273 5.897135 -9.074890 10.034045 -12.019663 -70.629172 -45.216172 61.992034 -31.559704 -6.489762 12.716054 5.876768 -11.256868 0.376431 -2.634100 -0.874257 -2.952530 -0.105103 5.845527 0.068209 2.247323 -0.000000 0.000000 -0.000000 7.567370 0.825395 4.732109 -0.711518 -0.758623 0.796512 0.998919 -2.260696 -5.692008 0.000000 0.000000 -0.000000
-2.076408 0.956043 2.509605 1.965597 2.237908 -0.482136 -0.543825 -0.139039 2.222174 -0.341801 -5.889872 0.992709 -0.340095 -0.069542 0.958012 -0.181595 5.783534 0.722123 -1.010476 15.018274 -0.732223 -1.616265 -8.140013 -0.990554 -0.822154 10.999358 7.592337 -13.820969 -18.110408 71.390569 21.124432 43.092598 11.336081 1.965142 14.696823 -9.004394 3.077132 5.875349 -9.015489 10.005151 -12.076821 -70.529992 -44.689032 61.439811 -31.028938 -6.307306 12.747822 6.141712 -11.510583 0.300509 -2.605660 -0.627262 -2.907854 -0.117905 5.985284 0.026269 2.262716 -0.000000 -0.000000 0.000000 7.809820 0.767738 4.742887 -0.829108 -0.684472 0.800027 1.009121 -2.364839 -5.689364 0.000000 0.000000 -0.000000
-2.076142 0.956018 2.510278 1.872333 2.314186 -0.507233 -0.526664 -0.171807 2.217923 -0.333825 -5.904352 0.990803 -0.332153 -0.084018 0.956915 -0.175701 5.772692 0.721276 -0.900922 14.975376 -0.724549 -1.414011 -8.219697 -1.017185 -0.791055 11.011677 7.621559 -13.760220 -18.048220 71.401795 21.528573 44.315251 11.686552 1.960606 14.881665 -8.639235 3.076493 5.872911 -8.971536 9.959908 -12.162447 -70.417055 -44.350883 60.943323 -30.685966 -6.191990 12.759404 6.334397 -11.738251 0.233140 -2.584705 -0.403768 -2.883794 -0.128047 6.080637 -0.011491 2.276451 -0.000000 -0.000000 -0.000000 7.989371 0.709906 4.743560 -0.919802 -0.629186 0.804862 1.014715 -2.455028 -5.685990 -0.000000 0.000000 0.000000
-2.075853 0.955963 2.510907 1.822772 2.396871 -0.518680 -0.511238 -0.208772 2.209006 -0.326391 -5.920704 0.986812 -0.324749 -0.100366 0.953679 -0.170374 5.760447 0.718813 -0.833863 14.950957 -0.709283 -1.294150 -8.264949 -1.013766 -0.751753 11.063747 7.660713 -13.837723 -18.056140 71.479122 21.891444 45.468111 12.022267 1.996492 15.038086 -8.217093 3.073175 5.904669 -8.951556 9.892568 -12.296719 -70.287200 -44.227130 60.532542 -30.563343 -6.184597 12.733054 6.440671 -11.901005 0.183770 -2.578457 -0.212236 -2.895874 -0.135703 6.096748 -0.042916 2.289768 -0.000000 0.000000 -0.000000 8.053955 0.665088 4.726915 -0.942362 -0.608436 0.812162 1.023996 -2.526108 -5.681810 0.000000 0.000000 -0.000000
-2.075554 0.955889 2.511477 1.813646 2.485059 -0.522072 -0.496962 -0.247428 2.197238 -0.319334 -5.937813 0.981547 -0.317719 -0.117470 0.949131 -0.165426 5.747637 0.715361 -0.800655 14.934438 -0.688691 -1.239702 -8.295511 -0.987662 -0.708069 11.132680 7.707954 -13.988316 -18.101105 71.588300 22.204415 46.560486 12.335110 2.051864 15.177607 -7.762947 3.072428 5.955669 -8.947038 9.808625 -12.459519 -70.143431 -44.272251 60.179177 -30.608202 -6.242700 12.686623 6.473564 -12.037673 0.142620 -2.580184 -0.044217 -2.928555 -0.140725 6.068459 -0.070087 2.301571 -0.000000 -0.000000 -0.000000 8.055648 0.620187 4.700596 -0.938036 -0.606571 0.820738 1.028666 -2.583233 -5.676888 -0.000000 -0.000000 0.000000
-2.075275 0.955835 2.511981 1.834646 2.577369 -0.525371 -0.485467 -0.283978 2.186525 -0.313572 -5.954000 0.976756 -0.311979 -0.133654 0.944924 -0.161421 5.735514 0.712168 -0.791323 14.913755 -0.671474 -1.228702 -8.333843 -0.958846 -0.665602 11.178547 7.754559 -14.097955 -18.114226 71.677942 22.393932 47.383710 12.557685 2.089876 15.269198 -7.373094 3.085533 5.992123 -8.940513 9.750255 -12.603939 -70.039340 -44.372963 59.923445 -30.690552 -6.288948 12.655769 6.500788 -12.106734 0.093505 -2.581126 0.033605 -2.946837 -0.140891 6.033360 -0.100671 2.311105 -0.000000 -0.000000 0.000000 8.076480 0.563364 4.679517 -0.968495 -0.612491 0.821859 1.018072 -2.627840 -5.669267 -0.000000 0.000000 0.000000
-2.075028 0.955818 2.512412 1.887960 2.672280 -0.531336 -0.478893 -0.317084 2.178253 -0.310124 -5.968680 0.973054 -0.308541 -0.148333 0.941572 -0.159080 5.724515 0.709621 -0.806939 14.886128 -0.659737 -1.262377 -8.385109 -0.930821 -0.628396 11.179752 7.799608 -14.111415 -18.065866 71.722395 22.385695 47.801944 12.632479 2.082140 15.294216 -7.076243 3.124419 5.996203 -8.922882 9.739206 -12.715790 -70.003161 -44.517576 59.816207 -30.790411 -6.293570 12.657470 6.541427 -12.068422 0.032495 -2.579709 -0.031856 -2.936240 -0.132744 6.003462 -0.138671 2.317393 0.000000 0.000000 0.000000 8.145532 0.491342 4.671373 -1.056922 -0.624753 0.808476 0.983916 -2.657904 -5.656517 -0.000000 0.000000 0.000000
-2.074800 0.955820 2.512776 1.971401 2.771321 -0.537050 -0.475102 -0.348074 2.171009 -0.307970 -5.982434 0.969810 -0.306391 -0.162085 0.938547 -0.157680 5.714208 0.707321 -0.846427 14.854382 -0.651359 -1.339541 -8.444019 -0.900001 -0.592530 11.157855 7.843864 -14.083875 -17.985943 71.747212 22.239973 47.951656 12.602720 2.049427 15.272044 -6.844704 3.177123 5.985669 -8.903322 9.754145 -12.809414 -70.007239 -44.720492 59.806199 -30.930467 -6.286398 12.674842 6.576450 -11.962524 -0.036587 -2.578219 -0.187489 -2.911112 -0.119518 5.966761 -0.180090 2.321429 -0.000000 0.000000 0.000000 8.233738 0.407418 4.668063 -1.180144 -0.644780 0.787685 0.934495 -2.675432 -5.641058 -0.000000 -0.000000 0.000000
-2.074578 0.955826 2.513084 2.068079 2.877685 -0.542011 -0.469309 -0.377162 2.164516 -0.304970 -5.995333 0.966905 -0.303400 -0.174983 0.935947 -0.155618 5.704543 0.705344 -0.896608 14.814860 -0.648721 -1.434612 -8.517362 -0.875790 -0.551717 11.137716 7.881059 -14.066590 -17.895254 71.777223 22.081903 48.033088 12.548797 2.026661 15.228837 -6.690267 3.219101 5.980162 -8.891762 9.772842 -12.880849 -70.021439 -44.911503 59.781064 -31.048780 -6.280113 12.693174 6.616335 -11.866854 -0.118230 -2.573504 -0.340685 -2.879709 -0.108913 5.924826 -0.220620 2.325401 -0.000000 -0.000000 0.000000 8.335922 0.309684 4.660516 -1.330298 -0.665760 0.772034 0.884047 -2.687910 -5.628213 0.000000 -0.000000 -0.000000
-2.074354 0.955835 2.513329 2.178655 2.997053 -0.547063 -0.461689 -0.406193 2.159626 -0.301230 -6.008199 0.964718 -0.299673 -0.187847 0.934139 -0.152944 5.694904 0.703964 -0.957647 14.767234 -0.655377 -1.546572 -8.605766 -0.864756 -0.500505 11.128474 7.905476 -14.086239 -17.794024 71.827534 21.939497 48.079709 12.480790 2.021556 15.162825 -6.644475 3.236701 5.987236 -8.894202 9.794053 -12.924175 -70.040352 -45.056520 59.696260 -31.103896 -6.275928 12.713443 6.673234 -11.796000 -0.222381 -2.562261 -0.472181 -2.835581 -0.104283 5.872265 -0.261179 2.329677 -0.000000 -0.000000 -0.000000 8.448965 0.192545 4.645206 -1.512431 -0.688019 0.766866 0.840139 -2.695020 -5.620234 0.000000 -0.000000 0.000000
-2.074136 0.955847 2.513517 2.302476 3.123744 -0.551232 -0.452065 -0.433325 2.155458 -0.296641 -6.020212 0.962857 -0.295103 -0.199857 0.932744 -0.149608 5.685905 0.702897 -1.029381 14.711859 -0.667741 -1.676495 -8.708541 -0.860208 -0.444334 11.121020 7.922804 -14.115937 -17.682083 71.883147 21.785808 48.057887 12.389684 2.025627 15.075525 -6.676053 3.243565 5.999431 -8.904561 9.818972 -12.945238 -70.069219 -45.189625 59.596615 -31.137325 -6.272784 12.734677 6.734959 -11.735410 -0.339119 -2.547897 -0.601241 -2.785203 -0.102294 5.814470 -0.300843 2.333911 -0.000000 -0.000000 -0.000000 8.575999 0.061683 4.625210 -1.721497 -0.711202 0.766828 0.795211 -2.697089 -5.614884 -0.000000 0.000000 0.000000
-2.073942 0.955848 2.513680 2.420681 3.243888 -0.551421 -0.435130 -0.453241 2.149153 -0.288743 -6.028984 0.960051 -0.287244 -0.208625 0.930739 -0.143855 5.679344 0.701377 -1.098161 14.646084 -0.677546 -1.801952 -8.830576 -0.851785 -0.393186 11.112830 7.943980 -14.126611 -17.579637 71.923506 21.661828 48.068075 12.325359 2.050723 14.998131 -6.702608 3.256120 6.013899 -8.914567 9.828925 -12.957879 -70.093729 -45.340280 59.504192 -31.209094 -6.279817 12.739208 6.775443 -11.719145 -0.442988 -2.536588 -0.693076 -2.756314 -0.100659 5.769174 -0.332534 2.339171 -0.000000 -0.000000 -0.000000 8.721230 -0.067845 4.601552 -1.934495 -0.727488 0.768409 0.740802 -2.702590 -5.610739 -0.000000 -0.000000 0.000000
-2.073784 0.955831 2.513829 2.528490 3.352163 -0.546611 -0.407177 -0.464025 2.139114 -0.275827 -6.033646 0.955590 -0.274397 -0.213280 0.927590 -0.134455 5.675876 0.699003 -1.163900 14.566494 -0.680612 -1.924419 -8.978170 -0.831609 -0.351879 11.100264 7.974952 -14.104273 -17.486798 71.937905 21.585130 48.157179 12.308552 2.113064 14.939072 -6.704471 3.284392 6.028307 -8.920336 9.804322 -12.966590 -70.104945 -45.522282 59.416759 -31.348777 -6.302883 12.708800 6.782596 -11.767847 -0.522644 -2.529401 -0.728862 -2.762185 -0.099004 5.742911 -0.353456 2.345976 0.000000 -0.000000 0.000000 8.898668 -0.190180 4.575957 -2.153549 -0.736952 0.769097 0.669138 -2.714732 -5.607519 -0.000000 -0.000000 0.000000
-2.073649 0.955802 2.513952 2.630704 3.453867 -0.537912 -0.371921 -0.467569 2.126952 -0.259606 -6.035058 0.950189 -0.258264 -0.214685 0.923836 -0.122641 5.674852 0.696178 -1.226723 14.476494 -0.681209 -2.042529 -9.145030 -0.807641 -0.315565 11.086902 8.009763 -14.063124 -17.403369 71.937032 21.537521 48.278680 12.317803 2.196150 14.890258 -6.702024 3.318360 6.044975 -8.925777 9.764741 -12.966916 -70.111640 -45.721087 59.336574 -31.526143 -6.335888 12.661666 6.768520 -11.860824 -0.589319 -2.524615 -0.727447 -2.789592 -0.097748 5.729153 -0.366413 2.353762 -0.000000 0.000000 0.000000 9.094335 -0.311075 4.546583 -2.376531 -0.739532 0.771370 0.587993 -2.730307 -5.605496 -0.000000 -0.000000 -0.000000
-2.073513 0.955772 2.514050 2.722836 3.551050 -0.525521 -0.335186 -0.464273 2.114649 -0.242753 -6.033425 0.944728 -0.241505 -0.213044 0.920085 -0.110362 5.676113 0.693360 -1.273308 14.383645 -0.683810 -2.129491 -9.317240 -0.793504 -0.279706 11.081048 8.041549 -14.016467 -17.349103 71.932159 21.505367 48.393169 12.338634 2.262850 14.858072 -6.672659 3.344386 6.068015 -8.934308 9.750285 -12.959310 -70.126175 -45.923709 59.292446 -31.711468 -6.369890 12.634800 6.743404 -11.970114 -0.651366 -2.524010 -0.710559 -2.826538 -0.095794 5.726041 -0.372728 2.361948 0.000000 0.000000 -0.000000 9.270471 -0.432913 4.509500 -2.574050 -0.727216 0.779190 0.512220 -2.748162 -5.604056 -0.000000 0.000000 -0.000000
-2.073365 0.955738 2.514106 2.803037 3.647665 -0.507290 -0.298137 -0.453283 2.101619 -0.225762 -6.028373 0.938941 -0.224610 -0.207985 0.916024 -0.098009 5.679938 0.690313 -1.298059 14.279333 -0.690409 -2.173988 -9.510888 -0.795085 -0.245707 11.086593 8.068279 -13.967917 -17.339699 71.929319 21.476586 48.497630 12.364819 2.300677 14.848289 -6.590040 3.353257 6.103002 -8.948433 9.780851 -12.947075 -70.150321 -46.160589 59.299283 -31.920392 -6.402206 12.651963 6.708895 -12.104422 -0.714593 -2.529845 -0.675257 -2.873870 -0.091481 5.741201 -0.370596 2.369725 -0.000000 0.000000 -0.000000 9.423950 -0.564842 4.458418 -2.741634 -0.690058 0.797067 0.443048 -2.769892 -5.603003 -0.000000 0.000000 0.000000
-2.073216 0.955702 2.514136 2.873171 3.739748 -0.485435 -0.259619 -0.435446 2.088492 -0.208145 -6.020273 0.933109 -0.207092 -0.199879 0.911980 -0.085192 5.686049 0.687283 -1.306610 14.172164 -0.699198 -2.187201 -9.709961 -0.806997 -0.212132 11.099704 8.092061 -13.913830 -17.359453 71.921980 21.463630 48.595149 12.402803 2.322650 14.854882 -6.479948 3.354152 6.144397 -8.965545 9.836483 -12.926830 -70.182433 -46.402414 59.342234 -32.138118 -6.435364 12.689459 6.663352 -12.255034 -0.773230 -2.539684 -0.624491 -2.930751 -0.086468 5.767011 -0.361830 2.377910 -0.000000 0.000000 -0.000000 9.557969 -0.697651 4.399913 -2.883725 -0.638009 0.820472 0.379251 -2.793914 -5.602510 -0.000000 -0.000000 -0.000000
-2.073071 0.955679 2.514191 2.934306 3.817498 -0.466715 -0.221958 -0.413738 2.079085 -0.191089 -6.010458 0.928936 -0.190133 -0.190058 0.909538 -0.072674 5.693443 0.685460 -1.302424 14.095523 -0.708823 -2.175954 -9.852419 -0.825823 -0.170207 11.117141 8.112237 -13.856590 -17.381011 71.902595 21.489811 48.655458 12.457174 2.329673 14.866278 -6.397514 3.361041 6.179644 -8.981439 9.897428 -12.888918 -70.229678 -46.546602 59.405838 -32.289134 -6.468313 12.713131 6.611989 -12.367867 -0.818265 -2.548656 -0.588800 -2.982644 -0.084613 5.778745 -0.353173 2.388357 0.000000 -0.000000 -0.000000 9.644161 -0.806395 4.349872 -2.984323 -0.592908 0.839830 0.332005 -2.814302 -5.602524 -0.000000 -0.000000 0.000000
-2.072926 0.955679 2.514290 2.984836 3.874535 -0.454511 -0.185148 -0.386540 2.076141 -0.174723 -5.998207 0.927644 -0.173861 -0.177801 0.909908 -0.060457 5.702659 0.685761 -1.280846 14.067843 -0.719859 -2.131129 -9.904055 -0.854724 -0.109721 11.140932 8.128460 -13.786875 -17.395560 71.862004 21.558018 48.649517 12.523381 2.317753 14.880125 -6.361709 3.382159 6.200507 -8.993942 9.958898 -12.824083 -70.304028 -46.534710 59.482612 -32.325823 -6.501233 12.704169 6.559872 -12.428092 -0.843277 -2.555366 -0.571714 -3.025549 -0.087200 5.766318 -0.345817 2.402713 -0.000000 0.000000 0.000000 9.659476 -0.878891 4.315686 -3.027856 -0.561079 0.851595 0.310347 -2.829230 -5.603429 -0.000000 -0.000000 0.000000
-2.072785 0.955691 2.514414 3.026332 3.917258 -0.445527 -0.149167 -0.355505 2.076959 -0.158909 -5.984252 0.928028 -0.158137 -0.163842 0.911897 -0.048530 5.713150 0.687282 -1.246484 14.070703 -0.731558 -2.061801 -9.899036 -0.890242 -0.040925 11.169099 8.141059 -13.714107 -17.411732 71.809356 21.665213 48.606403 12.605432 2.290320 14.898659 -6.353472 3.409279 6.215215 -9.005348 10.025401 -12.741347 -70.393184 -46.423527 59.580156 -32.293699 -6.534011 12.681550 6.501841 -12.450529 -0.854676 -2.561523 -0.569693 -3.063453 -0.092955 5.739816 -0.338557 2.419321 0.000000 -0.000000 -0.000000 9.626849 -0.927610 4.290658 -3.029919 -0.536228 0.859332 0.305239 -2.840522 -5.604864 -0.000000 -0.000000 -0.000000
-2.072662 0.955704 2.514551 3.064606 3.955039 -0.436495 -0.116311 -0.328519 2.077181 -0.144438 -5.972111 0.928140 -0.143749 -0.151697 0.913478 -0.037633 5.722279 0.688493 -1.216639 14.082178 -0.740435 -2.002063 -9.877947 -0.918760 0.014244 11.192388 8.150383 -13.668775 -17.428424 71.764943 21.825801 48.582966 12.720741 2.258962 14.917231 -6.371086 3.431702 6.235903 -9.018154 10.091277 -12.658643 -70.467893 -46.282854 59.705952 -32.256541 -6.565148 12.667818 6.427844 -12.425563 -0.862662 -2.567130 -0.602667 -3.093789 -0.101883 5.704770 -0.334546 2.435060 -0.000000 0.000000 0.000000 9.586829 -0.964663 4.269589 -3.021295 -0.521270 0.864140 0.300747 -2.847725 -5.605666 0.000000 0.000000 0.000000
-2.072570 0.955713 2.514695 3.097467 3.992824 -0.426652 -0.084683 -0.308629 2.074950 -0.130372 -5.963131 0.927155 -0.129761 -0.142713 0.913920 -0.027120 5.729037 0.688841 -1.198278 14.093890 -0.743179 -1.966367 -9.856294 -0.931226 0.045036 11.210580 8.155537 -13.665381 -17.446923 71.741661 22.055836 48.604238 12.880312 2.225873 14.934708 -6.425722 3.441347 6.268749 -9.032039 10.152689 -12.581432 -70.518512 -46.123385 59.861877 -32.225428 -6.592238 12.673953 6.332450 -12.321487 -0.873285 -2.570497 -0.697392 -3.113177 -0.116198 5.658963 -0.334866 2.449089 0.000000 -0.000000 -0.000000 9.545980 -0.992364 4.251853 -3.003131 -0.522224 0.865284 0.293669 -2.848498 -5.605267 -0.000000 0.000000 -0.000000
-2.072496 0.955721 2.514853 3.127105 4.025667 -0.416776 -0.056182 -0.292784 2.072105 -0.117649 -5.955963 0.925893 -0.117109 -0.135543 0.913951 -0.017638 5.734433 0.688875 -1.184388 14.114184 -0.743010 -1.940210 -9.818654 -0.936535 0.062186 11.223919 8.157467 -13.689390 -17.466054 71.726880 22.339676 48.644660 13.073621 2.188578 14.952387 -6.506260 3.446299 6.307565 -9.047248 10.213698 -12.504500 -70.554808 -45.933148 60.046107 -32.187756 -6.617571 12.689228 6.221281 -12.170004 -0.880486 -2.573440 -0.827111 -3.124983 -0.133639 5.604611 -0.338429 2.462262 0.000000 0.000000 -0.000000 9.497723 -1.008410 4.238093 -2.974287 -0.533072 0.863487 0.287208 -2.845181 -5.604235 -0.000000 0.000000 0.000000
-2.072418 0.955727 2.515034 3.165903 4.048088 -0.405887 -0.038803 -0.279707 2.069832 -0.109882 -5.950074 0.924880 -0.109385 -0.129653 0.913726 -0.011871 5.738863 0.688715 -1.171311 14.146216 -0.746278 -1.914222 -9.759242 -0.948099 0.076000 11.223827 8.159258 -13.727701 -17.481113 71.702695 22.644323 48.685132 13.286099 2.151906 14.969245 -6.577583 3.460096 6.345947 -9.067086 10.280718 -12.429959 -70.576809 -45.749119 60.261080 -32.173014 -6.646686 12.703596 6.100923 -12.056624 -0.876277 -2.581070 -0.931480 -3.136753 -0.147501 5.553881 -0.345139 2.473997 -0.000000 -0.000000 -0.000000 9.462909 -1.017912 4.224861 -2.962119 -0.538665 0.862047 0.275032 -2.844343 -5.603102 0.000000 -0.000000 -0.000000
-2.072315 0.955728 2.515249 3.219904 4.057385 -0.391615 -0.040018 -0.269649 2.067326 -0.110354 -5.945612 0.923753 -0.109855 -0.125190 0.912551 -0.012320 5.742210 0.687834 -1.155938 14.193988 -0.752996 -1.882542 -9.670634 -0.967182 0.093211 11.202316 8.160283 -13.779281 -17.486129 71.659446 22.974458 48.724138 13.529437 2.115558 14.987431 -6.633123 3.494936 6.378014 -9.094102 10.366016 -12.352319 -70.577175 -45.619984 60.516696 -32.226590 -6.686188 12.713919 5.962817 -12.021631 -0.855484 -2.599031 -0.984660 -3.154749 -0.153088 5.514852 -0.354278 2.484846 0.000000 -0.000000 -0.000000 9.452525 -1.020932 4.209065 -2.977729 -0.535121 0.860950 0.250990 -2.847678 -5.601368 -0.000000 0.000000 -0.000000
-2.072206 0.955726 2.515488 3.283058 4.056247 -0.376349 -0.052353 -0.262367 2.065398 -0.115781 -5.942431 0.922880 -0.115253 -0.122010 0.911127 -0.016482 5.744589 0.686762 -1.141392 14.253509 -0.763125 -1.851097 -9.560228 -0.992433 0.107080 11.167378 8.161131 -13.845109 -17.487122 71.606754 23.325652 48.762472 13.792453 2.080028 15.004810 -6.679444 3.538620 6.409672 -9.125774 10.457490 -12.277258 -70.563235 -45.498010 60.803564 -32.303618 -6.729702 12.723578 5.815501 -12.024761 -0.823269 -2.621535 -1.012490 -3.172716 -0.155123 5.479445 -0.366571 2.494259 -0.000000 -0.000000 -0.000000 9.455582 -1.017375 4.193769 -3.010014 -0.526318 0.860227 0.221232 -2.853490 -5.599525 -0.000000 0.000000 -0.000000
