HIERARCHY
ROOT Hips
{
 OFFSET 0.000000 0.000000 0.000000
 CHANNELS 6 Xposition Yposition Zposition Yrotation Xrotation Zrotation
 JOINT Chest
 {
  OFFSET 0.000000 0.108577 -0.012064
  CHANNELS 3 Yrotation Xrotation Zrotation
  JOINT Chest2
  {
   OFFSET 0.000000 0.114566 0.000000
   CHANNELS 3 Yrotation Xrotation Zrotation
   JOINT Chest3
   {
    OFFSET 0.000000 0.104586 0.000080
    CHANNELS 3 Yrotation Xrotation Zrotation
    JOINT Chest4
    {
     OFFSET 0.000000 0.104469 0.000080
     CHANNELS 3 Yrotation Xrotation Zrotation
     JOINT Neck
     {
      OFFSET 0.000000 0.145826 0.000000
      CHANNELS 3 Yrotation Xrotation Zrotation
      JOINT Head
      {
       OFFSET 0.000000 0.094497 0.000047
       CHANNELS 3 Yrotation Xrotation Zrotation
       End Site
       {
        OFFSET 0.000000 0.173326 0.000036
       }
      }
     }
     JOINT RightCollar
     {
      OFFSET -0.031213 0.081695 0.000000
      CHANNELS 3 Yrotation Xrotation Zrotation
      JOINT RightShoulder
      {
       OFFSET -0.143577 0.000000 0.000000
       CHANNELS 3 Yrotation Xrotation Zrotation
       JOINT RightElbow
       {
        OFFSET -0.272032 0.000000 0.000000
        CHANNELS 3 Yrotation Xrotation Zrotation
        JOINT RightWrist
        {
         OFFSET -0.263092 0.000000 0.000091
         CHANNELS 3 Yrotation Xrotation Zrotation
         End Site
         {
          OFFSET -0.190430 0.000000 0.000000
         }
        }
       }
      }
     }
     JOINT LeftCollar
     {
      OFFSET 0.031213 0.081695 0.000000
      CHANNELS 3 Yrotation Xrotation Zrotation
      JOINT LeftShoulder
      {
       OFFSET 0.143577 0.000000 0.000000
       CHANNELS 3 Yrotation Xrotation Zrotation
       JOINT LeftElbow
       {
        OFFSET 0.272032 0.000000 0.000000
        CHANNELS 3 Yrotation Xrotation Zrotation
        JOINT LeftWrist
        {
         OFFSET 0.263092 0.000000 0.000091
         CHANNELS 3 Yrotation Xrotation Zrotation
         End Site
         {
          OFFSET 0.190430 0.000000 0.000000
         }
        }
       }
      }
     }
    }
   }
  }
 }
 JOINT RightHip
 {
  OFFSET -0.088949 -0.000184 0.000020
  CHANNELS 3 Yrotation Xrotation Zrotation
  JOINT RightKnee
  {
   OFFSET 0.000000 -0.415103 -0.000022
   CHANNELS 3 Yrotation Xrotation Zrotation
   JOINT RightAnkle
   {
    OFFSET 0.000000 -0.448133 -0.000277
    CHANNELS 3 Yrotation Xrotation Zrotation
    JOINT RightToe
    {
     OFFSET 0.000000 -0.076810 0.182379
     CHANNELS 3 Yrotation Xrotation Zrotation
     End Site
     {
      OFFSET 0.000000 -0.017923 0.081176
     }
    }
   }
  }
 }
 JOINT LeftHip
 {
  OFFSET 0.088949 -0.000208 0.000023
  CHANNELS 3 Yrotation Xrotation Zrotation
  JOINT LeftKnee
  {
   OFFSET 0.000000 -0.415103 -0.000022
   CHANNELS 3 Yrotation Xrotation Zrotation
   JOINT LeftAnkle
   {
    OFFSET 0.000000 -0.448133 -0.000277
    CHANNELS 3 Yrotation Xrotation Zrotation
    JOINT LeftToe
    {
     OFFSET 0.000000 -0.076810 0.182379
     CHANNELS 3 Yrotation Xrotation Zrotation
     End Site
     {
      OFFSET 0.000000 -0.017923 0.081176
     }
    }
   }
  }
 }
}
MOTION
Frames: 498
Frame Time: 0.016667
-2.511470 0.957321 -1.079898 4.850311 1.447142 -0.544023 1.652817 -0.247180 1.219931 0.679807 -5.931591 0.545991 0.676105 -0.111567 0.614999 0.554310 5.753500 0.463755 -2.797159 15.169139 0.090494 -5.265486 -7.804223 1.214033 -2.464892 9.472979 8.075470 -9.818785 -18.936559 75.487538 15.855235 54.672726 10.418547 0.709132 17.034051 -7.365728 -0.646540 8.914453 -8.730269 4.376487 -18.098797 -76.048739 -22.588306 61.514010 -16.340402 -5.424984 12.487457 4.744398 -10.575729 4.874753 -0.139320 -1.372712 -1.950398 -0.325805 1.411717 -3.453518 -1.032275 0.000000 0.000000 -0.000000 5.591150 3.518607 2.705673 -4.905957 0.541529 1.107939 -1.345322 -4.643238 -3.440925 -0.006238 -1.162291 0.614996
-2.511402 0.957359 -1.080176 4.874314 1.474843 -0.543354 1.644036 -0.251774 1.216000 0.676091 -5.933672 0.544248 0.672406 -0.113643 0.612879 0.551375 5.751938 0.462157 -2.818517 15.187147 0.100434 -5.308516 -7.769552 1.239760 -2.454823 9.476510 8.072625 -9.800940 -18.961479 75.474667 15.960162 54.528941 10.429736 0.703710 17.023139 -7.395807 -0.654784 8.925765 -8.722891 4.314355 -18.104045 -76.047614 -22.873942 61.423945 -16.527349 -5.432829 12.487797 4.733419 -10.624211 4.834764 -0.142191 -1.362207 -1.957119 -0.319755 1.423375 -3.431918 -1.032040 0.000000 -0.000000 0.000000 5.692555 3.463826 2.700004 -5.005411 0.544978 1.114634 -1.374679 -4.625135 -3.439065 -0.006238 -1.162080 0.615107
-2.511342 0.957394 -1.080444 4.895176 1.498424 -0.543326 1.639200 -0.253281 1.211000 0.674169 -5.934374 0.542017 0.670494 -0.114343 0.610453 0.549756 5.751410 0.460328 -2.839249 15.206018 0.111783 -5.350860 -7.733225 1.267831 -2.446601 9.481494 8.069752 -9.775471 -18.983754 75.462496 16.069433 54.395403 10.452245 0.700312 17.014612 -7.421116 -0.663501 8.939086 -8.716771 4.249045 -18.115686 -76.044177 -23.149032 61.341907 -16.706682 -5.439462 12.487562 4.730221 -10.655366 4.801590 -0.142392 -1.359976 -1.968224 -0.315930 1.429091 -3.408179 -1.031064 -0.000000 -0.000000 -0.000000 5.759822 3.417692 2.694454 -5.075008 0.544692 1.119881 -1.396592 -4.606261 -3.436587 -0.006232 -1.161734 0.614651
-2.511300 0.957426 -1.080700 4.910094 1.514193 -0.545097 1.640632 -0.249037 1.204751 0.675076 -5.932509 0.539209 0.671399 -0.112479 0.607737 0.550224 5.752807 0.458280 -2.858518 15.227713 0.125805 -5.391349 -7.691572 1.300208 -2.443676 9.487526 8.068134 -9.735512 -19.004385 75.447887 16.186950 54.272024 10.491545 0.699933 17.009904 -7.441850 -0.673421 8.955779 -8.712529 4.176926 -18.139899 -76.038479 -23.412829 61.275275 -16.878270 -5.443773 12.486134 4.742461 -10.655643 4.779759 -0.136760 -1.371413 -1.985544 -0.316949 1.423566 -3.380533 -1.028608 0.000000 -0.000000 0.000000 5.767036 3.387084 2.690806 -5.091087 0.537120 1.121299 -1.406132 -4.585094 -3.432177 -0.006211 -1.161284 0.612889
-2.511266 0.957457 -1.080947 4.921870 1.525842 -0.547518 1.646009 -0.241706 1.197431 0.677778 -5.929266 0.535911 0.674091 -0.109239 0.604714 0.552007 5.755239 0.456000 -2.877147 15.250271 0.141246 -5.431119 -7.648258 1.334940 -2.442596 9.495011 8.066492 -9.687927 -19.022383 75.433949 16.308747 54.158856 10.542064 0.701548 17.007566 -7.457809 -0.683810 8.974482 -8.709538 4.101606 -18.170479 -76.030411 -23.666697 61.216749 -17.042930 -5.446857 12.484219 4.762492 -10.638596 4.764734 -0.128509 -1.391120 -2.007249 -0.320201 1.412100 -3.350747 -1.025420 -0.000000 -0.000000 -0.000000 5.740116 3.365106 2.687457 -5.077307 0.525799 1.121309 -1.408229 -4.563156 -3.427141 -0.006185 -1.160698 0.610560
-2.511221 0.957482 -1.081184 4.930195 1.538417 -0.547944 1.652610 -0.235214 1.189489 0.681054 -5.926395 0.532340 0.677353 -0.106372 0.601475 0.554202 5.757390 0.453558 -2.895566 15.271878 0.154514 -5.469703 -7.606807 1.365556 -2.439269 9.504491 8.064204 -9.639921 -19.038439 75.424536 16.422694 54.069090 10.592888 0.703634 17.006619 -7.470019 -0.690393 8.992797 -8.708175 4.036069 -18.199943 -76.025770 -23.885202 61.157551 -17.178984 -5.448077 12.482623 4.783404 -10.623482 4.747018 -0.124332 -1.406346 -2.025498 -0.321311 1.401437 -3.325452 -1.023410 0.000000 -0.000000 -0.000000 5.705133 3.343823 2.681359 -5.058558 0.514957 1.120374 -1.403880 -4.543233 -3.422453 -0.006167 -1.159339 0.609501
-2.511155 0.957499 -1.081409 4.933585 1.554918 -0.544267 1.660332 -0.232744 1.180346 0.684890 -5.925314 0.528249 0.681171 -0.105296 0.597773 0.556780 5.758199 0.450768 -2.913264 15.294167 0.164784 -5.505786 -7.564252 1.390254 -2.430565 9.519269 8.060158 -9.595592 -19.052630 75.422687 16.528858 54.015190 10.644292 0.705950 17.006985 -7.478571 -0.690014 9.011003 -8.709590 3.984850 -18.225555 -76.026922 -24.054639 61.092423 -17.272892 -5.446338 12.482067 4.803513 -10.613554 4.722358 -0.128217 -1.413840 -2.038005 -0.317721 1.392925 -3.308229 -1.023797 0.000000 -0.000000 0.000000 5.658248 3.322084 2.669361 -5.034198 0.503151 1.118303 -1.388407 -4.525631 -3.418867 -0.006169 -1.156703 0.611146
-2.511079 0.957510 -1.081625 4.933526 1.572344 -0.538598 1.669278 -0.231113 1.170578 0.689301 -5.924606 0.523882 0.685558 -0.104593 0.593854 0.559770 5.758729 0.447815 -2.930764 15.315504 0.172873 -5.540709 -7.523570 1.410836 -2.419615 9.536041 8.055468 -9.550836 -19.064901 75.425367 16.627619 53.984724 10.696486 0.708727 17.008731 -7.483377 -0.685835 9.028818 -8.712639 3.943430 -18.250064 -76.031562 -24.189190 61.026856 -17.338762 -5.442761 12.481814 4.824493 -10.605555 4.695014 -0.136170 -1.416860 -2.047058 -0.311985 1.385214 -3.295498 -1.025358 -0.000000 0.000000 -0.000000 5.603305 3.301020 2.654638 -5.004866 0.491821 1.115292 -1.366489 -4.510046 -3.415620 -0.006180 -1.153294 0.614061
-2.511010 0.957521 -1.081846 4.934172 1.586733 -0.534613 1.677034 -0.224699 1.162364 0.693102 -5.921769 0.520190 0.689344 -0.101760 0.590548 0.562352 5.760855 0.445322 -2.950057 15.329173 0.177647 -5.578021 -7.497198 1.426237 -2.411718 9.545441 8.052842 -9.500556 -19.075737 75.427328 16.707394 53.953586 10.738577 0.711156 17.011104 -7.485196 -0.683067 9.042998 -8.714262 3.911225 -18.274245 -76.038510 -24.305180 60.968214 -17.396331 -5.440039 12.480441 4.844471 -10.608975 4.668260 -0.142903 -1.412424 -2.051679 -0.307391 1.380997 -3.283138 -1.026328 0.000000 0.000000 -0.000000 5.577903 3.276153 2.643569 -4.997368 0.489520 1.112369 -1.353161 -4.498333 -3.411424 -0.006180 -1.149984 0.615781
-2.510959 0.957527 -1.082084 4.937343 1.596483 -0.533283 1.683244 -0.210413 1.155872 0.696124 -5.915430 0.517234 0.692357 -0.095425 0.587899 0.564403 5.765608 0.443322 -2.973282 15.330635 0.178195 -5.621553 -7.493524 1.435774 -2.412409 9.539319 8.053105 -9.440719 -19.084272 75.427480 16.760655 53.916555 10.766402 0.713091 17.014704 -7.482308 -0.683637 9.050200 -8.712895 3.894054 -18.300613 -76.048713 -24.410734 60.919783 -17.455811 -5.439185 12.476463 4.863568 -10.632766 4.641625 -0.146907 -1.395414 -2.048582 -0.305185 1.383175 -3.272661 -1.027527 -0.000000 -0.000000 0.000000 5.607263 3.242730 2.639128 -5.031637 0.503910 1.109277 -1.355885 -4.494368 -3.404914 -0.006145 -1.145733 0.614594
-2.510916 0.957532 -1.082326 4.941217 1.603196 -0.533638 1.688266 -0.191345 1.150938 0.698538 -5.906963 0.514955 0.694769 -0.086961 0.585865 0.566047 5.771957 0.441785 -2.998313 15.324429 0.175442 -5.667520 -7.504164 1.440181 -2.416157 9.525825 8.055430 -9.375354 -19.091365 75.426909 16.795053 53.878891 10.784287 0.714687 17.018924 -7.476429 -0.685617 9.053767 -8.710106 3.886108 -18.326663 -76.061254 -24.497966 60.878290 -17.507276 -5.439186 12.471347 4.881666 -10.667978 4.615578 -0.149665 -1.370946 -2.041055 -0.304112 1.388846 -3.262556 -1.028131 -0.000000 0.000000 0.000000 5.666155 3.205526 2.638257 -5.087740 0.527333 1.106240 -1.367201 -4.494271 -3.397463 -0.006099 -1.141582 0.612212
-2.510862 0.957550 -1.082552 4.944487 1.607713 -0.536443 1.690757 -0.171142 1.149253 0.699679 -5.897985 0.514121 0.695915 -0.077984 0.585146 0.566843 5.778691 0.441238 -3.020750 15.317460 0.170997 -5.708045 -7.516404 1.440510 -2.411664 9.520037 8.060021 -9.311454 -19.100065 75.423607 16.821627 53.832215 10.793917 0.715584 17.021203 -7.473470 -0.688436 9.060491 -8.707531 3.869356 -18.345641 -76.072107 -24.559091 60.841233 -17.540136 -5.439673 12.468088 4.896535 -10.697249 4.594797 -0.150387 -1.351395 -2.037987 -0.303718 1.392003 -3.244176 -1.023917 -0.000000 0.000000 0.000000 5.716505 3.174382 2.638297 -5.132673 0.545364 1.105015 -1.379768 -4.488267 -3.391902 -0.006090 -1.141528 0.611304
-2.510791 0.957587 -1.082749 4.948241 1.609463 -0.542561 1.688073 -0.149780 1.152739 0.698286 -5.888483 0.515591 0.694541 -0.068481 0.586475 0.565904 5.785818 0.442234 -3.039216 15.307953 0.162386 -5.739704 -7.533725 1.431719 -2.389883 9.529630 8.069200 -9.246077 -19.113326 75.413090 16.839771 53.763793 10.788984 0.715548 17.019888 -7.476589 -0.690891 9.073794 -8.706782 3.835125 -18.354362 -76.080720 -24.586647 60.804838 -17.544915 -5.439677 12.467627 4.911815 -10.715516 4.584361 -0.147951 -1.341964 -2.046692 -0.304338 1.389997 -3.210723 -1.012461 -0.000000 0.000000 0.000000 5.745030 3.152026 2.638874 -5.154494 0.555651 1.106654 -1.392872 -4.472505 -3.389948 -0.006148 -1.148658 0.613306
-2.510710 0.957638 -1.082930 4.951392 1.609018 -0.551129 1.682868 -0.127281 1.159470 0.695622 -5.878470 0.518506 0.691904 -0.058464 0.589119 0.564119 5.793329 0.444222 -3.055092 15.297672 0.152077 -5.765924 -7.552675 1.418841 -2.359850 9.546927 8.080626 -9.182159 -19.128158 75.399793 16.850217 53.686363 10.775918 0.714811 17.016638 -7.482633 -0.694190 9.090253 -8.706251 3.792073 -18.356030 -76.087593 -24.588289 60.772899 -17.531273 -5.440149 12.469009 4.923865 -10.727845 4.579196 -0.143498 -1.337449 -2.059856 -0.305643 1.385487 -3.168991 -0.996196 -0.000000 -0.000000 0.000000 5.765011 3.135724 2.640403 -5.165145 0.560544 1.110126 -1.407226 -4.450836 -3.389886 -0.006243 -1.159886 0.616783
-2.510618 0.957694 -1.083109 4.949370 1.608929 -0.560331 1.681738 -0.107370 1.165359 0.694813 -5.869599 0.521056 0.691110 -0.049593 0.591587 0.563703 5.799983 0.446078 -3.068111 15.298839 0.149072 -5.789091 -7.550127 1.417989 -2.337400 9.563974 8.087524 -9.135527 -19.138732 75.395144 16.865846 53.629758 10.775364 0.713702 17.013869 -7.488055 -0.701365 9.106393 -8.702741 3.748168 -18.353473 -76.090266 -24.578826 60.754275 -17.517225 -5.443599 12.472398 4.919532 -10.732075 4.568744 -0.139643 -1.334612 -2.064425 -0.306182 1.380413 -3.130724 -0.978179 0.000000 0.000000 0.000000 5.778228 3.127125 2.641464 -5.167458 0.552670 1.114088 -1.417624 -4.425029 -3.389396 -0.006331 -1.169941 0.620097
-2.510516 0.957762 -1.083286 4.938914 1.610537 -0.570774 1.688595 -0.091777 1.169646 0.697635 -5.862635 0.522909 0.693924 -0.042632 0.593727 0.565971 5.805208 0.447687 -3.077344 15.315872 0.157529 -5.808835 -7.517708 1.436360 -2.329867 9.579650 8.085160 -9.116310 -19.143758 75.407835 16.890116 53.607981 10.794563 0.711240 17.011149 -7.495062 -0.717025 9.121551 -8.693636 3.696156 -18.345162 -76.086690 -24.556603 60.750454 -17.504419 -5.452962 12.479081 4.884518 -10.724959 4.547315 -0.136595 -1.332457 -2.052450 -0.305041 1.374693 -3.099654 -0.957017 -0.000456 0.009998 -0.084481 5.785298 3.130128 2.642211 -5.159501 0.523200 1.119251 -1.422955 -4.392554 -3.388147 -0.006399 -1.177667 0.622636
-2.510403 0.957836 -1.083461 4.923286 1.612497 -0.581851 1.699526 -0.078775 1.173089 0.702309 -5.856814 0.524396 0.698582 -0.036817 0.595689 0.569609 5.809574 0.449164 -3.083699 15.344360 0.173281 -5.825458 -7.463774 1.466714 -2.329930 9.595078 8.078287 -9.114382 -19.144549 75.429266 16.919494 53.607023 10.826234 0.708404 17.008907 -7.501446 -0.736548 9.136393 -8.681542 3.643312 -18.332614 -76.078941 -24.523228 60.759928 -17.491184 -5.465358 12.487790 4.833123 -10.709748 4.520595 -0.134147 -1.331978 -2.031880 -0.303135 1.368411 -3.072049 -0.934097 -0.000961 0.019985 -0.168964 5.785609 3.140836 2.642493 -5.143215 0.480961 1.124903 -1.424330 -4.355943 -3.386468 -0.006459 -1.184221 0.625012
-2.510286 0.957892 -1.083650 4.907702 1.613338 -0.589913 1.709390 -0.066893 1.173888 0.706632 -5.851505 0.524706 0.702889 -0.031513 0.596437 0.572891 5.813557 0.449725 -3.089660 15.383291 0.192834 -5.842342 -7.390277 1.503485 -2.331435 9.605663 8.074362 -9.115203 -19.139206 75.444961 16.956256 53.614689 10.869120 0.708469 17.010852 -7.497029 -0.749124 9.149441 -8.671088 3.619410 -18.323199 -76.070794 -24.498280 60.787103 -17.490390 -5.474527 12.494854 4.795089 -10.694023 4.495091 -0.134290 -1.332920 -2.013510 -0.301759 1.363748 -3.048460 -0.916632 0.000000 -0.000000 0.000000 5.779092 3.149203 2.640429 -5.127228 0.445065 1.127569 -1.419876 -4.324550 -3.383029 -0.006504 -1.187809 0.627429
-2.510163 0.957913 -1.083863 4.892698 1.613825 -0.591355 1.716645 -0.058027 1.169057 0.710056 -5.847566 0.522512 0.706300 -0.027579 0.594590 0.575304 5.816510 0.448331 -3.093947 15.440693 0.217728 -5.857338 -7.282289 1.548663 -2.332850 9.605033 8.075973 -9.115082 -19.119921 75.448892 17.007158 53.634203 10.932042 0.714479 17.021207 -7.469314 -0.748487 9.155609 -8.663439 3.652884 -18.315517 -76.063333 -24.514583 60.850837 -17.533672 -5.478841 12.499153 4.779764 -10.679244 4.471415 -0.139724 -1.335435 -2.001053 -0.301360 1.361966 -3.032021 -0.909343 0.003436 -0.078238 0.675995 5.761507 3.150065 2.632574 -5.114323 0.424182 1.125688 -1.403996 -4.303711 -3.377159 -0.006525 -1.186787 0.630043
-2.510036 0.957916 -1.084090 4.877738 1.613196 -0.589783 1.722829 -0.050281 1.161581 0.713127 -5.844139 0.519141 0.709359 -0.024155 0.591531 0.577360 5.819079 0.446023 -3.097801 15.508543 0.246419 -5.872468 -7.154724 1.600205 -2.335703 9.599561 8.080533 -9.117722 -19.094498 75.447089 17.065529 53.662319 11.006253 0.723410 17.035744 -7.430793 -0.740912 9.159977 -8.657440 3.715316 -18.310981 -76.055523 -24.539437 60.932317 -17.589430 -5.479877 12.501787 4.777798 -10.663940 4.448958 -0.147750 -1.339374 -1.990796 -0.301492 1.361793 -3.019601 -0.907505 0.006628 -0.186454 1.605438 5.737091 3.148578 2.622376 -5.101706 0.409643 1.120833 -1.382288 -4.288095 -3.369521 -0.006531 -1.182798 0.632696
-2.509909 0.957927 -1.084328 4.866435 1.607684 -0.592364 1.727426 -0.036500 1.158615 0.715275 -5.838015 0.517759 0.711504 -0.018034 0.590367 0.578874 5.823671 0.445143 -3.107543 15.561759 0.270777 -5.897502 -7.054278 1.646513 -2.338420 9.603771 8.087732 -9.119690 -19.084477 75.443159 17.113370 53.677169 11.064024 0.729387 17.045509 -7.408779 -0.734399 9.176319 -8.654245 3.751212 -18.321152 -76.047991 -24.493518 60.979472 -17.575102 -5.476123 12.502385 4.790886 -10.651302 4.432402 -0.152264 -1.344038 -1.982388 -0.302109 1.361613 -3.002357 -0.904162 0.007725 -0.269695 2.281027 5.718496 3.150179 2.618295 -5.089640 0.394551 1.114230 -1.369664 -4.271049 -3.360787 -0.006535 -1.178982 0.635117
-2.509788 0.957958 -1.084568 4.859963 1.592009 -0.603962 1.730351 -0.010554 1.163979 0.716279 -5.826454 0.520048 0.712517 -0.006474 0.592758 0.579805 5.832343 0.446938 -3.127542 15.590183 0.288489 -5.940169 -6.999725 1.685398 -2.341005 9.629329 8.100297 -9.115903 -19.107751 75.435064 17.148108 53.667744 11.098476 0.730005 17.046228 -7.418884 -0.732025 9.218654 -8.657288 3.730131 -18.362111 -76.039288 -24.319822 60.957053 -17.432798 -5.463323 12.499290 4.832358 -10.642022 4.429582 -0.148932 -1.351186 -1.979021 -0.303902 1.362556 -2.973410 -0.895801 0.007546 -0.303610 2.448491 5.708659 3.162645 2.627262 -5.072630 0.373001 1.104670 -1.374932 -4.248774 -3.350686 -0.006543 -1.176646 0.637166
-2.509668 0.957997 -1.084818 4.857153 1.571449 -0.619713 1.731702 0.021428 1.173853 0.716364 -5.812196 0.524326 0.712620 0.007784 0.597044 0.580195 5.843040 0.450162 -3.153469 15.603971 0.301883 -5.992876 -6.972281 1.719124 -2.343432 9.664569 8.115505 -9.111455 -19.146428 75.424849 17.172224 53.645077 11.116426 0.727664 17.042173 -7.445497 -0.730733 9.272966 -8.663137 3.682480 -18.417760 -76.030724 -24.076181 60.899761 -17.221398 -5.445801 12.494025 4.888872 -10.635413 4.432660 -0.142086 -1.359061 -1.977503 -0.306180 1.363498 -2.939639 -0.885936 0.007024 -0.312570 2.362094 5.704645 3.178210 2.642341 -5.056167 0.350903 1.093354 -1.389281 -4.225064 -3.339504 -0.006549 -1.174482 0.638983
-2.509536 0.958035 -1.085098 4.858086 1.558081 -0.632194 1.731230 0.048218 1.183935 0.715640 -5.800249 0.528718 0.711914 0.019732 0.601363 0.579984 5.852002 0.453411 -3.178651 15.608503 0.309773 -6.042539 -6.962324 1.742785 -2.344103 9.689006 8.124865 -9.118174 -19.168371 75.422277 17.175213 53.620379 11.110623 0.723666 17.037218 -7.469113 -0.729292 9.310979 -8.662640 3.644076 -18.451378 -76.027228 -23.853916 60.860819 -17.031907 -5.434836 12.491118 4.922121 -10.632610 4.422802 -0.138630 -1.361681 -1.967912 -0.306819 1.359443 -2.912830 -0.878152 0.006686 -0.314661 2.277332 5.710284 3.179002 2.651202 -5.056996 0.339088 1.085124 -1.401193 -4.204658 -3.328748 -0.006552 -1.171708 0.640712
-2.509384 0.958069 -1.085424 4.863918 1.558289 -0.638131 1.728471 0.065375 1.193095 0.713960 -5.792593 0.532738 0.710252 0.027390 0.605213 0.579025 5.857747 0.456310 -3.203337 15.602762 0.309886 -6.088845 -6.971859 1.752303 -2.342752 9.690576 8.121723 -9.144962 -19.154231 75.436942 17.146977 53.588680 11.065287 0.716759 17.031348 -7.485463 -0.727018 9.315519 -8.649326 3.624866 -18.441057 -76.036621 -23.668297 60.859332 -16.878655 -5.435256 12.492684 4.911269 -10.631799 4.388510 -0.141822 -1.355462 -1.942519 -0.304132 1.343966 -2.899910 -0.874745 0.006805 -0.313287 2.280100 5.730668 3.153139 2.646824 -5.088203 0.346609 1.084329 -1.404498 -4.191382 -3.319414 -0.006543 -1.167638 0.642069
-2.509219 0.958104 -1.085780 4.873487 1.565689 -0.640798 1.723882 0.077340 1.202464 0.711468 -5.787248 0.536875 0.707779 0.032738 0.609097 0.577462 5.861757 0.459235 -3.227289 15.587751 0.304495 -6.132150 -6.998926 1.751785 -2.339667 9.681345 8.112728 -9.182890 -19.123343 75.459235 17.097798 53.554867 10.996364 0.708198 17.024568 -7.498819 -0.724567 9.303759 -8.629663 3.614892 -18.408715 -76.051197 -23.502916 60.876485 -16.746119 -5.442171 12.496805 4.877168 -10.634791 4.341285 -0.148412 -1.343986 -1.909055 -0.299784 1.323485 -2.893952 -0.873420 0.007118 -0.305038 2.284502 5.760705 3.112505 2.636198 -5.136704 0.364422 1.086593 -1.405370 -4.181415 -3.310498 -0.006529 -1.162956 0.643338
-2.509058 0.958136 -1.086131 4.883385 1.573201 -0.642593 1.718586 0.086203 1.211132 0.708700 -5.783287 0.540711 0.705030 0.036702 0.612652 0.575668 5.864730 0.461913 -3.243106 15.571881 0.299196 -6.160357 -7.027946 1.748522 -2.334093 9.677026 8.109341 -9.217087 -19.101616 75.470161 17.047476 53.545007 10.943935 0.702986 17.020800 -7.502499 -0.722693 9.298950 -8.613898 3.620221 -18.383348 -76.052776 -23.400139 60.909375 -16.678953 -5.452191 12.502043 4.844048 -10.648155 4.296797 -0.155528 -1.332026 -1.880784 -0.296708 1.312265 -2.885964 -0.870867 0.007391 -0.297745 2.288352 5.788931 3.074866 2.628035 -5.179992 0.376193 1.083708 -1.410804 -4.168022 -3.300506 -0.006529 -1.158938 0.645513
-2.508910 0.958167 -1.086460 4.892651 1.578474 -0.644795 1.712142 0.092526 1.219190 0.705455 -5.780460 0.544286 0.701805 0.039533 0.615897 0.573494 5.866851 0.464358 -3.247511 15.556094 0.295259 -6.167781 -7.057257 1.743627 -2.324542 9.685813 8.118621 -9.243663 -19.103075 75.456805 17.013200 53.577687 10.936948 0.704774 17.022597 -7.490515 -0.721965 9.312523 -8.607653 3.653777 -18.378815 -76.027581 -23.417452 60.968235 -16.737679 -5.467067 12.509099 4.816641 -10.679954 4.261062 -0.161550 -1.320350 -1.862998 -0.296444 1.319840 -2.871504 -0.865184 0.007635 -0.304765 2.375938 5.812786 3.045668 2.627632 -5.209829 0.377181 1.070231 -1.425425 -4.148499 -3.288512 -0.006557 -1.157019 0.649413
-2.508766 0.958196 -1.086785 4.902247 1.583859 -0.646125 1.704989 0.095748 1.226546 0.701934 -5.779017 0.547560 0.698302 0.040981 0.618814 0.571089 5.867935 0.466556 -3.243785 15.539458 0.291393 -6.160097 -7.088506 1.735936 -2.312498 9.699513 8.133511 -9.266541 -19.113727 75.432112 16.977524 53.634417 10.946171 0.709898 17.027439 -7.468860 -0.721830 9.333048 -8.605309 3.702702 -18.381256 -75.989433 -23.498083 61.043059 -16.862319 -5.485060 12.517241 4.790225 -10.722124 4.228061 -0.168070 -1.308194 -1.850402 -0.297468 1.336677 -2.855019 -0.858267 0.007828 -0.312738 2.462973 5.834826 3.019457 2.629708 -5.234448 0.372120 1.051625 -1.444602 -4.125545 -3.275454 -0.006599 -1.155763 0.654220
-2.508612 0.958221 -1.087122 4.911645 1.589323 -0.645146 1.699570 0.096273 1.232011 0.699275 -5.778776 0.550000 0.695657 0.041225 0.620984 0.569271 5.868117 0.468193 -3.234367 15.527587 0.289348 -6.142264 -7.111071 1.729302 -2.301675 9.709255 8.144304 -9.282598 -19.117451 75.415894 16.907954 53.685679 10.924140 0.712363 17.031640 -7.448810 -0.721362 9.349478 -8.600244 3.734404 -18.378062 -75.961492 -23.512245 61.100816 -16.916111 -5.497501 12.522797 4.774833 -10.757036 4.195419 -0.177041 -1.298045 -1.840371 -0.298138 1.348438 -2.840849 -0.852509 0.007731 -0.289437 2.294405 5.851257 2.997634 2.627140 -5.256068 0.358875 1.036075 -1.461438 -4.100536 -3.262633 -0.006621 -1.152131 0.658475
-2.508434 0.958242 -1.087476 4.919874 1.595193 -0.640703 1.697316 0.093400 1.234659 0.698159 -5.780048 0.551195 0.694546 0.039955 0.622066 0.568522 5.867163 0.469009 -3.218066 15.522403 0.290696 -6.112561 -7.121351 1.726121 -2.293420 9.709989 8.145876 -9.285309 -19.103552 75.416603 16.779953 53.721097 10.841813 0.709175 17.034054 -7.434303 -0.721372 9.355915 -8.588143 3.730853 -18.357122 -75.955498 -23.393988 61.124128 -16.826416 -5.499227 12.522982 4.779633 -10.774482 4.164248 -0.191195 -1.293964 -1.836414 -0.295356 1.349643 -2.828253 -0.849222 0.006550 -0.203001 1.615034 5.857510 2.984930 2.615998 -5.271045 0.329212 1.027307 -1.473486 -4.070932 -3.250519 -0.006611 -1.144845 0.661641
-2.508246 0.958259 -1.087842 4.927906 1.601142 -0.633952 1.696796 0.087830 1.235415 0.697906 -5.782522 0.551556 0.694291 0.037481 0.622401 0.568359 5.865308 0.469263 -3.196077 15.521984 0.293867 -6.072721 -7.122943 1.724005 -2.286387 9.706767 8.143352 -9.281192 -19.082707 75.425775 16.617904 53.750799 10.728143 0.703327 17.035824 -7.421395 -0.721046 9.358255 -8.573318 3.710037 -18.330547 -75.959682 -23.208649 61.130108 -16.665431 -5.495388 12.520517 4.795434 -10.784664 4.133437 -0.207819 -1.291893 -1.835021 -0.292221 1.345769 -2.817969 -0.847100 0.003380 -0.085385 0.680054 5.858158 2.976619 2.600229 -5.283031 0.291365 1.021604 -1.483193 -4.039277 -3.238644 -0.006581 -1.135184 0.664255
-2.508069 0.958267 -1.088229 4.938130 1.606163 -0.626912 1.696162 0.082060 1.235867 0.697617 -5.785086 0.551782 0.693999 0.034917 0.622598 0.568158 5.863385 0.469412 -3.174416 15.526180 0.295901 -6.032888 -7.116015 1.719648 -2.280257 9.705868 8.142398 -9.286689 -19.070838 75.437818 16.462712 53.776095 10.622666 0.697779 17.036681 -7.409547 -0.717012 9.363154 -8.562089 3.693373 -18.322014 -75.961879 -23.022271 61.137840 -16.512601 -5.492769 12.520031 4.804726 -10.800579 4.097264 -0.220700 -1.282133 -1.823045 -0.296375 1.338917 -2.816559 -0.844607 -0.000000 0.000000 0.000000 5.863133 2.959922 2.584520 -5.305184 0.267909 1.015977 -1.491020 -4.014582 -3.226892 -0.006537 -1.123947 0.666467
-2.507890 0.958266 -1.088632 4.952480 1.610354 -0.619786 1.694638 0.075556 1.236487 0.696926 -5.787978 0.552086 0.693309 0.032026 0.622831 0.567661 5.861216 0.469590 -3.154365 15.538715 0.296389 -5.995157 -7.093620 1.712571 -2.276801 9.711442 8.143801 -9.313373 -19.076789 75.456227 16.316349 53.799283 10.531382 0.693632 17.035898 -7.398785 -0.705921 9.374105 -8.559590 3.694826 -18.345847 -75.957464 -22.851163 61.159858 -16.395796 -5.494666 12.524901 4.796994 -10.839989 4.062041 -0.235484 -1.244564 -1.812088 -0.300037 1.325185 -2.817517 -0.845508 -0.000944 0.021411 -0.169959 5.875025 2.925007 2.571062 -5.342454 0.277455 1.003310 -1.495452 -4.005443 -3.209989 -0.006477 -1.111629 0.667624
-2.507722 0.958257 -1.089056 4.969022 1.613616 -0.612371 1.693000 0.068852 1.236802 0.696199 -5.790960 0.552254 0.692581 0.029045 0.622926 0.567126 5.858979 0.469663 -3.134641 15.555867 0.295752 -5.957443 -7.062700 1.703286 -2.274248 9.719338 8.146777 -9.349675 -19.091712 75.477508 16.176934 53.818168 10.448319 0.689777 17.034195 -7.389084 -0.691120 9.387619 -8.560676 3.700444 -18.387717 -75.951079 -22.678854 61.183816 -16.286889 -5.497772 12.531800 4.782767 -10.885128 4.021447 -0.246504 -1.199302 -1.790547 -0.310955 1.308470 -2.827347 -0.846042 -0.000445 0.010707 -0.084980 5.891256 2.881713 2.557642 -5.389885 0.301390 0.990680 -1.498014 -4.003265 -3.193196 -0.006403 -1.097737 0.668380
-2.507620 0.958240 -1.089526 4.984340 1.614650 -0.606083 1.691722 0.066057 1.236985 0.695629 -5.792205 0.552348 0.692013 0.027800 0.622962 0.566703 5.858045 0.469690 -3.117414 15.566314 0.292252 -5.923610 -7.044258 1.689927 -2.266970 9.723379 8.154640 -9.377311 -19.105003 75.485556 16.079765 53.827592 10.395230 0.685860 17.033483 -7.379827 -0.679276 9.399869 -8.556255 3.689772 -18.428310 -75.944394 -22.522280 61.191774 -16.181392 -5.498979 12.535307 4.776106 -10.895725 3.950843 -0.230594 -1.197028 -1.710444 -0.360076 1.302544 -2.872124 -0.833369 0.000000 0.000000 0.000000 5.914007 2.846776 2.542351 -5.445775 0.306468 0.996406 -1.503709 -3.991266 -3.192210 -0.006332 -1.081582 0.670842
-2.507693 0.958213 -1.090036 4.999592 1.612906 -0.601518 1.691428 0.067765 1.233257 0.695664 -5.791462 0.550676 0.692049 0.028543 0.621293 0.566602 5.858602 0.468432 -3.104001 15.567273 0.287560 -5.896835 -7.043312 1.676228 -2.254009 9.718566 8.174926 -9.391434 -19.104890 75.487051 16.020646 53.827140 10.357638 0.681222 17.034975 -7.370916 -0.675290 9.411884 -8.536343 3.644965 -18.458537 -75.937490 -22.369677 61.175627 -16.055451 -5.499769 12.529514 4.789305 -10.852638 3.867079 -0.150077 -1.261378 -1.598628 -0.499304 1.306563 -2.953679 -0.792863 0.000000 -0.000000 -0.000000 5.958804 2.837135 2.526091 -5.528170 0.256602 1.040991 -1.514799 -3.946381 -3.226464 -0.006301 -1.067847 0.676107
-2.507832 0.958178 -1.090592 5.013619 1.608935 -0.598081 1.691493 0.073382 1.229402 0.695855 -5.788981 0.548930 0.692242 0.031024 0.619567 0.566612 5.860462 0.467129 -3.093089 15.561526 0.279987 -5.873931 -7.054848 1.658408 -2.236324 9.709884 8.200089 -9.396888 -19.103145 75.475308 16.003920 53.817354 10.350207 0.676526 17.037450 -7.362447 -0.674250 9.422626 -8.510928 3.583857 -18.487497 -75.930219 -22.233298 61.143440 -15.933513 -5.498668 12.520290 4.810050 -10.775248 3.753148 -0.042848 -1.369200 -1.428514 -0.677032 1.321175 -3.070204 -0.739149 -0.000000 -0.000000 0.000000 6.010109 2.835865 2.507988 -5.619133 0.187934 1.103994 -1.529044 -3.891728 -3.276580 -0.006270 -1.051845 0.683070
-2.507758 0.958141 -1.091226 5.019538 1.603092 -0.595400 1.690514 0.085228 1.236932 0.695051 -5.783688 0.552245 0.691448 0.036318 0.622801 0.566259 5.864433 0.469565 -3.082906 15.546112 0.262732 -5.849204 -7.084796 1.623286 -2.211141 9.706163 8.210818 -9.389908 -19.124464 75.414150 16.077687 53.794559 10.438411 0.673408 17.039153 -7.354089 -0.668122 9.425166 -8.500892 3.539531 -18.523154 -75.923908 -22.166095 61.101669 -15.883559 -5.488139 12.519896 4.815498 -10.681032 3.533846 0.000708 -1.501073 -1.071732 -0.769340 1.362499 -3.242349 -0.703380 -0.000000 0.000000 0.000000 6.023510 2.808875 2.483452 -5.662846 0.175509 1.142246 -1.544609 -3.879749 -3.299973 -0.006140 -1.018843 0.690525
-2.507191 0.958123 -1.092010 5.007987 1.591836 -0.589041 1.689016 0.107041 1.263843 0.693109 -5.773888 0.564178 0.689528 0.046121 0.634536 0.565706 5.871789 0.478407 -3.072062 15.520058 0.227463 -5.817020 -7.135440 1.554848 -2.173231 9.711991 8.189807 -9.332774 -19.189892 75.268844 16.231844 53.726682 10.639677 0.670435 17.036594 -7.348061 -0.649789 9.414199 -8.526226 3.521225 -18.576685 -75.921418 -22.181712 61.087822 -15.935884 -5.462865 12.534586 4.805706 -10.530508 3.120481 -0.089702 -1.697102 -0.372356 -0.695265 1.453176 -3.504231 -0.696059 0.000000 0.000000 0.000000 6.013858 2.741718 2.433822 -5.664620 0.256077 1.141499 -1.556767 -3.933473 -3.269604 -0.005864 -0.962080 0.698387
-2.506410 0.958101 -1.092871 4.988326 1.578709 -0.583431 1.686481 0.135097 1.302127 0.690170 -5.761269 0.581165 0.686618 0.058743 0.651225 0.564787 5.881260 0.490984 -3.061902 15.484356 0.182516 -5.782879 -7.204423 1.469046 -2.127883 9.722886 8.154327 -9.263003 -19.278081 75.073855 16.475387 53.644936 10.935308 0.669044 17.033258 -7.342147 -0.626371 9.395081 -8.566964 3.519763 -18.636901 -75.919946 -22.266060 61.064404 -16.059709 -5.428170 12.558139 4.780636 -10.361499 2.602336 -0.244829 -1.913563 0.514670 -0.538634 1.570974 -3.821649 -0.707698 -0.000000 -0.000000 0.000000 5.966418 2.648749 2.377860 -5.618965 0.392795 1.116027 -1.570405 -4.029780 -3.212394 -0.005479 -0.888317 0.706714
-2.505972 0.958017 -1.093633 4.981759 1.574686 -0.591508 1.679959 0.160505 1.339305 0.685512 -5.749844 0.597669 0.681995 0.070174 0.667256 0.562533 5.889836 0.503066 -3.054750 15.438981 0.146090 -5.757803 -7.290763 1.400670 -2.088041 9.734009 8.136970 -9.290004 -19.350803 74.897364 16.886406 53.639748 11.338024 0.675187 17.037839 -7.329352 -0.611203 9.376830 -8.584035 3.540586 -18.678197 -75.912363 -22.428668 60.925375 -16.229701 -5.392402 12.584131 4.717401 -10.309158 2.170596 -0.343962 -2.008665 1.250659 -0.419223 1.664713 -4.112825 -0.738651 -0.000000 -0.000000 0.000000 5.792244 2.539083 2.367276 -5.453890 0.550257 1.065647 -1.597927 -4.151824 -3.166621 -0.005008 -0.803107 0.714486
-2.506137 0.957824 -1.094265 4.995774 1.589720 -0.620800 1.669322 0.178517 1.370110 0.679331 -5.741744 0.611359 0.675853 0.078282 0.680319 0.558916 5.895916 0.512912 -3.050993 15.380819 0.124519 -5.744972 -7.399933 1.361842 -2.057835 9.742125 8.153910 -9.477149 -19.392344 74.773067 17.540889 53.768585 11.883271 0.694464 17.060078 -7.292019 -0.611456 9.353796 -8.555465 3.600114 -18.680184 -75.900868 -22.681863 60.638310 -16.438946 -5.357738 12.612247 4.572501 -10.489179 1.900149 -0.330990 -1.886847 1.688526 -0.385599 1.732112 -4.346689 -0.796193 0.000000 0.000000 0.000000 5.392866 2.389929 2.432319 -5.074142 0.752198 0.973888 -1.664083 -4.311715 -3.139845 -0.004500 -0.710605 0.749023
-2.506644 0.957568 -1.094797 5.022867 1.613876 -0.663772 1.654724 0.193872 1.399829 0.671443 -5.734842 0.624577 0.668011 0.085193 0.692736 0.553977 5.901095 0.522272 -3.050260 15.312963 0.111480 -5.741268 -7.526539 1.340500 -2.033039 9.750374 8.188998 -9.761530 -19.419434 74.668118 18.372165 53.968890 12.545952 0.721401 17.090043 -7.247670 -0.619919 9.331591 -8.503183 3.681870 -18.663148 -75.883281 -23.005680 60.234933 -16.687494 -5.320919 12.642582 4.389840 -10.787653 1.716257 -0.259823 -1.646883 1.974817 -0.385630 1.775512 -4.554338 -0.872171 0.000000 0.000000 -0.000000 4.866323 2.225497 2.544322 -4.575591 0.975840 0.858490 -1.744041 -4.497346 -3.124220 -0.003910 -0.606612 0.782901
-2.507271 0.957326 -1.095143 5.061778 1.628295 -0.710770 1.633638 0.211884 1.431829 0.660558 -5.726772 0.638806 0.657189 0.093276 0.705860 0.546854 5.907150 0.532166 -3.053746 15.244685 0.106206 -5.748340 -7.653366 1.335236 -2.014011 9.763407 8.226379 -10.063387 -19.443038 74.551215 19.241740 54.152249 13.245264 0.745146 17.107205 -7.242219 -0.628376 9.336064 -8.453972 3.742005 -18.662582 -75.845963 -23.358673 59.705531 -16.957993 -5.282708 12.669433 4.277574 -10.997131 1.584432 -0.174472 -1.442291 2.210161 -0.385155 1.750315 -4.747414 -0.942718 0.000000 -0.000000 0.000000 4.418536 2.124630 2.664850 -4.172491 1.115260 0.769230 -1.775458 -4.655653 -3.135396 -0.003099 -0.484335 0.733083
-2.507909 0.957116 -1.095240 5.116958 1.618383 -0.761816 1.604350 0.238078 1.469887 0.645723 -5.715070 0.655714 0.642441 0.104995 0.721262 0.536956 5.915928 0.543776 -3.063521 15.174508 0.108437 -5.770051 -7.783086 1.346436 -2.001234 9.790329 8.264747 -10.361969 -19.475253 74.397583 20.142866 54.283297 13.990662 0.762426 17.098948 -7.315067 -0.635661 9.391504 -8.421633 3.749010 -18.703775 -75.771378 -23.734350 59.013877 -17.255006 -5.247473 12.693323 4.295873 -11.029480 1.513359 -0.090952 -1.313210 2.410801 -0.370445 1.606010 -4.927647 -0.994438 0.000000 0.000000 -0.000000 4.140186 2.143162 2.778042 -3.976348 1.096955 0.732047 -1.706630 -4.761955 -3.183855 -0.001855 -0.317450 0.517061
-2.508668 0.956920 -1.095151 5.183993 1.598779 -0.816922 1.568577 0.266940 1.510219 0.627891 -5.702198 0.673634 0.624709 0.117887 0.737372 0.524873 5.925581 0.555921 -3.077500 15.103907 0.118471 -5.802586 -7.913028 1.373844 -1.994224 9.822043 8.305425 -10.678153 -19.504549 74.232168 21.079619 54.395581 14.770517 0.776464 17.078491 -7.426987 -0.642969 9.473619 -8.392399 3.734568 -18.761501 -75.677021 -24.127844 58.195703 -17.563125 -5.212878 12.714321 4.384243 -10.972603 1.493506 0.005796 -1.219392 2.560351 -0.355109 1.393001 -5.093541 -1.040242 -0.000000 0.000000 0.000000 3.941122 2.224375 2.897850 -3.875007 0.993621 0.719633 -1.588927 -4.840763 -3.259510 -0.000669 -0.131944 0.217727
-2.509650 0.956767 -1.094975 5.248317 1.594421 -0.866400 1.528923 0.287234 1.544853 0.608614 -5.693175 0.689047 0.605536 0.126930 0.750829 0.511511 5.932344 0.566068 -3.090644 15.046587 0.136378 -5.836060 -8.017942 1.415060 -1.991951 9.835928 8.336482 -10.994340 -19.505865 74.097526 21.922912 54.509922 15.464518 0.785926 17.063879 -7.506015 -0.645598 9.535383 -8.351717 3.749634 -18.795570 -75.602013 -24.506392 57.349767 -17.840859 -5.169774 12.725999 4.469950 -10.883100 1.462232 0.117659 -1.193556 2.710229 -0.346319 1.218023 -5.251847 -1.095927 -0.000000 0.000000 -0.000000 3.756069 2.277133 3.029241 -3.746776 0.917877 0.700603 -1.514606 -4.912977 -3.347599 0.000000 0.000000 0.000000
-2.510900 0.956680 -1.094781 5.308150 1.619464 -0.908493 1.484004 0.292618 1.571288 0.587416 -5.690833 0.700862 0.584444 0.129295 0.760492 0.496427 5.934093 0.573357 -3.100581 15.006927 0.165226 -5.867013 -8.089638 1.474715 -1.996160 9.820780 8.352895 -11.309590 -19.465670 74.015750 22.615397 54.637907 16.009375 0.790442 17.063900 -7.512868 -0.638291 9.551193 -8.290414 3.836341 -18.780374 -75.569230 -24.873668 56.497344 -18.080810 -5.106215 12.721936 4.522896 -10.767679 1.387028 0.251087 -1.279041 2.885938 -0.351554 1.132464 -5.409404 -1.167196 0.000000 -0.000000 -0.000000 3.527684 2.261643 3.178414 -3.503845 0.911133 0.657128 -1.529552 -4.979890 -3.443949 0.000198 0.035983 -0.054231
-2.512374 0.956636 -1.094500 5.365230 1.659726 -0.944897 1.435179 0.289447 1.592055 0.564768 -5.692331 0.710181 0.561906 0.127820 0.767511 0.480062 5.932960 0.578653 -3.109713 14.980588 0.201936 -5.898934 -8.136217 1.548144 -2.005134 9.787802 8.359729 -11.624383 -19.396712 73.963498 23.213501 54.772882 16.466895 0.790267 17.069342 -7.486793 -0.626284 9.546698 -8.217645 3.952333 -18.741385 -75.555809 -25.228806 55.617342 -18.293450 -5.033631 12.708541 4.574015 -10.619747 1.300015 0.399248 -1.432784 3.061709 -0.363966 1.085026 -5.559256 -1.248614 0.000000 0.000000 -0.000000 3.313077 2.217793 3.339687 -3.234210 0.932596 0.607139 -1.587949 -5.040410 -3.552731 0.000117 0.018002 -0.027108
-2.514049 0.956587 -1.094025 5.410260 1.697599 -0.971092 1.389152 0.285518 1.606710 0.543647 -5.694184 0.716769 0.540887 0.125988 0.771956 0.464640 5.931560 0.582008 -3.120178 14.968204 0.237330 -5.932324 -8.156885 1.618923 -2.012665 9.747978 8.360165 -11.923147 -19.312979 73.914918 23.759159 54.910508 16.904200 0.784931 17.070935 -7.473573 -0.620557 9.551771 -8.146336 4.021900 -18.715199 -75.532547 -25.540392 54.745568 -18.471027 -4.977020 12.698178 4.641808 -10.475966 1.236069 0.544205 -1.557852 3.212282 -0.368955 1.028421 -5.687423 -1.339372 0.000000 -0.000000 -0.000000 3.218363 2.173701 3.500080 -3.080019 0.971234 0.572719 -1.644509 -5.112091 -3.671829 -0.000000 0.000000 0.000000
-2.515911 0.956530 -1.093326 5.440022 1.729937 -0.981222 1.349050 0.282984 1.612851 0.525548 -5.695427 0.719546 0.522875 0.124761 0.772896 0.451204 5.930618 0.582719 -3.133159 14.969611 0.265999 -5.967344 -8.152181 1.677360 -2.016679 9.704423 8.351992 -12.197333 -19.218348 73.874348 24.236973 55.046605 17.315783 0.771487 17.062153 -7.499332 -0.626983 9.576623 -8.079779 4.014903 -18.713934 -75.482853 -25.790502 53.856958 -18.608276 -4.949273 12.697373 4.716319 -10.341753 1.200273 0.674624 -1.627210 3.333203 -0.358630 0.946527 -5.782036 -1.441114 0.000000 -0.000000 0.000000 3.276172 2.149205 3.651657 -3.088555 0.997093 0.558632 -1.681931 -5.189045 -3.796568 -0.000000 0.000000 -0.000000
-2.517974 0.956469 -1.092434 5.457760 1.759851 -0.981173 1.311734 0.279662 1.612867 0.508971 -5.697033 0.719588 0.506378 0.123171 0.771254 0.438709 5.929404 0.581483 -3.147478 14.984974 0.293303 -6.003778 -8.121571 1.733012 -2.019244 9.653999 8.337443 -12.455340 -19.108680 73.837100 24.661153 55.186946 17.705360 0.752974 17.049513 -7.537937 -0.639670 9.611078 -8.014718 3.961568 -18.725577 -75.423246 -26.002891 52.977236 -18.714292 -4.938017 12.699674 4.806492 -10.211435 1.187844 0.802140 -1.667709 3.429063 -0.340699 0.855276 -5.855084 -1.552106 0.000000 -0.000000 0.000000 3.453899 2.123377 3.801901 -3.212573 1.039092 0.560157 -1.717420 -5.277201 -3.931597 0.000000 -0.000000 0.000000
-2.520253 0.956366 -1.091335 5.463879 1.779121 -0.984079 1.274518 0.276850 1.613465 0.492409 -5.698410 0.719887 0.489898 0.121808 0.769873 0.426245 5.928361 0.580444 -3.161734 15.015412 0.326203 -6.041537 -8.062661 1.798291 -2.020375 9.598331 8.326338 -12.707258 -18.986583 73.764114 25.119456 55.340195 18.155397 0.737907 17.043367 -7.556774 -0.651936 9.654411 -7.954287 3.876863 -18.750731 -75.374300 -26.210458 52.218533 -18.803389 -4.931171 12.698321 4.958554 -10.104858 1.219153 0.943744 -1.663064 3.488517 -0.323705 0.755523 -5.928489 -1.666349 -0.000000 -0.000000 0.000000 3.759688 2.062572 3.960426 -3.452634 1.173776 0.585045 -1.757204 -5.411768 -4.088827 -0.000000 -0.000000 0.000000
-2.522769 0.956215 -1.089986 5.461340 1.786795 -0.992445 1.237036 0.271866 1.615624 0.475665 -5.700749 0.720890 0.473234 0.119484 0.769176 0.413697 5.926596 0.579921 -3.177731 15.061305 0.365629 -6.084293 -7.974606 1.875559 -2.021143 9.532372 8.327605 -12.965104 -18.848315 73.619949 25.685652 55.524196 18.750478 0.731194 17.050496 -7.534060 -0.658556 9.709136 -7.898946 3.742134 -18.789816 -75.342620 -26.390454 51.614493 -18.849090 -4.916980 12.684527 5.174782 -10.056016 1.305666 1.106586 -1.599737 3.501096 -0.316563 0.663303 -6.006525 -1.780591 -0.000000 -0.000000 0.000000 4.218671 1.994520 4.129581 -3.811917 1.349909 0.644233 -1.820763 -5.581364 -4.279398 0.000000 -0.000000 0.000000
-2.525502 0.956023 -1.088431 5.447183 1.783823 -1.003773 1.199652 0.267400 1.618347 0.458937 -5.702855 0.722143 0.456587 0.117392 0.768731 0.401180 5.925006 0.579587 -3.193672 15.122323 0.410544 -6.128265 -7.858144 1.962187 -2.020486 9.461194 8.332371 -13.216921 -18.698591 73.439564 26.289680 55.719288 19.409205 0.727876 17.064162 -7.491585 -0.664784 9.772741 -7.848311 3.575919 -18.842581 -75.321243 -26.570160 51.131957 -18.880970 -4.906986 12.667954 5.452951 -10.030535 1.436224 1.283650 -1.491057 3.477685 -0.310851 0.562662 -6.084996 -1.898091 -0.000000 0.000000 -0.000000 4.805331 1.890119 4.306172 -4.287537 1.617640 0.726718 -1.888073 -5.797554 -4.492023 0.000000 0.000000 -0.000000
-2.528411 0.955768 -1.086780 5.412930 1.764834 -1.023682 1.160771 0.272838 1.625357 0.441315 -5.700552 0.725280 0.439054 0.119708 0.770079 0.388131 5.926722 0.580606 -3.202723 15.198559 0.464951 -6.162128 -7.713189 2.063066 -2.015186 9.401578 8.323744 -13.436926 -18.552333 73.289914 26.800243 55.879070 19.962288 0.721548 17.074490 -7.462145 -0.679675 9.836965 -7.804272 3.449000 -18.908622 -75.310516 -26.853668 50.782260 -18.993980 -4.923981 12.670472 5.832559 -9.945716 1.596900 1.470921 -1.361048 3.438887 -0.289114 0.406676 -6.173335 -2.022518 -0.000000 -0.000000 0.000000 5.450926 1.630511 4.489682 -4.872118 2.205652 0.805566 -1.905761 -6.129691 -4.705128 0.000000 0.000000 0.000000
-2.531500 0.955453 -1.085049 5.364113 1.726690 -1.043038 1.118114 0.291448 1.632735 0.421954 -5.692409 0.728545 0.419795 0.127867 0.771379 0.373775 5.932816 0.581589 -3.203547 15.289534 0.529519 -6.183591 -7.540661 2.178955 -2.007216 9.364303 8.292476 -13.614599 -18.410795 73.207146 27.157936 55.990075 20.334153 0.708500 17.077579 -7.463375 -0.710840 9.899928 -7.770359 3.410220 -18.997229 -75.313348 -27.292742 50.630278 -19.243887 -4.981078 12.717414 6.340404 -9.794231 1.786366 1.659536 -1.200381 3.388875 -0.250329 0.171174 -6.273428 -2.149038 -0.000000 -0.000000 -0.000000 6.201278 1.203251 4.679538 -5.676042 3.139929 0.859972 -1.838110 -6.630770 -4.915314 0.000590 0.092383 -0.020708
-2.534765 0.955077 -1.083221 5.295227 1.672498 -1.070909 1.073968 0.319995 1.644299 0.401706 -5.679843 0.733655 0.399655 0.140447 0.774433 0.358888 5.942225 0.583896 -3.197423 15.395841 0.603428 -6.194659 -7.339443 2.308739 -1.994581 9.338462 8.247767 -13.760395 -18.271737 73.155555 27.416444 56.068738 20.594981 0.692457 17.077277 -7.477661 -0.750704 9.963517 -7.743157 3.410817 -19.099066 -75.326896 -27.837481 50.609144 -19.577705 -5.060511 12.786823 6.950500 -9.583170 2.005443 1.859086 -1.018196 3.323422 -0.196125 -0.119453 -6.384160 -2.282186 0.000000 0.000000 0.000000 7.008343 0.619707 4.870511 -6.593068 4.392741 0.899091 -1.719326 -7.247245 -5.127426 0.001083 0.184755 -0.041461
-2.538160 0.954607 -1.081359 5.181297 1.606156 -1.140158 1.033615 0.358212 1.675342 0.382214 -5.662914 0.747438 0.380269 0.157390 0.786238 0.345229 5.954906 0.592804 -3.181421 15.519239 0.688391 -6.190369 -7.106315 2.454411 -1.968073 9.308289 8.200423 -13.880087 -18.144489 73.094712 27.610427 56.115116 20.790915 0.678075 17.075367 -7.484951 -0.785540 10.025173 -7.714125 3.375132 -19.185826 -75.342850 -28.433138 50.533003 -19.919936 -5.140495 12.830341 7.622926 -9.251286 2.242508 2.093925 -0.866246 3.249892 -0.112571 -0.439122 -6.510600 -2.439707 -0.000000 0.000000 -0.000000 7.661016 -0.202105 5.055038 -7.292038 6.114258 0.942379 -1.602109 -7.888392 -5.332871 0.000000 0.000000 0.000000
-2.541775 0.954019 -1.079468 5.016580 1.520544 -1.281076 1.001928 0.411866 1.740900 0.364919 -5.639001 0.776591 0.363072 0.181313 0.813635 0.334394 5.972821 0.613471 -3.158980 15.656112 0.780901 -6.175965 -6.848035 2.610895 -1.912449 9.263757 8.143144 -14.002766 -18.019977 73.029465 27.766546 56.131938 20.939130 0.667853 17.071906 -7.471316 -0.817087 10.072105 -7.676128 3.268896 -19.229700 -75.357942 -29.063026 50.330848 -20.227130 -5.209892 12.830424 8.347341 -8.724507 2.509844 2.391759 -0.783426 3.158381 0.020937 -0.794549 -6.660331 -2.639209 0.000000 -0.000000 0.000000 8.123904 -1.306948 5.261338 -7.728963 8.421870 0.983904 -1.491776 -8.767952 -5.557006 -0.002158 -0.405467 0.208714
-2.545520 0.953337 -1.077543 4.807112 1.422150 -1.463071 0.974182 0.475589 1.825723 0.348430 -5.610553 0.814320 0.346676 0.209772 0.849690 0.324810 5.994134 0.640672 -3.126589 15.810300 0.884134 -6.145811 -6.557482 2.782606 -1.842935 9.214817 8.083292 -14.099426 -17.907400 72.955163 27.857064 56.116834 21.021598 0.659175 17.066949 -7.450707 -0.843591 10.117207 -7.636290 3.126230 -19.258866 -75.375267 -29.737763 50.074955 -20.533588 -5.279285 12.808438 9.135067 -8.075654 2.791408 2.727664 -0.730635 3.057310 0.183706 -1.178294 -6.826420 -2.863260 0.000000 -0.000000 -0.000000 8.425456 -2.648559 5.466297 -7.952113 11.200692 1.036648 -1.383088 -9.671786 -5.777442 -0.006441 -1.088676 0.478155
-2.549078 0.952610 -1.075623 4.545419 1.335343 -1.627728 0.941170 0.532389 1.899722 0.330107 -5.585241 0.847246 0.328452 0.235096 0.880756 0.313475 6.013091 0.664113 -3.070853 15.994901 1.009636 -6.078425 -6.210374 2.985421 -1.796031 9.175773 8.053786 -14.089047 -17.844315 72.817597 27.835511 56.062077 21.032187 0.649063 17.062259 -7.444889 -0.846134 10.196418 -7.607759 2.973900 -19.329022 -75.395254 -30.439099 49.795151 -20.874933 -5.362407 12.774720 9.978315 -7.464642 3.035510 3.044784 -0.642817 2.982314 0.328459 -1.543420 -6.991658 -3.076935 0.000000 0.000000 0.000000 8.454381 -4.169230 5.594741 -7.758785 14.255547 1.173631 -1.320774 -9.867692 -5.909744 -0.011963 -2.496645 0.548995
-2.552375 0.951778 -1.073753 4.228406 1.270027 -1.754957 0.899932 0.574623 1.950763 0.309235 -5.566505 0.869973 0.307687 0.253843 0.901365 0.299446 6.027113 0.679669 -2.975249 16.228601 1.167110 -5.945627 -5.772421 3.230528 -1.793731 9.153933 8.082933 -13.865574 -17.855219 72.540176 27.691312 55.937568 21.002382 0.642363 17.059458 -7.461283 -0.807517 10.339992 -7.604726 2.785172 -19.489285 -75.401170 -31.139994 49.481559 -21.256084 -5.453797 12.742646 10.904538 -6.925505 3.223533 3.328953 -0.485346 2.943996 0.437350 -1.918720 -7.152764 -3.274732 0.000000 -0.000000 -0.000000 8.067249 -5.861831 5.653672 -6.908393 17.551979 1.446017 -1.417596 -8.893425 -5.881123 -0.010305 -4.992861 0.273032
-2.555484 0.950901 -1.071888 3.858955 1.216253 -1.864869 0.853327 0.609870 1.991003 0.286499 -5.550935 0.887908 0.285065 0.269425 0.916990 0.283649 6.038760 0.691467 -2.856020 16.493363 1.345979 -5.774504 -5.276941 3.505260 -1.814079 9.142695 8.142390 -13.534525 -17.915538 72.200373 27.435429 55.774196 20.901737 0.634517 17.056707 -7.492399 -0.745198 10.517410 -7.614097 2.586175 -19.690458 -75.407283 -31.865485 49.143248 -21.667845 -5.557495 12.705434 11.887377 -6.425359 3.377059 3.591664 -0.293135 2.933000 0.528812 -2.275789 -7.313009 -3.461663 0.000000 0.000000 0.000000 7.409952 -7.730948 5.670816 -5.597922 21.122738 1.890036 -1.564988 -7.213145 -5.748768 0.016817 -8.208473 -0.233644
-2.558314 0.950197 -1.069938 3.438329 1.168950 -1.959477 0.800769 0.643817 2.026829 0.261323 -5.535985 0.903891 0.260011 0.284387 0.930419 0.265861 6.049937 0.701612 -2.749203 16.747380 1.527224 -5.627016 -4.800638 3.789348 -1.827633 9.135064 8.180156 -13.332922 -17.990968 71.975482 27.054366 55.654857 20.630596 0.608668 17.050446 -7.537759 -0.692194 10.673636 -7.608039 2.483684 -19.841291 -75.462384 -32.677669 48.837334 -22.128577 -5.702055 12.641843 12.839091 -6.024769 3.508648 3.811861 -0.105601 2.956125 0.610521 -2.482537 -7.463576 -3.618764 -0.000000 0.000000 0.000000 6.815166 -9.739053 5.593165 -4.269872 24.870907 2.542138 -1.483588 -5.482882 -5.625858 0.084717 -11.490348 -0.842019
-2.560853 0.949756 -1.067950 2.977509 1.123345 -2.041966 0.736372 0.683806 2.062210 0.230873 -5.518412 0.919687 0.229710 0.301975 0.943125 0.244078 6.063075 0.711218 -2.672291 16.972655 1.707836 -5.535528 -4.375983 4.084164 -1.821034 9.126597 8.170896 -13.386641 -18.087415 71.966872 26.521229 55.675578 20.114688 0.554001 17.040760 -7.591286 -0.658057 10.783820 -7.566947 2.563499 -19.913629 -75.612465 -33.639227 48.610232 -22.680036 -5.897148 12.530606 13.734834 -5.757932 3.607660 3.981278 0.015501 3.045414 0.691003 -2.455306 -7.606029 -3.739446 0.000000 0.000000 -0.000000 6.346420 -11.977554 5.383730 -2.941234 28.972957 3.512410 -0.987555 -3.764139 -5.638357 0.207300 -14.859681 -1.543404
-2.563113 0.949490 -1.065876 2.465456 1.084316 -2.109153 0.666010 0.722507 2.093053 0.197982 -5.501457 0.933477 0.196976 0.318941 0.953576 0.220300 6.075743 0.719125 -2.608216 17.187991 1.890137 -5.468279 -3.968908 4.386889 -1.807644 9.120884 8.139907 -13.571034 -18.197543 72.074536 25.863885 55.735094 19.422665 0.481883 17.027357 -7.659788 -0.633103 10.873530 -7.510124 2.740219 -19.936363 -75.814759 -34.688641 48.413459 -23.282346 -6.133260 12.395220 14.603082 -5.591248 3.686754 4.106947 0.131720 3.169271 0.761591 -2.278075 -7.736748 -3.831430 0.000000 0.000000 -0.000000 5.952558 -14.361361 5.081361 -1.503711 33.237915 4.750825 -0.276626 -1.988750 -5.662489 0.394964 -18.280231 -2.412653
-2.565035 0.949354 -1.063487 1.870402 1.061366 -2.153578 0.606720 0.743533 2.113868 0.170553 -5.492338 0.942817 0.169673 0.328069 0.960130 0.200308 6.082541 0.724086 -2.541623 17.406535 2.063163 -5.392159 -3.556640 4.671144 -1.798076 9.122586 8.111137 -13.747477 -18.269831 72.172456 25.159132 55.620423 18.679604 0.409531 17.005761 -7.761909 -0.621470 10.963251 -7.467838 2.864341 -19.904666 -75.986668 -35.700373 48.164814 -23.828784 -6.409701 12.278980 15.436160 -5.483279 3.793365 4.190452 0.388729 3.238885 0.804485 -2.070404 -7.838847 -3.897356 0.000000 -0.000000 -0.000000 5.800137 -16.589025 4.714314 -0.295700 37.032765 5.923270 0.375298 -0.626045 -5.461065 0.623721 -21.026335 -3.360057
-2.566597 0.949374 -1.060658 1.170618 1.053705 -2.176711 0.573348 0.742113 2.125637 0.155171 -5.493099 0.948124 0.154362 0.327312 0.963873 0.189112 6.081946 0.726914 -2.470974 17.634579 2.220513 -5.302101 -3.127962 4.924432 -1.789652 9.147250 8.094947 -13.840261 -18.274166 72.217933 24.388274 55.183906 17.861777 0.340288 16.970303 -7.936860 -0.636380 11.069623 -7.453862 2.817787 -19.798899 -76.093409 -36.589427 47.775254 -24.204414 -6.751638 12.201998 16.244933 -5.462547 3.965422 4.233653 0.908164 3.200772 0.808051 -1.878019 -7.895972 -3.936804 -0.000000 0.000000 -0.000000 6.056573 -18.563011 4.232381 0.437230 40.247718 6.848094 1.033794 0.000383 -4.772239 0.910029 -22.799351 -4.524906
-2.567821 0.949525 -1.057514 0.387777 1.062711 -2.177557 0.551014 0.722662 2.128087 0.145215 -5.501841 0.949292 0.144452 0.318572 0.964029 0.181706 6.075375 0.727029 -2.398446 17.865881 2.367818 -5.204621 -2.694018 5.158379 -1.785147 9.179474 8.080448 -13.924470 -18.241593 72.251413 23.599804 54.570028 17.026378 0.275604 16.925273 -8.144478 -0.664874 11.175348 -7.455047 2.718823 -19.639296 -76.171923 -37.437891 47.341438 -24.514479 -7.131572 12.146544 17.020248 -5.500926 4.164386 4.232260 1.568414 3.108673 0.782721 -1.655526 -7.924668 -3.950192 -0.000000 -0.000000 -0.000000 6.571008 -20.379521 3.652761 0.834918 43.015305 7.562869 1.665657 0.205282 -3.876359 1.202663 -23.912480 -5.675762
-2.568723 0.949692 -1.054197 -0.444784 1.101540 -2.145418 0.512173 0.682268 2.114289 0.128766 -5.519996 0.943275 0.128072 0.300422 0.956346 0.168862 6.061743 0.721230 -2.314299 18.094710 2.512108 -5.084244 -2.265767 5.382993 -1.803162 9.177690 8.060456 -14.086788 -18.215371 72.270516 22.951433 54.013002 16.404988 0.226237 16.882298 -8.284583 -0.671743 11.249683 -7.460849 2.772602 -19.480083 -76.245763 -38.370483 47.055446 -24.985560 -7.469116 12.094358 17.722993 -5.471940 4.322281 4.180074 2.150313 3.034054 0.745380 -1.385791 -7.957979 -3.941076 0.000000 -0.000000 -0.000000 7.020991 -22.027963 3.109086 1.022258 45.079858 7.953264 1.851427 0.482264 -3.343595 1.325977 -24.592004 -6.078086
-2.569226 0.949877 -1.050746 -1.313138 1.179246 -2.058165 0.442014 0.608274 2.072651 0.099832 -5.553270 0.924921 0.099262 0.267154 0.935058 0.145680 6.036765 0.705163 -2.218595 18.327625 2.664319 -4.944339 -1.830131 5.618193 -1.864546 9.120368 8.033379 -14.388175 -18.220425 72.265751 22.480021 53.598513 16.108159 0.190486 16.842178 -8.306977 -0.630798 11.273898 -7.471017 3.119868 -19.335652 -76.321971 -39.514506 47.033047 -25.818165 -7.726402 12.026004 18.334096 -5.344748 4.405325 4.055948 2.567525 3.011173 0.695988 -1.046702 -8.007114 -3.907122 -0.000000 0.000000 -0.000000 7.378029 -23.499003 2.574970 0.890545 46.318320 7.911463 1.312079 1.049735 -3.453003 1.157525 -24.919898 -5.278844
-2.569407 0.950079 -1.047123 -2.231020 1.288702 -1.939538 0.355547 0.512098 2.016358 0.064421 -5.596484 0.900043 0.064016 0.223945 0.906584 0.117138 6.004327 0.683667 -2.111750 18.558726 2.812693 -4.782661 -1.398909 5.843121 -1.947889 9.028547 8.002971 -14.766896 -18.234514 72.245198 22.111789 53.251408 15.992268 0.162607 16.806323 -8.263376 -0.567724 11.266589 -7.483836 3.619692 -19.188658 -76.392144 -40.758373 47.141097 -26.834114 -7.941694 11.953356 18.872478 -5.150697 4.445639 3.882773 2.906220 3.004706 0.635525 -0.660256 -8.061282 -3.851230 0.000000 -0.000000 -0.000000 7.662425 -24.804415 2.085696 0.465996 46.851780 7.473773 0.311530 1.678024 -3.952941 0.798856 -24.766565 -3.717903
-2.569508 0.950183 -1.043362 -3.206711 1.417761 -1.847766 0.269757 0.427611 1.974903 0.028565 -5.634460 0.881735 0.028336 0.185971 0.884635 0.088761 5.975812 0.667092 -1.984141 18.763057 2.931048 -4.574895 -1.021153 6.008157 -2.008309 8.924424 7.970621 -15.126135 -18.228884 72.233832 21.825850 52.965593 15.892586 0.144880 16.787989 -8.206769 -0.525160 11.253575 -7.486564 4.054805 -19.046033 -76.456737 -41.858812 47.204428 -27.684741 -8.149245 11.901652 19.355104 -4.856203 4.475310 3.721650 3.206071 2.981640 0.583749 -0.275448 -8.120309 -3.784750 0.000000 0.000000 0.000000 7.599228 -25.967770 1.898326 0.102573 46.780295 6.787434 -0.757395 2.198165 -4.600491 0.419784 -24.068422 -2.022535
-2.569668 0.950150 -1.039517 -4.226226 1.573387 -1.806043 0.184938 0.361583 1.957697 -0.008071 -5.664185 0.874206 -0.008122 0.156247 0.873388 0.060600 5.953476 0.658594 -1.833142 18.932725 3.006749 -4.312564 -0.711972 6.089916 -2.027080 8.802819 7.932848 -15.466818 -18.169860 72.268925 21.634045 52.770007 15.750552 0.143878 16.800876 -8.143094 -0.528322 11.240857 -7.469455 4.368791 -18.896355 -76.517689 -42.773479 47.186218 -28.274203 -8.370575 11.883365 19.775443 -4.427405 4.497349 3.599938 3.461452 2.919781 0.556184 0.075022 -8.178906 -3.718665 0.000041 0.020055 -0.031631 6.983759 -26.999193 2.177523 -0.043616 46.067441 5.865367 -1.863348 2.533281 -5.434478 0.052505 -22.882650 -0.251536
-2.569748 0.950020 -1.035534 -5.303781 1.747012 -1.792673 0.100627 0.308279 1.954809 -0.045200 -5.688233 0.873033 -0.045069 0.132198 0.868447 0.032543 5.935391 0.654852 -1.661087 19.074192 3.053512 -4.004234 -0.457946 6.114068 -2.022714 8.668715 7.894405 -15.788231 -18.088981 72.311574 21.532743 52.632120 15.631562 0.152711 16.831365 -8.065845 -0.552008 11.223183 -7.442168 4.618352 -18.751850 -76.575206 -43.535891 47.137689 -28.688146 -8.585259 11.881921 20.139245 -3.898009 4.509704 3.489238 3.678088 2.841433 0.537853 0.423806 -8.242357 -3.641767 0.000028 0.040122 -0.063255 5.987881 -27.865938 2.790895 -0.027151 44.725502 4.818949 -3.008831 2.732772 -6.432577 -0.281599 -21.124140 1.556048
-2.569579 0.949795 -1.031288 -6.490145 1.902006 -1.797530 0.032472 0.283793 1.965063 -0.075863 -5.699396 0.877675 -0.075578 0.121031 0.869974 0.009794 5.926971 0.655996 -1.465439 19.183691 3.085559 -3.650550 -0.265757 6.105955 -2.006644 8.560046 7.867237 -15.992127 -18.056151 72.276902 21.488537 52.450540 15.567728 0.157593 16.850804 -8.008344 -0.563526 11.209290 -7.422252 4.756409 -18.656891 -76.627722 -44.002786 47.029795 -28.835625 -8.764486 11.879675 20.481146 -3.335741 4.537113 3.366623 3.912676 2.780389 0.502427 0.819882 -8.326358 -3.532106 -0.000000 0.000000 0.000000 4.901866 -28.529528 3.546319 0.173887 42.939398 3.932330 -3.872071 2.864847 -7.212680 -0.436834 -18.625615 2.811025
-2.569101 0.949457 -1.026753 -7.800469 2.014371 -1.815039 -0.013853 0.305501 1.988379 -0.097614 -5.689929 0.888104 -0.097221 0.130494 0.878195 -0.005821 5.934029 0.662208 -1.246684 19.247585 3.103860 -3.253259 -0.160039 6.068132 -1.982270 8.495263 7.856689 -16.035745 -18.116076 72.116757 21.525556 52.180657 15.617793 0.154577 16.844664 -7.985067 -0.544410 11.214481 -7.413910 4.713254 -18.647348 -76.665715 -44.091960 46.820106 -28.637817 -8.898772 11.864728 20.796666 -2.757212 4.606558 3.225875 4.172978 2.732212 0.435869 1.281666 -8.436218 -3.380066 -0.000068 -0.146150 0.259983 3.729203 -28.965597 4.404718 0.754826 40.722973 3.368010 -4.330472 2.952302 -7.561440 -0.360495 -14.990788 3.237802
-2.568374 0.949024 -1.021953 -9.219673 2.107053 -1.849818 -0.043974 0.356997 2.022244 -0.112785 -5.667149 0.903220 -0.112327 0.153272 0.891773 -0.016145 5.951077 0.672474 -1.003870 19.279113 3.108916 -2.809387 -0.115695 6.000249 -1.946658 8.456727 7.855316 -15.962208 -18.228783 71.885503 21.613289 51.867670 15.722807 0.149563 16.826979 -7.980962 -0.513281 11.222944 -7.413631 4.558240 -18.689685 -76.693560 -43.889896 46.550644 -28.183016 -9.000105 11.844911 21.087985 -2.146029 4.689809 3.072588 4.451033 2.700452 0.351873 1.790592 -8.567470 -3.195860 -0.001028 -0.352443 0.614873 2.482579 -29.179216 5.378763 1.515262 38.073433 2.988398 -4.536916 3.014115 -7.655066 -0.186224 -10.695116 3.105793
-2.567418 0.948551 -1.016834 -10.753183 2.213829 -1.907328 -0.059170 0.403556 2.062378 -0.121594 -5.646500 0.921123 -0.121098 0.173920 0.908780 -0.021453 5.966530 0.685321 -0.732583 19.315595 3.113389 -2.313069 -0.063536 5.922130 -1.901894 8.428310 7.855194 -15.802359 -18.337455 71.653312 21.638578 51.545713 15.739042 0.144180 16.811793 -7.985186 -0.492760 11.195904 -7.426142 4.453255 -18.723618 -76.732286 -43.506574 46.315312 -27.633834 -9.070468 11.832944 21.399246 -1.520350 4.727858 2.902617 4.779912 2.730559 0.264642 2.340282 -8.721418 -2.987916 -0.002703 -0.541569 0.854002 1.479772 -29.201274 6.336585 1.860078 35.158234 2.603712 -4.603182 3.134719 -7.684324 -0.052211 -6.917382 2.678684
-2.566217 0.948053 -1.011430 -12.403271 2.352287 -1.992210 -0.057078 0.435179 2.110996 -0.123047 -5.632408 0.942810 -0.122547 0.188010 0.930317 -0.020914 5.977071 0.701577 -0.440986 19.358910 3.118723 -1.780106 0.001305 5.839438 -1.838084 8.413972 7.853376 -15.524534 -18.414655 71.436290 21.554247 51.203739 15.586421 0.140567 16.803764 -7.999224 -0.488827 11.115134 -7.445333 4.442563 -18.735373 -76.820003 -42.912084 46.124656 -26.991756 -9.102362 11.831290 21.776398 -0.886312 4.670189 2.722288 5.181444 2.876546 0.175653 2.915582 -8.915879 -2.765908 -0.004052 -0.682956 0.874163 0.940216 -29.071951 7.154967 1.590711 31.966208 2.264508 -4.531844 3.433840 -7.719438 0.009844 -3.977626 1.883619
-2.564786 0.947516 -1.005705 -14.167999 2.502415 -2.102225 -0.039906 0.462714 2.166248 -0.118099 -5.620054 0.967454 -0.117629 0.200365 0.955466 -0.015325 5.986317 0.720556 -0.121175 19.407401 3.122805 -1.195119 0.075607 5.745928 -1.765326 8.409811 7.851860 -15.160453 -18.485397 71.217119 21.418095 50.850670 15.351714 0.137392 16.797998 -8.021391 -0.494499 10.997908 -7.473388 4.482051 -18.739506 -76.920661 -42.139354 45.955095 -26.267380 -9.101856 11.835126 22.171942 -0.237426 4.565163 2.527514 5.633984 3.083334 0.081062 3.531716 -9.133894 -2.521817 -0.004970 -0.807268 0.778559 0.665503 -28.766422 7.928246 0.946282 28.509580 2.007279 -4.332742 3.801357 -7.679464 0.018982 -1.591485 0.817547
-2.563196 0.946956 -0.999502 -16.046474 2.641367 -2.232863 -0.015880 0.482223 2.219350 -0.109973 -5.611232 0.991128 -0.109547 0.209190 0.979964 -0.007409 5.992920 0.739039 0.254589 19.493544 3.130892 -0.507417 0.217715 5.641252 -1.715297 8.387528 7.852194 -14.835950 -18.570707 71.015462 21.275245 50.551568 15.138950 0.129980 16.794562 -8.036690 -0.512640 10.857661 -7.526156 4.602118 -18.713164 -76.949397 -41.383882 45.855533 -25.627184 -9.090859 11.847278 22.490388 0.426759 4.501186 2.297313 6.105383 3.232738 -0.012511 4.228255 -9.324876 -2.237550 -0.005401 -0.929112 0.666073 0.351855 -28.216973 8.846490 0.043278 24.971635 1.668651 -4.111782 3.967164 -7.536883 0.000000 -0.000000 -0.000000
-2.561448 0.946390 -0.992807 -18.048846 2.768962 -2.386881 0.010205 0.487007 2.269660 -0.100731 -5.608941 1.013564 -0.100351 0.211483 1.003339 0.001268 5.994628 0.756666 0.713758 19.645321 3.147816 0.331890 0.480026 5.526532 -1.703055 8.327702 7.855986 -14.588162 -18.682509 70.835966 21.125028 50.362305 14.985385 0.114742 16.795982 -8.037038 -0.548080 10.680447 -7.622606 4.836055 -18.632668 -76.858885 -40.697600 45.825478 -25.136904 -9.070117 11.872567 22.693449 1.088176 4.497548 2.016681 6.609621 3.277016 -0.087796 5.027820 -9.461735 -1.903905 -0.005190 -1.049208 0.559765 -0.063685 -27.362440 9.960908 -1.233213 21.283254 1.190961 -3.877535 3.775715 -7.204501 -0.011837 0.493189 -0.243763
-2.559540 0.945800 -0.985632 -20.165034 2.882484 -2.561265 0.043070 0.483849 2.318774 -0.088382 -5.610138 1.035471 -0.088064 0.210288 1.026503 0.012252 5.993725 0.774132 1.227623 19.835230 3.165326 1.270483 0.814346 5.398064 -1.713032 8.249891 7.864506 -14.379720 -18.809709 70.677079 20.962919 50.229064 14.845396 0.094256 16.800133 -8.031495 -0.594852 10.476618 -7.739839 5.151991 -18.512217 -76.700811 -40.024727 45.866129 -24.730221 -9.042359 11.904584 22.818149 1.763773 4.530426 1.697513 7.132425 3.262676 -0.160961 5.908652 -9.573467 -1.530788 -0.004470 -1.166812 0.436540 -0.474430 -26.238816 11.167986 -2.704212 17.481088 0.775165 -3.629484 3.408616 -6.733870 -0.006395 0.242614 -0.129937
-2.557531 0.945150 -0.977855 -22.363404 2.956351 -2.740193 0.088646 0.488288 2.360721 -0.070091 -5.607896 1.054144 -0.069864 0.212532 1.047029 0.027462 5.995415 0.789606 1.739982 20.011940 3.169937 2.208074 1.126637 5.249069 -1.730984 8.184359 7.878580 -14.224840 -18.939592 70.549714 20.825453 50.052664 14.699015 0.072940 16.800153 -8.030777 -0.640777 10.297648 -7.834413 5.482673 -18.384916 -76.538769 -39.389083 46.036962 -24.365274 -9.033585 11.930887 22.883110 2.506006 4.624137 1.355972 7.598856 3.212744 -0.274248 6.843742 -9.694122 -1.128651 -0.003683 -1.294310 0.326081 -0.926805 -24.909335 12.420916 -3.848062 13.909333 0.548423 -3.441913 3.080686 -6.325726 0.000000 0.000000 -0.000000
-2.555548 0.944425 -0.969511 -24.668861 2.982467 -2.927274 0.156345 0.505490 2.390002 -0.041443 -5.599875 1.067113 -0.041357 0.220554 1.062896 0.050037 6.001461 0.801568 2.233619 20.152609 3.162705 3.113174 1.374935 5.086210 -1.744648 8.142121 7.905241 -14.133395 -19.074206 70.481204 20.705775 49.803315 14.522294 0.054027 16.794579 -8.033100 -0.691001 10.168289 -7.887083 5.823973 -18.253586 -76.386968 -38.801049 46.344788 -24.023904 -9.066146 11.943652 22.889642 3.403211 4.796844 1.021034 7.949605 3.102770 -0.452823 7.828619 -9.824429 -0.708395 -0.003029 -1.427074 0.243296 -1.597571 -23.286433 13.844684 -4.609735 10.567193 0.407945 -3.322842 2.806519 -5.932332 0.000000 -0.000000 0.000000
-2.553464 0.943640 -0.960565 -27.055897 2.967644 -3.114346 0.236651 0.529330 2.411053 -0.006841 -5.588838 1.076393 -0.006920 0.231592 1.075690 0.076821 6.009786 0.811218 2.726509 20.278792 3.144483 4.019055 1.599668 4.905501 -1.766646 8.112966 7.935789 -14.096344 -19.209320 70.444811 20.614817 49.508904 14.346436 0.034641 16.784771 -8.040099 -0.741580 10.066480 -7.920789 6.180374 -18.114375 -76.232407 -38.236627 46.784332 -23.718227 -9.122255 11.951965 22.837935 4.365963 5.029350 0.658975 8.243018 2.955061 -0.668766 8.867907 -9.966336 -0.260489 -0.002372 -1.569768 0.173358 -2.268207 -21.429818 15.254845 -5.094790 7.462132 0.376972 -3.252215 2.558791 -5.614918 0.000000 0.000000 -0.000000
-2.550961 0.942805 -0.950791 -29.417014 2.912378 -3.266231 0.307088 0.558518 2.432181 0.023344 -5.575465 1.085713 0.023122 0.244967 1.088082 0.100276 6.019858 0.820574 3.215621 20.405197 3.103039 4.923875 1.828149 4.685405 -1.820275 8.093866 7.945728 -14.098760 -19.326039 70.367739 20.615183 49.155553 14.240079 0.011573 16.767660 -8.066993 -0.767372 9.974724 -7.957891 6.496378 -17.995154 -76.094397 -37.661959 47.397209 -23.449036 -9.166908 11.968731 22.744576 5.179661 5.288287 0.192689 8.580635 2.862395 -0.887874 9.948224 -10.155627 0.233365 -0.001549 -1.748785 0.101501 -2.460166 -19.677886 16.215592 -5.098558 4.981413 0.554539 -3.228809 2.424625 -5.776579 -0.000000 0.000000 0.000000
-2.548002 0.941883 -0.940010 -31.761961 2.810021 -3.363446 0.371926 0.590002 2.450219 0.051162 -5.561106 1.093621 0.050805 0.259323 1.098806 0.121827 6.030662 0.828660 3.712525 20.541963 3.030449 5.851257 2.079308 4.408329 -1.926376 8.087305 7.918048 -14.120487 -19.413158 70.235791 20.724421 48.722969 14.227179 -0.015061 16.739348 -8.119797 -0.741802 9.887722 -8.005803 6.770625 -17.902673 -75.960444 -37.103405 48.253921 -23.271819 -9.198140 11.998597 22.622922 5.775028 5.566076 -0.415640 9.025028 2.866815 -1.114660 11.100311 -10.441943 0.804225 0.000020 -1.951860 -0.000206 -2.118946 -18.107799 16.653682 -4.251645 3.272193 0.865917 -3.273988 2.430428 -6.744266 -0.000000 0.000000 0.000000
-2.544624 0.940910 -0.928402 -34.080677 2.672562 -3.420728 0.426794 0.626882 2.468018 0.074532 -5.544398 1.101417 0.074063 0.276026 1.108965 0.140014 6.043220 0.836325 4.205606 20.677930 2.935214 6.777308 2.333702 4.093578 -2.064183 8.087279 7.868319 -14.180152 -19.488702 70.059981 20.916661 48.229862 14.287801 -0.042479 16.703158 -8.191907 -0.691380 9.810194 -8.058130 7.003439 -17.831770 -75.839693 -36.528446 49.283200 -23.134339 -9.223111 12.036552 22.457720 6.219045 5.857648 -1.130669 9.513429 2.922583 -1.350466 12.294179 -10.778380 1.414766 0.002015 -2.191395 -0.103517 -1.376484 -16.705269 16.724538 -2.962248 2.176948 1.166403 -3.354535 2.511983 -8.208497 -0.000000 0.000000 0.000000
-2.540611 0.940006 -0.916276 -36.236188 2.530211 -3.456745 0.436289 0.678480 2.502634 0.076878 -5.521346 1.116790 0.076406 0.299082 1.124593 0.142926 6.060503 0.848145 4.656726 20.796537 2.829373 7.628613 2.560692 3.773704 -2.194366 8.078161 7.822264 -14.319799 -19.584386 69.805314 21.185496 47.721080 14.422835 -0.069149 16.666645 -8.279465 -0.670226 9.738299 -8.115577 7.141185 -17.797015 -75.781372 -35.807199 50.311176 -22.870538 -9.222047 12.079618 22.219166 6.501924 6.132754 -1.916716 9.960072 2.992997 -1.557852 13.427274 -11.052558 1.981907 0.003051 -2.530797 -0.138120 -0.089440 -15.710279 16.418533 -2.200848 1.642561 1.431181 -3.382079 2.602265 -9.620561 -0.000000 0.000000 -0.000000
-2.535744 0.939056 -0.903600 -38.198969 2.394442 -3.492938 0.387507 0.745517 2.573834 0.051519 -5.491687 1.148550 0.051177 0.328747 1.153792 0.126186 6.082677 0.870217 5.061528 20.886550 2.707008 8.399388 2.737774 3.437575 -2.309896 8.030298 7.763428 -14.583345 -19.696541 69.444516 21.594601 47.217917 14.693035 -0.096075 16.630331 -8.372560 -0.696501 9.652348 -8.183118 7.233534 -17.777446 -75.850515 -34.927976 51.354524 -22.455711 -9.210757 12.132418 21.951723 6.616447 6.410337 -2.790078 10.356144 3.001541 -1.728264 14.590268 -11.265396 2.465377 0.001717 -2.940524 -0.053291 2.050705 -15.292755 15.638523 -2.455401 1.759674 1.685767 -3.315861 2.741611 -10.960343 0.000000 -0.000000 0.000000
-2.530243 0.938175 -0.890407 -39.998713 2.255407 -3.509120 0.293357 0.829370 2.660544 0.005126 -5.454812 1.187263 0.004994 0.365620 1.187784 0.094069 6.110202 0.895912 5.424694 20.959308 2.575224 9.097063 2.885446 3.096777 -2.417216 7.973178 7.710548 -14.925108 -19.843613 69.005902 22.068931 46.696098 15.037065 -0.120462 16.593286 -8.480617 -0.751887 9.570870 -8.255985 7.230207 -17.804578 -75.978424 -33.875958 52.389264 -21.900072 -9.181980 12.189990 21.606543 6.569406 6.664396 -3.734111 10.711116 3.026640 -1.869186 15.695760 -11.415107 2.904272 -0.002384 -3.449173 0.102465 4.723678 -15.266184 14.523974 -3.215283 2.454735 1.916342 -3.221053 2.906612 -12.249327 -0.000000 -0.000000 0.000000
-2.524553 0.937820 -0.877104 -41.587521 2.112123 -3.463924 0.157016 0.938594 2.717786 -0.058837 -5.406977 1.212911 -0.058701 0.413453 1.206937 0.047661 6.145929 0.910454 5.721138 21.033033 2.464604 9.667213 3.036096 2.815217 -2.498599 7.986146 7.738866 -15.254452 -20.086775 68.545095 22.404402 46.136425 15.271865 -0.133481 16.560186 -8.627727 -0.837033 9.547814 -8.323238 6.927537 -17.970020 -76.006971 -32.518757 53.173962 -21.091950 -9.095303 12.234912 21.006865 6.376298 6.806842 -4.656632 10.969675 3.269033 -1.970973 16.379050 -11.369498 3.341925 -0.009505 -4.206021 0.258849 7.133933 -15.344006 13.420986 -3.958556 3.436626 2.079265 -3.140385 2.915831 -12.999493 0.000000 -0.000000 0.000000
-2.518633 0.938188 -0.863550 -42.844495 1.957245 -3.294294 -0.071500 1.082622 2.715079 -0.161167 -5.344286 1.212082 -0.160610 0.476138 1.195749 -0.029735 6.192767 0.902190 5.935579 21.119895 2.382590 10.079404 3.208595 2.610487 -2.559644 8.126251 7.917248 -15.468667 -20.507316 67.953827 22.584181 45.485966 15.424241 -0.123525 16.532442 -8.848859 -0.975645 9.658689 -8.406358 6.116129 -18.378965 -75.836871 -30.624670 53.526138 -19.875514 -8.982724 12.256097 20.111018 6.039182 6.920172 -5.569476 11.215493 3.693453 -2.080757 16.567640 -11.098451 3.808300 -0.014681 -5.236103 0.383600 9.146711 -15.594721 12.341170 -4.720879 4.823685 2.159748 -3.128654 2.642095 -12.864949 -0.000000 0.000000 0.000000
-2.512525 0.939083 -0.849886 -43.891265 1.802720 -3.064826 -0.343048 1.247316 2.681489 -0.281258 -5.272675 1.197689 -0.280215 0.547706 1.169172 -0.121569 6.246257 0.882346 6.082693 21.208421 2.320648 10.362949 3.380590 2.461632 -2.595745 8.345995 8.168552 -15.671573 -21.025341 67.353819 22.633220 44.802612 15.468429 -0.095007 16.505975 -9.105153 -1.147161 9.827447 -8.492092 4.998297 -18.917672 -75.530441 -28.476086 53.599194 -18.469741 -8.845303 12.270170 18.948255 5.561853 6.927210 -6.453981 11.368876 4.339705 -2.163656 16.343885 -10.611090 4.274657 -0.024622 -6.511268 0.542433 10.908791 -15.949419 11.267806 -5.463033 6.494600 2.163020 -3.106235 2.214432 -12.188495 0.000000 0.000000 -0.000000
-2.506797 0.940376 -0.836939 -45.043133 1.674876 -2.925351 -0.505186 1.406982 2.662215 -0.353326 -5.202673 1.189478 -0.352010 0.617650 1.153607 -0.176701 6.298591 0.870757 6.182551 21.282030 2.285433 10.553019 3.522903 2.374494 -2.575187 8.565059 8.348636 -16.089546 -21.436522 67.143268 22.446624 44.231782 15.154906 -0.067693 16.478054 -9.311664 -1.283394 9.885129 -8.511567 3.994006 -19.346451 -75.197169 -26.690691 53.685537 -17.282527 -8.611915 12.303678 17.439102 4.974589 6.506816 -7.152932 11.135325 5.529591 -2.116572 15.577811 -9.818332 4.686177 -0.060780 -8.091599 0.859308 12.014789 -15.971234 10.523330 -5.574010 7.776353 2.077288 -2.904769 1.822749 -11.520315 0.000000 0.000000 -0.000000
-2.501771 0.942150 -0.825146 -46.408954 1.573363 -2.985583 -0.486388 1.562490 2.697456 -0.347536 -5.133473 1.205109 -0.346269 0.686842 1.169806 -0.171279 6.350459 0.883079 6.224349 21.334420 2.293758 10.625768 3.621797 2.381577 -2.449504 8.756283 8.395356 -16.975310 -21.629620 67.604585 21.945789 43.826960 14.241522 -0.065090 16.446437 -9.473817 -1.358076 9.747488 -8.401811 3.154379 -19.547546 -74.925393 -25.366672 53.912443 -16.281885 -8.232880 12.387739 15.348960 4.407152 5.513145 -7.487836 10.327033 7.519876 -1.980979 14.028677 -8.569977 5.077193 -0.133236 -10.182617 1.397694 12.037048 -15.454403 10.373362 -4.621710 8.379684 1.842543 -2.436750 1.526194 -11.054137 0.000000 0.000000 0.000000
-2.497127 0.944321 -0.814070 -47.879074 1.490415 -3.136493 -0.356956 1.716016 2.747679 -0.293311 -5.064462 1.227051 -0.292292 0.755893 1.197271 -0.128846 6.402312 0.903873 6.220280 21.373363 2.330816 10.607269 3.691097 2.452165 -2.267738 8.939773 8.373214 -18.076868 -21.665578 68.443096 21.268305 43.505841 12.988320 -0.070672 16.414727 -9.589683 -1.394306 9.506084 -8.215224 2.435264 -19.641557 -74.660208 -24.369956 54.189289 -15.437742 -7.805442 12.510682 12.891243 3.733225 4.113861 -7.583550 9.120598 10.073556 -1.879566 11.931046 -7.029153 5.325246 -0.260762 -12.502714 2.312570 11.404867 -14.616740 10.522436 -3.059170 8.567685 1.510497 -1.795478 1.255453 -10.603345 0.000000 0.000000 -0.000000
-2.492465 0.946508 -0.803234 -49.440901 1.444754 -3.200148 -0.177383 1.844510 2.739614 -0.213839 -5.006297 1.222690 -0.213169 0.814096 1.200978 -0.069352 6.446116 0.906669 6.224998 21.402725 2.356129 10.607973 3.743319 2.498299 -2.144768 9.101779 8.331505 -18.867397 -21.610958 69.181957 20.615606 43.224841 11.889026 -0.056040 16.393736 -9.566523 -1.395852 9.255891 -8.051866 2.120545 -19.745881 -74.322741 -23.942809 54.515160 -15.103967 -7.434723 12.618889 10.672141 2.615117 2.443845 -7.711671 7.766323 12.779081 -1.845286 9.840652 -5.616472 5.159537 -0.476148 -14.336321 3.784660 10.967486 -13.694357 10.477095 -1.604159 8.497920 1.249297 -1.092193 1.005517 -10.150342 -0.000000 0.000000 -0.000000
-2.487496 0.948651 -0.792306 -51.126930 1.462098 -3.081174 0.058648 1.928211 2.630766 -0.103996 -4.967851 1.173050 -0.103756 0.852558 1.162466 0.009709 6.475222 0.877500 6.251169 21.428503 2.365752 10.652389 3.791426 2.510070 -2.147869 9.240214 8.264783 -19.093906 -21.467903 69.660486 19.949081 42.859299 11.035858 -0.040301 16.384238 -9.405125 -1.364503 9.007502 -7.949944 2.378317 -19.889923 -73.888107 -24.345106 54.960026 -15.531142 -7.078194 12.674512 8.802966 0.894017 0.369597 -8.020310 6.134814 15.721848 -1.924209 7.753367 -4.414019 4.429971 -0.837492 -15.672007 5.947569 11.109547 -12.747107 9.983932 -0.588133 8.142969 1.173093 -0.324942 0.764730 -9.675761 0.000000 -0.000000 -0.000000
-2.482510 0.950808 -0.781618 -52.904774 1.526871 -2.879036 0.343567 1.982989 2.464961 0.030660 -4.942160 1.097815 0.030423 0.878259 1.100906 0.105650 6.494820 0.830887 6.286200 21.443982 2.364026 10.716371 3.821612 2.498150 -2.209463 9.355651 8.180117 -19.007380 -21.254877 70.028595 19.273633 42.549989 10.317600 -0.016363 16.392365 -9.108085 -1.299058 8.747752 -7.871861 3.040352 -20.040926 -73.384765 -25.366961 55.449059 -16.487618 -6.717976 12.701685 7.189485 -1.250697 -2.004760 -8.246394 4.279918 18.802127 -2.277105 5.605363 -3.537991 3.306994 -1.237112 -16.264149 8.539018 11.422420 -11.736683 9.304377 0.316188 7.536951 1.176830 0.503559 0.544719 -9.195694 0.000000 0.000000 0.000000
-2.477979 0.952771 -0.771685 -54.665027 1.597545 -2.707226 0.595504 2.038527 2.298483 0.150730 -4.916467 1.022398 0.150088 0.903946 1.037700 0.190592 6.514361 0.783048 6.346374 21.432205 2.322690 10.837067 3.804368 2.405646 -2.241294 9.441616 8.145701 -18.845325 -21.090695 70.282976 18.804132 42.681845 9.885793 0.079759 16.440294 -8.584239 -1.198882 8.533697 -7.807544 3.885551 -20.217455 -72.807365 -26.536633 55.768677 -17.594210 -6.442176 12.720046 6.150026 -3.662789 -4.172207 -8.096154 2.773550 21.325995 -2.848431 3.907046 -3.373689 2.138283 -1.342283 -15.282719 10.720188 11.555521 -10.772922 8.747888 1.389434 6.936896 1.104796 1.278087 0.380654 -8.745309 0.000000 0.000000 -0.000000
-2.474145 0.954447 -0.762853 -56.402406 1.657833 -2.598094 0.788958 2.102514 2.137000 0.244509 -4.887469 0.949369 0.243547 0.932912 0.974194 0.255848 6.536283 0.734998 6.447959 21.375755 2.227640 11.048841 3.709715 2.201276 -2.194033 9.491513 8.216862 -18.651180 -21.035225 70.380320 18.604400 43.480349 9.828982 0.305118 16.546512 -7.687309 -1.027203 8.383491 -7.758761 4.977346 -20.439402 -72.111780 -27.982207 55.935133 -18.995351 -6.292468 12.735788 5.897812 -6.625838 -5.953554 -7.420476 1.852809 23.065243 -3.566469 2.963307 -4.179142 0.918659 -0.903667 -11.939818 12.221798 11.284226 -9.881089 8.473629 2.879796 6.444156 0.856531 1.951346 0.303623 -8.361920 -0.000000 -0.000000 0.000000
-2.470765 0.955928 -0.754775 -58.122343 1.720184 -2.519024 0.949542 2.166345 1.974828 0.323752 -4.858821 0.876123 0.322530 0.961514 0.908986 0.310126 6.557885 0.685666 6.575064 21.289136 2.094881 11.319092 3.564058 1.919264 -2.115973 9.516315 8.339926 -18.385179 -21.034695 70.369170 18.598551 44.733818 10.037269 0.617490 16.695099 -6.561981 -0.821191 8.277751 -7.726878 6.254830 -20.692183 -71.348539 -29.542575 55.917998 -20.516699 -6.187441 12.734621 6.234496 -9.900478 -7.432852 -6.393648 1.347676 24.243852 -4.231607 2.586189 -5.605132 -0.171233 -0.126983 -7.321189 12.872793 10.846871 -9.025940 8.314955 4.542071 5.955496 0.523657 2.573885 0.284995 -8.006952 -0.000000 0.000000 -0.000000
-2.467587 0.957283 -0.746929 -59.731858 1.779700 -2.483541 1.072624 2.238092 1.850662 0.384451 -4.826771 0.819963 0.383058 0.993530 0.858994 0.351718 6.582003 0.647848 6.695515 21.203366 1.940693 11.583983 3.422385 1.600092 -2.065471 9.535004 8.419058 -18.160731 -21.032201 70.385540 18.787628 46.170782 10.359069 0.926981 16.853764 -5.553090 -0.690777 8.218502 -7.702023 7.311953 -20.931445 -70.651280 -30.240782 55.492221 -21.240384 -6.037086 12.703212 6.860611 -12.543154 -8.516748 -5.343109 1.318748 24.947349 -4.348732 2.545218 -6.888326 -0.587738 0.441422 -3.729196 12.220056 10.596565 -8.224724 8.100614 5.920994 5.418968 0.238010 3.177963 0.271240 -7.603062 -0.000000 -0.000000 -0.000000
-2.464523 0.958539 -0.739081 -61.199969 1.828017 -2.512758 1.156271 2.331110 1.787090 0.424530 -4.785288 0.790920 0.423047 1.034989 0.834027 0.379781 6.613159 0.628947 6.794979 21.115936 1.752776 11.820569 3.280157 1.225339 -2.078937 9.546666 8.409253 -18.007820 -21.017718 70.482815 19.233894 47.867825 10.807067 1.215724 17.026404 -4.767514 -0.709886 8.247258 -7.688387 7.996706 -21.160232 -70.039334 -29.703917 54.495481 -20.835737 -5.834919 12.612494 7.832997 -14.202083 -9.180600 -4.494424 2.164193 25.252228 -3.412681 2.812110 -7.634566 -0.056541 0.486788 -2.344525 9.853210 10.666452 -7.470047 7.783017 6.844914 4.789394 0.061407 3.776809 0.251886 -7.094045 0.000000 -0.000000 -0.000000
-2.461661 0.959670 -0.731465 -62.557772 1.869464 -2.584662 1.203059 2.435501 1.761127 0.446272 -4.738808 0.778747 0.444752 1.081445 0.824057 0.395243 6.648028 0.621384 6.887564 21.028463 1.543122 12.051630 3.140417 0.812800 -2.120490 9.548406 8.356351 -17.896088 -20.999188 70.607224 19.919388 49.743179 11.414121 1.504418 17.203984 -4.099483 -0.804874 8.322272 -7.684736 8.463378 -21.366106 -69.489929 -28.395050 53.103276 -19.745375 -5.604961 12.473746 9.092096 -15.195646 -9.507719 -3.744703 3.552945 25.177499 -1.793965 3.365595 -8.098107 1.014869 0.301347 -2.088900 6.546177 10.920655 -6.768261 7.427345 7.485550 4.118784 -0.055292 4.356881 0.238659 -6.534755 -0.000000 0.000000 -0.000000
-2.459010 0.960672 -0.724254 -63.805391 1.919577 -2.648288 1.215089 2.525263 1.743844 0.452164 -4.698922 0.770675 0.450647 1.121330 0.816582 0.399043 6.677952 0.615732 6.983092 20.980627 1.362146 12.279510 3.072941 0.454136 -2.140355 9.554552 8.299611 -17.847645 -20.944691 70.731356 20.684326 51.286819 12.030523 1.737923 17.335071 -3.574223 -0.863445 8.322141 -7.669006 8.762141 -21.477812 -69.068102 -26.587024 51.618822 -18.205608 -5.298592 12.339454 10.164896 -15.571211 -9.621673 -2.953918 4.438916 24.751928 -0.347592 3.926434 -8.474217 2.078212 0.162490 -1.857000 3.761600 11.303188 -6.162555 7.041302 7.903171 3.501984 -0.141153 4.908932 0.211315 -6.015072 0.000000 -0.000000 -0.000000
-2.456561 0.961554 -0.717552 -64.953883 1.997851 -2.688024 1.195673 2.584889 1.728072 0.444112 -4.672538 0.763555 0.442638 1.147724 0.808647 0.392407 6.697740 0.609757 7.081613 20.994007 1.228108 12.497065 3.115689 0.184694 -2.107907 9.577400 8.244678 -17.887709 -20.830325 70.851718 21.486153 52.308797 12.591285 1.884785 17.396923 -3.182799 -0.821888 8.159620 -7.620880 8.791077 -21.406062 -68.827451 -24.102327 50.019096 -16.028751 -4.874787 12.222816 10.879475 -15.190666 -9.530742 -2.037966 4.552387 23.852989 0.674782 4.473100 -8.819739 3.009740 0.099016 -1.193090 2.013844 11.846647 -5.683928 6.617224 8.048490 2.962183 -0.191675 5.460462 0.172653 -5.565602 0.000000 -0.000000 -0.000000
-2.454322 0.962308 -0.711255 -65.992212 2.085939 -2.720124 1.141599 2.630425 1.722706 0.420169 -4.652526 0.761314 0.418787 1.167748 0.803971 0.374148 6.712723 0.606269 7.181973 21.049282 1.119887 12.708233 3.234298 -0.034657 -2.053937 9.604852 8.185051 -17.990432 -20.680760 70.969306 22.336903 52.997811 13.144757 1.964779 17.410903 -2.932803 -0.742701 7.923267 -7.555022 8.648768 -21.249371 -68.716048 -21.261061 48.253788 -13.552883 -4.367075 12.115754 11.414711 -14.179144 -9.258344 -1.099625 4.176216 22.568996 1.529034 5.008400 -9.096941 3.938567 0.046224 -0.494761 0.796994 12.517928 -5.296836 6.172542 7.972912 2.482295 -0.205019 5.983466 0.121435 -5.155770 0.000000 0.000000 0.000000
-2.452338 0.962898 -0.705223 -66.887254 2.144463 -2.740769 1.044873 2.682072 1.723143 0.376935 -4.629927 0.761905 0.375704 1.190380 0.800175 0.341533 6.729643 0.603488 7.292151 21.125921 1.028352 12.931461 3.392021 -0.224488 -2.020325 9.616535 8.141797 -18.101875 -20.538411 71.063954 23.113653 53.416749 13.669319 1.995343 17.392668 -2.872718 -0.702811 7.755332 -7.501928 8.683870 -21.218000 -68.635179 -18.874916 46.659017 -11.579182 -3.819728 12.053337 11.828438 -12.989539 -8.932762 -0.258627 3.102622 21.267873 2.143894 5.314241 -9.346400 4.707782 0.000000 0.000000 0.000000 13.162932 -4.945457 5.750491 7.889259 2.093560 -0.221245 6.385090 0.032217 -4.784381 -0.000000 -0.000000 0.000000
-2.450653 0.963303 -0.699398 -67.601586 2.154884 -2.754140 0.880022 2.748914 1.729858 0.303013 -4.600797 0.765686 0.302025 1.219566 0.796459 0.285977 6.751446 0.600835 7.422699 21.225917 0.954460 13.185636 3.592948 -0.385708 -2.023468 9.601740 8.124964 -18.183458 -20.415163 71.117229 23.760365 53.493437 14.145323 1.975357 17.333273 -3.066336 -0.739148 7.713861 -7.479362 9.125059 -21.418829 -68.559364 -17.099056 45.398354 -10.281495 -3.171018 12.081780 12.128964 -11.644721 -8.586381 0.394770 0.876293 20.043570 2.522217 5.258201 -9.611292 5.307895 -0.015773 0.132831 -0.281069 13.789937 -4.603490 5.374912 7.856782 1.787762 -0.268661 6.560129 -0.102156 -4.446961 -0.000000 -0.000000 0.000000
-2.449222 0.963545 -0.693837 -68.172516 2.136334 -2.754278 0.672521 2.822078 1.742148 0.209801 -4.569026 0.772234 0.209104 1.251380 0.793543 0.216049 6.775186 0.598827 7.562691 21.348463 0.896391 13.450816 3.835147 -0.518174 -2.046428 9.572148 8.125821 -18.274629 -20.301021 71.148585 24.305278 53.303199 14.571418 1.915752 17.240352 -3.448374 -0.815834 7.739311 -7.474142 9.744778 -21.742409 -68.510410 -15.622331 44.369326 -9.316513 -2.474238 12.165340 12.315063 -10.126101 -8.195161 0.960058 -2.020879 18.775975 2.722606 4.983998 -9.851517 5.741686 -0.006875 0.063958 -0.141758 14.392540 -4.294368 5.025896 7.818006 1.572851 -0.323457 6.612949 -0.271532 -4.147312 0.000000 0.000000 0.000000
-2.447948 0.963661 -0.688578 -68.678987 2.106245 -2.721578 0.490684 2.894411 1.753202 0.128063 -4.537556 0.778126 0.127613 1.282862 0.791128 0.154728 6.798684 0.597177 7.688568 21.468330 0.842384 13.688822 4.071709 -0.638944 -2.080938 9.541195 8.137532 -18.438869 -20.205329 71.196501 24.761718 53.131985 14.956532 1.849424 17.154797 -3.874122 -0.901079 7.796970 -7.472733 10.205690 -22.071026 -68.452613 -14.430515 43.568008 -8.575973 -1.948231 12.214965 12.416982 -8.827796 -7.785722 1.598329 -4.402987 17.530978 2.738166 4.704989 -9.984759 5.861231 0.000000 0.000000 0.000000 14.794877 -4.040427 4.677820 7.811195 1.501303 -0.350472 6.765140 -0.476696 -3.897647 0.000000 -0.000000 -0.000000
-2.446769 0.963665 -0.683785 -69.154652 2.071338 -2.669605 0.355803 2.966054 1.765729 0.067141 -4.506210 0.784437 0.066871 1.314215 0.791251 0.109157 6.822118 0.597412 7.801691 21.577252 0.796216 13.901920 4.286457 -0.742767 -2.129202 9.509734 8.165142 -18.721048 -20.152964 71.284955 25.146966 53.079493 15.323949 1.780365 17.088237 -4.338326 -0.993451 7.886326 -7.472884 10.386759 -22.390891 -68.356574 -13.490864 43.016493 -8.012720 -1.705532 12.173106 12.420081 -7.791619 -7.417731 2.438305 -6.106608 16.423092 2.416880 4.426893 -10.113971 5.736655 -0.000000 -0.000000 -0.000000 14.936913 -3.860377 4.347285 7.821341 1.585345 -0.338877 7.128322 -0.708689 -3.709961 0.000000 -0.000000 0.000000
-2.445747 0.963543 -0.679294 -69.565921 2.025501 -2.584651 0.246494 3.036700 1.777286 0.017647 -4.475206 0.790198 0.017518 1.345228 0.791988 0.072173 6.845316 0.598098 7.901153 21.683956 0.755218 14.088813 4.495518 -0.833394 -2.188958 9.477190 8.203522 -19.076467 -20.119206 71.392089 25.444988 53.048054 15.648015 1.705752 17.028419 -4.846224 -1.094902 8.007599 -7.477934 10.407466 -22.718439 -68.247704 -12.798200 42.703630 -7.629740 -1.633944 12.100653 12.327862 -6.973771 -7.027408 3.347886 -7.297282 15.340328 1.871530 4.154514 -10.154594 5.290018 -0.000000 0.000000 0.000000 14.880193 -3.738747 4.016384 7.865821 1.812694 -0.301657 7.591106 -0.977622 -3.574821 0.000000 0.000000 0.000000
-2.444978 0.963289 -0.674646 -69.891007 1.967643 -2.406506 0.166928 3.098025 1.773712 -0.017803 -4.448261 0.789055 -0.017836 1.372171 0.787245 0.045279 6.865480 0.594612 7.960266 21.788091 0.698869 14.206701 4.698865 -0.940535 -2.245528 9.454188 8.229783 -19.433934 -20.038920 71.486177 25.629973 53.027208 15.869439 1.635236 16.981250 -5.271062 -1.178190 8.127881 -7.480740 10.289387 -22.984290 -68.171380 -12.396663 42.568660 -7.411776 -1.617793 12.083427 12.191155 -6.636987 -6.443581 4.088611 -7.302588 14.059677 1.434001 4.097690 -9.739495 4.147819 0.000000 0.000000 0.000000 14.630675 -3.649916 3.605554 8.032150 2.198056 -0.239219 8.040678 -1.313974 -3.473205 -0.000000 0.000000 -0.000000
-2.444545 0.962904 -0.669604 -70.160311 1.895479 -2.091126 0.133009 3.146300 1.736478 -0.031142 -4.426978 0.772638 -0.031140 1.393447 0.769471 0.033954 6.881431 0.581232 7.965802 21.896408 0.624005 14.232473 4.908197 -1.066009 -2.293823 9.469704 8.223648 -19.746986 -19.897719 71.589742 25.640734 53.008818 15.906587 1.563314 16.949066 -5.567449 -1.235306 8.233472 -7.476904 9.989363 -23.145603 -68.116757 -12.298686 42.604084 -7.346286 -1.623070 12.168606 12.017132 -6.989526 -5.543939 4.617747 -5.339826 12.480795 1.152144 4.424556 -8.426123 1.730056 -0.002476 0.044577 -0.032339 14.121814 -3.553407 3.062408 8.445003 2.719358 -0.145737 8.459656 -1.729082 -3.405069 -0.000000 -0.000000 -0.000000
-2.444366 0.962387 -0.664405 -70.343966 1.811990 -1.682631 0.128730 3.185162 1.684674 -0.030487 -4.409764 0.749552 -0.030483 1.410663 0.746453 0.032715 6.894363 0.563860 7.931120 22.001853 0.534621 14.189681 5.110565 -1.207192 -2.339327 9.494213 8.204803 -20.062333 -19.710764 71.679404 25.541112 53.000313 15.839724 1.487761 16.929770 -5.782635 -1.274254 8.338285 -7.469732 9.550330 -23.249359 -68.097091 -12.487475 42.818366 -7.435225 -1.687743 12.307006 11.799026 -7.827641 -4.445753 4.954998 -2.228695 10.769852 0.831271 4.888241 -6.512323 -1.281281 -0.003395 0.090595 -0.062642 13.421742 -3.501442 2.437189 8.983284 3.396424 -0.028419 8.865436 -2.210853 -3.372044 0.000000 -0.000000 0.000000
-2.444290 0.961731 -0.659303 -70.329746 1.722468 -1.253427 0.110405 3.217142 1.660645 -0.037502 -4.395630 0.738943 -0.037479 1.424801 0.735133 0.026611 6.904970 0.555338 7.869575 22.083245 0.421133 14.105838 5.268867 -1.386916 -2.382588 9.450471 8.210530 -20.449869 -19.460071 71.653029 25.492646 53.015478 15.853169 1.419378 16.923448 -5.929418 -1.291700 8.451063 -7.462879 9.124147 -23.361845 -68.196161 -12.970116 43.172205 -7.692006 -1.802373 12.439502 11.566986 -8.801941 -3.340308 4.966628 0.302835 9.074001 0.523428 5.166375 -4.895278 -3.478054 -0.000000 0.000000 0.000000 12.740677 -3.600031 1.807696 9.366623 4.308021 0.094037 9.197212 -2.754218 -3.355862 -0.000000 0.000000 0.000000
-2.444350 0.960821 -0.654270 -70.071147 1.604931 -0.749558 0.056678 3.247714 1.643690 -0.060619 -4.382249 0.731736 -0.060529 1.438174 0.725578 0.008609 6.914974 0.548183 7.775038 22.137444 0.273675 13.972633 5.378113 -1.621743 -2.440205 9.275773 8.260590 -20.925586 -19.098389 71.470237 25.574923 53.102550 16.013221 1.364726 16.939774 -5.959948 -1.288878 8.569597 -7.445025 8.762642 -23.479068 -68.421370 -13.824414 43.657152 -8.181097 -1.973807 12.552242 11.319817 -9.931606 -2.211855 4.461015 1.642950 7.251818 0.337097 5.158974 -4.075160 -4.283603 0.003377 -0.374360 0.237329 12.128680 -3.797467 1.105897 9.449654 5.418929 0.225990 9.533201 -3.389670 -3.353463 0.001538 0.070707 -0.083272
-2.444513 0.959771 -0.649335 -69.615279 1.475879 -0.226273 -0.011075 3.270905 1.654643 -0.091408 -4.372174 0.737074 -0.091232 1.448242 0.727791 -0.014251 6.922483 0.549934 7.654455 22.168092 0.102519 13.799981 5.444431 -1.894814 -2.493933 9.032151 8.333841 -21.479169 -18.678963 71.171929 25.707250 53.214460 16.253190 1.314626 16.969550 -5.922307 -1.264852 8.696359 -7.426242 8.416326 -23.605497 -68.768046 -14.995929 44.269579 -8.863785 -2.195231 12.654887 11.059473 -11.222226 -1.099791 3.633733 2.392188 5.392961 0.269857 5.043518 -3.678868 -4.377533 -0.000464 -0.884765 0.568431 11.544381 -4.137714 0.400576 9.382302 6.767644 0.360333 9.795504 -4.086213 -3.367425 0.002832 0.141433 -0.166531
-2.444534 0.958919 -0.644835 -68.988621 1.399661 0.080712 -0.072401 3.271004 1.798000 -0.126215 -4.372283 0.801362 -0.125970 1.448136 0.788543 -0.035786 6.922313 0.595902 7.541128 22.164809 -0.071727 13.643237 5.448756 -2.178702 -2.492195 8.830079 8.406482 -22.140712 -18.335485 70.780290 25.810186 53.223655 16.558283 1.258251 16.984641 -5.972753 -1.213402 8.847715 -7.441982 8.087482 -23.818025 -69.301850 -16.291299 44.981710 -9.601661 -2.432396 12.725471 10.821322 -12.279286 -0.249104 2.965818 2.662005 3.959102 0.302592 5.004236 -3.443491 -4.347590 -0.008919 -1.234343 0.827915 11.061135 -4.853617 -0.021428 9.327394 8.543192 0.470000 9.688897 -4.746295 -3.378852 -0.000000 0.000000 0.000000
-2.444233 0.958374 -0.641020 -68.165156 1.428165 -0.008147 -0.118911 3.232194 2.181491 -0.166822 -4.389554 0.972529 -0.166511 1.430867 0.955585 -0.053749 6.909135 0.722147 7.452458 22.116643 -0.272973 13.540557 5.375095 -2.522165 -2.399173 8.713118 8.468226 -23.050758 -18.157311 70.241176 26.031774 53.093972 17.116774 1.191611 16.974469 -6.208414 -1.103347 9.049781 -7.522147 7.806813 -24.211212 -70.130229 -17.621676 45.811106 -10.369476 -2.660734 12.755106 10.663023 -12.909868 0.194536 2.701343 2.343347 3.255815 0.484709 5.196918 -3.333519 -4.340952 -0.012429 -1.279204 0.920266 10.666300 -6.139273 0.020345 9.404879 10.939657 0.597446 9.061167 -5.469000 -3.327455 -0.004591 -0.331303 0.621295
-2.443790 0.958027 -0.637642 -67.170110 1.518923 -0.310714 -0.159001 3.162794 2.696372 -0.211134 -4.420327 1.202216 -0.210719 1.400079 1.180772 -0.070084 6.885656 0.892289 7.372123 22.036969 -0.478419 13.455645 5.244344 -2.878634 -2.251539 8.639232 8.529325 -24.071461 -18.057441 69.617929 26.224232 52.862890 17.741075 1.120485 16.949096 -6.531705 -0.967634 9.280314 -7.633736 7.556122 -24.677976 -71.155833 -19.101039 46.737295 -11.234486 -2.901050 12.753864 10.527892 -13.280603 0.404455 2.615291 1.552377 2.988247 0.778741 5.461812 -3.385485 -4.206700 -0.010694 -1.165206 0.938195 10.347209 -7.796124 0.329398 9.504820 13.760029 0.748998 8.063335 -6.155307 -3.243287 -0.010452 -0.871377 1.494557
-2.443496 0.957887 -0.634293 -66.105131 1.592229 -0.520678 -0.197487 3.087118 3.122684 -0.249899 -4.453926 1.392464 -0.249357 1.366453 1.367086 -0.085096 6.860033 1.033037 7.281893 21.949187 -0.597246 13.330215 5.087475 -3.077276 -2.107550 8.589933 8.598267 -24.810672 -17.891774 69.105041 25.877535 52.512043 17.865080 1.048233 16.910655 -6.806899 -0.894404 9.480027 -7.719641 7.252859 -24.999272 -72.127521 -20.828525 47.683963 -12.183024 -3.187693 12.725494 10.280861 -13.518972 0.634450 2.495036 0.747433 2.715016 1.003416 5.514375 -3.444963 -4.075210 -0.008942 -1.036803 0.988228 10.190407 -9.466766 0.626339 9.430755 16.607941 0.829153 6.852972 -6.410227 -3.243184 -0.027869 -1.893830 2.261844
-2.443449 0.958062 -0.630851 -64.982867 1.595448 -0.498966 -0.231372 3.029302 3.369484 -0.277362 -4.479688 1.502704 -0.276741 1.340673 1.474538 -0.097564 6.840430 1.114202 7.176705 21.850087 -0.580702 13.141632 4.892976 -3.028954 -1.965440 8.583740 8.691440 -25.033821 -17.574728 68.762062 24.665654 51.851048 17.157256 0.982654 16.842304 -7.026958 -0.951267 9.617358 -7.760344 6.847768 -25.078927 -72.991930 -22.818775 48.567657 -13.145866 -3.502314 12.640895 9.913573 -13.644341 0.987035 2.250145 0.033623 2.271573 1.068828 5.254235 -3.450437 -4.007153 -0.008930 -0.951562 1.186116 10.245977 -11.056628 0.819364 9.133017 19.434660 0.730503 5.394060 -5.980853 -3.335806 -0.073919 -3.686186 2.733043
-2.443552 0.958443 -0.627439 -63.790276 1.573635 -0.386691 -0.263516 2.970107 3.527676 -0.299426 -4.506128 1.573458 -0.298748 1.314228 1.543052 -0.108905 6.820411 1.165941 7.060021 21.737689 -0.478796 12.908668 4.663870 -2.824689 -1.827620 8.599895 8.794321 -24.973551 -17.177317 68.530917 22.993052 51.032976 16.039254 0.915765 16.759714 -7.198012 -1.068181 9.719793 -7.777588 6.375137 -25.016930 -73.791064 -25.072151 49.471602 -14.212336 -3.865064 12.517209 9.439948 -13.640448 1.362394 1.976433 -0.694061 1.818359 1.061992 4.781904 -3.460723 -3.941909 -0.008271 -0.851865 1.415948 10.482740 -12.662367 0.978389 8.632083 22.292607 0.545912 3.717095 -5.118496 -3.514273 -0.153841 -5.959549 3.125599
-2.443801 0.958711 -0.624022 -62.589287 1.588349 -0.298364 -0.307485 2.874280 3.649952 -0.324542 -4.548987 1.628310 -0.323764 1.271354 1.595352 -0.123654 6.788084 1.205401 6.925707 21.635756 -0.347503 12.634201 4.449936 -2.561217 -1.758520 8.560657 8.866621 -24.932928 -16.788624 68.419703 21.373612 50.573433 14.998475 0.824436 16.714792 -7.204752 -1.125105 9.814051 -7.777920 5.868479 -24.898779 -74.408726 -27.690916 50.553611 -15.625613 -4.375380 12.415625 8.759386 -13.581981 1.709443 1.740414 -1.297968 1.392492 1.065861 4.114347 -3.501122 -3.826276 -0.005999 -0.709554 1.436410 10.888322 -14.209312 1.075369 7.825470 24.935910 0.424585 2.070613 -4.192234 -3.891507 -0.261847 -8.121330 3.687193
-2.444268 0.958733 -0.620619 -61.339428 1.675123 -0.278200 -0.381943 2.713999 3.748986 -0.361448 -4.620774 1.673022 -0.360502 1.199535 1.636311 -0.147956 6.734027 1.236245 6.767486 21.559488 -0.182087 12.305313 4.278672 -2.226506 -1.818639 8.411557 8.889167 -25.004056 -16.431410 68.448457 19.763362 50.760999 14.038462 0.691041 16.732289 -6.958210 -1.058147 9.915343 -7.751749 5.254370 -24.744561 -74.755458 -30.860898 51.867942 -17.601865 -5.142206 12.367448 7.774792 -13.526297 2.028268 1.567196 -1.672250 0.966291 1.123418 3.168107 -3.571785 -3.626175 -0.002168 -0.474897 1.044068 11.587540 -15.693670 1.077500 6.421752 27.359283 0.351541 0.357096 -3.261136 -4.646044 -0.416477 -10.098057 4.671303
-2.444881 0.958641 -0.617210 -60.081037 1.800797 -0.278744 -0.468388 2.519113 3.809565 -0.401429 -4.708068 1.700659 -0.400309 1.112215 1.659887 -0.175832 6.668376 1.253923 6.590795 21.493435 0.013241 11.933786 4.123625 -1.831007 -1.948012 8.208899 8.877066 -25.089399 -16.090028 68.591876 18.097923 51.314964 13.050551 0.540799 16.793192 -6.543830 -0.930567 10.007853 -7.708197 4.607474 -24.536382 -74.921435 -34.543430 53.290538 -20.073211 -6.080528 12.302483 6.595908 -13.414341 2.316361 1.430436 -1.923030 0.564545 1.184202 2.026047 -3.670087 -3.374350 0.000075 -0.197932 0.442273 12.464828 -17.114661 1.000549 4.688870 29.557009 0.281221 -1.354816 -2.293445 -5.616008 -0.614790 -11.944380 5.840148
-2.445422 0.958511 -0.613703 -58.997064 1.926819 -0.276810 -0.524618 2.339536 3.843691 -0.426721 -4.788316 1.716298 -0.425474 1.031958 1.672970 -0.193531 6.608089 1.263665 6.408135 21.418711 0.170076 11.562041 3.957834 -1.503542 -2.029978 8.042270 8.841850 -25.206009 -15.797258 68.783730 16.810813 51.941787 12.288712 0.410578 16.881467 -6.110260 -0.813619 10.073756 -7.682372 4.185323 -24.302951 -75.059964 -38.506983 54.709176 -22.857876 -6.991462 12.144936 5.429186 -13.144624 2.515641 1.313438 -2.229902 0.304948 1.197104 0.954201 -3.818710 -3.116960 -0.000000 -0.000000 0.000000 13.133629 -18.405205 0.923169 3.399854 31.287496 0.346028 -2.543694 -1.501122 -6.405453 -0.774151 -13.289693 6.637896
-2.445793 0.958384 -0.610112 -58.140358 2.049135 -0.268266 -0.530689 2.186087 3.854978 -0.428721 -4.856553 1.721454 -0.427414 0.963724 1.677932 -0.194443 6.556899 1.267259 6.216352 21.330661 0.262377 11.192056 3.773638 -1.290640 -2.009198 7.952055 8.779333 -25.410851 -15.566437 69.054723 16.046383 52.669682 11.824362 0.301253 17.009820 -5.673855 -0.729362 10.099634 -7.696473 4.115251 -24.033462 -75.210148 -42.948309 56.210074 -26.097249 -7.843287 11.845986 4.252487 -12.566721 2.569172 1.227035 -2.753758 0.275598 1.135306 0.017213 -4.043619 -2.864733 -0.000103 0.052468 -0.106444 13.413498 -19.551800 0.879274 2.894844 32.503410 0.666465 -2.886467 -1.016866 -6.927377 -0.840969 -14.002075 6.847136
-2.446091 0.958219 -0.606422 -57.458086 2.171710 -0.258544 -0.506265 2.049228 3.841895 -0.416075 -4.917182 1.715573 -0.414764 0.903102 1.673333 -0.185152 6.511477 1.263627 6.019231 21.236565 0.316836 10.823116 3.581881 -1.144307 -1.940511 7.898616 8.696771 -25.645383 -15.384387 69.370300 15.678457 53.493668 11.596028 0.215530 17.162698 -5.217426 -0.656049 10.100196 -7.730481 4.267974 -23.741331 -75.326783 -47.799071 57.647506 -29.774948 -8.662480 11.464063 3.096000 -11.830967 2.532150 1.151316 -3.331783 0.391678 1.034161 -0.850810 -4.318881 -2.604386 -0.000009 0.026225 -0.053226 13.470516 -20.571634 0.879318 2.867291 33.257826 1.163193 -2.676463 -0.677701 -7.270649 -0.829460 -14.235637 6.632341
-2.446385 0.957971 -0.602490 -56.974666 2.267192 -0.241194 -0.468280 1.947733 3.811082 -0.396829 -4.961992 1.701716 -0.395558 0.858304 1.661425 -0.171539 6.477956 1.254506 5.840350 21.136159 0.344492 10.494695 3.382866 -1.051379 -1.872172 7.850113 8.624690 -25.754263 -15.241187 69.567236 15.796651 54.081076 11.709605 0.178300 17.275617 -4.845239 -0.599465 10.100536 -7.756759 4.515130 -23.490771 -75.437987 -52.159593 58.671513 -33.196037 -9.312135 11.130914 2.218219 -11.287389 2.517046 1.026318 -3.657502 0.511624 0.938797 -1.579283 -4.591310 -2.347942 -0.000000 0.000000 0.000000 13.427728 -21.448674 0.989223 3.135407 33.468611 1.694063 -2.295797 -0.236629 -7.295221 -0.739230 -14.067702 5.985912
-2.446677 0.957614 -0.598253 -56.695565 2.312448 -0.193493 -0.418243 1.897583 3.753715 -0.371338 -4.983893 1.675955 -0.370146 0.836420 1.638254 -0.154177 6.461666 1.236936 5.676243 21.016466 0.342670 10.202001 3.151873 -1.017006 -1.820102 7.794304 8.574501 -25.675564 -15.123592 69.572086 16.527338 54.287735 12.280378 0.211235 17.315624 -4.562780 -0.568537 10.112535 -7.761436 4.849205 -23.330642 -75.559901 -55.528678 59.216174 -35.944593 -9.697025 10.925986 1.686417 -11.141675 2.577890 0.806397 -3.541059 0.578188 0.864834 -2.146302 -4.847651 -2.107348 -0.000000 0.000000 -0.000000 13.339925 -22.167585 1.204834 3.835000 33.053801 2.299148 -1.816162 0.466962 -6.814579 -0.574763 -13.680576 4.683612
-2.446965 0.957174 -0.593774 -56.615377 2.330661 -0.139598 -0.354541 1.882873 3.680298 -0.339262 -4.989954 1.642960 -0.338179 0.830381 1.608518 -0.132429 6.457287 1.214439 5.530898 20.890839 0.315210 9.950917 2.912803 -1.034332 -1.768511 7.742474 8.535169 -25.471922 -15.042185 69.458115 17.754392 54.246088 13.190204 0.282021 17.312419 -4.369877 -0.554372 10.123942 -7.758460 5.278257 -23.213046 -75.680600 -58.086990 59.487241 -38.104134 -9.897012 10.809480 1.401361 -11.188474 2.659391 0.539615 -3.172275 0.644326 0.793829 -2.573784 -5.103378 -1.872931 0.000000 0.000000 -0.000000 13.143358 -22.743231 1.547237 4.811461 32.097011 2.913069 -1.178545 1.248250 -5.982110 -0.355389 -12.848432 2.982135
-2.447309 0.956675 -0.589101 -56.742208 2.364082 -0.143440 -0.289468 1.873924 3.626372 -0.307588 -4.993453 1.618644 -0.306616 0.826897 1.587414 -0.110342 6.454800 1.198462 5.439206 20.797750 0.283021 9.797291 2.737460 -1.072838 -1.718164 7.697576 8.502991 -25.175264 -15.022725 69.282682 19.202191 54.038330 14.194232 0.326685 17.298285 -4.364047 -0.535992 10.123243 -7.761468 5.697656 -23.055587 -75.788499 -59.797168 59.630984 -39.564327 -10.032268 10.747223 1.360853 -11.160722 2.711869 0.311401 -2.814353 0.733067 0.717983 -2.856177 -5.349329 -1.625981 -0.000000 0.000000 -0.000000 12.782407 -23.202420 2.115606 5.462062 30.776614 3.243499 -0.572877 1.850515 -5.194827 -0.148647 -11.086941 1.612849
-2.447756 0.956124 -0.584312 -57.088224 2.430880 -0.242933 -0.225422 1.859237 3.611991 -0.278279 -4.999495 1.611979 -0.277413 0.820869 1.583722 -0.088708 6.450362 1.195624 5.411671 20.751866 0.250118 9.758532 2.653622 -1.127692 -1.660953 7.667813 8.486083 -24.764166 -15.078291 69.029449 20.882609 53.737790 15.276947 0.309764 17.291711 -4.590493 -0.501169 10.104497 -7.780413 6.049175 -22.815432 -75.884853 -60.390161 59.653820 -40.051132 -10.125822 10.746616 1.645393 -10.969710 2.711821 0.179039 -2.544481 0.863495 0.621110 -2.992466 -5.585688 -1.359776 -0.000000 0.000000 -0.000000 12.278092 -23.553763 2.944318 5.527162 29.097245 3.207282 -0.003906 2.077534 -4.583996 -0.002593 -7.567621 0.831934
-2.448259 0.955515 -0.579328 -57.641535 2.511440 -0.400985 -0.160027 1.849958 3.617141 -0.249374 -5.003104 1.614026 -0.248613 0.817275 1.588706 -0.066727 6.447731 1.199343 5.438067 20.737888 0.212678 9.817935 2.632328 -1.204220 -1.604881 7.644772 8.476733 -24.259020 -15.195479 68.714001 22.744538 53.254505 16.417376 0.264899 17.283033 -5.003959 -0.462161 10.073458 -7.805172 6.391421 -22.535872 -75.970111 -60.098900 59.598282 -39.796694 -10.155401 10.804840 2.171136 -10.703702 2.681458 0.085083 -2.285220 1.016397 0.519394 -2.983498 -5.814679 -1.082240 0.000000 -0.000000 -0.000000 11.607672 -23.768146 4.003802 5.336792 27.052567 2.960257 0.527893 2.153423 -4.035323 0.039876 -3.166299 0.338254
-2.448737 0.954851 -0.573965 -58.374076 2.591358 -0.568907 -0.098408 1.850171 3.616983 -0.221961 -5.002529 1.613708 -0.221303 0.817861 1.591171 -0.046064 6.448238 1.201170 5.522097 20.749234 0.179428 9.980002 2.660556 -1.288034 -1.574815 7.606399 8.447712 -23.754655 -15.362422 68.442302 24.416904 52.448054 17.370132 0.237488 17.264087 -5.563875 -0.434755 10.036274 -7.819198 6.794781 -22.263486 -76.030261 -59.681827 59.646300 -39.494320 -10.171078 10.868653 2.695300 -10.360732 2.641325 -0.056828 -2.067565 1.158947 0.454281 -2.826372 -6.030349 -0.796545 -0.000000 0.000000 -0.000000 10.652911 -23.806206 5.293768 5.196209 24.809125 2.594854 0.853566 2.475298 -3.619125 -0.000000 -0.000000 0.000000
-2.449126 0.954129 -0.568206 -59.293951 2.668042 -0.731986 -0.043239 1.863655 3.602452 -0.196810 -4.996125 1.606984 -0.196246 0.824274 1.587000 -0.027604 6.453121 1.198001 5.673597 20.785669 0.151291 10.261964 2.739253 -1.379985 -1.582786 7.536614 8.383549 -23.339064 -15.596087 68.266156 25.858710 51.349169 18.110264 0.281265 17.272053 -6.321448 -0.422385 9.992676 -7.809377 7.345650 -22.007373 -76.087338 -59.423536 59.881272 -39.407507 -10.175956 10.924197 3.173125 -9.939077 2.586967 -0.282708 -1.920231 1.288969 0.458340 -2.482418 -6.237374 -0.514330 -0.000000 0.000000 0.000000 9.230678 -23.622933 6.900691 5.337982 22.352442 2.115264 0.872286 3.367911 -3.408890 -0.028278 0.818062 -0.138596
-2.449490 0.953352 -0.562068 -60.393098 2.742299 -0.905623 0.008162 1.886264 3.582129 -0.173116 -4.985703 1.597679 -0.172642 0.834705 1.580102 -0.010448 6.461018 1.192785 5.882449 20.847065 0.126298 10.645793 2.868444 -1.480484 -1.616554 7.450199 8.301132 -22.925069 -15.881082 68.138017 27.079836 49.938531 18.646182 0.370971 17.275532 -7.214831 -0.421568 9.943524 -7.788170 7.958032 -21.757153 -76.121600 -59.028621 60.218512 -39.264469 -10.161340 10.983330 3.650695 -9.440494 2.519941 -0.556341 -1.813946 1.409392 0.498140 -1.990134 -6.434008 -0.224816 0.000000 0.000000 0.000000 7.553197 -23.201776 8.707720 5.583351 19.683951 1.592658 0.686572 4.496369 -3.398983 -0.016674 0.407684 -0.076732
-2.449944 0.952526 -0.555405 -61.618978 2.805851 -1.085698 0.058669 1.909968 3.557740 -0.149628 -4.974813 1.586555 -0.149243 0.845601 1.571361 0.006413 6.469267 1.186177 6.122463 20.927308 0.108936 11.083143 3.034076 -1.574201 -1.664629 7.371527 8.221424 -22.345087 -16.157052 68.014476 27.804263 48.026282 18.796274 0.431689 17.156827 -8.039625 -0.437714 9.896452 -7.777637 8.444703 -21.529772 -76.056349 -58.375311 60.591195 -38.948470 -10.156279 11.035114 4.022036 -8.868288 2.469937 -0.856270 -1.693103 1.494287 0.516737 -1.462422 -6.604211 0.102976 0.000000 0.000000 0.000000 6.093659 -22.579002 10.409186 5.576931 16.999496 1.181013 0.445804 5.263453 -3.520036 0.000000 -0.000000 0.000000
-2.450490 0.951662 -0.548251 -62.971656 2.856225 -1.278536 0.106450 1.933702 3.529052 -0.127137 -4.963940 1.573523 -0.126836 0.856481 1.560614 0.022380 6.477504 1.178055 6.396226 21.027670 0.105987 11.576388 3.238383 -1.649005 -1.730028 7.302485 8.149382 -21.418090 -16.385820 67.863576 27.828059 45.282157 18.408197 0.424089 16.797201 -8.789904 -0.481332 9.847333 -7.789890 8.714069 -21.321958 -75.829143 -57.370911 60.961135 -38.383536 -10.175203 11.078873 4.236808 -8.171524 2.440997 -1.160390 -1.546489 1.538936 0.494515 -0.961986 -6.746946 0.471298 -0.000000 0.000000 -0.000000 4.950366 -21.767560 11.932975 5.192554 14.302336 0.959399 0.172797 5.370909 -3.774762 0.000000 0.000000 0.000000
-2.451125 0.950749 -0.540573 -64.450970 2.894118 -1.477461 0.153321 1.958100 3.496106 -0.104839 -4.952790 1.558591 -0.104618 0.867636 1.547948 0.038062 6.485950 1.168486 6.700869 21.147118 0.109504 12.122200 3.480961 -1.718040 -1.809682 7.240942 8.079941 -20.325364 -16.602826 67.719634 27.467966 42.051313 17.736797 0.398735 16.310890 -9.478987 -0.541797 9.799433 -7.812522 8.860241 -21.130413 -75.505187 -56.093403 61.350121 -37.641549 -10.205050 11.117008 4.345619 -7.401287 2.427230 -1.491546 -1.386152 1.546784 0.451903 -0.425963 -6.864839 0.878339 0.000000 -0.000000 -0.000000 4.042015 -20.779468 13.327392 4.534396 11.588468 0.886747 -0.115358 5.097484 -4.107261 -0.000000 0.000000 0.000000
-2.451959 0.949766 -0.532128 -66.003929 2.917509 -1.658291 0.207611 1.977862 3.461494 -0.079123 -4.943659 1.542880 -0.078996 0.876769 1.534845 0.056267 6.492885 1.158574 7.002124 21.276100 0.102501 12.664034 3.742819 -1.803211 -1.883166 7.206172 8.017212 -19.442164 -16.859029 67.635545 27.179254 39.162403 17.163077 0.376470 15.923107 -9.943992 -0.592928 9.771236 -7.831902 8.973674 -20.975041 -75.197218 -54.676297 61.782768 -36.826054 -10.235707 11.144616 4.393499 -6.714144 2.443208 -1.896238 -1.192057 1.502422 0.392808 0.221348 -6.948031 1.349234 -0.000000 0.000000 -0.000000 3.547647 -19.705381 14.494858 3.560458 9.041668 0.890220 -0.287792 4.739305 -4.319194 -0.000000 -0.000000 -0.000000
-2.453041 0.948737 -0.522865 -67.639751 2.926323 -1.812322 0.273320 1.989851 3.424907 -0.048174 -4.937911 1.526250 -0.048160 0.882519 1.521353 0.078359 6.497295 1.148356 7.299036 21.420917 0.079072 13.201638 4.035818 -1.914196 -1.938460 7.215611 7.964414 -18.917334 -17.204017 67.657829 27.051254 36.868893 16.768203 0.319452 15.722652 -10.062356 -0.621569 9.776809 -7.845283 9.062617 -20.878221 -74.923593 -53.126129 62.290188 -35.971095 -10.273350 11.153251 4.373268 -6.146582 2.492556 -2.391286 -0.971313 1.395433 0.323323 1.030520 -6.992430 1.887309 -0.000000 -0.000000 -0.000000 3.621034 -18.550657 15.406579 1.952171 6.607363 0.902465 -0.283169 4.413651 -4.157273 0.000000 -0.000000 -0.000000
-2.454321 0.947638 -0.512834 -69.349038 2.921755 -1.947262 0.346432 1.997002 3.387027 -0.013827 -4.934265 1.509028 -0.013936 0.886167 1.507621 0.102981 6.500139 1.137950 7.592139 21.574928 0.044385 13.734174 4.348054 -2.041953 -1.987887 7.252128 7.915647 -18.604093 -17.586905 67.743413 26.956874 34.916759 16.446800 0.216294 15.614729 -9.970618 -0.641142 9.802231 -7.857331 9.116877 -20.817977 -74.662336 -51.419873 62.832257 -35.033387 -10.316055 11.152310 4.291589 -5.663076 2.564953 -2.961427 -0.718373 1.233894 0.239505 1.952359 -7.008000 2.489373 -0.000000 0.000000 0.000000 4.089308 -17.349090 16.111425 0.006985 4.335669 1.006668 -0.185483 4.042735 -3.857279 -0.000000 0.000000 0.000000
-2.455757 0.946373 -0.501951 -71.050855 2.905254 -2.063463 0.423263 2.003535 3.352029 0.022041 -4.930874 1.493074 0.021808 0.889560 1.495309 0.128851 6.502790 1.128614 7.849737 21.708996 -0.000620 14.205393 4.623134 -2.179191 -2.047455 7.283076 7.861747 -18.432532 -17.911674 67.806074 26.945719 33.374373 16.229470 0.125683 15.548361 -9.887226 -0.665350 9.824600 -7.865442 9.198042 -20.754694 -74.464960 -49.650573 63.337388 -33.996964 -10.338729 11.162000 4.213780 -5.312360 2.652659 -3.605070 -0.394402 1.028784 0.130010 2.913137 -7.006771 3.170562 0.000000 0.000000 0.000000 4.627865 -16.237242 16.642213 -1.411173 2.576134 1.233111 -0.080793 3.600600 -3.982602 -0.000000 0.000000 0.000000
-2.457466 0.944901 -0.490177 -72.740009 2.883901 -2.171544 0.508450 1.999564 3.325077 0.061295 -4.932090 1.480685 0.060921 0.888338 1.486900 0.157548 6.501979 1.122208 8.066204 21.815145 -0.056399 14.606476 4.844813 -2.326754 -2.136807 7.293571 7.792674 -18.406313 -18.137575 67.824670 27.054184 32.312658 16.148961 0.091331 15.517956 -9.854437 -0.698363 9.846746 -7.864161 9.338604 -20.672717 -74.359946 -47.859986 63.837468 -32.868947 -10.341171 11.181823 4.138614 -5.155061 2.785449 -4.318096 0.103159 0.712281 -0.002054 3.868457 -6.979370 3.932044 0.000000 -0.000000 -0.000000 5.013623 -15.190700 17.084055 -1.866804 1.436295 1.509638 0.022598 2.983476 -4.739632 -0.000000 -0.000000 -0.000000
-2.459332 0.943263 -0.477552 -74.421626 2.852022 -2.260181 0.597387 1.995453 3.301316 0.102058 -4.933341 1.469710 0.101536 0.887080 1.480062 0.187491 6.501143 1.116987 8.247649 21.901025 -0.121103 14.947720 5.027384 -2.482484 -2.236102 7.297755 7.719166 -18.519665 -18.309607 67.814400 27.240668 31.658502 16.168787 0.077021 15.527970 -9.822466 -0.736058 9.866272 -7.858839 9.505423 -20.592713 -74.318737 -45.997385 64.301087 -31.631792 -10.323043 11.211222 4.066356 -5.132102 2.923479 -5.107226 0.669040 0.346095 -0.158122 4.864362 -6.940048 4.772768 0.000000 -0.000000 0.000000 5.455395 -14.241379 17.361256 -1.814998 0.812878 1.758023 0.156880 2.251152 -5.927349 0.000000 0.000000 0.000000
-2.460962 0.941480 -0.464109 -76.030232 2.793769 -2.296232 0.672464 2.025640 3.268369 0.136885 -4.919471 1.454616 0.136246 0.900946 1.468511 0.212621 6.511644 1.108242 8.380200 21.961180 -0.189580 15.202467 5.159559 -2.634151 -2.302155 7.307363 7.664449 -18.686309 -18.464390 67.740342 27.442274 31.264434 16.216757 0.043295 15.542473 -9.863471 -0.779214 9.852098 -7.860855 9.662105 -20.530861 -74.308314 -44.050799 64.565605 -30.258429 -10.254040 11.267958 4.064247 -5.109879 2.957863 -5.981659 1.033969 0.138630 -0.358316 5.962598 -6.936744 5.702411 -0.000000 -0.000000 -0.000000 6.265989 -13.612291 17.280426 -1.731090 0.740829 1.935478 0.303747 1.591085 -7.511835 0.000000 0.000000 -0.000000
-2.462149 0.939360 -0.449698 -77.533096 2.710093 -2.297252 0.727909 2.098443 3.241407 0.162414 -4.886790 1.442141 0.161707 0.933624 1.458633 0.230903 6.536226 1.100789 8.450211 21.986836 -0.270568 15.349315 5.224037 -2.795393 -2.306431 7.317513 7.611902 -18.944513 -18.597140 67.573304 27.717839 31.144713 16.332557 -0.021533 15.539634 -10.022132 -0.823503 9.776806 -7.873172 9.831422 -20.472325 -74.355155 -42.113960 64.605404 -28.792298 -10.130960 11.358889 4.121920 -4.960160 2.863993 -6.913403 0.955211 0.156480 -0.641186 7.288524 -7.014429 6.782206 0.000338 0.013807 -0.114954 7.617302 -13.464135 16.736077 -1.694275 1.361470 2.021363 0.468703 1.095816 -9.939027 -0.000000 -0.000000 0.000000
-2.463101 0.937096 -0.434469 -78.963020 2.603922 -2.243999 0.769149 2.205389 3.202617 0.181981 -4.839080 1.424328 0.181225 0.981325 1.442803 0.244243 6.572066 1.088861 8.471812 21.986372 -0.353923 15.411275 5.235602 -2.951161 -2.277749 7.334520 7.578091 -19.255309 -18.719963 67.341008 28.021147 31.283912 16.476791 -0.100148 15.539343 -10.253292 -0.872345 9.667189 -7.889494 9.990298 -20.434455 -74.431681 -40.162260 64.446055 -27.250120 -9.953697 11.474889 4.249535 -4.804224 2.667264 -7.922207 0.681818 0.337777 -0.977320 8.717802 -7.140976 7.943920 0.000286 0.027579 -0.229913 9.331288 -13.634612 15.856512 -1.610258 2.526385 2.029877 0.590397 0.718580 -12.786103 0.000000 0.000000 0.000000
-2.464046 0.935279 -0.418908 -80.353148 2.467076 -2.047244 0.794789 2.353026 3.088557 0.198116 -4.773617 1.372894 0.197318 1.046782 1.393006 0.252421 6.621252 1.051315 8.472322 21.981189 -0.406934 15.427225 5.233113 -3.047216 -2.259309 7.390189 7.634647 -19.417422 -18.891230 67.098694 28.129273 31.494828 16.453314 -0.188116 15.568683 -10.496504 -0.938413 9.573144 -7.907790 10.033892 -20.478344 -74.421681 -38.067641 63.994252 -25.624265 -9.693266 11.607152 4.545414 -4.876754 2.327864 -9.081661 0.686506 0.696907 -1.288626 9.941207 -7.233449 9.002771 -0.000000 0.000000 -0.000000 11.190757 -13.861313 14.809058 -1.701073 3.842723 1.980611 0.573901 0.398331 -14.706728 -0.000000 0.000000 -0.000000
-2.465147 0.933962 -0.402833 -81.640303 2.266538 -1.580225 0.773759 2.561662 2.828552 0.200578 -4.681723 1.256495 0.199795 1.138689 1.276870 0.245373 6.690318 0.963728 8.460639 21.971078 -0.393764 15.403043 5.212102 -3.021433 -2.299087 7.504918 7.855884 -19.251563 -19.139371 66.732297 27.979126 31.727545 16.229287 -0.265694 15.649900 -10.755156 -1.051552 9.543417 -7.936320 9.896537 -20.688003 -74.275999 -35.715197 63.129578 -23.887064 -9.308726 11.758097 5.142831 -5.274372 1.898310 -10.536114 1.323106 1.210961 -1.617347 10.995456 -7.419341 9.881212 0.007428 0.026660 0.920837 13.475829 -14.163023 13.470793 -2.317708 5.309932 1.874639 0.216645 0.123530 -14.977527 0.000000 -0.000000 0.000000
-2.466240 0.933093 -0.386426 -82.889893 2.047254 -0.967502 0.734137 2.804053 2.490128 0.198872 -4.575067 1.105228 0.198145 1.245354 1.125435 0.232613 6.770452 0.849477 8.428163 21.958764 -0.349795 15.332992 5.180360 -2.935180 -2.347576 7.666192 8.164569 -18.936595 -19.433043 66.356426 27.632870 32.032906 15.823733 -0.353650 15.757891 -11.028000 -1.182637 9.528849 -7.968718 9.642003 -20.973384 -74.032708 -33.385934 61.957689 -22.227233 -8.839486 11.917426 5.911307 -5.878221 1.289078 -12.127958 2.244440 1.888679 -1.923044 11.846957 -7.558102 10.655726 0.024423 0.014490 2.186545 15.922692 -14.476398 11.967437 -3.109665 6.939234 1.705367 -0.234773 -0.105277 -14.306575 0.000000 -0.000000 -0.000000
-2.467066 0.933103 -0.370717 -84.325487 1.914547 -0.498859 0.764998 3.018435 2.218714 0.225578 -4.480317 0.983500 0.224847 1.340071 1.006403 0.243607 6.841603 0.759582 8.374900 21.968709 -0.350948 15.236648 5.193475 -2.922217 -2.303148 7.852810 8.404131 -18.809931 -19.729877 66.374113 27.050923 32.371180 15.111785 -0.508882 15.852343 -11.249435 -1.255585 9.433397 -7.979505 9.362296 -21.132021 -73.714932 -31.473506 60.737225 -20.893390 -8.375513 12.060869 6.551270 -6.595406 0.251788 -13.457464 2.873835 2.801556 -2.017326 12.106344 -7.108503 11.379504 0.032899 -0.324142 3.108777 17.458649 -14.501434 10.849204 -3.266362 8.344643 1.450917 -0.173383 -0.393279 -13.507015 0.000000 0.000000 -0.000000
-2.467459 0.934322 -0.356056 -86.068128 1.896287 -0.300201 0.924048 3.199818 2.076593 0.302970 -4.399376 0.918582 0.302100 1.420947 0.949331 0.297167 6.902397 0.716338 8.270332 22.000130 -0.438764 15.069660 5.253521 -3.048891 -2.080402 8.068357 8.503337 -19.112626 -20.024759 67.117642 26.084135 32.756337 13.834638 -0.796286 15.926666 -11.453089 -1.205242 9.170980 -7.952270 9.027992 -21.053872 -73.311737 -30.047891 59.530618 -19.897595 -7.951662 12.192054 6.906385 -7.479658 -1.376584 -14.379365 3.208786 4.057399 -1.836314 11.530961 -5.687386 12.253843 0.003752 -1.472298 3.501003 17.395070 -14.135772 10.402895 -2.439348 9.423432 1.012108 0.861338 -0.854897 -12.823507 0.000000 -0.000000 0.000000
-2.467584 0.936420 -0.342094 -87.994666 1.952840 -0.252061 1.155931 3.359516 2.002009 0.409377 -4.327593 0.883215 0.408280 1.492673 0.924776 0.374838 6.956370 0.697571 8.143368 22.049337 -0.573309 14.873680 5.349847 -3.251831 -1.767283 8.303461 8.530761 -19.603992 -20.287765 68.262059 24.887931 33.131105 12.225065 -1.153032 15.990183 -11.613877 -1.094838 8.829951 -7.896988 8.673351 -20.843867 -72.850700 -28.949563 58.301443 -19.136994 -7.534505 12.313371 7.130152 -8.483921 -3.409647 -14.954185 3.257504 5.588439 -1.523722 10.406356 -3.604980 12.933263 -0.037490 -2.939638 3.677723 16.407795 -13.539660 10.305554 -0.994265 10.237268 0.459871 2.397025 -1.409604 -12.044934 -0.000000 -0.000000 -0.000000
-2.467681 0.938842 -0.328814 -89.960203 2.083146 -0.279163 1.382408 3.464075 1.957665 0.512016 -4.280284 0.861428 0.510680 1.539917 0.913420 0.450679 6.991972 0.688754 8.082065 22.136015 -0.710844 14.795436 5.520484 -3.473887 -1.523385 8.513262 8.541792 -19.899563 -20.456525 69.219305 23.879969 33.383428 10.919708 -1.449952 16.035540 -11.573343 -1.041138 8.576169 -7.828528 8.487297 -20.625743 -72.418068 -28.125277 57.172718 -18.587435 -7.108949 12.402013 7.384493 -9.385660 -5.532755 -15.108151 2.445654 7.223180 -1.245499 9.076529 -1.433633 12.669301 -0.055906 -3.560761 3.578577 15.444040 -12.872385 10.206458 0.811054 10.652313 0.043556 3.619942 -1.866895 -11.294610 -0.000000 0.000000 -0.000000
-2.467662 0.941549 -0.316217 -91.990396 2.332415 -0.364749 1.604871 3.487091 1.934362 0.612116 -4.269268 0.849258 0.610530 1.550804 0.911398 0.525357 7.000268 0.686967 8.132989 22.287179 -0.855242 14.917611 5.822137 -3.730366 -1.414084 8.677772 8.552794 -19.799091 -20.527154 69.755080 23.136886 33.354818 10.163232 -1.717719 16.031886 -11.319635 -1.117544 8.496253 -7.748965 8.574746 -20.463060 -72.046030 -27.579630 56.176766 -18.246010 -6.649460 12.441002 7.731165 -9.885586 -7.707209 -14.767585 0.057522 8.959715 -1.189118 7.334773 0.758578 10.804122 -0.034923 -2.610624 2.729280 14.666147 -12.166221 10.027207 3.251091 10.563046 -0.115182 4.142514 -2.167143 -10.568871 0.000000 0.000000 -0.000000
-2.467615 0.944580 -0.304302 -94.060954 2.647908 -0.535201 1.822842 3.456882 1.945987 0.708624 -4.281762 0.852921 0.706792 1.538182 0.924852 0.598546 6.990939 0.696890 8.247165 22.476510 -1.007456 15.151897 6.203782 -4.011794 -1.373816 8.815870 8.549689 -19.502455 -20.524234 70.092154 22.575030 33.244953 9.737044 -1.940909 16.020121 -10.862610 -1.252351 8.504065 -7.663270 8.831005 -20.291188 -71.702197 -27.249911 55.289491 -18.054350 -6.180319 12.445538 8.104737 -10.340754 -9.911880 -14.007807 -3.251923 10.768819 -1.348237 5.178337 2.554922 7.884133 -0.005298 -1.034937 1.233907 13.911107 -11.389287 9.842228 6.043156 10.072249 -0.145263 4.354910 -2.348040 -9.848100 -0.000000 0.000000 0.000000
-2.468030 0.947490 -0.293044 -95.951274 2.886758 -0.770589 1.954825 3.421056 1.990950 0.765157 -4.296838 0.872180 0.763180 1.523077 0.949877 0.642714 6.979733 0.715677 8.371422 22.647155 -1.117650 15.393068 6.547662 -4.221500 -1.364448 8.942517 8.543920 -19.227326 -20.452240 70.322930 22.354730 33.520281 9.588425 -1.923469 16.106000 -10.064295 -1.345326 8.504843 -7.591478 9.127975 -20.045095 -71.370405 -26.991469 54.545099 -17.916647 -5.759291 12.440028 8.477566 -11.503644 -11.853014 -13.008747 -5.981469 12.475511 -1.467954 3.384125 3.112503 5.320927 0.000000 -0.000000 -0.000000 13.623047 -10.624837 9.572109 8.107024 9.401131 -0.135710 4.619535 -2.349475 -9.216484 -0.000000 -0.000000 -0.000000
-2.469139 0.950201 -0.282487 -97.571764 2.976394 -1.091789 1.953318 3.401514 2.088588 0.759454 -4.304990 0.915805 0.757490 1.514971 0.992944 0.641672 6.973681 0.748242 8.503272 22.792691 -1.156479 15.631191 6.835658 -4.307790 -1.370145 9.066111 8.545305 -18.948286 -20.301079 70.407810 22.559522 34.311185 9.731417 -1.518428 16.367674 -8.698946 -1.349894 8.471928 -7.538316 9.454043 -19.691995 -71.065639 -26.768251 53.992899 -17.809096 -5.409554 12.426437 8.879974 -14.002454 -13.423922 -11.763304 -7.615656 14.070255 -1.278819 2.444719 2.145136 3.900558 -0.003582 0.188451 -0.326869 14.035976 -9.902045 9.203893 8.921140 8.616748 -0.057274 5.112539 -2.080365 -8.726384 -0.000000 0.000000 -0.000000
-2.470712 0.952791 -0.272587 -99.010647 2.986344 -1.466947 1.865804 3.380242 2.220562 0.713676 -4.314239 0.975313 0.711810 1.505764 1.047792 0.611517 6.966698 0.789778 8.647168 22.923226 -1.150764 15.880406 7.091077 -4.318317 -1.406598 9.178150 8.544507 -18.692647 -20.088584 70.383158 23.118089 35.491189 10.169065 -0.850764 16.709576 -6.977734 -1.312613 8.431135 -7.497914 9.819287 -19.266505 -70.775781 -26.602274 53.584488 -17.741986 -5.105778 12.404624 9.282528 -17.223975 -14.639814 -10.272258 -8.641574 15.648669 -0.943545 2.099534 0.331228 3.229127 -0.001619 0.086159 -0.168121 14.911953 -9.190035 8.776166 9.009114 7.686296 0.101639 5.665405 -1.633050 -8.324977 0.000000 -0.000000 0.000000
-2.472551 0.955053 -0.263196 -100.313326 2.993427 -1.791669 1.753127 3.342110 2.327876 0.658058 -4.331265 1.024100 0.656289 1.488785 1.090920 0.573114 6.953855 0.822484 8.762844 23.006646 -1.130949 16.077447 7.255255 -4.301211 -1.482716 9.268116 8.524402 -18.755268 -19.855960 70.455373 23.970241 37.133682 10.832367 -0.133607 16.984063 -5.419751 -1.271984 8.365631 -7.469919 10.128458 -18.806084 -70.443662 -26.449379 53.205687 -17.685944 -4.835974 12.398286 9.569884 -20.011661 -15.459236 -8.771798 -9.023125 17.220652 -0.692221 2.060976 -1.321326 2.924811 0.000000 0.000000 -0.000000 15.982167 -8.482513 8.295828 8.868820 6.690566 0.244200 6.123144 -1.227581 -7.942079 0.000000 -0.000000 0.000000
-2.474644 0.956917 -0.254260 -101.477485 3.039247 -2.036563 1.622930 3.266672 2.390343 0.597195 -4.365157 1.053221 0.595528 1.454970 1.113868 0.529318 6.928388 0.839966 8.840923 23.017183 -1.095624 16.207592 7.278555 -4.255709 -1.624996 9.326933 8.463556 -19.349375 -19.604015 70.745549 25.293497 39.532342 11.846160 0.641787 17.143956 -4.163393 -1.229538 8.247639 -7.456251 10.319905 -18.283569 -70.010339 -26.293277 52.810730 -17.636993 -4.605837 12.429463 9.666879 -21.998146 -15.907671 -7.345328 -8.472229 18.807042 -0.539008 2.312510 -2.383530 2.754016 0.000000 -0.000000 -0.000000 17.360503 -7.769873 7.725929 8.538827 5.570615 0.353423 6.342497 -0.936404 -7.570884 0.000000 -0.000000 -0.000000
-2.477004 0.958453 -0.245832 -102.505619 3.088121 -2.231805 1.467455 3.171531 2.429774 0.526434 -4.408080 1.072292 0.524911 1.412119 1.125753 0.477341 6.896118 0.849098 8.892685 22.981219 -1.041861 16.289522 7.209846 -4.176770 -1.806073 9.361482 8.385117 -20.257814 -19.324217 71.120402 27.052070 42.365360 13.223546 1.473447 17.232851 -3.081581 -1.183172 8.103817 -7.452659 10.457425 -17.724851 -69.537066 -26.148405 52.445566 -17.597366 -4.415658 12.479601 9.649711 -23.493587 -16.037140 -6.003171 -7.250890 20.378833 -0.337620 2.816891 -3.207024 2.750270 -0.000000 0.000000 0.000000 18.926311 -7.050637 7.115934 7.981129 4.389679 0.450652 6.462960 -0.683927 -7.217769 -0.000000 0.000000 0.000000
-2.479473 0.959659 -0.237916 -103.450906 3.103949 -2.364374 1.324737 3.095604 2.449286 0.462312 -4.442512 1.082257 0.460941 1.377732 1.129198 0.429705 6.870201 0.851828 8.908816 22.942694 -0.998616 16.310233 7.134302 -4.108105 -1.954196 9.386880 8.339526 -21.130220 -19.048309 71.411923 28.758174 44.804539 14.619049 2.101059 17.269626 -2.293902 -1.166351 7.999005 -7.451703 10.632597 -17.250154 -69.141033 -26.018829 52.133443 -17.549234 -4.246096 12.511457 9.630211 -24.344322 -15.936596 -4.884567 -6.156569 21.821829 -0.067220 3.197452 -4.053990 2.837466 0.000000 -0.000000 0.000000 20.061843 -6.337935 6.586561 7.583683 3.395452 0.475788 6.752218 -0.470312 -6.832573 -0.000000 -0.000000 -0.000000
-2.482067 0.960457 -0.230506 -104.291539 3.065711 -2.410114 1.195501 3.057408 2.438951 0.405538 -4.460204 1.078664 0.404309 1.360083 1.119841 0.386580 6.856862 0.844878 8.876786 22.906905 -0.975665 16.248838 7.061811 -4.063228 -2.051425 9.397215 8.356378 -21.919969 -18.780028 71.563477 30.233339 46.596992 15.889691 2.382618 17.259438 -1.891452 -1.232306 7.981509 -7.454391 10.880323 -16.920321 -68.857118 -25.893329 51.893141 -17.452926 -4.094625 12.497299 9.618015 -24.364180 -15.647744 -4.125861 -5.452046 23.168787 0.371799 3.247201 -5.059118 3.027961 0.000000 -0.000000 -0.000000 20.452903 -5.623564 6.178889 7.480526 2.679243 0.374945 7.369570 -0.282571 -6.361240 -0.000000 0.000000 -0.000000
-2.484771 0.960925 -0.223609 -105.049092 2.998174 -2.391429 1.079197 3.036603 2.406742 0.355559 -4.470150 1.065163 0.354462 1.350176 1.101270 0.347840 6.849355 0.830959 8.809151 22.867489 -0.963706 16.126500 6.980008 -4.029677 -2.115847 9.401649 8.407404 -22.675640 -18.527251 71.638450 31.541152 48.016419 17.067776 2.445462 17.211170 -1.776699 -1.328659 8.002472 -7.463935 11.162805 -16.680695 -68.641438 -25.779150 51.706261 -17.344746 -3.963530 12.465312 9.604641 -23.731736 -15.186943 -3.598566 -4.844806 24.373288 0.929667 3.177485 -6.101302 3.311241 0.000000 -0.000000 0.000000 20.418462 -4.923352 5.838020 7.544899 2.141525 0.196397 8.156632 -0.138754 -5.859614 -0.000000 0.000000 -0.000000
-2.487384 0.961300 -0.217246 -105.841657 2.932468 -2.364847 1.011983 3.014764 2.382008 0.327042 -4.480287 1.054648 0.326020 1.340051 1.087853 0.325534 6.841714 0.820879 8.733570 22.849997 -0.965316 15.992137 6.939702 -4.015863 -2.130271 9.438832 8.455174 -23.193275 -18.333923 71.663708 32.384332 49.064623 17.897684 2.426950 17.156502 -1.777117 -1.330338 7.981590 -7.475566 11.459912 -16.481772 -68.488175 -25.708821 51.540252 -17.320705 -3.836553 12.460825 9.675443 -22.847525 -14.594849 -3.034328 -4.327110 25.201564 1.352395 3.243249 -7.063667 3.618709 -0.000000 0.000000 0.000000 20.294632 -4.294081 5.535108 7.775472 1.741072 0.025245 8.903584 -0.085500 -5.441877 -0.000000 0.000000 0.000000
-2.489856 0.961608 -0.211470 -106.743216 2.878608 -2.347724 1.026539 2.982516 2.374785 0.334050 -4.494586 1.051425 0.333001 1.325737 1.085333 0.330605 6.830984 0.818947 8.650159 22.869191 -0.984857 15.845913 6.969126 -4.027773 -2.067638 9.537136 8.483622 -23.378105 -18.212588 71.649378 32.487968 49.621252 18.145416 2.342176 17.101571 -1.890216 -1.149957 7.864778 -7.489488 11.746199 -16.318664 -68.390754 -25.694680 51.453585 -17.433640 -3.692141 12.524244 9.874095 -21.807394 -13.856711 -2.348952 -3.999430 25.550318 1.503922 3.591036 -7.977129 3.912700 0.000000 -0.000000 -0.000000 20.147166 -3.744864 5.284290 8.261230 1.475292 -0.140760 9.540076 -0.154386 -5.156929 0.000000 -0.000000 0.000000
-2.492237 0.961823 -0.206230 -107.679791 2.826726 -2.322744 1.090186 2.949922 2.375302 0.362500 -4.508741 1.051361 0.361359 1.311567 1.088159 0.352100 6.820408 0.821017 8.558203 22.909521 -1.019460 15.686646 7.038778 -4.062019 -1.955408 9.667995 8.507914 -23.326698 -18.147657 71.595078 32.042002 49.823790 17.960946 2.178538 17.036981 -2.118702 -0.873954 7.707167 -7.502630 12.045657 -16.199486 -68.351122 -25.723905 51.387376 -17.629553 -3.550095 12.615005 10.158578 -20.510348 -12.991836 -1.622096 -3.772755 25.527176 1.502658 4.065356 -8.809876 4.213271 0.000000 0.000000 -0.000000 19.912401 -3.266280 5.070948 8.914762 1.345966 -0.309091 10.132800 -0.311125 -4.957187 -0.000000 0.000000 -0.000000
-2.494471 0.962106 -0.201395 -108.547455 2.776841 -2.295003 1.140960 2.928432 2.383484 0.384778 -4.517991 1.054769 0.383569 1.302311 1.093837 0.369194 6.813508 0.825259 8.484136 22.951337 -1.060724 15.561190 7.113725 -4.112612 -1.858019 9.783669 8.536974 -23.122038 -18.137446 71.513391 31.453132 50.063568 17.667517 2.029426 16.973881 -2.297841 -0.638105 7.592333 -7.504291 12.412547 -16.093079 -68.378023 -25.789468 51.133108 -17.841759 -3.456781 12.657057 10.485853 -19.057611 -12.085924 -0.836209 -3.374834 25.230119 1.445447 4.461121 -9.348793 4.548532 -0.000000 -0.000000 0.000000 19.731330 -2.885285 4.833283 9.469413 1.322807 -0.400095 10.676506 -0.500183 -4.810238 0.000000 -0.000000 0.000000
-2.496556 0.962567 -0.197004 -109.332393 2.723424 -2.281757 1.166022 2.921038 2.406048 0.394807 -4.521073 1.064690 0.393570 1.299223 1.104776 0.377516 6.811205 0.833498 8.445386 22.997402 -1.107615 15.500673 7.200940 -4.181744 -1.795073 9.868333 8.585759 -22.723193 -18.195906 71.391659 30.759642 50.521341 17.305745 1.918758 16.912193 -2.376056 -0.474156 7.548348 -7.486577 12.940484 -16.002720 -68.512320 -25.883816 50.573947 -18.061498 -3.418490 12.627718 10.912495 -17.394883 -11.145156 0.090200 -2.563321 24.675438 1.321039 4.650529 -9.561308 5.287335 -0.015526 0.352009 0.047321 19.635163 -2.591726 4.561862 9.835114 1.366061 -0.364557 11.205637 -0.693935 -4.714347 0.000000 -0.000000 -0.000000
-2.498495 0.963096 -0.193019 -110.048422 2.671782 -2.265947 1.178129 2.925030 2.435720 0.398644 -4.519140 1.077817 0.397395 1.301151 1.118290 0.381387 6.812651 0.843695 8.424558 23.045041 -1.160872 15.473904 7.294052 -4.266492 -1.746722 9.937937 8.639827 -22.169848 -18.305626 71.242682 29.911873 51.011594 16.825170 1.820612 16.854235 -2.404066 -0.351189 7.547087 -7.459371 13.536008 -15.923280 -68.713397 -26.006686 49.826946 -18.291304 -3.436354 12.552020 11.380812 -15.573184 -10.177412 1.088865 -1.584004 23.872626 1.093132 4.753149 -9.512008 6.089791 -0.037846 0.701294 0.109253 19.593502 -2.394858 4.273312 10.104326 1.518844 -0.250806 11.685871 -0.917601 -4.670770 0.000000 -0.000000 0.000000
-2.500236 0.963518 -0.189197 -110.633128 2.638796 -2.201721 1.153695 2.942691 2.451112 0.386886 -4.511365 1.084769 0.385672 1.308936 1.124051 0.373013 6.818467 0.848075 8.396434 23.066733 -1.213673 15.435355 7.338468 -4.351474 -1.717919 9.991717 8.664194 -21.666453 -18.421170 71.116706 29.196806 51.385213 16.422229 1.750245 16.818895 -2.370954 -0.311591 7.586780 -7.439892 13.972645 -15.812619 -68.870634 -26.165452 49.034638 -18.481934 -3.543020 12.424741 11.677068 -13.858648 -9.260428 1.945974 -0.890395 22.889444 0.843267 4.925181 -9.066748 5.943978 0.000000 0.000000 0.000000 19.654703 -2.350173 3.949677 10.284980 1.875408 -0.123121 12.009543 -1.195033 -4.650480 0.000000 0.000000 0.000000
-2.501761 0.963830 -0.185476 -111.054999 2.622038 -2.080057 1.071683 2.985736 2.442887 0.350603 -4.492684 1.081486 0.349506 1.327646 1.117087 0.345345 6.832440 0.842904 8.364294 23.037411 -1.253673 15.389585 7.286316 -4.418436 -1.714724 10.034706 8.639728 -21.260995 -18.548853 71.045290 28.716740 51.617522 16.167958 1.723634 16.828033 -2.202706 -0.413315 7.674775 -7.432745 14.204503 -15.623494 -68.953717 -26.362293 48.112337 -18.589282 -3.739659 12.193438 11.782254 -12.194934 -8.440011 2.626050 -0.644217 21.768992 0.634766 5.214661 -7.769717 4.040945 0.137556 -2.971433 -0.641362 19.906914 -2.463662 3.585549 10.333528 2.445612 0.009691 12.100484 -1.531687 -4.645067 0.000117 0.032711 -0.062091
-2.503089 0.964035 -0.181919 -111.345556 2.624594 -1.910630 0.952921 3.041540 2.420046 0.298662 -4.468571 1.071900 0.297726 1.351788 1.102227 0.305373 6.850461 0.831804 8.325643 22.982298 -1.291934 15.333603 7.185568 -4.483757 -1.730945 10.060628 8.586020 -20.905885 -18.684490 70.997007 28.384528 51.737919 16.007670 1.723619 16.861136 -1.974500 -0.599000 7.802440 -7.434855 14.277187 -15.406044 -68.996462 -26.600981 47.145646 -18.656802 -4.018785 11.908515 11.718747 -10.647997 -7.659512 3.163201 -0.668050 20.441031 0.426601 5.490561 -5.959835 1.253978 0.217461 -6.967234 -1.594329 20.265762 -2.723948 3.188830 10.297272 3.219935 0.158870 12.034885 -1.921528 -4.659474 0.000064 0.065394 -0.124196
-2.504220 0.963976 -0.178474 -111.536819 2.672210 -1.676034 0.836746 3.075625 2.389234 0.248395 -4.454115 1.058835 0.247604 1.366263 1.084055 0.266413 6.861235 0.818194 8.246361 22.948768 -1.357172 15.210183 7.124081 -4.584818 -1.752913 10.051717 8.526470 -20.663477 -18.769760 70.928675 28.215903 51.683423 15.960956 1.715909 16.872233 -1.899747 -0.737954 7.943995 -7.451210 14.102163 -15.267149 -68.982485 -26.889263 46.531736 -18.764274 -4.391536 11.713798 11.337435 -9.673854 -6.822260 3.433073 -0.898441 18.777928 0.191607 5.752983 -4.735296 -0.983676 0.167890 -9.363159 -2.049939 20.522395 -3.162273 2.761649 10.320511 4.261700 0.290466 11.933447 -2.371714 -4.685418 0.000000 0.000000 0.000000
-2.505111 0.963528 -0.175223 -111.600935 2.774180 -1.317949 0.726979 3.075646 2.321174 0.203080 -4.454840 1.029245 0.202414 1.365550 1.049862 0.229984 6.860641 0.792467 8.101095 22.961844 -1.454040 14.973052 7.146102 -4.720689 -1.797556 9.993305 8.471606 -20.549927 -18.755782 70.865313 28.212291 51.387707 16.010123 1.679172 16.838154 -2.089227 -0.806377 8.106367 -7.480668 13.498299 -15.252843 -68.828439 -27.175036 46.361738 -18.903118 -4.937798 11.672634 10.483229 -9.579285 -5.793773 3.329558 -1.651451 16.481373 -0.145644 6.225133 -4.801471 -2.210454 0.062682 -8.665318 -1.316214 20.620137 -3.755720 2.243885 10.429136 5.547973 0.402206 11.845442 -2.918401 -4.709185 0.001961 -0.133565 0.485972
-2.505805 0.962815 -0.172084 -111.564680 2.920089 -0.894536 0.620041 3.053638 2.245799 0.159511 -4.465313 0.996431 0.158964 1.355090 1.012624 0.194649 6.852749 0.764431 7.914379 22.995568 -1.578691 14.666967 7.205325 -4.893691 -1.847195 9.900190 8.411570 -20.550052 -18.692799 70.782122 28.372274 50.917716 16.174765 1.639870 16.782231 -2.431181 -0.828562 8.283062 -7.523600 12.647475 -15.317805 -68.610985 -27.511976 46.543349 -19.086372 -5.602717 11.705981 9.317972 -10.076521 -4.708367 2.937969 -2.592762 13.838552 -0.384917 6.786729 -5.543310 -2.926535 -0.013857 -6.376307 -0.016041 20.626298 -4.528658 1.694743 10.600939 7.100590 0.503820 11.721606 -3.525416 -4.744138 0.003654 -0.366029 1.157961
-2.506428 0.962050 -0.168767 -111.542311 3.107151 -0.563415 0.544597 3.012681 2.258786 0.125465 -4.483846 1.002806 0.125011 1.336572 1.015543 0.169442 6.838807 0.766695 7.726690 23.020303 -1.747569 14.370902 7.253043 -5.146771 -1.836071 9.799714 8.338865 -20.679352 -18.672226 70.561769 28.701310 50.409509 16.525520 1.634466 16.727753 -2.804844 -0.745867 8.429303 -7.586406 12.006081 -15.436558 -68.555243 -28.071661 47.195469 -19.435454 -6.187327 11.750817 8.162531 -10.718682 -3.865829 2.422371 -2.738389 11.619973 -0.273259 6.999881 -6.118876 -3.227428 -0.033239 -4.435729 0.858244 20.514723 -5.589137 1.299639 10.907710 9.049390 0.580290 11.534560 -4.091590 -4.821969 -0.001640 -0.884754 1.675636
-2.507049 0.961219 -0.165201 -111.538675 3.359291 -0.404856 0.513505 2.935997 2.423775 0.103483 -4.517758 1.076686 0.103075 1.302673 1.087194 0.158393 6.813289 0.820827 7.534882 23.029295 -1.988699 14.087097 7.280482 -5.530129 -1.733411 9.689149 8.233849 -21.107573 -18.705814 70.154020 29.390554 49.951324 17.258111 1.697772 16.683704 -3.181646 -0.473879 8.527334 -7.678386 11.776712 -15.645451 -68.769253 -29.118607 48.632589 -20.179136 -6.624973 11.809960 6.964688 -11.586575 -3.369950 1.781350 -1.192717 10.091139 0.314147 6.413082 -6.186613 -3.005407 -0.027849 -3.584074 0.878327 20.240443 -7.071017 1.124733 11.366925 11.557569 0.639994 11.376225 -4.691706 -4.945597 -0.017680 -1.756919 1.864787
-2.507600 0.960335 -0.161458 -111.549673 3.652868 -0.338775 0.514873 2.841235 2.676899 0.091565 -4.559362 1.189681 0.091170 1.261070 1.198980 0.157882 6.781955 0.905231 7.342475 23.028912 -2.273921 13.814338 7.296430 -5.993507 -1.569291 9.573989 8.115113 -21.665851 -18.789615 69.611966 30.227770 49.447720 18.161068 1.795995 16.643696 -3.588612 -0.096997 8.600219 -7.789798 11.761582 -15.905428 -69.151966 -30.503558 50.520559 -21.204133 -6.996444 11.887260 5.769412 -12.591036 -3.123544 1.023730 1.093258 8.940886 1.111494 5.451980 -6.073452 -2.400445 -0.014261 -3.101811 0.519372 19.838395 -8.841948 1.119774 11.968471 14.460821 0.692344 11.152683 -5.251589 -5.106778 -0.042378 -2.914436 1.901216
-2.508009 0.959646 -0.157450 -111.676689 3.915173 -0.283468 0.539930 2.784104 2.922639 0.090451 -4.584090 1.299168 0.090048 1.236336 1.308349 0.165258 6.763275 0.987792 7.200356 23.009891 -2.534984 13.627173 7.280090 -6.428239 -1.370437 9.493241 8.032550 -21.859623 -18.982107 68.971425 30.626369 48.770746 18.701428 1.857810 16.604370 -3.989939 0.190331 8.660592 -7.899176 11.812679 -16.084051 -69.615349 -31.660245 52.026459 -22.004349 -7.268275 11.938950 5.039067 -13.012722 -3.099630 0.337557 2.337110 8.142861 1.723807 4.995524 -5.931937 -1.911959 -0.005733 -2.783108 0.236000 19.393354 -10.610395 1.298962 12.732712 17.399205 0.722757 10.554736 -5.449211 -5.305179 -0.075010 -4.339726 1.979527
-2.508092 0.959197 -0.153125 -112.003222 4.118189 -0.234649 0.611363 2.800309 3.149345 0.110530 -4.575912 1.399708 0.110069 1.244505 1.410920 0.187920 6.769321 1.065211 7.134601 22.954572 -2.761851 13.571222 7.200394 -6.824617 -1.112944 9.470363 8.022121 -21.396685 -19.323167 68.121364 30.351716 47.745468 18.706747 1.882832 16.549165 -4.376047 0.300775 8.695589 -8.016199 11.933333 -16.139287 -70.192109 -32.205646 52.826551 -22.199156 -7.340704 11.962951 5.084853 -12.332628 -3.340502 -0.193567 1.468600 7.852467 2.034864 5.606330 -5.805627 -1.759704 -0.004633 -2.600224 0.204483 18.790697 -12.362071 1.781177 13.912402 20.453134 0.698934 9.223262 -4.994343 -5.581698 -0.130544 -6.357717 2.272535
-2.508032 0.958944 -0.148536 -112.446091 4.290208 -0.197893 0.706266 2.855553 3.368049 0.141152 -4.550140 1.496418 0.140599 1.270271 1.510739 0.218206 6.788594 1.140558 7.119624 22.882244 -2.964324 13.601982 7.092247 -7.191910 -0.822117 9.482426 8.047143 -20.560731 -19.745897 67.155247 29.688520 46.550675 18.395705 1.870069 16.491024 -4.757807 0.322058 8.712969 -8.131367 12.113205 -16.114213 -70.846665 -32.387956 53.268445 -22.038465 -7.271146 11.970066 5.592184 -11.059558 -3.783010 -0.665366 -0.410639 7.977109 2.198948 6.725137 -5.655456 -1.711390 -0.005562 -2.581961 0.246991 18.119128 -14.098631 2.472981 15.246564 23.548315 0.683144 7.502931 -4.190836 -5.880356 -0.206647 -8.635402 2.660216
-2.508307 0.959003 -0.143761 -112.855839 4.443692 -0.106086 0.746480 2.900082 3.518109 0.150983 -4.529629 1.562905 0.150387 1.290785 1.578232 0.230526 6.803919 1.191538 7.128095 22.838818 -3.103927 13.656895 7.032384 -7.449394 -0.599073 9.495387 8.050065 -19.721946 -20.156681 66.423264 28.832126 45.597926 17.818680 1.745253 16.466862 -5.132427 0.322185 8.752326 -8.194839 12.179006 -16.015379 -71.383445 -32.461515 53.548890 -21.838835 -7.240258 11.940451 6.088459 -10.016894 -4.236568 -1.154202 -1.811655 8.170320 2.280738 7.548564 -5.511684 -1.584182 -0.006478 -2.610487 0.284324 17.796679 -15.567307 3.028006 15.960866 26.089714 0.730067 6.154415 -3.600982 -6.064870 -0.254089 -10.178743 2.852404
-2.509122 0.959511 -0.138761 -113.183925 4.579215 0.095713 0.695091 2.919141 3.559675 0.125824 -4.521429 1.581698 0.125294 1.298993 1.594475 0.212900 6.809988 1.203870 7.164033 22.845167 -3.153824 13.733989 7.055477 -7.547371 -0.489351 9.502538 8.015126 -18.881993 -20.562835 66.079879 27.616140 45.046694 16.779319 1.462366 16.499666 -5.452829 0.307765 8.845487 -8.173485 12.019758 -15.822991 -71.737422 -32.376568 53.558667 -21.588216 -7.298930 11.852340 6.524724 -9.500269 -4.695296 -1.702826 -2.107615 8.394661 2.305589 7.704834 -5.404015 -1.292013 -0.006447 -2.670684 0.276605 18.099716 -16.688045 3.238631 15.490355 27.947661 0.725727 5.463201 -3.515010 -6.168891 -0.252207 -10.673910 2.802709
-2.510270 0.960331 -0.133576 -113.478418 4.697248 0.353326 0.588161 2.925358 3.533343 0.079565 -4.519552 1.570620 0.079173 1.300876 1.578697 0.177141 6.811302 1.192050 7.222603 22.880900 -3.141414 13.833036 7.126736 -7.535746 -0.447279 9.507465 7.959304 -18.041970 -20.971763 65.980002 26.199981 44.720571 15.461518 1.064878 16.564432 -5.770684 0.272442 8.961118 -8.101235 11.745705 -15.563589 -71.976055 -32.187013 53.405568 -21.302115 -7.397457 11.730201 6.951633 -9.211855 -5.171746 -2.258849 -1.922614 8.671036 2.261294 7.567147 -5.299947 -0.924415 -0.006393 -2.777643 0.263695 18.783538 -17.549929 3.264445 14.357215 29.245338 0.682137 5.159573 -3.633286 -6.177256 -0.208694 -10.448744 2.498750
-2.511607 0.961165 -0.128407 -113.734730 4.809724 0.570606 0.457001 2.909843 3.499971 0.023048 -4.527518 1.556620 0.022821 1.292915 1.558957 0.133438 6.805216 1.177247 7.262828 22.928940 -3.109473 13.893123 7.215966 -7.483016 -0.436619 9.490316 7.875306 -17.579315 -21.312281 66.044959 25.229121 44.552918 14.442646 0.615150 16.624540 -6.231274 0.264774 9.045426 -8.028636 11.519830 -15.311222 -72.101780 -32.302117 53.615152 -21.338449 -7.568792 11.626891 7.049182 -9.092441 -5.510101 -2.742263 -1.647410 8.731422 2.180511 7.449349 -5.138168 -0.562451 -0.007141 -2.858764 0.286162 19.499545 -18.170444 3.289122 13.434597 29.768347 0.846497 5.181544 -3.617225 -5.893400 -0.113754 -9.485811 1.651862
-2.513073 0.962016 -0.123319 -113.910474 4.925234 0.708077 0.288882 2.863849 3.482603 -0.050522 -4.549251 1.550050 -0.050536 1.271186 1.544922 0.077440 6.788758 1.166770 7.269839 22.997293 -3.062086 13.888142 7.336686 -7.392157 -0.462133 9.426349 7.737894 -17.743841 -21.572950 66.340262 24.943995 44.680595 13.917240 0.063789 16.676526 -6.946126 0.308800 9.075757 -7.968558 11.400297 -15.082914 -72.101202 -32.985785 54.494896 -21.935841 -7.875257 11.565548 6.594550 -9.214364 -5.640079 -3.104184 -1.400888 8.444083 2.059959 7.482563 -4.873457 -0.236088 -0.009245 -2.899744 0.365014 20.257188 -18.531769 3.287102 13.107700 29.299874 1.491232 5.622077 -3.341095 -5.085138 -0.009340 -7.316425 -0.358596
-2.514728 0.962882 -0.118246 -114.048359 5.034105 0.805535 0.096759 2.796321 3.458771 -0.134280 -4.580732 1.540744 -0.134040 1.239692 1.527114 0.013576 6.764958 1.153438 7.258283 23.078141 -2.995735 13.843846 7.475383 -7.261329 -0.518106 9.338736 7.573323 -18.293945 -21.762256 66.808280 25.095397 44.984533 13.683138 -0.531466 16.721553 -7.806188 0.380897 9.074936 -7.906960 11.332091 -14.854972 -71.987874 -34.039843 55.728370 -22.918047 -8.281873 11.518110 5.817250 -9.511305 -5.635715 -3.391765 -1.066998 7.939813 1.901303 7.536820 -4.552099 0.084652 -0.012208 -2.914823 0.479254 21.041903 -18.653368 3.287922 12.994551 28.052378 2.362498 6.360349 -2.942396 -3.959000 -0.040167 -4.358052 -2.831426
-2.516597 0.963462 -0.113196 -114.271669 5.120653 0.885358 -0.049350 2.726042 3.420718 -0.196828 -4.613100 1.524768 -0.196389 1.207299 1.504779 -0.034768 6.740544 1.136632 7.231913 23.129799 -2.940917 13.778091 7.559979 -7.150744 -0.553238 9.281416 7.450737 -18.865187 -21.845891 67.183372 25.590360 45.032680 13.724727 -0.945626 16.733652 -8.619694 0.458147 9.056604 -7.853247 11.308963 -14.637893 -71.801952 -35.136015 56.912745 -23.977230 -8.660950 11.462962 5.071964 -9.719111 -5.554930 -3.671787 -0.686361 7.347585 1.737449 7.532874 -4.252229 0.408165 -0.015213 -2.874233 0.606391 21.460149 -18.617543 3.570092 12.865933 26.475658 2.981683 7.020503 -2.453100 -2.996633 -0.146694 -1.990777 -4.157868
-2.518744 0.963660 -0.108228 -114.617152 5.171040 0.970724 -0.120742 2.659232 3.355359 -0.224778 -4.643381 1.496143 -0.224243 1.177004 1.473314 -0.057939 6.717810 1.112870 7.181185 23.131652 -2.905790 13.677684 7.552666 -7.074976 -0.542142 9.294582 7.397894 -19.397599 -21.793889 67.379910 26.524134 44.621460 14.118797 -1.060620 16.704648 -9.364217 0.535408 9.026665 -7.808115 11.310674 -14.446993 -71.522381 -36.205783 57.934777 -25.050919 -8.978053 11.385027 4.367105 -9.778751 -5.379426 -3.984806 -0.237998 6.659141 1.588441 7.432307 -3.989964 0.730370 -0.017744 -2.754673 0.741686 21.423736 -18.397549 4.218312 12.759025 24.568077 3.251845 7.557920 -1.915275 -2.434573 -0.124258 -0.835726 -3.345461
-2.521106 0.963572 -0.103283 -115.048208 5.199379 1.038492 -0.146047 2.589495 3.275594 -0.231485 -4.674620 1.460823 -0.230912 1.145766 1.437318 -0.065564 6.694433 1.085650 7.116059 23.104051 -2.881284 13.556651 7.490768 -7.017933 -0.511050 9.339703 7.385867 -19.945918 -21.643185 67.476260 27.767489 43.941031 14.770835 -0.988034 16.653440 -10.050808 0.617827 8.978805 -7.770407 11.357529 -14.265565 -71.168819 -37.316988 58.905782 -26.198161 -9.260456 11.301062 3.688939 -9.750405 -5.126947 -4.292605 0.255705 5.882625 1.429967 7.272234 -3.747435 1.054081 -0.019779 -2.579427 0.889746 21.027169 -18.009508 5.142270 12.703706 22.339590 3.330772 8.023076 -1.264190 -2.044187 -0.038688 -0.307711 -1.442303
-2.523522 0.963188 -0.098187 -115.578089 5.231694 1.041126 -0.141417 2.516860 3.212476 -0.225718 -4.706922 1.432741 -0.225145 1.113467 1.409820 -0.063229 6.670272 1.064822 7.069908 23.066234 -2.871374 13.474226 7.414079 -6.992802 -0.486756 9.353770 7.398488 -20.315335 -21.471026 67.455128 28.889859 43.159413 15.399941 -0.858910 16.592875 -10.538751 0.697987 8.908215 -7.746967 11.503882 -14.058146 -70.842245 -38.248498 59.777885 -27.201183 -9.436973 11.245895 3.351727 -9.546629 -4.907441 -4.542608 0.690786 5.172981 1.230228 7.085427 -3.551221 1.398051 -0.021305 -2.388644 1.042095 20.153039 -17.590980 6.355725 12.501285 20.263019 3.182832 8.201655 -0.341737 -1.669908 -0.000000 -0.000000 -0.000000
-2.525863 0.962453 -0.092978 -116.225573 5.279890 0.958773 -0.105894 2.439008 3.174083 -0.207448 -4.741314 1.415518 -0.206921 1.079079 1.394449 -0.050644 6.644548 1.053124 7.055405 23.016565 -2.882093 13.454761 7.321990 -7.013801 -0.487493 9.301570 7.437981 -20.393441 -21.266841 67.263723 29.792161 42.237469 15.956944 -0.685599 16.506584 -10.757447 0.777700 8.796602 -7.749213 11.795506 -13.809121 -70.554077 -38.858157 60.509684 -27.928570 -9.441752 11.230377 3.526805 -9.066415 -4.751929 -4.693176 1.022263 4.576825 0.954542 6.829644 -3.422807 1.767463 -0.022419 -2.184535 1.202566 18.589359 -17.193646 7.962661 12.147240 18.514322 2.752501 7.950808 1.125328 -1.283526 -0.003447 0.155114 0.304978
-2.528258 0.961421 -0.087618 -116.972089 5.329640 0.810824 -0.040716 2.358579 3.152675 -0.176837 -4.776634 1.405738 -0.176400 1.043771 1.387780 -0.028187 6.618149 1.047981 7.060280 22.956155 -2.906674 13.474618 7.214305 -7.065672 -0.495340 9.219105 7.503141 -20.293841 -21.044036 66.957833 30.565654 41.220818 16.478723 -0.471165 16.403982 -10.779947 0.855412 8.661802 -7.764772 12.186625 -13.536107 -70.290805 -39.232366 61.154519 -28.459549 -9.317456 11.242136 4.037833 -8.408934 -4.628320 -4.784759 1.297709 4.049595 0.639143 6.545315 -3.339143 2.156945 -0.022901 -1.964856 1.367267 16.565385 -16.688858 9.840718 11.682765 16.877996 2.160294 7.399127 2.863267 -1.046277 -0.003043 0.081700 0.150372
-2.530937 0.960249 -0.081824 -117.774810 5.366977 0.608601 0.034506 2.283491 3.155512 -0.143008 -4.809491 1.406728 -0.142670 1.010924 1.392205 -0.002493 6.593584 1.051215 7.080373 22.908427 -2.930357 13.520742 7.131647 -7.118361 -0.482586 9.149669 7.572739 -20.161191 -20.914512 66.686217 31.110107 40.419717 16.847066 -0.339645 16.331988 -10.690114 0.918541 8.553650 -7.765420 12.594682 -13.253281 -70.117577 -39.477974 61.811173 -28.880704 -9.149377 11.283814 4.678284 -7.786021 -4.551779 -4.886808 1.551819 3.607976 0.363486 6.389833 -3.262796 2.571287 -0.022706 -1.763159 1.516296 14.625571 -15.975197 11.664301 10.949398 15.239462 1.625093 6.747611 4.200273 -1.044769 0.000000 0.000000 -0.000000
-2.533888 0.958963 -0.075530 -118.638859 5.391142 0.333797 0.116769 2.218741 3.195407 -0.107967 -4.837660 1.424207 -0.107738 0.982762 1.413240 0.025342 6.572508 1.066993 7.121772 22.877776 -2.955673 13.604212 7.083196 -7.177478 -0.423942 9.107482 7.642480 -20.040716 -20.939737 66.486396 31.394592 39.983480 17.046411 -0.351880 16.313204 -10.471972 0.960763 8.495470 -7.734159 13.033020 -12.965501 -70.096114 -39.565714 62.522150 -29.161379 -8.930175 11.369603 5.515465 -7.239445 -4.556720 -5.000769 1.778805 3.301550 0.163172 6.427087 -3.202676 3.002737 -0.022002 -1.589792 1.643206 12.845717 -15.017088 13.385762 9.849322 13.547581 1.210147 6.047761 4.775799 -1.313891 0.000000 -0.000000 0.000000
-2.537124 0.957537 -0.068802 -119.559006 5.399566 0.005186 0.208860 2.160207 3.259467 -0.069807 -4.862940 1.452436 -0.069710 0.957488 1.445345 0.056322 6.553591 1.091131 7.178359 22.859726 -2.980338 13.713765 7.059938 -7.237926 -0.344630 9.078390 7.716465 -19.886311 -21.056675 66.323628 31.478361 39.770210 17.111910 -0.452154 16.326878 -10.147292 0.988099 8.464680 -7.689068 13.487696 -12.667899 -70.165649 -39.501947 63.246196 -29.312981 -8.657961 11.478793 6.482867 -6.727516 -4.610621 -5.124146 1.983460 3.078524 0.006017 6.593083 -3.154542 3.461189 -0.020922 -1.434528 1.754620 11.174825 -13.858844 15.023802 8.472096 11.840057 0.890369 5.291166 4.904106 -1.732993 -0.000000 -0.000000 -0.000000
-2.540914 0.956048 -0.061551 -120.476573 5.377805 -0.309521 0.299958 2.101823 3.316312 -0.031721 -4.888145 1.477481 -0.031762 0.932288 1.474257 0.087002 6.534738 1.112862 7.227202 22.865010 -2.983210 13.801987 7.076072 -7.254799 -0.292459 9.062598 7.785283 -19.705558 -21.189710 66.237012 31.410160 39.654197 17.013413 -0.584131 16.357056 -9.856838 1.006416 8.442250 -7.655046 13.836089 -12.359239 -70.210194 -39.473878 63.953665 -29.512417 -8.436779 11.574879 7.173173 -6.336775 -4.627661 -5.321240 2.214121 2.801275 -0.129114 6.855089 -3.063397 3.978749 -0.019572 -1.300090 1.850295 9.946215 -12.601135 16.374484 6.915115 10.166581 0.718930 4.589532 4.956605 -2.085485 -0.000000 -0.000000 -0.000000
-2.545370 0.954554 -0.053791 -121.380084 5.323269 -0.592517 0.387781 2.039048 3.356612 0.005780 -4.915337 1.495191 0.005604 0.905097 1.495775 0.116700 6.514403 1.129010 7.265147 22.906558 -2.951363 13.858776 7.152986 -7.202570 -0.295188 9.058800 7.849892 -19.466186 -21.332744 66.243789 31.138743 39.660539 16.693511 -0.724314 16.412631 -9.618241 1.008143 8.431018 -7.646143 13.992295 -12.032697 -70.185441 -39.444264 64.611778 -29.736290 -8.311615 11.656988 7.427282 -6.111263 -4.561026 -5.615015 2.493599 2.387971 -0.236105 7.220195 -2.897839 4.567139 -0.017855 -1.183607 1.924343 9.263638 -11.241927 17.387385 4.997022 8.477276 0.690960 4.016901 5.040986 -1.991702 -0.000000 0.000000 0.000000
-2.550382 0.952997 -0.045508 -122.280469 5.239602 -0.860190 0.474640 1.976061 3.389868 0.043214 -4.942631 1.509790 0.042903 0.877800 1.514174 0.146115 6.493995 1.142806 7.294705 22.972308 -2.898956 13.893130 7.270671 -7.108616 -0.325161 9.068295 7.908432 -19.202630 -21.489345 66.328533 30.719963 39.763940 16.207862 -0.893836 16.486493 -9.414118 1.001012 8.427602 -7.648748 14.043735 -11.694783 -70.139740 -39.458902 65.251648 -30.019218 -8.253445 11.735788 7.403075 -6.006484 -4.459869 -5.984357 2.795630 1.918499 -0.318708 7.683815 -2.693452 5.216116 -0.016057 -1.087955 1.982665 8.998521 -9.842208 18.142064 2.872526 6.845436 0.813725 3.489119 5.102821 -1.816871 0.000000 0.000000 0.000000
-2.555883 0.951279 -0.036576 -123.152552 5.124374 -1.095775 0.556759 1.919285 3.412876 0.079006 -4.967210 1.519851 0.078561 0.853218 1.527869 0.173941 6.475628 1.153061 7.301373 23.035593 -2.845475 13.886256 7.381101 -7.007337 -0.346920 9.094700 7.947210 -19.023149 -21.598932 66.479138 30.362975 39.762257 15.699539 -1.102401 16.535606 -9.331991 1.013936 8.403416 -7.645187 14.128024 -11.364524 -70.094421 -39.871845 65.939059 -30.664187 -8.264116 11.799716 7.168296 -5.975609 -4.382086 -6.427424 3.095628 1.497475 -0.413596 8.196098 -2.494706 5.924071 -0.014814 -1.024441 2.042638 9.109424 -8.620499 18.659699 1.122176 5.523633 1.059013 2.870699 5.204333 -2.509799 0.000000 -0.000000 0.000000
-2.561956 0.949359 -0.027068 -123.998339 4.961982 -1.295998 0.634870 1.869548 3.423703 0.113569 -4.988713 1.524493 0.112992 0.831710 1.536021 0.200424 6.459572 1.159140 7.281108 23.096777 -2.792733 13.831585 7.484613 -6.901000 -0.336850 9.143563 7.952342 -18.990969 -21.623965 66.743969 30.085034 39.607530 15.147254 -1.391058 16.532493 -9.451436 1.075015 8.354555 -7.618065 14.319392 -11.050853 -70.050065 -41.035657 66.754991 -32.002071 -8.386130 11.850024 6.629156 -6.028254 -4.301308 -6.933452 3.437421 1.114265 -0.548294 8.726330 -2.315613 6.699912 -0.014686 -1.002385 2.107813 9.716651 -7.660631 18.971326 -0.136381 4.602413 1.392113 2.060319 5.533714 -4.766612 0.000000 0.000000 -0.000000
-2.568519 0.947277 -0.016910 -124.815550 4.769814 -1.462740 0.708440 1.825695 3.424076 0.146588 -5.007661 1.524488 0.145884 0.812754 1.539367 0.225386 6.445433 1.161598 7.237731 23.155649 -2.739313 13.735474 7.581001 -6.788023 -0.318180 9.208408 7.937488 -19.043524 -21.600377 67.071696 29.877334 39.346809 14.580452 -1.714359 16.503085 -9.694833 1.155981 8.285185 -7.583644 14.542914 -10.745167 -70.002801 -42.714088 67.599461 -33.815059 -8.594292 11.880801 5.881256 -6.153716 -4.247860 -7.513468 3.778128 0.777400 -0.695239 9.306382 -2.145399 7.534183 -0.015257 -1.012447 2.174620 10.674595 -6.896172 19.082089 -1.044441 3.999664 1.730642 1.144405 5.794725 -7.890984 0.000000 0.000000 0.000000
-2.575265 0.945059 -0.005747 -125.573022 4.595728 -1.588236 0.771857 1.791213 3.415908 0.175442 -5.022541 1.520701 0.174627 0.797866 1.538510 0.246911 6.434340 1.160897 7.168990 23.184122 -2.698812 13.599261 7.620280 -6.695299 -0.325819 9.274974 7.930396 -19.098460 -21.580954 67.299829 29.906462 38.923750 14.222531 -1.954724 16.483816 -9.912231 1.201429 8.178753 -7.574308 14.712208 -10.440696 -69.966540 -44.309205 68.280999 -35.513453 -8.772442 11.872980 5.276169 -6.273211 -4.363689 -8.193062 3.967276 0.623492 -0.810645 9.979921 -1.990989 8.396409 -0.015586 -1.037904 2.249735 11.542958 -6.309679 18.964268 -1.413218 3.702316 1.921535 0.342299 5.328195 -10.705465 -0.000000 0.000000 -0.000000
-2.582153 0.942588 0.006717 -126.276035 4.469997 -1.690522 0.827421 1.756900 3.412848 0.200552 -5.037390 1.519231 0.199639 0.783009 1.539589 0.265783 6.423260 1.161663 7.076114 23.171040 -2.682816 13.429192 7.583354 -6.645022 -0.382626 9.351120 7.917705 -19.083094 -21.584971 67.345637 30.218098 38.228272 14.167972 -2.083865 16.483320 -10.112608 1.184450 8.023782 -7.613324 14.804304 -10.114316 -69.935618 -45.542965 68.700570 -36.821484 -8.875723 11.793005 4.919684 -6.328506 -4.745304 -8.982021 3.891349 0.760627 -0.870526 10.842419 -1.894945 9.305842 -0.015832 -1.086264 2.311536 12.082219 -5.923929 18.606350 -0.778972 3.808530 1.837231 -0.360119 3.696684 -12.970636 -0.000000 -0.000000 0.000000
-2.589225 0.939980 0.020185 -126.919890 4.363988 -1.753174 0.872915 1.731935 3.400786 0.221556 -5.048188 1.513756 0.220561 0.772203 1.536246 0.281247 6.415211 1.159101 6.958450 23.126995 -2.678536 13.220054 7.487986 -6.612794 -0.465957 9.429116 7.912184 -19.068153 -21.597082 67.291869 30.743493 37.367906 14.310348 -2.129176 16.492826 -10.282374 1.132793 7.830870 -7.676742 14.842901 -9.789171 -69.918221 -46.583757 68.973182 -37.904588 -8.935143 11.678108 4.706053 -6.370089 -5.297513 -9.863518 3.672938 1.089733 -0.909714 11.799714 -1.821907 10.240327 -0.015798 -1.149964 2.381701 12.528322 -5.715942 18.015604 0.395973 4.204944 1.590715 -0.913267 1.462603 -14.921895 -0.000000 0.000000 0.000000
-2.596299 0.937609 0.034118 -127.458801 4.238349 -1.717308 0.896057 1.746906 3.339355 0.234752 -5.041558 1.486217 0.233710 0.778827 1.510048 0.289115 6.420243 1.139323 6.811071 23.056715 -2.662369 12.956121 7.339747 -6.554343 -0.542746 9.472869 7.981572 -19.186006 -21.620086 67.225237 31.476718 36.612580 14.573659 -2.066400 16.521465 -10.235961 1.072743 7.616862 -7.726592 14.811728 -9.528323 -69.950085 -47.424227 69.249143 -38.758676 -8.934802 11.622451 4.666475 -6.481613 -5.874061 -10.822508 3.514144 1.434460 -0.968009 12.614839 -1.654025 11.108270 -0.013574 -1.189357 2.531907 13.157238 -5.592333 17.184805 0.910685 4.571189 1.392750 -0.982128 -0.529486 -16.068957 -0.000000 -0.000000 0.000000
-2.603411 0.935236 0.048573 -127.826147 4.071861 -1.539662 0.873516 1.815276 3.207566 0.230731 -5.011732 1.427301 0.229720 0.808655 1.450726 0.281581 6.442670 1.094591 6.626636 22.940017 -2.626854 12.623624 7.099300 -6.456209 -0.600701 9.430586 8.186411 -19.545811 -21.637868 67.079284 32.584584 36.035894 15.066161 -1.876232 16.567727 -9.771695 1.039377 7.343686 -7.733873 14.697864 -9.315572 -70.079150 -48.163165 69.647567 -39.470397 -8.872504 11.678272 4.827711 -6.705788 -6.386931 -11.906716 3.643189 1.699739 -1.120774 13.355525 -1.518064 11.886323 -0.004059 -1.092382 2.846125 14.320638 -5.566508 16.010592 -0.068732 4.772520 1.338079 -0.281478 -2.077372 -15.982385 0.000000 -0.000000 -0.000000
-2.610526 0.933101 0.063492 -128.089585 3.887699 -1.263917 0.828261 1.922526 3.025354 0.218893 -4.964900 1.345879 0.217953 0.855491 1.368102 0.266432 6.477855 1.032294 6.412817 22.797773 -2.577912 12.236599 6.807074 -6.328322 -0.652279 9.356220 8.467810 -20.038347 -21.671051 66.920566 33.896771 35.548350 15.684386 -1.590710 16.619948 -9.088491 0.996728 7.050132 -7.727363 14.514027 -9.168767 -70.256668 -48.693083 70.056359 -39.948422 -8.741260 11.796124 5.160312 -6.992949 -6.927434 -13.071108 3.831390 1.973024 -1.286196 13.958763 -1.283277 12.598919 0.011447 -0.971380 3.240235 15.674771 -5.591120 14.600625 -1.707721 4.983447 1.325460 0.839406 -3.432226 -15.099042 -0.000000 -0.000000 0.000000
-2.617348 0.932292 0.078159 -128.404422 3.713885 -0.960707 0.817384 2.057085 2.813614 0.223734 -4.905758 1.251085 0.222812 0.914631 1.273798 0.262860 6.522312 0.961162 6.186898 22.696851 -2.512929 11.820495 6.589330 -6.163566 -0.700394 9.372098 8.713950 -20.470022 -21.766794 67.037924 34.932269 35.197383 16.052012 -1.257316 16.680891 -8.601560 0.864366 6.868616 -7.756698 14.281036 -9.201116 -70.369374 -48.689620 70.279241 -39.912219 -8.520797 11.916565 5.609913 -7.289857 -7.619073 -14.160107 3.591179 2.359199 -1.271742 14.015902 -0.402760 13.217946 0.020813 -1.112375 3.532776 16.443904 -5.516212 13.264702 -2.706772 5.325139 1.252949 1.792505 -4.448259 -14.186458 -0.000000 -0.000000 0.000000
-2.623962 0.933526 0.092467 -128.806422 3.543364 -0.569678 0.853383 2.232624 2.531013 0.252865 -4.828308 1.124381 0.251884 0.992074 1.150052 0.275214 6.580560 0.867772 5.942377 22.658459 -2.410642 11.355947 6.482578 -5.920272 -0.758431 9.566809 8.910948 -20.822423 -22.012786 67.632864 35.481715 35.037863 15.997368 -0.825500 16.774063 -8.512531 0.548455 6.907271 -7.873598 14.004179 -9.557527 -70.337804 -47.814791 70.187839 -39.091394 -8.162436 12.018656 6.240493 -7.510287 -8.466694 -15.253561 2.822604 2.863825 -1.016940 13.229114 1.545402 13.870206 0.005286 -1.935089 3.779788 16.182269 -5.308661 12.040938 -2.491171 5.925185 1.053560 2.392932 -4.990771 -13.476304 -0.000000 -0.000000 0.000000
-2.630285 0.936086 0.106522 -129.260083 3.385225 -0.150777 0.922242 2.435213 2.218426 0.298217 -4.738767 0.984079 0.297141 1.081596 1.014356 0.298816 6.647870 0.765310 5.686599 22.662626 -2.292336 10.863585 6.452529 -5.640922 -0.810294 9.850919 9.070970 -21.115211 -22.305889 68.509309 35.778106 35.034881 15.701052 -0.332807 16.887140 -8.614607 0.142544 7.057450 -8.028513 13.673904 -10.088889 -70.226637 -46.423639 69.901021 -37.768235 -7.714977 12.118802 6.988366 -7.731135 -9.467319 -16.265715 1.624949 3.517037 -0.623239 11.913737 4.186333 14.264271 -0.014218 -3.006423 4.003039 15.329247 -5.066030 10.876034 -1.630567 6.610033 0.796196 2.866662 -5.175984 -12.726202 0.000000 -0.000000 0.000000
-2.635775 0.938921 0.119939 -129.811755 3.289790 0.045090 1.043197 2.612975 2.020481 0.361303 -4.659782 0.894647 0.360087 1.160535 0.931330 0.339676 6.707203 0.702541 5.456724 22.712817 -2.221152 10.427806 6.515896 -5.448972 -0.816764 10.077631 9.121094 -21.206641 -22.408929 69.350902 36.009335 35.118889 15.313754 0.043876 16.979651 -8.717495 -0.151568 7.126789 -8.117634 13.291797 -10.468965 -70.147170 -45.183756 69.603536 -36.441644 -7.309480 12.216554 7.607385 -8.161509 -10.729019 -16.778315 -0.190936 4.476571 -0.184631 10.521278 6.815596 13.747121 -0.010671 -3.363596 3.882664 14.427796 -4.848347 9.948300 -0.547320 7.019716 0.585275 3.262537 -5.205818 -11.985462 0.000000 0.000000 -0.000000
-2.639960 0.941832 0.132636 -130.539626 3.298121 -0.146382 1.258211 2.745874 2.022234 0.456343 -4.599806 0.893729 0.454888 1.220426 0.940061 0.411322 6.752254 0.708967 5.258142 22.827444 -2.234166 10.066958 6.711478 -5.411497 -0.749814 10.171698 8.983007 -20.972644 -22.163903 70.131175 36.068745 35.187738 14.685623 0.148240 17.003694 -8.852146 -0.237833 7.015968 -8.076131 12.752924 -10.536413 -70.178486 -44.090027 69.357640 -34.985024 -6.998252 12.323503 7.910860 -8.866314 -12.400791 -16.514515 -3.114411 5.834297 0.187310 9.032052 9.440251 11.786932 0.020821 -2.406500 2.894253 13.551798 -4.677620 9.415860 0.814420 7.013919 0.443892 3.551887 -5.115183 -11.241116 0.000000 -0.000000 0.000000
-2.643313 0.945017 0.144694 -131.364955 3.359855 -0.563026 1.528154 2.854863 2.138414 0.570022 -4.549732 0.943431 0.568270 1.270398 1.001306 0.500827 6.789906 0.754996 5.083733 22.985671 -2.296401 9.759446 6.995684 -5.465658 -0.641347 10.206270 8.735343 -20.525610 -21.746568 70.868248 36.048837 35.343656 13.955555 0.132272 17.007932 -8.995422 -0.211695 6.825137 -7.967980 12.165438 -10.457608 -70.253975 -43.125762 69.108517 -33.504272 -6.734050 12.432538 8.085184 -9.858821 -14.289869 -15.692581 -6.687010 7.495914 0.399167 7.231959 11.643123 8.753165 0.027449 -0.948570 1.286497 12.626888 -4.501838 9.126992 2.386546 6.727182 0.348900 3.768620 -4.863513 -10.502418 -0.000000 0.000000 0.000000
-2.646702 0.948020 0.155968 -132.097039 3.390722 -0.964772 1.751277 2.950518 2.259162 0.662636 -4.505621 0.995399 0.660654 1.314424 1.062680 0.574595 6.823091 0.801154 4.951475 23.131235 -2.363402 9.529588 7.260219 -5.540602 -0.542876 10.257037 8.541625 -20.085808 -21.418937 71.308012 36.430642 35.834104 13.706954 0.278224 17.095482 -8.881759 -0.157922 6.661365 -7.880872 11.854532 -10.397585 -70.275435 -42.865202 68.887862 -32.769678 -6.494807 12.517521 8.444064 -11.259784 -15.993529 -14.646237 -9.666918 9.328328 0.478011 5.477850 12.262253 5.784927 -0.000000 0.000000 -0.000000 11.972762 -4.250995 8.801209 3.555192 6.235190 0.331736 4.038854 -4.544837 -9.850536 -0.000000 -0.000000 0.000000
-2.650506 0.950721 0.166418 -132.687960 3.365354 -1.261605 1.896144 3.031298 2.352135 0.721909 -4.468557 1.035480 0.719802 1.351420 1.108779 0.622312 6.850948 0.835839 4.877811 23.260557 -2.432746 9.407156 7.499749 -5.636324 -0.459464 10.370158 8.469617 -19.685117 -21.277564 71.251672 37.506712 36.813788 14.289308 0.757815 17.367104 -8.307966 -0.078447 6.554882 -7.857236 12.023133 -10.418865 -70.189854 -43.817232 68.743422 -33.347814 -6.250585 12.575774 9.177540 -13.254404 -17.434779 -13.468242 -11.587014 11.393035 0.535080 4.121174 10.687837 3.519547 -0.009084 0.179255 -0.338499 11.716807 -3.867929 8.296598 4.024640 5.504408 0.459987 4.499156 -4.164458 -9.343759 -0.000000 0.000000 -0.000000
-2.654347 0.953239 0.176085 -133.184880 3.312687 -1.542205 1.993533 3.099607 2.450652 0.759807 -4.437210 1.078356 0.757634 1.382712 1.155503 0.654099 6.874489 0.871040 4.846283 23.377176 -2.507095 9.362564 7.720390 -5.752888 -0.384752 10.500279 8.451791 -19.303495 -21.217919 70.900139 39.050221 38.105619 15.406689 1.427781 17.707241 -7.481818 0.028616 6.475036 -7.855247 12.468805 -10.457032 -70.050749 -45.440703 68.615265 -34.639755 -6.030516 12.610159 10.097104 -15.658324 -18.649032 -12.063597 -12.926386 13.628540 0.528247 3.185885 7.793093 1.894884 -0.002568 0.082739 -0.172963 11.729836 -3.411134 7.754336 4.080622 4.591003 0.673985 5.012659 -3.718679 -8.920617 -0.000000 0.000000 -0.000000
-2.657964 0.955475 0.184944 -133.538561 3.236700 -1.832852 2.033986 3.172209 2.543904 0.772587 -4.404245 1.119223 0.770419 1.415661 1.197670 0.666760 6.899229 0.902858 4.827104 23.436469 -2.548265 9.334766 7.832736 -5.817399 -0.351753 10.585926 8.449311 -19.088598 -21.192847 70.597504 40.752738 39.472528 16.669653 2.078183 17.904771 -6.758360 0.084162 6.437508 -7.835581 12.909179 -10.482686 -69.915890 -46.722546 68.396263 -35.652339 -5.899399 12.600964 10.949106 -17.967389 -19.448183 -10.556525 -13.828304 15.734719 0.449195 2.586905 5.033198 1.016881 -0.000000 -0.000000 -0.000000 11.946968 -2.996109 7.318332 3.990598 3.708071 0.808812 5.292566 -3.287020 -8.486399 0.000000 -0.000000 -0.000000
-2.661242 0.957365 0.192900 -133.708267 3.137779 -2.171650 1.995119 3.255253 2.640915 0.749789 -4.367043 1.162246 0.747725 1.452897 1.238382 0.652699 6.927114 0.933660 4.819169 23.397190 -2.536688 9.319656 7.758123 -5.797601 -0.395911 10.586329 8.451169 -19.131904 -21.201122 70.452206 42.666854 40.998658 18.081914 2.685989 17.840563 -6.193377 0.043528 6.466154 -7.776325 13.331740 -10.488636 -69.823178 -47.331442 68.022987 -36.065911 -5.919346 12.510699 11.729832 -20.076742 -19.736572 -9.009463 -14.298799 17.650538 0.451238 2.204196 2.971725 0.877899 -0.000000 0.000000 -0.000000 12.430101 -2.671749 7.085694 3.824327 2.909616 0.773381 5.157236 -2.889492 -7.990954 -0.000000 0.000000 -0.000000
-2.664295 0.958973 0.200049 -133.734289 3.017804 -2.520882 1.899459 3.343137 2.732707 0.701939 -4.328070 1.203332 0.700045 1.491929 1.274610 0.619566 6.956286 0.961137 4.824183 23.301220 -2.490624 9.322841 7.576334 -5.723553 -0.481582 10.542623 8.469445 -19.340779 -21.245365 70.356707 44.800602 42.572003 19.702247 3.253061 17.639071 -5.743196 -0.048338 6.537807 -7.699825 13.749489 -10.481563 -69.735791 -47.611212 67.573525 -36.212513 -6.035134 12.379022 12.441821 -22.034018 -19.629025 -7.439261 -14.301005 19.456857 0.510703 2.052173 1.193918 1.258582 -0.000000 0.000000 -0.000000 13.120642 -2.387626 6.966721 3.520862 2.143219 0.649021 4.788446 -2.496678 -7.490652 0.000000 -0.000000 -0.000000
-2.667209 0.960385 0.206653 -133.689239 2.882593 -2.793249 1.804941 3.434048 2.781424 0.656810 -4.287988 1.225237 0.655074 1.532064 1.291932 0.587051 6.986289 0.974332 4.816862 23.228760 -2.428805 9.298441 7.435542 -5.616271 -0.535233 10.515670 8.499482 -19.584937 -21.285032 70.330853 46.634553 43.720712 21.098151 3.574741 17.479198 -5.595563 -0.136354 6.597251 -7.632591 13.918448 -10.452199 -69.597723 -47.573961 67.177742 -36.084966 -6.127460 12.297081 12.842418 -23.553745 -19.300149 -5.913634 -13.915917 21.050767 0.397245 2.121298 -0.356723 1.748137 -0.000000 -0.000000 0.000000 13.773714 -2.106784 6.823653 3.157908 1.452223 0.522876 4.444273 -2.115051 -7.051925 -0.000000 -0.000000 -0.000000
-2.670008 0.961635 0.212727 -133.586180 2.720223 -2.952823 1.728279 3.535208 2.768181 0.622813 -4.243548 1.219399 0.621208 1.576543 1.282642 0.560877 7.019579 0.967406 4.782380 23.204173 -2.351749 9.218144 7.379726 -5.471004 -0.513188 10.536247 8.542355 -19.862935 -21.305111 70.429721 47.829715 44.239380 21.952701 3.493885 17.447418 -5.924269 -0.215713 6.622529 -7.579178 13.617352 -10.358308 -69.371092 -47.008876 66.839621 -35.456256 -6.153809 12.295437 12.768923 -24.643756 -18.805013 -4.388321 -13.124677 22.429899 -0.049090 2.446185 -1.626357 2.144140 0.000000 0.000000 0.000000 14.389624 -1.789368 6.611509 2.677997 0.815884 0.422429 4.201338 -1.724613 -6.705678 -0.000000 -0.000000 -0.000000
-2.672668 0.962689 0.218256 -133.412553 2.543025 -3.036150 1.652517 3.638785 2.712161 0.591480 -4.198218 1.194533 0.589999 1.621906 1.254596 0.535307 7.053545 0.946308 4.735718 23.203289 -2.259315 9.110478 7.365478 -5.293150 -0.458883 10.573061 8.596571 -20.176310 -21.318007 70.598142 48.600010 44.383807 22.465128 3.160413 17.465882 -6.536578 -0.291425 6.635286 -7.534645 13.068428 -10.237931 -69.092714 -46.154330 66.549728 -34.580940 -6.152820 12.340063 12.384830 -25.283168 -18.134693 -2.907269 -11.954303 23.632076 -0.616952 2.964215 -2.687117 2.544697 0.000000 -0.000000 -0.000000 14.966822 -1.470474 6.377268 2.140813 0.255393 0.323369 3.982035 -1.347486 -6.419683 -0.000000 -0.000000 0.000000
-2.675200 0.963533 0.223453 -133.202931 2.392245 -3.064193 1.584865 3.719732 2.632771 0.565150 -4.162980 1.159342 0.563771 1.657170 1.216732 0.512769 7.079950 0.917778 4.696473 23.233117 -2.169829 9.015180 7.409157 -5.120136 -0.429598 10.593797 8.652962 -20.399353 -21.325633 70.689921 49.187895 44.402017 22.911037 2.832145 17.473348 -7.058309 -0.323465 6.644732 -7.510836 12.691077 -10.206512 -68.815899 -45.656979 66.426285 -34.133258 -6.119732 12.422552 11.938627 -25.166013 -17.391033 -1.637426 -10.545592 24.601955 -0.978971 3.522596 -3.811191 3.007728 -0.000000 -0.000000 -0.000000 15.256554 -1.221698 6.114021 1.798297 -0.127028 0.237675 3.811619 -1.057994 -6.162500 -0.000000 0.000000 -0.000000
-2.677624 0.964111 0.228363 -132.997367 2.278177 -3.028769 1.539570 3.762914 2.525424 0.550484 -4.144492 1.111725 0.549162 1.675676 1.167627 0.498146 7.093816 0.880719 4.673804 23.312251 -2.087792 8.949004 7.546417 -4.961169 -0.452092 10.581773 8.715830 -20.457756 -21.322088 70.628595 49.619923 44.290457 23.354738 2.581319 17.449620 -7.366906 -0.270862 6.642265 -7.518366 12.674280 -10.342294 -68.525407 -45.977245 66.623193 -34.612331 -6.038021 12.574283 11.436585 -24.033458 -16.630643 -0.642695 -8.795616 25.380374 -1.006430 4.026178 -5.203403 3.444411 0.000000 -0.000000 -0.000000 15.093584 -1.056609 5.805233 1.788359 -0.278872 0.166589 3.758777 -0.897611 -5.926846 -0.000000 -0.000000 0.000000
-2.679919 0.964478 0.232941 -132.756198 2.189892 -2.937911 1.502297 3.783673 2.394802 0.540758 -4.135996 1.053792 0.539471 1.684183 1.108708 0.486503 7.100193 0.836232 4.659114 23.421688 -2.008479 8.896419 7.740931 -4.807139 -0.500043 10.554008 8.780788 -20.425465 -21.314777 70.490415 49.862711 44.057087 23.724209 2.337716 17.415164 -7.584981 -0.174697 6.635797 -7.546641 12.825320 -10.574390 -68.237264 -46.657299 66.988516 -35.520121 -5.924458 12.765555 10.872938 -22.159661 -15.832742 0.182927 -6.766324 25.926531 -0.813789 4.563290 -6.692789 3.856430 0.000000 0.000000 0.000000 14.643289 -0.964976 5.460435 1.976007 -0.257141 0.108340 3.751946 -0.826589 -5.718786 -0.000000 -0.000000 0.000000
-2.682040 0.964790 0.237260 -132.394175 2.136769 -2.836623 1.437225 3.802702 2.274163 0.518146 -4.128350 1.000537 0.516920 1.691846 1.053155 0.465471 7.105910 0.794320 4.644935 23.511845 -1.936484 8.847856 7.900515 -4.667952 -0.551124 10.529027 8.825693 -20.399469 -21.327006 70.357922 50.091435 43.956540 24.110575 2.142623 17.373973 -7.704802 -0.117832 6.659504 -7.575707 12.991822 -10.796653 -68.049860 -46.895001 67.199504 -35.963457 -5.815837 12.894982 10.480150 -20.042138 -14.981030 0.930440 -4.833723 26.025891 -0.470868 5.265364 -8.013836 4.487534 0.000000 0.000000 -0.000000 14.153582 -0.981589 5.110096 2.203668 -0.124241 0.069410 3.605856 -0.795748 -5.526789 -0.000000 0.000000 0.000000
-2.683943 0.965117 0.241278 -131.899057 2.127699 -2.752372 1.333156 3.822458 2.175534 0.477016 -4.120430 0.957413 0.475892 1.699804 1.005855 0.431200 7.111821 0.758694 4.639785 23.569410 -1.870266 8.818774 8.001030 -4.543738 -0.597015 10.521194 8.845038 -20.391335 -21.386205 70.253397 50.379715 44.114409 24.579280 2.025957 17.315569 -7.718551 -0.131563 6.733045 -7.595772 13.176602 -10.969774 -68.035880 -46.216020 67.128243 -35.440123 -5.711285 12.917150 10.368363 -17.779481 -14.054809 1.644447 -3.045502 25.584859 -0.021357 6.290653 -9.102187 5.620934 -0.000000 0.000000 -0.000000 13.638123 -1.139804 4.788315 2.544063 0.142934 0.045804 3.213855 -0.806129 -5.354550 -0.000000 0.000000 -0.000000
-2.685672 0.965389 0.245037 -131.282879 2.153149 -2.657033 1.201097 3.840660 2.087007 0.422901 -4.113236 0.919040 0.421904 1.707048 0.961990 0.387470 7.117181 0.725701 4.634779 23.607477 -1.811424 8.792921 8.066132 -4.434194 -0.645839 10.516176 8.844465 -20.389876 -21.464723 70.154209 50.664717 44.404141 25.074617 1.959499 17.250359 -7.633269 -0.184256 6.837311 -7.616124 13.378818 -11.130131 -68.123361 -45.090720 66.897928 -34.447026 -5.610665 12.875440 10.428571 -15.276810 -13.079355 2.303175 -1.376714 24.657899 0.446855 7.465232 -10.145651 7.009044 -0.000000 -0.000000 0.000000 13.085108 -1.404873 4.461743 2.926122 0.520510 0.046263 2.681832 -0.854189 -5.197111 -0.000000 -0.000000 -0.000000
-2.687310 0.965543 0.248735 -130.496687 2.194127 -2.512284 1.038373 3.870782 2.006156 0.354677 -4.100832 0.884298 0.353835 1.719489 0.920316 0.333337 7.126414 0.694402 4.595767 23.616312 -1.769573 8.711912 8.075871 -4.348737 -0.699841 10.489387 8.818549 -20.458252 -21.503132 70.075696 50.915673 44.701879 25.504905 1.896971 17.213737 -7.462504 -0.264481 6.948681 -7.645295 13.442754 -11.281627 -68.190819 -44.074393 66.578574 -33.534049 -5.548656 12.800644 10.563730 -12.738273 -12.097815 2.885011 -0.098672 23.258526 0.783890 8.424616 -11.186401 8.172596 -0.000000 -0.000000 0.000000 12.704858 -1.703084 4.059124 2.975579 0.879052 0.091835 2.144366 -0.883194 -5.030989 0.000000 -0.000000 0.000000
-2.688804 0.965596 0.252395 -129.488392 2.230256 -2.327751 0.826329 3.932904 1.940653 0.263547 -4.074322 0.856731 0.262902 1.746036 0.883486 0.262399 7.146196 0.666831 4.515893 23.577135 -1.745705 8.564429 7.995459 -4.288643 -0.761360 10.434693 8.760304 -20.603841 -21.489018 70.041238 51.120571 44.987593 25.814987 1.834438 17.239696 -7.158016 -0.374133 7.045565 -7.682269 13.295767 -11.407696 -68.212698 -43.199045 66.146334 -32.740625 -5.514904 12.678600 10.804454 -9.949740 -11.123319 3.422990 0.572124 21.304228 0.880811 8.971233 -12.539067 9.530749 -0.000000 0.000000 0.000000 12.624295 -1.997051 3.574102 2.464050 1.148641 0.193721 1.661787 -0.837110 -4.837314 0.000000 -0.000000 0.000000
-2.690208 0.965533 0.255994 -128.309889 2.278124 -2.093035 0.583422 4.006508 1.883879 0.158195 -4.042719 0.833368 0.157774 1.777684 0.849424 0.181026 7.169804 0.641406 4.401558 23.508961 -1.739302 8.360612 7.860529 -4.252979 -0.828438 10.358952 8.676125 -20.819215 -21.434035 70.028662 51.285874 45.283751 26.056124 1.779862 17.294534 -6.766916 -0.511628 7.149835 -7.727179 13.010311 -11.524465 -68.211604 -42.447331 65.628333 -32.044767 -5.524957 12.523804 11.117394 -7.132583 -10.130821 3.901922 0.866201 18.878865 0.769638 9.267886 -13.847979 10.696005 0.000000 0.000000 -0.000000 12.719349 -2.311100 3.006389 1.619574 1.405080 0.333905 1.174239 -0.772593 -4.636246 0.000000 -0.000000 0.000000
-2.691766 0.965240 0.259661 -127.067810 2.371367 -1.738953 0.362622 4.044354 1.811240 0.063724 -4.026877 0.802904 0.063515 1.793552 0.809374 0.107395 7.181606 0.611427 4.238727 23.458973 -1.757246 8.074745 7.757480 -4.247226 -0.896833 10.257102 8.580088 -21.145321 -21.314019 69.985828 51.403630 45.531006 26.291327 1.700529 17.311624 -6.445922 -0.660568 7.303128 -7.789830 12.648483 -11.686541 -68.138222 -42.227514 65.190516 -31.835525 -5.642855 12.411767 11.309526 -5.144905 -9.075640 4.197947 1.191816 16.254885 0.599010 9.604997 -13.851935 10.125764 0.000000 -0.000000 0.000000 12.825566 -2.661792 2.292761 0.752806 1.737477 0.486811 0.635506 -0.802274 -4.463101 -0.000000 -0.000000 -0.000000
-2.693620 0.964534 0.263501 -125.758162 2.543515 -1.166114 0.169865 4.013881 1.673923 -0.014502 -4.041337 0.743517 -0.014521 1.779075 0.742044 0.043957 7.170686 0.560764 4.006361 23.445150 -1.790256 7.666184 7.717979 -4.248443 -0.999217 10.100352 8.444881 -21.631357 -21.055817 69.961681 51.499310 45.725350 26.548266 1.561479 17.247818 -6.234026 -0.867782 7.532063 -7.872948 12.231425 -11.909674 -67.923885 -42.750914 64.863784 -32.314202 -5.915009 12.381972 11.285180 -4.517735 -7.796833 4.228974 1.785073 13.218735 0.485049 10.175733 -11.207795 6.479264 -0.005839 0.055016 0.015675 12.975152 -3.022099 1.313449 -0.031847 2.083799 0.677954 -0.124072 -0.907151 -4.319561 0.000000 0.000000 -0.000000
-2.695628 0.963599 0.267410 -124.382342 2.749243 -0.469597 -0.000207 3.949011 1.518679 -0.081618 -4.070882 0.675942 -0.081489 1.749514 0.667650 -0.011711 7.148490 0.504716 3.725725 23.449654 -1.846855 7.176102 7.711943 -4.278604 -1.102502 9.918891 8.295495 -22.227926 -20.731158 69.908664 51.546885 45.870813 26.798587 1.394873 17.144933 -6.091950 -1.087109 7.810556 -7.970769 11.738165 -12.180279 -67.637642 -43.752970 64.614619 -33.228295 -6.288762 12.393345 11.139688 -4.738430 -6.428179 4.040412 2.418146 9.969163 0.389726 10.553237 -6.971379 1.416275 -0.006240 0.109686 0.033258 13.143250 -3.400667 0.184065 -0.837063 2.505017 0.884465 -0.936227 -1.105101 -4.201890 -0.000000 -0.000000 -0.000000
-2.697610 0.962875 0.271207 -123.056945 2.911794 0.125659 -0.111872 3.900277 1.464221 -0.128289 -4.092867 0.652685 -0.128086 1.727550 0.639654 -0.048711 7.132009 0.483676 3.446296 23.466384 -1.960176 6.701820 7.733072 -4.410123 -1.103753 9.794081 8.225529 -22.832452 -20.532285 69.632358 51.464557 45.918872 27.023856 1.264161 17.063628 -6.060770 -1.163181 8.101786 -8.080033 11.168042 -12.509300 -67.439449 -44.918995 64.517085 -34.277267 -6.674712 12.400929 10.967488 -5.085632 -5.351130 3.678823 2.773342 7.389607 0.322314 10.492536 -3.559238 -2.250852 0.000000 0.000000 -0.000000 13.081006 -3.895402 -0.803743 -1.659169 3.274199 1.009366 -1.342270 -1.565754 -4.134826 0.000000 -0.000000 -0.000000
-2.699461 0.962521 0.274791 -121.797049 3.000526 0.536254 -0.137545 3.889618 1.570254 -0.145397 -4.097614 0.700112 -0.145182 1.722826 0.685347 -0.058155 7.128423 0.518247 3.170380 23.509178 -2.174021 6.257949 7.809226 -4.721719 -0.920090 9.791712 8.316299 -23.514629 -20.583404 69.021079 51.313009 45.831432 27.302197 1.199592 17.035676 -6.199568 -0.994094 8.433478 -8.233031 10.379591 -12.986070 -67.323026 -46.294439 64.630288 -35.530478 -7.096200 12.389761 10.738878 -5.292549 -4.763851 3.045497 2.565368 5.940488 0.379422 10.060976 -2.151208 -3.365970 0.002414 -0.433727 -0.136605 12.618597 -4.561000 -1.584700 -2.810407 4.536976 1.042148 -1.176820 -2.498308 -4.190903 -0.000000 -0.000000 0.000000
-2.701287 0.962378 0.278262 -120.589834 3.056444 0.841988 -0.104875 3.889186 1.777912 -0.141969 -4.097643 0.792265 -0.141762 1.722785 0.777845 -0.048744 7.128298 0.588127 2.894809 23.567004 -2.443769 5.828605 7.916817 -5.133345 -0.634120 9.841169 8.490036 -24.212139 -20.753728 68.190904 51.040350 45.644257 27.564105 1.165621 17.030263 -6.452215 -0.684406 8.784495 -8.393124 9.516791 -13.522182 -67.299789 -47.886937 64.881475 -36.969193 -7.529697 12.372525 10.484844 -5.610552 -4.457593 2.215770 2.050299 5.153369 0.573710 9.446147 -1.730511 -3.274154 0.004079 -1.031874 -0.322431 11.927585 -5.372338 -2.221476 -3.977078 6.150166 0.955798 -0.610187 -3.700327 -4.303558 -0.000000 -0.000000 -0.000000
-2.703224 0.962400 0.281742 -119.511946 3.119947 1.060706 -0.061469 3.873906 2.028645 -0.136003 -4.104164 0.903513 -0.135808 1.716252 0.889698 -0.035992 7.123281 0.672618 2.661479 23.594542 -2.671348 5.466440 7.968092 -5.481667 -0.391800 9.821899 8.599273 -24.623943 -20.850389 67.284941 50.398778 45.416040 27.577131 1.128730 17.013623 -6.686870 -0.385860 9.038452 -8.460540 9.009282 -13.856138 -67.558017 -49.321567 65.167096 -38.159094 -7.815418 12.351534 10.388908 -6.080630 -4.201890 1.508848 1.715367 4.514098 0.771808 8.937679 -1.481460 -3.013562 0.005926 -1.474702 -0.460441 11.266685 -6.325378 -2.614552 -4.219907 7.944588 0.688086 0.313561 -4.724464 -4.325629 0.000000 0.000000 -0.000000
-2.705299 0.962566 0.285282 -118.601147 3.213529 1.148098 -0.010170 3.835574 2.346592 -0.130030 -4.120732 1.044658 -0.129872 1.699702 1.031452 -0.021040 7.110725 0.779691 2.474385 23.563868 -2.831514 5.172878 7.909157 -5.723303 -0.249084 9.649590 8.556434 -24.541703 -20.748373 66.228643 49.236020 45.059015 27.246706 1.083089 16.959940 -6.886102 -0.141120 9.124882 -8.366832 9.124966 -13.839991 -68.352948 -50.338120 65.529334 -38.755028 -7.832971 12.338006 10.573214 -6.767924 -3.937471 1.080347 1.808640 3.874414 0.951979 8.616103 -1.202180 -2.885131 0.004797 -1.586326 -0.505595 10.602048 -7.488972 -2.683557 -3.133509 9.918707 0.283368 1.783995 -5.449921 -4.285158 0.000000 0.000000 0.000000
-2.707487 0.962898 0.288829 -117.819933 3.321142 1.148816 0.051967 3.781489 2.706835 -0.121338 -4.144099 1.204579 -0.121215 1.676340 1.192256 -0.002613 7.093010 0.901135 2.330685 23.500411 -2.951745 4.948336 7.789282 -5.905745 -0.148198 9.414297 8.444019 -24.175813 -20.554272 65.096071 47.728295 44.639017 26.705474 1.037168 16.893466 -7.066116 0.095928 9.105701 -8.190234 9.588440 -13.586167 -69.415556 -51.199549 65.937081 -39.101599 -7.708285 12.322566 10.916844 -7.601368 -3.734167 0.770479 2.086259 3.376513 1.132806 8.397828 -1.098326 -2.583180 0.005742 -1.541678 -0.506155 9.950359 -8.796979 -2.501843 -1.122718 12.095962 -0.145505 3.619139 -6.019297 -4.221412 0.000000 -0.000000 -0.000000
-2.709843 0.963411 0.292351 -117.131351 3.421367 1.214875 0.085824 3.715481 2.976830 -0.120231 -4.172939 1.324595 -0.120098 1.647481 1.312381 0.007187 7.071178 0.991847 2.262430 23.436727 -3.013705 4.844579 7.671028 -6.002878 -0.067230 9.258060 8.369776 -23.841511 -20.444531 64.241818 46.088076 44.448942 26.028555 0.981684 16.854878 -7.144429 0.308402 9.059098 -8.054465 10.017540 -13.252172 -70.152097 -52.270249 66.190326 -39.762512 -7.647111 12.280900 11.234324 -8.424547 -3.563496 0.432032 2.297459 2.935174 1.227015 8.326256 -0.973967 -2.233652 0.006954 -1.543800 -0.516158 9.652762 -10.041119 -2.216334 1.538914 14.351704 -0.484618 5.222735 -6.387973 -3.992885 -0.000000 -0.000000 0.000000
-2.712440 0.964191 0.295830 -116.564629 3.494236 1.434686 0.083657 3.644350 3.083510 -0.126385 -4.204443 1.372227 -0.126221 1.615966 1.359389 0.006153 7.047448 1.027331 2.298641 23.392321 -2.988382 4.905489 7.590055 -5.968857 0.012859 9.267637 8.395801 -23.567586 -20.549366 63.801841 44.231148 44.646729 25.106237 0.933700 16.872688 -7.006685 0.509559 8.985759 -8.012772 10.272859 -12.877764 -70.275347 -53.646782 66.082100 -40.929206 -7.714211 12.181954 11.546771 -9.283964 -3.410328 0.001831 2.425671 2.513611 1.165575 8.489235 -0.736023 -1.860481 0.008081 -1.682059 -0.550511 9.810995 -11.166056 -1.835674 5.404403 16.783557 -0.649540 6.406089 -6.532886 -3.398795 0.000000 0.000000 -0.000000
-2.715206 0.965153 0.299282 -116.090274 3.557392 1.718920 0.053210 3.566316 3.100322 -0.140326 -4.239296 1.380083 -0.140130 1.581117 1.365832 -0.003730 7.021275 1.032184 2.409788 23.346799 -2.904444 5.086091 7.507416 -5.848549 0.070740 9.352521 8.465161 -23.312791 -20.763108 63.628764 42.179198 45.060814 23.980768 0.876640 16.923573 -6.768415 0.686086 8.886933 -8.012102 10.498331 -12.458323 -70.075551 -55.165500 65.815521 -42.350689 -7.842846 12.059323 11.831000 -10.133919 -3.297060 -0.457491 2.490233 2.149854 1.022864 8.801706 -0.480384 -1.438924 0.009683 -1.867098 -0.594269 10.327221 -12.232230 -1.367710 9.971637 19.341051 -0.503344 7.378731 -6.560812 -2.589924 0.000000 -0.000000 -0.000000
-2.717987 0.966057 0.302724 -115.582844 3.643758 1.953347 -0.021578 3.473280 3.114531 -0.173754 -4.281130 1.387112 -0.173474 1.539277 1.369463 -0.028379 6.989818 1.034943 2.539651 23.273900 -2.829828 5.304232 7.375813 -5.751310 0.065553 9.387067 8.508058 -23.283104 -20.927756 63.650248 40.290592 45.518859 22.927849 0.747956 16.965137 -6.692317 0.780088 8.843640 -8.012745 10.745970 -12.112770 -69.842060 -56.852760 65.803478 -43.977433 -8.030270 11.987095 11.833368 -10.680964 -3.243766 -0.902778 2.292732 1.875901 0.927276 9.048349 -0.292341 -1.022975 0.011656 -2.033905 -0.656647 11.258062 -13.207645 -0.976933 13.339502 21.616420 -0.103273 8.125490 -6.541168 -1.919000 0.000000 -0.000000 -0.000000
-2.720729 0.966867 0.306093 -114.976719 3.776611 2.082016 -0.162380 3.351777 3.156901 -0.237822 -4.336053 1.407164 -0.237362 1.484325 1.383005 -0.075158 6.948433 1.045234 2.678781 23.153958 -2.783749 5.548943 7.159926 -5.710508 -0.055126 9.305446 8.484393 -23.633355 -20.997470 63.943260 38.694298 46.110211 22.034937 0.493328 16.973316 -6.891882 0.732928 8.909053 -7.998683 11.103052 -11.887029 -69.662165 -59.097609 66.262722 -46.142507 -8.335154 12.014679 11.427672 -10.697858 -3.272164 -1.316921 1.635115 1.744925 0.943102 9.142271 -0.214429 -0.628142 0.014328 -2.165600 -0.758010 12.780070 -14.086674 -0.776946 14.469304 23.486744 0.340582 8.595436 -6.414804 -1.476002 0.000000 0.000000 -0.000000
-2.723486 0.967619 0.309452 -114.337525 3.934144 2.162125 -0.347744 3.215106 3.196755 -0.321465 -4.398035 1.426365 -0.320759 1.422303 1.393714 -0.136759 6.901708 1.053407 2.836465 23.007036 -2.747444 5.830965 6.895966 -5.693854 -0.238387 9.173684 8.433137 -24.211920 -21.017594 64.433788 37.251507 46.768164 21.182393 0.168446 16.960458 -7.254624 0.602832 9.029081 -7.984993 11.484033 -11.733804 -69.454584 -61.687855 66.949954 -48.675487 -8.705299 12.093180 10.744632 -10.410100 -3.347402 -1.720337 0.716432 1.710375 1.005755 9.168162 -0.202394 -0.239249 0.017466 -2.279017 -0.878067 14.726220 -14.872588 -0.678723 14.317296 25.030574 0.738354 8.822255 -6.155933 -1.126955 -0.000000 0.000000 -0.000000
-2.726273 0.968174 0.313002 -113.736623 4.081636 2.249047 -0.529120 3.094204 3.229076 -0.403027 -4.453006 1.442078 -0.402071 1.367284 1.401150 -0.197057 6.860245 1.059099 2.985042 22.867365 -2.732072 6.101709 6.646353 -5.712594 -0.367240 9.064765 8.401822 -24.765186 -20.968815 64.827408 35.975885 47.102769 20.403098 -0.124797 16.935170 -7.703023 0.507091 9.123483 -7.977760 11.679043 -11.624920 -69.255913 -63.703508 67.625239 -50.728171 -8.965504 12.149614 9.912751 -10.203448 -3.401063 -2.122992 -0.067733 1.653663 1.049087 9.166245 -0.209135 0.135470 0.019876 -2.359788 -0.964999 16.634146 -15.551312 -0.529259 13.921433 26.128137 1.022830 8.898434 -5.805756 -0.896629 -0.000000 -0.000000 0.000000
-2.729049 0.968471 0.316810 -113.192318 4.202612 2.364138 -0.692782 3.005734 3.253415 -0.476498 -4.493469 1.454018 -0.475309 1.326764 1.405630 -0.251551 6.829677 1.062556 3.107273 22.743432 -2.748216 6.332791 6.426576 -5.780805 -0.374175 9.011059 8.412003 -25.234993 -20.834608 65.021701 34.933519 46.902039 19.749271 -0.369398 16.904714 -8.285959 0.501813 9.148939 -7.980647 11.515975 -11.538973 -69.074352 -64.570728 68.273071 -51.779856 -9.023239 12.160043 8.899846 -10.172912 -3.406408 -2.527569 -0.626522 1.528408 1.045955 9.149140 -0.219659 0.495412 0.020997 -2.399624 -1.002556 18.443502 -16.091247 -0.275663 13.332133 26.718743 1.055584 8.760387 -5.383023 -0.871940 -0.000000 -0.000000 0.000000
-2.731854 0.968572 0.320810 -112.686343 4.313386 2.485272 -0.852427 2.933127 3.270641 -0.547910 -4.526870 1.462704 -0.546487 1.293297 1.407066 -0.304743 6.804409 1.063715 3.220714 22.627131 -2.784960 6.553469 6.222250 -5.883790 -0.327010 8.980374 8.442343 -25.678024 -20.634891 65.119495 34.111765 46.386559 19.236562 -0.573931 16.862189 -8.953036 0.531048 9.149058 -7.990008 11.166887 -11.496005 -68.903210 -64.737881 68.952345 -52.235175 -8.974575 12.159195 7.731532 -10.223930 -3.393604 -2.929066 -1.051517 1.377794 1.022979 9.103270 -0.248290 0.841269 0.021152 -2.406857 -1.006938 20.208164 -16.532317 0.050946 12.477979 26.872357 0.900955 8.465376 -4.851915 -0.963923 -0.000000 -0.000000 0.000000
-2.734817 0.968522 0.325006 -112.235110 4.427893 2.601912 -1.000490 2.857391 3.277583 -0.613609 -4.561577 1.466690 -0.611959 1.258524 1.404383 -0.353962 6.778186 1.061743 3.350034 22.527824 -2.821001 6.801796 6.050967 -5.989060 -0.312055 8.948904 8.475931 -26.011511 -20.411664 65.135859 33.415477 45.813211 18.863374 -0.682788 16.804066 -9.476584 0.544018 9.173924 -8.000273 10.937251 -11.530515 -68.754477 -64.702490 69.565781 -52.520395 -8.910183 12.158521 6.621959 -10.458357 -3.385494 -3.321769 -1.221930 1.212594 0.994357 9.029887 -0.292051 1.166693 0.020356 -2.392094 -0.974960 21.631110 -16.975205 0.492255 12.243501 26.686462 0.869876 8.288858 -4.188061 -0.926628 -0.000000 0.000000 0.000000
-2.737998 0.968323 0.329384 -111.858081 4.552270 2.722986 -1.130587 2.771519 3.265275 -0.670253 -4.600639 1.461931 -0.668390 1.219399 1.393876 -0.396979 6.748739 1.053827 3.502479 22.451470 -2.849259 7.088582 5.923704 -6.085342 -0.371416 8.922296 8.510636 -26.159182 -20.170921 65.040414 32.833069 45.176883 18.654675 -0.648883 16.721568 -9.762485 0.510071 9.250486 -8.017138 10.984691 -11.695258 -68.629339 -64.685163 70.099680 -52.853319 -8.830298 12.156984 5.528805 -11.024900 -3.390898 -3.706588 -0.971445 1.009438 0.963591 8.925556 -0.338057 1.468178 0.018598 -2.357979 -0.903611 22.594230 -17.459813 1.077298 13.153327 26.164249 1.131016 8.349258 -3.320621 -0.568264 -0.000000 0.000000 0.000000
-2.741336 0.967972 0.333959 -111.535783 4.680803 2.839319 -1.249107 2.682747 3.242738 -0.721206 -4.640892 1.452487 -0.719137 1.179083 1.379259 -0.436041 6.718423 1.042786 3.670773 22.391913 -2.876392 7.402915 5.829166 -6.183015 -0.463039 8.894921 8.548656 -26.198722 -19.906809 64.864155 32.368489 44.489529 18.581491 -0.526794 16.632010 -9.902890 0.459797 9.351702 -8.034928 11.151459 -11.937969 -68.527202 -64.443302 70.570618 -52.991748 -8.722134 12.155315 4.497285 -11.774761 -3.407719 -4.080674 -0.466896 0.786350 0.924513 8.793153 -0.398455 1.749266 0.015991 -2.301759 -0.795966 23.209512 -17.947357 1.790069 14.681762 25.322853 1.495371 8.522416 -2.346417 -0.037747 -0.000000 0.000000 0.000000
-2.744789 0.967510 0.338778 -111.226337 4.810013 2.913441 -1.367696 2.593494 3.233648 -0.772877 -4.681373 1.448988 -0.770594 1.138533 1.370514 -0.475199 6.687917 1.036173 3.857705 22.340225 -2.901744 7.750023 5.751188 -6.282127 -0.546965 8.826002 8.579562 -26.277204 -19.643541 64.712881 31.932213 44.030919 18.537054 -0.421854 16.571146 -9.952201 0.434298 9.446548 -8.030717 11.269971 -12.136040 -68.455699 -63.805240 70.922219 -52.695006 -8.650888 12.152299 3.876012 -12.363120 -3.438547 -4.434113 -0.086577 0.618521 0.878316 8.643197 -0.508100 2.014315 0.012783 -2.225980 -0.657956 23.525645 -18.419006 2.601264 16.145190 24.289455 1.761553 8.720097 -1.477256 0.385918 -0.000000 -0.000000 0.000000
-2.748311 0.966935 0.343807 -110.920795 4.949976 2.917446 -1.492273 2.498332 3.254307 -0.828677 -4.724577 1.458726 -0.826156 1.095250 1.374589 -0.516472 6.655319 1.039235 4.067899 22.300934 -2.930969 8.139374 5.699098 -6.393696 -0.603118 8.688490 8.601794 -26.457078 -19.386580 64.619373 31.490216 43.945689 18.487505 -0.369950 16.562929 -9.921080 0.464847 9.526803 -7.984540 11.268606 -12.226801 -68.434996 -62.549386 71.117754 -51.726812 -8.653731 12.137433 3.869356 -12.677552 -3.489796 -4.748591 0.033827 0.534217 0.834640 8.499835 -0.679676 2.258814 0.009149 -2.128965 -0.492379 23.507985 -18.890733 3.546284 17.471507 23.081308 1.861381 8.980295 -1.008515 0.538845 0.000000 0.000000 0.000000
-2.751947 0.966248 0.349080 -110.628458 5.091468 2.879210 -1.617108 2.402846 3.288489 -0.885257 -4.767970 1.474443 -0.882487 1.051772 1.384563 -0.557878 6.622556 1.046741 4.296783 22.269433 -2.958200 8.561540 5.663522 -6.506204 -0.651585 8.509463 8.617056 -26.674826 -19.130910 64.549044 31.065363 44.089836 18.449488 -0.338971 16.583730 -9.801702 0.520286 9.600638 -7.916213 11.219095 -12.272705 -68.444007 -60.883689 71.179338 -50.312734 -8.695857 12.107386 4.272021 -12.829966 -3.550460 -5.044458 0.031115 0.508257 0.785567 8.337491 -0.900403 2.487598 0.005206 -2.012440 -0.296426 23.186409 -19.337050 4.600651 18.750793 21.690290 1.867232 9.271088 -0.617796 0.556471 -0.000000 -0.000000 0.000000
-2.755786 0.965486 0.354751 -110.334780 5.201876 2.844840 -1.736342 2.325917 3.310950 -0.938875 -4.803062 1.484901 -0.935870 1.016593 1.389579 -0.597461 6.596036 1.050514 4.533187 22.222972 -2.965886 8.993237 5.599799 -6.586776 -0.712636 8.329268 8.619778 -26.887454 -18.884885 64.506292 30.655026 44.307830 18.391712 -0.331066 16.595932 -9.621843 0.548102 9.661689 -7.862434 11.168747 -12.338530 -68.427124 -59.286997 71.144361 -48.912273 -8.735906 12.068361 4.817936 -12.811888 -3.592551 -5.371648 -0.063638 0.538969 0.707839 8.091634 -1.166252 2.719470 0.001112 -1.884079 -0.067601 22.710827 -19.679521 5.639793 19.553451 20.190378 1.811658 9.396880 0.429183 0.595157 -0.000000 0.000000 0.000000
-2.759815 0.964679 0.360921 -110.005409 5.267852 2.850300 -1.860667 2.279468 3.302990 -0.993444 -4.824570 1.481857 -0.990217 0.994992 1.380995 -0.638815 6.579736 1.044057 4.780158 22.143578 -2.943581 9.438395 5.473804 -6.618986 -0.811532 8.144134 8.602416 -27.078818 -18.652341 64.506264 30.265558 44.619360 18.310638 -0.358067 16.590076 -9.361323 0.508706 9.706238 -7.840519 11.136131 -12.449661 -68.352156 -57.861189 70.999674 -47.618907 -8.752299 12.009009 5.509001 -12.583169 -3.607396 -5.762543 -0.266169 0.635243 0.581270 7.699270 -1.490481 2.953833 -0.003178 -1.740588 0.208528 22.147883 -19.893388 6.559426 19.719595 18.504016 1.747099 9.224067 2.762125 0.632566 -0.000000 0.000000 0.000000
-2.764046 0.963796 0.367490 -109.674643 5.302502 2.859110 -1.979336 2.251640 3.283239 -1.045041 -4.837721 1.473556 -1.041613 0.981747 1.367456 -0.678344 6.569729 1.033877 5.034156 22.048604 -2.902452 9.892367 5.318138 -6.620779 -0.923102 7.957942 8.572607 -27.264507 -18.428532 64.534014 29.889147 45.004226 18.207420 -0.407070 16.577271 -9.039777 0.441684 9.738167 -7.833279 11.102306 -12.580560 -68.251110 -56.543185 70.762392 -46.377923 -8.770758 11.941072 6.342668 -12.183794 -3.599492 -6.185241 -0.559769 0.791312 0.427146 7.221269 -1.856456 3.192930 -0.007209 -1.585187 0.517486 21.435386 -19.998421 7.462494 19.426376 16.684058 1.660882 8.863833 5.749644 0.618516 0.000000 0.000000 0.000000
-2.768605 0.962787 0.374306 -109.430801 5.313061 2.808500 -2.054278 2.225523 3.282273 -1.078142 -4.849853 1.473415 -1.074578 0.969554 1.363957 -0.703303 6.560521 1.031249 5.274278 21.968354 -2.857076 10.319206 5.188223 -6.610288 -0.991964 7.822453 8.547037 -27.449412 -18.208785 64.550058 29.506932 45.246225 18.066730 -0.444115 16.549056 -8.744595 0.413267 9.762447 -7.825753 11.058306 -12.719638 -68.164897 -55.531499 70.531706 -45.392743 -8.811552 11.909687 7.048711 -11.725445 -3.563319 -6.592352 -0.864780 0.982031 0.283909 6.779674 -2.216142 3.459380 -0.010252 -1.435312 0.818413 20.533888 -19.982039 8.530498 18.751990 14.988296 1.499542 8.481149 8.229315 0.686723 -0.000000 0.000000 0.000000
-2.773479 0.961638 0.381251 -109.289398 5.302546 2.664639 -2.070524 2.197773 3.317799 -1.086944 -4.862415 1.489254 -1.083328 0.956977 1.378905 -0.708717 6.551023 1.042508 5.489974 21.907804 -2.814681 10.701583 5.093089 -6.597220 -0.983042 7.764516 8.531577 -27.658894 -17.986098 64.553096 29.097695 45.206631 17.864048 -0.454015 16.484777 -8.485905 0.455344 9.780342 -7.810509 10.978063 -12.880352 -68.111024 -54.925740 70.358168 -44.751160 -8.887357 11.958028 7.502317 -11.162483 -3.487678 -6.952928 -1.225040 1.207297 0.163711 6.388607 -2.564343 3.750811 -0.012034 -1.289787 1.100984 19.369544 -19.837697 9.869903 17.711862 13.461098 1.234632 8.152546 9.609720 0.930266 -0.000000 0.000000 -0.000000
-2.778681 0.960363 0.388442 -109.234824 5.268184 2.461135 -2.043182 2.171444 3.372087 -1.077299 -4.874096 1.513255 -1.073696 0.945315 1.403885 -0.699596 6.542220 1.061313 5.692044 21.861952 -2.767402 11.057083 5.023550 -6.570554 -0.931254 7.757107 8.520230 -27.867658 -17.767316 64.545420 28.689058 45.022952 17.633560 -0.453656 16.403803 -8.253795 0.535998 9.790314 -7.794818 10.887494 -13.049214 -68.072476 -54.600986 70.199322 -44.339629 -8.980069 12.045090 7.829115 -10.540096 -3.386930 -7.295788 -1.595596 1.467792 0.054332 6.034046 -2.907228 4.069448 -0.012704 -1.149858 1.375562 18.029211 -19.542893 11.363858 16.304959 12.027195 0.939124 7.801936 10.495473 1.255890 0.000000 0.000000 -0.000000
-2.784375 0.958946 0.396078 -109.308670 5.208373 2.236556 -1.979354 2.139230 3.422578 -1.051184 -4.888110 1.535373 -1.047648 0.931348 1.428652 -0.678176 6.531726 1.079925 5.892075 21.846324 -2.706257 11.402788 5.008152 -6.515499 -0.886167 7.771127 8.511588 -28.005095 -17.569158 64.493181 28.333615 44.894354 17.446509 -0.457192 16.355818 -8.106185 0.625750 9.793070 -7.785763 10.855857 -13.174539 -68.038384 -54.400553 70.016356 -44.041060 -9.060125 12.090224 8.135524 -10.105932 -3.297535 -7.664691 -1.763716 1.735149 -0.043370 5.797205 -3.216929 4.443061 -0.012616 -1.036641 1.632360 16.717336 -19.064154 12.855461 14.574326 10.768320 0.694905 7.371592 11.519327 1.547074 -0.000000 0.000000 -0.000000
-2.790658 0.957395 0.404169 -109.539218 5.112418 2.000663 -1.870384 2.100926 3.461363 -1.004352 -4.904444 1.552061 -1.000953 0.915098 1.450094 -0.641518 6.519580 1.095991 6.094166 21.873008 -2.619645 11.742064 5.068325 -6.410972 -0.860670 7.811403 8.508142 -28.026146 -17.397168 64.368679 28.040711 44.891154 17.333388 -0.469390 16.366051 -8.090558 0.720899 9.788956 -7.784803 10.906093 -13.246546 -68.003777 -54.256833 69.773475 -43.796304 -9.110361 12.045829 8.456110 -10.000727 -3.236395 -8.077665 -1.608981 2.011775 -0.117543 5.734252 -3.496927 4.885151 -0.012018 -0.956209 1.854942 15.457629 -18.361992 14.343220 12.392618 9.708180 0.500283 6.792075 12.989944 1.724497 0.000000 -0.000000 -0.000000
-2.797434 0.955703 0.412704 -109.897687 4.989221 1.744536 -1.725035 2.056479 3.496891 -0.941125 -4.923201 1.567146 -0.937920 0.896451 1.471600 -0.592598 6.505681 1.112078 6.294609 21.929746 -2.518167 12.072191 5.182238 -6.276123 -0.841747 7.873121 8.507429 -27.976168 -17.245870 64.200599 27.798614 44.944452 17.260526 -0.484548 16.407733 -8.159760 0.825205 9.777581 -7.790171 11.015382 -13.275622 -67.972872 -54.233127 69.506773 -43.660689 -9.147922 11.960454 8.757096 -10.082629 -3.191533 -8.519306 -1.250762 2.287233 -0.180920 5.790181 -3.748224 5.380207 -0.011158 -0.902544 2.059783 14.247661 -17.468196 15.804549 9.871826 8.806980 0.367964 6.096583 14.586434 1.781639 -0.000000 -0.000000 0.000000
-2.804578 0.953841 0.421849 -110.340290 4.866490 1.478604 -1.576530 1.999149 3.531084 -0.876327 -4.947638 1.581623 -0.873318 0.872118 1.492654 -0.542522 6.487525 1.127808 6.493298 21.995729 -2.426121 12.401075 5.314035 -6.156531 -0.840304 7.912855 8.500188 -27.920087 -17.116097 64.038800 27.623870 45.045407 17.196875 -0.499812 16.452920 -8.229598 0.920402 9.758724 -7.804229 11.184584 -13.240573 -67.947920 -54.371236 69.284305 -43.690762 -9.194977 11.897927 9.042418 -10.175669 -3.155087 -8.984179 -0.837286 2.513100 -0.269630 5.880356 -3.939028 5.912357 -0.010558 -0.878560 2.286444 13.241130 -16.483238 17.062063 7.398692 8.083901 0.370068 5.392321 15.988395 1.733597 0.000000 -0.000000 -0.000000
-2.812069 0.951801 0.431518 -110.875851 4.740862 1.191086 -1.433081 1.928123 3.565100 -0.813653 -4.978181 1.596052 -0.810829 0.841666 1.513443 -0.494035 6.464779 1.143326 6.697489 22.071474 -2.346720 12.742505 5.465921 -6.059793 -0.855415 7.918300 8.482610 -27.863603 -17.009811 63.913502 27.500223 45.245080 17.112303 -0.509954 16.497790 -8.246537 1.012119 9.732101 -7.823496 11.436892 -13.118849 -67.920158 -54.775803 69.131931 -43.980458 -9.269540 11.887087 9.358304 -10.243199 -3.109234 -9.442725 -0.373383 2.668629 -0.407546 5.978069 -4.065127 6.473962 -0.010870 -0.892858 2.547905 12.510921 -15.427977 18.090203 4.898730 7.590702 0.519709 4.761115 17.312736 2.074136 0.024256 0.178814 0.518166
-2.819929 0.949591 0.441796 -111.495405 4.614086 0.894350 -1.286655 1.844288 3.598313 -0.749508 -5.014368 1.610147 -0.746872 0.805569 1.534052 -0.444445 6.437807 1.158697 6.900109 22.156721 -2.276575 13.082849 5.636480 -5.978013 -0.888034 7.901743 8.458296 -27.800622 -16.925552 63.794155 27.445301 45.492280 17.037486 -0.519758 16.546469 -8.263945 1.094887 9.697922 -7.851216 11.749584 -12.933716 -67.896609 -55.336589 69.021927 -44.430692 -9.352141 11.899913 9.658519 -10.321667 -3.074247 -9.924645 0.143988 2.771586 -0.570959 6.113039 -4.132006 7.072328 -0.011821 -0.936716 2.831213 11.977251 -14.304015 18.920197 2.429376 7.317622 0.770097 4.152434 18.470685 2.367062 0.051690 0.392867 1.022658
-2.828093 0.947205 0.453107 -112.129227 4.523102 0.633797 -1.146056 1.743782 3.629584 -0.687722 -5.057982 1.623440 -0.685266 0.762035 1.553620 -0.396677 6.405260 1.173274 7.079334 22.229813 -2.230601 13.388400 5.785151 -5.934533 -0.952009 7.856681 8.429002 -27.777826 -16.859843 63.638066 27.526267 45.624113 17.032974 -0.540894 16.583368 -8.357660 1.133886 9.656877 -7.900389 12.054830 -12.732002 -67.904323 -55.776899 68.943943 -44.811392 -9.408387 11.913071 9.808081 -10.345213 -3.098017 -10.511054 0.577818 2.836172 -0.724196 6.286637 -4.120843 7.714658 -0.012094 -0.986930 3.137025 11.546783 -13.197457 19.476263 0.571699 7.212267 1.074141 3.513971 18.718849 1.381757 0.000000 0.000000 -0.000000
-2.836684 0.944530 0.465599 -112.793528 4.485695 0.404011 -1.004684 1.612828 3.668198 -0.625699 -5.115115 1.640037 -0.623418 0.704973 1.576514 -0.348443 6.362562 1.190331 7.230262 22.291492 -2.218418 13.652747 5.914076 -5.945252 -1.062549 7.778054 8.377166 -27.813831 -16.800141 63.420960 27.785758 45.594947 17.136034 -0.583755 16.603200 -8.562876 1.104730 9.621910 -7.986918 12.361617 -12.508777 -67.953437 -56.053827 68.908192 -45.098392 -9.425577 11.911912 9.770141 -10.269571 -3.185749 -11.226203 0.884767 2.852379 -0.849187 6.528546 -4.070023 8.440796 -0.008796 -0.983818 3.435575 11.085242 -12.044181 19.765649 -0.422774 7.271083 1.462352 2.885552 17.488292 -1.848482 -0.171805 -1.817280 -4.263450
-2.845580 0.941680 0.479125 -113.472876 4.484963 0.208958 -0.869105 1.465552 3.705225 -0.566026 -5.179523 1.656023 -0.563916 0.640627 1.598557 -0.302008 6.314400 1.206738 7.357844 22.341276 -2.230803 13.882293 6.021843 -5.995099 -1.204107 7.670555 8.320447 -27.888262 -16.761387 63.165418 28.177778 45.446907 17.309691 -0.635104 16.612035 -8.844024 1.032361 9.579633 -8.095671 12.661396 -12.268765 -68.034874 -56.214698 68.905817 -45.319758 -9.416362 11.908074 9.581753 -10.138341 -3.334815 -12.043822 1.106965 2.832870 -0.963614 6.814055 -3.944200 9.210561 -0.003888 -0.986940 3.756583 10.708030 -10.923972 19.787725 -0.806895 7.507172 1.856919 2.421591 15.180156 -6.133866 -0.189433 -4.486095 -9.951272
-2.854352 0.938992 0.493661 -114.050397 4.508671 0.107432 -0.767302 1.339862 3.711175 -0.520038 -5.234571 1.658340 -0.518062 0.585625 1.605545 -0.266964 6.273252 1.211832 7.454707 22.355797 -2.254867 14.062166 6.062717 -6.061823 -1.345197 7.543093 8.313672 -27.989510 -16.781159 62.899458 28.633071 45.149110 17.500144 -0.670830 16.611266 -9.170456 0.955624 9.491730 -8.192724 12.859961 -12.072409 -68.149045 -56.118920 68.900484 -45.323541 -9.384955 11.915928 9.218728 -10.016333 -3.579649 -12.968122 1.237256 2.829076 -1.085455 7.069682 -3.610864 9.910587 -0.004187 -1.151070 4.190253 10.682377 -10.142197 19.476726 -0.761801 7.869349 2.048550 2.124812 12.576471 -9.517713 -0.007373 -6.406698 -13.327070
-2.862973 0.936343 0.509378 -114.485884 4.571243 0.154673 -0.707530 1.227657 3.659644 -0.490096 -5.283947 1.635166 -0.488202 0.536276 1.585411 -0.245982 6.236366 1.196497 7.512760 22.329018 -2.293399 14.179217 6.025017 -6.149160 -1.485546 7.367616 8.394535 -28.133373 -16.863740 62.570289 29.153760 44.669835 17.740703 -0.687374 16.596645 -9.575274 0.899745 9.317723 -8.274573 12.932140 -11.923612 -68.274390 -55.812682 68.918635 -45.185818 -9.350444 11.938858 8.576805 -9.906419 -3.938884 -14.043034 1.316337 2.860376 -1.257372 7.263733 -3.132295 10.548216 -0.010197 -1.448159 4.762007 11.108305 -9.858022 18.778685 0.059511 8.346445 1.879422 1.773241 9.924754 -11.328641 0.145320 -6.664165 -12.292797
-2.871470 0.933855 0.526104 -114.819373 4.661375 0.294913 -0.680832 1.136648 3.576074 -0.473518 -5.324169 1.597786 -0.471656 0.496066 1.549712 -0.236187 6.206335 1.169455 7.539969 22.266992 -2.343964 14.246663 5.920428 -6.254083 -1.626562 7.173516 8.526241 -28.303167 -17.006666 62.232099 29.725332 44.038676 17.989433 -0.682667 16.574069 -10.023372 0.839302 9.098457 -8.343523 12.903469 -11.818431 -68.434611 -55.248888 68.932254 -44.829120 -9.295760 11.971209 7.759556 -9.799918 -4.390608 -15.224873 1.305254 2.911029 -1.437337 7.444518 -2.443346 11.113998 -0.025800 -1.903207 5.448768 11.879146 -9.903902 17.767291 1.307309 8.928413 1.522087 1.400134 7.151551 -12.410585 0.208985 -6.043527 -8.996987
-2.879493 0.932240 0.543299 -115.054434 4.728156 0.421259 -0.689694 1.128474 3.507678 -0.474127 -5.327854 1.567281 -0.472253 0.492382 1.519148 -0.238942 6.203641 1.146393 7.552704 22.164632 -2.385905 14.288793 5.738520 -6.344284 -1.738892 7.055986 8.651535 -28.442915 -17.231854 62.076712 30.264719 43.321771 18.085041 -0.640085 16.558424 -10.382178 0.736242 8.918280 -8.374137 12.755215 -11.806513 -68.697952 -54.156230 68.820218 -43.878541 -9.168412 12.016808 7.054981 -9.743547 -4.907293 -16.386223 1.078332 2.984158 -1.518075 7.672932 -1.217204 11.463993 -0.069520 -2.744827 6.274477 12.952020 -10.089667 16.577054 1.752937 9.568537 1.262180 1.264427 4.594677 -13.115490 0.198336 -5.319936 -6.113321
-2.886922 0.931853 0.561078 -115.128131 4.730866 0.512571 -0.761465 1.255842 3.472607 -0.505319 -5.271773 1.551844 -0.503360 0.548436 1.500551 -0.263802 6.245649 1.132523 7.555525 21.990150 -2.419419 14.316720 5.421013 -6.425104 -1.812612 7.061663 8.760776 -28.559874 -17.604808 62.200574 30.735328 42.452229 17.940917 -0.548503 16.555408 -10.650177 0.559035 8.814745 -8.351132 12.457272 -11.954753 -69.168163 -52.299259 68.580397 -42.069459 -8.924458 12.082759 6.521209 -9.775465 -5.445247 -17.546316 0.729361 3.052651 -1.464847 8.155941 0.803194 11.435525 -0.192928 -4.423143 7.371465 14.594426 -10.464830 15.112044 0.499539 10.389402 1.251716 1.584365 2.290426 -13.441444 0.154821 -4.644197 -4.649129
-2.893878 0.932338 0.579326 -115.103609 4.709380 0.590488 -0.869424 1.466235 3.451920 -0.553907 -5.179060 1.543010 -0.551834 0.641104 1.486783 -0.301399 6.315064 1.122395 7.544251 21.775432 -2.443602 14.320602 5.026337 -6.490391 -1.856091 7.143497 8.862733 -28.651882 -18.053182 62.511964 31.194153 41.502075 17.655591 -0.423094 16.557251 -10.827582 0.339400 8.751011 -8.288683 12.037247 -12.205720 -69.733768 -49.999699 68.182164 -39.748461 -8.605266 12.165979 6.101559 -9.852662 -6.045078 -18.687472 0.163359 3.157501 -1.318966 8.696726 3.353493 11.180494 -0.384985 -6.468559 8.646540 16.557952 -10.931308 13.450315 -1.540692 11.319970 1.325525 2.130395 0.164740 -13.367882 0.106228 -3.818912 -3.614636
-2.900371 0.933335 0.597151 -115.173769 4.733210 0.612566 -0.934936 1.663847 3.436957 -0.583785 -5.091709 1.536662 -0.581682 0.728424 1.477394 -0.324678 6.380504 1.115545 7.521594 21.611130 -2.436595 14.291720 4.719425 -6.490871 -1.867419 7.255395 8.927085 -28.649067 -18.390412 62.916598 31.703320 40.749134 17.346599 -0.298105 16.555613 -10.789188 0.133562 8.700027 -8.206783 11.562693 -12.417049 -70.142976 -47.873468 67.476060 -37.505867 -8.283832 12.255816 5.912654 -9.903926 -6.809410 -19.624131 -1.026808 3.419753 -1.101016 8.741519 5.988444 10.947962 -0.503689 -7.707512 9.797673 17.994254 -11.140207 12.016068 -2.900399 11.981661 1.283780 2.565317 -1.631062 -13.137732 0.065504 -3.000791 -2.711737
-2.906343 0.934845 0.614446 -115.421823 4.858814 0.564006 -0.933226 1.812231 3.426394 -0.583607 -5.025739 1.532036 -0.581571 0.794394 1.472785 -0.325084 6.429993 1.112225 7.486809 21.537251 -2.378143 14.219075 4.571127 -6.384767 -1.821999 7.405495 8.918312 -28.468501 -18.522064 63.449241 32.193414 40.200614 16.903695 -0.209718 16.515810 -10.520759 -0.040171 8.665711 -8.094921 10.961851 -12.506978 -70.320712 -45.943037 66.296104 -35.321786 -7.953809 12.366954 6.023623 -9.715334 -7.744897 -20.337986 -3.183910 3.805904 -0.859918 7.776980 8.897156 10.979539 -0.406237 -7.665764 11.061070 18.469566 -11.001428 11.018456 -2.910666 12.169682 0.992771 2.730155 -3.030177 -12.778697 0.032542 -2.178130 -1.835763
-2.911852 0.936867 0.631318 -115.764929 5.029142 0.458566 -0.888578 1.947920 3.421063 -0.564490 -4.965098 1.529552 -0.562587 0.855055 1.472243 -0.311019 6.475536 1.111937 7.440833 21.514415 -2.288845 14.113165 4.511393 -6.214054 -1.745683 7.584847 8.870591 -28.185921 -18.547534 64.066821 32.731536 39.856031 16.432494 -0.128469 16.468329 -10.041162 -0.199779 8.645039 -7.964332 10.306683 -12.549811 -70.343036 -44.337236 64.818789 -33.358770 -7.624029 12.485966 6.366721 -9.507555 -8.845180 -20.845550 -5.966706 4.381079 -0.613713 6.248674 11.898793 10.785042 -0.138678 -6.748264 12.066067 18.393875 -10.669474 10.264180 -2.266423 12.034988 0.582772 2.795297 -4.091945 -12.246307 0.010922 -1.362669 -1.091257
-2.917087 0.939043 0.647205 -116.146623 5.143537 0.297466 -0.795682 2.084520 3.415533 -0.523900 -4.903704 1.526723 -0.522202 0.916488 1.473532 -0.280771 6.521705 1.112996 7.387904 21.513972 -2.208940 13.995415 4.493535 -6.055877 -1.711717 7.722137 8.859724 -27.973273 -18.569167 64.559107 33.563972 39.977133 16.363838 0.013468 16.498628 -9.275224 -0.345046 8.599665 -7.868890 9.883334 -12.624538 -70.194625 -43.608112 63.457165 -32.265245 -7.390692 12.559291 6.850928 -9.870568 -10.199298 -20.991213 -8.753308 5.404303 -0.368395 4.999949 13.900243 9.644742 0.116525 -5.283544 11.604576 18.165632 -10.206356 9.594135 -1.557614 11.691547 0.267731 2.934881 -4.848127 -11.674049 0.002115 -0.749923 -0.489683
-2.922140 0.941267 0.661949 -116.568889 5.151200 0.083111 -0.644044 2.232850 3.402684 -0.456889 -4.836667 1.520288 -0.455481 0.983582 1.473895 -0.230858 6.572186 1.113320 7.324628 21.529478 -2.154456 13.864802 4.507828 -5.938968 -1.769528 7.762331 8.933762 -27.939992 -18.613290 64.809660 34.962122 40.785586 17.009031 0.266454 16.670599 -8.049026 -0.500420 8.503838 -7.848438 9.857816 -12.757019 -69.785423 -44.163891 62.373366 -32.469516 -7.341885 12.543757 7.466006 -11.212758 -12.001222 -20.639775 -11.677191 7.059943 -0.226338 4.571947 14.288053 7.077904 0.197337 -3.250377 8.390575 17.927988 -9.548350 8.938486 -1.009032 11.067674 0.140236 3.273780 -5.243701 -11.086209 0.000130 -0.441162 -0.059895
-2.926918 0.943645 0.675707 -117.029073 5.101412 -0.185440 -0.443736 2.381333 3.389982 -0.368224 -4.769210 1.513581 -0.367163 1.051103 1.476189 -0.164608 6.623035 1.115052 7.254039 21.567258 -2.109748 13.721836 4.564012 -5.835164 -1.868741 7.761581 9.046492 -27.981926 -18.650365 64.938946 36.715967 42.027570 18.123165 0.628937 16.899472 -6.526921 -0.642973 8.382579 -7.863578 10.065362 -12.919783 -69.212284 -45.319914 61.413360 -33.281748 -7.393160 12.487854 8.219086 -13.185824 -14.017791 -19.836977 -14.645733 9.119563 -0.279027 4.515993 13.397018 3.910512 0.115644 -1.192370 3.600769 17.540967 -8.760200 8.357717 -0.405116 10.234620 0.110214 3.713928 -5.339261 -10.457425 -0.000520 -0.336129 0.228288
-2.931333 0.946129 0.688390 -117.463520 5.044057 -0.511358 -0.220317 2.509974 3.394294 -0.269982 -4.710404 1.514225 -0.269274 1.109965 1.486810 -0.090544 6.667398 1.123021 7.189472 21.617311 -2.067613 13.589576 4.643914 -5.736306 -1.931680 7.814981 9.132689 -27.955891 -18.695329 65.095074 38.307001 43.266265 19.262880 1.067690 17.057858 -5.148689 -0.701860 8.272910 -7.850216 10.295507 -13.110993 -68.741084 -45.958725 60.542634 -33.650486 -7.383794 12.469594 9.043317 -15.227224 -15.704251 -18.734983 -16.675376 11.235496 -0.350741 4.209883 11.736581 1.547832 -0.000000 -0.000000 -0.000000 16.982081 -8.085598 7.894053 0.337851 9.531425 0.123158 4.093677 -5.340537 -9.851168 -0.001296 -0.328275 0.452520
-2.935249 0.948769 0.699895 -117.859823 4.997884 -0.927623 0.026869 2.608369 3.436228 -0.162853 -4.664825 1.531414 -0.162504 1.155583 1.514875 -0.008490 6.701821 1.144102 7.131504 21.690406 -2.028881 13.468625 4.767742 -5.642976 -1.927006 7.969257 9.177351 -27.819581 -18.801663 65.326885 39.511386 44.439329 20.296610 1.618633 17.101569 -4.095222 -0.603292 8.191012 -7.780178 10.469051 -13.366493 -68.484540 -45.772100 59.822884 -33.310770 -7.307520 12.535663 9.954188 -17.308223 -16.899591 -17.365119 -17.046381 13.405759 -0.134958 3.164721 9.403070 0.501580 -0.030894 0.246082 -0.914928 16.040882 -7.649702 7.620881 1.459630 9.164834 0.172401 4.349149 -5.298465 -9.278249 -0.002536 -0.436023 0.615097
-2.938802 0.951515 0.710324 -118.230194 4.943235 -1.401301 0.297262 2.685821 3.495751 -0.046154 -4.628298 1.556240 -0.046174 1.192129 1.551548 0.081391 6.729459 1.171635 7.079792 21.775627 -1.992673 13.358888 4.915231 -5.554757 -1.885249 8.176597 9.195715 -27.615624 -18.920108 65.583972 40.535630 45.623237 21.338153 2.223631 17.088890 -3.203933 -0.421082 8.118616 -7.683547 10.663980 -13.651724 -68.331818 -45.159922 59.197851 -32.619922 -7.184151 12.628883 10.936241 -19.443746 -17.728843 -15.747240 -16.442670 15.687842 0.265350 1.924362 6.547204 0.345012 -0.013745 0.112196 -0.460435 14.933629 -7.315929 7.468148 2.730782 8.921532 0.262448 4.551653 -5.156475 -8.729533 -0.004269 -0.640893 0.713735
-2.942309 0.954172 0.719892 -118.548356 4.874129 -1.837374 0.563193 2.752765 3.528662 0.069982 -4.596460 1.569174 0.069610 1.223969 1.576276 0.169978 6.753601 1.190133 7.045971 21.830259 -1.949349 13.281844 5.007171 -5.461944 -1.821676 8.389593 9.167172 -27.325688 -18.913437 65.865806 41.412290 46.624365 22.221202 2.673145 17.062602 -2.395871 -0.305418 8.042232 -7.583347 10.906772 -13.854990 -68.210026 -44.174974 58.472595 -31.563641 -6.892730 12.665468 11.881176 -21.073284 -18.146400 -14.103724 -15.966873 17.843891 0.558537 1.256430 3.971773 0.808335 -0.000000 0.000000 0.000000 14.276110 -6.943497 7.269727 3.533989 8.521602 0.352998 4.733395 -4.956527 -8.239472 -0.005582 -0.780856 0.819134
-2.945917 0.956777 0.728508 -118.821582 4.785480 -2.220069 0.828836 2.813554 3.523942 0.187959 -4.567440 1.565283 0.187241 1.252966 1.584369 0.258708 6.775645 1.196055 7.032736 21.835338 -1.893064 13.242115 5.008024 -5.356521 -1.730035 8.624002 9.053547 -26.892170 -18.686987 66.235677 42.004193 47.338878 22.702599 2.863187 17.031033 -1.601272 -0.338666 7.967740 -7.483721 11.230194 -13.917745 -68.119195 -42.672528 57.493970 -29.947232 -6.313029 12.599527 12.784712 -21.881716 -18.077031 -12.572710 -16.239452 19.811515 0.715440 1.551370 2.013160 1.877955 -0.000000 0.000000 -0.000000 14.400155 -6.470980 6.976805 3.542388 7.822877 0.444876 4.914283 -4.683221 -7.836394 -0.005517 -0.784138 0.958992
-2.949478 0.959292 0.736263 -119.042453 4.684092 -2.565121 1.089726 2.864316 3.492962 0.305252 -4.543020 1.549683 0.304203 1.277333 1.580678 0.346066 6.794226 1.193060 7.036494 21.809382 -1.830224 13.233597 4.952605 -5.247017 -1.616727 8.864546 8.893891 -26.366976 -18.345472 66.636063 42.395208 47.886012 22.975838 2.895243 16.992810 -0.872721 -0.438658 7.891230 -7.379861 11.602871 -13.899046 -68.056567 -40.907485 56.381375 -28.069868 -5.572529 12.468601 13.669795 -22.131570 -17.665364 -11.060267 -16.644201 21.630916 0.819555 2.377915 0.374798 3.335045 -0.000000 -0.000000 0.000000 14.971288 -5.965620 6.648954 3.078773 6.989236 0.548839 5.074433 -4.351239 -7.491180 -0.004055 -0.722530 1.105572
-2.952867 0.961400 0.743649 -119.163027 4.583578 -2.825037 1.305133 2.904693 3.424895 0.404309 -4.523732 1.517835 0.402993 1.296557 1.558884 0.418464 6.808920 1.176414 7.059125 21.765819 -1.769780 13.261124 4.866967 -5.148721 -1.516889 9.017003 8.781734 -25.900036 -18.039894 66.884648 42.961706 48.401315 23.534439 2.868081 16.972050 -0.306466 -0.509217 7.785304 -7.281213 11.954905 -13.864805 -67.943084 -39.446537 55.377166 -26.578803 -4.908631 12.321921 14.461233 -22.134587 -17.224826 -9.433637 -16.469785 23.209622 0.716262 3.217871 -1.126410 4.537961 -0.000000 -0.000000 -0.000000 15.603715 -5.487920 6.279386 2.497588 6.204595 0.634895 5.182759 -4.048515 -7.151788 -0.001923 -0.649324 1.246379
-2.956032 0.962940 0.750791 -119.174122 4.479954 -2.964643 1.463872 2.936835 3.300339 0.481134 -4.508811 1.461190 0.479620 1.311423 1.510041 0.472240 6.820304 1.139381 7.106896 21.707240 -1.714897 13.336583 4.756764 -5.068790 -1.443786 9.014388 8.760055 -25.536088 -17.792839 66.868648 43.886047 48.909875 24.638033 2.762533 16.986608 0.052215 -0.508272 7.621903 -7.182233 12.242962 -13.826097 -67.721493 -38.421587 54.557789 -25.652842 -4.359318 12.149362 15.163039 -21.977491 -16.965970 -7.573346 -15.485774 24.795279 0.153702 3.825074 -2.518828 5.097031 -0.000000 -0.000000 0.000000 16.281455 -5.024771 5.841877 1.802215 5.478379 0.686908 5.242797 -3.786175 -6.801543 0.000716 -0.566412 1.377085
-2.959025 0.964073 0.757563 -119.085481 4.378610 -3.019707 1.577070 2.960495 3.138569 0.539685 -4.498222 1.388282 0.538021 1.321960 1.443082 0.511007 6.828393 1.088699 7.172829 21.630539 -1.662904 13.446870 4.615189 -5.000888 -1.386243 8.922933 8.783669 -25.235148 -17.567908 66.700675 45.023839 49.362931 26.050780 2.584260 17.020560 0.250868 -0.479310 7.427933 -7.089496 12.509874 -13.774006 -67.447662 -37.601246 53.875931 -25.018540 -3.873133 11.966407 15.761816 -21.578162 -16.705210 -5.590905 -13.950953 26.236522 -0.573846 4.404874 -3.795905 5.357971 -0.000000 -0.000000 -0.000000 17.017737 -4.582310 5.366903 0.992398 4.802692 0.720859 5.249728 -3.551695 -6.457607 0.003939 -0.471862 1.501990
-2.961877 0.964970 0.764079 -118.877695 4.307417 -3.049328 1.637314 2.971902 2.986464 0.574271 -4.493450 1.320065 0.572519 1.326692 1.378373 0.532034 6.832050 1.039756 7.239357 21.540920 -1.613748 13.560022 4.450172 -4.939768 -1.341942 8.847982 8.813584 -25.024491 -17.420010 66.530203 46.277927 49.783122 27.537919 2.464417 17.047372 0.321799 -0.453605 7.257895 -7.030405 12.814535 -13.744169 -67.213700 -36.918187 53.415362 -24.557872 -3.538674 11.869361 16.143219 -20.993931 -16.149315 -3.697567 -11.830366 26.826089 -0.845703 5.106493 -5.119137 5.818720 0.000000 -0.000000 0.000000 17.472843 -4.253147 4.920546 0.420236 4.325205 0.740834 5.158805 -3.396699 -6.119258 0.006614 -0.413193 1.621556
-2.964570 0.965654 0.770364 -118.568042 4.285176 -3.081633 1.642630 2.963202 2.861301 0.583153 -4.497846 1.264310 0.581377 1.322288 1.323519 0.534594 6.828788 0.998308 7.312435 21.431676 -1.560810 13.685435 4.249124 -4.875836 -1.308546 8.825540 8.844289 -24.940296 -17.397957 66.360801 47.779737 50.210925 29.191794 2.470134 17.065541 0.278007 -0.418055 7.116001 -7.022306 13.249526 -13.748994 -67.059649 -36.422345 53.308662 -24.295176 -3.420779 11.935744 16.217820 -20.355933 -15.154378 -1.871028 -8.811577 26.179693 -0.540777 5.988551 -6.764043 6.709301 0.000000 0.000000 -0.000000 17.522760 -4.089124 4.527690 0.230258 4.109028 0.741045 4.964822 -3.350300 -5.783645 0.007726 -0.416050 1.732213
-2.967123 0.966103 0.776393 -118.139326 4.293050 -3.088286 1.594771 2.942629 2.745355 0.567958 -4.507782 1.213066 0.566220 1.312373 1.270737 0.519314 6.821342 0.958480 7.385839 21.309568 -1.511026 13.813161 4.024647 -4.819192 -1.287579 8.819876 8.881866 -24.946525 -17.451723 66.184464 49.400152 50.592514 30.922906 2.522714 17.082043 0.097451 -0.384441 6.998650 -7.047313 13.722196 -13.776223 -66.946419 -36.034793 53.428661 -24.172601 -3.437612 12.095529 16.070010 -19.504305 -13.885758 -0.115917 -5.207191 24.656668 -0.063435 6.964117 -8.562760 7.710573 0.000000 0.000000 0.000000 17.294125 -4.042532 4.155935 0.283050 4.083797 0.720455 4.670757 -3.380999 -5.452974 0.007712 -0.454741 1.837599
-2.969616 0.966426 0.782196 -117.520257 4.302095 -3.043707 1.491855 2.930308 2.633040 0.528028 -4.514345 1.163725 0.526402 1.305842 1.217338 0.485491 6.816377 0.918231 7.424385 21.200687 -1.484355 13.883328 3.823893 -4.793446 -1.280912 8.829149 8.905709 -24.962765 -17.492558 66.133138 50.609870 50.851464 32.194073 2.536021 17.083512 -0.242096 -0.419924 6.949672 -7.078973 14.014218 -13.820456 -66.849261 -35.512733 53.462488 -23.966595 -3.457522 12.223757 15.848017 -18.070146 -12.520314 1.337974 -1.863851 22.570153 0.418910 7.987575 -10.009382 8.576244 0.000000 0.000000 -0.000000 16.824986 -4.060849 3.780585 0.505218 4.194025 0.687173 4.244256 -3.448602 -5.133879 0.007597 -0.499764 1.948996
-2.972113 0.966657 0.787700 -116.663808 4.292960 -2.940483 1.316819 2.939876 2.519542 0.455950 -4.511520 1.114215 0.454537 1.308722 1.160503 0.427363 6.818416 0.875456 7.414170 21.108517 -1.488626 13.872832 3.653016 -4.808466 -1.289272 8.868883 8.911157 -24.953633 -17.492144 66.301220 51.137355 50.980714 32.695407 2.481055 17.061812 -0.774695 -0.578049 7.004701 -7.106436 14.028875 -13.879792 -66.752915 -34.676460 53.244115 -23.540180 -3.426618 12.262846 15.637948 -15.950050 -10.910737 2.442871 1.210102 19.519305 0.876337 9.084578 -10.908580 9.630626 0.000000 -0.000000 0.000000 16.082929 -4.086648 3.387662 0.897770 4.364482 0.670189 3.686870 -3.525332 -4.840440 0.008045 -0.527588 2.070748
-2.974550 0.966761 0.792978 -115.617049 4.282136 -2.786261 1.086744 2.958161 2.409812 0.359148 -4.504975 1.066736 0.358018 1.315344 1.103199 0.350710 6.823234 0.832388 7.369680 21.030556 -1.515708 13.805678 3.507791 -4.853615 -1.311572 8.924017 8.903404 -24.954758 -17.482622 66.594829 51.214745 51.025960 32.707492 2.385815 17.024867 -1.465015 -0.804018 7.129294 -7.139060 13.863105 -13.950401 -66.672486 -33.722726 52.931938 -23.049957 -3.397166 12.270904 15.353761 -13.279290 -9.213837 3.337079 3.986971 15.850379 1.038766 10.187218 -11.515427 10.715497 -0.000000 0.000000 -0.000000 15.102039 -4.179387 2.989386 1.462023 4.667623 0.645663 2.996393 -3.636272 -4.556729 0.008436 -0.561694 2.198517
-2.976824 0.966748 0.798280 -114.449708 4.293594 -2.577689 0.850996 2.964926 2.312905 0.259226 -4.503442 1.025056 0.258386 1.316931 1.051376 0.272144 6.824277 0.793461 7.298853 20.984228 -1.561261 13.693585 3.420488 -4.921212 -1.347445 8.947041 8.876080 -24.992682 -17.465560 66.864655 51.055247 51.008746 32.568167 2.252217 16.981372 -2.227981 -1.002837 7.261766 -7.180532 13.589177 -14.022574 -66.629250 -32.965410 52.703562 -22.706333 -3.397201 12.295686 14.887379 -10.071220 -8.054628 4.026988 5.702950 12.964447 0.879079 11.196572 -11.753611 10.950348 0.000000 -0.000000 -0.000000 14.021259 -4.460934 2.600964 2.125528 5.272854 0.548367 2.135109 -3.818816 -4.242294 0.007934 -0.642977 2.330634
-2.978808 0.966679 0.803714 -113.171690 4.354618 -2.324268 0.617544 2.943832 2.238781 0.159285 -4.514146 0.993571 0.158731 1.306257 1.009738 0.194340 6.816127 0.762215 7.204950 20.986281 -1.624009 13.540970 3.422497 -5.008212 -1.411397 8.914162 8.820017 -25.086672 -17.451300 67.068545 50.685897 50.916092 32.371807 2.069481 16.930578 -3.083282 -1.143693 7.374765 -7.239484 13.170012 -14.082861 -66.647147 -32.372788 52.603164 -22.478449 -3.397472 12.351801 14.197524 -5.634964 -7.871549 4.413569 5.719346 11.540955 0.723085 12.242251 -11.289608 10.007825 -0.000000 -0.000000 -0.000000 12.798349 -4.972579 2.219668 2.902726 6.191234 0.393447 1.127104 -4.097765 -3.868103 0.007479 -0.730976 2.446823
-2.980628 0.966492 0.809172 -111.772441 4.433208 -2.014221 0.378457 2.910365 2.176883 0.056252 -4.530262 0.967578 0.055993 1.290165 0.973284 0.114616 6.803922 0.734886 7.085378 21.020667 -1.704056 13.344515 3.483884 -5.116012 -1.489377 8.850130 8.743022 -25.217538 -17.428375 67.248836 50.085325 50.755898 32.029670 1.851649 16.869824 -4.010098 -1.257810 7.495507 -7.306431 12.642502 -14.143174 -66.701868 -31.963105 52.592277 -22.383505 -3.425094 12.424440 13.325351 -0.662444 -8.158867 4.451418 4.699716 10.786438 0.678649 13.193501 -10.125825 8.399591 0.000000 -0.000000 0.000000 11.481440 -5.676769 1.847991 3.782707 7.415368 0.192252 -0.053790 -4.441601 -3.453005 0.005986 -0.865863 2.567797
-2.982556 0.966020 0.814585 -110.291404 4.463145 -1.613880 0.159249 2.892250 2.105664 -0.037537 -4.539408 0.937256 -0.037525 1.281023 0.933442 0.041537 6.796959 0.704984 6.939193 21.055579 -1.799469 13.104145 3.545002 -5.244179 -1.538430 8.780119 8.663749 -25.354245 -17.363552 67.383817 49.397187 50.577941 31.607106 1.633410 16.806983 -4.863176 -1.343550 7.643387 -7.357605 12.190205 -14.234003 -66.744466 -32.108273 52.734862 -22.687326 -3.592825 12.514207 12.284840 2.746523 -8.119897 4.281545 3.861770 9.907067 0.629178 13.636098 -8.626851 6.405015 0.000000 0.000000 -0.000000 10.348064 -6.574115 1.502758 4.653781 9.094336 -0.111113 -1.519836 -4.799029 -3.021073 -0.001389 -1.209104 2.754406
-2.984710 0.965096 0.819908 -108.711684 4.416844 -1.023890 -0.030418 2.891643 1.973102 -0.115060 -4.540634 0.879379 -0.114794 1.279779 0.867698 -0.021285 6.795975 0.655495 6.752530 21.095688 -1.900810 12.791438 3.611963 -5.371287 -1.560243 8.719564 8.584712 -25.490254 -17.198501 67.532392 48.602677 50.397807 31.036287 1.399533 16.734902 -5.631251 -1.447229 7.860347 -7.361974 11.899408 -14.401227 -66.732700 -33.075144 53.087681 -23.617380 -3.958289 12.632927 10.978101 3.374717 -7.371691 3.974920 3.581738 8.522146 0.500208 13.399128 -6.748630 3.539475 -0.000000 -0.000000 0.000000 9.330916 -7.625616 1.116417 5.718663 11.296492 -0.521904 -3.418552 -5.282353 -2.366034 -0.013175 -1.682198 2.854213
-2.986973 0.963887 0.825186 -107.052092 4.309904 -0.348384 -0.200176 2.908063 1.831828 -0.183356 -4.534093 0.817483 -0.182871 1.286299 0.798869 -0.077462 6.800845 0.603665 6.539282 21.137144 -2.017232 12.434879 3.680925 -5.518298 -1.553059 8.653796 8.502679 -25.632094 -16.991549 67.639893 47.725710 50.192738 30.392428 1.163037 16.660264 -6.324988 -1.522214 8.103108 -7.346873 11.684850 -14.601211 -66.712923 -34.635936 53.571720 -24.991294 -4.470539 12.749024 9.499045 2.414800 -6.316382 3.505996 3.484831 7.025644 0.423971 12.612238 -4.714922 0.130419 -0.000000 0.000000 0.000000 8.513506 -8.868746 0.735971 6.774407 13.971214 -0.954507 -5.603196 -5.757386 -1.660129 -0.032669 -2.363235 3.022665
-2.989255 0.962711 0.830483 -105.405796 4.152733 0.138808 -0.354133 2.961467 1.818706 -0.251456 -4.510945 0.812601 -0.250824 1.309431 0.787066 -0.129344 6.818125 0.594914 6.339529 21.135806 -2.176534 12.118483 3.677505 -5.750970 -1.468771 8.562295 8.427345 -25.769735 -16.878207 67.511526 46.969823 49.963170 29.950791 0.996995 16.615686 -6.833395 -1.428238 8.265135 -7.378806 11.472579 -14.728826 -66.767532 -36.408895 54.055564 -26.450227 -5.071851 12.801692 8.149506 1.373665 -5.359219 3.002394 3.659651 5.843185 0.469953 11.459169 -3.317818 -2.380458 -0.000000 0.000000 -0.000000 8.390682 -10.403920 0.528763 7.093350 17.086518 -1.361816 -7.738190 -5.814580 -1.505429 -0.087680 -3.644424 3.786592
-2.991625 0.961645 0.835843 -103.740459 3.943245 0.289816 -0.509295 3.066290 2.033920 -0.332148 -4.465064 0.909488 -0.331375 1.355269 0.875743 -0.183214 6.852278 0.662103 6.166427 21.062562 -2.423469 11.880560 3.553795 -6.156584 -1.256056 8.401888 8.356884 -25.980464 -16.897416 66.970944 46.581363 49.694753 29.990765 0.944074 16.625030 -7.074061 -1.002953 8.274830 -7.509698 11.157992 -14.725259 -66.911049 -38.467465 54.559117 -28.014912 -5.834698 12.776750 6.909445 0.649359 -4.573085 2.484591 4.451871 5.116238 0.701487 9.769414 -2.934356 -3.179062 -0.000383 0.037367 -0.011459 9.269846 -12.402645 0.587446 6.238496 20.873609 -1.831558 -9.827953 -5.203796 -2.002867 -0.263349 -6.135838 5.296358
-2.994014 0.960612 0.841221 -102.087115 3.704053 0.249074 -0.648826 3.197331 2.380170 -0.412837 -4.407669 1.064698 -0.411889 1.412601 1.022752 -0.232701 6.894917 0.773396 6.006735 20.949800 -2.716325 11.682944 3.363291 -6.652850 -0.965648 8.217981 8.288327 -26.189166 -16.989808 66.189239 46.318297 49.407317 30.231712 0.964580 16.666908 -7.130921 -0.409723 8.215270 -7.697244 10.844916 -14.642929 -67.123993 -40.762822 55.041432 -29.698352 -6.676922 12.680119 5.798989 -0.140995 -3.870255 1.928917 5.505014 4.680483 1.041578 7.795483 -3.155117 -3.058818 -0.000593 0.074713 -0.022990 10.829815 -14.706930 0.718429 4.599167 25.090944 -2.349714 -11.899060 -4.181825 -3.045140 -0.610391 -9.208645 7.438764
-2.996135 0.959708 0.846548 -100.633178 3.488534 0.185711 -0.726415 3.316850 2.697207 -0.464504 -4.355137 1.206523 -0.463435 1.465105 1.159352 -0.261240 6.933963 0.876799 5.860328 20.842809 -2.952917 11.493440 3.177833 -7.050457 -0.703523 8.119991 8.234775 -26.155539 -17.145865 65.485920 45.652624 49.155287 30.118794 1.006738 16.707125 -7.143380 0.002304 8.204641 -7.863071 10.770865 -14.540286 -67.434644 -42.647956 55.334261 -31.042216 -7.301946 12.518968 5.179504 -0.648941 -3.380817 1.432648 5.857550 4.532835 1.328596 6.422086 -3.452317 -2.903809 -0.000000 -0.000000 0.000000 12.622095 -16.900519 0.698282 2.696964 28.986149 -2.779142 -13.678966 -3.131609 -4.955948 -1.032009 -11.406040 10.306289
-2.997619 0.958852 0.851697 -99.465202 3.302993 0.119628 -0.706017 3.438471 2.951207 -0.469514 -4.301072 1.319554 -0.468503 1.519185 1.271889 -0.256783 6.974302 0.961933 5.722678 20.725014 -3.097871 11.295496 2.962257 -7.285753 -0.493037 8.166673 8.221962 -25.700973 -17.419892 64.895744 44.359176 48.888890 29.475264 1.094513 16.734027 -7.149368 0.030751 8.292477 -7.975918 11.136778 -14.451187 -67.933842 -43.719648 55.278181 -31.680622 -7.565966 12.277505 5.390842 -0.640367 -3.235506 1.067349 4.826436 4.830909 1.549842 6.212503 -3.690760 -3.058286 0.000726 -0.290214 0.083470 14.675028 -18.888865 0.483007 0.482413 32.365711 -3.149843 -15.135200 -2.205325 -8.510454 -1.331409 -11.905503 14.548111
-2.998833 0.958123 0.856794 -98.496292 3.141256 0.035075 -0.623270 3.553062 3.175620 -0.445312 -4.249690 1.418846 -0.444432 1.570581 1.373627 -0.231296 7.012687 1.038826 5.597998 20.608862 -3.186271 11.104713 2.744316 -7.422044 -0.311449 8.295371 8.232595 -24.998576 -17.761219 64.365701 42.675044 48.632747 28.512674 1.205512 16.759916 -7.112450 -0.122050 8.419029 -8.060517 11.738214 -14.331243 -68.530622 -44.328529 55.074915 -31.921068 -7.644966 11.997975 6.088284 -0.344981 -3.307773 0.752818 3.105529 5.451993 1.733020 6.604565 -4.020470 -3.188029 -0.000327 -0.692287 0.202153 16.977972 -20.748492 0.134219 -2.030584 35.404023 -3.532073 -16.408717 -1.291447 -12.961209 -1.354165 -11.624057 19.425221
-3.000592 0.957862 0.862154 -97.655095 3.027519 0.050912 -0.540423 3.596953 3.307582 -0.415682 -4.229646 1.476934 -0.414859 1.590635 1.434717 -0.204611 7.027659 1.084937 5.499031 20.579948 -3.218055 10.936240 2.683872 -7.454270 -0.196493 8.431677 8.218697 -24.336094 -18.026367 64.097141 40.738916 48.551758 27.239867 1.216009 16.784545 -7.056570 -0.197880 8.529675 -8.117463 12.206864 -14.135198 -68.977953 -44.921202 55.124188 -32.267800 -7.695944 11.790676 6.610022 -0.113713 -3.343700 0.366119 1.796167 5.986743 1.807264 6.798893 -4.354112 -3.167117 -0.002757 -1.007676 0.313496 19.021850 -22.291229 -0.307425 -4.137411 37.914405 -3.749939 -17.402761 -0.347203 -16.361522 -1.236639 -11.683728 22.942169
-3.003344 0.958364 0.867941 -96.929238 2.968278 0.242037 -0.478771 3.535243 3.299548 -0.387328 -4.256640 1.472916 -0.386515 1.563658 1.433586 -0.183363 7.007493 1.083962 5.431533 20.713126 -3.163041 10.786251 2.916398 -7.322379 -0.173826 8.571632 8.155137 -23.719427 -18.178557 64.250081 38.250259 48.757272 25.340543 1.089917 16.802058 -6.935774 -0.074991 8.602625 -8.144702 12.322488 -13.823826 -69.158741 -45.522571 55.544514 -32.796259 -7.717251 11.704774 6.789541 -0.009306 -3.259574 -0.155180 1.341297 6.310340 1.734941 6.412268 -4.683029 -2.897660 -0.004590 -1.159499 0.396831 20.781424 -23.369369 -0.892669 -5.715461 39.794763 -3.731451 -18.128113 0.757157 -17.949476 -1.236186 -12.468490 24.434743
-3.006640 0.959334 0.873991 -96.331268 2.952519 0.536113 -0.416492 3.408628 3.195331 -0.353270 -4.312492 1.426111 -0.352514 1.507829 1.390239 -0.160985 6.965789 1.051023 5.391401 20.931191 -3.046779 10.662609 3.302002 -7.079735 -0.217211 8.719964 8.066539 -23.146654 -18.282780 64.681189 35.432867 49.091508 23.059874 0.865642 16.819382 -6.791396 0.125760 8.658588 -8.145335 12.309543 -13.452476 -69.186464 -46.121276 56.221171 -33.431711 -7.688898 11.691033 6.800111 0.028134 -3.138794 -0.746505 1.293753 6.536214 1.566520 5.826138 -5.009818 -2.470696 -0.005433 -1.224809 0.472200 22.257759 -24.121236 -1.487316 -6.813191 41.156014 -3.473098 -18.456862 1.915834 -18.490908 -1.293185 -13.496428 24.586323
-3.009941 0.960222 0.880121 -95.827367 2.977647 0.830925 -0.352104 3.266587 3.068491 -0.317058 -4.375217 1.369237 -0.316374 1.445127 1.337038 -0.137735 6.918945 1.010632 5.375461 21.093329 -2.953977 10.595098 3.589921 -6.892263 -0.287148 8.816322 7.976088 -22.895837 -18.343735 65.151304 33.233922 49.392334 21.245276 0.528389 16.849902 -6.776791 0.298609 8.708917 -8.130315 12.468143 -13.127978 -69.156226 -47.137829 57.193614 -34.480342 -7.705495 11.716266 6.493146 -0.169955 -2.980857 -1.334103 1.417621 6.599182 1.387852 5.388295 -5.265702 -2.039375 -0.006015 -1.236064 0.557643 22.965040 -24.816961 -1.748413 -6.927042 42.143413 -2.816584 -18.018109 2.854386 -18.318821 -1.353304 -14.461234 23.457992
-3.013007 0.960901 0.886258 -95.389898 3.061018 1.098668 -0.292220 3.113796 2.936776 -0.282565 -4.442784 1.310255 -0.281926 1.377578 1.281559 -0.115905 6.868456 0.968533 5.389015 21.149169 -2.916224 10.604797 3.690539 -6.822592 -0.391953 8.812526 7.877607 -23.189813 -18.343823 65.654764 32.058196 49.773001 20.217158 -0.043202 16.907922 -6.971535 0.404430 8.758939 -8.095177 12.986886 -12.900399 -69.090889 -49.144679 58.643126 -36.432192 -7.833339 11.807788 5.673825 -0.716498 -2.784986 -1.896736 1.628163 6.425035 1.222546 5.260200 -5.400544 -1.658242 -0.006352 -1.189770 0.658543 22.496219 -25.628301 -1.513202 -5.473216 42.898865 -1.472424 -16.439462 3.427709 -17.364452 -1.417392 -15.460589 20.751295
-3.016078 0.961499 0.892475 -95.045763 3.186727 1.368124 -0.230210 2.945440 2.782534 -0.245960 -4.517291 1.241259 -0.245378 1.303089 1.216282 -0.093229 6.812774 0.919035 5.425386 21.150187 -2.904692 10.667170 3.694755 -6.811705 -0.523643 8.756566 7.774736 -23.805630 -18.284552 66.195963 31.530703 50.195141 19.658836 -0.730385 16.974254 -7.299584 0.482134 8.802876 -8.045360 13.676308 -12.725506 -68.967644 -51.818425 60.335733 -39.033063 -8.027323 11.943387 4.536179 -1.501251 -2.566335 -2.456769 2.007397 6.083739 1.042522 5.282445 -5.469572 -1.277151 -0.005958 -1.089393 0.769443 21.223241 -26.404984 -0.895612 -3.004837 43.273511 0.312863 -14.072593 3.712514 -15.689327 -1.309773 -16.185192 16.694114
-3.019331 0.961851 0.898805 -94.843373 3.304148 1.620964 -0.145917 2.794964 2.627563 -0.199634 -4.583762 1.171801 -0.199161 1.236635 1.151529 -0.063299 6.763123 0.869942 5.461872 21.109541 -2.915820 10.739552 3.624537 -6.845866 -0.618816 8.731426 7.706254 -24.348485 -18.194016 66.550299 31.486095 50.324345 19.514466 -1.188623 17.009708 -7.680154 0.542874 8.836743 -8.007516 14.267841 -12.564670 -68.813674 -54.021622 61.739007 -41.268709 -8.194758 12.016888 3.514880 -2.355981 -2.349274 -3.007011 2.570919 5.726032 0.854228 5.321602 -5.565801 -0.895277 -0.005302 -0.977772 0.892209 19.840588 -26.944796 0.001996 -0.776704 43.004123 1.826285 -11.671582 3.819740 -13.816219 -0.917582 -15.796694 12.276680
-3.022892 0.961898 0.905237 -94.823760 3.389696 1.874966 -0.020239 2.678328 2.466610 -0.134868 -4.635029 1.099438 -0.134573 1.185388 1.085741 -0.019706 6.724898 0.820071 5.485780 21.012129 -2.953913 10.801532 3.451254 -6.930836 -0.643142 8.784501 7.700504 -24.704238 -18.076769 66.602529 32.034367 49.969452 19.905620 -1.244502 17.004733 -8.134833 0.585477 8.861978 -7.994633 14.630199 -12.409311 -68.617783 -55.047596 62.688762 -42.507927 -8.284020 11.962392 2.729567 -3.382193 -2.111732 -3.559002 3.507023 5.340849 0.643808 5.326824 -5.707142 -0.509364 -0.004714 -0.875069 1.097140 18.585627 -27.178857 1.142252 0.839549 42.034609 2.831918 -9.462719 3.728572 -11.793112 -0.421516 -13.747501 7.384991
-3.026636 0.961698 0.911782 -94.946205 3.469081 2.111418 0.127448 2.578900 2.306021 -0.060477 -4.678611 1.027142 -0.060394 1.141819 1.021001 0.031141 6.692428 0.771002 5.509544 20.873383 -3.015267 10.873110 3.204125 -7.061743 -0.630927 8.867299 7.730258 -24.985735 -17.931454 66.470333 33.045270 49.314108 20.691820 -1.067498 16.977682 -8.639349 0.611078 8.877770 -7.994280 14.895560 -12.265357 -68.395339 -55.318653 63.415192 -43.107946 -8.326419 11.847704 2.059906 -4.477928 -1.884137 -4.104800 4.626618 4.934871 0.419610 5.347158 -5.875629 -0.122401 -0.003934 -0.761035 1.313913 17.233278 -27.151365 2.542880 2.198811 40.460388 3.507505 -7.273073 3.474220 -9.555031 -0.112588 -10.596502 2.409752
-3.030355 0.961264 0.918500 -95.136946 3.565280 2.256809 0.259208 2.480551 2.185218 0.004735 -4.721828 0.972709 0.004619 1.098605 0.973188 0.076373 6.660172 0.734743 5.548632 20.752070 -3.083478 10.973158 2.991760 -7.207781 -0.621898 8.918998 7.751234 -25.138610 -17.785500 66.282997 34.006378 48.587272 21.440627 -0.828877 16.927813 -9.042441 0.634302 8.876924 -7.994893 15.190849 -12.112450 -68.213187 -55.143925 64.035888 -43.299901 -8.329367 11.764910 1.582247 -5.166222 -1.752313 -4.603676 5.381698 4.689908 0.228841 5.397610 -6.109037 0.257581 -0.002673 -0.618109 1.333489 15.807250 -26.834770 4.152900 3.147972 38.268189 3.750767 -5.249884 3.352773 -7.423703 -0.024067 -7.449389 -0.922639
-3.033916 0.960582 0.925330 -95.409388 3.694193 2.264544 0.371287 2.377533 2.126703 0.058013 -4.767180 0.946196 0.057722 1.053248 0.952081 0.114672 6.626256 0.718675 5.608581 20.667927 -3.160024 11.110764 2.851710 -7.371581 -0.626089 8.912632 7.743889 -25.088141 -17.626591 66.051527 34.775500 47.789649 22.038191 -0.533377 16.826662 -9.294197 0.665012 8.852780 -7.991357 15.578897 -11.940775 -68.114964 -54.466141 64.575438 -43.019651 -8.277224 11.748506 1.368766 -5.153299 -1.766001 -5.022349 5.461928 4.718694 0.104620 5.520996 -6.430755 0.622078 -0.000820 -0.408153 0.971094 14.207259 -26.175544 6.039200 3.692878 35.340774 3.500316 -3.354075 3.628635 -5.348379 0.041972 -4.557384 -1.605940
-3.037452 0.959665 0.932334 -95.750712 3.838920 2.180489 0.466849 2.274686 2.108431 0.101900 -4.812484 0.937757 0.101457 1.007937 0.948098 0.147235 6.592344 0.715561 5.684330 20.600823 -3.242628 11.277659 2.745982 -7.549497 -0.633674 8.875272 7.727481 -24.909420 -17.467288 65.766119 35.494524 46.923828 22.598278 -0.177980 16.697992 -9.444739 0.693244 8.812021 -7.988784 15.996604 -11.758275 -68.056960 -53.286430 65.002101 -42.278442 -8.184348 11.757149 1.349189 -4.729422 -1.859196 -5.392356 5.181733 4.916927 0.021198 5.673132 -6.818590 0.979023 0.000092 -0.169667 0.411491 12.590876 -25.191142 8.084891 4.006035 31.777479 2.972257 -1.652419 4.090057 -3.327204 0.063462 -1.858111 -0.763956
-3.041165 0.958557 0.939759 -96.047619 3.972874 2.070495 0.518345 2.171781 2.102798 0.125544 -4.857993 0.935205 0.125013 0.962426 0.947949 0.164954 6.558249 0.715381 5.775456 20.549687 -3.309096 11.466556 2.669803 -7.701056 -0.654813 8.827568 7.715444 -24.771438 -17.372965 65.523010 36.124339 46.235196 23.078981 0.073735 16.610749 -9.495708 0.703870 8.767366 -7.990904 16.381899 -11.572246 -67.974105 -52.065539 65.347404 -41.483001 -8.106003 11.769541 1.386321 -4.293096 -1.935870 -5.765811 4.930476 5.141417 -0.056408 5.738389 -7.240843 1.345846 0.000000 -0.000000 0.000000 11.351653 -24.001120 9.983314 4.143471 27.885895 2.441185 -0.396671 4.343382 -1.788591 -0.000000 -0.000000 0.000000
-3.045103 0.957265 0.947596 -96.274500 4.086969 1.948790 0.511396 2.070846 2.100026 0.123032 -4.902886 0.934205 0.122500 0.917534 0.946695 0.163041 6.524578 0.714406 5.889715 20.517349 -3.347999 11.687895 2.627896 -7.807357 -0.699552 8.771596 7.712183 -24.722542 -17.388972 65.355594 36.679816 45.847370 23.513132 0.132942 16.601494 -9.396182 0.686733 8.722512 -7.996932 16.738103 -11.381228 -67.843152 -50.943527 65.622564 -40.763035 -8.053654 11.786722 1.478541 -3.893346 -1.967314 -6.143764 4.822309 5.365932 -0.141655 5.621877 -7.701886 1.731809 0.000128 0.045709 -0.098811 10.625010 -22.597096 11.698954 4.059409 23.595757 1.920442 0.266552 4.204023 -1.106280 -0.056839 0.547751 0.083374
-3.049216 0.955782 0.955853 -96.456983 4.190328 1.801672 0.460273 1.970193 2.110166 0.100229 -4.947834 0.939146 0.099769 0.872590 0.949320 0.146260 6.490832 0.716385 6.019293 20.500919 -3.370676 11.931011 2.615550 -7.887063 -0.757912 8.705409 7.713477 -24.713573 -17.470911 65.230080 37.167294 45.638215 23.891440 0.085720 16.631844 -9.199064 0.652026 8.673789 -8.007577 17.062250 -11.186086 -67.688551 -49.801422 65.815818 -40.013698 -8.016332 11.806436 1.626974 -3.481352 -1.981690 -6.524791 4.743798 5.615771 -0.219905 5.416331 -8.194181 2.130148 0.000150 0.022849 -0.049408 10.275562 -21.035391 13.284754 3.833471 18.961421 1.402763 0.571360 3.867230 -0.972671 -0.032823 0.273554 0.040806
-3.053554 0.954135 0.964807 -96.558209 4.284794 1.653813 0.380575 1.864090 2.135106 0.064019 -4.995315 0.950790 0.063684 0.825114 0.957288 0.119872 6.455162 0.722409 6.140311 20.491025 -3.389237 12.156820 2.614047 -7.956210 -0.810022 8.643655 7.719478 -24.766918 -17.550056 65.140151 37.543817 45.487060 24.117844 0.031793 16.659115 -9.061492 0.615221 8.622776 -8.028988 17.282953 -10.997909 -67.517119 -48.733064 65.935477 -39.311431 -8.014742 11.807917 1.697083 -3.309669 -1.970721 -6.954425 4.740488 5.819596 -0.284243 5.288327 -8.669064 2.533548 -0.000000 -0.000000 -0.000000 10.238024 -19.568416 14.609611 3.569526 14.494025 1.008385 0.829973 3.503946 -0.811498 0.000000 -0.000000 -0.000000
-3.058136 0.952327 0.974533 -96.566594 4.370656 1.514763 0.270827 1.749431 2.174711 0.013777 -5.046724 0.969071 0.013625 0.773709 0.970469 0.083404 6.416517 0.732376 6.248169 20.489551 -3.408064 12.358036 2.626721 -8.021104 -0.850016 8.594820 7.730020 -24.904023 -17.615753 65.096268 37.826559 45.406242 24.171225 0.018071 16.678295 -9.017781 0.578519 8.571723 -8.063850 17.354149 -10.810674 -67.321587 -47.744871 65.965104 -38.669175 -8.067697 11.781781 1.618522 -3.516630 -1.930827 -7.451717 4.840951 5.938719 -0.324985 5.339149 -9.118828 2.915383 0.000000 -0.000000 -0.000000 10.465560 -18.205186 15.665006 2.989298 10.173884 0.691176 0.980037 3.203617 -0.377957 -0.000000 -0.000000 -0.000000
-3.062943 0.950354 0.984956 -96.493613 4.448270 1.375405 0.132392 1.629577 2.228946 -0.049893 -5.100582 0.993934 -0.049802 0.719849 0.988869 0.037310 6.376002 0.746282 6.347481 20.494828 -3.422812 12.541940 2.650467 -8.075379 -0.883754 8.550397 7.745084 -25.103832 -17.678548 65.087286 38.006623 45.386740 24.078646 -0.001068 16.694920 -9.033205 0.539936 8.518181 -8.109532 17.321937 -10.628759 -67.110924 -46.849252 65.923465 -38.093798 -8.156314 11.739558 1.461344 -3.964507 -1.868488 -7.996760 5.015387 6.008775 -0.353569 5.467904 -9.554814 3.299955 -0.000000 0.000000 0.000000 10.966970 -16.958538 16.496890 2.296252 6.013661 0.464612 1.065520 2.873603 0.071023 0.000000 0.000000 -0.000000
-3.067966 0.948228 0.996116 -96.336959 4.519850 1.232460 -0.014850 1.508276 2.299549 -0.118235 -5.155147 1.026060 -0.117869 0.665273 1.014056 -0.011747 6.334929 0.765297 6.428172 20.492259 -3.432570 12.691367 2.656914 -8.116220 -0.908939 8.499445 7.764882 -25.324902 -17.701597 65.073311 37.995679 45.277548 23.809185 -0.063609 16.681600 -9.160751 0.508709 8.456692 -8.164252 17.252651 -10.479724 -66.915244 -46.139968 65.875323 -37.642033 -8.244497 11.692800 1.301461 -4.491889 -1.790013 -8.576367 5.221305 6.069542 -0.395612 5.539163 -9.957150 3.755743 -0.000000 -0.000000 0.000000 11.737163 -16.080188 17.058660 2.211350 2.606005 0.376605 1.520383 2.411086 0.393414 0.000000 0.000000 -0.000000
-3.073293 0.945950 1.008049 -96.079083 4.595849 1.087593 -0.170104 1.374628 2.388721 -0.190928 -5.215276 1.066432 -0.190256 0.605125 1.047048 -0.063442 6.289654 0.790186 6.487567 20.481064 -3.436559 12.801296 2.644124 -8.141546 -0.934212 8.438847 7.783679 -25.568756 -17.650948 65.046085 37.760974 45.021431 23.331459 -0.189362 16.612404 -9.460844 0.489593 8.394070 -8.237025 17.151593 -10.386411 -66.732120 -45.668857 65.867848 -37.374618 -8.323726 11.642548 1.123086 -5.133515 -1.699405 -9.187026 5.555846 6.113342 -0.460532 5.468348 -10.326543 4.323124 -0.000000 0.000000 -0.000000 12.825866 -15.651594 17.282798 2.852564 0.103451 0.367770 2.664171 1.637865 0.454389 -0.000000 -0.000000 -0.000000
-3.078837 0.943518 1.020719 -95.737499 4.666519 0.939461 -0.334363 1.239305 2.493730 -0.268319 -5.276248 1.113819 -0.267305 0.544121 1.086580 -0.118131 6.243710 0.819993 6.528227 20.462141 -3.435768 12.876613 2.614112 -8.153758 -0.950925 8.371638 7.807090 -25.833988 -17.561031 65.012718 37.343141 44.673154 22.682258 -0.353557 16.511577 -9.872940 0.478107 8.323663 -8.318936 17.012684 -10.326390 -66.563535 -45.379524 65.857865 -37.225140 -8.402363 11.586892 0.942226 -5.855122 -1.592241 -9.832329 5.921103 6.144807 -0.539943 5.341218 -10.658662 4.963440 -0.000000 0.000000 -0.000000 14.163805 -15.583601 17.229991 4.026340 -1.630142 0.351165 4.203394 0.743209 0.347020 0.000000 0.000000 0.000000
-3.084328 0.940940 1.034063 -95.362438 4.703677 0.779909 -0.490245 1.138289 2.608912 -0.342598 -5.321999 1.165640 -0.341251 0.498331 1.130860 -0.170154 6.209161 0.853383 6.547891 20.423381 -3.432076 12.914985 2.544413 -8.157047 -0.930940 8.296137 7.852490 -26.074539 -17.497489 64.957304 36.761658 44.249489 21.931525 -0.529514 16.427704 -10.269480 0.469375 8.219919 -8.381319 16.885344 -10.260772 -66.445024 -45.197038 65.775031 -37.052756 -8.469040 11.532801 0.882259 -6.391322 -1.457840 -10.510128 5.984168 6.229736 -0.629460 5.279918 -10.926048 5.626387 -0.000000 -0.000000 -0.000000 15.571232 -15.869661 17.032810 5.972061 -2.419557 0.290339 5.645767 0.148683 0.300095 0.000000 0.000000 0.000000
-3.089609 0.938177 1.047993 -94.950272 4.703764 0.601236 -0.632085 1.086619 2.735556 -0.411415 -5.345815 1.222500 -0.409763 0.474467 1.180731 -0.217711 6.191044 0.891012 6.542109 20.358160 -3.431694 12.910677 2.423140 -8.162177 -0.850420 8.186744 7.929013 -26.335838 -17.469538 64.886436 35.999526 43.737726 21.114091 -0.735677 16.375274 -10.716347 0.465391 8.062862 -8.410702 16.790076 -10.184252 -66.398027 -45.141696 65.633630 -36.826470 -8.470651 11.515498 0.991813 -6.626319 -1.300407 -11.201668 5.571817 6.430297 -0.738107 5.339940 -11.169561 6.290593 0.002131 0.108804 -0.214609 16.853648 -16.625183 16.706466 9.286697 -1.942465 0.327157 6.915472 0.051571 0.682199 0.000000 -0.000000 0.000000
-3.094837 0.935269 1.062596 -94.504388 4.670939 0.410481 -0.765208 1.068855 2.872399 -0.477017 -5.354587 1.283885 -0.475080 0.465644 1.235458 -0.262526 6.184192 0.932326 6.515279 20.273045 -3.428794 12.869301 2.262212 -8.159005 -0.733356 8.068741 8.027069 -26.572517 -17.467554 64.794762 35.086482 43.143633 20.208276 -0.953018 16.337895 -11.148816 0.463880 7.872537 -8.421098 16.706835 -10.102866 -66.400679 -45.194438 65.419626 -36.578158 -8.460921 11.500520 1.222045 -6.675384 -1.108531 -11.924477 4.861053 6.700305 -0.854469 5.471027 -11.351996 6.974419 0.003260 0.217221 -0.429421 18.221119 -17.722766 16.196615 13.363553 -0.568319 0.596525 8.089293 0.183051 1.162010 -0.000000 -0.000000 -0.000000
-3.100210 0.932341 1.078067 -94.085387 4.588060 0.221051 -0.888628 1.075467 3.010086 -0.538491 -5.352530 1.345637 -0.536295 0.467647 1.290970 -0.304224 6.185452 0.974251 6.478387 20.175652 -3.407133 12.805425 2.074786 -8.120245 -0.623308 8.016918 8.136735 -26.601978 -17.527396 64.649485 34.106828 42.513647 19.195046 -1.110606 16.325076 -11.244711 0.453407 7.683323 -8.424778 16.624581 -9.994975 -66.423544 -45.224243 65.019874 -36.263931 -8.588767 11.390198 1.549774 -6.619854 -0.847095 -12.730700 4.044783 6.947165 -0.940822 5.643955 -11.331210 7.684568 -0.000000 -0.000000 0.000000 20.101036 -18.795166 15.538337 16.642494 0.886044 0.926597 8.869804 0.375421 0.955174 -0.000000 0.000000 -0.000000
-3.105657 0.929210 1.094518 -93.766063 4.443191 -0.011705 -0.980428 1.120681 3.168401 -0.587165 -5.333187 1.416566 -0.584788 0.486944 1.356962 -0.335624 6.199673 1.024113 6.431386 20.052404 -3.356825 12.717285 1.834521 -8.029408 -0.488982 8.108661 8.229920 -26.242995 -17.646259 64.414041 33.019794 41.701423 17.968432 -1.175301 16.351679 -10.801066 0.430287 7.490215 -8.420080 16.514692 -9.813393 -66.478677 -45.131486 64.313822 -35.756233 -8.972988 11.110821 2.020467 -6.405335 -0.507830 -13.625283 3.134566 7.167745 -0.950507 5.887928 -11.134357 8.484431 -0.004207 -0.626743 1.607747 22.906285 -19.775599 14.718607 18.778434 2.258091 1.214092 8.934337 0.582597 -0.514754 0.000000 -0.000000 -0.000000
-3.111249 0.926059 1.111837 -93.472992 4.247966 -0.243837 -1.062389 1.190265 3.327694 -0.631719 -5.303002 1.487941 -0.629193 0.517083 1.423816 -0.363917 6.222017 1.074654 6.374252 19.916716 -3.287791 12.606114 1.567640 -7.902896 -0.361389 8.266664 8.335974 -25.675460 -17.821729 64.120410 31.880335 40.846149 16.652424 -1.190716 16.412031 -10.021712 0.398249 7.298117 -8.408475 16.405731 -9.605491 -66.554365 -45.037175 63.422158 -35.201396 -9.500145 10.739478 2.588097 -6.086753 -0.095066 -14.598981 2.119482 7.375948 -0.929829 6.193085 -10.738267 9.305621 -0.022024 -1.573137 3.862556 26.239550 -20.701439 13.726564 20.118387 3.747623 1.520014 8.525010 1.074414 -2.623508 0.000000 0.000000 0.000000
-3.117398 0.923569 1.129874 -93.048264 4.019796 -0.329780 -1.199616 1.232308 3.418922 -0.697409 -5.285435 1.529049 -0.694625 0.534569 1.458250 -0.410411 6.234889 1.100726 6.317681 19.816735 -3.213563 12.490635 1.366195 -7.762859 -0.377719 8.333412 8.530637 -25.256768 -18.091914 63.842295 30.872820 40.435988 15.524730 -1.203339 16.486828 -9.194207 0.356918 7.156330 -8.406572 16.372586 -9.491088 -66.584768 -45.106899 62.593908 -34.935337 -9.966838 10.401547 3.092427 -5.912762 0.406713 -15.684767 1.153729 7.493151 -0.977165 6.484247 -9.923083 9.956574 -0.079611 -2.902059 5.814466 29.291029 -21.363720 12.653906 20.112594 5.189064 1.635000 8.198851 2.119189 -4.352671 0.000000 -0.000000 -0.000000
-3.124490 0.921935 1.148760 -92.409918 3.755778 -0.177684 -1.439857 1.212191 3.391314 -0.802750 -5.296101 1.517320 -0.799499 0.523760 1.435824 -0.490732 6.226593 1.083862 6.275439 19.784807 -3.127060 12.390950 1.290824 -7.596916 -0.644697 8.228071 8.902150 -25.030960 -18.535657 63.510245 29.994189 40.779876 14.672676 -1.217591 16.577731 -8.259349 0.311236 7.078731 -8.436518 16.515792 -9.523374 -66.489822 -45.498585 61.875450 -35.246017 -10.325449 10.099693 3.508601 -5.954203 1.091039 -16.934219 0.326038 7.406792 -1.171104 6.744862 -8.641771 10.370063 -0.196262 -4.651769 7.013561 32.244089 -21.703312 11.430133 17.654535 6.488751 1.252135 8.155293 4.099132 -5.423908 0.000000 0.000000 -0.000000
-3.132139 0.920962 1.168363 -91.642458 3.453650 0.117406 -1.734550 1.164235 3.293773 -0.928776 -5.319315 1.474453 -0.924950 0.500356 1.380169 -0.588983 6.208908 1.041909 6.233127 19.788603 -3.035580 12.286372 1.281092 -7.417875 -1.060243 8.033367 9.359138 -24.944072 -19.079305 63.198115 29.200606 41.583727 13.954453 -1.221376 16.682810 -7.274150 0.256244 7.051562 -8.476237 16.733073 -9.650252 -66.347878 -45.995706 61.215966 -35.794587 -10.621020 9.829807 3.861993 -6.153993 1.868183 -18.294863 -0.460637 7.222022 -1.428534 7.019198 -6.942092 10.617566 -0.385573 -6.783351 7.924223 34.887520 -21.753742 10.199421 13.810813 7.758469 0.539234 8.231588 6.461524 -6.200356 0.000000 0.000000 0.000000
-3.139604 0.920748 1.188139 -90.837701 3.133242 0.420798 -2.005415 1.140242 3.207410 -1.044935 -5.331618 1.436526 -1.040590 0.487852 1.330451 -0.679452 6.199421 1.004450 6.159433 19.779225 -2.974442 12.134976 1.247386 -7.286099 -1.444514 7.833569 9.708410 -25.219885 -19.538668 63.201193 28.598397 42.436239 13.284883 -1.242292 16.770254 -6.702199 0.176095 7.082544 -8.476094 16.798212 -9.830770 -66.332443 -46.221168 60.724785 -35.992710 -10.781051 9.700202 4.067257 -6.558710 2.471146 -19.652949 -1.327106 7.181324 -1.606485 7.324084 -4.741047 10.702903 -0.659666 -9.233801 8.994257 35.800211 -21.538758 9.397497 11.306223 9.192086 -0.028418 8.534745 7.992255 -6.589338 0.000000 0.000000 0.000000
-3.146747 0.921353 1.208100 -89.949302 2.790171 0.715516 -2.259219 1.157220 3.149678 -1.155149 -5.325614 1.411421 -1.150332 0.493639 1.294143 -0.764511 6.203637 0.977148 6.032273 19.736611 -2.960602 11.903234 1.152288 -7.228009 -1.772195 7.599515 9.866817 -26.184951 -19.857524 63.772430 28.278458 43.406792 12.650585 -1.327813 16.836470 -6.887364 0.037538 7.220290 -8.398045 16.630341 -10.065138 -66.561349 -46.038884 60.536139 -35.598524 -10.773788 9.774807 4.033275 -7.241588 2.884740 -21.065527 -2.314174 7.235716 -1.610074 7.871875 -1.721062 10.540215 -1.123577 -12.602051 10.425346 33.590522 -21.106861 9.408230 11.698052 11.143869 -0.285842 9.281719 8.063917 -6.379518 0.000553 0.007653 -0.017610
-3.153706 0.922718 1.228234 -89.023999 2.427819 1.016785 -2.489941 1.198114 3.104170 -1.255850 -5.308813 1.391848 -1.250633 0.510224 1.264344 -0.842013 6.215961 0.954794 5.874349 19.680708 -2.977438 11.625677 1.033296 -7.217790 -2.063968 7.357721 9.918309 -27.530099 -20.081796 64.660618 28.159701 44.426926 12.077987 -1.429247 16.878705 -7.485721 -0.126825 7.415046 -8.279239 16.315571 -10.353447 -66.918632 -45.623061 60.519262 -34.886309 -10.630761 9.989480 3.851405 -8.112993 3.108953 -22.486223 -3.374587 7.442116 -1.544882 8.436385 1.796175 10.177065 -1.750793 -16.241059 12.150809 29.673140 -20.460728 9.764708 13.464596 13.250568 -0.426728 10.304410 7.310025 -5.783238 0.000644 0.015304 -0.035230
-3.160153 0.924759 1.247964 -88.290761 2.084582 1.242420 -2.601607 1.264316 3.103587 -1.305958 -5.280127 1.392207 -1.300604 0.538802 1.259638 -0.879899 6.237311 0.951394 5.721925 19.622599 -3.009688 11.362835 0.912901 -7.237135 -2.204892 7.273133 9.922983 -28.528526 -20.194628 65.405377 28.096335 44.875709 11.554187 -1.441751 16.867517 -7.930741 -0.234205 7.527202 -8.182854 15.879508 -10.651668 -67.229222 -45.102388 60.390988 -34.076485 -10.371596 10.259345 3.710374 -8.950874 2.895496 -23.648060 -4.483530 8.194445 -1.592514 8.357293 4.946064 9.746101 -2.187199 -18.200540 14.125063 26.820937 -19.648439 9.659977 14.728443 14.705656 -0.456320 11.138953 6.438800 -5.225976 -0.000000 0.000000 -0.000000
-3.165886 0.927669 1.267411 -87.942480 1.780600 1.364734 -2.492995 1.368591 3.180946 -1.262135 -5.233375 1.426905 -1.257089 0.585662 1.298811 -0.844390 6.272422 0.981089 5.572627 19.559234 -3.070827 11.114829 0.786478 -7.310181 -2.085009 7.483267 9.874360 -28.887714 -20.184564 65.834514 28.018205 44.213976 11.020630 -1.352742 16.750980 -8.141449 -0.228786 7.481341 -8.150794 15.169868 -10.932208 -67.458600 -44.334206 60.033560 -33.069750 -9.968779 10.586507 3.636942 -9.725741 2.033566 -24.522842 -5.728084 9.643007 -1.889963 6.984110 7.663749 9.437368 -1.977432 -17.243954 16.162044 26.309455 -18.654929 8.722386 14.698134 15.133465 -0.273123 11.573867 5.607648 -4.830955 -0.000474 -0.049543 0.142840
-3.171106 0.931255 1.286453 -87.784394 1.500396 1.416602 -2.265752 1.498095 3.306055 -1.168065 -5.174729 1.482517 -1.163531 0.644511 1.363967 -0.769408 6.316547 1.030354 5.429104 19.493965 -3.147053 10.882075 0.659005 -7.412521 -1.816427 7.854621 9.786079 -28.890920 -20.077387 66.119566 28.027510 42.984792 10.552695 -1.178106 16.583613 -8.200051 -0.165518 7.354208 -8.143450 14.338329 -11.224020 -67.643295 -43.482541 59.561355 -31.985760 -9.451405 10.975019 3.611090 -10.448743 0.729574 -25.124289 -7.036881 11.604147 -2.408373 4.907246 10.004779 8.939574 -1.177336 -14.533322 17.982225 26.813467 -17.492848 7.415604 14.159654 14.944849 0.072216 11.810805 4.660957 -4.445307 -0.000701 -0.121986 0.338547
-3.176083 0.934860 1.304148 -87.463125 1.230931 1.406726 -2.127969 1.615735 3.415980 -1.113003 -5.121848 1.531460 -1.108789 0.697492 1.418472 -0.724332 6.356223 1.071578 5.334721 19.447404 -3.181860 10.724661 0.566849 -7.452335 -1.615530 8.141558 9.743701 -28.672067 -19.928022 66.317563 28.189009 42.191743 10.305717 -0.868462 16.490415 -7.787585 -0.128296 7.233662 -8.100776 13.862974 -11.561610 -67.714777 -43.118798 59.047248 -31.358177 -8.919412 11.337445 3.750161 -10.975231 -0.622941 -25.262319 -8.154876 13.962680 -3.048533 3.312790 11.241323 7.799524 -0.226716 -11.837773 19.556853 27.189508 -16.313662 6.244312 13.581073 14.542993 0.355521 12.007516 3.837293 -4.058266 -0.000857 -0.206344 0.475734
-3.180863 0.938326 1.320125 -86.851784 0.969132 1.347071 -2.166950 1.706397 3.475532 -1.133933 -5.082049 1.558449 -1.129712 0.737247 1.443327 -0.738219 6.385907 1.090481 5.323293 19.427747 -3.145826 10.694607 0.525234 -7.385321 -1.563413 8.232251 9.785061 -28.111752 -19.709847 66.385407 28.435343 42.144482 10.291048 -0.333692 16.498358 -6.642033 -0.144200 7.118336 -7.989374 14.093707 -11.966149 -67.624491 -43.693612 58.580961 -31.642349 -8.390451 11.655416 4.136306 -11.196830 -1.951709 -24.865807 -9.298636 16.842741 -3.793368 2.718276 10.835083 5.517108 0.782803 -9.396180 21.526024 27.130487 -15.150977 5.327948 13.026593 13.992004 0.479485 12.245786 3.224113 -3.657705 -0.000923 -0.300571 0.490815
-3.185399 0.941811 1.334756 -86.076511 0.719867 1.223077 -2.294922 1.785631 3.518309 -1.193560 -5.047942 1.578297 -1.189182 0.771237 1.457129 -0.781841 6.411216 1.101085 5.360814 19.426079 -3.067907 10.739522 0.517080 -7.254844 -1.577016 8.234967 9.866700 -27.334380 -19.445831 66.371012 28.804378 42.531950 10.488264 0.374619 16.541968 -5.028715 -0.187095 7.008243 -7.841774 14.676634 -12.417204 -67.424109 -44.696759 58.060516 -32.338459 -7.851502 11.944759 4.689270 -11.266069 -3.332655 -24.032175 -10.343443 20.109931 -4.640167 2.662546 9.333556 2.771376 1.881432 -7.147748 23.536254 26.954706 -13.975501 4.540543 12.421143 13.224263 0.542109 12.444863 2.733726 -3.253256 -0.001389 -0.406771 0.447385
-3.189818 0.945123 1.348213 -85.163446 0.482852 1.001277 -2.457320 1.862035 3.583699 -1.269624 -5.015486 1.608388 -1.265040 0.803525 1.479499 -0.837108 6.435171 1.118173 5.388817 19.437249 -2.979088 10.762599 0.530257 -7.100338 -1.623438 8.230257 9.946597 -26.838454 -19.266892 66.462469 29.492725 43.423827 11.002259 1.083935 16.615637 -3.416953 -0.260981 6.991879 -7.693448 15.034265 -12.881881 -67.193112 -45.257729 57.296293 -32.541008 -7.354530 12.165360 5.278075 -11.440122 -4.589404 -22.834616 -10.454245 23.322973 -5.313709 2.847708 7.698714 0.937248 2.435690 -6.396213 24.384863 26.491474 -12.876556 3.969079 12.025702 12.428585 0.580287 12.524402 2.342083 -2.870985 -0.001928 -0.520197 0.424809
-3.194146 0.948260 1.360292 -84.081824 0.253080 0.605103 -2.658379 1.945714 3.711066 -1.366045 -4.980432 1.666346 -1.361206 0.838344 1.527659 -0.905671 6.460865 1.154765 5.392874 19.469427 -2.887249 10.739259 0.579659 -6.931101 -1.710491 8.237905 10.019737 -26.895897 -19.284530 66.757444 30.764898 45.142564 12.070853 1.791502 16.766233 -1.843865 -0.393372 7.156020 -7.550761 14.913902 -13.366706 -66.953736 -44.983038 56.141832 -31.825300 -6.920889 12.286594 5.897795 -11.955922 -5.676939 -21.131335 -8.830758 26.511934 -5.511472 3.196356 6.139635 0.656335 1.946796 -7.909753 23.256022 25.661375 -11.921749 3.719523 11.959462 11.666554 0.585612 12.400013 2.062597 -2.519570 -0.002546 -0.644525 0.452605
-3.198357 0.951225 1.371198 -82.861092 0.044350 0.109931 -2.893601 2.026239 3.861136 -1.478792 -4.947256 1.734648 -1.473636 0.871238 1.584517 -0.985769 6.485030 1.197957 5.387983 19.514153 -2.783844 10.695192 0.650196 -6.736967 -1.830310 8.238590 10.091225 -27.234387 -19.386392 67.153088 32.498694 47.333654 13.610649 2.530622 16.941786 -0.269850 -0.554197 7.414366 -7.403871 14.567420 -13.862104 -66.677295 -44.362782 54.750998 -30.703412 -6.533882 12.336893 6.551121 -12.603955 -6.648707 -19.057055 -6.140999 29.754844 -5.184986 3.781201 4.439430 1.131027 0.934651 -10.738792 20.781546 24.563512 -11.042334 3.672897 12.101016 10.869258 0.544965 12.158566 1.884786 -2.187033 -0.003395 -0.776058 0.501263
-3.202500 0.953840 1.381723 -81.618941 -0.121377 -0.288099 -3.095721 2.080890 3.955751 -1.573841 -4.925132 1.778024 -1.568388 0.893116 1.618256 -1.054317 6.501059 1.223649 5.359404 19.541862 -2.675752 10.608125 0.686198 -6.528931 -1.925945 8.254358 10.135607 -27.529882 -19.374908 67.529503 34.197379 49.074379 15.118260 3.112364 17.035210 0.955691 -0.661887 7.595072 -7.264688 14.175351 -14.307376 -66.368049 -43.839981 53.410138 -29.654716 -6.181023 12.366260 7.118029 -12.936338 -7.483916 -17.094564 -3.702363 32.657518 -4.488015 4.470415 2.940223 1.642682 0.087302 -13.537162 17.932769 23.290936 -10.128536 3.571050 12.351848 10.027851 0.483390 11.976702 1.747939 -1.869680 -0.004406 -0.898970 0.561588
-3.206653 0.956040 1.392088 -80.403026 -0.234868 -0.522023 -3.234880 2.094465 3.967689 -1.636446 -4.920345 1.784054 -1.630777 0.897728 1.617935 -1.101130 6.504356 1.223516 5.297659 19.544131 -2.560152 10.460289 0.671229 -6.299636 -1.971858 8.306460 10.134112 -27.683141 -19.153938 67.873139 35.585864 50.005125 16.270368 3.377353 17.020177 1.704756 -0.672159 7.608023 -7.133493 13.718100 -14.627255 -66.014099 -43.457454 52.194979 -28.711895 -5.850780 12.381322 7.525920 -12.623258 -8.136367 -15.397083 -1.977040 35.054735 -3.466220 5.278931 1.818591 2.038081 -0.472654 -16.091517 14.952370 21.770410 -9.129336 3.339340 12.743149 9.104670 0.403334 11.956970 1.649621 -1.569330 -0.005730 -1.025111 0.631564
-3.210739 0.957890 1.402072 -79.167262 -0.313086 -0.656188 -3.341206 2.083802 3.923330 -1.681463 -4.925738 1.764692 -1.675628 0.892201 1.594001 -1.136556 6.500194 1.205488 5.211613 19.529265 -2.440621 10.268136 0.622455 -6.057363 -1.993177 8.374402 10.106551 -27.788929 -18.823692 68.201632 36.797950 50.512602 17.230992 3.429739 16.959303 2.114518 -0.631989 7.541704 -7.013790 13.213647 -14.897083 -65.630200 -43.150124 51.030753 -27.820125 -5.546818 12.377216 7.847564 -11.958374 -8.689899 -13.817564 -0.486357 37.021461 -2.158524 6.190356 0.892222 2.529862 -0.788887 -18.543280 11.544508 20.067211 -8.103891 3.041021 13.243335 8.135373 0.299712 11.997324 1.590335 -1.285610 -0.007292 -1.142634 0.713190
-3.214571 0.959403 1.411802 -77.889661 -0.381062 -0.691002 -3.437517 2.074941 3.825280 -1.719339 -4.929900 1.721345 -1.713345 0.887925 1.546810 -1.168375 6.497096 1.169905 5.113474 19.493181 -2.334306 10.059556 0.535138 -5.837400 -2.009195 8.416961 10.084646 -27.813118 -18.484896 68.441211 37.804875 50.823934 18.075437 3.440395 16.897006 2.230606 -0.597529 7.492476 -6.922380 12.898284 -15.287273 -65.268027 -43.108948 49.987022 -27.246338 -5.278799 12.387109 8.181424 -11.413838 -9.307658 -12.393737 0.758077 38.515303 -0.946618 7.025406 0.050248 3.061203 -0.799428 -20.237273 8.178759 18.471054 -7.113980 2.632012 13.660544 7.223187 0.195427 11.966201 1.513325 -1.011938 -0.008414 -1.200157 0.803296
-3.218035 0.960546 1.421423 -76.587982 -0.443703 -0.584111 -3.523202 2.070982 3.651712 -1.748747 -4.931269 1.644307 -1.742612 0.886472 1.466795 -1.196323 6.496286 1.109550 5.008186 19.439014 -2.247892 9.845014 0.416161 -5.652855 -2.020601 8.423220 10.080065 -27.679197 -18.139266 68.535511 38.542611 50.900023 18.771423 3.441368 16.849897 1.984446 -0.576850 7.491480 -6.867509 12.928150 -15.898818 -64.925179 -43.510353 49.134786 -27.215450 -5.045521 12.434656 8.566780 -11.178170 -10.083078 -11.188732 1.765060 39.572656 -0.019478 7.767199 -0.735766 3.754627 -0.579541 -20.940235 5.018553 16.995539 -6.164248 2.060407 13.994894 6.393004 0.098381 11.861747 1.399820 -0.742820 -0.008230 -1.154052 0.905358
-3.221244 0.961351 1.430790 -75.244855 -0.503871 -0.377565 -3.598687 2.072479 3.424742 -1.771059 -4.929717 1.543434 -1.764840 0.887956 1.363659 -1.220752 6.497791 1.031741 4.890087 19.364397 -2.175667 9.612539 0.260131 -5.491628 -2.027393 8.403603 10.079583 -27.465932 -17.783217 68.545299 39.056942 50.784858 19.326565 3.377492 16.814363 1.441368 -0.561038 7.509166 -6.839325 13.145466 -16.640048 -64.619157 -44.126255 48.397494 -27.466933 -4.852700 12.494713 8.961644 -11.053853 -10.895217 -10.142380 2.460541 40.188530 0.663457 8.409703 -1.453934 4.540974 -0.262534 -20.967961 2.117603 15.616450 -5.257298 1.384418 14.247809 5.621414 0.003654 11.685087 1.270140 -0.483010 -0.006911 -1.047887 1.015800
-3.224357 0.961932 1.439596 -73.785333 -0.579572 -0.200017 -3.688492 2.100017 3.214158 -1.800778 -4.916722 1.450091 -1.794505 0.900849 1.267292 -1.250278 6.507798 0.959097 4.755281 19.257215 -2.116567 9.355916 0.043923 -5.351713 -2.048452 8.348626 10.076087 -27.373809 -17.507327 68.565454 39.522024 50.820106 19.923878 3.298011 16.797977 0.842832 -0.579118 7.552001 -6.824321 13.317738 -17.387918 -64.427407 -44.549392 47.632525 -27.543283 -4.723978 12.524930 9.340701 -10.944309 -11.576907 -9.104270 2.687714 40.298471 1.031986 8.798619 -2.115282 5.073411 0.016109 -20.608976 -0.126508 14.571446 -4.437665 0.742124 14.231017 4.942593 -0.080392 11.308702 1.128528 -0.240144 -0.005569 -0.961091 1.120952
-3.227386 0.962268 1.447678 -72.175889 -0.681965 -0.102717 -3.805621 2.169100 3.044371 -1.844927 -4.885630 1.375375 -1.838600 0.931795 1.188091 -1.289349 6.531250 0.899508 4.603357 19.096467 -2.075854 9.077124 -0.270721 -5.244089 -2.101293 8.247059 10.064243 -27.533822 -17.364046 68.639970 40.099930 51.183031 20.748404 3.212692 16.806089 0.217905 -0.656894 7.634912 -6.819440 13.405633 -18.110772 -64.385371 -44.667497 46.758292 -27.281904 -4.694166 12.506502 9.695432 -10.918783 -12.095456 -7.978652 2.212738 39.873593 0.864525 8.860498 -2.679592 5.192220 0.191803 -20.087013 -1.427202 14.048735 -3.716344 0.195304 13.816717 4.382040 -0.152561 10.643589 0.972734 -0.008173 -0.005087 -0.926785 1.214558
-3.230318 0.962379 1.455200 -70.449933 -0.797116 -0.036387 -3.937285 2.263491 2.893270 -1.896574 -4.843412 1.309301 -1.890195 0.973846 1.116777 -1.333449 6.562995 0.845932 4.433214 18.904018 -2.050649 8.771084 -0.643710 -5.160645 -2.169585 8.110882 10.046827 -27.815764 -17.296453 68.717706 40.656429 51.689951 21.648118 3.103490 16.830978 -0.463107 -0.767708 7.744528 -6.825083 13.452887 -18.829792 -64.457756 -44.628196 45.861291 -26.870800 -4.729017 12.454505 10.027591 -10.906077 -12.491945 -6.852628 1.291297 38.942791 0.325973 8.684045 -3.149070 5.072817 0.283995 -19.310448 -2.039234 13.865761 -3.063753 -0.297563 13.135512 3.918587 -0.207911 9.778537 0.808378 0.208938 -0.005031 -0.911872 1.302946
-3.233267 0.962437 1.462346 -68.632780 -0.901870 0.021414 -4.069377 2.354040 2.760476 -1.949255 -4.802960 1.251427 -1.942825 1.014119 1.053556 -1.377705 6.593373 0.798459 4.240877 18.731572 -2.026473 8.422621 -0.981228 -5.069304 -2.221171 7.965331 10.029029 -28.027342 -17.233178 68.748355 40.908769 52.144912 22.295837 2.991966 16.855859 -1.045466 -0.862317 7.844046 -6.833973 13.351970 -19.493564 -64.602219 -44.433731 45.060823 -26.384653 -4.744651 12.377840 10.331186 -10.599380 -12.722503 -5.846546 0.486764 37.529050 -0.082663 8.369381 -3.579875 4.852880 0.325181 -18.077163 -2.400757 13.708646 -2.459044 -0.753478 12.387189 3.515968 -0.232464 8.853145 0.650701 0.388383 -0.004914 -0.896487 1.391407
-3.236236 0.962463 1.469206 -66.718815 -0.985774 0.099285 -4.204002 2.428563 2.636373 -2.003350 -4.769645 1.197362 -1.996844 1.047237 0.993995 -1.422712 6.618370 0.753721 4.018383 18.597812 -2.000309 8.015319 -1.249079 -4.961014 -2.245365 7.803612 10.012807 -28.084077 -17.142078 68.706174 40.714238 52.486709 22.548341 2.903690 16.871939 -1.461234 -0.912863 7.911865 -6.847785 12.996082 -20.070851 -64.804881 -43.967568 44.353234 -25.727700 -4.706200 12.253475 10.623894 -9.814314 -12.753864 -5.010227 -0.154979 35.542217 -0.301147 7.903815 -3.988990 4.524326 0.318358 -16.357850 -2.535942 13.480351 -1.887570 -1.207382 11.622964 3.143890 -0.220030 7.906974 0.513640 0.519556 -0.004457 -0.871538 1.487614
-3.239223 0.962436 1.475691 -64.713618 -1.059840 0.169577 -4.339083 2.498531 2.530235 -2.058488 -4.738421 1.151327 -2.051902 1.078264 0.942362 -1.467894 6.641776 0.714966 3.774929 18.484022 -1.973431 7.567611 -1.480610 -4.842507 -2.253146 7.632131 9.994072 -28.070971 -17.054573 68.618225 40.195212 52.778663 22.542422 2.823891 16.884632 -1.776515 -0.947860 7.969490 -6.866049 12.491457 -20.584414 -65.070538 -43.359018 43.740479 -24.993671 -4.644387 12.104385 10.891644 -8.729619 -12.622571 -4.274351 -0.710201 33.074884 -0.499021 7.315268 -4.338177 4.069087 0.263131 -14.203609 -2.349643 13.279460 -1.363637 -1.625763 10.792559 2.831344 -0.175868 6.900865 0.381869 0.613054 -0.003894 -0.846102 1.583886
-3.242337 0.962459 1.481719 -62.659237 -1.130814 0.171213 -4.454101 2.569008 2.469048 -2.106993 -4.707180 1.125287 -2.100375 1.109333 0.911404 -1.506596 6.665142 0.691815 3.533245 18.384796 -1.936534 7.118447 -1.685091 -4.704118 -2.243828 7.495501 9.971304 -28.049407 -16.996844 68.514420 39.446721 53.015882 22.353489 2.720615 16.897785 -2.035610 -1.002693 8.043957 -6.878531 12.050407 -21.066747 -65.385852 -42.947831 43.358463 -24.517105 -4.569217 12.010495 11.086321 -7.582454 -12.390099 -3.580671 -0.867478 30.435146 -0.559452 6.747934 -4.610025 3.615115 0.187686 -11.492579 -2.053027 13.086591 -0.918258 -1.931913 9.943577 2.628773 -0.104301 5.856468 0.224693 0.677830 -0.003446 -0.827590 1.662473
-3.245626 0.962576 1.487196 -60.542581 -1.202226 0.060952 -4.545251 2.643913 2.476228 -2.148380 -4.674444 1.129649 -2.141774 1.141907 0.911563 -1.537668 6.689506 0.692150 3.296557 18.301139 -1.889553 6.673639 -1.860338 -4.546909 -2.208007 7.422287 9.944692 -28.050143 -16.984990 68.398291 38.467560 53.153267 21.984354 2.558462 16.937071 -2.242860 -1.113329 8.164978 -6.878133 11.788148 -21.570098 -65.790101 -42.826573 43.294579 -24.420811 -4.457323 12.016938 11.217515 -6.474642 -12.029011 -2.848146 -0.384639 27.610465 -0.477178 6.181493 -4.866381 3.203534 0.083747 -7.572563 -1.554239 12.932563 -0.585352 -2.081756 9.061403 2.583503 0.007384 4.751692 0.018248 0.715065 -0.003346 -0.820699 1.711195
-3.249041 0.962744 1.492215 -58.376457 -1.261423 -0.117702 -4.615999 2.714447 2.528692 -2.182941 -4.643960 1.154050 -2.176344 1.172252 0.932449 -1.562053 6.712116 0.708116 3.062310 18.230678 -1.831810 6.228624 -2.010553 -4.369380 -2.153923 7.383960 9.917432 -28.043049 -17.000632 68.263164 37.263244 53.226192 21.447033 2.378827 16.974577 -2.389588 -1.242936 8.302497 -6.868713 11.592720 -22.037746 -66.249346 -42.879196 43.469930 -24.561266 -4.325092 12.079842 11.280092 -5.303550 -11.572960 -2.135951 0.425165 24.618085 -0.392218 5.632903 -5.037068 2.794231 0.006068 -3.128811 -0.748732 12.791223 -0.341464 -2.127287 8.162502 2.645586 0.149374 3.608864 -0.216232 0.725690 -0.003469 -0.820781 1.742250
-3.252542 0.962930 1.496978 -56.241892 -1.291626 -0.294743 -4.656804 2.767428 2.582999 -2.204162 -4.621112 1.178974 -2.197575 1.195030 0.955225 -1.576280 6.729073 0.725462 2.844142 18.162097 -1.754049 5.806132 -2.156476 -4.159561 -2.107264 7.339413 9.892881 -27.997774 -17.019928 68.123160 35.934447 53.353067 20.823770 2.262602 16.935415 -2.502653 -1.318136 8.393599 -6.858570 11.333537 -22.345322 -66.636552 -43.121749 43.774794 -24.872030 -4.238116 12.147063 11.201672 -4.001845 -11.160482 -1.612670 1.045628 21.791544 -0.307240 5.283809 -4.931959 2.444486 -0.000000 0.000000 0.000000 12.557996 -0.132536 -2.137269 7.340626 2.719757 0.282317 2.516132 -0.441554 0.717610 -0.003538 -0.821240 1.774465
-3.256102 0.963160 1.501533 -54.143692 -1.290402 -0.457096 -4.665688 2.799383 2.630460 -2.210745 -4.607387 1.200469 -2.204196 1.208733 0.976054 -1.579702 6.739246 0.741267 2.649784 18.096490 -1.645740 5.416666 -2.296396 -3.900488 -2.079309 7.264098 9.874984 -27.889805 -17.036604 67.973203 34.432609 53.610042 20.091151 2.203154 16.779106 -2.635781 -1.310001 8.402233 -6.851820 10.911039 -22.429197 -66.881310 -43.556655 44.149604 -25.347159 -4.214855 12.201032 10.964502 -2.374388 -10.791212 -1.390867 1.237295 19.187845 -0.112476 5.204481 -4.452200 2.212178 0.009288 0.826047 0.263107 12.117072 0.037072 -2.125996 6.689254 2.803338 0.399310 1.502634 -0.646813 0.687746 -0.003639 -0.829936 1.815468
-3.259748 0.963410 1.505831 -52.077365 -1.261276 -0.614772 -4.644828 2.813833 2.677861 -2.203996 -4.601294 1.221582 -2.197502 1.214840 0.997842 -1.573067 6.743729 0.757729 2.471586 18.030294 -1.517753 5.049909 -2.436480 -3.610041 -2.059098 7.182270 9.858292 -27.743390 -17.057374 67.817446 32.793313 53.911925 19.273564 2.210185 16.548471 -2.738810 -1.249254 8.363966 -6.851106 10.421215 -22.358719 -67.037788 -44.192449 44.650467 -26.004377 -4.229922 12.261992 10.584068 -0.620271 -10.425901 -1.359576 1.227087 16.707186 0.142055 5.307339 -3.726182 2.129554 0.003936 0.408487 0.145877 11.584229 0.169833 -2.083893 6.114622 2.898267 0.506242 0.539399 -0.843950 0.638184 -0.003681 -0.839014 1.857631
-3.263521 0.963572 1.509923 -50.110159 -1.202928 -0.731411 -4.591116 2.811627 2.704164 -2.181418 -4.602187 1.232965 -2.174979 1.214044 1.011522 -1.555150 6.743112 0.768014 2.299317 17.946258 -1.394284 4.695931 -2.607778 -3.330208 -2.039068 7.126501 9.831984 -27.600970 -17.080687 67.685144 31.244159 54.146297 18.515204 2.391096 16.298145 -2.692505 -1.152339 8.323920 -6.863673 10.024362 -22.213668 -67.161013 -45.065015 45.336095 -26.823079 -4.282151 12.335738 10.035462 0.737050 -10.136698 -1.376599 1.237310 14.450206 0.336040 5.529641 -2.923702 2.221633 -0.000000 0.000000 0.000000 11.201465 0.333604 -2.038645 5.428423 2.917821 0.580496 -0.372721 -1.029046 0.582535 -0.003066 -0.818280 1.896895
-3.267429 0.963615 1.513825 -48.259850 -1.110721 -0.789042 -4.502205 2.786795 2.697855 -2.141355 -4.612634 1.229413 -2.134981 1.203758 1.012043 -1.525100 6.735468 0.768289 2.133046 17.840915 -1.281081 4.356603 -2.816745 -3.071451 -2.017287 7.112747 9.794003 -27.474455 -17.110979 67.586494 29.838187 54.323648 17.850555 2.888159 16.030310 -2.412220 -1.008864 8.294473 -6.890270 9.755279 -22.000739 -67.241992 -46.282765 46.219478 -27.863423 -4.374442 12.428695 9.269233 1.571270 -9.965607 -1.465357 1.319098 12.485727 0.546853 5.901599 -2.120793 2.577506 0.000000 0.000000 0.000000 11.112557 0.563246 -1.995703 4.523087 2.804024 0.602391 -1.260889 -1.191206 0.525510 -0.001199 -0.744801 1.935248
-3.271465 0.963571 1.517521 -46.508649 -0.994469 -0.803243 -4.380597 2.748034 2.668470 -2.085511 -4.628921 1.215253 -2.079249 1.187669 1.003544 -1.483934 6.723523 0.761689 1.971606 17.718451 -1.174367 4.028116 -3.056093 -2.826081 -1.994943 7.125900 9.749845 -27.351774 -17.146967 67.510630 28.529838 54.442242 17.243892 3.567791 15.745583 -2.006050 -0.829325 8.264072 -6.930261 9.578769 -21.719045 -67.282088 -47.788259 47.269671 -29.108144 -4.504898 12.538463 8.334244 2.010928 -9.858180 -1.623209 1.433507 10.745432 0.796450 6.382246 -1.269965 3.110127 0.000000 -0.000000 0.000000 11.173543 0.822651 -1.945318 3.505932 2.614753 0.591113 -2.097777 -1.341721 0.460218 0.001418 -0.641500 1.970656
-3.275644 0.963432 1.521018 -44.870357 -0.875765 -0.789231 -4.230386 2.718775 2.627844 -2.016442 -4.640728 1.196022 -2.010359 1.176114 0.991322 -1.433190 6.715023 0.752280 1.802541 17.575038 -1.084614 3.691288 -3.332881 -2.609372 -1.968989 7.152250 9.701054 -27.239450 -17.179641 67.455994 27.412954 54.381777 16.733408 4.122391 15.496416 -1.631591 -0.660689 8.242814 -6.985356 9.549551 -21.434104 -67.357573 -49.368356 48.485320 -30.414121 -4.665687 12.658995 7.353620 1.917939 -9.765751 -1.675516 1.698133 9.155775 0.904670 6.811091 -0.331065 3.540688 0.000000 -0.000000 -0.000000 11.194773 1.073795 -1.891939 2.510747 2.437439 0.582490 -2.800743 -1.509894 0.382971 0.003673 -0.546978 1.993054
-3.279991 0.963189 1.524295 -43.358985 -0.762165 -0.753783 -4.043423 2.709098 2.580561 -1.930790 -4.643583 1.173791 -1.924962 1.173571 0.977792 -1.370171 6.713319 0.741899 1.617324 17.403675 -1.015283 3.331739 -3.660565 -2.424889 -1.934662 7.192431 9.646367 -27.163263 -17.205646 67.428775 26.523668 54.049277 16.326497 4.411378 15.302399 -1.287775 -0.512791 8.234115 -7.059435 9.694576 -21.160201 -67.492761 -51.063991 49.935566 -31.784451 -4.895648 12.803688 6.292834 1.049554 -9.689185 -1.509688 2.324001 7.707515 0.800030 7.151564 0.839409 3.668936 -0.000000 -0.000000 -0.000000 11.138396 1.319943 -1.837367 1.529973 2.272655 0.591780 -3.306274 -1.697369 0.292538 0.005123 -0.471543 1.993507
-3.284482 0.962852 1.527373 -41.960350 -0.647994 -0.690878 -3.827886 2.709807 2.523093 -1.831964 -4.641651 1.146919 -1.826444 1.175828 0.960947 -1.297565 6.715233 0.729004 1.423814 17.213063 -0.964207 2.962574 -4.022888 -2.270656 -1.896574 7.246134 9.588190 -27.097258 -17.230343 67.423322 25.830059 53.547251 16.002781 4.574769 15.140353 -0.955134 -0.375776 8.236276 -7.147507 9.985458 -20.882295 -67.662424 -52.892302 51.546112 -33.253032 -5.161294 12.965725 5.186687 -0.350033 -9.635588 -1.239760 3.121013 6.425475 0.606613 7.448690 2.126099 3.672717 -0.000000 -0.000000 -0.000000 11.041993 1.558161 -1.782322 0.571316 2.118929 0.605068 -3.677461 -1.902811 0.189526 0.006103 -0.404903 1.980977
-3.289061 0.962446 1.530315 -40.645970 -0.534218 -0.597523 -3.612336 2.714665 2.456074 -1.732665 -4.637872 1.115806 -1.727457 1.179909 0.939904 -1.224924 6.718522 0.712939 1.234705 17.023396 -0.932339 2.606985 -4.381752 -2.152132 -1.866076 7.297855 9.532030 -26.970312 -17.257884 67.420146 25.317649 53.049686 15.751239 4.718906 15.000014 -0.752770 -0.266787 8.251461 -7.236943 10.393492 -20.617797 -67.873635 -54.544538 53.126389 -34.663582 -5.338307 13.109141 4.263242 -1.688827 -9.574320 -1.027577 3.610152 5.289872 0.424885 7.667395 3.188583 3.821491 0.000000 -0.000000 -0.000000 10.829016 1.741432 -1.733958 -0.209135 2.061462 0.612584 -4.021551 -2.151127 0.074361 0.006628 -0.354768 1.972280
-3.293661 0.961968 1.533099 -39.420026 -0.417118 -0.464934 -3.401691 2.725015 2.375893 -1.634908 -4.631635 1.078899 -1.630015 1.186440 0.912919 -1.153888 6.723669 0.692404 1.051612 16.833404 -0.920383 2.268786 -4.739970 -2.071492 -1.847478 7.341811 9.480285 -26.733870 -17.291603 67.401842 24.985793 52.612968 15.555508 4.875960 14.879738 -0.728888 -0.191209 8.284160 -7.321190 10.969309 -20.389584 -68.152299 -55.957957 54.692430 -35.997801 -5.367193 13.209298 3.602745 -2.787839 -9.520970 -0.937734 3.548709 4.307338 0.294895 7.788375 3.827939 4.350086 0.000000 0.000000 -0.000000 10.437201 1.835882 -1.701554 -0.684838 2.148135 0.600697 -4.400131 -2.454324 -0.050526 0.006583 -0.328792 1.976248
-3.298349 0.961422 1.535747 -38.278121 -0.302061 -0.302340 -3.191161 2.740333 2.286390 -1.536747 -4.623201 1.037865 -1.532175 1.195154 0.881851 -1.082861 6.730458 0.668792 0.873279 16.645530 -0.926780 1.945160 -5.093448 -2.025465 -1.836598 7.383459 9.430021 -26.436145 -17.330454 67.384177 24.812931 52.186126 15.402746 5.003364 14.783080 -0.837319 -0.143352 8.329688 -7.405236 11.661435 -20.170861 -68.476581 -57.149771 56.255036 -37.215560 -5.301855 13.288698 3.126997 -3.826751 -9.461087 -0.905697 3.174350 3.461387 0.201330 7.824192 4.246593 4.990670 -0.000000 -0.000000 -0.000000 9.928692 1.874980 -1.680270 -0.983471 2.332365 0.581019 -4.751315 -2.800433 -0.186615 0.006093 -0.319317 1.984062
-3.303278 0.960835 1.538390 -37.179034 -0.203065 -0.134028 -2.994598 2.750935 2.198965 -1.444875 -4.617035 0.997790 -1.440593 1.201554 0.851096 -1.016500 6.735484 0.645413 0.708831 16.485234 -0.947605 1.650922 -5.394561 -2.009531 -1.832126 7.424061 9.378107 -26.151162 -17.372309 67.397618 24.751021 51.780477 15.289214 5.092316 14.709238 -1.060726 -0.123673 8.376013 -7.494007 12.288224 -19.906659 -68.779516 -57.825912 57.637493 -38.037585 -5.182063 13.377294 2.827500 -4.752122 -9.320681 -0.900189 2.724061 2.694291 0.146572 7.792625 4.694395 5.262448 0.000000 -0.000000 -0.000000 9.413518 1.912956 -1.656178 -1.330239 2.557279 0.580518 -4.997052 -3.178367 -0.339451 0.005561 -0.311073 1.986062
-3.308476 0.960203 1.541055 -36.104881 -0.119438 0.029456 -2.820480 2.752450 2.118223 -1.363283 -4.615116 0.960770 -1.359249 1.203670 0.822354 -0.957660 6.737267 0.623557 0.560216 16.361291 -0.982564 1.389963 -5.627277 -2.024115 -1.837555 7.465163 9.318569 -25.905253 -17.417253 67.467555 24.794053 51.432205 15.197529 5.156092 14.647223 -1.406747 -0.152338 8.421917 -7.589886 12.796495 -19.559998 -69.045952 -57.715628 58.774286 -38.203238 -4.993559 13.486294 2.760213 -5.584428 -9.075051 -0.908743 2.216363 1.960928 0.136562 7.741929 5.347323 4.922329 -0.000000 0.000000 0.000000 8.867560 1.954564 -1.634997 -1.833377 2.815990 0.618344 -5.019171 -3.597690 -0.509465 0.005312 -0.288969 1.971837
-3.313916 0.959531 1.543715 -35.073658 -0.051625 0.197646 -2.660175 2.748637 2.039279 -1.287904 -4.615677 0.924620 -1.284094 1.203289 0.793859 -0.903440 6.737170 0.601898 0.426457 16.265395 -1.029836 1.160432 -5.807426 -2.066032 -1.849407 7.505380 9.257232 -25.671897 -17.467432 67.569243 24.938406 51.107909 15.132208 5.174506 14.611708 -1.866494 -0.209110 8.468893 -7.690344 13.239140 -19.170636 -69.286464 -56.939438 59.741010 -37.833311 -4.754457 13.587691 2.873663 -6.304406 -8.747771 -0.943150 1.630375 1.306486 0.167406 7.619746 6.021475 4.209116 -0.000000 -0.000000 -0.000000 8.314913 1.995024 -1.611350 -2.384602 3.114528 0.674146 -4.934778 -4.047695 -0.698838 0.005030 -0.268094 1.951803
-3.319661 0.958860 1.546425 -34.098159 -0.014871 0.375691 -2.501722 2.741661 1.959213 -1.213278 -4.617706 0.887967 -1.209687 1.201426 0.764783 -0.849823 6.735950 0.579796 0.312553 16.196965 -1.082761 0.969016 -5.935893 -2.124809 -1.855810 7.541176 9.208599 -25.446090 -17.521976 67.658858 25.147264 50.711912 15.129241 5.092653 14.639464 -2.393965 -0.233951 8.509046 -7.793920 13.595138 -18.802984 -69.471900 -55.784475 60.575452 -37.225513 -4.551120 13.659670 2.995152 -6.799465 -8.335973 -1.007772 1.144816 0.811070 0.212098 7.302767 6.421561 3.374579 -0.000000 0.000000 0.000000 7.937709 2.075032 -1.553525 -2.884009 3.414037 0.717613 -5.019173 -4.488038 -0.913897 0.004166 -0.278460 1.947526
-3.325803 0.958123 1.549275 -33.189254 -0.025397 0.592314 -2.340898 2.732637 1.861365 -1.136676 -4.620616 0.843367 -1.133303 1.198673 0.727958 -0.795300 6.734074 0.551836 0.221655 16.157310 -1.138693 0.820790 -6.010351 -2.196811 -1.852793 7.566076 9.186271 -25.241288 -17.575748 67.717152 25.423466 50.194213 15.212497 4.899304 14.753078 -2.974831 -0.192722 8.531452 -7.902526 13.817419 -18.462811 -69.564401 -54.253483 61.250184 -36.412392 -4.414146 13.697583 3.067081 -6.971924 -7.816292 -1.135786 0.900061 0.577468 0.248505 6.646616 6.336908 2.415349 -0.000000 0.000000 -0.000000 7.875054 2.261639 -1.458888 -3.279848 3.642561 0.731279 -5.462952 -4.891928 -1.165327 0.001878 -0.345920 1.978840
-3.332251 0.957387 1.552175 -32.336425 -0.067293 0.817000 -2.181714 2.720724 1.762508 -1.060748 -4.624867 0.798325 -1.057591 1.194571 0.690627 -0.741319 6.731181 0.523494 0.151312 16.145049 -1.198758 0.711887 -6.033600 -2.283450 -1.844268 7.585304 9.176060 -25.044317 -17.631262 67.764092 25.761491 49.603311 15.348090 4.606194 14.931505 -3.616954 -0.119516 8.546977 -8.015221 13.955799 -18.148287 -69.605815 -52.328412 61.785547 -35.355155 -4.314652 13.708735 3.141706 -6.923253 -7.207667 -1.287053 0.754246 0.503542 0.291800 5.803748 5.977726 1.348423 -0.000000 0.000000 -0.000000 7.987566 2.487933 -1.326865 -3.624288 3.871913 0.735678 -6.076323 -5.288849 -1.437340 -0.001140 -0.444631 2.025891
-3.338805 0.956890 1.554911 -31.520195 -0.105887 0.966485 -2.024670 2.703735 1.709823 -0.988128 -4.631623 0.773858 -0.985185 1.187947 0.673531 -0.688306 6.726333 0.510432 0.098009 16.155347 -1.262178 0.635316 -6.014498 -2.382088 -1.830120 7.613262 9.151133 -24.810181 -17.698588 67.813908 26.116458 48.990253 15.489514 4.194942 15.143656 -4.305316 -0.056608 8.580218 -8.125801 14.134230 -17.910502 -69.690170 -50.298879 62.307201 -34.274178 -4.245289 13.699359 3.207888 -6.836125 -6.573527 -1.358251 0.464035 0.360909 0.367263 5.101116 5.686487 0.453444 -0.000000 -0.000000 -0.000000 8.040343 2.592364 -1.133204 -3.974341 4.278400 0.759638 -6.564396 -5.722692 -1.695999 -0.002905 -0.527072 2.050676
-3.345450 0.956764 1.557397 -30.751360 -0.124421 0.990283 -1.865193 2.674180 1.732216 -0.918209 -4.644247 0.782807 -0.915464 1.175440 0.689578 -0.634823 6.716995 0.522389 0.063217 16.200193 -1.332907 0.594917 -5.930685 -2.500386 -1.810442 7.668272 9.099128 -24.509771 -17.795116 67.877212 26.445573 48.332584 15.609859 3.597132 15.403515 -5.073097 -0.023559 8.652286 -8.242101 14.428922 -17.803439 -69.856765 -48.183861 62.871351 -33.241750 -4.193199 13.664332 3.322331 -6.660085 -5.922766 -1.307003 -0.200668 0.038530 0.502268 4.701904 5.628276 -0.137985 0.000086 0.010377 -0.022365 7.941036 2.537137 -0.850453 -4.363068 4.890903 0.815167 -6.785943 -6.248688 -1.924898 0.000380 -0.469024 2.025566
-3.352200 0.956877 1.559718 -30.018945 -0.135663 0.939380 -1.708055 2.635962 1.800320 -0.851613 -4.660852 0.812144 -0.849048 1.158942 0.725678 -0.582308 6.704621 0.549490 0.045859 16.267638 -1.405520 0.587199 -5.804578 -2.628062 -1.785112 7.733090 9.033242 -24.171885 -17.904402 67.941715 26.792191 47.653130 15.733389 2.879083 15.694791 -5.883573 -0.000674 8.741896 -8.354902 14.763822 -17.769250 -70.073516 -45.944993 63.429586 -32.163700 -4.173938 13.609353 3.424207 -6.439492 -5.251177 -1.174423 -1.008460 -0.354426 0.676951 4.440802 5.641595 -0.564296 0.000083 0.020727 -0.044741 7.781074 2.358651 -0.511799 -4.759412 5.680256 0.888142 -6.881149 -6.809503 -2.144465 0.004850 -0.394638 1.978292
-3.358901 0.957072 1.561921 -29.270596 -0.148990 0.883278 -1.567811 2.603740 1.874051 -0.792838 -4.674834 0.844125 -0.790438 1.145043 0.763626 -0.535509 6.694188 0.578004 0.038206 16.316603 -1.466446 0.593792 -5.712735 -2.737773 -1.753761 7.769293 8.964328 -23.838471 -17.985889 67.988299 27.240319 47.071927 15.894030 2.225811 15.942062 -6.617211 0.028598 8.809069 -8.432791 15.032657 -17.688844 -70.323632 -43.799824 63.952561 -31.025471 -4.213106 13.564450 3.328659 -6.496328 -4.604461 -0.992494 -1.509863 -0.715480 0.837842 4.149279 5.578933 -0.958282 0.000000 -0.000000 -0.000000 7.600762 2.006240 -0.189822 -5.125478 6.735411 0.969405 -6.979030 -7.279032 -2.376829 0.001864 -0.629012 1.953298
-3.365550 0.957306 1.564000 -28.486166 -0.173564 0.831064 -1.453249 2.586042 1.949581 -0.745642 -4.682429 0.877102 -0.743388 1.137510 0.801392 -0.497400 6.688519 0.606417 0.042893 16.333820 -1.513005 0.618709 -5.679718 -2.825671 -1.712078 7.744728 8.882801 -23.523603 -18.002180 68.018977 27.828100 46.660580 16.099032 1.681558 16.118587 -7.245918 0.073096 8.822366 -8.453783 15.202821 -17.489411 -70.632503 -41.770552 64.441402 -29.767929 -4.300969 13.566097 2.938152 -7.004675 -3.993178 -0.754368 -1.453407 -0.997897 0.957332 3.735074 5.363066 -1.369134 -0.000119 -0.078748 0.183968 7.371578 1.443847 0.099072 -5.398505 8.137680 1.067276 -7.150858 -7.655013 -2.590796 -0.013371 -1.338617 1.927262
-3.372149 0.957622 1.565961 -27.685785 -0.200072 0.773414 -1.355531 2.574153 2.031194 -0.706263 -4.687482 0.912910 -0.704131 1.132509 0.841199 -0.464980 6.684742 0.636392 0.056953 16.331915 -1.549221 0.657681 -5.682186 -2.897961 -1.664567 7.691916 8.795949 -23.213701 -17.989121 68.035359 28.514296 46.348458 16.341294 1.204773 16.253169 -7.797385 0.123830 8.810904 -8.441851 15.305278 -17.240988 -70.970165 -39.867002 64.885066 -28.491726 -4.431546 13.590405 2.352321 -7.788313 -3.403651 -0.478302 -1.090905 -1.244894 1.049698 3.294044 5.070618 -1.745800 -0.000700 -0.188409 0.435126 7.118878 0.708407 0.365933 -5.643537 9.806162 1.178311 -7.329495 -7.939708 -2.815075 -0.035760 -2.357033 1.921434
-3.378551 0.957983 1.567866 -26.877577 -0.212353 0.752353 -1.262588 2.558769 2.091058 -0.667876 -4.694030 0.939049 -0.665855 1.126009 0.871237 -0.434021 6.679862 0.658992 0.064009 16.308265 -1.572769 0.679786 -5.725502 -2.944620 -1.624106 7.668126 8.740465 -22.909078 -18.014485 68.016539 29.261881 46.040904 16.631691 0.855409 16.355718 -8.238631 0.170728 8.825774 -8.434146 15.329521 -17.042460 -71.235902 -38.331943 65.242552 -27.473616 -4.632968 13.577859 1.681310 -8.647229 -2.844182 -0.235734 -0.728241 -1.488898 1.120388 2.939883 4.784378 -2.070153 -0.001472 -0.279019 0.604378 6.966005 -0.141990 0.576953 -6.015326 11.585723 1.274047 -7.441531 -8.013412 -3.160541 -0.062686 -3.510491 2.045370
-3.384774 0.958447 1.569764 -26.042246 -0.207845 0.803826 -1.177632 2.537692 2.106001 -0.630733 -4.703045 0.945204 -0.628815 1.117034 0.881162 -0.405491 6.673164 0.666401 0.059704 16.253250 -1.577830 0.675052 -5.827684 -2.953498 -1.598277 7.701307 8.752740 -22.600733 -18.114827 67.933648 30.097953 45.725599 17.001838 0.693114 16.423606 -8.535384 0.204928 8.899606 -8.441623 15.245123 -16.953475 -71.379615 -37.296806 65.509063 -26.874079 -4.928822 13.503183 0.917915 -9.599542 -2.312119 -0.060387 -0.416001 -1.746579 1.162049 2.723636 4.531671 -2.327530 -0.001742 -0.330073 0.618419 7.022605 -1.128368 0.683051 -6.671426 13.491932 1.357898 -7.498150 -7.743165 -3.679429 -0.100221 -4.832276 2.346229
-3.390798 0.958955 1.571606 -25.199090 -0.191220 0.892507 -1.097373 2.514725 2.098950 -0.594564 -4.712878 0.941586 -0.592751 1.107240 0.881216 -0.378434 6.665869 0.666359 0.047997 16.175741 -1.571591 0.652906 -5.971998 -2.939101 -1.579160 7.761060 8.798471 -22.297027 -18.250303 67.811172 30.993534 45.411123 17.415582 0.663579 16.457315 -8.729416 0.235609 9.000141 -8.451252 15.084163 -16.919049 -71.456393 -36.689482 65.707663 -26.604833 -5.294970 13.385469 0.066028 -10.629780 -1.811789 0.080835 -0.103957 -2.000894 1.183831 2.593460 4.287326 -2.534582 -0.001712 -0.362216 0.550492 7.184562 -2.228020 0.721103 -7.459737 15.506881 1.414308 -7.504499 -7.258941 -4.317774 -0.153388 -6.291238 2.772505
-3.396424 0.959295 1.573307 -24.414151 -0.156543 0.953940 -0.999996 2.489206 2.110962 -0.551741 -4.723794 0.946382 -0.550061 1.096370 0.890361 -0.345730 6.657764 0.673171 0.025228 16.101211 -1.570523 0.611885 -6.110984 -2.930223 -1.556651 7.817968 8.809012 -22.024276 -18.375506 67.707562 31.827297 45.034954 17.780668 0.655898 16.471769 -8.901475 0.279653 9.082152 -8.464054 14.930851 -16.867523 -71.524595 -36.455827 65.845500 -26.578490 -5.693083 13.227175 -0.749663 -11.488034 -1.362978 0.222547 0.053152 -2.236604 1.223102 2.507337 4.055931 -2.721123 -0.001593 -0.387259 0.471301 7.252660 -3.319937 0.794594 -8.070037 17.426740 1.391575 -7.373384 -6.831610 -5.031535 -0.218567 -7.619094 3.281514
-3.401596 0.959284 1.574770 -23.699614 -0.093852 0.941004 -0.875820 2.460486 2.169978 -0.499356 -4.736058 0.971996 -0.497842 1.084156 0.921295 -0.304246 6.648628 0.696415 -0.016048 16.031249 -1.580251 0.540300 -6.241776 -2.934639 -1.525818 7.862674 8.745882 -21.819483 -18.468394 67.662432 32.580616 44.554734 18.071313 0.641224 16.463173 -9.084436 0.345880 9.130017 -8.478114 14.786916 -16.768284 -71.593516 -36.713532 65.935962 -26.871362 -6.157214 12.997799 -1.567311 -12.088538 -0.969860 0.394523 -0.020101 -2.458039 1.318322 2.459450 3.839419 -2.902065 -0.001396 -0.403559 0.396360 7.120848 -4.419349 0.989143 -8.446322 19.290185 1.232167 -7.035809 -6.537402 -5.965002 -0.309012 -8.800733 4.028745
-3.406369 0.959104 1.576092 -23.043376 -0.011344 0.901526 -0.734513 2.427788 2.247797 -0.440268 -4.749995 1.005913 -0.438938 1.070269 0.961212 -0.257069 6.638235 0.726426 -0.068193 15.964527 -1.594751 0.450108 -6.366670 -2.943919 -1.492041 7.907113 8.647151 -21.646060 -18.553107 67.638138 33.272562 44.014452 18.313431 0.649783 16.434523 -9.246906 0.425167 9.159621 -8.496782 14.650452 -16.652391 -71.652687 -37.363123 65.962215 -27.432320 -6.653129 12.718612 -2.347573 -12.516083 -0.627465 0.569798 -0.248671 -2.662483 1.436259 2.455461 3.636416 -3.063136 -0.001117 -0.412763 0.310155 6.888946 -5.512514 1.231075 -8.647311 21.063094 1.003892 -6.561148 -6.288294 -6.979861 -0.417264 -9.861714 4.850778
-3.410701 0.959093 1.577469 -22.474938 0.069745 0.913078 -0.583333 2.390440 2.301320 -0.375522 -4.765890 1.028967 -0.374390 1.054418 0.990839 -0.206424 6.626400 0.748659 -0.111874 15.922498 -1.611789 0.375873 -6.445404 -2.960520 -1.460871 7.954343 8.558237 -21.420098 -18.654152 67.578121 33.842253 43.482719 18.499651 0.658517 16.411660 -9.368958 0.507228 9.173277 -8.530171 14.599954 -16.539126 -71.729630 -38.009832 65.885700 -27.965122 -7.046666 12.477333 -2.852068 -12.776810 -0.341152 0.698862 -0.561880 -2.824971 1.507424 2.470403 3.446020 -3.189878 -0.000892 -0.431609 0.236860 6.667553 -6.436588 1.394627 -8.516479 22.436630 0.868672 -6.042957 -6.113434 -7.609640 -0.484440 -10.586670 5.225123
-3.414527 0.959410 1.578969 -22.027547 0.133636 1.010765 -0.412229 2.355807 2.313335 -0.299836 -4.780435 1.033445 -0.298945 1.039921 1.003003 -0.148920 6.615633 0.757697 -0.141743 15.917145 -1.631853 0.327590 -6.455686 -2.987128 -1.433687 8.004686 8.497670 -21.071886 -18.782208 67.430127 34.259480 42.934254 18.632543 0.662212 16.401763 -9.436019 0.592186 9.163557 -8.591478 14.683885 -16.441821 -71.833779 -38.541927 65.666996 -28.389774 -7.285366 12.313054 -2.955841 -12.802599 -0.122527 0.754960 -0.983121 -2.918127 1.499768 2.498900 3.266045 -3.271150 -0.000756 -0.468273 0.185129 6.439111 -7.142675 1.430408 -7.800702 23.364581 0.912497 -5.490776 -6.117706 -7.619591 -0.468189 -10.855994 4.905900
-3.417911 0.959896 1.580524 -21.667739 0.194732 1.158921 -0.231213 2.318272 2.301167 -0.218515 -4.796217 1.027117 -0.217890 1.024178 1.004933 -0.087977 6.603958 0.759001 -0.162888 15.936549 -1.653174 0.295532 -6.419802 -3.018852 -1.408974 8.056826 8.446909 -20.670547 -18.923741 67.244531 34.561842 42.392861 18.721175 0.667973 16.395189 -9.461721 0.679845 9.138726 -8.668371 14.853858 -16.346716 -71.955702 -39.061139 65.345591 -28.779998 -7.438660 12.192066 -2.786124 -12.663531 0.040527 0.764060 -1.490020 -2.970072 1.446065 2.545676 3.098793 -3.318410 -0.000657 -0.514557 0.146285 6.227021 -7.678523 1.393868 -6.731922 23.893872 1.067979 -4.876055 -6.223778 -7.247286 -0.392873 -10.753882 4.155182
-3.421012 0.960408 1.582132 -21.324738 0.276087 1.328887 -0.077614 2.258446 2.273298 -0.148495 -4.822069 1.013965 -0.148095 0.998344 0.998886 -0.036058 6.584702 0.754289 -0.171615 15.966177 -1.670053 0.284737 -6.364685 -3.046655 -1.387700 8.110289 8.395824 -20.340536 -19.068466 67.119232 34.792376 42.000222 18.776354 0.671069 16.392415 -9.467294 0.759561 9.124046 -8.731835 15.043047 -16.231910 -72.094672 -39.494940 65.006584 -29.067781 -7.557505 12.098336 -2.484853 -12.573706 0.177643 0.755181 -1.943084 -3.038619 1.372289 2.600800 2.949876 -3.350857 -0.000582 -0.562637 0.118512 6.207598 -8.025189 1.310854 -5.881778 23.854430 1.248777 -4.227237 -6.188572 -6.719325 -0.291934 -10.368102 3.216899
-3.423862 0.960933 1.583815 -20.974470 0.380692 1.523488 0.031208 2.171131 2.225242 -0.097261 -4.860388 0.992092 -0.097024 0.960033 0.982213 0.001043 6.556068 0.741577 -0.159845 15.999909 -1.677852 0.308665 -6.301588 -3.064905 -1.376208 8.167287 8.342483 -20.118351 -19.235956 67.102795 34.945545 41.844361 18.798676 0.669458 16.393972 -9.447381 0.827142 9.135302 -8.765614 15.245160 -16.084568 -72.265111 -39.758690 64.639633 -29.159527 -7.649546 12.034903 -2.014234 -12.606625 0.305713 0.731627 -2.301872 -3.153748 1.272340 2.667992 2.829534 -3.367808 -0.000550 -0.613454 0.102830 6.535934 -8.136129 1.166513 -5.483358 23.095829 1.413182 -3.518343 -5.877949 -5.989411 -0.175740 -9.768982 2.059910
-3.426429 0.961484 1.585551 -20.640690 0.505228 1.740251 0.112895 2.061714 2.161073 -0.057222 -4.908689 0.963225 -0.057116 0.911740 0.957413 0.029173 6.519941 0.722748 -0.135584 16.043662 -1.681016 0.353917 -6.219695 -3.078840 -1.368060 8.225394 8.288675 -19.968087 -19.410096 67.148648 35.030230 41.835918 18.801813 0.665945 16.398606 -9.406900 0.886900 9.155702 -8.785238 15.466175 -15.917011 -72.451702 -39.948511 64.255874 -29.157380 -7.714910 11.999717 -1.412028 -12.688988 0.407544 0.689610 -2.606759 -3.285106 1.151576 2.743329 2.727443 -3.369920 -0.000571 -0.666086 0.098235 7.054032 -8.052665 0.977249 -5.320800 21.766212 1.554664 -2.787945 -5.440077 -5.070826 -0.056987 -8.871005 0.741137
-3.428771 0.961963 1.587270 -20.324329 0.663648 1.943008 0.182603 1.925979 2.101704 -0.022664 -4.968756 0.936613 -0.022678 0.851676 0.934310 0.053343 6.474970 0.705204 -0.119312 16.100974 -1.687773 0.385233 -6.112773 -3.096307 -1.345038 8.277514 8.229824 -19.906109 -19.528734 67.214455 35.109530 41.851054 18.814552 0.662045 16.405135 -9.382764 0.940960 9.161325 -8.809189 15.657956 -15.746017 -72.609497 -40.259685 63.973342 -29.281006 -7.778316 11.967671 -0.931482 -12.814029 0.460391 0.647836 -2.839075 -3.399146 1.052329 2.805577 2.618402 -3.378213 -0.000619 -0.709928 0.099898 7.468614 -7.890641 0.812416 -5.291776 20.147216 1.642226 -2.156426 -5.019148 -4.282296 0.022867 -7.570551 -0.371878
-3.430902 0.962344 1.588907 -20.029280 0.875345 2.124042 0.244717 1.754097 2.052562 0.008134 -5.044929 0.914672 0.008010 0.775503 0.915496 0.075045 6.417904 0.690896 -0.117642 16.181330 -1.703940 0.392164 -5.963225 -3.125618 -1.290319 8.318531 8.160632 -19.971959 -19.552311 67.308483 35.228635 41.851497 18.842608 0.651677 16.416773 -9.398601 0.989783 9.140686 -8.842328 15.799375 -15.560392 -72.723988 -40.757223 63.828862 -29.590831 -7.834262 11.930158 -0.656022 -12.992809 0.435221 0.611974 -2.975985 -3.477757 0.989451 2.849474 2.496043 -3.402243 -0.000693 -0.743235 0.106785 7.690053 -7.670088 0.691275 -5.394505 18.229993 1.687432 -1.601034 -4.690025 -3.708126 0.044486 -5.549344 -1.254015
-3.432808 0.962652 1.590528 -19.751390 1.121383 2.291549 0.294991 1.555511 2.007867 0.033524 -5.133026 0.894835 0.033300 0.687406 0.898238 0.092831 6.351884 0.677768 -0.123934 16.275331 -1.723522 0.385178 -5.788460 -3.158193 -1.220581 8.353716 8.086335 -20.126446 -19.520030 67.424696 35.342703 41.875174 18.880959 0.640336 16.430833 -9.430885 1.032988 9.105354 -8.880214 15.912120 -15.372902 -72.810407 -41.373693 63.784206 -30.022702 -7.877639 11.895006 -0.498993 -13.213745 0.360785 0.576704 -3.040260 -3.538332 0.946666 2.880303 2.366738 -3.432338 -0.000804 -0.767754 0.119935 7.806900 -7.374710 0.595808 -5.619642 16.024713 1.701521 -1.143428 -4.353537 -3.273331 0.011331 -3.157206 -1.936491
-3.434502 0.962863 1.592261 -19.479869 1.358561 2.433056 0.335391 1.354701 1.971840 0.054070 -5.222150 0.878931 0.053757 0.598280 0.884419 0.107247 6.285081 0.667249 -0.138841 16.358191 -1.737308 0.360412 -5.634729 -3.177113 -1.167935 8.391481 8.018137 -20.267599 -19.486878 67.499297 35.379632 41.912271 18.939205 0.646567 16.437403 -9.446154 1.071449 9.066363 -8.927573 16.012669 -15.237009 -72.869617 -42.099965 63.844033 -30.604374 -7.926595 11.861024 -0.457609 -13.436013 0.301256 0.543894 -3.081651 -3.600441 0.919650 2.892705 2.224435 -3.460610 -0.000935 -0.778116 0.137630 7.796293 -7.070679 0.535964 -5.847446 13.843046 1.667186 -0.953069 -3.873931 -3.084273 -0.032550 -1.315835 -2.166758
-3.435955 0.962958 1.594161 -19.207236 1.579116 2.548027 0.366058 1.153313 1.945453 0.069796 -5.311564 0.867380 0.069409 0.508864 0.874464 0.118352 6.218049 0.659657 -0.166522 16.421859 -1.743899 0.309831 -5.517105 -3.178467 -1.147380 8.437902 7.959540 -20.367134 -19.465811 67.491645 35.347058 41.932517 19.061607 0.683414 16.426246 -9.438817 1.109216 9.025894 -8.992271 16.118876 -15.184802 -72.894269 -43.034619 64.058586 -31.457668 -7.992334 11.828718 -0.589060 -13.666111 0.277652 0.506611 -3.103450 -3.682337 0.913570 2.886893 2.068495 -3.486591 -0.001079 -0.768513 0.160947 7.612669 -6.771148 0.518952 -6.040611 11.730216 1.558286 -1.135835 -3.145196 -3.272301 -0.035554 -0.467368 -1.649370
-3.437197 0.962956 1.596173 -18.941362 1.791218 2.636784 0.386632 0.949414 1.928000 0.080599 -5.402124 0.859863 0.080154 0.418302 0.868045 0.126045 6.150148 0.654740 -0.202942 16.474248 -1.745215 0.241431 -5.420720 -3.167166 -1.143961 8.486543 7.906839 -20.453140 -19.443163 67.442261 35.238254 41.965306 19.204828 0.738056 16.407524 -9.414784 1.142439 8.981908 -9.066408 16.212842 -15.185018 -72.893462 -44.105612 64.370536 -32.487223 -8.062562 11.795654 -0.835473 -13.897682 0.269221 0.471697 -3.102295 -3.765695 0.922949 2.862634 1.899545 -3.510585 -0.001227 -0.744749 0.188812 7.303146 -6.464523 0.536767 -6.230107 9.640553 1.416430 -1.566902 -2.274336 -3.745668 -0.014393 -0.164209 -0.703666
-3.438326 0.962891 1.598258 -18.694852 1.975697 2.687688 0.398075 0.762099 1.921553 0.086739 -5.485337 0.857261 0.086254 0.335089 0.866066 0.130581 6.087748 0.653183 -0.236500 16.514430 -1.737155 0.175375 -5.347073 -3.139730 -1.144958 8.526877 7.860290 -20.508378 -19.434263 67.408985 34.959191 42.090181 19.247100 0.790514 16.401634 -9.357757 1.159968 8.938924 -9.130995 16.257568 -15.195468 -72.893003 -45.024968 64.630021 -33.371811 -8.120900 11.757581 -1.022053 -14.070634 0.277745 0.460616 -3.118014 -3.815311 0.928071 2.813861 1.713435 -3.525804 -0.001357 -0.718871 0.216278 6.984859 -6.179141 0.575984 -6.406610 7.750173 1.309583 -2.070173 -1.444781 -4.270249 0.000000 -0.000000 0.000000
-3.439368 0.962762 1.600410 -18.466147 2.131569 2.692628 0.396839 0.592670 1.928880 0.086524 -5.560632 0.860803 0.086027 0.259794 0.869585 0.130779 6.031273 0.655783 -0.261134 16.540953 -1.716402 0.121756 -5.298777 -3.092137 -1.148014 8.549143 7.820177 -20.527920 -19.440413 67.403312 34.478274 42.361314 19.159785 0.840453 16.422659 -9.247851 1.158669 8.894524 -9.180749 16.252738 -15.198661 -72.904742 -45.668928 64.796911 -33.979326 -8.159817 11.713056 -1.103599 -14.164244 0.295507 0.484157 -3.165602 -3.810151 0.922383 2.733596 1.502838 -3.528124 -0.001458 -0.694253 0.240677 6.698340 -5.919567 0.637318 -6.590993 6.059695 1.253797 -2.718501 -0.697003 -4.831885 0.002427 0.101086 0.158305
-3.440298 0.962570 1.602635 -18.257225 2.260354 2.659188 0.386086 0.439653 1.947793 0.081483 -5.628655 0.869500 0.080999 0.191771 0.877771 0.127725 5.980243 0.661908 -0.283018 16.555202 -1.686455 0.070274 -5.273333 -3.028652 -1.155538 8.562914 7.785945 -20.516853 -19.460586 67.413843 33.821773 42.722916 18.966706 0.888810 16.457148 -9.104926 1.141477 8.850781 -9.221021 16.198874 -15.211627 -72.917524 -46.139544 64.919405 -34.418925 -8.186588 11.664846 -1.125295 -14.198933 0.330219 0.530757 -3.230082 -3.771185 0.912728 2.628702 1.275136 -3.521353 -0.001542 -0.667520 0.264675 6.404187 -5.680413 0.719504 -6.768806 4.569132 1.229546 -3.441722 0.003928 -5.449304 0.001201 0.051231 0.078715
-3.441141 0.962348 1.604905 -18.085976 2.346617 2.598971 0.376852 0.318029 1.973129 0.076704 -5.682710 0.881012 0.076236 0.137717 0.888798 0.125068 5.939687 0.670183 -0.308852 16.560540 -1.653325 0.010552 -5.264529 -2.958005 -1.161974 8.586721 7.756726 -20.473248 -19.507056 67.464115 32.980680 43.088021 18.623580 0.917139 16.484002 -8.972023 1.106126 8.818777 -9.248774 16.060499 -15.243430 -72.922600 -46.460784 64.987351 -34.703924 -8.206019 11.616798 -1.047981 -14.176184 0.406743 0.588151 -3.306357 -3.726184 0.899678 2.513871 1.048239 -3.510669 -0.001629 -0.640598 0.291331 6.099187 -5.474739 0.806098 -6.882881 3.454613 1.239729 -3.858473 0.606047 -5.896519 0.000000 -0.000000 0.000000
-3.441898 0.962107 1.607214 -17.951922 2.383576 2.509946 0.369574 0.236005 2.006328 0.072283 -5.719146 0.895970 0.071830 0.101282 0.903308 0.122923 5.912343 0.681096 -0.340384 16.552650 -1.619355 -0.059747 -5.280375 -2.883959 -1.166635 8.622639 7.733487 -20.385744 -19.594989 67.565940 31.898331 43.435773 18.079259 0.917115 16.494005 -8.861521 1.041578 8.808883 -9.264070 15.784520 -15.300164 -72.918175 -46.532236 64.976458 -34.731847 -8.217210 11.557582 -0.824420 -14.077086 0.539034 0.654252 -3.387792 -3.689359 0.888705 2.363783 0.827500 -3.503121 -0.001730 -0.611948 0.323862 5.740505 -5.327746 0.884490 -6.923961 2.858900 1.307275 -3.686089 1.121314 -6.041240 0.000491 0.088322 -0.006452
-3.442568 0.961836 1.609569 -17.855475 2.378086 2.393668 0.363789 0.185378 2.046356 0.068092 -5.741612 0.913930 0.067655 0.078817 0.920842 0.121164 5.895474 0.694299 -0.375878 16.535922 -1.582251 -0.138350 -5.312700 -2.802777 -1.170262 8.668516 7.715291 -20.266141 -19.709781 67.707409 30.623059 43.777298 17.376662 0.896688 16.496684 -8.760720 0.958722 8.810660 -9.266838 15.423839 -15.375413 -72.905845 -46.449192 64.913619 -34.598920 -8.220001 11.500089 -0.501620 -13.920172 0.712572 0.731825 -3.481030 -3.646435 0.874441 2.203700 0.607639 -3.491502 -0.001827 -0.583110 0.359052 5.370815 -5.213343 0.966502 -6.902840 2.639707 1.401855 -3.210882 1.549382 -5.987380 0.000813 0.176672 -0.012495
-3.443171 0.961537 1.611966 -17.815741 2.334915 2.267119 0.369302 0.156540 2.084309 0.068932 -5.754347 0.930925 0.068488 0.066082 0.937922 0.123114 5.885910 0.707167 -0.416753 16.526820 -1.541023 -0.228567 -5.330934 -2.711935 -1.169412 8.736570 7.698559 -20.147233 -19.819048 67.876530 29.308760 44.075735 16.618035 0.861293 16.498335 -8.674958 0.888173 8.804012 -9.253761 15.101944 -15.459558 -72.882084 -46.529893 64.864096 -34.617680 -8.220331 11.484214 -0.182006 -13.763226 0.909913 0.815729 -3.600984 -3.582463 0.841090 2.124149 0.390528 -3.460167 -0.001910 -0.560633 0.390306 5.115133 -5.068333 1.072113 -6.791720 2.544723 1.444597 -2.906066 1.827591 -5.854484 -0.000000 0.000000 -0.000000
-3.443756 0.961175 1.614386 -17.850953 2.245929 2.128432 0.396187 0.154375 2.118932 0.079310 -5.755132 0.946384 0.078812 0.065295 0.954435 0.132121 5.885322 0.719616 -0.463785 16.523837 -1.493646 -0.332520 -5.337897 -2.607432 -1.158461 8.842282 7.683351 -20.036402 -19.922246 68.081559 27.969418 44.304516 15.797331 0.803936 16.499919 -8.609221 0.846336 8.779507 -9.217194 14.857016 -15.560125 -72.842122 -46.955955 64.869269 -34.961029 -8.230123 11.520515 0.093696 -13.603302 1.128933 0.918362 -3.797685 -3.479489 0.772196 2.189304 0.172130 -3.397705 -0.001968 -0.547752 0.411670 5.013897 -4.875940 1.230690 -6.485715 2.540073 1.378615 -3.015734 1.908697 -5.642462 -0.001950 -0.708752 0.051599
-3.444275 0.960785 1.616848 -17.942551 2.118828 1.979699 0.434500 0.173980 2.151630 0.094758 -5.746189 0.960943 0.094182 0.074235 0.970562 0.144869 5.892039 0.731782 -0.516177 16.528614 -1.442148 -0.448003 -5.330462 -2.493313 -1.142922 8.970129 7.669611 -19.926282 -20.020081 68.314280 26.595072 44.486245 14.924115 0.731298 16.499931 -8.558649 0.816665 8.746599 -9.164677 14.650651 -15.669679 -72.790489 -47.546424 64.884617 -35.456856 -8.236748 11.598643 0.365690 -13.443262 1.371977 1.027235 -4.021371 -3.355790 0.683872 2.334787 -0.043887 -3.316563 -0.002027 -0.541232 0.429100 5.027167 -4.653927 1.413078 -6.089769 2.660006 1.259865 -3.295238 1.840320 -5.352999 -0.003289 -1.682624 0.120381
-3.444603 0.960472 1.619409 -18.054621 1.982165 1.843843 0.463956 0.191117 2.177387 0.106596 -5.738391 0.972407 0.105961 0.082031 0.983228 0.154659 5.897894 0.741338 -0.572939 16.562341 -1.391691 -0.571606 -5.269154 -2.379425 -1.136101 9.085850 7.653479 -19.827366 -20.081394 68.538455 25.307167 44.668006 14.126577 0.669339 16.500788 -8.513945 0.780378 8.713552 -9.115667 14.491702 -15.756265 -72.738284 -48.070229 64.848336 -35.894921 -8.210285 11.726528 0.652229 -13.349953 1.629152 1.098612 -4.137079 -3.250431 0.609245 2.458328 -0.243990 -3.236740 -0.002131 -0.537910 0.453876 5.159580 -4.392039 1.552065 -5.890820 2.752577 1.179423 -3.486660 1.701857 -5.112427 -0.003114 -2.385648 0.160098
-3.444662 0.960295 1.622118 -18.181744 1.839266 1.733383 0.478940 0.201720 2.192350 0.112523 -5.733582 0.979064 0.111859 0.086840 0.990487 0.159630 5.901504 0.746814 -0.641154 16.638193 -1.344046 -0.715930 -5.129572 -2.266617 -1.139725 9.178997 7.630126 -19.723178 -20.087833 68.746475 24.118439 44.841124 13.418159 0.624471 16.502172 -8.487125 0.724619 8.681661 -9.077298 14.389186 -15.803418 -72.687392 -48.469083 64.730571 -36.209736 -8.131220 11.924912 0.942101 -13.378968 1.908013 1.098268 -4.063607 -3.185062 0.574176 2.530280 -0.417721 -3.164422 -0.002281 -0.537396 0.486459 5.510468 -4.076073 1.606024 -6.083975 2.764646 1.184124 -3.497379 1.491930 -4.969417 -0.002119 -2.555223 0.133985
-3.444531 0.960197 1.624925 -18.329405 1.686790 1.635985 0.485073 0.209935 2.200300 0.114848 -5.729887 0.982597 0.114172 0.090534 0.994255 0.161648 5.904275 0.749658 -0.713704 16.743127 -1.297904 -0.867922 -4.935866 -2.155204 -1.152129 9.259988 7.604096 -19.630032 -20.056999 68.946305 23.017280 45.021235 12.784848 0.590257 16.504020 -8.466213 0.662238 8.649761 -9.042465 14.334238 -15.827713 -72.636089 -48.795930 64.563219 -36.460755 -8.019632 12.173010 1.245458 -13.475215 2.201376 1.058143 -3.881819 -3.138150 0.552402 2.580367 -0.575394 -3.093054 -0.002481 -0.540080 0.526389 5.980021 -3.721340 1.620098 -6.473446 2.749287 1.228625 -3.421127 1.211386 -4.876645 -0.001290 -2.453889 0.079764
-3.444317 0.960111 1.627744 -18.478244 1.543494 1.536978 0.478808 0.203924 2.207632 0.111755 -5.732575 0.985887 0.111093 0.087846 0.997232 0.159571 5.902252 0.751901 -0.768286 16.858901 -1.253728 -0.985754 -4.721677 -2.054002 -1.181654 9.325942 7.585484 -19.607685 -20.010897 69.125057 22.083129 45.300597 12.306487 0.573379 16.510031 -8.405896 0.613079 8.622402 -9.009291 14.308996 -15.846799 -72.590203 -48.985608 64.380129 -36.624397 -7.904952 12.416504 1.613106 -13.539398 2.477613 1.034552 -3.699807 -3.083404 0.499376 2.595364 -0.734307 -3.022886 -0.002770 -0.543962 0.583565 6.274495 -3.361284 1.653745 -6.759310 2.711726 1.263350 -3.279510 0.941823 -4.818322 -0.001286 -2.333366 0.063122
-3.444061 0.960021 1.630558 -18.622828 1.414932 1.429611 0.455768 0.176625 2.217424 0.101192 -5.744800 0.990321 0.100581 0.075623 1.000594 0.151962 5.893065 0.754427 -0.795611 16.986771 -1.213538 -1.051567 -4.484610 -1.969936 -1.235042 9.370147 7.578530 -19.689435 -19.953905 69.265807 21.372549 45.741003 12.047712 0.579101 16.520852 -8.279019 0.595187 8.596978 -8.976411 14.322094 -15.864771 -72.549554 -49.015762 64.185705 -36.705228 -7.792460 12.642544 2.087602 -13.549797 2.727951 1.056980 -3.532117 -3.011579 0.385111 2.559600 -0.902532 -2.955889 -0.003212 -0.548640 0.669432 6.248542 -3.009974 1.730437 -6.842720 2.665083 1.268462 -3.034083 0.708011 -4.814280 -0.002557 -2.275498 0.128098
-3.443723 0.959943 1.633383 -18.768626 1.295522 1.320544 0.420235 0.135186 2.226655 0.085168 -5.763372 0.994529 0.084634 0.057055 1.003175 0.140228 5.879110 0.756357 -0.804942 17.125389 -1.175346 -1.083321 -4.227341 -1.895992 -1.305682 9.399464 7.578775 -19.841672 -19.880935 69.384121 20.827371 46.290605 11.938837 0.602275 16.536931 -8.112761 0.590518 8.576021 -8.945074 14.364855 -15.877746 -72.514100 -48.912800 63.975981 -36.702961 -7.676915 12.864017 2.627267 -13.527921 2.961304 1.097027 -3.364603 -2.931589 0.239818 2.488548 -1.071670 -2.889676 -0.003754 -0.554474 0.772546 6.048261 -2.651404 1.820919 -6.822808 2.595477 1.262672 -2.723096 0.484866 -4.845144 -0.004436 -2.198389 0.230616
-3.443291 0.959870 1.636179 -18.912653 1.187337 1.215057 0.381638 0.089055 2.232603 0.067956 -5.784050 0.997272 0.067506 0.036379 1.004170 0.127491 5.863574 0.757089 -0.801789 17.252545 -1.133154 -1.093129 -3.991246 -1.819086 -1.381858 9.431416 7.583281 -20.023952 -19.799492 69.515986 20.352116 46.870611 11.855786 0.633840 16.561917 -7.943399 0.564827 8.571803 -8.917536 14.393510 -15.891324 -72.490014 -48.688163 63.772025 -36.590343 -7.571534 13.065146 3.156890 -13.439076 3.172649 1.126042 -3.262267 -2.844151 0.109690 2.415721 -1.234415 -2.818081 -0.004249 -0.560628 0.868472 5.817461 -2.274204 1.903207 -6.696993 2.466571 1.252445 -2.483235 0.279385 -4.835568 -0.005598 -2.108178 0.304226
-3.442735 0.959794 1.638967 -19.053343 1.089784 1.112375 0.341478 0.040175 2.235780 0.050189 -5.805962 0.998775 0.049828 0.014468 1.003870 0.114243 5.847112 0.756843 -0.783820 17.361764 -1.081965 -1.078340 -3.788348 -1.730710 -1.464663 9.472399 7.592377 -20.243611 -19.712365 69.676503 19.948846 47.490652 11.782359 0.675647 16.603395 -7.771369 0.493761 8.597127 -8.898592 14.400599 -15.904383 -72.485224 -48.309181 63.564335 -36.318240 -7.478793 13.247358 3.692726 -13.258592 3.362694 1.134898 -3.258835 -2.749735 0.011090 2.350825 -1.388280 -2.737099 -0.004659 -0.568605 0.949182 5.549433 -1.861729 1.974042 -6.380560 2.250609 1.236682 -2.389275 0.089113 -4.742830 -0.005492 -1.997052 0.315112
-3.442086 0.959723 1.641726 -19.192343 1.003492 1.013176 0.298268 -0.013419 2.235722 0.031238 -5.829990 0.998830 0.030973 -0.009558 1.002002 0.099996 5.829064 0.755410 -0.753364 17.459506 -1.026422 -1.041757 -3.606654 -1.638597 -1.553044 9.516132 7.605570 -20.493132 -19.616087 69.849839 19.617563 48.141347 11.737129 0.725872 16.653576 -7.596391 0.401773 8.639306 -8.884083 14.393772 -15.918133 -72.491974 -47.815322 63.360998 -35.942258 -7.396404 13.408862 4.218664 -13.011218 3.530358 1.133948 -3.320303 -2.647725 -0.072028 2.284264 -1.535785 -2.650795 -0.005008 -0.576929 1.022702 5.250939 -1.430532 2.035528 -5.958691 1.974712 1.213855 -2.366839 -0.083136 -4.608922 -0.004856 -1.872876 0.297101
-3.441416 0.959669 1.644359 -19.331533 0.932425 0.924900 0.257042 -0.068225 2.228220 0.013511 -5.854556 0.995551 0.013337 -0.034124 0.996922 0.086417 5.810615 0.751555 -0.722919 17.542979 -0.974909 -1.003652 -3.451460 -1.553925 -1.631970 9.561011 7.618869 -20.710084 -19.508804 70.026809 19.255786 48.712332 11.646192 0.769554 16.692577 -7.453608 0.327815 8.672414 -8.862625 14.351938 -15.941419 -72.493096 -47.321816 63.210098 -35.588222 -7.330190 13.528614 4.610688 -12.736538 3.667916 1.123601 -3.409831 -2.537437 -0.142112 2.220725 -1.677362 -2.565336 -0.005212 -0.580327 1.088675 5.085318 -1.020907 2.078027 -5.683463 1.685526 1.192195 -2.328709 -0.222417 -4.485266 -0.004395 -1.765359 0.285248
-3.440748 0.959641 1.646851 -19.471264 0.875893 0.849715 0.219304 -0.123170 2.211798 -0.002264 -5.879178 0.988277 -0.002354 -0.058745 0.988047 0.074005 5.792132 0.744838 -0.695057 17.606233 -0.930087 -0.967857 -3.333843 -1.480718 -1.696889 9.608862 7.632887 -20.870078 -19.390049 70.202899 18.817553 49.155678 11.475834 0.801684 16.709950 -7.365596 0.291612 8.685296 -8.828787 14.249498 -15.978723 -72.481465 -46.835323 63.128725 -35.279147 -7.285733 13.588966 4.799654 -12.416717 3.771465 1.103312 -3.541480 -2.411687 -0.197795 2.157325 -1.815776 -2.482116 -0.005166 -0.574944 1.145862 5.165997 -0.635037 2.100107 -5.707586 1.377378 1.178332 -2.235657 -0.311820 -4.391628 -0.004313 -1.686562 0.293010
-3.440059 0.959630 1.649217 -19.611291 0.834669 0.785342 0.183620 -0.179434 2.187974 -0.016790 -5.904382 0.977689 -0.016801 -0.083950 0.975985 0.062282 5.773218 0.735717 -0.667200 17.655158 -0.889144 -0.930610 -3.242834 -1.414655 -1.752292 9.657823 7.647195 -20.997451 -19.260516 70.383189 18.348844 49.517816 11.261534 0.827091 16.715506 -7.309530 0.273366 8.689078 -8.787493 14.111951 -16.025245 -72.464235 -46.344206 63.099604 -34.988145 -7.258454 13.606458 4.854693 -12.069758 3.845022 1.073439 -3.700997 -2.277514 -0.240441 2.097059 -1.948321 -2.399795 -0.004940 -0.564649 1.195498 5.378756 -0.271985 2.107506 -5.878283 1.056868 1.169509 -2.126458 -0.368406 -4.308227 -0.004352 -1.624418 0.306954
-3.439355 0.959624 1.651412 -19.752626 0.814936 0.732522 0.150641 -0.236934 2.157027 -0.029794 -5.930126 0.963911 -0.029733 -0.109695 0.960886 0.051463 5.753904 0.724306 -0.644080 17.704732 -0.852425 -0.900639 -3.150644 -1.354788 -1.796646 9.700624 7.656457 -21.102919 -19.120366 70.573414 17.883674 49.829540 11.032341 0.845377 16.719826 -7.252458 0.252717 8.691270 -8.742558 13.994771 -16.075892 -72.445484 -45.931215 63.121162 -34.761549 -7.238720 13.611255 4.859138 -11.789070 3.892940 1.034941 -3.809178 -2.155889 -0.276759 2.053466 -2.067291 -2.320523 -0.004720 -0.555740 1.240929 5.545071 0.032430 2.101637 -5.989024 0.789162 1.160641 -2.030670 -0.428345 -4.227341 -0.004416 -1.572429 0.321802
-3.438629 0.959623 1.653413 -19.893007 0.822158 0.696137 0.118364 -0.298432 2.116018 -0.042024 -5.957650 0.945631 -0.041895 -0.137219 0.941365 0.040882 5.733261 0.709560 -0.630504 17.770865 -0.819458 -0.887046 -3.027755 -1.298647 -1.826013 9.733963 7.656318 -21.189897 -18.962228 70.788468 17.401681 50.083831 10.767576 0.852073 16.724922 -7.190991 0.223971 8.690917 -8.693960 13.927798 -16.130348 -72.428168 -45.651831 63.224631 -34.647592 -7.234310 13.614884 4.815905 -11.601285 3.912037 0.985054 -3.846779 -2.054194 -0.310464 2.030134 -2.170088 -2.245373 -0.004602 -0.550961 1.284327 5.596341 0.261647 2.076787 -5.952825 0.597254 1.147858 -1.969991 -0.501282 -4.146310 -0.004494 -1.530471 0.336475
-3.437888 0.959625 1.655242 -20.034756 0.850968 0.671131 0.088815 -0.361265 2.067944 -0.052731 -5.985755 0.924187 -0.052539 -0.165325 0.918834 0.031208 5.712188 0.692545 -0.621585 17.837647 -0.790844 -0.880552 -2.903688 -1.248987 -1.844278 9.760988 7.651405 -21.254717 -18.793529 71.013656 16.925827 50.286977 10.491690 0.851592 16.728711 -7.128556 0.192825 8.689063 -8.641707 13.881126 -16.189072 -72.409088 -45.448761 63.379911 -34.596933 -7.238113 13.605604 4.722057 -11.479891 3.905621 0.925897 -3.833066 -1.965376 -0.338008 2.023596 -2.259437 -2.173432 -0.004514 -0.547568 1.323522 5.600631 0.432386 2.037652 -5.856393 0.457749 1.133265 -1.922704 -0.577462 -4.067840 -0.004605 -1.498670 0.352054
-3.437164 0.959621 1.656922 -20.185762 0.891239 0.643347 0.068649 -0.417167 2.021940 -0.059403 -6.010730 0.903659 -0.059169 -0.190300 0.897629 0.024640 5.693468 0.676535 -0.607553 17.872291 -0.768404 -0.862423 -2.839287 -1.212398 -1.861676 9.784149 7.649861 -21.297592 -18.636820 71.210447 16.555274 50.491718 10.301686 0.856804 16.736003 -7.042544 0.156107 8.696241 -8.589857 13.820645 -16.248201 -72.383032 -45.235871 63.493920 -34.509173 -7.217186 13.579078 4.652036 -11.438565 3.887680 0.865707 -3.746682 -1.889020 -0.355265 2.036825 -2.335661 -2.103928 -0.004395 -0.543635 1.355351 5.584603 0.559057 1.999657 -5.753605 0.365839 1.119124 -1.853388 -0.663971 -3.992353 -0.004705 -1.470895 0.366499
-3.436473 0.959602 1.658457 -20.349562 0.942815 0.605969 0.060746 -0.464052 1.981198 -0.060907 -6.031636 0.885482 -0.060661 -0.211206 0.879299 0.022140 5.677805 0.662697 -0.585786 17.857466 -0.753046 -0.827413 -2.866717 -1.191373 -1.885524 9.800562 7.656192 -21.317721 -18.500223 71.361419 16.326264 50.717525 10.242276 0.872610 16.748789 -6.917082 0.111106 8.719054 -8.538453 13.730524 -16.306018 -72.344749 -44.988436 63.526752 -34.347512 -7.152864 13.526953 4.632108 -11.519006 3.860725 0.805103 -3.544876 -1.825263 -0.356351 2.074396 -2.398247 -2.036027 -0.004225 -0.538932 1.376006 5.545921 0.636414 1.970984 -5.659054 0.333192 1.103360 -1.741663 -0.768076 -3.919415 -0.004792 -1.446415 0.379587
-3.435798 0.959576 1.659842 -20.522652 1.005793 0.565693 0.062180 -0.503991 1.942442 -0.058386 -6.049412 0.868195 -0.058151 -0.228983 0.862268 0.022735 5.664492 0.649845 -0.559034 17.810383 -0.743502 -0.781065 -2.954028 -1.182685 -1.908537 9.813176 7.665976 -21.316056 -18.376297 71.484602 16.206015 50.946965 10.273167 0.894366 16.765099 -6.767992 0.060704 8.750922 -8.487531 13.626611 -16.364079 -72.299340 -44.732088 63.518428 -34.149101 -7.063467 13.457609 4.635728 -11.679516 3.822104 0.743885 -3.270397 -1.774358 -0.347212 2.131836 -2.447812 -1.970650 -0.004034 -0.533694 1.389296 5.486974 0.669721 1.943795 -5.557953 0.348136 1.088064 -1.607926 -0.882624 -3.849640 -0.004873 -1.425962 0.391541
-3.435122 0.959548 1.661086 -20.702341 1.070404 0.528696 0.070894 -0.534913 1.905051 -0.052734 -6.063150 0.851518 -0.052527 -0.242720 0.846165 0.025732 5.654213 0.637698 -0.525616 17.750018 -0.738223 -0.720915 -3.065963 -1.184123 -1.919036 9.833204 7.673859 -21.295573 -18.264396 71.594775 16.190014 51.178288 10.363782 0.920741 16.783782 -6.620170 0.010144 8.782522 -8.441135 13.522344 -16.423442 -72.257185 -44.455570 63.495472 -33.923505 -6.970893 13.391916 4.658181 -11.808659 3.778105 0.688909 -3.030162 -1.735821 -0.341418 2.198523 -2.486354 -1.909616 -0.003834 -0.526693 1.403474 5.441631 0.689149 1.909406 -5.460169 0.370998 1.082181 -1.477915 -0.993070 -3.784970 -0.004919 -1.405614 0.400982
-3.434436 0.959520 1.662173 -20.890504 1.130834 0.496638 0.087778 -0.551077 1.869295 -0.043588 -6.070295 0.835570 -0.043430 -0.249864 0.831145 0.031408 5.648881 0.626376 -0.483646 17.671529 -0.738351 -0.643067 -3.211499 -1.198483 -1.907003 9.868865 7.677397 -21.250576 -18.168030 71.699833 16.284823 51.414992 10.509143 0.952302 16.803961 -6.475700 -0.042049 8.810030 -8.402746 13.412054 -16.485431 -72.218949 -44.129727 63.453770 -33.644092 -6.872574 13.331471 4.714393 -11.870108 3.731571 0.644480 -2.864680 -1.708536 -0.346711 2.278865 -2.513953 -1.854144 -0.003641 -0.517738 1.422775 5.413135 0.704126 1.861793 -5.363501 0.394291 1.094946 -1.354290 -1.096867 -3.728709 -0.004916 -1.383550 0.407162
-3.433748 0.959490 1.663119 -21.085253 1.192920 0.467839 0.111949 -0.558219 1.834779 -0.031296 -6.073403 0.820178 -0.031205 -0.252971 0.817001 0.039493 5.646580 0.615720 -0.435056 17.579689 -0.742750 -0.551411 -3.381756 -1.223055 -1.882404 9.911811 7.678994 -21.186746 -18.084095 71.792164 16.487062 51.653205 10.717705 0.988957 16.826123 -6.332435 -0.094363 8.837171 -8.368778 13.301427 -16.548824 -72.183850 -43.784885 63.397011 -33.338600 -6.770971 13.274569 4.789510 -11.900188 3.679747 0.606152 -2.733516 -1.693361 -0.355292 2.368489 -2.530559 -1.802980 -0.003438 -0.507019 1.442964 5.398213 0.705107 1.807062 -5.270066 0.425575 1.117164 -1.234319 -1.196491 -3.677502 -0.004882 -1.361591 0.410830
-3.433068 0.959465 1.663980 -21.278241 1.264419 0.443493 0.138702 -0.571474 1.799949 -0.017821 -6.079221 0.804656 -0.017804 -0.258789 0.802847 0.048462 5.642246 0.605054 -0.383788 17.507943 -0.746596 -0.455020 -3.514643 -1.247600 -1.863532 9.948396 7.680569 -21.124170 -18.001800 71.863206 16.776655 51.879679 10.978390 1.028052 16.851137 -6.208977 -0.137143 8.865893 -8.332670 13.220969 -16.611068 -72.160375 -43.496806 63.363876 -33.096115 -6.695478 13.237320 4.834445 -11.896452 3.620565 0.567295 -2.622187 -1.692551 -0.357409 2.443582 -2.537899 -1.754198 -0.003181 -0.493883 1.459592 5.420953 0.693845 1.754452 -5.196328 0.447784 1.130299 -1.135642 -1.284876 -3.623126 -0.004833 -1.341270 0.412856
-3.432400 0.959446 1.664768 -21.469390 1.350511 0.424024 0.168261 -0.597222 1.763858 -0.003000 -6.090585 0.788585 -0.003064 -0.270153 0.788281 0.058410 5.633754 0.594074 -0.329745 17.468105 -0.749178 -0.354107 -3.588219 -1.270795 -1.856779 9.972757 7.683957 -21.061467 -17.915121 71.900824 17.164017 52.107674 11.305038 1.071004 16.883462 -6.106848 -0.165501 8.896341 -8.289440 13.190750 -16.673457 -72.155232 -43.302533 63.372282 -32.959930 -6.661377 13.228896 4.824126 -11.840473 3.553057 0.525820 -2.534141 -1.712538 -0.347417 2.490066 -2.533212 -1.706885 -0.002848 -0.477758 1.469695 5.508705 0.667648 1.708220 -5.158379 0.455171 1.125743 -1.070785 -1.359785 -3.559973 -0.004755 -1.322823 0.411850
-3.431741 0.959431 1.665471 -21.658774 1.446065 0.408903 0.200391 -0.629075 1.727492 0.012994 -6.104658 0.772405 0.012841 -0.284226 0.773724 0.069235 5.623231 0.583101 -0.272929 17.448362 -0.751330 -0.248353 -3.624419 -1.294146 -1.855791 9.990805 7.687387 -21.000228 -17.830107 71.917247 17.641264 52.322320 11.686362 1.116192 16.918477 -6.024535 -0.184324 8.928302 -8.244079 13.190795 -16.734927 -72.162098 -43.163314 63.405079 -32.884993 -6.653400 13.240313 4.783884 -11.750709 3.478201 0.483571 -2.465991 -1.746808 -0.330936 2.522046 -2.519180 -1.661920 -0.002465 -0.459216 1.476238 5.634133 0.629352 1.663932 -5.140212 0.453534 1.112236 -1.027201 -1.423384 -3.493520 -0.004664 -1.306015 0.409201
-3.431088 0.959419 1.666110 -21.838268 1.543384 0.397925 0.229699 -0.663005 1.692266 0.027686 -6.119668 0.756736 0.027450 -0.299236 0.759547 0.079118 5.612002 0.572414 -0.217354 17.446762 -0.750562 -0.146014 -3.626910 -1.311633 -1.859757 10.006592 7.687404 -20.965005 -17.753826 71.940367 18.157757 52.468629 12.070923 1.155813 16.943629 -5.976128 -0.198634 8.963185 -8.205039 13.191544 -16.789401 -72.170028 -43.039917 63.448697 -32.826624 -6.655084 13.260567 4.740296 -11.680031 3.396814 0.439993 -2.392954 -1.778255 -0.315127 2.557969 -2.505688 -1.620074 -0.002063 -0.439326 1.483662 5.739303 0.589031 1.617875 -5.110200 0.443073 1.097275 -0.984927 -1.475239 -3.432153 -0.004621 -1.291676 0.409949
-3.430439 0.959415 1.666685 -22.005835 1.641561 0.391816 0.254807 -0.699915 1.658732 0.040442 -6.136018 0.741824 0.040134 -0.315588 0.745930 0.087602 5.599764 0.562148 -0.165836 17.475587 -0.746394 -0.052584 -3.572924 -1.321306 -1.870887 10.022348 7.680196 -20.974380 -17.686977 71.985105 18.706967 52.522934 12.444843 1.187355 16.954592 -5.969484 -0.210166 9.001879 -8.175448 13.182539 -16.833686 -72.176295 -42.917475 63.503378 -32.770835 -6.667113 13.292093 4.698692 -11.649480 3.306634 0.394077 -2.309170 -1.800682 -0.301254 2.610670 -2.496185 -1.582430 -0.001612 -0.416800 1.493648 5.797194 0.549562 1.568597 -5.048146 0.420969 1.082652 -0.938674 -1.512331 -3.380175 -0.004666 -1.281067 0.417346
-3.429796 0.959415 1.667196 -22.163490 1.741549 0.389890 0.277107 -0.738871 1.626357 0.051901 -6.153290 0.727430 0.051528 -0.332860 0.732699 0.095147 5.586831 0.552172 -0.115480 17.522598 -0.739368 0.037520 -3.485172 -1.325176 -1.886986 10.035831 7.669582 -21.009775 -17.628634 72.036437 19.290839 52.508292 12.818281 1.212999 16.956009 -5.996735 -0.217205 9.043404 -8.152191 13.174255 -16.870973 -72.183691 -42.810673 63.568924 -32.731470 -6.688772 13.332497 4.653782 -11.637980 3.209918 0.347071 -2.220479 -1.820290 -0.288035 2.667306 -2.487238 -1.547897 -0.001138 -0.392926 1.504516 5.834832 0.508022 1.517736 -4.974263 0.390000 1.066552 -0.893672 -1.537680 -3.333265 -0.004756 -1.272927 0.428141
-3.429166 0.959411 1.667665 -22.309187 1.838437 0.389909 0.295360 -0.773085 1.594902 0.061501 -6.168470 0.713439 0.061072 -0.348041 0.719683 0.101319 5.575465 0.542360 -0.061811 17.549077 -0.728468 0.132585 -3.435524 -1.323094 -1.900634 10.044385 7.663553 -21.040003 -17.583477 72.077373 19.869039 52.440928 13.173433 1.231867 16.948882 -6.048427 -0.219599 9.086365 -8.134359 13.168494 -16.904706 -72.189439 -42.724850 63.630984 -32.705846 -6.701446 13.363503 4.616157 -11.635209 3.114276 0.301957 -2.119608 -1.838627 -0.278819 2.707790 -2.478416 -1.513994 -0.000752 -0.372634 1.515661 5.875341 0.465753 1.466330 -4.917520 0.358762 1.051044 -0.845743 -1.559953 -3.286912 -0.004829 -1.264299 0.437619
-3.428552 0.959400 1.668094 -22.441959 1.931543 0.392260 0.308969 -0.800787 1.563193 0.069023 -6.180775 0.699320 0.068550 -0.360347 0.706327 0.105911 5.566253 0.532293 -0.000252 17.540399 -0.710972 0.240321 -3.451116 -1.311719 -1.911166 10.046825 7.666888 -21.058639 -17.553330 72.103505 20.432392 52.306562 13.502096 1.242991 16.929622 -6.128852 -0.216999 9.134407 -8.121298 13.162982 -16.938664 -72.189299 -42.671575 63.686148 -32.700691 -6.696836 13.378711 4.586607 -11.642292 3.020170 0.260080 -1.992646 -1.854794 -0.277061 2.717907 -2.470102 -1.479806 -0.000539 -0.359212 1.527366 5.926708 0.423163 1.414199 -4.891200 0.328049 1.035944 -0.790098 -1.581057 -3.239180 -0.004858 -1.253854 0.444005
-3.427950 0.959385 1.668481 -22.562761 2.021565 0.396643 0.318531 -0.823731 1.532380 0.074689 -6.190977 0.685590 0.074183 -0.370550 0.693172 0.109133 5.558615 0.522378 0.064535 17.511193 -0.689566 0.352919 -3.504816 -1.294388 -1.919253 10.044367 7.674847 -21.072228 -17.536494 72.119409 20.986424 52.119770 13.808714 1.247619 16.902162 -6.233770 -0.209761 9.183832 -8.113665 13.160011 -16.969053 -72.187554 -42.639507 63.737947 -32.709427 -6.683239 13.384473 4.564304 -11.658086 2.927168 0.220115 -1.853490 -1.869719 -0.279316 2.711873 -2.461863 -1.446270 -0.000420 -0.349372 1.539347 5.980959 0.379898 1.361468 -4.882016 0.297113 1.021501 -0.731519 -1.599096 -3.191999 -0.004871 -1.242922 0.449074
-3.427355 0.959371 1.668844 -22.672435 2.105637 0.399815 0.324609 -0.840402 1.505693 0.078604 -6.198400 0.673690 0.078076 -0.377973 0.681670 0.111173 5.553058 0.513709 0.123129 17.466619 -0.671297 0.455334 -3.587081 -1.280917 -1.919473 10.037935 7.681144 -21.069067 -17.532529 72.121670 21.515263 51.940610 14.096302 1.247953 16.878564 -6.340965 -0.198813 9.222238 -8.112480 13.168233 -16.987972 -72.194246 -42.599617 63.782420 -32.709367 -6.666897 13.381622 4.557419 -11.668891 2.841557 0.180860 -1.736602 -1.887682 -0.278591 2.712249 -2.452049 -1.413676 -0.000262 -0.338182 1.550154 6.037276 0.336185 1.309545 -4.879068 0.272257 1.010447 -0.680199 -1.617019 -3.146663 -0.004877 -1.232538 0.453440
-3.426756 0.959355 1.669182 -22.771058 2.183055 0.400529 0.325352 -0.848639 1.485205 0.079852 -6.202083 0.664543 0.079317 -0.381657 0.672650 0.111412 5.550302 0.506911 0.173910 17.401601 -0.659387 0.545746 -3.707331 -1.276775 -1.907734 10.026003 7.682271 -21.041908 -17.546179 72.107736 22.016812 51.791613 14.368661 1.243175 16.862924 -6.448324 -0.179867 9.241650 -8.121290 13.199305 -16.992520 -72.214201 -42.545973 63.817236 -32.697795 -6.647452 13.368707 4.580746 -11.671149 2.765730 0.140594 -1.656307 -1.911860 -0.270253 2.730291 -2.439839 -1.382441 0.000008 -0.322482 1.558969 6.099227 0.290028 1.257823 -4.882358 0.258152 1.005094 -0.639967 -1.637115 -3.103892 -0.004879 -1.222490 0.457313
-3.426162 0.959340 1.669494 -22.858559 2.254513 0.400112 0.322623 -0.850571 1.468820 0.079359 -6.202971 0.657215 0.078828 -0.382544 0.665272 0.110476 5.549640 0.501351 0.218489 17.321248 -0.650570 0.625987 -3.856089 -1.276457 -1.888142 10.010058 7.681728 -20.998041 -17.572783 72.080206 22.494260 51.650712 14.622601 1.233899 16.851112 -6.557974 -0.157280 9.250002 -8.136500 13.241567 -16.985626 -72.242706 -42.484442 63.844714 -32.677304 -6.625295 13.347159 4.619504 -11.668428 2.697326 0.100889 -1.598298 -1.939016 -0.258935 2.754745 -2.426077 -1.352135 0.000318 -0.305433 1.566610 6.163260 0.243459 1.206885 -4.891868 0.250154 1.003113 -0.606991 -1.657066 -3.062965 -0.004875 -1.212991 0.460482
-3.425601 0.959331 1.669797 -22.935568 2.319235 0.399196 0.322553 -0.851121 1.453507 0.079997 -6.203234 0.650371 0.079462 -0.382807 0.658492 0.110429 5.549447 0.496242 0.252317 17.246014 -0.642174 0.686501 -3.995461 -1.273271 -1.867569 9.995540 7.683725 -20.947548 -17.597783 72.043362 22.941437 51.511291 14.852283 1.224187 16.842565 -6.654049 -0.144932 9.258801 -8.148399 13.268683 -16.968160 -72.275462 -42.403570 63.867775 -32.633077 -6.607738 13.322184 4.637537 -11.657725 2.635514 0.065400 -1.554079 -1.963786 -0.251555 2.774420 -2.411629 -1.321781 0.000587 -0.291584 1.574076 6.217869 0.202724 1.159968 -4.896675 0.240571 1.000249 -0.579967 -1.672903 -3.023010 -0.004871 -1.205715 0.462925
-3.425081 0.959333 1.670092 -22.999730 2.376660 0.397303 0.326725 -0.851409 1.438760 0.082493 -6.203367 0.643786 0.081944 -0.382941 0.652161 0.111802 5.549353 0.491473 0.274214 17.180420 -0.633101 0.724643 -4.117091 -1.264694 -1.847054 9.985633 7.690850 -20.884881 -17.616878 71.995896 23.351763 51.371439 15.049584 1.214784 16.837982 -6.731243 -0.155209 9.272891 -8.152825 13.269953 -16.934547 -72.316830 -42.270197 63.885032 -32.529780 -6.597326 13.295936 4.641685 -11.638820 2.580407 0.036662 -1.521682 -1.984146 -0.251189 2.784745 -2.395778 -1.290940 0.000684 -0.293005 1.641598 6.260672 0.168663 1.119011 -4.895746 0.228589 0.995181 -0.559960 -1.683206 -2.983309 -0.004867 -1.201752 0.464027
-3.424593 0.959343 1.670377 -23.053399 2.427348 0.394972 0.333562 -0.850300 1.425072 0.086123 -6.202869 0.637678 0.085554 -0.382444 0.646421 0.114066 5.549732 0.487151 0.285378 17.119963 -0.624454 0.743031 -4.229321 -1.253181 -1.825548 9.977159 7.700499 -20.815578 -17.634319 71.939067 23.732293 51.233797 15.222777 1.204823 16.836464 -6.794852 -0.175698 9.287474 -8.153898 13.256016 -16.890388 -72.362400 -42.117489 63.897630 -32.402784 -6.591522 13.266299 4.625110 -11.611932 2.531936 0.012042 -1.503056 -2.002089 -0.254771 2.790300 -2.379228 -1.260060 0.000732 -0.297627 1.708946 6.294052 0.140436 1.082116 -4.890116 0.215011 0.989224 -0.545890 -1.689379 -2.944577 -0.004863 -1.200011 0.464402
-3.424130 0.959355 1.670658 -23.104266 2.472208 0.394334 0.344456 -0.849340 1.410923 0.091576 -6.202427 0.631372 0.090976 -0.382002 0.640669 0.117688 5.550072 0.482820 0.284828 17.071557 -0.616881 0.739982 -4.319310 -1.239493 -1.806790 9.966027 7.709106 -20.766341 -17.648383 71.881060 24.097194 51.098439 15.390748 1.196002 16.834965 -6.844912 -0.183064 9.299586 -8.154345 13.232610 -16.853258 -72.394646 -42.033499 63.912650 -32.343331 -6.589920 13.232083 4.531151 -11.574704 2.488990 -0.012554 -1.495572 -2.018294 -0.260009 2.793613 -2.364971 -1.229500 0.001058 -0.273797 1.596429 6.313645 0.121741 1.046812 -4.871972 0.194553 0.982081 -0.533226 -1.691693 -2.908093 -0.004874 -1.198895 0.465874
-3.423694 0.959369 1.670935 -23.157999 2.511834 0.395665 0.362433 -0.851248 1.396213 0.100208 -6.203239 0.624831 0.099558 -0.382816 0.635004 0.123689 5.549474 0.478558 0.268948 17.047052 -0.612301 0.709317 -4.365074 -1.225785 -1.790866 9.948500 7.716979 -20.745473 -17.656544 71.821315 24.441143 50.961160 15.551318 1.188735 16.832951 -6.873920 -0.168895 9.308707 -8.155425 13.190792 -16.829123 -72.403284 -42.054820 63.940447 -32.393151 -6.588953 13.205410 4.370784 -11.518547 2.450478 -0.037230 -1.503822 -2.032623 -0.266757 2.796176 -2.353704 -1.199191 0.001553 -0.191343 1.125069 6.313795 0.115124 1.013364 -4.831689 0.162941 0.972978 -0.520129 -1.689450 -2.874683 -0.004907 -1.197711 0.469414
-3.423282 0.959386 1.671208 -23.208924 2.545638 0.398707 0.384469 -0.853300 1.381037 0.110664 -6.204105 0.618090 0.109954 -0.383683 0.629325 0.131049 5.548836 0.474285 0.241383 17.034615 -0.608797 0.657254 -4.388559 -1.209893 -1.777700 9.928316 7.723815 -20.744660 -17.661325 71.760434 24.769797 50.826252 15.707201 1.182608 16.830813 -6.889384 -0.141610 9.315335 -8.155890 13.139595 -16.811943 -72.398566 -42.145224 63.970939 -32.510838 -6.592254 13.173955 4.133049 -11.452044 2.417513 -0.061929 -1.523208 -2.045194 -0.275163 2.796491 -2.344725 -1.169204 0.001103 -0.080452 0.473845 6.300149 0.118011 0.981530 -4.778900 0.124428 0.962666 -0.508431 -1.683347 -2.843520 -0.004953 -1.197151 0.474051
-3.422884 0.959399 1.671487 -23.247716 2.572760 0.404788 0.402876 -0.848882 1.364171 0.119563 -6.202109 0.610579 0.118802 -0.381689 0.622717 0.137174 5.550344 0.469313 0.212044 17.005632 -0.601241 0.600674 -4.442824 -1.186030 -1.770793 9.912612 7.725146 -20.765701 -17.668631 71.708388 25.113769 50.706025 15.884822 1.178119 16.826965 -6.913861 -0.103129 9.318021 -8.154735 13.111762 -16.801265 -72.393761 -42.283291 63.980861 -32.662664 -6.609733 13.099588 3.728579 -11.398595 2.392287 -0.090450 -1.537314 -2.057081 -0.283374 2.792586 -2.338927 -1.140109 -0.000000 0.000000 0.000000 6.285291 0.126431 0.948066 -4.734678 0.086518 0.953161 -0.499120 -1.675758 -2.813399 -0.005003 -1.197692 0.478684
-3.422495 0.959406 1.671779 -23.272831 2.589158 0.416392 0.417753 -0.833179 1.343851 0.127014 -6.195114 0.601501 0.126212 -0.374697 0.614396 0.142083 5.555599 0.463051 0.182213 16.954549 -0.590071 0.542144 -4.538156 -1.155477 -1.775894 9.906111 7.715933 -20.817620 -17.682555 71.675288 25.500318 50.598575 16.106614 1.175321 16.819710 -6.961062 -0.044421 9.313362 -8.149338 13.123545 -16.801870 -72.396801 -42.502281 63.971767 -32.866029 -6.645581 12.952343 3.048693 -11.366784 2.379138 -0.126938 -1.536886 -2.069055 -0.291184 2.782515 -2.336992 -1.111805 -0.000368 0.020274 -0.118255 6.270992 0.144460 0.910558 -4.704005 0.049789 0.944404 -0.490331 -1.665838 -2.783764 -0.005063 -1.200521 0.483267
-3.422118 0.959409 1.672076 -23.285811 2.598874 0.431064 0.428991 -0.810999 1.321851 0.132906 -6.185255 0.591657 0.132072 -0.364838 0.605149 0.145756 5.563003 0.456091 0.150583 16.886930 -0.574808 0.478981 -4.664231 -1.116799 -1.787257 9.904102 7.701234 -20.891445 -17.698959 71.651100 25.902482 50.505177 16.350700 1.174192 16.810811 -7.017278 0.025469 9.304725 -8.142394 13.158694 -16.809012 -72.399825 -42.768239 63.941740 -33.103018 -6.691410 12.760598 2.203329 -11.348028 2.373732 -0.167205 -1.531180 -2.080354 -0.298803 2.768216 -2.338229 -1.084393 -0.000175 0.010137 -0.059127 6.255472 0.168035 0.871406 -4.681898 0.013678 0.936468 -0.483923 -1.654429 -2.755172 -0.005128 -1.204450 0.487846
-3.421756 0.959409 1.672364 -23.281948 2.613171 0.442731 0.428586 -0.790160 1.302252 0.133526 -6.176021 0.582866 0.132692 -0.355605 0.596422 0.145538 5.569932 0.449519 0.123148 16.790839 -0.548922 0.420064 -4.843199 -1.060029 -1.791118 9.899558 7.691727 -20.961992 -17.711477 71.615544 26.270276 50.443187 16.577645 1.175081 16.803844 -7.063930 0.077502 9.300860 -8.140817 13.201195 -16.807993 -72.392383 -42.958031 63.862922 -33.285934 -6.739546 12.574547 1.430614 -11.339968 2.365238 -0.202535 -1.531544 -2.089759 -0.304993 2.753551 -2.341479 -1.058745 0.000000 0.000000 0.000000 6.246017 0.181014 0.834602 -4.674479 -0.016004 0.931578 -0.486479 -1.646430 -2.728097 -0.005174 -1.206391 0.491467
-3.421402 0.959405 1.672635 -23.255165 2.637785 0.450023 0.410897 -0.772860 1.284841 0.126382 -6.168405 0.575030 0.125592 -0.347987 0.587860 0.139546 5.575641 0.443066 0.101963 16.653096 -0.502232 0.365650 -5.099581 -0.967040 -1.779288 9.890174 7.689718 -21.024724 -17.710680 71.558201 26.621358 50.422971 16.798434 1.180256 16.799622 -7.094002 0.098586 9.307039 -8.150483 13.261266 -16.799585 -72.363596 -43.008760 63.682426 -33.370831 -6.794758 12.401618 0.772542 -11.344666 2.346635 -0.229688 -1.543578 -2.094111 -0.310084 2.739761 -2.347934 -1.035758 0.000000 -0.000000 -0.000000 6.241362 0.175041 0.800493 -4.682189 -0.036860 0.930662 -0.503043 -1.643550 -2.702340 -0.005189 -1.204687 0.493540
-3.421062 0.959398 1.672897 -23.211539 2.666974 0.454335 0.381570 -0.756901 1.269853 0.113967 -6.161413 0.568261 0.113251 -0.340992 0.579831 0.129663 5.580879 0.437010 0.084844 16.486913 -0.444863 0.314985 -5.408765 -0.855643 -1.759950 9.878239 7.692870 -21.084187 -17.706079 71.489466 26.939772 50.434637 17.003547 1.187389 16.797218 -7.114515 0.101811 9.318031 -8.165444 13.328786 -16.783070 -72.324410 -42.984541 63.453622 -33.403004 -6.852250 12.235000 0.186848 -11.360062 2.324946 -0.251903 -1.561680 -2.096558 -0.313740 2.725602 -2.356402 -1.014531 0.000000 0.000000 -0.000000 6.242793 0.158521 0.768728 -4.704579 -0.051266 0.932797 -0.528581 -1.644064 -2.678102 -0.005185 -1.200995 0.494654
-3.420749 0.959389 1.673163 -23.164604 2.694791 0.453729 0.349557 -0.743523 1.262030 0.100052 -6.155564 0.564697 0.099418 -0.335141 0.574854 0.118899 5.585256 0.433253 0.071540 16.319897 -0.400769 0.275818 -5.719324 -0.770007 -1.743889 9.863631 7.704899 -21.128771 -17.719814 71.420228 27.125355 50.466455 17.123010 1.189910 16.797542 -7.127932 0.097445 9.326875 -8.174805 13.357151 -16.741418 -72.296908 -42.952008 63.308439 -33.427233 -6.897010 12.105558 -0.216436 -11.377615 2.310415 -0.270190 -1.580407 -2.105332 -0.313725 2.711215 -2.362150 -0.993245 0.000000 -0.000000 0.000000 6.261429 0.140461 0.742261 -4.746434 -0.060569 0.937437 -0.554552 -1.647722 -2.656450 -0.005178 -1.197197 0.495629
-3.420470 0.959380 1.673440 -23.112348 2.718905 0.444443 0.313832 -0.732306 1.265854 0.083984 -6.150672 0.566336 0.083443 -0.330246 0.574862 0.106912 5.588913 0.433252 0.062895 16.155066 -0.381188 0.253831 -6.025613 -0.731387 -1.735662 9.843951 7.729575 -21.153197 -17.766186 71.346949 27.142078 50.532999 17.136062 1.185175 16.804011 -7.131292 0.083537 9.330836 -8.172624 13.313669 -16.656232 -72.290120 -42.926263 63.300036 -33.451446 -6.929094 12.029009 -0.348839 -11.402906 2.309673 -0.283521 -1.595146 -2.125846 -0.306372 2.695688 -2.362299 -0.971006 0.000000 -0.000000 -0.000000 6.313389 0.121421 0.724571 -4.825053 -0.061932 0.945774 -0.581267 -1.655307 -2.638298 -0.005177 -1.194191 0.496711
-3.420218 0.959369 1.673720 -23.056790 2.741665 0.430238 0.275441 -0.723663 1.276842 0.066424 -6.146924 0.571178 0.065984 -0.326496 0.577922 0.094050 5.591707 0.435549 0.058257 15.989346 -0.374890 0.243982 -6.333439 -0.718833 -1.730688 9.821623 7.763157 -21.162616 -17.830933 71.273155 27.025579 50.620674 17.063015 1.175856 16.813225 -7.127559 0.062061 9.332662 -8.164816 13.230899 -16.545905 -72.295090 -42.891262 63.375094 -33.466575 -6.952574 11.990821 -0.299743 -11.430351 2.316090 -0.292910 -1.610525 -2.152690 -0.295347 2.679940 -2.359730 -0.948709 0.000000 -0.000000 -0.000000 6.382553 0.100826 0.712118 -4.923126 -0.058159 0.956626 -0.608418 -1.666039 -2.622727 -0.005173 -1.191080 0.497654
-3.419992 0.959353 1.673994 -23.017516 2.764131 0.420438 0.246437 -0.720097 1.286274 0.053115 -6.145409 0.575345 0.052751 -0.324980 0.580738 0.084340 5.592831 0.437664 0.055196 15.841175 -0.372212 0.238243 -6.608644 -0.713474 -1.726054 9.803755 7.798092 -21.161083 -17.893292 71.220318 26.782641 50.675636 16.895181 1.163366 16.815845 -7.128055 0.049174 9.333613 -8.158307 13.160043 -16.448473 -72.306645 -42.865186 63.505872 -33.489798 -6.960613 11.976697 -0.226352 -11.434672 2.319999 -0.302453 -1.634950 -2.177854 -0.289413 2.666852 -2.358342 -0.927227 -0.000000 0.000000 0.000000 6.431675 0.085993 0.697403 -4.993538 -0.059096 0.965888 -0.626536 -1.677331 -2.608067 -0.005164 -1.187049 0.498532
-3.419791 0.959331 1.674256 -23.002758 2.788552 0.418939 0.231150 -0.724496 1.291651 0.046100 -6.147402 0.577729 0.045775 -0.326972 0.582409 0.079239 5.591329 0.438918 0.051458 15.718244 -0.371550 0.231804 -6.836972 -0.711488 -1.722007 9.790094 7.833633 -21.147531 -17.947616 71.198386 26.376476 50.666997 16.597172 1.147336 16.806427 -7.139276 0.052179 9.333340 -8.154276 13.116033 -16.371047 -72.328932 -42.877834 63.720425 -33.545559 -6.947037 11.989923 -0.174444 -11.393539 2.316005 -0.312207 -1.680770 -2.198449 -0.293679 2.654773 -2.359882 -0.906932 0.000000 0.000000 -0.000000 6.442222 0.080485 0.677112 -5.014725 -0.072732 0.972440 -0.630347 -1.687455 -2.594159 -0.005147 -1.180799 0.499504
-3.419617 0.959303 1.674511 -23.004276 2.812666 0.421822 0.225242 -0.733979 1.295456 0.043334 -6.151629 0.579430 0.043025 -0.331199 0.583829 0.077289 5.588155 0.439984 0.049292 15.612856 -0.374581 0.229532 -7.032686 -0.716870 -1.718317 9.780886 7.870520 -21.123045 -17.999465 71.197355 25.845056 50.623357 16.205509 1.128191 16.790327 -7.154671 0.063765 9.332192 -8.151560 13.083926 -16.306479 -72.357651 -42.899885 63.990765 -33.609919 -6.917515 12.026881 -0.098243 -11.329284 2.309497 -0.322162 -1.735625 -2.217355 -0.303023 2.645351 -2.362606 -0.887450 -0.000000 0.000000 -0.000000 6.432724 0.080724 0.654638 -5.008259 -0.091119 0.977394 -0.625126 -1.698147 -2.581167 -0.005125 -1.173629 0.500411
-3.419461 0.959278 1.674759 -23.016942 2.830751 0.426673 0.227751 -0.742396 1.296428 0.044429 -6.155362 0.579876 0.044113 -0.334932 0.584386 0.078151 5.585356 0.440403 0.052908 15.520389 -0.376619 0.237615 -7.204372 -0.722470 -1.711353 9.783965 7.903415 -21.095036 -18.044882 71.208773 25.306918 50.580944 15.819284 1.108482 16.774412 -7.165984 0.078166 9.332478 -8.153584 13.070200 -16.271275 -72.374697 -42.860026 64.205194 -33.626237 -6.883985 12.062971 -0.017828 -11.283623 2.306968 -0.336279 -1.770853 -2.235231 -0.310860 2.646413 -2.365181 -0.868532 0.000000 -0.000000 -0.000000 6.421536 0.083338 0.632593 -4.991722 -0.100223 0.979996 -0.617223 -1.712013 -2.567913 -0.005108 -1.168631 0.500857
-3.419331 0.959256 1.674996 -23.041674 2.841004 0.433364 0.240534 -0.748045 1.293338 0.050258 -6.157840 0.578520 0.049909 -0.337411 0.583623 0.082442 5.583503 0.439829 0.063360 15.439514 -0.376017 0.257428 -7.354500 -0.725626 -1.697680 9.807372 7.930615 -21.061293 -18.084634 71.237203 24.770603 50.540517 15.445759 1.085387 16.757566 -7.178315 0.094643 9.335010 -8.163128 13.087877 -16.279940 -72.372676 -42.726143 64.328492 -33.577681 -6.852758 12.089015 0.062434 -11.277127 2.311202 -0.357005 -1.770707 -2.254328 -0.314034 2.663771 -2.366205 -0.850052 -0.000000 -0.000000 -0.000000 6.415266 0.086822 0.612414 -4.968762 -0.094311 0.978107 -0.608823 -1.730326 -2.553057 -0.005095 -1.167175 0.500242
-3.419220 0.959236 1.675225 -23.077553 2.845234 0.442021 0.261734 -0.752626 1.287410 0.059949 -6.159823 0.575909 0.059544 -0.339395 0.581996 0.089545 5.582025 0.438608 0.079544 15.371559 -0.374490 0.287536 -7.480600 -0.729135 -1.680713 9.843047 7.953844 -21.024055 -18.118013 71.278039 24.227507 50.501091 15.077924 1.061726 16.740905 -7.186551 0.113936 9.338981 -8.177407 13.123960 -16.317972 -72.358991 -42.529335 64.395881 -33.479767 -6.818018 12.114204 0.146953 -11.289228 2.319383 -0.381865 -1.750933 -2.272416 -0.315711 2.691613 -2.367092 -0.832134 0.000000 -0.000000 -0.000000 6.407312 0.092670 0.592656 -4.935725 -0.079119 0.973859 -0.597742 -1.751814 -2.537942 -0.005088 -1.167890 0.499165
-3.419109 0.959219 1.675454 -23.116692 2.843142 0.450627 0.284816 -0.755089 1.281065 0.070487 -6.160860 0.573113 0.070021 -0.340433 0.580269 0.097272 5.581257 0.437314 0.102422 15.315886 -0.372388 0.329881 -7.583840 -0.734022 -1.667099 9.874686 7.972880 -20.997420 -18.138822 71.309140 23.767567 50.499281 14.790674 1.048344 16.734893 -7.167230 0.132500 9.344260 -8.191507 13.145912 -16.358343 -72.337697 -42.292388 64.401158 -33.323709 -6.773939 12.141727 0.228772 -11.299937 2.329617 -0.407401 -1.730106 -2.283426 -0.318800 2.720336 -2.370734 -0.814902 -0.000000 -0.000000 -0.000000 6.396222 0.102037 0.571597 -4.899227 -0.057806 0.972907 -0.583782 -1.775252 -2.525413 -0.005094 -1.169751 0.499032
-3.418991 0.959206 1.675689 -23.160054 2.834726 0.458555 0.310349 -0.755610 1.274414 0.082123 -6.161029 0.570182 0.081591 -0.340603 0.578520 0.105815 5.581142 0.436002 0.136462 15.272224 -0.367977 0.392172 -7.664700 -0.738711 -1.660277 9.895084 7.986139 -20.984259 -18.141966 71.321128 23.422226 50.561358 14.618647 1.051614 16.746890 -7.104023 0.148971 9.349743 -8.205236 13.136282 -16.391009 -72.308024 -41.983885 64.329057 -33.069667 -6.712291 12.171666 0.304231 -11.304364 2.340723 -0.433073 -1.712144 -2.284742 -0.323871 2.750021 -2.378457 -0.799117 0.000000 -0.000000 0.000000 6.380054 0.115684 0.547359 -4.863715 -0.030505 0.979091 -0.559658 -1.801673 -2.517047 -0.005115 -1.172070 0.500097
-3.418872 0.959196 1.675925 -23.206677 2.819988 0.466446 0.337764 -0.754012 1.267353 0.094608 -6.160252 0.567069 0.094003 -0.339828 0.576673 0.114982 5.581736 0.434619 0.177197 15.240836 -0.362982 0.466700 -7.722707 -0.744767 -1.656823 9.911455 7.995189 -20.981725 -18.132502 71.323446 23.158265 50.663230 14.525262 1.065189 16.769844 -7.013356 0.164714 9.356533 -8.218783 13.112494 -16.425979 -72.270698 -41.639194 64.194160 -32.761626 -6.641466 12.204074 0.377176 -11.307395 2.353882 -0.459428 -1.693125 -2.278982 -0.330361 2.780583 -2.388936 -0.784024 0.000000 -0.000000 -0.000000 6.360751 0.132834 0.521799 -4.824729 0.002917 0.988564 -0.532653 -1.830045 -2.511277 -0.005151 -1.175535 0.502107
-3.418750 0.959192 1.676147 -23.245781 2.798635 0.474187 0.358812 -0.748717 1.261978 0.104180 -6.157848 0.564695 0.103521 -0.337425 0.575271 0.122010 5.583547 0.433569 0.212216 15.221908 -0.362924 0.532303 -7.757573 -0.757860 -1.653092 9.929127 8.004517 -20.995354 -18.119405 71.322221 22.968138 50.766883 14.477936 1.080697 16.792605 -6.920918 0.180263 9.367798 -8.227802 13.094347 -16.466264 -72.231952 -41.379439 64.035600 -32.514831 -6.580399 12.242155 0.451749 -11.303705 2.370781 -0.484633 -1.679863 -2.267930 -0.339472 2.802168 -2.401077 -0.767468 0.000000 0.000000 0.000000 6.342690 0.152350 0.498798 -4.775533 0.039689 0.995473 -0.524424 -1.856045 -2.506202 -0.005213 -1.181180 0.505702
-3.418633 0.959195 1.676350 -23.273608 2.767604 0.482109 0.371750 -0.738084 1.258325 0.110060 -6.153091 0.563070 0.109369 -0.332670 0.574243 0.126313 5.587120 0.432800 0.235635 15.219249 -0.369482 0.578562 -7.762254 -0.778884 -1.649411 9.949415 8.015597 -21.026384 -18.102820 71.317986 22.862189 50.867114 14.478879 1.097335 16.813083 -6.825162 0.193128 9.386211 -8.228845 13.091505 -16.515256 -72.194096 -41.239784 63.854785 -32.360991 -6.535266 12.290942 0.529269 -11.290277 2.395107 -0.507954 -1.673318 -2.252208 -0.352954 2.808465 -2.414334 -0.747824 0.000000 -0.000000 0.000000 6.325232 0.175124 0.480944 -4.700654 0.081806 0.996073 -0.553308 -1.878247 -2.502000 -0.005324 -1.190816 0.512299
-3.418513 0.959205 1.676540 -23.293919 2.729954 0.489881 0.378319 -0.723755 1.256354 0.113028 -6.146707 0.562181 0.112321 -0.326287 0.573656 0.128476 5.591910 0.432362 0.253351 15.229062 -0.380947 0.615883 -7.743770 -0.806855 -1.645456 9.971007 8.026949 -21.073585 -18.082615 71.310206 22.830844 50.969538 14.526569 1.115909 16.833236 -6.727596 0.205796 9.409094 -8.225363 13.094329 -16.569573 -72.154828 -41.182656 63.650957 -32.266085 -6.499972 12.345559 0.608198 -11.270128 2.423202 -0.530101 -1.672533 -2.231186 -0.369054 2.805784 -2.429241 -0.726713 -0.000000 0.000000 -0.000000 6.309020 0.200286 0.465647 -4.615574 0.127268 0.994185 -0.600970 -1.898063 -2.498452 -0.005463 -1.202633 0.520482
-3.418370 0.959214 1.676716 -23.307215 2.694567 0.496384 0.375490 -0.709084 1.258040 0.111660 -6.140193 0.562913 0.110962 -0.319772 0.574248 0.127496 5.596794 0.432810 0.270624 15.240122 -0.397764 0.654354 -7.722911 -0.844647 -1.636612 9.995302 8.038629 -21.138794 -18.067360 71.303409 22.836702 51.051966 14.582978 1.130201 16.847868 -6.658484 0.226267 9.431590 -8.223366 13.093686 -16.622079 -72.113458 -41.216102 63.460601 -32.242711 -6.474892 12.394304 0.688188 -11.246984 2.445752 -0.551397 -1.681440 -2.204767 -0.383722 2.803200 -2.446328 -0.706849 -0.000000 -0.000000 0.000000 6.300352 0.224068 0.449054 -4.559988 0.167302 0.995253 -0.634055 -1.915432 -2.493065 -0.005571 -1.212242 0.526641
-3.418192 0.959221 1.676878 -23.311145 2.664152 0.500939 0.359424 -0.694427 1.265769 0.104145 -6.133712 0.566325 0.103491 -0.313290 0.576898 0.122091 5.601648 0.434805 0.289095 15.248260 -0.424118 0.698637 -7.707358 -0.900733 -1.616227 10.026444 8.049776 -21.230018 -18.060722 71.299149 22.885486 51.103331 14.643527 1.137801 16.854481 -6.633105 0.263741 9.450460 -8.225704 13.086088 -16.668805 -72.068990 -41.362836 63.295856 -32.310473 -6.463334 12.433231 0.764409 -11.215614 2.458474 -0.571198 -1.708275 -2.169606 -0.396278 2.801671 -2.467813 -0.689583 -0.000000 0.000000 0.000000 6.302701 0.245497 0.429241 -4.557072 0.198551 1.002457 -0.635351 -1.930446 -2.484979 -0.005623 -1.217571 0.529204
-3.417991 0.959228 1.677025 -23.308058 2.635997 0.504211 0.333958 -0.679425 1.277136 0.092293 -6.127101 0.571350 0.091707 -0.306676 0.580720 0.113541 5.606595 0.437682 0.307111 15.257635 -0.455836 0.744044 -7.689425 -0.966655 -1.590967 10.060305 8.061232 -21.339273 -18.059081 71.295965 22.971613 51.134592 14.713111 1.141041 16.855471 -6.636168 0.309007 9.468964 -8.229536 13.075035 -16.713704 -72.022394 -41.596961 63.144243 -32.446403 -6.461805 12.466347 0.841566 -11.181239 2.465664 -0.590140 -1.744797 -2.129040 -0.407414 2.800235 -2.491478 -0.673566 -0.000000 -0.000000 0.000000 6.312596 0.265563 0.408168 -4.583644 0.224397 1.012546 -0.622068 -1.943024 -2.475085 -0.005643 -1.220691 0.529745
-3.417782 0.959236 1.677156 -23.305498 2.610852 0.507100 0.307589 -0.666361 1.286943 0.080112 -6.121357 0.575681 0.079596 -0.300930 0.583814 0.104691 5.610892 0.440009 0.325003 15.269532 -0.480818 0.786669 -7.666853 -1.019900 -1.576179 10.085862 8.075615 -21.444374 -18.060060 71.293811 23.040304 51.156634 14.767464 1.140740 16.853013 -6.652094 0.342446 9.491975 -8.232344 13.061863 -16.761510 -71.975900 -41.854578 63.005424 -32.600122 -6.460364 12.493870 0.933686 -11.163257 2.470852 -0.610505 -1.770222 -2.093000 -0.415142 2.805092 -2.511201 -0.657471 0.000000 0.000000 0.000000 6.325908 0.283436 0.387809 -4.609869 0.246157 1.021283 -0.612479 -1.952851 -2.463534 -0.005652 -1.223431 0.529376
-3.417567 0.959244 1.677267 -23.302744 2.589796 0.509648 0.281538 -0.656370 1.293472 0.068224 -6.116981 0.578552 0.067777 -0.296554 0.585478 0.095950 5.614162 0.441258 0.342569 15.283018 -0.493416 0.824042 -7.641453 -1.049845 -1.582603 10.097364 8.096527 -21.540432 -18.064860 71.292803 23.073682 51.171599 14.797956 1.135373 16.845445 -6.685941 0.352548 9.523852 -8.232908 13.052193 -16.814179 -71.929554 -42.144373 62.881997 -32.779836 -6.453300 12.514174 1.062607 -11.177226 2.475461 -0.634176 -1.773654 -2.066675 -0.416497 2.820408 -2.523771 -0.640858 0.000000 0.000000 0.000000 6.340428 0.297238 0.368940 -4.623638 0.264532 1.027294 -0.617629 -1.959751 -2.449727 -0.005650 -1.226131 0.527977
-3.417344 0.959253 1.677361 -23.300518 2.571751 0.511814 0.254586 -0.648319 1.298448 0.056009 -6.113474 0.580730 0.055631 -0.293044 0.586416 0.086909 5.616782 0.441960 0.360018 15.299032 -0.499280 0.858648 -7.611429 -1.067120 -1.599490 10.100572 8.120379 -21.632311 -18.072297 71.292772 23.089533 51.177379 14.813099 1.126597 16.834389 -6.732631 0.350821 9.560215 -8.232480 13.040404 -16.869716 -71.883253 -42.457679 62.771171 -32.977155 -6.446052 12.529067 1.206561 -11.207590 2.478037 -0.659301 -1.765987 -2.044886 -0.414437 2.842025 -2.532406 -0.624172 0.000000 -0.000000 0.000000 6.358365 0.308848 0.350786 -4.637066 0.278812 1.031962 -0.626474 -1.963894 -2.434259 -0.005636 -1.228450 0.525668
-3.417122 0.959262 1.677443 -23.308533 2.554233 0.514388 0.231566 -0.641101 1.301850 0.045612 -6.110327 0.582211 0.045293 -0.289897 0.586842 0.079185 5.619133 0.442277 0.378299 15.321667 -0.503256 0.894020 -7.569114 -1.081089 -1.609943 10.101700 8.139006 -21.712430 -18.076361 71.293146 23.086478 51.178583 14.814113 1.119824 16.826988 -6.761430 0.352184 9.592819 -8.232225 13.010944 -16.926944 -71.838979 -42.706411 62.665308 -33.118770 -6.445608 12.543726 1.314164 -11.227079 2.477792 -0.682561 -1.759127 -2.022016 -0.415843 2.863660 -2.540628 -0.607418 0.000000 -0.000000 -0.000000 6.382217 0.323070 0.332985 -4.656653 0.288183 1.035193 -0.624157 -1.965488 -2.419075 -0.005629 -1.231197 0.523929
