HIERARCHY
ROOT Hips
{
 OFFSET 0.000000 0.000000 0.000000
 CHANNELS 6 Xposition Yposition Zposition Yrotation Xrotation Zrotation
 JOINT Chest
 {
  OFFSET 0.000000 0.108577 -0.012064
  CHANNELS 3 Yrotation Xrotation Zrotation
  JOINT Chest2
  {
   OFFSET 0.000000 0.114566 0.000000
   CHANNELS 3 Yrotation Xrotation Zrotation
   JOINT Chest3
   {
    OFFSET 0.000000 0.104586 0.000080
    CHANNELS 3 Yrotation Xrotation Zrotation
    JOINT Chest4
    {
     OFFSET 0.000000 0.104469 0.000080
     CHANNELS 3 Yrotation Xrotation Zrotation
     JOINT Neck
     {
      OFFSET 0.000000 0.145826 0.000000
      CHANNELS 3 Yrotation Xrotation Zrotation
      JOINT Head
      {
       OFFSET 0.000000 0.094497 0.000047
       CHANNELS 3 Yrotation Xrotation Zrotation
       End Site
       {
        OFFSET 0.000000 0.173326 0.000036
       }
      }
     }
     JOINT RightCollar
     {
      OFFSET -0.031213 0.081695 0.000000
      CHANNELS 3 Yrotation Xrotation Zrotation
      JOINT RightShoulder
      {
       OFFSET -0.143577 0.000000 0.000000
       CHANNELS 3 Yrotation Xrotation Zrotation
       JOINT RightElbow
       {
        OFFSET -0.272032 0.000000 0.000000
        CHANNELS 3 Yrotation Xrotation Zrotation
        JOINT RightWrist
        {
         OFFSET -0.263092 0.000000 0.000091
         CHANNELS 3 Yrotation Xrotation Zrotation
         End Site
         {
          OFFSET -0.190430 0.000000 0.000000
         }
        }
       }
      }
     }
     JOINT LeftCollar
     {
      OFFSET 0.031213 0.081695 0.000000
      CHANNELS 3 Yrotation Xrotation Zrotation
      JOINT LeftShoulder
      {
       OFFSET 0.143577 0.000000 0.000000
       CHANNELS 3 Yrotation Xrotation Zrotation
       JOINT LeftElbow
       {
        OFFSET 0.272032 0.000000 0.000000
        CHANNELS 3 Yrotation Xrotation Zrotation
        JOINT LeftWrist
        {
         OFFSET 0.263092 0.000000 0.000091
         CHANNELS 3 Yrotation Xrotation Zrotation
         End Site
         {
          OFFSET 0.190430 0.000000 0.000000
         }
        }
       }
      }
     }
    }
   }
  }
 }
 JOINT RightHip
 {
  OFFSET -0.088949 -0.000184 0.000020
  CHANNELS 3 Yrotation Xrotation Zrotation
  JOINT RightKnee
  {
   OFFSET 0.000000 -0.415103 -0.000022
   CHANNELS 3 Yrotation Xrotation Zrotation
   JOINT RightAnkle
   {
    OFFSET 0.000000 -0.448133 -0.000277
    CHANNELS 3 Yrotation Xrotation Zrotation
    JOINT RightToe
    {
     OFFSET 0.000000 -0.076810 0.182379
     CHANNELS 3 Yrotation Xrotation Zrotation
     End Site
     {
      OFFSET 0.000000 -0.017923 0.081176
     }
    }
   }
  }
 }
 JOINT LeftHip
 {
  OFFSET 0.088949 -0.000208 0.000023
  CHANNELS 3 Yrotation Xrotation Zrotation
  JOINT LeftKnee
  {
   OFFSET 0.000000 -0.415103 -0.000022
   CHANNELS 3 Yrotation Xrotation Zrotation
   JOINT LeftAnkle
   {
    OFFSET 0.000000 -0.448133 -0.000277
    CHANNELS 3 Yrotation Xrotation Zrotation
    JOINT LeftToe
    {
     OFFSET 0.000000 -0.076810 0.182379
     CHANNELS 3 Yrotation Xrotation Zrotation
     End Site
     {
      OFFSET 0.000000 -0.017923 0.081176
     }
    }
   }
  }
 }
}
MOTION
Frames: 711
Frame Time: 0.016667
-2.090148 0.957624 -2.502863 4.986755 1.325389 0.878481 0.750702 2.143712 1.229564 0.272590 -4.871333 0.544798 0.271583 0.949033 0.572472 0.246661 6.548551 0.431723 -0.546386 14.009802 -0.136458 -0.976239 -10.010109 -0.042756 -1.405837 8.342530 9.064016 -18.942101 -19.000711 70.073893 16.000053 49.229680 9.707898 -1.499851 16.461867 -7.607628 2.347948 7.414696 -8.099851 14.205432 -15.626062 -74.220097 -40.525401 66.156249 -30.542522 -7.720334 12.922036 1.584020 -12.438331 3.055315 -4.009367 -4.968968 3.622362 -0.894821 3.461097 -6.925863 1.432728 0.015344 -0.125371 1.952176 8.085451 -5.631020 0.174736 -1.380839 2.873295 0.758761 -2.306436 2.053266 -3.527082 -0.000752 -0.345266 1.523162
-2.085477 0.957953 -2.499153 4.618049 1.179872 0.807432 0.836218 2.090234 1.115625 0.316438 -4.895127 0.493717 0.315271 0.925217 0.525843 0.275937 6.530731 0.396461 -0.417777 14.453652 0.042675 -0.801479 -9.185258 0.241160 -1.403648 8.344280 9.024608 -18.833201 -19.031945 70.496183 17.021040 48.214779 9.984799 -1.532694 16.369566 -8.111810 2.322529 7.377172 -8.082005 14.072226 -15.625328 -74.070133 -39.717483 66.020433 -29.865664 -7.664489 12.948437 1.624014 -12.698079 2.452713 -4.370580 -4.666832 5.203318 -1.000971 3.778628 -7.233402 1.802637 0.011490 -0.638716 2.735425 6.868083 -4.895350 0.232292 -0.031093 2.423531 0.594536 -2.079782 1.870409 -3.156534 -0.000831 -0.304889 1.336118
-2.081054 0.958407 -2.495260 4.206269 0.982471 0.722415 0.928129 2.077667 1.015389 0.362337 -4.900730 0.448633 0.361010 0.919586 0.485419 0.307199 6.526543 0.365882 -0.335084 14.837831 0.215147 -0.709641 -8.471058 0.530372 -1.380948 8.465161 9.018272 -18.470875 -19.133150 70.717325 18.436674 47.109668 10.662370 -1.531289 16.285076 -8.463852 2.310575 7.376448 -8.077358 13.962356 -15.724593 -73.924761 -38.995256 65.882757 -29.270590 -7.589566 12.974800 1.774661 -12.990619 1.763296 -4.699891 -4.427423 6.970472 -1.177094 4.273905 -7.321978 2.246735 -0.020097 -1.773561 2.821615 6.533233 -4.046762 0.210133 0.291020 1.854661 0.482022 -1.657459 1.773714 -2.881063 -0.000044 -0.213094 0.931657
-2.076756 0.958959 -2.491357 3.755134 0.766563 0.623279 1.024435 2.089426 0.931108 0.409347 -4.895508 0.410585 0.407861 0.924776 0.452143 0.339823 6.530467 0.340696 -0.283548 15.182660 0.377432 -0.671447 -7.829715 0.811978 -1.343436 8.647330 9.018871 -17.940927 -19.267230 70.835243 20.091071 45.976714 11.539417 -1.502145 16.209855 -8.700162 2.309216 7.387865 -8.078644 13.864785 -15.877186 -73.781762 -38.335083 65.712996 -28.717949 -7.495201 13.005228 1.999804 -13.286574 0.951677 -5.000557 -4.203404 8.930990 -1.401432 4.858155 -7.241137 2.712895 -0.063508 -3.324855 2.566125 6.675603 -3.155691 0.154248 0.130142 1.226490 0.401683 -1.188670 1.730390 -2.642664 0.000389 -0.089595 0.391602
-2.072539 0.959537 -2.487715 3.297511 0.586437 0.484702 1.102413 2.107686 0.888310 0.446134 -4.887351 0.391097 0.444526 0.932905 0.436391 0.366126 6.536587 0.328750 -0.252179 15.481891 0.515316 -0.661091 -7.272956 1.055183 -1.290946 8.844763 9.011457 -17.326324 -19.423621 70.906600 21.888186 45.032511 12.444431 -1.380944 16.167141 -8.746388 2.318993 7.387314 -8.073247 13.793694 -16.013432 -73.673787 -37.708647 65.441765 -28.150110 -7.371536 13.045068 2.292207 -13.502545 0.008057 -5.212262 -3.897347 11.015910 -1.659902 5.274703 -6.909600 3.109804 -0.104489 -5.020069 2.383278 6.992726 -2.328741 0.126070 -0.096761 0.603586 0.327967 -0.823463 1.706776 -2.403596 -0.000000 -0.000000 0.000000
-2.068308 0.960147 -2.484420 2.823648 0.459350 0.284168 1.159351 2.130290 0.906520 0.470517 -4.877147 0.398893 0.468832 0.943088 0.446662 0.385117 6.544243 0.336463 -0.245779 15.729114 0.623006 -0.685810 -6.812692 1.251167 -1.214840 9.063347 8.982896 -16.587489 -19.613437 70.925926 23.831713 44.308860 13.361011 -1.114172 16.161346 -8.519910 2.361525 7.357427 -8.063410 13.782674 -16.116501 -73.636060 -37.108078 65.067725 -27.550641 -7.202994 13.105648 2.669983 -13.631827 -1.127421 -5.300612 -3.428464 13.300580 -1.979258 5.420956 -6.132288 3.454397 -0.148236 -6.933046 2.413322 7.435507 -1.587352 0.152145 -0.250234 -0.017651 0.246580 -0.641984 1.702880 -2.142040 -0.000203 0.022562 -0.098976
-2.064158 0.960782 -2.481387 2.343295 0.366795 0.043257 1.197683 2.160385 0.965729 0.484559 -4.863526 0.425027 0.482834 0.956696 0.474222 0.397675 6.554468 0.357241 -0.261205 15.930924 0.705660 -0.742018 -6.436701 1.408503 -1.124531 9.297042 8.945548 -15.761858 -19.824199 70.894269 25.945607 43.767648 14.332676 -0.755382 16.164894 -8.103004 2.415102 7.315608 -8.046550 13.799509 -16.204437 -73.633899 -36.554002 64.592753 -26.947713 -7.006319 13.175692 3.115486 -13.690908 -2.391087 -5.297719 -2.877814 15.711063 -2.307891 5.405996 -5.100470 3.738255 -0.199676 -8.988914 2.524751 8.055167 -0.912305 0.212407 -0.469732 -0.632929 0.167975 -0.563738 1.720442 -1.879439 -0.000101 0.011279 -0.049489
-2.060334 0.961354 -2.478635 1.918348 0.310045 -0.198196 1.202275 2.188182 1.032208 0.483225 -4.850965 0.454565 0.481511 0.969261 0.503625 0.398882 6.563901 0.379435 -0.275365 16.100157 0.765998 -0.787830 -6.121442 1.523869 -1.047117 9.482093 8.923343 -15.049700 -20.009135 70.882304 28.209818 43.528391 15.339141 -0.400576 16.158015 -7.668393 2.415085 7.290369 -8.002948 13.760488 -16.259453 -73.595862 -36.069358 63.951947 -26.358214 -6.819919 13.226994 3.567520 -13.631375 -3.606858 -5.251116 -2.385494 17.956574 -2.503571 5.269261 -4.310831 3.841542 -0.254366 -10.690959 2.718010 8.699894 -0.347252 0.288065 -0.755811 -1.168250 0.094065 -0.498457 1.728639 -1.643125 0.000000 -0.000000 0.000000
-2.056903 0.961807 -2.476259 1.576674 0.293336 -0.426237 1.156419 2.217159 1.095285 0.459612 -4.838004 0.482823 0.457989 0.982245 0.529487 0.383175 6.573627 0.398991 -0.279369 16.235012 0.796942 -0.804411 -5.870529 1.581138 -0.989279 9.578632 8.923014 -14.514764 -20.149015 70.921436 30.723660 43.700531 16.443936 -0.082961 16.130199 -7.223556 2.308039 7.298513 -7.912763 13.647818 -16.252474 -73.512491 -35.645286 63.047152 -25.733627 -6.644564 13.250871 4.028005 -13.312397 -4.802908 -5.189394 -2.118293 20.160600 -2.541233 4.865607 -3.928271 3.614092 -0.335184 -12.074595 3.150591 9.407949 0.081284 0.372212 -1.191521 -1.593058 0.020176 -0.431234 1.717053 -1.442284 0.000000 -0.000000 -0.000000
-2.053799 0.962198 -2.474165 1.289924 0.313301 -0.655710 1.076931 2.244310 1.165677 0.420667 -4.825934 0.514514 0.419183 0.994344 0.557224 0.356150 6.582672 0.419988 -0.282345 16.336740 0.806184 -0.811684 -5.681438 1.598063 -0.944306 9.626951 8.938686 -14.094105 -20.261629 70.983620 33.461229 44.156385 17.681620 0.234762 16.090634 -6.764066 2.147645 7.324585 -7.796178 13.479768 -16.211506 -73.394070 -35.306990 61.978022 -25.134685 -6.479649 13.257175 4.494743 -12.875723 -5.953387 -5.098464 -1.902678 22.201289 -2.437549 4.315988 -3.790258 3.216687 -0.425012 -13.101503 3.662497 10.139416 0.399096 0.471173 -1.692682 -1.937458 -0.048533 -0.377152 1.696274 -1.267769 0.000000 -0.000000 0.000000
-2.051065 0.962603 -2.472084 1.035620 0.360524 -0.889923 0.998776 2.249538 1.242114 0.382055 -4.823613 0.548958 0.380699 0.996690 0.587747 0.329582 6.584396 0.443089 -0.287763 16.422934 0.818778 -0.824919 -5.521094 1.622255 -0.918751 9.683771 8.975653 -13.799230 -20.356334 71.053958 36.205616 44.665920 18.982594 0.555995 16.069266 -6.442982 2.029669 7.347973 -7.693722 13.226362 -16.202832 -73.197524 -35.102442 60.977042 -24.718221 -6.359663 13.245511 4.899766 -12.691821 -6.799583 -4.955631 -1.364889 23.417787 -2.115534 4.060695 -3.898974 2.983593 -0.433010 -13.174146 3.748486 10.624144 0.644989 0.581847 -2.008559 -2.219682 -0.096473 -0.291125 1.666159 -1.119520 -0.000000 -0.000000 0.000000
-2.048752 0.963071 -2.469879 0.814963 0.432967 -1.143168 0.926208 2.224125 1.332296 0.345321 -4.834881 0.589586 0.344078 0.985445 0.624644 0.304904 6.575926 0.471000 -0.295218 16.493561 0.843760 -0.846541 -5.389442 1.670332 -0.926272 9.775225 9.054013 -13.667925 -20.452671 71.112249 38.999265 45.223508 20.398915 0.892462 16.115942 -6.317923 2.008801 7.364703 -7.627465 12.798823 -16.249408 -72.858180 -35.028270 60.071434 -24.543490 -6.311550 13.197177 5.221800 -13.032156 -7.201552 -4.746893 -0.154386 23.491376 -1.440694 4.438542 -4.383033 3.078724 -0.301549 -11.802395 3.059045 10.686966 0.820683 0.717697 -2.002780 -2.422776 -0.122370 -0.132634 1.619082 -0.999658 -0.000000 0.000000 0.000000
-2.046810 0.963554 -2.467688 0.626373 0.532970 -1.401388 0.854704 2.176784 1.429013 0.308809 -4.855902 0.633171 0.307677 0.964447 0.664523 0.280627 6.560135 0.501158 -0.305023 16.548763 0.872608 -0.874034 -5.286327 1.726573 -0.953141 9.875766 9.153423 -13.662596 -20.530940 71.179675 41.823658 45.822713 21.908360 1.227535 16.196536 -6.328512 2.030138 7.377667 -7.575341 12.284978 -16.324025 -72.438882 -35.050694 59.234127 -24.515420 -6.306363 13.130552 5.482412 -13.620006 -7.291062 -4.481953 1.349280 22.728594 -0.580584 5.116966 -5.112830 3.323245 -0.140353 -9.451224 2.007852 10.502255 0.929756 0.863387 -1.810968 -2.565142 -0.131552 0.057809 1.562470 -0.906400 0.000000 0.000000 0.000000
-2.045133 0.963987 -2.465660 0.443361 0.657556 -1.625295 0.805936 2.112936 1.508616 0.283335 -4.884249 0.669047 0.282272 0.936112 0.697812 0.264110 6.538848 0.526318 -0.321623 16.606650 0.903793 -0.914850 -5.178044 1.789460 -0.964927 9.963905 9.218366 -13.681527 -20.541664 71.302053 44.299576 46.270125 23.244071 1.516142 16.223160 -6.451119 2.024793 7.375865 -7.511524 11.919595 -16.421366 -72.087363 -35.156539 58.616072 -24.549133 -6.294183 13.099716 5.677241 -14.003185 -7.219420 -4.165600 2.432362 21.419726 0.095557 5.536827 -5.697535 3.540925 -0.046170 -6.993027 1.159376 10.324371 1.013361 0.972173 -1.590708 -2.718327 -0.118694 0.203817 1.518811 -0.833548 0.000000 -0.000000 0.000000
-2.043685 0.964384 -2.463862 0.249059 0.821298 -1.808765 0.792599 2.025161 1.567415 0.274753 -4.923173 0.695535 0.273697 0.897192 0.723427 0.259650 6.509641 0.545655 -0.345058 16.673042 0.937191 -0.968912 -5.053767 1.858656 -0.947834 10.033751 9.220880 -13.710569 -20.444912 71.526467 46.243784 46.506246 24.235755 1.739835 16.144905 -6.762356 1.960838 7.356609 -7.423869 11.841678 -16.548665 -71.878773 -35.406465 58.352223 -24.677625 -6.256855 13.137216 5.788074 -14.075260 -7.008880 -3.776985 2.938164 19.511616 0.462805 5.359263 -6.165333 3.775463 -0.006093 -4.456412 0.644182 10.229254 1.077501 1.025098 -1.355789 -2.926761 -0.069518 0.257103 1.509900 -0.785603 -0.000000 0.000000 -0.000000
-2.042502 0.964732 -2.462227 0.060286 1.009986 -1.958218 0.801904 1.920214 1.609036 0.277170 -4.969689 0.714308 0.276082 0.850675 0.742446 0.262924 6.474750 0.559995 -0.375235 16.742084 0.973022 -1.036162 -4.924354 1.934586 -0.915707 10.090424 9.189485 -13.762788 -20.280254 71.804388 47.790892 46.636892 24.995810 1.914233 16.022192 -7.186880 1.870055 7.322803 -7.324378 11.912320 -16.703408 -71.738625 -35.742835 58.306071 -24.875083 -6.213348 13.209453 5.832314 -13.936552 -6.643681 -3.339738 3.043825 17.069776 0.653695 4.918339 -6.488067 3.977145 0.004700 -1.839315 0.260134 10.140008 1.114720 1.041504 -1.092466 -3.146104 0.000989 0.266005 1.514305 -0.757699 0.000000 0.000000 0.000000
-2.041582 0.964929 -2.460711 -0.098452 1.177667 -2.052876 0.817470 1.824517 1.620571 0.283842 -5.012138 0.719624 0.282708 0.808223 0.748440 0.268396 6.442918 0.564499 -0.416366 16.814370 1.010107 -1.123968 -4.788608 2.016510 -0.875584 10.128548 9.153653 -13.778010 -20.117934 72.038266 49.010293 46.734626 25.646671 2.046652 15.926057 -7.473166 1.779134 7.272044 -7.223372 11.949656 -16.868712 -71.590653 -35.977080 58.223660 -24.971459 -6.169605 13.271236 5.858623 -13.450374 -6.227371 -2.920606 2.567564 14.571721 0.731017 4.684181 -6.188931 3.849508 -0.000000 0.000000 -0.000000 10.081811 1.143101 1.031051 -0.917076 -3.313947 0.056458 0.299064 1.489725 -0.729340 -0.000000 0.000000 -0.000000
-2.040969 0.964920 -2.459391 -0.215091 1.315109 -2.078467 0.836932 1.747781 1.590010 0.294251 -5.046246 0.706106 0.293062 0.774110 0.735978 0.275261 6.417350 0.555073 -0.473243 16.889019 1.053389 -1.242897 -4.647921 2.115205 -0.828584 10.138521 9.114582 -13.733471 -19.962277 72.206104 49.894744 46.778132 26.196930 2.128081 15.874936 -7.522334 1.683537 7.181232 -7.113780 11.889345 -17.021342 -71.406113 -36.032196 58.025077 -24.882433 -6.128095 13.309455 5.860421 -12.336351 -5.772790 -2.531472 1.167303 11.968466 0.741788 4.902275 -4.744346 3.171225 -0.000554 0.518043 -0.085532 10.068680 1.164112 0.990971 -0.888474 -3.420834 0.086059 0.387828 1.426776 -0.693578 -0.000159 0.015188 -0.048743
-2.040619 0.964759 -2.458190 -0.301135 1.432084 -2.048808 0.862828 1.680146 1.529085 0.308967 -5.076364 0.678998 0.307708 0.743985 0.710364 0.284346 6.394779 0.535719 -0.540932 16.966973 1.098037 -1.382047 -4.500672 2.219914 -0.773575 10.129959 9.071224 -13.652598 -19.810302 72.331105 50.444526 46.798630 26.626686 2.170931 15.843083 -7.429752 1.587516 7.073368 -7.002593 11.795094 -17.184400 -71.213754 -35.985482 57.791957 -24.692958 -6.086410 13.337261 5.844537 -10.876935 -5.275635 -2.150826 -0.780892 9.290329 0.694416 5.318423 -2.674551 2.192697 0.001218 0.259014 -0.042819 10.086293 1.175978 0.923818 -0.947555 -3.475756 0.101955 0.500703 1.334838 -0.657474 -0.000318 0.030367 -0.097489
-2.040404 0.964508 -2.456832 -0.367308 1.511167 -1.984958 0.886244 1.618777 1.460580 0.322913 -5.103729 0.648507 0.321588 0.716611 0.681289 0.292591 6.374270 0.513758 -0.609160 17.051484 1.128095 -1.516803 -4.341411 2.297461 -0.714203 10.126439 9.049617 -13.546144 -19.721305 72.384111 50.751474 46.936888 27.028618 2.214420 15.831171 -7.235061 1.531385 7.014761 -6.921454 11.676512 -17.409943 -71.022898 -35.872077 57.514257 -24.478438 -6.042123 13.348973 5.880173 -9.783707 -4.806846 -1.800750 -2.408594 7.144549 0.567391 5.680666 -1.074323 1.321269 -0.000000 0.000000 0.000000 10.117572 1.192063 0.846962 -1.033549 -3.443698 0.102811 0.611508 1.199703 -0.621691 0.000000 0.000000 0.000000
-2.040378 0.964140 -2.455181 -0.411579 1.532063 -1.885792 0.902603 1.570745 1.386132 0.333955 -5.125207 0.615358 0.332577 0.695126 0.649260 0.298436 6.358172 0.489574 -0.676118 17.137226 1.135618 -1.641241 -4.180320 2.332675 -0.638032 10.144999 9.078519 -13.420353 -19.743562 72.316880 50.859352 47.201643 27.491670 2.288692 15.854114 -6.927248 1.541962 7.040490 -6.889619 11.476909 -17.744628 -70.793573 -35.670694 57.139750 -24.241264 -6.002935 13.340388 5.985959 -9.322585 -4.412540 -1.438038 -3.510093 5.947617 0.225094 5.927802 -0.476765 0.603607 -0.001196 0.032481 -0.089146 10.169919 1.217827 0.778085 -1.153209 -3.282525 0.068600 0.720831 0.998920 -0.584040 0.000870 -0.114195 0.394628
-2.040487 0.963683 -2.453374 -0.436074 1.515081 -1.752254 0.916682 1.529044 1.304109 0.344318 -5.143899 0.578819 0.342892 0.676428 0.613774 0.303509 6.344162 0.462784 -0.743721 17.229368 1.128489 -1.761556 -4.007631 2.340714 -0.557547 10.168542 9.129324 -13.268899 -19.827727 72.177003 50.730352 47.584937 27.932743 2.366853 15.897634 -6.516592 1.592954 7.115004 -6.887791 11.251545 -18.141758 -70.564905 -35.404711 56.720716 -23.981311 -5.961435 13.315756 6.143432 -9.229691 -4.037703 -1.113991 -4.314830 5.288742 -0.227562 6.134827 -0.356139 -0.022124 -0.001897 0.064213 -0.178565 10.236037 1.248077 0.699624 -1.300170 -3.034643 0.018651 0.828091 0.754940 -0.547048 0.000769 -0.273945 0.935492
-2.040441 0.963273 -2.451541 -0.457782 1.503640 -1.608587 0.933612 1.469701 1.232471 0.355473 -5.170401 0.546951 0.353990 0.649920 0.583038 0.309534 6.324292 0.439580 -0.807421 17.346780 1.114381 -1.871580 -3.788284 2.333770 -0.513729 10.169671 9.141915 -13.084469 -19.886787 72.079492 50.332598 48.200723 28.187115 2.402502 15.920681 -6.074966 1.645213 7.198578 -6.889966 11.180601 -18.515016 -70.467004 -35.173431 56.403494 -23.767242 -5.892779 13.282240 6.366242 -9.422790 -3.596609 -1.000410 -4.623188 4.563023 -0.481270 6.276853 -0.217021 -0.331867 -0.000000 -0.000000 0.000000 10.276794 1.279967 0.576006 -1.393327 -2.791471 0.010802 0.905434 0.520911 -0.518217 -0.000577 -0.409941 1.316121
-2.040027 0.962946 -2.449700 -0.481633 1.508102 -1.449864 0.956323 1.382079 1.175362 0.368545 -5.209425 0.521620 0.366987 0.610887 0.559035 0.317502 6.295029 0.421458 -0.867254 17.512083 1.091764 -1.970334 -3.480333 2.308529 -0.531419 10.136152 9.077956 -12.819915 -19.888184 72.066462 49.548136 49.106939 28.132344 2.395506 15.886674 -5.628420 1.686321 7.286039 -6.893135 11.381179 -18.865414 -70.581136 -34.984936 56.272713 -23.615867 -5.773733 13.233720 6.697292 -10.019300 -3.002116 -1.273435 -4.170814 3.487554 -0.338184 6.329705 0.152108 -0.110602 0.003922 -0.255909 0.712694 10.271068 1.315107 0.366662 -1.369898 -2.571485 0.079112 0.916866 0.310557 -0.495256 -0.002116 -0.501820 1.377658
-2.039458 0.962667 -2.447833 -0.502628 1.518110 -1.281021 0.982091 1.276875 1.128613 0.382495 -5.256235 0.500953 0.380850 0.564068 0.539783 0.326483 6.259926 0.406924 -0.923471 17.702552 1.062150 -2.059387 -3.125934 2.268415 -0.585216 10.080320 8.975472 -12.523593 -19.865106 72.097855 48.458312 50.240444 27.857077 2.350384 15.837171 -5.147759 1.728572 7.382662 -6.900163 11.741534 -19.190930 -70.830105 -34.830028 56.243631 -23.508738 -5.630197 13.176131 7.093975 -10.910358 -2.351621 -1.766695 -3.241988 2.349740 -0.022743 6.316794 0.545029 0.426590 0.005619 -0.606887 1.693693 10.239853 1.351372 0.112048 -1.291501 -2.356170 0.190050 0.898514 0.110145 -0.479979 -0.003327 -0.569917 1.278938
-2.039082 0.962473 -2.446015 -0.522661 1.546034 -1.141120 1.007379 1.162052 1.097721 0.395472 -5.307284 0.487396 0.393738 0.513010 0.527543 0.335266 6.221643 0.397684 -0.971716 17.869065 1.037824 -2.136091 -2.816094 2.235790 -0.640991 10.011841 8.888806 -12.331992 -19.829870 72.165132 47.332273 51.537240 27.513258 2.226979 15.848510 -4.621625 1.769737 7.464379 -6.894243 12.098566 -19.402533 -71.105533 -34.780947 56.207935 -23.461262 -5.509078 13.135317 7.441644 -11.667349 -1.825994 -2.128402 -2.437887 1.417265 0.162533 6.283319 0.835200 0.856276 0.004381 -0.856446 2.414379 10.207146 1.380334 -0.101960 -1.263507 -2.180728 0.300127 0.930721 -0.068290 -0.486188 -0.003810 -0.605990 1.190039
-2.039126 0.962418 -2.444212 -0.539861 1.597550 -1.046748 1.033702 1.032167 1.084263 0.408095 -5.364982 0.481669 0.406267 0.455303 0.523097 0.344375 6.178373 0.394330 -1.012428 18.007485 1.026353 -2.203872 -2.558273 2.224851 -0.696443 9.924440 8.842334 -12.316693 -19.773452 72.274748 46.283799 53.083111 27.158062 1.959213 15.958592 -3.907369 1.806027 7.529286 -6.858648 12.407949 -19.453693 -71.392855 -34.836443 56.108386 -23.435018 -5.411291 13.134875 7.699740 -12.194764 -1.497482 -2.178976 -1.877200 0.834826 0.066871 6.221743 0.953204 1.019089 0.003366 -0.910234 2.603639 10.207142 1.420833 -0.241003 -1.386649 -2.097922 0.408904 1.078352 -0.196202 -0.536428 -0.003321 -0.598412 1.171510
-2.039363 0.962447 -2.442458 -0.556051 1.666938 -0.981333 1.059314 0.892609 1.086616 0.419665 -5.426942 0.483041 0.417740 0.393335 0.525643 0.353227 6.131907 0.396253 -1.045059 18.121969 1.020317 -2.259119 -2.344963 2.221733 -0.754141 9.824367 8.811600 -12.405990 -19.704816 72.418172 45.170406 54.794421 26.698386 1.621750 16.139272 -3.144094 1.841077 7.579192 -6.810230 12.711538 -19.390714 -71.702876 -34.998558 56.001499 -23.470332 -5.334106 13.151662 7.908680 -12.580371 -1.282965 -2.089545 -1.429221 0.465535 -0.150036 6.138949 0.968527 1.074470 0.003771 -0.862837 2.532447 10.205624 1.454307 -0.339407 -1.560691 -2.054382 0.516865 1.276546 -0.301833 -0.608643 -0.002241 -0.558829 1.162826
-2.039462 0.962429 -2.440930 -0.578655 1.749479 -0.934211 1.075589 0.767522 1.105562 0.426273 -5.482447 0.491811 0.424276 0.337825 0.535083 0.358895 6.090282 0.403378 -1.063488 18.175879 1.009560 -2.288152 -2.244661 2.206743 -0.787687 9.740231 8.778065 -12.520600 -19.663031 72.563432 43.900062 56.356933 26.082182 1.365892 16.350946 -2.753077 1.884017 7.595654 -6.782730 12.972855 -19.267128 -71.963885 -35.342983 55.948745 -23.700631 -5.316140 13.141843 8.074681 -12.664150 -1.118474 -2.025700 -1.308055 0.165007 -0.304835 6.101023 0.963763 1.076677 0.004806 -0.798707 2.486163 10.124324 1.416188 -0.414146 -1.590049 -1.926213 0.580667 1.411103 -0.458644 -0.649942 -0.001275 -0.513973 1.152461
-2.039252 0.962314 -2.439740 -0.624745 1.853482 -0.905742 1.084524 0.659991 1.147334 0.428522 -5.530103 0.510744 0.426476 0.290168 0.554244 0.362047 6.054543 0.417836 -1.064589 18.145220 0.987814 -2.283760 -2.302177 2.167907 -0.772549 9.684897 8.731088 -12.685210 -19.665823 72.714375 42.511564 57.775759 25.349885 1.231432 16.603824 -2.860619 1.959030 7.549606 -6.794119 13.184811 -19.070335 -72.145093 -35.953342 55.955442 -24.230039 -5.383263 13.074831 8.208762 -12.276255 -0.995510 -2.048808 -1.753637 -0.114995 -0.317549 6.199245 0.971482 1.018083 0.006516 -0.740254 2.579638 9.927497 1.264868 -0.458645 -1.343717 -1.656963 0.556883 1.398255 -0.703874 -0.624924 -0.000618 -0.468247 1.135800
-2.038904 0.962153 -2.438776 -0.677311 1.970628 -0.895656 1.084012 0.566955 1.205841 0.425777 -5.571292 0.537129 0.423710 0.248980 0.580351 0.362001 6.023653 0.437532 -1.050974 18.054065 0.961557 -2.252220 -2.472532 2.117310 -0.733304 9.645684 8.681603 -12.874742 -19.695362 72.867351 40.945438 59.039528 24.437695 1.151511 16.863610 -3.353788 2.042434 7.470392 -6.826521 13.353301 -18.814446 -72.277058 -36.747895 56.011426 -24.956742 -5.508212 12.981563 8.300598 -11.586963 -0.922495 -2.097149 -2.527249 -0.326538 -0.262604 6.342448 0.958952 0.906496 0.009035 -0.665084 2.698065 9.651292 1.041713 -0.477643 -0.953424 -1.303284 0.489942 1.321401 -1.000510 -0.568101 -0.000076 -0.417254 1.117435
-2.038595 0.961957 -2.437880 -0.692637 2.071263 -0.892199 1.059310 0.503304 1.263403 0.412273 -5.599489 0.563040 0.410246 0.220793 0.604891 0.353802 6.002502 0.456046 -1.025244 17.937882 0.939712 -2.200350 -2.689538 2.071332 -0.717205 9.612703 8.643493 -12.935132 -19.737511 72.980402 38.995426 59.799016 23.176769 1.109368 17.007319 -4.295697 2.071359 7.426943 -6.859958 13.462494 -18.594008 -72.382858 -37.557053 56.156769 -25.707149 -5.649533 12.909830 8.324162 -10.947761 -0.862792 -2.151703 -3.125608 -0.472913 -0.191017 6.323130 0.910731 0.818861 0.011469 -0.590219 2.782360 9.325399 0.806234 -0.505588 -0.616855 -0.911852 0.466292 1.317493 -1.311123 -0.532135 0.000241 -0.374515 1.099655
-2.038385 0.961711 -2.437016 -0.638185 2.137857 -0.891154 0.991453 0.486244 1.313890 0.379807 -5.607125 0.585705 0.377929 0.213180 0.624260 0.331049 5.996761 0.470662 -0.985575 17.786148 0.927766 -2.126831 -2.972642 2.039686 -0.753234 9.576894 8.620998 -12.749449 -19.794165 73.030801 36.568022 59.846965 21.531648 1.168857 16.945314 -5.957417 2.000793 7.458094 -6.891982 13.522511 -18.454573 -72.460911 -38.367315 56.386397 -26.461319 -5.794429 12.875616 8.292011 -10.427750 -0.800319 -2.219743 -3.336323 -0.539475 -0.103406 5.962399 0.807423 0.787291 0.013813 -0.527969 2.903655 8.926759 0.567105 -0.564137 -0.401627 -0.467687 0.532457 1.450511 -1.637361 -0.534339 0.000208 -0.356288 1.120657
-2.038213 0.961432 -2.436220 -0.546510 2.187940 -0.896552 0.899412 0.498530 1.363427 0.336560 -5.601805 0.607894 0.334889 0.218527 0.642059 0.300123 6.000725 0.484098 -0.933764 17.609434 0.920263 -2.032811 -3.302294 2.012485 -0.812562 9.547067 8.609957 -12.434117 -19.862923 73.040957 33.927173 59.358156 19.714747 1.320006 16.756432 -8.044629 1.875220 7.524409 -6.925292 13.523776 -18.351372 -72.514728 -39.203550 56.706000 -27.248400 -5.956510 12.862236 8.192566 -9.957801 -0.750976 -2.293293 -3.371400 -0.542665 -0.001842 5.439116 0.668179 0.780113 0.015836 -0.465995 2.990806 8.478497 0.315491 -0.631507 -0.238595 0.014200 0.639713 1.657072 -1.977463 -0.558884 -0.000055 -0.346313 1.142256
-2.038081 0.961184 -2.435440 -0.471508 2.244455 -0.908921 0.825325 0.503329 1.412666 0.301326 -5.599779 0.629951 0.299822 0.220573 0.660540 0.275231 6.002220 0.498045 -0.878352 17.474805 0.909439 -1.929880 -3.553922 1.976704 -0.855779 9.540076 8.611381 -12.185335 -19.923704 73.036973 31.406128 58.561954 17.934204 1.419438 16.575181 -9.777982 1.765862 7.577452 -6.947482 13.421182 -18.243667 -72.575539 -39.956641 57.176620 -27.972825 -6.135745 12.866933 7.962582 -9.681920 -0.727304 -2.329593 -3.364055 -0.532611 0.058572 5.082201 0.535682 0.777905 0.016273 -0.384194 2.771281 8.079409 0.084702 -0.678710 -0.120340 0.441525 0.730271 1.883356 -2.289155 -0.609229 -0.000167 -0.309311 1.052192
-2.038024 0.960997 -2.434727 -0.424259 2.322993 -0.929147 0.781205 0.487074 1.462751 0.279436 -5.607028 0.652402 0.278030 0.213335 0.680768 0.260438 5.996763 0.513304 -0.820755 17.406481 0.891267 -1.818838 -3.682612 1.925020 -0.863186 9.569070 8.634147 -12.060147 -19.968313 73.012092 29.089423 57.426514 16.210914 1.354075 16.443537 -10.842420 1.694401 7.599154 -6.950535 13.121537 -18.111741 -72.652623 -40.503853 57.837758 -28.526620 -6.358980 12.891524 7.563988 -9.711968 -0.743657 -2.294564 -3.369995 -0.533353 0.036927 5.066926 0.433921 0.772122 0.013193 -0.254978 1.949358 7.789446 -0.128799 -0.694139 -0.067628 0.785989 0.783771 2.100596 -2.548603 -0.687194 0.000145 -0.212960 0.736879
-2.038007 0.960841 -2.434029 -0.393718 2.407970 -0.956380 0.755025 0.463327 1.512496 0.265563 -5.617558 0.674696 0.264217 0.202812 0.701654 0.251683 5.988850 0.529056 -0.759909 17.380262 0.869584 -1.699657 -3.733214 1.864815 -0.854583 9.621053 8.669194 -12.001732 -20.005442 72.973409 26.987129 55.991446 14.620827 1.216110 16.327658 -11.566401 1.639370 7.607876 -6.942314 12.718204 -17.976581 -72.737324 -40.972779 58.652863 -29.028273 -6.609061 12.932774 7.035513 -9.935966 -0.785855 -2.221946 -3.333692 -0.520115 -0.025938 5.217885 0.339048 0.770600 0.006379 -0.106078 0.820728 7.548354 -0.320992 -0.690282 -0.060589 1.075847 0.820626 2.337459 -2.779634 -0.790782 0.000216 -0.089362 0.309965
-2.037921 0.960692 -2.433147 -0.400583 2.475531 -0.988634 0.752811 0.435948 1.559022 0.262509 -5.629632 0.695536 0.261170 0.190739 0.722185 0.250979 5.979786 0.544535 -0.700754 17.390543 0.848393 -1.583038 -3.715898 1.805356 -0.849873 9.673716 8.690418 -12.035828 -20.041075 72.968779 25.172049 54.615099 13.302842 1.125738 16.248424 -12.150695 1.607492 7.610146 -6.934124 12.445734 -17.857423 -72.833239 -41.647729 59.566874 -29.737795 -6.819437 12.979442 6.426406 -10.162141 -0.824584 -2.171486 -3.221706 -0.468096 -0.062905 5.337944 0.222512 0.777874 0.000000 -0.000000 0.000000 7.274500 -0.447020 -0.674492 -0.031743 1.303329 0.845200 2.626051 -3.011641 -0.917345 -0.000000 -0.000000 -0.000000
-2.037702 0.960553 -2.431974 -0.467715 2.511928 -1.023975 0.784462 0.404618 1.602127 0.274686 -5.643354 0.714828 0.273280 0.177012 0.742712 0.261643 5.969499 0.560008 -0.644875 17.447111 0.829877 -1.472536 -3.612417 1.751137 -0.853745 9.720805 8.682889 -12.230955 -20.078849 73.035939 23.626929 53.387873 12.267639 1.116558 16.233385 -12.646958 1.610224 7.605215 -6.929055 12.410231 -17.769314 -72.955378 -42.762169 60.662524 -30.878764 -6.961295 13.035487 5.682771 -10.331164 -0.825559 -2.179473 -2.980544 -0.406341 -0.030612 5.341269 0.091401 0.795904 -0.001676 0.028445 -0.205283 6.961980 -0.477037 -0.652905 0.030264 1.456597 0.859720 2.987116 -3.254767 -1.070452 0.000016 0.022995 -0.077916
-2.037415 0.960421 -2.430615 -0.572229 2.530821 -1.064416 0.840005 0.369649 1.641985 0.297651 -5.658609 0.732665 0.296123 0.161745 0.762880 0.280333 5.958072 0.575207 -0.590753 17.540147 0.812086 -1.364948 -3.441102 1.698364 -0.861521 9.768560 8.661556 -12.518769 -20.114926 73.137482 22.284640 52.239048 11.419349 1.141130 16.261712 -13.005142 1.636121 7.593922 -6.924016 12.505670 -17.695369 -73.087475 -44.169852 61.843246 -32.310920 -7.070820 13.096305 4.853622 -10.502382 -0.823504 -2.210032 -2.663373 -0.306110 0.027592 5.313723 -0.061288 0.822904 -0.000803 0.014238 -0.102639 6.616827 -0.440524 -0.620588 0.113907 1.547375 0.862298 3.400072 -3.498811 -1.246946 0.000060 0.011512 -0.038954
-2.037148 0.960262 -2.429192 -0.666195 2.549488 -1.113914 0.895657 0.335844 1.676269 0.320921 -5.673350 0.748018 0.319270 0.146991 0.780595 0.299063 5.947030 0.588558 -0.538562 17.634589 0.792774 -1.260536 -3.267089 1.643611 -0.879056 9.813377 8.645089 -12.719501 -20.144499 73.208399 21.077862 51.286691 10.669820 1.203926 16.279367 -13.265789 1.657504 7.585104 -6.921098 12.648122 -17.606294 -73.185575 -45.531569 62.791660 -33.690031 -7.163511 13.138240 4.143101 -10.662057 -0.893072 -2.214899 -2.396620 -0.054997 0.049316 5.315694 -0.285038 0.857924 -0.000000 -0.000000 0.000000 6.175371 -0.381322 -0.567726 0.252463 1.603222 0.851015 3.835092 -3.742710 -1.434110 -0.000000 -0.000000 0.000000
-2.036976 0.960053 -2.427746 -0.741300 2.566912 -1.185658 0.942249 0.306310 1.708419 0.340252 -5.686224 0.762421 0.338497 0.134107 0.796961 0.314750 5.937388 0.600892 -0.485560 17.725274 0.772151 -1.154419 -3.100016 1.586408 -0.916864 9.852335 8.636522 -12.726079 -20.166719 73.225043 19.942369 50.578041 9.954069 1.320131 16.251792 -13.419925 1.664831 7.582129 -6.921407 12.849985 -17.493168 -73.235759 -46.733652 63.401177 -34.905917 -7.215030 13.160586 3.629705 -10.788540 -1.014867 -2.137948 -2.252077 0.318375 -0.033135 5.381975 -0.581395 0.916801 -0.000530 0.021507 -0.096436 5.536784 -0.302364 -0.476837 0.511395 1.624252 0.829713 4.314288 -3.989837 -1.640980 -0.000000 0.000000 -0.000000
-2.036825 0.959817 -2.426235 -0.805868 2.584092 -1.266444 0.988940 0.277886 1.734978 0.359883 -5.698612 0.774331 0.358022 0.121706 0.810863 0.330471 5.928110 0.611369 -0.434379 17.817302 0.750011 -1.051275 -2.930370 1.527167 -0.964383 9.888368 8.632777 -12.645463 -20.182751 73.210851 18.903450 50.069426 9.297993 1.465729 16.216328 -13.477998 1.667641 7.581612 -6.923851 13.098783 -17.365335 -73.251429 -47.798953 63.788526 -35.977006 -7.234145 13.165303 3.236339 -10.904095 -1.207775 -2.034719 -2.159171 0.842940 -0.152557 5.477405 -0.948912 0.983069 -0.001070 0.043022 -0.192870 4.802228 -0.198650 -0.366360 0.825163 1.610227 0.794601 4.815780 -4.236849 -1.858311 0.000000 -0.000000 0.000000
-2.036558 0.959595 -2.424651 -0.836968 2.621477 -1.320686 1.039486 0.245976 1.743186 0.382085 -5.712582 0.778058 0.380104 0.107722 0.816844 0.347508 5.917649 0.615873 -0.393243 17.891023 0.723342 -0.965519 -2.794546 1.463334 -0.995842 9.926633 8.643440 -12.618814 -20.191335 73.171394 18.031255 49.741076 8.752850 1.589303 16.224947 -13.509783 1.666866 7.582245 -6.927271 13.273352 -17.221590 -73.230422 -48.503540 63.988653 -36.663335 -7.277038 13.133277 2.936653 -11.060802 -1.604017 -2.023113 -2.029046 1.718198 -0.168117 5.557973 -1.432402 1.007089 0.000000 0.000000 0.000000 4.210683 -0.104329 -0.278350 1.030486 1.587951 0.732430 5.243319 -4.472965 -2.045593 0.000000 0.000000 0.000000
-2.036049 0.959426 -2.422984 -0.834532 2.692851 -1.329812 1.091340 0.204390 1.727420 0.405999 -5.730916 0.771111 0.403887 0.089371 0.812325 0.365024 5.903919 0.612460 -0.367862 17.940064 0.686361 -0.905797 -2.704393 1.386190 -0.996995 9.962510 8.670894 -12.685653 -20.193876 73.100062 17.333022 49.662118 8.331713 1.656276 16.315281 -13.531101 1.664936 7.580497 -6.933382 13.290125 -17.029082 -73.156183 -48.606978 63.921950 -36.754239 -7.338430 13.055783 2.848548 -11.339394 -2.243063 -2.167043 -1.721171 2.987214 0.011861 5.581659 -2.085911 0.934421 0.006825 -0.071670 0.802628 3.882322 -0.029496 -0.231233 1.068496 1.550451 0.624898 5.534081 -4.688852 -2.175134 -0.000000 -0.000000 -0.000000
-2.035423 0.959270 -2.421244 -0.798572 2.784511 -1.312313 1.147079 0.159445 1.693150 0.432493 -5.750789 0.755917 0.430234 0.069478 0.799819 0.383853 5.889035 0.603026 -0.352556 17.970877 0.644755 -0.863399 -2.647958 1.304158 -0.982005 10.000470 8.712917 -12.806593 -20.188750 73.003620 16.779874 49.769027 7.998452 1.699642 16.449838 -13.529216 1.659419 7.579921 -6.940472 13.233503 -16.820698 -73.045901 -48.327483 63.674775 -36.439079 -7.421792 12.942282 2.853929 -11.655662 -3.087055 -2.398707 -1.364070 4.605530 0.302330 5.592656 -2.855191 0.819403 0.014516 -0.208706 1.894443 3.696623 0.033433 -0.205313 0.997948 1.504253 0.491284 5.750167 -4.894331 -2.273952 0.000000 0.000000 -0.000000
-2.034927 0.959047 -2.419449 -0.706304 2.875715 -1.288134 1.218141 0.125372 1.644193 0.466426 -5.765830 0.734135 0.463986 0.054410 0.781483 0.407785 5.877779 0.589201 -0.338503 17.983075 0.612696 -0.826706 -2.625915 1.240324 -0.967578 10.059189 8.772405 -13.004618 -20.169951 72.907960 16.397707 49.843752 7.741029 1.771067 16.566901 -13.530086 1.643978 7.589839 -6.942185 13.233656 -16.694115 -72.947726 -48.127305 63.533027 -36.075322 -7.594148 12.800461 2.573033 -11.813864 -4.150983 -2.642763 -1.272799 6.644246 0.571476 5.675909 -3.622321 0.774256 0.011512 -0.583371 2.603121 3.531274 0.074995 -0.184261 0.831939 1.496266 0.374758 5.982697 -5.107415 -2.383849 0.000000 -0.000000 -0.000000
-2.034573 0.958695 -2.417647 -0.563271 2.967773 -1.259830 1.315666 0.110200 1.581600 0.512675 -5.772441 0.706201 0.509997 0.047759 0.758245 0.440523 5.872848 0.571680 -0.323283 17.959433 0.589397 -0.791124 -2.670280 1.192562 -0.967092 10.143009 8.849038 -13.301350 -20.137947 72.823292 16.245355 49.831374 7.583857 1.893763 16.646318 -13.531483 1.609573 7.612988 -6.934382 13.318299 -16.675297 -72.890724 -48.279122 63.676432 -35.857614 -7.927697 12.597590 1.793674 -11.727792 -5.461645 -2.883335 -1.546587 9.170737 0.794339 5.850269 -4.502443 0.779538 -0.002480 -1.135991 2.621122 3.338214 0.083830 -0.177990 0.518462 1.542282 0.297919 6.338353 -5.344418 -2.522937 0.000000 0.000000 0.000000
-2.034349 0.958275 -2.415791 -0.363888 3.059264 -1.224581 1.428419 0.106302 1.504290 0.566324 -5.774069 0.671652 0.563374 0.046080 0.729141 0.478330 5.871650 0.549736 -0.309597 17.917145 0.575165 -0.761634 -2.749131 1.162213 -0.966501 10.247039 8.943899 -13.675861 -20.091176 72.741002 16.265368 49.787948 7.503982 2.044841 16.708086 -13.534969 1.565403 7.646626 -6.920875 13.459234 -16.738961 -72.847016 -48.507848 63.923081 -35.586799 -8.339939 12.362080 0.729543 -11.478377 -6.989078 -3.153717 -2.087528 12.121581 0.966718 6.099268 -5.379718 0.848638 -0.021533 -1.925683 2.256551 3.165467 0.071209 -0.176463 0.109508 1.626452 0.237765 6.710813 -5.588809 -2.673680 0.000000 -0.000000 0.000000
-2.034459 0.957887 -2.413749 -0.068786 3.125370 -1.194291 1.534316 0.104477 1.412999 0.617559 -5.774886 0.630853 0.614353 0.045210 0.693543 0.513842 5.871048 0.522896 -0.295941 17.907201 0.586392 -0.740474 -2.767690 1.178511 -0.941142 10.375786 9.062303 -14.087168 -20.020288 72.658640 16.315278 49.660940 7.426268 2.206846 16.750367 -13.571219 1.532533 7.691823 -6.907189 13.702079 -16.907387 -72.780119 -48.433386 64.017740 -35.008329 -8.658431 12.198767 -0.362166 -11.121689 -8.661099 -3.459620 -2.930585 15.374081 0.965376 6.454166 -5.790121 1.139899 -0.042429 -3.302113 1.761582 3.034997 0.061888 -0.133648 -0.225997 1.748281 0.168716 6.871795 -5.809194 -2.823878 0.000000 0.000000 0.000000
-2.034921 0.957554 -2.411530 0.326154 3.154398 -1.170920 1.628515 0.104105 1.308501 0.664191 -5.775181 0.584154 0.660753 0.044863 0.651578 0.545430 5.870823 0.491258 -0.271876 17.949296 0.629687 -0.710141 -2.689243 1.249823 -0.849580 10.562429 9.215871 -14.528453 -19.934130 72.561776 16.396955 49.391802 7.344774 2.389241 16.766313 -13.665349 1.526760 7.752246 -6.901819 14.073847 -17.203246 -72.699361 -47.933596 63.946215 -34.013454 -8.849525 12.157171 -1.549506 -10.576980 -10.541791 -3.850659 -4.393542 19.061751 0.649769 7.107780 -5.423242 1.780647 -0.053926 -5.633139 1.157131 2.981134 0.049755 -0.035174 -0.395835 1.935881 0.075274 6.691096 -5.997849 -2.968978 -0.000000 0.000000 0.000000
-2.035716 0.957253 -2.409126 0.816743 3.158009 -1.152796 1.715977 0.106507 1.190239 0.708446 -5.774356 0.531296 0.704788 0.045634 0.603212 0.574753 5.871423 0.454791 -0.246819 18.022837 0.699815 -0.686339 -2.552062 1.369797 -0.731695 10.771637 9.395168 -15.006828 -19.821979 72.466310 16.507579 49.038825 7.265545 2.582358 16.762417 -13.792117 1.532598 7.824120 -6.895723 14.547237 -17.607930 -72.603625 -47.157406 63.711239 -32.736630 -8.930116 12.203573 -2.761383 -9.910788 -12.560815 -4.307650 -6.222556 23.043860 0.046172 7.907735 -4.591394 2.620455 -0.032030 -8.552937 0.427008 2.969500 0.039849 0.104257 -0.492850 2.162227 -0.025551 6.298439 -6.162782 -3.111051 0.000000 -0.000000 -0.000000
-2.036991 0.957005 -2.406377 1.429840 3.146555 -1.146474 1.789417 0.105530 1.056877 0.747170 -5.775169 0.471708 0.743321 0.044771 0.547554 0.599396 5.870778 0.412827 -0.248575 18.118302 0.796102 -0.720250 -2.373721 1.546546 -0.686397 10.906314 9.571684 -15.500382 -19.645769 72.412976 16.500857 48.725052 7.135534 2.739863 16.756845 -13.906795 1.524189 7.897142 -6.868282 15.085717 -18.084541 -72.440612 -46.152567 63.083887 -31.317278 -8.812619 12.321021 -3.530866 -9.413238 -14.450243 -4.710533 -7.554374 26.792547 -0.589492 8.344597 -3.766506 3.432359 0.023946 -11.307585 -0.241882 2.919201 0.073376 0.287558 -0.625480 2.343463 -0.111162 5.855432 -6.296451 -3.247868 0.000000 -0.000000 0.000000
-2.038806 0.956792 -2.403175 2.186146 3.103011 -1.145031 1.838406 0.104037 0.896007 0.776284 -5.776413 0.399839 0.772297 0.043487 0.478639 0.615857 5.869790 0.360868 -0.276377 18.245698 0.929789 -0.813697 -2.134816 1.800140 -0.776353 10.901663 9.741806 -15.970375 -19.367130 72.407236 16.299843 48.489465 6.924855 2.836266 16.752489 -14.012486 1.481277 7.968921 -6.803574 15.781574 -18.646222 -72.199727 -44.924791 61.951152 -29.841576 -8.449968 12.535979 -3.618172 -9.202693 -16.143197 -4.993816 -7.900242 30.265717 -1.014130 8.028348 -3.019709 4.272978 0.110143 -14.020878 -0.868892 2.773322 0.190167 0.508828 -0.828338 2.447132 -0.175954 5.433991 -6.396141 -3.373890 -0.000000 -0.000000 0.000000
-2.041101 0.956632 -2.399629 3.064921 3.044725 -1.156316 1.873603 0.100750 0.719968 0.799953 -5.778567 0.321207 0.795850 0.041301 0.402410 0.627690 5.868103 0.303397 -0.329504 18.394309 1.091185 -0.961552 -1.854933 2.112074 -0.942406 10.824728 9.904824 -16.451968 -19.024322 72.440653 15.984922 48.292923 6.668011 2.896977 16.746277 -14.105968 1.424446 8.041174 -6.717261 16.540226 -19.290588 -71.900935 -43.566687 60.423443 -28.349462 -7.933155 12.814590 -3.238763 -9.175215 -17.713043 -5.204448 -7.656101 33.520475 -1.252749 7.344193 -2.278894 5.137191 0.219607 -16.565666 -1.450030 2.589401 0.348540 0.775754 -1.066283 2.504813 -0.226148 4.962246 -6.465517 -3.494946 -0.000000 0.000000 0.000000
-2.043834 0.956602 -2.395913 4.030974 3.034415 -1.207563 1.919041 0.082571 0.564050 0.827263 -5.787256 0.251628 0.823011 0.032573 0.335604 0.642950 5.861510 0.253038 -0.436953 18.524629 1.247047 -1.206768 -1.607650 2.430994 -1.100413 10.776940 10.036245 -17.033416 -18.693790 72.532489 15.646922 48.141514 6.409430 2.952154 16.748125 -14.133313 1.388916 8.109522 -6.636225 17.043147 -19.953553 -71.528805 -42.253650 58.611427 -26.909846 -7.387532 13.041958 -2.619701 -9.303296 -19.107849 -5.366518 -7.238177 36.186609 -1.378249 6.882578 -1.805784 5.710271 0.276594 -17.807614 -1.766374 2.458447 0.466502 1.111531 -1.342647 2.527636 -0.258381 4.386345 -6.506988 -3.626997 0.000000 -0.000000 -0.000000
-2.047055 0.956751 -2.392088 5.084145 3.101724 -1.315291 1.983735 0.035089 0.439442 0.861712 -5.808834 0.196165 0.857257 0.010944 0.283638 0.664669 5.845250 0.213884 -0.609894 18.634305 1.381568 -1.565156 -1.396460 2.731714 -1.228598 10.809458 10.128027 -17.814780 -18.418184 72.735198 15.314525 48.081104 6.171530 3.008616 16.767879 -14.077294 1.391038 8.186025 -6.572205 17.086942 -20.624550 -71.009707 -40.857148 56.325247 -25.410285 -6.853498 13.177360 -1.794064 -9.694461 -20.303893 -5.431463 -6.710030 38.140801 -1.428590 6.872072 -1.830536 5.768578 0.219370 -16.906573 -1.669629 2.424662 0.500688 1.535129 -1.652291 2.524637 -0.272347 3.649673 -6.512657 -3.762474 -0.000000 0.000000 0.000000
-2.050714 0.957029 -2.388092 6.224458 3.219725 -1.459781 2.058148 -0.028080 0.333450 0.899618 -5.837322 0.149097 0.894929 -0.017603 0.240417 0.689629 5.823805 0.181336 -0.837946 18.727088 1.509884 -2.022273 -1.213346 3.038417 -1.346766 10.871474 10.190789 -18.694644 -18.150073 72.997181 14.957463 48.065646 5.929879 3.060752 16.797331 -13.955207 1.414539 8.257967 -6.512866 16.868152 -21.309613 -70.408432 -39.551861 53.754519 -24.023219 -6.329650 13.254182 -0.735608 -10.255083 -21.326251 -5.430123 -6.000316 39.503143 -1.385649 7.041708 -2.118230 5.507359 0.114419 -14.711859 -1.251461 2.444021 0.487512 2.025723 -1.999856 2.485501 -0.268953 2.808498 -6.492928 -3.909055 -0.000000 0.000000 0.000000
-2.054626 0.957366 -2.383924 7.417081 3.366170 -1.612855 2.138352 -0.079146 0.246015 0.939225 -5.860373 0.110280 0.934295 -0.040719 0.205620 0.716497 5.806438 0.155137 -1.119471 18.773158 1.643393 -2.579470 -1.113411 3.372020 -1.431815 10.910033 10.229072 -19.460521 -17.833246 73.184890 14.579362 47.963140 5.661550 3.120829 16.820031 -13.765024 1.444838 8.283839 -6.450537 16.673449 -21.964045 -69.914384 -38.810863 51.586961 -23.062487 -5.836093 13.276242 0.399737 -10.647523 -22.194206 -5.516122 -5.374705 40.266272 -1.336345 7.219407 -2.242208 5.230440 0.038282 -12.623535 -0.668352 2.475273 0.465158 2.546565 -2.403235 2.392056 -0.246835 1.978463 -6.477366 -4.105825 0.000000 -0.000000 -0.000000
-2.058737 0.957823 -2.379580 8.638549 3.538870 -1.768117 2.229051 -0.110225 0.179913 0.982515 -5.874462 0.080916 0.977335 -0.054882 0.180650 0.746868 5.795794 0.136339 -1.457184 18.757009 1.779355 -3.242319 -1.124189 3.729771 -1.470862 10.913505 10.233387 -20.005205 -17.441363 73.254086 14.155248 47.692223 5.348435 3.207511 16.828445 -13.492443 1.496011 8.224276 -6.381893 16.623911 -22.554199 -69.607727 -38.789799 50.122015 -22.580876 -5.353097 13.194952 1.580775 -10.773424 -22.907040 -5.707584 -5.000542 40.353392 -1.424697 7.376675 -2.082748 5.074145 -0.002001 -11.045789 0.005881 2.563141 0.463169 3.086422 -2.915781 2.194157 -0.198420 1.207170 -6.464992 -4.373779 0.000000 0.000000 0.000000
-2.063101 0.958340 -2.375062 9.912194 3.740805 -1.929905 2.325622 -0.130485 0.133032 1.027545 -5.883666 0.060097 1.022114 -0.064166 0.164402 0.779212 5.788820 0.124112 -1.850074 18.694386 1.918482 -4.009659 -1.214908 4.113221 -1.477799 10.894388 10.211446 -20.437031 -17.003345 73.256399 13.716363 47.332981 5.020930 3.306218 16.832023 -13.151371 1.552157 8.118048 -6.314960 16.606321 -23.109101 -69.412306 -39.203501 49.058921 -22.378108 -4.882652 13.061136 2.828279 -10.725948 -23.461513 -5.990762 -4.749099 39.844361 -1.574552 7.553542 -1.763382 4.919612 -0.011167 -9.588240 0.838535 2.663864 0.447896 3.656440 -3.483011 1.939629 -0.132515 0.447414 -6.457616 -4.693178 0.000000 -0.000000 0.000000
-2.067692 0.958660 -2.370382 11.273606 3.956354 -2.087130 2.410391 -0.137492 0.099208 1.066741 -5.886932 0.045044 1.061099 -0.067503 0.153326 0.807604 5.786311 0.115774 -2.291029 18.601500 2.077153 -4.873318 -1.354353 4.549824 -1.470874 10.834915 10.191095 -20.868131 -16.547590 73.202325 13.347650 46.996342 4.724913 3.379410 16.839179 -12.781426 1.554302 8.041834 -6.257397 16.561129 -23.678940 -69.287821 -39.799787 48.189682 -22.313599 -4.449644 13.029508 4.065760 -10.445741 -23.867133 -6.482462 -4.454918 38.961314 -1.550780 7.689724 -1.225675 4.705935 0.009395 -8.456349 1.837014 2.602479 0.368088 4.253725 -3.961794 1.758600 -0.071595 -0.327032 -6.488239 -5.041145 0.000000 -0.000000 0.000000
-2.072503 0.958715 -2.365586 12.750045 4.184460 -2.238584 2.476934 -0.125802 0.076577 1.097339 -5.881844 0.034888 1.091547 -0.062473 0.146276 0.829898 5.790079 0.110456 -2.787790 18.471150 2.270751 -5.853441 -1.552501 5.071558 -1.449923 10.719781 10.181095 -21.320350 -16.061294 73.084874 13.077028 46.713130 4.460376 3.415423 16.859081 -12.390077 1.461737 8.032996 -6.199334 16.534810 -24.297783 -69.257686 -40.602977 47.510618 -22.411525 -4.042040 13.223433 5.315382 -9.906904 -24.114910 -7.223921 -4.084120 37.712889 -1.306045 7.787868 -0.369080 4.459414 0.036063 -7.919157 2.975682 2.281782 0.193422 4.882692 -4.258957 1.712671 -0.026372 -1.138093 -6.568824 -5.418975 0.000000 0.000000 0.000000
-2.077541 0.958572 -2.360626 14.314382 4.426675 -2.383445 2.531954 -0.101596 0.068271 1.122176 -5.871122 0.031060 1.116275 -0.051801 0.144969 0.848340 5.798087 0.109457 -3.333042 18.309339 2.483323 -6.932400 -1.796888 5.647786 -1.416509 10.563852 10.168234 -21.774242 -15.553073 72.914983 12.869138 46.453401 4.217756 3.430411 16.883346 -11.967476 1.316700 8.055437 -6.146224 16.484968 -24.925447 -69.301271 -41.592898 47.017760 -22.646824 -3.657146 13.521826 6.555124 -9.139566 -24.187357 -8.164496 -3.744326 36.072763 -0.977645 7.871348 0.714414 4.182013 0.050536 -7.733886 4.254008 1.796088 -0.041910 5.537003 -4.469128 1.742137 0.015666 -1.963190 -6.688611 -5.823705 -0.000000 0.000000 -0.000000
-2.082805 0.958184 -2.355378 15.920791 4.670499 -2.512235 2.577411 -0.079641 0.075258 1.142070 -5.861318 0.034068 1.136084 -0.042036 0.149996 0.863578 5.805424 0.113233 -3.896378 18.152016 2.685040 -8.042889 -2.024507 6.211714 -1.391075 10.394116 10.148149 -22.279937 -15.082700 72.724512 12.709888 46.238252 4.020042 3.426298 16.893014 -11.526712 1.185005 8.077001 -6.126966 16.213385 -25.503574 -69.304599 -42.454384 46.517745 -22.808138 -3.334424 13.710796 7.641802 -8.170464 -24.075021 -9.279820 -3.481081 34.202530 -0.594311 7.906064 1.806796 3.764030 0.085536 -7.344221 5.735224 1.257275 -0.290324 6.197459 -4.731379 1.795233 0.067373 -2.761610 -6.846709 -6.225181 -0.000000 0.000000 0.000000
-2.088303 0.957504 -2.349865 17.576266 4.918256 -2.627489 2.613079 -0.064076 0.101200 1.156754 -5.854247 0.045575 1.150703 -0.034995 0.162993 0.875536 5.810732 0.123021 -4.482385 18.006325 2.869059 -9.190171 -2.222527 6.751327 -1.373156 10.219103 10.122448 -22.895699 -14.679836 72.517057 12.603132 46.088305 3.889454 3.399915 16.872491 -11.069973 1.092128 8.088182 -6.158398 15.556475 -26.023124 -69.198699 -43.050832 45.951468 -22.780581 -3.077439 13.666063 8.536338 -6.940771 -23.756509 -10.581297 -3.308214 32.120176 -0.160639 7.893897 2.863916 3.065130 0.247296 -6.529532 8.191027 0.650532 -0.548818 6.870894 -5.019790 1.856791 0.122493 -3.576072 -7.039195 -6.617374 -0.000000 0.000000 -0.000000
-2.094028 0.956578 -2.344063 19.274090 5.166786 -2.726004 2.639297 -0.052088 0.142232 1.166556 -5.848680 0.063842 1.160463 -0.029447 0.182255 0.884330 5.814928 0.137534 -5.086073 17.864679 3.042524 -10.367785 -2.404198 7.278712 -1.363117 10.030893 10.088476 -23.564789 -14.312622 72.285241 12.544018 45.983911 3.798716 3.355387 16.837444 -10.592908 1.011885 8.101348 -6.224364 14.671524 -26.491125 -69.038511 -43.524505 45.390793 -22.674478 -2.866193 13.512973 9.274154 -5.535509 -23.217667 -12.020171 -3.262512 29.796319 0.261316 7.849137 3.959934 2.227232 0.485226 -5.600983 10.888821 -0.009884 -0.819827 7.550573 -5.360627 1.940635 0.188025 -4.362694 -7.271590 -7.005172 0.000000 0.000000 -0.000000
-2.099948 0.955492 -2.337772 20.947956 5.393897 -2.791877 2.658667 -0.047532 0.187176 1.173132 -5.846388 0.083897 1.167009 -0.027169 0.202978 0.890826 5.816674 0.153153 -5.662443 17.741464 3.196725 -11.488750 -2.548856 7.761333 -1.381935 9.832465 10.037785 -24.163956 -13.952000 72.041289 12.506388 45.885773 3.697907 3.303659 16.814802 -10.099772 0.932011 8.117103 -6.306136 13.840799 -26.877404 -68.894101 -43.969805 44.845456 -22.609730 -2.707216 13.410668 9.823040 -4.196310 -22.476277 -13.482484 -3.385736 27.330792 0.610468 7.734176 5.041207 1.534654 0.610936 -4.604897 11.643711 -0.566660 -1.067261 8.196594 -5.970362 2.034262 0.296152 -4.950446 -7.554899 -7.375708 0.000000 -0.000000 0.000000
-2.106000 0.954293 -2.330904 22.599204 5.595093 -2.816765 2.669100 -0.056543 0.231222 1.175774 -5.850132 0.103628 1.169627 -0.030918 0.222977 0.894325 5.813897 0.168237 -6.204172 17.643823 3.328911 -12.537389 -2.646640 8.190056 -1.461286 9.614963 9.965224 -24.630741 -13.576871 71.791952 12.438746 45.789523 3.523761 3.244190 16.818309 -9.560159 0.841472 8.137348 -6.405604 13.126349 -27.175124 -68.770731 -44.405895 44.312480 -22.626839 -2.600823 13.432483 10.151952 -2.950697 -21.512602 -14.976292 -3.740617 24.722913 0.891576 7.502802 6.064453 1.123853 0.489377 -3.146084 8.625273 -0.929428 -1.275722 8.784557 -7.000886 2.099290 0.472795 -5.284446 -7.884023 -7.720398 0.000000 -0.000000 0.000000
-2.112249 0.952934 -2.323548 24.226740 5.771990 -2.811361 2.672531 -0.072993 0.278468 1.175162 -5.857165 0.124834 1.169001 -0.037950 0.244120 0.895480 5.808658 0.184188 -6.718519 17.564518 3.441614 -13.527930 -2.711246 8.572288 -1.568927 9.388490 9.875918 -25.027929 -13.211358 71.528960 12.389424 45.699608 3.336604 3.179694 16.833483 -9.003550 0.751337 8.161246 -6.520864 12.468173 -27.392429 -68.662629 -44.810737 43.796081 -22.684103 -2.537158 13.504580 10.292387 -1.795531 -20.345490 -16.460437 -4.256601 21.983469 1.120410 7.184530 7.057384 0.828083 0.214579 -1.350241 3.656887 -1.187402 -1.463721 9.337993 -8.299330 2.167925 0.694668 -5.417247 -8.258978 -8.049724 -0.000000 0.000000 0.000000
-2.118859 0.951361 -2.315760 25.760411 5.911397 -2.790585 2.677568 -0.081837 0.331555 1.175003 -5.860781 0.148605 1.168833 -0.041566 0.267876 0.897177 5.805986 0.202103 -7.182342 17.496703 3.534105 -14.418091 -2.759246 8.899933 -1.629718 9.184347 9.778480 -25.419876 -12.895301 71.241431 12.482512 45.589847 3.270335 3.121645 16.842801 -8.526262 0.682687 8.183303 -6.627683 11.968837 -27.524164 -68.627627 -45.213687 43.312972 -22.779426 -2.510913 13.564649 10.306234 -0.904653 -19.086962 -17.774604 -4.741103 19.233652 1.299286 6.844205 8.057821 0.469233 0.000000 -0.000000 0.000000 -1.452418 -1.645447 9.889243 -9.625676 2.333115 0.918499 -5.338586 -8.694751 -8.381454 0.000000 0.000000 -0.000000
-2.125825 0.949536 -2.307571 27.173385 6.002901 -2.768558 2.685565 -0.072884 0.399588 1.175480 -5.856394 0.178948 1.169313 -0.037180 0.298267 0.899864 5.809325 0.225007 -7.585209 17.435364 3.606329 -15.189206 -2.803438 9.169844 -1.613012 9.013454 9.668333 -25.875874 -12.660578 70.938845 12.785020 45.528495 3.372363 3.051378 16.844296 -8.162046 0.666162 8.185300 -6.720485 11.670895 -27.564838 -68.687188 -45.658620 42.885876 -22.964150 -2.526439 13.584154 10.168169 -0.269400 -17.744533 -18.930741 -5.217981 16.464198 1.484912 6.508274 9.119638 0.000227 -0.028621 0.381870 -0.848514 -1.776868 -1.822695 10.439866 -10.947709 2.650326 1.143888 -4.955871 -9.224177 -8.717766 -0.000000 -0.000000 -0.000000
-2.133152 0.947497 -2.298950 28.492124 6.056384 -2.734960 2.695188 -0.056718 0.474350 1.176370 -5.848755 0.212254 1.170211 -0.029543 0.331663 0.903092 5.815106 0.250171 -7.937316 17.385928 3.658720 -15.859383 -2.834110 9.385290 -1.548796 8.865251 9.552195 -26.326963 -12.475232 70.607800 13.230313 45.444874 3.588461 2.980453 16.837272 -7.879045 0.671137 8.184337 -6.805710 11.531854 -27.519308 -68.815795 -46.101188 42.492325 -23.188094 -2.571110 13.591952 9.903214 0.116974 -16.344976 -19.936972 -5.643246 13.682972 1.659537 6.144840 10.188863 -0.542728 -0.007337 0.194323 -0.422916 -2.108866 -1.990051 10.989679 -12.299750 3.063874 1.366741 -4.357677 -9.804567 -9.066046 0.000000 -0.000000 0.000000
-2.141031 0.945298 -2.289865 29.726353 6.089081 -2.668029 2.710999 -0.048723 0.532540 1.180763 -5.844835 0.238204 1.174586 -0.025632 0.358060 0.908395 5.818084 0.270066 -8.246456 17.357612 3.691498 -16.441637 -2.833499 9.548059 -1.453050 8.737528 9.456539 -26.630703 -12.281244 70.204304 13.737459 45.104211 3.892951 2.960305 16.804502 -7.678523 0.626899 8.226458 -6.875647 11.526202 -27.397719 -69.000138 -46.443289 42.081453 -23.300467 -2.619032 13.611724 9.648432 0.106129 -15.054254 -20.664303 -5.697440 11.030575 1.714005 5.733400 11.146973 -1.204819 -0.000000 0.000000 0.000000 -2.404176 -2.150756 11.568798 -13.543296 3.499915 1.538326 -3.808437 -10.341598 -9.448000 0.000000 0.000000 -0.000000
-2.149485 0.942913 -2.280270 30.860811 6.107204 -2.557555 2.738991 -0.059444 0.564036 1.191786 -5.849376 0.252345 1.185542 -0.030195 0.373320 0.917785 5.814692 0.281579 -8.509256 17.361910 3.699150 -16.926265 -2.783040 9.644844 -1.317014 8.639731 9.395161 -26.690564 -12.037792 69.682256 14.311099 44.338132 4.285713 3.027374 16.739050 -7.566479 0.476234 8.362358 -6.921121 11.701407 -27.203473 -69.250404 -46.687395 41.634955 -23.272306 -2.660833 13.655218 9.443543 -0.410820 -13.928574 -21.071276 -5.033477 8.444656 1.614249 5.211739 11.917918 -2.079468 -0.000000 0.000000 -0.000000 -2.683921 -2.289504 12.189886 -14.613677 3.934368 1.634232 -3.364836 -10.825849 -9.879608 0.000270 0.054177 0.042623
-2.158490 0.940368 -2.270211 31.910585 6.102727 -2.415040 2.773122 -0.076843 0.578313 1.206319 -5.856979 0.258836 1.199982 -0.037829 0.381285 0.929231 5.808988 0.287598 -8.728971 17.388460 3.687880 -17.322512 -2.701452 9.689272 -1.149290 8.560509 9.356323 -26.605185 -11.779644 69.090991 14.922529 43.311595 4.735179 3.138966 16.647128 -7.541619 0.276584 8.539608 -6.948666 12.006051 -26.930819 -69.550131 -46.840446 41.171504 -23.139930 -2.707293 13.711270 9.248725 -1.294374 -12.939214 -21.246887 -3.957541 5.987016 1.385951 4.634863 12.584508 -3.084832 0.000000 0.000000 -0.000000 -2.926853 -2.422038 12.841322 -15.579211 4.389427 1.680606 -2.973551 -11.268733 -10.342713 0.000460 0.108226 0.085409
-2.168158 0.937796 -2.259786 32.930963 6.071051 -2.250684 2.799870 -0.081944 0.581495 1.218065 -5.859193 0.260293 1.211661 -0.040068 0.383934 0.938196 5.807320 0.289600 -8.923442 17.413500 3.675211 -17.671989 -2.626425 9.723172 -0.992151 8.465845 9.326816 -26.523505 -11.565183 68.528430 15.450228 42.292790 5.183127 3.228311 16.531917 -7.594335 0.129198 8.649845 -6.974800 12.267038 -26.577880 -69.846418 -46.816473 40.696084 -22.853018 -2.767430 13.768402 9.081052 -2.316151 -12.123858 -21.259761 -3.109598 3.987186 1.054032 4.147682 13.254105 -3.997334 -0.000000 0.000000 0.000000 -3.025976 -2.602228 13.515015 -16.500712 4.859220 1.708931 -2.739037 -11.614369 -10.798882 -0.000000 -0.000000 -0.000000
-2.178450 0.935243 -2.249038 33.942741 6.013043 -2.065356 2.811174 -0.074720 0.578841 1.223205 -5.855985 0.259064 1.216782 -0.036871 0.383226 0.941979 5.809719 0.289061 -9.102603 17.429509 3.666674 -17.995863 -2.569347 9.761083 -0.866836 8.318722 9.300718 -26.510772 -11.412148 67.978535 15.894083 41.357097 5.678765 3.281707 16.381659 -7.735007 0.098426 8.617833 -7.009334 12.366315 -26.081299 -70.116755 -46.515777 40.190868 -22.323885 -2.848466 13.824327 8.921020 -3.471447 -11.514757 -21.108217 -2.665235 2.509331 0.656890 3.761387 14.268616 -5.253281 -0.000000 -0.000000 -0.000000 -2.881410 -2.891996 14.203465 -17.444496 5.389881 1.713840 -2.729287 -11.893325 -11.244405 -0.000137 -0.313127 -0.254975
-2.189404 0.932662 -2.237924 34.924691 5.926911 -1.859565 2.815093 -0.054715 0.565740 1.225529 -5.847171 0.253085 1.219113 -0.028063 0.377484 0.943280 5.816318 0.284718 -9.256545 17.444045 3.656610 -18.273133 -2.519283 9.788303 -0.752240 8.155543 9.282497 -26.499038 -11.306380 67.452365 16.264047 40.429009 6.186735 3.312684 16.210683 -7.953213 0.119716 8.519259 -7.046805 12.421032 -25.505259 -70.378394 -46.052629 39.668087 -21.648793 -2.944413 13.880847 8.786651 -4.759092 -11.080310 -20.801992 -2.430812 1.486927 0.235175 3.432747 15.259548 -6.426461 -0.000000 0.000000 0.000000 -2.595693 -3.235212 14.909659 -18.347507 5.933178 1.704975 -2.883087 -12.081902 -11.674678 0.002294 -0.786595 -0.640552
-2.201247 0.930049 -2.226413 35.868973 5.804487 -1.643262 2.822228 -0.002341 0.534498 1.230084 -5.824081 0.238799 1.223696 -0.004983 0.363660 0.945641 5.833608 0.274259 -9.373383 17.455714 3.645485 -18.482294 -2.480470 9.802488 -0.627227 8.052734 9.275266 -26.436143 -11.266574 67.084960 16.478083 39.556006 6.551899 3.296126 16.060740 -8.206107 0.100921 8.472426 -7.079580 12.612886 -25.040616 -70.642108 -45.652927 39.182759 -21.045812 -3.047823 13.930508 8.750220 -5.962131 -10.759739 -20.413967 -2.502659 1.048258 -0.147627 3.249442 15.271841 -5.976539 0.000000 -0.000000 -0.000000 -2.365053 -3.508093 15.644491 -19.071384 6.344282 1.735674 -3.115171 -12.043625 -12.047978 0.011225 -1.450743 -1.166069
-2.214107 0.927263 -2.214477 36.785712 5.631900 -1.395374 2.826449 0.100248 0.469175 1.234883 -5.778894 0.208970 1.228572 0.040194 0.334317 0.947019 5.867445 0.252062 -9.441996 17.458727 3.639421 -18.605734 -2.464567 9.812307 -0.460984 8.081024 9.276093 -26.331825 -11.341136 66.973847 16.517350 38.772233 6.714095 3.230463 15.948546 -8.481670 -0.028443 8.562388 -7.091622 13.079181 -24.774255 -70.963985 -45.383945 38.730678 -20.528414 -3.160343 13.970821 8.833965 -6.971842 -10.602233 -19.975128 -3.083371 1.463499 -0.509238 3.270822 13.727586 -2.538095 0.000000 0.000000 -0.000000 -2.260364 -3.657577 16.402111 -19.553758 6.566494 1.836601 -3.465729 -11.773229 -12.400957 0.031319 -2.299982 -1.801422
-2.227855 0.924445 -2.202144 37.664001 5.422573 -1.138716 2.833667 0.236266 0.387461 1.241786 -5.718947 0.171612 1.235577 0.100124 0.297660 0.949426 5.912334 0.224320 -9.473511 17.459055 3.632261 -18.661198 -2.460176 9.808907 -0.283869 8.168790 9.292344 -26.175847 -11.493651 67.015440 16.419139 38.047838 6.755591 3.116718 15.856780 -8.790113 -0.197499 8.703546 -7.095257 13.684879 -24.617431 -71.297445 -45.171099 38.318815 -20.077320 -3.288304 13.999418 9.012704 -7.899819 -10.560162 -19.452364 -3.998650 2.443425 -0.848963 3.330319 11.279142 2.538166 0.000000 0.000000 -0.000000 -2.209875 -3.734353 17.194502 -19.849758 6.663486 1.973630 -3.908010 -11.282135 -12.690983 0.069875 -3.337006 -2.581335
-2.242339 0.922003 -2.189457 38.465115 5.211559 -0.948105 2.872717 0.372621 0.331955 1.261675 -5.658661 0.145937 1.255502 0.160367 0.274004 0.962523 5.957485 0.206374 -9.489311 17.473358 3.606450 -18.679989 -2.436068 9.764240 -0.166994 8.178474 9.340824 -25.886627 -11.614050 67.045893 16.191315 37.335701 6.740153 2.933283 15.774670 -9.120948 -0.286877 8.758398 -7.125086 14.204456 -24.502648 -71.499362 -45.009552 38.030904 -19.846161 -3.433053 14.007878 9.287472 -8.858628 -10.425691 -18.821324 -4.767317 3.291884 -1.061666 3.291402 8.773149 6.741255 -0.000000 0.000000 0.000000 -2.194733 -3.768081 18.063041 -19.994315 6.674896 2.100067 -4.257756 -10.451865 -12.758914 0.141489 -4.599056 -3.619253
-2.257998 0.919744 -2.175994 39.183637 5.003796 -0.833948 2.976053 0.499717 0.287913 1.309642 -5.602383 0.125354 1.303366 0.216539 0.258292 0.997182 5.999607 0.194411 -9.514320 17.503227 3.556339 -18.705671 -2.386657 9.675353 -0.180014 7.954864 9.437631 -25.417068 -11.515461 66.996852 15.854646 36.634743 6.701065 2.658676 15.696751 -9.483484 -0.256555 8.641095 -7.188120 14.435999 -24.402313 -71.352630 -44.928537 37.818788 -19.909521 -3.568328 13.994458 9.673968 -9.947758 -10.015436 -18.073993 -5.307927 3.647632 -1.077947 3.302470 6.246372 9.204568 -0.000000 0.000000 -0.000000 -2.244969 -3.653160 19.086656 -20.141251 6.451622 2.265609 -4.630249 -9.265594 -12.491177 0.267423 -6.186585 -5.043912
-2.274393 0.917862 -2.162178 39.825854 4.797675 -0.784831 3.111539 0.626110 0.270168 1.370704 -5.546246 0.116419 1.364271 0.272531 0.255554 1.042613 6.041622 0.192218 -9.523454 17.547985 3.488255 -18.694370 -2.315992 9.546176 -0.255109 7.651840 9.560694 -24.815162 -11.382082 66.945105 15.398300 35.942888 6.618050 2.313767 15.625647 -9.865698 -0.147593 8.438869 -7.283233 14.583179 -24.356917 -71.075667 -44.885699 37.742378 -20.178595 -3.723267 13.958398 10.155970 -11.061024 -9.503873 -17.224581 -5.684969 3.886365 -0.947402 3.318685 3.597037 10.802451 -0.000000 0.000000 -0.000000 -2.327724 -3.493487 20.188640 -20.130843 6.148086 2.414754 -4.910063 -7.739542 -11.999842 0.466952 -7.982024 -6.748982
-2.290056 0.917356 -2.149326 40.371599 4.620695 -0.841179 3.211293 0.743183 0.364125 1.410648 -5.493502 0.157405 1.404160 0.325175 0.300593 1.075927 6.081212 0.226063 -9.463233 17.621033 3.403053 -18.546653 -2.206998 9.359961 -0.254288 7.595887 9.673832 -24.137709 -11.656805 66.925859 14.781801 35.210108 6.473034 1.942334 15.563076 -10.226508 0.038414 8.275196 -7.431868 15.029058 -24.393310 -71.174305 -44.772195 38.053499 -20.553436 -3.980458 13.893724 10.685327 -12.006317 -9.218512 -16.275530 -5.623827 4.437654 -0.722912 3.053362 1.371126 11.621957 -0.000000 -0.000000 -0.000000 -2.337571 -3.632451 21.172126 -19.543715 6.272893 2.343651 -4.558354 -5.798440 -11.417105 0.722243 -9.638830 -8.550356
-2.304404 0.918870 -2.137986 40.803313 4.491125 -1.096610 3.253160 0.839425 0.665447 1.415037 -5.448535 0.291164 1.408635 0.370131 0.434797 1.089465 6.115193 0.327198 -9.307673 17.734374 3.276974 -18.205893 -2.046183 9.063387 -0.088660 8.059590 9.796369 -23.389455 -12.732113 66.883477 13.913265 34.438920 6.303576 1.583063 15.502479 -10.559572 0.400447 8.206921 -7.713923 16.129590 -24.645756 -71.969401 -44.551657 38.995521 -21.183047 -4.407411 13.778613 11.361657 -12.754318 -9.416811 -15.157283 -4.763773 5.712927 -0.313975 2.265839 -0.208923 11.390268 0.000000 0.000000 0.000000 -2.254289 -4.179233 22.083747 -18.353160 6.970743 1.915542 -3.035806 -3.195433 -10.738727 1.034150 -11.281172 -10.338327
-2.318021 0.921759 -2.127610 41.139499 4.393330 -1.455704 3.259813 0.923729 1.076773 1.398466 -5.408045 0.474150 1.392218 0.410663 0.616101 1.090889 6.145898 0.463893 -9.084817 17.878605 3.133452 -17.732901 -1.841664 8.709500 0.150714 8.772831 9.920631 -22.549696 -14.213582 66.817736 12.893153 33.620505 6.083516 1.199689 15.449173 -10.873242 0.839760 8.184466 -8.046932 17.543048 -24.930102 -73.157014 -44.274555 40.342056 -21.890951 -4.941121 13.634745 12.079578 -13.355924 -9.839666 -13.927987 -3.474645 7.314706 0.226539 1.234467 -1.407581 10.373097 0.000000 0.000000 -0.000000 -2.115171 -5.021994 22.869829 -16.602896 8.146295 1.337894 -0.807078 -0.256360 -9.756956 1.355073 -12.619737 -12.342785
-2.331182 0.925091 -2.117874 41.413636 4.301985 -1.675333 3.230178 1.019227 1.393529 1.370090 -5.363328 0.614888 1.364058 0.455448 0.753962 1.080173 6.179671 0.567837 -8.821171 18.032501 3.043949 -17.202298 -1.614270 8.440978 0.337732 9.248076 9.966449 -21.645958 -15.370395 66.865130 11.967275 32.691049 5.689890 0.724569 15.424333 -11.151043 1.059729 8.160024 -8.204904 18.579150 -24.822667 -74.269343 -43.949531 41.613349 -22.100473 -5.450920 13.528744 12.494325 -13.726389 -10.051567 -12.779939 -2.589090 8.457044 0.573894 0.427907 -2.389024 9.449267 -0.000000 0.000000 -0.000000 -1.894993 -6.167896 23.177940 -13.975796 9.945130 0.990006 1.169306 2.217771 -8.349746 1.459540 -12.654513 -14.710415
-2.344122 0.928787 -2.108823 41.637419 4.204788 -1.630102 3.144686 1.154789 1.526567 1.325403 -5.302367 0.673458 1.319703 0.516516 0.808000 1.050921 6.225493 0.608550 -8.492074 18.195035 3.046854 -16.581122 -1.362375 8.321084 0.450017 9.234415 9.865659 -20.632200 -15.873413 67.163557 11.109983 31.537060 4.897590 0.068498 15.477340 -11.330319 0.837352 8.109965 -8.018287 18.970465 -24.037593 -75.277549 -43.303959 42.455975 -21.238569 -5.786192 13.540373 12.626378 -13.743268 -9.882444 -11.778745 -2.556466 8.799958 0.475667 0.075893 -3.169864 8.926376 0.000000 -0.000000 -0.000000 -1.553427 -7.740105 22.753408 -9.574961 12.506017 1.337832 2.614574 4.018115 -6.311267 0.965870 -10.327082 -17.616977
-2.356607 0.932925 -2.100411 41.798269 4.111418 -1.445168 3.021920 1.303605 1.564395 1.268587 -5.236366 0.689584 1.263276 0.582648 0.818360 1.009294 6.275031 0.616326 -8.120784 18.364765 3.102592 -15.899148 -1.093548 8.284647 0.514731 8.982347 9.679324 -19.572377 -16.062448 67.624602 10.368455 30.274708 3.932282 -0.680538 15.561203 -11.482254 0.397622 8.050301 -7.653213 18.943306 -22.916754 -76.200171 -42.537478 43.177128 -19.862596 -6.085606 13.600416 12.470471 -13.509723 -9.515512 -10.859175 -2.916874 8.668016 0.147090 -0.070286 -3.711558 8.477356 0.000000 -0.000000 -0.000000 -1.072842 -9.597063 21.832571 -4.134156 15.524213 2.375835 3.873781 5.135226 -3.921582 -0.166421 -6.580388 -20.234600
-2.368209 0.936811 -2.092173 41.893200 4.028898 -1.253542 2.918045 1.406133 1.569416 1.221857 -5.191115 0.691406 1.216835 0.628000 0.815439 0.974178 6.308978 0.614106 -7.803819 18.516997 3.167216 -15.321824 -0.847815 8.284210 0.483760 8.754290 9.515668 -18.671333 -16.209161 68.074488 10.060645 29.200793 3.311205 -1.321389 15.551429 -11.784934 0.114945 7.981240 -7.390593 18.563636 -22.005608 -76.616424 -42.370787 44.319435 -19.116687 -6.658613 13.559061 11.656216 -13.260603 -9.046177 -10.023753 -3.142746 8.281977 -0.092060 -0.248827 -4.084053 8.019077 -0.000000 0.000000 0.000000 -0.470451 -11.349981 20.805744 0.146259 18.590462 3.468626 4.778301 5.382881 -2.061311 -1.230451 -3.747931 -21.614805
-2.378727 0.940262 -2.083856 41.920668 3.956174 -1.080445 2.851556 1.430295 1.534132 1.193923 -5.180839 0.675702 1.189035 0.638333 0.796900 0.951911 6.316668 0.600131 -7.567725 18.672438 3.250437 -14.898469 -0.581267 8.342758 0.312432 8.657796 9.419829 -17.924457 -16.363229 68.468430 10.296960 28.283687 3.216534 -1.825486 15.345327 -12.426064 0.158629 7.897722 -7.358017 17.607207 -21.505633 -76.131214 -43.229270 46.188187 -19.540535 -7.871989 13.311641 9.765238 -13.090719 -8.446067 -9.286424 -2.962363 7.617440 -0.129449 -0.604186 -4.258980 7.506969 -0.000000 -0.000000 0.000000 0.358170 -12.913677 19.812967 2.205857 21.846252 4.040004 5.022331 4.727451 -1.217997 -1.702654 -2.777971 -21.761309
-2.388361 0.943462 -2.075714 41.882351 3.894937 -0.900343 2.804545 1.408311 1.466157 1.176362 -5.191211 0.645665 1.171525 0.627998 0.765080 0.936389 6.308858 0.576151 -7.385354 18.809268 3.343818 -14.579015 -0.339210 8.439596 0.044415 8.584413 9.346602 -17.338751 -16.469005 68.856966 10.923953 27.562699 3.430895 -2.207806 15.056201 -13.215615 0.358226 7.803715 -7.429813 16.334396 -21.180634 -75.148838 -44.875891 48.486292 -20.770604 -9.483982 12.891904 7.291684 -12.903350 -7.739320 -8.634462 -2.638200 6.708910 -0.091737 -1.000553 -4.266705 6.984628 -0.000000 -0.000000 -0.000000 1.306606 -14.366356 18.711435 3.016625 25.333480 4.287330 4.759534 3.548963 -1.015771 -1.740731 -2.973708 -21.188479
-2.397288 0.946266 -2.068037 41.780595 3.856858 -0.770117 2.778965 1.377717 1.450967 1.165804 -5.204984 0.639166 1.160986 0.614249 0.757509 0.927935 6.298526 0.570465 -7.273467 18.839773 3.376438 -14.381550 -0.293017 8.461477 -0.237962 8.472343 9.268751 -17.130160 -16.631657 69.192456 11.838481 27.442573 3.876363 -2.345513 14.877880 -13.754415 0.576605 7.708678 -7.510451 15.556028 -20.928100 -74.420635 -47.083646 50.882868 -22.611619 -10.820193 12.416320 5.175407 -12.648219 -7.098308 -8.032835 -2.458903 5.874898 -0.009240 -1.249198 -4.267774 6.504117 -0.000000 -0.000000 0.000000 1.992489 -15.585532 17.497878 3.286820 28.685637 4.360980 4.473223 2.484225 -1.058622 -1.393824 -4.317927 -20.179492
-2.405507 0.948620 -2.061039 41.607956 3.853609 -0.711979 2.788640 1.345849 1.526683 1.166542 -5.218623 0.673131 1.161691 0.600610 0.791547 0.931058 6.288336 0.596162 -7.271119 18.705001 3.305162 -14.370159 -0.552683 8.348467 -0.563944 8.276784 9.161418 -17.575628 -16.935858 69.491686 13.119439 28.309438 4.693920 -2.117641 14.885144 -13.894036 0.776435 7.619047 -7.581769 15.700361 -20.798129 -74.230930 -50.318497 53.516099 -25.528875 -11.542106 11.901966 3.631872 -12.353050 -6.596173 -7.495156 -2.592226 5.208168 0.153074 -1.164787 -4.284505 6.113533 0.000000 0.000000 -0.000000 2.247693 -16.511417 16.168310 2.907952 31.856890 4.039597 4.375624 1.766639 -1.251156 -0.572051 -7.379850 -18.691864
-2.413019 0.950578 -2.054507 41.372067 3.873432 -0.703827 2.819548 1.306086 1.655334 1.174202 -5.235342 0.730716 1.169276 0.583874 0.849909 0.941187 6.275858 0.640207 -7.336964 18.463234 3.173730 -14.476029 -1.009446 8.160273 -0.902411 8.040411 9.051163 -18.396819 -17.296537 69.739485 14.738253 29.744085 5.854043 -1.657163 14.990520 -13.774872 0.995464 7.529552 -7.662019 16.330424 -20.759613 -74.278573 -54.537875 56.107411 -29.451597 -11.928011 11.379148 2.367374 -11.991668 -6.159917 -7.008356 -2.876933 4.609258 0.376511 -0.933989 -4.287220 5.766695 -0.000000 0.000000 -0.000000 2.216848 -17.230198 14.755814 1.856291 34.919930 3.270098 4.247715 1.149168 -1.651232 0.421966 -11.585853 -16.719852
-2.419999 0.952167 -2.048090 41.097947 3.892583 -0.736036 2.831452 1.275275 1.808137 1.172247 -5.247968 0.799083 1.167297 0.571252 0.918079 0.944886 6.266458 0.691657 -7.368314 18.203694 3.040881 -14.519937 -1.504044 7.961341 -1.081263 7.834387 8.988166 -18.972335 -17.566515 69.833339 16.404065 30.964552 6.970646 -1.234400 15.130196 -13.429288 1.208499 7.431576 -7.710858 16.956040 -20.623516 -74.431841 -58.110922 57.883707 -32.765606 -12.105992 11.069824 1.468356 -11.432748 -5.746242 -6.494920 -3.111552 4.104556 0.557168 -0.920222 -4.362523 5.373613 0.000000 0.000000 -0.000000 1.980610 -17.848928 13.323251 1.091312 37.643912 2.656298 3.959217 0.516343 -2.138158 1.062479 -15.183089 -14.584813
-2.426446 0.953345 -2.041682 40.779023 3.896375 -0.798574 2.809500 1.264503 1.980241 1.154260 -5.251685 0.876020 1.149374 0.567574 0.993192 0.937142 6.263742 0.748349 -7.327238 17.939768 2.913749 -14.433145 -2.015469 7.750751 -0.967865 7.692779 8.995861 -19.067208 -17.643606 69.686121 18.071348 31.721128 7.842380 -0.918801 15.308747 -12.722100 1.423881 7.295569 -7.705909 17.480642 -20.270991 -74.715431 -59.850999 58.652036 -34.263177 -12.018092 11.150454 0.990642 -10.530112 -5.338069 -5.929766 -3.219023 3.718185 0.636079 -1.338162 -4.567485 4.871926 -0.000000 0.000000 0.000000 1.466023 -18.374796 11.884889 1.173252 39.965971 2.565963 3.371239 -0.212587 -2.743029 1.236854 -17.438281 -12.312795
-2.432361 0.954153 -2.035389 40.421865 3.898821 -0.901411 2.768596 1.263633 2.176388 1.126652 -5.250934 0.963668 1.121872 0.568380 1.078036 0.922940 6.264370 0.812384 -7.250974 17.658651 2.786123 -14.282468 -2.562803 7.529382 -0.696375 7.586156 9.049586 -18.914991 -17.629257 69.380345 19.751957 32.283674 8.598891 -0.626781 15.497873 -11.784595 1.633415 7.151217 -7.669107 17.995996 -19.818688 -75.102278 -60.290341 58.806080 -34.520592 -11.667978 11.463279 0.859856 -9.429711 -4.960773 -5.333624 -3.278684 3.427215 0.665558 -1.968962 -4.854007 4.323455 0.000000 -0.000000 -0.000000 0.736580 -18.818971 10.433641 1.614705 41.938336 2.731060 2.627980 -0.963547 -3.414038 1.168066 -19.012986 -9.870181
-2.437923 0.954733 -2.029182 40.071157 3.919100 -1.064940 2.713168 1.257339 2.382274 1.092140 -5.252626 1.055740 1.087487 0.566755 1.166605 0.903864 6.263148 0.879238 -7.153113 17.411504 2.694987 -14.099223 -3.044460 7.362437 -0.496271 7.490653 9.126750 -18.593413 -17.680091 69.063548 21.181593 32.679069 9.261148 -0.415378 15.607964 -11.057040 1.786054 7.077251 -7.626961 18.298466 -19.440853 -75.391816 -59.928989 58.612463 -34.168041 -11.269541 11.725066 0.978561 -8.437176 -4.633950 -4.699299 -3.322119 3.187080 0.704052 -2.525321 -5.153343 3.823248 0.000000 -0.000000 0.000000 0.085650 -19.277324 8.993718 1.878502 43.524659 2.934460 2.037941 -1.592841 -3.936976 1.012117 -20.288114 -7.587094
-2.443220 0.955084 -2.023029 39.760313 3.971576 -1.321374 2.639489 1.232517 2.603332 1.048883 -5.262588 1.154755 1.044381 0.556874 1.261230 0.878726 6.255702 0.950674 -7.029785 17.221920 2.659099 -13.880615 -3.415061 7.280608 -0.465828 7.396605 9.234810 -18.031107 -17.856629 68.745853 22.186468 32.844011 9.787390 -0.319125 15.604928 -10.712821 1.839058 7.131004 -7.590170 18.250591 -19.215372 -75.500273 -58.591069 57.918018 -33.107224 -10.884047 11.813910 1.396880 -7.646896 -4.368489 -4.003887 -3.383188 2.993144 0.777868 -2.920287 -5.453169 3.415556 0.000000 -0.000000 -0.000000 -0.255999 -19.774503 7.519565 1.635183 44.693356 3.144339 1.751341 -2.015834 -4.238952 0.838117 -21.441174 -5.644209
-2.448163 0.955208 -2.016962 39.455510 4.040842 -1.638887 2.551339 1.202899 2.834472 0.998763 -5.274755 1.258336 0.994437 0.544798 1.359722 0.848759 6.246573 1.025028 -6.886936 17.066913 2.658664 -13.633931 -3.719181 7.252623 -0.507181 7.312765 9.366636 -17.295366 -18.092476 68.416029 22.922577 32.853109 10.193736 -0.318051 15.547276 -10.585107 1.833659 7.253962 -7.549872 17.995288 -19.070664 -75.518857 -56.580898 56.838317 -31.565177 -10.457504 11.842480 2.068113 -6.964045 -4.152857 -3.274164 -3.429502 2.850035 0.863338 -3.242029 -5.763256 3.056580 -0.000000 -0.000000 -0.000000 -0.520599 -20.271400 6.053124 1.167735 45.511902 3.382501 1.634403 -2.308214 -4.431419 0.626177 -22.319222 -3.895630
-2.452665 0.955250 -2.011052 39.100759 4.101553 -1.941855 2.464531 1.192727 3.045484 0.950120 -5.278467 1.352801 0.945984 0.541171 1.449250 0.819214 6.243757 1.092612 -6.753837 16.927502 2.672310 -13.407999 -3.991161 7.251143 -0.555165 7.240564 9.478187 -16.670354 -18.362294 68.190504 23.631077 32.932259 10.614030 -0.401289 15.500583 -10.607140 1.844795 7.350818 -7.502699 17.753962 -18.958576 -75.513345 -54.999226 56.072232 -30.540620 -10.024384 11.879274 2.736238 -6.410913 -3.964416 -2.580318 -3.392408 2.726896 0.944691 -3.468290 -6.044176 2.708363 0.000000 0.000000 0.000000 -1.108841 -20.768738 4.754553 0.826320 46.084949 3.482357 1.570402 -2.558965 -4.590286 0.370012 -22.833170 -2.173878
-2.456691 0.955239 -2.005357 38.708690 4.145898 -2.209779 2.380399 1.210233 3.227964 0.903861 -5.270103 1.434346 0.899924 0.549610 1.526100 0.790474 6.249976 1.150631 -6.644471 16.802046 2.703756 -13.230124 -4.231866 7.288192 -0.602505 7.168024 9.554143 -16.308792 -18.682870 68.115939 24.374417 33.207874 11.133235 -0.617660 15.483205 -10.853748 1.902045 7.382582 -7.441400 17.587268 -18.884728 -75.507147 -54.122921 55.932465 -30.322499 -9.562488 11.917985 3.390329 -6.072239 -3.782795 -1.941858 -3.221197 2.604098 1.022177 -3.577725 -6.296458 2.369447 -0.000000 0.000000 0.000000 -2.296426 -21.280501 3.709956 0.754948 46.418525 3.365241 1.542344 -2.819433 -4.762372 0.072445 -22.873133 -0.401625
-2.460277 0.955146 -1.999818 38.266897 4.181430 -2.463059 2.297910 1.246937 3.389748 0.859177 -5.253376 1.506530 0.855445 0.566406 1.593749 0.762199 6.262451 1.201708 -6.545250 16.692220 2.749191 -13.074073 -4.440663 7.352375 -0.656397 7.106596 9.609886 -16.060775 -19.042405 68.149490 25.095837 33.550751 11.679193 -0.917295 15.481752 -11.249609 1.976480 7.388813 -7.372251 17.434935 -18.842037 -75.475609 -53.560145 56.135570 -30.509110 -9.078626 11.959589 4.033883 -5.864819 -3.618122 -1.340881 -2.967090 2.503677 1.095217 -3.593366 -6.517067 2.040810 0.000000 0.000000 0.000000 -3.816418 -21.803716 2.848985 0.798391 46.471729 3.130678 1.571074 -3.038711 -4.903153 -0.221508 -22.538581 1.282590
-2.463439 0.955033 -1.994336 37.682205 4.205649 -2.687312 2.229380 1.301695 3.524515 0.821851 -5.228731 1.566515 0.818305 0.591108 1.649945 0.738536 6.280865 1.244145 -6.443478 16.583528 2.776634 -12.907107 -4.650247 7.382109 -0.673427 7.092682 9.646620 -15.758715 -19.376054 68.273145 25.859980 33.801389 12.156390 -1.140598 15.509284 -11.501114 2.055760 7.392363 -7.311016 17.336208 -18.761668 -75.414042 -53.246273 56.530373 -30.902675 -8.635859 12.093503 4.431365 -5.560169 -3.493685 -0.790605 -2.714300 2.457307 1.146570 -3.560890 -6.661382 1.688084 0.000000 -0.000000 -0.000000 -5.254411 -22.321850 2.097795 0.865444 46.262798 2.883171 1.592856 -3.149793 -4.949005 -0.472016 -22.056471 2.737953
-2.466202 0.954903 -1.988877 36.915227 4.211235 -2.881691 2.188546 1.377874 3.631499 0.797999 -5.194551 1.613893 0.794600 0.625318 1.694896 0.724072 6.306440 1.278091 -6.348789 16.476386 2.783016 -12.745582 -4.858679 7.374979 -0.609458 7.181778 9.657267 -15.366686 -19.677815 68.529323 26.686939 33.886240 12.473401 -1.217788 15.592302 -11.464947 2.143886 7.400142 -7.257769 17.297183 -18.631303 -75.320087 -53.309425 57.174334 -31.573101 -8.247776 12.431442 4.432717 -5.036166 -3.437173 -0.286664 -2.492751 2.508399 1.167791 -3.534827 -6.685745 1.253380 0.000000 -0.000000 0.000000 -6.597308 -22.818818 1.485821 0.963787 45.774437 2.607459 1.540789 -3.116607 -4.889683 -0.681750 -21.536241 3.971670
-2.468541 0.954754 -1.983473 36.005543 4.204846 -3.046681 2.161563 1.471653 3.710221 0.781501 -5.152621 1.648516 0.778227 0.667269 1.727842 0.714170 6.337843 1.302981 -6.251459 16.369756 2.771992 -12.572953 -5.068687 7.334543 -0.509575 7.317975 9.645759 -14.921612 -19.950955 68.873951 27.554000 33.885150 12.717115 -1.219944 15.698919 -11.282607 2.236858 7.405279 -7.212537 17.312301 -18.460739 -75.198509 -53.647744 58.008693 -32.476833 -7.907664 12.869314 4.184647 -4.417265 -3.421199 0.167039 -2.273855 2.613337 1.168015 -3.464870 -6.633417 0.794770 0.000000 0.000000 0.000000 -7.860734 -23.306042 0.984507 1.096950 45.021334 2.359372 1.478882 -2.963756 -4.752233 -0.846121 -20.896659 4.965375
-2.470391 0.954641 -1.978123 34.978321 4.205226 -3.170294 2.119176 1.570943 3.754876 0.759718 -5.108565 1.667982 0.756579 0.711360 1.745106 0.699112 6.370844 1.316056 -6.109434 16.246217 2.722313 -12.306081 -5.320558 7.208757 -0.463517 7.370724 9.631791 -14.364511 -20.143548 69.157903 28.457306 33.865461 13.055769 -1.200155 15.755283 -11.088964 2.310107 7.409364 -7.191272 17.403558 -18.213647 -75.058117 -53.818810 58.709850 -33.214738 -7.649120 13.178432 3.903201 -3.844211 -3.388032 0.544816 -2.053369 2.672343 1.156210 -3.237400 -6.589673 0.451264 0.000000 -0.000000 -0.000000 -8.666116 -23.812026 0.421893 1.149543 44.098681 2.324462 1.536799 -2.711721 -4.527638 -0.930244 -20.109516 5.566583
-2.471756 0.954589 -1.972836 33.855685 4.220720 -3.247989 2.047090 1.673412 3.759766 0.726636 -5.063576 1.669809 0.723682 0.756396 1.743581 0.674200 6.404530 1.314968 -5.920589 16.091106 2.617192 -11.935757 -5.642522 6.967164 -0.529848 7.257287 9.638475 -13.622796 -20.205941 69.292418 29.393708 33.793495 13.562527 -1.192400 15.720858 -10.943329 2.348115 7.435342 -7.197274 17.577612 -17.888467 -74.897165 -53.733463 59.159803 -33.681889 -7.503789 13.248864 3.620655 -3.372047 -3.302150 0.836103 -1.848718 2.626311 1.135023 -2.797274 -6.590976 0.305791 0.000000 0.000000 0.000000 -8.789971 -24.347749 -0.314599 1.024318 43.019032 2.608372 1.794651 -2.360812 -4.176767 -0.913355 -19.184230 5.646658
-2.472633 0.954574 -1.967602 32.615425 4.244803 -3.284964 1.959015 1.779320 3.729789 0.688138 -5.017391 1.656140 0.685398 0.802626 1.725999 0.644043 6.439103 1.301768 -5.686453 15.916460 2.475215 -11.468764 -6.008689 6.642456 -0.648325 7.060432 9.650719 -12.770711 -20.185894 69.368988 30.359846 33.694026 14.162621 -1.164725 15.636439 -10.789191 2.366158 7.458652 -7.227631 17.829959 -17.483647 -74.724520 -53.450949 59.476733 -33.955168 -7.447045 13.194925 3.308718 -2.945386 -3.196810 1.049693 -1.641552 2.533497 1.102427 -2.197333 -6.599008 0.274344 0.000000 -0.000000 0.000000 -8.447204 -24.899284 -1.125903 0.782421 41.799882 3.081396 2.162267 -1.905443 -3.728213 -0.828164 -18.157773 5.346965
-2.472947 0.954578 -1.962387 31.216121 4.274548 -3.284312 1.867661 1.880365 3.675524 0.649404 -4.973506 1.631727 0.646856 0.846556 1.697653 0.612881 6.471960 1.280448 -5.370469 15.745530 2.327752 -10.845625 -6.375949 6.276000 -0.730187 6.896721 9.629821 -11.969661 -20.177827 69.509408 31.356475 33.717398 14.811456 -1.070956 15.552339 -10.587916 2.386378 7.408837 -7.286301 18.165523 -16.963580 -74.566962 -52.711269 59.689926 -33.871878 -7.414024 13.123015 3.096802 -2.538810 -3.116756 1.188975 -1.373630 2.470316 1.059175 -1.483826 -6.586578 0.244740 -0.000000 -0.000000 -0.000000 -7.916759 -25.462028 -1.865689 0.545304 40.546331 3.562398 2.517309 -1.360815 -3.272762 -0.718589 -17.043919 4.921389
-2.472644 0.954604 -1.957235 29.620428 4.316724 -3.244904 1.775811 1.969962 3.600533 0.611581 -4.934791 1.598186 0.609210 0.885316 1.660278 0.581732 6.500953 1.252314 -4.949094 15.579060 2.181700 -10.024634 -6.742503 5.871363 -0.728115 6.808924 9.543802 -11.302771 -20.214986 69.777754 32.415463 33.961939 15.522862 -0.859265 15.478410 -10.321339 2.438346 7.227138 -7.375063 18.615000 -16.268235 -74.437674 -51.339465 59.724715 -33.322347 -7.376379 13.066570 3.109354 -2.141451 -3.082754 1.253413 -1.029721 2.448172 1.002618 -0.651268 -6.530155 0.162398 0.000000 -0.000000 -0.000000 -7.225509 -26.036652 -2.508641 0.433444 39.252924 4.063486 2.879530 -0.771940 -2.828845 -0.584582 -15.705578 4.396134
-2.471777 0.954648 -1.952101 27.865696 4.367711 -3.168879 1.680183 2.052007 3.501080 0.573397 -4.899553 1.553822 0.571213 0.920592 1.612037 0.549526 6.527340 1.215977 -4.445500 15.416369 2.030520 -9.045562 -7.105186 5.423941 -0.690044 6.750052 9.420850 -10.688173 -20.259866 70.110823 33.518635 34.323053 16.303258 -0.582911 15.401188 -10.005087 2.494814 6.969518 -7.482943 19.148460 -15.457304 -74.333224 -49.533893 59.623943 -32.446686 -7.356331 12.992766 3.223910 -1.764948 -3.076266 1.244650 -0.625579 2.454920 0.934064 0.294599 -6.453924 0.080856 -0.000000 -0.000000 -0.000000 -6.346893 -26.616879 -3.081163 0.330709 37.918999 4.573022 3.227639 -0.095805 -2.377954 -0.442041 -14.281431 3.751246
-2.470438 0.954682 -1.946812 26.022590 4.408861 -3.063316 1.584496 2.134215 3.376740 0.536437 -4.864314 1.498398 0.534420 0.955866 1.552858 0.517398 6.553739 1.171381 -3.894008 15.279996 1.883477 -7.973507 -7.417059 4.960512 -0.670768 6.702328 9.307780 -10.038714 -20.301898 70.438224 34.591791 34.650943 17.095138 -0.353495 15.336569 -9.650323 2.492093 6.737760 -7.596379 19.678853 -14.675913 -74.253396 -47.566598 59.593953 -31.434108 -7.361426 12.908415 3.198033 -1.417761 -3.083849 1.170481 -0.150099 2.532043 0.857689 1.290728 -6.402915 0.049031 0.000000 -0.000000 -0.000000 -5.486289 -27.191048 -3.504211 0.042348 36.647678 4.902675 3.384792 0.784663 -1.983046 -0.336642 -13.195626 3.152345
-2.468662 0.954729 -1.941285 24.113059 4.442956 -2.915810 1.486962 2.215760 3.213981 0.500596 -4.829486 1.425909 0.498721 0.990729 1.476732 0.484815 6.579851 1.113992 -3.298976 15.175039 1.749871 -6.820374 -7.666579 4.500085 -0.709421 6.650280 9.228422 -9.281139 -20.324186 70.741550 35.584511 34.905851 17.861077 -0.207194 15.286432 -9.246587 2.379065 6.571811 -7.718757 20.207355 -13.971124 -74.192605 -45.375301 59.649599 -30.225554 -7.407963 12.818101 2.959424 -1.150262 -3.110355 1.034122 0.453648 2.699527 0.754462 2.317000 -6.410282 0.097995 0.000000 0.000000 -0.000000 -4.576849 -27.727031 -3.824962 -0.668543 35.427331 4.966913 3.252767 2.005324 -1.697948 -0.279796 -12.777805 2.672617
-2.466413 0.954766 -1.935603 22.115219 4.471112 -2.738040 1.388907 2.293721 3.025891 0.465904 -4.796279 1.342186 0.464184 1.023966 1.389489 0.452295 6.604754 1.048208 -2.656964 15.096521 1.618461 -5.576571 -7.862639 4.021714 -0.766998 6.610456 9.158480 -8.489238 -20.342036 71.040585 36.541248 35.129568 18.631661 -0.111206 15.250005 -8.805882 2.205976 6.429174 -7.849443 20.732804 -13.296514 -74.159771 -42.996036 59.750767 -28.869148 -7.487208 12.722364 2.579851 -0.912190 -3.156844 0.834358 1.127991 2.935988 0.639253 3.394722 -6.444605 0.193390 -0.000000 -0.000000 0.000000 -3.688703 -28.249745 -3.992984 -1.523472 34.259035 4.881745 2.924652 3.425144 -1.530415 -0.238524 -12.705267 2.250401
-2.463668 0.954688 -1.929836 20.033958 4.469777 -2.570988 1.299051 2.375078 2.851256 0.434256 -4.761377 1.264438 0.432697 1.058889 1.308526 0.422551 6.630924 0.987155 -1.991161 15.051685 1.466313 -4.276857 -7.990502 3.491366 -0.781262 6.614153 9.071357 -7.795225 -20.396509 71.321806 37.520481 35.295486 19.441984 -0.073256 15.241958 -8.374142 2.060000 6.289525 -7.973577 21.163138 -12.658312 -74.171951 -40.776409 60.053406 -27.644852 -7.575618 12.622179 2.031765 -0.561036 -3.203058 0.570931 1.712763 3.221667 0.566675 4.523181 -6.453575 0.285690 -0.000000 0.000000 0.000000 -3.242874 -28.831168 -3.766269 -1.938870 33.261431 4.758219 2.514737 4.745465 -1.466444 -0.186437 -12.425011 1.821617
-2.460398 0.954427 -1.924111 17.855631 4.421824 -2.428236 1.222816 2.475490 2.705530 0.407153 -4.717746 1.199475 0.405740 1.102538 1.240808 0.397188 6.663643 0.936098 -1.308974 15.024895 1.277414 -2.930838 -8.077698 2.883478 -0.708552 6.690141 8.939728 -7.282667 -20.543134 71.600690 38.567293 35.429072 20.338633 -0.109427 15.286555 -7.962395 1.977764 6.158623 -8.087300 21.429501 -12.088261 -74.259098 -38.683093 60.654591 -26.532726 -7.702359 12.514478 1.265605 0.020891 -3.261543 0.228155 2.049386 3.580383 0.575364 5.747500 -6.384844 0.331824 -0.000000 -0.000000 -0.000000 -3.474247 -29.521642 -3.001086 -1.612101 32.529774 4.629319 1.972448 5.886147 -1.536343 -0.130455 -11.775657 1.405434
-2.456630 0.954052 -1.918300 15.593929 4.343522 -2.291926 1.154909 2.581042 2.571386 0.383168 -4.671684 1.139664 0.381868 1.148620 1.178565 0.374539 6.698193 0.889170 -0.603875 15.031180 1.065622 -1.531586 -8.094105 2.222056 -0.594191 6.806997 8.784465 -6.867745 -20.727762 71.864518 39.628795 35.498772 21.274062 -0.204393 15.363202 -7.562475 1.922771 6.031382 -8.195257 21.597889 -11.561486 -74.389197 -36.664466 61.471012 -25.486150 -7.867886 12.405861 0.328834 0.716493 -3.322425 -0.177878 2.298549 3.990527 0.622562 7.022849 -6.290951 0.372059 -0.000000 0.000000 -0.000000 -4.181727 -30.220519 -1.797990 -0.842549 31.959501 4.451768 1.348718 6.912263 -1.701902 -0.076773 -10.919021 0.954897
-2.452425 0.953669 -1.912092 13.294701 4.259458 -2.155918 1.088621 2.656286 2.440207 0.359937 -4.639029 1.081313 0.358720 1.181289 1.117857 0.352569 6.722685 0.843392 0.121059 15.124105 0.851160 -0.092488 -7.938509 1.547202 -0.508523 6.906596 8.652900 -6.429900 -20.830105 72.053069 40.608840 35.394736 22.135980 -0.318939 15.419302 -7.191309 1.873426 5.872865 -8.292464 21.779248 -10.995233 -74.487684 -35.046649 62.425425 -24.738093 -8.005103 12.305057 -0.664226 1.314946 -3.331570 -0.603192 2.778820 4.362116 0.645294 8.213878 -6.277236 0.483929 -0.000000 -0.000000 0.000000 -5.126854 -30.771343 -0.289678 0.042113 31.372604 4.213732 0.918679 7.759742 -1.794944 -0.017888 -9.794512 0.282834
-2.447817 0.953312 -1.905314 10.962763 4.177943 -2.021606 1.024931 2.682341 2.313301 0.337932 -4.628172 1.025033 0.336786 1.192156 1.059340 0.331723 6.730824 0.799252 0.869033 15.346555 0.635787 1.387946 -7.529905 0.865213 -0.488533 6.966846 8.566752 -5.859830 -20.775557 72.118476 41.419597 35.010441 22.826412 -0.438261 15.437336 -6.846313 1.819589 5.663918 -8.377062 22.015402 -10.349328 -74.543857 -33.959665 63.617854 -24.391805 -8.092001 12.198865 -1.750898 1.692190 -3.243936 -1.024917 3.714389 4.614109 0.619650 9.222630 -6.387217 0.707279 0.000151 0.034626 0.008428 -6.327473 -31.103356 1.549206 1.021204 30.712720 3.881773 0.846502 8.333806 -1.694118 0.030062 -8.212733 -0.718641
-2.442770 0.952948 -1.898139 8.593318 4.090723 -1.886859 0.963901 2.678586 2.193565 0.316913 -4.630486 0.972035 0.315839 1.189854 1.004208 0.311901 6.729089 0.757661 1.633465 15.656275 0.411695 2.895445 -6.945893 0.169071 -0.496204 7.012953 8.506821 -5.265189 -20.644426 72.101712 42.127866 34.461318 23.427269 -0.580851 15.436977 -6.533586 1.772822 5.424893 -8.446199 22.265850 -9.658714 -74.574120 -33.313930 64.980971 -24.377074 -8.178325 12.094534 -2.903587 1.970230 -3.112008 -1.472483 4.880130 4.821607 0.571778 10.147223 -6.579600 1.003783 0.000251 0.069255 0.016848 -7.746149 -31.224803 3.662441 2.126122 30.036163 3.496299 0.976956 8.753713 -1.476449 0.026345 -6.378666 -1.952547
-2.437235 0.952582 -1.890776 6.217731 3.998213 -1.741833 0.897554 2.666281 2.075777 0.293465 -4.636577 0.919964 0.292470 1.183779 0.949759 0.290321 6.724524 0.716591 2.397173 15.979477 0.185716 4.394639 -6.324059 -0.520647 -0.488372 7.059693 8.461837 -4.849373 -20.550821 72.073010 42.870389 33.969061 24.097042 -0.755801 15.421019 -6.281899 1.743993 5.181024 -8.492867 22.519339 -8.945673 -74.546762 -33.174066 66.199073 -24.710909 -8.271462 12.024446 -3.908245 2.307554 -3.028061 -1.977719 5.920400 5.126995 0.516362 11.147186 -6.833370 1.332484 -0.000000 0.000000 0.000000 -9.037856 -31.147613 5.764782 3.104897 29.334618 3.156573 1.101074 9.282378 -1.276055 -0.036686 -4.829084 -3.283144
-2.431161 0.952243 -1.883306 3.818450 3.894302 -1.578588 0.823951 2.651753 1.956768 0.266841 -4.643655 0.867390 0.265927 1.176714 0.894483 0.266293 6.719211 0.674901 3.164953 16.298133 -0.041468 5.894468 -5.697596 -1.204522 -0.438657 7.112179 8.430232 -4.713320 -20.561923 72.053656 43.681662 33.605105 24.929950 -0.968191 15.376747 -6.090520 1.746216 4.937058 -8.511316 22.837188 -8.190246 -74.468796 -33.884500 67.300674 -25.648371 -8.322976 12.005185 -4.790477 2.809193 -3.042534 -2.552016 6.658436 5.624495 0.446398 12.319301 -7.156182 1.692004 -0.000290 -0.250012 -0.059186 -10.114191 -30.900035 7.771395 3.922095 28.633053 2.912116 1.137281 10.090723 -1.201151 -0.166612 -3.814818 -5.118755
-2.424597 0.951902 -1.875647 1.412961 3.786691 -1.403893 0.745249 2.628543 1.840271 0.237851 -4.654568 0.815975 0.237026 1.165813 0.840123 0.240572 6.711017 0.633903 3.931710 16.630544 -0.270804 7.384630 -5.032195 -1.881286 -0.373691 7.167614 8.413454 -4.754201 -20.617839 72.023228 44.522852 33.289671 25.836389 -1.209494 15.319877 -5.962440 1.765986 4.691282 -8.506795 23.157788 -7.404144 -74.335378 -35.219489 68.260228 -27.019402 -8.358411 12.013747 -5.525582 3.372866 -3.106969 -3.177234 7.273062 6.219774 0.362737 13.567668 -7.542602 2.075953 0.000338 -0.603934 -0.143535 -11.033159 -30.472741 9.727235 4.610190 27.909206 2.709858 1.152202 11.002354 -1.161687 -0.332148 -3.110848 -7.026711
-2.417650 0.951475 -1.867773 -0.914823 3.695814 -1.231593 0.659219 2.598860 1.729920 0.205308 -4.668323 0.767346 0.204587 1.152072 0.788190 0.212384 6.700693 0.594746 4.667181 16.957279 -0.495185 8.807766 -4.367090 -2.528226 -0.330075 7.227806 8.403749 -4.869430 -20.640373 71.987807 45.435439 33.009263 26.709426 -1.461648 15.295346 -5.928826 1.773400 4.458745 -8.491974 23.287063 -6.653944 -74.097269 -36.245552 68.689688 -28.055133 -8.435870 12.026281 -5.807074 3.846114 -3.165009 -3.838592 7.942904 6.774010 0.295196 14.762872 -7.951001 2.436786 0.001851 -0.935098 -0.226817 -11.674091 -29.873605 11.548592 5.020224 27.079353 2.498092 1.163276 11.755256 -1.000029 -0.421560 -2.466993 -7.608363
-2.410338 0.950949 -1.859618 -3.138403 3.619213 -1.059302 0.556754 2.568918 1.624582 0.165184 -4.682186 0.721037 0.164592 1.138230 0.737812 0.178644 6.690290 0.556778 5.361808 17.275446 -0.716224 10.147937 -3.710252 -3.146196 -0.338526 7.282665 8.400778 -5.004900 -20.597038 71.943356 46.493970 32.834038 27.530506 -1.710758 15.343877 -5.989221 1.751883 4.250670 -8.467636 23.095990 -5.947305 -73.717516 -36.430954 68.327458 -28.277168 -8.519633 12.052224 -5.485234 4.150479 -3.184313 -4.551744 8.756592 7.225820 0.272741 15.867604 -8.371043 2.760793 0.003503 -1.188556 -0.315249 -12.016890 -29.102650 13.204189 5.108103 26.126802 2.268905 1.146751 12.195334 -0.591289 -0.333066 -1.629393 -5.670842
-2.402643 0.950338 -1.851246 -5.284282 3.558170 -0.891363 0.446946 2.533479 1.525586 0.121470 -4.698466 0.677583 0.121015 1.121962 0.689921 0.142402 6.678062 0.520691 6.025256 17.587939 -0.932318 11.422680 -3.056780 -3.736176 -0.368498 7.342685 8.404298 -5.213552 -20.523387 71.886437 47.645220 32.678351 28.334405 -1.958596 15.424995 -6.140370 1.717232 4.056240 -8.435926 22.716810 -5.262181 -73.239518 -36.200873 67.448542 -28.042744 -8.573081 12.090055 -4.695669 4.363394 -3.204723 -5.303525 9.626380 7.634686 0.268984 16.918125 -8.812594 3.064229 0.005128 -1.419332 -0.402452 -12.071991 -28.201066 14.714327 4.932165 25.056822 2.047470 1.139275 12.490215 -0.041861 -0.139340 -0.702340 -2.407334
-2.394611 0.949600 -1.842825 -7.347957 3.536017 -0.754467 0.354839 2.478824 1.440963 0.084946 -4.723182 0.640435 0.084606 1.097243 0.649058 0.112066 6.659497 0.489887 6.657059 17.884490 -1.130037 12.628080 -2.428202 -4.275261 -0.365054 7.439614 8.404963 -5.553632 -20.441535 71.821405 48.724769 32.303967 29.083201 -2.207999 15.460211 -6.408177 1.688277 3.855507 -8.411992 22.347830 -4.623618 -72.727301 -35.933968 66.481913 -27.726516 -8.635401 12.103469 -3.550322 4.565141 -3.275138 -6.036529 10.465273 8.042819 0.234936 17.894722 -9.263349 3.349070 0.006441 -1.665687 -0.443071 -11.775202 -27.252143 16.089316 4.505800 23.814189 1.840762 1.255152 12.862516 0.466884 -0.000000 0.000000 -0.000000
-2.386373 0.948709 -1.834499 -9.350797 3.563395 -0.687968 0.286513 2.396794 1.389948 0.057370 -4.759910 0.618158 0.057119 1.060518 0.623981 0.089613 6.631936 0.470983 7.267473 18.175023 -1.305911 13.782767 -1.808348 -4.760627 -0.284294 7.604637 8.396226 -6.083992 -20.377513 71.733455 49.708750 31.637662 29.791065 -2.437310 15.415764 -6.791663 1.702556 3.587392 -8.396818 21.993024 -3.999815 -72.184552 -35.501032 65.481738 -27.229293 -8.721271 12.051036 -2.017740 4.765127 -3.448079 -6.694283 11.249399 8.495987 0.152030 18.843925 -9.718668 3.614939 0.007261 -1.943622 -0.427822 -10.987391 -26.311413 17.382150 3.785599 22.313591 1.649555 1.515161 13.370558 0.791240 0.020423 0.208646 0.556039
-2.377799 0.947692 -1.826124 -11.271489 3.624425 -0.656705 0.235927 2.298584 1.355296 0.036892 -4.803734 0.603086 0.036705 1.016702 0.606834 0.073062 6.599066 0.458051 7.847325 18.451014 -1.461505 14.871749 -1.214918 -5.193940 -0.171170 7.806768 8.381040 -6.745280 -20.310401 71.636073 50.587156 30.762778 30.429512 -2.655773 15.323050 -7.289221 1.722995 3.311925 -8.387667 21.648458 -3.418905 -71.597495 -35.040307 64.394527 -26.665612 -8.799421 11.975921 -0.124342 4.954533 -3.665434 -7.328520 12.002072 8.947410 0.038942 19.718530 -10.183368 3.863866 0.007147 -2.236877 -0.365444 -9.860100 -25.357652 18.565151 2.839060 20.626564 1.500084 1.895130 13.956169 1.081647 0.006973 0.106216 0.277413
-2.368550 0.946588 -1.817432 -13.041368 3.705478 -0.575811 0.210099 2.197816 1.290042 0.028950 -4.848662 0.574220 0.028791 0.971769 0.577158 0.064941 6.565372 0.435636 8.368403 18.674877 -1.588685 15.844543 -0.721839 -5.557610 -0.103385 7.983976 8.365895 -7.418541 -20.186584 71.574851 51.206532 29.697395 30.886534 -2.910056 15.200625 -7.928799 1.655263 3.188807 -8.402047 21.499743 -3.004987 -70.982968 -35.199656 63.492609 -26.596981 -8.844550 11.970210 1.931428 5.185595 -3.807292 -8.047944 12.705626 9.301861 -0.095453 20.357395 -10.658139 4.105791 0.005246 -2.535001 -0.237083 -8.770559 -24.350987 19.528141 1.830810 18.942508 1.430017 2.434085 14.669757 1.589431 -0.000000 0.000000 0.000000
-2.358487 0.945391 -1.808306 -14.626816 3.819083 -0.384917 0.207809 2.091649 1.158189 0.034772 -4.895979 0.515536 0.034591 0.924446 0.519062 0.064959 6.529910 0.391748 8.828232 18.833100 -1.676494 16.696991 -0.359337 -5.835481 -0.114861 8.115099 8.362223 -8.092640 -19.967516 71.572044 51.535710 28.438130 31.141734 -3.218608 15.030608 -8.781837 1.405071 3.332455 -8.465544 21.707937 -2.865942 -70.304002 -36.421351 62.960875 -27.363334 -8.848990 12.101239 4.113572 5.422581 -3.822048 -8.923314 13.449139 9.496067 -0.255829 20.628278 -11.189071 4.338168 0.000202 -2.785422 -0.007004 -7.922076 -23.217833 20.221572 0.816964 17.220640 1.461300 3.323162 15.654037 2.568005 0.000000 -0.000000 -0.000000
-2.347748 0.944106 -1.798863 -16.061007 3.957716 -0.145692 0.230508 1.980307 0.994897 0.053223 -4.945543 0.442722 0.052976 0.874885 0.448124 0.073444 6.492786 0.338160 9.231471 18.940047 -1.732176 17.440444 -0.101817 -6.042560 -0.170486 8.221333 8.362044 -8.777429 -19.683943 71.597827 51.620560 27.009371 31.230358 -3.534918 14.825178 -9.775785 1.063895 3.624425 -8.571878 22.114561 -2.898566 -69.572397 -38.178231 62.595406 -28.527033 -8.795539 12.305356 6.460754 5.695897 -3.760946 -9.892122 14.140077 9.594015 -0.434488 20.658894 -11.725040 4.578214 -0.007625 -3.038673 0.290228 -7.127428 -22.039517 20.699985 -0.274575 15.512960 1.587016 4.372379 16.787219 3.767906 0.000000 0.000000 -0.000000
-2.336414 0.942792 -1.789185 -17.375686 4.077798 0.046083 0.289038 1.882233 0.858408 0.086210 -4.989132 0.381695 0.085853 0.831294 0.390447 0.093789 6.460133 0.294572 9.560975 18.999657 -1.774238 18.048885 0.059090 -6.208102 -0.243660 8.303337 8.345229 -9.386104 -19.382793 71.621091 51.445737 25.475769 31.128518 -3.821321 14.649777 -10.726309 0.816193 3.875937 -8.687795 22.424340 -2.916588 -68.874022 -39.616581 62.105447 -29.439866 -8.669136 12.476478 8.880372 6.157298 -3.652908 -10.866773 14.489969 9.696303 -0.599008 20.681851 -12.121268 4.861987 -0.017107 -3.439583 0.569738 -6.181411 -21.001767 21.012433 -1.499637 14.154588 1.760660 5.049927 17.710728 4.663036 -0.000000 0.000000 0.000000
-2.324560 0.941510 -1.779343 -18.539921 4.147472 0.169261 0.395692 1.821538 0.761494 0.138541 -5.016025 0.338102 0.137997 0.804388 0.352166 0.130027 6.439992 0.265609 9.799386 18.984562 -1.809367 18.496218 0.070454 -6.344348 -0.329161 8.348294 8.308685 -9.929789 -19.034451 71.690523 51.022018 23.854256 30.773766 -4.071752 14.547076 -11.655595 0.735295 4.026058 -8.799433 22.410710 -2.882090 -68.199945 -40.421882 61.356404 -29.866521 -8.529391 12.579835 11.512171 6.985248 -3.476022 -11.815271 14.273877 9.902845 -0.728270 20.741800 -12.343590 5.159995 -0.029086 -4.047941 0.822994 -4.937231 -20.244355 21.134996 -3.086070 13.375778 1.943144 5.121888 18.192940 5.406655 -0.011730 0.426869 0.708031
-2.312112 0.940198 -1.769266 -19.584984 4.194099 0.247668 0.537645 1.777168 0.689250 0.205290 -5.035612 0.305385 0.204489 0.784780 0.326226 0.177940 6.425325 0.245948 9.964675 18.922516 -1.829394 18.810949 -0.017474 -6.438762 -0.431686 8.368342 8.257873 -10.397740 -18.664993 71.760820 50.384936 22.124145 30.254940 -4.296560 14.472314 -12.541775 0.748872 4.138117 -8.912426 22.298153 -2.841565 -67.557470 -40.937617 60.497459 -30.086174 -8.368356 12.645589 14.207325 7.999172 -3.231690 -12.768471 13.720819 10.128124 -0.833795 20.801995 -12.425287 5.496508 -0.044541 -4.803870 1.064207 -3.556223 -19.633939 21.115450 -4.832436 12.948629 2.121839 4.837879 18.440625 5.840617 -0.029042 0.873303 1.403584
-2.298927 0.938733 -1.758821 -20.636399 4.259404 0.252948 0.688032 1.701403 0.659263 0.273739 -5.069112 0.291565 0.272660 0.751254 0.319355 0.228555 6.400217 0.240684 10.092082 18.900074 -1.831781 19.046994 -0.040509 -6.484109 -0.539815 8.400593 8.184220 -10.673916 -18.411980 71.668885 49.541627 20.299629 29.762032 -4.520072 14.367299 -13.142049 0.824290 4.211419 -9.014223 22.465293 -2.740785 -67.061244 -41.304674 59.685578 -30.240594 -8.109608 12.657680 16.432156 8.815718 -2.992692 -13.734295 13.222617 10.192040 -0.930289 20.981541 -12.325396 5.976011 -0.061643 -5.674782 1.243696 -2.288376 -18.948525 21.108843 -6.153454 12.518263 2.269180 4.371311 18.693787 4.950346 0.000000 0.000000 0.000000
-2.284941 0.937062 -1.747921 -21.738906 4.363072 0.151236 0.846280 1.568861 0.690892 0.342747 -5.127732 0.305370 0.341365 0.692595 0.340166 0.281679 6.356263 0.256322 10.186709 18.957357 -1.819701 19.209697 0.076382 -6.481117 -0.651278 8.486713 8.056797 -10.637375 -18.362961 71.363094 48.301486 18.268375 29.283618 -4.819075 14.187394 -13.389169 0.989334 4.238122 -9.096164 23.149170 -2.577294 -66.797401 -41.506659 58.992066 -30.320341 -7.726404 12.593380 18.065158 9.325905 -2.744833 -14.733720 12.896069 9.919428 -1.013114 21.427750 -12.019082 6.656326 -0.075563 -6.639261 1.314448 -1.194959 -18.146462 21.201438 -6.954947 12.000315 2.358956 3.709126 19.366348 1.849261 0.209838 -3.798596 -5.941973
-2.270220 0.935237 -1.736652 -22.848308 4.480619 -0.025085 1.012570 1.406629 0.766504 0.413259 -5.199406 0.338945 0.411542 0.620873 0.380898 0.337428 6.302523 0.287005 10.242541 19.054695 -1.791850 19.292187 0.258555 -6.431726 -0.768393 8.583416 7.905001 -10.409137 -18.434635 70.905911 46.854678 16.153330 28.845213 -5.166445 13.986721 -13.367043 1.216918 4.227327 -9.164364 24.110505 -2.363224 -66.674094 -41.587369 58.346282 -30.372645 -7.285052 12.469352 19.226298 9.637854 -2.518759 -15.749145 12.616484 9.483134 -1.077814 22.013658 -11.534945 7.466141 -0.088060 -7.721079 1.325716 -0.207530 -17.274583 21.299830 -7.339763 11.480165 2.394757 2.785540 19.910422 -2.608553 0.729368 -9.099809 -13.903076
-2.254812 0.933297 -1.725149 -23.956520 4.588978 -0.205613 1.161543 1.245090 0.848913 0.475789 -5.270721 0.375725 0.473756 0.549511 0.424026 0.387398 6.249057 0.319513 10.277925 19.159224 -1.739363 19.329310 0.446864 -6.330562 -0.886327 8.601585 7.811721 -10.236417 -18.515374 70.305225 45.729291 14.337956 28.638808 -5.448051 13.859796 -13.057502 1.391927 4.202459 -9.230395 25.013979 -2.066123 -66.543939 -41.758899 57.690685 -30.600574 -6.821399 12.332469 19.745634 9.699689 -2.467902 -16.730692 12.415975 9.215388 -1.149377 22.449216 -10.900130 8.312623 -0.108317 -8.954644 1.383225 0.619383 -16.243719 21.282006 -7.018857 10.855882 2.392280 1.864715 19.194343 -6.727324 1.195770 -12.587368 -18.537744
-2.238608 0.931034 -1.713099 -25.115005 4.689935 -0.376411 1.303069 1.065994 0.931001 0.535095 -5.349805 0.412544 0.532734 0.470374 0.466862 0.434936 6.189764 0.351813 10.305634 19.288137 -1.647012 19.338233 0.671945 -6.151433 -1.010529 8.447494 7.817645 -10.156654 -18.493182 69.436828 45.088705 12.906670 28.758358 -5.678203 13.850290 -12.347240 1.487836 4.170526 -9.302866 25.818044 -1.607044 -66.333359 -42.111516 56.913685 -31.106459 -6.247325 12.161900 19.490268 9.523269 -2.569144 -17.679148 12.398876 9.090299 -1.319424 22.752434 -10.160926 9.260586 -0.129678 -10.338306 1.466664 1.080561 -14.873435 21.179242 -5.516530 9.995576 2.294987 1.094818 16.512204 -10.046087 1.142200 -12.595389 -16.759258
-2.221717 0.928657 -1.700814 -26.272203 4.781635 -0.551055 1.427231 0.888002 1.020557 0.586376 -5.428362 0.452846 0.583705 0.391765 0.512367 0.476682 6.130865 0.386140 10.312032 19.425479 -1.531351 19.300546 0.905396 -5.922757 -1.135033 8.218113 7.887210 -10.123788 -18.492777 68.420590 44.735668 11.775423 29.056500 -5.861678 13.915141 -11.344882 1.531388 4.123730 -9.373405 26.565247 -1.063375 -66.118686 -42.539278 56.125556 -31.767852 -5.622793 11.982574 18.596962 9.104385 -2.855519 -18.582006 12.465188 9.123680 -1.509407 22.926299 -9.247980 10.228782 -0.162376 -11.869930 1.631312 1.378541 -13.346309 20.942256 -3.332155 9.007509 2.085218 0.523972 12.703010 -12.941722 0.785837 -10.642935 -11.671474
-2.204518 0.926831 -1.689369 -27.264858 4.839245 -0.698574 1.479724 0.795780 1.099758 0.606167 -5.468947 0.488444 0.603363 0.351161 0.549978 0.494322 6.100447 0.414520 10.277302 19.488103 -1.428645 19.199402 0.998307 -5.716912 -1.238379 8.111511 7.986505 -10.266183 -18.757136 67.633892 44.657956 11.069843 29.336568 -5.849002 14.008250 -10.348347 1.486721 4.062501 -9.429860 27.045564 -0.634306 -65.990572 -42.966887 55.599896 -32.448375 -5.208449 11.910250 17.287488 8.375951 -3.557914 -19.354928 12.357497 9.722249 -1.513871 22.641217 -7.992797 10.890970 -0.255033 -13.565187 2.144065 2.048752 -12.117582 20.363804 -1.629213 8.158777 1.881434 0.272488 9.052110 -14.957568 0.445135 -8.220337 -7.092839
-2.186757 0.925743 -1.679193 -28.010604 4.865589 -0.814573 1.425881 0.828995 1.171456 0.578789 -5.454058 0.520438 0.576124 0.366081 0.579198 0.476105 6.111625 0.436571 10.188368 19.414922 -1.351302 19.021081 0.838351 -5.561843 -1.314855 8.250871 8.105033 -10.740273 -19.493962 67.214820 45.020097 10.935242 29.653449 -5.485196 14.117610 -9.353007 1.326200 3.980114 -9.475428 27.188734 -0.394222 -66.014119 -43.437983 55.466923 -33.203914 -5.209032 12.008235 15.510958 7.197709 -4.864031 -19.968612 12.092127 11.158549 -1.225902 21.801523 -6.298351 11.092343 -0.435676 -15.618944 3.071709 3.480003 -11.373077 19.274512 -0.824913 7.497707 1.802930 0.300529 5.809542 -15.752418 0.201130 -5.439790 -4.154128
-2.168688 0.925208 -1.669857 -28.591367 4.860500 -0.901553 1.300860 0.947302 1.228404 0.520239 -5.401613 0.545695 0.517883 0.418581 0.598509 0.433841 6.150948 0.451152 10.061259 19.266149 -1.281346 18.783387 0.535305 -5.420496 -1.370439 8.514290 8.246245 -11.405509 -20.487486 67.062724 45.697297 11.196172 29.965185 -4.903265 14.223505 -8.346027 1.077144 3.883036 -9.505019 27.062919 -0.272341 -66.128866 -43.942701 55.590365 -34.006476 -5.488206 12.195150 13.304443 5.715176 -6.577698 -20.400443 11.672370 13.195178 -0.860175 20.441781 -4.306912 10.894006 -0.725264 -17.724316 4.516618 5.269782 -10.894865 17.878232 -0.494403 6.988645 1.774562 0.446003 2.712189 -15.769144 0.050885 -2.259038 -1.687184
-2.151446 0.925333 -1.661155 -29.090061 4.796088 -0.937715 1.155012 1.114048 1.236078 0.454621 -5.327870 0.548918 0.452613 0.492380 0.595069 0.384557 6.206233 0.448585 9.919632 19.140149 -1.210053 18.516270 0.272736 -5.268666 -1.400858 8.730929 8.396585 -11.948078 -21.330879 67.176694 46.247834 11.520643 29.925511 -4.385382 14.288470 -7.614380 0.785701 3.792954 -9.495065 26.665672 -0.248867 -66.237716 -44.329549 55.848605 -34.599949 -5.801837 12.379313 11.014035 4.286666 -8.341474 -20.595814 10.803940 15.473422 -0.706347 18.406372 -2.233026 10.284726 -1.130316 -19.066807 6.722891 6.764967 -10.552923 16.546213 -0.514047 6.792776 1.692228 0.656451 0.256954 -15.654308 -0.000000 0.000000 -0.000000
-2.135321 0.926197 -1.653015 -29.525770 4.646207 -0.890800 0.989708 1.340993 1.164386 0.384017 -5.227625 0.516731 0.382386 0.592681 0.555719 0.328818 6.281393 0.418947 9.764247 19.049973 -1.132266 18.217281 0.074071 -5.094696 -1.405251 8.815425 8.571324 -12.240908 -21.875610 67.583453 46.541640 11.859201 29.312128 -4.008486 14.319069 -7.227667 0.440868 3.716219 -9.441582 25.922598 -0.329549 -66.297663 -44.600334 56.278076 -34.954133 -6.150405 12.547481 8.564796 3.023711 -10.098359 -20.618196 9.305753 17.994439 -0.879084 15.201901 0.114474 9.339574 -1.647645 -19.668368 10.577049 7.809209 -10.409731 15.362531 -1.131663 7.100416 1.506965 1.072640 -1.263447 -15.558726 -0.003230 0.607273 0.525555
-2.120022 0.927723 -1.645510 -29.879677 4.438486 -0.791865 0.802590 1.614063 1.041601 0.306158 -5.106989 0.461894 0.304919 0.713365 0.492980 0.265879 6.371838 0.371678 9.593993 18.983176 -1.053813 17.888346 -0.083259 -4.911085 -1.383243 8.853541 8.758651 -12.408324 -22.252412 68.229549 46.714872 12.275864 28.337959 -3.691283 14.328034 -7.118484 0.053930 3.650161 -9.347498 24.909920 -0.512040 -66.335624 -44.740488 56.849276 -35.104383 -6.594676 12.717216 6.028145 1.800364 -11.889649 -20.418578 7.266867 20.713156 -1.412718 11.219746 2.318885 7.867281 -2.001026 -19.010741 14.877869 8.577028 -10.421567 14.232463 -2.078810 7.740702 1.275859 1.610865 -2.150376 -15.266915 -0.000969 0.304050 0.262315
-2.105812 0.929786 -1.638650 -30.177554 4.224907 -0.714342 0.638913 1.858581 0.923052 0.238688 -4.998889 0.409144 0.237760 0.821492 0.433376 0.210938 6.452879 0.326774 9.427251 18.999703 -0.988170 17.562513 -0.084002 -4.740008 -1.332127 8.929214 8.906470 -12.502156 -22.478552 68.959637 46.704118 12.629939 27.286863 -3.483092 14.314032 -7.371752 -0.295709 3.603564 -9.203549 23.851816 -0.759039 -66.365971 -44.543949 57.348470 -34.862145 -6.883679 12.876501 3.963910 0.605539 -13.492882 -19.809745 4.776472 23.155860 -2.384776 7.708778 3.270563 5.720909 -1.790098 -16.266542 16.361578 8.903073 -10.340531 13.257039 -2.458513 8.312397 1.067989 1.951391 -2.769054 -14.829704 -0.000000 0.000000 0.000000
-2.092810 0.932519 -1.632639 -30.399050 4.008198 -0.668412 0.512040 2.066334 0.816090 0.187184 -4.906959 0.361643 0.186482 0.913440 0.380646 0.168456 6.521808 0.287048 9.255853 19.136715 -0.951712 17.226258 0.142544 -4.604233 -1.240058 9.082713 8.986313 -12.499640 -22.538773 69.820234 46.390772 12.764335 26.100759 -3.452115 14.252602 -8.225606 -0.598407 3.575388 -8.984401 22.699884 -1.092305 -66.394479 -43.759733 57.692704 -34.017160 -6.828837 13.029874 2.474119 -0.583005 -14.859024 -18.671140 1.316151 25.143219 -4.090900 5.241597 2.273525 2.580746 -1.028633 -10.701485 12.459703 8.439962 -10.094247 12.506187 -1.659254 8.758597 0.919804 1.919383 -3.189288 -14.207905 0.000000 0.000000 -0.000000
-2.080896 0.935789 -1.627273 -30.564301 3.785085 -0.644513 0.409361 2.246585 0.715375 0.146259 -4.827141 0.316976 0.145729 0.993273 0.331825 0.134186 6.581664 0.250265 9.086889 19.356248 -0.932230 16.891941 0.524814 -4.489427 -1.119617 9.271184 9.025870 -12.413817 -22.455881 70.753367 45.890726 12.819611 24.830403 -3.511121 14.161366 -9.440463 -0.863683 3.567862 -8.718332 21.503317 -1.490007 -66.413139 -42.605236 57.962081 -32.755600 -6.537765 13.207334 1.446497 -1.772526 -16.007000 -17.137910 -2.656490 26.656934 -6.219414 3.527631 -0.111615 -0.764458 -0.303841 -4.239403 5.471200 7.531689 -9.775243 11.898258 -0.294853 9.104773 0.809112 1.707588 -3.328338 -13.437045 -0.000000 0.000000 -0.000000
-2.069972 0.939077 -1.621948 -30.759033 3.597843 -0.686505 0.338176 2.352282 0.658867 0.117279 -4.780329 0.292019 0.116859 1.040091 0.303926 0.110420 6.616765 0.229253 8.960972 19.605122 -0.901814 16.630876 0.964615 -4.364627 -1.005508 9.453505 9.056407 -12.358316 -22.306757 71.454064 45.471594 13.122146 23.917748 -3.500304 14.113072 -10.388992 -1.041852 3.591516 -8.479334 20.631602 -1.845091 -66.437060 -41.584131 58.194189 -31.470117 -6.123030 13.434641 1.124879 -2.942564 -16.812664 -15.416144 -5.454102 27.698603 -7.682774 2.476646 -2.650514 -2.850672 -0.000000 0.000000 0.000000 7.038263 -9.375060 11.318587 0.680599 9.076237 0.725075 1.527477 -3.321555 -12.684100 -0.000000 -0.000000 0.000000
-2.060161 0.942324 -1.616372 -31.043286 3.454937 -0.832085 0.321190 2.355878 0.674865 0.108908 -4.778744 0.299233 0.108513 1.041674 0.310288 0.104636 6.617945 0.234068 8.899292 19.902081 -0.856991 16.480213 1.498886 -4.227392 -0.892679 9.645005 9.093026 -12.346060 -22.113124 71.743791 45.192364 13.762729 23.561207 -3.371686 14.139008 -10.944616 -1.090720 3.670728 -8.302812 20.218363 -2.121162 -66.504406 -40.852410 58.489395 -30.173795 -5.490841 13.762337 1.702625 -4.128195 -17.173493 -13.507704 -6.202514 28.451267 -7.922353 2.085069 -4.687756 -3.176916 0.039129 1.013176 -1.370141 7.488729 -8.852123 10.723678 0.717500 8.489853 0.670460 1.464090 -3.186223 -11.999300 -0.000000 0.000000 0.000000
-2.051339 0.945588 -1.610838 -31.356534 3.346676 -1.043582 0.335373 2.285736 0.736700 0.112213 -4.809837 0.326802 0.111800 1.010581 0.338193 0.109212 6.594624 0.255125 8.880379 20.228130 -0.801509 16.403063 2.090926 -4.080272 -0.786738 9.830545 9.121756 -12.370769 -21.855922 71.803356 44.983735 14.671985 23.558011 -3.196195 14.219021 -11.242358 -1.053657 3.777866 -8.154573 20.129694 -2.350211 -66.592664 -40.266948 58.752094 -28.848139 -4.684381 14.116362 3.004999 -5.255758 -17.176098 -11.444715 -5.631379 29.012973 -7.272221 2.261186 -6.489601 -2.556503 0.015341 0.507371 -0.684702 8.349250 -8.234128 10.174399 0.350028 7.551435 0.639918 1.436868 -2.908045 -11.333542 -0.000000 -0.000000 -0.000000
-2.043037 0.948527 -1.605614 -31.603852 3.288811 -1.251990 0.319625 2.178591 0.799436 0.102237 -4.857419 0.354962 0.101847 0.963004 0.365342 0.103814 6.558932 0.275628 8.880924 20.473888 -0.717074 16.359724 2.532903 -3.896873 -0.738489 9.923933 9.129840 -12.522681 -21.545220 71.868291 44.913108 15.954486 23.744755 -3.005953 14.366085 -11.050034 -1.009774 3.844974 -8.004283 20.332528 -2.525274 -66.632165 -39.915110 58.734960 -27.858511 -4.032406 14.328017 4.726763 -6.132539 -17.009447 -9.475622 -4.421702 29.434591 -5.936781 2.595145 -8.051371 -1.689381 -0.000000 -0.000000 0.000000 8.885388 -7.613773 9.713038 0.248404 6.575833 0.592677 1.399672 -2.579040 -10.705617 -0.000000 -0.000000 0.000000
-2.035103 0.951046 -1.600912 -31.732322 3.323692 -1.457808 0.237247 2.018496 0.857461 0.062976 -4.928666 0.381363 0.062709 0.891764 0.387756 0.076194 6.505473 0.292589 8.906883 20.594520 -0.578615 16.357107 2.738974 -3.638880 -0.786223 9.861876 9.102979 -12.841204 -21.137728 71.997160 45.080630 17.781106 24.122151 -2.791265 14.631962 -10.035376 -0.974061 3.836481 -7.829833 20.990983 -2.631666 -66.624233 -39.928516 58.372631 -27.412490 -3.651894 14.351657 7.068973 -6.575396 -16.793641 -7.732193 -2.338629 29.788644 -3.521309 2.819200 -9.335151 -0.908673 -0.000000 0.000000 -0.000000 8.705002 -7.040062 9.389490 0.790454 5.633924 0.496053 1.311967 -2.198694 -10.118557 0.000000 0.000000 0.000000
-2.027689 0.953240 -1.596520 -31.795612 3.409898 -1.661270 0.124573 1.821687 0.916768 0.010292 -5.016310 0.408432 0.010210 0.804123 0.409477 0.038516 6.439701 0.309023 8.951648 20.635310 -0.409512 16.386449 2.795537 -3.340836 -0.891287 9.707358 9.056139 -13.284227 -20.676028 72.121138 45.430338 19.977442 24.713016 -2.508334 14.978824 -8.524237 -0.932408 3.788134 -7.652588 21.939315 -2.683829 -66.562711 -40.185696 57.727414 -27.314245 -3.494695 14.242503 9.815884 -6.751144 -16.454250 -6.085422 0.418421 29.893607 -0.412695 3.190859 -10.417523 0.069261 0.000000 -0.000000 -0.000000 8.203692 -6.467001 9.141780 1.600012 4.643815 0.368492 1.216196 -1.767083 -9.569543 0.000000 0.000000 0.000000
-2.020782 0.955050 -1.592077 -31.858269 3.438356 -1.792977 0.031365 1.672501 0.948658 -0.032434 -5.082787 0.423095 -0.032353 0.737644 0.419801 0.007422 6.389807 0.316837 8.973532 20.622000 -0.264320 16.385144 2.753157 -3.086227 -0.989353 9.563810 9.019424 -13.819125 -20.296525 72.287854 45.772777 22.130760 25.372752 -2.174879 15.278410 -7.276548 -0.919388 3.739421 -7.508451 22.648469 -2.719924 -66.370730 -40.393499 56.748711 -27.323436 -3.613922 14.009211 12.033811 -7.003474 -15.889547 -4.384141 2.453544 29.525972 1.954378 4.076485 -11.465428 1.558343 0.000000 -0.000000 0.000000 7.828037 -5.849623 8.835504 2.221465 3.685670 0.242856 1.187416 -1.377534 -9.067950 0.000000 0.000000 -0.000000
-2.014569 0.956433 -1.587344 -31.933222 3.336605 -1.842788 -0.027214 1.615482 0.941571 -0.058025 -5.108250 0.420164 -0.057841 0.712179 0.414273 -0.012092 6.370693 0.312681 8.960000 20.538475 -0.149889 16.333198 2.581818 -2.885722 -1.061896 9.466847 9.004199 -14.561686 -20.057736 72.553641 46.117499 24.211428 26.165863 -1.789162 15.490864 -6.565388 -0.958019 3.699074 -7.413722 22.909272 -2.737063 -65.955973 -40.425735 55.210420 -27.377821 -4.117755 13.571031 13.396476 -7.604098 -14.944171 -2.470230 3.212679 28.587943 2.962362 5.780376 -12.545775 4.111745 0.000000 -0.000000 0.000000 7.804067 -5.095064 8.437411 2.417194 2.704681 0.150191 1.257167 -1.042723 -8.622898 0.000000 -0.000000 0.000000
-2.008863 0.957432 -1.582560 -32.007281 3.177360 -1.820528 -0.065450 1.605416 0.906217 -0.073288 -5.112806 0.404527 -0.073042 0.707621 0.397086 -0.024786 6.367275 0.299726 8.923872 20.400447 -0.058915 16.250533 2.310942 -2.727660 -1.127839 9.381138 8.998669 -15.397386 -19.897450 72.866112 46.459909 26.251339 27.027741 -1.394848 15.649186 -6.126309 -1.024294 3.657825 -7.352570 22.929857 -2.735367 -65.416609 -40.387677 53.341915 -27.521795 -4.867259 13.022056 14.230968 -8.255102 -13.754071 -0.524293 3.280464 27.272360 3.249130 7.897218 -13.591539 7.237030 0.000000 -0.000000 0.000000 7.901208 -4.295296 7.986069 2.426735 1.761913 0.071696 1.391171 -0.752069 -8.224000 -0.000000 0.000000 -0.000000
-2.003088 0.958110 -1.578080 -32.105539 3.069216 -1.686767 -0.077209 1.591572 0.847066 -0.075610 -5.118992 0.378181 -0.075352 0.701435 0.370504 -0.028523 6.362646 0.279667 8.862855 20.280852 -0.025308 16.137883 2.079470 -2.663838 -1.179381 9.303885 8.997460 -15.951075 -19.775146 73.121428 46.510193 27.943552 27.569668 -1.129804 15.729568 -5.916080 -1.081447 3.627837 -7.313160 22.807782 -2.757903 -64.967784 -40.357845 51.778751 -27.684952 -5.468116 12.615462 14.608071 -8.469750 -12.662240 1.118780 2.937723 25.924026 3.252688 9.769494 -14.511519 9.686123 0.000000 0.000000 -0.000000 7.878743 -3.686391 7.452609 2.513034 1.112928 -0.029875 1.563735 -0.564699 -7.851487 -0.000000 0.000000 -0.000000
-1.996998 0.958427 -1.574122 -32.255685 3.069762 -1.416858 -0.054649 1.551687 0.755347 -0.061044 -5.136695 0.337191 -0.060838 0.683733 0.330994 -0.020614 6.349396 0.249829 8.774452 20.201544 -0.060502 15.992985 1.928927 -2.711735 -1.208972 9.235031 8.999562 -16.025058 -19.674159 73.288272 46.053244 29.090517 27.556989 -1.083514 15.687234 -5.986048 -1.121303 3.601684 -7.293319 22.503293 -2.800390 -64.672724 -40.328838 50.714628 -27.809511 -5.747800 12.441522 14.434723 -7.961567 -11.857706 2.378052 2.052884 24.694000 3.027247 11.159573 -15.383251 11.303887 0.000000 0.000000 0.000000 7.629030 -3.367676 6.825702 2.814913 0.836050 -0.199728 1.782188 -0.486937 -7.485378 0.000000 -0.000000 0.000000
-1.990840 0.958424 -1.570467 -32.429641 3.122537 -1.035792 -0.005448 1.508220 0.639956 -0.033491 -5.155959 0.285554 -0.033387 0.664471 0.282154 -0.003711 6.334982 0.212940 8.662101 20.139875 -0.153136 15.820446 1.816166 -2.854571 -1.224004 9.174575 9.005909 -15.818982 -19.614982 73.405743 45.234685 29.884505 27.183703 -1.173675 15.559745 -6.276284 -1.151724 3.586429 -7.295151 22.057497 -2.868290 -64.468449 -40.325570 49.954648 -27.960582 -5.851476 12.391507 13.815648 -7.048643 -11.179611 3.364472 0.765055 23.394676 2.544516 12.344228 -16.099268 12.251500 0.000000 0.000000 -0.000000 7.262512 -3.249413 6.114780 3.199772 0.850146 -0.394282 2.036851 -0.513618 -7.147102 -0.000000 0.000000 -0.000000
-1.984770 0.958288 -1.566818 -32.569114 3.164641 -0.578506 0.053133 1.477721 0.532055 -0.002165 -5.169467 0.237229 -0.002181 0.650965 0.237009 0.016283 6.324879 0.178839 8.532710 20.101853 -0.303286 15.632352 1.752802 -3.093844 -1.238895 9.119646 9.014052 -15.553478 -19.616404 73.475847 44.279983 30.609503 26.687304 -1.276050 15.451124 -6.575382 -1.160275 3.616044 -7.313242 21.689461 -3.024608 -64.378797 -40.477162 49.549966 -28.252308 -5.864732 12.421608 13.120746 -6.173374 -10.456980 4.051456 -0.292211 21.897057 2.059429 13.534780 -16.250408 11.724358 0.000000 -0.000000 0.000000 6.868781 -3.285265 5.317691 3.525662 1.170058 -0.522311 2.275531 -0.684848 -6.879945 -0.000000 -0.000000 -0.000000
-1.978845 0.958071 -1.563097 -32.659867 3.164702 -0.013853 0.116455 1.468341 0.415872 0.031637 -5.173618 0.185190 0.031490 0.646809 0.188401 0.037859 6.321781 0.142127 8.385827 20.099052 -0.507544 15.426128 1.759846 -3.422001 -1.285899 9.092454 9.019143 -15.242220 -19.718611 73.529989 43.190206 31.374570 26.097199 -1.339916 15.400811 -6.835595 -1.191369 3.738825 -7.348586 21.572715 -3.360684 -64.403884 -40.920430 49.613909 -28.854875 -5.746289 12.566210 12.500059 -5.355116 -9.638751 4.396999 -1.130310 20.163768 1.547533 15.127833 -15.460553 8.701788 0.000000 -0.000000 -0.000000 6.456056 -3.411399 4.387651 3.690823 1.743645 -0.542446 2.560650 -1.009299 -6.729587 0.000000 -0.000000 0.000000
-1.973009 0.957720 -1.559380 -32.716612 3.153572 0.627166 0.188859 1.472695 0.307152 0.069102 -5.171679 0.136448 0.068810 0.648742 0.143463 0.062446 6.323242 0.108182 8.221520 20.119691 -0.769573 15.203615 1.815897 -3.847115 -1.332762 9.070477 9.025948 -14.869386 -19.879441 73.534019 41.955999 32.058399 25.379431 -1.417097 15.369588 -7.106391 -1.201926 3.906621 -7.399824 21.537974 -3.786101 -64.544557 -41.543500 50.025593 -29.623353 -5.549112 12.797602 11.799574 -4.593077 -8.762622 4.448707 -1.750663 18.258294 1.015162 16.682354 -13.980301 4.279126 0.000000 0.000000 -0.000000 6.027743 -3.696299 3.373749 3.804130 2.625497 -0.500722 2.826792 -1.476999 -6.651237 -0.000000 -0.000000 -0.000000
-1.967249 0.957260 -1.555599 -32.724702 3.160349 1.216636 0.266464 1.483673 0.284336 0.104716 -5.166754 0.126012 0.104284 0.653668 0.136643 0.088531 6.326949 0.103000 8.047714 20.135054 -1.100021 14.984005 1.869814 -4.394094 -1.296404 8.984426 9.046159 -14.612207 -19.994177 73.392598 40.800445 32.617199 24.682934 -1.539060 15.350210 -7.325528 -1.047629 4.010720 -7.457727 21.289042 -4.093906 -64.824453 -42.079686 50.491782 -30.180390 -5.495671 12.978324 10.935597 -4.293153 -7.796456 4.303890 -1.542918 16.245325 0.705714 17.236071 -12.478998 0.742300 0.000000 -0.000000 0.000000 5.670485 -4.280913 2.418190 4.042510 3.989626 -0.431197 2.829728 -2.096554 -6.549058 0.000000 -0.000000 0.000000
-1.961604 0.956571 -1.551597 -32.675686 3.198296 1.760790 0.359337 1.490462 0.369862 0.141871 -5.163594 0.163868 0.141288 0.656825 0.178270 0.119427 6.329332 0.134373 7.856174 20.154965 -1.538730 14.763355 1.944650 -5.131741 -1.126200 8.751822 9.093522 -14.647209 -19.957798 73.087447 39.856158 33.081105 24.088231 -1.762655 15.354434 -7.491801 -0.591220 3.976592 -7.525410 20.574301 -4.174333 -65.203504 -42.450855 50.934904 -30.409086 -5.724657 13.039328 9.713403 -4.882623 -6.584092 3.904077 0.203400 13.901995 0.687256 16.078724 -11.252379 -1.061880 0.000000 0.000000 -0.000000 5.459572 -5.259232 1.459444 4.500274 6.029713 -0.265326 2.424935 -3.022008 -6.268162 0.003052 0.152260 -0.238122
-1.956034 0.955773 -1.547531 -32.577417 3.252675 2.253510 0.457542 1.503216 0.541227 0.177221 -5.157653 0.239996 0.176491 0.662753 0.257988 0.151849 6.333791 0.194490 7.655068 20.171044 -2.045755 14.545574 2.021006 -5.990937 -0.869288 8.458534 9.150714 -14.802951 -19.877677 72.640977 39.004279 33.427520 23.526975 -2.030645 15.370910 -7.606955 0.032540 3.889343 -7.602677 19.644778 -4.146822 -65.726984 -42.724616 51.440123 -30.417617 -6.100036 13.039780 8.331574 -5.947157 -5.309250 3.279466 2.696749 11.444179 0.752823 14.005797 -10.114564 -2.114654 0.000000 0.000000 0.000000 5.340595 -6.525794 0.556654 5.107789 8.545535 -0.029469 1.754441 -4.093517 -5.943469 0.004386 0.303965 -0.476612
-1.950411 0.955252 -1.543794 -32.439649 3.310849 2.548341 0.527302 1.544938 0.809593 0.195148 -5.138670 0.359449 0.194338 0.681728 0.379260 0.174387 6.348030 0.285980 7.478607 20.126675 -2.511872 14.365762 1.983160 -6.790160 -0.591818 8.287949 9.185504 -14.731289 -19.959246 72.017521 38.103081 33.539967 22.938375 -2.202085 15.361846 -7.611875 0.558597 3.874644 -7.672969 18.956604 -4.143816 -66.537228 -42.817870 51.967558 -30.133679 -6.415352 13.039542 7.297800 -6.602778 -4.430979 2.682701 4.324306 9.610899 0.845844 12.393487 -9.149604 -2.903642 0.000000 0.000000 0.000000 5.184429 -7.918559 0.036818 5.774256 11.123725 0.095268 1.006817 -4.849676 -5.919255 -0.000000 0.000000 0.000000
-1.944474 0.955144 -1.540738 -32.285952 3.369932 2.497641 0.560931 1.647554 1.252206 0.188313 -5.092316 0.556639 0.187527 0.728090 0.575755 0.184085 6.382770 0.434271 7.346980 19.964966 -2.928115 14.263905 1.727188 -7.526261 -0.284128 8.341643 9.170145 -14.196845 -20.331619 71.040302 37.155479 33.214088 22.375386 -2.167090 15.297771 -7.441227 0.866744 3.999766 -7.736160 18.788390 -4.210950 -67.918932 -42.533565 52.559711 -29.253463 -6.569475 13.092203 6.849528 -6.352593 -4.255624 2.226559 4.302510 8.931347 1.164188 11.806499 -8.426633 -3.529498 0.000000 0.000000 -0.000000 4.792373 -9.509708 0.180499 6.594765 13.816541 -0.009795 0.183466 -5.082729 -6.439213 -0.028444 -1.163054 1.842654
-1.938484 0.955314 -1.538010 -32.093493 3.434490 2.249132 0.568567 1.777120 1.792356 0.164848 -5.033761 0.797330 0.164144 0.786655 0.814064 0.184464 6.426571 0.614164 7.243750 19.742927 -3.303367 14.209026 1.358440 -8.204589 0.037227 8.520519 9.135380 -13.424152 -20.836498 69.861996 36.186955 32.653945 21.822091 -2.034174 15.214256 -7.160052 1.072519 4.190562 -7.790105 18.856467 -4.276379 -69.582025 -42.044618 53.166711 -28.052219 -6.651431 13.152375 6.748438 -5.669049 -4.453345 1.812935 3.445028 8.894250 1.627502 11.659659 -7.891279 -3.843153 0.000000 0.000000 -0.000000 4.307934 -11.220880 0.721110 7.445647 16.582840 -0.211259 -0.729904 -5.003775 -7.259371 -0.111459 -2.772804 4.407595
-1.933097 0.955743 -1.534958 -31.802339 3.502898 2.099463 0.540302 1.858075 2.210208 0.131390 -4.997111 0.983654 0.130801 0.823307 0.996992 0.173194 6.453881 0.752287 7.145933 19.572583 -3.555248 14.123942 1.068615 -8.654924 0.267204 8.700365 9.140921 -12.753827 -21.263881 68.954685 35.072032 32.346452 21.098022 -1.989925 15.172046 -6.903505 1.265334 4.352552 -7.812011 18.779021 -4.312108 -70.798576 -41.842406 53.624579 -27.352958 -6.733946 13.139836 6.786076 -5.108415 -4.500777 1.410768 2.566515 8.686897 1.874309 11.584540 -7.462505 -3.902184 -0.000000 0.000000 0.000000 4.132294 -12.678536 1.144771 7.882742 18.872781 -0.375055 -1.553761 -4.781534 -8.015325 -0.210715 -4.069761 6.461305
-1.928603 0.956539 -1.531273 -31.378630 3.565123 2.205081 0.454358 1.861643 2.394530 0.084065 -4.995609 1.066204 0.083645 0.824811 1.074738 0.143688 6.454857 0.811026 7.049110 19.501166 -3.624852 13.976389 0.934446 -8.762030 0.364828 8.865914 9.240331 -12.158078 -21.598622 68.469624 33.622257 32.507334 19.979668 -2.080184 15.212922 -6.601315 1.497861 4.451483 -7.784382 18.333184 -4.325256 -71.207419 -42.101442 53.741489 -27.559651 -6.795482 12.979527 7.088614 -4.845445 -4.171426 1.008798 1.904268 7.961528 1.683152 11.465098 -7.130934 -3.640777 -0.000000 -0.000000 -0.000000 4.421574 -13.732168 1.222758 7.586131 20.510971 -0.562942 -2.317935 -4.430675 -8.681745 -0.268991 -4.808676 7.589213
-1.924713 0.957593 -1.527263 -30.855691 3.628502 2.409940 0.330167 1.817629 2.455942 0.026023 -5.015713 1.094176 0.025813 0.804716 1.096817 0.102019 6.439664 0.827744 6.954147 19.479742 -3.571222 13.789625 0.874232 -8.639298 0.374175 9.026142 9.381350 -11.667331 -21.880708 68.270190 31.984738 32.896639 18.650027 -2.258343 15.298362 -6.324395 1.720875 4.518429 -7.724221 17.744293 -4.328123 -71.170113 -42.664229 53.712706 -28.287746 -6.856803 12.748365 7.531261 -4.711479 -3.690379 0.627457 1.223380 7.057481 1.285166 11.420630 -6.904654 -3.123574 0.000000 0.000000 -0.000000 5.052351 -14.533801 1.153030 6.856088 21.668524 -0.772110 -2.983591 -3.939377 -9.299723 -0.293627 -5.244340 8.196858
-1.921211 0.958563 -1.523189 -30.273997 3.717953 2.542337 0.216907 1.738691 2.506976 -0.026448 -5.051324 1.117506 -0.026463 0.769108 1.114819 0.064236 6.412846 0.841355 6.843413 19.475425 -3.488907 13.563598 0.839509 -8.457601 0.321949 9.090478 9.464333 -11.720384 -22.013486 68.426765 30.537364 33.334659 17.518831 -2.578077 15.355586 -6.419727 1.873768 4.558262 -7.660972 17.309834 -4.321107 -71.040996 -43.557920 53.967532 -29.218908 -7.051366 12.591973 7.530728 -4.747062 -3.211817 0.292433 0.614043 6.174404 1.000334 11.438079 -6.727521 -2.608116 0.000000 0.000000 0.000000 6.040774 -15.175674 1.039046 6.197562 22.312328 -0.772670 -3.244205 -3.423352 -9.606584 -0.281702 -5.388712 8.262383
-1.918133 0.959395 -1.519204 -29.630105 3.871803 2.508080 0.127718 1.605290 2.592811 -0.069592 -5.110997 1.156304 -0.069437 0.709429 1.149235 0.034711 6.367964 0.867303 6.711025 19.494146 -3.394434 13.292199 0.843557 -8.244531 0.181986 8.981350 9.423944 -12.681510 -21.919779 69.168507 29.388583 33.901692 16.673659 -3.170886 15.333612 -7.163092 1.914444 4.568128 -7.597563 17.165179 -4.278341 -70.915489 -45.074972 54.826687 -30.471652 -7.536760 12.581456 6.691064 -5.013612 -2.803595 0.030445 0.093009 5.365223 0.977817 11.566011 -6.581356 -2.152791 0.000000 0.000000 -0.000000 7.633923 -15.688210 0.884515 5.558722 22.329790 -0.432302 -2.930538 -2.868331 -9.419019 -0.219524 -5.179481 7.714965
-1.915444 0.960141 -1.515155 -28.927906 4.054891 2.402993 0.048859 1.437183 2.666890 -0.107330 -5.186076 1.189827 -0.107019 0.634345 1.178926 0.008903 6.311541 0.889650 6.562698 19.530050 -3.271241 12.981479 0.874217 -7.972435 -0.019067 8.777645 9.323304 -14.185722 -21.659012 70.259750 28.436934 34.543503 16.002510 -3.892304 15.246658 -8.281818 1.885052 4.549754 -7.531829 17.174477 -4.224529 -70.696750 -47.035862 55.940550 -32.038672 -8.181487 12.627103 5.413420 -5.445396 -2.400131 -0.187302 -0.361861 4.578887 1.067615 11.753350 -6.486126 -1.698196 0.000000 0.000000 0.000000 9.583261 -16.039925 0.678200 4.989262 21.812865 0.097066 -2.206870 -2.309411 -8.888401 -0.130508 -4.627885 6.651047
-1.912820 0.960613 -1.510842 -28.218628 4.182585 2.339087 -0.010350 1.305652 2.705084 -0.134755 -5.244833 1.207202 -0.134321 0.575584 1.193520 -0.010361 6.267397 0.900607 6.398700 19.532982 -3.164451 12.650473 0.845134 -7.729428 -0.176298 8.623837 9.256039 -15.581630 -21.364094 71.089287 27.783216 34.907997 15.666034 -4.396284 15.135567 -9.295025 1.851159 4.515973 -7.485640 17.229119 -4.236180 -70.450607 -48.665720 56.765727 -33.323871 -8.656191 12.647618 4.302210 -5.889491 -1.956730 -0.421692 -0.722376 3.860005 1.132463 11.839187 -6.441188 -1.326538 0.000000 -0.000000 0.000000 11.152740 -16.239598 0.519263 5.158381 21.049903 0.642915 -1.262422 -1.927013 -8.260173 -0.063766 -3.857478 5.298208
-1.910141 0.960741 -1.506285 -27.539779 4.223690 2.370949 -0.037843 1.243551 2.687355 -0.145771 -5.272605 1.199436 -0.145280 0.547811 1.184640 -0.019200 6.246560 0.893880 6.218433 19.470337 -3.095595 12.307317 0.698822 -7.557737 -0.253236 8.573786 9.265756 -16.749402 -21.119546 71.446687 27.596367 34.793441 15.917242 -4.567863 15.028108 -10.140489 1.830429 4.451955 -7.469551 17.326787 -4.350093 -70.174979 -49.612501 57.138614 -34.036394 -8.798328 12.617597 3.481964 -6.330810 -1.452600 -0.703990 -0.979196 3.192855 1.106538 11.828102 -6.427655 -1.044719 -0.000000 0.000000 -0.000000 11.994321 -16.278405 0.485119 6.474109 20.056091 1.133534 0.032953 -1.859466 -7.467445 -0.022403 -2.679718 3.449247
-1.907527 0.960594 -1.501464 -26.853710 4.207285 2.441564 -0.045240 1.219209 2.634957 -0.146411 -5.283511 1.176094 -0.145913 0.536905 1.161232 -0.021429 6.238412 0.876205 6.022150 19.375409 -3.043751 11.942646 0.493986 -7.415031 -0.286580 8.572622 9.310257 -17.812270 -20.858586 71.555068 27.716515 34.418727 16.538473 -4.528164 14.926346 -10.875186 1.805122 4.373164 -7.473655 17.468450 -4.532255 -69.874562 -50.112621 57.255785 -34.355580 -8.740574 12.583762 2.822161 -6.786413 -0.909786 -1.003984 -1.139631 2.590609 1.049012 11.715061 -6.462632 -0.846175 -0.000000 -0.000000 -0.000000 12.448800 -16.171641 0.525712 8.511342 18.825881 1.586078 1.533592 -2.020071 -6.591986 -0.003009 -1.170686 1.393912
-1.905011 0.960191 -1.496115 -26.098498 4.137929 2.493817 -0.058144 1.206802 2.586457 -0.149760 -5.289139 1.154488 -0.149246 0.531274 1.139283 -0.025584 6.234212 0.859639 5.811488 19.296756 -2.990338 11.549266 0.317976 -7.262641 -0.281545 8.600947 9.355646 -18.490832 -20.521349 71.475204 27.772826 34.060302 17.012181 -4.317211 14.857520 -11.197655 1.788154 4.337892 -7.487906 17.551147 -4.749335 -69.626577 -50.155976 57.146861 -34.275098 -8.569028 12.589243 2.538880 -7.152198 -0.346990 -1.288318 -1.198356 2.139748 1.004560 11.324957 -6.596706 -0.792797 -0.000000 0.000000 0.000000 12.811907 -15.965591 0.557945 10.705241 17.627973 2.004268 2.662984 -2.159363 -6.126044 0.000000 0.000000 -0.000000
-1.902666 0.959486 -1.490164 -25.282594 4.019360 2.503584 -0.079310 1.200758 2.556221 -0.157694 -5.291963 1.141059 -0.157146 0.528449 1.125051 -0.032583 6.232099 0.848905 5.593168 19.244403 -2.938053 11.139609 0.190840 -7.106773 -0.218652 8.682258 9.389260 -18.532612 -20.058665 71.182706 27.651024 33.669908 17.108231 -3.862222 14.828157 -10.905924 1.785601 4.377880 -7.511715 17.524258 -4.992620 -69.452934 -49.582465 56.714518 -33.654715 -8.286295 12.664465 2.815702 -7.401863 0.252641 -1.544176 -1.058068 1.819290 1.004961 10.535304 -6.820838 -0.945973 0.000000 -0.000000 0.000000 13.073807 -15.680844 0.609708 13.331833 16.492852 2.493721 3.177927 -2.050161 -6.542799 0.005776 0.340573 -0.347948
-1.900418 0.958525 -1.483684 -24.397667 3.848831 2.492554 -0.105931 1.206454 2.530187 -0.168316 -5.289593 1.129510 -0.167723 0.530818 1.112426 -0.041475 6.233875 0.839395 5.360628 19.208469 -2.884008 10.701763 0.093331 -6.941203 -0.116739 8.792599 9.425658 -18.198676 -19.515826 70.716601 27.477988 33.290560 17.065363 -3.236221 14.833385 -10.212712 1.791936 4.461730 -7.543574 17.438713 -5.267483 -69.333012 -48.582811 56.051964 -32.665305 -7.910139 12.771543 3.475698 -7.559966 0.874418 -1.779161 -0.814148 1.647868 1.012782 9.466342 -7.140181 -1.237164 -0.000000 -0.000000 0.000000 13.243688 -15.297318 0.658665 16.111966 15.380770 2.934431 3.350008 -1.785862 -7.363603 0.006106 0.176199 -0.168177
-1.898086 0.957465 -1.476638 -23.356596 3.621969 2.471615 -0.155298 1.214024 2.503546 -0.189030 -5.286516 1.117735 -0.188347 0.533885 1.098544 -0.057998 6.236155 0.828939 5.095982 19.207086 -2.800729 10.193055 0.053823 -6.708605 -0.039440 8.842021 9.469401 -17.974564 -18.976927 70.225531 27.253881 33.335820 17.070153 -2.703452 14.879413 -9.438347 1.802867 4.552629 -7.571622 17.344805 -5.559093 -69.279791 -47.651834 55.478556 -31.742931 -7.547828 12.848455 4.188616 -7.596972 1.454327 -1.987035 -0.748921 1.774915 0.977751 8.305494 -7.625877 -1.529829 -0.000000 -0.000000 0.000000 13.643620 -14.794911 0.551292 17.677270 14.469945 3.077891 3.384460 -1.634088 -7.663976 0.000000 0.000000 -0.000000
-1.895571 0.956301 -1.468900 -22.113406 3.326885 2.417776 -0.242684 1.219358 2.492346 -0.227393 -5.284624 1.112952 -0.226556 0.535760 1.089859 -0.087317 6.237504 0.822415 4.793864 19.253968 -2.687208 9.602639 0.098647 -6.404780 -0.013643 8.758918 9.516334 -17.960981 -18.428227 69.683818 26.972999 34.013822 17.199069 -2.351320 14.985102 -8.642746 1.821517 4.639761 -7.590021 17.255077 -5.837970 -69.343500 -46.856708 55.104855 -30.920366 -7.219828 12.861145 4.913786 -7.384273 2.018045 -2.140389 -1.028280 2.212908 0.900836 7.060071 -8.311011 -1.802835 0.000000 0.000000 0.000000 14.553110 -14.149670 0.212031 17.359272 13.923974 2.822436 3.152581 -1.819524 -6.878729 0.000000 0.000000 0.000000
-1.892972 0.955038 -1.460595 -20.714029 2.976872 2.348104 -0.352811 1.226694 2.480110 -0.275827 -5.281953 1.107785 -0.274793 0.538412 1.079776 -0.124262 6.239423 0.814852 4.460288 19.334797 -2.543587 8.943385 0.203209 -6.033865 -0.014421 8.614781 9.565692 -18.054673 -17.879914 69.115221 26.644502 35.117685 17.375821 -2.067595 15.139820 -7.760714 1.845009 4.733722 -7.603808 17.157936 -6.129282 -69.476165 -46.110803 54.823280 -30.138512 -6.909827 12.843954 5.688502 -7.048086 2.539960 -2.256503 -1.482417 2.955484 0.803749 5.716416 -9.159467 -2.060843 0.000000 -0.000000 0.000000 15.682177 -13.367319 -0.249586 15.851127 13.596009 2.367094 2.770885 -2.182873 -5.597217 -0.000000 0.000000 0.000000
-1.890401 0.953845 -1.452056 -19.209851 2.602537 2.333956 -0.456761 1.240408 2.413327 -0.318899 -5.276404 1.078266 -0.317670 0.543939 1.045891 -0.158984 6.243547 0.789336 4.094525 19.425153 -2.344030 8.208147 0.320185 -5.550809 -0.027367 8.534127 9.628239 -18.424636 -17.463648 68.725188 26.285996 36.440348 17.550928 -1.836349 15.308401 -6.918135 1.859969 4.829809 -7.618318 17.065538 -6.503782 -69.545862 -45.623058 54.641947 -29.645091 -6.643624 12.847163 6.296028 -6.942966 2.882181 -2.410410 -1.889204 4.125333 0.674924 4.429472 -10.140145 -2.206209 0.000000 0.000000 0.000000 16.498908 -12.474371 -0.716406 13.839933 13.204397 1.943949 2.810688 -2.499324 -4.650735 -0.000000 -0.000000 -0.000000
-1.887872 0.952772 -1.443274 -17.590519 2.205593 2.389202 -0.547005 1.254956 2.279345 -0.352653 -5.270364 1.018715 -0.351267 0.549955 0.982911 -0.188950 6.248099 0.741856 3.702865 19.536643 -2.067047 7.401134 0.472415 -4.917642 -0.046404 8.588068 9.722069 -19.237924 -17.303905 68.580995 25.907885 38.068088 17.778073 -1.674511 15.500996 -6.121926 1.867171 4.933631 -7.641677 16.957022 -7.005040 -69.528187 -45.386458 54.592133 -29.493141 -6.405308 12.897410 6.685681 -7.227383 3.052582 -2.640594 -2.119239 5.717637 0.536111 3.218959 -11.362787 -2.203130 0.003481 0.225270 -0.110143 16.858194 -11.439864 -1.186147 11.130648 12.582130 1.651497 3.742091 -2.655388 -4.466505 -0.000000 0.000000 -0.000000
-1.885372 0.951769 -1.434258 -15.867723 1.779130 2.495667 -0.630080 1.280683 2.091379 -0.380698 -5.259225 0.935065 -0.379198 0.561074 0.896412 -0.216465 6.256527 0.676634 3.280093 19.656005 -1.732977 6.520701 0.639955 -4.171650 -0.075043 8.703819 9.835221 -20.323557 -17.276599 68.604112 25.504868 39.916814 17.998270 -1.567086 15.710566 -5.359510 1.866373 5.040079 -7.664888 16.847916 -7.593574 -69.456320 -45.388913 54.648853 -29.617243 -6.195583 12.972804 6.909121 -7.742638 3.046013 -2.929544 -2.297996 7.736646 0.382128 2.057636 -12.717262 -2.073585 0.007339 0.450381 -0.220580 16.902796 -10.294522 -1.664909 7.930119 11.887486 1.445037 5.100941 -2.753992 -4.616196 -0.000000 -0.000000 -0.000000
-1.882974 0.950848 -1.425377 -14.126806 1.336712 2.679471 -0.697900 1.347939 1.836619 -0.398896 -5.229428 0.821619 -0.397338 0.590864 0.781123 -0.238839 6.279019 0.589715 2.807085 19.723089 -1.380251 5.546931 0.714224 -3.380655 -0.113064 8.790916 9.934028 -21.339601 -17.147707 68.779532 25.034943 41.520014 17.976192 -1.477209 15.868097 -4.731247 1.842337 5.128037 -7.668945 16.802849 -8.222871 -69.285032 -45.831461 54.734313 -30.097808 -6.053119 13.053294 6.902963 -8.366583 2.707480 -3.284796 -2.590217 10.317945 0.150868 1.036333 -13.844513 -1.814176 0.000000 0.000000 -0.000000 16.541448 -9.173278 -2.081896 5.517018 11.325739 1.266243 6.059102 -2.917223 -4.658490 0.000000 -0.000000 -0.000000
-1.880579 0.949994 -1.416759 -12.377706 0.879475 3.001614 -0.744916 1.474562 1.481726 -0.403087 -5.172976 0.663517 -0.401522 0.647316 0.622600 -0.254017 6.321574 0.470189 2.268555 19.697567 -1.007992 4.451446 0.621581 -2.538219 -0.164346 8.799612 9.994160 -22.217048 -16.800945 69.193869 24.404681 42.739096 17.510184 -1.426249 15.925336 -4.262326 1.802445 5.142375 -7.629809 16.880338 -8.871823 -68.977715 -46.945911 54.852718 -31.130765 -6.000044 13.139784 6.525291 -9.093938 1.916817 -3.773851 -3.053671 13.631949 -0.181259 0.189541 -14.731599 -1.352087 -0.027167 -1.416726 0.801919 15.613772 -8.130644 -2.466749 4.561236 10.993515 1.045308 6.207202 -3.211846 -4.375772 -0.000000 0.000000 0.000000
-1.878286 0.949222 -1.408277 -10.612932 0.396802 3.399245 -0.777189 1.650068 1.064715 -0.397631 -5.094568 0.477765 -0.396117 0.725725 0.437398 -0.264007 6.380602 0.330522 1.677871 19.622700 -0.618643 3.255316 0.446684 -1.648407 -0.226462 8.781907 10.036527 -23.015281 -16.360061 69.764638 23.651700 43.701384 16.773853 -1.413679 15.924135 -3.925434 1.738258 5.136823 -7.574463 17.017581 -9.576093 -68.577563 -48.512539 54.968144 -32.551121 -5.999111 13.227736 5.915647 -9.909620 0.792156 -4.349186 -3.652617 17.507983 -0.626296 -0.496677 -15.391527 -0.768682 -0.077623 -3.503531 1.946263 14.284492 -7.129559 -2.829895 4.380329 10.794398 0.791124 5.952554 -3.570536 -3.983268 -0.000000 0.000000 -0.000000
-1.876456 0.948587 -1.399920 -8.889965 -0.108649 3.714960 -0.804147 1.857662 0.680179 -0.391202 -5.001811 0.306616 -0.389780 0.818486 0.266899 -0.272170 6.450343 0.201933 1.059431 19.565959 -0.255350 2.014277 0.318541 -0.794909 -0.290009 8.800137 10.094178 -23.588168 -15.957421 70.225896 22.941191 44.342786 16.112243 -1.380526 15.924261 -3.748725 1.613244 5.255954 -7.555340 17.099543 -10.370338 -68.155418 -50.042174 54.955934 -33.881213 -6.007149 13.290988 5.431465 -10.685762 -0.463529 -4.843851 -4.426348 21.570103 -1.248213 -0.994728 -15.507091 -0.309407 -0.160368 -6.057729 3.030093 12.956412 -6.165145 -3.069221 4.217110 10.639207 0.522116 5.692090 -3.921590 -3.693487 0.000000 0.000000 -0.000000
-1.875191 0.948062 -1.391670 -7.241239 -0.660148 3.901798 -0.817448 2.112142 0.352763 -0.381249 -4.888195 0.161046 -0.379955 0.932118 0.122340 -0.275727 6.535696 0.092906 0.408326 19.543185 0.070571 0.723986 0.265906 0.002041 -0.338179 8.907116 10.194040 -23.851126 -15.654072 70.475004 22.361243 44.501877 15.664065 -1.321561 15.952344 -3.810566 1.385207 5.603178 -7.600881 17.080087 -11.332628 -67.690000 -51.438917 54.735915 -35.006797 -6.043941 13.318685 5.184036 -11.413160 -1.837888 -5.230093 -5.568596 25.871166 -2.209539 -1.278560 -14.722448 -0.097363 -0.332648 -9.608323 3.979365 11.772305 -5.208260 -3.129391 3.770496 10.518977 0.220509 5.616218 -4.259813 -3.606312 0.000000 0.000000 0.000000
-1.874389 0.947674 -1.383546 -5.631810 -1.225568 4.005951 -0.825274 2.394612 0.060339 -0.370221 -4.762158 0.031173 -0.369032 1.058166 -0.006415 -0.277202 6.630323 -0.004223 -0.268109 19.541871 0.373315 -0.605620 0.265480 0.765010 -0.384640 9.048034 10.313800 -23.894993 -15.395182 70.616448 21.868250 44.346631 15.328748 -1.258943 15.974970 -4.038398 1.101966 6.080809 -7.670595 17.004430 -12.381911 -67.203348 -52.770653 54.397169 -36.011716 -6.097844 13.322546 5.059435 -12.107293 -3.345093 -5.542446 -6.986729 30.342260 -3.475033 -1.351160 -13.401758 -0.047036 -0.601136 -13.623458 4.904557 10.597336 -4.285639 -3.065412 3.341751 10.440753 -0.093651 5.535600 -4.591309 -3.622987 0.000000 0.000000 -0.000000
-1.874108 0.947563 -1.375592 -4.015538 -1.711130 4.014037 -0.861093 2.631800 -0.177409 -0.374067 -4.656320 -0.074172 -0.372898 1.163988 -0.112152 -0.287986 6.709738 -0.083992 -0.925668 19.585623 0.648358 -1.891452 0.360586 1.470877 -0.467347 9.124624 10.410820 -23.844116 -15.135319 70.694640 21.445011 44.315679 15.098006 -1.168544 15.963596 -4.237009 0.862256 6.530725 -7.713738 16.899703 -13.302581 -66.822854 -53.803897 54.103417 -36.711977 -6.086552 13.316800 5.079112 -12.702061 -4.821137 -5.701211 -8.217310 34.442636 -4.685871 -1.256945 -12.310703 -0.070941 -0.800896 -16.331271 5.577227 9.419638 -3.466192 -2.922731 3.080990 10.338690 -0.334333 5.279285 -4.863957 -3.660562 -0.000000 0.000000 -0.000000
-1.874375 0.947788 -1.367822 -2.376112 -2.082173 3.923833 -0.942462 2.794504 -0.358072 -0.400964 -4.583604 -0.153869 -0.399754 1.236678 -0.194580 -0.314259 6.764296 -0.146145 -1.548520 19.690251 0.889957 -3.101036 0.577878 2.101870 -0.620961 9.085775 10.470240 -23.664730 -14.847591 70.684602 21.065628 44.534722 14.987318 -1.027011 15.876181 -4.359712 0.695964 6.914659 -7.715687 16.766731 -14.008632 -66.596612 -54.434740 53.922572 -36.985343 -5.974527 13.290181 5.320908 -13.225336 -6.214101 -5.648508 -9.018895 38.045339 -5.665502 -0.978163 -11.781303 -0.208515 -0.778223 -16.822993 5.947768 8.118337 -2.799140 -2.706656 3.217378 10.231705 -0.465694 4.730985 -5.068504 -3.686919 0.000000 -0.000000 0.000000
-1.875163 0.948290 -1.360221 -0.728063 -2.365640 3.745206 -1.051812 2.907481 -0.489542 -0.442791 -4.532982 -0.211515 -0.441503 1.287277 -0.256473 -0.350169 6.802295 -0.192776 -2.151308 19.839728 1.103933 -4.261957 0.885559 2.671638 -0.815071 8.986477 10.500806 -23.392948 -14.557128 70.613250 20.759379 44.880112 14.979759 -0.855661 15.756169 -4.456041 0.571768 7.267208 -7.695278 16.610969 -14.576859 -66.464143 -54.798083 53.802648 -36.971385 -5.805927 13.255206 5.708914 -13.672359 -7.582808 -5.441403 -9.530420 41.300675 -6.423500 -0.559611 -11.482598 -0.414706 -0.596314 -16.021489 6.022566 6.817870 -2.232590 -2.409829 3.522360 10.103489 -0.530041 4.007476 -5.214777 -3.731486 0.000000 -0.000000 0.000000
-1.876442 0.949031 -1.352792 0.928126 -2.560052 3.486342 -1.170104 2.977773 -0.570352 -0.491166 -4.501400 -0.246586 -0.489751 1.318819 -0.296458 -0.389304 6.825994 -0.222856 -2.736355 20.008003 1.301970 -5.382468 1.234692 3.202607 -0.991569 8.889110 10.493206 -23.256012 -14.295151 70.600528 20.574248 45.416036 15.002101 -0.688301 15.704958 -4.472640 0.492999 7.536337 -7.658774 16.468956 -15.034919 -66.388590 -55.031891 53.731704 -36.890654 -5.613198 13.263491 6.036648 -13.930795 -8.929293 -5.174197 -9.725940 44.102473 -6.719732 -0.142461 -11.188367 -0.445968 -0.366897 -14.895585 5.579555 5.873455 -1.687102 -2.048665 3.461426 9.834124 -0.556757 3.287582 -5.279375 -3.804786 -0.000000 -0.000000 0.000000
-1.878253 0.950069 -1.345614 2.614968 -2.651935 3.123960 -1.301325 2.998479 -0.583886 -0.548804 -4.492020 -0.251704 -0.547218 1.328132 -0.307427 -0.433192 6.833004 -0.231012 -3.309433 20.202362 1.475854 -6.470166 1.637577 3.681002 -1.128012 8.816822 10.431051 -23.380518 -14.081465 70.713866 20.556899 46.310466 15.032394 -0.522974 15.792971 -4.344251 0.472492 7.687241 -7.610334 16.337796 -15.376036 -66.383030 -55.085686 53.731201 -36.738099 -5.371908 13.356687 6.246183 -13.944883 -10.264450 -4.808909 -9.283128 46.409689 -6.230381 0.266944 -10.815486 -0.137521 -0.151637 -13.664127 4.296361 5.463903 -1.156842 -1.607916 2.763480 9.369526 -0.535754 2.645380 -5.239048 -3.908448 0.000000 0.000000 0.000000
-1.880556 0.951345 -1.338608 4.308734 -2.647182 2.689418 -1.442140 2.972751 -0.550042 -0.613251 -4.503391 -0.235797 -0.611484 1.316695 -0.298062 -0.480690 6.824452 -0.223811 -3.864790 20.414441 1.633809 -7.516968 2.077580 4.119686 -1.246152 8.747979 10.331156 -23.639511 -13.894320 70.879962 20.662141 47.395845 15.092402 -0.349594 15.949729 -4.134348 0.493533 7.752588 -7.552213 16.223259 -15.603857 -66.429446 -55.008947 53.782566 -36.511878 -5.102338 13.494029 6.400592 -13.778304 -11.589366 -4.395088 -8.374789 48.227006 -5.118759 0.681933 -10.474279 0.363612 -0.000983 -12.016806 2.577970 5.415274 -0.663161 -1.088452 1.703164 8.756976 -0.469240 2.006591 -5.118863 -4.044636 -0.000000 0.000000 -0.000000
-1.883193 0.952648 -1.331533 5.939356 -2.578372 2.271632 -1.562425 2.924301 -0.520856 -0.668333 -4.524862 -0.222200 -0.666392 1.295175 -0.290061 -0.521278 6.808342 -0.217673 -4.388573 20.593930 1.811454 -8.510954 2.462612 4.582589 -1.353118 8.676026 10.235688 -23.878922 -13.703858 71.006431 20.788643 48.233245 15.162602 -0.196086 16.065014 -3.980042 0.515098 7.782407 -7.487458 16.173539 -15.766921 -66.447880 -55.082384 53.812712 -36.438975 -4.897865 13.605116 6.471508 -13.482472 -12.878342 -4.159235 -7.806085 49.535588 -4.011753 0.995547 -10.213946 0.834352 0.044145 -10.191904 1.199856 5.553023 -0.168583 -0.527706 0.565625 8.027228 -0.403891 1.327641 -4.967718 -4.226157 0.000000 0.000000 0.000000
-1.886092 0.954007 -1.324275 7.482379 -2.447580 1.911208 -1.651996 2.852195 -0.520786 -0.708243 -4.556801 -0.221881 -0.706140 1.263193 -0.293795 -0.551373 6.784380 -0.220440 -4.875574 20.724313 2.024507 -9.449203 2.762784 5.099491 -1.452257 8.596747 10.155599 -24.054428 -13.485416 71.063162 20.903757 48.644001 15.234792 -0.091525 16.095234 -3.939241 0.533338 7.781038 -7.411098 16.245667 -15.869808 -66.419304 -55.456117 53.811694 -36.656669 -4.787846 13.667887 6.416624 -12.994602 -14.124484 -4.201744 -8.021195 50.329162 -3.214317 1.138127 -10.047030 1.198031 0.028639 -8.231030 0.377140 5.996487 0.373560 0.053222 -0.692145 7.110264 -0.347871 0.556472 -4.775458 -4.470856 -0.000000 -0.000000 0.000000
-1.889326 0.955394 -1.316948 8.961040 -2.256749 1.572072 -1.721466 2.757852 -0.526922 -0.738926 -4.598639 -0.224556 -0.736681 1.221311 -0.299582 -0.574731 6.752986 -0.224787 -5.332831 20.820458 2.255503 -10.339191 3.004524 5.640767 -1.540410 8.513588 10.079611 -24.210332 -13.262396 71.081459 21.031351 48.806685 15.304930 -0.014969 16.083939 -3.951395 0.550859 7.743753 -7.330488 16.383212 -15.913107 -66.358905 -55.976066 53.787857 -37.031053 -4.737246 13.704643 6.273722 -12.360003 -15.316797 -4.428116 -8.715028 50.639097 -2.616692 1.170397 -9.939180 1.521067 -0.014547 -6.162222 -0.166361 6.629166 0.906156 0.678583 -2.023443 6.072164 -0.291920 -0.255226 -4.554442 -4.763551 -0.000000 0.000000 0.000000
-1.892948 0.956502 -1.309660 10.377616 -2.041682 1.224936 -1.771413 2.669365 -0.518462 -0.761668 -4.637942 -0.220846 -0.759306 1.181977 -0.298180 -0.591617 6.723495 -0.223722 -5.765396 20.878919 2.489922 -11.186450 3.180394 6.182251 -1.615225 8.430113 10.016532 -24.326029 -13.078422 71.062678 21.147361 48.818633 15.351855 0.072466 16.051571 -3.977045 0.538097 7.708604 -7.264094 16.463135 -15.941657 -66.240866 -56.465838 53.696723 -37.385429 -4.744952 13.710515 6.129455 -11.788431 -16.413416 -4.757478 -9.623520 50.547667 -2.298198 1.182582 -9.845930 1.787577 -0.056352 -4.272504 -0.460338 6.919554 1.327715 1.368634 -3.010993 5.153648 -0.266370 -0.994871 -4.386131 -5.064183 0.000000 -0.000000 -0.000000
-1.897030 0.957222 -1.302508 11.742337 -1.805434 0.851684 -1.806294 2.594260 -0.488580 -0.778770 -4.671404 -0.207637 -0.776311 1.148492 -0.286706 -0.603528 6.698379 -0.215059 -6.169612 20.889411 2.729177 -11.986358 3.270595 6.727630 -1.678479 8.340225 9.970378 -24.382984 -12.935643 71.008569 21.237971 48.668487 15.358765 0.192025 15.992396 -4.010951 0.466420 7.693072 -7.218210 16.440631 -15.966439 -66.029132 -56.890018 53.482262 -37.677376 -4.839247 13.665517 6.014803 -11.328318 -17.405265 -5.166913 -10.893429 50.058671 -2.401055 1.188805 -9.775654 1.973531 -0.062304 -2.564283 -0.434619 6.597053 1.590892 2.146627 -3.421964 4.454571 -0.312669 -1.643598 -4.288991 -5.350067 0.000000 -0.000000 0.000000
-1.901501 0.957665 -1.295394 13.044419 -1.544911 0.471230 -1.821411 2.523572 -0.443574 -0.787832 -4.702996 -0.187782 -0.785301 1.116883 -0.267769 -0.608870 6.674654 -0.200777 -6.550633 20.860957 2.970631 -12.747849 3.291484 7.273975 -1.728518 8.248799 9.937030 -24.400973 -12.831210 70.916104 21.310947 48.368108 15.336065 0.321393 15.911805 -4.059188 0.364901 7.681592 -7.185757 16.361038 -15.977995 -65.758974 -57.278768 53.202310 -37.945578 -4.992825 13.588054 5.894578 -10.932990 -18.295299 -5.661655 -12.369908 49.184994 -2.787277 1.176273 -9.713954 2.100080 -0.032005 -1.044537 -0.192371 5.929230 1.763756 2.978788 -3.490971 3.883605 -0.399073 -2.219791 -4.243799 -5.640905 0.000000 0.000000 -0.000000
-1.906210 0.957852 -1.288132 14.255304 -1.286683 0.107298 -1.803272 2.459801 -0.381397 -0.782954 -4.731598 -0.160426 -0.780403 1.088292 -0.239918 -0.603127 6.653183 -0.179789 -6.925976 20.819435 3.194466 -13.495133 3.290175 7.787763 -1.757462 8.175553 9.913783 -24.417685 -12.800774 70.777320 21.378322 48.049684 15.308209 0.436184 15.846886 -4.099797 0.291107 7.662762 -7.164277 16.236011 -15.987188 -65.513668 -57.559309 52.985972 -38.135098 -5.123586 13.531389 5.757865 -10.676959 -19.067154 -6.188268 -13.319413 48.018594 -3.083161 1.196472 -9.588327 2.225865 0.000000 -0.000000 0.000000 5.189990 1.924242 3.794769 -3.504657 3.395410 -0.446108 -2.665998 -4.273824 -5.957605 -0.000000 -0.000000 0.000000
-1.911102 0.957787 -1.280648 15.348589 -1.047707 -0.237157 -1.736043 2.408368 -0.298450 -0.757263 -4.754819 -0.124011 -0.754770 1.065114 -0.200896 -0.580996 6.635755 -0.150398 -7.303585 20.768423 3.395878 -14.241009 3.272973 8.262382 -1.753829 8.132706 9.905774 -24.462818 -12.874859 70.580489 21.443953 47.757257 15.295352 0.527768 15.812059 -4.126201 0.266348 7.632266 -7.156285 16.021213 -15.997080 -65.308809 -57.679072 52.879516 -38.204845 -5.212749 13.515389 5.595513 -10.657008 -19.708433 -6.673311 -13.459474 46.517879 -3.227290 1.296537 -9.440267 2.450616 0.010030 0.315899 0.038502 4.371664 2.127001 4.563147 -3.487408 2.954543 -0.411729 -2.910206 -4.386374 -6.308780 0.000000 -0.000000 -0.000000
-1.916231 0.957466 -1.273015 16.351172 -0.813782 -0.567083 -1.635204 2.362250 -0.198052 -0.717476 -4.775746 -0.079945 -0.715091 1.044237 -0.152791 -0.547645 6.620034 -0.114168 -7.675644 20.703706 3.579412 -14.973321 3.231202 8.704884 -1.728425 8.106866 9.909103 -24.507565 -13.019570 70.332395 21.503987 47.446717 15.277246 0.605957 15.793101 -4.143735 0.269120 7.594402 -7.159981 15.760797 -16.001518 -65.128571 -57.695825 52.838511 -38.195218 -5.278691 13.521635 5.418518 -10.782993 -20.235415 -7.168491 -13.106331 44.718337 -3.305703 1.427018 -9.234602 2.683709 0.005959 0.157759 0.020559 3.480865 2.326194 5.314161 -3.416539 2.596427 -0.334708 -3.022262 -4.571380 -6.685475 -0.000000 -0.000000 0.000000
-1.921612 0.956908 -1.265274 17.314772 -0.565581 -0.870824 -1.534350 2.305714 -0.088873 -0.678103 -4.801289 -0.031973 -0.675821 1.018736 -0.100819 -0.514308 6.600844 -0.075022 -8.035261 20.639903 3.740035 -15.676777 3.189814 9.102363 -1.706710 8.080005 9.907576 -24.501570 -13.174306 70.053248 21.559981 47.118191 15.219139 0.674927 15.784251 -4.147801 0.292615 7.549843 -7.166913 15.598687 -15.996975 -65.009475 -57.705566 52.855691 -38.174768 -5.294825 13.546998 5.248731 -10.846946 -20.672885 -7.811888 -12.469977 42.821631 -3.202423 1.515041 -8.779256 2.697908 0.000000 -0.000000 -0.000000 2.811707 2.432593 6.069490 -3.508420 2.375361 -0.251453 -3.157204 -4.827385 -7.082073 0.000000 -0.000000 -0.000000
-1.927221 0.956083 -1.257491 18.251358 -0.291336 -1.140492 -1.441979 2.231786 0.026614 -0.642792 -4.834521 0.018826 -0.640595 0.985546 -0.046434 -0.483820 6.575893 -0.034055 -8.381515 20.584743 3.871017 -16.346920 3.160771 9.441334 -1.700523 8.038923 9.895237 -24.387924 -13.317047 69.737277 21.584672 46.772108 15.086906 0.731299 15.787715 -4.127065 0.344572 7.492610 -7.174058 15.586546 -15.985890 -64.980296 -57.749915 52.967502 -38.174566 -5.237654 13.600626 5.075365 -10.841533 -21.055340 -8.642402 -11.496802 40.894291 -2.876892 1.521456 -8.081720 2.358553 0.000000 0.000000 -0.000000 2.454732 2.389230 6.829785 -3.807549 2.332576 -0.177447 -3.390687 -5.165779 -7.497487 0.000000 0.000000 0.000000
-1.933082 0.955021 -1.249599 19.149134 -0.004700 -1.383664 -1.349617 2.147358 0.150314 -0.607856 -4.872393 0.073294 -0.605743 0.947715 0.011581 -0.453334 6.547461 0.009646 -8.715072 20.530446 3.979265 -16.987724 3.130131 9.735612 -1.698019 7.997291 9.877831 -24.222898 -13.468626 69.389322 21.603127 46.409192 14.912791 0.779776 15.801350 -4.091990 0.417244 7.428729 -7.185034 15.672670 -15.964187 -65.011662 -57.789006 53.136963 -38.161303 -5.130419 13.675317 4.912856 -10.775113 -21.340526 -9.617903 -10.317201 38.843340 -2.435745 1.531171 -7.116058 1.805848 0.000000 0.000000 -0.000000 2.313439 2.240413 7.588782 -4.272331 2.422186 -0.093257 -3.644934 -5.576785 -7.931474 0.000000 0.000000 -0.000000
-1.939282 0.953826 -1.241436 20.024135 0.276086 -1.611378 -1.265561 2.058097 0.280044 -0.576872 -4.912383 0.130519 -0.574833 0.907755 0.071952 -0.425621 6.517431 0.055131 -9.031442 20.468431 4.080157 -17.596400 3.083947 10.012930 -1.689217 7.977946 9.856869 -24.125996 -13.635037 69.047711 21.693878 46.029864 14.758764 0.835632 15.812674 -4.071340 0.480741 7.376782 -7.200581 15.845822 -15.920506 -65.052332 -57.794921 53.246147 -38.109206 -5.017841 13.741509 4.819656 -10.462998 -21.428821 -10.759311 -9.413263 36.642072 -1.977685 1.671508 -5.642597 1.239143 -0.000000 0.000000 -0.000000 2.400619 2.038814 8.356863 -4.989437 2.564029 0.018664 -3.845245 -6.028235 -8.379821 -0.000000 -0.000000 -0.000000
-1.945819 0.952581 -1.232930 20.891223 0.541819 -1.836294 -1.195191 1.968764 0.420428 -0.552454 -4.952391 0.192596 -0.550471 0.867770 0.136509 -0.402496 6.487379 0.103782 -9.334908 20.395768 4.182420 -18.183679 3.018473 10.290781 -1.658857 8.006572 9.834687 -24.141620 -13.837477 68.729433 21.884479 45.649220 14.646059 0.891189 15.815742 -4.106373 0.527590 7.350677 -7.218902 16.138648 -15.863994 -65.101751 -57.801096 53.269409 -38.048313 -4.918648 13.785862 4.831217 -9.786148 -21.244884 -12.106011 -9.046674 34.258445 -1.549285 2.080712 -3.367299 0.792276 0.000000 0.000000 0.000000 2.845365 1.770693 9.136666 -6.117709 2.748619 0.182402 -3.973165 -6.524328 -8.844887 -0.000000 0.000000 -0.000000
-1.952696 0.951204 -1.224152 21.735831 0.801057 -2.046477 -1.133143 1.874531 0.567021 -0.531984 -4.994546 0.257502 -0.530041 0.825635 0.203493 -0.382125 6.455713 0.154266 -9.621328 20.315037 4.276847 -18.739210 2.935701 10.551357 -1.621966 8.057602 9.810634 -24.225578 -14.056194 68.417745 22.144437 45.251671 14.548113 0.952903 15.816572 -4.156060 0.565485 7.336755 -7.240669 16.518069 -15.785397 -65.158601 -57.773215 53.231737 -37.951476 -4.818056 13.818439 4.910929 -8.883083 -20.839542 -13.597594 -8.982141 31.737661 -1.120789 2.651524 -0.598684 0.407496 0.000000 0.000000 -0.000000 3.514978 1.435990 9.915400 -7.498497 2.976986 0.377148 -4.044596 -7.059235 -9.325834 -0.000000 0.000000 -0.000000
-1.960012 0.949559 -1.215154 22.530001 1.061858 -2.216373 -1.071665 1.767195 0.704051 -0.511218 -5.042460 0.318155 -0.509315 0.777741 0.266255 -0.361840 6.419733 0.201556 -9.873776 20.226052 4.351554 -19.228971 2.830180 10.768871 -1.614061 8.076971 9.780872 -24.364557 -14.237274 68.102387 22.464475 44.791011 14.453278 1.057886 15.819491 -4.126160 0.587294 7.312334 -7.270276 16.873978 -15.648900 -65.169036 -57.580809 53.091287 -37.710157 -4.710428 13.843835 5.007630 -7.954353 -20.307964 -15.107942 -8.932750 29.176521 -0.657827 3.116085 2.000055 -0.039477 -0.000000 -0.000000 0.000000 4.033434 1.118050 10.689222 -8.741253 3.187961 0.551514 -4.037599 -7.584075 -9.815152 0.000000 -0.000000 0.000000
-1.967769 0.947590 -1.205956 23.265738 1.328190 -2.345791 -1.007226 1.641459 0.831815 -0.488588 -5.098487 0.374672 -0.486728 0.721734 0.325070 -0.340445 6.377674 0.245852 -10.083241 20.130781 4.400374 -19.634823 2.701769 10.929354 -1.658665 8.040673 9.739544 -24.551691 -14.351960 67.779439 22.845172 44.226432 14.330590 1.246683 15.835619 -3.924070 0.586105 7.263214 -7.309603 17.163912 -15.416822 -65.105506 -57.192347 52.820790 -37.287253 -4.590846 13.856374 5.116901 -7.031130 -19.670945 -16.639459 -8.725420 26.580157 -0.075490 3.437871 4.196354 -0.703424 -0.000000 0.000000 -0.000000 4.277945 0.855231 11.477654 -9.725676 3.348887 0.682005 -3.943898 -8.090484 -10.320307 0.000000 -0.000000 -0.000000
-1.975965 0.945354 -1.196537 23.951581 1.594111 -2.435581 -0.943381 1.503475 0.949699 -0.465649 -5.159902 0.426808 -0.463833 0.660339 0.379535 -0.319135 6.331580 0.286857 -10.258731 20.027778 4.428987 -19.974938 2.549609 11.045790 -1.732244 7.972799 9.690666 -24.793385 -14.431159 67.455184 23.283710 43.598382 14.207425 1.479918 15.848980 -3.641408 0.568946 7.203840 -7.357364 17.429854 -15.129746 -64.991607 -56.648661 52.444321 -36.734201 -4.465196 13.861026 5.243353 -6.095526 -18.907283 -18.178364 -8.547827 23.929801 0.525380 3.636066 6.245857 -1.469720 -0.000000 0.000000 -0.000000 4.374031 0.620903 12.269668 -10.572658 3.495509 0.790146 -3.771566 -8.583699 -10.836171 -0.000000 -0.000000 0.000000
-1.984683 0.942878 -1.186886 24.584683 1.851808 -2.461912 -0.882908 1.363019 1.040631 -0.442837 -5.222344 0.466974 -0.441067 0.597914 0.422018 -0.298817 6.284727 0.318818 -10.410358 19.912006 4.443264 -20.269815 2.367501 11.132631 -1.799829 7.891342 9.644294 -25.095961 -14.510588 67.134979 23.766536 42.981502 14.161472 1.674586 15.826358 -3.461021 0.549540 7.154577 -7.413312 17.688666 -14.870234 -64.852049 -55.929478 51.997530 -36.076206 -4.341250 13.880265 5.350577 -5.261100 -18.070405 -19.589169 -8.608134 21.294990 0.939224 3.495140 8.224770 -2.149544 -0.000000 -0.000000 -0.000000 4.320723 0.412156 13.024053 -11.254188 3.674842 0.889657 -3.525713 -9.034496 -11.336707 0.000000 -0.000000 -0.000000
-1.993892 0.940133 -1.177065 25.169980 2.105499 -2.415141 -0.831098 1.219798 1.101314 -0.422369 -5.285969 0.493706 -0.420638 0.534305 0.450828 -0.281278 6.237001 0.340465 -10.541574 19.780058 4.446426 -20.527115 2.150180 11.197142 -1.852500 7.793896 9.603118 -25.494529 -14.611743 66.819172 24.287706 42.346959 14.222412 1.797366 15.743594 -3.464092 0.530359 7.123949 -7.483187 17.942571 -14.659966 -64.673212 -55.069295 51.476690 -35.365911 -4.222363 13.933736 5.416392 -4.480959 -17.132989 -20.877362 -8.934949 18.633298 1.174631 2.736918 10.132789 -2.714836 0.000000 0.000000 -0.000000 4.029688 0.221674 13.720488 -11.706921 3.943742 0.971354 -3.174949 -9.455832 -11.811874 0.000272 0.044688 0.067660
-2.003622 0.937149 -1.167013 25.703401 2.348904 -2.305801 -0.782307 1.075483 1.135467 -0.401942 -5.350037 0.508639 -0.400253 0.470253 0.467835 -0.264661 6.188958 0.353207 -10.648720 19.635824 4.435080 -20.738777 1.902970 11.231406 -1.899047 7.682642 9.564160 -25.953363 -14.715811 66.507233 24.851694 41.719965 14.361512 1.880790 15.630217 -3.570154 0.508988 7.103591 -7.560643 18.189670 -14.477938 -64.471471 -54.047041 50.883187 -34.567467 -4.103377 14.002932 5.464748 -3.802031 -16.137340 -22.039182 -9.438478 16.007076 1.284459 1.604635 11.974882 -3.310533 -0.000000 -0.000000 -0.000000 3.590582 0.065837 14.384387 -11.996997 4.251372 1.040304 -2.752928 -9.830442 -12.274848 0.000532 0.089179 0.135450
-2.014049 0.934048 -1.156530 26.168589 2.558421 -2.140873 -0.722872 0.943201 1.136957 -0.375248 -5.408685 0.509018 -0.373636 0.411623 0.470925 -0.244428 6.145003 0.355456 -10.731302 19.485281 4.405287 -20.901771 1.635975 11.227279 -1.931264 7.582436 9.529761 -26.373065 -14.796564 66.203115 25.464944 41.255756 14.573099 1.940470 15.537335 -3.720536 0.491700 7.088278 -7.626989 18.440691 -14.340556 -64.318921 -52.761263 50.257082 -33.571273 -3.979268 14.053165 5.528353 -3.457392 -15.261428 -22.945648 -10.091479 13.658423 1.192390 0.661430 13.812161 -3.990716 -0.000000 0.000000 -0.000000 3.269156 -0.026596 15.039906 -12.288505 4.481140 1.133792 -2.365587 -10.085722 -12.731572 0.000000 -0.000000 0.000000
-2.025089 0.930846 -1.145540 26.555739 2.726955 -1.904433 -0.646998 0.823623 1.100061 -0.339471 -5.461608 0.492277 -0.337984 0.358722 0.457816 -0.218652 6.105367 0.345493 -10.796771 19.324614 4.351937 -21.028557 1.342330 11.178150 -1.944841 7.498020 9.493197 -26.748380 -14.833603 65.897304 26.179258 41.037864 14.888906 1.978862 15.482045 -3.910788 0.472243 7.081775 -7.679142 18.700479 -14.242672 -64.253230 -51.128719 49.596196 -32.293842 -3.856761 14.068445 5.594335 -3.533752 -14.540836 -23.590169 -11.038740 11.526078 0.867733 0.036666 15.939500 -5.252474 -0.035104 0.065443 -0.661936 3.151680 -0.012102 15.665689 -12.632315 4.557629 1.277300 -2.019379 -10.236469 -13.192570 -0.000954 -0.221049 -0.445304
-2.036825 0.927528 -1.134119 26.874812 2.861017 -1.613905 -0.560239 0.717257 1.031226 -0.297411 -5.508619 0.461304 -0.296086 0.311735 0.431113 -0.189233 6.070184 0.325287 -10.837408 19.158315 4.280241 -21.105807 1.029795 11.090134 -1.944168 7.424623 9.461752 -27.085274 -14.847096 65.599876 26.953167 40.979562 15.287552 1.992397 15.448962 -4.145489 0.456795 7.079834 -7.719988 18.964404 -14.186428 -64.238753 -49.261256 48.882040 -30.842070 -3.730113 14.064168 5.675077 -3.920107 -13.966319 -24.004129 -12.073630 9.662728 0.426418 -0.440826 18.018337 -6.615173 -0.081306 0.115735 -1.324512 3.152552 0.064317 16.282169 -12.972739 4.554984 1.448011 -1.714798 -10.268737 -13.643701 -0.000001 -0.573295 -1.095227
-2.049677 0.924168 -1.122294 27.138618 2.958229 -1.326545 -0.466288 0.636737 0.942853 -0.251332 -5.544139 0.421646 -0.250200 0.276237 0.396132 -0.157464 6.043622 0.298854 -10.830284 19.004859 4.201968 -21.092358 0.730675 10.974498 -1.934410 7.372514 9.459232 -27.301752 -14.869647 65.344609 27.655458 40.984365 15.684142 1.987100 15.438765 -4.379195 0.470214 7.064953 -7.740067 19.229071 -14.198755 -64.238282 -47.342441 48.133794 -29.381581 -3.580097 14.049960 5.840591 -4.539008 -13.652078 -24.123676 -12.642565 8.478147 -0.026026 -0.599729 19.218725 -6.532612 0.000000 0.000000 -0.000000 3.278894 0.094505 16.973248 -13.313692 4.577022 1.612365 -1.555574 -10.072388 -14.048805 0.008928 -1.191627 -1.836707
-2.063805 0.920685 -1.110038 27.358218 3.015860 -1.043761 -0.369156 0.584469 0.832047 -0.202879 -5.567119 0.372009 -0.201961 0.253277 0.351413 -0.124682 6.026464 0.265093 -10.767679 18.870129 4.116656 -20.972914 0.454126 10.826998 -1.907401 7.365459 9.496066 -27.388227 -14.919113 65.133743 28.312146 41.079758 16.097290 1.971435 15.465833 -4.570648 0.530815 7.031665 -7.726464 19.455875 -14.294239 -64.253477 -45.287567 47.306597 -27.852781 -3.364410 14.016168 6.120029 -5.426269 -13.717414 -23.874182 -12.497599 8.232871 -0.596565 -0.133976 19.412451 -3.824959 0.398154 -0.481311 5.957059 3.562229 0.057259 17.759045 -13.694162 4.625895 1.784624 -1.615978 -9.656462 -14.470158 0.032409 -2.089102 -2.574560
-2.079049 0.917161 -1.097379 27.521946 3.037465 -0.764854 -0.265163 0.558233 0.702490 -0.150570 -5.578553 0.314018 -0.149889 0.241858 0.298732 -0.089639 6.017960 0.225339 -10.657608 18.748420 4.025195 -20.762916 0.191582 10.652114 -1.871443 7.378882 9.562608 -27.354627 -14.977133 64.964999 28.902798 41.240365 16.513867 1.936054 15.515381 -4.760212 0.620112 6.984771 -7.692429 19.684043 -14.457853 -64.285795 -43.192259 46.440148 -26.322057 -3.135087 13.966643 6.485094 -6.540741 -14.036080 -23.324864 -11.904878 8.669218 -1.227208 0.667879 18.726157 0.382324 0.887012 -1.207475 13.890793 3.968601 -0.029373 18.618173 -14.076753 4.696280 1.950430 -1.840190 -9.023401 -14.839839 0.078862 -3.252502 -3.406762
-2.095351 0.913920 -1.084427 27.608334 3.030850 -0.543726 -0.146817 0.563080 0.576508 -0.092102 -5.576208 0.257617 -0.091693 0.244216 0.248267 -0.049842 6.019779 0.187262 -10.501143 18.640423 3.941437 -20.468245 -0.051917 10.474545 -1.856642 7.350399 9.651866 -27.148034 -15.022087 64.865357 29.216821 41.296694 16.792273 1.860657 15.544053 -5.025065 0.707783 6.922496 -7.668001 20.026566 -14.674075 -64.298090 -41.461513 45.710313 -25.096841 -3.016428 13.930242 6.913764 -7.689561 -14.348684 -22.628988 -11.086800 9.428638 -1.600699 1.057282 16.816311 4.220250 1.000997 -1.594620 17.865637 4.405138 -0.214946 19.570925 -14.357194 4.883670 2.031241 -2.137604 -8.051701 -14.925534 0.169444 -4.773281 -4.517245
-2.113248 0.910681 -1.070861 27.648464 2.979757 -0.374459 -0.028205 0.600043 0.423174 -0.032271 -5.559647 0.188998 -0.032141 0.260786 0.185722 -0.009953 6.032248 0.140078 -10.283551 18.560396 3.874492 -20.062902 -0.250938 10.303788 -1.912291 7.201829 9.789031 -26.724392 -14.984977 64.841145 29.204675 41.232890 16.924534 1.749930 15.528822 -5.359136 0.753466 6.822722 -7.649895 20.561822 -14.917350 -64.161031 -40.297426 45.122081 -24.304183 -3.054235 13.938371 7.379023 -8.767490 -14.457231 -21.858798 -10.021904 10.458489 -1.555085 0.471888 12.940500 7.387391 0.559772 -1.182063 13.921311 4.889247 -0.521098 20.689019 -14.694273 5.202586 1.979977 -2.598893 -6.780414 -14.621130 0.330792 -6.711367 -6.024667
-2.132203 0.907724 -1.057003 27.610996 2.901312 -0.262994 0.104526 0.667499 0.273864 0.033659 -5.529594 0.122132 0.033488 0.290840 0.125550 0.034674 6.054815 0.094677 -10.019929 18.492715 3.815447 -19.573635 -0.433081 10.131215 -1.990259 7.011754 9.948241 -26.128445 -14.937075 64.888578 28.915719 41.066010 16.920304 1.599472 15.492071 -5.768426 0.797102 6.707681 -7.641696 21.210328 -15.218769 -64.007251 -39.445232 44.698675 -23.765195 -3.205559 13.959639 7.897361 -9.879638 -14.548297 -20.947610 -8.726287 11.823577 -1.248353 -0.583792 7.878592 10.256684 0.116506 -0.481693 5.975755 5.394834 -0.928600 21.899185 -14.940785 5.641969 1.843936 -3.122998 -5.173071 -14.034798 0.596513 -8.990274 -7.839001
-2.150549 0.906215 -1.043930 27.381281 2.853618 -0.280689 0.300708 0.765586 0.244013 0.122234 -5.485913 0.108447 0.121663 0.334506 0.120855 0.100437 6.087580 0.091096 -9.756495 18.394466 3.749828 -19.085881 -0.671290 9.951349 -1.972030 6.952279 10.045874 -25.438469 -15.068654 65.011645 28.287681 40.676055 16.664401 1.375576 15.457440 -6.348495 0.929694 6.642655 -7.683697 21.852297 -15.636784 -64.196148 -38.597108 44.652429 -23.291159 -3.459289 13.929875 8.506968 -11.153978 -14.933132 -19.835153 -7.463395 13.335984 -0.846030 -1.142188 3.640200 11.945863 0.000000 0.000000 -0.000000 5.766180 -1.414930 23.006046 -14.536151 6.283814 1.689977 -3.321444 -2.987460 -13.232003 0.993985 -11.455190 -9.885795
-2.167765 0.906765 -1.031924 26.829904 2.846857 -0.543869 0.623013 0.902535 0.433196 0.256540 -5.424615 0.192169 0.255377 0.395754 0.218210 0.208101 6.133565 0.164446 -9.520991 18.233896 3.657861 -18.648712 -1.023324 9.740834 -1.789596 7.148584 10.045375 -24.721436 -15.560620 65.220165 27.238174 39.997994 16.131994 1.080289 15.434283 -7.223205 1.263770 6.656838 -7.862713 22.560614 -16.339705 -64.927180 -37.605943 45.195347 -22.879162 -3.856030 13.794402 9.310986 -12.810976 -15.888258 -18.346590 -6.284926 15.169686 -0.367201 -0.521123 1.021325 11.633927 0.004499 0.103766 -1.328551 5.923021 -1.918324 24.095749 -13.237351 7.164404 1.462172 -3.030293 0.163175 -12.140907 1.649759 -14.703870 -12.173213
-2.184372 0.908763 -1.020704 26.086270 2.865686 -0.936537 1.010956 1.069142 0.740307 0.414283 -5.349475 0.328099 0.412456 0.470801 0.370153 0.337398 6.189965 0.278943 -9.285764 18.045187 3.556831 -18.212503 -1.427822 9.516572 -1.512435 7.477622 9.983955 -23.903970 -16.238277 65.476622 25.891756 39.075502 15.391852 0.718624 15.401981 -8.268926 1.684803 6.726051 -8.093774 23.281792 -17.128246 -66.022179 -36.580709 46.115931 -22.469237 -4.358920 13.610897 10.201464 -14.690491 -17.069575 -16.591250 -5.152286 17.163572 0.167189 0.725526 -0.753092 10.032431 0.003514 0.051884 -0.664265 5.942967 -2.479699 25.091881 -11.286960 8.284871 1.262888 -2.320806 3.850647 -10.695410 2.522359 -17.984274 -14.939027
-2.200267 0.911534 -1.010497 25.423866 2.935686 -1.182156 1.327568 1.240382 0.979790 0.543346 -5.272095 0.433701 0.541023 0.548077 0.488859 0.442755 6.248056 0.368372 -9.014502 17.884772 3.487403 -17.715632 -1.778758 9.332694 -1.224763 7.737379 9.887084 -22.852571 -16.758283 65.714896 24.498898 37.953994 14.470490 0.258051 15.339784 -9.210010 1.946381 6.828924 -8.157579 23.687562 -17.519982 -67.241110 -35.615755 46.971253 -21.822087 -4.822045 13.486574 10.913050 -16.298781 -17.908847 -14.980420 -4.187435 18.612296 0.615529 1.749938 -2.067515 8.501769 -0.000000 -0.000000 0.000000 5.916905 -3.238984 25.555950 -8.835726 9.660342 1.424096 -1.178922 7.076023 -8.952185 3.081678 -19.109425 -18.158844
-2.215457 0.915069 -1.001626 24.957019 3.085224 -1.136907 1.512550 1.424665 1.070470 0.620891 -5.189472 0.472989 0.618333 0.630620 0.536020 0.504229 6.310048 0.403849 -8.682863 17.762263 3.461959 -17.115628 -2.060153 9.202914 -0.928273 7.807613 9.740706 -21.364924 -16.929165 65.931184 22.940807 36.478349 13.174573 -0.374946 15.218060 -9.968201 1.909520 6.965558 -7.892687 23.597013 -17.261299 -68.642688 -34.454125 47.430954 -20.551019 -5.087853 13.491252 11.514478 -17.314133 -18.285250 -13.789272 -3.425545 19.280534 1.013306 2.171182 -3.045137 7.506214 0.000000 -0.000000 -0.000000 5.866687 -4.333365 25.180054 -5.456404 11.270108 2.360560 0.685359 9.741114 -6.715772 2.568422 -16.664455 -22.782313
-2.229935 0.919377 -0.993768 24.572144 3.292312 -0.945744 1.623528 1.614598 1.093473 0.668746 -5.104717 0.482159 0.666094 0.715319 0.550049 0.541025 6.373621 0.414340 -8.315661 17.667468 3.466628 -16.455644 -2.290094 9.111193 -0.621087 7.808742 9.555121 -19.641428 -16.947416 66.134597 21.396820 34.780718 11.759362 -1.106331 15.060967 -10.621183 1.720886 7.132178 -7.456327 23.134055 -16.664030 -70.137190 -33.341058 47.796804 -19.074005 -5.287368 13.559717 11.954156 -17.995286 -18.390824 -12.802342 -2.806838 19.387102 1.364880 2.326296 -3.596414 6.614999 0.000000 -0.000000 -0.000000 5.805073 -5.645759 24.273953 -1.495039 12.974371 3.822995 3.037829 11.742899 -4.109904 0.780956 -11.971927 -26.958514
-2.243578 0.923813 -0.986194 24.200408 3.512245 -0.765221 1.699225 1.761868 1.107871 0.701398 -5.039029 0.487712 0.698695 0.780969 0.558918 0.566072 6.422895 0.420957 -7.950143 17.625777 3.505361 -15.802988 -2.415554 9.073297 -0.378393 7.896087 9.394167 -18.157351 -17.042461 66.292177 20.457540 33.393632 10.805989 -1.757478 14.944549 -11.128495 1.560672 7.294558 -7.107619 22.438534 -16.097044 -71.240841 -33.122533 48.624996 -18.372922 -5.705852 13.607189 11.798422 -18.659400 -18.172315 -11.754766 -2.294893 18.897689 1.517095 2.467950 -3.825282 5.887366 -0.000000 -0.000000 -0.000000 5.799801 -6.943157 23.319311 1.712374 14.715311 5.030714 4.893820 12.306795 -2.009316 -1.013824 -7.525567 -26.869586
-2.256430 0.928296 -0.978498 23.807233 3.734368 -0.691162 1.746455 1.839904 1.142911 0.720514 -5.004085 0.502833 0.717780 0.815892 0.575981 0.581634 6.449117 0.433790 -7.577228 17.679750 3.614861 -15.147780 -2.352896 9.148397 -0.214023 8.178618 9.302568 -16.998670 -17.318266 66.334402 20.309739 32.551080 10.472551 -2.340296 14.923084 -11.373383 1.492277 7.442101 -6.961883 21.432178 -15.616830 -71.678860 -34.246289 50.183132 -18.910337 -6.610991 13.620620 10.737195 -19.621912 -17.470439 -10.401255 -1.690773 17.523594 1.336711 2.644510 -3.651589 5.360104 0.000000 0.000000 -0.000000 5.884976 -8.147405 22.579574 3.708091 16.625074 5.537659 5.642886 10.945911 -0.969321 -1.340027 -4.013126 -18.780440
-2.268446 0.932907 -0.971085 23.426745 3.968484 -0.627925 1.759074 1.874945 1.170369 0.724702 -4.988366 0.514878 0.721974 0.831604 0.588451 0.585704 6.460912 0.443186 -7.204699 17.786358 3.761405 -14.498330 -2.186586 9.284083 -0.113923 8.545251 9.236944 -16.083364 -17.661001 66.337806 20.668213 32.062570 10.493395 -2.848992 14.956605 -11.472572 1.446988 7.584448 -6.906261 20.227299 -15.144921 -71.736417 -36.421177 52.224516 -20.371786 -7.836455 13.574216 9.131552 -20.530439 -16.430683 -9.021315 -1.156334 15.552271 0.965521 2.789255 -3.157187 4.999635 -0.000000 0.000000 -0.000000 6.019402 -9.332751 21.785739 4.923315 18.705118 5.651945 5.683621 8.427837 -0.682845 -0.596995 -1.246783 -6.902926
-2.279378 0.937242 -0.964438 23.092927 4.200467 -0.444408 1.757430 1.897914 1.162996 0.724282 -4.978196 0.511497 0.721569 0.841773 0.585027 0.585130 6.468535 0.440596 -6.895663 17.842837 3.844866 -13.951010 -2.113637 9.331322 -0.111434 8.819974 9.132326 -15.637678 -17.969294 66.497263 21.355140 31.851898 10.751423 -3.081461 14.986921 -11.740243 1.401577 7.715702 -6.859762 19.279946 -14.815555 -71.761190 -39.438398 54.549032 -22.614355 -8.989621 13.385214 7.535389 -20.740780 -15.477486 -8.100486 -1.220407 13.802919 0.677195 2.996007 -2.678476 4.755582 -0.000000 0.000000 0.000000 6.145442 -10.491449 20.620074 5.313135 20.850441 5.582548 5.494295 6.056807 -0.805927 0.000000 0.000000 -0.000000
-2.288970 0.941250 -0.959091 22.846294 4.437148 -0.023808 1.742068 1.922997 1.079315 0.721520 -4.967437 0.474133 0.718828 0.852533 0.547382 0.580226 6.476579 0.412180 -6.697513 17.794354 3.832366 -13.589089 -2.232832 9.251884 -0.273029 8.913923 8.943846 -15.923398 -18.237404 67.004708 22.445228 32.078939 11.308293 -2.880983 15.018676 -12.377249 1.340275 7.840029 -6.801927 18.814784 -14.749083 -71.839597 -43.980739 57.397448 -26.289190 -9.975457 12.941501 5.994038 -19.800578 -14.830868 -7.941389 -2.374683 12.608976 0.588742 3.345840 -2.320335 4.624711 -0.000000 0.000000 -0.000000 6.324429 -11.696667 18.756792 4.356311 23.173283 5.303464 5.314606 4.189258 -1.154489 -0.434302 -0.492235 -3.828914
-2.297478 0.944982 -0.954511 22.648351 4.673160 0.517967 1.711784 1.935086 0.961122 0.713871 -4.962613 0.421494 0.711219 0.857366 0.493967 0.570494 6.480161 0.371870 -6.562882 17.695600 3.758031 -13.329637 -2.444160 9.085688 -0.530637 8.912709 8.719503 -16.685370 -18.458179 67.690551 23.876918 32.568892 12.148468 -2.396122 15.071262 -13.176669 1.278610 7.952925 -6.752828 18.610430 -14.816204 -71.878721 -50.165106 60.288947 -31.521463 -10.903055 12.341388 4.467133 -18.209717 -14.281604 -8.209061 -4.148777 11.613617 0.614388 3.759962 -1.975102 4.611482 0.000000 0.000000 0.000000 6.532050 -12.875455 16.511150 2.533429 25.614586 4.654368 4.923434 2.449323 -1.778406 -1.071457 -2.658061 -12.607833
-2.305418 0.948191 -0.949572 22.413560 4.876753 0.962861 1.684951 1.921724 0.905661 0.704709 -4.968821 0.396925 0.702091 0.851173 0.468468 0.561739 6.475494 0.352643 -6.413793 17.608774 3.621402 -13.021524 -2.643920 8.798556 -0.716112 8.904126 8.533306 -17.369592 -18.544539 68.200846 25.255973 32.752191 13.008386 -1.883841 15.094716 -13.846572 1.241446 8.036324 -6.691763 18.442259 -14.792484 -71.951926 -56.011001 62.157087 -36.475654 -11.556264 11.884177 3.280732 -16.775973 -13.652936 -8.403455 -5.655408 10.600888 0.718699 4.097230 -1.660175 4.676168 0.000000 0.000000 -0.000000 6.553724 -13.817716 14.542183 1.329550 27.744066 3.771013 4.139725 1.012234 -2.758838 -0.946575 -5.688525 -17.940987
-2.312873 0.950774 -0.943799 22.098936 5.026380 1.248604 1.675041 1.879534 0.945426 0.698412 -4.987432 0.414871 0.695793 0.832571 0.485775 0.558336 6.461549 0.365725 -6.225660 17.552244 3.396756 -12.608783 -2.803987 8.332646 -0.750739 8.929842 8.408986 -17.818795 -18.432690 68.385626 26.496301 32.293827 13.815112 -1.378561 15.036044 -14.377163 1.248751 8.088854 -6.595195 18.239862 -14.573626 -72.122742 -59.841911 62.780711 -39.488314 -11.710623 11.755674 2.469333 -15.741646 -12.877209 -8.390976 -6.591010 9.479654 0.901265 4.300606 -1.368844 4.858597 -0.000000 -0.000000 0.000000 6.186075 -14.383761 13.161702 1.477757 29.336038 2.660079 2.653141 0.012265 -4.436524 -0.090844 -9.192330 -15.764054
-2.319760 0.952834 -0.937668 21.745607 5.142898 1.437416 1.669506 1.813236 1.048300 0.691002 -5.016505 0.461045 0.688367 0.803504 0.531194 0.556214 6.439769 0.400031 -6.022467 17.508704 3.110617 -12.145919 -2.947517 7.746453 -0.712662 8.951337 8.321843 -18.189152 -18.202107 68.385086 27.651537 31.534821 14.595371 -0.841356 14.939836 -14.775038 1.280661 8.112757 -6.486438 18.070729 -14.265451 -72.331828 -62.207071 62.686387 -41.100103 -11.512065 11.810845 1.907938 -14.857121 -12.038298 -8.303908 -7.266894 8.351873 1.142454 4.428606 -1.111228 5.117570 -0.000000 0.000000 -0.000000 5.584219 -14.733133 12.073962 2.246017 30.559655 1.427438 0.779658 -0.692782 -6.506114 0.562165 -13.072851 -10.100856
-2.326355 0.954437 -0.931484 21.392744 5.257331 1.497457 1.648151 1.723290 1.214662 0.673529 -5.055874 0.535700 0.670906 0.764158 0.604076 0.548658 6.410285 0.455080 -5.800051 17.487332 2.840204 -11.649698 -3.047269 7.179521 -0.669697 8.938002 8.271451 -18.392671 -17.995246 68.275672 28.532978 30.938803 15.199405 -0.440512 14.867292 -14.790626 1.302798 8.095222 -6.415046 17.916110 -13.961758 -72.468920 -63.623352 62.181350 -41.955170 -11.254598 11.871234 1.657984 -14.174376 -11.221763 -8.044533 -7.713277 7.295695 1.366446 4.513514 -0.930794 5.290969 -0.000000 0.000000 -0.000000 5.047485 -15.107272 11.037591 2.964510 31.552109 0.479404 -0.707545 -1.304618 -8.154551 0.574709 -16.082161 -4.966117
-2.332817 0.955518 -0.925354 21.076761 5.385920 1.375375 1.596384 1.601225 1.470606 0.638311 -5.109260 0.650560 0.635754 0.710816 0.715363 0.530761 6.370290 0.539127 -5.556632 17.497871 2.611419 -11.124944 -3.082150 6.678151 -0.654014 8.864078 8.263678 -18.320278 -17.830941 68.004045 29.083099 30.599448 15.590756 -0.254119 14.819616 -14.214008 1.283630 8.030359 -6.412667 17.767160 -13.692318 -72.477684 -63.990654 61.197163 -42.026521 -11.006682 11.882971 1.828644 -13.713123 -10.449999 -7.544016 -7.952932 6.340198 1.556902 4.565424 -0.858387 5.334098 0.000000 -0.000000 0.000000 4.704282 -15.594082 10.009593 3.401930 32.343201 -0.051623 -1.528451 -1.851136 -9.115380 0.271231 -17.742674 -1.868675
-2.338987 0.956143 -0.919172 20.760311 5.509892 1.124469 1.527821 1.457343 1.790733 0.592720 -5.172189 0.794195 0.590257 0.647936 0.854368 0.507227 6.323100 0.644080 -5.294252 17.531158 2.398976 -10.568551 -3.071850 6.197917 -0.632365 8.755730 8.293622 -18.081709 -17.686421 67.626116 29.378036 30.430469 15.813245 -0.224293 14.774536 -13.268884 1.256298 7.922834 -6.446710 17.634147 -13.423837 -72.415376 -63.476888 59.826713 -41.409134 -10.687953 11.910354 2.319805 -13.438525 -9.703795 -6.878929 -7.964852 5.458889 1.716613 4.576369 -0.863615 5.290684 -0.000000 -0.000000 0.000000 4.424159 -16.092555 9.031539 3.797655 32.920448 -0.290019 -1.941242 -2.285286 -9.703282 -0.079224 -18.587766 0.504699
-2.344666 0.956572 -0.912918 20.372522 5.607943 0.872739 1.464944 1.319589 2.098023 0.550454 -5.232475 0.932056 0.548087 0.587690 0.987936 0.485798 6.277851 0.744901 -5.014954 17.567318 2.202887 -9.986305 -3.053131 5.741814 -0.574828 8.659507 8.344472 -17.912564 -17.641617 67.382540 29.446919 30.627064 15.854952 -0.318076 14.757337 -12.361365 1.283522 7.776268 -6.470032 17.528705 -13.155026 -72.340755 -63.022872 58.568839 -40.951862 -10.371792 11.939913 2.888067 -13.322978 -9.002760 -6.172413 -7.711177 4.646169 1.800300 4.551295 -0.896981 5.131469 -0.000000 -0.000000 0.000000 4.129297 -16.562304 7.989753 4.193853 33.369896 -0.233511 -1.979020 -2.690401 -9.972512 -0.371219 -18.954503 2.223470
-2.349793 0.956827 -0.906572 19.907529 5.674672 0.659104 1.410611 1.190049 2.371555 0.513744 -5.289246 1.054795 0.511466 0.530955 1.106951 0.467448 6.235216 0.834718 -4.719047 17.601739 2.020460 -9.378174 -3.034669 5.305544 -0.452825 8.590652 8.416757 -17.958915 -17.744352 67.376670 29.289611 31.418276 15.694467 -0.539019 14.789217 -11.560377 1.425488 7.560779 -6.465108 17.461586 -12.872943 -72.256898 -62.917613 57.558356 -40.951251 -10.065033 11.955420 3.500756 -13.479121 -8.347422 -5.425265 -7.036312 3.882201 1.765790 4.441864 -0.952022 4.793500 -0.000000 0.000000 0.000000 3.811349 -17.011188 6.815997 4.668660 33.743815 0.231338 -1.555544 -3.104561 -9.868369 -0.524188 -18.842499 3.127724
-2.354429 0.956886 -0.900155 19.371614 5.714872 0.444978 1.361880 1.066975 2.632431 0.480239 -5.343199 1.171840 0.478043 0.477032 1.220596 0.451100 6.194671 0.920462 -4.405908 17.638775 1.854969 -8.743820 -3.007965 4.894519 -0.295827 8.535390 8.510238 -18.071786 -17.947817 67.506205 28.894873 32.573333 15.338316 -0.872204 14.862861 -10.793715 1.622881 7.308324 -6.447360 17.421702 -12.589555 -72.159551 -62.825382 56.659734 -41.068416 -9.758492 11.971884 4.189406 -13.795457 -7.723807 -4.644870 -6.096456 3.194343 1.642167 4.297099 -1.035689 4.339737 -0.000000 0.000000 0.000000 3.480965 -17.439621 5.578650 5.137522 34.004482 0.990408 -0.755794 -3.492456 -9.452057 -0.540868 -18.299461 3.337329
-2.358559 0.956943 -0.893715 18.712715 5.723078 0.242277 1.333504 0.971643 2.866203 0.457050 -5.384834 1.276622 0.454910 0.435415 1.323019 0.441608 6.163355 0.997718 -4.076145 17.671356 1.714922 -8.087836 -2.985597 4.525132 -0.161424 8.496192 8.606136 -18.043440 -18.191288 67.701875 28.276216 33.595586 14.817615 -1.260023 14.959013 -10.257461 1.757219 7.115199 -6.420208 17.388747 -12.342581 -72.096704 -62.650183 55.974082 -41.096742 -9.490670 12.018016 4.802752 -13.917019 -7.137385 -3.958871 -5.322304 2.642329 1.503707 4.266411 -1.117551 3.930029 -0.000000 -0.000000 -0.000000 3.089554 -17.804646 4.370491 5.392387 34.106510 1.697652 0.127177 -3.823916 -8.937791 -0.526574 -17.704951 3.380019
-2.362183 0.957041 -0.887266 17.936032 5.696539 0.047626 1.322760 0.912900 3.068660 0.443047 -5.410219 1.367265 0.440942 0.410041 1.412245 0.437966 6.144236 1.065019 -3.731159 17.686277 1.615305 -7.418499 -2.990906 4.226407 -0.081094 8.462138 8.710160 -17.785648 -18.470439 67.943281 27.356561 34.365122 14.093299 -1.718604 15.089541 -10.063534 1.762203 7.036738 -6.383562 17.359435 -12.163485 -72.098064 -62.360646 55.556329 -40.941001 -9.283601 12.115123 5.294134 -13.709190 -6.595481 -3.400433 -4.908481 2.251565 1.384447 4.407585 -1.173156 3.602141 -0.000000 -0.000000 -0.000000 2.662200 -18.078196 3.184276 5.277652 33.994705 2.282666 1.112775 -4.085340 -8.313056 -0.494245 -17.143334 3.283147
-2.365301 0.957136 -0.880795 17.036826 5.637153 -0.134285 1.332750 0.881769 3.243255 0.439439 -5.423291 1.445327 0.437331 0.396975 1.489950 0.441192 6.134372 1.123632 -3.369677 17.696278 1.541054 -6.727401 -3.001917 3.969064 -0.023680 8.443963 8.815856 -17.388102 -18.782798 68.253174 26.208350 34.988357 13.189238 -2.236269 15.235557 -10.107055 1.701960 7.016305 -6.340406 17.338298 -12.022185 -72.133657 -61.999761 55.350733 -40.711595 -9.109125 12.238462 5.709144 -13.313646 -6.099167 -2.930065 -4.663596 1.990073 1.263649 4.661593 -1.225573 3.317439 -0.000000 -0.000000 0.000000 2.172055 -18.297826 2.025807 4.932840 33.754308 2.819348 2.178507 -4.270531 -7.579622 -0.437092 -16.537274 3.010773
-2.367895 0.957292 -0.874311 15.948136 5.546693 -0.279064 1.387197 0.872625 3.386862 0.456928 -5.426384 1.509343 0.454731 0.393866 1.555727 0.459245 6.132031 1.173226 -2.988690 17.732980 1.455032 -5.994994 -2.963030 3.681678 0.047321 8.475523 8.885223 -16.910587 -19.069645 68.625474 25.096042 35.314260 12.259945 -2.720071 15.325848 -10.261251 1.653432 6.981469 -6.298564 17.317080 -11.863984 -72.163704 -61.594481 55.292087 -40.520346 -8.930370 12.346241 6.034128 -12.792781 -5.651900 -2.562713 -4.440058 1.826226 1.141029 5.002746 -1.315181 3.120838 -0.000000 0.000000 -0.000000 1.491262 -18.522070 1.009776 4.597582 33.532300 3.174972 2.974807 -4.358445 -6.975277 -0.420345 -16.003667 2.989548
-2.369935 0.957553 -0.867841 14.635750 5.419748 -0.364244 1.505045 0.889073 3.489673 0.504353 -5.417763 1.554917 0.501944 0.402444 1.606103 0.498454 6.138543 1.211197 -2.590622 17.806842 1.349726 -5.223358 -2.854146 3.351437 0.155898 8.589399 8.895417 -16.362702 -19.312941 69.104041 24.055506 35.218317 11.290255 -3.171821 15.315567 -10.551712 1.645594 6.903412 -6.247618 17.265243 -11.672939 -72.192650 -61.101720 55.377081 -40.368769 -8.719537 12.421443 6.271446 -12.084556 -5.263837 -2.315301 -4.239735 1.773466 0.997728 5.391716 -1.467957 3.036504 0.000000 0.000000 0.000000 0.459179 -18.738442 0.177818 4.338455 33.321284 3.260446 3.364174 -4.368900 -6.598466 -0.464723 -15.531252 3.412657
-2.371452 0.957874 -0.861359 13.134108 5.263337 -0.409156 1.667452 0.926731 3.560596 0.572939 -5.399460 1.586092 0.570240 0.420683 1.644253 0.552523 6.152377 1.239955 -2.173766 17.906753 1.231779 -4.412631 -2.694863 2.991392 0.277257 8.751480 8.866578 -15.736603 -19.528903 69.644399 23.091953 34.825850 10.330143 -3.581218 15.246222 -10.952875 1.649918 6.811581 -6.196258 17.213317 -11.465041 -72.218192 -60.561610 55.603798 -40.259470 -8.507412 12.478458 6.416675 -11.255508 -4.924732 -2.168946 -4.062596 1.816873 0.852446 5.868666 -1.658274 3.038799 -0.000000 -0.000000 -0.000000 -0.765016 -18.967746 -0.509297 4.098388 33.097823 3.173704 3.491738 -4.284963 -6.367358 -0.538408 -15.088960 4.074530
-2.372513 0.958189 -0.854789 11.479177 5.097231 -0.452564 1.841413 0.968541 3.625051 0.646937 -5.379208 1.614285 0.643934 0.440857 1.679957 0.610449 6.167686 1.266854 -1.729018 18.031740 1.085138 -3.541158 -2.487892 2.569468 0.375166 8.895276 8.825748 -15.065704 -19.710854 70.108473 22.415527 34.381069 9.634653 -3.843278 15.184236 -11.256509 1.658108 6.720322 -6.179073 17.243969 -11.230127 -72.191026 -60.131834 55.910165 -40.307804 -8.348108 12.523919 6.446506 -10.559429 -4.605880 -2.089903 -3.756878 1.884537 0.758093 6.527707 -1.849063 3.097467 -0.000000 0.000000 0.000000 -1.830028 -19.308113 -1.049708 3.933637 32.969675 3.044775 3.438062 -4.044505 -6.262873 -0.624329 -14.760977 4.817129
-2.373150 0.958492 -0.848102 9.655769 4.923080 -0.505871 2.031000 1.009054 3.687027 0.727993 -5.359382 1.641270 0.724655 0.460581 1.715148 0.673599 6.182680 1.293345 -1.256992 18.186756 0.903110 -2.608589 -2.222069 2.074318 0.432036 8.986118 8.783773 -14.336351 -19.824316 70.442923 22.098262 33.890379 9.294443 -3.916463 15.147459 -11.405998 1.668270 6.632027 -6.206244 17.391671 -10.967628 -72.070474 -59.944046 56.282306 -40.643915 -8.277707 12.564298 6.325240 -10.119266 -4.288750 -2.063149 -3.218062 1.935138 0.723183 7.417195 -2.029040 3.207367 0.000244 0.019527 0.081987 -2.685575 -19.816682 -1.416472 3.852695 33.030245 2.863911 3.155838 -3.578210 -6.363620 -0.739604 -14.654969 5.725921
-2.373331 0.958788 -0.841328 7.679290 4.738540 -0.555441 2.232126 1.053923 3.742257 0.814456 -5.337509 1.665192 0.810768 0.482335 1.747847 0.740596 6.199224 1.317962 -0.757521 18.365323 0.691583 -1.617740 -1.907476 1.518076 0.466182 9.057463 8.730492 -13.562957 -19.901835 70.703960 22.048431 33.362708 9.213564 -3.848063 15.122441 -11.450228 1.683112 6.541842 -6.266897 17.621584 -10.672149 -71.897579 -59.882600 56.731670 -41.153066 -8.268535 12.594898 6.090093 -9.812352 -3.995805 -2.109257 -2.549731 2.010504 0.736643 8.488996 -2.209524 3.370731 0.000570 0.038961 0.163997 -3.389297 -20.414287 -1.617750 3.846246 33.173096 2.621738 2.694552 -2.983574 -6.626257 -0.869871 -14.641981 6.742933
-2.373036 0.959033 -0.834482 5.631557 4.555850 -0.604289 2.399538 1.103705 3.803914 0.885591 -5.313628 1.692030 0.881637 0.506115 1.781928 0.796264 6.217254 1.343644 -0.220065 18.549441 0.453817 -0.551099 -1.577187 0.904345 0.495346 9.145317 8.661641 -12.820113 -20.036919 70.919543 22.204456 33.051257 9.352427 -3.677945 15.129801 -11.338754 1.701541 6.451774 -6.364380 17.912377 -10.326198 -71.746257 -59.727619 57.237567 -41.576853 -8.277023 12.606688 5.828059 -9.523009 -3.761980 -2.247641 -1.910993 2.164802 0.821526 9.692553 -2.386851 3.567651 0.000000 -0.000000 -0.000000 -3.749787 -20.986342 -1.710125 3.941553 33.225797 2.451275 2.279020 -2.429157 -6.826707 -0.955088 -14.512649 7.490476
-2.372243 0.959224 -0.827591 3.508892 4.380602 -0.667418 2.525593 1.157233 3.884160 0.937426 -5.288263 1.727150 0.933304 0.531397 1.822302 0.838006 6.236356 1.374064 0.358893 18.728750 0.182371 0.599462 -1.247541 0.218932 0.522859 9.268204 8.560785 -12.147448 -20.273968 71.111295 22.587673 33.059927 9.766653 -3.403146 15.175678 -11.031073 1.728723 6.345384 -6.516822 18.282356 -9.906058 -71.635267 -59.415817 57.800250 -41.849014 -8.292785 12.594418 5.575249 -9.261279 -3.621826 -2.488520 -1.344021 2.439658 1.013122 11.098112 -2.549108 3.811753 -0.002405 -0.131575 -0.642269 -3.623632 -21.500403 -1.707644 4.188927 33.151445 2.412646 1.937037 -1.954330 -6.878590 -0.985477 -14.267479 7.853689
-2.370973 0.959364 -0.820628 1.314999 4.206297 -0.729589 2.617882 1.216916 3.969773 0.973903 -5.260376 1.764657 0.969674 0.559218 1.863491 0.868318 6.257317 1.405105 0.975849 18.912181 -0.115429 1.824638 -0.898945 -0.522972 0.544575 9.405126 8.441439 -11.504229 -20.568832 71.262543 23.169110 33.276469 10.413574 -3.034847 15.245085 -10.562845 1.760960 6.234544 -6.704597 18.713516 -9.435934 -71.550357 -58.995136 58.417469 -42.028943 -8.328594 12.564385 5.296133 -9.016530 -3.550678 -2.816004 -0.803233 2.797071 1.270965 12.636345 -2.707786 4.084926 -0.004744 -0.320098 -1.530849 -3.154722 -21.975407 -1.606294 4.539695 32.996664 2.459584 1.639060 -1.502633 -6.847524 -0.977304 -13.959173 7.941654
-2.369272 0.959421 -0.813530 -0.857508 4.029421 -0.749670 2.653978 1.287589 4.035332 0.986210 -5.228186 1.793345 0.981965 0.591391 1.893457 0.879696 6.281479 1.427730 1.630519 19.111590 -0.414395 3.115585 -0.509475 -1.274080 0.566695 9.534716 8.344085 -10.842961 -20.883149 71.343028 23.819912 33.630944 11.108266 -2.634040 15.326577 -10.001791 1.782281 6.165599 -6.877064 19.129842 -8.973605 -71.516907 -58.392657 59.065503 -42.031857 -8.373447 12.524435 4.968741 -8.642404 -3.491559 -3.208326 -0.317177 3.169657 1.507100 14.046769 -2.895099 4.321987 -0.004214 -0.520349 -2.215271 -2.577122 -22.379112 -1.447861 4.873466 32.724478 2.577183 1.523375 -1.077021 -6.713450 -0.911350 -13.492091 7.694181
-2.367123 0.959408 -0.806280 -3.009787 3.849366 -0.717992 2.629173 1.374673 4.074403 0.972591 -5.189418 1.810233 0.968469 0.630185 1.908975 0.870632 6.310530 1.439468 2.332652 19.331116 -0.713687 4.488636 -0.069322 -2.034627 0.594086 9.658033 8.286840 -10.097891 -21.232073 71.305833 24.527329 34.142638 11.827710 -2.183062 15.422844 -9.293703 1.782211 6.182335 -7.016523 19.530748 -8.547333 -71.577808 -57.519678 59.735111 -41.773177 -8.430568 12.480171 4.602764 -8.059539 -3.431512 -3.678849 0.035079 3.538615 1.719591 15.318545 -3.101062 4.527220 0.000472 -0.736961 -2.528760 -1.860320 -22.686360 -1.283004 5.129725 32.306386 2.792705 1.698940 -0.675350 -6.424055 -0.781729 -12.840530 7.025002
-2.364543 0.959313 -0.798895 -5.141127 3.671596 -0.644310 2.547997 1.469943 4.091528 0.934905 -5.147685 1.817387 0.931019 0.671975 1.912273 0.842675 6.341750 1.441985 3.071356 19.566111 -1.015824 5.923597 0.415285 -2.804683 0.621639 9.776712 8.251441 -9.331165 -21.603784 71.201011 25.322732 34.785592 12.614952 -1.699896 15.522440 -8.492367 1.768533 6.241665 -7.147347 19.915571 -8.133716 -71.693025 -56.431129 60.425914 -41.316699 -8.502290 12.427460 4.188125 -7.347224 -3.383262 -4.212358 0.332787 3.921501 1.911765 16.461781 -3.337437 4.698296 0.007787 -0.966698 -2.637708 -1.031984 -22.918504 -1.069465 5.367414 31.776842 3.081667 2.050354 -0.290146 -6.012732 -0.615620 -12.041151 6.025989
-2.361618 0.959067 -0.791357 -7.156414 3.504548 -0.517810 2.401949 1.555483 4.078723 0.869844 -5.111035 1.811589 0.866257 0.708732 1.899891 0.793052 6.369125 1.432739 3.815196 19.816245 -1.300942 7.356975 0.940382 -3.537230 0.641407 9.871891 8.226333 -8.689464 -21.919566 71.139977 26.139024 35.431567 13.370866 -1.297338 15.605862 -7.830634 1.752757 6.261767 -7.280010 20.209167 -7.711000 -71.763428 -55.278052 61.129773 -40.807656 -8.580923 12.358877 3.671475 -6.598298 -3.321631 -4.747380 0.781445 4.297682 2.009410 17.245905 -3.670391 4.764996 0.014331 -1.153895 -2.591015 -0.413930 -23.111974 -0.707767 5.649179 31.191594 3.354002 2.379712 0.081613 -5.594647 -0.444480 -11.090329 4.896389
-2.358368 0.958645 -0.783644 -9.030080 3.348887 -0.323281 2.178706 1.619986 4.027170 0.772501 -5.084630 1.789001 0.769307 0.735285 1.867458 0.717808 6.388763 1.408409 4.569713 20.100829 -1.554752 8.793410 1.539732 -4.205906 0.645152 9.940211 8.211358 -8.190947 -22.151617 71.155562 26.960001 36.096430 14.060120 -1.003101 15.686486 -7.381334 1.731844 6.194419 -7.415442 20.390688 -7.232351 -71.747517 -54.104086 61.871368 -40.304058 -8.678164 12.264553 3.010272 -5.815934 -3.225667 -5.253321 1.530872 4.649839 1.967163 17.456232 -4.147531 4.652584 0.017530 -1.266988 -2.341223 -0.112593 -23.263497 -0.178681 6.029494 30.545945 3.615803 2.596947 0.399973 -5.244011 -0.282376 -9.905923 3.711946
-2.354773 0.958073 -0.775778 -10.788231 3.208534 -0.078099 1.890799 1.669959 3.947001 0.647979 -5.065362 1.753942 0.645303 0.754703 1.819737 0.621167 6.402979 1.372536 5.328876 20.400922 -1.792642 10.226371 2.179301 -4.837095 0.641910 9.986216 8.209247 -7.820352 -22.328623 71.210965 27.809147 36.764639 14.724050 -0.785473 15.762947 -7.073774 1.710917 6.087579 -7.546151 20.482854 -6.740438 -71.693415 -52.862699 62.622337 -39.753468 -8.799697 12.155279 2.245022 -4.998392 -3.109290 -5.761726 2.427835 4.990208 1.835851 17.304719 -4.721471 4.447277 0.017751 -1.336038 -1.935591 -0.021667 -23.364284 0.494973 6.462469 29.846330 3.868205 2.790426 0.704241 -4.888204 -0.141759 -8.574951 2.392689
-2.350859 0.957356 -0.767810 -12.413124 3.094857 0.178229 1.567055 1.715351 3.859622 0.507926 -5.048355 1.715890 0.505820 0.771852 1.767454 0.512589 6.415476 1.333248 6.045075 20.658433 -2.037671 11.580206 2.748801 -5.463769 0.650345 10.002140 8.214894 -7.676224 -22.457672 71.308041 28.658863 37.266712 15.359044 -0.668839 15.803940 -6.927533 1.714090 6.004412 -7.668673 20.476644 -6.345570 -71.629981 -51.590930 63.303319 -39.148245 -8.926339 12.053304 1.446002 -4.231162 -3.001016 -6.305196 3.223143 5.339440 1.685477 17.200602 -5.315846 4.316355 0.016652 -1.399073 -1.565197 -0.145818 -23.437886 1.352456 6.866390 29.161657 4.016436 3.028731 1.116873 -4.430603 -0.039237 -7.353187 0.899734
-2.346644 0.956472 -0.759795 -13.880624 3.016003 0.437582 1.198805 1.758802 3.769711 0.348199 -5.032438 1.677017 0.346707 0.787902 1.712391 0.389076 6.427126 1.291921 6.706332 20.852502 -2.302089 12.840707 3.207362 -6.109203 0.679190 9.971516 8.239085 -7.845220 -22.557177 71.456751 29.519282 37.620045 15.988851 -0.667262 15.798663 -6.979118 1.749595 5.986802 -7.788216 20.343603 -6.111590 -71.548978 -50.357943 63.918199 -38.554407 -9.059985 11.959430 0.549508 -3.548339 -2.906534 -6.902588 3.758500 5.681299 1.524625 17.358450 -5.888241 4.350649 0.015870 -1.477834 -1.321681 -0.547654 -23.501827 2.434329 7.211700 28.525661 4.004997 3.351898 1.752404 -3.781728 0.015880 -6.425950 -1.211751
-2.342110 0.955443 -0.751677 -15.214707 2.962457 0.705223 0.794695 1.797031 3.673262 0.172900 -5.019012 1.635428 0.172075 0.801408 1.653010 0.253612 6.436850 1.247340 7.326333 21.002305 -2.571510 14.028300 3.589702 -6.751649 0.720737 9.912397 8.275401 -8.239172 -22.612985 71.636314 30.364536 37.807095 16.579717 -0.756222 15.764041 -7.197132 1.807572 5.994168 -7.904087 20.112339 -5.973876 -71.445550 -49.107925 64.468041 -37.914893 -9.205403 11.872391 -0.382325 -2.915995 -2.820873 -7.535190 4.192370 6.031952 1.343974 17.562649 -6.481693 4.454469 0.014681 -1.551792 -1.113576 -1.163465 -23.520114 3.697407 7.540506 27.900197 3.894976 3.710168 2.504168 -3.032183 0.028756 -5.621526 -3.491911
-2.337229 0.954346 -0.743337 -16.469642 2.916785 0.962074 0.409372 1.833886 3.578164 0.005925 -5.005899 1.594388 0.005739 0.814535 1.594987 0.124482 6.446329 1.203755 7.896823 21.110070 -2.827541 15.122803 3.896537 -7.356797 0.768747 9.866806 8.291052 -8.692880 -22.585191 71.799841 31.089256 37.612151 17.019838 -0.904279 15.709110 -7.500186 1.884618 5.967308 -8.004498 19.858740 -5.853001 -71.350004 -47.684960 64.872601 -37.024140 -9.320782 11.810124 -1.089359 -2.316215 -2.759849 -8.178523 4.753118 6.459084 1.185835 17.577604 -7.147111 4.512343 0.011946 -1.596791 -0.857219 -1.806569 -23.440432 5.052997 7.877611 27.245730 3.764021 4.039785 3.160079 -2.353454 0.019642 -4.629859 -4.638587
-2.331939 0.953237 -0.734724 -17.662659 2.876879 1.208556 0.060018 1.869130 3.489764 -0.145363 -4.993050 1.556280 -0.144982 0.827361 1.541509 0.007406 6.455648 1.163601 8.410232 21.178651 -3.067613 16.111347 4.128522 -7.919195 0.823260 9.855130 8.263917 -9.173049 -22.451911 71.929736 31.651432 36.922137 17.251495 -1.092342 15.639044 -7.875028 1.999474 5.872153 -8.084464 19.575615 -5.716184 -71.294187 -45.922661 65.119077 -35.696545 -9.345023 11.779081 -1.521163 -1.714199 -2.749171 -8.835304 5.584207 7.025029 1.086015 17.229934 -7.931705 4.454129 0.006944 -1.586377 -0.497125 -2.520985 -23.254738 6.505883 8.330469 26.583980 3.663851 4.335584 3.601460 -1.813657 0.007287 -3.074744 -3.669726
-2.326303 0.952059 -0.725888 -18.776465 2.843169 1.443776 -0.270547 1.904472 3.403014 -0.288381 -4.979869 1.518924 -0.287478 0.840494 1.489649 -0.103384 6.465246 1.124681 8.875348 21.206201 -3.292277 17.011744 4.281064 -8.444012 0.884004 9.854197 8.213986 -9.709763 -22.238497 72.031980 32.071895 35.857450 17.322086 -1.325778 15.547375 -8.339544 2.134101 5.745443 -8.144893 19.270161 -5.598632 -71.245215 -43.988158 65.216718 -34.112782 -9.308087 11.770789 -1.729314 -1.143143 -2.762511 -9.501781 6.546109 7.664620 1.015077 16.690312 -8.784981 4.361845 0.001210 -1.546164 -0.089006 -3.252519 -22.964839 8.038880 8.795427 25.897207 3.541317 4.610076 3.941411 -1.340630 0.005375 -1.284362 -1.573954
-2.320476 0.950715 -0.716864 -19.813660 2.801253 1.647794 -0.579250 1.947507 3.309574 -0.421382 -4.962999 1.478512 -0.419998 0.857277 1.435729 -0.206851 6.477625 1.084192 9.308306 21.188941 -3.487739 17.849625 4.347619 -8.912515 0.944045 9.840162 8.170382 -10.233259 -21.975608 72.097956 32.338032 34.557393 17.270951 -1.616643 15.424984 -8.860282 2.229921 5.634530 -8.182203 19.039645 -5.520359 -71.138729 -42.238540 65.126839 -32.621261 -9.283316 11.778649 -1.601909 -0.687723 -2.739648 -10.144091 7.440800 8.255356 0.912782 16.239658 -9.610729 4.346298 -0.003795 -1.530026 0.284242 -3.666109 -22.555429 9.529193 8.984280 25.079705 3.317632 4.828462 4.309212 -0.895695 0.000000 -0.000000 0.000000
-2.314543 0.949175 -0.707638 -20.782536 2.727432 1.831701 -0.860765 2.016492 3.196277 -0.541469 -4.934271 1.429188 -0.539666 0.885897 1.374201 -0.301272 6.498945 1.037969 9.712393 21.112181 -3.650845 18.632808 4.299202 -9.323349 1.003711 9.808691 8.140779 -10.729266 -21.670188 72.126916 32.430414 32.942995 17.093602 -1.976800 15.246943 -9.428322 2.254440 5.566185 -8.190436 18.936703 -5.501075 -70.952387 -40.789250 64.798020 -31.299326 -9.275731 11.807864 -1.047868 -0.401201 -2.653225 -10.758305 8.201837 8.768380 0.730027 16.006081 -10.388836 4.462794 -0.007959 -1.564376 0.579225 -3.641425 -22.023501 10.945945 8.805126 24.114398 2.945513 4.988229 4.871659 -0.418360 -0.015224 0.347181 0.339129
-2.308420 0.947469 -0.698224 -21.674866 2.643208 1.985120 -1.120524 2.093755 3.075383 -0.651535 -4.901551 1.376508 -0.649372 0.918507 1.310357 -0.388399 6.523313 0.990016 10.084767 20.991534 -3.783111 19.356392 4.162242 -9.677372 1.062724 9.764843 8.118385 -11.210984 -21.316686 72.117263 32.380144 31.096249 16.813932 -2.384683 15.035160 -10.060255 2.239046 5.515092 -8.178529 18.908753 -5.514842 -70.702953 -39.564542 64.298050 -30.093422 -9.260203 11.849681 -0.153219 -0.231629 -2.533993 -11.350193 8.891963 9.233597 0.509563 15.861377 -11.140409 4.650129 -0.012039 -1.623178 0.839632 -3.296105 -21.401137 12.323774 8.373140 22.995967 2.481154 5.089487 5.456595 0.027881 -0.011071 0.173742 0.169253
-2.302015 0.945596 -0.688702 -22.468251 2.600298 2.055018 -1.371242 2.134099 2.978117 -0.758482 -4.885095 1.334344 -0.755958 0.934830 1.257338 -0.472337 6.535461 0.950193 10.431811 20.868942 -3.878591 20.025046 4.013978 -9.959581 1.113423 9.700313 8.111918 -11.650977 -20.926908 72.062629 32.253223 29.398941 16.497015 -2.810380 14.850526 -10.758600 2.220671 5.449399 -8.166030 18.894954 -5.509874 -70.385544 -38.619955 63.777643 -29.137491 -9.265875 11.878361 0.931229 -0.107140 -2.408513 -11.900701 9.505114 9.618973 0.323850 15.703782 -11.831865 4.838797 -0.016342 -1.681777 1.113361 -2.654699 -20.742206 13.644552 7.719458 21.628365 2.007123 5.107306 5.682732 0.295235 -0.000000 0.000000 -0.000000
-2.295371 0.943547 -0.679119 -23.171982 2.616043 2.007768 -1.607606 2.120808 2.922304 -0.860754 -4.892385 1.310513 -0.857856 0.927391 1.223118 -0.551302 6.529760 0.924489 10.758072 20.764260 -3.931461 20.642641 3.889090 -10.157177 1.162283 9.618281 8.122103 -12.002917 -20.484266 71.961111 32.045646 27.969753 16.098270 -3.257679 14.706089 -11.568984 2.218985 5.342754 -8.166610 18.855883 -5.451361 -69.977441 -37.943568 63.256294 -28.436238 -9.316047 11.882287 2.238105 -0.018178 -2.293809 -12.397241 10.048102 9.913036 0.220380 15.516940 -12.455103 4.997568 -0.020160 -1.709310 1.411118 -1.673886 -20.048281 14.932403 6.816112 19.930258 1.527382 5.032510 5.306750 0.281769 0.000000 -0.000000 -0.000000
-2.288446 0.941331 -0.669428 -23.776755 2.669311 1.875137 -1.834716 2.073902 2.892933 -0.960018 -4.914568 1.298337 -0.956733 0.905052 1.200869 -0.627080 6.512871 0.907780 11.058072 20.658895 -3.948306 21.203530 3.752059 -10.283573 1.202598 9.516468 8.149062 -12.313379 -20.006556 71.814854 31.775620 26.690116 15.653009 -3.722177 14.582086 -12.443978 2.214218 5.221207 -8.165521 18.830678 -5.370873 -69.503208 -37.518693 62.722570 -27.950118 -9.383473 11.878372 3.736690 0.025097 -2.170423 -12.852491 10.514688 10.127994 0.151466 15.318621 -13.017776 5.158148 -0.023459 -1.736028 1.722136 -0.394847 -19.349434 16.176013 5.720651 17.966312 1.053904 4.910067 4.565714 0.091883 -0.000000 0.000000 0.000000
-2.281022 0.938978 -0.659566 -24.232197 2.754303 1.701408 -2.080751 2.003750 2.873120 -1.068024 -4.947214 1.290377 -1.064292 0.872212 1.181949 -0.709104 6.488087 0.893560 11.322968 20.537022 -3.942306 21.697185 3.575045 -10.363339 1.206834 9.378943 8.201190 -12.694063 -19.558667 71.623610 31.526165 25.589784 15.322384 -4.174790 14.494605 -13.244402 2.184132 5.131566 -8.139923 18.875980 -5.319174 -69.029060 -37.370966 62.279437 -27.726463 -9.424761 11.884103 5.180090 0.064552 -2.007370 -13.284531 10.879508 10.268409 0.048791 15.058167 -13.508338 5.348011 -0.028005 -1.828716 2.062440 1.027238 -18.737791 17.302426 4.576133 15.871006 0.669742 4.790607 3.800918 -0.113622 -0.000000 0.000000 0.000000
-2.273126 0.936490 -0.649533 -24.519697 2.865380 1.493322 -2.365329 1.913087 2.859016 -1.193328 -4.989211 1.284972 -1.189054 0.829967 1.163831 -0.803956 6.456221 0.879929 11.559669 20.395595 -3.917628 22.137754 3.354021 -10.406140 1.152783 9.199399 8.284042 -13.180907 -19.180136 71.378152 31.324557 24.772722 15.185341 -4.655899 14.478275 -13.934899 2.112776 5.099572 -8.085177 19.069721 -5.326293 -68.567259 -37.562572 61.980511 -27.836651 -9.410474 11.907734 6.579221 0.105254 -1.780893 -13.673580 11.147101 10.329517 -0.130859 14.696592 -13.939342 5.578294 -0.034570 -1.983232 2.443771 2.720703 -18.222320 18.271064 3.174385 13.523608 0.353632 4.587806 3.126114 -0.336897 -0.000000 0.000000 0.000000
-2.264733 0.933866 -0.639328 -24.658363 3.008984 1.244321 -2.669222 1.800457 2.855242 -1.327589 -5.041114 1.284041 -1.322699 0.777770 1.149279 -0.905190 6.416870 0.868950 11.760421 20.238204 -3.870340 22.509709 3.092482 -10.402358 1.061539 8.985782 8.393063 -13.736200 -18.835387 71.086774 31.130333 24.142064 15.143607 -5.143177 14.503705 -14.555316 2.015811 5.101051 -8.008639 19.333388 -5.366661 -68.103001 -38.013979 61.769938 -28.189622 -9.371580 11.941751 7.921767 0.141634 -1.511004 -14.038755 11.309977 10.319285 -0.342794 14.273743 -14.295092 5.839121 -0.043738 -2.203410 2.855217 4.550229 -17.809331 19.125426 1.717809 11.042108 0.119341 4.387260 2.427132 -0.581705 -0.000000 -0.000000 0.000000
-2.255552 0.931135 -0.628892 -24.654394 3.198824 0.979211 -2.962271 1.668948 2.857113 -1.457159 -5.101385 1.285318 -1.451619 0.717174 1.137399 -1.002669 6.371217 0.859923 11.894363 20.059018 -3.801606 22.758077 2.774148 -10.347646 0.970439 8.743225 8.521260 -14.360964 -18.475960 70.774360 30.915082 23.427236 15.095070 -5.516717 14.496218 -15.074334 1.918318 5.108370 -7.905834 19.489156 -5.409143 -67.661240 -38.542084 61.586630 -28.594635 -9.362568 11.977775 8.924678 0.198433 -1.232007 -14.456021 11.325053 10.262267 -0.521970 13.859004 -14.521997 6.124802 -0.058970 -2.568363 3.279677 5.962442 -17.563170 19.907053 0.910187 8.954055 0.045630 4.466583 1.714067 -0.689456 0.000000 0.000000 -0.000000
-2.245512 0.928325 -0.618221 -24.498589 3.449530 0.707998 -3.240266 1.509438 2.862718 -1.580016 -5.174034 1.287882 -1.573792 0.644192 1.127493 -1.094928 6.316287 0.852311 11.953335 19.855801 -3.713178 22.868596 2.393607 -10.242636 0.900541 8.483140 8.674312 -15.074553 -18.093502 70.454886 30.640091 22.446322 14.995217 -5.732049 14.427198 -15.460726 1.834927 5.116103 -7.772762 19.456986 -5.428130 -67.245148 -39.078122 61.404572 -28.970674 -9.434021 12.016679 9.441883 0.298305 -0.934397 -14.963269 11.138421 10.123307 -0.630696 13.487731 -14.596481 6.436724 -0.082932 -3.095016 3.704259 6.722320 -17.468393 20.629328 0.940345 7.390006 0.163393 4.991899 0.949848 -0.477179 0.000000 -0.000000 -0.000000
-2.234685 0.925408 -0.607318 -24.200906 3.748563 0.422524 -3.507931 1.331246 2.873654 -1.698400 -5.254946 1.292501 -1.691460 0.562942 1.120108 -1.183613 6.255165 0.846545 11.944201 19.631910 -3.604498 22.852661 1.957982 -10.086570 0.829343 8.193590 8.845154 -15.857203 -17.694730 70.113140 30.341571 21.381427 14.895074 -5.841671 14.329076 -15.735337 1.750971 5.129683 -7.613358 19.317202 -5.450253 -66.852054 -39.691135 61.249086 -29.399053 -9.549770 12.055757 9.618075 0.415701 -0.623448 -15.520393 10.803918 9.943205 -0.701812 13.132294 -14.542581 6.769221 -0.117173 -3.766686 4.143381 7.060692 -17.517170 21.270980 1.562185 6.249448 0.384426 5.776689 0.170344 -0.140853 0.000000 0.000000 -0.000000
-2.223003 0.922334 -0.596133 -23.796160 4.068872 0.120330 -3.748216 1.164466 2.889910 -1.804907 -5.330672 1.299288 -1.797280 0.486888 1.116087 -1.263167 6.197945 0.843291 11.858726 19.390214 -3.473536 22.693768 1.470729 -9.872875 0.729054 7.843824 9.007437 -16.652094 -17.251278 69.730530 30.106629 20.504698 14.837501 -5.869015 14.217658 -15.939445 1.647588 5.137353 -7.433999 19.132473 -5.522456 -66.497928 -40.407165 61.137620 -29.935969 -9.636975 12.081192 9.605645 0.503259 -0.356388 -16.087002 10.442965 9.858839 -0.776857 12.769448 -14.379192 7.105352 -0.165207 -4.612076 4.621625 7.121054 -17.773957 21.818152 2.805275 5.730246 0.590689 6.572600 -0.489291 -0.092341 -0.000000 0.000000 0.000000
-2.210467 0.919055 -0.584641 -23.279582 4.431420 -0.212137 -3.958089 0.995615 2.917833 -1.898387 -5.407243 1.311014 -1.890093 0.410007 1.118324 -1.332490 6.140102 0.844718 11.691578 19.146896 -3.317856 22.378515 0.960641 -9.591537 0.574381 7.346923 9.132148 -17.461864 -16.642937 69.334021 29.940170 19.892277 14.773748 -5.802557 14.070229 -16.099710 1.522058 5.156086 -7.226109 18.923243 -5.671356 -66.183278 -41.265850 61.090492 -30.660151 -9.684740 12.072189 9.408093 0.581002 -0.146841 -16.634501 10.090229 9.893146 -0.879825 12.364390 -14.146822 7.470056 -0.226559 -5.594668 5.123894 6.589465 -18.235933 22.352612 5.283399 6.075233 0.851660 7.393845 -1.022035 -0.280468 -0.000000 -0.000000 0.000000
-2.197077 0.915619 -0.572866 -22.656570 4.817556 -0.558768 -4.140695 0.837770 2.949736 -1.979981 -5.478798 1.324416 -1.971073 0.338175 1.123451 -1.392732 6.086058 0.848323 11.447434 18.887027 -3.140605 21.917582 0.403080 -9.250467 0.388369 6.789448 9.246501 -18.282860 -15.986400 68.893877 29.845476 19.465010 14.746213 -5.661634 13.909175 -16.185672 1.377592 5.168194 -6.997870 18.668251 -5.872812 -65.906526 -42.235676 61.081532 -31.502575 -9.709191 12.046006 9.020213 0.629026 0.021643 -17.191553 9.714910 10.024951 -0.985610 11.959689 -13.804009 7.839091 -0.307578 -6.750939 5.667030 5.767294 -18.891119 22.805647 8.386690 7.024599 1.192995 8.225005 -1.397363 -0.776439 0.000000 0.000000 -0.000000
-2.182757 0.912108 -0.560824 -21.976016 5.139627 -0.879617 -4.287119 0.760546 2.964881 -2.045265 -5.514166 1.330825 -2.035942 0.302578 1.123243 -1.441354 6.059244 0.848043 11.133456 18.566730 -2.947102 21.330658 -0.278922 -8.867752 0.218281 6.400588 9.408691 -19.053335 -15.608818 68.322240 29.907867 19.261799 14.927376 -5.515468 13.818882 -16.158243 1.203740 5.110206 -6.780431 18.367656 -6.097922 -65.679900 -43.232771 61.061043 -32.295147 -9.673661 12.048938 8.580363 0.541962 0.135467 -17.804497 9.344336 10.321550 -1.064457 11.648863 -13.247864 8.120775 -0.428089 -8.216902 6.328671 5.729672 -19.813338 22.906304 10.305601 8.044747 1.382109 8.768925 -1.383839 -2.124334 -0.000000 -0.000000 0.000000
-2.167213 0.908206 -0.548411 -21.259141 5.368423 -1.182475 -4.377479 0.789981 2.969236 -2.085860 -5.501691 1.333168 -2.076393 0.314906 1.121465 -1.471840 6.068423 0.846773 10.738062 18.163457 -2.734122 20.597280 -1.128490 -8.435940 0.140929 6.310266 9.654826 -19.792968 -15.657308 67.474500 30.267756 19.272956 15.504936 -5.420853 13.838021 -16.058405 1.018393 4.909195 -6.551753 17.944478 -6.252034 -65.529372 -44.299143 61.033240 -33.011378 -9.574565 12.095620 8.065672 0.243843 0.223674 -18.493520 9.053239 10.745427 -1.140892 11.515913 -12.553014 8.311593 -0.600055 -9.990641 7.132287 7.200825 -21.067742 22.413454 10.057578 8.814645 1.210954 8.938651 -0.686439 -4.985283 0.000000 -0.000000 0.000000
-2.150739 0.904229 -0.535730 -20.483329 5.533203 -1.461441 -4.429936 0.899403 2.958401 -2.109440 -5.453306 1.329341 -2.100034 0.363203 1.115241 -1.490099 6.104631 0.842307 10.272980 17.700367 -2.502484 19.733626 -2.099164 -7.952699 0.087468 6.385050 9.950341 -20.493989 -15.978491 66.521365 30.806326 19.496471 16.287743 -5.317651 13.930711 -15.849775 0.801948 4.637436 -6.334212 17.476104 -6.429739 -65.428528 -45.392095 60.996885 -33.678743 -9.417375 12.171076 7.496766 -0.187265 0.258165 -19.238835 8.775857 11.333080 -1.192396 11.483452 -11.649857 8.409715 -0.838658 -12.068123 8.072996 9.513082 -22.561086 21.455983 8.613550 9.689430 0.847019 8.703275 0.466216 -8.627975 -0.000000 0.000000 0.000000
-2.134142 0.901212 -0.523117 -19.630616 5.631796 -1.658088 -4.492387 1.080446 2.897251 -2.135585 -5.372714 1.303718 -2.126376 0.443696 1.086969 -1.512118 6.165084 0.821371 9.780518 17.202152 -2.262543 18.815171 -3.135092 -7.442828 -0.113052 6.462516 10.248547 -21.051778 -16.450742 65.852071 31.214571 19.995285 16.884548 -5.094870 14.070433 -15.379678 0.489138 4.452243 -6.222559 17.192379 -6.886184 -65.309995 -46.293072 60.899398 -34.202919 -9.172729 12.282908 7.078758 -0.623374 0.139720 -20.028380 8.337578 12.266657 -1.121241 11.401778 -10.217116 8.321091 -1.180829 -14.570305 9.217201 11.650698 -24.156338 20.329678 7.084074 11.171771 0.556427 7.924659 1.450133 -11.498035 -0.000000 -0.000000 0.000000
-2.117439 0.899408 -0.510588 -18.601205 5.636544 -1.713895 -4.620083 1.360948 2.750678 -2.187266 -5.247548 1.241083 -2.178333 0.568651 1.019096 -1.556399 6.259012 0.770791 9.282737 16.624414 -2.005762 17.884486 -4.316380 -6.903043 -0.655589 6.478688 10.572997 -21.410236 -17.164071 65.603808 31.399526 20.999145 17.217379 -4.613112 14.281903 -14.452315 -0.005584 4.437972 -6.295568 17.286573 -7.839183 -65.099171 -47.085315 60.725351 -34.732740 -8.823442 12.467994 6.848554 -1.044192 -0.135827 -20.939652 7.790243 13.656015 -0.804032 11.190076 -8.084492 7.832752 -1.722094 -17.891444 10.720383 13.399874 -26.072557 19.054607 5.674247 13.816376 0.489408 6.308967 2.006857 -12.967802 -0.000000 0.000000 0.000000
-2.100613 0.898564 -0.498126 -17.494453 5.570905 -1.690841 -4.758689 1.716072 2.557948 -2.241815 -5.088751 1.158764 -2.233272 0.727223 0.931234 -1.604404 6.378250 0.705277 8.757208 16.012725 -1.737607 16.894616 -5.560553 -6.326609 -1.342690 6.507139 10.908145 -21.629466 -18.028221 65.639723 31.459098 22.288647 17.371432 -3.984357 14.532930 -13.267274 -0.596246 4.516337 -6.466580 17.556514 -9.077083 -64.886854 -47.681480 60.492255 -35.118500 -8.381928 12.695463 6.775970 -1.459604 -0.559429 -21.902315 7.110848 15.403959 -0.379523 10.885013 -5.429304 7.135759 -2.464488 -21.586230 12.578449 15.020631 -28.073399 17.587536 4.216776 17.065698 0.528081 4.248022 2.310222 -13.626070 0.000000 -0.000000 0.000000
-2.084423 0.898948 -0.486014 -16.590919 5.511221 -1.709165 -4.791491 2.057058 2.392677 -2.250281 -4.935791 1.088350 -2.242289 0.880173 0.859945 -1.616662 6.493294 0.652175 8.182026 15.526781 -1.489472 15.795617 -6.568692 -5.739114 -1.763730 6.586143 11.139159 -21.767353 -18.654515 65.920335 31.324731 23.267839 17.187545 -3.496429 14.724283 -12.262582 -1.087721 4.599335 -6.584149 17.643511 -10.204515 -64.838638 -47.621908 60.204415 -34.827145 -7.860844 12.873686 6.968449 -1.788548 -1.217061 -22.682998 5.990447 17.393357 -0.179448 10.556954 -2.449005 6.698083 -3.182580 -24.509017 14.577138 16.083698 -29.418692 16.304652 3.250559 19.738352 0.519060 2.736061 2.366008 -13.813542 0.000000 -0.000000 -0.000000
-2.069105 0.900828 -0.474519 -16.054377 5.496116 -1.846362 -4.632593 2.364337 2.291167 -2.176264 -4.797432 1.045152 -2.169078 1.018854 0.824249 -1.564572 6.597594 0.625738 7.518226 15.214138 -1.270693 14.514458 -7.255248 -5.139952 -1.684524 6.725697 11.188081 -21.925661 -18.859557 66.577760 30.864083 23.650839 16.435611 -3.335833 14.794929 -11.675270 -1.420654 4.657716 -6.578073 17.390563 -11.093221 -65.063998 -46.567394 59.849991 -33.480382 -7.255122 12.951799 7.552791 -1.930137 -2.226944 -23.228097 4.018260 19.675841 -0.425536 10.411249 1.179704 6.941379 -3.701307 -26.629819 16.316954 16.051132 -29.823469 15.617754 3.124836 21.444666 0.294358 2.275135 2.079694 -13.568628 0.000000 -0.000000 0.000000
-2.054423 0.903935 -0.463373 -15.720883 5.488424 -2.023702 -4.366874 2.653961 2.214584 -2.055735 -4.666741 1.012101 -2.049436 1.149990 0.803422 -1.476536 6.696191 0.610372 6.809931 15.027922 -1.068924 13.137460 -7.702395 -4.531856 -1.344428 6.906723 11.123610 -21.980376 -18.846097 67.468546 30.169517 23.705420 15.341966 -3.339422 14.819199 -11.261299 -1.652086 4.715781 -6.522906 16.959994 -11.863396 -65.436791 -44.928215 59.413622 -31.511308 -6.584492 12.972589 8.408670 -1.989717 -3.481080 -23.591657 1.519016 22.184218 -1.072552 10.306579 5.162638 7.273031 -3.974566 -27.942584 18.075847 15.352332 -29.635280 15.249892 3.451760 22.560335 -0.044226 2.383255 1.531180 -12.927072 -0.000000 -0.000000 0.000000
-2.040424 0.907734 -0.452059 -15.378966 5.453237 -2.125030 -4.133750 2.890234 2.120805 -1.948397 -4.559888 0.970840 -1.942780 1.257192 0.773039 -1.398907 6.776828 0.587655 6.160699 14.984641 -0.887614 11.861970 -7.867397 -3.961610 -1.044444 7.117119 11.046743 -21.654315 -18.802866 68.129567 29.500277 23.682298 14.422785 -3.283526 14.911398 -10.737039 -1.761296 4.762479 -6.490765 16.478055 -12.486601 -65.754004 -43.360194 58.914825 -29.596419 -5.892774 12.988381 9.270603 -2.203851 -4.732244 -23.695396 -0.726944 24.606579 -1.983487 9.714607 8.316445 6.731179 -3.717048 -27.348866 20.307913 14.940080 -29.089062 14.616729 3.643466 23.060479 -0.255446 2.550200 0.988234 -12.276484 -0.000000 -0.000000 -0.000000
-2.026951 0.912263 -0.440174 -15.002457 5.351161 -2.050119 -3.970611 3.059679 1.970377 -1.868833 -4.482663 0.904084 -1.863682 1.334678 0.714346 -1.344026 6.835262 0.543462 5.608151 15.141963 -0.741274 10.763388 -7.639547 -3.470434 -0.874916 7.382875 10.993432 -20.654821 -18.774088 68.322570 28.841197 23.471538 13.802810 -3.138828 15.132659 -10.015217 -1.692022 4.774486 -6.526595 15.844242 -12.903108 -65.925523 -41.887176 58.348418 -27.768034 -5.133013 13.009041 10.069345 -2.737779 -5.945694 -23.526444 -2.504242 26.844287 -3.179930 8.046182 10.233409 4.671575 -2.377840 -23.746306 23.535757 15.325180 -28.124846 13.346442 3.356637 22.788881 -0.195964 2.695164 0.505343 -11.725402 0.000000 -0.000000 0.000000
-2.014162 0.917484 -0.428121 -14.617972 5.219555 -1.900073 -3.841054 3.177771 1.800935 -1.802920 -4.428325 0.828623 -1.798130 1.389241 0.645575 -1.300046 6.876519 0.491583 5.115207 15.439930 -0.621356 9.777719 -7.137202 -3.040314 -0.744468 7.679748 10.931510 -19.282854 -18.712584 68.281883 28.226413 23.192902 13.370949 -2.917186 15.416637 -9.183280 -1.502188 4.773502 -6.589206 15.161046 -13.171024 -66.042569 -40.492934 57.724942 -26.002771 -4.350653 13.025631 10.877542 -3.438620 -7.157162 -23.084992 -4.071940 28.948251 -4.584554 5.773114 11.107601 1.891707 0.145724 -18.347161 26.732253 15.947106 -26.779950 11.856528 2.920864 21.914590 0.003765 2.894366 0.026123 -11.165879 0.000000 -0.000000 0.000000
-2.002577 0.922742 -0.416593 -14.092456 5.139904 -1.860637 -3.774095 3.252796 1.686192 -1.767459 -4.393865 0.777601 -1.762873 1.423808 0.598150 -1.277165 6.902642 0.455807 4.671222 15.718040 -0.499319 8.887598 -6.663605 -2.629990 -0.679759 7.920818 10.861087 -18.167558 -18.655919 68.255774 27.968595 23.475705 13.252377 -2.442348 15.682347 -8.230357 -1.342827 4.817131 -6.620023 14.859287 -13.443675 -66.182620 -39.692462 57.137252 -24.826485 -3.717151 13.072900 11.638951 -4.071370 -8.222940 -22.320907 -5.277584 30.889766 -5.734916 4.015100 10.815175 -0.212557 2.713862 -13.542511 28.422913 16.188158 -25.452974 10.715167 2.772616 20.903846 0.176592 2.881612 -0.330418 -10.637707 0.000000 0.000000 -0.000000
-1.992597 0.927908 -0.405965 -13.364425 5.157424 -2.037330 -3.800433 3.273644 1.665000 -1.778146 -4.384553 0.768498 -1.773554 1.433071 0.587960 -1.285931 6.909605 0.448166 4.293530 15.937389 -0.367888 8.124604 -6.290918 -2.233980 -0.708570 8.067468 10.791495 -17.516072 -18.628186 68.316111 28.228063 24.745579 13.566285 -1.507793 15.906128 -7.093287 -1.262081 4.944626 -6.584083 15.285038 -13.813219 -66.397496 -39.847605 56.731202 -24.609994 -3.296500 13.199400 12.383036 -4.571190 -9.092104 -21.141554 -5.904971 32.725400 -6.369230 3.422426 9.008569 -1.056468 4.516203 -9.719544 28.165474 15.655122 -24.319894 10.244029 3.283801 19.934468 0.217528 2.495075 -0.519276 -10.154126 -0.000000 0.000000 -0.000000
-1.983821 0.933110 -0.395861 -12.495201 5.232217 -2.322640 -3.889412 3.249775 1.696839 -1.819312 -4.395721 0.783131 -1.814580 1.421778 0.598417 -1.315908 6.901064 0.456120 3.963534 16.136226 -0.235997 7.453881 -5.949433 -1.858221 -0.804205 8.159593 10.710485 -17.123893 -18.596433 68.399440 28.877202 26.578375 14.212635 -0.292200 16.086034 -5.874240 -1.210095 5.115810 -6.513748 16.096005 -14.191504 -66.649318 -40.523328 56.376434 -24.932270 -3.028191 13.361813 13.071082 -5.017046 -9.826593 -19.648652 -6.097405 34.462949 -6.602692 3.487122 6.246908 -1.238878 5.658170 -6.385358 26.909269 14.791110 -23.221454 10.082195 4.071464 18.815573 0.188064 1.901684 -0.576431 -9.698222 -0.000000 -0.000000 0.000000
-1.975567 0.938079 -0.385852 -11.535028 5.317501 -2.582752 -3.977708 3.219297 1.737076 -1.860581 -4.409899 0.801437 -1.855699 1.407475 0.612536 -1.345681 6.890250 0.466825 3.615533 16.270352 -0.098158 6.752378 -5.726380 -1.470940 -0.912075 8.228304 10.584970 -17.000099 -18.518641 68.552016 29.762149 28.337917 14.952297 0.781448 16.186231 -4.790635 -1.191180 5.269611 -6.450930 16.687154 -14.464268 -66.872106 -41.022419 55.767966 -25.109748 -2.890912 13.459741 13.541289 -5.383561 -10.455530 -18.093599 -6.209975 36.020384 -6.527380 3.603375 3.934668 -1.119995 5.900727 -4.541104 25.253552 14.256921 -22.075818 9.752747 4.450550 17.455034 0.173731 1.332968 -0.504253 -9.264058 0.000000 0.000000 0.000000
-1.967663 0.942822 -0.375795 -10.444484 5.406202 -2.798527 -4.060539 3.193862 1.791889 -1.900192 -4.421979 0.826221 -1.895166 1.395251 0.633297 -1.373719 6.880958 0.482547 3.225013 16.305430 0.044894 5.974833 -5.685920 -1.065142 -1.037284 8.276889 10.379085 -17.246889 -18.357643 68.849193 30.964061 29.973948 15.721152 1.569391 16.205324 -3.801276 -1.230488 5.394501 -6.407765 16.807811 -14.561969 -67.058296 -41.004270 54.694177 -24.804171 -2.884850 13.426706 13.748589 -5.586638 -10.950664 -16.529905 -6.313255 37.382937 -6.020687 3.505449 2.648365 -0.625810 4.998923 -5.098723 23.020049 14.372725 -20.844770 9.061132 4.063662 15.720695 0.258258 0.841248 -0.260019 -8.839759 -0.000000 0.000000 0.000000
-1.960281 0.947333 -0.365832 -9.262848 5.505009 -2.988264 -4.142737 3.160913 1.854797 -1.939905 -4.437469 0.854542 -1.934724 1.379622 0.657588 -1.401561 6.869099 0.500922 2.814056 16.274944 0.192391 5.159865 -5.763710 -0.646626 -1.175236 8.304836 10.128224 -17.758747 -18.142173 69.215188 32.413187 31.528349 16.591265 2.196490 16.151694 -2.922302 -1.303603 5.503015 -6.372510 16.706570 -14.553505 -67.202506 -40.848246 53.369567 -24.385684 -2.991748 13.328266 13.731500 -5.699108 -11.361974 -14.907468 -6.295478 38.542294 -5.165576 3.429282 1.778409 0.188736 3.492440 -7.259518 20.185893 14.787472 -19.550665 8.243603 3.272152 13.754138 0.393427 0.377141 0.110244 -8.441540 -0.000000 0.000000 -0.000000
-1.953251 0.951318 -0.355960 -8.157726 5.581222 -3.076725 -4.174823 3.123548 1.862936 -1.954435 -4.454244 0.858092 -1.949154 1.362814 0.659670 -1.412213 6.856481 0.502464 2.387222 16.236968 0.350573 4.311192 -5.851974 -0.202076 -1.256334 8.336155 9.907552 -18.234448 -17.935460 69.470464 33.653204 32.521942 17.444496 2.602759 16.035170 -2.420647 -1.341612 5.570478 -6.352649 16.525141 -14.534624 -67.234282 -40.910786 52.140037 -24.198485 -3.151627 13.259730 13.459370 -5.930957 -11.813646 -13.319863 -6.277851 39.431755 -4.436037 3.517627 0.957891 0.884120 2.222575 -9.464363 17.443092 15.140383 -18.213897 7.471802 2.478021 11.873604 0.487235 0.017875 0.466157 -8.103789 -0.000000 -0.000000 -0.000000
-1.946520 0.954709 -0.346181 -7.206358 5.626107 -3.030027 -4.130376 3.080633 1.790125 -1.930686 -4.472519 0.825015 -1.925400 1.344632 0.629008 -1.396675 6.842993 0.479188 1.946345 16.202530 0.526988 3.429242 -5.929813 0.282336 -1.236078 8.385484 9.741137 -18.601807 -17.754650 69.529903 34.474308 32.571947 18.214589 2.672566 15.847427 -2.458714 -1.299995 5.576534 -6.349147 16.231756 -14.525912 -67.089146 -41.253693 51.076653 -24.345831 -3.332470 13.234891 12.851788 -6.433041 -12.357575 -11.778879 -6.351380 40.014478 -4.057398 3.939543 0.129054 1.285633 1.318793 -11.278791 15.002510 15.392573 -16.831386 6.765723 1.764545 10.135836 0.509773 -0.202709 0.786568 -7.851691 -0.000000 0.000000 0.000000
-1.940142 0.957574 -0.336492 -6.331301 5.642306 -2.883838 -4.035422 3.036297 1.662444 -1.881641 -4.490836 0.767142 -1.876427 1.326472 0.576111 -1.363892 6.829612 0.439066 1.489045 16.160734 0.713349 2.512628 -6.016243 0.791847 -1.158603 8.436263 9.605648 -18.935256 -17.581127 69.480598 35.032360 32.072038 18.900827 2.492174 15.615722 -2.855591 -1.224278 5.541529 -6.363309 15.858367 -14.509804 -66.832274 -41.760992 50.108321 -24.677181 -3.544518 13.230257 11.991433 -7.056223 -12.918278 -10.266495 -6.431650 40.347090 -3.837769 4.523948 -0.617555 1.575312 0.601411 -13.090497 12.635187 15.583440 -15.413868 6.093828 1.057701 8.482545 0.501672 -0.319583 1.089847 -7.658033 0.000000 0.000000 0.000000
-1.934105 0.959827 -0.326884 -5.468247 5.612230 -2.668910 -3.918960 3.002800 1.495950 -1.821082 -4.504005 0.691937 -1.815990 1.313497 0.507053 -1.323727 6.820179 0.386737 1.014897 16.137477 0.893427 1.566264 -6.062549 1.296727 -1.087328 8.463777 9.504785 -19.156399 -17.432696 69.403065 35.410486 31.717726 19.472270 2.292654 15.410258 -3.367343 -1.180364 5.502374 -6.402831 15.642025 -14.528069 -66.590490 -42.487219 49.367275 -25.126208 -3.802655 13.286983 11.091542 -7.561587 -13.420762 -8.833860 -6.392298 40.527008 -3.643430 4.911130 -1.413240 1.834357 0.138412 -14.473200 10.401720 15.488261 -14.021195 5.519596 0.526480 7.054025 0.456686 -0.360330 1.295067 -7.476257 -0.000000 0.000000 0.000000
-1.928423 0.961345 -0.317401 -4.608050 5.524919 -2.380186 -3.786162 2.988326 1.281726 -1.750867 -4.508368 0.595525 -1.745950 1.309360 0.417769 -1.277874 6.817435 0.319149 0.528179 16.130515 1.064499 0.599655 -6.072620 1.789766 -1.052967 8.438885 9.447551 -19.215629 -17.308233 69.301948 35.651176 31.752638 19.960484 2.144231 15.234478 -3.984469 -1.218812 5.461900 -6.469122 15.717219 -14.600002 -66.370972 -43.606942 48.979197 -25.813004 -4.165325 13.462137 10.151778 -7.910761 -13.861320 -7.502095 -6.151883 40.604754 -3.427792 4.896597 -2.368692 2.098202 -0.088167 -15.147729 8.357894 14.943374 -12.670372 5.076146 0.324573 5.906809 0.340976 -0.330157 1.379482 -7.289817 0.000000 0.000000 -0.000000
-1.923083 0.962251 -0.307998 -3.760947 5.388314 -2.025029 -3.631304 2.987620 1.029754 -1.668941 -4.506389 0.482252 -1.664251 1.311585 0.312811 -1.224448 6.819481 0.239721 0.025033 16.142838 1.229447 -0.394959 -6.040661 2.277182 -1.025755 8.388915 9.422762 -19.163395 -17.210930 69.172738 35.723843 31.935658 20.355980 1.962487 15.084265 -4.716561 -1.288959 5.419648 -6.561135 15.948076 -14.713519 -66.168081 -44.962661 48.800625 -26.640045 -4.587125 13.690605 9.163615 -8.135877 -14.249814 -6.252952 -5.779905 40.541949 -3.235694 4.681270 -3.389811 2.321384 -0.178377 -15.370903 6.495975 14.125541 -11.359281 4.697629 0.302236 4.980240 0.176372 -0.225673 1.364721 -7.115036 -0.000000 0.000000 -0.000000
-1.918039 0.962824 -0.298528 -2.891749 5.214500 -1.653025 -3.467175 2.991162 0.784474 -1.583250 -4.502699 0.371931 -1.578804 1.315519 0.211186 -1.167964 6.822762 0.162805 -0.506074 16.208061 1.381405 -1.435320 -5.904059 2.748980 -0.977793 8.374602 9.404838 -19.071384 -17.169281 69.080246 35.613013 32.234695 20.583326 1.747011 15.017496 -5.350421 -1.303977 5.407768 -6.680752 16.166743 -14.857760 -66.089839 -46.118386 48.572971 -27.218839 -4.928151 13.843458 8.330970 -8.100680 -14.545587 -5.083238 -5.377702 40.297823 -3.069533 4.510527 -4.310224 2.456139 -0.204155 -15.507610 4.783534 13.323710 -10.117221 4.304079 0.171433 4.239781 0.039138 -0.062120 1.236934 -6.954974 0.000000 -0.000000 -0.000000
-1.913217 0.963080 -0.288867 -2.023709 4.991413 -1.265928 -3.293582 3.000574 0.553916 -1.494112 -4.496648 0.268152 -1.489926 1.321811 0.116456 -1.108394 6.827757 0.091094 -1.072249 16.345370 1.514271 -2.530223 -5.626530 3.194000 -0.879148 8.426023 9.390502 -18.956309 -17.216596 69.035233 35.324341 32.713413 20.624807 1.497367 15.091125 -5.787851 -1.212009 5.441359 -6.841467 16.299632 -15.031906 -66.166370 -46.908823 48.238759 -27.383557 -5.159339 13.868778 7.675540 -7.723966 -14.691836 -3.954915 -4.895179 39.792315 -2.987452 4.493243 -5.080430 2.468434 -0.189061 -15.694428 3.218617 12.639515 -8.910523 3.853298 -0.205905 3.656959 -0.032957 0.237921 0.976983 -6.804161 0.000000 -0.000000 -0.000000
-1.908691 0.963003 -0.279138 -1.134695 4.730075 -0.864021 -3.110433 3.014351 0.330656 -1.401090 -4.488850 0.167587 -1.397177 1.329844 0.025334 -1.045649 6.834014 0.022101 -1.665064 16.535280 1.635211 -3.665596 -5.244209 3.620952 -0.758527 8.512323 9.386669 -18.801945 -17.323011 69.021835 34.837337 33.307438 20.504358 1.217886 15.244222 -6.122104 -1.063805 5.507022 -7.026635 16.422151 -15.224879 -66.370844 -47.518592 47.866419 -27.311484 -5.304484 13.831031 7.183073 -7.083778 -14.754262 -2.901445 -4.379870 39.114478 -2.959385 4.514582 -5.738434 2.392017 -0.131985 -15.768972 1.810796 11.971417 -7.770970 3.390523 -0.690040 3.261849 -0.071097 0.595497 0.603197 -6.670313 -0.000000 -0.000000 0.000000
-1.904635 0.962830 -0.269566 -0.120338 4.477976 -0.494047 -2.930966 3.016485 0.134885 -1.311107 -4.486546 0.079205 -1.307440 1.332367 -0.053915 -0.984275 6.836079 -0.037936 -2.272480 16.752774 1.757752 -4.824225 -4.803822 4.050196 -0.675364 8.604083 9.383890 -18.630762 -17.424592 69.065823 34.094026 33.790826 20.203602 0.924418 15.357741 -6.427274 -0.926326 5.592603 -7.192311 16.591689 -15.401985 -66.724740 -48.022678 47.400163 -27.113944 -5.304510 13.788935 7.009922 -6.282781 -14.877210 -2.031306 -4.087271 38.450854 -2.849090 4.482415 -6.247176 2.293357 -0.044761 -15.654566 0.532537 11.304491 -6.818577 2.983157 -1.152679 3.108579 -0.102664 0.761296 0.159516 -6.573733 0.000000 -0.000000 -0.000000
-1.901085 0.962594 -0.260297 1.060540 4.257050 -0.162811 -2.764490 2.998681 -0.031499 -1.228422 -4.493421 0.003884 -1.224965 1.325677 -0.120842 -0.927433 6.831181 -0.088670 -2.885293 16.989996 1.886962 -5.990128 -4.319046 4.487459 -0.669628 8.689197 9.373508 -18.429716 -17.519735 69.201683 33.019622 34.082910 19.691476 0.602593 15.374836 -6.742480 -0.829427 5.701182 -7.321295 16.879730 -15.558275 -67.288466 -48.382217 46.806827 -26.753941 -5.113062 13.774403 7.310845 -5.222258 -15.107861 -1.417075 -4.125862 37.831905 -2.571772 4.328370 -6.579045 2.182317 0.052301 -15.360176 -0.582087 10.555782 -6.146012 2.645223 -1.458984 3.307507 -0.134155 0.631959 -0.375871 -6.515650 -0.000918 0.013045 -0.141560
-1.898004 0.962263 -0.251184 2.367495 4.044684 0.135893 -2.601919 2.968155 -0.171813 -1.148837 -4.506216 -0.059853 -1.145574 1.313045 -0.176498 -0.872068 6.821785 -0.130891 -3.512033 17.253924 2.019258 -7.176695 -3.776221 4.927700 -0.701325 8.780732 9.364046 -18.212521 -17.617462 69.395265 31.687394 34.246523 19.008256 0.273031 15.350478 -7.027481 -0.742952 5.828714 -7.428771 17.218281 -15.680652 -68.001184 -48.657079 46.117169 -26.287221 -4.818504 13.764319 7.938887 -3.995694 -15.390602 -0.995803 -4.405421 37.189283 -2.223711 4.117514 -6.761729 2.066561 0.144841 -14.901713 -1.539108 9.817223 -5.658282 2.363483 -1.742504 3.747407 -0.165173 0.310923 -0.979358 -6.487648 -0.002117 0.025941 -0.283131
-1.895462 0.961978 -0.242012 3.783241 3.822906 0.374949 -2.429161 2.930973 -0.274171 -1.066690 -4.522255 -0.106770 -1.063622 1.297172 -0.215075 -0.813508 6.809918 -0.160221 -4.167495 17.541600 2.155160 -8.411630 -3.180488 5.375817 -0.710167 8.886700 9.371342 -18.041288 -17.666760 69.574219 30.270895 34.273184 18.243611 0.003259 15.335689 -7.241471 -0.644281 5.951221 -7.520960 17.454274 -15.728924 -68.698293 -49.045451 45.371563 -25.950878 -4.556103 13.734386 8.592818 -2.994769 -15.714179 -0.677542 -4.880806 36.552849 -1.916093 3.955260 -6.851235 2.016006 0.226314 -14.226830 -2.421047 9.337239 -5.190317 2.172296 -2.278859 4.149360 -0.214160 -0.140144 -1.538241 -6.493712 -0.000000 -0.000000 -0.000000
-1.893505 0.961778 -0.232701 5.320291 3.582370 0.536103 -2.245784 2.888532 -0.328058 -0.982338 -4.540956 -0.132157 -0.979475 1.278624 -0.231899 -0.751684 6.795999 -0.173127 -4.869868 17.847175 2.294037 -9.727106 -2.539315 5.835823 -0.666861 9.008518 9.409565 -17.946901 -17.643683 69.723541 28.788467 34.131065 17.391621 -0.178275 15.357469 -7.370627 -0.525987 6.069396 -7.601970 17.513220 -15.689798 -69.342320 -49.539079 44.511373 -25.759475 -4.327764 13.662559 9.246780 -2.330993 -16.084419 -0.448077 -5.684320 35.948801 -1.688134 3.869323 -6.865545 2.088094 0.286436 -13.275823 -3.272783 9.343995 -4.692969 2.093753 -3.291758 4.425626 -0.295127 -0.734403 -2.020573 -6.532717 0.010106 -0.082344 1.121183
-1.892086 0.961626 -0.223329 6.966718 3.336204 0.635544 -2.052844 2.835764 -0.344795 -0.895664 -4.564477 -0.141057 -0.893019 1.255240 -0.231996 -0.686886 6.778424 -0.173404 -5.600744 18.175477 2.437508 -11.088525 -1.843730 6.303025 -0.600374 9.142150 9.467510 -17.897982 -17.569657 69.864050 27.237347 33.841532 16.478282 -0.296682 15.392492 -7.433753 -0.395513 6.181806 -7.666946 17.469302 -15.575302 -69.964087 -50.121770 43.594938 -25.688585 -4.134884 13.572043 9.923057 -1.890327 -16.487216 -0.326684 -6.683390 35.353722 -1.491382 3.824315 -6.794324 2.238049 0.313420 -12.130066 -4.042227 9.611091 -4.216729 2.121021 -4.558569 4.661920 -0.387468 -1.458185 -2.458634 -6.602815 0.023858 -0.202041 2.667154
-1.891133 0.961549 -0.213913 8.668525 3.100762 0.698341 -1.838453 2.769246 -0.345061 -0.800289 -4.594188 -0.142766 -0.797878 1.225678 -0.224022 -0.614969 6.756212 -0.167606 -6.319485 18.539419 2.590598 -12.422699 -1.074883 6.771111 -0.537557 9.287561 9.523652 -17.862709 -17.456803 69.979099 25.756044 33.491111 15.632623 -0.365617 15.418171 -7.440381 -0.253057 6.261034 -7.711210 17.390809 -15.396028 -70.499278 -50.949858 42.836474 -25.897244 -4.069151 13.504023 10.384689 -1.729259 -16.886636 -0.267853 -7.426181 34.742112 -1.292923 3.832186 -6.652375 2.381872 0.308581 -10.942628 -4.667294 9.703452 -3.746030 2.243411 -5.685692 4.839961 -0.460691 -2.209069 -2.836998 -6.711380 0.032323 -0.343051 3.822776
-1.890581 0.961563 -0.204395 10.406112 2.885338 0.739888 -1.589950 2.676236 -0.338420 -0.690096 -4.635714 -0.141635 -0.687954 1.184308 -0.211705 -0.531642 6.725141 -0.158561 -7.007120 18.951395 2.757703 -13.693393 -0.210692 7.239454 -0.492412 9.458516 9.569589 -17.819343 -17.293327 70.060667 24.353743 33.057914 14.883054 -0.384350 15.415131 -7.410677 -0.092204 6.279895 -7.737292 17.290799 -15.119863 -70.920901 -52.110085 42.295586 -26.468269 -4.147381 13.468230 10.514827 -1.930571 -17.280049 -0.244117 -7.697500 34.114613 -1.054408 3.919132 -6.426650 2.502139 0.279745 -9.763278 -5.157350 9.545458 -3.262351 2.434840 -6.620465 4.928234 -0.491371 -2.941065 -3.145729 -6.879753 0.031439 -0.497221 4.195939
-1.890495 0.961652 -0.194832 12.199560 2.683110 0.745603 -1.320443 2.567728 -0.317440 -0.571317 -4.684202 -0.134167 -0.569491 1.135950 -0.192176 -0.441381 6.688814 -0.144074 -7.680428 19.397015 2.939750 -14.931438 0.724564 7.715973 -0.450142 9.641777 9.616503 -17.789795 -17.087980 70.122954 23.028309 32.570679 14.206736 -0.350192 15.404766 -7.326865 0.079410 6.263469 -7.747268 17.156086 -14.787086 -71.248216 -53.494042 41.892915 -27.313419 -4.319468 13.446293 10.423665 -2.411016 -17.664808 -0.280713 -7.713691 33.482705 -0.807130 4.060498 -6.130459 2.625736 0.226148 -8.548541 -5.499540 9.215286 -2.789251 2.715577 -7.414767 4.957154 -0.506868 -3.699921 -3.396919 -7.088182 0.024835 -0.674039 4.178925
-1.890997 0.961796 -0.185408 14.054380 2.486345 0.696270 -1.056485 2.476467 -0.275702 -0.456061 -4.725052 -0.117243 -0.454578 1.095196 -0.163547 -0.353097 6.658190 -0.122687 -8.351715 19.849346 3.137288 -16.163886 1.680430 8.208649 -0.394903 9.797819 9.669349 -17.807457 -16.883220 70.179080 21.880674 32.205739 13.631599 -0.271598 15.425095 -7.140111 0.240615 6.262055 -7.734954 17.014393 -14.521884 -71.493102 -54.970289 41.633354 -28.333891 -4.565629 13.435142 10.213077 -2.978909 -18.005689 -0.408215 -7.668316 32.840506 -0.623340 4.196452 -5.815923 2.731128 0.151561 -7.310354 -5.596535 8.509131 -2.371109 3.131692 -7.832682 5.004466 -0.559248 -4.520742 -3.608123 -7.283361 0.016104 -0.884294 4.133154
-1.892166 0.962000 -0.176256 15.977685 2.292395 0.586959 -0.800548 2.416024 -0.209988 -0.345551 -4.752177 -0.089433 -0.344414 1.068155 -0.124518 -0.267582 6.637868 -0.093425 -9.044031 20.297238 3.355947 -17.434670 2.641819 8.734620 -0.310373 9.904829 9.734798 -17.890790 -16.685789 70.237983 20.927918 32.076046 13.149237 -0.135855 15.498949 -6.815109 0.387951 6.286386 -7.689590 16.877492 -14.391279 -71.649604 -56.598528 41.555766 -29.620225 -4.898429 13.443241 9.895130 -3.628480 -18.281869 -0.629119 -7.628745 32.174682 -0.546568 4.339932 -5.462238 2.841192 0.065929 -6.057381 -5.448806 7.196550 -2.019878 3.719758 -7.607364 5.105977 -0.703914 -5.464190 -3.773596 -7.441254 0.006087 -1.142510 4.188303
-1.893922 0.962258 -0.167244 17.962934 2.109568 0.422521 -0.550335 2.369391 -0.121441 -0.238710 -4.773116 -0.051325 -0.237916 1.047276 -0.075564 -0.184060 6.622176 -0.056654 -9.732134 20.750617 3.593601 -18.694980 3.625757 9.281036 -0.213918 9.983569 9.802257 -18.020998 -16.486344 70.290567 20.130657 32.082493 12.742571 0.057550 15.603266 -6.389483 0.524939 6.322320 -7.620155 16.731695 -14.338080 -71.734915 -58.338547 41.601087 -31.092656 -5.300513 13.454848 9.455660 -4.364944 -18.506077 -0.938366 -7.527461 31.503241 -0.531377 4.483267 -5.090614 2.933760 -0.017778 -4.796257 -5.058320 5.509691 -1.713045 4.429748 -7.008232 5.236064 -0.892155 -6.469854 -3.899895 -7.585192 -0.005854 -1.434123 4.214800
-1.896150 0.962528 -0.158157 19.995213 1.947883 0.198647 -0.325235 2.323013 -0.009187 -0.144222 -4.793885 -0.002462 -0.143740 1.026528 -0.017105 -0.109062 6.606585 -0.012680 -10.355879 21.214864 3.838732 -19.834363 4.628663 9.811617 -0.140409 10.059957 9.849369 -18.175357 -16.302376 70.318248 19.499104 32.088440 12.414092 0.280503 15.706108 -5.922234 0.641829 6.383950 -7.546286 16.566151 -14.297059 -71.799045 -59.911863 41.655205 -32.386659 -5.713114 13.436051 8.958690 -5.012588 -18.691059 -1.355852 -7.357204 30.865167 -0.521167 4.536729 -4.809780 2.909668 -0.081480 -3.543408 -4.330185 3.937922 -1.449146 5.180071 -6.603297 5.373987 -1.017880 -7.390881 -4.022900 -7.733402 -0.017789 -1.725722 4.184745
-1.898792 0.962812 -0.148946 22.093141 1.811188 -0.090952 -0.136347 2.275570 0.130256 -0.067194 -4.815024 0.058748 -0.066975 1.005395 0.051926 -0.046324 6.590718 0.039306 -10.883922 21.692801 4.095345 -20.797147 5.648203 10.325938 -0.109209 10.149329 9.862608 -18.355090 -16.146768 70.318369 19.062835 32.103688 12.170827 0.548504 15.812019 -5.367316 0.736228 6.487408 -7.471205 16.351349 -14.251801 -71.865188 -61.261118 41.725458 -33.371480 -6.155993 13.365117 8.349550 -5.533873 -18.832307 -1.887546 -7.067209 30.274448 -0.493413 4.418111 -4.703117 2.663345 -0.101595 -2.189125 -2.964023 2.555474 -1.215302 5.948799 -6.548610 5.486110 -1.034343 -8.149127 -4.161207 -7.902338 -0.027113 -1.977392 4.091324
-1.901905 0.963106 -0.139659 24.238359 1.702740 -0.438050 0.027143 2.225121 0.293041 -0.002599 -4.837367 0.130530 -0.002605 0.983064 0.130265 0.007828 6.573973 0.098339 -11.344758 22.179698 4.364724 -21.634788 6.680074 10.835770 -0.100605 10.240192 9.855506 -18.558913 -16.001778 70.290844 18.788745 32.127840 11.986520 0.853156 15.912504 -4.771849 0.811621 6.616546 -7.387804 16.116373 -14.219843 -71.911208 -62.460222 41.826885 -34.173410 -6.602419 13.264495 7.684448 -5.966427 -18.921756 -2.524629 -6.713214 29.713873 -0.474184 4.212475 -4.667713 2.286716 -0.061889 -0.882672 -1.251588 1.287150 -1.031351 6.761060 -6.686095 5.596897 -0.985702 -8.822201 -4.297373 -8.078288 -0.035560 -2.228857 3.940598
-1.905548 0.963365 -0.130227 26.360304 1.630355 -0.823877 0.178466 2.158229 0.467495 0.056049 -4.866911 0.207627 0.055833 0.953518 0.213317 0.057894 6.551819 0.160940 -11.768946 22.671072 4.629825 -22.400541 7.717253 11.321513 -0.090611 10.318608 9.846976 -18.760483 -15.837898 70.221204 18.600462 32.007664 11.816443 1.111354 15.958577 -4.332533 0.866835 6.738925 -7.301571 15.938553 -14.186025 -71.913714 -63.409232 41.883582 -34.795258 -6.929699 13.177445 7.194512 -6.247354 -18.966194 -3.264912 -6.448451 29.175741 -0.480866 4.079711 -4.539590 1.981417 0.000000 -0.000000 -0.000000 0.395415 -0.964239 7.611151 -7.111548 5.762106 -0.898050 -9.496926 -4.413554 -8.234089 -0.046840 -2.565935 3.723261
-1.909775 0.963591 -0.120620 28.461230 1.598530 -1.254727 0.321781 2.068950 0.653889 0.110616 -4.906288 0.290161 0.110194 0.914130 0.301391 0.105293 6.522289 0.227337 -12.168366 23.180218 4.892927 -23.116731 8.784608 11.788147 -0.065353 10.379593 9.842118 -18.942304 -15.612058 70.100223 18.487807 31.626554 11.633484 1.264358 15.915391 -4.143698 0.891313 6.840661 -7.213669 15.836997 -14.146006 -71.860384 -64.037979 41.856187 -35.208255 -7.101382 13.127023 6.979250 -6.372226 -18.962935 -4.089181 -6.325362 28.655895 -0.541578 4.099759 -4.334921 1.881631 0.023758 0.242920 0.335501 0.065641 -1.069023 8.500275 -7.931730 5.992744 -0.760456 -10.239846 -4.495223 -8.348652 -0.061850 -3.042321 3.415592
-1.914531 0.963782 -0.110867 30.538378 1.606585 -1.720520 0.452302 1.962109 0.849953 0.159111 -4.953339 0.377153 0.158496 0.867072 0.393307 0.148454 6.487015 0.296641 -12.530146 23.694641 5.153130 -23.759809 9.856513 12.233181 -0.039210 10.428207 9.833923 -19.122121 -15.362374 69.940535 18.458103 31.103884 11.449333 1.349248 15.821179 -4.108779 0.895236 6.936274 -7.124896 15.791814 -14.111708 -71.762461 -64.410213 41.806478 -35.426661 -7.168050 13.099189 6.942243 -6.348094 -18.902741 -5.010615 -6.291836 28.162873 -0.627791 4.194414 -4.054756 1.864776 0.013003 0.118657 0.169691 0.103588 -1.321914 9.418276 -9.039804 6.267766 -0.578714 -10.984766 -4.558470 -8.441772 -0.075324 -3.602551 3.038412
-1.919711 0.963875 -0.100984 32.513536 1.649532 -2.177594 0.569958 1.842801 1.040063 0.202283 -5.005856 0.461639 0.201483 0.814540 0.482175 0.187417 6.447632 0.363649 -12.850830 24.173940 5.383447 -24.321911 10.853431 12.617665 -0.030945 10.464362 9.822105 -19.326410 -15.182209 69.755983 18.463796 30.638166 11.285594 1.418638 15.738959 -4.137519 0.908127 7.036708 -7.041716 15.821736 -14.094268 -71.631310 -64.621823 41.810715 -35.514047 -7.143144 13.085404 7.021759 -6.129859 -18.782152 -6.075142 -6.344059 27.708083 -0.670052 4.296345 -3.516692 1.762603 -0.000000 -0.000000 0.000000 0.202066 -1.666326 10.343554 -10.212701 6.597675 -0.404156 -11.619692 -4.630070 -8.547317 -0.082993 -4.169068 2.649687
-1.925320 0.963929 -0.090939 34.388330 1.726695 -2.623562 0.665173 1.713311 1.221854 0.235998 -5.062872 0.542591 0.235038 0.757503 0.566545 0.218987 6.404865 0.427270 -13.123492 24.618646 5.573713 -24.793421 11.768922 12.924613 -0.063652 10.484614 9.805121 -19.574206 -15.122203 69.555965 18.480844 30.343925 11.149184 1.477845 15.699996 -4.206855 0.950074 7.158057 -6.963588 15.925520 -14.118272 -71.481565 -64.656114 41.892029 -35.440579 -7.029444 13.072537 7.209340 -5.688660 -18.599602 -7.311328 -6.483611 27.330243 -0.633050 4.400704 -2.638498 1.490306 -0.000000 0.000000 0.000000 0.322078 -2.099688 11.286956 -11.467069 6.981826 -0.257194 -12.123035 -4.699034 -8.676056 -0.084502 -4.727089 2.263310
-1.931352 0.963886 -0.080765 36.160570 1.835372 -3.058273 0.747560 1.573514 1.397416 0.264441 -5.124422 0.620906 0.263336 0.695943 0.647747 0.246397 6.358708 0.488504 -13.358264 25.031889 5.728832 -25.194064 12.609822 13.164540 -0.114749 10.493163 9.782489 -19.846133 -15.130392 69.320582 18.532746 30.106173 11.033636 1.517713 15.673804 -4.339038 1.001280 7.285259 -6.890254 16.104001 -14.163908 -71.300648 -64.536291 42.032683 -35.229334 -6.831563 13.071061 7.518316 -5.060180 -18.337890 -8.681089 -6.709102 26.989881 -0.548182 4.536317 -1.493310 1.156552 0.000000 -0.000000 -0.000000 0.498124 -2.624779 12.230303 -12.788588 7.418302 -0.118379 -12.516753 -4.773807 -8.819212 -0.080573 -5.290810 1.864622
-1.937691 0.963504 -0.070575 37.746644 1.961582 -3.442732 0.846320 1.426612 1.558758 0.300975 -5.189029 0.692921 0.299685 0.631323 0.723475 0.279451 6.310270 0.545598 -13.580879 25.378814 5.838857 -25.568607 13.318002 13.332148 -0.134309 10.501074 9.756262 -20.110993 -15.146343 69.017378 18.644426 29.777969 10.943527 1.573812 15.629650 -4.514098 1.030970 7.383386 -6.830079 16.378891 -14.176804 -71.056312 -64.421020 42.242217 -35.026169 -6.561725 13.107669 7.920291 -4.297724 -17.975174 -10.129209 -7.017311 26.580037 -0.450390 4.694305 -0.127231 0.883569 0.000000 0.000000 -0.000000 0.539399 -3.166489 13.121228 -13.908632 7.923902 0.018864 -12.753359 -4.907470 -8.984019 -0.071655 -5.826855 1.470068
-1.944280 0.962713 -0.060451 39.113615 2.099338 -3.773039 0.976554 1.274212 1.706951 0.352247 -5.255926 0.759075 0.350700 0.564400 0.794838 0.323188 6.260126 0.599385 -13.801246 25.645828 5.887287 -25.936328 13.865346 13.404866 -0.098522 10.525240 9.719469 -20.340139 -15.148198 68.637528 18.830288 29.268886 10.861480 1.653006 15.553449 -4.731932 1.021269 7.445961 -6.785907 16.776737 -14.142703 -70.739854 -64.363375 42.531244 -34.865768 -6.209560 13.203586 8.435000 -3.283750 -17.488604 -11.686601 -7.549474 26.094834 -0.360529 4.891385 1.521577 0.768041 0.000000 0.000000 -0.000000 0.329160 -3.694701 13.952055 -14.687956 8.541687 0.158139 -12.792638 -5.128504 -9.189177 -0.059270 -6.327305 1.098761
-1.951177 0.961582 -0.050312 40.294574 2.247056 -4.053676 1.123701 1.116968 1.841795 0.411784 -5.324860 0.819340 0.409931 0.495426 0.861146 0.372723 6.208463 0.649348 -14.014515 25.850296 5.882213 -26.291203 14.282234 13.393487 -0.031024 10.548824 9.679808 -20.562131 -15.154946 68.189776 19.071418 28.668236 10.794573 1.747054 15.459967 -4.994122 0.989154 7.481601 -6.758622 17.270049 -14.083571 -70.354252 -64.313837 42.888931 -34.710330 -5.787373 13.328964 9.048788 -2.149598 -16.893694 -13.308783 -8.172054 25.549273 -0.261740 5.137110 3.381464 0.721968 0.000000 -0.000000 0.000000 -0.012302 -4.216154 14.741678 -15.268551 9.236248 0.293572 -12.673085 -5.402866 -9.423694 -0.042986 -6.799071 0.730604
-1.958431 0.960082 -0.040030 41.305373 2.394670 -4.259441 1.272789 0.957488 1.953873 0.473358 -5.394770 0.869556 0.471180 0.425465 0.917608 0.423043 6.156069 0.691886 -14.225115 26.003034 5.849192 -26.641238 14.597785 13.341136 0.046652 10.531047 9.660316 -20.831176 -15.167464 67.670616 19.344410 28.097691 10.785518 1.870286 15.361327 -5.284369 0.955620 7.478701 -6.755760 17.799040 -14.000593 -69.881751 -64.276640 43.293307 -34.600450 -5.337038 13.437329 9.680077 -1.315387 -16.254954 -14.838231 -8.477841 24.855086 -0.140208 5.392235 5.208084 0.575100 -0.000000 -0.000000 0.000000 -0.315680 -4.705914 15.482828 -15.802596 9.908797 0.417400 -12.464568 -5.690367 -9.649974 -0.020477 -7.230796 0.324077
-1.966013 0.958144 -0.029580 42.123608 2.532636 -4.375106 1.424356 0.800294 2.037117 0.537446 -5.463683 0.907006 0.534918 0.356494 0.961564 0.474290 6.104434 0.724999 -14.441266 26.092569 5.785105 -27.001930 14.791811 13.246816 0.137452 10.453019 9.681245 -21.168325 -15.212603 67.046479 19.666097 27.583896 10.876992 2.037711 15.266063 -5.574121 0.927960 7.430080 -6.788512 18.358963 -13.895396 -69.282775 -64.272939 43.734768 -34.571253 -4.842926 13.502577 10.345996 -0.916258 -15.607369 -16.249701 -8.282186 23.954203 0.016761 5.702087 7.012371 0.247974 -0.000000 -0.000000 0.000000 -0.555708 -5.137992 16.163437 -16.278602 10.548193 0.514432 -12.137178 -6.012490 -9.837476 0.009486 -7.580129 -0.142713
-1.973952 0.955836 -0.018986 42.772263 2.665239 -4.417482 1.578739 0.643692 2.099057 0.603818 -5.532347 0.935053 0.600911 0.287765 0.996350 0.526538 6.052991 0.751204 -14.656682 26.131078 5.688677 -27.362794 14.883335 13.105858 0.237625 10.332009 9.719366 -21.549779 -15.266479 66.348612 20.021006 27.095917 11.029675 2.236275 15.165779 -5.891663 0.898921 7.344552 -6.848045 18.952877 -13.771591 -68.593133 -64.284976 44.226415 -34.588453 -4.315017 13.546868 11.025040 -0.812588 -14.956514 -17.585853 -7.788123 22.878564 0.182355 6.004984 8.790880 -0.189128 -0.000000 0.000000 -0.000000 -0.752594 -5.533434 16.799872 -16.709021 11.167393 0.597330 -11.718844 -6.345247 -10.021780 0.044657 -7.887629 -0.646475
-1.982394 0.953336 -0.008197 43.335331 2.803951 -4.409113 1.720627 0.480847 2.150384 0.665185 -5.603852 0.958504 0.661905 0.216191 1.026028 0.574662 5.999412 0.773566 -14.853127 26.163346 5.590342 -27.690296 14.958918 12.959246 0.315656 10.182042 9.731426 -21.963576 -15.256744 65.672256 20.342748 26.670750 11.172220 2.438023 15.047837 -6.305789 0.867719 7.233903 -6.911545 19.533029 -13.627897 -67.909147 -64.256603 44.781881 -34.588239 -3.831773 13.607549 11.575989 -1.001868 -14.341102 -18.802301 -7.168284 21.668357 0.312350 6.069443 10.290280 -0.713643 0.000000 0.000000 -0.000000 -0.805701 -5.946803 17.421959 -17.279604 11.697809 0.700357 -11.368947 -6.583367 -10.255563 0.083920 -8.268417 -1.160991
-1.991300 0.950636 0.002729 43.823918 2.952769 -4.357688 1.846821 0.308717 2.199455 0.719746 -5.679536 0.981108 0.716106 0.140439 1.054168 0.617590 5.942692 0.794779 -15.028639 26.198073 5.497629 -27.980752 15.036010 12.818094 0.352332 9.991735 9.694426 -22.430910 -15.161309 65.040199 20.648761 26.335698 11.304749 2.650932 14.898328 -6.892217 0.828804 7.084073 -6.979509 20.095464 -13.437198 -67.248142 -64.226817 45.474862 -34.586936 -3.410707 13.718357 11.924070 -1.630100 -13.808744 -19.884745 -6.295161 20.298536 0.433700 5.729944 11.234485 -1.369654 0.000000 -0.000000 0.000000 -0.602111 -6.423906 18.024248 -18.161484 12.126830 0.844140 -11.145357 -6.743021 -10.575010 0.126065 -8.735008 -1.652368
-2.000708 0.947744 0.013851 44.227273 3.106513 -4.255920 1.961027 0.131188 2.238492 0.769483 -5.757698 0.999366 0.765490 0.062214 1.077477 0.656546 5.884113 0.812363 -15.185261 26.225964 5.402889 -28.238247 15.095581 12.671703 0.368008 9.773930 9.630909 -22.931653 -15.010152 64.429646 20.926140 26.064532 11.435750 2.869376 14.732798 -7.573829 0.788314 6.908815 -7.051990 20.643545 -13.219797 -66.590168 -64.158536 46.233256 -34.566566 -3.031317 13.859929 12.144872 -2.542701 -13.338673 -20.860531 -5.299653 18.786722 0.518690 5.117929 11.908938 -2.162361 0.000000 0.000000 0.000000 -0.253298 -6.921259 18.607804 -19.180804 12.458891 1.007981 -10.995247 -6.811567 -10.936246 0.174549 -9.279344 -2.152740
-2.010873 0.944866 0.025401 44.596558 3.263571 -4.103241 2.058173 -0.048572 2.253458 0.812757 -5.837041 1.006967 0.808430 -0.017191 1.089470 0.689812 5.824637 0.821423 -15.310488 26.264591 5.315286 -28.440045 15.169863 12.530394 0.390471 9.579568 9.567192 -23.395118 -14.807080 63.870568 21.065604 25.818582 11.509351 3.043793 14.580503 -8.189706 0.762313 6.760860 -7.104394 21.141613 -13.040025 -65.979604 -63.867212 46.854299 -34.406120 -2.716925 13.992725 12.325433 -3.287884 -12.849566 -21.740926 -4.717961 17.264067 0.466409 4.447985 12.900752 -3.023168 0.000000 -0.000000 0.000000 0.003750 -7.360760 19.213807 -20.003664 12.652882 1.165907 -10.918469 -6.642153 -11.265995 0.239256 -9.985491 -2.738184
-2.021795 0.942073 0.037433 44.932331 3.422203 -3.900829 2.132862 -0.237389 2.242772 0.847242 -5.920653 1.003217 0.842613 -0.100853 1.089220 0.715583 5.761950 0.821261 -15.398967 26.327669 5.235977 -28.575117 15.282805 12.392314 0.425422 9.414504 9.508526 -23.783735 -14.537369 63.359124 21.005432 25.557582 11.490988 3.166971 14.438850 -8.696292 0.755700 6.660889 -7.128183 21.597199 -12.899713 -65.418445 -63.299460 47.288763 -34.088396 -2.489846 14.110108 12.455842 -3.727195 -12.301871 -22.542360 -4.785396 15.730407 0.241721 3.707914 14.536190 -4.002125 -0.171077 0.135929 -1.301438 0.123393 -7.712730 19.857191 -20.533662 12.702653 1.312158 -10.918203 -6.228702 -11.550620 0.324830 -10.848003 -3.421529
-2.033473 0.939294 0.049892 45.234467 3.583539 -3.647706 2.191108 -0.427799 2.208528 0.875456 -6.005184 0.988996 0.870546 -0.185427 1.077864 0.735813 5.698566 0.812738 -15.456063 26.401484 5.164354 -28.654590 15.410254 12.260313 0.467122 9.272658 9.451211 -24.138020 -14.216949 62.901126 20.810830 25.324542 11.421165 3.247962 14.305799 -9.134749 0.762974 6.587530 -7.130384 22.003460 -12.789814 -64.908837 -62.492659 47.588945 -33.629278 -2.328390 14.220597 12.545999 -4.000350 -11.726392 -23.245502 -5.232898 14.207112 -0.077293 2.890653 16.471056 -5.094481 -0.368856 0.245805 -2.601930 0.153196 -8.003262 20.528437 -20.862411 12.621911 1.452774 -11.004617 -5.580771 -11.799910 0.435970 -11.869633 -4.195806
-2.046169 0.936532 0.062842 45.553179 3.749892 -3.339656 2.244801 -0.595005 2.141987 0.902941 -6.079611 0.960244 0.897762 -0.259897 1.051902 0.754361 5.642750 0.793210 -15.485266 26.462673 5.107143 -28.688610 15.512737 12.151833 0.525051 9.186720 9.408805 -24.505296 -13.892408 62.543287 20.562762 25.206499 11.355146 3.258397 14.209894 -9.472137 0.783945 6.530268 -7.109431 22.304568 -12.756901 -64.500437 -61.390964 47.703112 -32.957911 -2.191109 14.298370 12.711847 -4.075073 -11.132690 -23.802633 -5.827373 12.868199 -0.422684 2.231160 18.295929 -6.104426 -0.000000 0.000000 -0.000000 -0.004239 -8.236309 21.236736 -20.937633 12.407074 1.577874 -11.194397 -4.574537 -11.975606 0.589494 -13.142885 -5.113831
-2.060016 0.933865 0.076272 45.914579 3.938629 -2.968785 2.290359 -0.741154 2.037906 0.928320 -6.144943 0.914606 0.922895 -0.325269 1.008839 0.770005 5.593743 0.760798 -15.487756 26.506585 5.064362 -28.679932 15.581863 12.068060 0.602666 9.185242 9.392414 -24.907890 -13.587659 62.299848 20.267754 25.227212 11.305673 3.167726 14.158131 -9.688891 0.796560 6.498543 -7.066033 22.486783 -12.803094 -64.242892 -59.945219 47.644427 -31.991216 -2.083209 14.327319 12.995368 -3.792731 -10.490295 -24.186463 -6.781264 11.711701 -0.866566 1.870175 20.433112 -7.546286 1.741937 -0.976263 10.950074 -0.475719 -8.403680 22.004801 -20.657980 12.060803 1.676457 -11.549477 -3.190758 -12.076849 0.795964 -14.690626 -6.180324
-2.074881 0.931216 0.090192 46.293319 4.130919 -2.542502 2.331323 -0.863284 1.901866 0.952896 -6.199820 0.854557 0.947243 -0.380187 0.951285 0.783918 5.552562 0.717474 -15.462309 26.537846 5.035909 -28.625700 15.625599 12.007559 0.695855 9.239228 9.392595 -25.323682 -13.278880 62.158559 19.919153 25.362068 11.258811 3.005343 14.142946 -9.804187 0.822605 6.482336 -6.999036 22.566950 -12.919905 -64.092392 -58.219647 47.383671 -30.835831 -2.005734 14.316638 13.350214 -3.310011 -9.821875 -24.418002 -7.865080 10.732627 -1.337223 1.643223 22.469158 -8.869436 4.038458 -2.941522 25.670190 -1.132724 -8.510087 22.813917 -20.119214 11.595847 1.752462 -12.027172 -1.456176 -12.106543 1.071346 -16.483662 -7.408476
-2.090616 0.928355 0.104700 46.661772 4.274828 -2.079992 2.389595 -0.928618 1.741658 0.985959 -6.229547 0.783426 0.980069 -0.409971 0.883513 0.803356 5.530229 0.666451 -15.408820 26.546895 5.027961 -28.527620 15.628640 11.983128 0.802548 9.295215 9.391362 -25.732189 -12.940217 62.126788 19.576836 25.625402 11.227168 2.831109 14.172421 -9.844437 0.927782 6.441882 -6.904843 22.535102 -13.139808 -63.960164 -56.340935 46.812982 -29.721619 -1.913501 14.275740 13.760458 -3.063690 -9.223473 -24.528340 -8.202192 10.108951 -1.589742 1.447203 22.772600 -8.177229 4.872701 -4.864766 34.754054 -1.690784 -8.581463 23.608658 -19.564666 11.018608 1.818714 -12.488722 0.687861 -12.026890 1.451268 -18.527268 -8.880432
-2.107294 0.925065 0.120178 47.041292 4.334892 -1.555596 2.469566 -0.920831 1.536393 1.030367 -6.226995 0.691779 1.024232 -0.407496 0.796375 0.829750 5.532078 0.600824 -15.336120 26.527872 5.041757 -28.402760 15.581865 11.999599 0.919447 9.328473 9.381129 -26.200524 -12.507475 62.228962 19.335744 26.123394 11.262090 2.688946 14.273461 -9.769643 1.163715 6.326134 -6.766369 22.309607 -13.489235 -63.739451 -54.245190 45.754595 -28.725082 -1.734353 14.214426 14.309187 -3.186309 -8.660085 -24.553164 -7.020018 10.008014 -1.477926 0.956987 20.179785 -3.923751 3.283013 -5.965507 33.136310 -2.101091 -8.542291 24.391512 -19.192880 10.214833 1.870079 -13.050619 3.287960 -11.718473 1.982032 -20.964844 -10.708414
-2.124843 0.921564 0.136243 47.409137 4.345817 -0.996253 2.565269 -0.854846 1.308537 1.082627 -6.198725 0.589713 1.076246 -0.379322 0.699611 0.861255 5.553180 0.527921 -15.235758 26.485990 5.074926 -28.235142 15.492518 12.050378 1.049802 9.363803 9.368894 -26.656919 -12.044515 62.441969 19.096573 26.749837 11.305481 2.536583 14.421477 -9.619959 1.478677 6.184430 -6.603510 21.972258 -13.942560 -63.540989 -52.040967 44.398332 -27.837581 -1.556908 14.119087 14.913437 -3.539555 -8.176224 -24.465793 -5.100538 10.273295 -1.167286 0.113227 15.681548 2.110377 1.126447 -6.871725 25.790124 -2.413297 -8.470713 25.157543 -18.795581 9.296563 1.907993 -13.605291 6.295237 -11.299294 2.689287 -23.622584 -12.849489
-2.142895 0.918272 0.151841 47.671467 4.363698 -0.500198 2.682739 -0.746065 1.130887 1.142363 -6.151156 0.509840 1.135739 -0.331873 0.625800 0.900128 5.588744 0.472285 -15.081738 26.428282 5.127821 -27.977054 15.369233 12.130297 1.201332 9.422471 9.357835 -26.874683 -11.719793 62.702354 18.627339 27.196671 11.212149 2.301587 14.544315 -9.541498 1.784305 6.129479 -6.466003 21.762573 -14.453318 -63.602107 -50.078070 43.196757 -27.110879 -1.559528 13.974978 15.303340 -4.147704 -7.991563 -24.211270 -3.909639 10.607188 -0.886447 -0.370000 11.077568 7.100587 0.067736 -7.062368 18.845435 -2.492561 -8.623909 25.838842 -18.020326 8.611234 1.946765 -13.671897 9.637533 -11.000809 3.526423 -25.974828 -15.204901
-2.161676 0.914972 0.166804 47.793515 4.420896 -0.128618 2.839380 -0.597549 1.036806 1.215852 -6.085386 0.467073 1.208953 -0.266261 0.590492 0.952249 5.637976 0.445632 -14.851128 26.355717 5.212210 -27.590250 15.210934 12.255497 1.373396 9.523499 9.345723 -26.756984 -11.597150 63.004932 17.816752 27.337046 10.959491 1.963854 14.599779 -9.608317 2.065465 6.239231 -6.372033 21.782295 -15.089544 -64.035694 -48.331357 42.081277 -26.458604 -1.769012 13.761341 15.357026 -5.041260 -8.207697 -23.744215 -4.502434 10.903552 -0.750263 0.502550 6.936739 10.322775 0.024637 -5.464455 14.609976 -2.275835 -9.050631 26.446534 -16.834929 8.198515 2.086979 -13.103773 13.726092 -10.901941 4.707117 -28.652250 -17.762441
-2.180959 0.911881 0.181300 47.810321 4.488542 0.179655 3.017389 -0.407810 0.992832 1.296614 -6.000962 0.446346 1.289453 -0.182015 0.577960 1.011569 5.701220 0.436100 -14.567323 26.267007 5.313499 -27.114505 15.014948 12.404177 1.565985 9.648558 9.334369 -26.399316 -11.619930 63.346703 16.784058 27.281556 10.593572 1.541151 14.621379 -9.743026 2.337471 6.438263 -6.300243 21.941635 -15.770641 -64.737481 -46.797580 41.117937 -25.921579 -2.132090 13.512170 15.184176 -6.189739 -8.712864 -23.097513 -5.830093 11.247622 -0.648194 2.078106 2.887127 12.711394 0.183910 -2.809092 10.989931 -1.827630 -9.700912 26.964326 -15.287486 8.030282 2.231753 -11.991710 18.171054 -10.650850 5.995149 -30.834406 -20.728902
-2.199694 0.910079 0.194783 47.733330 4.532447 0.510354 3.170162 -0.186583 0.970760 1.365187 -5.902468 0.435022 1.357890 -0.083678 0.573595 1.062457 5.775034 0.432672 -14.273628 26.167120 5.393296 -26.618371 14.790693 12.515109 1.787810 9.763141 9.332459 -25.867763 -11.774747 63.665983 15.643591 27.074675 10.075394 1.015856 14.649868 -9.865056 2.558127 6.611050 -6.239855 22.187709 -16.227985 -65.608568 -45.799102 40.956932 -25.647347 -2.695052 13.301664 14.863606 -7.525071 -9.404888 -22.330460 -6.204339 11.654875 -0.472388 3.097104 -0.574963 14.149040 0.188763 -0.762813 7.752411 -1.201948 -10.679973 27.281122 -13.158459 8.380388 2.128588 -10.106919 21.658431 -9.788812 6.135130 -29.857526 -23.636574
-2.217829 0.910017 0.207064 47.531036 4.555401 0.898584 3.291625 0.065314 0.958405 1.419397 -5.790357 0.427664 1.412096 0.028297 0.571734 1.102848 5.859062 0.431083 -13.970697 26.046016 5.437372 -26.100843 14.517774 12.564726 2.076193 9.829222 9.347169 -25.151383 -12.043012 63.940395 14.353342 26.723253 9.336345 0.329779 14.718117 -9.904532 2.720301 6.675019 -6.188057 22.659739 -16.338354 -66.663366 -45.447366 41.812875 -25.671106 -3.557775 13.142345 14.413146 -9.336177 -10.396331 -21.369536 -4.483277 12.173119 -0.085912 2.986359 -3.356360 14.243973 0.072748 -0.071141 4.636091 -0.240058 -12.251089 27.383117 -10.092767 9.461486 1.693564 -6.850744 23.720288 -8.132586 3.688852 -23.419979 -26.597272
-2.235416 0.911243 0.218333 47.234583 4.556823 1.309189 3.386971 0.348351 0.966533 1.461025 -5.664310 0.429104 1.453834 0.154235 0.577397 1.134438 5.953563 0.435124 -13.658116 25.915949 5.459136 -25.563217 14.220951 12.573465 2.393798 9.886480 9.368810 -24.258927 -12.438990 64.177372 12.968757 26.203694 8.461483 -0.458618 14.794346 -9.934238 2.831112 6.713315 -6.148882 23.196521 -16.219509 -67.873138 -45.606783 43.472268 -25.919328 -4.629782 13.027635 13.845771 -11.352028 -11.552224 -20.246998 -1.809363 12.817572 0.391754 2.459692 -5.638738 13.364492 0.002406 0.005567 1.887569 0.924238 -14.139578 27.259471 -6.433767 11.138973 1.243039 -2.761017 24.484114 -6.003772 -0.329747 -13.737079 -28.224256
-2.251566 0.913491 0.228609 46.948807 4.496234 1.722915 3.426339 0.654543 1.001692 1.476467 -5.527871 0.442399 1.469557 0.290639 0.592266 1.147210 6.055913 0.446088 -13.377034 25.815797 5.464529 -25.075615 13.980824 12.551966 2.636828 10.015867 9.382432 -23.287470 -12.993158 64.363995 11.744474 25.532923 7.621007 -1.192251 14.824573 -10.090917 2.868798 6.858016 -6.122413 23.286750 -15.996940 -69.063898 -46.222788 45.943080 -26.383759 -5.688934 13.004849 13.254158 -12.640415 -12.433567 -19.244037 0.078117 13.545110 0.687697 2.088892 -7.381228 12.490670 -0.000000 -0.000000 -0.000000 1.792867 -15.645553 26.834701 -3.005243 13.095502 1.040146 0.521990 23.727489 -4.067783 -2.990716 -5.643516 -26.258104
-2.265770 0.916951 0.237633 46.671792 4.303307 2.144134 3.386530 1.031176 1.073859 1.454793 -5.360011 0.471764 1.448432 0.458561 0.619437 1.133248 6.181890 0.466296 -13.139808 25.751503 5.470805 -24.661810 13.816085 12.532532 2.761157 10.278015 9.384035 -22.084076 -13.828873 64.453087 10.670922 24.660227 6.795960 -1.833500 14.792707 -10.371933 2.799272 7.194052 -6.123700 22.698096 -15.736435 -70.256409 -47.375126 49.549796 -27.134648 -6.698583 13.175912 12.811177 -12.540499 -12.902685 -18.557227 0.284673 14.501831 0.609220 2.054510 -8.438090 11.915628 0.011167 0.057412 -0.574506 2.214498 -16.420862 26.041896 -0.041085 15.152969 1.120104 2.038587 21.080078 -2.666328 -2.643689 -1.654848 -18.521156
-2.278538 0.921431 0.245665 46.403625 4.048228 2.569542 3.290007 1.430106 1.171071 1.406497 -5.182213 0.512341 1.400787 0.636479 0.655114 1.100003 6.315339 0.492944 -12.933901 25.717386 5.462572 -24.296818 13.710457 12.486872 2.807052 10.610224 9.377516 -20.792451 -14.812652 64.473734 9.768650 23.652659 5.994479 -2.416473 14.715413 -10.784708 2.650641 7.633670 -6.140143 21.646553 -15.442171 -71.422283 -49.101494 53.975623 -28.351183 -7.705018 13.456313 12.413519 -11.691552 -13.126406 -18.043620 -0.312722 15.481443 0.329471 2.094970 -8.937471 11.338064 0.005782 0.028554 -0.287265 2.330160 -16.828495 24.976691 2.738289 17.377703 1.357749 2.464455 17.225604 -1.786952 -1.044081 -0.300027 -7.828963
-2.290502 0.926093 0.253508 46.253621 3.898651 2.966967 3.177684 1.699873 1.270661 1.351127 -5.061885 0.555140 1.345904 0.756936 0.692296 1.061482 6.405675 0.520868 -12.763747 25.733907 5.398428 -23.978497 13.691464 12.339195 2.799139 10.906982 9.363535 -19.968052 -15.598565 64.568895 9.319127 22.726975 5.396753 -2.886406 14.584471 -11.479439 2.496962 8.051271 -6.127931 20.316811 -15.141761 -72.324780 -51.373473 58.246964 -30.226765 -8.672260 13.593699 11.695154 -11.092451 -13.150407 -17.520221 -0.772044 15.893081 0.125243 2.081216 -9.221666 10.852670 -0.000000 0.000000 0.000000 2.064490 -17.247031 23.833423 5.262528 19.776731 1.610324 2.730422 13.776986 -1.409422 -0.000000 -0.000000 -0.000000
-2.301777 0.930841 0.261476 46.295514 3.926980 3.350415 3.058008 1.765498 1.354445 1.293631 -5.032457 0.592497 1.288679 0.786496 0.723823 1.020898 6.427823 0.544687 -12.642854 25.845897 5.245942 -23.719620 13.836984 12.027323 2.735508 11.158311 9.348786 -19.930016 -16.079649 64.891752 9.469751 21.991758 5.019111 -3.237515 14.375045 -12.663256 2.333030 8.456326 -6.053205 18.517030 -14.808540 -72.832713 -54.761259 62.380401 -33.300659 -9.770584 13.427757 10.430654 -11.244391 -12.946707 -16.925932 -0.599509 15.376401 0.124394 1.951409 -9.351015 10.519028 0.000000 -0.000000 -0.000000 1.149978 -17.771378 22.694616 7.634467 22.501794 1.756795 3.403533 11.293166 -1.496355 0.216095 0.190882 1.993612
-2.312248 0.935770 0.269255 46.458220 4.057813 3.705246 2.925901 1.701258 1.443831 1.230656 -5.060784 0.633316 1.225880 0.758310 0.758248 0.976445 6.406652 0.570779 -12.559385 26.008199 5.039512 -23.510778 14.070874 11.618869 2.620453 11.372562 9.328423 -20.375478 -16.371091 65.333699 10.058584 21.361406 4.828383 -3.437994 14.129215 -14.123054 2.166705 8.840141 -5.948410 16.460447 -14.452681 -73.098717 -59.543310 66.240869 -37.856551 -10.977529 13.076230 8.851709 -11.639977 -12.545296 -16.324651 -0.251577 14.308037 0.201746 1.759129 -9.267404 10.277289 0.000000 -0.000000 0.000000 -0.153997 -18.336174 21.492002 9.773812 25.401676 1.853633 4.021914 9.242507 -1.933503 0.111842 0.087273 0.997109
-2.322208 0.940327 0.276713 46.634810 4.237186 3.955077 2.803064 1.580217 1.577909 1.169812 -5.114080 0.694380 1.165161 0.705145 0.813132 0.935140 6.366766 0.612329 -12.478077 26.106234 4.838223 -23.313677 14.189236 11.232056 2.492072 11.472680 9.288462 -20.936639 -16.470746 65.663461 10.884422 20.758456 4.919272 -3.415332 13.938325 -15.377515 2.097673 9.052996 -5.864061 14.952573 -14.105267 -73.318391 -64.381891 68.685333 -42.649976 -11.938077 12.682177 7.152277 -11.765904 -12.082952 -15.720382 -0.194613 13.221129 0.286180 1.570802 -9.137167 10.042878 0.000000 -0.000000 0.000000 -1.119151 -19.051738 20.184685 11.307948 28.066656 2.028287 4.043562 7.553503 -2.559921 0.000000 -0.000000 -0.000000
-2.331725 0.944364 0.283677 46.827489 4.474178 4.042634 2.692761 1.396045 1.795674 1.110766 -5.194915 0.793112 1.106181 0.624431 0.905872 0.898051 6.306242 0.682455 -12.396563 26.099666 4.651873 -23.130477 14.120071 10.889578 2.341135 11.383738 9.207266 -21.582856 -16.291811 65.745533 11.993992 20.097239 5.443119 -3.081944 13.836958 -16.368428 2.205861 8.991148 -5.820912 14.363296 -13.748898 -73.571885 -67.493522 69.228908 -45.918862 -12.358655 12.227083 5.046315 -11.343160 -11.574609 -15.128041 -0.753672 12.249988 0.389157 1.435369 -8.984100 9.828959 0.000000 -0.000000 0.000000 -1.490281 -20.002848 18.735815 12.047792 30.435931 2.329097 2.983139 6.303593 -3.318740 0.003984 0.241891 0.296443
-2.340731 0.948027 0.290319 47.033209 4.760779 4.025786 2.591438 1.155587 2.058065 1.053969 -5.300531 0.912044 1.049406 0.518924 1.019039 0.864221 6.227113 0.767975 -12.313133 26.029129 4.471693 -22.952062 13.936092 10.568049 2.181962 11.180144 9.107583 -22.347381 -15.931615 65.701161 13.310460 19.447075 6.244623 -2.543004 13.808223 -17.141382 2.416840 8.761527 -5.795972 14.325192 -13.362699 -73.769999 -68.919382 68.534097 -47.585018 -12.369272 11.708977 2.716620 -10.646264 -11.016653 -14.527607 -1.604641 11.244764 0.513429 1.301712 -8.783441 9.623344 0.000000 0.000000 0.000000 -1.508187 -21.067564 17.159098 12.152072 32.624222 2.635655 1.365593 5.426167 -4.118672 0.023116 0.494520 0.583179
-2.349310 0.951201 0.297019 47.136581 5.018279 3.999132 2.509943 0.952663 2.287256 1.007668 -5.389664 1.015821 1.003126 0.429874 1.118110 0.837187 6.160301 0.842797 -12.192573 25.901228 4.328261 -22.720865 13.649028 10.314153 2.085577 11.010623 9.042542 -22.954538 -15.658169 65.689186 14.460629 18.967051 6.950695 -2.065733 13.825677 -17.389684 2.597910 8.529434 -5.772992 14.532918 -12.972505 -73.847321 -69.243272 67.291706 -48.071166 -12.213285 11.325071 0.994343 -9.996632 -10.513923 -13.872363 -2.246901 10.312315 0.583156 1.093045 -8.628789 9.302507 0.000000 -0.000000 0.000000 -1.182561 -22.025188 15.476862 11.733635 34.500159 2.823373 0.167293 4.636129 -4.789947 0.000000 0.000000 -0.000000
-2.357523 0.953819 0.303906 47.075659 5.228685 4.004430 2.459300 0.823919 2.450126 0.978045 -5.446133 1.089432 0.973526 0.373454 1.188710 0.820461 6.117961 0.896092 -12.011140 25.688555 4.242195 -22.400797 13.208390 10.164164 2.117609 10.967235 9.033500 -23.345570 -15.583863 65.810473 15.342054 18.742619 7.422359 -1.728309 13.850659 -16.864046 2.708054 8.340979 -5.737369 15.000799 -12.576860 -73.756860 -68.527411 65.469791 -47.378444 -11.967095 11.200605 0.243688 -9.452601 -10.102237 -13.127065 -2.463423 9.488476 0.529715 0.693450 -8.565783 8.745081 0.000000 -0.000000 0.000000 -0.313843 -22.821459 13.587317 10.426751 36.013389 2.747254 -0.134848 3.824784 -5.338758 -0.171497 -1.899028 -2.394609
-2.365309 0.955947 0.310850 46.912319 5.409916 3.998376 2.428495 0.733510 2.580027 0.958683 -5.485681 1.148042 0.954179 0.333940 1.245356 0.810342 6.088307 0.938845 -11.792206 25.417961 4.192682 -22.026683 12.663168 10.079317 2.209659 10.960116 9.059151 -23.577500 -15.587559 65.972877 16.072971 18.697015 7.800240 -1.481194 13.876494 -15.830711 2.787244 8.148618 -5.703297 15.712836 -12.175518 -73.537745 -67.102754 63.097049 -45.930997 -11.573174 11.241660 0.105046 -8.957178 -9.739926 -12.331078 -2.472962 8.748922 0.411538 0.223632 -8.552742 8.070188 -0.000000 -0.000000 -0.000000 0.901236 -23.482593 11.579387 8.522175 37.262978 2.493644 -0.008279 3.076302 -5.826521 -0.350576 -4.648666 -5.565476
-2.372570 0.957670 0.317837 46.717428 5.536466 3.947464 2.395644 0.666776 2.699108 0.938842 -5.514796 1.201675 0.934376 0.304860 1.296976 0.799481 6.066471 0.977798 -11.572961 25.176922 4.148190 -21.650081 12.173492 9.996067 2.229507 10.865031 9.108857 -23.547372 -15.578801 66.055496 16.628539 18.758085 8.129684 -1.403218 13.915317 -14.769895 2.821625 7.974999 -5.697278 16.321198 -11.804855 -73.271105 -65.897623 60.934009 -44.682531 -11.176931 11.305996 0.296320 -8.662616 -9.404578 -11.553098 -2.431793 8.113586 0.341798 -0.038958 -8.548930 7.516605 -0.000000 -0.000000 0.000000 1.837296 -23.946945 9.790463 7.128537 38.295447 2.318350 0.103181 2.406158 -6.207424 -0.374882 -7.118328 -7.435050
-2.379247 0.958922 0.324923 46.517697 5.575215 3.824995 2.345174 0.632050 2.814534 0.911197 -5.529827 1.253499 0.906829 0.289874 1.345995 0.782586 6.055180 1.014783 -11.363830 24.998375 4.109069 -21.286326 11.801756 9.913166 2.102996 10.576126 9.193499 -23.079551 -15.498303 65.942163 16.910604 18.881728 8.410230 -1.593667 13.982233 -13.737964 2.771128 7.823201 -5.738086 16.722395 -11.445793 -72.959787 -64.985596 59.164578 -43.634486 -10.836041 11.338122 0.809897 -8.691342 -9.077289 -10.818792 -2.434229 7.603193 0.386969 0.097247 -8.515423 7.197088 -0.000000 -0.000000 0.000000 2.300774 -24.154628 8.388212 6.752179 39.023578 2.358696 0.003742 1.851641 -6.467107 -0.231888 -8.853942 -6.877100
-2.385400 0.959768 0.332052 46.286536 5.558633 3.658260 2.292354 0.621189 2.918753 0.882912 -5.534355 1.300172 0.878664 0.285392 1.389798 0.764810 6.051759 1.047831 -11.155509 24.848389 4.075462 -20.921802 11.484209 9.835103 1.904535 10.199399 9.305203 -22.351102 -15.398302 65.754105 17.018606 19.110448 8.640088 -1.940599 14.071072 -12.675649 2.675444 7.688990 -5.806659 17.024131 -11.117992 -72.609318 -64.172408 57.610068 -42.633415 -10.514976 11.391602 1.640237 -8.923994 -8.766328 -10.105061 -2.392474 7.196758 0.488160 0.437255 -8.482236 7.001767 0.000000 -0.000000 -0.000000 2.461542 -24.200128 7.228590 6.886938 39.487919 2.509546 -0.102430 1.390495 -6.630664 -0.046646 -10.213213 -5.074486
-2.391103 0.960490 0.339042 46.014605 5.559638 3.494837 2.261473 0.594588 3.012195 0.864981 -5.545819 1.342093 0.860795 0.273954 1.429898 0.754489 6.043141 1.078080 -10.955378 24.714304 4.015826 -20.564229 11.192482 9.708859 1.725507 9.927057 9.402743 -21.787690 -15.363538 65.719296 17.221716 19.501200 8.864588 -2.209186 14.171352 -11.890192 2.640333 7.584626 -5.873385 17.194585 -10.915961 -72.309195 -63.622260 56.521030 -42.005130 -10.189582 11.477938 2.496688 -9.150300 -8.492538 -9.405247 -2.190441 6.847411 0.571394 0.677564 -8.512525 6.836409 0.000000 0.000000 -0.000000 2.235351 -24.284403 6.190839 7.146115 39.905345 2.677299 -0.060505 0.957453 -6.696239 0.054448 -11.208136 -3.451728
-2.396376 0.961185 0.345766 45.695113 5.623228 3.353787 2.273000 0.522789 3.098504 0.866523 -5.577139 1.381048 0.862278 0.242633 1.469007 0.758656 6.019652 1.107573 -10.778972 24.606428 3.904356 -20.234278 10.943407 9.490395 1.602405 9.861215 9.464893 -21.602666 -15.461415 65.957096 17.614580 20.156906 9.088638 -2.310179 14.302316 -11.541874 2.725779 7.525747 -5.931373 17.127883 -10.912713 -72.085524 -63.327908 56.076363 -41.855610 -9.813897 11.579663 3.389436 -9.377907 -8.306196 -8.709981 -1.684738 6.556212 0.606544 0.707925 -8.659226 6.721075 -0.000000 -0.000000 0.000000 1.452864 -24.492908 5.243650 7.496426 40.356018 2.864178 0.271709 0.505149 -6.624217 0.064038 -11.734291 -2.558263
-2.401200 0.961756 0.352351 45.334546 5.704211 3.215442 2.306378 0.434979 3.174475 0.878382 -5.615479 1.415475 0.874019 0.204275 1.504638 0.770272 5.990909 1.134438 -10.610347 24.514274 3.767109 -19.910332 10.720334 9.224893 1.498255 9.899207 9.509158 -21.582810 -15.628547 66.344285 18.103340 20.976535 9.319876 -2.338693 14.450694 -11.471668 2.871505 7.497401 -5.987907 16.928186 -11.035098 -71.911984 -63.216179 56.103829 -41.996141 -9.411707 11.705904 4.305176 -9.600851 -8.155776 -8.027053 -1.020898 6.326760 0.617726 0.641030 -8.873559 6.634889 -0.000000 -0.000000 -0.000000 0.280884 -24.757084 4.426532 7.965751 40.754115 3.059539 0.755906 0.081312 -6.454964 0.052389 -11.895374 -1.863940
-2.405597 0.962193 0.359002 44.943390 5.740418 3.069374 2.324422 0.379382 3.230367 0.884170 -5.639721 1.440766 0.879736 0.180024 1.530518 0.776594 5.972732 1.153952 -10.409392 24.394088 3.650450 -19.535911 10.445085 8.992365 1.394880 9.925443 9.550294 -21.512415 -15.760565 66.737819 18.675273 21.710954 9.606147 -2.343296 14.552348 -11.512350 3.002822 7.466184 -6.035043 16.877559 -11.160104 -71.797141 -63.327438 56.331832 -42.290626 -9.060001 11.911669 4.921280 -9.586495 -7.919068 -7.374445 -0.514253 6.112778 0.611187 0.508658 -9.070579 6.422191 -0.000000 0.000000 0.000000 -0.853801 -25.038887 3.717768 8.261422 41.087663 3.145412 1.125697 -0.240558 -6.301989 0.034948 -12.012284 -1.158072
-2.409558 0.962473 0.365865 44.529955 5.690116 2.902858 2.312941 0.380645 3.264343 0.877491 -5.639032 1.455941 0.873089 0.180723 1.545015 0.772713 5.973238 1.164885 -10.155650 24.222956 3.575284 -19.080913 10.076712 8.828459 1.295206 9.892883 9.597365 -21.316922 -15.803022 67.088660 19.339445 22.243618 9.961228 -2.331878 14.570478 -11.671225 3.099788 7.411947 -6.058729 17.132681 -11.247494 -71.779188 -63.835992 56.796586 -42.816784 -8.786019 12.300102 5.006468 -9.234949 -7.504369 -6.742562 -0.235467 5.857157 0.586231 0.234708 -9.256046 5.991781 0.000000 0.000000 -0.000000 -1.859231 -25.297113 3.154383 8.250403 41.354655 3.024288 1.278618 -0.437411 -6.208212 0.011533 -12.186757 -0.345802
-2.413091 0.962619 0.372794 44.086539 5.594571 2.729915 2.286365 0.413908 3.277453 0.864860 -5.624356 1.461612 0.860543 0.195418 1.549403 0.763603 5.984227 1.168199 -9.870075 24.023000 3.521253 -18.575692 9.655544 8.697788 1.196416 9.849054 9.642176 -21.070932 -15.810315 67.445636 20.088721 22.688054 10.370136 -2.297109 14.547456 -11.943513 3.182050 7.354540 -6.073008 17.537756 -11.339290 -71.819651 -64.596216 57.456955 -43.527522 -8.574148 12.773693 4.790091 -8.644595 -7.013370 -6.137009 -0.113458 5.612775 0.545252 -0.104843 -9.426674 5.435629 -0.000000 -0.000000 0.000000 -2.825471 -25.563548 2.694699 8.057523 41.561235 2.791850 1.320281 -0.530167 -6.134810 -0.017552 -12.305817 0.478937
-2.416246 0.962692 0.379551 43.599509 5.516333 2.580241 2.250464 0.453023 3.264206 0.849257 -5.607306 1.455494 0.845040 0.212492 1.541702 0.751344 5.996995 1.162398 -9.574802 23.817896 3.472906 -18.054565 9.225164 8.573765 1.072027 9.820415 9.674408 -20.781702 -15.842147 67.812065 20.886844 23.138155 10.833342 -2.262002 14.530258 -12.143059 3.234430 7.319961 -6.112516 17.906460 -11.436239 -71.812661 -65.127117 57.934289 -44.056014 -8.437676 13.090158 4.644010 -7.881495 -6.616751 -5.600227 -0.251411 5.492754 0.504622 -0.253991 -9.479756 4.872952 0.000000 0.000000 -0.000000 -3.595298 -25.906928 2.194349 7.777559 41.719615 2.622602 1.296695 -0.513735 -6.075389 -0.047676 -12.367472 1.254665
-2.419089 0.962718 0.385984 43.089314 5.494678 2.475984 2.199839 0.481523 3.212276 0.828969 -5.595300 1.432190 0.824865 0.224528 1.516341 0.734247 6.005976 1.143282 -9.276761 23.614178 3.428925 -17.528877 8.798629 8.454720 0.906057 9.824356 9.694239 -20.420159 -15.923741 68.202267 21.704663 23.580042 11.340795 -2.237762 14.520808 -12.207787 3.245954 7.318678 -6.202940 18.153312 -11.554947 -71.686549 -65.170285 58.045038 -44.210074 -8.387009 13.115109 4.730986 -6.785324 -6.415657 -5.169600 -0.878890 5.588797 0.464866 -0.121067 -9.326015 4.301512 0.000000 0.000000 0.000000 -4.148012 -26.394327 1.600698 7.450185 41.854738 2.591430 1.196160 -0.359186 -6.044084 -0.076234 -12.379630 1.968158
-2.421554 0.962672 0.392246 42.535148 5.490871 2.394253 2.139835 0.514904 3.133923 0.805722 -5.581328 1.397072 0.801754 0.238534 1.478864 0.714024 6.016430 1.115028 -8.969337 23.404659 3.391057 -16.987531 8.362261 8.343433 0.714623 9.843593 9.700843 -20.016243 -16.029114 68.603243 22.573156 24.023124 11.906026 -2.212785 14.512588 -12.199431 3.227627 7.339076 -6.319397 18.363515 -11.677408 -71.512991 -64.953530 57.977749 -44.148918 -8.407598 12.983434 4.891114 -5.520487 -6.311054 -4.808074 -1.770000 5.801284 0.427209 0.193234 -9.048447 3.723633 -0.000000 -0.000000 0.000000 -4.502327 -26.959767 0.969325 7.032881 41.954403 2.623592 1.031217 -0.097285 -6.039252 -0.101711 -12.339415 2.627587
-2.423488 0.962541 0.398560 41.861328 5.450064 2.297235 2.092312 0.575166 3.060422 0.787648 -5.555279 1.363959 0.783808 0.264607 1.443914 0.697842 6.035948 1.088679 -8.653760 23.192723 3.348580 -16.430183 7.920169 8.220308 0.519419 9.851842 9.682451 -19.665742 -16.140042 68.977633 23.551303 24.593350 12.574512 -2.176155 14.534798 -12.115806 3.197393 7.374261 -6.420931 18.607059 -11.752907 -71.401873 -64.685284 57.919502 -43.992632 -8.462501 12.854336 5.014014 -4.640912 -6.165680 -4.449064 -2.343722 5.962061 0.411846 0.659621 -8.800731 3.263549 0.000000 0.000000 0.000000 -4.559223 -27.474619 0.316452 6.498503 41.979343 2.672065 0.883621 0.188417 -6.026252 -0.121871 -12.237938 3.202820
-2.424819 0.962305 0.405033 41.037230 5.342485 2.166538 2.069763 0.676862 3.000657 0.779801 -5.510563 1.336728 0.776063 0.309334 1.415884 0.689794 6.069479 1.067547 -8.336554 22.962072 3.300657 -15.869904 7.443607 8.087266 0.319771 9.819243 9.625821 -19.454268 -16.245114 69.319938 24.702403 25.410802 13.431985 -2.117880 14.603291 -11.939843 3.156803 7.425122 -6.486568 18.930191 -11.749680 -71.409283 -64.440627 57.926701 -43.751684 -8.560820 12.768883 5.036954 -4.419140 -5.909665 -4.065995 -2.361969 5.997733 0.435790 1.315195 -8.627781 2.985073 0.000000 0.000000 0.000000 -4.156278 -27.862489 -0.414468 5.735225 41.878072 2.742521 0.794182 0.448017 -6.000720 -0.135286 -12.042505 3.676194
-2.425620 0.961984 0.411557 40.094060 5.196317 2.022943 2.059855 0.805340 2.943972 0.777296 -5.453839 1.310718 0.773649 0.366061 1.389621 0.685856 6.112023 1.047745 -8.010708 22.728743 3.249219 -15.292201 6.961869 7.943836 0.116442 9.773853 9.545527 -19.296455 -16.353816 69.636321 25.983615 26.338779 14.421655 -2.046302 14.697874 -11.686581 3.104250 7.491419 -6.538212 19.287154 -11.701116 -71.481506 -64.142439 57.943061 -43.414470 -8.693479 12.685839 5.023249 -4.581237 -5.600561 -3.693826 -2.061043 5.989950 0.481344 2.128514 -8.483055 2.821627 -0.000000 0.000000 -0.000000 -3.452987 -28.194219 -1.172965 4.851122 41.709957 2.831994 0.721247 0.732267 -5.965674 -0.143490 -11.796119 4.060576
-2.425955 0.961625 0.418039 39.048901 5.043368 1.887738 2.047219 0.939316 2.892135 0.773350 -5.394658 1.286861 0.769806 0.425248 1.365365 0.680998 6.156408 1.029459 -7.656718 22.544849 3.187089 -14.655084 6.567065 7.765738 -0.066906 9.776209 9.470212 -19.030705 -16.480183 69.907099 27.284511 27.124630 15.363856 -1.978890 14.794854 -11.401911 3.052915 7.564637 -6.599018 19.610214 -11.655108 -71.563516 -63.765954 57.986901 -43.065594 -8.793974 12.639809 5.049764 -4.861129 -5.291409 -3.354965 -1.569997 6.007588 0.518442 2.972779 -8.385865 2.700961 0.000000 -0.000000 0.000000 -2.836354 -28.565270 -1.781248 4.153278 41.590004 2.882277 0.622681 1.111422 -5.895528 -0.150090 -11.604616 4.375865
-2.425882 0.961246 0.424467 37.884589 4.892501 1.767368 2.041458 1.075994 2.838946 0.772533 -5.334244 1.262361 0.769075 0.485659 1.340774 0.678448 6.201715 1.010907 -7.265280 22.437175 3.120427 -13.941890 6.309707 7.558922 -0.205255 9.893188 9.415440 -18.545712 -16.646316 70.122620 28.569592 27.676655 16.163358 -1.910198 14.896962 -11.083666 3.008999 7.649959 -6.679745 19.872674 -11.648396 -71.639660 -63.253267 58.049414 -42.693104 -8.822285 12.663447 5.157119 -5.322474 -4.999888 -3.041097 -0.794974 6.057593 0.531459 3.841399 -8.347690 2.620146 0.000000 0.000000 -0.000000 -2.437754 -29.005092 -2.141948 3.781458 41.542017 2.858352 0.456865 1.655376 -5.789687 -0.163859 -11.602677 4.638863
-2.425343 0.960828 0.430852 36.618305 4.734702 1.656418 2.032819 1.218057 2.789565 0.770250 -5.271431 1.239551 0.766886 0.548471 1.317725 0.674920 6.248819 0.993517 -6.845902 22.378812 3.041240 -13.170693 6.140940 7.315350 -0.324357 10.057824 9.360553 -17.951261 -16.831760 70.292703 29.859610 28.093387 16.896292 -1.846266 14.999757 -10.733660 2.966035 7.740975 -6.770625 20.101027 -11.644530 -71.724646 -62.660370 58.134094 -42.309574 -8.815654 12.724149 5.303534 -5.901936 -4.706564 -2.765254 0.169469 6.133591 0.532605 4.742906 -8.358140 2.580512 0.000000 -0.000000 0.000000 -2.133555 -29.484289 -2.343915 3.602302 41.526304 2.799488 0.264489 2.296653 -5.658498 -0.176839 -11.660655 4.841130
-2.424221 0.960365 0.437135 35.318312 4.575863 1.557082 1.976765 1.353247 2.763495 0.745837 -5.211810 1.227364 0.742662 0.608132 1.303077 0.655522 6.293519 0.982502 -6.406956 22.341215 2.920994 -12.351118 6.004932 6.989375 -0.476416 10.129542 9.282403 -17.417722 -16.985869 70.429090 31.112568 28.415255 17.626354 -1.825941 15.072064 -10.405950 2.918232 7.811201 -6.863059 20.307701 -11.580585 -71.809190 -62.132123 58.278598 -42.036851 -8.823695 12.759330 5.442522 -6.144522 -4.418536 -2.570046 0.911250 6.281474 0.534933 5.571976 -8.405730 2.516495 0.000000 0.000000 0.000000 -1.929113 -30.014493 -2.486801 3.514592 41.557692 2.756485 0.126654 2.900790 -5.490004 -0.166542 -11.487109 4.957210
-2.422451 0.959822 0.443267 34.016815 4.416997 1.471755 1.845395 1.477149 2.765339 0.686639 -5.157509 1.227961 0.683770 0.662514 1.297679 0.610835 6.334185 0.978500 -5.950704 22.321103 2.756055 -11.486275 5.897995 6.575371 -0.692420 10.014308 9.175587 -17.001297 -17.060084 70.511115 32.327830 28.697505 18.404457 -1.876731 15.100410 -10.099627 2.859030 7.850150 -6.952055 20.523770 -11.424245 -71.899175 -61.738078 58.503869 -41.947586 -8.870340 12.733449 5.579226 -5.800568 -4.141195 -2.462674 1.238266 6.525535 0.539242 6.233670 -8.493796 2.365822 -0.000000 -0.000000 0.000000 -1.894351 -30.628355 -2.576000 3.552950 41.697142 2.748725 0.106333 3.364481 -5.253876 -0.115339 -10.847198 4.943643
-2.420099 0.959233 0.449296 32.681508 4.257742 1.398209 1.666427 1.595929 2.789928 0.605172 -5.105681 1.238931 0.602674 0.714429 1.300368 0.550109 6.372944 0.980619 -5.474747 22.320953 2.549759 -10.573083 5.827194 6.078776 -0.938239 9.802601 9.056544 -16.645908 -17.102097 70.560554 33.496688 28.880911 19.182035 -1.977693 15.101423 -9.820740 2.795287 7.867494 -7.041188 20.717868 -11.208003 -71.993734 -61.410741 58.786974 -41.976210 -8.931557 12.683521 5.710895 -5.121201 -3.876638 -2.425107 1.342757 6.839367 0.545958 6.822652 -8.621225 2.190452 -0.000000 -0.000000 0.000000 -1.965437 -31.291052 -2.596972 3.684148 41.881246 2.755773 0.139488 3.794835 -4.971628 -0.047366 -9.982591 4.824308
-2.417248 0.958694 0.455313 31.283837 4.101965 1.331195 1.478740 1.714249 2.842455 0.518470 -5.054003 1.262495 0.516366 0.766193 1.315130 0.486400 6.411577 0.991874 -4.979722 22.320448 2.285444 -9.609673 5.753362 5.471783 -1.169215 9.630252 8.933580 -16.354571 -17.202485 70.656161 34.559094 28.837136 19.871412 -2.095443 15.091675 -9.634470 2.741528 7.867231 -7.133765 20.808949 -10.965859 -72.074557 -61.089181 59.101985 -42.037805 -8.987675 12.655023 5.778977 -4.402847 -3.630427 -2.459238 1.389738 7.192397 0.568017 7.518318 -8.769590 2.109916 -0.000000 0.000000 0.000000 -1.940622 -31.916486 -2.627176 3.700099 41.945832 2.766313 0.115606 4.371846 -4.712399 0.001849 -9.315675 4.674622
-2.413946 0.958245 0.461283 29.831359 3.945385 1.267971 1.289136 1.841816 2.925455 0.429320 -4.998147 1.299724 0.427600 0.822129 1.343314 0.421848 6.453323 1.013289 -4.484819 22.305524 1.971260 -8.633374 5.655507 4.774939 -1.386355 9.554170 8.802776 -16.161735 -17.420622 70.855346 35.463528 28.456041 20.438013 -2.218843 15.096057 -9.585733 2.714945 7.849649 -7.226792 20.716127 -10.726821 -72.138003 -60.740181 59.452085 -42.107624 -9.028205 12.657337 5.700184 -3.654036 -3.417978 -2.585567 1.304018 7.612227 0.619498 8.424344 -8.935587 2.197029 0.000000 -0.000000 -0.000000 -1.691599 -32.494363 -2.736499 3.536350 41.864345 2.806809 -0.013758 5.230286 -4.533686 0.017129 -9.115352 4.563219
-2.410145 0.957846 0.467240 28.316471 3.792406 1.211569 1.090639 1.971593 3.035660 0.334773 -4.941353 1.349195 0.333419 0.878982 1.383181 0.354097 6.495720 1.043539 -3.970297 22.289009 1.599516 -7.605311 5.557899 3.967780 -1.590349 9.515481 8.661996 -16.033504 -17.691704 71.107115 36.240104 27.859199 20.899934 -2.353095 15.094344 -9.631527 2.699000 7.814124 -7.321498 20.519949 -10.464090 -72.192086 -60.403775 59.829465 -42.222662 -9.070867 12.678455 5.555615 -2.866365 -3.226520 -2.782744 1.162491 8.072607 0.682702 9.439561 -9.123292 2.373695 0.000000 -0.000000 0.000000 -1.342797 -33.036655 -2.860403 3.254462 41.669844 2.854664 -0.206208 6.232065 -4.400001 0.019967 -9.113977 4.439642
-2.405781 0.957475 0.473381 26.687829 3.659741 1.164892 0.901494 2.083487 3.170574 0.243233 -4.892451 1.409805 0.242231 0.927930 1.434498 0.289475 6.532173 1.082446 -3.377972 22.290838 1.130374 -6.408481 5.493229 2.961639 -1.737739 9.477956 8.516568 -15.869505 -17.920514 71.325401 36.962410 27.269683 21.249846 -2.489758 15.034342 -9.703713 2.657764 7.762435 -7.427742 20.381243 -10.125663 -72.236930 -60.127257 60.194941 -42.385876 -9.129307 12.733067 5.534504 -2.310558 -3.020366 -2.997493 1.357582 8.460078 0.724132 10.435676 -9.324935 2.534259 -0.000000 0.000000 -0.000000 -1.069986 -33.490281 -2.879259 2.838056 41.288674 2.833910 -0.437600 7.148563 -4.244980 0.032067 -8.932083 4.196250
-2.400804 0.957156 0.479792 24.930054 3.549247 1.118843 0.721893 2.171739 3.347291 0.153972 -4.853961 1.489175 0.153312 0.966466 1.504817 0.228014 6.560790 1.135709 -2.685416 22.326546 0.514076 -4.989129 5.494895 1.660097 -1.801239 9.439959 8.353644 -15.650768 -18.061866 71.488102 37.641695 26.616516 21.460641 -2.623295 14.850339 -9.760149 2.569476 7.682387 -7.561965 20.394597 -9.674779 -72.283230 -59.993222 60.555225 -42.674001 -9.193760 12.848028 5.694892 -2.206952 -2.766787 -3.200345 2.146489 8.693592 0.732692 11.366353 -9.539420 2.647221 -0.000000 0.000000 -0.000000 -0.883401 -33.814474 -2.782189 2.240338 40.673039 2.714796 -0.721478 7.870536 -4.010920 0.055375 -8.389111 3.780475
-2.395264 0.956866 0.486386 23.058351 3.459231 1.081367 0.551597 2.246074 3.550379 0.067522 -4.821661 1.580336 0.067154 0.998785 1.587204 0.169518 6.584700 1.198079 -1.914322 22.380747 -0.198741 -3.401909 5.549318 0.162218 -1.807598 9.403456 8.186204 -15.394734 -18.162774 71.611950 38.284307 25.974871 21.566022 -2.761166 14.608702 -9.846383 2.457768 7.582405 -7.705497 20.462406 -9.144568 -72.330060 -59.928512 60.905090 -43.016516 -9.253233 13.000122 5.983582 -2.335477 -2.504817 -3.430409 3.270388 8.848157 0.718673 12.276661 -9.769390 2.746539 0.000000 0.000000 -0.000000 -0.773197 -34.043034 -2.583957 1.528574 39.868554 2.565929 -1.050010 8.511938 -3.757900 0.072309 -7.685387 3.216223
-2.389250 0.956516 0.493094 21.067074 3.402493 1.079680 0.408324 2.307032 3.729710 -0.005710 -4.795301 1.660820 -0.005862 1.025133 1.660237 0.120166 6.604141 1.253358 -1.071825 22.428639 -0.896224 -1.691038 5.620295 -1.326331 -1.793031 9.340733 8.061820 -15.054371 -18.270127 71.666801 38.976270 25.782073 21.660765 -2.913382 14.455025 -10.021019 2.353381 7.497287 -7.817650 20.457682 -8.586584 -72.361061 -59.733733 61.192029 -43.181568 -9.307931 13.131509 6.426351 -2.306600 -2.307200 -3.733832 4.347296 9.043371 0.684087 13.174234 -10.012429 2.826802 0.000000 0.000000 -0.000000 -0.889283 -34.227128 -2.199041 0.862194 38.939018 2.466102 -1.367488 9.176512 -3.591001 0.073328 -7.019444 2.504690
-2.382715 0.956090 0.499850 18.935793 3.393160 1.130855 0.303152 2.344172 3.874190 -0.060053 -4.779362 1.725666 -0.060032 1.041064 1.719559 0.083955 6.615833 1.298253 -0.127351 22.472242 -1.554740 0.191933 5.715462 -2.771337 -1.758393 9.240211 8.006097 -14.583201 -18.393184 71.616036 39.805753 26.309187 21.775097 -3.082195 14.465731 -10.328664 2.245185 7.470217 -7.875175 20.274848 -7.989463 -72.383972 -59.289280 61.378356 -43.015708 -9.354271 13.215689 7.114586 -1.957757 -2.205660 -4.127488 5.248159 9.316272 0.624776 14.041753 -10.263377 2.859831 -0.000824 0.063284 0.120522 -1.308527 -34.364193 -1.630054 0.246338 37.867429 2.471119 -1.675206 9.892882 -3.609223 0.058857 -6.476020 1.683809
-2.375706 0.955604 0.506720 16.684679 3.421554 1.213801 0.225296 2.365706 3.997260 -0.101039 -4.770200 1.780893 -0.100876 1.050229 1.770634 0.057145 6.622500 1.336901 0.891120 22.514523 -2.194100 2.200963 5.843155 -4.200218 -1.701929 9.119775 7.997009 -14.025575 -18.523630 71.499309 40.724487 27.280724 21.910189 -3.259089 14.566646 -10.716556 2.141844 7.462303 -7.905447 20.018020 -7.367333 -72.401903 -58.698918 61.504520 -42.660552 -9.371814 13.280534 7.962798 -1.451337 -2.172169 -4.586368 6.102432 9.628917 0.544731 14.896109 -10.528485 2.873104 -0.000869 0.126715 0.240969 -1.951992 -34.431899 -0.878120 -0.306745 36.676590 2.567102 -1.981402 10.615495 -3.725156 0.029125 -5.996891 0.718224
-2.368456 0.955019 0.513826 14.368970 3.464519 1.298887 0.159608 2.396282 4.084262 -0.134927 -4.757027 1.819951 -0.134672 1.063392 1.806249 0.034429 6.632200 1.363869 1.888711 22.529059 -2.768170 4.153330 5.948204 -5.503498 -1.656224 8.995874 8.010831 -13.471160 -18.682232 71.404207 41.605275 28.312071 22.105666 -3.434289 14.676613 -11.095034 2.104715 7.387822 -7.939734 19.878608 -6.804198 -72.379465 -58.094630 61.635522 -42.323602 -9.355409 13.347158 8.726401 -0.884947 -2.188493 -5.087597 6.917239 9.990675 0.459492 15.797311 -10.822018 2.942366 -0.000000 -0.000000 0.000000 -2.738426 -34.439766 0.148095 -0.636121 35.482515 2.701515 -2.241620 11.346185 -3.758945 -0.021005 -5.565469 -0.483994
-2.361097 0.954338 0.521218 11.984006 3.518483 1.375693 0.108374 2.443920 4.130099 -0.160450 -4.736246 1.840534 -0.160121 1.084154 1.824226 0.016635 6.647651 1.377516 2.823542 22.488673 -3.268106 5.974141 5.971919 -6.656672 -1.647756 8.850303 8.051092 -12.963746 -18.888563 71.356454 42.429829 29.391328 22.405442 -3.615372 14.788260 -11.469252 2.196777 7.198629 -7.975049 19.941870 -6.324434 -72.282968 -57.648634 61.828206 -42.195780 -9.329613 13.429253 9.277067 -0.253850 -2.265046 -5.614057 7.679221 10.423550 0.356386 16.780384 -11.151371 3.124634 0.002554 -0.461933 -0.969467 -3.724351 -34.378769 1.535427 -0.636032 34.315029 2.865970 -2.506599 12.186748 -3.631299 -0.135479 -5.304239 -2.422970
-2.353496 0.953559 0.528845 9.534389 3.587148 1.452953 0.069132 2.496201 4.138605 -0.178761 -4.713341 1.844432 -0.178360 1.107058 1.826266 0.003063 6.664774 1.379136 3.738729 22.416659 -3.701216 7.743522 5.955305 -7.685670 -1.650583 8.703303 8.115472 -12.460053 -19.122773 71.335091 43.224147 30.528498 22.762290 -3.794745 14.907292 -11.834735 2.358603 6.945378 -8.002939 20.125478 -5.889969 -72.130113 -57.195088 62.026891 -42.089823 -9.291332 13.509630 9.737565 0.438872 -2.393967 -6.178574 8.402525 10.904205 0.245284 17.812013 -11.509848 3.358763 0.014775 -1.115384 -2.299780 -4.840476 -34.204320 3.180908 -0.408167 33.137300 3.061782 -2.736545 13.052975 -3.419838 -0.268105 -5.139296 -4.584537
-2.345488 0.952634 0.536679 7.089298 3.656399 1.532154 0.019453 2.545629 4.107515 -0.199748 -4.691849 1.830773 -0.199305 1.128550 1.810488 -0.013893 6.680869 1.367313 4.664392 22.360111 -4.048634 9.507702 5.981367 -8.560928 -1.620288 8.625296 8.165830 -11.921473 -19.345519 71.355687 43.887588 31.379265 23.036915 -3.939708 14.970634 -12.090071 2.469111 6.686956 -8.044359 20.372002 -5.486843 -71.955184 -56.359301 62.123707 -41.647829 -9.207194 13.561206 10.235190 1.083438 -2.532371 -6.805432 9.136521 11.374507 0.175662 18.849557 -11.889598 3.543725 0.034571 -1.718176 -3.249559 -5.814958 -33.889851 4.887642 -0.107927 31.954414 3.225734 -2.731089 13.688966 -3.142386 -0.315380 -4.636638 -5.557436
-2.336907 0.951543 0.544687 4.625573 3.715051 1.630416 -0.033869 2.594162 4.028309 -0.219901 -4.670877 1.795656 -0.219419 1.149500 1.773307 -0.031828 6.696592 1.339308 5.631511 22.342638 -4.295957 11.316243 6.091328 -9.260954 -1.517836 8.678185 8.173002 -11.316005 -19.571515 71.439468 44.307097 31.744443 23.103571 -4.034123 14.927811 -12.170219 2.478781 6.419815 -8.123033 20.729622 -5.109610 -71.777913 -54.844282 62.014165 -40.612428 -9.044113 13.569015 10.858525 1.650223 -2.709796 -7.546212 9.892379 11.878242 0.198542 19.944399 -12.300168 3.626504 0.052563 -2.193532 -3.461024 -6.593646 -33.434127 6.594284 0.261012 30.810595 3.359458 -2.314470 13.909539 -2.728278 -0.230893 -3.244279 -4.278881
-2.327918 0.950306 0.552901 2.166410 3.775424 1.731127 -0.097675 2.634255 3.909875 -0.242570 -4.653764 1.743144 -0.241999 1.166595 1.718479 -0.052891 6.709458 1.297977 6.605992 22.342439 -4.459665 13.113550 6.239843 -9.807261 -1.385151 8.797265 8.155506 -10.678512 -19.783395 71.564504 44.560004 31.835750 23.049225 -4.102998 14.827650 -12.141809 2.437024 6.142521 -8.214063 21.152241 -4.760745 -71.574161 -52.975484 61.780510 -39.275548 -8.839648 13.543626 11.514938 2.170609 -2.907143 -8.347077 10.662377 12.372100 0.260912 21.044810 -12.731018 3.659441 0.067709 -2.616700 -3.290925 -7.208876 -32.840605 8.335367 0.705054 29.656616 3.447455 -1.631770 13.925124 -2.192201 -0.089798 -1.373836 -1.826098
-2.318847 0.948938 0.561393 -0.149542 3.855216 1.785198 -0.214485 2.645605 3.778112 -0.287917 -4.649782 1.685119 -0.287201 1.170579 1.655882 -0.091474 6.712471 1.250827 7.519335 22.338040 -4.568562 14.785782 6.378050 -10.236059 -1.298267 8.862365 8.149384 -10.071219 -19.895598 71.676488 44.819662 31.925957 23.046217 -4.171986 14.756433 -12.100584 2.368396 5.917678 -8.273710 21.441362 -4.439994 -71.319532 -51.279336 61.605098 -38.074119 -8.659126 13.499008 12.060525 2.621499 -3.003322 -9.082399 11.463318 12.666069 0.262084 21.951111 -13.144751 3.706882 0.077821 -2.974193 -3.069131 -7.523641 -32.128709 10.065853 1.092013 28.351026 3.404803 -0.959308 14.063594 -1.673975 -0.000000 0.000000 -0.000000
-2.309908 0.947421 0.570221 -2.272437 3.961181 1.770484 -0.412893 2.616021 3.639226 -0.368919 -4.664557 1.624433 -0.367960 1.155783 1.587006 -0.157158 6.701325 1.198965 8.353971 22.328659 -4.619723 16.301708 6.495481 -10.538680 -1.292412 8.819264 8.177290 -9.410648 -19.857474 71.737632 45.083052 32.089856 23.093070 -4.246012 14.751346 -12.071868 2.263826 5.797369 -8.287806 21.494603 -4.142514 -71.009443 -49.748634 61.523044 -36.981475 -8.532275 13.422789 12.489370 2.973977 -2.907596 -9.697572 12.373630 12.614745 0.143045 22.559880 -13.543265 3.789135 0.080445 -3.215143 -2.879484 -7.517726 -31.316642 11.834806 1.382268 26.842654 3.157217 -0.356173 14.462145 -1.205498 0.004412 0.353839 0.404798
-2.300888 0.945772 0.579327 -4.252467 4.080213 1.707643 -0.663829 2.557074 3.491107 -0.472575 -4.692702 1.559829 -0.471258 1.127553 1.511867 -0.240166 6.680053 1.142349 9.126392 22.314224 -4.616545 17.692262 6.591547 -10.726667 -1.330997 8.724380 8.224879 -8.780922 -19.724003 71.779082 45.351810 32.252473 23.189315 -4.317985 14.775534 -12.030062 2.129102 5.733774 -8.281048 21.416193 -3.865872 -70.650852 -48.362047 61.508118 -36.002059 -8.433430 13.331136 12.807780 3.250571 -2.702288 -10.260790 13.306797 12.361100 -0.032831 22.970890 -13.925320 3.896916 0.078058 -3.389692 -2.638473 -7.204004 -30.418006 13.597072 1.642998 25.174961 2.775890 0.231872 14.969116 -0.754707 -0.001588 0.176735 0.202585
-2.291467 0.944053 0.588609 -6.101069 4.197997 1.611865 -0.923280 2.487133 3.347282 -0.580169 -4.725648 1.497085 -0.578452 1.094488 1.438177 -0.325977 6.655155 1.086810 9.820165 22.272582 -4.596633 18.939591 6.628349 -10.867693 -1.381150 8.624537 8.276614 -8.492635 -19.572955 71.842149 45.814029 32.452000 23.522720 -4.389065 14.804373 -11.993668 2.010632 5.641747 -8.266505 21.316817 -3.612633 -70.236953 -47.574380 61.682439 -35.560531 -8.349912 13.284504 12.889450 3.503686 -2.520176 -10.830811 14.031720 12.148733 -0.175835 23.290011 -14.248092 4.053128 0.076950 -3.636983 -2.423302 -6.509656 -29.468495 15.183339 1.900042 23.350302 2.392049 0.691985 15.464290 -0.381433 0.000000 -0.000000 0.000000
-2.281594 0.942300 0.598030 -7.825599 4.312181 1.480101 -1.184916 2.408998 3.213280 -0.689240 -4.762064 1.438680 -0.687122 1.057955 1.368707 -0.412591 6.627679 1.034466 10.424072 22.194636 -4.565259 20.026975 6.584374 -10.970786 -1.450114 8.518439 8.326215 -8.736491 -19.445857 71.935609 46.622886 32.759087 24.301076 -4.461658 14.838179 -11.949193 1.941080 5.469169 -8.245202 21.214330 -3.366202 -69.742258 -47.683327 62.208945 -35.940397 -8.300931 13.330013 12.628620 3.753319 -2.433193 -11.434309 14.452115 12.061912 -0.243149 23.665429 -14.473194 4.295163 0.080618 -4.012133 -2.297442 -5.317206 -28.502226 16.556170 2.155441 21.312594 2.001283 0.889411 16.137293 -0.174521 0.000000 -0.000000 0.000000
-2.271322 0.940477 0.607628 -9.418833 4.422858 1.316323 -1.455176 2.321852 3.084002 -0.802374 -4.802390 1.382313 -0.799826 1.017486 1.300863 -0.502115 6.597259 0.983337 10.948790 22.089717 -4.516854 20.972029 6.475041 -11.028281 -1.530927 8.407430 8.379950 -9.315499 -19.307610 72.031334 47.627047 33.079518 25.333001 -4.533125 14.876735 -11.910265 1.887545 5.269082 -8.210637 21.090356 -3.136264 -69.188064 -48.435102 62.931488 -36.888868 -8.305705 13.420347 12.125471 3.980522 -2.367460 -12.040569 14.668230 12.022981 -0.271008 23.952307 -14.634071 4.585939 0.085551 -4.459740 -2.191607 -3.765647 -27.530227 17.786324 2.410128 19.125491 1.568065 0.963829 16.787804 -0.046997 0.000000 -0.000000 -0.000000
-2.260486 0.938545 0.617410 -10.870084 4.521603 1.147366 -1.709306 2.239234 2.954891 -0.908389 -4.840474 1.325805 -0.905410 0.979231 1.233580 -0.586263 6.568519 0.932600 11.411196 21.962084 -4.473018 21.809390 6.316941 -11.083409 -1.569574 8.340640 8.435505 -9.958042 -19.120714 72.116045 48.545726 33.215037 26.196685 -4.595724 14.893458 -11.935092 1.798676 5.113284 -8.163340 21.000281 -2.971227 -68.631679 -49.411839 63.506262 -37.968523 -8.342203 13.474069 11.564014 4.180087 -2.237308 -12.619198 14.747065 12.034138 -0.286530 23.815978 -14.793235 4.842743 0.085525 -4.949644 -1.978597 -2.173888 -26.547481 18.866513 2.664603 16.969749 1.180980 1.222088 16.713549 0.199256 -0.000000 -0.000000 -0.000000
-2.249048 0.936531 0.627389 -12.177745 4.593619 0.993328 -1.936812 2.175191 2.818020 -1.002330 -4.869964 1.265675 -0.998964 0.949573 1.163904 -0.661593 6.546279 0.880059 11.808449 21.804631 -4.455738 22.540587 6.099892 -11.176193 -1.540726 8.374828 8.485607 -10.577683 -18.881517 72.208517 49.283038 33.060180 26.695495 -4.617015 14.865462 -12.043549 1.634456 5.050756 -8.110290 20.978649 -2.926123 -68.064940 -50.565752 63.824267 -39.121481 -8.384037 13.457215 10.996155 4.406007 -1.980676 -13.158009 14.742838 12.135919 -0.276034 22.962967 -14.997837 5.032842 0.076021 -5.460280 -1.594382 -0.590097 -25.521183 19.790214 2.857416 14.851780 0.828316 1.783823 15.515302 0.636050 -0.000000 0.000000 0.000000
-2.237047 0.934408 0.637553 -13.343153 4.655108 0.835857 -2.148260 2.116512 2.679607 -1.089137 -4.896806 1.204761 -1.085417 0.922580 1.094188 -0.731622 6.526077 0.827493 12.142838 21.623458 -4.443854 23.164161 5.829070 -11.268477 -1.469640 8.451873 8.531979 -11.259225 -18.592115 72.287930 49.916499 32.733940 27.011216 -4.624631 14.812264 -12.212168 1.434756 5.033626 -8.052205 20.990115 -2.950328 -67.484184 -51.894769 63.994866 -40.338665 -8.454841 13.400736 10.372809 4.602748 -1.653857 -13.673185 14.603670 12.292043 -0.252566 21.679474 -15.201209 5.219078 0.057157 -5.994595 -1.086965 1.021169 -24.490523 20.578598 3.033625 12.761516 0.512912 2.519687 13.588053 1.149004 -0.000000 0.000000 -0.000000
-2.224442 0.932050 0.647877 -14.360222 4.744405 0.643216 -2.350560 2.036346 2.556799 -1.172543 -4.933095 1.150602 -1.168447 0.886124 1.031564 -0.798540 6.498773 0.780238 12.438494 21.443235 -4.395540 23.709044 5.545879 -11.287603 -1.378320 8.448640 8.588707 -11.988784 -18.226600 72.283979 50.420526 32.395978 27.274411 -4.699902 14.771837 -12.436953 1.267959 4.988290 -7.980563 20.985667 -2.941776 -66.955643 -52.957132 64.028638 -41.170870 -8.580759 13.322174 9.732351 4.600654 -1.350096 -14.178078 14.234939 12.387309 -0.280807 20.502047 -15.320248 5.451207 0.028492 -6.557893 -0.497322 2.472752 -23.544509 21.250471 3.328465 10.851673 0.355428 3.369561 11.423880 1.660009 0.000000 0.000000 0.000000
-2.211260 0.929418 0.658308 -15.214544 4.869504 0.398825 -2.548743 1.924045 2.461052 -1.255309 -4.983664 1.108266 -1.250795 0.835374 0.980826 -0.864039 6.460725 0.741901 12.699026 21.282534 -4.302871 24.176882 5.282212 -11.216151 -1.270018 8.306458 8.663435 -12.804453 -17.749972 72.153301 50.838658 32.133884 27.557306 -4.890248 14.760290 -12.744370 1.170413 4.881700 -7.884218 20.900538 -2.860152 -66.489740 -53.664272 63.961928 -41.529154 -8.807999 13.209904 9.063285 4.288715 -1.094550 -14.650229 13.451244 12.387304 -0.391382 19.637224 -15.329252 5.718190 -0.012183 -7.122712 0.191448 3.685058 -22.673970 21.801936 3.761897 9.084492 0.444383 4.384861 9.066881 2.251140 -0.000000 0.000000 0.000000
-2.197475 0.926550 0.668899 -15.921180 5.022187 0.118524 -2.738262 1.792800 2.381821 -1.334982 -5.042592 1.073080 -1.330036 0.776269 0.937562 -0.926650 6.416408 0.709171 12.919184 21.124856 -4.176225 24.562926 5.007673 -11.073936 -1.142748 8.083946 8.754781 -13.664269 -17.205848 71.927406 51.131131 31.870630 27.782729 -5.145376 14.761076 -13.113252 1.104805 4.746926 -7.771424 20.799618 -2.754410 -66.079205 -54.069312 63.780496 -41.473063 -9.077545 13.071400 8.383930 3.778494 -0.860959 -15.110089 12.437715 12.328225 -0.535786 18.885783 -15.245597 6.008275 -0.065417 -7.699213 0.971648 4.733505 -21.887023 22.234825 4.281181 7.493319 0.678137 5.509523 6.469592 2.802276 -0.000000 -0.000000 0.000000
-2.182967 0.923447 0.679786 -16.518685 5.215923 -0.182022 -2.911781 1.651563 2.304118 -1.407585 -5.105834 1.038333 -1.402202 0.712850 0.895446 -0.983871 6.368867 0.677271 13.109196 20.943598 -4.001383 24.885094 4.672766 -10.843855 -1.011114 7.834776 8.865553 -14.436193 -16.686934 71.654843 51.149431 31.526493 27.855745 -5.402537 14.765057 -13.470441 1.028963 4.609187 -7.660217 20.829042 -2.661920 -65.766274 -53.956167 63.430029 -40.797719 -9.249402 12.958652 7.772185 3.233852 -0.669039 -15.632771 11.652666 12.199941 -0.665253 18.183013 -15.043989 6.347373 -0.128837 -8.370348 1.760531 5.665485 -21.295992 22.568163 4.905941 6.340068 0.892476 6.558327 4.000738 2.968754 -0.000000 -0.000000 -0.000000
-2.167730 0.920083 0.691112 -17.011843 5.474022 -0.499164 -3.062490 1.478760 2.226705 -1.469923 -5.182942 1.003334 -1.464088 0.635579 0.854114 -1.033319 6.310956 0.645894 13.281301 20.753029 -3.760841 25.158693 4.301641 -10.494318 -0.846490 7.556278 8.989759 -15.141790 -16.148458 71.418865 50.804885 31.135901 27.692528 -5.659564 14.769254 -13.912322 0.961913 4.486134 -7.553575 21.073730 -2.579718 -65.613498 -53.093119 62.898812 -39.225192 -9.274359 12.902264 7.155286 2.648481 -0.506507 -16.253069 11.404017 11.906612 -0.772616 17.497059 -14.734748 6.718483 -0.203086 -9.143697 2.546715 6.317006 -20.868055 22.842002 5.767802 5.753809 1.074191 7.558865 1.497129 2.880311 0.000000 0.000000 0.000000
-2.151772 0.916483 0.702735 -17.396935 5.774386 -0.836817 -3.197837 1.296479 2.150620 -1.525499 -5.264136 0.968716 -1.519219 0.554242 0.813861 -1.077628 6.250011 0.615307 13.421316 20.540370 -3.473378 25.364098 3.872222 -10.057450 -0.679312 7.250227 9.132243 -15.761379 -15.630802 71.146418 50.193174 30.674632 27.383005 -5.917557 14.772570 -14.342477 0.884494 4.359371 -7.449522 21.448978 -2.522580 -65.555312 -51.820847 62.177303 -37.137532 -9.184271 12.881796 6.602429 2.026330 -0.386471 -16.931505 11.377626 11.538400 -0.875936 16.870252 -14.304755 7.127206 -0.291966 -10.029924 3.339702 6.846091 -20.632352 23.014028 6.728464 5.601358 1.248160 8.516402 -0.854814 2.391043 -0.000000 0.000000 0.000000
-2.134992 0.912718 0.714359 -17.699319 6.062362 -1.190300 -3.331287 1.178397 2.063165 -1.580060 -5.316670 0.929319 -1.573402 0.501560 0.768934 -1.121617 6.210579 0.581285 13.499830 20.238778 -3.177367 25.466788 3.266362 -9.608311 -0.611628 6.979059 9.309834 -16.105558 -15.355353 70.672600 49.435163 29.980550 27.099278 -6.131966 14.782455 -14.398672 0.697654 4.201532 -7.358488 21.845919 -2.552420 -65.440825 -50.761417 61.228622 -35.299764 -8.967789 12.876913 6.399635 1.547542 -0.365980 -17.631370 11.103227 11.371197 -0.970342 16.355543 -13.691559 7.630404 -0.399253 -11.127303 4.096937 7.779266 -20.798548 22.977283 7.408132 5.756074 1.319029 9.235413 -2.117666 0.819149 -0.000000 0.000000 -0.000000
-2.117077 0.908394 0.725983 -17.912914 6.329721 -1.589699 -3.470501 1.156597 1.970051 -1.637404 -5.326354 0.887975 -1.630462 0.491709 0.721776 -1.167970 6.203277 0.545721 13.521192 19.785357 -2.873520 25.484152 2.369909 -9.160971 -0.683457 6.745308 9.528294 -16.011756 -15.403719 69.769485 48.533061 28.779160 26.974691 -6.377931 14.800491 -13.869135 0.353057 3.996195 -7.255770 22.288965 -2.619470 -65.255467 -50.162726 59.947592 -33.907701 -8.574278 12.895870 6.731875 1.362149 -0.398415 -18.327563 10.401668 11.468636 -1.107086 16.021438 -12.975313 8.291449 -0.516940 -12.422514 4.777307 9.470694 -21.481107 22.622762 7.650992 6.069072 1.265788 9.694757 -1.518016 -2.585398 -0.000000 0.000000 -0.000000
-2.098342 0.903906 0.737608 -18.043749 6.586030 -2.003513 -3.606929 1.199417 1.863605 -1.693175 -5.307147 0.841107 -1.686043 0.510751 0.669247 -1.213645 6.217674 0.506200 13.479206 19.244767 -2.557840 25.393869 1.299711 -8.691839 -0.853157 6.551335 9.781569 -15.642114 -15.696531 68.683140 47.475582 27.360372 26.906973 -6.607971 14.853326 -12.972564 -0.101703 3.764379 -7.161566 22.753131 -2.772936 -65.015309 -49.777663 58.452384 -32.758712 -8.068332 12.939130 7.417628 1.321963 -0.523407 -19.046081 9.461227 11.783005 -1.240439 15.826205 -12.072940 9.028929 -0.658343 -13.933776 5.442492 11.583412 -22.555123 22.007009 7.615339 6.696022 1.144865 9.701626 0.312358 -6.917537 -0.000000 -0.000000 0.000000
-2.079635 0.900501 0.748943 -18.133859 6.803158 -2.334405 -3.729539 1.283997 1.710536 -1.740738 -5.268910 0.773726 -1.733523 0.548849 0.597036 -1.254757 6.246451 0.451888 13.331320 18.742379 -2.260121 25.107245 0.285990 -8.216158 -1.097493 6.461233 10.067720 -15.301290 -16.216695 67.966061 46.370764 26.400128 26.688074 -6.588789 14.981109 -11.984274 -0.621554 3.533613 -7.153501 23.051007 -3.215810 -64.610855 -49.373622 57.062450 -31.917962 -7.612957 12.966897 8.186244 1.164194 -0.928651 -19.824733 8.374132 12.434725 -1.226962 15.663149 -10.672547 9.657347 -0.866850 -15.786585 6.246350 13.605470 -23.874458 21.283259 7.395131 7.969944 0.992916 8.944363 2.055522 -10.415841 0.000000 0.000000 -0.000000
-2.060861 0.898497 0.759998 -18.136660 6.968624 -2.491265 -3.856154 1.409926 1.472809 -1.786107 -5.211566 0.668966 -1.778888 0.606053 0.487675 -1.297096 6.289689 0.369619 13.051295 18.295271 -1.983438 24.574329 -0.644906 -7.726302 -1.497698 6.518717 10.436556 -15.152068 -17.117679 67.828209 45.272210 26.255406 26.290196 -6.103465 15.239364 -10.799825 -1.225189 3.275535 -7.319738 23.111134 -4.087370 -63.864433 -48.954576 55.802372 -31.622973 -7.288791 12.958089 9.045490 0.776405 -1.721513 -20.746101 7.225013 13.556407 -1.010077 15.585973 -8.551592 10.035579 -1.218177 -18.531583 7.226731 15.533718 -25.639144 20.405635 6.874755 10.323706 0.838190 7.032722 3.298536 -12.451437 -0.000000 0.000000 -0.000000
-2.042115 0.897577 0.770764 -18.096960 7.095905 -2.564328 -3.969930 1.576942 1.188108 -1.823476 -5.135401 0.543630 -1.816335 0.682096 0.358551 -1.334962 6.347129 0.272485 12.669086 17.889821 -1.720669 23.849870 -1.512632 -7.217820 -1.964513 6.686615 10.837321 -15.053067 -18.237489 68.075462 44.139817 26.553599 25.691585 -5.349831 15.545055 -9.506670 -1.895369 3.016135 -7.568711 22.980200 -5.229655 -62.929425 -48.444649 54.642061 -31.572060 -7.010262 12.933330 9.982925 0.288174 -2.799893 -21.719106 5.943643 15.039808 -0.712396 15.534100 -5.940596 10.222152 -1.697056 -21.572776 8.509187 17.415714 -27.630852 19.383555 6.190466 13.328960 0.698342 4.498132 4.308318 -13.652607 -0.000000 0.000000 0.000000
-2.024539 0.898041 0.780926 -18.193928 7.195011 -2.729175 -4.007295 1.761480 0.936325 -1.828310 -5.051401 0.432939 -1.821397 0.766081 0.247354 -1.347151 6.410481 0.188846 12.229514 17.604579 -1.489108 23.010376 -2.157254 -6.719622 -2.222295 6.896051 11.114145 -14.851375 -19.090165 68.636088 42.947144 26.846368 24.681707 -4.709231 15.728484 -8.668410 -2.530575 2.863907 -7.715024 22.659671 -6.404515 -62.191547 -47.521395 53.817984 -31.059361 -6.677057 12.900522 10.694245 -0.207670 -4.039288 -22.515174 4.378482 16.642553 -0.471904 15.220710 -3.199319 10.301161 -2.117669 -23.273588 10.256643 18.729818 -29.117577 18.577572 5.805675 16.018173 0.549179 2.646673 4.690773 -14.262601 -0.000000 -0.000000 0.000000
-2.008714 0.900211 0.790080 -18.549442 7.259390 -3.092341 -3.916746 1.983615 0.748594 -1.779308 -4.950960 0.350649 -1.772892 0.866685 0.170022 -1.316606 6.486201 0.130730 11.715869 17.473802 -1.304976 22.025354 -2.514471 -6.251784 -2.093278 7.132461 11.176667 -14.522296 -19.476379 69.741370 41.515298 26.933444 22.883778 -4.344419 15.667579 -8.699157 -3.134994 2.891848 -7.665489 22.155722 -7.625664 -61.818687 -45.948052 53.480767 -29.762091 -6.313386 12.793200 10.981164 -0.643162 -5.486767 -23.077098 2.315206 18.396284 -0.339142 14.512975 -0.305488 10.421027 -2.222617 -22.890633 12.138648 18.907203 -29.836918 18.408619 6.024191 18.205372 0.253140 2.136444 4.050030 -14.255690 -0.000000 0.000000 0.000000
-1.994059 0.903765 0.798631 -19.041783 7.291666 -3.547691 -3.747751 2.221393 0.592336 -1.696828 -4.843784 0.282108 -1.691033 0.974115 0.109851 -1.259738 6.566973 0.085519 11.149176 17.463947 -1.153678 20.935501 -2.648162 -5.802330 -1.759427 7.394460 11.111344 -14.065713 -19.622611 71.134648 40.013960 26.945061 20.686502 -4.090538 15.479414 -9.186249 -3.697347 3.031781 -7.519361 21.474581 -8.890424 -61.625818 -43.955407 53.455265 -28.016667 -5.891005 12.670739 11.036775 -1.103817 -7.091452 -23.444568 -0.073146 20.275073 -0.370758 13.491477 2.702154 10.292820 -1.947617 -21.064073 14.013881 18.436442 -30.078280 18.562125 6.521372 20.062414 -0.129675 2.337593 2.775673 -13.725111 -0.000000 0.000000 -0.000000
-1.979972 0.908034 0.807473 -19.485331 7.317992 -3.952283 -3.588185 2.389131 0.452613 -1.619091 -4.767983 0.220314 -1.613767 1.050134 0.055948 -1.205825 6.624141 0.044920 10.629118 17.548170 -1.013232 19.924316 -2.595921 -5.369416 -1.489391 7.629775 11.028939 -13.365449 -19.676926 71.998743 38.927280 26.989322 19.046832 -3.855887 15.383356 -9.470422 -4.094326 3.175859 -7.385605 20.637403 -9.946137 -61.495107 -41.962813 53.503321 -26.140192 -5.229913 12.723720 11.145999 -1.741453 -8.575239 -23.538391 -2.364114 21.911537 -0.622457 12.160914 5.314938 9.440370 -1.275563 -18.221324 16.185369 18.335433 -29.975393 18.341870 6.812871 21.164648 -0.338889 2.610084 1.658161 -13.124657 0.000000 -0.000000 -0.000000
-1.966062 0.913046 0.817137 -19.830161 7.337862 -4.226830 -3.463953 2.446852 0.319506 -1.557175 -4.741240 0.160753 -1.552116 1.077045 0.002667 -1.163580 6.644462 0.004660 10.183326 17.766673 -0.892155 19.042889 -2.275664 -4.974669 -1.381544 7.827478 10.971840 -12.124950 -19.623382 71.836977 38.357476 26.923492 18.313658 -3.750168 15.481932 -9.420876 -4.240732 3.289939 -7.302859 19.411349 -10.646365 -61.454823 -39.786755 53.616332 -23.889565 -4.121535 13.116989 11.328291 -2.637315 -9.852365 -23.351249 -4.517215 23.137231 -1.102479 10.261672 7.530258 7.437932 0.197249 -13.949640 20.090239 19.191293 -29.493100 17.296902 6.579776 21.196680 -0.191555 2.795045 0.969451 -12.550763 -0.000000 0.000000 0.000000
-1.952720 0.918772 0.827094 -20.126001 7.354522 -4.450426 -3.350059 2.435868 0.204349 -1.500683 -4.745220 0.108739 -1.495797 1.073221 -0.043612 -1.124826 6.641709 -0.030385 9.782701 18.074651 -0.791187 18.242510 -1.775747 -4.620190 -1.338695 8.002448 10.899778 -10.651337 -19.448657 71.159384 38.204005 26.953885 18.137030 -3.658753 15.683606 -9.173958 -4.224555 3.398560 -7.235325 18.037946 -11.139627 -61.500865 -37.578232 53.793734 -21.481107 -2.775936 13.692571 11.568989 -3.722926 -10.992399 -22.886597 -6.575135 24.057455 -1.705409 7.968995 9.101300 4.790044 2.520823 -8.600257 24.039319 20.391399 -28.652929 15.897700 6.127148 20.490717 0.145470 3.062747 0.436078 -11.907216 0.000000 0.000000 0.000000
-1.940514 0.924460 0.836653 -20.337236 7.402858 -4.718177 -3.259201 2.393905 0.124860 -1.456217 -4.763274 0.072534 -1.451428 1.055285 -0.075301 -1.093942 6.628329 -0.054425 9.439649 18.316559 -0.676009 17.551573 -1.390337 -4.269834 -1.334795 8.145775 10.801637 -9.749201 -19.300575 70.658137 38.638623 27.770061 18.409488 -3.146184 15.925983 -8.490145 -4.186945 3.478928 -7.180180 17.247492 -11.610485 -61.487671 -36.339766 53.881782 -19.965707 -1.630775 14.140804 12.109808 -4.922685 -11.943803 -22.094931 -8.208390 24.723475 -2.208515 6.103944 9.347296 2.697489 4.107440 -4.040401 24.240795 21.179917 -27.714878 14.800534 5.919953 19.594989 0.420856 3.290418 0.047587 -11.324452 0.000000 0.000000 -0.000000
-1.929921 0.929963 0.845449 -20.443490 7.502165 -5.104651 -3.206593 2.326336 0.103317 -1.431677 -4.793145 0.062192 -1.426889 1.025474 -0.083151 -1.076141 6.605983 -0.060460 9.182417 18.429507 -0.524358 17.020776 -1.235625 -3.898499 -1.370274 8.246202 10.666587 -9.846204 -19.246160 70.613062 40.003935 29.938592 19.319392 -1.790181 16.214232 -7.073755 -4.164114 3.498388 -7.141611 17.531038 -12.177854 -61.356786 -36.767269 54.050973 -20.031157 -0.794711 14.359460 13.194649 -6.361696 -12.667577 -20.856230 -9.254605 25.113318 -2.521354 5.232005 7.792719 1.864919 3.292181 -1.322009 17.622834 21.107993 -26.774194 14.362353 6.255571 18.683402 0.507320 3.452458 -0.186557 -10.867376 -0.000000 0.000000 -0.000000
-1.920463 0.935428 0.853848 -20.466073 7.634129 -5.535371 -3.177694 2.228313 0.117375 -1.419463 -4.836799 0.067646 -1.414607 0.981851 -0.076456 -1.066449 6.573249 -0.055524 8.980569 18.474775 -0.356908 16.593804 -1.198283 -3.524973 -1.445165 8.315614 10.505285 -10.511674 -19.215135 70.737303 42.147576 32.829557 20.838221 0.070050 16.468746 -5.280276 -4.120863 3.489324 -7.115252 18.399169 -12.738608 -61.190871 -38.205242 54.146167 -21.026212 -0.170458 14.444672 14.582699 -7.916174 -13.167230 -19.301137 -9.840682 25.278996 -2.653260 5.000460 5.206170 1.813597 1.309746 -0.237659 7.497522 20.659535 -25.751130 14.196058 6.826636 17.567426 0.507998 3.579128 -0.273714 -10.468413 -0.000000 0.000000 -0.000000
-1.911280 0.940542 0.862259 -20.431628 7.776825 -5.881950 -3.140183 2.121853 0.117388 -1.402705 -4.884101 0.066756 -1.397791 0.934594 -0.075643 -1.053799 6.537804 -0.055042 8.758758 18.484443 -0.200706 16.136970 -1.225550 -3.170317 -1.532682 8.379441 10.338974 -11.256478 -19.180053 70.862632 44.368600 35.374160 22.424801 1.661211 16.558143 -3.818071 -4.090227 3.528819 -7.085999 19.109852 -13.134325 -61.043080 -39.598592 53.582203 -21.940042 0.112934 14.381382 15.784446 -9.128066 -13.489118 -17.768565 -10.075006 25.412281 -2.550492 4.883728 2.947178 1.971649 0.000000 -0.000000 0.000000 20.491828 -24.673512 13.825714 7.202553 16.244189 0.510317 3.632358 -0.246604 -10.057888 0.000000 0.000000 -0.000000
-1.902071 0.945294 0.870892 -20.339036 7.933864 -6.098290 -3.084317 2.009775 0.089259 -1.376378 -4.933711 0.053214 -1.371434 0.885049 -0.086510 -1.034872 6.500666 -0.063391 8.493703 18.452159 -0.069442 15.611680 -1.330044 -2.852429 -1.634439 8.453962 10.171877 -11.980642 -19.144608 70.956936 46.452536 37.366769 23.872590 2.664311 16.440811 -2.842733 -4.101677 3.676826 -7.051008 19.403506 -13.263985 -60.928637 -40.493374 51.897070 -22.297148 -0.090997 14.110573 16.698866 -9.760655 -13.638104 -16.383655 -9.898289 25.572079 -2.092139 4.638221 1.568596 2.153589 -0.260904 0.138553 -1.833411 20.942694 -23.527050 13.041274 7.217427 14.604896 0.566662 3.497824 -0.051915 -9.604841 0.000000 -0.000000 -0.000000
-1.893137 0.949693 0.879538 -20.188738 8.102150 -6.229912 -3.019471 1.889463 0.046523 -1.345347 -4.986894 0.033089 -1.340386 0.831940 -0.103484 -1.012890 6.460864 -0.076359 8.207675 18.383528 0.050393 15.053838 -1.499941 -2.552242 -1.748941 8.523663 9.999965 -12.784106 -19.105289 71.052556 48.522158 39.033235 25.307225 3.331980 16.216633 -2.150664 -4.124614 3.873644 -7.012360 19.544124 -13.221140 -60.824594 -41.287353 49.572506 -22.510693 -0.658648 13.704880 17.403986 -10.030006 -13.658249 -15.039208 -9.362514 25.709772 -1.394122 4.456832 0.513435 2.452169 -0.125280 0.074835 -0.916929 21.638366 -22.314925 12.085417 7.033841 12.764959 0.631892 3.293813 0.259829 -9.140605 -0.000000 0.000000 -0.000000
-1.884518 0.953457 0.887976 -20.008939 8.249065 -6.286016 -2.941339 1.774674 -0.018959 -1.307316 -5.037488 0.002835 -1.302375 0.781435 -0.129876 -0.986399 6.423032 -0.096429 7.894862 18.329393 0.172449 14.444417 -1.643644 -2.236760 -1.844813 8.566178 9.832365 -13.477151 -19.037479 71.081577 50.107736 40.053984 26.430549 3.677110 16.045410 -1.845744 -4.102025 4.016665 -6.962462 19.575341 -13.127862 -60.718078 -42.152261 47.478854 -22.835694 -1.267718 13.329275 17.699056 -10.162349 -13.679055 -13.723594 -8.757222 25.853983 -0.773823 4.448781 -0.566995 2.705112 -0.000000 0.000000 -0.000000 22.157971 -21.104536 11.165225 6.722979 11.062663 0.672887 3.327607 0.496143 -8.687512 0.000000 -0.000000 -0.000000
-1.876176 0.956454 0.896087 -19.811298 8.375799 -6.267386 -2.845335 1.660142 -0.110902 -1.260074 -5.087828 -0.039254 -1.255194 0.731203 -0.167168 -0.953857 6.385419 -0.124726 7.550582 18.305261 0.305413 13.771111 -1.733553 -1.887200 -1.917921 8.566657 9.654391 -13.987718 -18.911109 71.015392 50.830850 40.152559 26.975422 3.572689 16.018587 -2.051708 -4.002820 4.034556 -6.894019 19.462677 -12.961065 -60.592785 -43.090566 45.807987 -23.311379 -1.815865 12.961232 17.437151 -10.204156 -13.774729 -12.424492 -8.095280 26.058502 -0.322024 4.805606 -1.818384 2.856199 -0.000000 0.000000 0.000000 22.395110 -19.941955 10.302322 6.177053 9.609461 0.707408 3.821851 0.581966 -8.246091 0.000000 0.000000 0.000000
-1.868149 0.958815 0.903992 -19.583594 8.480451 -6.173184 -2.735534 1.551945 -0.225753 -1.205629 -5.135257 -0.091536 -1.200853 0.683892 -0.213924 -0.916663 6.350003 -0.160155 7.179690 18.295489 0.440181 13.047032 -1.796150 -1.523678 -1.972496 8.540369 9.480489 -14.387093 -18.760093 70.883546 50.941422 39.661853 27.096176 3.131884 16.055447 -2.621956 -3.859515 3.997365 -6.815172 19.241102 -12.742368 -60.464512 -44.091371 44.363006 -23.890525 -2.349385 12.587880 16.787061 -10.111276 -13.879992 -11.154934 -7.367953 26.278200 0.054973 5.338016 -3.079052 2.927926 0.000000 -0.000000 -0.000000 22.463055 -18.789454 9.461681 5.514220 8.298778 0.751642 4.550099 0.585323 -7.815080 -0.000000 -0.000000 -0.000000
-1.860596 0.960650 0.911828 -19.318453 8.525557 -6.010714 -2.620591 1.480928 -0.360090 -1.147999 -5.166105 -0.152270 -1.143383 0.653164 -0.268807 -0.877734 6.327026 -0.201680 6.791481 18.304382 0.564233 12.293341 -1.820960 -1.171797 -1.990057 8.509323 9.363656 -14.701441 -18.658379 70.706445 50.894432 39.187010 27.104641 2.729687 16.056103 -3.257025 -3.710203 4.014615 -6.740764 19.055858 -12.662751 -60.369945 -45.289828 43.420459 -24.689911 -2.764576 12.388455 16.039409 -9.978964 -13.900970 -9.937769 -6.836270 26.396830 0.310610 5.592760 -4.237127 2.915198 -0.000000 0.000000 -0.000000 22.291042 -17.604369 8.744054 5.148653 7.133683 0.753032 5.143473 0.528020 -7.413275 0.000000 -0.000000 0.000000
-1.853614 0.961914 0.919627 -19.015142 8.483900 -5.774081 -2.497277 1.471532 -0.515281 -1.085640 -5.169519 -0.221960 -1.081261 0.649873 -0.332167 -0.835942 6.324624 -0.249556 6.381712 18.330643 0.661094 11.507966 -1.809160 -0.860942 -1.948501 8.480136 9.342407 -14.903316 -18.645612 70.462559 50.814736 38.868710 27.061841 2.475816 15.967817 -3.917333 -3.569119 4.152812 -6.666608 18.972519 -12.846498 -60.310525 -46.885138 43.151017 -25.917581 -3.011103 12.495219 15.255075 -9.841516 -13.775748 -8.804978 -6.674906 26.352471 0.430342 5.297017 -5.249657 2.854728 0.000000 -0.000000 -0.000000 21.774368 -16.350466 8.217814 5.348848 6.115024 0.649176 5.435471 0.417597 -7.050052 0.000000 -0.000000 0.000000
-1.847106 0.962652 0.927357 -18.675266 8.381283 -5.470317 -2.368782 1.500482 -0.688645 -1.020059 -5.155874 -0.299566 -1.015960 0.663641 -0.403117 -0.792326 6.335006 -0.303140 5.955347 18.375049 0.748040 10.694652 -1.760669 -0.561363 -1.870603 8.444194 9.378150 -15.021480 -18.681884 70.174539 50.583864 38.566384 26.912609 2.258727 15.843910 -4.641172 -3.420751 4.345492 -6.594111 18.924778 -13.169619 -60.289375 -48.735248 43.350479 -27.426278 -3.169489 12.779544 14.364508 -9.663613 -13.566637 -7.722262 -6.704101 26.198888 0.423548 4.715990 -6.180289 2.750356 0.000000 -0.000000 0.000000 21.031288 -15.073383 7.792145 5.849037 5.232281 0.465510 5.591385 0.250333 -6.716592 -0.000000 0.000000 -0.000000
-1.840937 0.963113 0.935068 -18.294998 8.259800 -5.126128 -2.253322 1.526665 -0.870821 -0.959831 -5.143474 -0.381087 -0.955984 0.676145 -0.478525 -0.753039 6.344429 -0.360089 5.535518 18.444883 0.863065 9.883591 -1.663428 -0.210614 -1.805284 8.401015 9.408491 -15.166772 -18.722995 69.928760 50.292332 38.457047 26.788726 2.114991 15.750717 -5.241995 -3.258359 4.503739 -6.546474 18.858766 -13.450395 -60.342886 -50.456804 43.753069 -28.794970 -3.343857 13.045059 13.460271 -9.435644 -13.364406 -6.612439 -6.653320 25.997384 0.273247 4.201798 -7.076720 2.561179 0.000000 0.000000 0.000000 20.323258 -13.851138 7.338205 6.260392 4.467693 0.271799 5.740807 0.033181 -6.404483 0.000000 0.000000 -0.000000
-1.835040 0.963321 0.942734 -17.888787 8.132119 -4.735381 -2.150567 1.535358 -1.067786 -0.904544 -5.138826 -0.469262 -0.900915 0.680885 -0.561088 -0.717978 6.348020 -0.422443 5.145008 18.543977 1.031425 9.108739 -1.510431 0.229835 -1.771577 8.339378 9.414992 -15.378474 -18.768912 69.759529 49.977840 38.653609 26.764839 2.083435 15.716520 -5.673001 -3.068571 4.572183 -6.533391 18.728299 -13.602240 -60.493612 -51.911393 44.362629 -29.847080 -3.595921 13.241244 12.510092 -9.200766 -13.194472 -5.414864 -6.479634 25.747373 -0.129053 3.870884 -7.960931 2.193248 0.000000 -0.000000 0.000000 19.703473 -12.702708 6.820452 6.500540 3.827775 0.084146 5.927494 -0.241376 -6.107405 -0.000000 -0.000000 0.000000
-1.829482 0.963251 0.950380 -17.442816 7.984025 -4.304818 -2.060449 1.541801 -1.273760 -0.854437 -5.135170 -0.561427 -0.851002 0.684618 -0.648167 -0.687124 6.350843 -0.488202 4.760941 18.667680 1.227493 8.337155 -1.308946 0.719325 -1.750468 8.271069 9.415717 -15.616995 -18.821429 69.631745 49.601419 39.042399 26.767093 2.123379 15.714672 -5.983522 -2.865421 4.607391 -6.546792 18.580410 -13.708247 -60.716927 -53.269383 45.198283 -30.789245 -3.867104 13.422251 11.549590 -8.917368 -13.035197 -4.189298 -6.221995 25.472504 -0.678973 3.606143 -8.794335 1.727538 0.000000 -0.000000 -0.000000 19.116037 -11.608095 6.280581 6.654083 3.307540 -0.107036 6.106864 -0.565706 -5.832204 -0.000000 0.000000 -0.000000
-1.824328 0.963072 0.958123 -16.910279 7.817384 -3.880220 -2.001437 1.548924 -1.462497 -0.818999 -5.131263 -0.645793 -0.815701 0.688577 -0.728935 -0.666749 6.353826 -0.549183 4.337553 18.810919 1.412060 7.498303 -1.067069 1.199883 -1.733375 8.231495 9.403730 -15.875083 -18.840434 69.528728 49.133985 39.461024 26.700113 2.154305 15.728809 -6.129869 -2.683587 4.688948 -6.583440 18.500225 -13.841247 -60.975357 -54.562053 46.042612 -31.726276 -4.057879 13.555412 10.780524 -8.450023 -12.911776 -3.038951 -5.741906 25.280272 -1.076767 3.406409 -9.523256 1.367895 -0.000000 -0.000000 -0.000000 18.653775 -10.579993 5.723696 6.582498 2.874450 -0.254808 6.276834 -0.911285 -5.590620 0.000000 0.000000 0.000000
-1.819609 0.962818 0.966032 -16.267881 7.632652 -3.469598 -1.983436 1.552613 -1.631091 -0.802786 -5.128869 -0.721054 -0.799549 0.690995 -0.802550 -0.660196 6.355660 -0.604748 3.852430 18.979455 1.570283 6.556263 -0.773463 1.651090 -1.713028 8.240892 9.377874 -16.121998 -18.807414 69.449031 48.521149 39.863451 26.481353 2.154077 15.764120 -6.051884 -2.535418 4.847988 -6.651563 18.534278 -14.037566 -61.238419 -55.793733 46.838456 -32.701536 -4.100954 13.624334 10.298774 -7.709659 -12.815521 -1.981080 -4.851420 25.193001 -1.186328 3.233051 -10.167649 1.185099 0.010113 0.082222 0.088922 18.377855 -9.625510 5.134487 6.186491 2.529614 -0.322050 6.455878 -1.270138 -5.386838 -0.000000 0.000000 -0.000000
-1.815293 0.962455 0.974037 -15.539408 7.427578 -3.066400 -1.996481 1.556283 -1.782805 -0.801195 -5.126449 -0.788680 -0.797961 0.693418 -0.870016 -0.664099 6.357508 -0.655660 3.327428 19.167703 1.715562 5.547382 -0.437998 2.089435 -1.696204 8.279498 9.340600 -16.388964 -18.741446 69.395219 47.809993 40.292630 26.187753 2.151204 15.817739 -5.807904 -2.408213 5.054726 -6.740585 18.636543 -14.259898 -61.538482 -56.956576 47.647368 -33.663432 -4.053460 13.657274 10.010604 -6.788368 -12.764692 -0.995186 -3.744692 25.195491 -1.138410 3.114290 -10.711811 1.099987 0.018090 0.160040 0.181925 18.228371 -8.727589 4.542131 5.567375 2.275371 -0.337547 6.626388 -1.649684 -5.216910 0.000000 0.000000 -0.000000
-1.811349 0.962050 0.982044 -14.748378 7.200722 -2.694691 -2.029647 1.573333 -1.900436 -0.810157 -5.118157 -0.840958 -0.806892 0.701696 -0.923203 -0.674799 6.363751 -0.695780 2.783082 19.353528 1.851169 4.508685 -0.101006 2.513200 -1.695317 8.322855 9.290481 -16.761706 -18.658299 69.356716 47.126497 40.722112 25.963282 2.141031 15.859658 -5.530246 -2.299125 5.296738 -6.817947 18.753387 -14.470142 -61.932445 -58.043384 48.428140 -34.554105 -3.996589 13.689837 9.833323 -5.823477 -12.822702 -0.130277 -2.860550 25.315786 -1.025443 3.141728 -11.056994 1.107251 0.000000 -0.000000 -0.000000 18.118811 -7.862137 4.019485 4.887196 2.080318 -0.353965 6.732522 -2.044194 -5.079609 0.000000 0.000000 0.000000
-1.807777 0.961624 0.990025 -13.898604 6.945129 -2.365553 -2.081722 1.614586 -1.975265 -0.829516 -5.099225 -0.873943 -0.826201 0.720599 -0.958151 -0.691887 6.377971 -0.722123 2.219786 19.519859 1.977583 3.440636 0.206067 2.922915 -1.725564 8.360124 9.215262 -17.279846 -18.565864 69.344521 46.524732 41.146287 25.872567 2.114243 15.876058 -5.228227 -2.214380 5.585032 -6.872178 18.884890 -14.666692 -62.472614 -58.998462 49.183268 -35.302668 -3.932723 13.732749 9.790791 -4.832167 -12.999781 0.588173 -2.304446 25.544163 -0.826585 3.414169 -11.116781 1.279129 -0.045153 -0.625478 -0.665700 18.057084 -7.021708 3.591094 4.160698 1.938775 -0.389555 6.756052 -2.456447 -4.976169 0.000000 -0.000000 0.000000
-1.804578 0.961157 0.998008 -12.986435 6.668095 -2.069639 -2.154497 1.667756 -2.015654 -0.859708 -5.075068 -0.891417 -0.856312 0.744713 -0.978693 -0.715978 6.396114 -0.737581 1.636705 19.682495 2.094169 2.341707 0.512512 3.318020 -1.771715 8.402706 9.126973 -17.903594 -18.456492 69.346791 45.954113 41.574513 25.849594 2.079588 15.881623 -4.892173 -2.148368 5.908177 -6.913541 19.032134 -14.845483 -63.106574 -59.863581 49.919190 -35.963935 -3.858526 13.775649 9.859712 -3.797149 -13.279993 1.177785 -1.972252 25.855981 -0.549328 3.818651 -10.992802 1.581133 -0.079835 -1.439931 -1.649998 18.040256 -6.213032 3.236338 3.373668 1.855848 -0.426591 6.715432 -2.882973 -4.903784 0.000000 0.000000 -0.000000
-1.801717 0.960658 1.005985 -12.023840 6.390326 -1.799728 -2.241647 1.711446 -2.030101 -0.897586 -5.055195 -0.897298 -0.894073 0.764527 -0.988418 -0.744994 6.411039 -0.744867 1.052624 19.868250 2.203088 1.245937 0.867825 3.696325 -1.800787 8.459026 9.060426 -18.599509 -18.322802 69.318269 45.387503 42.005108 25.844743 2.056329 15.886254 -4.626605 -2.080579 6.219488 -6.943000 19.142502 -14.966279 -63.731572 -60.777575 50.597241 -36.671718 -3.848028 13.820558 9.886065 -2.802862 -13.681523 1.648794 -1.989737 26.252111 -0.333059 4.132085 -10.857535 1.846329 -0.095803 -1.929153 -2.643275 17.966644 -5.438220 2.953614 2.643916 1.814076 -0.467848 6.609633 -3.308611 -4.854399 -0.000000 0.000000 -0.000000
-1.799203 0.960126 1.013948 -11.012492 6.115538 -1.554551 -2.345790 1.737186 -2.019903 -0.944302 -5.043362 -0.892206 -0.940630 0.776282 -0.988067 -0.779858 6.419931 -0.744539 0.475340 20.089466 2.303889 0.168547 1.294700 4.054095 -1.788195 8.544879 9.035439 -19.374061 -18.177440 69.224580 44.855477 42.439241 25.888491 2.061782 15.890876 -4.476186 -2.004630 6.515150 -6.958962 19.202277 -15.019571 -64.320028 -61.797505 51.211038 -37.488760 -3.921706 13.875459 9.828706 -1.780059 -14.226386 1.988885 -2.536331 26.761520 -0.253976 4.249001 -10.766596 1.998662 -0.136508 -1.867447 -3.781008 17.796379 -4.706733 2.747856 2.035088 1.825369 -0.522372 6.417820 -3.731998 -4.823077 -0.000000 -0.000000 -0.000000
-1.797028 0.959562 1.021904 -9.950359 5.840572 -1.335942 -2.464527 1.752289 -1.984513 -0.998794 -5.036345 -0.875881 -0.994932 0.783207 -0.977275 -0.819754 6.425206 -0.736325 -0.103537 20.332836 2.396631 -0.905709 1.768194 4.393472 -1.758861 8.643612 9.033385 -20.221384 -18.009701 69.100223 44.327701 42.877135 25.949145 2.077062 15.892768 -4.396858 -1.927178 6.798670 -6.963119 19.224154 -15.016600 -64.896416 -62.864663 51.763654 -38.352367 -4.059211 13.931490 9.728251 -0.791627 -14.882856 2.195591 -3.441934 27.346772 -0.254126 4.276625 -10.655123 2.109112 -0.200791 -1.504625 -4.881700 17.572842 -4.012321 2.610350 1.483428 1.876584 -0.583904 6.161117 -4.154271 -4.812911 -0.000000 0.000000 -0.000000
-1.795135 0.958972 1.029869 -8.843619 5.575760 -1.140388 -2.583844 1.759365 -1.929859 -1.054517 -5.033032 -0.851005 -1.050452 0.786419 -0.958056 -0.859932 6.427689 -0.721750 -0.689336 20.586915 2.484532 -1.987923 2.266775 4.721262 -1.754031 8.714778 9.030594 -21.089507 -17.777099 69.002993 43.680491 43.311955 25.880783 2.066880 15.895165 -4.360177 -1.846923 7.034562 -6.962601 19.194588 -14.951633 -65.434780 -63.945543 52.227104 -39.211272 -4.273021 13.964814 9.552946 -0.120704 -15.587894 2.298179 -4.303909 27.924491 -0.270673 4.315085 -10.505139 2.217229 -0.232836 -1.090619 -5.133100 17.318277 -3.334106 2.516717 0.915680 1.912469 -0.632475 5.901573 -4.564265 -4.828772 0.000000 -0.000000 -0.000000
-1.793454 0.958335 1.037839 -7.699541 5.331626 -0.955619 -2.699856 1.750831 -1.862446 -1.109453 -5.036780 -0.820549 -1.105176 0.782566 -0.933176 -0.899097 6.424864 -0.702911 -1.291984 20.858707 2.569038 -3.095841 2.804478 5.042514 -1.801019 8.723592 9.008890 -21.975914 -17.437286 68.958353 42.883072 43.768994 25.640584 2.011376 15.895360 -4.365319 -1.755590 7.196118 -6.956237 19.100475 -14.794223 -65.915651 -65.060205 52.593233 -40.081609 -4.581812 13.960093 9.278926 0.104953 -16.344006 2.282855 -5.069807 28.509830 -0.293369 4.394377 -10.312742 2.349664 -0.181471 -0.685047 -3.796834 17.045705 -2.649313 2.440053 0.281112 1.881184 -0.658484 5.688309 -4.956032 -4.866407 -0.000000 -0.000000 0.000000
-1.792055 0.957672 1.045818 -6.510398 5.098225 -0.793536 -2.816640 1.733349 -1.776214 -1.165689 -5.044658 -0.781761 -1.161188 0.774576 -0.900096 -0.938618 6.418926 -0.677886 -1.901839 21.140378 2.648988 -4.211682 3.366273 5.352295 -1.872343 8.704827 8.984207 -22.883197 -17.033788 68.938824 41.955482 44.215460 25.260817 1.930158 15.893921 -4.413075 -1.661318 7.310016 -6.947286 18.954158 -14.576934 -66.356315 -66.176123 52.869330 -40.935924 -4.965518 13.928409 8.929955 0.017797 -17.142023 2.164596 -5.789739 29.097739 -0.339350 4.484756 -10.080551 2.479906 -0.080302 -0.274955 -1.614484 16.743316 -1.981893 2.407319 -0.369203 1.834040 -0.670820 5.472722 -5.335842 -4.930686 0.000000 0.000000 0.000000
-1.791095 0.957054 1.053833 -5.259780 4.856135 -0.687219 -2.932204 1.730686 -1.657453 -1.222916 -5.046223 -0.728368 -1.218200 0.772890 -0.852512 -0.977783 6.417691 -0.641908 -2.494159 21.398450 2.724828 -5.292969 3.887527 5.645531 -1.927243 8.722321 8.984557 -23.767384 -16.651421 68.925805 40.850142 44.551555 24.711205 1.847265 15.899624 -4.477560 -1.587258 7.421227 -6.949398 18.780900 -14.387894 -66.787560 -67.175735 53.054709 -41.651574 -5.377791 13.885712 8.545001 -0.280375 -17.905001 2.024260 -6.202065 29.581869 -0.362820 4.596530 -9.802661 2.571671 0.000000 -0.000000 0.000000 16.396832 -1.381504 2.474629 -0.955638 1.870326 -0.677743 5.170338 -5.711087 -5.039948 0.000000 -0.000000 -0.000000
-1.790618 0.956481 1.061923 -3.945657 4.594034 -0.650264 -3.045855 1.752771 -1.497308 -1.281252 -5.037141 -0.656346 -1.276340 0.781842 -0.786410 -1.016381 6.424403 -0.591940 -3.058209 21.618843 2.796900 -6.321518 4.341579 5.921446 -1.944436 8.818160 9.026613 -24.640167 -16.332652 68.925194 39.559263 44.719237 23.981606 1.769385 15.922347 -4.561045 -1.543421 7.555008 -6.980676 18.593835 -14.272172 -67.204621 -68.065253 53.144828 -42.219005 -5.842113 13.837499 8.076166 -0.854501 -18.595414 1.923852 -6.125517 29.923858 -0.345336 4.744925 -9.467467 2.608215 0.018387 0.069998 0.382535 16.034774 -0.857068 2.668240 -1.452660 2.017852 -0.693678 4.728830 -6.079566 -5.204242 0.000000 -0.000000 0.000000
-1.790579 0.955953 1.070050 -2.569402 4.326951 -0.670559 -3.158658 1.787392 -1.303563 -1.340855 -5.022801 -0.569242 -1.335762 0.796045 -0.705356 -1.054809 6.435016 -0.530676 -3.603927 21.815142 2.866663 -7.315339 4.754248 6.185877 -1.945708 8.948791 9.096908 -25.491118 -16.034608 68.937303 38.102213 44.758460 23.098461 1.689594 15.951223 -4.662114 -1.519792 7.686908 -7.022857 18.380614 -14.184576 -67.614400 -68.825772 53.149298 -42.635013 -6.331471 13.773998 7.569298 -1.643572 -19.250156 1.806693 -5.728180 30.165550 -0.283588 4.917372 -9.086772 2.612479 0.008867 0.033081 0.191631 15.631490 -0.403649 2.958977 -1.886225 2.247931 -0.705000 4.200441 -6.444458 -5.410544 0.000000 -0.000000 -0.000000
-1.791003 0.955548 1.078116 -1.119613 4.076029 -0.742649 -3.271228 1.824908 -1.087053 -1.401497 -5.007429 -0.471951 -1.396226 0.811270 -0.614222 -1.093261 6.446356 -0.461796 -4.137013 21.995812 2.936928 -8.285798 5.140417 6.445384 -1.955051 9.049430 9.178137 -26.243591 -15.712758 68.937468 36.476970 44.713683 22.094735 1.611550 15.965449 -4.748862 -1.509489 7.786383 -7.034905 18.128681 -14.075833 -68.065713 -69.304008 53.094682 -42.786576 -6.725144 13.695653 7.203135 -2.356220 -19.903159 1.571975 -5.272173 30.317751 -0.149728 5.082709 -8.690746 2.609404 -0.000000 -0.000000 0.000000 15.091458 -0.049258 3.316299 -2.253715 2.574711 -0.678877 3.657782 -6.821623 -5.642102 -0.000000 0.000000 -0.000000
-1.791872 0.955352 1.086036 0.413622 3.841502 -0.869737 -3.383884 1.867965 -0.845650 -1.463431 -4.989871 -0.363501 -1.457985 0.828670 -0.512058 -1.131855 6.459281 -0.384580 -4.653087 22.160151 3.004775 -9.224396 5.498325 6.693936 -1.983265 9.091346 9.268727 -26.853605 -15.348314 68.900342 34.634123 44.528002 20.959067 1.528700 15.947649 -4.843957 -1.521376 7.824251 -6.997420 17.846006 -13.908222 -68.611296 -69.377094 52.987890 -42.574696 -6.966376 13.593209 7.075411 -2.900076 -20.565081 1.182517 -4.805194 30.388635 0.083121 5.222426 -8.324179 2.621985 -0.000000 -0.000000 -0.000000 14.276558 0.173152 3.723913 -2.477881 3.068871 -0.592174 3.141582 -7.232254 -5.900227 -0.000000 -0.000000 -0.000000
-1.793205 0.955278 1.093896 2.021023 3.627485 -1.048246 -3.496235 1.911632 -0.580915 -1.526429 -4.972315 -0.244629 -1.520811 0.846061 -0.399580 -1.170476 6.472149 -0.299570 -5.155757 22.308984 3.074366 -10.138795 5.830609 6.940407 -2.019514 9.102252 9.367863 -27.366556 -14.958385 68.854762 32.647917 44.235549 19.737055 1.448538 15.915172 -4.923417 -1.546674 7.827155 -6.932580 17.524943 -13.716302 -69.197837 -69.172462 52.826063 -42.098815 -7.116321 13.483142 7.087833 -3.360851 -21.215773 0.668288 -4.285889 30.361364 0.382168 5.357686 -7.942836 2.629846 0.000000 0.000000 -0.000000 13.322729 0.300396 4.190878 -2.635474 3.658930 -0.466994 2.611815 -7.656929 -6.182370 -0.000000 0.000000 -0.000000
-1.795079 0.955143 1.101854 3.684998 3.460212 -1.260593 -3.607759 1.935789 -0.310159 -1.589409 -4.963585 -0.123222 -1.583596 0.854618 -0.284566 -1.208887 6.478349 -0.212659 -5.662778 22.453246 3.158826 -11.064157 6.159718 7.212374 -2.055151 9.103107 9.457887 -27.838689 -14.552506 68.855522 30.675243 44.027227 18.520774 1.394500 15.903135 -4.885479 -1.551930 7.847908 -6.860672 17.129630 -13.560721 -69.715771 -68.913491 52.622174 -41.545477 -7.232331 13.408400 7.125719 -3.710956 -21.840379 0.025748 -3.849682 30.211600 0.672413 5.518887 -7.442416 2.595188 -0.000000 0.000000 -0.000000 12.546036 0.404640 4.727561 -2.954962 4.144936 -0.339360 2.020355 -8.050668 -6.467501 0.000000 -0.000000 -0.000000
-1.797479 0.954915 1.109944 5.405609 3.352946 -1.502964 -3.719921 1.931858 -0.033276 -1.652988 -4.967494 0.000703 -1.646945 0.850525 -0.167094 -1.247547 6.475019 -0.123922 -6.180815 22.598246 3.257569 -12.011727 6.496848 7.509904 -2.078818 9.107010 9.524236 -28.277822 -14.125538 68.936189 28.682737 43.948437 17.263727 1.386545 15.931535 -4.683178 -1.520909 7.910968 -6.784859 16.596174 -13.459735 -70.146639 -68.582018 52.372311 -40.884223 -7.319011 13.402339 7.165677 -3.925290 -22.444872 -0.769236 -3.569428 29.937785 0.932219 5.738191 -6.791761 2.529262 0.000000 0.000000 0.000000 12.130467 0.521400 5.336386 -3.555196 4.401640 -0.206944 1.311209 -8.380031 -6.749035 0.000000 -0.000000 -0.000000
-1.800422 0.954625 1.118132 7.182680 3.295741 -1.775161 -3.831374 1.907330 0.248232 -1.716455 -4.980697 0.126522 -1.710153 0.837134 -0.047715 -1.285960 6.464672 -0.033772 -6.702876 22.738421 3.371510 -12.969268 6.832116 7.833245 -2.101736 9.101749 9.581203 -28.674155 -13.684317 69.065349 26.676845 43.949523 15.994598 1.406446 15.987608 -4.364350 -1.469662 7.991328 -6.699529 15.988995 -13.398232 -70.512229 -68.200691 52.077946 -40.150591 -7.374474 13.432301 7.232554 -4.024943 -23.008548 -1.696437 -3.385914 29.543619 1.163228 5.994081 -6.021881 2.434939 0.000000 0.000000 -0.000000 11.892938 0.598330 6.018485 -4.317109 4.550453 -0.072260 0.540810 -8.680689 -7.034446 0.000000 -0.000000 0.000000
-1.804030 0.954186 1.126476 8.998040 3.278562 -2.064095 -3.937350 1.867795 0.514088 -1.776657 -5.000539 0.245205 -1.770082 0.817107 0.064859 -1.322424 6.449329 0.051212 -7.226338 22.868394 3.515518 -13.936500 7.156998 8.208977 -2.149280 9.070028 9.654334 -29.056634 -13.256295 69.197742 24.841584 44.103728 14.880343 1.421049 16.058100 -3.969310 -1.413011 8.068583 -6.610622 15.464460 -13.388924 -70.763795 -68.041545 51.763847 -39.623419 -7.441614 13.440648 7.283142 -4.055639 -23.479631 -2.687495 -3.235424 29.018459 1.322481 6.240529 -5.117187 2.265062 0.000000 0.000000 -0.000000 11.598586 0.573552 6.782166 -5.113997 4.761775 0.020749 -0.170126 -9.010181 -7.324392 0.000000 0.000000 -0.000000
-1.808388 0.953607 1.134994 10.867542 3.304803 -2.365984 -4.043378 1.810551 0.755542 -1.835592 -5.028152 0.352843 -1.828716 0.789302 0.166517 -1.358732 6.428151 0.127922 -7.751958 22.991163 3.700684 -14.917371 7.479917 8.656626 -2.229334 9.009318 9.758239 -29.444794 -12.851796 69.318620 23.195065 44.438324 13.965001 1.433840 16.142468 -3.482505 -1.348547 8.143445 -6.513389 15.066088 -13.440314 -70.878838 -68.222895 51.430305 -39.422946 -7.535011 13.397478 7.286337 -4.034706 -23.833948 -3.717886 -3.139713 28.326584 1.373071 6.483542 -4.032974 1.989865 0.000000 0.000000 0.000000 11.176583 0.432972 7.644790 -5.938887 5.056571 0.037534 -0.783693 -9.375491 -7.615116 0.000124 0.017898 -0.048929
-1.813412 0.952877 1.143669 12.774950 3.373117 -2.680896 -4.143943 1.739340 0.980209 -1.891175 -5.061905 0.452842 -1.883987 0.755366 0.260877 -1.393063 6.402372 0.199089 -8.278739 23.103473 3.915726 -15.906991 7.794567 9.156007 -2.334807 8.920557 9.875774 -29.818591 -12.459856 69.441665 21.691832 44.950215 13.176923 1.452188 16.242453 -2.916705 -1.278409 8.214406 -6.412504 14.748865 -13.548993 -70.881538 -68.608366 51.074260 -39.419539 -7.636906 13.332004 7.272659 -3.951755 -24.087139 -4.802490 -3.085669 27.510488 1.334584 6.734179 -2.805746 1.654733 0.000000 0.000000 -0.000000 10.692261 0.187563 8.581964 -6.802300 5.411932 0.012375 -1.336605 -9.768920 -7.911363 0.000152 0.035791 -0.097861
-1.818969 0.951882 1.152500 14.654059 3.464824 -3.002881 -4.217420 1.670113 1.193391 -1.934091 -5.094672 0.547623 -1.926639 0.722459 0.351307 -1.418221 6.377363 0.267269 -8.801536 23.190868 4.141544 -16.892607 8.070424 9.673864 -2.468809 8.791646 9.983588 -30.148238 -12.074671 69.563154 20.413319 45.682689 12.498112 1.449046 16.343812 -2.352409 -1.224450 8.259027 -6.330240 14.535767 -13.710549 -70.792555 -69.082356 50.717349 -39.513134 -7.741485 13.274374 7.290023 -3.813817 -24.253648 -5.927725 -2.952033 26.673872 1.255985 6.951343 -1.538547 1.318265 -0.000000 -0.000000 -0.000000 10.111986 -0.175416 9.536528 -7.605966 5.934894 0.005015 -1.819506 -10.224644 -8.225753 -0.000000 -0.000000 -0.000000
-1.825058 0.950601 1.161471 16.507628 3.580320 -3.339583 -4.256406 1.609093 1.397912 -1.961207 -5.123670 0.638478 -1.953560 0.693370 0.439411 -1.431749 6.355214 0.333679 -9.327705 23.242373 4.381279 -17.890154 8.289216 10.219376 -2.655022 8.594902 10.076138 -30.436305 -11.674373 69.699489 19.346027 46.687446 11.887323 1.395831 16.439449 -1.801373 -1.195966 8.283186 -6.276124 14.451572 -13.972035 -70.605370 -69.697191 50.371738 -39.776121 -7.869898 13.232597 7.344888 -3.674692 -24.348743 -7.047005 -2.621199 25.837980 1.119800 7.123085 -0.263149 0.986719 0.000000 0.000000 -0.000000 9.339398 -0.700248 10.500279 -8.282222 6.737842 0.027061 -2.219474 -10.777982 -8.568488 0.000510 -0.113834 0.430754
-1.831680 0.949054 1.170599 18.332620 3.719725 -3.681562 -4.267918 1.550264 1.591611 -1.975528 -5.151536 0.724428 -1.967733 0.665450 0.523907 -1.435983 6.333949 0.397348 -9.850180 23.269087 4.630972 -18.885287 8.470922 10.782764 -2.870747 8.359368 10.155041 -30.679822 -11.281184 69.835012 18.484237 47.929242 11.369092 1.332825 16.533777 -1.244505 -1.183889 8.283045 -6.242914 14.468746 -14.296739 -70.331987 -70.390578 50.018358 -40.130224 -8.003658 13.196592 7.429703 -3.487465 -24.355321 -8.196935 -2.211998 24.980653 0.938434 7.271306 1.057932 0.658939 -0.000000 0.000000 0.000000 8.462057 -1.332808 11.478385 -8.904974 7.709036 0.066670 -2.546805 -11.392360 -8.930614 0.000988 -0.282074 1.008089
-1.838699 0.947183 1.179940 20.054445 3.861048 -3.999576 -4.251830 1.491361 1.773091 -1.976935 -5.179210 0.804851 -1.969047 0.637774 0.604191 -1.430885 6.312888 0.457826 -10.342038 23.290315 4.861162 -19.820176 8.640583 11.303098 -3.048302 8.159050 10.210515 -30.841190 -10.954040 69.917211 17.937150 49.324018 11.037371 1.330489 16.626588 -0.719671 -1.183187 8.222837 -6.230585 14.532723 -14.551863 -70.014538 -70.888748 49.640505 -40.258592 -8.080632 13.170491 7.572404 -3.108586 -24.235855 -9.486844 -1.957936 24.134635 0.813685 7.397271 2.422130 0.369750 -0.000000 -0.000000 -0.000000 7.726972 -1.940104 12.434531 -9.584453 8.619008 0.148812 -2.827278 -11.994205 -9.296196 -0.000244 -0.485927 1.320112
-1.846113 0.944878 1.189427 21.660626 3.990936 -4.303292 -4.205091 1.448760 1.948794 -1.964475 -5.199434 0.882749 -1.956581 0.617598 0.683355 -1.415542 6.297467 0.517469 -10.785725 23.300242 5.076857 -20.665621 8.782875 11.786351 -3.157746 8.039310 10.233457 -30.859988 -10.721343 69.972163 17.768316 50.949335 10.916853 1.424308 16.721939 -0.224520 -1.185266 8.094589 -6.245812 14.570400 -14.733267 -69.632512 -71.036275 49.186215 -39.978558 -8.126696 13.142273 7.708469 -2.442610 -23.946704 -10.960245 -1.953826 23.297700 0.787186 7.501815 3.897696 0.143524 0.000000 0.000000 0.000000 7.168217 -2.511760 13.366452 -10.307768 9.459832 0.288854 -3.076723 -12.592566 -9.647792 -0.003318 -0.741095 1.143312
-1.853924 0.942250 1.199127 23.163813 4.119346 -4.584371 -4.130427 1.407025 2.113180 -1.939013 -5.219018 0.955525 -1.931165 0.598100 0.758710 -1.390769 6.282577 0.574222 -11.198554 23.305389 5.273322 -21.451430 8.911177 12.227423 -3.227581 7.956293 10.237471 -30.796909 -10.552698 69.970299 17.967781 52.736734 11.029253 1.580315 16.810730 0.229888 -1.199668 7.908435 -6.287293 14.653982 -14.850320 -69.198827 -71.002686 48.710641 -39.486803 -8.118735 13.124482 7.904439 -1.601550 -23.511771 -12.550959 -2.111682 22.471754 0.817629 7.587830 5.415560 -0.048761 0.000000 0.000000 0.000000 6.754786 -3.063925 14.275548 -11.084321 10.236442 0.471806 -3.277674 -13.177105 -10.005909 -0.004844 -1.029901 0.700542
-1.862007 0.939575 1.209294 24.527453 4.254986 -4.787561 -4.036986 1.317823 2.244869 -1.903322 -5.259284 1.013310 -1.895482 0.557952 0.820121 -1.359321 6.252270 0.620369 -11.605639 23.345144 5.407192 -22.207125 9.093001 12.548706 -3.277381 7.849109 10.247367 -30.797255 -10.409979 69.774634 18.574265 54.379102 11.488406 1.748541 16.872180 0.581694 -1.248695 7.655310 -6.344515 14.948814 -14.786384 -68.792569 -71.008086 48.363089 -39.034428 -7.929671 13.157065 8.390017 -0.751754 -22.996687 -14.207950 -2.388092 21.694970 0.892805 7.641201 6.766552 -0.274588 0.000000 -0.000000 -0.000000 6.645553 -3.514068 15.131108 -12.051031 10.735073 0.676413 -3.408900 -13.645049 -10.411204 -0.002798 -1.283416 0.249852
-1.870191 0.936853 1.219988 25.720720 4.395921 -4.896019 -3.917792 1.158171 2.332860 -1.853643 -5.330332 1.051043 -1.845777 0.487072 0.862906 -1.318734 6.199011 0.652336 -12.031510 23.454796 5.455190 -22.966725 9.389469 12.707190 -3.309250 7.693063 10.277551 -30.896811 -10.289137 69.301965 19.677996 55.851356 12.411233 1.903296 16.894586 0.847028 -1.366655 7.306819 -6.429994 15.541819 -14.474555 -68.430395 -71.144420 48.256244 -38.669741 -7.531743 13.254736 9.250463 0.096335 -22.430174 -15.987667 -2.772450 21.019010 1.072146 7.707887 7.812642 -0.581530 0.000000 0.000000 -0.000000 7.100243 -3.837391 15.905195 -13.434136 10.809874 0.917907 -3.437977 -14.014832 -10.900569 0.001321 -1.384236 -0.108260
-1.878646 0.934084 1.231150 26.774954 4.537376 -4.927417 -3.779974 0.954626 2.385010 -1.793688 -5.420485 1.072497 -1.785799 0.397113 0.890443 -1.271576 6.131522 0.672720 -12.451409 23.602118 5.441054 -23.695750 9.739959 12.744438 -3.321577 7.511943 10.311483 -31.058027 -10.179173 68.631746 21.299588 57.150511 13.762376 2.050099 16.888689 1.006687 -1.518533 6.892320 -6.535509 16.345092 -13.987491 -68.064690 -71.327858 48.273381 -38.337602 -6.968381 13.381167 10.412519 0.941746 -21.783923 -17.829330 -3.269556 20.396122 1.313318 7.712146 8.695648 -0.956016 0.000000 -0.000000 0.000000 7.868421 -4.068700 16.627782 -14.995885 10.597520 1.190112 -3.400558 -14.264511 -11.438253 0.006027 -1.449824 -0.473629
-1.887767 0.931549 1.242848 27.747034 4.682136 -4.877786 -3.653890 0.734151 2.407380 -1.737410 -5.517988 1.080676 -1.729475 0.299783 0.904329 -1.228178 6.058553 0.682791 -12.816771 23.725503 5.391537 -24.321477 10.028897 12.709825 -3.328430 7.317586 10.325739 -31.317632 -10.031214 67.873320 23.302964 58.002230 15.353544 2.168966 16.871187 0.949320 -1.622751 6.487408 -6.616616 17.262084 -13.415160 -67.677407 -71.503548 48.226385 -38.126627 -6.227642 13.490755 11.871609 1.641170 -21.060706 -19.517799 -3.854153 19.717165 1.455019 7.451556 9.632960 -1.386915 -0.000000 -0.000000 0.000000 8.346041 -4.206870 17.360912 -16.179842 10.313915 1.430485 -3.387572 -14.233002 -11.951243 0.013702 -1.764581 -0.889730
-1.897596 0.929317 1.255149 28.648336 4.835450 -4.737544 -3.552971 0.490223 2.402391 -1.690895 -5.625847 1.076632 -1.682853 0.192063 0.905007 -1.193047 5.977826 0.682888 -13.106428 23.816757 5.297534 -24.806151 10.233368 12.585714 -3.349552 7.087786 10.311525 -31.744992 -9.824719 67.022994 25.689073 58.377377 17.111240 2.242710 16.868987 0.675565 -1.620937 6.081005 -6.638760 18.337718 -12.735468 -67.271911 -71.747162 48.082941 -38.196552 -5.191678 13.530831 13.836295 2.165357 -20.249528 -21.034569 -4.582981 18.919924 1.475711 6.737984 10.624153 -1.866122 0.000000 -0.000000 -0.000000 8.286245 -4.190528 18.135169 -16.770006 9.988660 1.602820 -3.385714 -13.899327 -12.438210 0.027991 -2.377221 -1.350848
-1.908091 0.927319 1.267987 29.468133 4.988386 -4.516616 -3.462446 0.231437 2.367697 -1.647564 -5.740163 1.059328 -1.639399 0.077875 0.892102 -1.161320 5.892296 0.672736 -13.341332 23.885244 5.167585 -25.188345 10.375052 12.390412 -3.364115 6.846047 10.277632 -32.270225 -9.586881 66.081380 28.298284 58.277934 18.948788 2.273755 16.863474 0.186647 -1.571790 5.681660 -6.634343 19.524064 -11.972934 -66.823774 -71.973063 47.889274 -38.386692 -4.006038 13.491672 16.105315 2.543180 -19.389568 -22.403625 -5.391111 18.071518 1.411017 5.747195 11.675447 -2.436477 -0.000000 -0.000000 0.000000 7.940172 -4.064144 18.929747 -16.982525 9.607027 1.730513 -3.429235 -13.286868 -12.893829 0.052652 -3.237981 -1.866622
-1.919512 0.925626 1.281225 30.229985 5.123304 -4.240322 -3.370522 0.007031 2.304055 -1.602525 -5.839018 1.029399 -1.594298 -0.020849 0.866741 -1.129324 5.818409 0.653265 -13.536631 23.894322 5.053981 -25.510811 10.404002 12.227273 -3.325103 6.673556 10.229817 -32.726323 -9.340580 65.170224 30.616490 57.514309 20.526199 2.268818 16.808421 -0.628118 -1.569314 5.394555 -6.654193 20.590424 -11.282004 -66.307633 -71.880354 47.580494 -38.312799 -3.037417 13.441970 18.055097 2.734078 -18.575707 -23.483713 -6.066054 17.249545 1.178868 4.833270 13.011534 -3.152356 -0.000000 -0.000000 -0.000000 7.447259 -3.979980 19.729142 -16.917757 9.325236 1.828506 -3.689359 -12.308742 -13.235838 0.098117 -4.482937 -2.506367
-1.931940 0.924373 1.294730 30.925085 5.234805 -3.919041 -3.269759 -0.160621 2.215757 -1.552826 -5.912478 0.988891 -1.544648 -0.094170 0.831276 -1.094726 5.763608 0.626284 -13.695149 23.815365 4.979155 -25.787520 10.274395 12.142654 -3.196774 6.626678 10.164598 -33.074273 -9.089531 64.324828 32.436250 55.836963 21.650824 2.229567 16.701023 -1.916873 -1.695352 5.293866 -6.729671 21.505755 -10.717173 -65.728888 -71.394834 47.102610 -37.842060 -2.375407 13.471945 19.526402 2.732928 -17.881102 -24.211563 -6.565717 16.482938 0.676376 4.048551 15.013348 -4.290496 -0.103971 0.195605 -1.113075 6.712298 -3.951653 20.538843 -16.468896 9.238560 1.896082 -4.251158 -10.941840 -13.436637 0.177444 -6.188106 -3.289803
-1.945295 0.923425 1.308636 31.562180 5.327306 -3.543510 -3.167480 -0.292684 2.100956 -1.501530 -5.969989 0.936823 -1.493472 -0.151543 0.784415 -1.059886 5.720800 0.590786 -13.814762 23.676325 4.918733 -26.006242 10.030373 12.087799 -3.014871 6.650024 10.090803 -33.358664 -8.826131 63.515441 33.817666 53.535711 22.370833 2.188676 16.560501 -3.523816 -1.867677 5.306282 -6.822273 22.309399 -10.216847 -65.114186 -70.611565 46.503114 -37.141276 -1.905050 13.541825 20.677269 2.566542 -17.256898 -24.669757 -6.916697 15.733209 0.009263 3.311287 17.285448 -5.589224 -0.245452 0.382881 -2.223874 5.828452 -3.959234 21.352359 -15.749859 9.268894 1.930070 -5.045810 -9.223058 -13.527591 0.303502 -8.275525 -4.206457
-1.959597 0.922446 1.323204 32.190865 5.398002 -3.109744 -3.074436 -0.405167 1.951606 -1.452954 -6.018676 0.869466 -1.445027 -0.200103 0.721986 -1.028304 5.684637 0.543593 -13.903513 23.524960 4.854864 -26.170626 9.756795 12.023348 -2.840083 6.656227 10.032040 -33.538515 -8.551727 62.769589 34.740725 51.255143 22.796215 2.182015 16.366692 -5.109627 -1.933685 5.316511 -6.877886 22.878226 -9.757654 -64.488318 -69.489529 45.867456 -36.279479 -1.657924 13.589018 21.354744 2.246053 -16.614040 -24.936829 -7.012366 14.975043 -0.603938 2.826437 18.904884 -6.229802 -0.000000 0.000000 0.000000 5.213716 -4.114082 22.134994 -15.192002 9.298530 1.945866 -6.012558 -7.157833 -13.514651 0.493086 -10.647196 -5.287885
-1.974943 0.921502 1.338610 32.801278 5.451968 -2.603628 -2.984883 -0.510832 1.757897 -1.404071 -6.064142 0.782357 -1.396287 -0.245447 0.639838 -0.998027 5.650930 0.481564 -13.975902 23.381726 4.775044 -26.300986 9.490554 11.925997 -2.690455 6.619926 10.002996 -33.570241 -8.237695 62.068029 35.255873 49.090880 23.034263 2.228557 16.053771 -6.671168 -1.857605 5.316174 -6.881565 23.099500 -9.308945 -63.853437 -67.953186 45.230797 -35.201594 -1.661127 13.636257 21.420789 1.734405 -15.906733 -24.990951 -6.718675 14.022499 -1.150587 2.795743 19.853323 -6.136157 1.057917 -1.710695 9.477398 5.114927 -4.445607 22.876383 -14.984054 9.198507 1.953124 -7.213349 -4.721671 -13.380343 0.764754 -13.288424 -6.576978
-1.991236 0.920527 1.354678 33.402956 5.482406 -2.039960 -2.904432 -0.595593 1.530387 -1.357927 -6.100217 0.680277 -1.350306 -0.281411 0.542444 -0.971015 5.624277 0.408085 -14.017470 23.226553 4.691839 -26.376901 9.195038 11.818862 -2.548178 6.565186 9.987420 -33.497197 -7.913368 61.431907 35.436288 46.959744 23.104505 2.313425 15.683493 -8.212202 -1.675411 5.312233 -6.847774 23.086143 -8.893173 -63.215676 -66.104579 44.542996 -33.992225 -1.848645 13.709469 21.005156 1.074783 -15.187980 -24.862360 -6.166950 13.070288 -1.662894 3.046392 20.142358 -5.337436 1.997827 -4.454938 22.209723 5.283370 -4.930727 23.580708 -14.934113 9.085653 1.942680 -8.592752 -1.948614 -13.150689 1.145170 -16.201192 -8.069440
-2.008212 0.918991 1.371142 34.074120 5.467679 -1.458384 -2.861188 -0.635646 1.291529 -1.328047 -6.116520 0.573334 -1.320548 -0.297642 0.438529 -0.956692 5.612408 0.329744 -13.992893 23.046494 4.625325 -26.341014 8.844964 11.732432 -2.420080 6.478574 9.959673 -33.404330 -7.671458 60.944979 35.338076 45.232410 23.027997 2.368866 15.406329 -9.415260 -1.342168 5.211605 -6.770952 23.048114 -8.571661 -62.597796 -64.152491 43.786177 -32.909652 -2.115408 13.746526 20.352194 0.392224 -14.512469 -24.700639 -5.663290 12.658106 -1.976612 3.222526 18.891335 -3.181960 1.959946 -6.439399 29.781591 5.392217 -5.606246 24.234908 -14.906189 9.202246 1.906958 -9.912350 1.076585 -12.879946 1.661930 -19.301404 -9.750403
-2.026055 0.916442 1.388427 34.896717 5.386328 -0.831729 -2.893945 -0.637908 1.015502 -1.330430 -6.116001 0.449883 -1.322895 -0.297126 0.314830 -0.967979 5.613108 0.236519 -13.879395 22.856530 4.580894 -26.152987 8.463748 11.667942 -2.312229 6.351522 9.907413 -33.348614 -7.500192 60.653604 35.008922 44.123362 22.868472 2.364790 15.265814 -10.155872 -0.739183 4.898586 -6.598016 22.937144 -8.270339 -61.916767 -61.998875 42.826980 -31.957985 -2.412181 13.728377 19.419975 -0.195903 -13.783116 -24.614444 -5.240568 13.031431 -1.946499 2.933041 15.228218 1.435899 1.169285 -6.563490 27.515320 5.320216 -6.477907 24.821270 -14.952063 9.580714 1.881813 -11.295536 4.417031 -12.514380 2.383406 -22.842283 -11.704209
-2.044581 0.913331 1.406106 35.786901 5.255748 -0.189577 -2.964916 -0.595529 0.729600 -1.349472 -6.095582 0.322257 -1.341858 -0.276753 0.185271 -0.992183 5.628693 0.138920 -13.700908 22.640915 4.551549 -25.855516 8.025696 11.620762 -2.218783 6.193119 9.841336 -33.269469 -7.420174 60.506513 34.429986 43.415808 22.602553 2.302671 15.199519 -10.562876 0.012178 4.483378 -6.393357 22.795664 -8.067131 -61.257947 -59.739945 41.832548 -31.144454 -2.751534 13.693417 18.245990 -0.808490 -13.097826 -24.492212 -4.874167 13.933328 -1.689075 2.218951 9.972183 7.273553 0.358326 -5.837270 19.994419 5.190207 -7.540292 25.350249 -15.034584 10.186448 1.844154 -12.615469 8.010561 -12.090445 3.331616 -26.528541 -13.967900
-2.062967 0.910485 1.422631 36.574935 5.117545 0.344279 -2.989002 -0.465963 0.537413 -1.351969 -6.036845 0.237157 -1.344489 -0.218024 0.099926 -1.000736 5.672940 0.074740 -13.493153 22.340611 4.535801 -25.518336 7.431032 11.607262 -2.128540 6.017176 9.769836 -33.074577 -7.574056 60.434244 33.546270 42.830553 22.110725 2.147575 15.192549 -10.700889 0.601521 4.220817 -6.321249 22.970107 -8.249399 -60.899745 -57.819858 41.261821 -30.644431 -3.159436 13.638603 17.187753 -1.667479 -12.802973 -24.158013 -4.798981 15.142514 -1.430625 1.712521 4.862823 11.575730 -0.012681 -4.849851 12.868267 5.037824 -8.811011 25.856935 -14.894465 11.177888 1.715144 -13.239883 11.606015 -11.714819 4.346015 -29.421889 -16.447202
-2.081172 0.907990 1.437323 37.248409 5.014225 0.682888 -2.952417 -0.221864 0.509029 -1.334910 -5.928142 0.226033 -1.327798 -0.109284 0.090534 -0.988943 5.754517 0.067916 -13.253060 21.894517 4.532350 -25.145973 6.566911 11.635762 -2.064753 5.762641 9.686071 -32.812516 -8.073387 60.407920 32.373287 42.456144 21.446253 1.890316 15.280396 -10.462756 0.898984 4.260456 -6.474738 23.782459 -9.085624 -60.995885 -56.352468 41.205307 -30.524027 -3.706072 13.521931 16.341263 -2.840213 -13.077760 -23.499041 -5.575919 16.728764 -1.333529 2.234800 0.319765 13.106644 -0.067450 -3.325942 7.782244 4.918492 -10.452407 26.412295 -14.607072 12.692924 1.465833 -12.886609 15.484972 -11.601525 5.438221 -31.855072 -18.866065
-2.099237 0.905760 1.450860 37.820944 4.910878 0.914392 -2.869633 0.105603 0.577743 -1.301807 -5.782923 0.258740 -1.295204 0.036009 0.126597 -0.961719 5.863408 0.095434 -12.985835 21.364091 4.532344 -24.740647 5.543312 11.678652 -2.003627 5.491320 9.594512 -32.434858 -8.810702 60.436859 30.896690 42.190338 20.567662 1.545215 15.433821 -9.953980 1.031784 4.463556 -6.748374 24.933770 -10.271580 -61.456141 -55.175478 41.596960 -30.606685 -4.348175 13.366845 15.594353 -4.264688 -13.728043 -22.619321 -6.692772 18.606334 -1.324845 3.410111 -4.015063 13.173570 -0.034484 -1.393187 3.175780 4.765642 -12.298820 26.947679 -14.111113 14.616024 1.184995 -11.755733 19.387942 -11.342170 6.402624 -33.387433 -21.461971
-2.116456 0.904357 1.463730 38.162150 4.736511 1.178565 -2.699627 0.472305 0.641443 -1.229835 -5.620089 0.289216 -1.223948 0.199010 0.164380 -0.905386 5.985599 0.124278 -12.738172 20.874545 4.527046 -24.365130 4.596804 11.706436 -1.864541 5.401424 9.523241 -31.703221 -9.600444 60.499005 29.056860 41.455228 19.254575 1.108440 15.538393 -9.559643 1.082436 4.656482 -7.002142 25.828396 -11.240013 -62.144407 -54.313896 42.622703 -30.665174 -4.986806 13.253274 15.002388 -5.962261 -14.538766 -21.671065 -6.744930 20.360680 -1.218440 4.329602 -7.576634 12.870381 0.000000 0.000000 -0.000000 4.441238 -13.869804 27.309126 -12.923563 16.743434 0.998822 -9.844232 22.191718 -10.114346 6.280943 -31.939806 -24.291269
-2.132819 0.903954 1.476105 38.174016 4.439290 1.539063 -2.387861 0.905122 0.654933 -1.092669 -5.427358 0.297060 -1.087827 0.392035 0.186151 -0.801668 6.130376 0.141049 -12.533455 20.433832 4.534977 -24.062160 3.751388 11.756785 -1.571535 5.616331 9.491269 -30.411644 -10.404504 60.600111 26.711245 39.886854 17.330669 0.577859 15.555541 -9.308742 1.022752 4.764081 -7.196330 26.279641 -11.831066 -63.029937 -53.785799 44.421619 -30.561444 -5.570587 13.209066 14.703236 -8.301419 -15.607176 -20.609088 -4.547849 21.939300 -0.764793 4.456254 -10.118551 12.440471 0.014648 0.359882 -0.952912 3.794231 -15.008787 27.510453 -10.542175 19.172291 0.984135 -6.660612 23.272178 -7.270915 3.713596 -25.513412 -28.354285
-2.148338 0.904378 1.487814 37.952649 4.074860 1.934526 -1.991566 1.380655 0.663565 -0.917716 -5.215484 0.302061 -0.914004 0.604218 0.208907 -0.669617 6.289528 0.158477 -12.346228 20.033751 4.542034 -23.785116 2.983751 11.800693 -1.203485 6.013650 9.486661 -28.758102 -11.276367 60.676639 24.164675 37.786391 15.153361 -0.050192 15.522560 -9.174676 0.883188 4.857173 -7.369536 26.454696 -12.213737 -64.090482 -53.564919 46.814417 -30.431492 -6.171862 13.197823 14.587919 -10.937211 -16.808895 -19.432723 -1.228757 23.458716 -0.100422 4.267095 -11.929460 11.627028 0.010226 0.180490 -0.476204 2.987909 -15.873077 27.558155 -7.390330 21.805927 1.217955 -2.761646 22.867518 -3.758947 -0.844898 -16.232797 -31.865212
-2.162341 0.905683 1.498829 37.659004 3.731046 2.315918 -1.637201 1.779865 0.697661 -0.762464 -5.037666 0.317508 -0.759616 0.782252 0.240102 -0.551505 6.423047 0.182129 -12.148001 19.776565 4.500813 -23.455141 2.464420 11.726066 -0.912514 6.421937 9.491819 -27.111229 -12.150629 60.634912 21.976975 35.613464 13.222950 -0.788524 15.421626 -9.462119 0.841115 4.980396 -7.506126 26.263993 -12.348954 -65.137531 -53.636724 49.493215 -30.509279 -6.886581 13.213888 14.356291 -12.777184 -17.637021 -18.430390 1.172139 24.759780 0.420394 4.230700 -13.256418 10.790948 -0.000000 -0.000000 -0.000000 2.374356 -16.455054 27.283680 -4.376048 24.119160 1.706222 0.244932 21.455754 -1.210084 -4.302270 -8.329869 -31.088156
-2.174270 0.907988 1.509023 37.313103 3.399130 2.688836 -1.353392 2.071394 0.766754 -0.640147 -4.907862 0.347982 -0.637899 0.912201 0.282983 -0.457031 6.520495 0.214508 -11.930551 19.742462 4.391265 -23.036899 2.334359 11.478620 -0.749432 6.837224 9.505752 -25.410190 -13.006606 60.402173 20.145778 33.387358 11.493144 -1.741166 15.204172 -10.306651 0.992705 5.172122 -7.614702 25.458741 -12.204187 -66.134152 -53.987040 52.540677 -30.871353 -7.817502 13.328081 14.003729 -13.086303 -17.903960 -17.891917 1.573483 25.888851 0.601864 4.590496 -14.099372 10.026041 -0.000000 0.000000 0.000000 2.175408 -16.657851 26.520888 -1.768300 25.843290 2.458852 1.596345 19.233320 -0.243569 -4.077159 -3.521631 -22.406321
-2.184685 0.911174 1.518525 36.895525 3.088899 3.048600 -1.109698 2.285608 0.858098 -0.536714 -4.812444 0.388060 -0.534932 1.007729 0.333560 -0.376062 6.592132 0.252652 -11.702985 19.854138 4.241890 -22.565251 2.460958 11.127863 -0.664782 7.261613 9.528647 -23.709697 -13.835626 60.074620 18.621710 31.130830 9.912880 -2.781519 14.899570 -11.576663 1.242000 5.396550 -7.688187 24.275708 -11.851537 -67.111622 -54.713711 55.873571 -31.603581 -8.873197 13.483435 13.579300 -12.565520 -17.831644 -17.582053 1.036084 26.749046 0.592791 5.047242 -14.446021 9.241547 0.000000 0.000000 -0.000000 2.172291 -16.583356 25.423226 0.692823 27.186524 3.313863 2.006244 16.379825 -0.208403 -1.781198 -1.002440 -9.535286
-2.194590 0.914929 1.527689 36.510667 2.912310 3.326941 -0.941157 2.393144 0.966553 -0.467426 -4.764517 0.435768 -0.465931 1.055722 0.388309 -0.320242 6.628105 0.293934 -11.461547 19.977828 4.078647 -22.063028 2.604961 10.746448 -0.656650 7.531520 9.539485 -22.564114 -14.593460 59.888468 17.730048 29.371624 8.780455 -3.571202 14.610611 -13.174680 1.479719 5.586689 -7.690284 23.361262 -11.389183 -67.988673 -56.096968 58.931871 -33.024016 -9.895856 13.476411 12.828416 -12.247879 -17.557535 -17.056792 0.722590 26.957420 0.518536 5.275618 -14.518118 8.521475 0.000000 -0.000000 -0.000000 2.058856 -16.522800 24.298269 2.833664 28.369033 3.893339 2.230724 13.640329 -0.570340 0.000000 -0.000000 -0.000000
-2.204319 0.919382 1.536726 36.192005 2.939232 3.480493 -0.865048 2.344319 1.098863 -0.440127 -4.786254 0.494300 -0.438714 1.034008 0.449619 -0.295225 6.611766 0.340153 -11.203878 20.107181 3.892418 -21.525671 2.754438 10.318906 -0.738225 7.568107 9.532877 -22.360295 -15.313320 60.017473 17.604838 28.516076 8.175222 -3.980800 14.390984 -15.339327 1.676649 5.725523 -7.577301 23.042270 -10.784913 -68.743924 -58.995893 61.716297 -35.918330 -10.967807 13.137690 11.506597 -12.658985 -17.096805 -16.053440 1.260059 26.222226 0.394344 5.085266 -14.333058 7.917496 0.000000 0.000000 0.000000 1.705079 -16.573113 23.273291 4.427619 29.494118 3.925286 2.522097 11.230452 -1.181121 0.364916 0.383774 2.369322
-2.213538 0.924405 1.545426 35.908042 3.097510 3.549692 -0.862270 2.187686 1.248300 -0.445975 -4.856080 0.560699 -0.444494 0.964177 0.515423 -0.294575 6.559309 0.389752 -10.931007 20.247748 3.693677 -20.956518 2.922897 9.863526 -0.891308 7.448184 9.512817 -22.728134 -15.980455 60.349918 18.027264 28.187020 7.944714 -4.090108 14.237150 -17.815600 1.863640 5.828394 -7.393335 22.991288 -10.048725 -69.398816 -63.074006 64.124805 -39.977481 -12.070953 12.599189 9.852584 -13.250694 -16.420627 -14.851944 2.055318 24.858547 0.197521 4.657864 -13.885598 7.381962 -0.000000 -0.000000 -0.000000 1.233840 -16.642533 22.225562 5.652728 30.493900 3.607369 2.657255 8.929406 -2.081435 0.170705 0.193870 1.185799
-2.222253 0.929296 1.553517 35.666356 3.285008 3.591176 -0.913099 2.040582 1.389096 -0.475165 -4.921810 0.623512 -0.473531 0.898423 0.575270 -0.311799 6.509890 0.434882 -10.640938 20.282190 3.535217 -20.382082 2.904075 9.495024 -1.064894 7.242294 9.472978 -23.089840 -16.492762 60.699148 18.763568 27.736952 8.008427 -3.918935 14.166587 -19.767627 2.023426 5.874483 -7.235283 22.879828 -9.326370 -69.934941 -66.146521 65.572329 -43.156229 -12.868077 12.111365 8.258705 -13.453677 -15.622369 -13.819356 2.450211 23.397603 0.033622 4.243602 -13.366482 6.851037 -0.000000 0.000000 0.000000 0.726254 -16.741793 21.086855 6.960987 31.345958 3.314894 2.652403 6.786233 -3.093847 -0.000000 0.000000 -0.000000
-2.230404 0.933933 1.560722 35.500646 3.477659 3.631599 -1.036656 1.940342 1.509486 -0.535768 -4.966936 0.677587 -0.533880 0.853245 0.623193 -0.353409 6.475881 0.471073 -10.324146 20.142859 3.443612 -19.799519 2.576586 9.267996 -1.282699 6.903608 9.400579 -23.291780 -16.777060 60.999308 19.825114 26.915751 8.404172 -3.405937 14.195175 -20.928523 2.150588 5.828817 -7.150201 22.587184 -8.625216 -70.333129 -66.388654 65.730228 -43.690072 -13.101093 11.758697 6.706549 -12.920432 -14.719275 -13.140277 2.008503 21.985455 -0.030775 3.955034 -12.811516 6.308594 0.000000 -0.000000 0.000000 0.043950 -16.844349 19.850064 8.702805 32.024132 3.164259 2.407657 4.778344 -4.327336 0.034872 0.072633 0.315502
-2.238050 0.938438 1.567317 35.377087 3.699219 3.644608 -1.213732 1.849435 1.621621 -0.619751 -5.008146 0.728167 -0.617517 0.811950 0.665248 -0.412922 6.444756 0.502857 -9.987493 19.896204 3.392328 -19.204346 2.058625 9.123157 -1.518556 6.477906 9.313830 -23.489321 -16.904053 61.309369 21.165407 25.956111 9.078431 -2.655693 14.297646 -21.544353 2.252152 5.725776 -7.090800 22.240156 -7.941065 -70.621685 -64.961086 65.044431 -42.661899 -12.945442 11.460511 5.163740 -12.009336 -13.718750 -12.608194 1.173038 20.448606 -0.031191 3.677834 -12.183125 5.771296 0.000000 0.000000 -0.000000 -0.676404 -16.981570 18.525074 10.524213 32.531816 3.037677 2.029695 2.936853 -5.660424 0.068049 0.146543 0.630931
-2.245382 0.942484 1.573856 35.201792 3.919726 3.607776 -1.367276 1.772957 1.734106 -0.693288 -5.042940 0.778783 -0.690742 0.777068 0.708399 -0.464545 6.418434 0.535452 -9.653864 19.625842 3.353255 -18.620061 1.501062 9.001988 -1.650905 6.177195 9.247144 -23.560597 -16.987511 61.620810 22.475185 24.943092 9.782741 -1.994095 14.374819 -21.587672 2.329687 5.648312 -7.013542 21.885038 -7.409537 -70.854495 -63.520457 64.250176 -41.675673 -12.708404 11.244639 3.964774 -11.220845 -12.713815 -12.002028 0.591551 18.830594 -0.002132 3.324546 -11.560539 5.226984 0.000000 -0.000000 -0.000000 -0.932282 -17.237147 17.062436 11.839724 32.906381 2.983824 1.837401 1.399119 -6.623037 -0.000000 -0.000000 0.000000
-2.252451 0.945988 1.580573 34.929227 4.125665 3.508439 -1.469554 1.719252 1.851541 -0.744320 -5.067490 0.831432 -0.741552 0.752452 0.755869 -0.499040 6.399819 0.571289 -9.332823 19.340183 3.322434 -18.062154 0.919437 8.899490 -1.588281 6.141659 9.202540 -23.461875 -17.074271 61.943092 23.699061 23.736098 10.455766 -1.560390 14.321044 -20.914339 2.379737 5.635670 -6.895258 21.537518 -7.100355 -71.033913 -62.349490 63.507800 -41.066652 -12.487973 11.134883 3.306851 -10.752530 -11.701803 -11.232269 0.568330 17.091176 0.027721 2.812922 -10.954075 4.659202 -0.000000 -0.000000 0.000000 -0.373926 -17.636299 15.371301 12.349719 33.154115 3.046197 2.005041 0.260203 -6.968386 -0.291715 -0.407062 -2.679910
-2.259205 0.949033 1.587234 34.604289 4.329679 3.358536 -1.548391 1.680441 1.968703 -0.784953 -5.085364 0.883895 -0.782010 0.734525 0.804207 -0.525713 6.386225 0.607779 -9.015368 19.029922 3.303855 -17.515927 0.296191 8.821394 -1.426029 6.233630 9.171461 -23.234043 -17.119625 62.264641 24.895519 22.481286 11.137875 -1.269874 14.180835 -19.708867 2.405390 5.648872 -6.760027 21.185837 -6.941610 -71.149844 -61.154999 62.662058 -40.490387 -12.199356 11.113827 2.988928 -10.395878 -10.679442 -10.400444 0.791644 15.283106 0.056264 2.228324 -10.356239 4.079196 0.000000 -0.000000 -0.000000 0.664084 -18.114227 13.524159 12.345973 33.319643 3.178426 2.367809 -0.588170 -6.965708 -0.638069 -1.048857 -6.304623
-2.265677 0.951536 1.593694 34.268635 4.541054 3.172268 -1.610237 1.637226 2.079084 -0.817657 -5.105138 0.933247 -0.814566 0.714705 0.850239 -0.546630 6.371218 0.642510 -8.697624 18.752017 3.280482 -16.962431 -0.267414 8.726463 -1.323832 6.249159 9.169142 -22.882772 -17.100218 62.549776 25.959702 21.707673 11.758100 -1.086053 14.095786 -18.452803 2.417361 5.653521 -6.635793 20.834004 -6.856397 -71.233467 -60.442190 62.026786 -40.253626 -11.918214 11.143898 2.735172 -10.039111 -9.736073 -9.582826 0.980765 13.595563 0.086383 1.735731 -9.818713 3.519100 -0.000000 -0.000000 0.000000 1.657347 -18.626331 11.719168 12.136724 33.512604 3.296997 2.733744 -1.313010 -6.923153 -0.742260 -2.042471 -8.505608
-2.271896 0.953420 1.599876 33.940828 4.768715 2.958792 -1.657366 1.576281 2.175462 -0.843027 -5.132708 0.976247 -0.839801 0.687097 0.890663 -0.562469 6.350386 0.672980 -8.371617 18.533490 3.240993 -16.380756 -0.724692 8.588499 -1.351266 6.051487 9.205699 -22.351300 -16.926112 62.747046 26.843324 21.611773 12.304030 -1.009520 14.133421 -17.207639 2.432706 5.625554 -6.522765 20.479124 -6.806093 -71.287497 -60.501804 61.792115 -40.540165 -11.691779 11.221772 2.416475 -9.639976 -8.910014 -8.815586 1.007144 12.086744 0.139655 1.414274 -9.352363 2.993641 -0.000000 0.000000 -0.000000 2.549527 -19.177920 9.978323 11.742230 33.767614 3.371089 3.099695 -1.965546 -6.918723 -0.508159 -3.531973 -7.989983
-2.277833 0.954763 1.605858 33.601787 5.003120 2.708672 -1.687746 1.510616 2.265080 -0.860569 -5.162289 1.016157 -0.857234 0.657490 0.928794 -0.572625 6.328068 0.701703 -8.046231 18.346407 3.196286 -15.793851 -1.123696 8.434902 -1.438405 5.777744 9.274302 -21.699441 -16.686252 62.912547 27.616488 22.000264 12.822835 -0.998136 14.236688 -15.901058 2.434263 5.588605 -6.420325 20.125148 -6.826481 -71.306755 -60.977477 61.776669 -41.103142 -11.478894 11.351986 2.155555 -9.245234 -8.163806 -8.061485 0.994287 10.695284 0.210987 1.185568 -8.942944 2.492906 -0.000000 0.000000 -0.000000 3.397792 -19.771748 8.279405 11.144464 34.068712 3.429479 3.481568 -2.492897 -6.868370 -0.186185 -5.367586 -6.040083
-2.283442 0.955720 1.611724 33.236767 5.225887 2.408431 -1.701307 1.460413 2.363147 -0.871091 -5.184949 1.059821 -0.867681 0.634814 0.971390 -0.577208 6.310943 0.733801 -7.742959 18.165446 3.162407 -15.248988 -1.505278 8.304910 -1.534561 5.634289 9.364193 -21.106702 -16.625485 63.168446 28.358981 22.815223 13.355689 -0.928603 14.387252 -14.802194 2.381469 5.579275 -6.355080 19.785406 -6.952941 -71.311151 -61.357481 61.745296 -41.555989 -11.218622 11.508663 2.053652 -8.880630 -7.475703 -7.283176 1.039510 9.427463 0.276341 0.978070 -8.603190 2.015083 -0.000000 -0.000000 -0.000000 3.836552 -20.397977 6.774539 10.595250 34.423843 3.472150 3.712649 -2.890832 -6.823975 0.018357 -7.195283 -4.132124
-2.288752 0.956264 1.617505 32.853556 5.431360 2.031246 -1.699969 1.433179 2.481772 -0.876086 -5.197382 1.112677 -0.872639 0.622372 1.023740 -0.576949 6.301476 0.773275 -7.473131 17.982117 3.155142 -14.773092 -1.881533 8.232397 -1.641260 5.733726 9.477899 -20.661896 -16.914606 63.559240 29.119837 24.181034 13.993332 -0.725960 14.630508 -14.023850 2.230567 5.625201 -6.347989 19.490206 -7.237051 -71.292582 -61.562057 61.655471 -41.857797 -10.868459 11.695093 2.180511 -8.603440 -6.829790 -6.433289 1.224578 8.271393 0.318795 0.747839 -8.343927 1.556521 0.000000 -0.000000 -0.000000 3.619893 -21.071473 5.571605 10.212498 34.850350 3.498728 3.702873 -3.121595 -6.793653 0.090983 -9.006851 -2.745664
-2.293733 0.956422 1.623170 32.443935 5.623645 1.603894 -1.681534 1.421451 2.608335 -0.873943 -5.202841 1.169067 -0.870503 0.616917 1.080348 -0.571058 6.297249 0.815973 -7.225875 17.804611 3.158571 -14.340681 -2.241885 8.184441 -1.755947 5.964203 9.608560 -20.275975 -17.383629 64.036912 29.871558 25.969040 14.678815 -0.462362 14.937093 -13.455728 2.025296 5.697973 -6.378803 19.208347 -7.625636 -71.252181 -61.669484 61.551895 -42.048116 -10.462088 11.909972 2.466336 -8.356603 -6.238845 -5.560496 1.463684 7.241120 0.354009 0.541147 -8.153905 1.121363 0.000000 0.000000 0.000000 2.980354 -21.800950 4.588941 9.874922 35.322582 3.495181 3.553767 -3.211532 -6.768811 0.080847 -10.766943 -1.348401
-2.298250 0.956428 1.628714 31.969607 5.798995 1.193287 -1.639655 1.422928 2.720766 -0.860767 -5.202240 1.219108 -0.857389 0.617539 1.131725 -0.557339 6.297610 0.854726 -6.989097 17.632868 3.141290 -13.919556 -2.592729 8.099727 -1.821882 6.194439 9.730168 -19.856893 -17.768611 64.577353 30.556849 27.747850 15.208220 -0.254075 15.177591 -13.037056 1.856496 5.750211 -6.412060 18.861165 -7.998623 -71.225012 -61.401545 61.335011 -41.854466 -10.051702 12.120843 2.806899 -7.997191 -5.726696 -4.770390 1.602516 6.381088 0.407064 0.421378 -8.012920 0.719211 0.000000 0.000000 0.000000 2.270891 -22.574944 3.695747 9.472265 35.775780 3.441369 3.382766 -3.252619 -6.772667 -0.006251 -12.076544 0.075359
-2.302301 0.956319 1.634045 31.409421 5.969715 0.813367 -1.559279 1.435922 2.818029 -0.829802 -5.196229 1.262283 -0.826562 0.623595 1.178039 -0.530728 6.302092 0.889655 -6.769085 17.459454 3.087915 -13.516866 -2.948940 7.953147 -1.808336 6.373062 9.831994 -19.395678 -17.974428 65.208164 31.120767 29.407333 15.447888 -0.169576 15.293270 -12.806007 1.777944 5.754673 -6.437921 18.341498 -8.328172 -71.220602 -60.579917 60.959316 -41.102649 -9.660267 12.325589 3.167450 -7.422709 -5.348770 -4.110580 1.513028 5.756198 0.522273 0.439133 -7.921166 0.349444 -0.000000 0.000000 -0.000000 1.601087 -23.418349 2.860718 8.901031 36.222985 3.294374 3.217216 -3.300139 -6.844293 -0.142809 -12.746368 1.531355
-2.305887 0.956059 1.639255 30.784933 6.122624 0.449907 -1.455369 1.461570 2.900652 -0.787750 -5.184376 1.298878 -0.784699 0.635507 1.218904 -0.496264 6.311005 0.920478 -6.559475 17.291535 3.013883 -13.124976 -3.295863 7.770104 -1.746282 6.550563 9.925396 -18.897302 -18.099217 65.898471 31.581141 31.070260 15.502199 -0.153846 15.349016 -12.725659 1.735822 5.738445 -6.465558 17.756276 -8.642770 -71.228911 -59.420823 60.461823 -40.001201 -9.266867 12.527611 3.586697 -6.745186 -5.054063 -3.531451 1.318221 5.298900 0.663978 0.543961 -7.875931 0.013992 -0.000000 -0.000000 -0.000000 0.858565 -24.307243 2.122806 8.256605 36.651591 3.087663 3.031629 -3.304819 -6.948768 -0.288945 -12.951471 2.954343
-2.308872 0.955771 1.644622 30.122834 6.216802 0.128353 -1.366887 1.501768 2.949111 -0.751013 -5.166048 1.320298 -0.748141 0.653887 1.244055 -0.466981 6.324802 0.939467 -6.328942 17.150775 2.934205 -12.688826 -3.595166 7.565042 -1.672374 6.748177 10.018735 -18.288542 -18.169944 66.534405 31.975693 32.657876 15.503022 -0.132003 15.395956 -12.619563 1.659749 5.736116 -6.487695 17.349236 -8.908291 -71.261517 -58.236035 59.870115 -38.848700 -8.862125 12.702521 4.072041 -6.143713 -4.705529 -2.991834 1.241742 4.854527 0.737582 0.646916 -7.853053 -0.273594 0.000000 0.000000 0.000000 0.072965 -25.157327 1.441543 7.729128 36.960779 2.932258 2.862105 -3.200033 -6.999458 -0.410558 -12.867153 4.222744
-2.311206 0.955480 1.650290 29.447127 6.209797 -0.137113 -1.309613 1.574481 2.949828 -0.726047 -5.133366 1.320553 -0.723316 0.686603 1.246846 -0.448212 6.349384 0.941628 -6.073399 17.037889 2.858637 -12.204154 -3.844182 7.354638 -1.577282 7.019227 10.125338 -17.458361 -18.197556 67.070085 32.266285 34.041082 15.404994 -0.075297 15.425048 -12.442959 1.496783 5.769126 -6.493648 17.258299 -9.118365 -71.357723 -57.068335 59.156347 -37.656251 -8.413040 12.858410 4.669903 -5.681729 -4.203767 -2.462990 1.378257 4.343630 0.675661 0.686208 -7.844595 -0.512020 -0.000000 -0.000000 -0.000000 -0.784843 -25.913726 0.785528 7.421591 37.103303 2.919196 2.730548 -2.912112 -6.968871 -0.497368 -12.638122 5.253390
-2.312940 0.955161 1.656115 28.735281 6.145277 -0.358099 -1.267951 1.661038 2.915896 -0.706412 -5.094575 1.305404 -0.703801 0.725418 1.233689 -0.434637 6.378566 0.931771 -5.796793 16.951442 2.777650 -11.675262 -4.046030 7.123090 -1.469808 7.310571 10.230411 -16.516519 -18.173863 67.549884 32.481717 35.348623 15.237706 -0.009480 15.445245 -12.241215 1.300023 5.816786 -6.494829 17.346295 -9.281089 -71.484166 -55.905466 58.344920 -36.439233 -7.958023 12.987377 5.337258 -5.295859 -3.641844 -1.975270 1.633661 3.847943 0.541813 0.723965 -7.859087 -0.702741 -0.000000 -0.000000 0.000000 -1.682741 -26.633388 0.181943 7.230162 37.124246 2.977711 2.616950 -2.508307 -6.901214 -0.539224 -12.149731 6.099356
-2.314093 0.954860 1.661936 27.943896 6.111793 -0.548566 -1.234072 1.708602 2.868646 -0.689341 -5.073146 1.284271 -0.686825 0.746867 1.214288 -0.423411 6.394732 0.917160 -5.479539 16.909777 2.677441 -11.059676 -4.170342 6.836379 -1.415106 7.484246 10.300992 -15.726362 -18.090319 68.002222 32.794263 36.883358 15.271049 0.066695 15.532977 -11.972673 1.158056 5.849685 -6.517091 17.444765 -9.382770 -71.544912 -54.927539 57.555346 -35.456964 -7.591634 13.041471 5.943712 -4.973984 -3.168225 -1.577037 1.948423 3.454539 0.437272 0.856930 -7.897549 -0.836415 -0.000000 0.000000 -0.000000 -2.499243 -27.398130 -0.323044 7.038727 37.058556 2.985608 2.493321 -2.128562 -6.813353 -0.511909 -11.198203 6.845404
-2.314657 0.954627 1.667657 27.069396 6.167066 -0.711777 -1.206070 1.680540 2.813929 -0.674047 -5.085357 1.259716 -0.671580 0.734676 1.191284 -0.413699 6.385672 0.899754 -5.118636 16.936272 2.556203 -10.349546 -4.172960 6.488318 -1.459549 7.454538 10.329106 -15.217334 -17.913287 68.439831 33.326651 38.907703 15.680037 0.165475 15.745037 -11.629876 1.118560 5.856190 -6.575548 17.455545 -9.416432 -71.483872 -54.122186 56.774383 -34.747293 -7.350239 12.967207 6.477628 -4.756622 -2.862577 -1.295000 2.315451 3.189923 0.413681 1.135151 -7.945572 -0.895808 -0.000000 -0.000000 0.000000 -3.241904 -28.273207 -0.691135 6.845015 36.918134 2.901683 2.353914 -1.834676 -6.698903 -0.374295 -9.587508 7.815699
-2.314640 0.954412 1.673374 26.114648 6.253874 -0.846814 -1.186074 1.612901 2.747902 -0.661513 -5.115193 1.230089 -0.659054 0.704854 1.162930 -0.406394 6.363394 0.878277 -4.716483 17.006978 2.415924 -9.553142 -4.096386 6.086883 -1.557923 7.306679 10.327738 -14.865666 -17.667047 68.855258 34.025642 41.149579 16.347246 0.282066 16.023974 -11.218539 1.133983 5.846087 -6.654366 17.477450 -9.385623 -71.359406 -53.468892 56.022083 -34.241130 -7.196868 12.820325 6.948812 -4.607553 -2.644337 -1.102886 2.739299 3.027072 0.419907 1.508790 -8.016664 -0.899197 -0.000000 -0.000000 0.000000 -3.911459 -29.187595 -0.949807 6.654440 36.683259 2.777917 2.201396 -1.562025 -6.559372 -0.144699 -7.517329 8.635622
-2.314089 0.954113 1.679220 25.045813 6.287685 -0.961138 -1.172285 1.562183 2.677126 -0.651626 -5.137542 1.198394 -0.649172 0.682516 1.132240 -0.401263 6.346727 0.855058 -4.261434 17.069224 2.248878 -8.651240 -4.038967 5.619158 -1.638610 7.158563 10.295029 -14.556533 -17.426760 69.250267 34.792329 43.111128 17.095290 0.391515 16.273915 -10.715100 1.149879 5.821501 -6.732471 17.637621 -9.292723 -71.246128 -53.089709 55.475637 -33.996930 -7.108198 12.715281 7.255846 -4.400264 -2.423031 -0.969515 3.176846 2.971346 0.404676 1.924850 -8.153656 -0.890807 -0.000000 0.000000 -0.000000 -4.373683 -30.017220 -1.157652 6.363328 36.342747 2.628028 2.020181 -1.262714 -6.419199 0.065503 -5.418220 8.354669
-2.313016 0.953708 1.685215 23.831966 6.226156 -1.052444 -1.156109 1.556253 2.598187 -0.640557 -5.139966 1.163103 -0.638140 0.680101 1.098069 -0.395568 6.345008 0.829254 -3.757645 17.092185 2.053420 -7.652804 -4.055234 5.085632 -1.671129 7.039804 10.215692 -14.269647 -17.208417 69.649486 35.604072 44.689410 17.868821 0.483509 16.469770 -10.085776 1.150917 5.769427 -6.801076 18.050951 -9.122433 -71.176058 -53.118775 55.214155 -34.098024 -7.091274 12.703285 7.320255 -4.096910 -2.170530 -0.881526 3.632448 3.047291 0.339085 2.370708 -8.381133 -0.896178 -0.000000 -0.000000 -0.000000 -4.493639 -30.699053 -1.374933 5.905993 35.875683 2.443414 1.783077 -0.913592 -6.313996 0.150258 -3.301631 6.008730
-2.311408 0.953219 1.691338 22.504814 6.112318 -1.118928 -1.146004 1.566394 2.513193 -0.631984 -5.135273 1.125156 -0.629602 0.684802 1.060988 -0.391973 6.348625 0.801271 -3.200236 17.105828 1.832559 -6.546920 -4.087273 4.487205 -1.685060 6.918086 10.105459 -14.025277 -16.994108 70.026716 36.472192 45.984249 18.707925 0.563729 16.634916 -9.363255 1.152627 5.702627 -6.867680 18.602834 -8.891149 -71.118691 -53.393698 55.161867 -34.438866 -7.137467 12.729519 7.219690 -3.736825 -1.916469 -0.852654 4.100445 3.229347 0.250345 2.859323 -8.675186 -0.891799 -0.000000 0.000000 -0.000000 -4.398653 -31.294085 -1.556932 5.352387 35.304462 2.242559 1.516172 -0.539458 -6.214440 0.096125 -1.309095 2.560610
-2.309265 0.952621 1.697661 21.124687 5.989491 -1.167929 -1.165704 1.564751 2.436411 -0.637003 -5.135974 1.090976 -0.634597 0.684101 1.026307 -0.398338 6.348167 0.775111 -2.564108 17.149005 1.585642 -5.284736 -4.062524 3.811597 -1.699185 6.819240 10.005212 -13.768574 -16.811292 70.310376 37.282922 46.809998 19.517347 0.620266 16.746468 -8.625495 1.146619 5.662249 -6.937198 19.075952 -8.649532 -71.055370 -53.591935 55.263302 -34.797172 -7.197348 12.748640 7.086431 -3.308558 -1.657532 -0.893322 4.523308 3.447443 0.171774 3.375989 -9.006278 -0.847951 0.000000 0.000000 -0.000000 -4.346883 -31.864155 -1.608122 4.800452 34.686257 2.076903 1.282242 -0.162229 -6.047418 0.000000 -0.000000 0.000000
-2.306579 0.951902 1.704241 19.719551 5.872779 -1.200550 -1.229817 1.539484 2.371520 -0.662232 -5.147416 1.062209 -0.659713 0.672634 0.994986 -0.419524 6.339593 0.751484 -1.836820 17.233723 1.311153 -3.843546 -3.955422 3.052090 -1.721877 6.756691 9.937175 -13.453241 -16.660781 70.438570 37.963053 47.009964 20.243574 0.635685 16.790355 -7.860947 1.123150 5.679800 -7.010577 19.400868 -8.418613 -70.970672 -53.651980 55.496965 -35.160425 -7.252835 12.748785 7.003669 -2.778176 -1.379749 -1.011462 4.824388 3.658599 0.115365 3.938787 -9.357770 -0.738837 0.000000 0.000000 -0.000000 -4.429886 -32.429153 -1.506650 4.260932 34.036351 1.970171 1.104886 0.254160 -5.727875 -0.025730 0.353480 -0.647692
-2.303358 0.951074 1.711021 18.261387 5.748166 -1.215184 -1.323602 1.502634 2.315859 -0.701048 -5.164165 1.037609 -0.698352 0.655834 0.966440 -0.450635 6.326989 0.729945 -1.030422 17.348563 1.011710 -2.248434 -3.781552 2.220025 -1.745086 6.717689 9.877322 -13.124685 -16.545750 70.475018 38.517314 46.746179 20.882047 0.600477 16.781625 -7.089632 1.091700 5.722927 -7.089853 19.646888 -8.175112 -70.883544 -53.645629 55.878034 -35.558859 -7.323906 12.742644 6.889410 -2.180677 -1.099401 -1.198656 5.080991 3.905133 0.068627 4.529728 -9.746937 -0.591962 -0.000000 -0.000000 -0.000000 -4.562384 -32.960691 -1.269440 3.726596 33.340431 1.906223 0.951897 0.683490 -5.340243 -0.011954 0.170710 -0.327152
-2.299622 0.950142 1.717896 16.726337 5.614997 -1.216644 -1.426809 1.462996 2.274823 -0.744750 -5.182205 1.019547 -0.741850 0.637739 0.943941 -0.484928 6.313397 0.712973 -0.157230 17.498126 0.692001 -0.524944 -3.527938 1.330429 -1.763115 6.689027 9.796536 -12.866224 -16.496361 70.538274 38.949120 46.314189 21.409860 0.517890 16.743234 -6.436529 1.073029 5.736605 -7.180675 19.804781 -7.903955 -70.828344 -53.445599 56.406258 -35.833635 -7.421711 12.722253 6.627878 -1.607454 -0.859426 -1.440760 5.467224 4.244982 0.027650 5.079776 -10.194974 -0.456500 -0.000000 -0.000000 0.000000 -4.742382 -33.444093 -0.853085 3.267954 32.609869 1.874697 0.804964 1.004623 -5.056185 0.000000 -0.000000 0.000000
-2.295379 0.949086 1.724773 15.108498 5.463216 -1.220121 -1.545761 1.431259 2.267597 -0.797120 -5.196860 1.016637 -0.793975 0.623022 0.935726 -0.524608 6.302304 0.706799 0.790695 17.679953 0.327187 1.347700 -3.194617 0.337206 -1.779127 6.646322 9.674248 -12.726585 -16.531836 70.676140 39.242793 45.772606 21.816949 0.393352 16.678195 -5.914400 1.093734 5.702756 -7.277836 19.828763 -7.601848 -70.852030 -52.920746 57.109001 -35.886991 -7.584459 12.677545 6.161628 -1.121967 -0.674320 -1.718936 6.088403 4.706694 -0.005642 5.551518 -10.712605 -0.354530 0.000000 -0.000000 -0.000000 -5.062747 -33.882885 -0.192772 3.023511 31.867154 1.921304 0.663913 1.063188 -4.990971 0.000000 0.000000 -0.000000
-2.290622 0.947927 1.731745 13.413852 5.303469 -1.208871 -1.674269 1.398271 2.274902 -0.854448 -5.212165 1.020208 -0.851042 0.607636 0.933479 -0.567550 6.290685 0.705124 1.804396 17.898663 -0.057962 3.342119 -2.767571 -0.708028 -1.789285 6.610861 9.531126 -12.658012 -16.630066 70.844570 39.402924 45.067908 22.108671 0.219383 16.587472 -5.516423 1.128379 5.638526 -7.382801 19.764158 -7.277130 -70.913688 -52.182556 57.948886 -35.818916 -7.793921 12.619242 5.549417 -0.660063 -0.533890 -2.050879 6.840468 5.260054 -0.035291 5.981515 -11.289512 -0.263496 -0.000000 -0.000000 -0.000000 -5.435546 -34.254226 0.648266 2.859106 31.089332 2.006335 0.540618 0.998967 -5.010914 0.000000 -0.000000 -0.000000
-2.285351 0.946725 1.738985 11.636110 5.167893 -1.141035 -1.773017 1.341045 2.245368 -0.896674 -5.238012 1.007144 -0.893071 0.581711 0.916117 -0.600362 6.271209 0.691994 2.845621 18.169408 -0.385208 5.359543 -2.220237 -1.644579 -1.778308 6.638660 9.397681 -12.599834 -16.756963 71.023820 39.492470 44.324800 22.304500 0.002386 16.491371 -5.330289 1.120411 5.540589 -7.508793 19.738929 -6.928024 -70.914456 -51.467437 58.835776 -35.761716 -7.979055 12.568343 4.845456 -0.121376 -0.444528 -2.476486 7.583219 5.874721 -0.075169 6.411419 -11.915317 -0.165265 0.000000 0.000000 0.000000 -5.579740 -34.511257 1.512764 2.444252 30.213490 1.996125 0.427157 1.132698 -4.923805 -0.000000 0.000000 -0.000000
-2.279542 0.945497 1.746607 9.795210 5.079540 -0.999958 -1.846325 1.236195 2.165935 -0.924951 -5.284710 0.971594 -0.921164 0.534969 0.877705 -0.624292 6.236203 0.662931 3.925552 18.518048 -0.618995 7.405848 -1.508539 -2.405951 -1.749794 6.756896 9.294470 -12.530891 -16.915504 71.181883 39.527364 43.556294 22.414541 -0.212633 16.393352 -5.394856 1.010278 5.414121 -7.664250 19.821295 -6.523275 -70.837796 -50.861957 59.802893 -35.761929 -8.116100 12.537790 3.993785 0.540485 -0.383125 -3.000758 8.265133 6.493513 -0.157144 6.818174 -12.590087 -0.034483 0.000000 0.000000 0.000000 -5.304065 -34.649867 2.275396 1.514225 29.201947 1.831739 0.317041 1.696542 -4.605735 -0.000000 0.000000 0.000000
-2.273220 0.944226 1.754497 7.870789 5.021446 -0.804982 -1.888745 1.103066 2.053361 -0.937780 -5.343687 0.921048 -0.933828 0.475981 0.825869 -0.637647 6.192073 0.623703 5.032221 18.920048 -0.794793 9.469932 -0.679701 -3.050887 -1.702404 6.940148 9.193777 -12.472460 -17.102954 71.353631 39.501533 42.749588 22.435715 -0.441558 16.289419 -5.664925 0.859146 5.250142 -7.838316 19.944270 -6.086212 -70.703402 -50.280822 60.820131 -35.778390 -8.247385 12.513892 3.042593 1.279740 -0.375022 -3.616574 8.938011 7.172266 -0.250801 7.223416 -13.314319 0.103693 0.000000 0.000000 -0.000000 -4.785133 -34.678403 3.043368 0.361709 28.073870 1.601350 0.194393 2.473757 -4.211448 0.000000 -0.000000 0.000000
-2.266455 0.942933 1.762497 5.795928 4.967589 -0.568410 -1.846250 0.980525 1.900409 -0.911050 -5.397477 0.852246 -0.907113 0.422223 0.759763 -0.622571 6.151935 0.573681 6.092879 19.312673 -0.942687 11.432181 0.143461 -3.615112 -1.613943 7.165536 9.052552 -12.428433 -17.274408 71.616265 39.459031 41.987326 22.374265 -0.763222 16.188245 -6.102117 0.791408 5.025409 -8.013342 20.033430 -5.688645 -70.460604 -49.724839 61.711301 -35.814879 -8.378927 12.475928 2.202304 2.061052 -0.501153 -4.342258 9.619241 8.050659 -0.279026 7.737648 -14.078425 0.188027 0.000000 0.000000 0.000000 -4.287744 -34.568399 4.001620 -0.505696 26.852921 1.390882 0.035168 3.106299 -3.962289 0.000000 0.000000 0.000000
-2.259240 0.941632 1.770498 3.493572 4.924037 -0.276749 -1.677469 0.866379 1.693163 -0.825748 -5.446924 0.758998 -0.822118 0.372890 0.675151 -0.565219 6.115204 0.509687 7.088815 19.689187 -1.068149 13.262325 0.943934 -4.105864 -1.457763 7.444655 8.835334 -12.468910 -17.407063 72.066053 39.402527 41.327888 22.189959 -1.221450 16.090799 -6.755439 0.904651 4.699499 -8.178016 20.022761 -5.357301 -70.051351 -49.221734 62.434059 -35.939813 -8.487309 12.403860 1.436544 2.976446 -0.868128 -5.209561 10.304569 9.284806 -0.189290 8.416534 -14.922203 0.178066 0.000648 0.020841 -0.133330 -3.848796 -34.304517 5.209992 -0.864623 25.534628 1.228072 -0.200636 3.430117 -3.977891 -0.000000 0.000000 -0.000000
-2.251583 0.940309 1.778608 1.040719 4.892340 0.056324 -1.423477 0.759717 1.444921 -0.700754 -5.492769 0.647440 -0.697620 0.327219 0.576288 -0.479336 6.081266 0.434975 8.038641 20.054101 -1.168773 14.994506 1.728505 -4.525761 -1.260858 7.762083 8.575228 -12.525907 -17.514772 72.604047 39.349934 40.709355 21.934083 -1.754789 15.991741 -7.580463 1.101858 4.315108 -8.336327 19.977292 -5.053857 -69.528281 -48.765969 63.035309 -36.091088 -8.578342 12.317662 0.781910 3.947531 -1.377455 -6.173377 11.010762 10.718523 -0.043505 9.208093 -15.805690 0.104151 0.000733 0.041466 -0.266695 -3.412828 -33.871847 6.583721 -0.928714 24.130413 1.087663 -0.453931 3.588118 -4.116095 -0.000000 -0.000000 0.000000
-2.243574 0.938930 1.786995 -1.398529 4.835363 0.381260 -1.155291 0.702409 1.184872 -0.569128 -5.516862 0.530798 -0.566549 0.303284 0.473024 -0.388873 6.063597 0.357004 8.925294 20.360017 -1.264976 16.609290 2.407014 -4.914438 -1.080650 8.054915 8.335408 -12.394760 -17.615080 73.013301 39.360270 40.034337 21.746149 -2.300637 15.893012 -8.402085 1.213897 3.974645 -8.496994 20.020798 -4.756261 -69.002934 -48.289792 63.477362 -36.051727 -8.666547 12.256591 0.566523 4.677782 -1.810980 -7.139198 11.781506 12.021958 0.061355 10.061277 -16.600242 0.013723 0.000000 0.000000 -0.000000 -3.103439 -33.236588 8.086376 -0.856611 22.696357 0.963878 -0.594198 3.683488 -4.184387 0.000000 0.000000 0.000000
-2.235253 0.937500 1.795745 -3.802387 4.713725 0.704448 -0.886159 0.731098 0.901634 -0.436256 -5.502992 0.403965 -0.434283 0.317272 0.359677 -0.298311 6.074320 0.271474 9.746179 20.574580 -1.359887 18.108056 2.917751 -5.284918 -0.942858 8.312010 8.141891 -11.918986 -17.726322 73.215211 39.409972 39.207732 21.625317 -2.906096 15.787707 -9.237237 1.132637 3.731246 -8.680397 20.205746 -4.473338 -68.510882 -47.631851 63.694160 -35.547513 -8.718901 12.237837 0.952171 5.022132 -2.085674 -8.097408 12.661509 13.077708 0.075418 11.042904 -17.276794 -0.109658 0.003863 -0.063928 1.042745 -2.963929 -32.352705 9.702601 -0.739888 21.266001 0.843499 -0.573967 3.769678 -4.089557 0.000000 0.000000 -0.000000
-2.226580 0.936016 1.804771 -6.192913 4.565766 1.024855 -0.604722 0.807668 0.600225 -0.297110 -5.468106 0.269022 -0.295787 0.352245 0.238856 -0.203657 6.100723 0.180308 10.503120 20.728542 -1.453075 19.493191 3.316864 -5.636631 -0.821628 8.546825 7.969805 -11.251793 -17.844344 73.287381 39.511692 38.325176 21.566360 -3.532005 15.682019 -10.069030 0.963871 3.529717 -8.872230 20.483987 -4.198699 -68.015028 -46.918202 63.759679 -34.813522 -8.723039 12.242831 1.783484 5.120154 -2.307286 -9.063526 13.596780 13.997691 0.040991 12.085658 -17.865903 -0.248557 0.013551 -0.179463 2.486395 -2.919753 -31.247919 11.404749 -0.483139 19.809276 0.741027 -0.442673 3.811506 -3.913901 0.000000 0.000000 -0.000000
-2.217529 0.934428 1.813978 -8.471436 4.461906 1.279278 -0.345065 0.865065 0.335298 -0.169244 -5.442098 0.150335 -0.168499 0.378309 0.133154 -0.116242 6.120370 0.100529 11.185559 20.869714 -1.559150 20.746026 3.692021 -5.987872 -0.696460 8.735563 7.809163 -10.652170 -17.959834 73.249049 39.762013 37.576052 21.691748 -4.006107 15.606008 -10.666445 0.859185 3.311202 -9.031486 20.829007 -3.894405 -67.518095 -46.502544 63.850106 -34.387003 -8.715681 12.258666 2.916872 5.092060 -2.536543 -9.986546 14.475647 14.797577 0.004130 12.934004 -18.327658 -0.290755 0.014694 -0.509895 3.607565 -2.921063 -30.013573 13.147900 0.028855 18.289029 0.682447 -0.221826 3.787401 -3.729933 -0.000000 0.000000 -0.000000
-2.208137 0.932747 1.823335 -10.639245 4.426980 1.438910 -0.113709 0.878364 0.130249 -0.056702 -5.435984 0.058372 -0.056451 0.384446 0.052621 -0.038332 6.125013 0.039727 11.785332 21.020649 -1.696151 21.855019 4.084256 -6.366149 -0.549097 8.873393 7.654849 -10.168049 -18.078133 73.068002 40.227219 37.035524 22.083612 -4.253006 15.580691 -10.892181 0.908165 3.038583 -9.145364 21.255618 -3.537677 -67.010489 -46.553730 64.031298 -34.499767 -8.699941 12.282263 4.457538 4.939706 -2.804762 -10.844914 15.389612 15.461561 -0.019957 13.517130 -18.613980 -0.175360 -0.010970 -1.210294 4.052879 -3.066487 -28.643022 15.031813 1.002048 16.679764 0.649733 0.060625 3.701362 -3.600394 0.000000 0.000000 -0.000000
-2.198366 0.930963 1.832872 -12.694719 4.425845 1.526807 0.096140 0.876556 -0.036366 0.044464 -5.436774 -0.016413 0.044267 0.383654 -0.011897 0.032295 6.124422 -0.008997 12.310419 21.158419 -1.846124 22.831875 4.448354 -6.746297 -0.396992 8.966721 7.516333 -9.749862 -18.199438 72.776463 40.832588 36.620449 22.651505 -4.368471 15.589748 -10.875876 1.020860 2.752701 -9.225948 21.748278 -3.156533 -66.499201 -46.920511 64.239347 -34.927581 -8.651030 12.316467 6.304513 4.657000 -3.077735 -11.660026 16.245342 16.006045 -0.042277 13.906978 -18.766527 0.046536 -0.055532 -2.132748 4.195012 -3.227520 -27.138526 16.935034 2.225363 15.027458 0.624204 0.438165 3.551383 -3.456597 0.000000 -0.000000 -0.000000
-2.188072 0.928997 1.842580 -14.534510 4.435123 1.554501 0.271049 0.875732 -0.174859 0.128769 -5.437224 -0.078576 0.128200 0.383193 -0.065504 0.091163 6.124063 -0.049481 12.775042 21.264154 -1.968482 23.693178 4.743628 -7.064001 -0.272914 9.009084 7.407135 -9.511497 -18.302877 72.490949 41.464346 36.284232 23.260940 -4.439053 15.610337 -10.785679 1.079780 2.513954 -9.270037 22.233098 -2.789651 -66.011767 -47.480343 64.456616 -35.526812 -8.582810 12.361189 8.002615 4.350722 -3.302903 -12.446760 16.657046 16.505673 -0.054597 14.059996 -18.876249 0.328962 -0.100834 -2.982475 4.401928 -3.054302 -25.649011 18.534503 3.181197 13.390034 0.631322 0.981112 3.305009 -3.173483 0.000000 0.000000 -0.000000
-2.177220 0.926808 1.852415 -16.130069 4.424983 1.526921 0.405779 0.897589 -0.291801 0.194214 -5.427647 -0.131052 0.193363 0.392754 -0.111334 0.136551 6.131211 -0.084090 13.186952 21.327740 -2.047678 24.451492 4.946541 -7.296466 -0.202901 8.979380 7.331444 -9.527188 -18.396409 72.244099 42.165463 36.090724 23.962782 -4.473166 15.642678 -10.620075 1.026074 2.357967 -9.274667 22.726354 -2.471582 -65.566415 -48.205725 64.672707 -36.249912 -8.503931 12.428122 9.461636 4.107266 -3.461328 -13.221298 16.316271 17.089570 -0.010670 13.891465 -18.989080 0.668997 -0.138866 -3.642859 4.791025 -2.452783 -24.192483 19.757397 3.585521 11.700733 0.678311 1.818475 2.943022 -2.602666 0.000000 -0.000000 -0.000000
-2.165845 0.924436 1.862421 -17.509932 4.420007 1.439248 0.505383 0.922899 -0.381467 0.242762 -5.416554 -0.171298 0.241703 0.403826 -0.146651 0.170122 6.139485 -0.110764 13.538922 21.361190 -2.097898 25.097305 5.078943 -7.466274 -0.160530 8.901384 7.288725 -9.722338 -18.472924 72.001048 42.902148 35.972151 24.713081 -4.464296 15.685916 -10.379394 0.917916 2.252037 -9.247871 23.211482 -2.169970 -65.144054 -49.130840 64.894993 -37.147531 -8.418066 12.507605 10.769276 3.836072 -3.559524 -13.976410 15.534537 17.651908 0.045564 13.486021 -19.045179 1.082096 -0.175292 -4.210972 5.254867 -1.564507 -22.808308 20.743877 3.715270 10.004787 0.762758 2.814863 2.487536 -1.891350 0.000000 0.000000 0.000000
-2.153901 0.921925 1.872724 -18.656671 4.479776 1.287583 0.571834 0.906347 -0.434981 0.274816 -5.424024 -0.195305 0.273610 0.396341 -0.167407 0.192469 6.133852 -0.126436 13.823109 21.379842 -2.122448 25.615062 5.168934 -7.575713 -0.100099 8.836431 7.283380 -9.988586 -18.485227 71.775101 43.437621 35.699755 25.230655 -4.471791 15.716834 -10.236944 0.813236 2.153381 -9.203737 23.565811 -1.821215 -64.717772 -50.222972 65.132622 -38.222858 -8.351738 12.570846 11.733999 3.376670 -3.581325 -14.695156 14.854070 17.904086 0.005496 13.054238 -18.980248 1.541128 -0.212609 -4.704699 5.807024 -0.428615 -21.703096 21.527706 3.880841 8.518719 0.883498 3.649948 1.960315 -1.367005 0.000000 0.000000 0.000000
-2.141495 0.919314 1.883371 -19.555453 4.626670 1.051534 0.604852 0.825751 -0.439248 0.289609 -5.459876 -0.197185 0.288314 0.360483 -0.167787 0.203458 6.106955 -0.126709 14.032306 21.398855 -2.117367 25.989134 5.240431 -7.613578 0.020508 8.850691 7.313658 -10.306309 -18.429092 71.605867 43.667211 35.194096 25.365494 -4.511869 15.730304 -10.272898 0.733772 2.040440 -9.153158 23.690106 -1.378034 -64.256305 -51.418765 65.369136 -39.436030 -8.339392 12.601538 12.247129 2.526892 -3.487550 -15.342426 14.505469 17.624712 -0.175081 12.655466 -18.790953 2.015234 -0.244878 -5.026643 6.481807 1.085009 -20.928754 22.094207 4.027277 7.168945 1.022868 4.082078 1.330868 -1.073844 -0.000000 0.000000 0.000000
-2.128521 0.916563 1.894315 -20.222450 4.836919 0.748783 0.604258 0.705650 -0.405487 0.287639 -5.513217 -0.181972 0.286326 0.307142 -0.152773 0.203099 6.066959 -0.115350 14.174073 21.404467 -2.085697 26.236161 5.268500 -7.590048 0.159121 8.879192 7.379640 -10.695215 -18.305929 71.450126 43.699102 34.545931 25.272509 -4.563138 15.730314 -10.406740 0.657569 1.934967 -9.086311 23.684729 -0.887010 -63.792160 -52.796146 65.613810 -40.839023 -8.373641 12.619251 12.414397 1.483699 -3.309483 -15.957590 14.253319 17.017898 -0.409911 12.238141 -18.478464 2.516334 -0.273210 -5.270919 7.225758 2.823200 -20.455931 22.480619 4.190345 6.025105 1.157895 4.364751 0.618176 -0.990818 -0.000000 0.000000 0.000000
-2.114607 0.913599 1.905542 -20.686952 5.102617 0.431584 0.572270 0.570335 -0.360746 0.271207 -5.573281 -0.161796 0.269941 0.247085 -0.134264 0.192213 6.021930 -0.101348 14.262694 21.368319 -2.041073 26.388619 5.207899 -7.538981 0.234536 8.786688 7.488514 -11.105515 -18.078839 71.194327 43.604991 33.790055 25.121756 -4.628312 15.708056 -10.571746 0.577036 1.858665 -8.985365 23.725017 -0.427936 -63.391183 -54.547801 65.909293 -42.586822 -8.420507 12.648813 12.364985 0.684432 -3.139132 -16.630707 13.937485 16.425263 -0.615408 11.853206 -17.992679 3.069218 -0.320005 -5.760565 7.930691 4.327381 -20.355757 22.779995 4.803011 5.531311 1.260860 4.930681 -0.067321 -1.360027 0.000000 -0.000000 0.000000
-2.099574 0.910367 1.917124 -20.955539 5.456771 0.117633 0.511807 0.393061 -0.311982 0.241921 -5.651974 -0.139770 0.240758 0.168407 -0.115213 0.171768 5.962938 -0.086930 14.312655 21.298513 -1.985384 26.472445 5.076427 -7.465767 0.199681 8.440832 7.644435 -11.500327 -17.621137 70.792242 43.303990 32.898047 24.905262 -4.732157 15.641979 -10.825681 0.512250 1.828488 -8.838346 23.913588 -0.025247 -63.054552 -56.958310 66.303033 -44.957469 -8.494545 12.706353 12.049774 0.352344 -2.990900 -17.413948 13.584509 15.905010 -0.774641 11.549053 -17.348510 3.706482 -0.395630 -6.598134 8.528969 5.211743 -20.638126 23.035711 6.256852 6.011217 1.429638 6.232195 -0.802162 -2.212063 0.000000 0.000000 -0.000000
-2.083601 0.906920 1.928990 -21.022723 5.869531 -0.208936 0.419571 0.200837 -0.252440 0.198049 -5.737297 -0.112943 0.197066 0.083101 -0.092839 0.140699 5.898976 -0.070014 14.309239 21.187428 -1.916173 26.461273 4.856429 -7.363728 0.098918 7.975390 7.846214 -11.916170 -17.064985 70.281576 42.881472 31.901291 24.643430 -4.845602 15.551479 -11.110429 0.443520 1.827696 -8.658532 24.145020 0.339943 -62.775231 -59.810664 66.712309 -47.739345 -8.597367 12.772243 11.515273 0.259940 -2.838130 -18.253337 13.163188 15.408791 -0.919057 11.297883 -16.539999 4.392166 -0.502382 -7.701076 9.096946 5.856678 -21.283527 23.191656 8.157358 7.136904 1.637127 7.800060 -1.411523 -3.582650 0.000000 0.000000 0.000000
-2.066860 0.903347 1.940913 -20.898426 6.239503 -0.545121 0.289558 0.098083 -0.189570 0.137336 -5.782861 -0.084746 0.136644 0.037554 -0.070804 0.097064 5.864831 -0.053382 14.223040 20.982983 -1.839745 26.309293 4.449585 -7.246842 -0.009951 7.654295 8.091769 -12.413861 -16.764203 69.683175 42.640085 30.925623 24.532691 -4.903613 15.494432 -11.187044 0.304238 1.828144 -8.465352 24.280923 0.651647 -62.606211 -62.485388 67.010280 -50.296119 -8.660591 12.819089 11.034081 0.171518 -2.714146 -19.076436 12.435375 15.130726 -1.045449 11.042685 -15.481033 5.039080 -0.660738 -9.109727 9.772614 6.961855 -22.317269 23.168871 9.747464 8.398152 1.663793 8.659774 -1.395810 -5.620137 0.000000 -0.000000 0.000000
-2.049125 0.899307 1.952920 -20.555168 6.546128 -0.908360 0.111574 0.128992 -0.114863 0.054836 -5.769036 -0.051342 0.054565 0.051395 -0.045776 0.037423 5.875226 -0.034515 14.039656 20.625926 -1.755615 25.997938 3.744392 -7.121571 -0.079050 7.572178 8.398986 -13.031766 -16.860903 68.862213 42.761219 29.868898 24.753838 -4.944567 15.497243 -10.958961 0.080391 1.816766 -8.219697 24.286901 0.963329 -62.625793 -64.871241 67.161086 -52.453954 -8.643608 12.825678 10.720353 0.040589 -2.554445 -19.856384 11.325359 15.073613 -1.194216 10.819030 -14.208626 5.627277 -0.890777 -10.898846 10.601820 9.096434 -23.866119 22.848369 10.872687 9.528356 1.369137 8.247220 -0.294534 -8.753635 0.000000 -0.000000 0.000000
-2.030621 0.895140 1.964984 -20.019459 6.813803 -1.278167 -0.101942 0.249870 -0.036388 -0.043637 -5.715277 -0.016201 -0.043414 0.105155 -0.020632 -0.034135 5.915554 -0.015554 13.774558 20.176064 -1.660183 25.546555 2.852652 -6.971422 -0.149575 7.633285 8.748283 -13.740179 -17.216521 67.978453 43.038142 28.830068 25.108962 -4.944776 15.540662 -10.525400 -0.211604 1.807734 -7.957860 24.192833 1.219914 -62.755199 -66.998766 67.234233 -54.309970 -8.580450 12.813108 10.458484 -0.083181 -2.415211 -20.618954 9.919728 15.253384 -1.326175 10.612146 -12.682396 6.153021 -1.198136 -12.974255 11.591996 11.748063 -25.786664 22.222033 11.680946 10.840306 0.944631 6.976039 1.534453 -12.365588 -0.000000 -0.000000 0.000000
-2.012197 0.891952 1.976798 -19.380740 7.006991 -1.596125 -0.322915 0.433084 0.013155 -0.144156 -5.633869 0.006178 -0.143460 0.186544 -0.008456 -0.108237 5.976595 -0.006342 13.443433 19.760151 -1.554956 24.966715 2.011360 -6.775909 -0.295007 7.816530 9.080786 -14.495176 -17.753366 67.501544 43.214302 28.237495 25.225097 -4.750872 15.614188 -9.937161 -0.594351 1.814094 -7.811537 23.962007 1.244450 -62.811792 -68.411995 67.300160 -55.587964 -8.506511 12.820678 10.177064 -0.285334 -2.516816 -21.372336 8.235075 15.890498 -1.330102 10.286891 -10.687361 6.518339 -1.574334 -15.093211 12.862450 13.973901 -27.706559 21.435987 11.859850 12.675997 0.616953 5.456948 3.129185 -15.051001 0.000000 -0.000000 -0.000000
-1.993868 0.889891 1.988224 -18.577932 7.104665 -1.824010 -0.569630 0.696530 0.012690 -0.253857 -5.516797 0.006530 -0.252689 0.303572 -0.019238 -0.190975 6.064368 -0.014398 13.034541 19.378956 -1.434968 24.234196 1.218410 -6.521335 -0.621117 8.165243 9.385872 -15.413939 -18.575176 67.686691 43.348393 28.369183 25.054925 -4.228282 15.730814 -8.995825 -1.151138 1.810727 -7.870054 23.593951 0.948581 -62.633569 -69.115036 67.308015 -56.394517 -8.472734 12.860288 9.872254 -0.563878 -2.956220 -22.184614 6.240130 17.225294 -1.107698 9.737765 -8.039093 6.560046 -2.094999 -17.553603 14.491256 15.321090 -29.732955 20.612733 11.015069 15.547203 0.413821 3.848481 4.013606 -16.298525 -0.000000 -0.000000 -0.000000
-1.975619 0.888808 1.999401 -17.670695 7.127233 -2.002042 -0.823716 1.022771 -0.014731 -0.365578 -5.371761 -0.004748 -0.363986 0.448546 -0.041857 -0.276145 6.173114 -0.031329 12.561199 19.032878 -1.301679 23.374042 0.477861 -6.212998 -1.016345 8.638831 9.678263 -16.390553 -19.548841 68.306700 43.414971 28.941550 24.640815 -3.505821 15.865851 -7.893233 -1.802927 1.823709 -8.039015 23.092007 0.426747 -62.367398 -69.100084 67.322027 -56.623306 -8.427042 12.921203 9.548317 -0.909834 -3.633374 -22.996648 3.975235 19.050035 -0.859298 9.029447 -4.941803 6.333066 -2.696041 -19.959684 16.532207 16.235544 -31.757006 19.684648 9.559110 18.924671 0.219048 2.144396 4.483937 -16.679814 0.000000 -0.000000 -0.000000
-1.958259 0.889368 2.010437 -16.929479 7.099331 -2.190812 -1.003372 1.329985 -0.038591 -0.444346 -5.235155 -0.014334 -0.442510 0.585103 -0.059443 -0.336340 6.275553 -0.044453 12.076025 18.847994 -1.170711 22.472492 0.036107 -5.871241 -1.235488 9.087709 9.933755 -17.020842 -20.251819 69.055667 43.035570 29.542812 23.743452 -2.819963 15.958763 -7.265822 -2.328174 1.941380 -8.181525 22.427448 -0.228098 -62.293426 -67.893223 67.581747 -55.686113 -8.251981 13.010927 9.145165 -1.400702 -4.484545 -23.621883 1.538011 20.883743 -0.928296 8.295957 -1.750007 6.046918 -3.003992 -21.032110 18.863440 17.042573 -33.102192 18.657834 8.395753 21.545939 0.063482 0.829790 4.627406 -16.531950 -0.000000 0.000000 -0.000000
-1.941943 0.892091 2.021344 -16.500723 7.008969 -2.413706 -1.054249 1.606576 -0.047227 -0.466575 -5.112194 -0.017406 -0.464748 0.708050 -0.064773 -0.353397 6.367773 -0.048369 11.574840 18.902946 -1.063822 21.519576 0.042466 -5.523634 -1.108113 9.476241 10.151320 -17.103869 -20.536323 69.903873 41.836745 29.916077 21.965750 -2.246736 15.957746 -7.576908 -2.628126 2.243724 -8.268147 21.471926 -1.084710 -62.579061 -64.801302 68.232428 -52.904781 -7.994861 13.120719 8.480844 -2.098781 -5.588575 -24.026499 -1.372547 22.562779 -1.594983 7.474203 1.809208 5.909817 -2.624243 -20.068982 21.317801 17.841180 -33.440957 17.551279 7.887164 22.892196 -0.021890 0.102448 4.336428 -15.800266 0.000000 -0.000000 0.000000
-1.926515 0.896456 2.032111 -16.237453 6.866411 -2.648302 -1.031077 1.862502 -0.054641 -0.455923 -4.998438 -0.020216 -0.454233 0.821813 -0.066501 -0.345623 6.453093 -0.049606 11.062628 19.119281 -0.963466 20.529753 0.348387 -5.157873 -0.810057 9.833594 10.328789 -16.807589 -20.584416 70.829873 40.146732 30.243104 19.687897 -1.709591 15.908592 -8.367866 -2.798429 2.648316 -8.334158 20.352836 -2.085578 -63.039092 -60.193424 69.017685 -48.641529 -7.604917 13.278115 7.742587 -2.950254 -6.874701 -24.226554 -4.532922 24.155132 -2.677670 6.592986 5.456004 5.549821 -1.557327 -17.736247 23.526056 18.454433 -33.111587 16.454317 7.655931 23.472465 -0.077578 -0.227849 3.712394 -14.586312 -0.000000 0.000000 -0.000000
-1.912323 0.901555 2.042819 -15.970389 6.730529 -2.885626 -1.016146 2.047952 -0.071156 -0.448467 -4.915986 -0.027232 -0.446866 0.904268 -0.072763 -0.340552 6.514937 -0.054287 10.604833 19.387400 -0.830509 19.626104 0.754900 -4.742955 -0.621916 10.107723 10.436668 -16.274700 -20.478588 71.513622 38.609585 30.838080 17.820933 -1.228824 15.921808 -8.904566 -2.905883 2.998894 -8.345380 19.424397 -2.947896 -63.454162 -55.364933 69.625884 -44.039263 -6.817002 13.534837 7.428178 -3.870937 -8.056221 -24.109258 -7.033486 25.540719 -3.676991 5.933900 7.985010 4.597488 -0.152577 -14.990439 25.140164 18.779445 -32.439040 15.489981 7.502635 23.555712 -0.091400 -0.287165 3.147122 -13.494218 -0.000000 0.000000 0.000000
-1.899636 0.907314 2.053633 -15.662347 6.602067 -3.115317 -1.040326 2.135060 -0.117785 -0.456896 -4.877159 -0.047721 -0.455292 0.943091 -0.094110 -0.348465 6.544070 -0.070363 10.239344 19.723279 -0.629345 18.868407 1.293168 -4.224140 -0.667888 10.262330 10.456625 -15.302801 -20.176288 71.763050 37.226808 31.745365 16.593944 -0.910271 16.078221 -9.059331 -2.952051 3.224350 -8.266088 18.783941 -3.511296 -63.822927 -50.555771 70.107706 -39.248615 -5.336740 13.949136 7.741494 -4.921203 -9.044960 -23.588599 -8.487540 26.725163 -4.384327 5.731811 8.822654 2.781699 1.490648 -11.931967 26.589594 18.693919 -31.439915 14.728445 7.343271 23.173509 -0.055690 0.022327 2.717252 -12.763793 0.000638 0.014912 -0.106699
-1.888184 0.913807 2.064387 -15.350598 6.480462 -3.347761 -1.073753 2.152182 -0.174825 -0.468921 -4.869404 -0.072959 -0.467283 0.950836 -0.120567 -0.359444 6.549899 -0.090310 9.929050 20.111783 -0.399907 18.201752 1.936608 -3.666139 -0.827815 10.338079 10.404724 -14.108424 -19.714221 71.793086 35.973596 32.979611 15.770337 -0.648448 16.313258 -8.971504 -2.935518 3.394164 -8.133264 18.335841 -3.930507 -64.176813 -45.667478 70.408750 -34.242467 -3.455177 14.431558 8.520560 -6.059266 -9.914723 -22.749001 -9.237086 27.745530 -4.853611 5.831972 8.552054 0.689478 3.290954 -8.650949 27.794280 18.319726 -30.108329 14.095815 7.243643 22.293004 0.021850 0.598251 2.331484 -12.169293 0.001000 0.029790 -0.213403
-1.877501 0.920344 2.074673 -14.978222 6.424123 -3.604994 -1.107865 2.134187 -0.191276 -0.483276 -4.877354 -0.080180 -0.481579 0.942872 -0.129245 -0.370818 6.543932 -0.096845 9.623827 20.395681 -0.214689 17.568681 2.397527 -3.207378 -1.015412 10.400626 10.303626 -13.468332 -19.272653 71.884269 35.465257 34.918381 15.533216 -0.122844 16.541336 -8.316644 -2.918852 3.564196 -8.021851 18.141583 -4.387358 -64.363737 -42.043828 70.257200 -30.450364 -1.796583 14.793530 9.691207 -7.040955 -10.627957 -21.751096 -9.413190 28.610538 -4.877329 5.963323 7.737379 -0.578906 4.546804 -6.067154 27.897766 17.932729 -28.730129 13.487157 7.237107 21.088835 0.131619 1.034886 2.138842 -11.601709 0.000000 0.000000 0.000000
-1.867562 0.926844 2.084295 -14.494264 6.478824 -3.922943 -1.148116 2.076088 -0.133183 -0.504076 -4.903313 -0.054240 -0.502281 0.916890 -0.105418 -0.384554 6.524431 -0.078849 9.312155 20.504612 -0.103105 16.960913 2.548317 -2.904375 -1.228219 10.478860 10.137757 -13.779646 -18.905933 72.145126 36.273055 38.147911 16.221217 1.014391 16.753667 -6.667140 -2.935765 3.774009 -7.971992 18.332491 -5.004867 -64.284398 -40.698421 69.738577 -28.942732 -0.494190 14.989632 11.478281 -7.730300 -11.148932 -20.625562 -8.809007 29.384398 -4.155681 6.036378 6.322166 -0.402813 4.762850 -4.502619 26.167635 17.570687 -27.396049 12.904883 7.431232 19.538264 0.287644 1.111938 2.230757 -11.025592 -0.003570 -0.133727 0.960368
-1.858392 0.933388 2.093450 -13.950690 6.600753 -4.264006 -1.189982 1.981911 -0.035280 -0.527561 -4.945411 -0.010636 -0.525649 0.874771 -0.064198 -0.398986 6.492814 -0.047734 9.001209 20.506976 -0.035891 16.376425 2.511997 -2.695074 -1.468737 10.544240 9.922602 -14.638141 -18.540482 72.446034 38.115134 42.073042 17.718775 2.550109 16.917183 -4.490739 -2.952940 3.984484 -7.942783 18.773450 -5.665781 -64.050524 -40.720139 68.901739 -28.771265 0.528949 15.056214 13.627874 -8.253162 -11.528795 -19.352311 -7.585881 30.010022 -2.914631 6.154884 4.375215 0.533411 4.327206 -3.543625 23.315170 17.192510 -26.012794 12.354975 7.700840 17.658849 0.449890 1.055558 2.521111 -10.471829 -0.009028 -0.311590 2.240934
-1.849592 0.939538 2.102311 -13.444562 6.712544 -4.540585 -1.209215 1.900011 0.051282 -0.540389 -4.982027 0.027842 -0.538403 0.838147 -0.027020 -0.405759 6.465319 -0.019686 8.667311 20.453146 0.004020 15.762040 2.374831 -2.534815 -1.657761 10.574887 9.729012 -15.613530 -18.171070 72.693722 40.147665 45.331256 19.357507 3.854285 16.953673 -2.773079 -2.931921 4.133842 -7.887859 19.127128 -6.187222 -63.815064 -40.769453 67.475545 -28.544439 0.969174 14.979512 15.305673 -8.753637 -11.865226 -18.018028 -6.450004 30.327880 -1.783640 6.292096 2.660676 1.394901 3.752784 -2.946032 20.532204 16.942827 -24.588226 11.752462 7.743308 15.689759 0.541936 1.132590 2.893793 -9.926528 -0.010068 -0.400325 2.881253
-1.841028 0.945291 2.110943 -13.018509 6.791744 -4.707198 -1.187479 1.844208 0.106690 -0.533436 -5.006962 0.052326 -0.531455 0.813221 -0.001830 -0.398654 6.446604 -0.000705 8.295513 20.337584 0.009490 15.092232 2.125241 -2.432243 -1.751832 10.562940 9.576436 -16.676378 -17.783766 72.888184 42.084884 47.532499 20.867328 4.593622 16.829199 -1.801818 -2.843187 4.196665 -7.785729 19.247637 -6.469734 -63.611475 -40.399601 65.135625 -27.774347 0.559557 14.736077 16.142018 -9.219810 -12.192064 -16.639642 -5.600992 30.286414 -0.980548 6.462825 1.570816 1.961258 3.178630 -2.939348 18.481966 16.952286 -23.084383 11.012106 7.345405 13.611665 0.558862 1.498400 3.371327 -9.386216 -0.002598 -0.311509 2.240946
-1.832834 0.950648 2.119282 -12.629364 6.858293 -4.809984 -1.142516 1.800766 0.151184 -0.515605 -5.026367 0.071887 -0.513674 0.793831 0.019542 -0.383711 6.432043 0.015385 7.900679 20.165185 -0.012321 14.391323 1.773420 -2.376825 -1.794780 10.515818 9.445413 -17.857450 -17.394629 73.028979 44.045261 49.075677 22.370959 4.988042 16.614269 -1.234372 -2.717318 4.197015 -7.659192 19.283559 -6.610190 -63.397591 -40.165266 62.202299 -27.072414 -0.405315 14.371874 16.443118 -9.660676 -12.475524 -15.200131 -4.849219 29.953269 -0.319009 6.641076 0.728574 2.493082 2.534394 -3.335559 16.468569 17.074040 -21.537430 10.230689 6.734192 11.451533 0.555679 1.999903 3.926909 -8.850594 0.001942 -0.133615 0.960383
-1.825020 0.955171 2.127317 -12.244834 6.897194 -4.900109 -1.103583 1.777247 0.194517 -0.500405 -5.036911 0.091011 -0.498524 0.783300 0.040208 -0.370794 6.424126 0.030954 7.504658 20.002405 -0.022145 13.683114 1.439378 -2.295922 -1.838627 10.433824 9.348603 -18.822348 -17.058610 73.034256 45.390185 49.869580 23.423085 5.124448 16.446588 -1.061602 -2.606092 4.147289 -7.529077 19.342065 -6.713318 -63.205115 -40.270338 59.372855 -26.714932 -1.339506 13.989432 16.430476 -10.256628 -12.696309 -13.731804 -4.332266 29.378306 0.152703 6.767096 -0.200589 2.950877 1.896444 -3.292863 13.698759 17.048182 -20.072057 9.582194 6.276747 9.517748 0.542566 2.437620 4.369401 -8.312429 -0.000000 0.000000 0.000000
-1.817597 0.958617 2.135029 -11.848957 6.897914 -5.004833 -1.079204 1.781112 0.246204 -0.492105 -5.035299 0.113982 -0.490260 0.784919 0.064023 -0.362802 6.425320 0.048918 7.111953 19.860707 -0.008843 12.971953 1.143223 -2.169984 -1.908831 10.300772 9.295194 -19.441331 -16.784594 72.833291 45.669728 49.664753 23.681077 4.946622 16.386800 -1.382157 -2.546083 4.038338 -7.385384 19.508605 -6.790470 -63.049274 -40.740244 56.769668 -26.743284 -2.054495 13.563305 16.095135 -11.250240 -12.853509 -12.201133 -4.183816 28.559095 0.335436 6.813118 -1.423382 3.338757 1.188366 -2.278316 9.158209 16.742103 -18.744618 9.155048 6.167438 7.946951 0.482276 2.715219 4.617420 -7.750311 -0.001224 0.029711 -0.213414
-1.810555 0.961227 2.142437 -11.457607 6.870922 -5.097521 -1.060690 1.804950 0.297276 -0.486397 -5.024806 0.136744 -0.484585 0.795417 0.087364 -0.356787 6.433174 0.066535 6.718259 19.728345 0.016989 12.253795 0.864537 -2.018360 -1.980342 10.132012 9.275324 -19.848655 -16.570162 72.503933 45.218130 48.747509 23.392031 4.509421 16.370034 -2.091894 -2.501238 3.879598 -7.239553 19.698034 -6.829483 -62.913069 -41.395965 54.269095 -26.959518 -2.679442 13.099087 15.487432 -12.395916 -12.927872 -10.643070 -4.238679 27.493539 0.350696 6.817097 -2.723887 3.673867 0.469111 -0.929031 3.832327 16.310136 -17.504240 8.838920 6.216554 6.596281 0.379376 2.924792 4.754392 -7.188887 -0.000669 0.014856 -0.106707
-1.803865 0.963287 2.149587 -11.086365 6.833008 -5.148426 -1.051593 1.834190 0.329669 -0.483968 -5.011874 0.151219 -0.482177 0.808350 0.102085 -0.353872 6.442862 0.077654 6.332075 19.637283 0.062119 11.540359 0.663234 -1.828298 -2.029337 9.975029 9.273548 -20.106721 -16.454838 72.190303 44.556104 47.845125 22.967484 4.069402 16.347720 -2.880622 -2.413860 3.712372 -7.143884 19.761243 -6.899566 -62.783304 -42.098669 52.203203 -27.223893 -3.152782 12.779334 14.956789 -13.138706 -12.891607 -9.193600 -4.200194 26.236010 0.464438 6.821402 -3.804926 3.909953 -0.000000 0.000000 0.000000 15.929635 -16.318355 8.503770 6.212432 5.352557 0.286485 3.147424 4.837721 -6.693032 -0.000000 0.000000 -0.000000
-1.797532 0.964787 2.156508 -10.761401 6.786465 -5.155428 -1.048797 1.864207 0.340339 -0.483277 -4.998553 0.156032 -0.481500 0.821673 0.106968 -0.352997 6.452849 0.081350 5.957052 19.601817 0.138670 10.834197 0.565027 -1.578361 -2.036485 9.843916 9.288038 -20.216173 -16.462482 71.922204 43.803354 47.147801 22.492672 3.702782 16.306846 -3.680305 -2.227690 3.520056 -7.125732 19.596226 -7.009792 -62.620228 -42.929399 50.759259 -27.610041 -3.468753 12.728115 14.607130 -13.260430 -12.731141 -7.847692 -3.879432 24.755138 0.726422 6.821138 -4.563795 3.935547 -0.101211 0.236140 -1.026088 15.675453 -15.162674 8.105631 6.045420 4.157259 0.242940 3.452116 4.881463 -6.299554 -0.000584 0.011056 -0.084594
-1.791552 0.965737 2.163171 -10.456639 6.728187 -5.120784 -1.055434 1.900068 0.332315 -0.485864 -4.982602 0.152557 -0.484091 0.837623 0.103231 -0.355223 6.464815 0.078547 5.589768 19.607683 0.234622 10.133970 0.544419 -1.291681 -2.021100 9.724219 9.321019 -20.175734 -16.568227 71.670286 42.849457 46.460325 21.887021 3.332430 16.259283 -4.556496 -1.998448 3.320586 -7.158191 19.304473 -7.149188 -62.465456 -43.839030 49.747691 -28.056251 -3.669082 12.838659 14.335107 -12.972263 -12.494105 -6.608186 -3.478790 23.084246 1.034324 6.818134 -5.102490 3.844919 -0.041950 0.124659 -0.512322 15.468530 -14.061837 7.691173 5.827636 3.070490 0.215979 3.768104 4.871298 -5.972016 -0.001158 0.022113 -0.169187
-1.785890 0.966445 2.169537 -10.109389 6.666348 -5.021149 -1.084493 1.941981 0.296470 -0.497053 -4.963917 0.136781 -0.495254 0.856296 0.086318 -0.364867 6.478833 0.065814 5.228100 19.644085 0.320436 9.445911 0.584206 -1.022832 -2.017139 9.620852 9.363562 -20.044619 -16.738967 71.488728 41.824373 45.935399 21.255618 2.966329 16.204916 -5.391672 -1.836079 3.207135 -7.210221 19.043049 -7.357263 -62.428702 -44.552295 48.945716 -28.271748 -3.792876 12.963691 14.170119 -12.365404 -12.262494 -5.620786 -3.315266 21.370884 1.410968 6.845858 -5.440897 3.890396 -0.000000 0.000000 -0.000000 15.248552 -13.056281 7.273020 5.679521 2.157637 0.152528 3.968092 4.822218 -5.665106 -0.000000 -0.000000 0.000000
-1.780518 0.966939 2.175565 -9.678654 6.600630 -4.823632 -1.156346 1.989678 0.209872 -0.524758 -4.942562 0.098574 -0.522873 0.877625 0.045298 -0.388665 6.494863 0.034910 4.866311 19.724878 0.392359 8.760665 0.710152 -0.776454 -2.050892 9.536661 9.423607 -19.801228 -17.002674 71.417893 40.676843 45.670760 20.592725 2.587397 16.129210 -6.202198 -1.824937 3.245428 -7.285497 18.904278 -7.680919 -62.526283 -45.061572 48.367974 -28.198673 -3.840955 13.085450 14.147676 -11.301420 -12.042631 -5.023386 -3.662126 19.620703 1.951997 6.899463 -5.563190 4.271570 0.000000 0.000000 -0.000000 15.003897 -12.160259 6.840168 5.669615 1.448538 0.006265 3.959892 4.744943 -5.355511 0.004069 -0.087671 0.668269
-1.775465 0.967192 2.181296 -9.205751 6.529380 -4.561429 -1.250722 2.043790 0.095456 -0.561088 -4.918253 0.048097 -0.559090 0.901898 -0.008867 -0.419895 6.513116 -0.005900 4.510393 19.836336 0.454161 8.088764 0.896125 -0.549065 -2.095999 9.468776 9.493593 -19.467408 -17.332972 71.415156 39.442891 45.562956 19.887987 2.206166 16.046770 -6.970167 -1.880608 3.369989 -7.378134 18.797108 -8.072912 -62.741014 -45.416836 48.009784 -27.933243 -3.816038 13.230208 14.235253 -9.923120 -11.821199 -4.671442 -4.268060 17.800190 2.552934 6.951795 -5.500001 4.808427 -0.000000 0.000000 0.000000 14.745741 -11.359733 6.403702 5.732724 0.912603 -0.187881 3.835442 4.631296 -5.066245 0.008586 -0.208625 1.590302
-1.770773 0.967420 2.186808 -8.751309 6.459611 -4.310161 -1.319702 2.105678 0.013060 -0.587693 -4.890525 0.011834 -0.585627 0.929602 -0.047832 -0.442720 6.533932 -0.035249 4.175522 19.925449 0.487960 7.465059 1.044921 -0.381159 -2.107256 9.413540 9.541187 -19.168028 -17.615326 71.411600 38.377106 45.469691 19.232984 1.867755 16.007921 -7.528170 -1.860099 3.476584 -7.441817 18.605949 -8.431858 -63.132057 -45.433195 47.623983 -27.419285 -3.751379 13.314087 14.363973 -8.743972 -11.650834 -4.294410 -4.650076 16.010167 2.967944 7.008673 -5.338506 5.185772 -0.000000 -0.000000 -0.000000 14.450892 -10.653447 6.007067 5.788724 0.523215 -0.362943 3.743860 4.467391 -4.821792 0.011356 -0.298873 2.283977
-1.766455 0.967714 2.192121 -8.343366 6.400019 -4.094090 -1.343240 2.175046 -0.015132 -0.596771 -4.859612 -0.000429 -0.594704 0.960505 -0.061017 -0.450511 6.557122 -0.045159 3.867341 19.974405 0.480628 6.904088 1.124169 -0.298876 -2.069146 9.354963 9.549127 -18.942349 -17.797164 71.390646 37.541821 45.365569 18.623572 1.572847 16.061813 -7.798136 -1.666518 3.515615 -7.450343 18.218535 -8.715161 -63.780205 -44.889962 47.119242 -26.483625 -3.642552 13.289590 14.541469 -7.961154 -11.560463 -3.771681 -4.494454 14.267574 3.084966 7.092320 -5.111559 5.235561 0.000000 0.000000 -0.000000 14.071081 -10.056870 5.671141 5.820196 0.298901 -0.495413 3.773349 4.237629 -4.639416 0.012656 -0.329134 2.517278
-1.762499 0.967984 2.197216 -7.953732 6.342664 -3.888727 -1.341488 2.251765 -0.010966 -0.596211 -4.825529 0.001643 -0.594181 0.994588 -0.058888 -0.449951 6.582681 -0.043521 3.579968 19.999853 0.445754 6.390259 1.163197 -0.274372 -1.996990 9.309523 9.534425 -18.751281 -17.930741 71.369884 36.871408 45.280934 18.060804 1.318712 16.167039 -7.858978 -1.396726 3.536696 -7.430587 17.751487 -8.964292 -64.605663 -44.038684 46.574491 -25.318554 -3.495102 13.204606 14.763990 -7.376315 -11.522472 -3.231226 -4.096715 12.586859 3.020745 7.197845 -4.770012 5.134181 0.000000 0.000000 0.000000 13.659370 -9.556219 5.371176 5.845771 0.220615 -0.606733 3.835114 3.956635 -4.502534 0.013487 -0.328599 2.522229
-1.758917 0.968183 2.202118 -7.558594 6.270800 -3.696563 -1.326797 2.337202 0.019490 -0.591223 -4.787644 0.015395 -0.589252 1.032479 -0.044631 -0.445178 6.611087 -0.032731 3.311165 20.000007 0.405632 5.912543 1.156606 -0.266161 -1.891883 9.322168 9.516583 -18.601878 -18.057526 71.332614 36.437029 45.164504 17.650379 1.146798 16.240942 -7.779553 -1.198445 3.584356 -7.415224 17.431836 -9.201755 -65.426964 -43.382284 46.006616 -24.402583 -3.354094 13.116358 14.945341 -6.907623 -11.513862 -2.780310 -3.879222 11.069759 2.898816 7.299194 -4.274639 5.076873 -0.000000 0.000000 0.000000 13.345263 -9.105078 5.083339 5.838922 0.205223 -0.694351 3.812911 3.655202 -4.384603 0.014338 -0.320845 2.512780
-1.755740 0.968296 2.206755 -7.143863 6.174604 -3.524634 -1.298501 2.441296 0.080022 -0.581720 -4.741544 0.042526 -0.579834 1.078591 -0.016537 -0.436004 6.645646 -0.011495 3.058983 19.967320 0.363330 5.466404 1.089997 -0.268168 -1.731034 9.435293 9.496020 -18.497828 -18.187795 71.290165 36.285784 44.946862 17.408685 1.073412 16.237679 -7.556392 -1.156571 3.678707 -7.412218 17.420845 -9.457946 -66.215720 -43.072273 45.388323 -23.898726 -3.195325 13.030015 15.083518 -6.498363 -11.541160 -2.462750 -4.084328 9.758771 2.767700 7.399734 -3.598095 5.193474 -0.000000 -0.000000 -0.000000 13.187706 -8.720294 4.803735 5.819403 0.280300 -0.747593 3.613469 3.323605 -4.274702 0.015976 -0.320079 2.655850
-1.752938 0.968338 2.211199 -6.723769 6.064126 -3.366327 -1.257284 2.553526 0.167311 -0.567852 -4.691890 0.081517 -0.566065 1.128258 0.023860 -0.422648 6.682857 0.019028 2.825616 19.909173 0.315453 5.056606 0.977458 -0.286742 -1.537866 9.607371 9.474503 -18.435786 -18.310810 71.231244 36.369593 44.704624 17.313267 1.085251 16.201503 -7.193123 -1.186666 3.799094 -7.412303 17.556412 -9.695393 -67.002123 -42.930854 44.755436 -23.630684 -3.040621 12.939809 15.181778 -6.205209 -11.592938 -2.235892 -4.477409 8.600167 2.611916 7.492995 -2.772102 5.350687 0.000000 -0.000000 0.000000 13.129178 -8.382268 4.539142 5.768336 0.418689 -0.776203 3.330450 2.972386 -4.181557 0.017678 -0.312064 2.784517
-1.750435 0.968310 2.215689 -6.317044 5.952212 -3.203688 -1.217521 2.644773 0.264170 -0.555140 -4.651569 0.124701 -0.553434 1.168591 0.068336 -0.409845 6.713064 0.052626 2.614997 19.846260 0.274311 4.686199 0.856727 -0.299755 -1.382433 9.756312 9.472959 -18.412242 -18.435422 71.105139 36.616940 44.604544 17.413087 1.179045 16.184124 -6.769333 -1.182632 3.929428 -7.421641 17.576491 -9.840142 -67.688962 -42.941894 44.233068 -23.551627 -2.998797 12.885883 15.156918 -6.116314 -11.618298 -2.075578 -4.774200 7.540699 2.466315 7.534517 -1.851625 5.342733 0.000000 0.000000 -0.000000 13.122263 -7.988980 4.284046 5.600342 0.455680 -0.808738 3.128252 2.662756 -4.108964 0.017724 -0.277769 2.611963
-1.748141 0.968212 2.220327 -5.938737 5.849322 -3.026918 -1.184322 2.701207 0.367248 -0.545672 -4.626718 0.170589 -0.544024 1.193451 0.115185 -0.399285 6.731665 0.088007 2.436666 19.785803 0.245027 4.370899 0.741109 -0.300587 -1.299395 9.841034 9.503273 -18.413796 -18.567675 70.844015 37.084632 44.733759 17.818852 1.396208 16.208888 -6.264695 -1.098411 4.063367 -7.446260 17.344544 -9.828493 -68.228727 -43.119094 43.796080 -23.639663 -3.124457 12.887942 14.970220 -6.293798 -11.594162 -2.010400 -4.930593 6.546548 2.389375 7.509233 -0.727689 5.003336 0.000000 0.000000 -0.000000 13.169361 -7.485835 4.028040 5.229046 0.291018 -0.859548 3.109052 2.432924 -4.060208 0.013900 -0.191961 1.845424
-1.746146 0.968044 2.225011 -5.573803 5.744995 -2.845662 -1.152603 2.736583 0.479223 -0.537321 -4.611232 0.220387 -0.535719 1.208945 0.165830 -0.389274 6.743235 0.126249 2.281076 19.720581 0.221858 4.095140 0.617155 -0.297125 -1.253729 9.901290 9.552411 -18.453742 -18.700224 70.516897 37.721733 44.999554 18.427418 1.699405 16.248344 -5.700998 -0.980449 4.208480 -7.479747 16.992786 -9.733407 -68.665369 -43.436598 43.469847 -23.906551 -3.359857 12.922767 14.655329 -6.674947 -11.542679 -2.012631 -5.000127 5.653702 2.330752 7.433906 0.490618 4.485179 -0.000000 0.000000 -0.000000 13.266196 -6.926818 3.784447 4.740420 0.024949 -0.911002 3.171031 2.243980 -4.034002 0.006531 -0.080390 0.777619
-1.744642 0.967811 2.229673 -5.195894 5.620564 -2.671203 -1.121494 2.763426 0.591650 -0.529268 -4.599520 0.270365 -0.527707 1.220664 0.216625 -0.379472 6.751973 0.164602 2.123344 19.649572 0.200812 3.814805 0.482476 -0.289028 -1.210596 9.975714 9.602997 -18.568657 -18.823189 70.278857 38.289945 45.300912 18.966600 1.963029 16.283524 -5.219290 -0.861191 4.369866 -7.509833 16.663385 -9.689735 -69.037253 -43.825521 43.453808 -24.359481 -3.645105 12.966203 14.236414 -7.160868 -11.481375 -1.973195 -4.839577 4.917980 2.150791 7.317979 1.425268 4.070244 0.000000 -0.000000 -0.000000 13.355516 -6.374063 3.582233 4.307183 -0.206398 -0.947388 3.172555 2.041421 -4.028286 -0.000000 -0.000000 0.000000
-1.743747 0.967524 2.234260 -4.806040 5.471902 -2.517503 -1.087715 2.786397 0.709265 -0.520300 -4.589514 0.322625 -0.518781 1.230680 0.269796 -0.368810 6.759431 0.204746 1.956901 19.559568 0.175379 3.520124 0.312667 -0.286386 -1.152339 10.087416 9.655909 -18.809633 -18.951944 70.193189 38.758516 45.649077 19.372143 2.145117 16.321513 -4.848730 -0.734435 4.562862 -7.529610 16.420953 -9.759274 -69.355473 -44.345739 43.859239 -25.100392 -3.994736 13.013828 13.723593 -7.809607 -11.449354 -1.798410 -4.274459 4.416148 1.713425 7.135175 1.785804 3.942888 0.000000 0.000000 -0.000000 13.383228 -5.858208 3.452857 4.054831 -0.345311 -0.978781 3.044926 1.801951 -4.038034 -0.001697 0.020451 -0.193492
-1.743343 0.967173 2.238826 -4.403358 5.303253 -2.371125 -1.054670 2.800705 0.827237 -0.511673 -4.583340 0.375025 -0.510191 1.236863 0.323071 -0.358392 6.764012 0.244965 1.788328 19.463784 0.151550 3.220890 0.132256 -0.279916 -1.096867 10.213235 9.711061 -19.125591 -19.074471 70.197935 39.154821 46.036265 19.708735 2.283457 16.359545 -4.558908 -0.606545 4.771992 -7.544927 16.203449 -9.879297 -69.610566 -44.966033 44.568014 -26.051988 -4.401178 13.069594 13.110190 -8.563209 -11.406778 -1.583668 -3.476891 4.079876 1.151904 6.914524 1.865467 3.922016 0.000000 0.000000 0.000000 13.405393 -5.349963 3.363783 3.858184 -0.449823 -0.998472 2.857280 1.548851 -4.067460 -0.000808 0.010231 -0.096746
-1.743261 0.966733 2.243465 -3.958876 5.108063 -2.202740 -1.031484 2.804892 0.922899 -0.506269 -4.581623 0.417522 -0.504808 1.238582 0.366117 -0.351139 6.765252 0.277461 1.612010 19.400681 0.144298 2.901583 0.012213 -0.239693 -1.062645 10.322972 9.749747 -19.400398 -19.139777 70.259562 39.314194 46.339312 19.883338 2.367125 16.369155 -4.400638 -0.528278 4.955127 -7.563645 15.964412 -9.995675 -69.810170 -45.475945 45.440862 -26.948590 -4.771920 13.124180 12.395351 -9.148502 -11.254339 -1.502842 -2.821528 3.741512 0.722975 6.756880 2.165431 3.753466 0.000000 -0.000000 0.000000 13.530080 -4.820986 3.249345 3.514189 -0.557551 -0.967397 2.674827 1.297630 -4.128099 0.000000 0.000000 -0.000000
-1.743410 0.966212 2.248214 -3.459656 4.875712 -2.007251 -1.019210 2.802162 0.992443 -0.504370 -4.582941 0.448433 -0.502917 1.237266 0.397221 -0.347397 6.764229 0.300943 1.417541 19.388697 0.165334 2.539597 -0.013437 -0.140815 -1.057291 10.411449 9.759002 -19.585709 -19.123470 70.387069 39.114590 46.467096 19.790652 2.369496 16.327808 -4.448048 -0.535824 5.093878 -7.592752 15.680297 -10.099310 -69.948867 -45.809191 46.486171 -27.735764 -5.085853 13.177573 11.572148 -9.450449 -10.944931 -1.651871 -2.455071 3.289741 0.552267 6.786889 3.082603 3.287566 -0.000000 0.000000 0.000000 13.874210 -4.250101 3.080484 2.869785 -0.696421 -0.856192 2.521168 1.059839 -4.228229 0.000000 0.000000 -0.000000
-1.743883 0.965603 2.253036 -2.919289 4.615795 -1.791059 -1.016630 2.789701 1.039373 -0.505603 -4.588556 0.469309 -0.504146 1.231652 0.417971 -0.346767 6.759993 0.316608 1.214444 19.409116 0.202952 2.156472 0.021291 -0.008288 -1.072849 10.484126 9.751096 -19.730502 -19.050245 70.571456 38.673498 46.507708 19.528906 2.315294 16.260672 -4.627007 -0.592264 5.205837 -7.627071 15.374006 -10.200224 -70.032579 -46.041740 47.700462 -28.474695 -5.374751 13.234099 10.646733 -9.586899 -10.524117 -1.929869 -2.236694 2.828068 0.509690 6.873095 4.225368 2.688253 0.000000 0.000000 0.000000 14.319321 -3.655116 2.895069 2.078537 -0.838857 -0.690764 2.373372 0.823612 -4.359820 -0.000000 0.000000 -0.000000
-1.744789 0.964856 2.257912 -2.348735 4.351470 -1.541970 -1.029164 2.757418 1.051736 -0.511733 -4.602959 0.474838 -0.510243 1.217242 0.422878 -0.350962 6.749173 0.320308 1.026892 19.444999 0.237287 1.802732 0.085646 0.113468 -1.104235 10.526668 9.744365 -19.864886 -18.941332 70.751372 38.180875 46.608038 19.305692 2.269946 16.210612 -4.766438 -0.638364 5.302831 -7.656686 15.067969 -10.272916 -70.085294 -46.141204 48.935175 -29.041919 -5.620487 13.292182 9.634573 -9.633974 -10.033736 -2.214406 -2.108736 2.505532 0.468134 6.741844 4.906532 2.156510 -0.000000 -0.000000 0.000000 14.619790 -3.066973 2.724221 1.397469 -0.939768 -0.515612 2.226894 0.569379 -4.510218 0.000000 -0.000000 0.000000
-1.746156 0.963846 2.262911 -1.731662 4.087314 -1.229031 -1.070494 2.695088 1.008960 -0.527781 -4.630681 0.455906 -0.526210 1.189499 0.402318 -0.364454 6.728378 0.304779 0.866987 19.508136 0.272228 1.499246 0.201375 0.227770 -1.153736 10.534966 9.739602 -19.989807 -18.790197 70.920596 37.667003 46.821192 19.172738 2.254446 16.194371 -4.813240 -0.658649 5.385886 -7.668011 14.736155 -10.276354 -70.109305 -46.060638 50.172343 -29.331717 -5.814118 13.360069 8.427159 -9.599994 -9.495726 -2.481063 -2.008278 2.467136 0.381200 6.185660 4.724199 1.769620 -0.000000 0.000000 -0.000000 14.639376 -2.475367 2.545949 0.958514 -0.997606 -0.337511 2.068266 0.283746 -4.676703 0.000000 -0.000000 0.000000
-1.747958 0.962699 2.267964 -1.085068 3.816859 -0.883807 -1.125866 2.613884 0.930656 -0.548249 -4.666729 0.421166 -0.546578 1.153432 0.365500 -0.382464 6.701362 0.276971 0.722692 19.587369 0.304252 1.225477 0.347531 0.331737 -1.218965 10.513053 9.734695 -20.105172 -18.603104 71.085888 37.097762 47.092830 19.076236 2.247391 16.194802 -4.820393 -0.668310 5.453945 -7.674785 14.404007 -10.250934 -70.102876 -45.815660 51.434372 -29.419450 -5.969663 13.438306 7.129554 -9.480673 -8.885272 -2.747738 -1.999125 2.568478 0.301681 5.420890 4.071969 1.444041 -0.000000 0.000000 0.000000 14.513902 -1.893312 2.374128 0.630018 -1.014504 -0.152506 1.911795 -0.020193 -4.861837 0.000000 0.000000 0.000000
-1.750224 0.961734 2.272842 -0.469163 3.548374 -0.586891 -1.158593 2.535562 0.865586 -0.559350 -4.701453 0.392183 -0.557610 1.118702 0.335391 -0.392977 6.675349 0.254214 0.582483 19.631867 0.302142 0.970170 0.429796 0.371566 -1.288077 10.458418 9.743529 -20.238974 -18.419503 71.204403 36.564619 47.413280 19.065321 2.249949 16.203851 -4.776100 -0.653994 5.516403 -7.706995 14.171064 -10.293255 -70.082665 -45.460608 52.634805 -29.443159 -6.084311 13.509691 6.079430 -9.330601 -8.178239 -2.958492 -2.210143 2.525266 0.250277 4.815248 3.452035 1.118411 -0.000000 -0.000000 0.000000 14.408291 -1.388930 2.288824 0.273314 -0.951260 0.009464 1.794243 -0.321912 -5.061005 0.000000 -0.000000 -0.000000
-1.753103 0.961053 2.277507 0.103363 3.277803 -0.358113 -1.157454 2.466724 0.821041 -0.556453 -4.731946 0.372174 -0.554690 1.088213 0.315677 -0.392253 6.652508 0.239288 0.442404 19.615517 0.251551 0.730143 0.399438 0.322422 -1.354642 10.361434 9.785313 -20.426975 -18.241177 71.263872 36.134481 47.805562 19.198132 2.272659 16.224868 -4.639619 -0.605421 5.566488 -7.780879 14.093949 -10.445146 -70.007625 -45.106706 53.803423 -29.545666 -6.144743 13.560888 5.363547 -9.063562 -7.289093 -3.109809 -2.897699 2.144575 0.241279 4.567516 3.037814 0.740988 0.000000 -0.000000 0.000000 14.396934 -0.963083 2.328725 -0.176016 -0.821255 0.125722 1.723443 -0.610803 -5.273927 -0.000279 0.010961 -0.071252
-1.756446 0.960554 2.281998 0.646052 3.011339 -0.177029 -1.134208 2.400605 0.790262 -0.544432 -4.761228 0.358190 -0.542677 1.058940 0.302913 -0.384191 6.630574 0.229595 0.307157 19.565450 0.166251 0.509529 0.306554 0.208373 -1.425751 10.231198 9.839681 -20.632772 -18.065594 71.275478 35.744607 48.248070 19.420747 2.306519 16.254041 -4.451458 -0.532196 5.612177 -7.879679 14.114203 -10.666387 -69.918627 -44.637068 54.914694 -29.568856 -6.145293 13.602113 4.897089 -8.765552 -6.304864 -3.198121 -3.802491 1.615705 0.270877 4.478924 2.656378 0.358210 0.000000 -0.000000 -0.000000 14.408086 -0.617088 2.454073 -0.654655 -0.612048 0.218399 1.691518 -0.896845 -5.501453 -0.000568 0.021956 -0.142499
-1.759847 0.960259 2.286196 1.138979 2.774746 -0.062699 -1.087717 2.337980 0.801579 -0.524207 -4.789005 0.362869 -0.522494 1.031185 0.309646 -0.368544 6.609761 0.234613 0.178347 19.510637 0.057214 0.308054 0.204907 0.049075 -1.509150 10.093640 9.861818 -20.775571 -17.924975 71.231826 35.292330 48.664974 19.614216 2.322371 16.273078 -4.321847 -0.450999 5.685138 -7.983276 14.161284 -10.928184 -69.955083 -43.743304 55.797865 -29.178850 -6.082510 13.643089 4.763095 -8.742030 -5.466046 -3.184581 -4.280080 1.229528 0.312877 4.314740 2.293504 0.046139 -0.000000 -0.000000 0.000000 14.388882 -0.418738 2.627449 -1.109947 -0.245149 0.324632 1.711094 -1.189913 -5.740991 -0.000000 -0.000000 -0.000000
-1.763138 0.960232 2.290047 1.563948 2.582422 -0.044524 -1.012204 2.273156 0.882676 -0.494565 -4.817834 0.398526 -0.492932 1.002385 0.348314 -0.343465 6.588134 0.263724 0.052395 19.465277 -0.091224 0.124140 0.120823 -0.183025 -1.617292 9.963279 9.832131 -20.821483 -17.858888 71.102971 34.740510 49.051684 19.787869 2.312179 16.270241 -4.310404 -0.358554 5.822651 -8.105371 14.227577 -11.266580 -70.204708 -42.133446 56.390225 -28.114271 -5.970218 13.685154 5.086540 -9.161089 -4.903317 -3.048081 -3.954701 1.157927 0.352219 3.927528 1.931413 -0.143944 -0.000000 -0.000000 0.000000 14.340823 -0.394585 2.845703 -1.572087 0.295940 0.471028 1.827124 -1.493709 -6.000993 0.003400 -0.048611 0.579957
-1.766486 0.960408 2.293606 1.940211 2.421973 -0.091576 -0.914343 2.210333 1.006147 -0.457082 -4.845773 0.452999 -0.455557 0.974476 0.406593 -0.311051 6.567157 0.307627 -0.066536 19.415740 -0.262929 -0.039582 0.028825 -0.459810 -1.736463 9.826330 9.770375 -20.803277 -17.825443 70.919159 34.128617 49.412413 19.934660 2.282188 16.257502 -4.357547 -0.258787 5.988084 -8.230844 14.326388 -11.639362 -70.583199 -40.061989 56.729604 -26.593211 -5.804270 13.708873 5.743286 -9.846994 -4.486495 -2.829942 -3.203992 1.232927 0.389304 3.463089 1.587498 -0.261768 -0.000000 0.000000 0.000000 14.261404 -0.518094 3.107783 -2.011399 0.995648 0.626693 1.994285 -1.803360 -6.274446 0.008452 -0.130823 1.373577
-1.769981 0.960621 2.296923 2.303819 2.278402 -0.132353 -0.811381 2.165469 1.117796 -0.416753 -4.865645 0.502233 -0.415357 0.954633 0.459920 -0.276890 6.552241 0.347797 -0.165954 19.348409 -0.399067 -0.178453 -0.096352 -0.677686 -1.834642 9.666915 9.691280 -20.741714 -17.735208 70.765533 33.462860 49.683715 19.906140 2.223988 16.252260 -4.394442 -0.179331 6.100372 -8.297936 14.418387 -11.900002 -70.968067 -38.052790 56.802138 -25.025567 -5.550438 13.698675 6.444680 -10.587747 -4.067376 -2.593298 -2.514778 1.236939 0.405390 3.125400 1.300791 -0.384253 -0.000000 -0.000000 0.000000 14.091230 -0.775938 3.378324 -2.286303 1.884952 0.744337 2.089398 -2.116949 -6.534399 0.010471 -0.299126 1.923264
-1.773745 0.960831 2.300027 2.655078 2.149161 -0.144149 -0.702536 2.145174 1.199581 -0.372366 -4.874493 0.538172 -0.371122 0.945817 0.500366 -0.240676 6.545619 0.378252 -0.244529 19.254052 -0.475166 -0.297814 -0.271819 -0.792286 -1.898481 9.461458 9.582545 -20.637123 -17.517530 70.692012 32.715574 49.855577 19.597554 2.130062 16.263224 -4.372584 -0.133259 6.104144 -8.261564 14.506270 -11.957623 -71.366522 -36.138897 56.527864 -23.410046 -5.121881 13.646879 7.177298 -11.367190 -3.592821 -2.338734 -2.039554 1.078346 0.379479 3.034897 1.097869 -0.539943 0.000000 -0.000000 0.000000 13.789054 -1.173571 3.663263 -2.285045 2.997692 0.790248 2.040351 -2.472707 -6.764382 0.007837 -0.527135 1.995769
-1.777657 0.961077 2.302890 2.993578 2.036514 -0.149288 -0.588162 2.143369 1.270022 -0.324997 -4.875058 0.569051 -0.323921 0.945282 0.536054 -0.202600 6.545219 0.405121 -0.304494 19.140995 -0.516171 -0.394140 -0.482005 -0.848462 -1.941192 9.234515 9.455959 -20.491000 -17.244320 70.652908 31.911227 49.934879 19.113212 2.008746 16.281403 -4.339505 -0.107706 6.051950 -8.169925 14.584168 -11.903612 -71.765020 -34.374605 55.982864 -21.846169 -4.613047 13.560022 7.961507 -12.200953 -3.115238 -2.067222 -1.625020 0.848840 0.332960 3.070409 0.953734 -0.703098 -0.000000 -0.000000 -0.000000 13.393870 -1.703744 3.957339 -2.124255 4.301748 0.806777 1.918718 -2.834105 -6.978122 0.001925 -0.840476 1.824181
-1.781436 0.961306 2.305468 3.353982 1.931985 -0.144326 -0.486823 2.157754 1.329833 -0.282944 -4.868425 0.595258 -0.282021 0.951936 0.566530 -0.168898 6.550215 0.428069 -0.339124 19.021534 -0.537477 -0.450258 -0.703914 -0.876514 -1.971526 9.041705 9.362974 -20.326381 -17.040305 70.588350 31.136507 49.885286 18.619153 1.875103 16.297371 -4.370815 -0.090748 6.024586 -8.101454 14.596863 -11.871139 -72.008818 -33.269252 55.431990 -20.863893 -4.235346 13.465191 8.554745 -12.926247 -2.649852 -1.836699 -1.298966 0.604037 0.309905 3.073727 0.830150 -0.870534 -0.000000 0.000000 0.000000 12.968143 -2.334505 4.208181 -2.003454 5.727641 0.859067 1.815444 -3.087608 -7.193637 -0.007734 -1.369347 1.650290
-1.785075 0.961487 2.307733 3.748948 1.824231 -0.131390 -0.404471 2.198024 1.379090 -0.248893 -4.850312 0.616848 -0.248101 0.970065 0.591577 -0.141598 6.563818 0.446942 -0.336611 18.891880 -0.541837 -0.443593 -0.944594 -0.885329 -1.986497 8.918698 9.334140 -20.133799 -16.967772 70.464658 30.448879 49.685069 18.179945 1.732289 16.314284 -4.477544 -0.086790 6.056388 -8.084101 14.507119 -11.917268 -72.001794 -33.027041 54.902190 -20.687624 -4.027935 13.365535 8.871758 -13.482420 -2.188870 -1.656475 -1.066016 0.352238 0.322171 2.980128 0.718287 -1.041643 0.000000 0.000000 0.000000 12.520581 -3.062613 4.406321 -2.003336 7.277022 0.967813 1.770361 -3.201831 -7.413771 -0.022116 -2.220159 1.542078
-1.788581 0.961652 2.309714 4.165767 1.724392 -0.108416 -0.335037 2.254756 1.418117 -0.220131 -4.824899 0.633927 -0.219450 0.995490 0.611576 -0.118635 6.582896 0.462020 -0.309113 18.755399 -0.526871 -0.397346 -1.197971 -0.866753 -1.989901 8.828575 9.340181 -19.921647 -16.962968 70.311009 29.801544 49.358582 17.739015 1.575839 16.328549 -4.649388 -0.091230 6.114027 -8.088780 14.351000 -11.990718 -71.841255 -33.378529 54.389689 -21.041653 -3.932945 13.271171 8.992016 -13.931425 -1.742477 -1.512381 -0.921478 0.083822 0.358998 2.854236 0.626447 -1.216832 0.000000 -0.000000 0.000000 12.043442 -3.891648 4.561481 -2.040973 8.947437 1.106237 1.740102 -3.207994 -7.636406 -0.038088 -3.286648 1.431703
-1.791701 0.961837 2.311458 4.601044 1.657567 -0.065555 -0.279138 2.296958 1.447515 -0.196865 -4.805976 0.646761 -0.196269 1.014422 0.626772 -0.100128 6.597103 0.473472 -0.285501 18.635395 -0.499590 -0.362388 -1.420838 -0.824355 -2.000916 8.717754 9.342864 -19.739424 -16.961022 70.160315 29.128403 48.940364 17.282406 1.408669 16.319939 -4.930651 -0.078383 6.177992 -8.107271 14.184285 -12.062988 -71.665170 -34.081997 54.125510 -21.663131 -4.003899 13.225950 8.912957 -14.295480 -1.354486 -1.424328 -0.879893 -0.172950 0.430560 2.732187 0.541500 -1.393898 -0.000000 -0.000000 -0.000000 11.577187 -4.801166 4.648348 -2.066339 10.661650 1.265413 1.689139 -3.085880 -7.873139 -0.051858 -4.380172 1.355955
-1.794283 0.962133 2.312949 5.073518 1.631901 0.021173 -0.242188 2.315672 1.459423 -0.181082 -4.797546 0.651884 -0.180540 1.022856 0.633497 -0.087837 6.603438 0.478531 -0.271420 18.537942 -0.458346 -0.349510 -1.601816 -0.753255 -2.032003 8.550411 9.332849 -19.624909 -16.939149 70.020803 28.407097 48.440532 16.816816 1.234703 16.270772 -5.379407 -0.044334 6.252458 -8.142884 13.991649 -12.129382 -71.495199 -35.174034 54.211632 -22.560463 -4.322219 13.260100 8.578053 -14.601018 -1.044168 -1.432272 -0.954107 -0.410869 0.561397 2.633045 0.462031 -1.580928 -0.000000 -0.000000 -0.000000 11.087375 -5.853623 4.631609 -1.978882 12.518402 1.469626 1.608571 -2.724205 -8.149413 -0.065202 -5.554314 1.332806
-1.796480 0.962451 2.314203 5.564527 1.638495 0.128577 -0.218762 2.320200 1.461140 -0.170763 -4.795459 0.652531 -0.170258 1.024947 0.635192 -0.080002 6.605016 0.479796 -0.261066 18.456576 -0.404098 -0.347782 -1.752922 -0.657050 -2.070695 8.362516 9.318729 -19.540179 -16.920612 69.884559 27.667269 47.848548 16.341746 1.053150 16.197151 -5.937579 0.006908 6.333775 -8.192090 13.788414 -12.194593 -71.309498 -36.655352 54.527563 -23.758539 -4.808751 13.334715 8.043645 -14.822973 -0.792120 -1.493923 -1.131880 -0.637865 0.728907 2.537706 0.389605 -1.769943 0.000000 -0.000000 -0.000000 10.614739 -6.987583 4.545757 -1.872185 14.418316 1.705485 1.501504 -2.233897 -8.437945 -0.079256 -6.755519 1.339785
-1.798491 0.962556 2.315309 6.014617 1.677658 0.196070 -0.193228 2.306633 1.475534 -0.160085 -4.801406 0.658824 -0.159615 1.019003 0.642569 -0.071464 6.600563 0.485343 -0.265888 18.396072 -0.347034 -0.375110 -1.865340 -0.550661 -2.098677 8.208891 9.289237 -19.421571 -16.910443 69.762119 26.921086 47.166682 15.833317 0.859096 16.129807 -6.475576 0.089242 6.390332 -8.237209 13.676385 -12.242613 -71.181165 -38.250924 54.978735 -25.038075 -5.276006 13.393009 7.475899 -14.905278 -0.583893 -1.506585 -1.390132 -0.848283 0.872634 2.425107 0.315696 -1.934608 0.000000 -0.000000 0.000000 10.309526 -7.995782 4.467392 -1.992791 15.987772 1.894459 1.357975 -1.929346 -8.673225 -0.090752 -7.634292 1.360123
-1.800463 0.962264 2.316203 6.406632 1.762267 0.185715 -0.156288 2.271225 1.518771 -0.145709 -4.817018 0.677928 -0.145285 1.003396 0.663133 -0.059160 6.588854 0.500831 -0.294697 18.360299 -0.288496 -0.447149 -1.931829 -0.433666 -2.107801 8.108236 9.230050 -19.233710 -16.901669 69.667129 26.140057 46.345397 15.247714 0.636516 16.080954 -6.968138 0.223158 6.399166 -8.273523 13.698501 -12.273256 -71.132323 -40.000980 55.621494 -26.430986 -5.682493 13.420707 6.861443 -14.766177 -0.428690 -1.415877 -1.767489 -1.033444 0.981719 2.270737 0.232755 -2.072433 0.000000 -0.000000 0.000000 10.218059 -8.909951 4.426134 -2.470467 17.303893 2.006600 1.243225 -2.014162 -8.816604 -0.095999 -8.085724 1.353797
-1.802249 0.961760 2.316948 6.757634 1.880672 0.136118 -0.117245 2.217281 1.574204 -0.130941 -4.840849 0.702475 -0.130564 0.979569 0.689179 -0.046143 6.570977 0.520448 -0.338459 18.345463 -0.226366 -0.547829 -1.959274 -0.305169 -2.106155 8.042302 9.156639 -19.011994 -16.902131 69.585685 25.363301 45.432940 14.638994 0.402331 16.038442 -7.441441 0.388234 6.383105 -8.306793 13.811853 -12.285640 -71.140621 -41.919647 56.389174 -27.962195 -6.071875 13.431568 6.214863 -14.486041 -0.319213 -1.276762 -2.225402 -1.202315 1.067596 2.099076 0.148247 -2.185908 0.000000 0.000000 0.000000 10.291208 -9.697387 4.386938 -3.183233 18.290325 2.049389 1.101008 -2.285551 -8.906470 -0.098590 -8.214637 1.366374
-1.803609 0.961361 2.317827 7.059567 1.996675 0.101040 -0.088384 2.151555 1.615638 -0.119950 -4.869948 0.720843 -0.119607 0.950471 0.708664 -0.036432 6.549148 0.535114 -0.381914 18.345136 -0.165682 -0.647510 -1.959594 -0.179457 -2.099758 8.010179 9.103171 -18.798859 -16.938533 69.486524 24.691539 44.580888 14.117289 0.197490 15.998419 -7.843247 0.537126 6.378788 -8.334833 13.989470 -12.261954 -71.212150 -43.621734 57.031144 -29.332211 -6.373637 13.424367 5.741094 -14.251506 -0.215014 -1.150563 -2.624805 -1.375369 1.102547 1.962326 0.076423 -2.256150 -0.000000 0.000000 0.000000 10.532391 -10.053238 4.331781 -4.002327 18.343547 2.001110 0.743595 -2.450070 -8.996514 -0.105610 -7.984567 1.513133
-1.804467 0.961217 2.318987 7.295989 2.102809 0.110066 -0.070552 2.069378 1.626207 -0.112260 -4.906405 0.725518 -0.111935 0.914016 0.714119 -0.030231 6.521810 0.539188 -0.421937 18.365459 -0.106709 -0.740320 -1.921461 -0.058112 -2.082606 8.037606 9.092074 -18.585485 -17.036647 69.340872 24.134345 43.815983 13.706715 0.036541 15.960311 -8.144398 0.656795 6.406717 -8.354813 14.266969 -12.193396 -71.364214 -44.942183 57.483064 -30.398720 -6.538114 13.405229 5.553070 -14.128163 -0.108040 -1.056477 -2.915202 -1.559336 1.055421 1.890006 0.023508 -2.267068 0.000000 -0.000000 -0.000000 11.073433 -9.737041 4.262744 -5.000517 16.884200 1.825521 -0.103727 -2.368393 -9.200880 -0.123548 -7.223891 1.971400
-1.804899 0.961179 2.320280 7.483472 2.206164 0.133228 -0.062877 1.975847 1.622892 -0.108358 -4.947948 0.724057 -0.108039 0.872474 0.713055 -0.027345 6.490659 0.538343 -0.461684 18.400564 -0.049076 -0.832052 -1.855782 0.060551 -2.060677 8.098249 9.101693 -18.380038 -17.170088 69.176306 23.665576 43.115685 13.366142 -0.097054 15.926820 -8.374038 0.760365 6.446030 -8.368948 14.608420 -12.086766 -71.577758 -45.985920 57.834179 -31.243777 -6.609531 13.377014 5.535734 -14.050784 -0.004758 -0.975672 -3.147100 -1.747033 0.957043 1.852242 -0.016297 -2.234808 -0.000000 -0.000000 -0.000000 11.778146 -8.987957 4.194701 -6.084182 14.490108 1.603811 -1.159931 -2.181608 -9.439957 -0.133929 -6.089962 2.533408
-1.804900 0.961112 2.321546 7.663562 2.292094 0.134643 -0.075106 1.892501 1.630553 -0.113890 -4.985030 0.727569 -0.113545 0.835390 0.716006 -0.031213 6.462838 0.540545 -0.495406 18.426044 0.002902 -0.910824 -1.807914 0.166856 -2.058015 8.112941 9.099410 -18.250718 -17.287531 69.046992 23.319231 42.559981 13.094029 -0.209999 15.899737 -8.566865 0.839714 6.471318 -8.382353 14.879544 -11.948643 -71.804866 -46.716283 58.081432 -31.845818 -6.654312 13.336690 5.551053 -14.010069 0.115585 -0.911417 -3.333038 -1.937573 0.872223 1.812088 -0.046616 -2.188842 0.000000 -0.000000 -0.000000 12.251200 -8.221657 4.122010 -6.891056 12.296490 1.473141 -1.792474 -2.009131 -9.442808 -0.122302 -5.060468 2.767132
-1.804398 0.960974 2.322765 7.861198 2.352466 0.097427 -0.120305 1.826723 1.663589 -0.135393 -5.014414 0.742517 -0.134964 0.806001 0.728770 -0.046281 6.440759 0.550179 -0.518237 18.433644 0.042256 -0.965538 -1.793332 0.246518 -2.098395 8.013993 9.066315 -18.250897 -17.353575 68.971531 23.120446 42.242243 12.897378 -0.302111 15.883695 -8.711095 0.894036 6.471213 -8.394359 15.029961 -11.760839 -72.054633 -47.002039 58.181959 -32.085721 -6.682382 13.270946 5.590595 -14.027576 0.279862 -0.868948 -3.458975 -2.154687 0.830350 1.752143 -0.059508 -2.137831 0.000000 0.000000 -0.000000 12.425085 -7.564619 3.996547 -7.421217 10.686087 1.482300 -1.596540 -1.859300 -8.955366 -0.091955 -4.342538 2.406318
-1.803466 0.960806 2.323957 8.051347 2.395685 0.038266 -0.185500 1.771097 1.707861 -0.166366 -5.039361 0.762539 -0.165816 0.781046 0.745648 -0.068116 6.421989 0.562931 -0.535054 18.431744 0.075893 -1.007400 -1.796456 0.313788 -2.157841 7.869096 9.021022 -18.327549 -17.404860 68.932181 23.035720 42.070469 12.760128 -0.374497 15.874681 -8.818399 0.924102 6.457051 -8.405994 15.109743 -11.542810 -72.318879 -46.954021 58.186935 -32.059038 -6.684495 13.193406 5.662773 -14.081722 0.461598 -0.842909 -3.539329 -2.374340 0.801376 1.689819 -0.062842 -2.073145 0.000000 0.000000 0.000000 12.369035 -6.891379 3.857600 -7.694222 9.278948 1.559515 -0.991792 -1.726703 -8.191341 -0.057826 -3.738758 1.750711
-1.802309 0.960598 2.325022 8.200518 2.431939 -0.028317 -0.241417 1.724876 1.745425 -0.192908 -5.060106 0.779520 -0.192252 0.760294 0.759935 -0.086838 6.406377 0.573723 -0.554742 18.420815 0.120284 -1.058108 -1.816167 0.401829 -2.189196 7.802419 8.986721 -18.390009 -17.498306 68.929787 23.012768 41.846015 12.647461 -0.434787 15.861155 -8.958540 0.924127 6.437559 -8.425157 15.136084 -11.358979 -72.525066 -46.905077 58.231379 -32.073265 -6.696982 13.139801 5.655220 -14.098535 0.601127 -0.820568 -3.629239 -2.523860 0.761185 1.640384 -0.084002 -1.998263 -0.000000 -0.000000 -0.000000 11.899163 -6.241668 3.811696 -7.390678 8.063884 1.619067 -0.589027 -1.695364 -7.554925 -0.034112 -3.143138 1.243288
-1.800922 0.960295 2.325775 8.294830 2.467368 -0.103867 -0.276398 1.693925 1.775499 -0.209822 -5.073992 0.793071 -0.209098 0.746401 0.771769 -0.098562 6.395923 0.582658 -0.579037 18.389666 0.183779 -1.123701 -1.873118 0.526684 -2.165416 7.867377 8.967404 -18.430684 -17.671660 68.969314 23.064048 41.479445 12.555536 -0.486933 15.839691 -9.170676 0.880783 6.409002 -8.458657 15.101488 -11.234546 -72.655607 -46.964878 58.363489 -32.233764 -6.733956 13.129342 5.499625 -14.039564 0.661513 -0.793925 -3.751854 -2.567513 0.700598 1.601703 -0.133585 -1.915930 -0.000000 0.000000 -0.000000 10.606202 -5.657308 3.926044 -5.959375 7.147915 1.621297 -0.688155 -1.880693 -7.206544 -0.021562 -2.462387 1.053813
-1.799311 0.959952 2.326402 8.348164 2.495712 -0.186956 -0.302055 1.672424 1.798940 -0.222297 -5.083647 0.803624 -0.221522 0.736742 0.781055 -0.107167 6.388652 0.589669 -0.606251 18.349589 0.258057 -1.198322 -1.946396 0.672447 -2.113703 8.010569 8.959222 -18.457979 -17.887041 69.046230 23.176025 41.060117 12.486690 -0.525761 15.814162 -9.415287 0.807392 6.375071 -8.499678 15.014164 -11.145037 -72.729197 -47.024453 58.534592 -32.436596 -6.781566 13.141931 5.264170 -13.943560 0.679473 -0.771401 -3.883815 -2.540966 0.628784 1.575741 -0.201021 -1.823356 0.000000 -0.000000 0.000000 8.905095 -5.088888 4.116349 -3.948818 6.419268 1.576328 -0.984252 -2.159728 -6.995631 -0.013390 -1.793538 1.008529
-1.797701 0.959718 2.327352 8.368711 2.508405 -0.258572 -0.324023 1.642067 1.800216 -0.232013 -5.097224 0.804274 -0.231195 0.723161 0.780719 -0.114430 6.378455 0.589411 -0.640174 18.334813 0.334505 -1.285783 -1.972432 0.824169 -2.068464 8.196028 8.973310 -18.405049 -18.087870 69.147065 23.259088 40.657711 12.416606 -0.545419 15.783713 -9.644157 0.738135 6.355700 -8.535764 14.915414 -11.079749 -72.727396 -47.088997 58.735122 -32.676778 -6.832888 13.154686 5.041440 -13.852381 0.705787 -0.764756 -4.010337 -2.478694 0.549536 1.583901 -0.282095 -1.715702 0.000000 0.000000 -0.000000 7.847484 -4.448709 4.269812 -2.684201 5.540051 1.481986 -1.176045 -2.246358 -6.869411 -0.008655 -1.325813 1.027975
-1.796239 0.959668 2.328982 8.342406 2.488588 -0.317279 -0.339731 1.597659 1.768539 -0.237285 -5.117018 0.790198 -0.236437 0.703364 0.766107 -0.119442 6.363618 0.578368 -0.680977 18.367475 0.420798 -1.388557 -1.909954 0.995624 -2.038814 8.440970 9.028570 -18.191383 -18.261115 69.262230 23.237301 40.218863 12.299017 -0.541449 15.739322 -9.871473 0.685573 6.362190 -8.563112 14.812885 -11.038997 -72.604320 -47.241653 58.979724 -33.047272 -6.897274 13.160268 4.847388 -13.758590 0.776160 -0.772301 -4.136252 -2.377997 0.460514 1.640313 -0.388565 -1.590153 -0.000000 -0.000000 0.000000 7.986316 -3.635146 4.388486 -2.895425 4.264715 1.321415 -1.072896 -1.952160 -6.852192 -0.008743 -1.203040 1.124018
-1.794777 0.959726 2.330936 8.283385 2.452994 -0.364499 -0.351677 1.544308 1.714756 -0.239780 -5.140767 0.766241 -0.238909 0.679614 0.741897 -0.123099 6.345830 0.560075 -0.728488 18.425760 0.508938 -1.503829 -1.799552 1.172188 -2.014825 8.728249 9.105770 -17.897135 -18.420837 69.400227 23.188908 39.797010 12.181521 -0.518874 15.690145 -10.083006 0.637218 6.383335 -8.585729 14.698765 -11.021164 -72.405739 -47.404905 59.252685 -33.460509 -6.965823 13.166510 4.666331 -13.669625 0.855052 -0.795649 -4.256829 -2.241782 0.363864 1.730836 -0.508999 -1.449827 -0.000000 0.000000 0.000000 8.766088 -2.759389 4.497096 -3.844810 2.839418 1.155673 -0.862031 -1.466678 -6.917003 -0.012149 -1.281177 1.284977
-1.793101 0.959819 2.332594 8.242101 2.443537 -0.385567 -0.373174 1.479205 1.655756 -0.246239 -5.169768 0.739980 -0.245327 0.650610 0.714981 -0.129915 6.324099 0.539739 -0.785997 18.477756 0.566858 -1.627555 -1.700962 1.296451 -2.003059 8.970368 9.158737 -17.696531 -18.550453 69.575765 23.252903 39.622245 12.179807 -0.488351 15.661719 -10.188450 0.589625 6.405331 -8.602920 14.591279 -11.013401 -72.250589 -47.333938 59.501193 -33.631961 -7.002210 13.174098 4.543272 -13.649603 0.886584 -0.851576 -4.342904 -2.112974 0.270222 1.834643 -0.604420 -1.298667 0.000000 0.000000 0.000000 9.571016 -2.059296 4.515237 -4.662959 1.668264 1.081610 -0.809489 -1.071598 -6.936336 -0.014369 -1.317849 1.396509
-1.791024 0.959950 2.333621 8.248156 2.486311 -0.361757 -0.416301 1.396163 1.592338 -0.262058 -5.206809 0.711800 -0.261063 0.613563 0.685196 -0.143929 6.296329 0.517240 -0.857420 18.515968 0.576856 -1.761323 -1.628482 1.337370 -2.014128 9.126749 9.162893 -17.661493 -18.648162 69.815606 23.457603 39.799113 12.334685 -0.465944 15.657855 -10.154691 0.536786 6.423104 -8.615434 14.489971 -11.011992 -72.187140 -46.893117 59.716446 -33.416433 -6.986725 13.180195 4.505117 -13.749890 0.827646 -0.959590 -4.373267 -2.003598 0.176868 1.948180 -0.653100 -1.127704 0.000000 0.000000 0.000000 10.285596 -1.664353 4.344238 -5.050668 0.945749 1.165009 -1.116627 -0.876583 -6.859878 -0.012297 -1.209266 1.397630
-1.788733 0.960116 2.334353 8.271978 2.555250 -0.311801 -0.468909 1.301351 1.523753 -0.281827 -5.249096 0.681317 -0.280727 0.571266 0.652705 -0.161093 6.264621 0.492697 -0.938749 18.547570 0.556664 -1.903529 -1.568650 1.326114 -2.038164 9.237922 9.142731 -17.720854 -18.713987 70.094318 23.777471 40.221485 12.612029 -0.436011 15.673058 -10.014889 0.484646 6.441725 -8.622522 14.395329 -11.021585 -72.167002 -46.204967 59.905550 -32.946533 -6.937702 13.187644 4.524672 -13.919022 0.720944 -1.099791 -4.368912 -1.901833 0.086423 2.075288 -0.676928 -0.945801 -0.000000 -0.000000 -0.000000 11.021790 -1.438574 4.073695 -5.312821 0.478548 1.315306 -1.582809 -0.770987 -6.740408 -0.008731 -1.059419 1.349245
-1.786581 0.960237 2.335172 8.275134 2.614126 -0.277362 -0.508116 1.210634 1.464471 -0.296121 -5.289509 0.654925 -0.294938 0.530845 0.624862 -0.173822 6.234322 0.471658 -1.021442 18.562484 0.527650 -2.045667 -1.539943 1.299362 -2.051646 9.337984 9.125996 -17.833867 -18.733621 70.348907 24.270810 40.802742 13.016378 -0.361604 15.718006 -9.778261 0.447606 6.462570 -8.621092 14.327267 -11.042882 -72.164157 -45.407869 60.041576 -32.350180 -6.875235 13.205765 4.565659 -14.067082 0.639672 -1.230445 -4.363890 -1.814614 0.017725 2.206161 -0.702156 -0.783446 -0.000000 -0.000000 0.000000 11.505023 -1.223826 3.889573 -5.489632 0.093721 1.365093 -1.871347 -0.705506 -6.606480 -0.006089 -0.937915 1.319311
-1.784746 0.960278 2.336271 8.244283 2.650477 -0.278429 -0.525930 1.126856 1.421270 -0.301713 -5.326773 0.635642 -0.300484 0.493579 0.605013 -0.179453 6.206388 0.456646 -1.105550 18.557393 0.491494 -2.188415 -1.548481 1.260338 -2.046824 9.435014 9.122010 -18.028760 -18.685804 70.563463 25.044009 41.574442 13.612366 -0.221458 15.812111 -9.411201 0.432938 6.489364 -8.605657 14.300864 -11.074454 -72.178471 -44.526467 60.127393 -31.641520 -6.807180 13.244327 4.606344 -14.180129 0.618971 -1.332859 -4.358565 -1.752417 -0.015748 2.345069 -0.737737 -0.656288 0.000000 -0.000000 -0.000000 11.603488 -0.969722 3.894574 -5.616333 -0.262121 1.209698 -1.808546 -0.669180 -6.458219 -0.005011 -0.871950 1.339473
-1.783050 0.960275 2.337459 8.192697 2.676770 -0.295069 -0.530445 1.047217 1.387341 -0.301859 -5.362160 0.620461 -0.300609 0.458192 0.589817 -0.180670 6.179864 0.445144 -1.190963 18.535541 0.446681 -2.331017 -1.588320 1.206213 -2.031482 9.520914 9.121709 -18.276051 -18.591518 70.752584 26.014999 42.497600 14.361019 -0.030286 15.931994 -8.946677 0.433330 6.518335 -8.581563 14.301075 -11.118039 -72.209951 -43.540971 60.157054 -30.809769 -6.725828 13.293477 4.669086 -14.272280 0.623942 -1.426205 -4.352576 -1.704580 -0.027347 2.487653 -0.774639 -0.548709 -0.000000 -0.000000 -0.000000 11.451102 -0.730658 3.982906 -5.655196 -0.536561 0.957598 -1.568287 -0.674323 -6.294279 -0.004601 -0.834323 1.378050
-1.781314 0.960256 2.338539 8.121777 2.694231 -0.309121 -0.522953 0.979157 1.356712 -0.296869 -5.392366 0.606731 -0.295623 0.427988 0.576594 -0.177909 6.157230 0.435134 -1.269021 18.496857 0.409899 -2.463036 -1.659409 1.164838 -2.005303 9.605552 9.125316 -18.448348 -18.501472 70.899876 26.944458 43.384568 15.093919 0.191558 16.026263 -8.495336 0.441340 6.539584 -8.561919 14.302486 -11.178835 -72.232780 -42.531935 60.093861 -29.954126 -6.628291 13.333096 4.783678 -14.295892 0.623216 -1.526159 -4.378919 -1.646107 -0.038477 2.610987 -0.811990 -0.444275 0.000000 -0.000000 0.000000 11.171430 -0.511074 4.030377 -5.537199 -0.740318 0.762381 -1.335052 -0.706035 -6.141079 -0.004497 -0.813091 1.407922
-1.779433 0.960220 2.339414 8.029093 2.700995 -0.313179 -0.499185 0.930602 1.329491 -0.284868 -5.413861 0.594502 -0.283663 0.406500 0.565583 -0.169758 6.141136 0.426798 -1.340120 18.425234 0.383627 -2.586333 -1.791528 1.141290 -1.961828 9.697272 9.134796 -18.500557 -18.434239 70.984836 27.787896 44.184131 15.773107 0.460527 16.073939 -8.084850 0.458701 6.547815 -8.557702 14.293250 -11.274548 -72.237619 -41.518885 59.917613 -29.108164 -6.510948 13.354005 4.975716 -14.217096 0.602496 -1.642985 -4.463775 -1.561298 -0.055023 2.706901 -0.852570 -0.338182 -0.000000 0.000000 -0.000000 10.732144 -0.317290 3.982123 -5.158603 -0.853387 0.688136 -1.174221 -0.768485 -6.007555 -0.004773 -0.811676 1.417418
-1.777513 0.960168 2.340181 7.917084 2.698940 -0.314623 -0.463404 0.893628 1.305541 -0.267720 -5.430178 0.583720 -0.266582 0.390190 0.556542 -0.157623 6.128929 0.419952 -1.403914 18.336799 0.365595 -2.699226 -1.954782 1.131001 -1.907543 9.787706 9.148328 -18.478070 -18.372347 71.028947 28.580662 44.951217 16.424894 0.758529 16.097231 -7.691016 0.483695 6.548277 -8.557865 14.285059 -11.387426 -72.233804 -40.498651 59.648521 -28.254462 -6.379111 13.364542 5.219793 -14.069659 0.576368 -1.766456 -4.580861 -1.465596 -0.071195 2.783523 -0.893439 -0.235127 0.000000 -0.000000 -0.000000 10.164849 -0.144414 3.891711 -4.623532 -0.895584 0.668387 -1.020533 -0.857043 -5.885064 -0.005386 -0.826669 1.418224
-1.775686 0.960134 2.340936 7.794464 2.694919 -0.317479 -0.429663 0.851875 1.278543 -0.251326 -5.448627 0.571584 -0.250252 0.371749 0.546070 -0.146158 6.115123 0.412026 -1.450765 18.279908 0.365234 -2.786208 -2.059378 1.147011 -1.861557 9.861680 9.160315 -18.389764 -18.312926 71.079803 29.178112 45.666149 16.952005 1.007705 16.113632 -7.345651 0.503682 6.546914 -8.542538 14.287776 -11.469419 -72.223504 -39.518446 59.312666 -27.417134 -6.242844 13.371097 5.468877 -13.907411 0.556669 -1.881377 -4.684545 -1.380867 -0.090822 2.842434 -0.925114 -0.132881 0.000000 -0.000000 0.000000 9.688259 0.019790 3.799406 -4.175313 -0.934802 0.660217 -0.862287 -0.942492 -5.773601 -0.005810 -0.835899 1.418262
-1.774010 0.960136 2.341731 7.659124 2.690277 -0.322772 -0.401751 0.798573 1.244910 -0.237186 -5.472226 0.556496 -0.236164 0.348156 0.532418 -0.136612 6.097454 0.401699 -1.469340 18.278072 0.390509 -2.828643 -2.061696 1.199586 -1.829779 9.910570 9.169276 -18.205284 -18.251086 71.151599 29.470851 46.321431 17.279586 1.180349 16.127196 -7.067656 0.514078 6.546723 -8.500142 14.298852 -11.495126 -72.210846 -38.547289 58.884776 -26.552879 -6.098191 13.377085 5.718631 -13.712216 0.551042 -1.980480 -4.778069 -1.316827 -0.119048 2.870931 -0.942554 -0.028102 -0.000000 -0.000000 -0.000000 9.372261 0.182516 3.717172 -3.901063 -0.991686 0.655435 -0.681873 -1.015635 -5.676646 -0.005810 -0.830384 1.420127
-1.772428 0.960156 2.342514 7.513175 2.683657 -0.329465 -0.375854 0.740446 1.208303 -0.223797 -5.497977 0.540088 -0.222824 0.322411 0.517368 -0.127733 6.078170 0.390318 -1.471044 18.307843 0.433309 -2.845230 -2.005200 1.278053 -1.806359 9.943023 9.176589 -17.955398 -18.191991 71.230956 29.549504 46.929900 17.464896 1.301418 16.136884 -6.835843 0.519318 6.544810 -8.442296 14.320947 -11.489951 -72.191711 -37.627297 58.390159 -25.716376 -5.949593 13.379386 5.973653 -13.502260 0.551864 -2.070998 -4.858313 -1.263861 -0.150550 2.881817 -0.950642 0.075945 -0.000000 -0.000000 -0.000000 9.147028 0.337158 3.634081 -3.713651 -1.044880 0.662989 -0.496784 -1.085609 -5.590727 -0.005619 -0.819105 1.421223
-1.770908 0.960174 2.343219 7.371660 2.677841 -0.338522 -0.354625 0.681376 1.173286 -0.212564 -5.524163 0.524400 -0.211632 0.296229 0.502821 -0.120427 6.058556 0.379319 -1.480390 18.347175 0.478803 -2.876494 -1.930643 1.363698 -1.792756 9.969799 9.180832 -17.740497 -18.147634 71.323514 29.569819 47.502926 17.609398 1.371758 16.152841 -6.619246 0.520292 6.538283 -8.383931 14.371727 -11.482079 -72.155748 -36.897141 57.934603 -25.060917 -5.817819 13.375370 6.199826 -13.385898 0.547663 -2.159507 -4.870144 -1.215131 -0.173370 2.914948 -0.954913 0.171522 -0.000000 -0.000000 0.000000 9.021897 0.476622 3.557137 -3.595247 -1.098507 0.666144 -0.347926 -1.150707 -5.505202 -0.005417 -0.806834 1.421683
-1.769441 0.960189 2.343820 7.235095 2.674263 -0.352830 -0.339101 0.621240 1.142006 -0.204049 -5.550841 0.510392 -0.203145 0.269555 0.489678 -0.115045 6.038568 0.369381 -1.504592 18.394299 0.523693 -2.934601 -1.841233 1.452824 -1.793060 9.990884 9.180710 -17.594929 -18.130867 71.437802 29.555050 48.068101 17.731995 1.370771 16.184914 -6.390403 0.517318 6.525964 -8.327411 14.478975 -11.480336 -72.098220 -36.415621 57.551171 -24.652972 -5.703457 13.360209 6.391237 -13.426128 0.531597 -2.247225 -4.774568 -1.166885 -0.180982 2.994948 -0.955844 0.255242 -0.000000 0.000000 0.000000 9.034525 0.599026 3.494001 -3.557776 -1.159976 0.655171 -0.261206 -1.207154 -5.415115 -0.005247 -0.794612 1.422001
-1.768035 0.960201 2.344343 7.102965 2.671468 -0.369512 -0.328263 0.560173 1.112321 -0.197698 -5.577946 0.497104 -0.196813 0.242452 0.477035 -0.111240 6.018256 0.359822 -1.536450 18.451068 0.571106 -3.007313 -1.733588 1.548746 -1.803196 10.006316 9.177440 -17.484460 -18.128538 71.564876 29.479040 48.598217 17.809741 1.318348 16.223882 -6.175142 0.510042 6.509078 -8.270374 14.614715 -11.476002 -72.023551 -36.103087 57.212485 -24.405943 -5.604535 13.339476 6.553227 -13.559925 0.510026 -2.332867 -4.610570 -1.123252 -0.179890 3.097187 -0.953103 0.330455 0.000000 -0.000000 -0.000000 9.147391 0.706751 3.437999 -3.589334 -1.221584 0.640127 -0.210704 -1.258524 -5.325256 -0.005066 -0.781397 1.421683
-1.766684 0.960196 2.344799 6.988760 2.667947 -0.380893 -0.321680 0.502478 1.082285 -0.193238 -5.603563 0.483667 -0.192364 0.216836 0.464050 -0.108875 5.999058 0.350008 -1.578891 18.500860 0.615879 -3.098662 -1.638586 1.643351 -1.812347 10.026916 9.173377 -17.406124 -18.113514 71.683363 29.430567 49.021963 17.887549 1.275575 16.250332 -6.023437 0.498461 6.488243 -8.220660 14.712948 -11.470834 -71.935272 -35.880517 56.935203 -24.233392 -5.536790 13.326327 6.668049 -13.706597 0.491235 -2.419350 -4.439964 -1.089196 -0.177714 3.187586 -0.951051 0.399520 0.000000 -0.000000 -0.000000 9.257036 0.799036 3.374441 -3.636336 -1.264993 0.633714 -0.159634 -1.314176 -5.239573 -0.004923 -0.768835 1.419390
-1.765386 0.960160 2.345199 6.896706 2.665319 -0.383417 -0.318452 0.447033 1.050167 -0.190185 -5.628187 0.469304 -0.189316 0.192213 0.449997 -0.107645 5.980603 0.339391 -1.637239 18.541582 0.658232 -3.218512 -1.559921 1.738815 -1.817274 10.058944 9.170680 -17.367221 -18.071696 71.789012 29.448312 49.297855 17.981182 1.265719 16.256670 -5.960654 0.479991 6.458789 -8.183341 14.744589 -11.457521 -71.822740 -35.741168 56.730398 -24.124217 -5.516291 13.326060 6.714412 -13.865172 0.476012 -2.509423 -4.258998 -1.067873 -0.174648 3.256382 -0.952361 0.461352 -0.000000 0.000000 0.000000 9.352671 0.873863 3.295619 -3.698412 -1.285591 0.643596 -0.101232 -1.379061 -5.160465 -0.004803 -0.755401 1.413933
-1.764143 0.960106 2.345532 6.822576 2.662006 -0.380642 -0.319464 0.394982 1.017638 -0.189013 -5.651313 0.454761 -0.188140 0.169088 0.435574 -0.107850 5.963271 0.328496 -1.706197 18.575345 0.697930 -3.357055 -1.493833 1.832943 -1.821197 10.096135 9.167187 -17.360058 -18.017061 71.885624 29.493399 49.467564 18.073986 1.263575 16.250403 -5.962323 0.457276 6.425337 -8.153341 14.738727 -11.443019 -71.696952 -35.687582 56.587364 -24.085068 -5.526053 13.333430 6.713236 -14.036636 0.463534 -2.600378 -4.071478 -1.056130 -0.170469 3.313299 -0.954272 0.517077 -0.000000 0.000000 -0.000000 9.445081 0.933328 3.209300 -3.775830 -1.287883 0.662062 -0.042272 -1.448223 -5.085550 -0.004721 -0.742622 1.406500
-1.762951 0.960057 2.345779 6.767186 2.651717 -0.375552 -0.326962 0.354045 0.987809 -0.190880 -5.669513 0.441431 -0.189991 0.150887 0.422054 -0.110258 5.949629 0.318288 -1.772741 18.591735 0.729332 -3.488893 -1.460234 1.911531 -1.822984 10.130499 9.158815 -17.358991 -17.964761 71.963947 29.540055 49.584441 18.164238 1.257250 16.234354 -6.004222 0.438219 6.402388 -8.123285 14.716741 -11.450507 -71.594032 -35.659089 56.489250 -24.060303 -5.532315 13.345752 6.710113 -14.143249 0.460048 -2.687124 -3.950555 -1.049172 -0.172201 3.353490 -0.952927 0.572385 -0.000000 -0.000000 -0.000000 9.463149 0.982567 3.123636 -3.815922 -1.267436 0.678535 0.033724 -1.516277 -5.011685 -0.004769 -0.736716 1.399316
-1.761810 0.960019 2.345910 6.735297 2.631034 -0.368910 -0.345613 0.332250 0.963409 -0.198000 -5.679230 0.430539 -0.197071 0.141168 0.410439 -0.116449 5.942344 0.309524 -1.834799 18.574605 0.746577 -3.608822 -1.489387 1.963755 -1.819349 10.159193 9.143155 -17.351147 -17.923391 72.015284 29.588178 49.636741 18.253839 1.239708 16.201463 -6.102168 0.433138 6.395035 -8.091539 14.681567 -11.501132 -71.528958 -35.645973 56.451914 -24.043138 -5.522393 13.367077 6.717573 -14.139097 0.470483 -2.766386 -3.938383 -1.047640 -0.185055 3.368375 -0.945944 0.629771 0.000000 -0.000000 -0.000000 9.353257 1.018284 3.039675 -3.790689 -1.212185 0.690419 0.147168 -1.583804 -4.937154 -0.005072 -0.744102 1.392509
-1.760720 0.959985 2.345955 6.722145 2.603373 -0.359950 -0.370772 0.321592 0.941635 -0.208159 -5.684008 0.420827 -0.207177 0.136385 0.399696 -0.124846 5.938758 0.301421 -1.894364 18.539983 0.755808 -3.722062 -1.551312 2.001081 -1.813589 10.185035 9.122654 -17.349307 -17.884421 72.048313 29.637315 49.636269 18.340244 1.218195 16.158775 -6.240296 0.431808 6.398147 -8.059744 14.630376 -11.573905 -71.486603 -35.658071 56.459482 -24.040564 -5.508998 13.393401 6.723043 -14.070117 0.490412 -2.841440 -3.992822 -1.050572 -0.203848 3.366545 -0.935625 0.686748 -0.000000 0.000000 -0.000000 9.169113 1.043436 2.956163 -3.728027 -1.134387 0.700077 0.277670 -1.650305 -4.863755 -0.005499 -0.758362 1.385950
-1.759679 0.959965 2.345987 6.714257 2.572689 -0.349350 -0.390714 0.305740 0.917317 -0.215872 -5.691081 0.409972 -0.214848 0.129309 0.388058 -0.131485 5.933455 0.292642 -1.944531 18.525711 0.769298 -3.818869 -1.575580 2.042535 -1.814434 10.208533 9.100518 -17.366416 -17.837353 72.079963 29.661801 49.671724 18.415679 1.202050 16.130172 -6.346827 0.411283 6.410933 -8.025484 14.575951 -11.629000 -71.457901 -35.664636 56.447599 -24.018193 -5.496439 13.410098 6.734531 -13.996337 0.512099 -2.917102 -4.060572 -1.050719 -0.220012 3.368931 -0.925169 0.741536 0.000000 0.000000 -0.000000 9.000565 1.072560 2.877764 -3.659187 -1.066174 0.704461 0.380513 -1.708731 -4.793531 -0.005765 -0.766468 1.381478
-1.758692 0.959965 2.346041 6.708308 2.541762 -0.337759 -0.401229 0.276784 0.888086 -0.219144 -5.703956 0.396907 -0.218098 0.116433 0.374661 -0.134939 5.923806 0.282531 -1.984517 18.553188 0.793450 -3.899252 -1.522229 2.098814 -1.824868 10.232326 9.078621 -17.411896 -17.773168 72.116713 29.663675 49.778322 18.482446 1.195572 16.128872 -6.394665 0.351092 6.438569 -7.984973 14.518307 -11.646154 -71.447500 -35.626336 56.382001 -23.929095 -5.484308 13.407227 6.761606 -13.932554 0.533527 -2.994544 -4.132763 -1.047118 -0.229376 3.385139 -0.914633 0.793655 -0.000000 0.000000 0.000000 8.869577 1.110869 2.808954 -3.579976 -1.020623 0.698918 0.432556 -1.754985 -4.727367 -0.005743 -0.762971 1.380923
-1.757753 0.959977 2.346081 6.707620 2.507809 -0.324535 -0.406497 0.242648 0.856316 -0.219962 -5.719120 0.382701 -0.218904 0.101270 0.360372 -0.136628 5.912443 0.271745 -2.015095 18.601014 0.821735 -3.963082 -1.431209 2.158871 -1.841880 10.253804 9.055074 -17.476252 -17.700825 72.151888 29.641192 49.920956 18.538303 1.194220 16.141650 -6.410978 0.271692 6.475989 -7.942206 14.457565 -11.645720 -71.450965 -35.582675 56.297099 -23.820169 -5.472922 13.394773 6.794780 -13.863971 0.556737 -3.072580 -4.218258 -1.040706 -0.236124 3.405564 -0.903989 0.843587 0.000000 0.000000 0.000000 8.754170 1.153311 2.745275 -3.494674 -0.984684 0.688245 0.456980 -1.793038 -4.664262 -0.005562 -0.753320 1.382454
-1.756842 0.959984 2.346073 6.708685 2.466441 -0.308408 -0.407375 0.210754 0.823986 -0.218811 -5.733277 0.368242 -0.217752 0.087112 0.346029 -0.136853 5.901836 0.260921 -2.031744 18.642841 0.846940 -4.000505 -1.351927 2.208953 -1.865188 10.265603 9.027432 -17.544119 -17.636777 72.182728 29.563126 50.082908 18.568654 1.193751 16.152730 -6.405423 0.211511 6.506960 -7.906304 14.406593 -11.648660 -71.445670 -35.620227 56.231571 -23.796822 -5.467666 13.387957 6.813503 -13.806200 0.579876 -3.152599 -4.290344 -1.027210 -0.244202 3.422302 -0.896346 0.890989 0.000000 -0.000000 -0.000000 8.678247 1.199233 2.678100 -3.447279 -0.951188 0.683670 0.478550 -1.827902 -4.603375 -0.005325 -0.740832 1.382417
-1.755951 0.959980 2.346005 6.711386 2.414182 -0.287318 -0.404399 0.183280 0.789914 -0.215879 -5.745462 0.353005 -0.214829 0.074928 0.331090 -0.135797 5.892709 0.249649 -2.030307 18.674530 0.868001 -4.003691 -1.292296 2.245963 -1.901679 10.258499 8.993229 -17.614403 -17.586643 72.208770 29.416523 50.276256 18.579315 1.194099 16.155714 -6.370305 0.188822 6.523166 -7.881217 14.366657 -11.664551 -71.412428 -35.793103 56.204077 -23.924195 -5.473456 13.395748 6.799238 -13.758421 0.603786 -3.236825 -4.341984 -1.004068 -0.255605 3.427479 -0.893824 0.935469 -0.000000 0.000000 0.000000 8.664467 1.250610 2.600448 -3.468609 -0.918813 0.694523 0.506473 -1.860043 -4.545539 -0.005054 -0.726514 1.378364
-1.755087 0.959970 2.345890 6.715823 2.354505 -0.263332 -0.397015 0.158064 0.755284 -0.210971 -5.756637 0.337518 -0.209939 0.063756 0.316102 -0.133272 5.884343 0.238340 -2.014912 18.700147 0.886134 -3.980506 -1.244567 2.273337 -1.944454 10.241733 8.954901 -17.688233 -17.544818 72.230459 29.213532 50.489094 18.563344 1.195461 16.157180 -6.313274 0.185366 6.532773 -7.862784 14.336379 -11.683781 -71.370386 -36.046884 56.195049 -24.137098 -5.485487 13.408991 6.770453 -13.721428 0.627594 -3.323046 -4.380196 -0.973894 -0.268337 3.428949 -0.894282 0.977418 0.000000 -0.000000 0.000000 8.690185 1.305662 2.519513 -3.527833 -0.888719 0.711464 0.531557 -1.888993 -4.489917 -0.004729 -0.709361 1.372742
-1.754256 0.959955 2.345726 6.718820 2.293450 -0.241363 -0.384476 0.136013 0.725627 -0.204007 -5.766400 0.324254 -0.203006 0.053995 0.303545 -0.129028 5.877034 0.228865 -1.993522 18.705660 0.897539 -3.944774 -1.234654 2.287182 -1.972569 10.235623 8.917409 -17.753645 -17.510974 72.246646 28.960082 50.668481 18.486865 1.193908 16.160693 -6.267000 0.184790 6.544200 -7.847823 14.324717 -11.698511 -71.354320 -36.304693 56.186236 -24.344927 -5.494492 13.415848 6.762127 -13.713232 0.646749 -3.406061 -4.399347 -0.940227 -0.280359 3.442403 -0.894452 1.017663 0.000000 0.000000 -0.000000 8.711354 1.358009 2.447856 -3.576460 -0.857516 0.717685 0.550943 -1.918405 -4.433192 -0.004388 -0.689669 1.369248
-1.753467 0.959932 2.345520 6.717147 2.230688 -0.223556 -0.364182 0.120625 0.703140 -0.193936 -5.773196 0.314194 -0.192983 0.047203 0.294507 -0.122199 5.871950 0.222047 -1.968056 18.678717 0.899752 -3.899608 -1.285516 2.284030 -1.974106 10.253497 8.881508 -17.808551 -17.488064 72.258697 28.662744 50.792458 18.336802 1.187919 16.170252 -6.242673 0.179473 6.560038 -7.836738 14.347286 -11.709318 -71.379306 -36.556514 56.171448 -24.524326 -5.495110 13.410727 6.796584 -13.755302 0.661711 -3.484116 -4.387312 -0.905353 -0.290782 3.480811 -0.893065 1.056253 -0.000000 0.000000 0.000000 8.719544 1.410186 2.394664 -3.594798 -0.828687 0.701328 0.555824 -1.948671 -4.373416 -0.004036 -0.666887 1.370440
-1.752711 0.959905 2.345267 6.714041 2.166551 -0.207757 -0.338768 0.108405 0.685647 -0.181824 -5.778580 0.306367 -0.180930 0.041823 0.287910 -0.113662 5.867925 0.217070 -1.936615 18.631684 0.895177 -3.841895 -1.374159 2.267202 -1.960985 10.282044 8.846572 -17.855082 -17.473174 72.265454 28.314530 50.882135 18.126382 1.178922 16.181749 -6.229158 0.177061 6.577692 -7.829106 14.388626 -11.715622 -71.430215 -36.812483 56.157102 -24.698994 -5.492675 13.399513 6.851576 -13.826140 0.671799 -3.559102 -4.356213 -0.867047 -0.300477 3.531203 -0.891434 1.093144 -0.000000 0.000000 -0.000000 8.723195 1.459608 2.350697 -3.602566 -0.798824 0.674271 0.554987 -1.979372 -4.312525 -0.003663 -0.641567 1.373757
-1.751964 0.959880 2.344948 6.716037 2.108064 -0.192440 -0.315346 0.089763 0.672109 -0.170769 -5.786824 0.300306 -0.169928 0.033582 0.282971 -0.105785 5.861752 0.213341 -1.901426 18.587632 0.887310 -3.776127 -1.457521 2.242981 -1.948031 10.301597 8.815472 -17.887605 -17.457213 72.262061 27.901121 50.948831 17.861494 1.167309 16.186428 -6.225620 0.184087 6.597818 -7.820533 14.411210 -11.707848 -71.496531 -37.025630 56.144858 -24.848328 -5.493818 13.387627 6.895272 -13.879306 0.670827 -3.631220 -4.336784 -0.822052 -0.310057 3.570367 -0.890160 1.129031 -0.000000 -0.000000 -0.000000 8.703585 1.492084 2.300676 -3.610365 -0.754293 0.655299 0.571962 -2.012972 -4.253026 -0.003279 -0.615658 1.375217
-1.751204 0.959859 2.344569 6.722614 2.054606 -0.174699 -0.295304 0.061671 0.662058 -0.161362 -5.799277 0.295801 -0.160565 0.021132 0.279421 -0.099030 5.852421 0.210658 -1.863441 18.553622 0.875471 -3.703609 -1.522472 2.210175 -1.939281 10.303708 8.789635 -17.890513 -17.433694 72.238002 27.401570 50.985055 17.531935 1.154742 16.177553 -6.235827 0.205617 6.621990 -7.809248 14.388028 -11.678735 -71.580961 -37.149204 56.119371 -24.933994 -5.500738 13.373786 6.921014 -13.886573 0.656081 -3.703798 -4.340567 -0.761785 -0.321338 3.581469 -0.893853 1.164579 0.000000 0.000000 -0.000000 8.640921 1.505225 2.236705 -3.614757 -0.685392 0.649328 0.624062 -2.053679 -4.193583 -0.002857 -0.588553 1.372882
-1.750453 0.959839 2.344124 6.734296 2.006795 -0.157453 -0.277263 0.027151 0.655936 -0.153015 -5.814591 0.293051 -0.152256 0.005820 0.277518 -0.092938 5.840942 0.209216 -1.821637 18.522627 0.860412 -3.622921 -1.582055 2.170077 -1.930702 10.296816 8.767592 -17.879399 -17.409083 72.203892 26.837612 50.996894 17.148906 1.139583 16.161716 -6.255901 0.236577 6.648623 -7.796929 14.346172 -11.635520 -71.680906 -37.229927 56.096466 -24.994058 -5.511206 13.359136 6.935461 -13.876129 0.630441 -3.773423 -4.356003 -0.694789 -0.332515 3.581338 -0.897856 1.199118 -0.000000 0.000000 0.000000 8.555053 1.501313 2.166608 -3.619111 -0.601818 0.651332 0.693969 -2.097353 -4.135560 -0.002429 -0.560861 1.368689
-1.749755 0.959825 2.343589 6.759203 1.973516 -0.147936 -0.264183 -0.014323 0.654032 -0.147055 -5.833005 0.292186 -0.146322 -0.012592 0.277258 -0.088500 5.827136 0.209010 -1.775296 18.496551 0.847839 -3.534536 -1.632522 2.132866 -1.925008 10.286566 8.747791 -17.895411 -17.393814 72.186389 26.258021 51.016569 16.748980 1.117270 16.150235 -6.273576 0.268282 6.673632 -7.784383 14.329216 -11.590381 -71.777790 -37.361082 56.124409 -25.122687 -5.525117 13.352527 6.926722 -13.886189 0.596162 -3.830135 -4.379187 -0.643467 -0.338817 3.597274 -0.888874 1.231334 0.000000 0.000000 -0.000000 8.486728 1.473255 2.098755 -3.644228 -0.518982 0.665181 0.753288 -2.133926 -4.085495 -0.002093 -0.536357 1.364472
-1.749142 0.959821 2.342942 6.802820 1.963805 -0.151892 -0.258629 -0.068443 0.658118 -0.144694 -5.857051 0.293994 -0.143967 -0.036638 0.279305 -0.086567 5.809101 0.210542 -1.722057 18.480717 0.840204 -3.434779 -1.663978 2.102110 -1.926443 10.270071 8.728812 -17.970707 -17.392699 72.201435 25.666059 51.081895 16.336753 1.084624 16.150057 -6.279664 0.301469 6.692908 -7.769495 14.370193 -11.544604 -71.868719 -37.601469 56.237769 -25.384250 -5.542509 13.360363 6.881878 -13.933031 0.549863 -3.865069 -4.415341 -0.618431 -0.338203 3.646325 -0.858921 1.261013 0.000000 0.000000 0.000000 8.434411 1.410566 2.040376 -3.694087 -0.440943 0.689450 0.802250 -2.158787 -4.045063 -0.001919 -0.517990 1.360811
-1.748582 0.959821 2.342204 6.859677 1.968641 -0.163562 -0.258079 -0.129534 0.666364 -0.144732 -5.884205 0.297658 -0.143999 -0.063791 0.282966 -0.086299 5.788734 0.213287 -1.664289 18.469791 0.835118 -3.327381 -1.686342 2.074384 -1.930776 10.250208 8.712033 -18.073168 -17.401010 72.232810 25.056850 51.154746 15.905190 1.044779 16.154340 -6.283523 0.335394 6.710554 -7.754382 14.436013 -11.496779 -71.956268 -37.895027 56.400987 -25.717543 -5.563404 13.376021 6.813773 -14.000466 0.494904 -3.887075 -4.459286 -0.609050 -0.332750 3.711473 -0.816018 1.288425 -0.000000 -0.000000 -0.000000 8.399630 1.323863 1.984283 -3.764707 -0.363541 0.725514 0.840663 -2.176502 -4.012560 -0.001836 -0.502812 1.357125
-1.748026 0.959813 2.341415 6.921468 1.969820 -0.172943 -0.257841 -0.181067 0.673678 -0.144879 -5.907110 0.300909 -0.144140 -0.086697 0.286202 -0.086147 5.771553 0.215714 -1.608425 18.449665 0.830932 -3.223992 -1.725646 2.049183 -1.928040 10.241277 8.700150 -18.147520 -17.414936 72.259009 24.468866 51.154237 15.475678 1.002650 16.153673 -6.300723 0.359176 6.734819 -7.746282 14.471013 -11.455127 -72.030207 -38.161218 56.557519 -26.026828 -5.587635 13.388900 6.749198 -14.078008 0.443556 -3.912798 -4.491527 -0.605883 -0.323848 3.768919 -0.770886 1.312966 0.000000 -0.000000 0.000000 8.427736 1.237865 1.917134 -3.864967 -0.289815 0.781541 0.839518 -2.190703 -3.989431 -0.001727 -0.485749 1.353500
-1.747425 0.959797 2.340595 6.989715 1.960977 -0.171741 -0.257458 -0.216937 0.676651 -0.144789 -5.923053 0.302226 -0.144046 -0.102640 0.287528 -0.085968 5.759595 0.216706 -1.556540 18.412240 0.827238 -3.128495 -1.796880 2.026656 -1.913095 10.253466 8.695625 -18.168197 -17.437292 72.272094 23.895533 51.026729 15.038440 0.957103 16.142673 -6.343787 0.365277 6.773606 -7.750500 14.447685 -11.424935 -72.083977 -38.379862 56.686878 -26.287053 -5.618025 13.393655 6.697614 -14.176940 0.401095 -3.955836 -4.496287 -0.609444 -0.309670 3.811278 -0.727080 1.334878 -0.000000 0.000000 -0.000000 8.620492 1.168958 1.817807 -4.073471 -0.237652 0.883612 0.774926 -2.190991 -3.986699 -0.001670 -0.477516 1.399323
-1.746829 0.959774 2.339723 7.062896 1.948461 -0.168270 -0.257365 -0.243244 0.678720 -0.144801 -5.934745 0.303142 -0.144055 -0.114332 0.288443 -0.085900 5.750826 0.217389 -1.506610 18.365611 0.824284 -3.037036 -1.885084 2.006333 -1.891117 10.276573 8.696085 -18.160754 -17.465247 72.280182 23.349767 50.825762 14.610288 0.909469 16.126504 -6.400144 0.361261 6.819047 -7.761783 14.393471 -11.401081 -72.124403 -38.569790 56.810170 -26.521604 -5.651766 13.395754 6.649646 -14.285941 0.362195 -4.002600 -4.489371 -0.619244 -0.291980 3.845930 -0.681024 1.353902 -0.000000 -0.000000 -0.000000 8.876224 1.101356 1.707123 -4.311666 -0.189003 1.005564 0.670803 -2.187769 -3.993401 -0.001598 -0.467388 1.445207
-1.746337 0.959733 2.338772 7.128154 1.933142 -0.177462 -0.254199 -0.261769 0.685095 -0.143652 -5.942976 0.305986 -0.142911 -0.122563 0.291404 -0.084811 5.744652 0.219617 -1.458932 18.319960 0.821355 -2.949659 -1.971373 1.986696 -1.867615 10.294313 8.696968 -18.146584 -17.486520 72.286042 22.898438 50.632522 14.252179 0.868250 16.111627 -6.447621 0.358925 6.855731 -7.771550 14.335146 -11.376252 -72.161546 -38.706345 56.934147 -26.704589 -5.680140 13.400943 6.603832 -14.360611 0.323279 -4.029014 -4.498617 -0.624336 -0.277590 3.871216 -0.632730 1.368636 0.000000 -0.000000 0.000000 8.935105 1.010479 1.634836 -4.352500 -0.093592 1.077634 0.569823 -2.215802 -3.977924 -0.001132 -0.418185 1.343054
-1.746013 0.959675 2.337700 7.182869 1.915752 -0.205899 -0.246237 -0.272437 0.697614 -0.140658 -5.947709 0.311582 -0.139932 -0.127295 0.297303 -0.082122 5.741101 0.224062 -1.411732 18.279379 0.819845 -2.863449 -2.048158 1.969617 -1.842769 10.299926 8.695300 -18.129752 -17.492691 72.293787 22.555629 50.465635 13.976354 0.832395 16.096244 -6.484657 0.360372 6.875703 -7.774887 14.271121 -11.345824 -72.196454 -38.776513 57.065725 -26.821168 -5.699836 13.413326 6.554890 -14.383084 0.279296 -4.021905 -4.536236 -0.616709 -0.271518 3.885363 -0.581368 1.377922 -0.000000 -0.000000 0.000000 8.635561 0.861903 1.627875 -4.033006 0.110817 1.058787 0.470711 -2.307518 -3.922239 -0.000094 -0.289121 0.944380
-1.745794 0.959599 2.336550 7.229676 1.895597 -0.246997 -0.235210 -0.275347 0.714473 -0.136508 -5.948990 0.319121 -0.135805 -0.128575 0.305264 -0.078414 5.740139 0.230063 -1.366805 18.239763 0.818338 -2.781357 -2.123060 1.953211 -1.816406 10.300172 8.694001 -18.106205 -17.492186 72.299362 22.304371 50.308308 13.767633 0.802811 16.082321 -6.512780 0.363496 6.886906 -7.776744 14.202977 -11.314425 -72.228076 -38.792091 57.198393 -26.884865 -5.714146 13.428859 6.508063 -14.371334 0.235300 -3.994486 -4.589994 -0.604376 -0.268832 3.890132 -0.527753 1.382888 0.000000 0.000000 0.000000 8.138794 0.690068 1.660870 -3.516277 0.361872 0.992411 0.374510 -2.430342 -3.844172 0.000334 -0.121247 0.397600
-1.745585 0.959495 2.335419 7.263614 1.871415 -0.295931 -0.222943 -0.272547 0.735424 -0.132000 -5.947732 0.328491 -0.131322 -0.127315 0.315091 -0.074298 5.741080 0.237473 -1.329774 18.199024 0.811974 -2.712186 -2.199952 1.930449 -1.793512 10.299041 8.697305 -18.085155 -17.497960 72.293284 22.160752 50.189517 13.641470 0.790708 16.082139 -6.514472 0.373780 6.897782 -7.783321 14.162252 -11.288585 -72.263265 -38.765546 57.318774 -26.912221 -5.724158 13.441050 6.477624 -14.334717 0.202934 -3.962235 -4.651048 -0.600407 -0.261433 3.889162 -0.474368 1.385557 -0.000000 0.000000 -0.000000 7.669247 0.572566 1.704020 -3.064000 0.522272 0.933440 0.327485 -2.521580 -3.766026 -0.000000 -0.000000 -0.000000
-1.745349 0.959345 2.334336 7.279006 1.839332 -0.356813 -0.207655 -0.260180 0.764461 -0.126527 -5.942217 0.341477 -0.125881 -0.121799 0.328633 -0.069180 5.745213 0.247685 -1.301705 18.149528 0.795442 -2.656312 -2.293131 1.892115 -1.780261 10.287345 8.706101 -18.074187 -17.513409 72.261630 22.168440 50.148638 13.638066 0.807512 16.109413 -6.463851 0.394486 6.909150 -7.798206 14.162282 -11.273212 -72.307814 -38.704680 57.417743 -26.907848 -5.730112 13.448867 6.470645 -14.258594 0.192495 -3.927067 -4.726762 -0.611205 -0.244251 3.880284 -0.423226 1.385323 0.000000 -0.000000 -0.000000 7.316860 0.556025 1.751292 -2.790537 0.513507 0.901175 0.355196 -2.557132 -3.689810 -0.000075 0.030873 -0.099517
-1.745124 0.959166 2.333272 7.281558 1.803192 -0.425513 -0.191108 -0.242110 0.797605 -0.120689 -5.934163 0.356299 -0.120078 -0.113744 0.344047 -0.063648 5.751250 0.259310 -1.281507 18.098933 0.774064 -2.613293 -2.388247 1.847446 -1.770486 10.274262 8.719475 -18.065687 -17.535077 72.218285 22.282053 50.146732 13.715368 0.841949 16.150305 -6.386705 0.422344 6.920214 -7.817818 14.189704 -11.263353 -72.355895 -38.600952 57.504412 -26.866188 -5.731711 13.453329 6.480053 -14.157576 0.193548 -3.886934 -4.809804 -0.630356 -0.222373 3.865662 -0.372313 1.382764 -0.000000 -0.000000 -0.000000 6.991976 0.593889 1.807130 -2.581428 0.413846 0.874411 0.432159 -2.561238 -3.613519 0.000009 0.015419 -0.049764
-1.744926 0.959002 2.332239 7.283348 1.773307 -0.484844 -0.180468 -0.231935 0.822619 -0.117101 -5.929625 0.367483 -0.116511 -0.109205 0.355596 -0.060088 5.754649 0.268019 -1.271569 18.068075 0.759010 -2.590750 -2.446242 1.817260 -1.750649 10.291329 8.739011 -18.046086 -17.565641 72.195423 22.383773 50.095386 13.765115 0.870851 16.175943 -6.343129 0.453051 6.936986 -7.837566 14.236017 -11.250780 -72.396895 -38.442365 57.592684 -26.788531 -5.729223 13.450998 6.498913 -14.084852 0.186835 -3.851476 -4.869279 -0.651702 -0.202858 3.855437 -0.318074 1.381702 0.000000 0.000000 0.000000 6.649792 0.622969 1.856381 -2.354789 0.320646 0.845160 0.528367 -2.543856 -3.553677 0.000000 -0.000000 -0.000000
-1.744750 0.958859 2.331251 7.288929 1.755804 -0.526730 -0.180014 -0.238180 0.835155 -0.117450 -5.932401 0.373084 -0.116859 -0.111981 0.361161 -0.059920 5.752564 0.272212 -1.272551 18.067726 0.755174 -2.591302 -2.446977 1.810538 -1.707233 10.368205 8.769561 -18.008197 -17.615439 72.201335 22.437789 49.944684 13.748340 0.885752 16.170609 -6.369258 0.491467 6.961972 -7.859050 14.316450 -11.230130 -72.430198 -38.221571 57.685472 -26.673843 -5.719039 13.434894 6.538730 -14.054369 0.165597 -3.826883 -4.897440 -0.676046 -0.187097 3.850403 -0.259132 1.384486 -0.000000 0.000000 0.000000 6.215685 0.624835 1.892245 -2.040562 0.260414 0.808202 0.657327 -2.498603 -3.521042 0.000000 0.000000 -0.000000
-1.744602 0.958731 2.330293 7.293711 1.744555 -0.559248 -0.185489 -0.252286 0.839544 -0.120054 -5.938680 0.375041 -0.119448 -0.118261 0.362854 -0.061729 5.747852 0.273484 -1.283797 18.087096 0.757698 -2.612381 -2.410639 1.818401 -1.653647 10.475195 8.806424 -17.959199 -17.674225 72.227608 22.480034 49.744786 13.703834 0.895050 16.150287 -6.429032 0.532762 6.992635 -7.880630 14.415792 -11.206865 -72.456373 -37.944899 57.779528 -26.521858 -5.704955 13.411844 6.587921 -14.052176 0.136763 -3.807060 -4.902021 -0.702595 -0.173611 3.849762 -0.196862 1.388783 0.000000 0.000000 0.000000 5.764212 0.617687 1.921890 -1.708768 0.206677 0.768839 0.805709 -2.431963 -3.504739 -0.000000 0.000000 -0.000000
-1.744521 0.958650 2.329325 7.296037 1.731520 -0.589445 -0.191265 -0.262221 0.836565 -0.122470 -5.943106 0.373705 -0.121849 -0.122688 0.361273 -0.063649 5.744531 0.272289 -1.305730 18.114674 0.763129 -2.653875 -2.358679 1.834925 -1.616814 10.554830 8.836735 -17.907141 -17.713847 72.281493 22.500064 49.557721 13.639884 0.900438 16.133789 -6.474369 0.558103 7.027391 -7.892878 14.479890 -11.189036 -72.466655 -37.620809 57.879346 -26.335214 -5.698060 13.399328 6.604998 -14.089654 0.101781 -3.783322 -4.875317 -0.722803 -0.165090 3.861264 -0.131831 1.391426 -0.000000 0.000000 0.000000 5.474130 0.592961 1.951704 -1.487650 0.177391 0.734694 0.903276 -2.373106 -3.489213 0.000000 0.000000 -0.000000
-1.744542 0.958646 2.328329 7.295861 1.715019 -0.620685 -0.196025 -0.264837 0.824369 -0.124034 -5.944276 0.368253 -0.123404 -0.123857 0.355662 -0.065245 5.743656 0.268058 -1.342835 18.153888 0.772411 -2.724246 -2.284570 1.863207 -1.613779 10.577031 8.853513 -17.847991 -17.716840 72.381407 22.456985 49.405335 13.526398 0.897437 16.126521 -6.491449 0.556382 7.066547 -7.886693 14.482608 -11.175917 -72.454648 -37.240398 57.984357 -26.107051 -5.704779 13.407046 6.563427 -14.193514 0.057002 -3.748905 -4.798402 -0.731333 -0.164694 3.893948 -0.061727 1.391678 -0.000000 0.000000 0.000000 5.466079 0.544912 1.987872 -1.455248 0.175344 0.705930 0.899554 -2.329247 -3.468743 -0.000000 0.000000 -0.000000
-1.744630 0.958690 2.327323 7.293233 1.696726 -0.649602 -0.201069 -0.263284 0.804804 -0.125402 -5.943592 0.359508 -0.124764 -0.123174 0.346778 -0.066948 5.744173 0.261362 -1.390584 18.201380 0.784551 -2.814897 -2.194680 1.899958 -1.627614 10.571949 8.863596 -17.785885 -17.700752 72.509161 22.392420 49.265686 13.394211 0.890403 16.122981 -6.494126 0.538743 7.109834 -7.871254 14.450112 -11.168153 -72.426798 -36.811841 58.094167 -25.844083 -5.718493 13.425727 6.489884 -14.337084 0.006233 -3.710502 -4.690177 -0.733486 -0.169137 3.938765 0.011146 1.390335 -0.000000 0.000000 0.000000 5.619343 0.478611 2.024084 -1.533561 0.197840 0.682029 0.844998 -2.293052 -3.449346 -0.000000 0.000000 -0.000000
-1.744714 0.958720 2.326329 7.286652 1.673630 -0.673162 -0.204693 -0.254988 0.784193 -0.126103 -5.939907 0.350297 -0.125461 -0.119490 0.337496 -0.068186 5.746941 0.254367 -1.435911 18.235415 0.793264 -2.900260 -2.129913 1.929911 -1.634340 10.572459 8.874711 -17.741071 -17.689847 72.617095 22.418402 49.135294 13.342091 0.894074 16.125441 -6.475786 0.519693 7.154766 -7.864574 14.406681 -11.175832 -72.393650 -36.369309 58.213775 -25.569501 -5.730487 13.444429 6.422747 -14.451641 -0.038035 -3.679682 -4.599687 -0.736694 -0.171508 3.976332 0.079297 1.386508 -0.000000 0.000000 0.000000 5.750657 0.401942 2.048075 -1.616800 0.254586 0.669603 0.820714 -2.271853 -3.433156 -0.000000 0.000000 -0.000000
-1.744773 0.958712 2.325351 7.277180 1.644681 -0.689255 -0.205451 -0.237585 0.763641 -0.125548 -5.932171 0.341116 -0.124910 -0.111753 0.328371 -0.068476 5.752749 0.247493 -1.476715 18.245063 0.796401 -2.976053 -2.110696 1.948782 -1.626403 10.591799 8.888437 -17.736402 -17.693755 72.692606 22.600759 49.012257 13.427613 0.917120 16.139020 -6.418637 0.498734 7.201026 -7.874059 14.353270 -11.204609 -72.351905 -35.936262 58.356383 -25.302746 -5.739141 13.461070 6.369856 -14.513916 -0.070965 -3.661520 -4.543337 -0.744636 -0.168870 3.998571 0.138768 1.378780 0.000000 0.000000 0.000000 5.793121 0.311979 2.052501 -1.680687 0.360347 0.674907 0.868916 -2.274422 -3.421762 -0.000002 0.004260 -0.044801
-1.744828 0.958691 2.324385 7.263752 1.610927 -0.699983 -0.204787 -0.213443 0.742039 -0.124323 -5.921436 0.331468 -0.123693 -0.101018 0.318848 -0.068300 5.760806 0.240321 -1.515142 18.241216 0.796194 -3.046706 -2.116692 1.961111 -1.611309 10.616692 8.903198 -17.748948 -17.702691 72.748225 22.871751 48.897967 13.591586 0.950839 16.158298 -6.340351 0.476330 7.248909 -7.892300 14.288858 -11.248753 -72.304704 -35.488197 58.508704 -25.023458 -5.746109 13.477648 6.323367 -14.547117 -0.097543 -3.651007 -4.504730 -0.753657 -0.164243 4.013563 0.193511 1.368533 -0.000000 0.000000 -0.000000 5.813716 0.211820 2.044840 -1.749476 0.500373 0.691461 0.947383 -2.292001 -3.413554 0.000003 0.008536 -0.089600
-1.744869 0.958671 2.323438 7.241678 1.572493 -0.708619 -0.205333 -0.187080 0.722385 -0.123725 -5.909716 0.322692 -0.123100 -0.089298 0.310132 -0.068529 5.769600 0.233757 -1.544538 18.234791 0.792960 -3.099837 -2.127837 1.964992 -1.587619 10.640188 8.921972 -17.730196 -17.711860 72.773851 23.142753 48.794362 13.757283 0.983977 16.169975 -6.287564 0.468394 7.296778 -7.915060 14.234728 -11.301441 -72.272335 -34.987881 58.636031 -24.695241 -5.747440 13.489015 6.298045 -14.552203 -0.120143 -3.644655 -4.483709 -0.760228 -0.159736 4.026180 0.247892 1.359058 -0.000000 -0.000000 -0.000000 5.830026 0.118706 2.035325 -1.790195 0.640039 0.707205 1.010566 -2.305661 -3.405751 0.000000 0.000000 -0.000000
-1.744897 0.958655 2.322511 7.205897 1.524866 -0.716467 -0.207148 -0.156039 0.706777 -0.123878 -5.895920 0.315723 -0.123254 -0.075502 0.303148 -0.069187 5.779951 0.228499 -1.563001 18.224408 0.784845 -3.131383 -2.146821 1.956436 -1.548812 10.661602 8.948323 -17.644699 -17.718783 72.750461 23.404306 48.691686 13.914402 1.016781 16.165636 -6.284676 0.485346 7.344907 -7.944373 14.191373 -11.368016 -72.264216 -34.387627 58.717485 -24.276722 -5.739716 13.491710 6.311191 -14.507977 -0.135610 -3.642152 -4.495759 -0.760940 -0.155866 4.035371 0.302806 1.350456 0.000000 -0.000000 0.000000 5.836727 0.042386 2.030091 -1.773695 0.769517 0.714831 1.039729 -2.308196 -3.396522 -0.000146 -0.033595 0.359032
-1.744912 0.958640 2.321602 7.161470 1.472558 -0.722189 -0.210174 -0.122783 0.693091 -0.124657 -5.881141 0.309614 -0.124031 -0.060723 0.296960 -0.070251 5.791037 0.223841 -1.572440 18.211401 0.773704 -3.145410 -2.171051 1.939440 -1.501414 10.681609 8.978676 -17.527911 -17.725899 72.696993 23.665982 48.599712 14.073029 1.048989 16.154043 -6.307471 0.516728 7.392979 -7.978216 14.158252 -11.443241 -72.270985 -33.736520 58.772347 -23.810398 -5.726378 13.488830 6.345433 -14.435620 -0.147096 -3.643752 -4.525396 -0.759218 -0.152189 4.042186 0.357355 1.342613 -0.000000 0.000000 0.000000 5.839153 -0.026890 2.023058 -1.729136 0.898585 0.722056 1.053612 -2.306813 -3.387683 -0.000640 -0.080191 0.852446
-1.744905 0.958636 2.320717 7.118886 1.429234 -0.725116 -0.216865 -0.099213 0.678010 -0.126986 -5.870673 0.302880 -0.126350 -0.050255 0.289989 -0.072529 5.798891 0.218592 -1.571896 18.210764 0.765361 -3.141681 -2.172529 1.923949 -1.463582 10.695331 9.005315 -17.437642 -17.735997 72.660344 23.869178 48.550577 14.188750 1.068655 16.147830 -6.329639 0.547180 7.438465 -8.006253 14.155155 -11.504521 -72.284974 -33.142651 58.827200 -23.385663 -5.713636 13.485242 6.363537 -14.399665 -0.166428 -3.646886 -4.525997 -0.761765 -0.149299 4.054648 0.413217 1.338513 0.000000 -0.000000 -0.000000 5.870853 -0.101146 2.006083 -1.711028 1.021982 0.739485 1.062875 -2.304212 -3.381875 -0.001225 -0.116086 1.209516
-1.744879 0.958651 2.319872 7.082092 1.404291 -0.726169 -0.229735 -0.094368 0.660513 -0.131922 -5.868533 0.295061 -0.131260 -0.048117 0.281669 -0.076851 5.800497 0.212320 -1.557493 18.233368 0.763119 -3.113889 -2.131078 1.914441 -1.443412 10.700788 9.024614 -17.397542 -17.749246 72.662921 23.984523 48.579653 14.237088 1.067478 16.155490 -6.343454 0.571953 7.480399 -8.023208 14.206167 -11.540069 -72.314847 -32.609292 58.892908 -23.001883 -5.700206 13.481741 6.351050 -14.431816 -0.199639 -3.647514 -4.471645 -0.774610 -0.148305 4.074570 0.472125 1.339727 0.000000 0.000000 -0.000000 5.945136 -0.187067 1.976401 -1.743678 1.135311 0.772841 1.073934 -2.301852 -3.381767 -0.001435 -0.128623 1.294858
-1.744830 0.958676 2.319051 7.047135 1.388338 -0.724456 -0.246270 -0.099215 0.641651 -0.138413 -5.870705 0.286629 -0.137715 -0.050291 0.272578 -0.082388 5.798868 0.205464 -1.533085 18.268335 0.763640 -3.068319 -2.066876 1.906385 -1.432846 10.699993 9.040217 -17.383987 -17.765526 72.682427 24.042589 48.652006 14.244147 1.053821 16.168498 -6.356544 0.595835 7.519755 -8.034345 14.287280 -11.561723 -72.352110 -32.133133 58.960032 -22.659380 -5.687272 13.477782 6.322453 -14.500365 -0.240720 -3.649678 -4.388252 -0.791708 -0.147986 4.100144 0.532345 1.344708 -0.000000 0.000000 -0.000000 6.048767 -0.277913 1.936644 -1.802745 1.243006 0.816208 1.080370 -2.298269 -3.384687 -0.001403 -0.130271 1.243872
-1.744742 0.958696 2.318212 7.012645 1.366857 -0.716602 -0.261386 -0.098549 0.621214 -0.144209 -5.870424 0.277495 -0.143480 -0.050010 0.262856 -0.087457 5.799081 0.198134 -1.509333 18.298056 0.762772 -3.023648 -2.012429 1.896163 -1.425818 10.694068 9.055325 -17.383840 -17.787366 72.698763 24.074877 48.694472 14.241823 1.040804 16.173804 -6.365527 0.617789 7.556918 -8.045139 14.346165 -11.582334 -72.363372 -31.812403 59.027149 -22.449413 -5.684684 13.476426 6.283918 -14.574709 -0.283494 -3.663028 -4.306954 -0.801653 -0.145397 4.133965 0.590351 1.351777 -0.000000 0.000000 0.000000 6.175513 -0.365544 1.886771 -1.869750 1.353046 0.862606 1.073594 -2.291777 -3.385261 -0.001404 -0.134940 1.192009
-1.744614 0.958704 2.317320 6.979534 1.339756 -0.701562 -0.274542 -0.089949 0.599527 -0.149088 -5.866611 0.267806 -0.148333 -0.046198 0.252671 -0.091880 5.801942 0.190458 -1.487958 18.321321 0.759211 -2.982635 -1.969978 1.881977 -1.423453 10.679267 9.070654 -17.404188 -17.819133 72.709962 24.080105 48.675739 14.236696 1.033438 16.163560 -6.364788 0.639848 7.589217 -8.057566 14.357175 -11.601039 -72.332488 -31.689905 59.096049 -22.417561 -5.696382 13.479183 6.236510 -14.648745 -0.333421 -3.690368 -4.230833 -0.797121 -0.137128 4.172741 0.643556 1.357377 -0.000000 0.000000 -0.000000 6.335353 -0.457108 1.825324 -1.939197 1.473553 0.911786 1.038106 -2.280165 -3.382372 -0.001548 -0.149797 1.184180
-1.744446 0.958707 2.316410 6.946880 1.307138 -0.680370 -0.286283 -0.075841 0.576247 -0.153273 -5.860346 0.257408 -0.152497 -0.039935 0.241849 -0.095834 5.806644 0.182302 -1.467252 18.339342 0.754266 -2.942535 -1.937280 1.865628 -1.424631 10.659341 9.085502 -17.437937 -17.856469 72.718007 24.059268 48.627157 14.221872 1.026660 16.145604 -6.359974 0.659963 7.619331 -8.069650 14.345979 -11.618623 -72.275531 -31.725167 59.166573 -22.520787 -5.718572 13.484492 6.179163 -14.728505 -0.385147 -3.728885 -4.156818 -0.785445 -0.126584 4.219765 0.694547 1.365086 0.000000 -0.000000 -0.000000 6.518414 -0.545260 1.753719 -2.016542 1.596375 0.964083 0.989408 -2.265650 -3.377127 -0.001720 -0.167688 1.175467
-1.744221 0.958711 2.315541 6.910549 1.254786 -0.652738 -0.293155 -0.048293 0.550134 -0.155181 -5.848100 0.245753 -0.154397 -0.027689 0.230000 -0.098172 5.815833 0.173375 -1.452747 18.338152 0.747717 -2.913780 -1.940113 1.848892 -1.419893 10.646631 9.100914 -17.450607 -17.888875 72.708681 24.047150 48.569447 14.208906 1.018525 16.130406 -6.364581 0.670970 7.655665 -8.080958 14.337197 -11.650449 -72.207432 -31.891984 59.234616 -22.718114 -5.749545 13.490724 6.114838 -14.801573 -0.416300 -3.779964 -4.106809 -0.777214 -0.121115 4.287513 0.747552 1.383950 0.000000 -0.000000 0.000000 6.688632 -0.600204 1.676544 -2.099766 1.705108 1.013358 0.965416 -2.253192 -3.367491 -0.001844 -0.181110 1.166581
-1.743962 0.958713 2.314768 6.867086 1.175777 -0.618405 -0.294042 -0.003234 0.521219 -0.154319 -5.828062 0.232854 -0.153544 -0.007651 0.217189 -0.098520 5.830868 0.163726 -1.447922 18.305747 0.737600 -2.902392 -2.000728 1.829616 -1.401862 10.654568 9.119203 -17.417563 -17.914971 72.674405 24.056944 48.499721 14.195173 1.007875 16.122247 -6.387948 0.672680 7.709108 -8.091947 14.345259 -11.705954 -72.132951 -32.206901 59.294944 -23.017928 -5.787825 13.500472 6.044651 -14.862409 -0.410274 -3.839362 -4.089830 -0.785093 -0.129696 4.381671 0.802134 1.416116 0.000000 -0.000000 -0.000000 6.862140 -0.598873 1.599108 -2.212782 1.776231 1.055110 0.976613 -2.240821 -3.353488 -0.001869 -0.185002 1.157691
-1.743645 0.958715 2.314037 6.819890 1.077056 -0.577568 -0.290082 0.055266 0.489449 -0.151184 -5.802043 0.218688 -0.150430 0.018369 0.203340 -0.097253 5.850390 0.153298 -1.449310 18.254135 0.725933 -2.902353 -2.096873 1.810042 -1.377885 10.669700 9.138021 -17.363429 -17.936136 72.622667 24.075416 48.420836 14.183283 0.995922 16.116823 -6.420712 0.665282 7.768787 -8.102187 14.355763 -11.775714 -72.047344 -32.654502 59.351249 -23.412715 -5.835022 13.510924 5.967529 -14.916589 -0.383750 -3.911515 -4.096833 -0.796445 -0.143418 4.496577 0.858683 1.459509 -0.000000 -0.000000 0.000000 7.022700 -0.564333 1.516577 -2.331744 1.833375 1.093693 1.012519 -2.230518 -3.335092 -0.001849 -0.184423 1.148636
-1.743194 0.958730 2.313246 6.775093 0.965205 -0.530632 -0.281203 0.122933 0.453474 -0.145670 -5.771943 0.202646 -0.144951 0.048470 0.187858 -0.094337 5.872975 0.141639 -1.452036 18.205376 0.718436 -2.906055 -2.187557 1.798493 -1.360612 10.664035 9.151417 -17.327604 -17.946051 72.561893 24.097728 48.362108 14.192689 0.984334 16.111721 -6.448309 0.642187 7.810470 -8.109888 14.350020 -11.846813 -71.951208 -33.160138 59.413044 -23.837216 -5.894030 13.512334 5.883226 -14.968306 -0.364310 -4.010830 -4.122621 -0.783854 -0.142917 4.627701 0.922658 1.516848 -0.000000 0.000000 0.000000 7.085737 -0.536328 1.418076 -2.382916 1.930851 1.136195 1.079603 -2.233189 -3.310229 -0.001860 -0.187052 1.139638
-1.742593 0.958751 2.312395 6.739942 0.839167 -0.476443 -0.267723 0.197789 0.411732 -0.137845 -5.738643 0.184028 -0.137172 0.081772 0.170035 -0.089875 5.897961 0.128214 -1.454638 18.168387 0.716266 -2.911005 -2.256225 1.796371 -1.357481 10.627744 9.158210 -17.326987 -17.938943 72.493723 24.124670 48.339685 14.236729 0.972458 16.104987 -6.470644 0.595508 7.823109 -8.112754 14.336731 -11.901067 -71.846087 -33.705022 59.459254 -24.273841 -5.957739 13.499550 5.815394 -15.012310 -0.338451 -4.147004 -4.188082 -0.768712 -0.114642 4.782596 1.009380 1.592906 0.000000 -0.000000 -0.000000 6.988859 -0.523922 1.298883 -2.318039 2.089479 1.187441 1.192828 -2.257373 -3.280279 -0.002160 -0.206001 1.171036
-1.741856 0.958784 2.311483 6.707114 0.700000 -0.416155 -0.249349 0.281842 0.365846 -0.127647 -5.701252 0.163558 -0.127031 0.119165 0.150600 -0.083763 5.926016 0.113573 -1.458592 18.134263 0.718229 -2.919740 -2.319408 1.802218 -1.361117 10.570666 9.159593 -17.344650 -17.920595 72.416544 24.155578 48.337448 14.302124 0.960928 16.098569 -6.487801 0.533132 7.817802 -8.112974 14.307118 -11.956530 -71.730330 -34.308050 59.509866 -24.740072 -6.033231 13.477511 5.740718 -15.053640 -0.319770 -4.310325 -4.272341 -0.729385 -0.072418 4.953794 1.103491 1.682967 0.000000 0.000000 0.000000 6.794715 -0.518983 1.162848 -2.185054 2.288220 1.242775 1.337224 -2.294617 -3.244027 -0.002496 -0.228190 1.202470
-1.740947 0.958857 2.310405 6.660919 0.557467 -0.353613 -0.225094 0.376793 0.319227 -0.114792 -5.659015 0.142756 -0.114247 0.161405 0.131103 -0.075673 5.957705 0.098883 -1.463425 18.098328 0.726496 -2.932222 -2.385729 1.820008 -1.361987 10.494320 9.153185 -17.369238 -17.902058 72.333991 24.183391 48.336322 14.368401 0.953342 16.095952 -6.485490 0.472130 7.803515 -8.115458 14.216083 -12.054438 -71.599396 -34.954873 59.636732 -25.226978 -6.145335 13.451046 5.588822 -15.111386 -0.376679 -4.485922 -4.307360 -0.574063 -0.038341 5.114208 1.164434 1.775302 -0.000000 0.000000 -0.000000 6.606474 -0.535373 1.012007 -2.054418 2.518594 1.294972 1.474374 -2.330337 -3.195455 -0.002155 -0.221852 1.113156
-1.739871 0.959005 2.309149 6.591319 0.408254 -0.292024 -0.188974 0.485373 0.275538 -0.096787 -5.610719 0.123247 -0.096336 0.209704 0.113422 -0.063597 5.993938 0.085560 -1.472278 18.060369 0.739225 -2.953634 -2.455552 1.847400 -1.355307 10.396540 9.134014 -17.419599 -17.889234 72.256560 24.202422 48.346858 14.433580 0.953488 16.100466 -6.447212 0.420454 7.783290 -8.126289 14.009916 -12.202146 -71.449734 -35.597409 59.838116 -25.692299 -6.363299 13.394840 5.323964 -15.197554 -0.530034 -4.662622 -4.256371 -0.262821 -0.029120 5.252188 1.170889 1.866308 0.000000 0.000000 0.000000 6.452015 -0.571615 0.848814 -1.944583 2.782427 1.346178 1.593367 -2.362623 -3.136275 -0.000890 -0.158635 0.781378
